view_a,track_id_a,view_b,track_id_b,cosine_similarity,time_gap
view1,1,view2,2,0.9999,0.0
view1,1,view2,18,0.9999,0.0
view1,1,view2,21,0.9999,0.0
view1,1,view2,26,0.9999,0.0
view1,1,view2,27,0.9999,0.0
view1,1,view2,30,0.9999,0.0
view1,1,view2,31,0.9999,0.0
view1,1,view2,33,0.9999,0.0
view1,1,view2,36,0.9999,0.0
view1,1,view2,39,0.9999,0.0
view1,1,view2,41,0.9999,0.0
view1,1,view2,49,0.9999,0.0
view1,1,view2,51,0.9999,0.0
view1,1,view2,62,0.9999,4.68
view1,1,view2,63,0.9999,5.64
view1,1,view2,70,0.9999,8.24
view1,1,view2,71,0.9999,9.0
view1,1,view2,73,0.9999,11.12
view1,1,view2,75,0.9999,12.52
view1,1,view2,76,0.9999,13.72
view1,1,view2,87,0.9999,15.4
view1,1,view2,90,0.9999,16.84
view1,1,view2,91,0.9999,17.28
view1,1,view2,92,0.9999,17.32
view1,1,view2,102,0.9999,22.52
view1,1,view2,116,0.9999,26.48
view1,1,view2,117,0.9999,28.08
view1,1,view2,128,0.9999,31.88
view1,1,view2,143,0.9999,33.68
view1,1,view2,145,0.9999,34.6
view1,1,view2,150,0.9999,34.88
view1,1,view2,151,0.9999,34.96
view1,1,view2,153,0.9999,35.48
view1,1,view2,154,0.9999,35.6
view1,1,view2,155,0.9999,35.92
view1,1,view2,161,0.9999,39.52
view1,1,view2,170,0.9999,44.0
view1,1,view2,176,0.9999,44.6
view1,1,view2,185,0.9999,48.84
view1,1,view2,187,0.9999,49.8
view1,1,view2,194,0.9999,52.48
view1,1,view2,199,0.9999,54.56
view1,1,view2,200,0.9999,54.84
view1,1,view2,202,0.9999,56.24
view1,1,view2,204,0.9999,56.44
view1,1,view2,219,0.9999,59.4
view1,1,view2,223,0.9999,60.44
view1,1,view2,230,0.9999,62.32
view1,1,view2,238,0.9999,63.84
view1,1,view2,247,0.9999,65.68
view1,1,view2,253,0.9999,68.04
view1,1,view2,257,0.9999,69.52
view1,1,view2,262,0.9999,72.12
view1,1,view2,275,0.9999,76.2
view1,1,view2,281,0.9999,77.36
view1,1,view2,286,0.9999,79.64
view1,1,view2,288,0.9999,79.8
view1,1,view2,296,0.9999,83.28
view1,1,view2,299,0.9999,84.32
view1,1,view2,311,0.9999,87.68
view1,1,view2,316,0.9999,91.2
view1,1,view2,324,0.9999,94.2
view1,1,view2,327,0.9999,95.04
view1,1,view2,340,0.9999,98.28
view1,1,view2,347,0.9999,99.96
view1,1,view2,349,0.9999,101.36
view1,1,view2,354,0.9999,102.92
view1,1,view2,355,0.9999,103.32
view1,1,view2,357,0.9999,103.92
view1,1,view2,361,0.9999,104.64
view1,1,view2,365,0.9999,106.64
view1,1,view2,375,0.9999,108.28
view1,1,view2,376,0.9999,108.48
view1,1,view2,379,0.9999,108.88
view1,1,view2,389,0.9999,113.72
view1,1,view2,390,0.9999,114.12
view1,1,view2,391,0.9999,114.48
view1,1,view2,395,0.9999,116.24
view1,1,view2,397,0.9999,118.84
view1,1,view2,400,0.9999,119.68
view1,1,view2,401,0.9999,119.76
view1,1,view3,2,1.0,0.0
view1,1,view3,5,1.0,0.0
view1,1,view3,6,1.0,0.0
view1,1,view3,15,1.0,0.0
view1,1,view3,16,1.0,0.0
view1,1,view3,24,1.0,0.0
view1,1,view3,28,1.0,0.0
view1,1,view3,29,1.0,0.68
view1,1,view3,33,1.0,4.36
view1,1,view3,34,1.0,4.44
view1,1,view3,37,1.0,8.6
view1,1,view3,39,1.0,10.44
view1,1,view3,44,1.0,13.6
view1,1,view3,49,1.0,14.72
view1,1,view3,53,1.0,16.76
view1,1,view3,62,1.0,20.16
view1,1,view3,66,1.0,21.52
view1,1,view3,70,1.0,23.8
view1,1,view3,71,1.0,23.92
view1,1,view3,73,1.0,24.16
view1,1,view3,77,1.0,27.8
view1,1,view3,79,1.0,29.0
view1,1,view3,81,1.0,30.32
view1,1,view3,82,1.0,31.2
view1,1,view3,88,1.0,33.96
view1,1,view3,90,1.0,35.56
view1,1,view3,94,1.0,36.56
view1,1,view3,96,1.0,38.64
view1,1,view3,99,1.0,39.4
view1,1,view3,100,1.0,39.76
view1,1,view3,106,1.0,42.6
view1,1,view3,108,1.0,43.48
view1,1,view3,109,1.0,44.48
view1,1,view3,113,1.0,45.96
view1,1,view3,119,1.0,46.32
view1,1,view3,121,1.0,47.16
view1,1,view3,124,1.0,48.28
view1,1,view3,128,1.0,50.56
view1,1,view3,129,1.0,50.84
view1,1,view3,131,1.0,53.28
view1,1,view3,136,1.0,54.72
view1,1,view3,144,1.0,57.48
view1,1,view3,150,1.0,60.24
view1,1,view3,153,1.0,62.6
view1,1,view3,154,1.0,63.52
view1,1,view3,157,1.0,65.72
view1,1,view3,163,1.0,68.08
view1,1,view3,165,1.0,68.16
view1,1,view3,169,1.0,68.68
view1,1,view3,181,1.0,71.32
view1,1,view3,186,1.0,74.6
view1,1,view3,188,1.0,75.44
view1,1,view3,195,1.0,76.6
view1,1,view3,202,1.0,78.92
view1,1,view3,203,1.0,78.96
view1,1,view3,205,1.0,79.36
view1,1,view3,206,1.0,80.64
view1,1,view3,209,1.0,81.48
view1,1,view3,212,1.0,81.88
view1,1,view3,214,1.0,83.24
view1,1,view3,215,1.0,85.44
view1,1,view3,216,1.0,85.56
view1,1,view3,217,1.0,85.8
view1,1,view3,223,1.0,88.12
view1,1,view3,225,1.0,88.76
view1,1,view3,227,1.0,89.56
view1,1,view3,230,1.0,90.44
view1,1,view3,231,1.0,90.52
view1,1,view3,233,1.0,93.68
view1,1,view3,236,1.0,95.64
view1,1,view3,240,1.0,97.8
view1,1,view3,243,1.0,98.88
view1,1,view3,244,1.0,99.96
view1,1,view3,252,1.0,104.48
view1,1,view3,256,1.0,106.24
view1,1,view3,260,1.0,108.4
view1,1,view3,266,1.0,112.52
view1,1,view3,267,1.0,112.6
view1,1,view3,269,1.0,113.16
view1,1,view3,272,1.0,114.76
view1,1,view3,280,1.0,119.28
view1,1,view3,282,1.0,120.12
view1,2,view2,2,0.9999,0.0
view1,2,view2,18,0.9999,0.0
view1,2,view2,21,0.9999,0.0
view1,2,view2,26,1.0,0.0
view1,2,view2,27,0.9999,0.0
view1,2,view2,30,1.0,0.0
view1,2,view2,31,0.9999,0.0
view1,2,view2,33,0.9999,0.0
view1,2,view2,36,0.9999,0.0
view1,2,view2,39,0.9999,0.0
view1,2,view2,41,0.9999,0.0
view1,2,view2,49,0.9999,0.0
view1,2,view2,51,0.9999,0.0
view1,2,view2,62,0.9999,0.0
view1,2,view2,63,0.9999,0.0
view1,2,view2,70,0.9999,0.0
view1,2,view2,71,0.9999,0.0
view1,2,view2,73,0.9999,1.56
view1,2,view2,75,0.9999,2.96
view1,2,view2,76,0.9999,4.16
view1,2,view2,87,0.9999,5.84
view1,2,view2,90,0.9999,7.28
view1,2,view2,91,0.9999,7.72
view1,2,view2,92,0.9999,7.76
view1,2,view2,102,0.9999,12.96
view1,2,view2,116,0.9999,16.92
view1,2,view2,117,0.9999,18.52
view1,2,view2,128,0.9999,22.32
view1,2,view2,143,0.9999,24.12
view1,2,view2,145,0.9999,25.04
view1,2,view2,150,0.9999,25.32
view1,2,view2,151,0.9999,25.4
view1,2,view2,153,0.9999,25.92
view1,2,view2,154,0.9999,26.04
view1,2,view2,155,0.9999,26.36
view1,2,view2,161,0.9999,29.96
view1,2,view2,170,0.9999,34.44
view1,2,view2,176,0.9999,35.04
view1,2,view2,185,0.9999,39.28
view1,2,view2,187,0.9999,40.24
view1,2,view2,194,0.9999,42.92
view1,2,view2,199,0.9999,45.0
view1,2,view2,200,0.9999,45.28
view1,2,view2,202,0.9999,46.68
view1,2,view2,204,0.9999,46.88
view1,2,view2,219,0.9999,49.84
view1,2,view2,223,0.9999,50.88
view1,2,view2,230,0.9999,52.76
view1,2,view2,238,0.9999,54.28
view1,2,view2,247,0.9999,56.12
view1,2,view2,253,0.9999,58.48
view1,2,view2,257,0.9999,59.96
view1,2,view2,262,0.9999,62.56
view1,2,view2,275,1.0,66.64
view1,2,view2,281,0.9999,67.8
view1,2,view2,286,0.9999,70.08
view1,2,view2,288,0.9999,70.24
view1,2,view2,296,0.9999,73.72
view1,2,view2,299,0.9999,74.76
view1,2,view2,311,0.9999,78.12
view1,2,view2,316,0.9999,81.64
view1,2,view2,324,0.9999,84.64
view1,2,view2,327,1.0,85.48
view1,2,view2,340,0.9999,88.72
view1,2,view2,347,1.0,90.4
view1,2,view2,349,0.9999,91.8
view1,2,view2,354,0.9999,93.36
view1,2,view2,355,0.9999,93.76
view1,2,view2,357,0.9999,94.36
view1,2,view2,361,0.9999,95.08
view1,2,view2,365,0.9999,97.08
view1,2,view2,375,0.9999,98.72
view1,2,view2,376,0.9999,98.92
view1,2,view2,379,0.9999,99.32
view1,2,view2,389,1.0,104.16
view1,2,view2,390,0.9999,104.56
view1,2,view2,391,0.9999,104.92
view1,2,view2,395,0.9999,106.68
view1,2,view2,397,0.9999,109.28
view1,2,view2,400,0.9999,110.12
view1,2,view2,401,0.9999,110.2
view1,2,view3,2,1.0,4.68
view1,2,view3,5,1.0,0.0
view1,2,view3,6,1.0,0.0
view1,2,view3,15,1.0,0.0
view1,2,view3,16,1.0,0.0
view1,2,view3,24,1.0,0.0
view1,2,view3,28,1.0,0.0
view1,2,view3,29,1.0,0.0
view1,2,view3,33,1.0,0.0
view1,2,view3,34,1.0,0.0
view1,2,view3,37,1.0,0.0
view1,2,view3,39,1.0,0.88
view1,2,view3,44,1.0,4.04
view1,2,view3,49,1.0,5.16
view1,2,view3,53,1.0,7.2
view1,2,view3,62,1.0,10.6
view1,2,view3,66,1.0,11.96
view1,2,view3,70,1.0,14.24
view1,2,view3,71,1.0,14.36
view1,2,view3,73,1.0,14.6
view1,2,view3,77,1.0,18.24
view1,2,view3,79,1.0,19.44
view1,2,view3,81,1.0,20.76
view1,2,view3,82,1.0,21.64
view1,2,view3,88,1.0,24.4
view1,2,view3,90,1.0,26.0
view1,2,view3,94,1.0,27.0
view1,2,view3,96,1.0,29.08
view1,2,view3,99,1.0,29.84
view1,2,view3,100,1.0,30.2
view1,2,view3,106,1.0,33.04
view1,2,view3,108,1.0,33.92
view1,2,view3,109,1.0,34.92
view1,2,view3,113,1.0,36.4
view1,2,view3,119,1.0,36.76
view1,2,view3,121,1.0,37.6
view1,2,view3,124,1.0,38.72
view1,2,view3,128,1.0,41.0
view1,2,view3,129,1.0,41.28
view1,2,view3,131,1.0,43.72
view1,2,view3,136,1.0,45.16
view1,2,view3,144,1.0,47.92
view1,2,view3,150,1.0,50.68
view1,2,view3,153,1.0,53.04
view1,2,view3,154,1.0,53.96
view1,2,view3,157,1.0,56.16
view1,2,view3,163,1.0,58.52
view1,2,view3,165,1.0,58.6
view1,2,view3,169,1.0,59.12
view1,2,view3,181,1.0,61.76
view1,2,view3,186,1.0,65.04
view1,2,view3,188,1.0,65.88
view1,2,view3,195,1.0,67.04
view1,2,view3,202,1.0,69.36
view1,2,view3,203,1.0,69.4
view1,2,view3,205,1.0,69.8
view1,2,view3,206,1.0,71.08
view1,2,view3,209,1.0,71.92
view1,2,view3,212,1.0,72.32
view1,2,view3,214,1.0,73.68
view1,2,view3,215,1.0,75.88
view1,2,view3,216,1.0,76.0
view1,2,view3,217,1.0,76.24
view1,2,view3,223,1.0,78.56
view1,2,view3,225,1.0,79.2
view1,2,view3,227,1.0,80.0
view1,2,view3,230,1.0,80.88
view1,2,view3,231,1.0,80.96
view1,2,view3,233,1.0,84.12
view1,2,view3,236,1.0,86.08
view1,2,view3,240,1.0,88.24
view1,2,view3,243,1.0,89.32
view1,2,view3,244,1.0,90.4
view1,2,view3,252,1.0,94.92
view1,2,view3,256,1.0,96.68
view1,2,view3,260,1.0,98.84
view1,2,view3,266,1.0,102.96
view1,2,view3,267,1.0,103.04
view1,2,view3,269,1.0,103.6
view1,2,view3,272,1.0,105.2
view1,2,view3,280,1.0,109.72
view1,2,view3,282,1.0,110.56
view1,13,view2,2,0.9999,2.12
view1,13,view2,18,0.9999,0.0
view1,13,view2,21,0.9999,10.72
view1,13,view2,26,0.9999,5.36
view1,13,view2,27,0.9999,8.16
view1,13,view2,30,0.9999,1.48
view1,13,view2,31,0.9999,0.0
view1,13,view2,33,0.9999,0.0
view1,13,view2,36,0.9999,0.0
view1,13,view2,39,0.9999,0.0
view1,13,view2,41,0.9999,0.0
view1,13,view2,49,0.9999,0.0
view1,13,view2,51,0.9999,0.0
view1,13,view2,62,0.9999,0.0
view1,13,view2,63,0.9999,0.0
view1,13,view2,70,0.9999,0.0
view1,13,view2,71,0.9999,0.0
view1,13,view2,73,0.9999,0.0
view1,13,view2,75,0.9999,0.0
view1,13,view2,76,0.9999,0.0
view1,13,view2,87,0.9999,0.0
view1,13,view2,90,0.9999,0.0
view1,13,view2,91,0.9999,0.0
view1,13,view2,92,0.9999,0.0
view1,13,view2,102,0.9999,4.84
view1,13,view2,116,0.9999,8.8
view1,13,view2,117,0.9999,10.4
view1,13,view2,128,0.9999,14.2
view1,13,view2,143,0.9999,16.0
view1,13,view2,145,0.9999,16.92
view1,13,view2,150,0.9999,17.2
view1,13,view2,151,0.9999,17.28
view1,13,view2,153,0.9999,17.8
view1,13,view2,154,0.9999,17.92
view1,13,view2,155,0.9999,18.24
view1,13,view2,161,0.9999,21.84
view1,13,view2,170,0.9999,26.32
view1,13,view2,176,0.9999,26.92
view1,13,view2,185,0.9999,31.16
view1,13,view2,187,0.9999,32.12
view1,13,view2,194,0.9999,34.8
view1,13,view2,199,0.9999,36.88
view1,13,view2,200,0.9999,37.16
view1,13,view2,202,0.9999,38.56
view1,13,view2,204,0.9999,38.76
view1,13,view2,219,0.9999,41.72
view1,13,view2,223,0.9999,42.76
view1,13,view2,230,0.9999,44.64
view1,13,view2,238,0.9999,46.16
view1,13,view2,247,0.9999,48.0
view1,13,view2,253,0.9999,50.36
view1,13,view2,257,0.9999,51.84
view1,13,view2,262,0.9999,54.44
view1,13,view2,275,0.9999,58.52
view1,13,view2,281,0.9999,59.68
view1,13,view2,286,0.9999,61.96
view1,13,view2,288,0.9999,62.12
view1,13,view2,296,0.9999,65.6
view1,13,view2,299,0.9999,66.64
view1,13,view2,311,0.9999,70.0
view1,13,view2,316,0.9999,73.52
view1,13,view2,324,0.9999,76.52
view1,13,view2,327,0.9999,77.36
view1,13,view2,340,0.9999,80.6
view1,13,view2,347,0.9999,82.28
view1,13,view2,349,0.9999,83.68
view1,13,view2,354,0.9999,85.24
view1,13,view2,355,0.9999,85.64
view1,13,view2,357,0.9999,86.24
view1,13,view2,361,0.9999,86.96
view1,13,view2,365,0.9999,88.96
view1,13,view2,375,0.9999,90.6
view1,13,view2,376,0.9999,90.8
view1,13,view2,379,0.9999,91.2
view1,13,view2,389,0.9999,96.04
view1,13,view2,390,0.9999,96.44
view1,13,view2,391,0.9999,96.8
view1,13,view2,395,0.9999,98.56
view1,13,view2,397,0.9999,101.16
view1,13,view2,400,0.9999,102.0
view1,13,view2,401,0.9999,102.08
view1,13,view3,2,1.0,18.28
view1,13,view3,5,1.0,0.0
view1,13,view3,6,1.0,0.0
view1,13,view3,15,1.0,0.52
view1,13,view3,16,1.0,0.0
view1,13,view3,24,1.0,0.0
view1,13,view3,28,1.0,0.0
view1,13,view3,29,1.0,0.0
view1,13,view3,33,1.0,0.0
view1,13,view3,34,1.0,0.0
view1,13,view3,37,1.0,0.0
view1,13,view3,39,1.0,0.0
view1,13,view3,44,1.0,0.0
view1,13,view3,49,1.0,0.0
view1,13,view3,53,1.0,0.0
view1,13,view3,62,1.0,2.48
view1,13,view3,66,1.0,3.84
view1,13,view3,70,1.0,6.12
view1,13,view3,71,1.0,6.24
view1,13,view3,73,1.0,6.48
view1,13,view3,77,1.0,10.12
view1,13,view3,79,1.0,11.32
view1,13,view3,81,1.0,12.64
view1,13,view3,82,1.0,13.52
view1,13,view3,88,1.0,16.28
view1,13,view3,90,1.0,17.88
view1,13,view3,94,1.0,18.88
view1,13,view3,96,1.0,20.96
view1,13,view3,99,1.0,21.72
view1,13,view3,100,1.0,22.08
view1,13,view3,106,1.0,24.92
view1,13,view3,108,1.0,25.8
view1,13,view3,109,1.0,26.8
view1,13,view3,113,1.0,28.28
view1,13,view3,119,1.0,28.64
view1,13,view3,121,1.0,29.48
view1,13,view3,124,1.0,30.6
view1,13,view3,128,1.0,32.88
view1,13,view3,129,1.0,33.16
view1,13,view3,131,1.0,35.6
view1,13,view3,136,1.0,37.04
view1,13,view3,144,1.0,39.8
view1,13,view3,150,1.0,42.56
view1,13,view3,153,1.0,44.92
view1,13,view3,154,1.0,45.84
view1,13,view3,157,1.0,48.04
view1,13,view3,163,1.0,50.4
view1,13,view3,165,1.0,50.48
view1,13,view3,169,1.0,51.0
view1,13,view3,181,1.0,53.64
view1,13,view3,186,1.0,56.92
view1,13,view3,188,1.0,57.76
view1,13,view3,195,1.0,58.92
view1,13,view3,202,1.0,61.24
view1,13,view3,203,1.0,61.28
view1,13,view3,205,1.0,61.68
view1,13,view3,206,1.0,62.96
view1,13,view3,209,1.0,63.8
view1,13,view3,212,1.0,64.2
view1,13,view3,214,1.0,65.56
view1,13,view3,215,1.0,67.76
view1,13,view3,216,1.0,67.88
view1,13,view3,217,1.0,68.12
view1,13,view3,223,1.0,70.44
view1,13,view3,225,1.0,71.08
view1,13,view3,227,1.0,71.88
view1,13,view3,230,1.0,72.76
view1,13,view3,231,1.0,72.84
view1,13,view3,233,1.0,76.0
view1,13,view3,236,1.0,77.96
view1,13,view3,240,1.0,80.12
view1,13,view3,243,1.0,81.2
view1,13,view3,244,1.0,82.28
view1,13,view3,252,1.0,86.8
view1,13,view3,256,1.0,88.56
view1,13,view3,260,1.0,90.72
view1,13,view3,266,1.0,94.84
view1,13,view3,267,1.0,94.92
view1,13,view3,269,1.0,95.48
view1,13,view3,272,1.0,97.08
view1,13,view3,280,1.0,101.6
view1,13,view3,282,1.0,102.44
view1,16,view2,2,0.9999,3.2
view1,16,view2,18,0.9999,0.0
view1,16,view2,21,0.9999,11.8
view1,16,view2,26,0.9999,6.44
view1,16,view2,27,0.9999,9.24
view1,16,view2,30,0.9999,2.56
view1,16,view2,31,0.9999,0.0
view1,16,view2,33,0.9999,0.0
view1,16,view2,36,0.9999,0.0
view1,16,view2,39,0.9999,1.72
view1,16,view2,41,0.9999,2.6
view1,16,view2,49,0.9999,5.4
view1,16,view2,51,0.9999,5.88
view1,16,view2,62,0.9999,10.68
view1,16,view2,63,0.9999,11.64
view1,16,view2,70,0.9999,14.24
view1,16,view2,71,0.9999,15.0
view1,16,view2,73,0.9999,17.12
view1,16,view2,75,0.9999,18.52
view1,16,view2,76,0.9999,19.72
view1,16,view2,87,0.9999,21.4
view1,16,view2,90,0.9999,22.84
view1,16,view2,91,0.9999,23.28
view1,16,view2,92,0.9999,23.32
view1,16,view2,102,0.9999,28.52
view1,16,view2,116,0.9999,32.48
view1,16,view2,117,0.9999,34.08
view1,16,view2,128,0.9999,37.88
view1,16,view2,143,0.9999,39.68
view1,16,view2,145,0.9999,40.6
view1,16,view2,150,0.9999,40.88
view1,16,view2,151,0.9999,40.96
view1,16,view2,153,0.9999,41.48
view1,16,view2,154,0.9999,41.6
view1,16,view2,155,0.9999,41.92
view1,16,view2,161,0.9999,45.52
view1,16,view2,170,0.9999,50.0
view1,16,view2,176,0.9999,50.6
view1,16,view2,185,0.9999,54.84
view1,16,view2,187,0.9999,55.8
view1,16,view2,194,0.9999,58.48
view1,16,view2,199,0.9999,60.56
view1,16,view2,200,0.9999,60.84
view1,16,view2,202,0.9999,62.24
view1,16,view2,204,0.9999,62.44
view1,16,view2,219,0.9999,65.4
view1,16,view2,223,0.9999,66.44
view1,16,view2,230,0.9999,68.32
view1,16,view2,238,0.9999,69.84
view1,16,view2,247,0.9999,71.68
view1,16,view2,253,0.9999,74.04
view1,16,view2,257,0.9999,75.52
view1,16,view2,262,0.9999,78.12
view1,16,view2,275,0.9999,82.2
view1,16,view2,281,0.9999,83.36
view1,16,view2,286,0.9999,85.64
view1,16,view2,288,0.9999,85.8
view1,16,view2,296,0.9999,89.28
view1,16,view2,299,0.9999,90.32
view1,16,view2,311,0.9999,93.68
view1,16,view2,316,0.9999,97.2
view1,16,view2,324,0.9999,100.2
view1,16,view2,327,0.9999,101.04
view1,16,view2,340,0.9999,104.28
view1,16,view2,347,0.9999,105.96
view1,16,view2,349,0.9999,107.36
view1,16,view2,354,0.9999,108.92
view1,16,view2,355,0.9999,109.32
view1,16,view2,357,0.9999,109.92
view1,16,view2,361,0.9999,110.64
view1,16,view2,365,0.9999,112.64
view1,16,view2,375,0.9999,114.28
view1,16,view2,376,0.9999,114.48
view1,16,view2,379,0.9999,114.88
view1,16,view2,389,0.9999,119.72
view1,16,view2,390,0.9999,120.12
view1,16,view2,391,0.9999,120.48
view1,16,view2,395,0.9999,122.24
view1,16,view2,397,0.9999,124.84
view1,16,view2,400,0.9999,125.68
view1,16,view2,401,0.9999,125.76
view1,16,view3,2,1.0,19.36
view1,16,view3,5,1.0,0.0
view1,16,view3,6,1.0,0.0
view1,16,view3,15,1.0,1.6
view1,16,view3,16,1.0,0.0
view1,16,view3,24,1.0,3.44
view1,16,view3,28,1.0,4.76
view1,16,view3,29,1.0,6.68
view1,16,view3,33,1.0,10.36
view1,16,view3,34,1.0,10.44
view1,16,view3,37,1.0,14.6
view1,16,view3,39,1.0,16.44
view1,16,view3,44,1.0,19.6
view1,16,view3,49,1.0,20.72
view1,16,view3,53,1.0,22.76
view1,16,view3,62,1.0,26.16
view1,16,view3,66,1.0,27.52
view1,16,view3,70,1.0,29.8
view1,16,view3,71,1.0,29.92
view1,16,view3,73,1.0,30.16
view1,16,view3,77,1.0,33.8
view1,16,view3,79,1.0,35.0
view1,16,view3,81,1.0,36.32
view1,16,view3,82,1.0,37.2
view1,16,view3,88,1.0,39.96
view1,16,view3,90,1.0,41.56
view1,16,view3,94,1.0,42.56
view1,16,view3,96,1.0,44.64
view1,16,view3,99,1.0,45.4
view1,16,view3,100,1.0,45.76
view1,16,view3,106,1.0,48.6
view1,16,view3,108,1.0,49.48
view1,16,view3,109,1.0,50.48
view1,16,view3,113,1.0,51.96
view1,16,view3,119,1.0,52.32
view1,16,view3,121,1.0,53.16
view1,16,view3,124,1.0,54.28
view1,16,view3,128,1.0,56.56
view1,16,view3,129,1.0,56.84
view1,16,view3,131,1.0,59.28
view1,16,view3,136,1.0,60.72
view1,16,view3,144,1.0,63.48
view1,16,view3,150,1.0,66.24
view1,16,view3,153,1.0,68.6
view1,16,view3,154,1.0,69.52
view1,16,view3,157,1.0,71.72
view1,16,view3,163,1.0,74.08
view1,16,view3,165,1.0,74.16
view1,16,view3,169,1.0,74.68
view1,16,view3,181,1.0,77.32
view1,16,view3,186,1.0,80.6
view1,16,view3,188,1.0,81.44
view1,16,view3,195,1.0,82.6
view1,16,view3,202,1.0,84.92
view1,16,view3,203,1.0,84.96
view1,16,view3,205,1.0,85.36
view1,16,view3,206,1.0,86.64
view1,16,view3,209,1.0,87.48
view1,16,view3,212,1.0,87.88
view1,16,view3,214,1.0,89.24
view1,16,view3,215,1.0,91.44
view1,16,view3,216,1.0,91.56
view1,16,view3,217,1.0,91.8
view1,16,view3,223,1.0,94.12
view1,16,view3,225,1.0,94.76
view1,16,view3,227,1.0,95.56
view1,16,view3,230,1.0,96.44
view1,16,view3,231,1.0,96.52
view1,16,view3,233,1.0,99.68
view1,16,view3,236,1.0,101.64
view1,16,view3,240,1.0,103.8
view1,16,view3,243,1.0,104.88
view1,16,view3,244,1.0,105.96
view1,16,view3,252,1.0,110.48
view1,16,view3,256,1.0,112.24
view1,16,view3,260,1.0,114.4
view1,16,view3,266,1.0,118.52
view1,16,view3,267,1.0,118.6
view1,16,view3,269,1.0,119.16
view1,16,view3,272,1.0,120.76
view1,16,view3,280,1.0,125.28
view1,16,view3,282,1.0,126.12
view1,32,view2,2,0.9999,9.64
view1,32,view2,18,0.9999,0.0
view1,32,view2,21,0.9999,18.24
view1,32,view2,26,0.9999,12.88
view1,32,view2,27,0.9999,15.68
view1,32,view2,30,0.9999,9.0
view1,32,view2,31,0.9999,0.8
view1,32,view2,33,0.9999,5.16
view1,32,view2,36,0.9999,5.96
view1,32,view2,39,0.9999,0.0
view1,32,view2,41,0.9999,3.68
view1,32,view2,49,0.9999,0.68
view1,32,view2,51,0.9999,0.0
view1,32,view2,62,0.9999,0.0
view1,32,view2,63,0.9999,0.0
view1,32,view2,70,0.9999,0.0
view1,32,view2,71,0.9999,0.0
view1,32,view2,73,0.9999,0.0
view1,32,view2,75,0.9999,0.0
view1,32,view2,76,0.9999,0.0
view1,32,view2,87,0.9999,0.0
view1,32,view2,90,0.9999,0.0
view1,32,view2,91,0.9999,0.0
view1,32,view2,92,0.9999,0.0
view1,32,view2,102,0.9999,0.0
view1,32,view2,116,0.9999,0.0
view1,32,view2,117,0.9999,0.0
view1,32,view2,128,0.9999,3.64
view1,32,view2,143,0.9999,5.44
view1,32,view2,145,0.9999,6.36
view1,32,view2,150,0.9999,6.64
view1,32,view2,151,0.9999,6.72
view1,32,view2,153,0.9999,7.24
view1,32,view2,154,0.9999,7.36
view1,32,view2,155,0.9999,7.68
view1,32,view2,161,0.9999,11.28
view1,32,view2,170,0.9999,15.76
view1,32,view2,176,0.9999,16.36
view1,32,view2,185,0.9999,20.6
view1,32,view2,187,0.9999,21.56
view1,32,view2,194,0.9999,24.24
view1,32,view2,199,0.9999,26.32
view1,32,view2,200,0.9999,26.6
view1,32,view2,202,0.9999,28.0
view1,32,view2,204,0.9999,28.2
view1,32,view2,219,0.9999,31.16
view1,32,view2,223,0.9999,32.2
view1,32,view2,230,0.9999,34.08
view1,32,view2,238,0.9999,35.6
view1,32,view2,247,0.9999,37.44
view1,32,view2,253,0.9999,39.8
view1,32,view2,257,0.9999,41.28
view1,32,view2,262,0.9999,43.88
view1,32,view2,275,0.9999,47.96
view1,32,view2,281,0.9999,49.12
view1,32,view2,286,0.9999,51.4
view1,32,view2,288,0.9999,51.56
view1,32,view2,296,0.9999,55.04
view1,32,view2,299,0.9999,56.08
view1,32,view2,311,0.9999,59.44
view1,32,view2,316,0.9999,62.96
view1,32,view2,324,0.9999,65.96
view1,32,view2,327,0.9999,66.8
view1,32,view2,340,0.9999,70.04
view1,32,view2,347,0.9999,71.72
view1,32,view2,349,0.9999,73.12
view1,32,view2,354,0.9999,74.68
view1,32,view2,355,0.9999,75.08
view1,32,view2,357,0.9999,75.68
view1,32,view2,361,0.9999,76.4
view1,32,view2,365,0.9999,78.4
view1,32,view2,375,0.9999,80.04
view1,32,view2,376,0.9999,80.24
view1,32,view2,379,0.9999,80.64
view1,32,view2,389,0.9999,85.48
view1,32,view2,390,0.9999,85.88
view1,32,view2,391,0.9999,86.24
view1,32,view2,395,0.9999,88.0
view1,32,view2,397,0.9999,90.6
view1,32,view2,400,0.9999,91.44
view1,32,view2,401,0.9999,91.52
view1,32,view3,2,1.0,25.8
view1,32,view3,5,1.0,3.36
view1,32,view3,6,1.0,2.12
view1,32,view3,15,1.0,8.04
view1,32,view3,16,1.0,3.68
view1,32,view3,24,1.0,0.0
view1,32,view3,28,1.0,0.0
view1,32,view3,29,1.0,0.0
view1,32,view3,33,1.0,0.0
view1,32,view3,34,1.0,0.0
view1,32,view3,37,1.0,0.0
view1,32,view3,39,1.0,0.0
view1,32,view3,44,1.0,0.0
view1,32,view3,49,1.0,0.0
view1,32,view3,53,1.0,0.0
view1,32,view3,62,1.0,0.0
view1,32,view3,66,1.0,0.0
view1,32,view3,70,1.0,0.0
view1,32,view3,71,1.0,0.0
view1,32,view3,73,1.0,0.0
view1,32,view3,77,1.0,0.0
view1,32,view3,79,1.0,0.76
view1,32,view3,81,1.0,2.08
view1,32,view3,82,1.0,2.96
view1,32,view3,88,1.0,5.72
view1,32,view3,90,1.0,7.32
view1,32,view3,94,1.0,8.32
view1,32,view3,96,1.0,10.4
view1,32,view3,99,1.0,11.16
view1,32,view3,100,1.0,11.52
view1,32,view3,106,1.0,14.36
view1,32,view3,108,1.0,15.24
view1,32,view3,109,1.0,16.24
view1,32,view3,113,1.0,17.72
view1,32,view3,119,1.0,18.08
view1,32,view3,121,1.0,18.92
view1,32,view3,124,1.0,20.04
view1,32,view3,128,1.0,22.32
view1,32,view3,129,1.0,22.6
view1,32,view3,131,1.0,25.04
view1,32,view3,136,1.0,26.48
view1,32,view3,144,1.0,29.24
view1,32,view3,150,1.0,32.0
view1,32,view3,153,1.0,34.36
view1,32,view3,154,1.0,35.28
view1,32,view3,157,1.0,37.48
view1,32,view3,163,1.0,39.84
view1,32,view3,165,1.0,39.92
view1,32,view3,169,1.0,40.44
view1,32,view3,181,1.0,43.08
view1,32,view3,186,1.0,46.36
view1,32,view3,188,1.0,47.2
view1,32,view3,195,1.0,48.36
view1,32,view3,202,1.0,50.68
view1,32,view3,203,1.0,50.72
view1,32,view3,205,1.0,51.12
view1,32,view3,206,1.0,52.4
view1,32,view3,209,1.0,53.24
view1,32,view3,212,1.0,53.64
view1,32,view3,214,1.0,55.0
view1,32,view3,215,1.0,57.2
view1,32,view3,216,1.0,57.32
view1,32,view3,217,1.0,57.56
view1,32,view3,223,1.0,59.88
view1,32,view3,225,1.0,60.52
view1,32,view3,227,1.0,61.32
view1,32,view3,230,1.0,62.2
view1,32,view3,231,1.0,62.28
view1,32,view3,233,1.0,65.44
view1,32,view3,236,1.0,67.4
view1,32,view3,240,1.0,69.56
view1,32,view3,243,1.0,70.64
view1,32,view3,244,1.0,71.72
view1,32,view3,252,1.0,76.24
view1,32,view3,256,1.0,78.0
view1,32,view3,260,1.0,80.16
view1,32,view3,266,1.0,84.28
view1,32,view3,267,1.0,84.36
view1,32,view3,269,1.0,84.92
view1,32,view3,272,1.0,86.52
view1,32,view3,280,1.0,91.04
view1,32,view3,282,1.0,91.88
view1,39,view2,2,0.9999,20.2
view1,39,view2,18,0.9999,0.0
view1,39,view2,21,1.0,28.8
view1,39,view2,26,1.0,23.44
view1,39,view2,27,0.9999,26.24
view1,39,view2,30,1.0,19.56
view1,39,view2,31,0.9999,11.36
view1,39,view2,33,0.9999,15.72
view1,39,view2,36,1.0,16.52
view1,39,view2,39,0.9999,0.0
view1,39,view2,41,0.9999,14.24
view1,39,view2,49,1.0,11.24
view1,39,view2,51,0.9999,6.04
view1,39,view2,62,1.0,5.16
view1,39,view2,63,0.9999,2.4
view1,39,view2,70,1.0,2.04
view1,39,view2,71,0.9999,0.0
view1,39,view2,73,0.9999,0.0
view1,39,view2,75,0.9999,0.0
view1,39,view2,76,1.0,0.0
view1,39,view2,87,0.9999,0.0
view1,39,view2,90,0.9999,0.72
view1,39,view2,91,0.9999,1.16
view1,39,view2,92,1.0,1.2
view1,39,view2,102,1.0,6.4
view1,39,view2,116,0.9999,10.36
view1,39,view2,117,1.0,11.96
view1,39,view2,128,1.0,15.76
view1,39,view2,143,0.9999,17.56
view1,39,view2,145,0.9999,18.48
view1,39,view2,150,0.9999,18.76
view1,39,view2,151,0.9999,18.84
view1,39,view2,153,1.0,19.36
view1,39,view2,154,0.9999,19.48
view1,39,view2,155,0.9999,19.8
view1,39,view2,161,0.9999,23.4
view1,39,view2,170,1.0,27.88
view1,39,view2,176,0.9999,28.48
view1,39,view2,185,0.9999,32.72
view1,39,view2,187,1.0,33.68
view1,39,view2,194,0.9999,36.36
view1,39,view2,199,0.9999,38.44
view1,39,view2,200,0.9999,38.72
view1,39,view2,202,0.9999,40.12
view1,39,view2,204,0.9999,40.32
view1,39,view2,219,1.0,43.28
view1,39,view2,223,0.9999,44.32
view1,39,view2,230,1.0,46.2
view1,39,view2,238,0.9999,47.72
view1,39,view2,247,0.9999,49.56
view1,39,view2,253,0.9999,51.92
view1,39,view2,257,0.9999,53.4
view1,39,view2,262,0.9999,56.0
view1,39,view2,275,1.0,60.08
view1,39,view2,281,0.9999,61.24
view1,39,view2,286,1.0,63.52
view1,39,view2,288,0.9999,63.68
view1,39,view2,296,0.9999,67.16
view1,39,view2,299,0.9999,68.2
view1,39,view2,311,0.9999,71.56
view1,39,view2,316,1.0,75.08
view1,39,view2,324,0.9999,78.08
view1,39,view2,327,1.0,78.92
view1,39,view2,340,0.9999,82.16
view1,39,view2,347,1.0,83.84
view1,39,view2,349,0.9999,85.24
view1,39,view2,354,0.9999,86.8
view1,39,view2,355,0.9999,87.2
view1,39,view2,357,1.0,87.8
view1,39,view2,361,0.9999,88.52
view1,39,view2,365,0.9999,90.52
view1,39,view2,375,0.9999,92.16
view1,39,view2,376,0.9999,92.36
view1,39,view2,379,0.9999,92.76
view1,39,view2,389,1.0,97.6
view1,39,view2,390,0.9999,98.0
view1,39,view2,391,0.9999,98.36
view1,39,view2,395,1.0,100.12
view1,39,view2,397,0.9999,102.72
view1,39,view2,400,0.9999,103.56
view1,39,view2,401,0.9999,103.64
view1,39,view3,2,1.0,36.36
view1,39,view3,5,1.0,13.92
view1,39,view3,6,1.0,12.68
view1,39,view3,15,1.0,18.6
view1,39,view3,16,1.0,14.24
view1,39,view3,24,1.0,8.24
view1,39,view3,28,1.0,0.0
view1,39,view3,29,1.0,1.84
view1,39,view3,33,1.0,0.0
view1,39,view3,34,1.0,6.24
view1,39,view3,37,1.0,0.0
view1,39,view3,39,1.0,0.0
view1,39,view3,44,1.0,0.0
view1,39,view3,49,1.0,0.0
view1,39,view3,53,1.0,0.64
view1,39,view3,62,1.0,4.04
view1,39,view3,66,1.0,5.4
view1,39,view3,70,1.0,7.68
view1,39,view3,71,1.0,7.8
view1,39,view3,73,1.0,8.04
view1,39,view3,77,1.0,11.68
view1,39,view3,79,1.0,12.88
view1,39,view3,81,1.0,14.2
view1,39,view3,82,1.0,15.08
view1,39,view3,88,1.0,17.84
view1,39,view3,90,1.0,19.44
view1,39,view3,94,1.0,20.44
view1,39,view3,96,1.0,22.52
view1,39,view3,99,1.0,23.28
view1,39,view3,100,1.0,23.64
view1,39,view3,106,1.0,26.48
view1,39,view3,108,1.0,27.36
view1,39,view3,109,1.0,28.36
view1,39,view3,113,1.0,29.84
view1,39,view3,119,1.0,30.2
view1,39,view3,121,1.0,31.04
view1,39,view3,124,1.0,32.16
view1,39,view3,128,1.0,34.44
view1,39,view3,129,1.0,34.72
view1,39,view3,131,1.0,37.16
view1,39,view3,136,1.0,38.6
view1,39,view3,144,1.0,41.36
view1,39,view3,150,1.0,44.12
view1,39,view3,153,1.0,46.48
view1,39,view3,154,1.0,47.4
view1,39,view3,157,1.0,49.6
view1,39,view3,163,1.0,51.96
view1,39,view3,165,1.0,52.04
view1,39,view3,169,1.0,52.56
view1,39,view3,181,1.0,55.2
view1,39,view3,186,1.0,58.48
view1,39,view3,188,1.0,59.32
view1,39,view3,195,1.0,60.48
view1,39,view3,202,1.0,62.8
view1,39,view3,203,1.0,62.84
view1,39,view3,205,1.0,63.24
view1,39,view3,206,1.0,64.52
view1,39,view3,209,1.0,65.36
view1,39,view3,212,1.0,65.76
view1,39,view3,214,1.0,67.12
view1,39,view3,215,1.0,69.32
view1,39,view3,216,1.0,69.44
view1,39,view3,217,1.0,69.68
view1,39,view3,223,1.0,72.0
view1,39,view3,225,1.0,72.64
view1,39,view3,227,1.0,73.44
view1,39,view3,230,1.0,74.32
view1,39,view3,231,1.0,74.4
view1,39,view3,233,1.0,77.56
view1,39,view3,236,1.0,79.52
view1,39,view3,240,1.0,81.68
view1,39,view3,243,1.0,82.76
view1,39,view3,244,1.0,83.84
view1,39,view3,252,1.0,88.36
view1,39,view3,256,1.0,90.12
view1,39,view3,260,1.0,92.28
view1,39,view3,266,1.0,96.4
view1,39,view3,267,1.0,96.48
view1,39,view3,269,1.0,97.04
view1,39,view3,272,1.0,98.64
view1,39,view3,280,1.0,103.16
view1,39,view3,282,1.0,104.0
view1,40,view2,2,0.9999,20.56
view1,40,view2,18,0.9999,0.0
view1,40,view2,21,1.0,29.16
view1,40,view2,26,1.0,23.8
view1,40,view2,27,0.9999,26.6
view1,40,view2,30,1.0,19.92
view1,40,view2,31,0.9999,11.72
view1,40,view2,33,0.9999,16.08
view1,40,view2,36,1.0,16.88
view1,40,view2,39,0.9999,0.28
view1,40,view2,41,0.9999,14.6
view1,40,view2,49,0.9999,11.6
view1,40,view2,51,0.9999,6.4
view1,40,view2,62,0.9999,5.52
view1,40,view2,63,0.9999,2.76
view1,40,view2,70,0.9999,2.4
view1,40,view2,71,0.9999,0.0
view1,40,view2,73,0.9999,0.0
view1,40,view2,75,0.9999,0.0
view1,40,view2,76,1.0,0.48
view1,40,view2,87,0.9999,2.16
view1,40,view2,90,0.9999,3.6
view1,40,view2,91,0.9999,4.04
view1,40,view2,92,1.0,4.08
view1,40,view2,102,1.0,9.28
view1,40,view2,116,0.9999,13.24
view1,40,view2,117,1.0,14.84
view1,40,view2,128,1.0,18.64
view1,40,view2,143,0.9999,20.44
view1,40,view2,145,0.9999,21.36
view1,40,view2,150,0.9999,21.64
view1,40,view2,151,0.9999,21.72
view1,40,view2,153,1.0,22.24
view1,40,view2,154,0.9999,22.36
view1,40,view2,155,0.9999,22.68
view1,40,view2,161,0.9999,26.28
view1,40,view2,170,1.0,30.76
view1,40,view2,176,0.9999,31.36
view1,40,view2,185,0.9999,35.6
view1,40,view2,187,1.0,36.56
view1,40,view2,194,0.9999,39.24
view1,40,view2,199,0.9999,41.32
view1,40,view2,200,0.9999,41.6
view1,40,view2,202,0.9999,43.0
view1,40,view2,204,0.9999,43.2
view1,40,view2,219,0.9999,46.16
view1,40,view2,223,0.9999,47.2
view1,40,view2,230,1.0,49.08
view1,40,view2,238,0.9999,50.6
view1,40,view2,247,0.9999,52.44
view1,40,view2,253,0.9999,54.8
view1,40,view2,257,0.9999,56.28
view1,40,view2,262,0.9999,58.88
view1,40,view2,275,1.0,62.96
view1,40,view2,281,0.9999,64.12
view1,40,view2,286,0.9999,66.4
view1,40,view2,288,0.9999,66.56
view1,40,view2,296,0.9999,70.04
view1,40,view2,299,0.9999,71.08
view1,40,view2,311,0.9999,74.44
view1,40,view2,316,0.9999,77.96
view1,40,view2,324,0.9999,80.96
view1,40,view2,327,1.0,81.8
view1,40,view2,340,0.9999,85.04
view1,40,view2,347,1.0,86.72
view1,40,view2,349,0.9999,88.12
view1,40,view2,354,0.9999,89.68
view1,40,view2,355,0.9999,90.08
view1,40,view2,357,0.9999,90.68
view1,40,view2,361,0.9999,91.4
view1,40,view2,365,0.9999,93.4
view1,40,view2,375,0.9999,95.04
view1,40,view2,376,0.9999,95.24
view1,40,view2,379,0.9999,95.64
view1,40,view2,389,1.0,100.48
view1,40,view2,390,0.9999,100.88
view1,40,view2,391,0.9999,101.24
view1,40,view2,395,0.9999,103.0
view1,40,view2,397,0.9999,105.6
view1,40,view2,400,0.9999,106.44
view1,40,view2,401,0.9999,106.52
view1,40,view3,2,1.0,36.72
view1,40,view3,5,1.0,14.28
view1,40,view3,6,1.0,13.04
view1,40,view3,15,1.0,18.96
view1,40,view3,16,1.0,14.6
view1,40,view3,24,1.0,8.6
view1,40,view3,28,1.0,0.0
view1,40,view3,29,1.0,2.2
view1,40,view3,33,1.0,0.0
view1,40,view3,34,1.0,6.6
view1,40,view3,37,1.0,0.0
view1,40,view3,39,1.0,0.0
view1,40,view3,44,1.0,0.36
view1,40,view3,49,1.0,1.48
view1,40,view3,53,1.0,3.52
view1,40,view3,62,1.0,6.92
view1,40,view3,66,1.0,8.28
view1,40,view3,70,1.0,10.56
view1,40,view3,71,1.0,10.68
view1,40,view3,73,1.0,10.92
view1,40,view3,77,1.0,14.56
view1,40,view3,79,1.0,15.76
view1,40,view3,81,1.0,17.08
view1,40,view3,82,1.0,17.96
view1,40,view3,88,1.0,20.72
view1,40,view3,90,1.0,22.32
view1,40,view3,94,1.0,23.32
view1,40,view3,96,1.0,25.4
view1,40,view3,99,1.0,26.16
view1,40,view3,100,1.0,26.52
view1,40,view3,106,1.0,29.36
view1,40,view3,108,1.0,30.24
view1,40,view3,109,1.0,31.24
view1,40,view3,113,1.0,32.72
view1,40,view3,119,1.0,33.08
view1,40,view3,121,1.0,33.92
view1,40,view3,124,1.0,35.04
view1,40,view3,128,1.0,37.32
view1,40,view3,129,1.0,37.6
view1,40,view3,131,1.0,40.04
view1,40,view3,136,1.0,41.48
view1,40,view3,144,1.0,44.24
view1,40,view3,150,1.0,47.0
view1,40,view3,153,1.0,49.36
view1,40,view3,154,1.0,50.28
view1,40,view3,157,1.0,52.48
view1,40,view3,163,1.0,54.84
view1,40,view3,165,1.0,54.92
view1,40,view3,169,1.0,55.44
view1,40,view3,181,1.0,58.08
view1,40,view3,186,1.0,61.36
view1,40,view3,188,1.0,62.2
view1,40,view3,195,1.0,63.36
view1,40,view3,202,1.0,65.68
view1,40,view3,203,1.0,65.72
view1,40,view3,205,1.0,66.12
view1,40,view3,206,1.0,67.4
view1,40,view3,209,1.0,68.24
view1,40,view3,212,1.0,68.64
view1,40,view3,214,1.0,70.0
view1,40,view3,215,1.0,72.2
view1,40,view3,216,1.0,72.32
view1,40,view3,217,1.0,72.56
view1,40,view3,223,1.0,74.88
view1,40,view3,225,1.0,75.52
view1,40,view3,227,1.0,76.32
view1,40,view3,230,1.0,77.2
view1,40,view3,231,1.0,77.28
view1,40,view3,233,1.0,80.44
view1,40,view3,236,1.0,82.4
view1,40,view3,240,1.0,84.56
view1,40,view3,243,1.0,85.64
view1,40,view3,244,1.0,86.72
view1,40,view3,252,1.0,91.24
view1,40,view3,256,1.0,93.0
view1,40,view3,260,1.0,95.16
view1,40,view3,266,1.0,99.28
view1,40,view3,267,1.0,99.36
view1,40,view3,269,1.0,99.92
view1,40,view3,272,1.0,101.52
view1,40,view3,280,1.0,106.04
view1,40,view3,282,1.0,106.88
view1,45,view2,2,0.9999,22.88
view1,45,view2,18,0.9999,0.0
view1,45,view2,21,1.0,31.48
view1,45,view2,26,1.0,26.12
view1,45,view2,27,0.9999,28.92
view1,45,view2,30,1.0,22.24
view1,45,view2,31,0.9999,14.04
view1,45,view2,33,0.9999,18.4
view1,45,view2,36,1.0,19.2
view1,45,view2,39,0.9999,2.6
view1,45,view2,41,0.9999,16.92
view1,45,view2,49,1.0,13.92
view1,45,view2,51,0.9999,8.72
view1,45,view2,62,1.0,7.84
view1,45,view2,63,0.9999,5.08
view1,45,view2,70,0.9999,4.72
view1,45,view2,71,0.9999,0.0
view1,45,view2,73,0.9999,0.0
view1,45,view2,75,0.9999,0.32
view1,45,view2,76,1.0,0.0
view1,45,view2,87,0.9999,0.0
view1,45,view2,90,0.9999,0.0
view1,45,view2,91,0.9999,0.0
view1,45,view2,92,1.0,0.0
view1,45,view2,102,1.0,0.0
view1,45,view2,116,0.9999,0.0
view1,45,view2,117,1.0,1.0
view1,45,view2,128,1.0,4.8
view1,45,view2,143,0.9999,6.6
view1,45,view2,145,0.9999,7.52
view1,45,view2,150,0.9999,7.8
view1,45,view2,151,0.9999,7.88
view1,45,view2,153,1.0,8.4
view1,45,view2,154,0.9999,8.52
view1,45,view2,155,0.9999,8.84
view1,45,view2,161,0.9999,12.44
view1,45,view2,170,1.0,16.92
view1,45,view2,176,0.9999,17.52
view1,45,view2,185,0.9999,21.76
view1,45,view2,187,1.0,22.72
view1,45,view2,194,0.9999,25.4
view1,45,view2,199,0.9999,27.48
view1,45,view2,200,0.9999,27.76
view1,45,view2,202,0.9999,29.16
view1,45,view2,204,0.9999,29.36
view1,45,view2,219,0.9999,32.32
view1,45,view2,223,0.9999,33.36
view1,45,view2,230,1.0,35.24
view1,45,view2,238,0.9999,36.76
view1,45,view2,247,0.9999,38.6
view1,45,view2,253,0.9999,40.96
view1,45,view2,257,0.9999,42.44
view1,45,view2,262,0.9999,45.04
view1,45,view2,275,1.0,49.12
view1,45,view2,281,0.9999,50.28
view1,45,view2,286,0.9999,52.56
view1,45,view2,288,0.9999,52.72
view1,45,view2,296,0.9999,56.2
view1,45,view2,299,0.9999,57.24
view1,45,view2,311,0.9999,60.6
view1,45,view2,316,0.9999,64.12
view1,45,view2,324,0.9999,67.12
view1,45,view2,327,1.0,67.96
view1,45,view2,340,0.9999,71.2
view1,45,view2,347,1.0,72.88
view1,45,view2,349,0.9999,74.28
view1,45,view2,354,0.9999,75.84
view1,45,view2,355,0.9999,76.24
view1,45,view2,357,1.0,76.84
view1,45,view2,361,0.9999,77.56
view1,45,view2,365,0.9999,79.56
view1,45,view2,375,0.9999,81.2
view1,45,view2,376,0.9999,81.4
view1,45,view2,379,0.9999,81.8
view1,45,view2,389,1.0,86.64
view1,45,view2,390,0.9999,87.04
view1,45,view2,391,0.9999,87.4
view1,45,view2,395,1.0,89.16
view1,45,view2,397,0.9999,91.76
view1,45,view2,400,0.9999,92.6
view1,45,view2,401,0.9999,92.68
view1,45,view3,2,1.0,39.04
view1,45,view3,5,1.0,16.6
view1,45,view3,6,1.0,15.36
view1,45,view3,15,1.0,21.28
view1,45,view3,16,1.0,16.92
view1,45,view3,24,1.0,10.92
view1,45,view3,28,1.0,0.0
view1,45,view3,29,1.0,4.52
view1,45,view3,33,1.0,0.28
view1,45,view3,34,1.0,8.92
view1,45,view3,37,1.0,0.0
view1,45,view3,39,1.0,0.0
view1,45,view3,44,1.0,0.0
view1,45,view3,49,1.0,0.0
view1,45,view3,53,1.0,0.0
view1,45,view3,62,1.0,0.0
view1,45,view3,66,1.0,0.0
view1,45,view3,70,1.0,0.0
view1,45,view3,71,1.0,0.0
view1,45,view3,73,1.0,0.0
view1,45,view3,77,1.0,0.72
view1,45,view3,79,1.0,1.92
view1,45,view3,81,1.0,3.24
view1,45,view3,82,1.0,4.12
view1,45,view3,88,1.0,6.88
view1,45,view3,90,1.0,8.48
view1,45,view3,94,1.0,9.48
view1,45,view3,96,1.0,11.56
view1,45,view3,99,1.0,12.32
view1,45,view3,100,1.0,12.68
view1,45,view3,106,1.0,15.52
view1,45,view3,108,1.0,16.4
view1,45,view3,109,1.0,17.4
view1,45,view3,113,1.0,18.88
view1,45,view3,119,1.0,19.24
view1,45,view3,121,1.0,20.08
view1,45,view3,124,1.0,21.2
view1,45,view3,128,1.0,23.48
view1,45,view3,129,1.0,23.76
view1,45,view3,131,1.0,26.2
view1,45,view3,136,1.0,27.64
view1,45,view3,144,1.0,30.4
view1,45,view3,150,1.0,33.16
view1,45,view3,153,1.0,35.52
view1,45,view3,154,1.0,36.44
view1,45,view3,157,1.0,38.64
view1,45,view3,163,1.0,41.0
view1,45,view3,165,1.0,41.08
view1,45,view3,169,1.0,41.6
view1,45,view3,181,1.0,44.24
view1,45,view3,186,1.0,47.52
view1,45,view3,188,1.0,48.36
view1,45,view3,195,1.0,49.52
view1,45,view3,202,1.0,51.84
view1,45,view3,203,1.0,51.88
view1,45,view3,205,1.0,52.28
view1,45,view3,206,1.0,53.56
view1,45,view3,209,1.0,54.4
view1,45,view3,212,1.0,54.8
view1,45,view3,214,1.0,56.16
view1,45,view3,215,1.0,58.36
view1,45,view3,216,1.0,58.48
view1,45,view3,217,1.0,58.72
view1,45,view3,223,1.0,61.04
view1,45,view3,225,1.0,61.68
view1,45,view3,227,1.0,62.48
view1,45,view3,230,1.0,63.36
view1,45,view3,231,1.0,63.44
view1,45,view3,233,1.0,66.6
view1,45,view3,236,1.0,68.56
view1,45,view3,240,1.0,70.72
view1,45,view3,243,1.0,71.8
view1,45,view3,244,1.0,72.88
view1,45,view3,252,1.0,77.4
view1,45,view3,256,1.0,79.16
view1,45,view3,260,1.0,81.32
view1,45,view3,266,1.0,85.44
view1,45,view3,267,1.0,85.52
view1,45,view3,269,1.0,86.08
view1,45,view3,272,1.0,87.68
view1,45,view3,280,1.0,92.2
view1,45,view3,282,1.0,93.04
view1,51,view2,2,0.9999,25.92
view1,51,view2,18,0.9999,0.0
view1,51,view2,21,0.9999,34.52
view1,51,view2,26,1.0,29.16
view1,51,view2,27,0.9999,31.96
view1,51,view2,30,1.0,25.28
view1,51,view2,31,0.9999,17.08
view1,51,view2,33,0.9999,21.44
view1,51,view2,36,0.9999,22.24
view1,51,view2,39,0.9999,5.64
view1,51,view2,41,0.9999,19.96
view1,51,view2,49,0.9999,16.96
view1,51,view2,51,0.9999,11.76
view1,51,view2,62,0.9999,10.88
view1,51,view2,63,0.9999,8.12
view1,51,view2,70,0.9999,7.76
view1,51,view2,71,0.9999,0.0
view1,51,view2,73,0.9999,0.0
view1,51,view2,75,0.9999,3.36
view1,51,view2,76,0.9999,2.04
view1,51,view2,87,0.9999,0.32
view1,51,view2,90,0.9999,0.0
view1,51,view2,91,0.9999,0.0
view1,51,view2,92,0.9999,0.0
view1,51,view2,102,0.9999,3.76
view1,51,view2,116,0.9999,7.72
view1,51,view2,117,0.9999,9.32
view1,51,view2,128,0.9999,13.12
view1,51,view2,143,0.9999,14.92
view1,51,view2,145,0.9999,15.84
view1,51,view2,150,0.9999,16.12
view1,51,view2,151,0.9999,16.2
view1,51,view2,153,0.9999,16.72
view1,51,view2,154,0.9999,16.84
view1,51,view2,155,0.9999,17.16
view1,51,view2,161,0.9999,20.76
view1,51,view2,170,0.9999,25.24
view1,51,view2,176,0.9999,25.84
view1,51,view2,185,0.9999,30.08
view1,51,view2,187,0.9999,31.04
view1,51,view2,194,0.9999,33.72
view1,51,view2,199,0.9999,35.8
view1,51,view2,200,0.9999,36.08
view1,51,view2,202,0.9999,37.48
view1,51,view2,204,0.9999,37.68
view1,51,view2,219,0.9999,40.64
view1,51,view2,223,0.9999,41.68
view1,51,view2,230,0.9999,43.56
view1,51,view2,238,0.9999,45.08
view1,51,view2,247,0.9999,46.92
view1,51,view2,253,0.9999,49.28
view1,51,view2,257,0.9999,50.76
view1,51,view2,262,0.9999,53.36
view1,51,view2,275,1.0,57.44
view1,51,view2,281,0.9999,58.6
view1,51,view2,286,0.9999,60.88
view1,51,view2,288,0.9999,61.04
view1,51,view2,296,0.9999,64.52
view1,51,view2,299,0.9999,65.56
view1,51,view2,311,0.9999,68.92
view1,51,view2,316,0.9999,72.44
view1,51,view2,324,0.9999,75.44
view1,51,view2,327,1.0,76.28
view1,51,view2,340,0.9999,79.52
view1,51,view2,347,1.0,81.2
view1,51,view2,349,0.9999,82.6
view1,51,view2,354,0.9999,84.16
view1,51,view2,355,0.9999,84.56
view1,51,view2,357,0.9999,85.16
view1,51,view2,361,0.9999,85.88
view1,51,view2,365,0.9999,87.88
view1,51,view2,375,0.9999,89.52
view1,51,view2,376,0.9999,89.72
view1,51,view2,379,0.9999,90.12
view1,51,view2,389,1.0,94.96
view1,51,view2,390,0.9999,95.36
view1,51,view2,391,0.9999,95.72
view1,51,view2,395,0.9999,97.48
view1,51,view2,397,0.9999,100.08
view1,51,view2,400,0.9999,100.92
view1,51,view2,401,0.9999,101.0
view1,51,view3,2,1.0,42.08
view1,51,view3,5,1.0,19.64
view1,51,view3,6,1.0,18.4
view1,51,view3,15,1.0,24.32
view1,51,view3,16,1.0,19.96
view1,51,view3,24,1.0,13.96
view1,51,view3,28,1.0,2.56
view1,51,view3,29,1.0,7.56
view1,51,view3,33,1.0,3.32
view1,51,view3,34,1.0,11.96
view1,51,view3,37,1.0,0.0
view1,51,view3,39,1.0,0.0
view1,51,view3,44,1.0,0.0
view1,51,view3,49,1.0,0.08
view1,51,view3,53,1.0,0.0
view1,51,view3,62,1.0,1.4
view1,51,view3,66,1.0,2.76
view1,51,view3,70,1.0,5.04
view1,51,view3,71,1.0,5.16
view1,51,view3,73,1.0,5.4
view1,51,view3,77,1.0,9.04
view1,51,view3,79,1.0,10.24
view1,51,view3,81,1.0,11.56
view1,51,view3,82,1.0,12.44
view1,51,view3,88,1.0,15.2
view1,51,view3,90,1.0,16.8
view1,51,view3,94,1.0,17.8
view1,51,view3,96,1.0,19.88
view1,51,view3,99,1.0,20.64
view1,51,view3,100,1.0,21.0
view1,51,view3,106,1.0,23.84
view1,51,view3,108,1.0,24.72
view1,51,view3,109,1.0,25.72
view1,51,view3,113,1.0,27.2
view1,51,view3,119,1.0,27.56
view1,51,view3,121,1.0,28.4
view1,51,view3,124,1.0,29.52
view1,51,view3,128,1.0,31.8
view1,51,view3,129,1.0,32.08
view1,51,view3,131,1.0,34.52
view1,51,view3,136,1.0,35.96
view1,51,view3,144,1.0,38.72
view1,51,view3,150,1.0,41.48
view1,51,view3,153,1.0,43.84
view1,51,view3,154,1.0,44.76
view1,51,view3,157,1.0,46.96
view1,51,view3,163,1.0,49.32
view1,51,view3,165,1.0,49.4
view1,51,view3,169,1.0,49.92
view1,51,view3,181,1.0,52.56
view1,51,view3,186,1.0,55.84
view1,51,view3,188,1.0,56.68
view1,51,view3,195,1.0,57.84
view1,51,view3,202,1.0,60.16
view1,51,view3,203,1.0,60.2
view1,51,view3,205,1.0,60.6
view1,51,view3,206,1.0,61.88
view1,51,view3,209,1.0,62.72
view1,51,view3,212,1.0,63.12
view1,51,view3,214,1.0,64.48
view1,51,view3,215,1.0,66.68
view1,51,view3,216,1.0,66.8
view1,51,view3,217,1.0,67.04
view1,51,view3,223,1.0,69.36
view1,51,view3,225,1.0,70.0
view1,51,view3,227,1.0,70.8
view1,51,view3,230,1.0,71.68
view1,51,view3,231,1.0,71.76
view1,51,view3,233,1.0,74.92
view1,51,view3,236,1.0,76.88
view1,51,view3,240,1.0,79.04
view1,51,view3,243,1.0,80.12
view1,51,view3,244,1.0,81.2
view1,51,view3,252,1.0,85.72
view1,51,view3,256,1.0,87.48
view1,51,view3,260,1.0,89.64
view1,51,view3,266,1.0,93.76
view1,51,view3,267,1.0,93.84
view1,51,view3,269,1.0,94.4
view1,51,view3,272,1.0,96.0
view1,51,view3,280,1.0,100.52
view1,51,view3,282,1.0,101.36
view1,54,view2,2,0.9999,27.8
view1,54,view2,18,0.9999,0.0
view1,54,view2,21,0.9999,36.4
view1,54,view2,26,0.9999,31.04
view1,54,view2,27,0.9999,33.84
view1,54,view2,30,0.9999,27.16
view1,54,view2,31,0.9999,18.96
view1,54,view2,33,0.9999,23.32
view1,54,view2,36,0.9999,24.12
view1,54,view2,39,0.9999,7.52
view1,54,view2,41,0.9999,21.84
view1,54,view2,49,0.9999,18.84
view1,54,view2,51,0.9999,13.64
view1,54,view2,62,0.9999,12.76
view1,54,view2,63,0.9999,10.0
view1,54,view2,70,0.9999,9.64
view1,54,view2,71,0.9999,1.48
view1,54,view2,73,0.9999,0.0
view1,54,view2,75,0.9999,5.24
view1,54,view2,76,0.9999,3.92
view1,54,view2,87,0.9999,2.2
view1,54,view2,90,0.9999,0.0
view1,54,view2,91,0.9999,0.0
view1,54,view2,92,0.9999,0.0
view1,54,view2,102,0.9999,2.16
view1,54,view2,116,0.9999,6.12
view1,54,view2,117,0.9999,7.72
view1,54,view2,128,0.9999,11.52
view1,54,view2,143,0.9999,13.32
view1,54,view2,145,0.9999,14.24
view1,54,view2,150,0.9999,14.52
view1,54,view2,151,0.9999,14.6
view1,54,view2,153,0.9999,15.12
view1,54,view2,154,0.9999,15.24
view1,54,view2,155,0.9999,15.56
view1,54,view2,161,0.9999,19.16
view1,54,view2,170,0.9999,23.64
view1,54,view2,176,0.9999,24.24
view1,54,view2,185,0.9999,28.48
view1,54,view2,187,0.9999,29.44
view1,54,view2,194,0.9999,32.12
view1,54,view2,199,0.9999,34.2
view1,54,view2,200,0.9999,34.48
view1,54,view2,202,0.9999,35.88
view1,54,view2,204,0.9999,36.08
view1,54,view2,219,0.9999,39.04
view1,54,view2,223,0.9999,40.08
view1,54,view2,230,0.9999,41.96
view1,54,view2,238,0.9999,43.48
view1,54,view2,247,0.9999,45.32
view1,54,view2,253,0.9999,47.68
view1,54,view2,257,0.9999,49.16
view1,54,view2,262,0.9999,51.76
view1,54,view2,275,0.9999,55.84
view1,54,view2,281,0.9999,57.0
view1,54,view2,286,0.9999,59.28
view1,54,view2,288,0.9999,59.44
view1,54,view2,296,0.9999,62.92
view1,54,view2,299,0.9999,63.96
view1,54,view2,311,0.9999,67.32
view1,54,view2,316,0.9999,70.84
view1,54,view2,324,0.9999,73.84
view1,54,view2,327,0.9999,74.68
view1,54,view2,340,0.9999,77.92
view1,54,view2,347,0.9999,79.6
view1,54,view2,349,0.9999,81.0
view1,54,view2,354,0.9999,82.56
view1,54,view2,355,0.9999,82.96
view1,54,view2,357,0.9999,83.56
view1,54,view2,361,0.9999,84.28
view1,54,view2,365,0.9999,86.28
view1,54,view2,375,0.9999,87.92
view1,54,view2,376,0.9999,88.12
view1,54,view2,379,0.9999,88.52
view1,54,view2,389,0.9999,93.36
view1,54,view2,390,0.9999,93.76
view1,54,view2,391,0.9999,94.12
view1,54,view2,395,0.9999,95.88
view1,54,view2,397,0.9999,98.48
view1,54,view2,400,0.9999,99.32
view1,54,view2,401,0.9999,99.4
view1,54,view3,2,1.0,43.96
view1,54,view3,5,1.0,21.52
view1,54,view3,6,1.0,20.28
view1,54,view3,15,1.0,26.2
view1,54,view3,16,1.0,21.84
view1,54,view3,24,1.0,15.84
view1,54,view3,28,1.0,4.44
view1,54,view3,29,1.0,9.44
view1,54,view3,33,1.0,5.2
view1,54,view3,34,1.0,13.84
view1,54,view3,37,1.0,0.0
view1,54,view3,39,1.0,0.0
view1,54,view3,44,1.0,0.0
view1,54,view3,49,1.0,1.96
view1,54,view3,53,1.0,0.0
view1,54,view3,62,1.0,0.0
view1,54,view3,66,1.0,1.16
view1,54,view3,70,1.0,3.44
view1,54,view3,71,1.0,3.56
view1,54,view3,73,1.0,3.8
view1,54,view3,77,1.0,7.44
view1,54,view3,79,1.0,8.64
view1,54,view3,81,1.0,9.96
view1,54,view3,82,1.0,10.84
view1,54,view3,88,1.0,13.6
view1,54,view3,90,1.0,15.2
view1,54,view3,94,1.0,16.2
view1,54,view3,96,1.0,18.28
view1,54,view3,99,1.0,19.04
view1,54,view3,100,1.0,19.4
view1,54,view3,106,1.0,22.24
view1,54,view3,108,1.0,23.12
view1,54,view3,109,1.0,24.12
view1,54,view3,113,1.0,25.6
view1,54,view3,119,1.0,25.96
view1,54,view3,121,1.0,26.8
view1,54,view3,124,1.0,27.92
view1,54,view3,128,1.0,30.2
view1,54,view3,129,1.0,30.48
view1,54,view3,131,1.0,32.92
view1,54,view3,136,1.0,34.36
view1,54,view3,144,1.0,37.12
view1,54,view3,150,1.0,39.88
view1,54,view3,153,1.0,42.24
view1,54,view3,154,1.0,43.16
view1,54,view3,157,1.0,45.36
view1,54,view3,163,1.0,47.72
view1,54,view3,165,1.0,47.8
view1,54,view3,169,1.0,48.32
view1,54,view3,181,1.0,50.96
view1,54,view3,186,1.0,54.24
view1,54,view3,188,1.0,55.08
view1,54,view3,195,1.0,56.24
view1,54,view3,202,1.0,58.56
view1,54,view3,203,1.0,58.6
view1,54,view3,205,1.0,59.0
view1,54,view3,206,1.0,60.28
view1,54,view3,209,1.0,61.12
view1,54,view3,212,1.0,61.52
view1,54,view3,214,1.0,62.88
view1,54,view3,215,1.0,65.08
view1,54,view3,216,1.0,65.2
view1,54,view3,217,1.0,65.44
view1,54,view3,223,1.0,67.76
view1,54,view3,225,1.0,68.4
view1,54,view3,227,1.0,69.2
view1,54,view3,230,1.0,70.08
view1,54,view3,231,1.0,70.16
view1,54,view3,233,1.0,73.32
view1,54,view3,236,1.0,75.28
view1,54,view3,240,1.0,77.44
view1,54,view3,243,1.0,78.52
view1,54,view3,244,1.0,79.6
view1,54,view3,252,1.0,84.12
view1,54,view3,256,1.0,85.88
view1,54,view3,260,1.0,88.04
view1,54,view3,266,1.0,92.16
view1,54,view3,267,1.0,92.24
view1,54,view3,269,1.0,92.8
view1,54,view3,272,1.0,94.4
view1,54,view3,280,1.0,98.92
view1,54,view3,282,1.0,99.76
view1,59,view2,2,0.9999,30.36
view1,59,view2,18,0.9999,0.0
view1,59,view2,21,0.9999,38.96
view1,59,view2,26,0.9999,33.6
view1,59,view2,27,0.9999,36.4
view1,59,view2,30,0.9999,29.72
view1,59,view2,31,0.9999,21.52
view1,59,view2,33,0.9999,25.88
view1,59,view2,36,0.9999,26.68
view1,59,view2,39,0.9999,10.08
view1,59,view2,41,0.9999,24.4
view1,59,view2,49,0.9999,21.4
view1,59,view2,51,0.9999,16.2
view1,59,view2,62,0.9999,15.32
view1,59,view2,63,0.9999,12.56
view1,59,view2,70,0.9999,12.2
view1,59,view2,71,0.9999,4.04
view1,59,view2,73,0.9999,0.0
view1,59,view2,75,0.9999,7.8
view1,59,view2,76,0.9999,6.48
view1,59,view2,87,0.9999,4.76
view1,59,view2,90,0.9999,0.0
view1,59,view2,91,0.9999,0.0
view1,59,view2,92,0.9999,0.44
view1,59,view2,102,0.9999,0.0
view1,59,view2,116,0.9999,0.0
view1,59,view2,117,0.9999,0.24
view1,59,view2,128,0.9999,4.04
view1,59,view2,143,0.9999,5.84
view1,59,view2,145,0.9999,6.76
view1,59,view2,150,0.9999,7.04
view1,59,view2,151,0.9999,7.12
view1,59,view2,153,0.9999,7.64
view1,59,view2,154,0.9999,7.76
view1,59,view2,155,0.9999,8.08
view1,59,view2,161,0.9999,11.68
view1,59,view2,170,0.9999,16.16
view1,59,view2,176,0.9999,16.76
view1,59,view2,185,0.9999,21.0
view1,59,view2,187,0.9999,21.96
view1,59,view2,194,0.9999,24.64
view1,59,view2,199,0.9999,26.72
view1,59,view2,200,0.9999,27.0
view1,59,view2,202,0.9999,28.4
view1,59,view2,204,0.9999,28.6
view1,59,view2,219,0.9999,31.56
view1,59,view2,223,0.9999,32.6
view1,59,view2,230,0.9999,34.48
view1,59,view2,238,0.9999,36.0
view1,59,view2,247,0.9999,37.84
view1,59,view2,253,0.9999,40.2
view1,59,view2,257,0.9999,41.68
view1,59,view2,262,0.9999,44.28
view1,59,view2,275,0.9999,48.36
view1,59,view2,281,0.9999,49.52
view1,59,view2,286,0.9999,51.8
view1,59,view2,288,0.9999,51.96
view1,59,view2,296,0.9999,55.44
view1,59,view2,299,0.9999,56.48
view1,59,view2,311,0.9999,59.84
view1,59,view2,316,0.9999,63.36
view1,59,view2,324,0.9999,66.36
view1,59,view2,327,0.9999,67.2
view1,59,view2,340,0.9999,70.44
view1,59,view2,347,0.9999,72.12
view1,59,view2,349,0.9999,73.52
view1,59,view2,354,0.9999,75.08
view1,59,view2,355,0.9999,75.48
view1,59,view2,357,0.9999,76.08
view1,59,view2,361,0.9999,76.8
view1,59,view2,365,0.9999,78.8
view1,59,view2,375,0.9999,80.44
view1,59,view2,376,0.9999,80.64
view1,59,view2,379,0.9999,81.04
view1,59,view2,389,0.9999,85.88
view1,59,view2,390,0.9999,86.28
view1,59,view2,391,0.9999,86.64
view1,59,view2,395,0.9999,88.4
view1,59,view2,397,0.9999,91.0
view1,59,view2,400,0.9999,91.84
view1,59,view2,401,0.9999,91.92
view1,59,view3,2,1.0,46.52
view1,59,view3,5,1.0,24.08
view1,59,view3,6,1.0,22.84
view1,59,view3,15,1.0,28.76
view1,59,view3,16,1.0,24.4
view1,59,view3,24,1.0,18.4
view1,59,view3,28,1.0,7.0
view1,59,view3,29,1.0,12.0
view1,59,view3,33,1.0,7.76
view1,59,view3,34,1.0,16.4
view1,59,view3,37,1.0,0.0
view1,59,view3,39,1.0,0.0
view1,59,view3,44,1.0,2.0
view1,59,view3,49,1.0,4.52
view1,59,view3,53,1.0,0.0
view1,59,view3,62,1.0,0.8
view1,59,view3,66,1.0,0.0
view1,59,view3,70,1.0,0.0
view1,59,view3,71,1.0,0.0
view1,59,view3,73,1.0,0.0
view1,59,view3,77,1.0,0.0
view1,59,view3,79,1.0,1.16
view1,59,view3,81,1.0,2.48
view1,59,view3,82,1.0,3.36
view1,59,view3,88,1.0,6.12
view1,59,view3,90,1.0,7.72
view1,59,view3,94,1.0,8.72
view1,59,view3,96,1.0,10.8
view1,59,view3,99,1.0,11.56
view1,59,view3,100,1.0,11.92
view1,59,view3,106,1.0,14.76
view1,59,view3,108,1.0,15.64
view1,59,view3,109,1.0,16.64
view1,59,view3,113,1.0,18.12
view1,59,view3,119,1.0,18.48
view1,59,view3,121,1.0,19.32
view1,59,view3,124,1.0,20.44
view1,59,view3,128,1.0,22.72
view1,59,view3,129,1.0,23.0
view1,59,view3,131,1.0,25.44
view1,59,view3,136,1.0,26.88
view1,59,view3,144,1.0,29.64
view1,59,view3,150,1.0,32.4
view1,59,view3,153,1.0,34.76
view1,59,view3,154,1.0,35.68
view1,59,view3,157,1.0,37.88
view1,59,view3,163,1.0,40.24
view1,59,view3,165,1.0,40.32
view1,59,view3,169,1.0,40.84
view1,59,view3,181,1.0,43.48
view1,59,view3,186,1.0,46.76
view1,59,view3,188,1.0,47.6
view1,59,view3,195,1.0,48.76
view1,59,view3,202,1.0,51.08
view1,59,view3,203,1.0,51.12
view1,59,view3,205,1.0,51.52
view1,59,view3,206,1.0,52.8
view1,59,view3,209,1.0,53.64
view1,59,view3,212,1.0,54.04
view1,59,view3,214,1.0,55.4
view1,59,view3,215,1.0,57.6
view1,59,view3,216,1.0,57.72
view1,59,view3,217,1.0,57.96
view1,59,view3,223,1.0,60.28
view1,59,view3,225,1.0,60.92
view1,59,view3,227,1.0,61.72
view1,59,view3,230,1.0,62.6
view1,59,view3,231,1.0,62.68
view1,59,view3,233,1.0,65.84
view1,59,view3,236,1.0,67.8
view1,59,view3,240,1.0,69.96
view1,59,view3,243,1.0,71.04
view1,59,view3,244,1.0,72.12
view1,59,view3,252,1.0,76.64
view1,59,view3,256,1.0,78.4
view1,59,view3,260,1.0,80.56
view1,59,view3,266,1.0,84.68
view1,59,view3,267,1.0,84.76
view1,59,view3,269,1.0,85.32
view1,59,view3,272,1.0,86.92
view1,59,view3,280,1.0,91.44
view1,59,view3,282,1.0,92.28
view1,61,view2,2,0.9999,30.44
view1,61,view2,18,0.9999,0.0
view1,61,view2,21,0.9999,39.04
view1,61,view2,26,1.0,33.68
view1,61,view2,27,0.9999,36.48
view1,61,view2,30,1.0,29.8
view1,61,view2,31,0.9999,21.6
view1,61,view2,33,0.9999,25.96
view1,61,view2,36,0.9999,26.76
view1,61,view2,39,0.9999,10.16
view1,61,view2,41,0.9999,24.48
view1,61,view2,49,0.9999,21.48
view1,61,view2,51,0.9999,16.28
view1,61,view2,62,0.9999,15.4
view1,61,view2,63,0.9999,12.64
view1,61,view2,70,0.9999,12.28
view1,61,view2,71,0.9999,4.12
view1,61,view2,73,0.9999,0.0
view1,61,view2,75,0.9999,7.88
view1,61,view2,76,0.9999,6.56
view1,61,view2,87,0.9999,4.84
view1,61,view2,90,0.9999,0.0
view1,61,view2,91,0.9999,0.0
view1,61,view2,92,0.9999,0.52
view1,61,view2,102,0.9999,0.0
view1,61,view2,116,0.9999,0.0
view1,61,view2,117,0.9999,0.0
view1,61,view2,128,0.9999,0.0
view1,61,view2,143,0.9999,0.0
view1,61,view2,145,0.9999,0.0
view1,61,view2,150,0.9999,0.0
view1,61,view2,151,0.9999,0.0
view1,61,view2,153,1.0,0.0
view1,61,view2,154,0.9999,0.0
view1,61,view2,155,0.9999,0.0
view1,61,view2,161,0.9999,0.0
view1,61,view2,170,0.9999,0.0
view1,61,view2,176,0.9999,0.0
view1,61,view2,185,0.9999,0.0
view1,61,view2,187,1.0,0.0
view1,61,view2,194,0.9999,0.28
view1,61,view2,199,0.9999,2.36
view1,61,view2,200,0.9999,2.64
view1,61,view2,202,0.9999,4.04
view1,61,view2,204,0.9999,4.24
view1,61,view2,219,0.9999,7.2
view1,61,view2,223,0.9999,8.24
view1,61,view2,230,0.9999,10.12
view1,61,view2,238,0.9999,11.64
view1,61,view2,247,0.9999,13.48
view1,61,view2,253,0.9999,15.84
view1,61,view2,257,0.9999,17.32
view1,61,view2,262,0.9999,19.92
view1,61,view2,275,1.0,24.0
view1,61,view2,281,0.9999,25.16
view1,61,view2,286,0.9999,27.44
view1,61,view2,288,0.9999,27.6
view1,61,view2,296,0.9999,31.08
view1,61,view2,299,0.9999,32.12
view1,61,view2,311,0.9999,35.48
view1,61,view2,316,0.9999,39.0
view1,61,view2,324,0.9999,42.0
view1,61,view2,327,1.0,42.84
view1,61,view2,340,0.9999,46.08
view1,61,view2,347,1.0,47.76
view1,61,view2,349,0.9999,49.16
view1,61,view2,354,0.9999,50.72
view1,61,view2,355,0.9999,51.12
view1,61,view2,357,0.9999,51.72
view1,61,view2,361,0.9999,52.44
view1,61,view2,365,0.9999,54.44
view1,61,view2,375,0.9999,56.08
view1,61,view2,376,0.9999,56.28
view1,61,view2,379,0.9999,56.68
view1,61,view2,389,1.0,61.52
view1,61,view2,390,0.9999,61.92
view1,61,view2,391,0.9999,62.28
view1,61,view2,395,0.9999,64.04
view1,61,view2,397,0.9999,66.64
view1,61,view2,400,0.9999,67.48
view1,61,view2,401,0.9999,67.56
view1,61,view3,2,1.0,46.6
view1,61,view3,5,1.0,24.16
view1,61,view3,6,1.0,22.92
view1,61,view3,15,1.0,28.84
view1,61,view3,16,1.0,24.48
view1,61,view3,24,1.0,18.48
view1,61,view3,28,1.0,7.08
view1,61,view3,29,1.0,12.08
view1,61,view3,33,1.0,7.84
view1,61,view3,34,1.0,16.48
view1,61,view3,37,1.0,0.0
view1,61,view3,39,1.0,0.0
view1,61,view3,44,1.0,2.08
view1,61,view3,49,1.0,4.6
view1,61,view3,53,1.0,0.0
view1,61,view3,62,1.0,0.88
view1,61,view3,66,1.0,0.0
view1,61,view3,70,1.0,0.0
view1,61,view3,71,1.0,0.0
view1,61,view3,73,1.0,0.0
view1,61,view3,77,1.0,0.0
view1,61,view3,79,1.0,0.0
view1,61,view3,81,1.0,0.0
view1,61,view3,82,1.0,0.0
view1,61,view3,88,1.0,0.0
view1,61,view3,90,1.0,0.0
view1,61,view3,94,1.0,0.0
view1,61,view3,96,1.0,0.0
view1,61,view3,99,1.0,0.0
view1,61,view3,100,1.0,0.0
view1,61,view3,106,1.0,0.0
view1,61,view3,108,1.0,0.0
view1,61,view3,109,1.0,0.0
view1,61,view3,113,1.0,0.0
view1,61,view3,119,1.0,0.0
view1,61,view3,121,1.0,0.0
view1,61,view3,124,1.0,0.0
view1,61,view3,128,1.0,0.0
view1,61,view3,129,1.0,0.0
view1,61,view3,131,1.0,1.08
view1,61,view3,136,1.0,2.52
view1,61,view3,144,1.0,5.28
view1,61,view3,150,1.0,8.04
view1,61,view3,153,1.0,10.4
view1,61,view3,154,1.0,11.32
view1,61,view3,157,1.0,13.52
view1,61,view3,163,1.0,15.88
view1,61,view3,165,1.0,15.96
view1,61,view3,169,1.0,16.48
view1,61,view3,181,1.0,19.12
view1,61,view3,186,1.0,22.4
view1,61,view3,188,1.0,23.24
view1,61,view3,195,1.0,24.4
view1,61,view3,202,1.0,26.72
view1,61,view3,203,1.0,26.76
view1,61,view3,205,1.0,27.16
view1,61,view3,206,1.0,28.44
view1,61,view3,209,1.0,29.28
view1,61,view3,212,1.0,29.68
view1,61,view3,214,1.0,31.04
view1,61,view3,215,1.0,33.24
view1,61,view3,216,1.0,33.36
view1,61,view3,217,1.0,33.6
view1,61,view3,223,1.0,35.92
view1,61,view3,225,1.0,36.56
view1,61,view3,227,1.0,37.36
view1,61,view3,230,1.0,38.24
view1,61,view3,231,1.0,38.32
view1,61,view3,233,1.0,41.48
view1,61,view3,236,1.0,43.44
view1,61,view3,240,1.0,45.6
view1,61,view3,243,1.0,46.68
view1,61,view3,244,1.0,47.76
view1,61,view3,252,1.0,52.28
view1,61,view3,256,1.0,54.04
view1,61,view3,260,1.0,56.2
view1,61,view3,266,1.0,60.32
view1,61,view3,267,1.0,60.4
view1,61,view3,269,1.0,60.96
view1,61,view3,272,1.0,62.56
view1,61,view3,280,1.0,67.08
view1,61,view3,282,1.0,67.92
view1,72,view2,2,0.9999,36.92
view1,72,view2,18,0.9999,0.0
view1,72,view2,21,1.0,45.52
view1,72,view2,26,1.0,40.16
view1,72,view2,27,0.9999,42.96
view1,72,view2,30,1.0,36.28
view1,72,view2,31,0.9999,28.08
view1,72,view2,33,0.9999,32.44
view1,72,view2,36,1.0,33.24
view1,72,view2,39,0.9999,16.64
view1,72,view2,41,0.9999,30.96
view1,72,view2,49,0.9999,27.96
view1,72,view2,51,0.9999,22.76
view1,72,view2,62,0.9999,21.88
view1,72,view2,63,0.9999,19.12
view1,72,view2,70,0.9999,18.76
view1,72,view2,71,0.9999,10.6
view1,72,view2,73,0.9999,0.0
view1,72,view2,75,0.9999,14.36
view1,72,view2,76,1.0,13.04
view1,72,view2,87,0.9999,11.32
view1,72,view2,90,0.9999,0.0
view1,72,view2,91,0.9999,0.8
view1,72,view2,92,1.0,7.0
view1,72,view2,102,1.0,4.72
view1,72,view2,116,0.9999,0.0
view1,72,view2,117,1.0,0.28
view1,72,view2,128,1.0,4.08
view1,72,view2,143,0.9999,5.88
view1,72,view2,145,0.9999,6.8
view1,72,view2,150,0.9999,7.08
view1,72,view2,151,0.9999,7.16
view1,72,view2,153,1.0,7.68
view1,72,view2,154,0.9999,7.8
view1,72,view2,155,0.9999,8.12
view1,72,view2,161,0.9999,11.72
view1,72,view2,170,1.0,16.2
view1,72,view2,176,0.9999,16.8
view1,72,view2,185,0.9999,21.04
view1,72,view2,187,1.0,22.0
view1,72,view2,194,0.9999,24.68
view1,72,view2,199,0.9999,26.76
view1,72,view2,200,0.9999,27.04
view1,72,view2,202,0.9999,28.44
view1,72,view2,204,0.9999,28.64
view1,72,view2,219,0.9999,31.6
view1,72,view2,223,0.9999,32.64
view1,72,view2,230,1.0,34.52
view1,72,view2,238,0.9999,36.04
view1,72,view2,247,0.9999,37.88
view1,72,view2,253,0.9999,40.24
view1,72,view2,257,0.9999,41.72
view1,72,view2,262,0.9999,44.32
view1,72,view2,275,1.0,48.4
view1,72,view2,281,0.9999,49.56
view1,72,view2,286,0.9999,51.84
view1,72,view2,288,0.9999,52.0
view1,72,view2,296,0.9999,55.48
view1,72,view2,299,0.9999,56.52
view1,72,view2,311,0.9999,59.88
view1,72,view2,316,0.9999,63.4
view1,72,view2,324,0.9999,66.4
view1,72,view2,327,1.0,67.24
view1,72,view2,340,0.9999,70.48
view1,72,view2,347,1.0,72.16
view1,72,view2,349,0.9999,73.56
view1,72,view2,354,0.9999,75.12
view1,72,view2,355,0.9999,75.52
view1,72,view2,357,0.9999,76.12
view1,72,view2,361,0.9999,76.84
view1,72,view2,365,0.9999,78.84
view1,72,view2,375,0.9999,80.48
view1,72,view2,376,0.9999,80.68
view1,72,view2,379,0.9999,81.08
view1,72,view2,389,1.0,85.92
view1,72,view2,390,0.9999,86.32
view1,72,view2,391,0.9999,86.68
view1,72,view2,395,0.9999,88.44
view1,72,view2,397,0.9999,91.04
view1,72,view2,400,0.9999,91.88
view1,72,view2,401,0.9999,91.96
view1,72,view3,2,1.0,53.08
view1,72,view3,5,1.0,30.64
view1,72,view3,6,1.0,29.4
view1,72,view3,15,1.0,35.32
view1,72,view3,16,1.0,30.96
view1,72,view3,24,1.0,24.96
view1,72,view3,28,1.0,13.56
view1,72,view3,29,1.0,18.56
view1,72,view3,33,1.0,14.32
view1,72,view3,34,1.0,22.96
view1,72,view3,37,1.0,0.0
view1,72,view3,39,1.0,0.0
view1,72,view3,44,1.0,8.56
view1,72,view3,49,1.0,11.08
view1,72,view3,53,1.0,5.0
view1,72,view3,62,1.0,7.36
view1,72,view3,66,1.0,0.0
view1,72,view3,70,1.0,3.56
view1,72,view3,71,1.0,0.0
view1,72,view3,73,1.0,0.28
view1,72,view3,77,1.0,0.0
view1,72,view3,79,1.0,1.2
view1,72,view3,81,1.0,2.52
view1,72,view3,82,1.0,3.4
view1,72,view3,88,1.0,6.16
view1,72,view3,90,1.0,7.76
view1,72,view3,94,1.0,8.76
view1,72,view3,96,1.0,10.84
view1,72,view3,99,1.0,11.6
view1,72,view3,100,1.0,11.96
view1,72,view3,106,1.0,14.8
view1,72,view3,108,1.0,15.68
view1,72,view3,109,1.0,16.68
view1,72,view3,113,1.0,18.16
view1,72,view3,119,1.0,18.52
view1,72,view3,121,1.0,19.36
view1,72,view3,124,1.0,20.48
view1,72,view3,128,1.0,22.76
view1,72,view3,129,1.0,23.04
view1,72,view3,131,1.0,25.48
view1,72,view3,136,1.0,26.92
view1,72,view3,144,1.0,29.68
view1,72,view3,150,1.0,32.44
view1,72,view3,153,1.0,34.8
view1,72,view3,154,1.0,35.72
view1,72,view3,157,1.0,37.92
view1,72,view3,163,1.0,40.28
view1,72,view3,165,1.0,40.36
view1,72,view3,169,1.0,40.88
view1,72,view3,181,1.0,43.52
view1,72,view3,186,1.0,46.8
view1,72,view3,188,1.0,47.64
view1,72,view3,195,1.0,48.8
view1,72,view3,202,1.0,51.12
view1,72,view3,203,1.0,51.16
view1,72,view3,205,1.0,51.56
view1,72,view3,206,1.0,52.84
view1,72,view3,209,1.0,53.68
view1,72,view3,212,1.0,54.08
view1,72,view3,214,1.0,55.44
view1,72,view3,215,1.0,57.64
view1,72,view3,216,1.0,57.76
view1,72,view3,217,1.0,58.0
view1,72,view3,223,1.0,60.32
view1,72,view3,225,1.0,60.96
view1,72,view3,227,1.0,61.76
view1,72,view3,230,1.0,62.64
view1,72,view3,231,1.0,62.72
view1,72,view3,233,1.0,65.88
view1,72,view3,236,1.0,67.84
view1,72,view3,240,1.0,70.0
view1,72,view3,243,1.0,71.08
view1,72,view3,244,1.0,72.16
view1,72,view3,252,1.0,76.68
view1,72,view3,256,1.0,78.44
view1,72,view3,260,1.0,80.6
view1,72,view3,266,1.0,84.72
view1,72,view3,267,1.0,84.8
view1,72,view3,269,1.0,85.36
view1,72,view3,272,1.0,86.96
view1,72,view3,280,1.0,91.48
view1,72,view3,282,1.0,92.32
view1,75,view2,2,0.9999,37.48
view1,75,view2,18,0.9999,0.0
view1,75,view2,21,1.0,46.08
view1,75,view2,26,1.0,40.72
view1,75,view2,27,0.9999,43.52
view1,75,view2,30,1.0,36.84
view1,75,view2,31,0.9999,28.64
view1,75,view2,33,0.9999,33.0
view1,75,view2,36,1.0,33.8
view1,75,view2,39,0.9999,17.2
view1,75,view2,41,0.9999,31.52
view1,75,view2,49,1.0,28.52
view1,75,view2,51,0.9999,23.32
view1,75,view2,62,1.0,22.44
view1,75,view2,63,0.9999,19.68
view1,75,view2,70,0.9999,19.32
view1,75,view2,71,0.9999,11.16
view1,75,view2,73,0.9999,0.0
view1,75,view2,75,0.9999,14.92
view1,75,view2,76,1.0,13.6
view1,75,view2,87,0.9999,11.88
view1,75,view2,90,0.9999,0.0
view1,75,view2,91,0.9999,1.36
view1,75,view2,92,1.0,7.56
view1,75,view2,102,1.0,5.28
view1,75,view2,116,0.9999,0.0
view1,75,view2,117,1.0,0.0
view1,75,view2,128,1.0,0.0
view1,75,view2,143,0.9999,0.0
view1,75,view2,145,0.9999,0.0
view1,75,view2,150,0.9999,0.0
view1,75,view2,151,0.9999,0.0
view1,75,view2,153,1.0,0.0
view1,75,view2,154,0.9999,0.0
view1,75,view2,155,0.9999,0.0
view1,75,view2,161,0.9999,0.28
view1,75,view2,170,1.0,4.76
view1,75,view2,176,0.9999,5.36
view1,75,view2,185,0.9999,9.6
view1,75,view2,187,1.0,10.56
view1,75,view2,194,0.9999,13.24
view1,75,view2,199,0.9999,15.32
view1,75,view2,200,0.9999,15.6
view1,75,view2,202,0.9999,17.0
view1,75,view2,204,0.9999,17.2
view1,75,view2,219,0.9999,20.16
view1,75,view2,223,0.9999,21.2
view1,75,view2,230,1.0,23.08
view1,75,view2,238,0.9999,24.6
view1,75,view2,247,0.9999,26.44
view1,75,view2,253,0.9999,28.8
view1,75,view2,257,0.9999,30.28
view1,75,view2,262,0.9999,32.88
view1,75,view2,275,1.0,36.96
view1,75,view2,281,0.9999,38.12
view1,75,view2,286,0.9999,40.4
view1,75,view2,288,0.9999,40.56
view1,75,view2,296,0.9999,44.04
view1,75,view2,299,0.9999,45.08
view1,75,view2,311,0.9999,48.44
view1,75,view2,316,0.9999,51.96
view1,75,view2,324,0.9999,54.96
view1,75,view2,327,1.0,55.8
view1,75,view2,340,0.9999,59.04
view1,75,view2,347,1.0,60.72
view1,75,view2,349,0.9999,62.12
view1,75,view2,354,0.9999,63.68
view1,75,view2,355,0.9999,64.08
view1,75,view2,357,1.0,64.68
view1,75,view2,361,0.9999,65.4
view1,75,view2,365,0.9999,67.4
view1,75,view2,375,0.9999,69.04
view1,75,view2,376,0.9999,69.24
view1,75,view2,379,0.9999,69.64
view1,75,view2,389,1.0,74.48
view1,75,view2,390,0.9999,74.88
view1,75,view2,391,0.9999,75.24
view1,75,view2,395,0.9999,77.0
view1,75,view2,397,0.9999,79.6
view1,75,view2,400,0.9999,80.44
view1,75,view2,401,0.9999,80.52
view1,75,view3,2,1.0,53.64
view1,75,view3,5,1.0,31.2
view1,75,view3,6,1.0,29.96
view1,75,view3,15,1.0,35.88
view1,75,view3,16,1.0,31.52
view1,75,view3,24,1.0,25.52
view1,75,view3,28,1.0,14.12
view1,75,view3,29,1.0,19.12
view1,75,view3,33,1.0,14.88
view1,75,view3,34,1.0,23.52
view1,75,view3,37,1.0,0.0
view1,75,view3,39,1.0,0.0
view1,75,view3,44,1.0,9.12
view1,75,view3,49,1.0,11.64
view1,75,view3,53,1.0,5.56
view1,75,view3,62,1.0,7.92
view1,75,view3,66,1.0,0.0
view1,75,view3,70,1.0,4.12
view1,75,view3,71,1.0,0.0
view1,75,view3,73,1.0,0.84
view1,75,view3,77,1.0,0.32
view1,75,view3,79,1.0,0.0
view1,75,view3,81,1.0,0.0
view1,75,view3,82,1.0,0.0
view1,75,view3,88,1.0,0.0
view1,75,view3,90,1.0,0.0
view1,75,view3,94,1.0,0.0
view1,75,view3,96,1.0,0.0
view1,75,view3,99,1.0,0.16
view1,75,view3,100,1.0,0.52
view1,75,view3,106,1.0,3.36
view1,75,view3,108,1.0,4.24
view1,75,view3,109,1.0,5.24
view1,75,view3,113,1.0,6.72
view1,75,view3,119,1.0,7.08
view1,75,view3,121,1.0,7.92
view1,75,view3,124,1.0,9.04
view1,75,view3,128,1.0,11.32
view1,75,view3,129,1.0,11.6
view1,75,view3,131,1.0,14.04
view1,75,view3,136,1.0,15.48
view1,75,view3,144,1.0,18.24
view1,75,view3,150,1.0,21.0
view1,75,view3,153,1.0,23.36
view1,75,view3,154,1.0,24.28
view1,75,view3,157,1.0,26.48
view1,75,view3,163,1.0,28.84
view1,75,view3,165,1.0,28.92
view1,75,view3,169,1.0,29.44
view1,75,view3,181,1.0,32.08
view1,75,view3,186,1.0,35.36
view1,75,view3,188,1.0,36.2
view1,75,view3,195,1.0,37.36
view1,75,view3,202,1.0,39.68
view1,75,view3,203,1.0,39.72
view1,75,view3,205,1.0,40.12
view1,75,view3,206,1.0,41.4
view1,75,view3,209,1.0,42.24
view1,75,view3,212,1.0,42.64
view1,75,view3,214,1.0,44.0
view1,75,view3,215,1.0,46.2
view1,75,view3,216,1.0,46.32
view1,75,view3,217,1.0,46.56
view1,75,view3,223,1.0,48.88
view1,75,view3,225,1.0,49.52
view1,75,view3,227,1.0,50.32
view1,75,view3,230,1.0,51.2
view1,75,view3,231,1.0,51.28
view1,75,view3,233,1.0,54.44
view1,75,view3,236,1.0,56.4
view1,75,view3,240,1.0,58.56
view1,75,view3,243,1.0,59.64
view1,75,view3,244,1.0,60.72
view1,75,view3,252,1.0,65.24
view1,75,view3,256,1.0,67.0
view1,75,view3,260,1.0,69.16
view1,75,view3,266,1.0,73.28
view1,75,view3,267,1.0,73.36
view1,75,view3,269,1.0,73.92
view1,75,view3,272,1.0,75.52
view1,75,view3,280,1.0,80.04
view1,75,view3,282,1.0,80.88
view1,77,view2,2,0.9999,37.76
view1,77,view2,18,0.9999,0.0
view1,77,view2,21,0.9999,46.36
view1,77,view2,26,0.9999,41.0
view1,77,view2,27,0.9999,43.8
view1,77,view2,30,0.9999,37.12
view1,77,view2,31,0.9999,28.92
view1,77,view2,33,0.9999,33.28
view1,77,view2,36,0.9999,34.08
view1,77,view2,39,0.9999,17.48
view1,77,view2,41,0.9999,31.8
view1,77,view2,49,0.9999,28.8
view1,77,view2,51,0.9999,23.6
view1,77,view2,62,0.9999,22.72
view1,77,view2,63,0.9999,19.96
view1,77,view2,70,0.9999,19.6
view1,77,view2,71,0.9999,11.44
view1,77,view2,73,0.9999,0.0
view1,77,view2,75,0.9999,15.2
view1,77,view2,76,0.9999,13.88
view1,77,view2,87,0.9999,12.16
view1,77,view2,90,0.9999,0.0
view1,77,view2,91,0.9999,1.64
view1,77,view2,92,0.9999,7.84
view1,77,view2,102,0.9999,5.56
view1,77,view2,116,0.9999,0.0
view1,77,view2,117,0.9999,0.0
view1,77,view2,128,0.9999,1.4
view1,77,view2,143,0.9999,3.2
view1,77,view2,145,0.9999,4.12
view1,77,view2,150,0.9999,4.4
view1,77,view2,151,0.9999,4.48
view1,77,view2,153,0.9999,5.0
view1,77,view2,154,0.9999,5.12
view1,77,view2,155,0.9999,5.44
view1,77,view2,161,0.9999,9.04
view1,77,view2,170,0.9999,13.52
view1,77,view2,176,0.9999,14.12
view1,77,view2,185,0.9999,18.36
view1,77,view2,187,0.9999,19.32
view1,77,view2,194,0.9999,22.0
view1,77,view2,199,0.9999,24.08
view1,77,view2,200,0.9999,24.36
view1,77,view2,202,0.9999,25.76
view1,77,view2,204,0.9999,25.96
view1,77,view2,219,0.9999,28.92
view1,77,view2,223,0.9999,29.96
view1,77,view2,230,0.9999,31.84
view1,77,view2,238,0.9999,33.36
view1,77,view2,247,0.9999,35.2
view1,77,view2,253,0.9999,37.56
view1,77,view2,257,0.9999,39.04
view1,77,view2,262,0.9999,41.64
view1,77,view2,275,0.9999,45.72
view1,77,view2,281,0.9999,46.88
view1,77,view2,286,0.9999,49.16
view1,77,view2,288,0.9999,49.32
view1,77,view2,296,0.9999,52.8
view1,77,view2,299,0.9999,53.84
view1,77,view2,311,0.9999,57.2
view1,77,view2,316,0.9999,60.72
view1,77,view2,324,0.9999,63.72
view1,77,view2,327,0.9999,64.56
view1,77,view2,340,0.9999,67.8
view1,77,view2,347,0.9999,69.48
view1,77,view2,349,0.9999,70.88
view1,77,view2,354,0.9999,72.44
view1,77,view2,355,0.9999,72.84
view1,77,view2,357,0.9999,73.44
view1,77,view2,361,0.9999,74.16
view1,77,view2,365,0.9999,76.16
view1,77,view2,375,0.9999,77.8
view1,77,view2,376,0.9999,78.0
view1,77,view2,379,0.9999,78.4
view1,77,view2,389,0.9999,83.24
view1,77,view2,390,0.9999,83.64
view1,77,view2,391,0.9999,84.0
view1,77,view2,395,0.9999,85.76
view1,77,view2,397,0.9999,88.36
view1,77,view2,400,0.9999,89.2
view1,77,view2,401,0.9999,89.28
view1,77,view3,2,1.0,53.92
view1,77,view3,5,1.0,31.48
view1,77,view3,6,1.0,30.24
view1,77,view3,15,1.0,36.16
view1,77,view3,16,1.0,31.8
view1,77,view3,24,1.0,25.8
view1,77,view3,28,1.0,14.4
view1,77,view3,29,1.0,19.4
view1,77,view3,33,1.0,15.16
view1,77,view3,34,1.0,23.8
view1,77,view3,37,1.0,0.0
view1,77,view3,39,1.0,0.0
view1,77,view3,44,1.0,9.4
view1,77,view3,49,1.0,11.92
view1,77,view3,53,1.0,5.84
view1,77,view3,62,1.0,8.2
view1,77,view3,66,1.0,0.0
view1,77,view3,70,1.0,4.4
view1,77,view3,71,1.0,0.0
view1,77,view3,73,1.0,1.12
view1,77,view3,77,1.0,0.6
view1,77,view3,79,1.0,0.0
view1,77,view3,81,1.0,0.0
view1,77,view3,82,1.0,0.72
view1,77,view3,88,1.0,3.48
view1,77,view3,90,1.0,5.08
view1,77,view3,94,1.0,6.08
view1,77,view3,96,1.0,8.16
view1,77,view3,99,1.0,8.92
view1,77,view3,100,1.0,9.28
view1,77,view3,106,1.0,12.12
view1,77,view3,108,1.0,13.0
view1,77,view3,109,1.0,14.0
view1,77,view3,113,1.0,15.48
view1,77,view3,119,1.0,15.84
view1,77,view3,121,1.0,16.68
view1,77,view3,124,1.0,17.8
view1,77,view3,128,1.0,20.08
view1,77,view3,129,1.0,20.36
view1,77,view3,131,1.0,22.8
view1,77,view3,136,1.0,24.24
view1,77,view3,144,1.0,27.0
view1,77,view3,150,1.0,29.76
view1,77,view3,153,1.0,32.12
view1,77,view3,154,1.0,33.04
view1,77,view3,157,1.0,35.24
view1,77,view3,163,1.0,37.6
view1,77,view3,165,1.0,37.68
view1,77,view3,169,1.0,38.2
view1,77,view3,181,1.0,40.84
view1,77,view3,186,1.0,44.12
view1,77,view3,188,1.0,44.96
view1,77,view3,195,1.0,46.12
view1,77,view3,202,1.0,48.44
view1,77,view3,203,1.0,48.48
view1,77,view3,205,1.0,48.88
view1,77,view3,206,1.0,50.16
view1,77,view3,209,1.0,51.0
view1,77,view3,212,1.0,51.4
view1,77,view3,214,1.0,52.76
view1,77,view3,215,1.0,54.96
view1,77,view3,216,1.0,55.08
view1,77,view3,217,1.0,55.32
view1,77,view3,223,1.0,57.64
view1,77,view3,225,1.0,58.28
view1,77,view3,227,1.0,59.08
view1,77,view3,230,1.0,59.96
view1,77,view3,231,1.0,60.04
view1,77,view3,233,1.0,63.2
view1,77,view3,236,1.0,65.16
view1,77,view3,240,1.0,67.32
view1,77,view3,243,1.0,68.4
view1,77,view3,244,1.0,69.48
view1,77,view3,252,1.0,74.0
view1,77,view3,256,1.0,75.76
view1,77,view3,260,1.0,77.92
view1,77,view3,266,1.0,82.04
view1,77,view3,267,1.0,82.12
view1,77,view3,269,1.0,82.68
view1,77,view3,272,1.0,84.28
view1,77,view3,280,1.0,88.8
view1,77,view3,282,1.0,89.64
view1,78,view2,2,0.9999,37.88
view1,78,view2,18,0.9999,0.0
view1,78,view2,21,0.9999,46.48
view1,78,view2,26,0.9999,41.12
view1,78,view2,27,0.9999,43.92
view1,78,view2,30,0.9999,37.24
view1,78,view2,31,0.9999,29.04
view1,78,view2,33,0.9999,33.4
view1,78,view2,36,0.9999,34.2
view1,78,view2,39,0.9999,17.6
view1,78,view2,41,0.9999,31.92
view1,78,view2,49,0.9999,28.92
view1,78,view2,51,0.9999,23.72
view1,78,view2,62,0.9999,22.84
view1,78,view2,63,0.9999,20.08
view1,78,view2,70,0.9999,19.72
view1,78,view2,71,0.9999,11.56
view1,78,view2,73,0.9999,0.0
view1,78,view2,75,0.9999,15.32
view1,78,view2,76,0.9999,14.0
view1,78,view2,87,0.9999,12.28
view1,78,view2,90,0.9999,0.0
view1,78,view2,91,0.9999,1.76
view1,78,view2,92,0.9999,7.96
view1,78,view2,102,0.9999,5.68
view1,78,view2,116,0.9999,0.0
view1,78,view2,117,0.9999,0.0
view1,78,view2,128,0.9999,0.0
view1,78,view2,143,0.9999,0.0
view1,78,view2,145,0.9999,0.0
view1,78,view2,150,0.9999,0.0
view1,78,view2,151,0.9999,0.0
view1,78,view2,153,0.9999,0.0
view1,78,view2,154,0.9999,0.0
view1,78,view2,155,0.9999,0.0
view1,78,view2,161,0.9999,0.88
view1,78,view2,170,0.9999,5.36
view1,78,view2,176,0.9999,5.96
view1,78,view2,185,0.9999,10.2
view1,78,view2,187,0.9999,11.16
view1,78,view2,194,0.9999,13.84
view1,78,view2,199,0.9999,15.92
view1,78,view2,200,0.9999,16.2
view1,78,view2,202,0.9999,17.6
view1,78,view2,204,0.9999,17.8
view1,78,view2,219,0.9999,20.76
view1,78,view2,223,0.9999,21.8
view1,78,view2,230,0.9999,23.68
view1,78,view2,238,0.9999,25.2
view1,78,view2,247,0.9999,27.04
view1,78,view2,253,0.9999,29.4
view1,78,view2,257,0.9999,30.88
view1,78,view2,262,0.9999,33.48
view1,78,view2,275,0.9999,37.56
view1,78,view2,281,0.9999,38.72
view1,78,view2,286,0.9999,41.0
view1,78,view2,288,0.9999,41.16
view1,78,view2,296,0.9999,44.64
view1,78,view2,299,0.9999,45.68
view1,78,view2,311,0.9999,49.04
view1,78,view2,316,0.9999,52.56
view1,78,view2,324,0.9999,55.56
view1,78,view2,327,0.9999,56.4
view1,78,view2,340,0.9999,59.64
view1,78,view2,347,0.9999,61.32
view1,78,view2,349,0.9999,62.72
view1,78,view2,354,0.9999,64.28
view1,78,view2,355,0.9999,64.68
view1,78,view2,357,0.9999,65.28
view1,78,view2,361,0.9999,66.0
view1,78,view2,365,0.9999,68.0
view1,78,view2,375,0.9999,69.64
view1,78,view2,376,0.9999,69.84
view1,78,view2,379,0.9999,70.24
view1,78,view2,389,0.9999,75.08
view1,78,view2,390,0.9999,75.48
view1,78,view2,391,0.9999,75.84
view1,78,view2,395,0.9999,77.6
view1,78,view2,397,0.9999,80.2
view1,78,view2,400,0.9999,81.04
view1,78,view2,401,0.9999,81.12
view1,78,view3,2,1.0,54.04
view1,78,view3,5,1.0,31.6
view1,78,view3,6,1.0,30.36
view1,78,view3,15,1.0,36.28
view1,78,view3,16,1.0,31.92
view1,78,view3,24,1.0,25.92
view1,78,view3,28,1.0,14.52
view1,78,view3,29,1.0,19.52
view1,78,view3,33,1.0,15.28
view1,78,view3,34,1.0,23.92
view1,78,view3,37,1.0,0.0
view1,78,view3,39,1.0,0.0
view1,78,view3,44,1.0,9.52
view1,78,view3,49,1.0,12.04
view1,78,view3,53,1.0,5.96
view1,78,view3,62,1.0,8.32
view1,78,view3,66,1.0,0.0
view1,78,view3,70,1.0,4.52
view1,78,view3,71,1.0,0.0
view1,78,view3,73,1.0,1.24
view1,78,view3,77,1.0,0.72
view1,78,view3,79,1.0,0.0
view1,78,view3,81,1.0,0.0
view1,78,view3,82,1.0,0.0
view1,78,view3,88,1.0,0.0
view1,78,view3,90,1.0,0.0
view1,78,view3,94,1.0,0.0
view1,78,view3,96,1.0,0.0
view1,78,view3,99,1.0,0.76
view1,78,view3,100,1.0,1.12
view1,78,view3,106,1.0,3.96
view1,78,view3,108,1.0,4.84
view1,78,view3,109,1.0,5.84
view1,78,view3,113,1.0,7.32
view1,78,view3,119,1.0,7.68
view1,78,view3,121,1.0,8.52
view1,78,view3,124,1.0,9.64
view1,78,view3,128,1.0,11.92
view1,78,view3,129,1.0,12.2
view1,78,view3,131,1.0,14.64
view1,78,view3,136,1.0,16.08
view1,78,view3,144,1.0,18.84
view1,78,view3,150,1.0,21.6
view1,78,view3,153,1.0,23.96
view1,78,view3,154,1.0,24.88
view1,78,view3,157,1.0,27.08
view1,78,view3,163,1.0,29.44
view1,78,view3,165,1.0,29.52
view1,78,view3,169,1.0,30.04
view1,78,view3,181,1.0,32.68
view1,78,view3,186,1.0,35.96
view1,78,view3,188,1.0,36.8
view1,78,view3,195,1.0,37.96
view1,78,view3,202,1.0,40.28
view1,78,view3,203,1.0,40.32
view1,78,view3,205,1.0,40.72
view1,78,view3,206,1.0,42.0
view1,78,view3,209,1.0,42.84
view1,78,view3,212,1.0,43.24
view1,78,view3,214,1.0,44.6
view1,78,view3,215,1.0,46.8
view1,78,view3,216,1.0,46.92
view1,78,view3,217,1.0,47.16
view1,78,view3,223,1.0,49.48
view1,78,view3,225,1.0,50.12
view1,78,view3,227,1.0,50.92
view1,78,view3,230,1.0,51.8
view1,78,view3,231,1.0,51.88
view1,78,view3,233,1.0,55.04
view1,78,view3,236,1.0,57.0
view1,78,view3,240,1.0,59.16
view1,78,view3,243,1.0,60.24
view1,78,view3,244,1.0,61.32
view1,78,view3,252,1.0,65.84
view1,78,view3,256,1.0,67.6
view1,78,view3,260,1.0,69.76
view1,78,view3,266,1.0,73.88
view1,78,view3,267,1.0,73.96
view1,78,view3,269,1.0,74.52
view1,78,view3,272,1.0,76.12
view1,78,view3,280,1.0,80.64
view1,78,view3,282,1.0,81.48
view1,84,view2,2,0.9999,41.48
view1,84,view2,18,0.9999,1.4
view1,84,view2,21,0.9999,50.08
view1,84,view2,26,0.9999,44.72
view1,84,view2,27,0.9999,47.52
view1,84,view2,30,0.9999,40.84
view1,84,view2,31,0.9999,32.64
view1,84,view2,33,0.9999,37.0
view1,84,view2,36,0.9999,37.8
view1,84,view2,39,0.9999,21.2
view1,84,view2,41,0.9999,35.52
view1,84,view2,49,0.9999,32.52
view1,84,view2,51,0.9999,27.32
view1,84,view2,62,0.9999,26.44
view1,84,view2,63,0.9999,23.68
view1,84,view2,70,0.9999,23.32
view1,84,view2,71,0.9999,15.16
view1,84,view2,73,0.9999,0.0
view1,84,view2,75,0.9999,18.92
view1,84,view2,76,0.9999,17.6
view1,84,view2,87,0.9999,15.88
view1,84,view2,90,0.9999,0.0
view1,84,view2,91,0.9999,5.36
view1,84,view2,92,0.9999,11.56
view1,84,view2,102,0.9999,9.28
view1,84,view2,116,0.9999,0.0
view1,84,view2,117,0.9999,3.48
view1,84,view2,128,0.9999,0.0
view1,84,view2,143,0.9999,0.0
view1,84,view2,145,0.9999,0.0
view1,84,view2,150,0.9999,0.0
view1,84,view2,151,0.9999,0.0
view1,84,view2,153,0.9999,0.44
view1,84,view2,154,0.9999,0.56
view1,84,view2,155,0.9999,0.88
view1,84,view2,161,0.9999,4.48
view1,84,view2,170,0.9999,8.96
view1,84,view2,176,0.9999,9.56
view1,84,view2,185,0.9999,13.8
view1,84,view2,187,0.9999,14.76
view1,84,view2,194,0.9999,17.44
view1,84,view2,199,0.9999,19.52
view1,84,view2,200,0.9999,19.8
view1,84,view2,202,0.9999,21.2
view1,84,view2,204,0.9999,21.4
view1,84,view2,219,0.9999,24.36
view1,84,view2,223,0.9999,25.4
view1,84,view2,230,0.9999,27.28
view1,84,view2,238,0.9999,28.8
view1,84,view2,247,0.9999,30.64
view1,84,view2,253,0.9999,33.0
view1,84,view2,257,0.9999,34.48
view1,84,view2,262,0.9999,37.08
view1,84,view2,275,0.9999,41.16
view1,84,view2,281,0.9999,42.32
view1,84,view2,286,0.9999,44.6
view1,84,view2,288,0.9999,44.76
view1,84,view2,296,0.9999,48.24
view1,84,view2,299,0.9999,49.28
view1,84,view2,311,0.9999,52.64
view1,84,view2,316,0.9999,56.16
view1,84,view2,324,0.9999,59.16
view1,84,view2,327,0.9999,60.0
view1,84,view2,340,0.9999,63.24
view1,84,view2,347,0.9999,64.92
view1,84,view2,349,0.9999,66.32
view1,84,view2,354,0.9999,67.88
view1,84,view2,355,0.9999,68.28
view1,84,view2,357,0.9999,68.88
view1,84,view2,361,0.9999,69.6
view1,84,view2,365,0.9999,71.6
view1,84,view2,375,0.9999,73.24
view1,84,view2,376,0.9999,73.44
view1,84,view2,379,0.9999,73.84
view1,84,view2,389,0.9999,78.68
view1,84,view2,390,0.9999,79.08
view1,84,view2,391,0.9999,79.44
view1,84,view2,395,0.9999,81.2
view1,84,view2,397,0.9999,83.8
view1,84,view2,400,0.9999,84.64
view1,84,view2,401,0.9999,84.72
view1,84,view3,2,1.0,57.64
view1,84,view3,5,1.0,35.2
view1,84,view3,6,1.0,33.96
view1,84,view3,15,1.0,39.88
view1,84,view3,16,1.0,35.52
view1,84,view3,24,1.0,29.52
view1,84,view3,28,1.0,18.12
view1,84,view3,29,1.0,23.12
view1,84,view3,33,1.0,18.88
view1,84,view3,34,1.0,27.52
view1,84,view3,37,1.0,1.24
view1,84,view3,39,1.0,0.0
view1,84,view3,44,1.0,13.12
view1,84,view3,49,1.0,15.64
view1,84,view3,53,1.0,9.56
view1,84,view3,62,1.0,11.92
view1,84,view3,66,1.0,3.48
view1,84,view3,70,1.0,8.12
view1,84,view3,71,1.0,0.0
view1,84,view3,73,1.0,4.84
view1,84,view3,77,1.0,4.32
view1,84,view3,79,1.0,2.16
view1,84,view3,81,1.0,0.0
view1,84,view3,82,1.0,0.0
view1,84,view3,88,1.0,0.0
view1,84,view3,90,1.0,0.52
view1,84,view3,94,1.0,1.52
view1,84,view3,96,1.0,3.6
view1,84,view3,99,1.0,4.36
view1,84,view3,100,1.0,4.72
view1,84,view3,106,1.0,7.56
view1,84,view3,108,1.0,8.44
view1,84,view3,109,1.0,9.44
view1,84,view3,113,1.0,10.92
view1,84,view3,119,1.0,11.28
view1,84,view3,121,1.0,12.12
view1,84,view3,124,1.0,13.24
view1,84,view3,128,1.0,15.52
view1,84,view3,129,1.0,15.8
view1,84,view3,131,1.0,18.24
view1,84,view3,136,1.0,19.68
view1,84,view3,144,1.0,22.44
view1,84,view3,150,1.0,25.2
view1,84,view3,153,1.0,27.56
view1,84,view3,154,1.0,28.48
view1,84,view3,157,1.0,30.68
view1,84,view3,163,1.0,33.04
view1,84,view3,165,1.0,33.12
view1,84,view3,169,1.0,33.64
view1,84,view3,181,1.0,36.28
view1,84,view3,186,1.0,39.56
view1,84,view3,188,1.0,40.4
view1,84,view3,195,1.0,41.56
view1,84,view3,202,1.0,43.88
view1,84,view3,203,1.0,43.92
view1,84,view3,205,1.0,44.32
view1,84,view3,206,1.0,45.6
view1,84,view3,209,1.0,46.44
view1,84,view3,212,1.0,46.84
view1,84,view3,214,1.0,48.2
view1,84,view3,215,1.0,50.4
view1,84,view3,216,1.0,50.52
view1,84,view3,217,1.0,50.76
view1,84,view3,223,1.0,53.08
view1,84,view3,225,1.0,53.72
view1,84,view3,227,1.0,54.52
view1,84,view3,230,1.0,55.4
view1,84,view3,231,1.0,55.48
view1,84,view3,233,1.0,58.64
view1,84,view3,236,1.0,60.6
view1,84,view3,240,1.0,62.76
view1,84,view3,243,1.0,63.84
view1,84,view3,244,1.0,64.92
view1,84,view3,252,1.0,69.44
view1,84,view3,256,1.0,71.2
view1,84,view3,260,1.0,73.36
view1,84,view3,266,1.0,77.48
view1,84,view3,267,1.0,77.56
view1,84,view3,269,1.0,78.12
view1,84,view3,272,1.0,79.72
view1,84,view3,280,1.0,84.24
view1,84,view3,282,1.0,85.08
view1,89,view2,2,0.9999,45.88
view1,89,view2,18,0.9999,5.8
view1,89,view2,21,0.9999,54.48
view1,89,view2,26,0.9999,49.12
view1,89,view2,27,0.9999,51.92
view1,89,view2,30,0.9999,45.24
view1,89,view2,31,0.9999,37.04
view1,89,view2,33,0.9999,41.4
view1,89,view2,36,0.9999,42.2
view1,89,view2,39,0.9999,25.6
view1,89,view2,41,0.9999,39.92
view1,89,view2,49,0.9999,36.92
view1,89,view2,51,0.9999,31.72
view1,89,view2,62,0.9999,30.84
view1,89,view2,63,0.9999,28.08
view1,89,view2,70,0.9999,27.72
view1,89,view2,71,0.9999,19.56
view1,89,view2,73,0.9999,0.0
view1,89,view2,75,0.9999,23.32
view1,89,view2,76,0.9999,22.0
view1,89,view2,87,0.9999,20.28
view1,89,view2,90,0.9999,2.12
view1,89,view2,91,0.9999,9.76
view1,89,view2,92,0.9999,15.96
view1,89,view2,102,0.9999,13.68
view1,89,view2,116,0.9999,2.68
view1,89,view2,117,0.9999,7.88
view1,89,view2,128,0.9999,3.72
view1,89,view2,143,0.9999,0.0
view1,89,view2,145,0.9999,1.92
view1,89,view2,150,0.9999,0.92
view1,89,view2,151,0.9999,1.0
view1,89,view2,153,0.9999,0.52
view1,89,view2,154,0.9999,0.0
view1,89,view2,155,0.9999,0.0
view1,89,view2,161,0.9999,1.32
view1,89,view2,170,0.9999,5.8
view1,89,view2,176,0.9999,6.4
view1,89,view2,185,0.9999,10.64
view1,89,view2,187,0.9999,11.6
view1,89,view2,194,0.9999,14.28
view1,89,view2,199,0.9999,16.36
view1,89,view2,200,0.9999,16.64
view1,89,view2,202,0.9999,18.04
view1,89,view2,204,0.9999,18.24
view1,89,view2,219,0.9999,21.2
view1,89,view2,223,0.9999,22.24
view1,89,view2,230,0.9999,24.12
view1,89,view2,238,0.9999,25.64
view1,89,view2,247,0.9999,27.48
view1,89,view2,253,0.9999,29.84
view1,89,view2,257,0.9999,31.32
view1,89,view2,262,0.9999,33.92
view1,89,view2,275,0.9999,38.0
view1,89,view2,281,0.9999,39.16
view1,89,view2,286,0.9999,41.44
view1,89,view2,288,0.9999,41.6
view1,89,view2,296,0.9999,45.08
view1,89,view2,299,0.9999,46.12
view1,89,view2,311,0.9999,49.48
view1,89,view2,316,0.9999,53.0
view1,89,view2,324,0.9999,56.0
view1,89,view2,327,0.9999,56.84
view1,89,view2,340,0.9999,60.08
view1,89,view2,347,0.9999,61.76
view1,89,view2,349,0.9999,63.16
view1,89,view2,354,0.9999,64.72
view1,89,view2,355,0.9999,65.12
view1,89,view2,357,0.9999,65.72
view1,89,view2,361,0.9999,66.44
view1,89,view2,365,0.9999,68.44
view1,89,view2,375,0.9999,70.08
view1,89,view2,376,0.9999,70.28
view1,89,view2,379,0.9999,70.68
view1,89,view2,389,0.9999,75.52
view1,89,view2,390,0.9999,75.92
view1,89,view2,391,0.9999,76.28
view1,89,view2,395,0.9999,78.04
view1,89,view2,397,0.9999,80.64
view1,89,view2,400,0.9999,81.48
view1,89,view2,401,0.9999,81.56
view1,89,view3,2,1.0,62.04
view1,89,view3,5,1.0,39.6
view1,89,view3,6,1.0,38.36
view1,89,view3,15,1.0,44.28
view1,89,view3,16,1.0,39.92
view1,89,view3,24,1.0,33.92
view1,89,view3,28,1.0,22.52
view1,89,view3,29,1.0,27.52
view1,89,view3,33,1.0,23.28
view1,89,view3,34,1.0,31.92
view1,89,view3,37,1.0,5.64
view1,89,view3,39,1.0,1.52
view1,89,view3,44,1.0,17.52
view1,89,view3,49,1.0,20.04
view1,89,view3,53,1.0,13.96
view1,89,view3,62,1.0,16.32
view1,89,view3,66,1.0,7.88
view1,89,view3,70,1.0,12.52
view1,89,view3,71,1.0,1.2
view1,89,view3,73,1.0,9.24
view1,89,view3,77,1.0,8.72
view1,89,view3,79,1.0,6.56
view1,89,view3,81,1.0,1.24
view1,89,view3,82,1.0,0.0
view1,89,view3,88,1.0,0.0
view1,89,view3,90,1.0,0.0
view1,89,view3,94,1.0,0.0
view1,89,view3,96,1.0,0.44
view1,89,view3,99,1.0,1.2
view1,89,view3,100,1.0,1.56
view1,89,view3,106,1.0,4.4
view1,89,view3,108,1.0,5.28
view1,89,view3,109,1.0,6.28
view1,89,view3,113,1.0,7.76
view1,89,view3,119,1.0,8.12
view1,89,view3,121,1.0,8.96
view1,89,view3,124,1.0,10.08
view1,89,view3,128,1.0,12.36
view1,89,view3,129,1.0,12.64
view1,89,view3,131,1.0,15.08
view1,89,view3,136,1.0,16.52
view1,89,view3,144,1.0,19.28
view1,89,view3,150,1.0,22.04
view1,89,view3,153,1.0,24.4
view1,89,view3,154,1.0,25.32
view1,89,view3,157,1.0,27.52
view1,89,view3,163,1.0,29.88
view1,89,view3,165,1.0,29.96
view1,89,view3,169,1.0,30.48
view1,89,view3,181,1.0,33.12
view1,89,view3,186,1.0,36.4
view1,89,view3,188,1.0,37.24
view1,89,view3,195,1.0,38.4
view1,89,view3,202,1.0,40.72
view1,89,view3,203,1.0,40.76
view1,89,view3,205,1.0,41.16
view1,89,view3,206,1.0,42.44
view1,89,view3,209,1.0,43.28
view1,89,view3,212,1.0,43.68
view1,89,view3,214,1.0,45.04
view1,89,view3,215,1.0,47.24
view1,89,view3,216,1.0,47.36
view1,89,view3,217,1.0,47.6
view1,89,view3,223,1.0,49.92
view1,89,view3,225,1.0,50.56
view1,89,view3,227,1.0,51.36
view1,89,view3,230,1.0,52.24
view1,89,view3,231,1.0,52.32
view1,89,view3,233,1.0,55.48
view1,89,view3,236,1.0,57.44
view1,89,view3,240,1.0,59.6
view1,89,view3,243,1.0,60.68
view1,89,view3,244,1.0,61.76
view1,89,view3,252,1.0,66.28
view1,89,view3,256,1.0,68.04
view1,89,view3,260,1.0,70.2
view1,89,view3,266,1.0,74.32
view1,89,view3,267,1.0,74.4
view1,89,view3,269,1.0,74.96
view1,89,view3,272,1.0,76.56
view1,89,view3,280,1.0,81.08
view1,89,view3,282,1.0,81.92
view1,100,view2,2,0.9999,47.84
view1,100,view2,18,0.9999,7.76
view1,100,view2,21,0.9999,56.44
view1,100,view2,26,0.9999,51.08
view1,100,view2,27,0.9999,53.88
view1,100,view2,30,0.9999,47.2
view1,100,view2,31,0.9999,39.0
view1,100,view2,33,0.9999,43.36
view1,100,view2,36,0.9999,44.16
view1,100,view2,39,0.9999,27.56
view1,100,view2,41,0.9999,41.88
view1,100,view2,49,0.9999,38.88
view1,100,view2,51,0.9999,33.68
view1,100,view2,62,0.9999,32.8
view1,100,view2,63,0.9999,30.04
view1,100,view2,70,0.9999,29.68
view1,100,view2,71,0.9999,21.52
view1,100,view2,73,0.9999,0.0
view1,100,view2,75,0.9999,25.28
view1,100,view2,76,0.9999,23.96
view1,100,view2,87,0.9999,22.24
view1,100,view2,90,0.9999,4.08
view1,100,view2,91,0.9999,11.72
view1,100,view2,92,0.9999,17.92
view1,100,view2,102,0.9999,15.64
view1,100,view2,116,0.9999,4.64
view1,100,view2,117,0.9999,9.84
view1,100,view2,128,0.9999,5.68
view1,100,view2,143,0.9999,0.0
view1,100,view2,145,0.9999,3.88
view1,100,view2,150,0.9999,2.88
view1,100,view2,151,0.9999,2.96
view1,100,view2,153,0.9999,2.48
view1,100,view2,154,0.9999,0.0
view1,100,view2,155,0.9999,0.0
view1,100,view2,161,0.9999,0.0
view1,100,view2,170,0.9999,0.0
view1,100,view2,176,0.9999,0.12
view1,100,view2,185,0.9999,4.36
view1,100,view2,187,0.9999,5.32
view1,100,view2,194,0.9999,8.0
view1,100,view2,199,0.9999,10.08
view1,100,view2,200,0.9999,10.36
view1,100,view2,202,0.9999,11.76
view1,100,view2,204,0.9999,11.96
view1,100,view2,219,0.9999,14.92
view1,100,view2,223,0.9999,15.96
view1,100,view2,230,0.9999,17.84
view1,100,view2,238,0.9999,19.36
view1,100,view2,247,0.9999,21.2
view1,100,view2,253,0.9999,23.56
view1,100,view2,257,0.9999,25.04
view1,100,view2,262,0.9999,27.64
view1,100,view2,275,0.9999,31.72
view1,100,view2,281,0.9999,32.88
view1,100,view2,286,0.9999,35.16
view1,100,view2,288,0.9999,35.32
view1,100,view2,296,0.9999,38.8
view1,100,view2,299,0.9999,39.84
view1,100,view2,311,0.9999,43.2
view1,100,view2,316,0.9999,46.72
view1,100,view2,324,0.9999,49.72
view1,100,view2,327,0.9999,50.56
view1,100,view2,340,0.9999,53.8
view1,100,view2,347,0.9999,55.48
view1,100,view2,349,0.9999,56.88
view1,100,view2,354,0.9999,58.44
view1,100,view2,355,0.9999,58.84
view1,100,view2,357,0.9999,59.44
view1,100,view2,361,0.9999,60.16
view1,100,view2,365,0.9999,62.16
view1,100,view2,375,0.9999,63.8
view1,100,view2,376,0.9999,64.0
view1,100,view2,379,0.9999,64.4
view1,100,view2,389,0.9999,69.24
view1,100,view2,390,0.9999,69.64
view1,100,view2,391,0.9999,70.0
view1,100,view2,395,0.9999,71.76
view1,100,view2,397,0.9999,74.36
view1,100,view2,400,0.9999,75.2
view1,100,view2,401,0.9999,75.28
view1,100,view3,2,1.0,64.0
view1,100,view3,5,1.0,41.56
view1,100,view3,6,1.0,40.32
view1,100,view3,15,1.0,46.24
view1,100,view3,16,1.0,41.88
view1,100,view3,24,1.0,35.88
view1,100,view3,28,1.0,24.48
view1,100,view3,29,1.0,29.48
view1,100,view3,33,1.0,25.24
view1,100,view3,34,1.0,33.88
view1,100,view3,37,1.0,7.6
view1,100,view3,39,1.0,3.48
view1,100,view3,44,1.0,19.48
view1,100,view3,49,1.0,22.0
view1,100,view3,53,1.0,15.92
view1,100,view3,62,1.0,18.28
view1,100,view3,66,1.0,9.84
view1,100,view3,70,1.0,14.48
view1,100,view3,71,1.0,3.16
view1,100,view3,73,1.0,11.2
view1,100,view3,77,1.0,10.68
view1,100,view3,79,1.0,8.52
view1,100,view3,81,1.0,3.2
view1,100,view3,82,1.0,0.0
view1,100,view3,88,1.0,0.0
view1,100,view3,90,1.0,0.12
view1,100,view3,94,1.0,0.0
view1,100,view3,96,1.0,0.0
view1,100,view3,99,1.0,0.0
view1,100,view3,100,1.0,0.0
view1,100,view3,106,1.0,0.0
view1,100,view3,108,1.0,0.0
view1,100,view3,109,1.0,0.0
view1,100,view3,113,1.0,1.48
view1,100,view3,119,1.0,1.84
view1,100,view3,121,1.0,2.68
view1,100,view3,124,1.0,3.8
view1,100,view3,128,1.0,6.08
view1,100,view3,129,1.0,6.36
view1,100,view3,131,1.0,8.8
view1,100,view3,136,1.0,10.24
view1,100,view3,144,1.0,13.0
view1,100,view3,150,1.0,15.76
view1,100,view3,153,1.0,18.12
view1,100,view3,154,1.0,19.04
view1,100,view3,157,1.0,21.24
view1,100,view3,163,1.0,23.6
view1,100,view3,165,1.0,23.68
view1,100,view3,169,1.0,24.2
view1,100,view3,181,1.0,26.84
view1,100,view3,186,1.0,30.12
view1,100,view3,188,1.0,30.96
view1,100,view3,195,1.0,32.12
view1,100,view3,202,1.0,34.44
view1,100,view3,203,1.0,34.48
view1,100,view3,205,1.0,34.88
view1,100,view3,206,1.0,36.16
view1,100,view3,209,1.0,37.0
view1,100,view3,212,1.0,37.4
view1,100,view3,214,1.0,38.76
view1,100,view3,215,1.0,40.96
view1,100,view3,216,1.0,41.08
view1,100,view3,217,1.0,41.32
view1,100,view3,223,1.0,43.64
view1,100,view3,225,1.0,44.28
view1,100,view3,227,1.0,45.08
view1,100,view3,230,1.0,45.96
view1,100,view3,231,1.0,46.04
view1,100,view3,233,1.0,49.2
view1,100,view3,236,1.0,51.16
view1,100,view3,240,1.0,53.32
view1,100,view3,243,1.0,54.4
view1,100,view3,244,1.0,55.48
view1,100,view3,252,1.0,60.0
view1,100,view3,256,1.0,61.76
view1,100,view3,260,1.0,63.92
view1,100,view3,266,1.0,68.04
view1,100,view3,267,1.0,68.12
view1,100,view3,269,1.0,68.68
view1,100,view3,272,1.0,70.28
view1,100,view3,280,1.0,74.8
view1,100,view3,282,1.0,75.64
view1,101,view2,2,0.9999,47.84
view1,101,view2,18,0.9999,7.76
view1,101,view2,21,0.9999,56.44
view1,101,view2,26,1.0,51.08
view1,101,view2,27,0.9999,53.88
view1,101,view2,30,1.0,47.2
view1,101,view2,31,0.9999,39.0
view1,101,view2,33,0.9999,43.36
view1,101,view2,36,0.9999,44.16
view1,101,view2,39,0.9999,27.56
view1,101,view2,41,0.9999,41.88
view1,101,view2,49,0.9999,38.88
view1,101,view2,51,0.9999,33.68
view1,101,view2,62,0.9999,32.8
view1,101,view2,63,0.9999,30.04
view1,101,view2,70,0.9999,29.68
view1,101,view2,71,0.9999,21.52
view1,101,view2,73,0.9999,0.0
view1,101,view2,75,0.9999,25.28
view1,101,view2,76,0.9999,23.96
view1,101,view2,87,0.9999,22.24
view1,101,view2,90,0.9999,4.08
view1,101,view2,91,0.9999,11.72
view1,101,view2,92,0.9999,17.92
view1,101,view2,102,0.9999,15.64
view1,101,view2,116,0.9999,4.64
view1,101,view2,117,0.9999,9.84
view1,101,view2,128,0.9999,5.68
view1,101,view2,143,0.9999,0.0
view1,101,view2,145,0.9999,3.88
view1,101,view2,150,0.9999,2.88
view1,101,view2,151,0.9999,2.96
view1,101,view2,153,1.0,2.48
view1,101,view2,154,0.9999,0.0
view1,101,view2,155,0.9999,0.0
view1,101,view2,161,0.9999,0.0
view1,101,view2,170,0.9999,2.08
view1,101,view2,176,0.9999,2.68
view1,101,view2,185,0.9999,6.92
view1,101,view2,187,1.0,7.88
view1,101,view2,194,0.9999,10.56
view1,101,view2,199,0.9999,12.64
view1,101,view2,200,0.9999,12.92
view1,101,view2,202,0.9999,14.32
view1,101,view2,204,0.9999,14.52
view1,101,view2,219,0.9999,17.48
view1,101,view2,223,0.9999,18.52
view1,101,view2,230,0.9999,20.4
view1,101,view2,238,0.9999,21.92
view1,101,view2,247,0.9999,23.76
view1,101,view2,253,0.9999,26.12
view1,101,view2,257,0.9999,27.6
view1,101,view2,262,0.9999,30.2
view1,101,view2,275,1.0,34.28
view1,101,view2,281,0.9999,35.44
view1,101,view2,286,0.9999,37.72
view1,101,view2,288,0.9999,37.88
view1,101,view2,296,0.9999,41.36
view1,101,view2,299,0.9999,42.4
view1,101,view2,311,0.9999,45.76
view1,101,view2,316,0.9999,49.28
view1,101,view2,324,0.9999,52.28
view1,101,view2,327,1.0,53.12
view1,101,view2,340,0.9999,56.36
view1,101,view2,347,1.0,58.04
view1,101,view2,349,0.9999,59.44
view1,101,view2,354,0.9999,61.0
view1,101,view2,355,0.9999,61.4
view1,101,view2,357,0.9999,62.0
view1,101,view2,361,0.9999,62.72
view1,101,view2,365,0.9999,64.72
view1,101,view2,375,0.9999,66.36
view1,101,view2,376,0.9999,66.56
view1,101,view2,379,0.9999,66.96
view1,101,view2,389,1.0,71.8
view1,101,view2,390,0.9999,72.2
view1,101,view2,391,0.9999,72.56
view1,101,view2,395,0.9999,74.32
view1,101,view2,397,0.9999,76.92
view1,101,view2,400,0.9999,77.76
view1,101,view2,401,0.9999,77.84
view1,101,view3,2,1.0,64.0
view1,101,view3,5,1.0,41.56
view1,101,view3,6,1.0,40.32
view1,101,view3,15,1.0,46.24
view1,101,view3,16,1.0,41.88
view1,101,view3,24,1.0,35.88
view1,101,view3,28,1.0,24.48
view1,101,view3,29,1.0,29.48
view1,101,view3,33,1.0,25.24
view1,101,view3,34,1.0,33.88
view1,101,view3,37,1.0,7.6
view1,101,view3,39,1.0,3.48
view1,101,view3,44,1.0,19.48
view1,101,view3,49,1.0,22.0
view1,101,view3,53,1.0,15.92
view1,101,view3,62,1.0,18.28
view1,101,view3,66,1.0,9.84
view1,101,view3,70,1.0,14.48
view1,101,view3,71,1.0,3.16
view1,101,view3,73,1.0,11.2
view1,101,view3,77,1.0,10.68
view1,101,view3,79,1.0,8.52
view1,101,view3,81,1.0,3.2
view1,101,view3,82,1.0,0.0
view1,101,view3,88,1.0,0.0
view1,101,view3,90,1.0,0.12
view1,101,view3,94,1.0,0.0
view1,101,view3,96,1.0,0.0
view1,101,view3,99,1.0,0.0
view1,101,view3,100,1.0,0.0
view1,101,view3,106,1.0,0.68
view1,101,view3,108,1.0,1.56
view1,101,view3,109,1.0,2.56
view1,101,view3,113,1.0,4.04
view1,101,view3,119,1.0,4.4
view1,101,view3,121,1.0,5.24
view1,101,view3,124,1.0,6.36
view1,101,view3,128,1.0,8.64
view1,101,view3,129,1.0,8.92
view1,101,view3,131,1.0,11.36
view1,101,view3,136,1.0,12.8
view1,101,view3,144,1.0,15.56
view1,101,view3,150,1.0,18.32
view1,101,view3,153,1.0,20.68
view1,101,view3,154,1.0,21.6
view1,101,view3,157,1.0,23.8
view1,101,view3,163,1.0,26.16
view1,101,view3,165,1.0,26.24
view1,101,view3,169,1.0,26.76
view1,101,view3,181,1.0,29.4
view1,101,view3,186,1.0,32.68
view1,101,view3,188,1.0,33.52
view1,101,view3,195,1.0,34.68
view1,101,view3,202,1.0,37.0
view1,101,view3,203,1.0,37.04
view1,101,view3,205,1.0,37.44
view1,101,view3,206,1.0,38.72
view1,101,view3,209,1.0,39.56
view1,101,view3,212,1.0,39.96
view1,101,view3,214,1.0,41.32
view1,101,view3,215,1.0,43.52
view1,101,view3,216,1.0,43.64
view1,101,view3,217,1.0,43.88
view1,101,view3,223,1.0,46.2
view1,101,view3,225,1.0,46.84
view1,101,view3,227,1.0,47.64
view1,101,view3,230,1.0,48.52
view1,101,view3,231,1.0,48.6
view1,101,view3,233,1.0,51.76
view1,101,view3,236,1.0,53.72
view1,101,view3,240,1.0,55.88
view1,101,view3,243,1.0,56.96
view1,101,view3,244,1.0,58.04
view1,101,view3,252,1.0,62.56
view1,101,view3,256,1.0,64.32
view1,101,view3,260,1.0,66.48
view1,101,view3,266,1.0,70.6
view1,101,view3,267,1.0,70.68
view1,101,view3,269,1.0,71.24
view1,101,view3,272,1.0,72.84
view1,101,view3,280,1.0,77.36
view1,101,view3,282,1.0,78.2
view1,104,view2,2,0.9999,48.08
view1,104,view2,18,0.9999,8.0
view1,104,view2,21,1.0,56.68
view1,104,view2,26,1.0,51.32
view1,104,view2,27,0.9999,54.12
view1,104,view2,30,1.0,47.44
view1,104,view2,31,0.9999,39.24
view1,104,view2,33,0.9999,43.6
view1,104,view2,36,1.0,44.4
view1,104,view2,39,0.9999,27.8
view1,104,view2,41,0.9999,42.12
view1,104,view2,49,0.9999,39.12
view1,104,view2,51,0.9999,33.92
view1,104,view2,62,0.9999,33.04
view1,104,view2,63,0.9999,30.28
view1,104,view2,70,0.9999,29.92
view1,104,view2,71,0.9999,21.76
view1,104,view2,73,0.9999,0.0
view1,104,view2,75,0.9999,25.52
view1,104,view2,76,0.9999,24.2
view1,104,view2,87,0.9999,22.48
view1,104,view2,90,0.9999,4.32
view1,104,view2,91,0.9999,11.96
view1,104,view2,92,0.9999,18.16
view1,104,view2,102,1.0,15.88
view1,104,view2,116,0.9999,4.88
view1,104,view2,117,1.0,10.08
view1,104,view2,128,0.9999,5.92
view1,104,view2,143,0.9999,0.0
view1,104,view2,145,0.9999,4.12
view1,104,view2,150,0.9999,3.12
view1,104,view2,151,0.9999,3.2
view1,104,view2,153,1.0,2.72
view1,104,view2,154,0.9999,0.0
view1,104,view2,155,0.9999,0.0
view1,104,view2,161,0.9999,0.0
view1,104,view2,170,1.0,0.0
view1,104,view2,176,0.9999,0.0
view1,104,view2,185,0.9999,0.0
view1,104,view2,187,1.0,0.0
view1,104,view2,194,0.9999,0.0
view1,104,view2,199,0.9999,0.0
view1,104,view2,200,0.9999,0.0
view1,104,view2,202,0.9999,0.0
view1,104,view2,204,0.9999,0.0
view1,104,view2,219,0.9999,2.44
view1,104,view2,223,0.9999,3.48
view1,104,view2,230,1.0,5.36
view1,104,view2,238,0.9999,6.88
view1,104,view2,247,0.9999,8.72
view1,104,view2,253,0.9999,11.08
view1,104,view2,257,0.9999,12.56
view1,104,view2,262,0.9999,15.16
view1,104,view2,275,1.0,19.24
view1,104,view2,281,0.9999,20.4
view1,104,view2,286,0.9999,22.68
view1,104,view2,288,0.9999,22.84
view1,104,view2,296,0.9999,26.32
view1,104,view2,299,0.9999,27.36
view1,104,view2,311,0.9999,30.72
view1,104,view2,316,0.9999,34.24
view1,104,view2,324,0.9999,37.24
view1,104,view2,327,1.0,38.08
view1,104,view2,340,0.9999,41.32
view1,104,view2,347,1.0,43.0
view1,104,view2,349,0.9999,44.4
view1,104,view2,354,0.9999,45.96
view1,104,view2,355,0.9999,46.36
view1,104,view2,357,0.9999,46.96
view1,104,view2,361,0.9999,47.68
view1,104,view2,365,0.9999,49.68
view1,104,view2,375,0.9999,51.32
view1,104,view2,376,0.9999,51.52
view1,104,view2,379,0.9999,51.92
view1,104,view2,389,1.0,56.76
view1,104,view2,390,0.9999,57.16
view1,104,view2,391,0.9999,57.52
view1,104,view2,395,0.9999,59.28
view1,104,view2,397,0.9999,61.88
view1,104,view2,400,0.9999,62.72
view1,104,view2,401,0.9999,62.8
view1,104,view3,2,1.0,64.24
view1,104,view3,5,1.0,41.8
view1,104,view3,6,1.0,40.56
view1,104,view3,15,1.0,46.48
view1,104,view3,16,1.0,42.12
view1,104,view3,24,1.0,36.12
view1,104,view3,28,1.0,24.72
view1,104,view3,29,1.0,29.72
view1,104,view3,33,1.0,25.48
view1,104,view3,34,1.0,34.12
view1,104,view3,37,1.0,7.84
view1,104,view3,39,1.0,3.72
view1,104,view3,44,1.0,19.72
view1,104,view3,49,1.0,22.24
view1,104,view3,53,1.0,16.16
view1,104,view3,62,1.0,18.52
view1,104,view3,66,1.0,10.08
view1,104,view3,70,1.0,14.72
view1,104,view3,71,1.0,3.4
view1,104,view3,73,1.0,11.44
view1,104,view3,77,1.0,10.92
view1,104,view3,79,1.0,8.76
view1,104,view3,81,1.0,3.44
view1,104,view3,82,1.0,0.0
view1,104,view3,88,1.0,0.0
view1,104,view3,90,1.0,0.36
view1,104,view3,94,1.0,0.0
view1,104,view3,96,1.0,0.0
view1,104,view3,99,1.0,0.0
view1,104,view3,100,1.0,0.0
view1,104,view3,106,1.0,0.0
view1,104,view3,108,1.0,0.0
view1,104,view3,109,1.0,0.0
view1,104,view3,113,1.0,0.0
view1,104,view3,119,1.0,0.0
view1,104,view3,121,1.0,0.0
view1,104,view3,124,1.0,0.0
view1,104,view3,128,1.0,0.0
view1,104,view3,129,1.0,0.0
view1,104,view3,131,1.0,0.0
view1,104,view3,136,1.0,0.0
view1,104,view3,144,1.0,0.52
view1,104,view3,150,1.0,3.28
view1,104,view3,153,1.0,5.64
view1,104,view3,154,1.0,6.56
view1,104,view3,157,1.0,8.76
view1,104,view3,163,1.0,11.12
view1,104,view3,165,1.0,11.2
view1,104,view3,169,1.0,11.72
view1,104,view3,181,1.0,14.36
view1,104,view3,186,1.0,17.64
view1,104,view3,188,1.0,18.48
view1,104,view3,195,1.0,19.64
view1,104,view3,202,1.0,21.96
view1,104,view3,203,1.0,22.0
view1,104,view3,205,1.0,22.4
view1,104,view3,206,1.0,23.68
view1,104,view3,209,1.0,24.52
view1,104,view3,212,1.0,24.92
view1,104,view3,214,1.0,26.28
view1,104,view3,215,1.0,28.48
view1,104,view3,216,1.0,28.6
view1,104,view3,217,1.0,28.84
view1,104,view3,223,1.0,31.16
view1,104,view3,225,1.0,31.8
view1,104,view3,227,1.0,32.6
view1,104,view3,230,1.0,33.48
view1,104,view3,231,1.0,33.56
view1,104,view3,233,1.0,36.72
view1,104,view3,236,1.0,38.68
view1,104,view3,240,1.0,40.84
view1,104,view3,243,1.0,41.92
view1,104,view3,244,1.0,43.0
view1,104,view3,252,1.0,47.52
view1,104,view3,256,1.0,49.28
view1,104,view3,260,1.0,51.44
view1,104,view3,266,1.0,55.56
view1,104,view3,267,1.0,55.64
view1,104,view3,269,1.0,56.2
view1,104,view3,272,1.0,57.8
view1,104,view3,280,1.0,62.32
view1,104,view3,282,1.0,63.16
view1,109,view2,2,0.9999,51.6
view1,109,view2,18,0.9999,11.52
view1,109,view2,21,0.9999,60.2
view1,109,view2,26,0.9999,54.84
view1,109,view2,27,0.9999,57.64
view1,109,view2,30,0.9999,50.96
view1,109,view2,31,0.9999,42.76
view1,109,view2,33,0.9999,47.12
view1,109,view2,36,0.9999,47.92
view1,109,view2,39,0.9999,31.32
view1,109,view2,41,0.9999,45.64
view1,109,view2,49,0.9999,42.64
view1,109,view2,51,0.9999,37.44
view1,109,view2,62,0.9999,36.56
view1,109,view2,63,0.9999,33.8
view1,109,view2,70,0.9999,33.44
view1,109,view2,71,0.9999,25.28
view1,109,view2,73,0.9999,0.0
view1,109,view2,75,0.9999,29.04
view1,109,view2,76,0.9999,27.72
view1,109,view2,87,0.9999,26.0
view1,109,view2,90,0.9999,7.84
view1,109,view2,91,0.9999,15.48
view1,109,view2,92,0.9999,21.68
view1,109,view2,102,0.9999,19.4
view1,109,view2,116,0.9999,8.4
view1,109,view2,117,0.9999,13.6
view1,109,view2,128,0.9999,9.44
view1,109,view2,143,0.9999,0.0
view1,109,view2,145,0.9999,7.64
view1,109,view2,150,0.9999,6.64
view1,109,view2,151,0.9999,6.72
view1,109,view2,153,0.9999,6.24
view1,109,view2,154,0.9999,2.04
view1,109,view2,155,0.9999,0.0
view1,109,view2,161,0.9999,0.0
view1,109,view2,170,0.9999,0.0
view1,109,view2,176,0.9999,0.0
view1,109,view2,185,0.9999,1.24
view1,109,view2,187,0.9999,2.2
view1,109,view2,194,0.9999,4.88
view1,109,view2,199,0.9999,6.96
view1,109,view2,200,0.9999,7.24
view1,109,view2,202,0.9999,8.64
view1,109,view2,204,0.9999,8.84
view1,109,view2,219,0.9999,11.8
view1,109,view2,223,0.9999,12.84
view1,109,view2,230,0.9999,14.72
view1,109,view2,238,0.9999,16.24
view1,109,view2,247,0.9999,18.08
view1,109,view2,253,0.9999,20.44
view1,109,view2,257,0.9999,21.92
view1,109,view2,262,0.9999,24.52
view1,109,view2,275,0.9999,28.6
view1,109,view2,281,0.9999,29.76
view1,109,view2,286,0.9999,32.04
view1,109,view2,288,0.9999,32.2
view1,109,view2,296,0.9999,35.68
view1,109,view2,299,0.9999,36.72
view1,109,view2,311,0.9999,40.08
view1,109,view2,316,0.9999,43.6
view1,109,view2,324,0.9999,46.6
view1,109,view2,327,0.9999,47.44
view1,109,view2,340,0.9999,50.68
view1,109,view2,347,1.0,52.36
view1,109,view2,349,0.9999,53.76
view1,109,view2,354,0.9999,55.32
view1,109,view2,355,0.9999,55.72
view1,109,view2,357,0.9999,56.32
view1,109,view2,361,0.9999,57.04
view1,109,view2,365,0.9999,59.04
view1,109,view2,375,0.9999,60.68
view1,109,view2,376,0.9999,60.88
view1,109,view2,379,0.9999,61.28
view1,109,view2,389,0.9999,66.12
view1,109,view2,390,0.9999,66.52
view1,109,view2,391,0.9999,66.88
view1,109,view2,395,0.9999,68.64
view1,109,view2,397,0.9999,71.24
view1,109,view2,400,0.9999,72.08
view1,109,view2,401,0.9999,72.16
view1,109,view3,2,1.0,67.76
view1,109,view3,5,1.0,45.32
view1,109,view3,6,1.0,44.08
view1,109,view3,15,1.0,50.0
view1,109,view3,16,1.0,45.64
view1,109,view3,24,1.0,39.64
view1,109,view3,28,1.0,28.24
view1,109,view3,29,1.0,33.24
view1,109,view3,33,1.0,29.0
view1,109,view3,34,1.0,37.64
view1,109,view3,37,1.0,11.36
view1,109,view3,39,1.0,7.24
view1,109,view3,44,1.0,23.24
view1,109,view3,49,1.0,25.76
view1,109,view3,53,1.0,19.68
view1,109,view3,62,1.0,22.04
view1,109,view3,66,1.0,13.6
view1,109,view3,70,1.0,18.24
view1,109,view3,71,1.0,6.92
view1,109,view3,73,1.0,14.96
view1,109,view3,77,1.0,14.44
view1,109,view3,79,1.0,12.28
view1,109,view3,81,1.0,6.96
view1,109,view3,82,1.0,1.24
view1,109,view3,88,1.0,0.32
view1,109,view3,90,1.0,3.88
view1,109,view3,94,1.0,3.24
view1,109,view3,96,1.0,0.0
view1,109,view3,99,1.0,0.0
view1,109,view3,100,1.0,2.2
view1,109,view3,106,1.0,0.0
view1,109,view3,108,1.0,0.0
view1,109,view3,109,1.0,0.0
view1,109,view3,113,1.0,0.0
view1,109,view3,119,1.0,0.0
view1,109,view3,121,1.0,0.0
view1,109,view3,124,1.0,0.68
view1,109,view3,128,1.0,2.96
view1,109,view3,129,1.0,3.24
view1,109,view3,131,1.0,5.68
view1,109,view3,136,1.0,7.12
view1,109,view3,144,1.0,9.88
view1,109,view3,150,1.0,12.64
view1,109,view3,153,1.0,15.0
view1,109,view3,154,1.0,15.92
view1,109,view3,157,1.0,18.12
view1,109,view3,163,1.0,20.48
view1,109,view3,165,1.0,20.56
view1,109,view3,169,1.0,21.08
view1,109,view3,181,1.0,23.72
view1,109,view3,186,1.0,27.0
view1,109,view3,188,1.0,27.84
view1,109,view3,195,1.0,29.0
view1,109,view3,202,1.0,31.32
view1,109,view3,203,1.0,31.36
view1,109,view3,205,1.0,31.76
view1,109,view3,206,1.0,33.04
view1,109,view3,209,1.0,33.88
view1,109,view3,212,1.0,34.28
view1,109,view3,214,1.0,35.64
view1,109,view3,215,1.0,37.84
view1,109,view3,216,1.0,37.96
view1,109,view3,217,1.0,38.2
view1,109,view3,223,1.0,40.52
view1,109,view3,225,1.0,41.16
view1,109,view3,227,1.0,41.96
view1,109,view3,230,1.0,42.84
view1,109,view3,231,1.0,42.92
view1,109,view3,233,1.0,46.08
view1,109,view3,236,1.0,48.04
view1,109,view3,240,1.0,50.2
view1,109,view3,243,1.0,51.28
view1,109,view3,244,1.0,52.36
view1,109,view3,252,1.0,56.88
view1,109,view3,256,1.0,58.64
view1,109,view3,260,1.0,60.8
view1,109,view3,266,1.0,64.92
view1,109,view3,267,1.0,65.0
view1,109,view3,269,1.0,65.56
view1,109,view3,272,1.0,67.16
view1,109,view3,280,1.0,71.68
view1,109,view3,282,1.0,72.52
view1,116,view2,2,0.9999,54.92
view1,116,view2,18,0.9999,14.84
view1,116,view2,21,1.0,63.52
view1,116,view2,26,1.0,58.16
view1,116,view2,27,0.9999,60.96
view1,116,view2,30,1.0,54.28
view1,116,view2,31,0.9999,46.08
view1,116,view2,33,0.9999,50.44
view1,116,view2,36,1.0,51.24
view1,116,view2,39,0.9999,34.64
view1,116,view2,41,0.9999,48.96
view1,116,view2,49,1.0,45.96
view1,116,view2,51,0.9999,40.76
view1,116,view2,62,1.0,39.88
view1,116,view2,63,0.9999,37.12
view1,116,view2,70,1.0,36.76
view1,116,view2,71,0.9999,28.6
view1,116,view2,73,0.9999,0.0
view1,116,view2,75,0.9999,32.36
view1,116,view2,76,1.0,31.04
view1,116,view2,87,0.9999,29.32
view1,116,view2,90,0.9999,11.16
view1,116,view2,91,0.9999,18.8
view1,116,view2,92,1.0,25.0
view1,116,view2,102,1.0,22.72
view1,116,view2,116,0.9999,11.72
view1,116,view2,117,1.0,16.92
view1,116,view2,128,1.0,12.76
view1,116,view2,143,0.9999,0.0
view1,116,view2,145,0.9999,10.96
view1,116,view2,150,0.9999,9.96
view1,116,view2,151,0.9999,10.04
view1,116,view2,153,1.0,9.56
view1,116,view2,154,0.9999,5.36
view1,116,view2,155,0.9999,1.68
view1,116,view2,161,0.9999,0.0
view1,116,view2,170,1.0,0.0
view1,116,view2,176,0.9999,0.0
view1,116,view2,185,0.9999,0.0
view1,116,view2,187,1.0,0.0
view1,116,view2,194,0.9999,0.0
view1,116,view2,199,0.9999,0.0
view1,116,view2,200,0.9999,0.0
view1,116,view2,202,0.9999,0.0
view1,116,view2,204,0.9999,0.0
view1,116,view2,219,1.0,0.0
view1,116,view2,223,0.9999,0.0
view1,116,view2,230,1.0,0.0
view1,116,view2,238,0.9999,0.0
view1,116,view2,247,0.9999,0.0
view1,116,view2,253,0.9999,0.0
view1,116,view2,257,0.9999,0.44
view1,116,view2,262,0.9999,3.04
view1,116,view2,275,1.0,7.12
view1,116,view2,281,0.9999,8.28
view1,116,view2,286,1.0,10.56
view1,116,view2,288,0.9999,10.72
view1,116,view2,296,0.9999,14.2
view1,116,view2,299,0.9999,15.24
view1,116,view2,311,0.9999,18.6
view1,116,view2,316,1.0,22.12
view1,116,view2,324,0.9999,25.12
view1,116,view2,327,1.0,25.96
view1,116,view2,340,0.9999,29.2
view1,116,view2,347,1.0,30.88
view1,116,view2,349,0.9999,32.28
view1,116,view2,354,0.9999,33.84
view1,116,view2,355,0.9999,34.24
view1,116,view2,357,1.0,34.84
view1,116,view2,361,0.9999,35.56
view1,116,view2,365,0.9999,37.56
view1,116,view2,375,0.9999,39.2
view1,116,view2,376,0.9999,39.4
view1,116,view2,379,0.9999,39.8
view1,116,view2,389,1.0,44.64
view1,116,view2,390,0.9999,45.04
view1,116,view2,391,0.9999,45.4
view1,116,view2,395,1.0,47.16
view1,116,view2,397,0.9999,49.76
view1,116,view2,400,0.9999,50.6
view1,116,view2,401,0.9999,50.68
view1,116,view3,2,1.0,71.08
view1,116,view3,5,1.0,48.64
view1,116,view3,6,1.0,47.4
view1,116,view3,15,1.0,53.32
view1,116,view3,16,1.0,48.96
view1,116,view3,24,1.0,42.96
view1,116,view3,28,1.0,31.56
view1,116,view3,29,1.0,36.56
view1,116,view3,33,1.0,32.32
view1,116,view3,34,1.0,40.96
view1,116,view3,37,1.0,14.68
view1,116,view3,39,1.0,10.56
view1,116,view3,44,1.0,26.56
view1,116,view3,49,1.0,29.08
view1,116,view3,53,1.0,23.0
view1,116,view3,62,1.0,25.36
view1,116,view3,66,1.0,16.92
view1,116,view3,70,1.0,21.56
view1,116,view3,71,1.0,10.24
view1,116,view3,73,1.0,18.28
view1,116,view3,77,1.0,17.76
view1,116,view3,79,1.0,15.6
view1,116,view3,81,1.0,10.28
view1,116,view3,82,1.0,4.56
view1,116,view3,88,1.0,3.64
view1,116,view3,90,1.0,7.2
view1,116,view3,94,1.0,6.56
view1,116,view3,96,1.0,0.0
view1,116,view3,99,1.0,2.2
view1,116,view3,100,1.0,5.52
view1,116,view3,106,1.0,0.0
view1,116,view3,108,1.0,1.24
view1,116,view3,109,1.0,0.92
view1,116,view3,113,1.0,0.0
view1,116,view3,119,1.0,0.0
view1,116,view3,121,1.0,0.0
view1,116,view3,124,1.0,0.0
view1,116,view3,128,1.0,0.0
view1,116,view3,129,1.0,0.0
view1,116,view3,131,1.0,0.0
view1,116,view3,136,1.0,0.0
view1,116,view3,144,1.0,0.0
view1,116,view3,150,1.0,0.0
view1,116,view3,153,1.0,0.0
view1,116,view3,154,1.0,0.0
view1,116,view3,157,1.0,0.0
view1,116,view3,163,1.0,0.0
view1,116,view3,165,1.0,0.0
view1,116,view3,169,1.0,0.0
view1,116,view3,181,1.0,2.24
view1,116,view3,186,1.0,5.52
view1,116,view3,188,1.0,6.36
view1,116,view3,195,1.0,7.52
view1,116,view3,202,1.0,9.84
view1,116,view3,203,1.0,9.88
view1,116,view3,205,1.0,10.28
view1,116,view3,206,1.0,11.56
view1,116,view3,209,1.0,12.4
view1,116,view3,212,1.0,12.8
view1,116,view3,214,1.0,14.16
view1,116,view3,215,1.0,16.36
view1,116,view3,216,1.0,16.48
view1,116,view3,217,1.0,16.72
view1,116,view3,223,1.0,19.04
view1,116,view3,225,1.0,19.68
view1,116,view3,227,1.0,20.48
view1,116,view3,230,1.0,21.36
view1,116,view3,231,1.0,21.44
view1,116,view3,233,1.0,24.6
view1,116,view3,236,1.0,26.56
view1,116,view3,240,1.0,28.72
view1,116,view3,243,1.0,29.8
view1,116,view3,244,1.0,30.88
view1,116,view3,252,1.0,35.4
view1,116,view3,256,1.0,37.16
view1,116,view3,260,1.0,39.32
view1,116,view3,266,1.0,43.44
view1,116,view3,267,1.0,43.52
view1,116,view3,269,1.0,44.08
view1,116,view3,272,1.0,45.68
view1,116,view3,280,1.0,50.2
view1,116,view3,282,1.0,51.04
view1,126,view2,2,0.9999,57.24
view1,126,view2,18,0.9999,17.16
view1,126,view2,21,0.9999,65.84
view1,126,view2,26,0.9999,60.48
view1,126,view2,27,0.9999,63.28
view1,126,view2,30,0.9999,56.6
view1,126,view2,31,0.9999,48.4
view1,126,view2,33,0.9999,52.76
view1,126,view2,36,0.9999,53.56
view1,126,view2,39,0.9999,36.96
view1,126,view2,41,0.9999,51.28
view1,126,view2,49,0.9999,48.28
view1,126,view2,51,0.9999,43.08
view1,126,view2,62,0.9999,42.2
view1,126,view2,63,0.9999,39.44
view1,126,view2,70,0.9999,39.08
view1,126,view2,71,0.9999,30.92
view1,126,view2,73,0.9999,0.0
view1,126,view2,75,0.9999,34.68
view1,126,view2,76,0.9999,33.36
view1,126,view2,87,0.9999,31.64
view1,126,view2,90,0.9999,13.48
view1,126,view2,91,0.9999,21.12
view1,126,view2,92,0.9999,27.32
view1,126,view2,102,0.9999,25.04
view1,126,view2,116,0.9999,14.04
view1,126,view2,117,0.9999,19.24
view1,126,view2,128,0.9999,15.08
view1,126,view2,143,0.9999,0.0
view1,126,view2,145,0.9999,13.28
view1,126,view2,150,0.9999,12.28
view1,126,view2,151,0.9999,12.36
view1,126,view2,153,0.9999,11.88
view1,126,view2,154,0.9999,7.68
view1,126,view2,155,0.9999,4.0
view1,126,view2,161,0.9999,0.0
view1,126,view2,170,0.9999,0.6
view1,126,view2,176,0.9999,0.0
view1,126,view2,185,0.9999,0.0
view1,126,view2,187,0.9999,0.0
view1,126,view2,194,0.9999,0.0
view1,126,view2,199,0.9999,0.0
view1,126,view2,200,0.9999,0.0
view1,126,view2,202,0.9999,0.0
view1,126,view2,204,0.9999,0.0
view1,126,view2,219,0.9999,0.0
view1,126,view2,223,0.9999,0.0
view1,126,view2,230,0.9999,0.0
view1,126,view2,238,0.9999,0.32
view1,126,view2,247,0.9999,2.16
view1,126,view2,253,0.9999,4.52
view1,126,view2,257,0.9999,6.0
view1,126,view2,262,0.9999,8.6
view1,126,view2,275,0.9999,12.68
view1,126,view2,281,0.9999,13.84
view1,126,view2,286,0.9999,16.12
view1,126,view2,288,0.9999,16.28
view1,126,view2,296,0.9999,19.76
view1,126,view2,299,0.9999,20.8
view1,126,view2,311,0.9999,24.16
view1,126,view2,316,0.9999,27.68
view1,126,view2,324,0.9999,30.68
view1,126,view2,327,0.9999,31.52
view1,126,view2,340,0.9999,34.76
view1,126,view2,347,0.9999,36.44
view1,126,view2,349,0.9999,37.84
view1,126,view2,354,0.9999,39.4
view1,126,view2,355,0.9999,39.8
view1,126,view2,357,0.9999,40.4
view1,126,view2,361,0.9999,41.12
view1,126,view2,365,0.9999,43.12
view1,126,view2,375,0.9999,44.76
view1,126,view2,376,0.9999,44.96
view1,126,view2,379,0.9999,45.36
view1,126,view2,389,0.9999,50.2
view1,126,view2,390,0.9999,50.6
view1,126,view2,391,0.9999,50.96
view1,126,view2,395,0.9999,52.72
view1,126,view2,397,0.9999,55.32
view1,126,view2,400,0.9999,56.16
view1,126,view2,401,0.9999,56.24
view1,126,view3,2,1.0,73.4
view1,126,view3,5,1.0,50.96
view1,126,view3,6,1.0,49.72
view1,126,view3,15,1.0,55.64
view1,126,view3,16,1.0,51.28
view1,126,view3,24,1.0,45.28
view1,126,view3,28,1.0,33.88
view1,126,view3,29,1.0,38.88
view1,126,view3,33,1.0,34.64
view1,126,view3,34,1.0,43.28
view1,126,view3,37,1.0,17.0
view1,126,view3,39,1.0,12.88
view1,126,view3,44,1.0,28.88
view1,126,view3,49,1.0,31.4
view1,126,view3,53,1.0,25.32
view1,126,view3,62,1.0,27.68
view1,126,view3,66,1.0,19.24
view1,126,view3,70,1.0,23.88
view1,126,view3,71,1.0,12.56
view1,126,view3,73,1.0,20.6
view1,126,view3,77,1.0,20.08
view1,126,view3,79,1.0,17.92
view1,126,view3,81,1.0,12.6
view1,126,view3,82,1.0,6.88
view1,126,view3,88,1.0,5.96
view1,126,view3,90,1.0,9.52
view1,126,view3,94,1.0,8.88
view1,126,view3,96,1.0,0.0
view1,126,view3,99,1.0,4.52
view1,126,view3,100,1.0,7.84
view1,126,view3,106,1.0,0.88
view1,126,view3,108,1.0,3.56
view1,126,view3,109,1.0,3.24
view1,126,view3,113,1.0,0.0
view1,126,view3,119,1.0,0.0
view1,126,view3,121,1.0,0.0
view1,126,view3,124,1.0,0.0
view1,126,view3,128,1.0,0.0
view1,126,view3,129,1.0,0.0
view1,126,view3,131,1.0,0.0
view1,126,view3,136,1.0,0.0
view1,126,view3,144,1.0,0.0
view1,126,view3,150,1.0,0.0
view1,126,view3,153,1.0,0.0
view1,126,view3,154,1.0,0.0
view1,126,view3,157,1.0,2.2
view1,126,view3,163,1.0,4.56
view1,126,view3,165,1.0,4.64
view1,126,view3,169,1.0,5.16
view1,126,view3,181,1.0,7.8
view1,126,view3,186,1.0,11.08
view1,126,view3,188,1.0,11.92
view1,126,view3,195,1.0,13.08
view1,126,view3,202,1.0,15.4
view1,126,view3,203,1.0,15.44
view1,126,view3,205,1.0,15.84
view1,126,view3,206,1.0,17.12
view1,126,view3,209,1.0,17.96
view1,126,view3,212,1.0,18.36
view1,126,view3,214,1.0,19.72
view1,126,view3,215,1.0,21.92
view1,126,view3,216,1.0,22.04
view1,126,view3,217,1.0,22.28
view1,126,view3,223,1.0,24.6
view1,126,view3,225,1.0,25.24
view1,126,view3,227,1.0,26.04
view1,126,view3,230,1.0,26.92
view1,126,view3,231,1.0,27.0
view1,126,view3,233,1.0,30.16
view1,126,view3,236,1.0,32.12
view1,126,view3,240,1.0,34.28
view1,126,view3,243,1.0,35.36
view1,126,view3,244,1.0,36.44
view1,126,view3,252,1.0,40.96
view1,126,view3,256,1.0,42.72
view1,126,view3,260,1.0,44.88
view1,126,view3,266,1.0,49.0
view1,126,view3,267,1.0,49.08
view1,126,view3,269,1.0,49.64
view1,126,view3,272,1.0,51.24
view1,126,view3,280,1.0,55.76
view1,126,view3,282,1.0,56.6
view1,130,view2,2,0.9999,60.8
view1,130,view2,18,0.9999,20.72
view1,130,view2,21,1.0,69.4
view1,130,view2,26,1.0,64.04
view1,130,view2,27,0.9999,66.84
view1,130,view2,30,1.0,60.16
view1,130,view2,31,0.9999,51.96
view1,130,view2,33,0.9999,56.32
view1,130,view2,36,1.0,57.12
view1,130,view2,39,0.9999,40.52
view1,130,view2,41,0.9999,54.84
view1,130,view2,49,1.0,51.84
view1,130,view2,51,0.9999,46.64
view1,130,view2,62,1.0,45.76
view1,130,view2,63,0.9999,43.0
view1,130,view2,70,0.9999,42.64
view1,130,view2,71,0.9999,34.48
view1,130,view2,73,0.9999,3.04
view1,130,view2,75,0.9999,38.24
view1,130,view2,76,1.0,36.92
view1,130,view2,87,0.9999,35.2
view1,130,view2,90,0.9999,17.04
view1,130,view2,91,0.9999,24.68
view1,130,view2,92,1.0,30.88
view1,130,view2,102,1.0,28.6
view1,130,view2,116,0.9999,17.6
view1,130,view2,117,1.0,22.8
view1,130,view2,128,1.0,18.64
view1,130,view2,143,0.9999,0.0
view1,130,view2,145,0.9999,16.84
view1,130,view2,150,0.9999,15.84
view1,130,view2,151,0.9999,15.92
view1,130,view2,153,1.0,15.44
view1,130,view2,154,0.9999,11.24
view1,130,view2,155,0.9999,7.56
view1,130,view2,161,0.9999,0.0
view1,130,view2,170,1.0,4.16
view1,130,view2,176,0.9999,0.0
view1,130,view2,185,0.9999,0.24
view1,130,view2,187,1.0,0.76
view1,130,view2,194,0.9999,0.0
view1,130,view2,199,0.9999,1.52
view1,130,view2,200,0.9999,1.8
view1,130,view2,202,0.9999,3.2
view1,130,view2,204,0.9999,3.4
view1,130,view2,219,0.9999,6.36
view1,130,view2,223,0.9999,7.4
view1,130,view2,230,1.0,9.28
view1,130,view2,238,0.9999,10.8
view1,130,view2,247,0.9999,12.64
view1,130,view2,253,0.9999,15.0
view1,130,view2,257,0.9999,16.48
view1,130,view2,262,0.9999,19.08
view1,130,view2,275,1.0,23.16
view1,130,view2,281,0.9999,24.32
view1,130,view2,286,0.9999,26.6
view1,130,view2,288,0.9999,26.76
view1,130,view2,296,0.9999,30.24
view1,130,view2,299,0.9999,31.28
view1,130,view2,311,0.9999,34.64
view1,130,view2,316,0.9999,38.16
view1,130,view2,324,0.9999,41.16
view1,130,view2,327,1.0,42.0
view1,130,view2,340,0.9999,45.24
view1,130,view2,347,1.0,46.92
view1,130,view2,349,0.9999,48.32
view1,130,view2,354,0.9999,49.88
view1,130,view2,355,0.9999,50.28
view1,130,view2,357,1.0,50.88
view1,130,view2,361,0.9999,51.6
view1,130,view2,365,0.9999,53.6
view1,130,view2,375,0.9999,55.24
view1,130,view2,376,0.9999,55.44
view1,130,view2,379,0.9999,55.84
view1,130,view2,389,1.0,60.68
view1,130,view2,390,0.9999,61.08
view1,130,view2,391,0.9999,61.44
view1,130,view2,395,1.0,63.2
view1,130,view2,397,0.9999,65.8
view1,130,view2,400,0.9999,66.64
view1,130,view2,401,0.9999,66.72
view1,130,view3,2,1.0,76.96
view1,130,view3,5,1.0,54.52
view1,130,view3,6,1.0,53.28
view1,130,view3,15,1.0,59.2
view1,130,view3,16,1.0,54.84
view1,130,view3,24,1.0,48.84
view1,130,view3,28,1.0,37.44
view1,130,view3,29,1.0,42.44
view1,130,view3,33,1.0,38.2
view1,130,view3,34,1.0,46.84
view1,130,view3,37,1.0,20.56
view1,130,view3,39,1.0,16.44
view1,130,view3,44,1.0,32.44
view1,130,view3,49,1.0,34.96
view1,130,view3,53,1.0,28.88
view1,130,view3,62,1.0,31.24
view1,130,view3,66,1.0,22.8
view1,130,view3,70,1.0,27.44
view1,130,view3,71,1.0,16.12
view1,130,view3,73,1.0,24.16
view1,130,view3,77,1.0,23.64
view1,130,view3,79,1.0,21.48
view1,130,view3,81,1.0,16.16
view1,130,view3,82,1.0,10.44
view1,130,view3,88,1.0,9.52
view1,130,view3,90,1.0,13.08
view1,130,view3,94,1.0,12.44
view1,130,view3,96,1.0,0.0
view1,130,view3,99,1.0,8.08
view1,130,view3,100,1.0,11.4
view1,130,view3,106,1.0,4.44
view1,130,view3,108,1.0,7.12
view1,130,view3,109,1.0,6.8
view1,130,view3,113,1.0,0.0
view1,130,view3,119,1.0,0.0
view1,130,view3,121,1.0,2.92
view1,130,view3,124,1.0,1.92
view1,130,view3,128,1.0,0.84
view1,130,view3,129,1.0,0.0
view1,130,view3,131,1.0,0.24
view1,130,view3,136,1.0,1.68
view1,130,view3,144,1.0,4.44
view1,130,view3,150,1.0,7.2
view1,130,view3,153,1.0,9.56
view1,130,view3,154,1.0,10.48
view1,130,view3,157,1.0,12.68
view1,130,view3,163,1.0,15.04
view1,130,view3,165,1.0,15.12
view1,130,view3,169,1.0,15.64
view1,130,view3,181,1.0,18.28
view1,130,view3,186,1.0,21.56
view1,130,view3,188,1.0,22.4
view1,130,view3,195,1.0,23.56
view1,130,view3,202,1.0,25.88
view1,130,view3,203,1.0,25.92
view1,130,view3,205,1.0,26.32
view1,130,view3,206,1.0,27.6
view1,130,view3,209,1.0,28.44
view1,130,view3,212,1.0,28.84
view1,130,view3,214,1.0,30.2
view1,130,view3,215,1.0,32.4
view1,130,view3,216,1.0,32.52
view1,130,view3,217,1.0,32.76
view1,130,view3,223,1.0,35.08
view1,130,view3,225,1.0,35.72
view1,130,view3,227,1.0,36.52
view1,130,view3,230,1.0,37.4
view1,130,view3,231,1.0,37.48
view1,130,view3,233,1.0,40.64
view1,130,view3,236,1.0,42.6
view1,130,view3,240,1.0,44.76
view1,130,view3,243,1.0,45.84
view1,130,view3,244,1.0,46.92
view1,130,view3,252,1.0,51.44
view1,130,view3,256,1.0,53.2
view1,130,view3,260,1.0,55.36
view1,130,view3,266,1.0,59.48
view1,130,view3,267,1.0,59.56
view1,130,view3,269,1.0,60.12
view1,130,view3,272,1.0,61.72
view1,130,view3,280,1.0,66.24
view1,130,view3,282,1.0,67.08
view1,133,view2,2,0.9999,61.92
view1,133,view2,18,0.9999,21.84
view1,133,view2,21,0.9999,70.52
view1,133,view2,26,0.9999,65.16
view1,133,view2,27,0.9999,67.96
view1,133,view2,30,0.9999,61.28
view1,133,view2,31,0.9999,53.08
view1,133,view2,33,0.9999,57.44
view1,133,view2,36,0.9999,58.24
view1,133,view2,39,0.9999,41.64
view1,133,view2,41,0.9999,55.96
view1,133,view2,49,0.9999,52.96
view1,133,view2,51,0.9999,47.76
view1,133,view2,62,0.9999,46.88
view1,133,view2,63,0.9999,44.12
view1,133,view2,70,0.9999,43.76
view1,133,view2,71,0.9999,35.6
view1,133,view2,73,0.9999,4.16
view1,133,view2,75,0.9999,39.36
view1,133,view2,76,0.9999,38.04
view1,133,view2,87,0.9999,36.32
view1,133,view2,90,0.9999,18.16
view1,133,view2,91,0.9999,25.8
view1,133,view2,92,0.9999,32.0
view1,133,view2,102,0.9999,29.72
view1,133,view2,116,0.9999,18.72
view1,133,view2,117,0.9999,23.92
view1,133,view2,128,0.9999,19.76
view1,133,view2,143,0.9999,0.0
view1,133,view2,145,0.9999,17.96
view1,133,view2,150,0.9999,16.96
view1,133,view2,151,0.9999,17.04
view1,133,view2,153,0.9999,16.56
view1,133,view2,154,0.9999,12.36
view1,133,view2,155,0.9999,8.68
view1,133,view2,161,0.9999,0.0
view1,133,view2,170,0.9999,5.28
view1,133,view2,176,0.9999,0.0
view1,133,view2,185,0.9999,1.36
view1,133,view2,187,0.9999,1.88
view1,133,view2,194,0.9999,0.0
view1,133,view2,199,0.9999,0.0
view1,133,view2,200,0.9999,0.0
view1,133,view2,202,0.9999,0.0
view1,133,view2,204,0.9999,0.0
view1,133,view2,219,0.9999,0.0
view1,133,view2,223,0.9999,1.0
view1,133,view2,230,0.9999,2.88
view1,133,view2,238,0.9999,4.4
view1,133,view2,247,0.9999,6.24
view1,133,view2,253,0.9999,8.6
view1,133,view2,257,0.9999,10.08
view1,133,view2,262,0.9999,12.68
view1,133,view2,275,0.9999,16.76
view1,133,view2,281,0.9999,17.92
view1,133,view2,286,0.9999,20.2
view1,133,view2,288,0.9999,20.36
view1,133,view2,296,0.9999,23.84
view1,133,view2,299,0.9999,24.88
view1,133,view2,311,0.9999,28.24
view1,133,view2,316,0.9999,31.76
view1,133,view2,324,0.9999,34.76
view1,133,view2,327,0.9999,35.6
view1,133,view2,340,0.9999,38.84
view1,133,view2,347,0.9999,40.52
view1,133,view2,349,0.9999,41.92
view1,133,view2,354,0.9999,43.48
view1,133,view2,355,0.9999,43.88
view1,133,view2,357,0.9999,44.48
view1,133,view2,361,0.9999,45.2
view1,133,view2,365,0.9999,47.2
view1,133,view2,375,0.9999,48.84
view1,133,view2,376,0.9999,49.04
view1,133,view2,379,0.9999,49.44
view1,133,view2,389,0.9999,54.28
view1,133,view2,390,0.9999,54.68
view1,133,view2,391,0.9999,55.04
view1,133,view2,395,0.9999,56.8
view1,133,view2,397,0.9999,59.4
view1,133,view2,400,0.9999,60.24
view1,133,view2,401,0.9999,60.32
view1,133,view3,2,1.0,78.08
view1,133,view3,5,1.0,55.64
view1,133,view3,6,1.0,54.4
view1,133,view3,15,1.0,60.32
view1,133,view3,16,1.0,55.96
view1,133,view3,24,1.0,49.96
view1,133,view3,28,1.0,38.56
view1,133,view3,29,1.0,43.56
view1,133,view3,33,1.0,39.32
view1,133,view3,34,1.0,47.96
view1,133,view3,37,1.0,21.68
view1,133,view3,39,1.0,17.56
view1,133,view3,44,1.0,33.56
view1,133,view3,49,1.0,36.08
view1,133,view3,53,1.0,30.0
view1,133,view3,62,1.0,32.36
view1,133,view3,66,1.0,23.92
view1,133,view3,70,1.0,28.56
view1,133,view3,71,1.0,17.24
view1,133,view3,73,1.0,25.28
view1,133,view3,77,1.0,24.76
view1,133,view3,79,1.0,22.6
view1,133,view3,81,1.0,17.28
view1,133,view3,82,1.0,11.56
view1,133,view3,88,1.0,10.64
view1,133,view3,90,1.0,14.2
view1,133,view3,94,1.0,13.56
view1,133,view3,96,1.0,0.0
view1,133,view3,99,1.0,9.2
view1,133,view3,100,1.0,12.52
view1,133,view3,106,1.0,5.56
view1,133,view3,108,1.0,8.24
view1,133,view3,109,1.0,7.92
view1,133,view3,113,1.0,0.0
view1,133,view3,119,1.0,0.0
view1,133,view3,121,1.0,4.04
view1,133,view3,124,1.0,3.04
view1,133,view3,128,1.0,1.96
view1,133,view3,129,1.0,0.0
view1,133,view3,131,1.0,0.0
view1,133,view3,136,1.0,0.0
view1,133,view3,144,1.0,0.0
view1,133,view3,150,1.0,0.8
view1,133,view3,153,1.0,3.16
view1,133,view3,154,1.0,4.08
view1,133,view3,157,1.0,6.28
view1,133,view3,163,1.0,8.64
view1,133,view3,165,1.0,8.72
view1,133,view3,169,1.0,9.24
view1,133,view3,181,1.0,11.88
view1,133,view3,186,1.0,15.16
view1,133,view3,188,1.0,16.0
view1,133,view3,195,1.0,17.16
view1,133,view3,202,1.0,19.48
view1,133,view3,203,1.0,19.52
view1,133,view3,205,1.0,19.92
view1,133,view3,206,1.0,21.2
view1,133,view3,209,1.0,22.04
view1,133,view3,212,1.0,22.44
view1,133,view3,214,1.0,23.8
view1,133,view3,215,1.0,26.0
view1,133,view3,216,1.0,26.12
view1,133,view3,217,1.0,26.36
view1,133,view3,223,1.0,28.68
view1,133,view3,225,1.0,29.32
view1,133,view3,227,1.0,30.12
view1,133,view3,230,1.0,31.0
view1,133,view3,231,1.0,31.08
view1,133,view3,233,1.0,34.24
view1,133,view3,236,1.0,36.2
view1,133,view3,240,1.0,38.36
view1,133,view3,243,1.0,39.44
view1,133,view3,244,1.0,40.52
view1,133,view3,252,1.0,45.04
view1,133,view3,256,1.0,46.8
view1,133,view3,260,1.0,48.96
view1,133,view3,266,1.0,53.08
view1,133,view3,267,1.0,53.16
view1,133,view3,269,1.0,53.72
view1,133,view3,272,1.0,55.32
view1,133,view3,280,1.0,59.84
view1,133,view3,282,1.0,60.68
view1,139,view2,2,0.9999,66.0
view1,139,view2,18,0.9999,25.92
view1,139,view2,21,1.0,74.6
view1,139,view2,26,1.0,69.24
view1,139,view2,27,0.9999,72.04
view1,139,view2,30,1.0,65.36
view1,139,view2,31,0.9999,57.16
view1,139,view2,33,0.9999,61.52
view1,139,view2,36,1.0,62.32
view1,139,view2,39,0.9999,45.72
view1,139,view2,41,0.9999,60.04
view1,139,view2,49,1.0,57.04
view1,139,view2,51,0.9999,51.84
view1,139,view2,62,1.0,50.96
view1,139,view2,63,0.9999,48.2
view1,139,view2,70,1.0,47.84
view1,139,view2,71,0.9999,39.68
view1,139,view2,73,0.9999,8.24
view1,139,view2,75,0.9999,43.44
view1,139,view2,76,1.0,42.12
view1,139,view2,87,0.9999,40.4
view1,139,view2,90,0.9999,22.24
view1,139,view2,91,0.9999,29.88
view1,139,view2,92,1.0,36.08
view1,139,view2,102,1.0,33.8
view1,139,view2,116,0.9999,22.8
view1,139,view2,117,1.0,28.0
view1,139,view2,128,1.0,23.84
view1,139,view2,143,0.9999,0.0
view1,139,view2,145,0.9999,22.04
view1,139,view2,150,0.9999,21.04
view1,139,view2,151,0.9999,21.12
view1,139,view2,153,1.0,20.64
view1,139,view2,154,0.9999,16.44
view1,139,view2,155,0.9999,12.76
view1,139,view2,161,0.9999,0.0
view1,139,view2,170,1.0,9.36
view1,139,view2,176,0.9999,0.56
view1,139,view2,185,0.9999,5.44
view1,139,view2,187,1.0,5.96
view1,139,view2,194,0.9999,0.0
view1,139,view2,199,0.9999,1.96
view1,139,view2,200,0.9999,1.4
view1,139,view2,202,0.9999,0.0
view1,139,view2,204,0.9999,0.0
view1,139,view2,219,0.9999,0.0
view1,139,view2,223,0.9999,0.0
view1,139,view2,230,1.0,0.0
view1,139,view2,238,0.9999,0.0
view1,139,view2,247,0.9999,0.0
view1,139,view2,253,0.9999,0.0
view1,139,view2,257,0.9999,0.0
view1,139,view2,262,0.9999,1.72
view1,139,view2,275,1.0,5.8
view1,139,view2,281,0.9999,6.96
view1,139,view2,286,0.9999,9.24
view1,139,view2,288,0.9999,9.4
view1,139,view2,296,0.9999,12.88
view1,139,view2,299,0.9999,13.92
view1,139,view2,311,0.9999,17.28
view1,139,view2,316,1.0,20.8
view1,139,view2,324,0.9999,23.8
view1,139,view2,327,1.0,24.64
view1,139,view2,340,0.9999,27.88
view1,139,view2,347,1.0,29.56
view1,139,view2,349,0.9999,30.96
view1,139,view2,354,0.9999,32.52
view1,139,view2,355,0.9999,32.92
view1,139,view2,357,1.0,33.52
view1,139,view2,361,0.9999,34.24
view1,139,view2,365,0.9999,36.24
view1,139,view2,375,0.9999,37.88
view1,139,view2,376,0.9999,38.08
view1,139,view2,379,0.9999,38.48
view1,139,view2,389,1.0,43.32
view1,139,view2,390,0.9999,43.72
view1,139,view2,391,0.9999,44.08
view1,139,view2,395,1.0,45.84
view1,139,view2,397,0.9999,48.44
view1,139,view2,400,0.9999,49.28
view1,139,view2,401,0.9999,49.36
view1,139,view3,2,1.0,82.16
view1,139,view3,5,1.0,59.72
view1,139,view3,6,1.0,58.48
view1,139,view3,15,1.0,64.4
view1,139,view3,16,1.0,60.04
view1,139,view3,24,1.0,54.04
view1,139,view3,28,1.0,42.64
view1,139,view3,29,1.0,47.64
view1,139,view3,33,1.0,43.4
view1,139,view3,34,1.0,52.04
view1,139,view3,37,1.0,25.76
view1,139,view3,39,1.0,21.64
view1,139,view3,44,1.0,37.64
view1,139,view3,49,1.0,40.16
view1,139,view3,53,1.0,34.08
view1,139,view3,62,1.0,36.44
view1,139,view3,66,1.0,28.0
view1,139,view3,70,1.0,32.64
view1,139,view3,71,1.0,21.32
view1,139,view3,73,1.0,29.36
view1,139,view3,77,1.0,28.84
view1,139,view3,79,1.0,26.68
view1,139,view3,81,1.0,21.36
view1,139,view3,82,1.0,15.64
view1,139,view3,88,1.0,14.72
view1,139,view3,90,1.0,18.28
view1,139,view3,94,1.0,17.64
view1,139,view3,96,1.0,2.72
view1,139,view3,99,1.0,13.28
view1,139,view3,100,1.0,16.6
view1,139,view3,106,1.0,9.64
view1,139,view3,108,1.0,12.32
view1,139,view3,109,1.0,12.0
view1,139,view3,113,1.0,0.0
view1,139,view3,119,1.0,3.8
view1,139,view3,121,1.0,8.12
view1,139,view3,124,1.0,7.12
view1,139,view3,128,1.0,6.04
view1,139,view3,129,1.0,0.0
view1,139,view3,131,1.0,0.0
view1,139,view3,136,1.0,0.0
view1,139,view3,144,1.0,0.0
view1,139,view3,150,1.0,0.0
view1,139,view3,153,1.0,0.0
view1,139,view3,154,1.0,0.0
view1,139,view3,157,1.0,0.0
view1,139,view3,163,1.0,0.0
view1,139,view3,165,1.0,0.0
view1,139,view3,169,1.0,0.0
view1,139,view3,181,1.0,0.92
view1,139,view3,186,1.0,4.2
view1,139,view3,188,1.0,5.04
view1,139,view3,195,1.0,6.2
view1,139,view3,202,1.0,8.52
view1,139,view3,203,1.0,8.56
view1,139,view3,205,1.0,8.96
view1,139,view3,206,1.0,10.24
view1,139,view3,209,1.0,11.08
view1,139,view3,212,1.0,11.48
view1,139,view3,214,1.0,12.84
view1,139,view3,215,1.0,15.04
view1,139,view3,216,1.0,15.16
view1,139,view3,217,1.0,15.4
view1,139,view3,223,1.0,17.72
view1,139,view3,225,1.0,18.36
view1,139,view3,227,1.0,19.16
view1,139,view3,230,1.0,20.04
view1,139,view3,231,1.0,20.12
view1,139,view3,233,1.0,23.28
view1,139,view3,236,1.0,25.24
view1,139,view3,240,1.0,27.4
view1,139,view3,243,1.0,28.48
view1,139,view3,244,1.0,29.56
view1,139,view3,252,1.0,34.08
view1,139,view3,256,1.0,35.84
view1,139,view3,260,1.0,38.0
view1,139,view3,266,1.0,42.12
view1,139,view3,267,1.0,42.2
view1,139,view3,269,1.0,42.76
view1,139,view3,272,1.0,44.36
view1,139,view3,280,1.0,48.88
view1,139,view3,282,1.0,49.72
view1,151,view2,2,0.9999,69.28
view1,151,view2,18,0.9999,29.2
view1,151,view2,21,0.9999,77.88
view1,151,view2,26,0.9999,72.52
view1,151,view2,27,0.9999,75.32
view1,151,view2,30,0.9999,68.64
view1,151,view2,31,0.9999,60.44
view1,151,view2,33,0.9999,64.8
view1,151,view2,36,0.9999,65.6
view1,151,view2,39,0.9999,49.0
view1,151,view2,41,0.9999,63.32
view1,151,view2,49,0.9999,60.32
view1,151,view2,51,0.9999,55.12
view1,151,view2,62,0.9999,54.24
view1,151,view2,63,0.9999,51.48
view1,151,view2,70,0.9999,51.12
view1,151,view2,71,0.9999,42.96
view1,151,view2,73,0.9999,11.52
view1,151,view2,75,0.9999,46.72
view1,151,view2,76,0.9999,45.4
view1,151,view2,87,0.9999,43.68
view1,151,view2,90,0.9999,25.52
view1,151,view2,91,0.9999,33.16
view1,151,view2,92,0.9999,39.36
view1,151,view2,102,0.9999,37.08
view1,151,view2,116,0.9999,26.08
view1,151,view2,117,0.9999,31.28
view1,151,view2,128,0.9999,27.12
view1,151,view2,143,0.9999,0.0
view1,151,view2,145,0.9999,25.32
view1,151,view2,150,0.9999,24.32
view1,151,view2,151,0.9999,24.4
view1,151,view2,153,0.9999,23.92
view1,151,view2,154,0.9999,19.72
view1,151,view2,155,0.9999,16.04
view1,151,view2,161,0.9999,0.0
view1,151,view2,170,0.9999,12.64
view1,151,view2,176,0.9999,3.84
view1,151,view2,185,0.9999,8.72
view1,151,view2,187,0.9999,9.24
view1,151,view2,194,0.9999,0.0
view1,151,view2,199,0.9999,5.24
view1,151,view2,200,0.9999,4.68
view1,151,view2,202,0.9999,0.0
view1,151,view2,204,0.9999,2.84
view1,151,view2,219,0.9999,0.0
view1,151,view2,223,0.9999,0.0
view1,151,view2,230,0.9999,0.0
view1,151,view2,238,0.9999,1.4
view1,151,view2,247,0.9999,3.24
view1,151,view2,253,0.9999,5.6
view1,151,view2,257,0.9999,7.08
view1,151,view2,262,0.9999,9.68
view1,151,view2,275,0.9999,13.76
view1,151,view2,281,0.9999,14.92
view1,151,view2,286,0.9999,17.2
view1,151,view2,288,0.9999,17.36
view1,151,view2,296,0.9999,20.84
view1,151,view2,299,0.9999,21.88
view1,151,view2,311,0.9999,25.24
view1,151,view2,316,0.9999,28.76
view1,151,view2,324,0.9999,31.76
view1,151,view2,327,0.9999,32.6
view1,151,view2,340,0.9999,35.84
view1,151,view2,347,0.9999,37.52
view1,151,view2,349,0.9999,38.92
view1,151,view2,354,0.9999,40.48
view1,151,view2,355,0.9999,40.88
view1,151,view2,357,0.9999,41.48
view1,151,view2,361,0.9999,42.2
view1,151,view2,365,0.9999,44.2
view1,151,view2,375,0.9999,45.84
view1,151,view2,376,0.9999,46.04
view1,151,view2,379,0.9999,46.44
view1,151,view2,389,0.9999,51.28
view1,151,view2,390,0.9999,51.68
view1,151,view2,391,0.9999,52.04
view1,151,view2,395,0.9999,53.8
view1,151,view2,397,0.9999,56.4
view1,151,view2,400,0.9999,57.24
view1,151,view2,401,0.9999,57.32
view1,151,view3,2,1.0,85.44
view1,151,view3,5,1.0,63.0
view1,151,view3,6,1.0,61.76
view1,151,view3,15,1.0,67.68
view1,151,view3,16,1.0,63.32
view1,151,view3,24,1.0,57.32
view1,151,view3,28,1.0,45.92
view1,151,view3,29,1.0,50.92
view1,151,view3,33,1.0,46.68
view1,151,view3,34,1.0,55.32
view1,151,view3,37,1.0,29.04
view1,151,view3,39,1.0,24.92
view1,151,view3,44,1.0,40.92
view1,151,view3,49,1.0,43.44
view1,151,view3,53,1.0,37.36
view1,151,view3,62,1.0,39.72
view1,151,view3,66,1.0,31.28
view1,151,view3,70,1.0,35.92
view1,151,view3,71,1.0,24.6
view1,151,view3,73,1.0,32.64
view1,151,view3,77,1.0,32.12
view1,151,view3,79,1.0,29.96
view1,151,view3,81,1.0,24.64
view1,151,view3,82,1.0,18.92
view1,151,view3,88,1.0,18.0
view1,151,view3,90,1.0,21.56
view1,151,view3,94,1.0,20.92
view1,151,view3,96,1.0,6.0
view1,151,view3,99,1.0,16.56
view1,151,view3,100,1.0,19.88
view1,151,view3,106,1.0,12.92
view1,151,view3,108,1.0,15.6
view1,151,view3,109,1.0,15.28
view1,151,view3,113,1.0,0.0
view1,151,view3,119,1.0,7.08
view1,151,view3,121,1.0,11.4
view1,151,view3,124,1.0,10.4
view1,151,view3,128,1.0,9.32
view1,151,view3,129,1.0,0.0
view1,151,view3,131,1.0,3.04
view1,151,view3,136,1.0,0.0
view1,151,view3,144,1.0,0.72
view1,151,view3,150,1.0,0.0
view1,151,view3,153,1.0,0.16
view1,151,view3,154,1.0,1.08
view1,151,view3,157,1.0,3.28
view1,151,view3,163,1.0,5.64
view1,151,view3,165,1.0,5.72
view1,151,view3,169,1.0,6.24
view1,151,view3,181,1.0,8.88
view1,151,view3,186,1.0,12.16
view1,151,view3,188,1.0,13.0
view1,151,view3,195,1.0,14.16
view1,151,view3,202,1.0,16.48
view1,151,view3,203,1.0,16.52
view1,151,view3,205,1.0,16.92
view1,151,view3,206,1.0,18.2
view1,151,view3,209,1.0,19.04
view1,151,view3,212,1.0,19.44
view1,151,view3,214,1.0,20.8
view1,151,view3,215,1.0,23.0
view1,151,view3,216,1.0,23.12
view1,151,view3,217,1.0,23.36
view1,151,view3,223,1.0,25.68
view1,151,view3,225,1.0,26.32
view1,151,view3,227,1.0,27.12
view1,151,view3,230,1.0,28.0
view1,151,view3,231,1.0,28.08
view1,151,view3,233,1.0,31.24
view1,151,view3,236,1.0,33.2
view1,151,view3,240,1.0,35.36
view1,151,view3,243,1.0,36.44
view1,151,view3,244,1.0,37.52
view1,151,view3,252,1.0,42.04
view1,151,view3,256,1.0,43.8
view1,151,view3,260,1.0,45.96
view1,151,view3,266,1.0,50.08
view1,151,view3,267,1.0,50.16
view1,151,view3,269,1.0,50.72
view1,151,view3,272,1.0,52.32
view1,151,view3,280,1.0,56.84
view1,151,view3,282,1.0,57.68
view1,161,view2,2,0.9999,72.32
view1,161,view2,18,0.9999,32.24
view1,161,view2,21,0.9999,80.92
view1,161,view2,26,0.9999,75.56
view1,161,view2,27,0.9999,78.36
view1,161,view2,30,0.9999,71.68
view1,161,view2,31,0.9999,63.48
view1,161,view2,33,0.9999,67.84
view1,161,view2,36,0.9999,68.64
view1,161,view2,39,0.9999,52.04
view1,161,view2,41,0.9999,66.36
view1,161,view2,49,0.9999,63.36
view1,161,view2,51,0.9999,58.16
view1,161,view2,62,0.9999,57.28
view1,161,view2,63,0.9999,54.52
view1,161,view2,70,0.9999,54.16
view1,161,view2,71,0.9999,46.0
view1,161,view2,73,0.9999,14.56
view1,161,view2,75,0.9999,49.76
view1,161,view2,76,0.9999,48.44
view1,161,view2,87,0.9999,46.72
view1,161,view2,90,0.9999,28.56
view1,161,view2,91,0.9999,36.2
view1,161,view2,92,0.9999,42.4
view1,161,view2,102,0.9999,40.12
view1,161,view2,116,0.9999,29.12
view1,161,view2,117,0.9999,34.32
view1,161,view2,128,0.9999,30.16
view1,161,view2,143,0.9999,0.0
view1,161,view2,145,0.9999,28.36
view1,161,view2,150,0.9999,27.36
view1,161,view2,151,0.9999,27.44
view1,161,view2,153,0.9999,26.96
view1,161,view2,154,0.9999,22.76
view1,161,view2,155,0.9999,19.08
view1,161,view2,161,0.9999,0.0
view1,161,view2,170,0.9999,15.68
view1,161,view2,176,0.9999,6.88
view1,161,view2,185,0.9999,11.76
view1,161,view2,187,0.9999,12.28
view1,161,view2,194,0.9999,2.68
view1,161,view2,199,0.9999,8.28
view1,161,view2,200,0.9999,7.72
view1,161,view2,202,0.9999,0.0
view1,161,view2,204,0.9999,5.88
view1,161,view2,219,0.9999,2.8
view1,161,view2,223,0.9999,0.0
view1,161,view2,230,0.9999,0.0
view1,161,view2,238,0.9999,0.0
view1,161,view2,247,0.9999,0.0
view1,161,view2,253,0.9999,0.0
view1,161,view2,257,0.9999,0.0
view1,161,view2,262,0.9999,0.0
view1,161,view2,275,0.9999,1.12
view1,161,view2,281,0.9999,2.28
view1,161,view2,286,0.9999,4.56
view1,161,view2,288,0.9999,4.72
view1,161,view2,296,0.9999,8.2
view1,161,view2,299,0.9999,9.24
view1,161,view2,311,0.9999,12.6
view1,161,view2,316,0.9999,16.12
view1,161,view2,324,0.9999,19.12
view1,161,view2,327,0.9999,19.96
view1,161,view2,340,0.9999,23.2
view1,161,view2,347,0.9999,24.88
view1,161,view2,349,0.9999,26.28
view1,161,view2,354,0.9999,27.84
view1,161,view2,355,0.9999,28.24
view1,161,view2,357,0.9999,28.84
view1,161,view2,361,0.9999,29.56
view1,161,view2,365,0.9999,31.56
view1,161,view2,375,0.9999,33.2
view1,161,view2,376,0.9999,33.4
view1,161,view2,379,0.9999,33.8
view1,161,view2,389,0.9999,38.64
view1,161,view2,390,0.9999,39.04
view1,161,view2,391,0.9999,39.4
view1,161,view2,395,0.9999,41.16
view1,161,view2,397,0.9999,43.76
view1,161,view2,400,0.9999,44.6
view1,161,view2,401,0.9999,44.68
view1,161,view3,2,1.0,88.48
view1,161,view3,5,1.0,66.04
view1,161,view3,6,1.0,64.8
view1,161,view3,15,1.0,70.72
view1,161,view3,16,1.0,66.36
view1,161,view3,24,1.0,60.36
view1,161,view3,28,1.0,48.96
view1,161,view3,29,1.0,53.96
view1,161,view3,33,1.0,49.72
view1,161,view3,34,1.0,58.36
view1,161,view3,37,1.0,32.08
view1,161,view3,39,1.0,27.96
view1,161,view3,44,1.0,43.96
view1,161,view3,49,1.0,46.48
view1,161,view3,53,1.0,40.4
view1,161,view3,62,1.0,42.76
view1,161,view3,66,1.0,34.32
view1,161,view3,70,1.0,38.96
view1,161,view3,71,1.0,27.64
view1,161,view3,73,1.0,35.68
view1,161,view3,77,1.0,35.16
view1,161,view3,79,1.0,33.0
view1,161,view3,81,1.0,27.68
view1,161,view3,82,1.0,21.96
view1,161,view3,88,1.0,21.04
view1,161,view3,90,1.0,24.6
view1,161,view3,94,1.0,23.96
view1,161,view3,96,1.0,9.04
view1,161,view3,99,1.0,19.6
view1,161,view3,100,1.0,22.92
view1,161,view3,106,1.0,15.96
view1,161,view3,108,1.0,18.64
view1,161,view3,109,1.0,18.32
view1,161,view3,113,1.0,0.0
view1,161,view3,119,1.0,10.12
view1,161,view3,121,1.0,14.44
view1,161,view3,124,1.0,13.44
view1,161,view3,128,1.0,12.36
view1,161,view3,129,1.0,0.0
view1,161,view3,131,1.0,6.08
view1,161,view3,136,1.0,2.04
view1,161,view3,144,1.0,3.76
view1,161,view3,150,1.0,0.0
view1,161,view3,153,1.0,0.0
view1,161,view3,154,1.0,0.0
view1,161,view3,157,1.0,0.0
view1,161,view3,163,1.0,0.0
view1,161,view3,165,1.0,0.0
view1,161,view3,169,1.0,0.0
view1,161,view3,181,1.0,0.0
view1,161,view3,186,1.0,0.0
view1,161,view3,188,1.0,0.36
view1,161,view3,195,1.0,1.52
view1,161,view3,202,1.0,3.84
view1,161,view3,203,1.0,3.88
view1,161,view3,205,1.0,4.28
view1,161,view3,206,1.0,5.56
view1,161,view3,209,1.0,6.4
view1,161,view3,212,1.0,6.8
view1,161,view3,214,1.0,8.16
view1,161,view3,215,1.0,10.36
view1,161,view3,216,1.0,10.48
view1,161,view3,217,1.0,10.72
view1,161,view3,223,1.0,13.04
view1,161,view3,225,1.0,13.68
view1,161,view3,227,1.0,14.48
view1,161,view3,230,1.0,15.36
view1,161,view3,231,1.0,15.44
view1,161,view3,233,1.0,18.6
view1,161,view3,236,1.0,20.56
view1,161,view3,240,1.0,22.72
view1,161,view3,243,1.0,23.8
view1,161,view3,244,1.0,24.88
view1,161,view3,252,1.0,29.4
view1,161,view3,256,1.0,31.16
view1,161,view3,260,1.0,33.32
view1,161,view3,266,1.0,37.44
view1,161,view3,267,1.0,37.52
view1,161,view3,269,1.0,38.08
view1,161,view3,272,1.0,39.68
view1,161,view3,280,1.0,44.2
view1,161,view3,282,1.0,45.04
view1,163,view2,2,0.9999,73.96
view1,163,view2,18,0.9999,33.88
view1,163,view2,21,0.9999,82.56
view1,163,view2,26,0.9999,77.2
view1,163,view2,27,0.9999,80.0
view1,163,view2,30,0.9999,73.32
view1,163,view2,31,0.9999,65.12
view1,163,view2,33,0.9999,69.48
view1,163,view2,36,0.9999,70.28
view1,163,view2,39,0.9999,53.68
view1,163,view2,41,0.9999,68.0
view1,163,view2,49,0.9999,65.0
view1,163,view2,51,0.9999,59.8
view1,163,view2,62,0.9999,58.92
view1,163,view2,63,0.9999,56.16
view1,163,view2,70,0.9999,55.8
view1,163,view2,71,0.9999,47.64
view1,163,view2,73,0.9999,16.2
view1,163,view2,75,0.9999,51.4
view1,163,view2,76,0.9999,50.08
view1,163,view2,87,0.9999,48.36
view1,163,view2,90,0.9999,30.2
view1,163,view2,91,0.9999,37.84
view1,163,view2,92,0.9999,44.04
view1,163,view2,102,0.9999,41.76
view1,163,view2,116,0.9999,30.76
view1,163,view2,117,0.9999,35.96
view1,163,view2,128,0.9999,31.8
view1,163,view2,143,0.9999,0.0
view1,163,view2,145,0.9999,30.0
view1,163,view2,150,0.9999,29.0
view1,163,view2,151,0.9999,29.08
view1,163,view2,153,0.9999,28.6
view1,163,view2,154,0.9999,24.4
view1,163,view2,155,0.9999,20.72
view1,163,view2,161,0.9999,1.48
view1,163,view2,170,0.9999,17.32
view1,163,view2,176,0.9999,8.52
view1,163,view2,185,0.9999,13.4
view1,163,view2,187,0.9999,13.92
view1,163,view2,194,0.9999,4.32
view1,163,view2,199,0.9999,9.92
view1,163,view2,200,0.9999,9.36
view1,163,view2,202,0.9999,0.0
view1,163,view2,204,0.9999,7.52
view1,163,view2,219,0.9999,4.44
view1,163,view2,223,0.9999,0.0
view1,163,view2,230,0.9999,0.6
view1,163,view2,238,0.9999,0.76
view1,163,view2,247,0.9999,0.0
view1,163,view2,253,0.9999,0.0
view1,163,view2,257,0.9999,0.0
view1,163,view2,262,0.9999,0.0
view1,163,view2,275,0.9999,0.0
view1,163,view2,281,0.9999,0.0
view1,163,view2,286,0.9999,0.0
view1,163,view2,288,0.9999,0.0
view1,163,view2,296,0.9999,1.08
view1,163,view2,299,0.9999,2.12
view1,163,view2,311,0.9999,5.48
view1,163,view2,316,0.9999,9.0
view1,163,view2,324,0.9999,12.0
view1,163,view2,327,0.9999,12.84
view1,163,view2,340,0.9999,16.08
view1,163,view2,347,0.9999,17.76
view1,163,view2,349,0.9999,19.16
view1,163,view2,354,0.9999,20.72
view1,163,view2,355,0.9999,21.12
view1,163,view2,357,0.9999,21.72
view1,163,view2,361,0.9999,22.44
view1,163,view2,365,0.9999,24.44
view1,163,view2,375,0.9999,26.08
view1,163,view2,376,0.9999,26.28
view1,163,view2,379,0.9999,26.68
view1,163,view2,389,0.9999,31.52
view1,163,view2,390,0.9999,31.92
view1,163,view2,391,0.9999,32.28
view1,163,view2,395,0.9999,34.04
view1,163,view2,397,0.9999,36.64
view1,163,view2,400,0.9999,37.48
view1,163,view2,401,0.9999,37.56
view1,163,view3,2,1.0,90.12
view1,163,view3,5,1.0,67.68
view1,163,view3,6,1.0,66.44
view1,163,view3,15,1.0,72.36
view1,163,view3,16,1.0,68.0
view1,163,view3,24,1.0,62.0
view1,163,view3,28,1.0,50.6
view1,163,view3,29,1.0,55.6
view1,163,view3,33,1.0,51.36
view1,163,view3,34,1.0,60.0
view1,163,view3,37,1.0,33.72
view1,163,view3,39,1.0,29.6
view1,163,view3,44,1.0,45.6
view1,163,view3,49,1.0,48.12
view1,163,view3,53,1.0,42.04
view1,163,view3,62,1.0,44.4
view1,163,view3,66,1.0,35.96
view1,163,view3,70,1.0,40.6
view1,163,view3,71,1.0,29.28
view1,163,view3,73,1.0,37.32
view1,163,view3,77,1.0,36.8
view1,163,view3,79,1.0,34.64
view1,163,view3,81,1.0,29.32
view1,163,view3,82,1.0,23.6
view1,163,view3,88,1.0,22.68
view1,163,view3,90,1.0,26.24
view1,163,view3,94,1.0,25.6
view1,163,view3,96,1.0,10.68
view1,163,view3,99,1.0,21.24
view1,163,view3,100,1.0,24.56
view1,163,view3,106,1.0,17.6
view1,163,view3,108,1.0,20.28
view1,163,view3,109,1.0,19.96
view1,163,view3,113,1.0,0.0
view1,163,view3,119,1.0,11.76
view1,163,view3,121,1.0,16.08
view1,163,view3,124,1.0,15.08
view1,163,view3,128,1.0,14.0
view1,163,view3,129,1.0,0.0
view1,163,view3,131,1.0,7.72
view1,163,view3,136,1.0,3.68
view1,163,view3,144,1.0,5.4
view1,163,view3,150,1.0,0.0
view1,163,view3,153,1.0,0.0
view1,163,view3,154,1.0,0.0
view1,163,view3,157,1.0,0.0
view1,163,view3,163,1.0,0.0
view1,163,view3,165,1.0,0.0
view1,163,view3,169,1.0,0.0
view1,163,view3,181,1.0,0.0
view1,163,view3,186,1.0,0.0
view1,163,view3,188,1.0,0.0
view1,163,view3,195,1.0,0.0
view1,163,view3,202,1.0,0.0
view1,163,view3,203,1.0,0.0
view1,163,view3,205,1.0,0.0
view1,163,view3,206,1.0,0.0
view1,163,view3,209,1.0,0.0
view1,163,view3,212,1.0,0.0
view1,163,view3,214,1.0,1.04
view1,163,view3,215,1.0,3.24
view1,163,view3,216,1.0,3.36
view1,163,view3,217,1.0,3.6
view1,163,view3,223,1.0,5.92
view1,163,view3,225,1.0,6.56
view1,163,view3,227,1.0,7.36
view1,163,view3,230,1.0,8.24
view1,163,view3,231,1.0,8.32
view1,163,view3,233,1.0,11.48
view1,163,view3,236,1.0,13.44
view1,163,view3,240,1.0,15.6
view1,163,view3,243,1.0,16.68
view1,163,view3,244,1.0,17.76
view1,163,view3,252,1.0,22.28
view1,163,view3,256,1.0,24.04
view1,163,view3,260,1.0,26.2
view1,163,view3,266,1.0,30.32
view1,163,view3,267,1.0,30.4
view1,163,view3,269,1.0,30.96
view1,163,view3,272,1.0,32.56
view1,163,view3,280,1.0,37.08
view1,163,view3,282,1.0,37.92
view1,170,view2,2,0.9999,78.68
view1,170,view2,18,0.9999,38.6
view1,170,view2,21,1.0,87.28
view1,170,view2,26,1.0,81.92
view1,170,view2,27,0.9999,84.72
view1,170,view2,30,1.0,78.04
view1,170,view2,31,0.9999,69.84
view1,170,view2,33,0.9999,74.2
view1,170,view2,36,1.0,75.0
view1,170,view2,39,0.9999,58.4
view1,170,view2,41,0.9999,72.72
view1,170,view2,49,1.0,69.72
view1,170,view2,51,0.9999,64.52
view1,170,view2,62,1.0,63.64
view1,170,view2,63,0.9999,60.88
view1,170,view2,70,1.0,60.52
view1,170,view2,71,0.9999,52.36
view1,170,view2,73,0.9999,20.92
view1,170,view2,75,0.9999,56.12
view1,170,view2,76,1.0,54.8
view1,170,view2,87,0.9999,53.08
view1,170,view2,90,0.9999,34.92
view1,170,view2,91,0.9999,42.56
view1,170,view2,92,1.0,48.76
view1,170,view2,102,1.0,46.48
view1,170,view2,116,0.9999,35.48
view1,170,view2,117,1.0,40.68
view1,170,view2,128,1.0,36.52
view1,170,view2,143,0.9999,0.0
view1,170,view2,145,0.9999,34.72
view1,170,view2,150,0.9999,33.72
view1,170,view2,151,0.9999,33.8
view1,170,view2,153,1.0,33.32
view1,170,view2,154,0.9999,29.12
view1,170,view2,155,0.9999,25.44
view1,170,view2,161,0.9999,6.2
view1,170,view2,170,1.0,22.04
view1,170,view2,176,0.9999,13.24
view1,170,view2,185,0.9999,18.12
view1,170,view2,187,1.0,18.64
view1,170,view2,194,0.9999,9.04
view1,170,view2,199,0.9999,14.64
view1,170,view2,200,0.9999,14.08
view1,170,view2,202,0.9999,0.0
view1,170,view2,204,0.9999,12.24
view1,170,view2,219,0.9999,9.16
view1,170,view2,223,0.9999,2.24
view1,170,view2,230,1.0,5.32
view1,170,view2,238,0.9999,5.48
view1,170,view2,247,0.9999,0.0
view1,170,view2,253,0.9999,0.48
view1,170,view2,257,0.9999,0.0
view1,170,view2,262,0.9999,0.0
view1,170,view2,275,1.0,0.0
view1,170,view2,281,0.9999,0.0
view1,170,view2,286,1.0,0.0
view1,170,view2,288,0.9999,0.0
view1,170,view2,296,0.9999,0.0
view1,170,view2,299,0.9999,0.0
view1,170,view2,311,0.9999,0.0
view1,170,view2,316,1.0,0.0
view1,170,view2,324,0.9999,0.0
view1,170,view2,327,1.0,0.0
view1,170,view2,340,0.9999,0.0
view1,170,view2,347,1.0,0.0
view1,170,view2,349,0.9999,0.0
view1,170,view2,354,0.9999,0.0
view1,170,view2,355,0.9999,0.0
view1,170,view2,357,1.0,0.0
view1,170,view2,361,0.9999,0.0
view1,170,view2,365,0.9999,0.0
view1,170,view2,375,0.9999,0.0
view1,170,view2,376,0.9999,0.0
view1,170,view2,379,0.9999,0.0
view1,170,view2,389,1.0,2.88
view1,170,view2,390,0.9999,3.28
view1,170,view2,391,0.9999,3.64
view1,170,view2,395,1.0,5.4
view1,170,view2,397,0.9999,8.0
view1,170,view2,400,0.9999,8.84
view1,170,view2,401,0.9999,8.92
view1,170,view3,2,1.0,94.84
view1,170,view3,5,1.0,72.4
view1,170,view3,6,1.0,71.16
view1,170,view3,15,1.0,77.08
view1,170,view3,16,1.0,72.72
view1,170,view3,24,1.0,66.72
view1,170,view3,28,1.0,55.32
view1,170,view3,29,1.0,60.32
view1,170,view3,33,1.0,56.08
view1,170,view3,34,1.0,64.72
view1,170,view3,37,1.0,38.44
view1,170,view3,39,1.0,34.32
view1,170,view3,44,1.0,50.32
view1,170,view3,49,1.0,52.84
view1,170,view3,53,1.0,46.76
view1,170,view3,62,1.0,49.12
view1,170,view3,66,1.0,40.68
view1,170,view3,70,1.0,45.32
view1,170,view3,71,1.0,34.0
view1,170,view3,73,1.0,42.04
view1,170,view3,77,1.0,41.52
view1,170,view3,79,1.0,39.36
view1,170,view3,81,1.0,34.04
view1,170,view3,82,1.0,28.32
view1,170,view3,88,1.0,27.4
view1,170,view3,90,1.0,30.96
view1,170,view3,94,1.0,30.32
view1,170,view3,96,1.0,15.4
view1,170,view3,99,1.0,25.96
view1,170,view3,100,1.0,29.28
view1,170,view3,106,1.0,22.32
view1,170,view3,108,1.0,25.0
view1,170,view3,109,1.0,24.68
view1,170,view3,113,1.0,0.0
view1,170,view3,119,1.0,16.48
view1,170,view3,121,1.0,20.8
view1,170,view3,124,1.0,19.8
view1,170,view3,128,1.0,18.72
view1,170,view3,129,1.0,4.4
view1,170,view3,131,1.0,12.44
view1,170,view3,136,1.0,8.4
view1,170,view3,144,1.0,10.12
view1,170,view3,150,1.0,2.8
view1,170,view3,153,1.0,2.6
view1,170,view3,154,1.0,0.0
view1,170,view3,157,1.0,3.56
view1,170,view3,163,1.0,0.0
view1,170,view3,165,1.0,0.0
view1,170,view3,169,1.0,0.0
view1,170,view3,181,1.0,0.0
view1,170,view3,186,1.0,0.0
view1,170,view3,188,1.0,0.0
view1,170,view3,195,1.0,0.0
view1,170,view3,202,1.0,0.0
view1,170,view3,203,1.0,0.0
view1,170,view3,205,1.0,0.0
view1,170,view3,206,1.0,0.0
view1,170,view3,209,1.0,0.0
view1,170,view3,212,1.0,0.0
view1,170,view3,214,1.0,0.0
view1,170,view3,215,1.0,0.0
view1,170,view3,216,1.0,0.0
view1,170,view3,217,1.0,0.0
view1,170,view3,223,1.0,0.0
view1,170,view3,225,1.0,0.0
view1,170,view3,227,1.0,0.0
view1,170,view3,230,1.0,0.0
view1,170,view3,231,1.0,0.0
view1,170,view3,233,1.0,0.0
view1,170,view3,236,1.0,0.0
view1,170,view3,240,1.0,0.0
view1,170,view3,243,1.0,0.0
view1,170,view3,244,1.0,0.0
view1,170,view3,252,1.0,0.0
view1,170,view3,256,1.0,0.0
view1,170,view3,260,1.0,0.0
view1,170,view3,266,1.0,1.68
view1,170,view3,267,1.0,1.76
view1,170,view3,269,1.0,2.32
view1,170,view3,272,1.0,3.92
view1,170,view3,280,1.0,8.44
view1,170,view3,282,1.0,9.28
view1,177,view2,2,0.9999,83.6
view1,177,view2,18,0.9999,43.52
view1,177,view2,21,1.0,92.2
view1,177,view2,26,1.0,86.84
view1,177,view2,27,0.9999,89.64
view1,177,view2,30,1.0,82.96
view1,177,view2,31,0.9999,74.76
view1,177,view2,33,0.9999,79.12
view1,177,view2,36,1.0,79.92
view1,177,view2,39,0.9999,63.32
view1,177,view2,41,0.9999,77.64
view1,177,view2,49,1.0,74.64
view1,177,view2,51,0.9999,69.44
view1,177,view2,62,1.0,68.56
view1,177,view2,63,0.9999,65.8
view1,177,view2,70,1.0,65.44
view1,177,view2,71,0.9999,57.28
view1,177,view2,73,0.9999,25.84
view1,177,view2,75,0.9999,61.04
view1,177,view2,76,1.0,59.72
view1,177,view2,87,0.9999,58.0
view1,177,view2,90,0.9999,39.84
view1,177,view2,91,0.9999,47.48
view1,177,view2,92,1.0,53.68
view1,177,view2,102,1.0,51.4
view1,177,view2,116,0.9999,40.4
view1,177,view2,117,1.0,45.6
view1,177,view2,128,1.0,41.44
view1,177,view2,143,0.9999,0.0
view1,177,view2,145,0.9999,39.64
view1,177,view2,150,0.9999,38.64
view1,177,view2,151,0.9999,38.72
view1,177,view2,153,1.0,38.24
view1,177,view2,154,0.9999,34.04
view1,177,view2,155,0.9999,30.36
view1,177,view2,161,0.9999,11.12
view1,177,view2,170,1.0,26.96
view1,177,view2,176,0.9999,18.16
view1,177,view2,185,0.9999,23.04
view1,177,view2,187,1.0,23.56
view1,177,view2,194,0.9999,13.96
view1,177,view2,199,0.9999,19.56
view1,177,view2,200,0.9999,19.0
view1,177,view2,202,0.9999,0.0
view1,177,view2,204,0.9999,17.16
view1,177,view2,219,1.0,14.08
view1,177,view2,223,0.9999,7.16
view1,177,view2,230,1.0,10.24
view1,177,view2,238,0.9999,10.4
view1,177,view2,247,0.9999,0.0
view1,177,view2,253,0.9999,5.4
view1,177,view2,257,0.9999,2.72
view1,177,view2,262,0.9999,0.0
view1,177,view2,275,1.0,0.0
view1,177,view2,281,0.9999,0.0
view1,177,view2,286,1.0,0.0
view1,177,view2,288,0.9999,0.0
view1,177,view2,296,0.9999,0.0
view1,177,view2,299,0.9999,0.0
view1,177,view2,311,0.9999,0.0
view1,177,view2,316,1.0,0.0
view1,177,view2,324,0.9999,0.0
view1,177,view2,327,1.0,0.0
view1,177,view2,340,0.9999,0.0
view1,177,view2,347,1.0,0.0
view1,177,view2,349,0.9999,0.0
view1,177,view2,354,0.9999,0.0
view1,177,view2,355,0.9999,0.0
view1,177,view2,357,1.0,0.48
view1,177,view2,361,0.9999,1.2
view1,177,view2,365,0.9999,3.2
view1,177,view2,375,0.9999,4.84
view1,177,view2,376,0.9999,5.04
view1,177,view2,379,0.9999,5.44
view1,177,view2,389,1.0,10.28
view1,177,view2,390,0.9999,10.68
view1,177,view2,391,0.9999,11.04
view1,177,view2,395,1.0,12.8
view1,177,view2,397,0.9999,15.4
view1,177,view2,400,0.9999,16.24
view1,177,view2,401,0.9999,16.32
view1,177,view3,2,1.0,99.76
view1,177,view3,5,1.0,77.32
view1,177,view3,6,1.0,76.08
view1,177,view3,15,1.0,82.0
view1,177,view3,16,1.0,77.64
view1,177,view3,24,1.0,71.64
view1,177,view3,28,1.0,60.24
view1,177,view3,29,1.0,65.24
view1,177,view3,33,1.0,61.0
view1,177,view3,34,1.0,69.64
view1,177,view3,37,1.0,43.36
view1,177,view3,39,1.0,39.24
view1,177,view3,44,1.0,55.24
view1,177,view3,49,1.0,57.76
view1,177,view3,53,1.0,51.68
view1,177,view3,62,1.0,54.04
view1,177,view3,66,1.0,45.6
view1,177,view3,70,1.0,50.24
view1,177,view3,71,1.0,38.92
view1,177,view3,73,1.0,46.96
view1,177,view3,77,1.0,46.44
view1,177,view3,79,1.0,44.28
view1,177,view3,81,1.0,38.96
view1,177,view3,82,1.0,33.24
view1,177,view3,88,1.0,32.32
view1,177,view3,90,1.0,35.88
view1,177,view3,94,1.0,35.24
view1,177,view3,96,1.0,20.32
view1,177,view3,99,1.0,30.88
view1,177,view3,100,1.0,34.2
view1,177,view3,106,1.0,27.24
view1,177,view3,108,1.0,29.92
view1,177,view3,109,1.0,29.6
view1,177,view3,113,1.0,2.76
view1,177,view3,119,1.0,21.4
view1,177,view3,121,1.0,25.72
view1,177,view3,124,1.0,24.72
view1,177,view3,128,1.0,23.64
view1,177,view3,129,1.0,9.32
view1,177,view3,131,1.0,17.36
view1,177,view3,136,1.0,13.32
view1,177,view3,144,1.0,15.04
view1,177,view3,150,1.0,7.72
view1,177,view3,153,1.0,7.52
view1,177,view3,154,1.0,0.0
view1,177,view3,157,1.0,8.48
view1,177,view3,163,1.0,4.64
view1,177,view3,165,1.0,0.0
view1,177,view3,169,1.0,4.92
view1,177,view3,181,1.0,0.0
view1,177,view3,186,1.0,0.0
view1,177,view3,188,1.0,0.0
view1,177,view3,195,1.0,0.0
view1,177,view3,202,1.0,0.0
view1,177,view3,203,1.0,0.0
view1,177,view3,205,1.0,0.0
view1,177,view3,206,1.0,0.0
view1,177,view3,209,1.0,0.0
view1,177,view3,212,1.0,0.0
view1,177,view3,214,1.0,0.0
view1,177,view3,215,1.0,0.0
view1,177,view3,216,1.0,0.0
view1,177,view3,217,1.0,0.0
view1,177,view3,223,1.0,0.0
view1,177,view3,225,1.0,0.0
view1,177,view3,227,1.0,0.0
view1,177,view3,230,1.0,0.0
view1,177,view3,231,1.0,0.0
view1,177,view3,233,1.0,0.0
view1,177,view3,236,1.0,0.0
view1,177,view3,240,1.0,0.0
view1,177,view3,243,1.0,0.0
view1,177,view3,244,1.0,0.0
view1,177,view3,252,1.0,1.04
view1,177,view3,256,1.0,2.8
view1,177,view3,260,1.0,4.96
view1,177,view3,266,1.0,9.08
view1,177,view3,267,1.0,9.16
view1,177,view3,269,1.0,9.72
view1,177,view3,272,1.0,11.32
view1,177,view3,280,1.0,15.84
view1,177,view3,282,1.0,16.68
view1,185,view2,2,0.9999,85.52
view1,185,view2,18,0.9999,45.44
view1,185,view2,21,0.9999,94.12
view1,185,view2,26,0.9999,88.76
view1,185,view2,27,0.9999,91.56
view1,185,view2,30,0.9999,84.88
view1,185,view2,31,0.9999,76.68
view1,185,view2,33,0.9999,81.04
view1,185,view2,36,0.9999,81.84
view1,185,view2,39,0.9999,65.24
view1,185,view2,41,0.9999,79.56
view1,185,view2,49,0.9999,76.56
view1,185,view2,51,0.9999,71.36
view1,185,view2,62,0.9999,70.48
view1,185,view2,63,0.9999,67.72
view1,185,view2,70,0.9999,67.36
view1,185,view2,71,0.9999,59.2
view1,185,view2,73,0.9999,27.76
view1,185,view2,75,0.9999,62.96
view1,185,view2,76,0.9999,61.64
view1,185,view2,87,0.9999,59.92
view1,185,view2,90,0.9999,41.76
view1,185,view2,91,0.9999,49.4
view1,185,view2,92,0.9999,55.6
view1,185,view2,102,0.9999,53.32
view1,185,view2,116,0.9999,42.32
view1,185,view2,117,0.9999,47.52
view1,185,view2,128,0.9999,43.36
view1,185,view2,143,0.9999,0.0
view1,185,view2,145,0.9999,41.56
view1,185,view2,150,0.9999,40.56
view1,185,view2,151,0.9999,40.64
view1,185,view2,153,0.9999,40.16
view1,185,view2,154,0.9999,35.96
view1,185,view2,155,0.9999,32.28
view1,185,view2,161,0.9999,13.04
view1,185,view2,170,0.9999,28.88
view1,185,view2,176,0.9999,20.08
view1,185,view2,185,0.9999,24.96
view1,185,view2,187,0.9999,25.48
view1,185,view2,194,0.9999,15.88
view1,185,view2,199,0.9999,21.48
view1,185,view2,200,0.9999,20.92
view1,185,view2,202,0.9999,0.0
view1,185,view2,204,0.9999,19.08
view1,185,view2,219,0.9999,16.0
view1,185,view2,223,0.9999,9.08
view1,185,view2,230,0.9999,12.16
view1,185,view2,238,0.9999,12.32
view1,185,view2,247,0.9999,0.0
view1,185,view2,253,0.9999,7.32
view1,185,view2,257,0.9999,4.64
view1,185,view2,262,0.9999,0.0
view1,185,view2,275,0.9999,0.0
view1,185,view2,281,0.9999,0.0
view1,185,view2,286,0.9999,0.0
view1,185,view2,288,0.9999,0.0
view1,185,view2,296,0.9999,2.52
view1,185,view2,299,0.9999,3.56
view1,185,view2,311,0.9999,6.92
view1,185,view2,316,0.9999,10.44
view1,185,view2,324,0.9999,13.44
view1,185,view2,327,0.9999,14.28
view1,185,view2,340,0.9999,17.52
view1,185,view2,347,0.9999,19.2
view1,185,view2,349,0.9999,20.6
view1,185,view2,354,0.9999,22.16
view1,185,view2,355,0.9999,22.56
view1,185,view2,357,0.9999,23.16
view1,185,view2,361,0.9999,23.88
view1,185,view2,365,0.9999,25.88
view1,185,view2,375,0.9999,27.52
view1,185,view2,376,0.9999,27.72
view1,185,view2,379,0.9999,28.12
view1,185,view2,389,0.9999,32.96
view1,185,view2,390,0.9999,33.36
view1,185,view2,391,0.9999,33.72
view1,185,view2,395,0.9999,35.48
view1,185,view2,397,0.9999,38.08
view1,185,view2,400,0.9999,38.92
view1,185,view2,401,0.9999,39.0
view1,185,view3,2,1.0,101.68
view1,185,view3,5,1.0,79.24
view1,185,view3,6,1.0,78.0
view1,185,view3,15,1.0,83.92
view1,185,view3,16,1.0,79.56
view1,185,view3,24,1.0,73.56
view1,185,view3,28,1.0,62.16
view1,185,view3,29,1.0,67.16
view1,185,view3,33,1.0,62.92
view1,185,view3,34,1.0,71.56
view1,185,view3,37,1.0,45.28
view1,185,view3,39,1.0,41.16
view1,185,view3,44,1.0,57.16
view1,185,view3,49,1.0,59.68
view1,185,view3,53,1.0,53.6
view1,185,view3,62,1.0,55.96
view1,185,view3,66,1.0,47.52
view1,185,view3,70,1.0,52.16
view1,185,view3,71,1.0,40.84
view1,185,view3,73,1.0,48.88
view1,185,view3,77,1.0,48.36
view1,185,view3,79,1.0,46.2
view1,185,view3,81,1.0,40.88
view1,185,view3,82,1.0,35.16
view1,185,view3,88,1.0,34.24
view1,185,view3,90,1.0,37.8
view1,185,view3,94,1.0,37.16
view1,185,view3,96,1.0,22.24
view1,185,view3,99,1.0,32.8
view1,185,view3,100,1.0,36.12
view1,185,view3,106,1.0,29.16
view1,185,view3,108,1.0,31.84
view1,185,view3,109,1.0,31.52
view1,185,view3,113,1.0,4.68
view1,185,view3,119,1.0,23.32
view1,185,view3,121,1.0,27.64
view1,185,view3,124,1.0,26.64
view1,185,view3,128,1.0,25.56
view1,185,view3,129,1.0,11.24
view1,185,view3,131,1.0,19.28
view1,185,view3,136,1.0,15.24
view1,185,view3,144,1.0,16.96
view1,185,view3,150,1.0,9.64
view1,185,view3,153,1.0,9.44
view1,185,view3,154,1.0,1.68
view1,185,view3,157,1.0,10.4
view1,185,view3,163,1.0,6.56
view1,185,view3,165,1.0,0.0
view1,185,view3,169,1.0,6.84
view1,185,view3,181,1.0,0.0
view1,185,view3,186,1.0,0.0
view1,185,view3,188,1.0,0.56
view1,185,view3,195,1.0,0.0
view1,185,view3,202,1.0,0.0
view1,185,view3,203,1.0,0.0
view1,185,view3,205,1.0,0.0
view1,185,view3,206,1.0,0.0
view1,185,view3,209,1.0,0.72
view1,185,view3,212,1.0,1.12
view1,185,view3,214,1.0,2.48
view1,185,view3,215,1.0,4.68
view1,185,view3,216,1.0,4.8
view1,185,view3,217,1.0,5.04
view1,185,view3,223,1.0,7.36
view1,185,view3,225,1.0,8.0
view1,185,view3,227,1.0,8.8
view1,185,view3,230,1.0,9.68
view1,185,view3,231,1.0,9.76
view1,185,view3,233,1.0,12.92
view1,185,view3,236,1.0,14.88
view1,185,view3,240,1.0,17.04
view1,185,view3,243,1.0,18.12
view1,185,view3,244,1.0,19.2
view1,185,view3,252,1.0,23.72
view1,185,view3,256,1.0,25.48
view1,185,view3,260,1.0,27.64
view1,185,view3,266,1.0,31.76
view1,185,view3,267,1.0,31.84
view1,185,view3,269,1.0,32.4
view1,185,view3,272,1.0,34.0
view1,185,view3,280,1.0,38.52
view1,185,view3,282,1.0,39.36
view1,209,view2,2,0.9999,92.48
view1,209,view2,18,0.9999,52.4
view1,209,view2,21,0.9999,101.08
view1,209,view2,26,0.9999,95.72
view1,209,view2,27,0.9999,98.52
view1,209,view2,30,0.9999,91.84
view1,209,view2,31,0.9999,83.64
view1,209,view2,33,0.9999,88.0
view1,209,view2,36,0.9999,88.8
view1,209,view2,39,0.9999,72.2
view1,209,view2,41,0.9999,86.52
view1,209,view2,49,0.9999,83.52
view1,209,view2,51,0.9999,78.32
view1,209,view2,62,0.9999,77.44
view1,209,view2,63,0.9999,74.68
view1,209,view2,70,0.9999,74.32
view1,209,view2,71,0.9999,66.16
view1,209,view2,73,0.9999,34.72
view1,209,view2,75,0.9999,69.92
view1,209,view2,76,0.9999,68.6
view1,209,view2,87,0.9999,66.88
view1,209,view2,90,0.9999,48.72
view1,209,view2,91,0.9999,56.36
view1,209,view2,92,0.9999,62.56
view1,209,view2,102,0.9999,60.28
view1,209,view2,116,0.9999,49.28
view1,209,view2,117,0.9999,54.48
view1,209,view2,128,0.9999,50.32
view1,209,view2,143,0.9999,0.0
view1,209,view2,145,0.9999,48.52
view1,209,view2,150,0.9999,47.52
view1,209,view2,151,0.9999,47.6
view1,209,view2,153,0.9999,47.12
view1,209,view2,154,0.9999,42.92
view1,209,view2,155,0.9999,39.24
view1,209,view2,161,0.9999,20.0
view1,209,view2,170,0.9999,35.84
view1,209,view2,176,0.9999,27.04
view1,209,view2,185,0.9999,31.92
view1,209,view2,187,0.9999,32.44
view1,209,view2,194,0.9999,22.84
view1,209,view2,199,0.9999,28.44
view1,209,view2,200,0.9999,27.88
view1,209,view2,202,0.9999,5.92
view1,209,view2,204,0.9999,26.04
view1,209,view2,219,0.9999,22.96
view1,209,view2,223,0.9999,16.04
view1,209,view2,230,0.9999,19.12
view1,209,view2,238,0.9999,19.28
view1,209,view2,247,0.9999,3.96
view1,209,view2,253,0.9999,14.28
view1,209,view2,257,0.9999,11.6
view1,209,view2,262,0.9999,0.48
view1,209,view2,275,0.9999,5.36
view1,209,view2,281,0.9999,0.0
view1,209,view2,286,0.9999,2.12
view1,209,view2,288,0.9999,0.0
view1,209,view2,296,0.9999,0.0
view1,209,view2,299,0.9999,0.0
view1,209,view2,311,0.9999,0.0
view1,209,view2,316,0.9999,0.0
view1,209,view2,324,0.9999,0.0
view1,209,view2,327,0.9999,0.0
view1,209,view2,340,0.9999,0.0
view1,209,view2,347,0.9999,0.0
view1,209,view2,349,0.9999,0.0
view1,209,view2,354,0.9999,0.0
view1,209,view2,355,0.9999,0.0
view1,209,view2,357,0.9999,0.0
view1,209,view2,361,0.9999,0.0
view1,209,view2,365,0.9999,0.0
view1,209,view2,375,0.9999,0.0
view1,209,view2,376,0.9999,0.0
view1,209,view2,379,0.9999,0.0
view1,209,view2,389,0.9999,3.72
view1,209,view2,390,0.9999,4.12
view1,209,view2,391,0.9999,4.48
view1,209,view2,395,0.9999,6.24
view1,209,view2,397,0.9999,8.84
view1,209,view2,400,0.9999,9.68
view1,209,view2,401,0.9999,9.76
view1,209,view3,2,1.0,108.64
view1,209,view3,5,1.0,86.2
view1,209,view3,6,1.0,84.96
view1,209,view3,15,1.0,90.88
view1,209,view3,16,1.0,86.52
view1,209,view3,24,1.0,80.52
view1,209,view3,28,1.0,69.12
view1,209,view3,29,1.0,74.12
view1,209,view3,33,1.0,69.88
view1,209,view3,34,1.0,78.52
view1,209,view3,37,1.0,52.24
view1,209,view3,39,1.0,48.12
view1,209,view3,44,1.0,64.12
view1,209,view3,49,1.0,66.64
view1,209,view3,53,1.0,60.56
view1,209,view3,62,1.0,62.92
view1,209,view3,66,1.0,54.48
view1,209,view3,70,1.0,59.12
view1,209,view3,71,1.0,47.8
view1,209,view3,73,1.0,55.84
view1,209,view3,77,1.0,55.32
view1,209,view3,79,1.0,53.16
view1,209,view3,81,1.0,47.84
view1,209,view3,82,1.0,42.12
view1,209,view3,88,1.0,41.2
view1,209,view3,90,1.0,44.76
view1,209,view3,94,1.0,44.12
view1,209,view3,96,1.0,29.2
view1,209,view3,99,1.0,39.76
view1,209,view3,100,1.0,43.08
view1,209,view3,106,1.0,36.12
view1,209,view3,108,1.0,38.8
view1,209,view3,109,1.0,38.48
view1,209,view3,113,1.0,11.64
view1,209,view3,119,1.0,30.28
view1,209,view3,121,1.0,34.6
view1,209,view3,124,1.0,33.6
view1,209,view3,128,1.0,32.52
view1,209,view3,129,1.0,18.2
view1,209,view3,131,1.0,26.24
view1,209,view3,136,1.0,22.2
view1,209,view3,144,1.0,23.92
view1,209,view3,150,1.0,16.6
view1,209,view3,153,1.0,16.4
view1,209,view3,154,1.0,8.64
view1,209,view3,157,1.0,17.36
view1,209,view3,163,1.0,13.52
view1,209,view3,165,1.0,6.12
view1,209,view3,169,1.0,13.8
view1,209,view3,181,1.0,3.8
view1,209,view3,186,1.0,5.04
view1,209,view3,188,1.0,7.52
view1,209,view3,195,1.0,0.04
view1,209,view3,202,1.0,3.64
view1,209,view3,203,1.0,0.0
view1,209,view3,205,1.0,0.0
view1,209,view3,206,1.0,2.32
view1,209,view3,209,1.0,0.0
view1,209,view3,212,1.0,1.2
view1,209,view3,214,1.0,0.0
view1,209,view3,215,1.0,0.0
view1,209,view3,216,1.0,0.0
view1,209,view3,217,1.0,0.0
view1,209,view3,223,1.0,0.0
view1,209,view3,225,1.0,0.0
view1,209,view3,227,1.0,0.0
view1,209,view3,230,1.0,0.0
view1,209,view3,231,1.0,0.0
view1,209,view3,233,1.0,0.0
view1,209,view3,236,1.0,0.0
view1,209,view3,240,1.0,0.0
view1,209,view3,243,1.0,0.0
view1,209,view3,244,1.0,0.0
view1,209,view3,252,1.0,0.0
view1,209,view3,256,1.0,0.0
view1,209,view3,260,1.0,0.0
view1,209,view3,266,1.0,2.52
view1,209,view3,267,1.0,2.6
view1,209,view3,269,1.0,3.16
view1,209,view3,272,1.0,4.76
view1,209,view3,280,1.0,9.28
view1,209,view3,282,1.0,10.12
view1,211,view2,2,0.9999,92.56
view1,211,view2,18,0.9999,52.48
view1,211,view2,21,0.9999,101.16
view1,211,view2,26,0.9999,95.8
view1,211,view2,27,0.9999,98.6
view1,211,view2,30,0.9999,91.92
view1,211,view2,31,0.9999,83.72
view1,211,view2,33,0.9999,88.08
view1,211,view2,36,0.9999,88.88
view1,211,view2,39,0.9999,72.28
view1,211,view2,41,0.9999,86.6
view1,211,view2,49,0.9999,83.6
view1,211,view2,51,0.9999,78.4
view1,211,view2,62,0.9999,77.52
view1,211,view2,63,0.9999,74.76
view1,211,view2,70,0.9999,74.4
view1,211,view2,71,0.9999,66.24
view1,211,view2,73,0.9999,34.8
view1,211,view2,75,0.9999,70.0
view1,211,view2,76,0.9999,68.68
view1,211,view2,87,0.9999,66.96
view1,211,view2,90,0.9999,48.8
view1,211,view2,91,0.9999,56.44
view1,211,view2,92,0.9999,62.64
view1,211,view2,102,0.9999,60.36
view1,211,view2,116,0.9999,49.36
view1,211,view2,117,0.9999,54.56
view1,211,view2,128,0.9999,50.4
view1,211,view2,143,0.9999,0.0
view1,211,view2,145,0.9999,48.6
view1,211,view2,150,0.9999,47.6
view1,211,view2,151,0.9999,47.68
view1,211,view2,153,0.9999,47.2
view1,211,view2,154,0.9999,43.0
view1,211,view2,155,0.9999,39.32
view1,211,view2,161,0.9999,20.08
view1,211,view2,170,0.9999,35.92
view1,211,view2,176,0.9999,27.12
view1,211,view2,185,0.9999,32.0
view1,211,view2,187,0.9999,32.52
view1,211,view2,194,0.9999,22.92
view1,211,view2,199,0.9999,28.52
view1,211,view2,200,0.9999,27.96
view1,211,view2,202,0.9999,6.0
view1,211,view2,204,0.9999,26.12
view1,211,view2,219,0.9999,23.04
view1,211,view2,223,0.9999,16.12
view1,211,view2,230,0.9999,19.2
view1,211,view2,238,0.9999,19.36
view1,211,view2,247,0.9999,4.04
view1,211,view2,253,0.9999,14.36
view1,211,view2,257,0.9999,11.68
view1,211,view2,262,0.9999,0.56
view1,211,view2,275,0.9999,5.44
view1,211,view2,281,0.9999,0.0
view1,211,view2,286,0.9999,2.2
view1,211,view2,288,0.9999,0.0
view1,211,view2,296,0.9999,0.0
view1,211,view2,299,0.9999,0.0
view1,211,view2,311,0.9999,0.0
view1,211,view2,316,0.9999,0.0
view1,211,view2,324,0.9999,0.0
view1,211,view2,327,1.0,0.0
view1,211,view2,340,0.9999,0.0
view1,211,view2,347,1.0,0.0
view1,211,view2,349,0.9999,0.0
view1,211,view2,354,0.9999,0.0
view1,211,view2,355,0.9999,0.0
view1,211,view2,357,0.9999,0.0
view1,211,view2,361,0.9999,0.0
view1,211,view2,365,0.9999,0.0
view1,211,view2,375,0.9999,0.0
view1,211,view2,376,0.9999,0.0
view1,211,view2,379,0.9999,0.0
view1,211,view2,389,0.9999,0.0
view1,211,view2,390,0.9999,0.0
view1,211,view2,391,0.9999,0.0
view1,211,view2,395,0.9999,0.6
view1,211,view2,397,0.9999,3.2
view1,211,view2,400,0.9999,4.04
view1,211,view2,401,0.9999,4.12
view1,211,view3,2,1.0,108.72
view1,211,view3,5,1.0,86.28
view1,211,view3,6,1.0,85.04
view1,211,view3,15,1.0,90.96
view1,211,view3,16,1.0,86.6
view1,211,view3,24,1.0,80.6
view1,211,view3,28,1.0,69.2
view1,211,view3,29,1.0,74.2
view1,211,view3,33,1.0,69.96
view1,211,view3,34,1.0,78.6
view1,211,view3,37,1.0,52.32
view1,211,view3,39,1.0,48.2
view1,211,view3,44,1.0,64.2
view1,211,view3,49,1.0,66.72
view1,211,view3,53,1.0,60.64
view1,211,view3,62,1.0,63.0
view1,211,view3,66,1.0,54.56
view1,211,view3,70,1.0,59.2
view1,211,view3,71,1.0,47.88
view1,211,view3,73,1.0,55.92
view1,211,view3,77,1.0,55.4
view1,211,view3,79,1.0,53.24
view1,211,view3,81,1.0,47.92
view1,211,view3,82,1.0,42.2
view1,211,view3,88,1.0,41.28
view1,211,view3,90,1.0,44.84
view1,211,view3,94,1.0,44.2
view1,211,view3,96,1.0,29.28
view1,211,view3,99,1.0,39.84
view1,211,view3,100,1.0,43.16
view1,211,view3,106,1.0,36.2
view1,211,view3,108,1.0,38.88
view1,211,view3,109,1.0,38.56
view1,211,view3,113,1.0,11.72
view1,211,view3,119,1.0,30.36
view1,211,view3,121,1.0,34.68
view1,211,view3,124,1.0,33.68
view1,211,view3,128,1.0,32.6
view1,211,view3,129,1.0,18.28
view1,211,view3,131,1.0,26.32
view1,211,view3,136,1.0,22.28
view1,211,view3,144,1.0,24.0
view1,211,view3,150,1.0,16.68
view1,211,view3,153,1.0,16.48
view1,211,view3,154,1.0,8.72
view1,211,view3,157,1.0,17.44
view1,211,view3,163,1.0,13.6
view1,211,view3,165,1.0,6.2
view1,211,view3,169,1.0,13.88
view1,211,view3,181,1.0,3.88
view1,211,view3,186,1.0,5.12
view1,211,view3,188,1.0,7.6
view1,211,view3,195,1.0,0.12
view1,211,view3,202,1.0,3.72
view1,211,view3,203,1.0,0.0
view1,211,view3,205,1.0,0.0
view1,211,view3,206,1.0,2.4
view1,211,view3,209,1.0,0.0
view1,211,view3,212,1.0,1.28
view1,211,view3,214,1.0,0.0
view1,211,view3,215,1.0,0.0
view1,211,view3,216,1.0,0.0
view1,211,view3,217,1.0,0.0
view1,211,view3,223,1.0,0.0
view1,211,view3,225,1.0,0.0
view1,211,view3,227,1.0,0.0
view1,211,view3,230,1.0,0.0
view1,211,view3,231,1.0,0.0
view1,211,view3,233,1.0,0.0
view1,211,view3,236,1.0,0.0
view1,211,view3,240,1.0,0.0
view1,211,view3,243,1.0,0.0
view1,211,view3,244,1.0,0.0
view1,211,view3,252,1.0,0.0
view1,211,view3,256,1.0,0.0
view1,211,view3,260,1.0,0.0
view1,211,view3,266,1.0,0.0
view1,211,view3,267,1.0,0.0
view1,211,view3,269,1.0,0.0
view1,211,view3,272,1.0,0.0
view1,211,view3,280,1.0,3.64
view1,211,view3,282,1.0,4.48
view1,240,view2,2,0.9999,113.24
view1,240,view2,18,0.9999,73.16
view1,240,view2,21,0.9999,121.84
view1,240,view2,26,1.0,116.48
view1,240,view2,27,0.9999,119.28
view1,240,view2,30,1.0,112.6
view1,240,view2,31,0.9999,104.4
view1,240,view2,33,0.9999,108.76
view1,240,view2,36,0.9999,109.56
view1,240,view2,39,0.9999,92.96
view1,240,view2,41,0.9999,107.28
view1,240,view2,49,0.9999,104.28
view1,240,view2,51,0.9999,99.08
view1,240,view2,62,0.9999,98.2
view1,240,view2,63,0.9999,95.44
view1,240,view2,70,0.9999,95.08
view1,240,view2,71,0.9999,86.92
view1,240,view2,73,0.9999,55.48
view1,240,view2,75,0.9999,90.68
view1,240,view2,76,0.9999,89.36
view1,240,view2,87,0.9999,87.64
view1,240,view2,90,0.9999,69.48
view1,240,view2,91,0.9999,77.12
view1,240,view2,92,0.9999,83.32
view1,240,view2,102,0.9999,81.04
view1,240,view2,116,0.9999,70.04
view1,240,view2,117,1.0,75.24
view1,240,view2,128,0.9999,71.08
view1,240,view2,143,0.9999,2.8
view1,240,view2,145,0.9999,69.28
view1,240,view2,150,0.9999,68.28
view1,240,view2,151,0.9999,68.36
view1,240,view2,153,1.0,67.88
view1,240,view2,154,0.9999,63.68
view1,240,view2,155,0.9999,60.0
view1,240,view2,161,0.9999,40.76
view1,240,view2,170,0.9999,56.6
view1,240,view2,176,0.9999,47.8
view1,240,view2,185,0.9999,52.68
view1,240,view2,187,0.9999,53.2
view1,240,view2,194,0.9999,43.6
view1,240,view2,199,0.9999,49.2
view1,240,view2,200,0.9999,48.64
view1,240,view2,202,0.9999,26.68
view1,240,view2,204,0.9999,46.8
view1,240,view2,219,0.9999,43.72
view1,240,view2,223,0.9999,36.8
view1,240,view2,230,0.9999,39.88
view1,240,view2,238,0.9999,40.04
view1,240,view2,247,0.9999,24.72
view1,240,view2,253,0.9999,35.04
view1,240,view2,257,0.9999,32.36
view1,240,view2,262,0.9999,21.24
view1,240,view2,275,1.0,26.12
view1,240,view2,281,0.9999,0.0
view1,240,view2,286,0.9999,22.88
view1,240,view2,288,0.9999,6.36
view1,240,view2,296,0.9999,19.8
view1,240,view2,299,0.9999,16.96
view1,240,view2,311,0.9999,12.0
view1,240,view2,316,0.9999,10.92
view1,240,view2,324,0.9999,3.28
view1,240,view2,327,1.0,7.44
view1,240,view2,340,0.9999,0.0
view1,240,view2,347,1.0,3.32
view1,240,view2,349,0.9999,0.0
view1,240,view2,354,0.9999,0.72
view1,240,view2,355,0.9999,0.0
view1,240,view2,357,0.9999,0.0
view1,240,view2,361,0.9999,0.0
view1,240,view2,365,0.9999,0.0
view1,240,view2,375,0.9999,0.0
view1,240,view2,376,0.9999,0.0
view1,240,view2,379,0.9999,0.0
view1,240,view2,389,1.0,0.0
view1,240,view2,390,0.9999,0.0
view1,240,view2,391,0.9999,0.0
view1,240,view2,395,0.9999,0.96
view1,240,view2,397,0.9999,3.56
view1,240,view2,400,0.9999,4.4
view1,240,view2,401,0.9999,4.48
view1,240,view3,2,1.0,129.4
view1,240,view3,5,1.0,106.96
view1,240,view3,6,1.0,105.72
view1,240,view3,15,1.0,111.64
view1,240,view3,16,1.0,107.28
view1,240,view3,24,1.0,101.28
view1,240,view3,28,1.0,89.88
view1,240,view3,29,1.0,94.88
view1,240,view3,33,1.0,90.64
view1,240,view3,34,1.0,99.28
view1,240,view3,37,1.0,73.0
view1,240,view3,39,1.0,68.88
view1,240,view3,44,1.0,84.88
view1,240,view3,49,1.0,87.4
view1,240,view3,53,1.0,81.32
view1,240,view3,62,1.0,83.68
view1,240,view3,66,1.0,75.24
view1,240,view3,70,1.0,79.88
view1,240,view3,71,1.0,68.56
view1,240,view3,73,1.0,76.6
view1,240,view3,77,1.0,76.08
view1,240,view3,79,1.0,73.92
view1,240,view3,81,1.0,68.6
view1,240,view3,82,1.0,62.88
view1,240,view3,88,1.0,61.96
view1,240,view3,90,1.0,65.52
view1,240,view3,94,1.0,64.88
view1,240,view3,96,1.0,49.96
view1,240,view3,99,1.0,60.52
view1,240,view3,100,1.0,63.84
view1,240,view3,106,1.0,56.88
view1,240,view3,108,1.0,59.56
view1,240,view3,109,1.0,59.24
view1,240,view3,113,1.0,32.4
view1,240,view3,119,1.0,51.04
view1,240,view3,121,1.0,55.36
view1,240,view3,124,1.0,54.36
view1,240,view3,128,1.0,53.28
view1,240,view3,129,1.0,38.96
view1,240,view3,131,1.0,47.0
view1,240,view3,136,1.0,42.96
view1,240,view3,144,1.0,44.68
view1,240,view3,150,1.0,37.36
view1,240,view3,153,1.0,37.16
view1,240,view3,154,1.0,29.4
view1,240,view3,157,1.0,38.12
view1,240,view3,163,1.0,34.28
view1,240,view3,165,1.0,26.88
view1,240,view3,169,1.0,34.56
view1,240,view3,181,1.0,24.56
view1,240,view3,186,1.0,25.8
view1,240,view3,188,1.0,28.28
view1,240,view3,195,1.0,20.8
view1,240,view3,202,1.0,24.4
view1,240,view3,203,1.0,8.84
view1,240,view3,205,1.0,19.16
view1,240,view3,206,1.0,23.08
view1,240,view3,209,1.0,0.0
view1,240,view3,212,1.0,21.96
view1,240,view3,214,1.0,20.28
view1,240,view3,215,1.0,18.4
view1,240,view3,216,1.0,13.92
view1,240,view3,217,1.0,16.6
view1,240,view3,223,1.0,15.36
view1,240,view3,225,1.0,11.32
view1,240,view3,227,1.0,14.08
view1,240,view3,230,1.0,6.92
view1,240,view3,231,1.0,10.12
view1,240,view3,233,1.0,4.32
view1,240,view3,236,1.0,1.48
view1,240,view3,240,1.0,0.04
view1,240,view3,243,1.0,4.88
view1,240,view3,244,1.0,0.0
view1,240,view3,252,1.0,0.0
view1,240,view3,256,1.0,0.0
view1,240,view3,260,1.0,0.0
view1,240,view3,266,1.0,0.0
view1,240,view3,267,1.0,0.0
view1,240,view3,269,1.0,0.0
view1,240,view3,272,1.0,0.0
view1,240,view3,280,1.0,4.0
view1,240,view3,282,1.0,4.84
view1,258,view2,2,0.9999,120.0
view1,258,view2,18,0.9999,79.92
view1,258,view2,21,1.0,128.6
view1,258,view2,26,1.0,123.24
view1,258,view2,27,0.9999,126.04
view1,258,view2,30,1.0,119.36
view1,258,view2,31,0.9999,111.16
view1,258,view2,33,0.9999,115.52
view1,258,view2,36,1.0,116.32
view1,258,view2,39,0.9999,99.72
view1,258,view2,41,0.9999,114.04
view1,258,view2,49,1.0,111.04
view1,258,view2,51,0.9999,105.84
view1,258,view2,62,1.0,104.96
view1,258,view2,63,0.9999,102.2
view1,258,view2,70,1.0,101.84
view1,258,view2,71,0.9999,93.68
view1,258,view2,73,0.9999,62.24
view1,258,view2,75,0.9999,97.44
view1,258,view2,76,1.0,96.12
view1,258,view2,87,0.9999,94.4
view1,258,view2,90,0.9999,76.24
view1,258,view2,91,0.9999,83.88
view1,258,view2,92,1.0,90.08
view1,258,view2,102,1.0,87.8
view1,258,view2,116,0.9999,76.8
view1,258,view2,117,1.0,82.0
view1,258,view2,128,1.0,77.84
view1,258,view2,143,0.9999,9.56
view1,258,view2,145,0.9999,76.04
view1,258,view2,150,0.9999,75.04
view1,258,view2,151,0.9999,75.12
view1,258,view2,153,1.0,74.64
view1,258,view2,154,0.9999,70.44
view1,258,view2,155,0.9999,66.76
view1,258,view2,161,0.9999,47.52
view1,258,view2,170,1.0,63.36
view1,258,view2,176,0.9999,54.56
view1,258,view2,185,0.9999,59.44
view1,258,view2,187,1.0,59.96
view1,258,view2,194,0.9999,50.36
view1,258,view2,199,0.9999,55.96
view1,258,view2,200,0.9999,55.4
view1,258,view2,202,0.9999,33.44
view1,258,view2,204,0.9999,53.56
view1,258,view2,219,1.0,50.48
view1,258,view2,223,0.9999,43.56
view1,258,view2,230,1.0,46.64
view1,258,view2,238,0.9999,46.8
view1,258,view2,247,0.9999,31.48
view1,258,view2,253,0.9999,41.8
view1,258,view2,257,0.9999,39.12
view1,258,view2,262,0.9999,28.0
view1,258,view2,275,1.0,32.88
view1,258,view2,281,0.9999,6.16
view1,258,view2,286,1.0,29.64
view1,258,view2,288,0.9999,13.12
view1,258,view2,296,0.9999,26.56
view1,258,view2,299,0.9999,23.72
view1,258,view2,311,0.9999,18.76
view1,258,view2,316,1.0,17.68
view1,258,view2,324,0.9999,10.04
view1,258,view2,327,1.0,14.2
view1,258,view2,340,0.9999,0.0
view1,258,view2,347,1.0,10.08
view1,258,view2,349,0.9999,0.0
view1,258,view2,354,0.9999,7.48
view1,258,view2,355,0.9999,4.12
view1,258,view2,357,1.0,5.8
view1,258,view2,361,0.9999,1.32
view1,258,view2,365,0.9999,0.44
view1,258,view2,375,0.9999,2.24
view1,258,view2,376,0.9999,0.0
view1,258,view2,379,0.9999,0.0
view1,258,view2,389,1.0,2.32
view1,258,view2,390,0.9999,2.72
view1,258,view2,391,0.9999,3.08
view1,258,view2,395,1.0,4.84
view1,258,view2,397,0.9999,7.44
view1,258,view2,400,0.9999,8.28
view1,258,view2,401,0.9999,8.36
view1,258,view3,2,1.0,136.16
view1,258,view3,5,1.0,113.72
view1,258,view3,6,1.0,112.48
view1,258,view3,15,1.0,118.4
view1,258,view3,16,1.0,114.04
view1,258,view3,24,1.0,108.04
view1,258,view3,28,1.0,96.64
view1,258,view3,29,1.0,101.64
view1,258,view3,33,1.0,97.4
view1,258,view3,34,1.0,106.04
view1,258,view3,37,1.0,79.76
view1,258,view3,39,1.0,75.64
view1,258,view3,44,1.0,91.64
view1,258,view3,49,1.0,94.16
view1,258,view3,53,1.0,88.08
view1,258,view3,62,1.0,90.44
view1,258,view3,66,1.0,82.0
view1,258,view3,70,1.0,86.64
view1,258,view3,71,1.0,75.32
view1,258,view3,73,1.0,83.36
view1,258,view3,77,1.0,82.84
view1,258,view3,79,1.0,80.68
view1,258,view3,81,1.0,75.36
view1,258,view3,82,1.0,69.64
view1,258,view3,88,1.0,68.72
view1,258,view3,90,1.0,72.28
view1,258,view3,94,1.0,71.64
view1,258,view3,96,1.0,56.72
view1,258,view3,99,1.0,67.28
view1,258,view3,100,1.0,70.6
view1,258,view3,106,1.0,63.64
view1,258,view3,108,1.0,66.32
view1,258,view3,109,1.0,66.0
view1,258,view3,113,1.0,39.16
view1,258,view3,119,1.0,57.8
view1,258,view3,121,1.0,62.12
view1,258,view3,124,1.0,61.12
view1,258,view3,128,1.0,60.04
view1,258,view3,129,1.0,45.72
view1,258,view3,131,1.0,53.76
view1,258,view3,136,1.0,49.72
view1,258,view3,144,1.0,51.44
view1,258,view3,150,1.0,44.12
view1,258,view3,153,1.0,43.92
view1,258,view3,154,1.0,36.16
view1,258,view3,157,1.0,44.88
view1,258,view3,163,1.0,41.04
view1,258,view3,165,1.0,33.64
view1,258,view3,169,1.0,41.32
view1,258,view3,181,1.0,31.32
view1,258,view3,186,1.0,32.56
view1,258,view3,188,1.0,35.04
view1,258,view3,195,1.0,27.56
view1,258,view3,202,1.0,31.16
view1,258,view3,203,1.0,15.6
view1,258,view3,205,1.0,25.92
view1,258,view3,206,1.0,29.84
view1,258,view3,209,1.0,0.0
view1,258,view3,212,1.0,28.72
view1,258,view3,214,1.0,27.04
view1,258,view3,215,1.0,25.16
view1,258,view3,216,1.0,20.68
view1,258,view3,217,1.0,23.36
view1,258,view3,223,1.0,22.12
view1,258,view3,225,1.0,18.08
view1,258,view3,227,1.0,20.84
view1,258,view3,230,1.0,13.68
view1,258,view3,231,1.0,16.88
view1,258,view3,233,1.0,11.08
view1,258,view3,236,1.0,8.24
view1,258,view3,240,1.0,6.8
view1,258,view3,243,1.0,11.64
view1,258,view3,244,1.0,0.0
view1,258,view3,252,1.0,3.32
view1,258,view3,256,1.0,0.0
view1,258,view3,260,1.0,1.52
view1,258,view3,266,1.0,1.12
view1,258,view3,267,1.0,1.2
view1,258,view3,269,1.0,1.76
view1,258,view3,272,1.0,3.36
view1,258,view3,280,1.0,7.88
view1,258,view3,282,1.0,8.72
view1,267,view2,2,0.9999,121.44
view1,267,view2,18,0.9999,81.36
view1,267,view2,21,1.0,130.04
view1,267,view2,26,1.0,124.68
view1,267,view2,27,0.9999,127.48
view1,267,view2,30,1.0,120.8
view1,267,view2,31,0.9999,112.6
view1,267,view2,33,0.9999,116.96
view1,267,view2,36,1.0,117.76
view1,267,view2,39,0.9999,101.16
view1,267,view2,41,0.9999,115.48
view1,267,view2,49,1.0,112.48
view1,267,view2,51,0.9999,107.28
view1,267,view2,62,1.0,106.4
view1,267,view2,63,0.9999,103.64
view1,267,view2,70,0.9999,103.28
view1,267,view2,71,0.9999,95.12
view1,267,view2,73,0.9999,63.68
view1,267,view2,75,0.9999,98.88
view1,267,view2,76,1.0,97.56
view1,267,view2,87,0.9999,95.84
view1,267,view2,90,0.9999,77.68
view1,267,view2,91,0.9999,85.32
view1,267,view2,92,1.0,91.52
view1,267,view2,102,1.0,89.24
view1,267,view2,116,0.9999,78.24
view1,267,view2,117,1.0,83.44
view1,267,view2,128,1.0,79.28
view1,267,view2,143,0.9999,11.0
view1,267,view2,145,0.9999,77.48
view1,267,view2,150,0.9999,76.48
view1,267,view2,151,0.9999,76.56
view1,267,view2,153,1.0,76.08
view1,267,view2,154,0.9999,71.88
view1,267,view2,155,0.9999,68.2
view1,267,view2,161,0.9999,48.96
view1,267,view2,170,1.0,64.8
view1,267,view2,176,0.9999,56.0
view1,267,view2,185,0.9999,60.88
view1,267,view2,187,1.0,61.4
view1,267,view2,194,0.9999,51.8
view1,267,view2,199,0.9999,57.4
view1,267,view2,200,0.9999,56.84
view1,267,view2,202,0.9999,34.88
view1,267,view2,204,0.9999,55.0
view1,267,view2,219,0.9999,51.92
view1,267,view2,223,0.9999,45.0
view1,267,view2,230,1.0,48.08
view1,267,view2,238,0.9999,48.24
view1,267,view2,247,0.9999,32.92
view1,267,view2,253,0.9999,43.24
view1,267,view2,257,0.9999,40.56
view1,267,view2,262,0.9999,29.44
view1,267,view2,275,1.0,34.32
view1,267,view2,281,0.9999,7.6
view1,267,view2,286,0.9999,31.08
view1,267,view2,288,0.9999,14.56
view1,267,view2,296,0.9999,28.0
view1,267,view2,299,0.9999,25.16
view1,267,view2,311,0.9999,20.2
view1,267,view2,316,0.9999,19.12
view1,267,view2,324,0.9999,11.48
view1,267,view2,327,1.0,15.64
view1,267,view2,340,0.9999,0.0
view1,267,view2,347,1.0,11.52
view1,267,view2,349,0.9999,0.0
view1,267,view2,354,0.9999,8.92
view1,267,view2,355,0.9999,5.56
view1,267,view2,357,1.0,7.24
view1,267,view2,361,0.9999,2.76
view1,267,view2,365,0.9999,1.88
view1,267,view2,375,0.9999,3.68
view1,267,view2,376,0.9999,0.0
view1,267,view2,379,0.9999,0.0
view1,267,view2,389,1.0,0.0
view1,267,view2,390,0.9999,0.0
view1,267,view2,391,0.9999,0.0
view1,267,view2,395,1.0,0.0
view1,267,view2,397,0.9999,0.0
view1,267,view2,400,0.9999,0.0
view1,267,view2,401,0.9999,0.0
view1,267,view3,2,1.0,137.6
view1,267,view3,5,1.0,115.16
view1,267,view3,6,1.0,113.92
view1,267,view3,15,1.0,119.84
view1,267,view3,16,1.0,115.48
view1,267,view3,24,1.0,109.48
view1,267,view3,28,1.0,98.08
view1,267,view3,29,1.0,103.08
view1,267,view3,33,1.0,98.84
view1,267,view3,34,1.0,107.48
view1,267,view3,37,1.0,81.2
view1,267,view3,39,1.0,77.08
view1,267,view3,44,1.0,93.08
view1,267,view3,49,1.0,95.6
view1,267,view3,53,1.0,89.52
view1,267,view3,62,1.0,91.88
view1,267,view3,66,1.0,83.44
view1,267,view3,70,1.0,88.08
view1,267,view3,71,1.0,76.76
view1,267,view3,73,1.0,84.8
view1,267,view3,77,1.0,84.28
view1,267,view3,79,1.0,82.12
view1,267,view3,81,1.0,76.8
view1,267,view3,82,1.0,71.08
view1,267,view3,88,1.0,70.16
view1,267,view3,90,1.0,73.72
view1,267,view3,94,1.0,73.08
view1,267,view3,96,1.0,58.16
view1,267,view3,99,1.0,68.72
view1,267,view3,100,1.0,72.04
view1,267,view3,106,1.0,65.08
view1,267,view3,108,1.0,67.76
view1,267,view3,109,1.0,67.44
view1,267,view3,113,1.0,40.6
view1,267,view3,119,1.0,59.24
view1,267,view3,121,1.0,63.56
view1,267,view3,124,1.0,62.56
view1,267,view3,128,1.0,61.48
view1,267,view3,129,1.0,47.16
view1,267,view3,131,1.0,55.2
view1,267,view3,136,1.0,51.16
view1,267,view3,144,1.0,52.88
view1,267,view3,150,1.0,45.56
view1,267,view3,153,1.0,45.36
view1,267,view3,154,1.0,37.6
view1,267,view3,157,1.0,46.32
view1,267,view3,163,1.0,42.48
view1,267,view3,165,1.0,35.08
view1,267,view3,169,1.0,42.76
view1,267,view3,181,1.0,32.76
view1,267,view3,186,1.0,34.0
view1,267,view3,188,1.0,36.48
view1,267,view3,195,1.0,29.0
view1,267,view3,202,1.0,32.6
view1,267,view3,203,1.0,17.04
view1,267,view3,205,1.0,27.36
view1,267,view3,206,1.0,31.28
view1,267,view3,209,1.0,0.0
view1,267,view3,212,1.0,30.16
view1,267,view3,214,1.0,28.48
view1,267,view3,215,1.0,26.6
view1,267,view3,216,1.0,22.12
view1,267,view3,217,1.0,24.8
view1,267,view3,223,1.0,23.56
view1,267,view3,225,1.0,19.52
view1,267,view3,227,1.0,22.28
view1,267,view3,230,1.0,15.12
view1,267,view3,231,1.0,18.32
view1,267,view3,233,1.0,12.52
view1,267,view3,236,1.0,9.68
view1,267,view3,240,1.0,8.24
view1,267,view3,243,1.0,13.08
view1,267,view3,244,1.0,0.0
view1,267,view3,252,1.0,4.76
view1,267,view3,256,1.0,0.12
view1,267,view3,260,1.0,2.96
view1,267,view3,266,1.0,0.0
view1,267,view3,267,1.0,0.0
view1,267,view3,269,1.0,0.0
view1,267,view3,272,1.0,0.0
view1,267,view3,280,1.0,0.0
view1,267,view3,282,1.0,0.0
view1,276,view2,2,0.9999,122.72
view1,276,view2,18,0.9999,82.64
view1,276,view2,21,0.9999,131.32
view1,276,view2,26,0.9999,125.96
view1,276,view2,27,0.9999,128.76
view1,276,view2,30,0.9999,122.08
view1,276,view2,31,0.9999,113.88
view1,276,view2,33,0.9999,118.24
view1,276,view2,36,0.9999,119.04
view1,276,view2,39,0.9999,102.44
view1,276,view2,41,0.9999,116.76
view1,276,view2,49,0.9999,113.76
view1,276,view2,51,0.9999,108.56
view1,276,view2,62,0.9999,107.68
view1,276,view2,63,0.9999,104.92
view1,276,view2,70,0.9999,104.56
view1,276,view2,71,0.9999,96.4
view1,276,view2,73,0.9999,64.96
view1,276,view2,75,0.9999,100.16
view1,276,view2,76,0.9999,98.84
view1,276,view2,87,0.9999,97.12
view1,276,view2,90,0.9999,78.96
view1,276,view2,91,0.9999,86.6
view1,276,view2,92,0.9999,92.8
view1,276,view2,102,0.9999,90.52
view1,276,view2,116,0.9999,79.52
view1,276,view2,117,0.9999,84.72
view1,276,view2,128,0.9999,80.56
view1,276,view2,143,0.9999,12.28
view1,276,view2,145,0.9999,78.76
view1,276,view2,150,0.9999,77.76
view1,276,view2,151,0.9999,77.84
view1,276,view2,153,0.9999,77.36
view1,276,view2,154,0.9999,73.16
view1,276,view2,155,0.9999,69.48
view1,276,view2,161,0.9999,50.24
view1,276,view2,170,0.9999,66.08
view1,276,view2,176,0.9999,57.28
view1,276,view2,185,0.9999,62.16
view1,276,view2,187,0.9999,62.68
view1,276,view2,194,0.9999,53.08
view1,276,view2,199,0.9999,58.68
view1,276,view2,200,0.9999,58.12
view1,276,view2,202,0.9999,36.16
view1,276,view2,204,0.9999,56.28
view1,276,view2,219,0.9999,53.2
view1,276,view2,223,0.9999,46.28
view1,276,view2,230,0.9999,49.36
view1,276,view2,238,0.9999,49.52
view1,276,view2,247,0.9999,34.2
view1,276,view2,253,0.9999,44.52
view1,276,view2,257,0.9999,41.84
view1,276,view2,262,0.9999,30.72
view1,276,view2,275,0.9999,35.6
view1,276,view2,281,0.9999,8.88
view1,276,view2,286,0.9999,32.36
view1,276,view2,288,0.9999,15.84
view1,276,view2,296,0.9999,29.28
view1,276,view2,299,0.9999,26.44
view1,276,view2,311,0.9999,21.48
view1,276,view2,316,0.9999,20.4
view1,276,view2,324,0.9999,12.76
view1,276,view2,327,0.9999,16.92
view1,276,view2,340,0.9999,0.0
view1,276,view2,347,0.9999,12.8
view1,276,view2,349,0.9999,0.0
view1,276,view2,354,0.9999,10.2
view1,276,view2,355,0.9999,6.84
view1,276,view2,357,0.9999,8.52
view1,276,view2,361,0.9999,4.04
view1,276,view2,365,0.9999,3.16
view1,276,view2,375,0.9999,4.96
view1,276,view2,376,0.9999,0.0
view1,276,view2,379,0.9999,0.0
view1,276,view2,389,0.9999,0.0
view1,276,view2,390,0.9999,0.4
view1,276,view2,391,0.9999,0.76
view1,276,view2,395,0.9999,2.52
view1,276,view2,397,0.9999,5.12
view1,276,view2,400,0.9999,5.96
view1,276,view2,401,0.9999,6.04
view1,276,view3,2,1.0,138.88
view1,276,view3,5,1.0,116.44
view1,276,view3,6,1.0,115.2
view1,276,view3,15,1.0,121.12
view1,276,view3,16,1.0,116.76
view1,276,view3,24,1.0,110.76
view1,276,view3,28,1.0,99.36
view1,276,view3,29,1.0,104.36
view1,276,view3,33,1.0,100.12
view1,276,view3,34,1.0,108.76
view1,276,view3,37,1.0,82.48
view1,276,view3,39,1.0,78.36
view1,276,view3,44,1.0,94.36
view1,276,view3,49,1.0,96.88
view1,276,view3,53,1.0,90.8
view1,276,view3,62,1.0,93.16
view1,276,view3,66,1.0,84.72
view1,276,view3,70,1.0,89.36
view1,276,view3,71,1.0,78.04
view1,276,view3,73,1.0,86.08
view1,276,view3,77,1.0,85.56
view1,276,view3,79,1.0,83.4
view1,276,view3,81,1.0,78.08
view1,276,view3,82,1.0,72.36
view1,276,view3,88,1.0,71.44
view1,276,view3,90,1.0,75.0
view1,276,view3,94,1.0,74.36
view1,276,view3,96,1.0,59.44
view1,276,view3,99,1.0,70.0
view1,276,view3,100,1.0,73.32
view1,276,view3,106,1.0,66.36
view1,276,view3,108,1.0,69.04
view1,276,view3,109,1.0,68.72
view1,276,view3,113,1.0,41.88
view1,276,view3,119,1.0,60.52
view1,276,view3,121,1.0,64.84
view1,276,view3,124,1.0,63.84
view1,276,view3,128,1.0,62.76
view1,276,view3,129,1.0,48.44
view1,276,view3,131,1.0,56.48
view1,276,view3,136,1.0,52.44
view1,276,view3,144,1.0,54.16
view1,276,view3,150,1.0,46.84
view1,276,view3,153,1.0,46.64
view1,276,view3,154,1.0,38.88
view1,276,view3,157,1.0,47.6
view1,276,view3,163,1.0,43.76
view1,276,view3,165,1.0,36.36
view1,276,view3,169,1.0,44.04
view1,276,view3,181,1.0,34.04
view1,276,view3,186,1.0,35.28
view1,276,view3,188,1.0,37.76
view1,276,view3,195,1.0,30.28
view1,276,view3,202,1.0,33.88
view1,276,view3,203,1.0,18.32
view1,276,view3,205,1.0,28.64
view1,276,view3,206,1.0,32.56
view1,276,view3,209,1.0,0.0
view1,276,view3,212,1.0,31.44
view1,276,view3,214,1.0,29.76
view1,276,view3,215,1.0,27.88
view1,276,view3,216,1.0,23.4
view1,276,view3,217,1.0,26.08
view1,276,view3,223,1.0,24.84
view1,276,view3,225,1.0,20.8
view1,276,view3,227,1.0,23.56
view1,276,view3,230,1.0,16.4
view1,276,view3,231,1.0,19.6
view1,276,view3,233,1.0,13.8
view1,276,view3,236,1.0,10.96
view1,276,view3,240,1.0,9.52
view1,276,view3,243,1.0,14.36
view1,276,view3,244,1.0,0.0
view1,276,view3,252,1.0,6.04
view1,276,view3,256,1.0,1.4
view1,276,view3,260,1.0,4.24
view1,276,view3,266,1.0,0.0
view1,276,view3,267,1.0,0.56
view1,276,view3,269,1.0,0.0
view1,276,view3,272,1.0,1.04
view1,276,view3,280,1.0,5.56
view1,276,view3,282,1.0,6.4
view1,284,view2,2,0.9999,124.28
view1,284,view2,18,0.9999,84.2
view1,284,view2,21,0.9999,132.88
view1,284,view2,26,0.9999,127.52
view1,284,view2,27,0.9999,130.32
view1,284,view2,30,0.9999,123.64
view1,284,view2,31,0.9999,115.44
view1,284,view2,33,0.9999,119.8
view1,284,view2,36,0.9999,120.6
view1,284,view2,39,0.9999,104.0
view1,284,view2,41,0.9999,118.32
view1,284,view2,49,0.9999,115.32
view1,284,view2,51,0.9999,110.12
view1,284,view2,62,0.9999,109.24
view1,284,view2,63,0.9999,106.48
view1,284,view2,70,0.9999,106.12
view1,284,view2,71,0.9999,97.96
view1,284,view2,73,0.9999,66.52
view1,284,view2,75,0.9999,101.72
view1,284,view2,76,0.9999,100.4
view1,284,view2,87,0.9999,98.68
view1,284,view2,90,0.9999,80.52
view1,284,view2,91,0.9999,88.16
view1,284,view2,92,0.9999,94.36
view1,284,view2,102,0.9999,92.08
view1,284,view2,116,0.9999,81.08
view1,284,view2,117,0.9999,86.28
view1,284,view2,128,0.9999,82.12
view1,284,view2,143,0.9999,13.84
view1,284,view2,145,0.9999,80.32
view1,284,view2,150,0.9999,79.32
view1,284,view2,151,0.9999,79.4
view1,284,view2,153,0.9999,78.92
view1,284,view2,154,0.9999,74.72
view1,284,view2,155,0.9999,71.04
view1,284,view2,161,0.9999,51.8
view1,284,view2,170,0.9999,67.64
view1,284,view2,176,0.9999,58.84
view1,284,view2,185,0.9999,63.72
view1,284,view2,187,0.9999,64.24
view1,284,view2,194,0.9999,54.64
view1,284,view2,199,0.9999,60.24
view1,284,view2,200,0.9999,59.68
view1,284,view2,202,0.9999,37.72
view1,284,view2,204,0.9999,57.84
view1,284,view2,219,0.9999,54.76
view1,284,view2,223,0.9999,47.84
view1,284,view2,230,0.9999,50.92
view1,284,view2,238,0.9999,51.08
view1,284,view2,247,0.9999,35.76
view1,284,view2,253,0.9999,46.08
view1,284,view2,257,0.9999,43.4
view1,284,view2,262,0.9999,32.28
view1,284,view2,275,0.9999,37.16
view1,284,view2,281,0.9999,10.44
view1,284,view2,286,0.9999,33.92
view1,284,view2,288,0.9999,17.4
view1,284,view2,296,0.9999,30.84
view1,284,view2,299,0.9999,28.0
view1,284,view2,311,0.9999,23.04
view1,284,view2,316,0.9999,21.96
view1,284,view2,324,0.9999,14.32
view1,284,view2,327,0.9999,18.48
view1,284,view2,340,0.9999,0.0
view1,284,view2,347,0.9999,14.36
view1,284,view2,349,0.9999,0.64
view1,284,view2,354,0.9999,11.76
view1,284,view2,355,0.9999,8.4
view1,284,view2,357,0.9999,10.08
view1,284,view2,361,0.9999,5.6
view1,284,view2,365,0.9999,4.72
view1,284,view2,375,0.9999,6.52
view1,284,view2,376,0.9999,1.48
view1,284,view2,379,0.9999,0.0
view1,284,view2,389,0.9999,1.04
view1,284,view2,390,0.9999,0.0
view1,284,view2,391,0.9999,0.0
view1,284,view2,395,0.9999,0.0
view1,284,view2,397,0.9999,0.0
view1,284,view2,400,0.9999,0.52
view1,284,view2,401,0.9999,0.6
view1,284,view3,2,1.0,140.44
view1,284,view3,5,1.0,118.0
view1,284,view3,6,1.0,116.76
view1,284,view3,15,1.0,122.68
view1,284,view3,16,1.0,118.32
view1,284,view3,24,1.0,112.32
view1,284,view3,28,1.0,100.92
view1,284,view3,29,1.0,105.92
view1,284,view3,33,1.0,101.68
view1,284,view3,34,1.0,110.32
view1,284,view3,37,1.0,84.04
view1,284,view3,39,1.0,79.92
view1,284,view3,44,1.0,95.92
view1,284,view3,49,1.0,98.44
view1,284,view3,53,1.0,92.36
view1,284,view3,62,1.0,94.72
view1,284,view3,66,1.0,86.28
view1,284,view3,70,1.0,90.92
view1,284,view3,71,1.0,79.6
view1,284,view3,73,1.0,87.64
view1,284,view3,77,1.0,87.12
view1,284,view3,79,1.0,84.96
view1,284,view3,81,1.0,79.64
view1,284,view3,82,1.0,73.92
view1,284,view3,88,1.0,73.0
view1,284,view3,90,1.0,76.56
view1,284,view3,94,1.0,75.92
view1,284,view3,96,1.0,61.0
view1,284,view3,99,1.0,71.56
view1,284,view3,100,1.0,74.88
view1,284,view3,106,1.0,67.92
view1,284,view3,108,1.0,70.6
view1,284,view3,109,1.0,70.28
view1,284,view3,113,1.0,43.44
view1,284,view3,119,1.0,62.08
view1,284,view3,121,1.0,66.4
view1,284,view3,124,1.0,65.4
view1,284,view3,128,1.0,64.32
view1,284,view3,129,1.0,50.0
view1,284,view3,131,1.0,58.04
view1,284,view3,136,1.0,54.0
view1,284,view3,144,1.0,55.72
view1,284,view3,150,1.0,48.4
view1,284,view3,153,1.0,48.2
view1,284,view3,154,1.0,40.44
view1,284,view3,157,1.0,49.16
view1,284,view3,163,1.0,45.32
view1,284,view3,165,1.0,37.92
view1,284,view3,169,1.0,45.6
view1,284,view3,181,1.0,35.6
view1,284,view3,186,1.0,36.84
view1,284,view3,188,1.0,39.32
view1,284,view3,195,1.0,31.84
view1,284,view3,202,1.0,35.44
view1,284,view3,203,1.0,19.88
view1,284,view3,205,1.0,30.2
view1,284,view3,206,1.0,34.12
view1,284,view3,209,1.0,0.0
view1,284,view3,212,1.0,33.0
view1,284,view3,214,1.0,31.32
view1,284,view3,215,1.0,29.44
view1,284,view3,216,1.0,24.96
view1,284,view3,217,1.0,27.64
view1,284,view3,223,1.0,26.4
view1,284,view3,225,1.0,22.36
view1,284,view3,227,1.0,25.12
view1,284,view3,230,1.0,17.96
view1,284,view3,231,1.0,21.16
view1,284,view3,233,1.0,15.36
view1,284,view3,236,1.0,12.52
view1,284,view3,240,1.0,11.08
view1,284,view3,243,1.0,15.92
view1,284,view3,244,1.0,1.04
view1,284,view3,252,1.0,7.6
view1,284,view3,256,1.0,2.96
view1,284,view3,260,1.0,5.8
view1,284,view3,266,1.0,0.0
view1,284,view3,267,1.0,2.12
view1,284,view3,269,1.0,0.0
view1,284,view3,272,1.0,0.0
view1,284,view3,280,1.0,0.12
view1,284,view3,282,1.0,0.96
view1,285,view2,2,0.9999,124.64
view1,285,view2,18,0.9999,84.56
view1,285,view2,21,1.0,133.24
view1,285,view2,26,1.0,127.88
view1,285,view2,27,1.0,130.68
view1,285,view2,30,1.0,124.0
view1,285,view2,31,0.9999,115.8
view1,285,view2,33,0.9999,120.16
view1,285,view2,36,1.0,120.96
view1,285,view2,39,0.9999,104.36
view1,285,view2,41,0.9999,118.68
view1,285,view2,49,1.0,115.68
view1,285,view2,51,0.9999,110.48
view1,285,view2,62,1.0,109.6
view1,285,view2,63,0.9999,106.84
view1,285,view2,70,1.0,106.48
view1,285,view2,71,0.9999,98.32
view1,285,view2,73,0.9999,66.88
view1,285,view2,75,0.9999,102.08
view1,285,view2,76,1.0,100.76
view1,285,view2,87,0.9999,99.04
view1,285,view2,90,0.9999,80.88
view1,285,view2,91,0.9999,88.52
view1,285,view2,92,1.0,94.72
view1,285,view2,102,1.0,92.44
view1,285,view2,116,0.9999,81.44
view1,285,view2,117,1.0,86.64
view1,285,view2,128,1.0,82.48
view1,285,view2,143,0.9999,14.2
view1,285,view2,145,0.9999,80.68
view1,285,view2,150,0.9999,79.68
view1,285,view2,151,0.9999,79.76
view1,285,view2,153,1.0,79.28
view1,285,view2,154,0.9999,75.08
view1,285,view2,155,0.9999,71.4
view1,285,view2,161,0.9999,52.16
view1,285,view2,170,1.0,68.0
view1,285,view2,176,0.9999,59.2
view1,285,view2,185,0.9999,64.08
view1,285,view2,187,1.0,64.6
view1,285,view2,194,0.9999,55.0
view1,285,view2,199,1.0,60.6
view1,285,view2,200,0.9999,60.04
view1,285,view2,202,0.9999,38.08
view1,285,view2,204,0.9999,58.2
view1,285,view2,219,1.0,55.12
view1,285,view2,223,0.9999,48.2
view1,285,view2,230,1.0,51.28
view1,285,view2,238,0.9999,51.44
view1,285,view2,247,0.9999,36.12
view1,285,view2,253,0.9999,46.44
view1,285,view2,257,0.9999,43.76
view1,285,view2,262,0.9999,32.64
view1,285,view2,275,1.0,37.52
view1,285,view2,281,0.9999,10.8
view1,285,view2,286,1.0,34.28
view1,285,view2,288,0.9999,17.76
view1,285,view2,296,0.9999,31.2
view1,285,view2,299,0.9999,28.36
view1,285,view2,311,0.9999,23.4
view1,285,view2,316,1.0,22.32
view1,285,view2,324,0.9999,14.68
view1,285,view2,327,1.0,18.84
view1,285,view2,340,0.9999,0.0
view1,285,view2,347,1.0,14.72
view1,285,view2,349,0.9999,1.0
view1,285,view2,354,0.9999,12.12
view1,285,view2,355,0.9999,8.76
view1,285,view2,357,1.0,10.44
view1,285,view2,361,0.9999,5.96
view1,285,view2,365,1.0,5.08
view1,285,view2,375,1.0,6.88
view1,285,view2,376,0.9999,1.84
view1,285,view2,379,0.9999,0.0
view1,285,view2,389,1.0,1.4
view1,285,view2,390,0.9999,0.0
view1,285,view2,391,0.9999,0.0
view1,285,view2,395,1.0,0.0
view1,285,view2,397,1.0,1.72
view1,285,view2,400,0.9999,2.56
view1,285,view2,401,0.9999,2.64
view1,285,view3,2,1.0,140.8
view1,285,view3,5,1.0,118.36
view1,285,view3,6,1.0,117.12
view1,285,view3,15,1.0,123.04
view1,285,view3,16,1.0,118.68
view1,285,view3,24,1.0,112.68
view1,285,view3,28,1.0,101.28
view1,285,view3,29,1.0,106.28
view1,285,view3,33,1.0,102.04
view1,285,view3,34,1.0,110.68
view1,285,view3,37,1.0,84.4
view1,285,view3,39,1.0,80.28
view1,285,view3,44,1.0,96.28
view1,285,view3,49,1.0,98.8
view1,285,view3,53,1.0,92.72
view1,285,view3,62,1.0,95.08
view1,285,view3,66,1.0,86.64
view1,285,view3,70,1.0,91.28
view1,285,view3,71,1.0,79.96
view1,285,view3,73,1.0,88.0
view1,285,view3,77,1.0,87.48
view1,285,view3,79,1.0,85.32
view1,285,view3,81,1.0,80.0
view1,285,view3,82,1.0,74.28
view1,285,view3,88,1.0,73.36
view1,285,view3,90,1.0,76.92
view1,285,view3,94,1.0,76.28
view1,285,view3,96,1.0,61.36
view1,285,view3,99,1.0,71.92
view1,285,view3,100,1.0,75.24
view1,285,view3,106,1.0,68.28
view1,285,view3,108,1.0,70.96
view1,285,view3,109,1.0,70.64
view1,285,view3,113,1.0,43.8
view1,285,view3,119,1.0,62.44
view1,285,view3,121,1.0,66.76
view1,285,view3,124,1.0,65.76
view1,285,view3,128,1.0,64.68
view1,285,view3,129,1.0,50.36
view1,285,view3,131,1.0,58.4
view1,285,view3,136,1.0,54.36
view1,285,view3,144,1.0,56.08
view1,285,view3,150,1.0,48.76
view1,285,view3,153,1.0,48.56
view1,285,view3,154,1.0,40.8
view1,285,view3,157,1.0,49.52
view1,285,view3,163,1.0,45.68
view1,285,view3,165,1.0,38.28
view1,285,view3,169,1.0,45.96
view1,285,view3,181,1.0,35.96
view1,285,view3,186,1.0,37.2
view1,285,view3,188,1.0,39.68
view1,285,view3,195,1.0,32.2
view1,285,view3,202,1.0,35.8
view1,285,view3,203,1.0,20.24
view1,285,view3,205,1.0,30.56
view1,285,view3,206,1.0,34.48
view1,285,view3,209,1.0,0.0
view1,285,view3,212,1.0,33.36
view1,285,view3,214,1.0,31.68
view1,285,view3,215,1.0,29.8
view1,285,view3,216,1.0,25.32
view1,285,view3,217,1.0,28.0
view1,285,view3,223,1.0,26.76
view1,285,view3,225,1.0,22.72
view1,285,view3,227,1.0,25.48
view1,285,view3,230,1.0,18.32
view1,285,view3,231,1.0,21.52
view1,285,view3,233,1.0,15.72
view1,285,view3,236,1.0,12.88
view1,285,view3,240,1.0,11.44
view1,285,view3,243,1.0,16.28
view1,285,view3,244,1.0,1.4
view1,285,view3,252,1.0,7.96
view1,285,view3,256,1.0,3.32
view1,285,view3,260,1.0,6.16
view1,285,view3,266,1.0,0.0
view1,285,view3,267,1.0,2.48
view1,285,view3,269,1.0,0.0
view1,285,view3,272,1.0,0.0
view1,285,view3,280,1.0,2.16
view1,285,view3,282,1.0,3.0
view1,286,view2,2,0.9999,125.08
view1,286,view2,18,0.9999,85.0
view1,286,view2,21,0.9999,133.68
view1,286,view2,26,1.0,128.32
view1,286,view2,27,0.9999,131.12
view1,286,view2,30,1.0,124.44
view1,286,view2,31,0.9999,116.24
view1,286,view2,33,0.9999,120.6
view1,286,view2,36,1.0,121.4
view1,286,view2,39,0.9999,104.8
view1,286,view2,41,0.9999,119.12
view1,286,view2,49,0.9999,116.12
view1,286,view2,51,0.9999,110.92
view1,286,view2,62,0.9999,110.04
view1,286,view2,63,0.9999,107.28
view1,286,view2,70,0.9999,106.92
view1,286,view2,71,0.9999,98.76
view1,286,view2,73,0.9999,67.32
view1,286,view2,75,0.9999,102.52
view1,286,view2,76,0.9999,101.2
view1,286,view2,87,0.9999,99.48
view1,286,view2,90,0.9999,81.32
view1,286,view2,91,0.9999,88.96
view1,286,view2,92,0.9999,95.16
view1,286,view2,102,1.0,92.88
view1,286,view2,116,0.9999,81.88
view1,286,view2,117,1.0,87.08
view1,286,view2,128,0.9999,82.92
view1,286,view2,143,0.9999,14.64
view1,286,view2,145,0.9999,81.12
view1,286,view2,150,0.9999,80.12
view1,286,view2,151,0.9999,80.2
view1,286,view2,153,1.0,79.72
view1,286,view2,154,0.9999,75.52
view1,286,view2,155,0.9999,71.84
view1,286,view2,161,0.9999,52.6
view1,286,view2,170,1.0,68.44
view1,286,view2,176,0.9999,59.64
view1,286,view2,185,0.9999,64.52
view1,286,view2,187,1.0,65.04
view1,286,view2,194,0.9999,55.44
view1,286,view2,199,0.9999,61.04
view1,286,view2,200,0.9999,60.48
view1,286,view2,202,0.9999,38.52
view1,286,view2,204,0.9999,58.64
view1,286,view2,219,0.9999,55.56
view1,286,view2,223,0.9999,48.64
view1,286,view2,230,1.0,51.72
view1,286,view2,238,0.9999,51.88
view1,286,view2,247,0.9999,36.56
view1,286,view2,253,0.9999,46.88
view1,286,view2,257,0.9999,44.2
view1,286,view2,262,0.9999,33.08
view1,286,view2,275,1.0,37.96
view1,286,view2,281,0.9999,11.24
view1,286,view2,286,0.9999,34.72
view1,286,view2,288,0.9999,18.2
view1,286,view2,296,0.9999,31.64
view1,286,view2,299,0.9999,28.8
view1,286,view2,311,0.9999,23.84
view1,286,view2,316,0.9999,22.76
view1,286,view2,324,0.9999,15.12
view1,286,view2,327,1.0,19.28
view1,286,view2,340,0.9999,0.0
view1,286,view2,347,1.0,15.16
view1,286,view2,349,0.9999,1.44
view1,286,view2,354,0.9999,12.56
view1,286,view2,355,0.9999,9.2
view1,286,view2,357,0.9999,10.88
view1,286,view2,361,0.9999,6.4
view1,286,view2,365,0.9999,5.52
view1,286,view2,375,0.9999,7.32
view1,286,view2,376,0.9999,2.28
view1,286,view2,379,0.9999,0.0
view1,286,view2,389,1.0,1.84
view1,286,view2,390,0.9999,0.0
view1,286,view2,391,0.9999,0.0
view1,286,view2,395,0.9999,0.0
view1,286,view2,397,0.9999,0.0
view1,286,view2,400,0.9999,0.0
view1,286,view2,401,0.9999,0.0
view1,286,view3,2,1.0,141.24
view1,286,view3,5,1.0,118.8
view1,286,view3,6,1.0,117.56
view1,286,view3,15,1.0,123.48
view1,286,view3,16,1.0,119.12
view1,286,view3,24,1.0,113.12
view1,286,view3,28,1.0,101.72
view1,286,view3,29,1.0,106.72
view1,286,view3,33,1.0,102.48
view1,286,view3,34,1.0,111.12
view1,286,view3,37,1.0,84.84
view1,286,view3,39,1.0,80.72
view1,286,view3,44,1.0,96.72
view1,286,view3,49,1.0,99.24
view1,286,view3,53,1.0,93.16
view1,286,view3,62,1.0,95.52
view1,286,view3,66,1.0,87.08
view1,286,view3,70,1.0,91.72
view1,286,view3,71,1.0,80.4
view1,286,view3,73,1.0,88.44
view1,286,view3,77,1.0,87.92
view1,286,view3,79,1.0,85.76
view1,286,view3,81,1.0,80.44
view1,286,view3,82,1.0,74.72
view1,286,view3,88,1.0,73.8
view1,286,view3,90,1.0,77.36
view1,286,view3,94,1.0,76.72
view1,286,view3,96,1.0,61.8
view1,286,view3,99,1.0,72.36
view1,286,view3,100,1.0,75.68
view1,286,view3,106,1.0,68.72
view1,286,view3,108,1.0,71.4
view1,286,view3,109,1.0,71.08
view1,286,view3,113,1.0,44.24
view1,286,view3,119,1.0,62.88
view1,286,view3,121,1.0,67.2
view1,286,view3,124,1.0,66.2
view1,286,view3,128,1.0,65.12
view1,286,view3,129,1.0,50.8
view1,286,view3,131,1.0,58.84
view1,286,view3,136,1.0,54.8
view1,286,view3,144,1.0,56.52
view1,286,view3,150,1.0,49.2
view1,286,view3,153,1.0,49.0
view1,286,view3,154,1.0,41.24
view1,286,view3,157,1.0,49.96
view1,286,view3,163,1.0,46.12
view1,286,view3,165,1.0,38.72
view1,286,view3,169,1.0,46.4
view1,286,view3,181,1.0,36.4
view1,286,view3,186,1.0,37.64
view1,286,view3,188,1.0,40.12
view1,286,view3,195,1.0,32.64
view1,286,view3,202,1.0,36.24
view1,286,view3,203,1.0,20.68
view1,286,view3,205,1.0,31.0
view1,286,view3,206,1.0,34.92
view1,286,view3,209,1.0,0.0
view1,286,view3,212,1.0,33.8
view1,286,view3,214,1.0,32.12
view1,286,view3,215,1.0,30.24
view1,286,view3,216,1.0,25.76
view1,286,view3,217,1.0,28.44
view1,286,view3,223,1.0,27.2
view1,286,view3,225,1.0,23.16
view1,286,view3,227,1.0,25.92
view1,286,view3,230,1.0,18.76
view1,286,view3,231,1.0,21.96
view1,286,view3,233,1.0,16.16
view1,286,view3,236,1.0,13.32
view1,286,view3,240,1.0,11.88
view1,286,view3,243,1.0,16.72
view1,286,view3,244,1.0,1.84
view1,286,view3,252,1.0,8.4
view1,286,view3,256,1.0,3.76
view1,286,view3,260,1.0,6.6
view1,286,view3,266,1.0,0.0
view1,286,view3,267,1.0,2.92
view1,286,view3,269,1.0,0.0
view1,286,view3,272,1.0,0.0
view1,286,view3,280,1.0,0.0
view1,286,view3,282,1.0,0.0
view1,294,view2,2,0.9999,128.04
view1,294,view2,18,0.9999,87.96
view1,294,view2,21,1.0,136.64
view1,294,view2,26,1.0,131.28
view1,294,view2,27,0.9999,134.08
view1,294,view2,30,1.0,127.4
view1,294,view2,31,0.9999,119.2
view1,294,view2,33,0.9999,123.56
view1,294,view2,36,1.0,124.36
view1,294,view2,39,0.9999,107.76
view1,294,view2,41,0.9999,122.08
view1,294,view2,49,1.0,119.08
view1,294,view2,51,0.9999,113.88
view1,294,view2,62,1.0,113.0
view1,294,view2,63,0.9999,110.24
view1,294,view2,70,1.0,109.88
view1,294,view2,71,0.9999,101.72
view1,294,view2,73,0.9999,70.28
view1,294,view2,75,0.9999,105.48
view1,294,view2,76,1.0,104.16
view1,294,view2,87,0.9999,102.44
view1,294,view2,90,0.9999,84.28
view1,294,view2,91,0.9999,91.92
view1,294,view2,92,1.0,98.12
view1,294,view2,102,1.0,95.84
view1,294,view2,116,0.9999,84.84
view1,294,view2,117,1.0,90.04
view1,294,view2,128,1.0,85.88
view1,294,view2,143,0.9999,17.6
view1,294,view2,145,0.9999,84.08
view1,294,view2,150,0.9999,83.08
view1,294,view2,151,0.9999,83.16
view1,294,view2,153,1.0,82.68
view1,294,view2,154,0.9999,78.48
view1,294,view2,155,0.9999,74.8
view1,294,view2,161,0.9999,55.56
view1,294,view2,170,1.0,71.4
view1,294,view2,176,0.9999,62.6
view1,294,view2,185,0.9999,67.48
view1,294,view2,187,1.0,68.0
view1,294,view2,194,0.9999,58.4
view1,294,view2,199,0.9999,64.0
view1,294,view2,200,0.9999,63.44
view1,294,view2,202,0.9999,41.48
view1,294,view2,204,0.9999,61.6
view1,294,view2,219,1.0,58.52
view1,294,view2,223,0.9999,51.6
view1,294,view2,230,1.0,54.68
view1,294,view2,238,0.9999,54.84
view1,294,view2,247,0.9999,39.52
view1,294,view2,253,0.9999,49.84
view1,294,view2,257,0.9999,47.16
view1,294,view2,262,0.9999,36.04
view1,294,view2,275,1.0,40.92
view1,294,view2,281,0.9999,14.2
view1,294,view2,286,1.0,37.68
view1,294,view2,288,0.9999,21.16
view1,294,view2,296,0.9999,34.6
view1,294,view2,299,0.9999,31.76
view1,294,view2,311,0.9999,26.8
view1,294,view2,316,1.0,25.72
view1,294,view2,324,0.9999,18.08
view1,294,view2,327,1.0,22.24
view1,294,view2,340,0.9999,0.32
view1,294,view2,347,1.0,18.12
view1,294,view2,349,0.9999,4.4
view1,294,view2,354,0.9999,15.52
view1,294,view2,355,0.9999,12.16
view1,294,view2,357,1.0,13.84
view1,294,view2,361,0.9999,9.36
view1,294,view2,365,1.0,8.48
view1,294,view2,375,0.9999,10.28
view1,294,view2,376,0.9999,5.24
view1,294,view2,379,0.9999,0.0
view1,294,view2,389,1.0,4.8
view1,294,view2,390,0.9999,0.0
view1,294,view2,391,0.9999,0.0
view1,294,view2,395,1.0,0.0
view1,294,view2,397,0.9999,0.0
view1,294,view2,400,0.9999,0.68
view1,294,view2,401,0.9999,0.76
view1,294,view3,2,1.0,144.2
view1,294,view3,5,1.0,121.76
view1,294,view3,6,1.0,120.52
view1,294,view3,15,1.0,126.44
view1,294,view3,16,1.0,122.08
view1,294,view3,24,1.0,116.08
view1,294,view3,28,1.0,104.68
view1,294,view3,29,1.0,109.68
view1,294,view3,33,1.0,105.44
view1,294,view3,34,1.0,114.08
view1,294,view3,37,1.0,87.8
view1,294,view3,39,1.0,83.68
view1,294,view3,44,1.0,99.68
view1,294,view3,49,1.0,102.2
view1,294,view3,53,1.0,96.12
view1,294,view3,62,1.0,98.48
view1,294,view3,66,1.0,90.04
view1,294,view3,70,1.0,94.68
view1,294,view3,71,1.0,83.36
view1,294,view3,73,1.0,91.4
view1,294,view3,77,1.0,90.88
view1,294,view3,79,1.0,88.72
view1,294,view3,81,1.0,83.4
view1,294,view3,82,1.0,77.68
view1,294,view3,88,1.0,76.76
view1,294,view3,90,1.0,80.32
view1,294,view3,94,1.0,79.68
view1,294,view3,96,1.0,64.76
view1,294,view3,99,1.0,75.32
view1,294,view3,100,1.0,78.64
view1,294,view3,106,1.0,71.68
view1,294,view3,108,1.0,74.36
view1,294,view3,109,1.0,74.04
view1,294,view3,113,1.0,47.2
view1,294,view3,119,1.0,65.84
view1,294,view3,121,1.0,70.16
view1,294,view3,124,1.0,69.16
view1,294,view3,128,1.0,68.08
view1,294,view3,129,1.0,53.76
view1,294,view3,131,1.0,61.8
view1,294,view3,136,1.0,57.76
view1,294,view3,144,1.0,59.48
view1,294,view3,150,1.0,52.16
view1,294,view3,153,1.0,51.96
view1,294,view3,154,1.0,44.2
view1,294,view3,157,1.0,52.92
view1,294,view3,163,1.0,49.08
view1,294,view3,165,1.0,41.68
view1,294,view3,169,1.0,49.36
view1,294,view3,181,1.0,39.36
view1,294,view3,186,1.0,40.6
view1,294,view3,188,1.0,43.08
view1,294,view3,195,1.0,35.6
view1,294,view3,202,1.0,39.2
view1,294,view3,203,1.0,23.64
view1,294,view3,205,1.0,33.96
view1,294,view3,206,1.0,37.88
view1,294,view3,209,1.0,0.0
view1,294,view3,212,1.0,36.76
view1,294,view3,214,1.0,35.08
view1,294,view3,215,1.0,33.2
view1,294,view3,216,1.0,28.72
view1,294,view3,217,1.0,31.4
view1,294,view3,223,1.0,30.16
view1,294,view3,225,1.0,26.12
view1,294,view3,227,1.0,28.88
view1,294,view3,230,1.0,21.72
view1,294,view3,231,1.0,24.92
view1,294,view3,233,1.0,19.12
view1,294,view3,236,1.0,16.28
view1,294,view3,240,1.0,14.84
view1,294,view3,243,1.0,19.68
view1,294,view3,244,1.0,4.8
view1,294,view3,252,1.0,11.36
view1,294,view3,256,1.0,6.72
view1,294,view3,260,1.0,9.56
view1,294,view3,266,1.0,1.28
view1,294,view3,267,1.0,5.88
view1,294,view3,269,1.0,0.0
view1,294,view3,272,1.0,0.48
view1,294,view3,280,1.0,0.28
view1,294,view3,282,1.0,1.12
view2,2,view3,2,0.9999,0.0
view2,2,view3,5,0.9999,0.0
view2,2,view3,6,0.9999,0.0
view2,2,view3,15,0.9999,1.44
view2,2,view3,16,0.9999,2.12
view2,2,view3,24,0.9999,6.72
view2,2,view3,28,0.9999,8.04
view2,2,view3,29,0.9999,9.96
view2,2,view3,33,0.9999,13.64
view2,2,view3,34,0.9999,13.72
view2,2,view3,37,0.9999,17.88
view2,2,view3,39,0.9999,19.72
view2,2,view3,44,0.9999,22.88
view2,2,view3,49,0.9999,24.0
view2,2,view3,53,0.9999,26.04
view2,2,view3,62,0.9999,29.44
view2,2,view3,66,0.9999,30.8
view2,2,view3,70,0.9999,33.08
view2,2,view3,71,0.9999,33.2
view2,2,view3,73,0.9999,33.44
view2,2,view3,77,0.9999,37.08
view2,2,view3,79,0.9999,38.28
view2,2,view3,81,0.9999,39.6
view2,2,view3,82,0.9999,40.48
view2,2,view3,88,0.9999,43.24
view2,2,view3,90,0.9999,44.84
view2,2,view3,94,0.9999,45.84
view2,2,view3,96,0.9999,47.92
view2,2,view3,99,0.9999,48.68
view2,2,view3,100,0.9999,49.04
view2,2,view3,106,0.9999,51.88
view2,2,view3,108,0.9999,52.76
view2,2,view3,109,0.9999,53.76
view2,2,view3,113,0.9999,55.24
view2,2,view3,119,0.9999,55.6
view2,2,view3,121,0.9999,56.44
view2,2,view3,124,0.9999,57.56
view2,2,view3,128,0.9999,59.84
view2,2,view3,129,0.9999,60.12
view2,2,view3,131,0.9999,62.56
view2,2,view3,136,0.9999,64.0
view2,2,view3,144,0.9999,66.76
view2,2,view3,150,0.9999,69.52
view2,2,view3,153,0.9999,71.88
view2,2,view3,154,0.9999,72.8
view2,2,view3,157,0.9999,75.0
view2,2,view3,163,0.9999,77.36
view2,2,view3,165,0.9999,77.44
view2,2,view3,169,0.9999,77.96
view2,2,view3,181,0.9999,80.6
view2,2,view3,186,0.9999,83.88
view2,2,view3,188,0.9999,84.72
view2,2,view3,195,0.9999,85.88
view2,2,view3,202,0.9999,88.2
view2,2,view3,203,0.9999,88.24
view2,2,view3,205,0.9999,88.64
view2,2,view3,206,0.9999,89.92
view2,2,view3,209,0.9999,90.76
view2,2,view3,212,0.9999,91.16
view2,2,view3,214,0.9999,92.52
view2,2,view3,215,0.9999,94.72
view2,2,view3,216,0.9999,94.84
view2,2,view3,217,0.9999,95.08
view2,2,view3,223,0.9999,97.4
view2,2,view3,225,0.9999,98.04
view2,2,view3,227,0.9999,98.84
view2,2,view3,230,0.9999,99.72
view2,2,view3,231,0.9999,99.8
view2,2,view3,233,0.9999,102.96
view2,2,view3,236,0.9999,104.92
view2,2,view3,240,0.9999,107.08
view2,2,view3,243,0.9999,108.16
view2,2,view3,244,0.9999,109.24
view2,2,view3,252,0.9999,113.76
view2,2,view3,256,0.9999,115.52
view2,2,view3,260,0.9999,117.68
view2,2,view3,266,0.9999,121.8
view2,2,view3,267,0.9999,121.88
view2,2,view3,269,0.9999,122.44
view2,2,view3,272,0.9999,124.04
view2,2,view3,280,0.9999,128.56
view2,2,view3,282,0.9999,129.4
view2,18,view3,2,0.9999,2.92
view2,18,view3,5,0.9999,0.0
view2,18,view3,6,0.9999,0.0
view2,18,view3,15,0.9999,0.0
view2,18,view3,16,0.9999,0.0
view2,18,view3,24,0.9999,0.0
view2,18,view3,28,0.9999,0.0
view2,18,view3,29,0.9999,0.0
view2,18,view3,33,0.9999,0.0
view2,18,view3,34,0.9999,0.0
view2,18,view3,37,0.9999,0.0
view2,18,view3,39,0.9999,0.0
view2,18,view3,44,0.9999,0.0
view2,18,view3,49,0.9999,0.0
view2,18,view3,53,0.9999,0.0
view2,18,view3,62,0.9999,0.0
view2,18,view3,66,0.9999,0.0
view2,18,view3,70,0.9999,0.0
view2,18,view3,71,0.9999,0.0
view2,18,view3,73,0.9999,0.0
view2,18,view3,77,0.9999,0.0
view2,18,view3,79,0.9999,0.0
view2,18,view3,81,0.9999,0.0
view2,18,view3,82,0.9999,0.4
view2,18,view3,88,0.9999,3.16
view2,18,view3,90,0.9999,4.76
view2,18,view3,94,0.9999,5.76
view2,18,view3,96,0.9999,7.84
view2,18,view3,99,0.9999,8.6
view2,18,view3,100,0.9999,8.96
view2,18,view3,106,0.9999,11.8
view2,18,view3,108,0.9999,12.68
view2,18,view3,109,0.9999,13.68
view2,18,view3,113,0.9999,15.16
view2,18,view3,119,0.9999,15.52
view2,18,view3,121,0.9999,16.36
view2,18,view3,124,0.9999,17.48
view2,18,view3,128,0.9999,19.76
view2,18,view3,129,0.9999,20.04
view2,18,view3,131,0.9999,22.48
view2,18,view3,136,0.9999,23.92
view2,18,view3,144,0.9999,26.68
view2,18,view3,150,0.9999,29.44
view2,18,view3,153,0.9999,31.8
view2,18,view3,154,0.9999,32.72
view2,18,view3,157,0.9999,34.92
view2,18,view3,163,0.9999,37.28
view2,18,view3,165,0.9999,37.36
view2,18,view3,169,0.9999,37.88
view2,18,view3,181,0.9999,40.52
view2,18,view3,186,0.9999,43.8
view2,18,view3,188,0.9999,44.64
view2,18,view3,195,0.9999,45.8
view2,18,view3,202,0.9999,48.12
view2,18,view3,203,0.9999,48.16
view2,18,view3,205,0.9999,48.56
view2,18,view3,206,0.9999,49.84
view2,18,view3,209,0.9999,50.68
view2,18,view3,212,0.9999,51.08
view2,18,view3,214,0.9999,52.44
view2,18,view3,215,0.9999,54.64
view2,18,view3,216,0.9999,54.76
view2,18,view3,217,0.9999,55.0
view2,18,view3,223,0.9999,57.32
view2,18,view3,225,0.9999,57.96
view2,18,view3,227,0.9999,58.76
view2,18,view3,230,0.9999,59.64
view2,18,view3,231,0.9999,59.72
view2,18,view3,233,0.9999,62.88
view2,18,view3,236,0.9999,64.84
view2,18,view3,240,0.9999,67.0
view2,18,view3,243,0.9999,68.08
view2,18,view3,244,0.9999,69.16
view2,18,view3,252,0.9999,73.68
view2,18,view3,256,0.9999,75.44
view2,18,view3,260,0.9999,77.6
view2,18,view3,266,0.9999,81.72
view2,18,view3,267,0.9999,81.8
view2,18,view3,269,0.9999,82.36
view2,18,view3,272,0.9999,83.96
view2,18,view3,280,0.9999,88.48
view2,18,view3,282,0.9999,89.32
view2,21,view3,2,0.9999,5.84
view2,21,view3,5,0.9999,0.0
view2,21,view3,6,1.0,0.0
view2,21,view3,15,0.9999,10.04
view2,21,view3,16,0.9999,10.72
view2,21,view3,24,0.9999,15.32
view2,21,view3,28,0.9999,16.64
view2,21,view3,29,0.9999,18.56
view2,21,view3,33,1.0,22.24
view2,21,view3,34,0.9999,22.32
view2,21,view3,37,0.9999,26.48
view2,21,view3,39,1.0,28.32
view2,21,view3,44,1.0,31.48
view2,21,view3,49,0.9999,32.6
view2,21,view3,53,0.9999,34.64
view2,21,view3,62,0.9999,38.04
view2,21,view3,66,1.0,39.4
view2,21,view3,70,0.9999,41.68
view2,21,view3,71,0.9999,41.8
view2,21,view3,73,0.9999,42.04
view2,21,view3,77,0.9999,45.68
view2,21,view3,79,0.9999,46.88
view2,21,view3,81,1.0,48.2
view2,21,view3,82,0.9999,49.08
view2,21,view3,88,1.0,51.84
view2,21,view3,90,0.9999,53.44
view2,21,view3,94,1.0,54.44
view2,21,view3,96,0.9999,56.52
view2,21,view3,99,1.0,57.28
view2,21,view3,100,0.9999,57.64
view2,21,view3,106,1.0,60.48
view2,21,view3,108,0.9999,61.36
view2,21,view3,109,1.0,62.36
view2,21,view3,113,1.0,63.84
view2,21,view3,119,0.9999,64.2
view2,21,view3,121,0.9999,65.04
view2,21,view3,124,0.9999,66.16
view2,21,view3,128,1.0,68.44
view2,21,view3,129,1.0,68.72
view2,21,view3,131,0.9999,71.16
view2,21,view3,136,0.9999,72.6
view2,21,view3,144,0.9999,75.36
view2,21,view3,150,0.9999,78.12
view2,21,view3,153,0.9999,80.48
view2,21,view3,154,1.0,81.4
view2,21,view3,157,0.9999,83.6
view2,21,view3,163,0.9999,85.96
view2,21,view3,165,0.9999,86.04
view2,21,view3,169,0.9999,86.56
view2,21,view3,181,0.9999,89.2
view2,21,view3,186,1.0,92.48
view2,21,view3,188,0.9999,93.32
view2,21,view3,195,0.9999,94.48
view2,21,view3,202,0.9999,96.8
view2,21,view3,203,1.0,96.84
view2,21,view3,205,0.9999,97.24
view2,21,view3,206,0.9999,98.52
view2,21,view3,209,0.9999,99.36
view2,21,view3,212,1.0,99.76
view2,21,view3,214,0.9999,101.12
view2,21,view3,215,0.9999,103.32
view2,21,view3,216,0.9999,103.44
view2,21,view3,217,0.9999,103.68
view2,21,view3,223,0.9999,106.0
view2,21,view3,225,0.9999,106.64
view2,21,view3,227,0.9999,107.44
view2,21,view3,230,0.9999,108.32
view2,21,view3,231,1.0,108.4
view2,21,view3,233,0.9999,111.56
view2,21,view3,236,0.9999,113.52
view2,21,view3,240,0.9999,115.68
view2,21,view3,243,0.9999,116.76
view2,21,view3,244,1.0,117.84
view2,21,view3,252,0.9999,122.36
view2,21,view3,256,0.9999,124.12
view2,21,view3,260,0.9999,126.28
view2,21,view3,266,0.9999,130.4
view2,21,view3,267,0.9999,130.48
view2,21,view3,269,1.0,131.04
view2,21,view3,272,0.9999,132.64
view2,21,view3,280,0.9999,137.16
view2,21,view3,282,1.0,138.0
view2,26,view3,2,0.9999,9.64
view2,26,view3,5,0.9999,0.0
view2,26,view3,6,1.0,0.0
view2,26,view3,15,0.9999,4.68
view2,26,view3,16,0.9999,5.36
view2,26,view3,24,0.9999,9.96
view2,26,view3,28,0.9999,11.28
view2,26,view3,29,0.9999,13.2
view2,26,view3,33,1.0,16.88
view2,26,view3,34,0.9999,16.96
view2,26,view3,37,0.9999,21.12
view2,26,view3,39,1.0,22.96
view2,26,view3,44,1.0,26.12
view2,26,view3,49,0.9999,27.24
view2,26,view3,53,0.9999,29.28
view2,26,view3,62,0.9999,32.68
view2,26,view3,66,1.0,34.04
view2,26,view3,70,0.9999,36.32
view2,26,view3,71,0.9999,36.44
view2,26,view3,73,0.9999,36.68
view2,26,view3,77,0.9999,40.32
view2,26,view3,79,0.9999,41.52
view2,26,view3,81,1.0,42.84
view2,26,view3,82,0.9999,43.72
view2,26,view3,88,1.0,46.48
view2,26,view3,90,0.9999,48.08
view2,26,view3,94,1.0,49.08
view2,26,view3,96,0.9999,51.16
view2,26,view3,99,1.0,51.92
view2,26,view3,100,0.9999,52.28
view2,26,view3,106,1.0,55.12
view2,26,view3,108,0.9999,56.0
view2,26,view3,109,1.0,57.0
view2,26,view3,113,1.0,58.48
view2,26,view3,119,0.9999,58.84
view2,26,view3,121,0.9999,59.68
view2,26,view3,124,1.0,60.8
view2,26,view3,128,1.0,63.08
view2,26,view3,129,1.0,63.36
view2,26,view3,131,0.9999,65.8
view2,26,view3,136,0.9999,67.24
view2,26,view3,144,0.9999,70.0
view2,26,view3,150,0.9999,72.76
view2,26,view3,153,0.9999,75.12
view2,26,view3,154,1.0,76.04
view2,26,view3,157,1.0,78.24
view2,26,view3,163,0.9999,80.6
view2,26,view3,165,0.9999,80.68
view2,26,view3,169,0.9999,81.2
view2,26,view3,181,0.9999,83.84
view2,26,view3,186,1.0,87.12
view2,26,view3,188,0.9999,87.96
view2,26,view3,195,0.9999,89.12
view2,26,view3,202,0.9999,91.44
view2,26,view3,203,1.0,91.48
view2,26,view3,205,0.9999,91.88
view2,26,view3,206,0.9999,93.16
view2,26,view3,209,1.0,94.0
view2,26,view3,212,1.0,94.4
view2,26,view3,214,0.9999,95.76
view2,26,view3,215,0.9999,97.96
view2,26,view3,216,0.9999,98.08
view2,26,view3,217,0.9999,98.32
view2,26,view3,223,0.9999,100.64
view2,26,view3,225,0.9999,101.28
view2,26,view3,227,0.9999,102.08
view2,26,view3,230,0.9999,102.96
view2,26,view3,231,1.0,103.04
view2,26,view3,233,0.9999,106.2
view2,26,view3,236,0.9999,108.16
view2,26,view3,240,0.9999,110.32
view2,26,view3,243,0.9999,111.4
view2,26,view3,244,1.0,112.48
view2,26,view3,252,0.9999,117.0
view2,26,view3,256,1.0,118.76
view2,26,view3,260,0.9999,120.92
view2,26,view3,266,0.9999,125.04
view2,26,view3,267,0.9999,125.12
view2,26,view3,269,1.0,125.68
view2,26,view3,272,0.9999,127.28
view2,26,view3,280,0.9999,131.8
view2,26,view3,282,1.0,132.64
view2,27,view3,2,0.9999,9.92
view2,27,view3,5,0.9999,0.0
view2,27,view3,6,1.0,0.0
view2,27,view3,15,0.9999,7.48
view2,27,view3,16,0.9999,8.16
view2,27,view3,24,1.0,12.76
view2,27,view3,28,0.9999,14.08
view2,27,view3,29,1.0,16.0
view2,27,view3,33,1.0,19.68
view2,27,view3,34,0.9999,19.76
view2,27,view3,37,0.9999,23.92
view2,27,view3,39,1.0,25.76
view2,27,view3,44,1.0,28.92
view2,27,view3,49,0.9999,30.04
view2,27,view3,53,0.9999,32.08
view2,27,view3,62,0.9999,35.48
view2,27,view3,66,1.0,36.84
view2,27,view3,70,0.9999,39.12
view2,27,view3,71,0.9999,39.24
view2,27,view3,73,0.9999,39.48
view2,27,view3,77,0.9999,43.12
view2,27,view3,79,0.9999,44.32
view2,27,view3,81,1.0,45.64
view2,27,view3,82,0.9999,46.52
view2,27,view3,88,1.0,49.28
view2,27,view3,90,1.0,50.88
view2,27,view3,94,1.0,51.88
view2,27,view3,96,1.0,53.96
view2,27,view3,99,1.0,54.72
view2,27,view3,100,0.9999,55.08
view2,27,view3,106,1.0,57.92
view2,27,view3,108,0.9999,58.8
view2,27,view3,109,1.0,59.8
view2,27,view3,113,1.0,61.28
view2,27,view3,119,0.9999,61.64
view2,27,view3,121,1.0,62.48
view2,27,view3,124,1.0,63.6
view2,27,view3,128,1.0,65.88
view2,27,view3,129,1.0,66.16
view2,27,view3,131,0.9999,68.6
view2,27,view3,136,1.0,70.04
view2,27,view3,144,0.9999,72.8
view2,27,view3,150,0.9999,75.56
view2,27,view3,153,0.9999,77.92
view2,27,view3,154,1.0,78.84
view2,27,view3,157,1.0,81.04
view2,27,view3,163,0.9999,83.4
view2,27,view3,165,0.9999,83.48
view2,27,view3,169,0.9999,84.0
view2,27,view3,181,0.9999,86.64
view2,27,view3,186,1.0,89.92
view2,27,view3,188,0.9999,90.76
view2,27,view3,195,1.0,91.92
view2,27,view3,202,0.9999,94.24
view2,27,view3,203,1.0,94.28
view2,27,view3,205,0.9999,94.68
view2,27,view3,206,0.9999,95.96
view2,27,view3,209,1.0,96.8
view2,27,view3,212,1.0,97.2
view2,27,view3,214,0.9999,98.56
view2,27,view3,215,0.9999,100.76
view2,27,view3,216,0.9999,100.88
view2,27,view3,217,1.0,101.12
view2,27,view3,223,0.9999,103.44
view2,27,view3,225,0.9999,104.08
view2,27,view3,227,0.9999,104.88
view2,27,view3,230,0.9999,105.76
view2,27,view3,231,1.0,105.84
view2,27,view3,233,0.9999,109.0
view2,27,view3,236,1.0,110.96
view2,27,view3,240,0.9999,113.12
view2,27,view3,243,0.9999,114.2
view2,27,view3,244,1.0,115.28
view2,27,view3,252,0.9999,119.8
view2,27,view3,256,1.0,121.56
view2,27,view3,260,0.9999,123.72
view2,27,view3,266,0.9999,127.84
view2,27,view3,267,1.0,127.92
view2,27,view3,269,1.0,128.48
view2,27,view3,272,0.9999,130.08
view2,27,view3,280,0.9999,134.6
view2,27,view3,282,1.0,135.44
view2,30,view3,2,0.9999,14.68
view2,30,view3,5,0.9999,0.0
view2,30,view3,6,1.0,0.0
view2,30,view3,15,0.9999,0.8
view2,30,view3,16,0.9999,1.48
view2,30,view3,24,0.9999,6.08
view2,30,view3,28,0.9999,7.4
view2,30,view3,29,0.9999,9.32
view2,30,view3,33,1.0,13.0
view2,30,view3,34,0.9999,13.08
view2,30,view3,37,0.9999,17.24
view2,30,view3,39,1.0,19.08
view2,30,view3,44,1.0,22.24
view2,30,view3,49,0.9999,23.36
view2,30,view3,53,0.9999,25.4
view2,30,view3,62,0.9999,28.8
view2,30,view3,66,1.0,30.16
view2,30,view3,70,0.9999,32.44
view2,30,view3,71,0.9999,32.56
view2,30,view3,73,0.9999,32.8
view2,30,view3,77,0.9999,36.44
view2,30,view3,79,0.9999,37.64
view2,30,view3,81,1.0,38.96
view2,30,view3,82,0.9999,39.84
view2,30,view3,88,1.0,42.6
view2,30,view3,90,0.9999,44.2
view2,30,view3,94,1.0,45.2
view2,30,view3,96,0.9999,47.28
view2,30,view3,99,1.0,48.04
view2,30,view3,100,0.9999,48.4
view2,30,view3,106,1.0,51.24
view2,30,view3,108,0.9999,52.12
view2,30,view3,109,1.0,53.12
view2,30,view3,113,1.0,54.6
view2,30,view3,119,0.9999,54.96
view2,30,view3,121,0.9999,55.8
view2,30,view3,124,1.0,56.92
view2,30,view3,128,1.0,59.2
view2,30,view3,129,1.0,59.48
view2,30,view3,131,0.9999,61.92
view2,30,view3,136,0.9999,63.36
view2,30,view3,144,0.9999,66.12
view2,30,view3,150,0.9999,68.88
view2,30,view3,153,0.9999,71.24
view2,30,view3,154,1.0,72.16
view2,30,view3,157,1.0,74.36
view2,30,view3,163,0.9999,76.72
view2,30,view3,165,0.9999,76.8
view2,30,view3,169,0.9999,77.32
view2,30,view3,181,0.9999,79.96
view2,30,view3,186,1.0,83.24
view2,30,view3,188,0.9999,84.08
view2,30,view3,195,1.0,85.24
view2,30,view3,202,0.9999,87.56
view2,30,view3,203,1.0,87.6
view2,30,view3,205,0.9999,88.0
view2,30,view3,206,0.9999,89.28
view2,30,view3,209,1.0,90.12
view2,30,view3,212,1.0,90.52
view2,30,view3,214,0.9999,91.88
view2,30,view3,215,0.9999,94.08
view2,30,view3,216,0.9999,94.2
view2,30,view3,217,0.9999,94.44
view2,30,view3,223,0.9999,96.76
view2,30,view3,225,0.9999,97.4
view2,30,view3,227,0.9999,98.2
view2,30,view3,230,0.9999,99.08
view2,30,view3,231,1.0,99.16
view2,30,view3,233,0.9999,102.32
view2,30,view3,236,0.9999,104.28
view2,30,view3,240,0.9999,106.44
view2,30,view3,243,0.9999,107.52
view2,30,view3,244,1.0,108.6
view2,30,view3,252,0.9999,113.12
view2,30,view3,256,1.0,114.88
view2,30,view3,260,0.9999,117.04
view2,30,view3,266,0.9999,121.16
view2,30,view3,267,0.9999,121.24
view2,30,view3,269,1.0,121.8
view2,30,view3,272,0.9999,123.4
view2,30,view3,280,0.9999,127.92
view2,30,view3,282,1.0,128.76
view2,31,view3,2,0.9999,16.24
view2,31,view3,5,0.9999,0.0
view2,31,view3,6,0.9999,0.0
view2,31,view3,15,0.9999,0.0
view2,31,view3,16,0.9999,0.0
view2,31,view3,24,0.9999,0.0
view2,31,view3,28,0.9999,0.0
view2,31,view3,29,0.9999,1.12
view2,31,view3,33,0.9999,4.8
view2,31,view3,34,0.9999,4.88
view2,31,view3,37,0.9999,9.04
view2,31,view3,39,0.9999,10.88
view2,31,view3,44,1.0,14.04
view2,31,view3,49,0.9999,15.16
view2,31,view3,53,0.9999,17.2
view2,31,view3,62,0.9999,20.6
view2,31,view3,66,0.9999,21.96
view2,31,view3,70,0.9999,24.24
view2,31,view3,71,0.9999,24.36
view2,31,view3,73,0.9999,24.6
view2,31,view3,77,0.9999,28.24
view2,31,view3,79,0.9999,29.44
view2,31,view3,81,0.9999,30.76
view2,31,view3,82,0.9999,31.64
view2,31,view3,88,0.9999,34.4
view2,31,view3,90,0.9999,36.0
view2,31,view3,94,0.9999,37.0
view2,31,view3,96,0.9999,39.08
view2,31,view3,99,0.9999,39.84
view2,31,view3,100,0.9999,40.2
view2,31,view3,106,0.9999,43.04
view2,31,view3,108,0.9999,43.92
view2,31,view3,109,0.9999,44.92
view2,31,view3,113,0.9999,46.4
view2,31,view3,119,0.9999,46.76
view2,31,view3,121,0.9999,47.6
view2,31,view3,124,0.9999,48.72
view2,31,view3,128,1.0,51.0
view2,31,view3,129,0.9999,51.28
view2,31,view3,131,0.9999,53.72
view2,31,view3,136,0.9999,55.16
view2,31,view3,144,0.9999,57.92
view2,31,view3,150,0.9999,60.68
view2,31,view3,153,0.9999,63.04
view2,31,view3,154,1.0,63.96
view2,31,view3,157,0.9999,66.16
view2,31,view3,163,0.9999,68.52
view2,31,view3,165,0.9999,68.6
view2,31,view3,169,0.9999,69.12
view2,31,view3,181,0.9999,71.76
view2,31,view3,186,0.9999,75.04
view2,31,view3,188,0.9999,75.88
view2,31,view3,195,0.9999,77.04
view2,31,view3,202,0.9999,79.36
view2,31,view3,203,0.9999,79.4
view2,31,view3,205,0.9999,79.8
view2,31,view3,206,0.9999,81.08
view2,31,view3,209,0.9999,81.92
view2,31,view3,212,0.9999,82.32
view2,31,view3,214,0.9999,83.68
view2,31,view3,215,0.9999,85.88
view2,31,view3,216,0.9999,86.0
view2,31,view3,217,0.9999,86.24
view2,31,view3,223,0.9999,88.56
view2,31,view3,225,0.9999,89.2
view2,31,view3,227,0.9999,90.0
view2,31,view3,230,0.9999,90.88
view2,31,view3,231,1.0,90.96
view2,31,view3,233,0.9999,94.12
view2,31,view3,236,0.9999,96.08
view2,31,view3,240,0.9999,98.24
view2,31,view3,243,0.9999,99.32
view2,31,view3,244,0.9999,100.4
view2,31,view3,252,0.9999,104.92
view2,31,view3,256,0.9999,106.68
view2,31,view3,260,0.9999,108.84
view2,31,view3,266,0.9999,112.96
view2,31,view3,267,0.9999,113.04
view2,31,view3,269,0.9999,113.6
view2,31,view3,272,0.9999,115.2
view2,31,view3,280,0.9999,119.72
view2,31,view3,282,0.9999,120.56
view2,33,view3,2,0.9999,17.2
view2,33,view3,5,0.9999,0.0
view2,33,view3,6,0.9999,0.0
view2,33,view3,15,0.9999,0.0
view2,33,view3,16,0.9999,0.0
view2,33,view3,24,0.9999,2.24
view2,33,view3,28,0.9999,3.56
view2,33,view3,29,0.9999,5.48
view2,33,view3,33,0.9999,9.16
view2,33,view3,34,0.9999,9.24
view2,33,view3,37,0.9999,13.4
view2,33,view3,39,0.9999,15.24
view2,33,view3,44,0.9999,18.4
view2,33,view3,49,0.9999,19.52
view2,33,view3,53,0.9999,21.56
view2,33,view3,62,0.9999,24.96
view2,33,view3,66,0.9999,26.32
view2,33,view3,70,0.9999,28.6
view2,33,view3,71,0.9999,28.72
view2,33,view3,73,0.9999,28.96
view2,33,view3,77,0.9999,32.6
view2,33,view3,79,0.9999,33.8
view2,33,view3,81,0.9999,35.12
view2,33,view3,82,0.9999,36.0
view2,33,view3,88,0.9999,38.76
view2,33,view3,90,0.9999,40.36
view2,33,view3,94,0.9999,41.36
view2,33,view3,96,0.9999,43.44
view2,33,view3,99,0.9999,44.2
view2,33,view3,100,0.9999,44.56
view2,33,view3,106,0.9999,47.4
view2,33,view3,108,0.9999,48.28
view2,33,view3,109,0.9999,49.28
view2,33,view3,113,0.9999,50.76
view2,33,view3,119,0.9999,51.12
view2,33,view3,121,0.9999,51.96
view2,33,view3,124,0.9999,53.08
view2,33,view3,128,0.9999,55.36
view2,33,view3,129,0.9999,55.64
view2,33,view3,131,0.9999,58.08
view2,33,view3,136,0.9999,59.52
view2,33,view3,144,0.9999,62.28
view2,33,view3,150,0.9999,65.04
view2,33,view3,153,0.9999,67.4
view2,33,view3,154,0.9999,68.32
view2,33,view3,157,0.9999,70.52
view2,33,view3,163,0.9999,72.88
view2,33,view3,165,0.9999,72.96
view2,33,view3,169,0.9999,73.48
view2,33,view3,181,0.9999,76.12
view2,33,view3,186,0.9999,79.4
view2,33,view3,188,0.9999,80.24
view2,33,view3,195,0.9999,81.4
view2,33,view3,202,0.9999,83.72
view2,33,view3,203,0.9999,83.76
view2,33,view3,205,0.9999,84.16
view2,33,view3,206,0.9999,85.44
view2,33,view3,209,0.9999,86.28
view2,33,view3,212,0.9999,86.68
view2,33,view3,214,0.9999,88.04
view2,33,view3,215,0.9999,90.24
view2,33,view3,216,0.9999,90.36
view2,33,view3,217,0.9999,90.6
view2,33,view3,223,0.9999,92.92
view2,33,view3,225,0.9999,93.56
view2,33,view3,227,0.9999,94.36
view2,33,view3,230,0.9999,95.24
view2,33,view3,231,0.9999,95.32
view2,33,view3,233,0.9999,98.48
view2,33,view3,236,0.9999,100.44
view2,33,view3,240,0.9999,102.6
view2,33,view3,243,0.9999,103.68
view2,33,view3,244,0.9999,104.76
view2,33,view3,252,0.9999,109.28
view2,33,view3,256,0.9999,111.04
view2,33,view3,260,0.9999,113.2
view2,33,view3,266,0.9999,117.32
view2,33,view3,267,0.9999,117.4
view2,33,view3,269,0.9999,117.96
view2,33,view3,272,0.9999,119.56
view2,33,view3,280,0.9999,124.08
view2,33,view3,282,0.9999,124.92
view2,36,view3,2,0.9999,18.96
view2,36,view3,5,0.9999,0.0
view2,36,view3,6,1.0,0.0
view2,36,view3,15,0.9999,1.2
view2,36,view3,16,0.9999,0.0
view2,36,view3,24,0.9999,3.04
view2,36,view3,28,0.9999,4.36
view2,36,view3,29,0.9999,6.28
view2,36,view3,33,1.0,9.96
view2,36,view3,34,0.9999,10.04
view2,36,view3,37,0.9999,14.2
view2,36,view3,39,1.0,16.04
view2,36,view3,44,1.0,19.2
view2,36,view3,49,0.9999,20.32
view2,36,view3,53,0.9999,22.36
view2,36,view3,62,0.9999,25.76
view2,36,view3,66,1.0,27.12
view2,36,view3,70,0.9999,29.4
view2,36,view3,71,0.9999,29.52
view2,36,view3,73,0.9999,29.76
view2,36,view3,77,0.9999,33.4
view2,36,view3,79,0.9999,34.6
view2,36,view3,81,1.0,35.92
view2,36,view3,82,0.9999,36.8
view2,36,view3,88,1.0,39.56
view2,36,view3,90,0.9999,41.16
view2,36,view3,94,1.0,42.16
view2,36,view3,96,0.9999,44.24
view2,36,view3,99,1.0,45.0
view2,36,view3,100,0.9999,45.36
view2,36,view3,106,1.0,48.2
view2,36,view3,108,0.9999,49.08
view2,36,view3,109,1.0,50.08
view2,36,view3,113,1.0,51.56
view2,36,view3,119,0.9999,51.92
view2,36,view3,121,0.9999,52.76
view2,36,view3,124,0.9999,53.88
view2,36,view3,128,1.0,56.16
view2,36,view3,129,1.0,56.44
view2,36,view3,131,0.9999,58.88
view2,36,view3,136,0.9999,60.32
view2,36,view3,144,0.9999,63.08
view2,36,view3,150,0.9999,65.84
view2,36,view3,153,0.9999,68.2
view2,36,view3,154,1.0,69.12
view2,36,view3,157,1.0,71.32
view2,36,view3,163,0.9999,73.68
view2,36,view3,165,0.9999,73.76
view2,36,view3,169,0.9999,74.28
view2,36,view3,181,0.9999,76.92
view2,36,view3,186,1.0,80.2
view2,36,view3,188,0.9999,81.04
view2,36,view3,195,0.9999,82.2
view2,36,view3,202,0.9999,84.52
view2,36,view3,203,1.0,84.56
view2,36,view3,205,0.9999,84.96
view2,36,view3,206,0.9999,86.24
view2,36,view3,209,1.0,87.08
view2,36,view3,212,1.0,87.48
view2,36,view3,214,0.9999,88.84
view2,36,view3,215,0.9999,91.04
view2,36,view3,216,0.9999,91.16
view2,36,view3,217,0.9999,91.4
view2,36,view3,223,0.9999,93.72
view2,36,view3,225,0.9999,94.36
view2,36,view3,227,0.9999,95.16
view2,36,view3,230,0.9999,96.04
view2,36,view3,231,1.0,96.12
view2,36,view3,233,0.9999,99.28
view2,36,view3,236,0.9999,101.24
view2,36,view3,240,0.9999,103.4
view2,36,view3,243,0.9999,104.48
view2,36,view3,244,1.0,105.56
view2,36,view3,252,0.9999,110.08
view2,36,view3,256,0.9999,111.84
view2,36,view3,260,0.9999,114.0
view2,36,view3,266,0.9999,118.12
view2,36,view3,267,0.9999,118.2
view2,36,view3,269,1.0,118.76
view2,36,view3,272,0.9999,120.36
view2,36,view3,280,0.9999,124.88
view2,36,view3,282,1.0,125.72
view2,39,view3,2,0.9999,21.16
view2,39,view3,5,0.9999,0.0
view2,39,view3,6,0.9999,0.0
view2,39,view3,15,0.9999,3.4
view2,39,view3,16,0.9999,0.0
view2,39,view3,24,0.9999,0.0
view2,39,view3,28,0.9999,0.0
view2,39,view3,29,0.9999,0.0
view2,39,view3,33,0.9999,0.0
view2,39,view3,34,0.9999,0.0
view2,39,view3,37,0.9999,0.0
view2,39,view3,39,0.9999,0.0
view2,39,view3,44,0.9999,2.6
view2,39,view3,49,0.9999,3.72
view2,39,view3,53,0.9999,5.76
view2,39,view3,62,0.9999,9.16
view2,39,view3,66,0.9999,10.52
view2,39,view3,70,0.9999,12.8
view2,39,view3,71,0.9999,12.92
view2,39,view3,73,0.9999,13.16
view2,39,view3,77,0.9999,16.8
view2,39,view3,79,0.9999,18.0
view2,39,view3,81,0.9999,19.32
view2,39,view3,82,0.9999,20.2
view2,39,view3,88,0.9999,22.96
view2,39,view3,90,0.9999,24.56
view2,39,view3,94,0.9999,25.56
view2,39,view3,96,0.9999,27.64
view2,39,view3,99,0.9999,28.4
view2,39,view3,100,0.9999,28.76
view2,39,view3,106,0.9999,31.6
view2,39,view3,108,0.9999,32.48
view2,39,view3,109,0.9999,33.48
view2,39,view3,113,0.9999,34.96
view2,39,view3,119,0.9999,35.32
view2,39,view3,121,0.9999,36.16
view2,39,view3,124,0.9999,37.28
view2,39,view3,128,0.9999,39.56
view2,39,view3,129,0.9999,39.84
view2,39,view3,131,0.9999,42.28
view2,39,view3,136,0.9999,43.72
view2,39,view3,144,0.9999,46.48
view2,39,view3,150,0.9999,49.24
view2,39,view3,153,0.9999,51.6
view2,39,view3,154,0.9999,52.52
view2,39,view3,157,0.9999,54.72
view2,39,view3,163,0.9999,57.08
view2,39,view3,165,0.9999,57.16
view2,39,view3,169,0.9999,57.68
view2,39,view3,181,0.9999,60.32
view2,39,view3,186,0.9999,63.6
view2,39,view3,188,0.9999,64.44
view2,39,view3,195,0.9999,65.6
view2,39,view3,202,0.9999,67.92
view2,39,view3,203,0.9999,67.96
view2,39,view3,205,0.9999,68.36
view2,39,view3,206,0.9999,69.64
view2,39,view3,209,0.9999,70.48
view2,39,view3,212,0.9999,70.88
view2,39,view3,214,0.9999,72.24
view2,39,view3,215,0.9999,74.44
view2,39,view3,216,0.9999,74.56
view2,39,view3,217,0.9999,74.8
view2,39,view3,223,0.9999,77.12
view2,39,view3,225,0.9999,77.76
view2,39,view3,227,0.9999,78.56
view2,39,view3,230,0.9999,79.44
view2,39,view3,231,0.9999,79.52
view2,39,view3,233,0.9999,82.68
view2,39,view3,236,0.9999,84.64
view2,39,view3,240,0.9999,86.8
view2,39,view3,243,0.9999,87.88
view2,39,view3,244,0.9999,88.96
view2,39,view3,252,0.9999,93.48
view2,39,view3,256,0.9999,95.24
view2,39,view3,260,0.9999,97.4
view2,39,view3,266,0.9999,101.52
view2,39,view3,267,0.9999,101.6
view2,39,view3,269,0.9999,102.16
view2,39,view3,272,0.9999,103.76
view2,39,view3,280,0.9999,108.28
view2,39,view3,282,0.9999,109.12
view2,41,view3,2,0.9999,22.04
view2,41,view3,5,0.9999,0.0
view2,41,view3,6,0.9999,0.0
view2,41,view3,15,0.9999,4.28
view2,41,view3,16,0.9999,0.0
view2,41,view3,24,0.9999,0.76
view2,41,view3,28,0.9999,2.08
view2,41,view3,29,0.9999,4.0
view2,41,view3,33,0.9999,7.68
view2,41,view3,34,0.9999,7.76
view2,41,view3,37,0.9999,11.92
view2,41,view3,39,0.9999,13.76
view2,41,view3,44,0.9999,16.92
view2,41,view3,49,0.9999,18.04
view2,41,view3,53,0.9999,20.08
view2,41,view3,62,0.9999,23.48
view2,41,view3,66,0.9999,24.84
view2,41,view3,70,0.9999,27.12
view2,41,view3,71,0.9999,27.24
view2,41,view3,73,0.9999,27.48
view2,41,view3,77,0.9999,31.12
view2,41,view3,79,0.9999,32.32
view2,41,view3,81,0.9999,33.64
view2,41,view3,82,0.9999,34.52
view2,41,view3,88,0.9999,37.28
view2,41,view3,90,0.9999,38.88
view2,41,view3,94,0.9999,39.88
view2,41,view3,96,0.9999,41.96
view2,41,view3,99,0.9999,42.72
view2,41,view3,100,0.9999,43.08
view2,41,view3,106,0.9999,45.92
view2,41,view3,108,0.9999,46.8
view2,41,view3,109,0.9999,47.8
view2,41,view3,113,0.9999,49.28
view2,41,view3,119,0.9999,49.64
view2,41,view3,121,0.9999,50.48
view2,41,view3,124,0.9999,51.6
view2,41,view3,128,0.9999,53.88
view2,41,view3,129,0.9999,54.16
view2,41,view3,131,0.9999,56.6
view2,41,view3,136,0.9999,58.04
view2,41,view3,144,0.9999,60.8
view2,41,view3,150,0.9999,63.56
view2,41,view3,153,0.9999,65.92
view2,41,view3,154,0.9999,66.84
view2,41,view3,157,0.9999,69.04
view2,41,view3,163,0.9999,71.4
view2,41,view3,165,0.9999,71.48
view2,41,view3,169,0.9999,72.0
view2,41,view3,181,0.9999,74.64
view2,41,view3,186,0.9999,77.92
view2,41,view3,188,0.9999,78.76
view2,41,view3,195,0.9999,79.92
view2,41,view3,202,0.9999,82.24
view2,41,view3,203,0.9999,82.28
view2,41,view3,205,0.9999,82.68
view2,41,view3,206,0.9999,83.96
view2,41,view3,209,0.9999,84.8
view2,41,view3,212,0.9999,85.2
view2,41,view3,214,0.9999,86.56
view2,41,view3,215,0.9999,88.76
view2,41,view3,216,0.9999,88.88
view2,41,view3,217,0.9999,89.12
view2,41,view3,223,0.9999,91.44
view2,41,view3,225,0.9999,92.08
view2,41,view3,227,0.9999,92.88
view2,41,view3,230,0.9999,93.76
view2,41,view3,231,0.9999,93.84
view2,41,view3,233,0.9999,97.0
view2,41,view3,236,0.9999,98.96
view2,41,view3,240,0.9999,101.12
view2,41,view3,243,0.9999,102.2
view2,41,view3,244,0.9999,103.28
view2,41,view3,252,0.9999,107.8
view2,41,view3,256,0.9999,109.56
view2,41,view3,260,0.9999,111.72
view2,41,view3,266,0.9999,115.84
view2,41,view3,267,0.9999,115.92
view2,41,view3,269,0.9999,116.48
view2,41,view3,272,0.9999,118.08
view2,41,view3,280,0.9999,122.6
view2,41,view3,282,0.9999,123.44
view2,49,view3,2,0.9999,24.84
view2,49,view3,5,0.9999,2.4
view2,49,view3,6,1.0,1.16
view2,49,view3,15,0.9999,7.08
view2,49,view3,16,0.9999,2.72
view2,49,view3,24,0.9999,0.0
view2,49,view3,28,0.9999,0.0
view2,49,view3,29,0.9999,1.0
view2,49,view3,33,1.0,4.68
view2,49,view3,34,0.9999,4.76
view2,49,view3,37,0.9999,8.92
view2,49,view3,39,1.0,10.76
view2,49,view3,44,1.0,13.92
view2,49,view3,49,0.9999,15.04
view2,49,view3,53,0.9999,17.08
view2,49,view3,62,0.9999,20.48
view2,49,view3,66,1.0,21.84
view2,49,view3,70,0.9999,24.12
view2,49,view3,71,0.9999,24.24
view2,49,view3,73,0.9999,24.48
view2,49,view3,77,0.9999,28.12
view2,49,view3,79,0.9999,29.32
view2,49,view3,81,1.0,30.64
view2,49,view3,82,0.9999,31.52
view2,49,view3,88,1.0,34.28
view2,49,view3,90,0.9999,35.88
view2,49,view3,94,1.0,36.88
view2,49,view3,96,0.9999,38.96
view2,49,view3,99,1.0,39.72
view2,49,view3,100,0.9999,40.08
view2,49,view3,106,1.0,42.92
view2,49,view3,108,0.9999,43.8
view2,49,view3,109,1.0,44.8
view2,49,view3,113,1.0,46.28
view2,49,view3,119,0.9999,46.64
view2,49,view3,121,0.9999,47.48
view2,49,view3,124,0.9999,48.6
view2,49,view3,128,1.0,50.88
view2,49,view3,129,1.0,51.16
view2,49,view3,131,0.9999,53.6
view2,49,view3,136,0.9999,55.04
view2,49,view3,144,0.9999,57.8
view2,49,view3,150,0.9999,60.56
view2,49,view3,153,0.9999,62.92
view2,49,view3,154,1.0,63.84
view2,49,view3,157,1.0,66.04
view2,49,view3,163,0.9999,68.4
view2,49,view3,165,0.9999,68.48
view2,49,view3,169,0.9999,69.0
view2,49,view3,181,0.9999,71.64
view2,49,view3,186,1.0,74.92
view2,49,view3,188,0.9999,75.76
view2,49,view3,195,0.9999,76.92
view2,49,view3,202,0.9999,79.24
view2,49,view3,203,1.0,79.28
view2,49,view3,205,0.9999,79.68
view2,49,view3,206,0.9999,80.96
view2,49,view3,209,1.0,81.8
view2,49,view3,212,1.0,82.2
view2,49,view3,214,0.9999,83.56
view2,49,view3,215,0.9999,85.76
view2,49,view3,216,0.9999,85.88
view2,49,view3,217,0.9999,86.12
view2,49,view3,223,0.9999,88.44
view2,49,view3,225,0.9999,89.08
view2,49,view3,227,0.9999,89.88
view2,49,view3,230,0.9999,90.76
view2,49,view3,231,1.0,90.84
view2,49,view3,233,0.9999,94.0
view2,49,view3,236,0.9999,95.96
view2,49,view3,240,0.9999,98.12
view2,49,view3,243,0.9999,99.2
view2,49,view3,244,1.0,100.28
view2,49,view3,252,0.9999,104.8
view2,49,view3,256,0.9999,106.56
view2,49,view3,260,0.9999,108.72
view2,49,view3,266,0.9999,112.84
view2,49,view3,267,0.9999,112.92
view2,49,view3,269,1.0,113.48
view2,49,view3,272,0.9999,115.08
view2,49,view3,280,0.9999,119.6
view2,49,view3,282,1.0,120.44
view2,51,view3,2,0.9999,25.32
view2,51,view3,5,0.9999,2.88
view2,51,view3,6,0.9999,1.64
view2,51,view3,15,0.9999,7.56
view2,51,view3,16,0.9999,3.2
view2,51,view3,24,0.9999,0.0
view2,51,view3,28,0.9999,0.0
view2,51,view3,29,0.9999,0.0
view2,51,view3,33,0.9999,0.0
view2,51,view3,34,0.9999,0.0
view2,51,view3,37,0.9999,3.72
view2,51,view3,39,0.9999,5.56
view2,51,view3,44,0.9999,8.72
view2,51,view3,49,0.9999,9.84
view2,51,view3,53,0.9999,11.88
view2,51,view3,62,0.9999,15.28
view2,51,view3,66,0.9999,16.64
view2,51,view3,70,0.9999,18.92
view2,51,view3,71,0.9999,19.04
view2,51,view3,73,0.9999,19.28
view2,51,view3,77,0.9999,22.92
view2,51,view3,79,0.9999,24.12
view2,51,view3,81,0.9999,25.44
view2,51,view3,82,0.9999,26.32
view2,51,view3,88,0.9999,29.08
view2,51,view3,90,0.9999,30.68
view2,51,view3,94,0.9999,31.68
view2,51,view3,96,0.9999,33.76
view2,51,view3,99,0.9999,34.52
view2,51,view3,100,0.9999,34.88
view2,51,view3,106,0.9999,37.72
view2,51,view3,108,0.9999,38.6
view2,51,view3,109,0.9999,39.6
view2,51,view3,113,0.9999,41.08
view2,51,view3,119,0.9999,41.44
view2,51,view3,121,0.9999,42.28
view2,51,view3,124,0.9999,43.4
view2,51,view3,128,0.9999,45.68
view2,51,view3,129,0.9999,45.96
view2,51,view3,131,0.9999,48.4
view2,51,view3,136,0.9999,49.84
view2,51,view3,144,0.9999,52.6
view2,51,view3,150,0.9999,55.36
view2,51,view3,153,0.9999,57.72
view2,51,view3,154,0.9999,58.64
view2,51,view3,157,0.9999,60.84
view2,51,view3,163,0.9999,63.2
view2,51,view3,165,0.9999,63.28
view2,51,view3,169,0.9999,63.8
view2,51,view3,181,0.9999,66.44
view2,51,view3,186,0.9999,69.72
view2,51,view3,188,0.9999,70.56
view2,51,view3,195,0.9999,71.72
view2,51,view3,202,0.9999,74.04
view2,51,view3,203,0.9999,74.08
view2,51,view3,205,0.9999,74.48
view2,51,view3,206,0.9999,75.76
view2,51,view3,209,0.9999,76.6
view2,51,view3,212,0.9999,77.0
view2,51,view3,214,0.9999,78.36
view2,51,view3,215,0.9999,80.56
view2,51,view3,216,0.9999,80.68
view2,51,view3,217,0.9999,80.92
view2,51,view3,223,0.9999,83.24
view2,51,view3,225,0.9999,83.88
view2,51,view3,227,0.9999,84.68
view2,51,view3,230,0.9999,85.56
view2,51,view3,231,0.9999,85.64
view2,51,view3,233,0.9999,88.8
view2,51,view3,236,0.9999,90.76
view2,51,view3,240,0.9999,92.92
view2,51,view3,243,0.9999,94.0
view2,51,view3,244,0.9999,95.08
view2,51,view3,252,0.9999,99.6
view2,51,view3,256,0.9999,101.36
view2,51,view3,260,0.9999,103.52
view2,51,view3,266,0.9999,107.64
view2,51,view3,267,0.9999,107.72
view2,51,view3,269,0.9999,108.28
view2,51,view3,272,0.9999,109.88
view2,51,view3,280,0.9999,114.4
view2,51,view3,282,0.9999,115.24
view2,62,view3,2,0.9999,30.12
view2,62,view3,5,0.9999,7.68
view2,62,view3,6,1.0,6.44
view2,62,view3,15,0.9999,12.36
view2,62,view3,16,0.9999,8.0
view2,62,view3,24,0.9999,2.0
view2,62,view3,28,0.9999,0.0
view2,62,view3,29,0.9999,0.0
view2,62,view3,33,1.0,0.0
view2,62,view3,34,0.9999,0.0
view2,62,view3,37,0.9999,2.84
view2,62,view3,39,1.0,4.68
view2,62,view3,44,1.0,7.84
view2,62,view3,49,0.9999,8.96
view2,62,view3,53,0.9999,11.0
view2,62,view3,62,0.9999,14.4
view2,62,view3,66,1.0,15.76
view2,62,view3,70,0.9999,18.04
view2,62,view3,71,0.9999,18.16
view2,62,view3,73,0.9999,18.4
view2,62,view3,77,0.9999,22.04
view2,62,view3,79,0.9999,23.24
view2,62,view3,81,1.0,24.56
view2,62,view3,82,0.9999,25.44
view2,62,view3,88,1.0,28.2
view2,62,view3,90,0.9999,29.8
view2,62,view3,94,1.0,30.8
view2,62,view3,96,0.9999,32.88
view2,62,view3,99,1.0,33.64
view2,62,view3,100,0.9999,34.0
view2,62,view3,106,1.0,36.84
view2,62,view3,108,0.9999,37.72
view2,62,view3,109,1.0,38.72
view2,62,view3,113,1.0,40.2
view2,62,view3,119,0.9999,40.56
view2,62,view3,121,0.9999,41.4
view2,62,view3,124,0.9999,42.52
view2,62,view3,128,1.0,44.8
view2,62,view3,129,1.0,45.08
view2,62,view3,131,0.9999,47.52
view2,62,view3,136,0.9999,48.96
view2,62,view3,144,0.9999,51.72
view2,62,view3,150,0.9999,54.48
view2,62,view3,153,0.9999,56.84
view2,62,view3,154,1.0,57.76
view2,62,view3,157,1.0,59.96
view2,62,view3,163,0.9999,62.32
view2,62,view3,165,0.9999,62.4
view2,62,view3,169,0.9999,62.92
view2,62,view3,181,0.9999,65.56
view2,62,view3,186,1.0,68.84
view2,62,view3,188,0.9999,69.68
view2,62,view3,195,0.9999,70.84
view2,62,view3,202,0.9999,73.16
view2,62,view3,203,1.0,73.2
view2,62,view3,205,0.9999,73.6
view2,62,view3,206,0.9999,74.88
view2,62,view3,209,1.0,75.72
view2,62,view3,212,1.0,76.12
view2,62,view3,214,0.9999,77.48
view2,62,view3,215,0.9999,79.68
view2,62,view3,216,0.9999,79.8
view2,62,view3,217,0.9999,80.04
view2,62,view3,223,0.9999,82.36
view2,62,view3,225,0.9999,83.0
view2,62,view3,227,0.9999,83.8
view2,62,view3,230,0.9999,84.68
view2,62,view3,231,1.0,84.76
view2,62,view3,233,0.9999,87.92
view2,62,view3,236,0.9999,89.88
view2,62,view3,240,0.9999,92.04
view2,62,view3,243,0.9999,93.12
view2,62,view3,244,1.0,94.2
view2,62,view3,252,0.9999,98.72
view2,62,view3,256,1.0,100.48
view2,62,view3,260,0.9999,102.64
view2,62,view3,266,0.9999,106.76
view2,62,view3,267,0.9999,106.84
view2,62,view3,269,1.0,107.4
view2,62,view3,272,0.9999,109.0
view2,62,view3,280,0.9999,113.52
view2,62,view3,282,1.0,114.36
view2,63,view3,2,0.9999,31.08
view2,63,view3,5,0.9999,8.64
view2,63,view3,6,0.9999,7.4
view2,63,view3,15,0.9999,13.32
view2,63,view3,16,0.9999,8.96
view2,63,view3,24,0.9999,2.96
view2,63,view3,28,0.9999,0.0
view2,63,view3,29,0.9999,0.0
view2,63,view3,33,0.9999,0.0
view2,63,view3,34,0.9999,0.96
view2,63,view3,37,0.9999,0.08
view2,63,view3,39,0.9999,1.92
view2,63,view3,44,0.9999,5.08
view2,63,view3,49,0.9999,6.2
view2,63,view3,53,0.9999,8.24
view2,63,view3,62,0.9999,11.64
view2,63,view3,66,0.9999,13.0
view2,63,view3,70,0.9999,15.28
view2,63,view3,71,0.9999,15.4
view2,63,view3,73,0.9999,15.64
view2,63,view3,77,0.9999,19.28
view2,63,view3,79,0.9999,20.48
view2,63,view3,81,0.9999,21.8
view2,63,view3,82,0.9999,22.68
view2,63,view3,88,0.9999,25.44
view2,63,view3,90,0.9999,27.04
view2,63,view3,94,0.9999,28.04
view2,63,view3,96,0.9999,30.12
view2,63,view3,99,0.9999,30.88
view2,63,view3,100,0.9999,31.24
view2,63,view3,106,0.9999,34.08
view2,63,view3,108,0.9999,34.96
view2,63,view3,109,0.9999,35.96
view2,63,view3,113,0.9999,37.44
view2,63,view3,119,0.9999,37.8
view2,63,view3,121,0.9999,38.64
view2,63,view3,124,0.9999,39.76
view2,63,view3,128,0.9999,42.04
view2,63,view3,129,0.9999,42.32
view2,63,view3,131,0.9999,44.76
view2,63,view3,136,0.9999,46.2
view2,63,view3,144,0.9999,48.96
view2,63,view3,150,0.9999,51.72
view2,63,view3,153,0.9999,54.08
view2,63,view3,154,1.0,55.0
view2,63,view3,157,0.9999,57.2
view2,63,view3,163,0.9999,59.56
view2,63,view3,165,0.9999,59.64
view2,63,view3,169,0.9999,60.16
view2,63,view3,181,0.9999,62.8
view2,63,view3,186,0.9999,66.08
view2,63,view3,188,0.9999,66.92
view2,63,view3,195,0.9999,68.08
view2,63,view3,202,0.9999,70.4
view2,63,view3,203,0.9999,70.44
view2,63,view3,205,0.9999,70.84
view2,63,view3,206,0.9999,72.12
view2,63,view3,209,0.9999,72.96
view2,63,view3,212,0.9999,73.36
view2,63,view3,214,0.9999,74.72
view2,63,view3,215,0.9999,76.92
view2,63,view3,216,0.9999,77.04
view2,63,view3,217,0.9999,77.28
view2,63,view3,223,0.9999,79.6
view2,63,view3,225,0.9999,80.24
view2,63,view3,227,0.9999,81.04
view2,63,view3,230,0.9999,81.92
view2,63,view3,231,1.0,82.0
view2,63,view3,233,0.9999,85.16
view2,63,view3,236,0.9999,87.12
view2,63,view3,240,0.9999,89.28
view2,63,view3,243,0.9999,90.36
view2,63,view3,244,0.9999,91.44
view2,63,view3,252,0.9999,95.96
view2,63,view3,256,0.9999,97.72
view2,63,view3,260,0.9999,99.88
view2,63,view3,266,0.9999,104.0
view2,63,view3,267,0.9999,104.08
view2,63,view3,269,0.9999,104.64
view2,63,view3,272,0.9999,106.24
view2,63,view3,280,0.9999,110.76
view2,63,view3,282,0.9999,111.6
view2,70,view3,2,0.9999,33.68
view2,70,view3,5,0.9999,11.24
view2,70,view3,6,1.0,10.0
view2,70,view3,15,0.9999,15.92
view2,70,view3,16,0.9999,11.56
view2,70,view3,24,0.9999,5.56
view2,70,view3,28,0.9999,0.0
view2,70,view3,29,0.9999,0.0
view2,70,view3,33,1.0,0.0
view2,70,view3,34,0.9999,3.56
view2,70,view3,37,0.9999,0.0
view2,70,view3,39,1.0,1.56
view2,70,view3,44,1.0,4.72
view2,70,view3,49,0.9999,5.84
view2,70,view3,53,0.9999,7.88
view2,70,view3,62,0.9999,11.28
view2,70,view3,66,0.9999,12.64
view2,70,view3,70,0.9999,14.92
view2,70,view3,71,0.9999,15.04
view2,70,view3,73,0.9999,15.28
view2,70,view3,77,0.9999,18.92
view2,70,view3,79,0.9999,20.12
view2,70,view3,81,0.9999,21.44
view2,70,view3,82,0.9999,22.32
view2,70,view3,88,0.9999,25.08
view2,70,view3,90,0.9999,26.68
view2,70,view3,94,0.9999,27.68
view2,70,view3,96,0.9999,29.76
view2,70,view3,99,0.9999,30.52
view2,70,view3,100,0.9999,30.88
view2,70,view3,106,0.9999,33.72
view2,70,view3,108,0.9999,34.6
view2,70,view3,109,1.0,35.6
view2,70,view3,113,1.0,37.08
view2,70,view3,119,0.9999,37.44
view2,70,view3,121,0.9999,38.28
view2,70,view3,124,0.9999,39.4
view2,70,view3,128,1.0,41.68
view2,70,view3,129,0.9999,41.96
view2,70,view3,131,0.9999,44.4
view2,70,view3,136,0.9999,45.84
view2,70,view3,144,0.9999,48.6
view2,70,view3,150,0.9999,51.36
view2,70,view3,153,0.9999,53.72
view2,70,view3,154,1.0,54.64
view2,70,view3,157,0.9999,56.84
view2,70,view3,163,0.9999,59.2
view2,70,view3,165,0.9999,59.28
view2,70,view3,169,0.9999,59.8
view2,70,view3,181,0.9999,62.44
view2,70,view3,186,1.0,65.72
view2,70,view3,188,0.9999,66.56
view2,70,view3,195,0.9999,67.72
view2,70,view3,202,0.9999,70.04
view2,70,view3,203,1.0,70.08
view2,70,view3,205,0.9999,70.48
view2,70,view3,206,0.9999,71.76
view2,70,view3,209,0.9999,72.6
view2,70,view3,212,1.0,73.0
view2,70,view3,214,0.9999,74.36
view2,70,view3,215,0.9999,76.56
view2,70,view3,216,0.9999,76.68
view2,70,view3,217,0.9999,76.92
view2,70,view3,223,0.9999,79.24
view2,70,view3,225,0.9999,79.88
view2,70,view3,227,0.9999,80.68
view2,70,view3,230,0.9999,81.56
view2,70,view3,231,1.0,81.64
view2,70,view3,233,0.9999,84.8
view2,70,view3,236,0.9999,86.76
view2,70,view3,240,0.9999,88.92
view2,70,view3,243,0.9999,90.0
view2,70,view3,244,1.0,91.08
view2,70,view3,252,0.9999,95.6
view2,70,view3,256,0.9999,97.36
view2,70,view3,260,0.9999,99.52
view2,70,view3,266,0.9999,103.64
view2,70,view3,267,0.9999,103.72
view2,70,view3,269,1.0,104.28
view2,70,view3,272,0.9999,105.88
view2,70,view3,280,0.9999,110.4
view2,70,view3,282,1.0,111.24
view2,71,view3,2,0.9999,34.44
view2,71,view3,5,0.9999,12.0
view2,71,view3,6,0.9999,10.76
view2,71,view3,15,0.9999,16.68
view2,71,view3,16,0.9999,12.32
view2,71,view3,24,0.9999,6.32
view2,71,view3,28,0.9999,0.0
view2,71,view3,29,0.9999,0.0
view2,71,view3,33,0.9999,0.0
view2,71,view3,34,0.9999,4.32
view2,71,view3,37,0.9999,0.0
view2,71,view3,39,0.9999,0.0
view2,71,view3,44,0.9999,0.0
view2,71,view3,49,0.9999,0.0
view2,71,view3,53,0.9999,0.0
view2,71,view3,62,0.9999,3.12
view2,71,view3,66,0.9999,4.48
view2,71,view3,70,0.9999,6.76
view2,71,view3,71,0.9999,6.88
view2,71,view3,73,0.9999,7.12
view2,71,view3,77,0.9999,10.76
view2,71,view3,79,0.9999,11.96
view2,71,view3,81,0.9999,13.28
view2,71,view3,82,0.9999,14.16
view2,71,view3,88,0.9999,16.92
view2,71,view3,90,0.9999,18.52
view2,71,view3,94,0.9999,19.52
view2,71,view3,96,0.9999,21.6
view2,71,view3,99,0.9999,22.36
view2,71,view3,100,0.9999,22.72
view2,71,view3,106,0.9999,25.56
view2,71,view3,108,0.9999,26.44
view2,71,view3,109,0.9999,27.44
view2,71,view3,113,0.9999,28.92
view2,71,view3,119,0.9999,29.28
view2,71,view3,121,0.9999,30.12
view2,71,view3,124,0.9999,31.24
view2,71,view3,128,0.9999,33.52
view2,71,view3,129,0.9999,33.8
view2,71,view3,131,0.9999,36.24
view2,71,view3,136,0.9999,37.68
view2,71,view3,144,0.9999,40.44
view2,71,view3,150,0.9999,43.2
view2,71,view3,153,0.9999,45.56
view2,71,view3,154,1.0,46.48
view2,71,view3,157,0.9999,48.68
view2,71,view3,163,0.9999,51.04
view2,71,view3,165,0.9999,51.12
view2,71,view3,169,0.9999,51.64
view2,71,view3,181,0.9999,54.28
view2,71,view3,186,0.9999,57.56
view2,71,view3,188,0.9999,58.4
view2,71,view3,195,0.9999,59.56
view2,71,view3,202,0.9999,61.88
view2,71,view3,203,0.9999,61.92
view2,71,view3,205,0.9999,62.32
view2,71,view3,206,0.9999,63.6
view2,71,view3,209,0.9999,64.44
view2,71,view3,212,0.9999,64.84
view2,71,view3,214,0.9999,66.2
view2,71,view3,215,0.9999,68.4
view2,71,view3,216,0.9999,68.52
view2,71,view3,217,0.9999,68.76
view2,71,view3,223,0.9999,71.08
view2,71,view3,225,0.9999,71.72
view2,71,view3,227,0.9999,72.52
view2,71,view3,230,0.9999,73.4
view2,71,view3,231,1.0,73.48
view2,71,view3,233,0.9999,76.64
view2,71,view3,236,0.9999,78.6
view2,71,view3,240,0.9999,80.76
view2,71,view3,243,0.9999,81.84
view2,71,view3,244,0.9999,82.92
view2,71,view3,252,0.9999,87.44
view2,71,view3,256,0.9999,89.2
view2,71,view3,260,0.9999,91.36
view2,71,view3,266,0.9999,95.48
view2,71,view3,267,0.9999,95.56
view2,71,view3,269,0.9999,96.12
view2,71,view3,272,0.9999,97.72
view2,71,view3,280,0.9999,102.24
view2,71,view3,282,0.9999,103.08
view2,73,view3,2,0.9999,36.56
view2,73,view3,5,0.9999,14.12
view2,73,view3,6,0.9999,12.88
view2,73,view3,15,0.9999,18.8
view2,73,view3,16,0.9999,14.44
view2,73,view3,24,0.9999,8.44
view2,73,view3,28,0.9999,0.0
view2,73,view3,29,0.9999,2.04
view2,73,view3,33,0.9999,0.0
view2,73,view3,34,0.9999,6.44
view2,73,view3,37,0.9999,0.0
view2,73,view3,39,0.9999,0.0
view2,73,view3,44,0.9999,0.0
view2,73,view3,49,0.9999,0.0
view2,73,view3,53,0.9999,0.0
view2,73,view3,62,0.9999,0.0
view2,73,view3,66,0.9999,0.0
view2,73,view3,70,0.9999,0.0
view2,73,view3,71,0.9999,0.0
view2,73,view3,73,0.9999,0.0
view2,73,view3,77,0.9999,0.0
view2,73,view3,79,0.9999,0.0
view2,73,view3,81,0.9999,0.0
view2,73,view3,82,0.9999,0.0
view2,73,view3,88,0.9999,0.0
view2,73,view3,90,0.9999,0.0
view2,73,view3,94,0.9999,0.0
view2,73,view3,96,0.9999,0.0
view2,73,view3,99,0.9999,0.0
view2,73,view3,100,0.9999,0.0
view2,73,view3,106,0.9999,0.0
view2,73,view3,108,0.9999,0.0
view2,73,view3,109,0.9999,0.0
view2,73,view3,113,0.9999,0.0
view2,73,view3,119,0.9999,0.0
view2,73,view3,121,0.9999,0.0
view2,73,view3,124,0.9999,0.0
view2,73,view3,128,0.9999,2.08
view2,73,view3,129,0.9999,2.36
view2,73,view3,131,0.9999,4.8
view2,73,view3,136,0.9999,6.24
view2,73,view3,144,0.9999,9.0
view2,73,view3,150,0.9999,11.76
view2,73,view3,153,0.9999,14.12
view2,73,view3,154,0.9999,15.04
view2,73,view3,157,0.9999,17.24
view2,73,view3,163,0.9999,19.6
view2,73,view3,165,0.9999,19.68
view2,73,view3,169,0.9999,20.2
view2,73,view3,181,0.9999,22.84
view2,73,view3,186,0.9999,26.12
view2,73,view3,188,0.9999,26.96
view2,73,view3,195,0.9999,28.12
view2,73,view3,202,0.9999,30.44
view2,73,view3,203,0.9999,30.48
view2,73,view3,205,0.9999,30.88
view2,73,view3,206,0.9999,32.16
view2,73,view3,209,0.9999,33.0
view2,73,view3,212,0.9999,33.4
view2,73,view3,214,0.9999,34.76
view2,73,view3,215,0.9999,36.96
view2,73,view3,216,0.9999,37.08
view2,73,view3,217,0.9999,37.32
view2,73,view3,223,0.9999,39.64
view2,73,view3,225,0.9999,40.28
view2,73,view3,227,0.9999,41.08
view2,73,view3,230,0.9999,41.96
view2,73,view3,231,0.9999,42.04
view2,73,view3,233,0.9999,45.2
view2,73,view3,236,0.9999,47.16
view2,73,view3,240,0.9999,49.32
view2,73,view3,243,0.9999,50.4
view2,73,view3,244,0.9999,51.48
view2,73,view3,252,0.9999,56.0
view2,73,view3,256,0.9999,57.76
view2,73,view3,260,0.9999,59.92
view2,73,view3,266,0.9999,64.04
view2,73,view3,267,0.9999,64.12
view2,73,view3,269,0.9999,64.68
view2,73,view3,272,0.9999,66.28
view2,73,view3,280,0.9999,70.8
view2,73,view3,282,0.9999,71.64
view2,75,view3,2,0.9999,37.96
view2,75,view3,5,0.9999,15.52
view2,75,view3,6,0.9999,14.28
view2,75,view3,15,0.9999,20.2
view2,75,view3,16,0.9999,15.84
view2,75,view3,24,0.9999,9.84
view2,75,view3,28,0.9999,0.0
view2,75,view3,29,0.9999,3.44
view2,75,view3,33,0.9999,0.0
view2,75,view3,34,0.9999,7.84
view2,75,view3,37,0.9999,0.0
view2,75,view3,39,0.9999,0.0
view2,75,view3,44,0.9999,0.32
view2,75,view3,49,0.9999,1.44
view2,75,view3,53,0.9999,3.48
view2,75,view3,62,0.9999,6.88
view2,75,view3,66,0.9999,8.24
view2,75,view3,70,0.9999,10.52
view2,75,view3,71,0.9999,10.64
view2,75,view3,73,0.9999,10.88
view2,75,view3,77,0.9999,14.52
view2,75,view3,79,0.9999,15.72
view2,75,view3,81,0.9999,17.04
view2,75,view3,82,0.9999,17.92
view2,75,view3,88,0.9999,20.68
view2,75,view3,90,0.9999,22.28
view2,75,view3,94,0.9999,23.28
view2,75,view3,96,0.9999,25.36
view2,75,view3,99,0.9999,26.12
view2,75,view3,100,0.9999,26.48
view2,75,view3,106,0.9999,29.32
view2,75,view3,108,0.9999,30.2
view2,75,view3,109,0.9999,31.2
view2,75,view3,113,0.9999,32.68
view2,75,view3,119,0.9999,33.04
view2,75,view3,121,0.9999,33.88
view2,75,view3,124,0.9999,35.0
view2,75,view3,128,0.9999,37.28
view2,75,view3,129,0.9999,37.56
view2,75,view3,131,0.9999,40.0
view2,75,view3,136,0.9999,41.44
view2,75,view3,144,0.9999,44.2
view2,75,view3,150,0.9999,46.96
view2,75,view3,153,0.9999,49.32
view2,75,view3,154,0.9999,50.24
view2,75,view3,157,0.9999,52.44
view2,75,view3,163,0.9999,54.8
view2,75,view3,165,0.9999,54.88
view2,75,view3,169,0.9999,55.4
view2,75,view3,181,0.9999,58.04
view2,75,view3,186,0.9999,61.32
view2,75,view3,188,0.9999,62.16
view2,75,view3,195,0.9999,63.32
view2,75,view3,202,0.9999,65.64
view2,75,view3,203,0.9999,65.68
view2,75,view3,205,0.9999,66.08
view2,75,view3,206,0.9999,67.36
view2,75,view3,209,0.9999,68.2
view2,75,view3,212,0.9999,68.6
view2,75,view3,214,0.9999,69.96
view2,75,view3,215,0.9999,72.16
view2,75,view3,216,0.9999,72.28
view2,75,view3,217,0.9999,72.52
view2,75,view3,223,0.9999,74.84
view2,75,view3,225,0.9999,75.48
view2,75,view3,227,0.9999,76.28
view2,75,view3,230,0.9999,77.16
view2,75,view3,231,0.9999,77.24
view2,75,view3,233,0.9999,80.4
view2,75,view3,236,0.9999,82.36
view2,75,view3,240,0.9999,84.52
view2,75,view3,243,0.9999,85.6
view2,75,view3,244,0.9999,86.68
view2,75,view3,252,0.9999,91.2
view2,75,view3,256,0.9999,92.96
view2,75,view3,260,0.9999,95.12
view2,75,view3,266,0.9999,99.24
view2,75,view3,267,0.9999,99.32
view2,75,view3,269,0.9999,99.88
view2,75,view3,272,0.9999,101.48
view2,75,view3,280,0.9999,106.0
view2,75,view3,282,0.9999,106.84
view2,76,view3,2,0.9999,39.16
view2,76,view3,5,0.9999,16.72
view2,76,view3,6,1.0,15.48
view2,76,view3,15,0.9999,21.4
view2,76,view3,16,0.9999,17.04
view2,76,view3,24,0.9999,11.04
view2,76,view3,28,0.9999,0.0
view2,76,view3,29,0.9999,4.64
view2,76,view3,33,1.0,0.4
view2,76,view3,34,0.9999,9.04
view2,76,view3,37,0.9999,0.0
view2,76,view3,39,1.0,0.0
view2,76,view3,44,1.0,0.0
view2,76,view3,49,0.9999,0.12
view2,76,view3,53,0.9999,2.16
view2,76,view3,62,0.9999,5.56
view2,76,view3,66,1.0,6.92
view2,76,view3,70,0.9999,9.2
view2,76,view3,71,0.9999,9.32
view2,76,view3,73,0.9999,9.56
view2,76,view3,77,0.9999,13.2
view2,76,view3,79,0.9999,14.4
view2,76,view3,81,1.0,15.72
view2,76,view3,82,0.9999,16.6
view2,76,view3,88,1.0,19.36
view2,76,view3,90,0.9999,20.96
view2,76,view3,94,1.0,21.96
view2,76,view3,96,0.9999,24.04
view2,76,view3,99,1.0,24.8
view2,76,view3,100,0.9999,25.16
view2,76,view3,106,1.0,28.0
view2,76,view3,108,0.9999,28.88
view2,76,view3,109,1.0,29.88
view2,76,view3,113,1.0,31.36
view2,76,view3,119,0.9999,31.72
view2,76,view3,121,0.9999,32.56
view2,76,view3,124,0.9999,33.68
view2,76,view3,128,1.0,35.96
view2,76,view3,129,1.0,36.24
view2,76,view3,131,0.9999,38.68
view2,76,view3,136,0.9999,40.12
view2,76,view3,144,0.9999,42.88
view2,76,view3,150,0.9999,45.64
view2,76,view3,153,0.9999,48.0
view2,76,view3,154,1.0,48.92
view2,76,view3,157,1.0,51.12
view2,76,view3,163,0.9999,53.48
view2,76,view3,165,0.9999,53.56
view2,76,view3,169,0.9999,54.08
view2,76,view3,181,0.9999,56.72
view2,76,view3,186,1.0,60.0
view2,76,view3,188,0.9999,60.84
view2,76,view3,195,0.9999,62.0
view2,76,view3,202,0.9999,64.32
view2,76,view3,203,1.0,64.36
view2,76,view3,205,0.9999,64.76
view2,76,view3,206,0.9999,66.04
view2,76,view3,209,1.0,66.88
view2,76,view3,212,1.0,67.28
view2,76,view3,214,0.9999,68.64
view2,76,view3,215,0.9999,70.84
view2,76,view3,216,0.9999,70.96
view2,76,view3,217,0.9999,71.2
view2,76,view3,223,0.9999,73.52
view2,76,view3,225,0.9999,74.16
view2,76,view3,227,0.9999,74.96
view2,76,view3,230,0.9999,75.84
view2,76,view3,231,1.0,75.92
view2,76,view3,233,0.9999,79.08
view2,76,view3,236,0.9999,81.04
view2,76,view3,240,0.9999,83.2
view2,76,view3,243,0.9999,84.28
view2,76,view3,244,1.0,85.36
view2,76,view3,252,0.9999,89.88
view2,76,view3,256,1.0,91.64
view2,76,view3,260,0.9999,93.8
view2,76,view3,266,0.9999,97.92
view2,76,view3,267,0.9999,98.0
view2,76,view3,269,1.0,98.56
view2,76,view3,272,0.9999,100.16
view2,76,view3,280,0.9999,104.68
view2,76,view3,282,1.0,105.52
view2,87,view3,2,0.9999,40.84
view2,87,view3,5,0.9999,18.4
view2,87,view3,6,0.9999,17.16
view2,87,view3,15,0.9999,23.08
view2,87,view3,16,0.9999,18.72
view2,87,view3,24,0.9999,12.72
view2,87,view3,28,0.9999,1.32
view2,87,view3,29,0.9999,6.32
view2,87,view3,33,0.9999,2.08
view2,87,view3,34,0.9999,10.72
view2,87,view3,37,0.9999,0.0
view2,87,view3,39,0.9999,0.0
view2,87,view3,44,0.9999,0.0
view2,87,view3,49,0.9999,0.0
view2,87,view3,53,0.9999,0.44
view2,87,view3,62,0.9999,3.84
view2,87,view3,66,0.9999,5.2
view2,87,view3,70,0.9999,7.48
view2,87,view3,71,0.9999,7.6
view2,87,view3,73,0.9999,7.84
view2,87,view3,77,0.9999,11.48
view2,87,view3,79,0.9999,12.68
view2,87,view3,81,0.9999,14.0
view2,87,view3,82,0.9999,14.88
view2,87,view3,88,0.9999,17.64
view2,87,view3,90,0.9999,19.24
view2,87,view3,94,0.9999,20.24
view2,87,view3,96,0.9999,22.32
view2,87,view3,99,0.9999,23.08
view2,87,view3,100,0.9999,23.44
view2,87,view3,106,0.9999,26.28
view2,87,view3,108,0.9999,27.16
view2,87,view3,109,0.9999,28.16
view2,87,view3,113,0.9999,29.64
view2,87,view3,119,0.9999,30.0
view2,87,view3,121,0.9999,30.84
view2,87,view3,124,0.9999,31.96
view2,87,view3,128,0.9999,34.24
view2,87,view3,129,0.9999,34.52
view2,87,view3,131,0.9999,36.96
view2,87,view3,136,0.9999,38.4
view2,87,view3,144,0.9999,41.16
view2,87,view3,150,0.9999,43.92
view2,87,view3,153,0.9999,46.28
view2,87,view3,154,0.9999,47.2
view2,87,view3,157,0.9999,49.4
view2,87,view3,163,0.9999,51.76
view2,87,view3,165,0.9999,51.84
view2,87,view3,169,0.9999,52.36
view2,87,view3,181,0.9999,55.0
view2,87,view3,186,0.9999,58.28
view2,87,view3,188,0.9999,59.12
view2,87,view3,195,0.9999,60.28
view2,87,view3,202,0.9999,62.6
view2,87,view3,203,0.9999,62.64
view2,87,view3,205,0.9999,63.04
view2,87,view3,206,0.9999,64.32
view2,87,view3,209,0.9999,65.16
view2,87,view3,212,0.9999,65.56
view2,87,view3,214,0.9999,66.92
view2,87,view3,215,0.9999,69.12
view2,87,view3,216,0.9999,69.24
view2,87,view3,217,0.9999,69.48
view2,87,view3,223,0.9999,71.8
view2,87,view3,225,0.9999,72.44
view2,87,view3,227,0.9999,73.24
view2,87,view3,230,0.9999,74.12
view2,87,view3,231,0.9999,74.2
view2,87,view3,233,0.9999,77.36
view2,87,view3,236,0.9999,79.32
view2,87,view3,240,0.9999,81.48
view2,87,view3,243,0.9999,82.56
view2,87,view3,244,0.9999,83.64
view2,87,view3,252,0.9999,88.16
view2,87,view3,256,0.9999,89.92
view2,87,view3,260,0.9999,92.08
view2,87,view3,266,0.9999,96.2
view2,87,view3,267,0.9999,96.28
view2,87,view3,269,0.9999,96.84
view2,87,view3,272,0.9999,98.44
view2,87,view3,280,0.9999,102.96
view2,87,view3,282,0.9999,103.8
view2,90,view3,2,0.9999,42.28
view2,90,view3,5,0.9999,19.84
view2,90,view3,6,0.9999,18.6
view2,90,view3,15,0.9999,24.52
view2,90,view3,16,0.9999,20.16
view2,90,view3,24,0.9999,14.16
view2,90,view3,28,0.9999,2.76
view2,90,view3,29,0.9999,7.76
view2,90,view3,33,0.9999,3.52
view2,90,view3,34,0.9999,12.16
view2,90,view3,37,0.9999,0.0
view2,90,view3,39,0.9999,0.0
view2,90,view3,44,0.9999,0.0
view2,90,view3,49,0.9999,0.28
view2,90,view3,53,0.9999,0.0
view2,90,view3,62,0.9999,0.0
view2,90,view3,66,0.9999,0.0
view2,90,view3,70,0.9999,0.0
view2,90,view3,71,0.9999,0.0
view2,90,view3,73,0.9999,0.0
view2,90,view3,77,0.9999,0.0
view2,90,view3,79,0.9999,0.0
view2,90,view3,81,0.9999,0.0
view2,90,view3,82,0.9999,0.0
view2,90,view3,88,0.9999,0.0
view2,90,view3,90,0.9999,1.08
view2,90,view3,94,0.9999,2.08
view2,90,view3,96,0.9999,4.16
view2,90,view3,99,0.9999,4.92
view2,90,view3,100,0.9999,5.28
view2,90,view3,106,0.9999,8.12
view2,90,view3,108,0.9999,9.0
view2,90,view3,109,0.9999,10.0
view2,90,view3,113,0.9999,11.48
view2,90,view3,119,0.9999,11.84
view2,90,view3,121,0.9999,12.68
view2,90,view3,124,0.9999,13.8
view2,90,view3,128,0.9999,16.08
view2,90,view3,129,0.9999,16.36
view2,90,view3,131,0.9999,18.8
view2,90,view3,136,0.9999,20.24
view2,90,view3,144,0.9999,23.0
view2,90,view3,150,0.9999,25.76
view2,90,view3,153,0.9999,28.12
view2,90,view3,154,0.9999,29.04
view2,90,view3,157,0.9999,31.24
view2,90,view3,163,0.9999,33.6
view2,90,view3,165,0.9999,33.68
view2,90,view3,169,0.9999,34.2
view2,90,view3,181,0.9999,36.84
view2,90,view3,186,0.9999,40.12
view2,90,view3,188,0.9999,40.96
view2,90,view3,195,0.9999,42.12
view2,90,view3,202,0.9999,44.44
view2,90,view3,203,0.9999,44.48
view2,90,view3,205,0.9999,44.88
view2,90,view3,206,0.9999,46.16
view2,90,view3,209,0.9999,47.0
view2,90,view3,212,0.9999,47.4
view2,90,view3,214,0.9999,48.76
view2,90,view3,215,0.9999,50.96
view2,90,view3,216,0.9999,51.08
view2,90,view3,217,0.9999,51.32
view2,90,view3,223,0.9999,53.64
view2,90,view3,225,0.9999,54.28
view2,90,view3,227,0.9999,55.08
view2,90,view3,230,0.9999,55.96
view2,90,view3,231,0.9999,56.04
view2,90,view3,233,0.9999,59.2
view2,90,view3,236,0.9999,61.16
view2,90,view3,240,0.9999,63.32
view2,90,view3,243,0.9999,64.4
view2,90,view3,244,0.9999,65.48
view2,90,view3,252,0.9999,70.0
view2,90,view3,256,0.9999,71.76
view2,90,view3,260,0.9999,73.92
view2,90,view3,266,0.9999,78.04
view2,90,view3,267,0.9999,78.12
view2,90,view3,269,0.9999,78.68
view2,90,view3,272,0.9999,80.28
view2,90,view3,280,0.9999,84.8
view2,90,view3,282,0.9999,85.64
view2,91,view3,2,0.9999,42.72
view2,91,view3,5,0.9999,20.28
view2,91,view3,6,0.9999,19.04
view2,91,view3,15,0.9999,24.96
view2,91,view3,16,0.9999,20.6
view2,91,view3,24,0.9999,14.6
view2,91,view3,28,0.9999,3.2
view2,91,view3,29,0.9999,8.2
view2,91,view3,33,0.9999,3.96
view2,91,view3,34,0.9999,12.6
view2,91,view3,37,0.9999,0.0
view2,91,view3,39,0.9999,0.0
view2,91,view3,44,0.9999,0.0
view2,91,view3,49,0.9999,0.72
view2,91,view3,53,0.9999,0.0
view2,91,view3,62,0.9999,0.0
view2,91,view3,66,0.9999,0.0
view2,91,view3,70,0.9999,0.0
view2,91,view3,71,0.9999,0.0
view2,91,view3,73,0.9999,0.0
view2,91,view3,77,0.9999,0.96
view2,91,view3,79,0.9999,2.16
view2,91,view3,81,0.9999,3.48
view2,91,view3,82,0.9999,4.36
view2,91,view3,88,0.9999,7.12
view2,91,view3,90,0.9999,8.72
view2,91,view3,94,0.9999,9.72
view2,91,view3,96,0.9999,11.8
view2,91,view3,99,0.9999,12.56
view2,91,view3,100,0.9999,12.92
view2,91,view3,106,0.9999,15.76
view2,91,view3,108,0.9999,16.64
view2,91,view3,109,0.9999,17.64
view2,91,view3,113,0.9999,19.12
view2,91,view3,119,0.9999,19.48
view2,91,view3,121,0.9999,20.32
view2,91,view3,124,0.9999,21.44
view2,91,view3,128,0.9999,23.72
view2,91,view3,129,0.9999,24.0
view2,91,view3,131,0.9999,26.44
view2,91,view3,136,0.9999,27.88
view2,91,view3,144,0.9999,30.64
view2,91,view3,150,0.9999,33.4
view2,91,view3,153,0.9999,35.76
view2,91,view3,154,0.9999,36.68
view2,91,view3,157,0.9999,38.88
view2,91,view3,163,0.9999,41.24
view2,91,view3,165,0.9999,41.32
view2,91,view3,169,0.9999,41.84
view2,91,view3,181,0.9999,44.48
view2,91,view3,186,0.9999,47.76
view2,91,view3,188,0.9999,48.6
view2,91,view3,195,0.9999,49.76
view2,91,view3,202,0.9999,52.08
view2,91,view3,203,0.9999,52.12
view2,91,view3,205,0.9999,52.52
view2,91,view3,206,0.9999,53.8
view2,91,view3,209,0.9999,54.64
view2,91,view3,212,0.9999,55.04
view2,91,view3,214,0.9999,56.4
view2,91,view3,215,0.9999,58.6
view2,91,view3,216,0.9999,58.72
view2,91,view3,217,0.9999,58.96
view2,91,view3,223,0.9999,61.28
view2,91,view3,225,0.9999,61.92
view2,91,view3,227,0.9999,62.72
view2,91,view3,230,0.9999,63.6
view2,91,view3,231,0.9999,63.68
view2,91,view3,233,0.9999,66.84
view2,91,view3,236,0.9999,68.8
view2,91,view3,240,0.9999,70.96
view2,91,view3,243,0.9999,72.04
view2,91,view3,244,0.9999,73.12
view2,91,view3,252,0.9999,77.64
view2,91,view3,256,0.9999,79.4
view2,91,view3,260,0.9999,81.56
view2,91,view3,266,0.9999,85.68
view2,91,view3,267,0.9999,85.76
view2,91,view3,269,0.9999,86.32
view2,91,view3,272,0.9999,87.92
view2,91,view3,280,0.9999,92.44
view2,91,view3,282,0.9999,93.28
view2,92,view3,2,0.9999,42.76
view2,92,view3,5,0.9999,20.32
view2,92,view3,6,1.0,19.08
view2,92,view3,15,0.9999,25.0
view2,92,view3,16,0.9999,20.64
view2,92,view3,24,0.9999,14.64
view2,92,view3,28,0.9999,3.24
view2,92,view3,29,0.9999,8.24
view2,92,view3,33,1.0,4.0
view2,92,view3,34,0.9999,12.64
view2,92,view3,37,0.9999,0.0
view2,92,view3,39,1.0,0.0
view2,92,view3,44,1.0,0.0
view2,92,view3,49,0.9999,0.76
view2,92,view3,53,0.9999,0.0
view2,92,view3,62,0.9999,0.0
view2,92,view3,66,1.0,0.88
view2,92,view3,70,0.9999,3.16
view2,92,view3,71,0.9999,3.28
view2,92,view3,73,0.9999,3.52
view2,92,view3,77,0.9999,7.16
view2,92,view3,79,0.9999,8.36
view2,92,view3,81,1.0,9.68
view2,92,view3,82,0.9999,10.56
view2,92,view3,88,1.0,13.32
view2,92,view3,90,0.9999,14.92
view2,92,view3,94,1.0,15.92
view2,92,view3,96,0.9999,18.0
view2,92,view3,99,1.0,18.76
view2,92,view3,100,0.9999,19.12
view2,92,view3,106,0.9999,21.96
view2,92,view3,108,0.9999,22.84
view2,92,view3,109,1.0,23.84
view2,92,view3,113,1.0,25.32
view2,92,view3,119,0.9999,25.68
view2,92,view3,121,0.9999,26.52
view2,92,view3,124,0.9999,27.64
view2,92,view3,128,1.0,29.92
view2,92,view3,129,1.0,30.2
view2,92,view3,131,0.9999,32.64
view2,92,view3,136,0.9999,34.08
view2,92,view3,144,0.9999,36.84
view2,92,view3,150,0.9999,39.6
view2,92,view3,153,0.9999,41.96
view2,92,view3,154,1.0,42.88
view2,92,view3,157,0.9999,45.08
view2,92,view3,163,0.9999,47.44
view2,92,view3,165,0.9999,47.52
view2,92,view3,169,0.9999,48.04
view2,92,view3,181,0.9999,50.68
view2,92,view3,186,1.0,53.96
view2,92,view3,188,0.9999,54.8
view2,92,view3,195,0.9999,55.96
view2,92,view3,202,0.9999,58.28
view2,92,view3,203,1.0,58.32
view2,92,view3,205,0.9999,58.72
view2,92,view3,206,0.9999,60.0
view2,92,view3,209,0.9999,60.84
view2,92,view3,212,1.0,61.24
view2,92,view3,214,0.9999,62.6
view2,92,view3,215,0.9999,64.8
view2,92,view3,216,0.9999,64.92
view2,92,view3,217,0.9999,65.16
view2,92,view3,223,0.9999,67.48
view2,92,view3,225,0.9999,68.12
view2,92,view3,227,0.9999,68.92
view2,92,view3,230,0.9999,69.8
view2,92,view3,231,1.0,69.88
view2,92,view3,233,0.9999,73.04
view2,92,view3,236,0.9999,75.0
view2,92,view3,240,0.9999,77.16
view2,92,view3,243,0.9999,78.24
view2,92,view3,244,1.0,79.32
view2,92,view3,252,0.9999,83.84
view2,92,view3,256,0.9999,85.6
view2,92,view3,260,0.9999,87.76
view2,92,view3,266,0.9999,91.88
view2,92,view3,267,0.9999,91.96
view2,92,view3,269,1.0,92.52
view2,92,view3,272,0.9999,94.12
view2,92,view3,280,0.9999,98.64
view2,92,view3,282,1.0,99.48
view2,102,view3,2,0.9999,47.96
view2,102,view3,5,0.9999,25.52
view2,102,view3,6,1.0,24.28
view2,102,view3,15,0.9999,30.2
view2,102,view3,16,0.9999,25.84
view2,102,view3,24,0.9999,19.84
view2,102,view3,28,0.9999,8.44
view2,102,view3,29,0.9999,13.44
view2,102,view3,33,1.0,9.2
view2,102,view3,34,0.9999,17.84
view2,102,view3,37,0.9999,0.0
view2,102,view3,39,1.0,0.0
view2,102,view3,44,1.0,3.44
view2,102,view3,49,0.9999,5.96
view2,102,view3,53,0.9999,0.0
view2,102,view3,62,0.9999,2.24
view2,102,view3,66,1.0,0.0
view2,102,view3,70,0.9999,0.88
view2,102,view3,71,0.9999,1.0
view2,102,view3,73,0.9999,1.24
view2,102,view3,77,0.9999,4.88
view2,102,view3,79,0.9999,6.08
view2,102,view3,81,1.0,7.4
view2,102,view3,82,0.9999,8.28
view2,102,view3,88,1.0,11.04
view2,102,view3,90,0.9999,12.64
view2,102,view3,94,0.9999,13.64
view2,102,view3,96,0.9999,15.72
view2,102,view3,99,1.0,16.48
view2,102,view3,100,0.9999,16.84
view2,102,view3,106,0.9999,19.68
view2,102,view3,108,0.9999,20.56
view2,102,view3,109,1.0,21.56
view2,102,view3,113,1.0,23.04
view2,102,view3,119,0.9999,23.4
view2,102,view3,121,0.9999,24.24
view2,102,view3,124,0.9999,25.36
view2,102,view3,128,1.0,27.64
view2,102,view3,129,1.0,27.92
view2,102,view3,131,0.9999,30.36
view2,102,view3,136,0.9999,31.8
view2,102,view3,144,0.9999,34.56
view2,102,view3,150,0.9999,37.32
view2,102,view3,153,0.9999,39.68
view2,102,view3,154,1.0,40.6
view2,102,view3,157,0.9999,42.8
view2,102,view3,163,0.9999,45.16
view2,102,view3,165,0.9999,45.24
view2,102,view3,169,0.9999,45.76
view2,102,view3,181,0.9999,48.4
view2,102,view3,186,1.0,51.68
view2,102,view3,188,0.9999,52.52
view2,102,view3,195,0.9999,53.68
view2,102,view3,202,0.9999,56.0
view2,102,view3,203,1.0,56.04
view2,102,view3,205,0.9999,56.44
view2,102,view3,206,0.9999,57.72
view2,102,view3,209,0.9999,58.56
view2,102,view3,212,1.0,58.96
view2,102,view3,214,0.9999,60.32
view2,102,view3,215,0.9999,62.52
view2,102,view3,216,0.9999,62.64
view2,102,view3,217,0.9999,62.88
view2,102,view3,223,0.9999,65.2
view2,102,view3,225,0.9999,65.84
view2,102,view3,227,0.9999,66.64
view2,102,view3,230,0.9999,67.52
view2,102,view3,231,1.0,67.6
view2,102,view3,233,0.9999,70.76
view2,102,view3,236,0.9999,72.72
view2,102,view3,240,0.9999,74.88
view2,102,view3,243,0.9999,75.96
view2,102,view3,244,1.0,77.04
view2,102,view3,252,0.9999,81.56
view2,102,view3,256,0.9999,83.32
view2,102,view3,260,0.9999,85.48
view2,102,view3,266,0.9999,89.6
view2,102,view3,267,0.9999,89.68
view2,102,view3,269,1.0,90.24
view2,102,view3,272,0.9999,91.84
view2,102,view3,280,0.9999,96.36
view2,102,view3,282,1.0,97.2
view2,116,view3,2,0.9999,51.92
view2,116,view3,5,0.9999,29.48
view2,116,view3,6,0.9999,28.24
view2,116,view3,15,0.9999,34.16
view2,116,view3,16,0.9999,29.8
view2,116,view3,24,0.9999,23.8
view2,116,view3,28,0.9999,12.4
view2,116,view3,29,0.9999,17.4
view2,116,view3,33,0.9999,13.16
view2,116,view3,34,0.9999,21.8
view2,116,view3,37,0.9999,0.0
view2,116,view3,39,0.9999,0.0
view2,116,view3,44,0.9999,7.4
view2,116,view3,49,0.9999,9.92
view2,116,view3,53,0.9999,3.84
view2,116,view3,62,0.9999,6.2
view2,116,view3,66,0.9999,0.0
view2,116,view3,70,0.9999,2.4
view2,116,view3,71,0.9999,0.0
view2,116,view3,73,0.9999,0.0
view2,116,view3,77,0.9999,0.0
view2,116,view3,79,0.9999,0.0
view2,116,view3,81,0.9999,0.0
view2,116,view3,82,0.9999,0.0
view2,116,view3,88,0.9999,0.04
view2,116,view3,90,0.9999,1.64
view2,116,view3,94,0.9999,2.64
view2,116,view3,96,0.9999,4.72
view2,116,view3,99,0.9999,5.48
view2,116,view3,100,0.9999,5.84
view2,116,view3,106,0.9999,8.68
view2,116,view3,108,0.9999,9.56
view2,116,view3,109,0.9999,10.56
view2,116,view3,113,0.9999,12.04
view2,116,view3,119,0.9999,12.4
view2,116,view3,121,0.9999,13.24
view2,116,view3,124,0.9999,14.36
view2,116,view3,128,0.9999,16.64
view2,116,view3,129,0.9999,16.92
view2,116,view3,131,0.9999,19.36
view2,116,view3,136,0.9999,20.8
view2,116,view3,144,0.9999,23.56
view2,116,view3,150,0.9999,26.32
view2,116,view3,153,0.9999,28.68
view2,116,view3,154,0.9999,29.6
view2,116,view3,157,0.9999,31.8
view2,116,view3,163,0.9999,34.16
view2,116,view3,165,0.9999,34.24
view2,116,view3,169,0.9999,34.76
view2,116,view3,181,0.9999,37.4
view2,116,view3,186,0.9999,40.68
view2,116,view3,188,0.9999,41.52
view2,116,view3,195,0.9999,42.68
view2,116,view3,202,0.9999,45.0
view2,116,view3,203,0.9999,45.04
view2,116,view3,205,0.9999,45.44
view2,116,view3,206,0.9999,46.72
view2,116,view3,209,0.9999,47.56
view2,116,view3,212,0.9999,47.96
view2,116,view3,214,0.9999,49.32
view2,116,view3,215,0.9999,51.52
view2,116,view3,216,0.9999,51.64
view2,116,view3,217,0.9999,51.88
view2,116,view3,223,0.9999,54.2
view2,116,view3,225,0.9999,54.84
view2,116,view3,227,0.9999,55.64
view2,116,view3,230,0.9999,56.52
view2,116,view3,231,0.9999,56.6
view2,116,view3,233,0.9999,59.76
view2,116,view3,236,0.9999,61.72
view2,116,view3,240,0.9999,63.88
view2,116,view3,243,0.9999,64.96
view2,116,view3,244,0.9999,66.04
view2,116,view3,252,0.9999,70.56
view2,116,view3,256,0.9999,72.32
view2,116,view3,260,0.9999,74.48
view2,116,view3,266,0.9999,78.6
view2,116,view3,267,0.9999,78.68
view2,116,view3,269,0.9999,79.24
view2,116,view3,272,0.9999,80.84
view2,116,view3,280,0.9999,85.36
view2,116,view3,282,0.9999,86.2
view2,117,view3,2,0.9999,53.52
view2,117,view3,5,0.9999,31.08
view2,117,view3,6,1.0,29.84
view2,117,view3,15,0.9999,35.76
view2,117,view3,16,0.9999,31.4
view2,117,view3,24,0.9999,25.4
view2,117,view3,28,0.9999,14.0
view2,117,view3,29,0.9999,19.0
view2,117,view3,33,1.0,14.76
view2,117,view3,34,0.9999,23.4
view2,117,view3,37,0.9999,0.0
view2,117,view3,39,1.0,0.0
view2,117,view3,44,1.0,9.0
view2,117,view3,49,0.9999,11.52
view2,117,view3,53,0.9999,5.44
view2,117,view3,62,0.9999,7.8
view2,117,view3,66,1.0,0.0
view2,117,view3,70,0.9999,4.0
view2,117,view3,71,0.9999,0.0
view2,117,view3,73,0.9999,0.72
view2,117,view3,77,0.9999,0.2
view2,117,view3,79,0.9999,0.28
view2,117,view3,81,1.0,1.6
view2,117,view3,82,0.9999,2.48
view2,117,view3,88,1.0,5.24
view2,117,view3,90,0.9999,6.84
view2,117,view3,94,1.0,7.84
view2,117,view3,96,0.9999,9.92
view2,117,view3,99,1.0,10.68
view2,117,view3,100,0.9999,11.04
view2,117,view3,106,1.0,13.88
view2,117,view3,108,0.9999,14.76
view2,117,view3,109,1.0,15.76
view2,117,view3,113,1.0,17.24
view2,117,view3,119,0.9999,17.6
view2,117,view3,121,0.9999,18.44
view2,117,view3,124,0.9999,19.56
view2,117,view3,128,1.0,21.84
view2,117,view3,129,1.0,22.12
view2,117,view3,131,0.9999,24.56
view2,117,view3,136,0.9999,26.0
view2,117,view3,144,0.9999,28.76
view2,117,view3,150,0.9999,31.52
view2,117,view3,153,0.9999,33.88
view2,117,view3,154,1.0,34.8
view2,117,view3,157,1.0,37.0
view2,117,view3,163,0.9999,39.36
view2,117,view3,165,0.9999,39.44
view2,117,view3,169,0.9999,39.96
view2,117,view3,181,0.9999,42.6
view2,117,view3,186,1.0,45.88
view2,117,view3,188,0.9999,46.72
view2,117,view3,195,0.9999,47.88
view2,117,view3,202,0.9999,50.2
view2,117,view3,203,1.0,50.24
view2,117,view3,205,0.9999,50.64
view2,117,view3,206,0.9999,51.92
view2,117,view3,209,1.0,52.76
view2,117,view3,212,1.0,53.16
view2,117,view3,214,0.9999,54.52
view2,117,view3,215,0.9999,56.72
view2,117,view3,216,0.9999,56.84
view2,117,view3,217,0.9999,57.08
view2,117,view3,223,0.9999,59.4
view2,117,view3,225,0.9999,60.04
view2,117,view3,227,0.9999,60.84
view2,117,view3,230,0.9999,61.72
view2,117,view3,231,1.0,61.8
view2,117,view3,233,0.9999,64.96
view2,117,view3,236,0.9999,66.92
view2,117,view3,240,0.9999,69.08
view2,117,view3,243,0.9999,70.16
view2,117,view3,244,1.0,71.24
view2,117,view3,252,0.9999,75.76
view2,117,view3,256,0.9999,77.52
view2,117,view3,260,0.9999,79.68
view2,117,view3,266,0.9999,83.8
view2,117,view3,267,0.9999,83.88
view2,117,view3,269,1.0,84.44
view2,117,view3,272,0.9999,86.04
view2,117,view3,280,0.9999,90.56
view2,117,view3,282,1.0,91.4
view2,128,view3,2,0.9999,57.32
view2,128,view3,5,0.9999,34.88
view2,128,view3,6,1.0,33.64
view2,128,view3,15,0.9999,39.56
view2,128,view3,16,0.9999,35.2
view2,128,view3,24,1.0,29.2
view2,128,view3,28,0.9999,17.8
view2,128,view3,29,1.0,22.8
view2,128,view3,33,1.0,18.56
view2,128,view3,34,0.9999,27.2
view2,128,view3,37,0.9999,0.92
view2,128,view3,39,1.0,0.0
view2,128,view3,44,1.0,12.8
view2,128,view3,49,0.9999,15.32
view2,128,view3,53,0.9999,9.24
view2,128,view3,62,0.9999,11.6
view2,128,view3,66,1.0,3.16
view2,128,view3,70,0.9999,7.8
view2,128,view3,71,0.9999,0.0
view2,128,view3,73,0.9999,4.52
view2,128,view3,77,0.9999,4.0
view2,128,view3,79,1.0,1.84
view2,128,view3,81,1.0,0.0
view2,128,view3,82,0.9999,0.0
view2,128,view3,88,1.0,1.08
view2,128,view3,90,1.0,2.68
view2,128,view3,94,1.0,3.68
view2,128,view3,96,1.0,5.76
view2,128,view3,99,1.0,6.52
view2,128,view3,100,0.9999,6.88
view2,128,view3,106,1.0,9.72
view2,128,view3,108,0.9999,10.6
view2,128,view3,109,1.0,11.6
view2,128,view3,113,1.0,13.08
view2,128,view3,119,0.9999,13.44
view2,128,view3,121,1.0,14.28
view2,128,view3,124,1.0,15.4
view2,128,view3,128,1.0,17.68
view2,128,view3,129,1.0,17.96
view2,128,view3,131,0.9999,20.4
view2,128,view3,136,1.0,21.84
view2,128,view3,144,0.9999,24.6
view2,128,view3,150,0.9999,27.36
view2,128,view3,153,0.9999,29.72
view2,128,view3,154,1.0,30.64
view2,128,view3,157,1.0,32.84
view2,128,view3,163,0.9999,35.2
view2,128,view3,165,0.9999,35.28
view2,128,view3,169,0.9999,35.8
view2,128,view3,181,0.9999,38.44
view2,128,view3,186,1.0,41.72
view2,128,view3,188,0.9999,42.56
view2,128,view3,195,1.0,43.72
view2,128,view3,202,0.9999,46.04
view2,128,view3,203,1.0,46.08
view2,128,view3,205,0.9999,46.48
view2,128,view3,206,0.9999,47.76
view2,128,view3,209,1.0,48.6
view2,128,view3,212,1.0,49.0
view2,128,view3,214,0.9999,50.36
view2,128,view3,215,0.9999,52.56
view2,128,view3,216,0.9999,52.68
view2,128,view3,217,1.0,52.92
view2,128,view3,223,0.9999,55.24
view2,128,view3,225,0.9999,55.88
view2,128,view3,227,0.9999,56.68
view2,128,view3,230,0.9999,57.56
view2,128,view3,231,1.0,57.64
view2,128,view3,233,0.9999,60.8
view2,128,view3,236,1.0,62.76
view2,128,view3,240,0.9999,64.92
view2,128,view3,243,0.9999,66.0
view2,128,view3,244,1.0,67.08
view2,128,view3,252,0.9999,71.6
view2,128,view3,256,1.0,73.36
view2,128,view3,260,0.9999,75.52
view2,128,view3,266,0.9999,79.64
view2,128,view3,267,1.0,79.72
view2,128,view3,269,1.0,80.28
view2,128,view3,272,1.0,81.88
view2,128,view3,280,0.9999,86.4
view2,128,view3,282,1.0,87.24
view2,143,view3,2,0.9999,59.12
view2,143,view3,5,0.9999,36.68
view2,143,view3,6,0.9999,35.44
view2,143,view3,15,0.9999,41.36
view2,143,view3,16,0.9999,37.0
view2,143,view3,24,0.9999,31.0
view2,143,view3,28,0.9999,19.6
view2,143,view3,29,0.9999,24.6
view2,143,view3,33,0.9999,20.36
view2,143,view3,34,0.9999,29.0
view2,143,view3,37,0.9999,2.72
view2,143,view3,39,0.9999,0.0
view2,143,view3,44,0.9999,14.6
view2,143,view3,49,0.9999,17.12
view2,143,view3,53,0.9999,11.04
view2,143,view3,62,0.9999,13.4
view2,143,view3,66,0.9999,4.96
view2,143,view3,70,0.9999,9.6
view2,143,view3,71,0.9999,0.0
view2,143,view3,73,0.9999,6.32
view2,143,view3,77,0.9999,5.8
view2,143,view3,79,0.9999,3.64
view2,143,view3,81,0.9999,0.0
view2,143,view3,82,0.9999,0.0
view2,143,view3,88,0.9999,0.0
view2,143,view3,90,0.9999,0.0
view2,143,view3,94,0.9999,0.0
view2,143,view3,96,0.9999,0.0
view2,143,view3,99,0.9999,0.0
view2,143,view3,100,0.9999,0.0
view2,143,view3,106,0.9999,0.0
view2,143,view3,108,0.9999,0.0
view2,143,view3,109,0.9999,0.0
view2,143,view3,113,0.9999,0.0
view2,143,view3,119,0.9999,0.0
view2,143,view3,121,0.9999,0.0
view2,143,view3,124,0.9999,0.0
view2,143,view3,128,0.9999,0.0
view2,143,view3,129,0.9999,0.0
view2,143,view3,131,0.9999,0.0
view2,143,view3,136,0.9999,0.0
view2,143,view3,144,0.9999,0.0
view2,143,view3,150,0.9999,0.0
view2,143,view3,153,0.9999,0.0
view2,143,view3,154,0.9999,0.0
view2,143,view3,157,0.9999,0.0
view2,143,view3,163,0.9999,0.0
view2,143,view3,165,0.9999,0.0
view2,143,view3,169,0.9999,0.0
view2,143,view3,181,0.9999,0.0
view2,143,view3,186,0.9999,0.0
view2,143,view3,188,0.9999,0.0
view2,143,view3,195,0.9999,0.0
view2,143,view3,202,0.9999,0.0
view2,143,view3,203,0.9999,0.0
view2,143,view3,205,0.9999,0.0
view2,143,view3,206,0.9999,0.0
view2,143,view3,209,0.9999,0.0
view2,143,view3,212,0.9999,0.0
view2,143,view3,214,0.9999,0.0
view2,143,view3,215,0.9999,0.0
view2,143,view3,216,0.9999,0.0
view2,143,view3,217,0.9999,0.0
view2,143,view3,223,0.9999,0.0
view2,143,view3,225,0.9999,0.0
view2,143,view3,227,0.9999,0.0
view2,143,view3,230,0.9999,0.0
view2,143,view3,231,0.9999,0.0
view2,143,view3,233,0.9999,0.0
view2,143,view3,236,0.9999,0.0
view2,143,view3,240,0.9999,0.0
view2,143,view3,243,0.9999,0.0
view2,143,view3,244,0.9999,0.0
view2,143,view3,252,0.9999,3.32
view2,143,view3,256,0.9999,5.08
view2,143,view3,260,0.9999,7.24
view2,143,view3,266,0.9999,11.36
view2,143,view3,267,0.9999,11.44
view2,143,view3,269,0.9999,12.0
view2,143,view3,272,0.9999,13.6
view2,143,view3,280,0.9999,18.12
view2,143,view3,282,0.9999,18.96
view2,145,view3,2,0.9999,60.04
view2,145,view3,5,0.9999,37.6
view2,145,view3,6,1.0,36.36
view2,145,view3,15,0.9999,42.28
view2,145,view3,16,0.9999,37.92
view2,145,view3,24,0.9999,31.92
view2,145,view3,28,0.9999,20.52
view2,145,view3,29,0.9999,25.52
view2,145,view3,33,1.0,21.28
view2,145,view3,34,0.9999,29.92
view2,145,view3,37,0.9999,3.64
view2,145,view3,39,1.0,0.0
view2,145,view3,44,1.0,15.52
view2,145,view3,49,0.9999,18.04
view2,145,view3,53,0.9999,11.96
view2,145,view3,62,0.9999,14.32
view2,145,view3,66,0.9999,5.88
view2,145,view3,70,0.9999,10.52
view2,145,view3,71,0.9999,0.0
view2,145,view3,73,0.9999,7.24
view2,145,view3,77,0.9999,6.72
view2,145,view3,79,0.9999,4.56
view2,145,view3,81,0.9999,0.0
view2,145,view3,82,0.9999,0.0
view2,145,view3,88,1.0,0.0
view2,145,view3,90,0.9999,0.88
view2,145,view3,94,0.9999,1.88
view2,145,view3,96,0.9999,3.96
view2,145,view3,99,0.9999,4.72
view2,145,view3,100,0.9999,5.08
view2,145,view3,106,0.9999,7.92
view2,145,view3,108,0.9999,8.8
view2,145,view3,109,1.0,9.8
view2,145,view3,113,1.0,11.28
view2,145,view3,119,0.9999,11.64
view2,145,view3,121,0.9999,12.48
view2,145,view3,124,0.9999,13.6
view2,145,view3,128,1.0,15.88
view2,145,view3,129,1.0,16.16
view2,145,view3,131,0.9999,18.6
view2,145,view3,136,0.9999,20.04
view2,145,view3,144,0.9999,22.8
view2,145,view3,150,0.9999,25.56
view2,145,view3,153,0.9999,27.92
view2,145,view3,154,1.0,28.84
view2,145,view3,157,0.9999,31.04
view2,145,view3,163,0.9999,33.4
view2,145,view3,165,0.9999,33.48
view2,145,view3,169,0.9999,34.0
view2,145,view3,181,0.9999,36.64
view2,145,view3,186,1.0,39.92
view2,145,view3,188,0.9999,40.76
view2,145,view3,195,0.9999,41.92
view2,145,view3,202,0.9999,44.24
view2,145,view3,203,1.0,44.28
view2,145,view3,205,0.9999,44.68
view2,145,view3,206,0.9999,45.96
view2,145,view3,209,0.9999,46.8
view2,145,view3,212,1.0,47.2
view2,145,view3,214,0.9999,48.56
view2,145,view3,215,0.9999,50.76
view2,145,view3,216,0.9999,50.88
view2,145,view3,217,0.9999,51.12
view2,145,view3,223,0.9999,53.44
view2,145,view3,225,0.9999,54.08
view2,145,view3,227,0.9999,54.88
view2,145,view3,230,0.9999,55.76
view2,145,view3,231,1.0,55.84
view2,145,view3,233,0.9999,59.0
view2,145,view3,236,0.9999,60.96
view2,145,view3,240,0.9999,63.12
view2,145,view3,243,0.9999,64.2
view2,145,view3,244,1.0,65.28
view2,145,view3,252,0.9999,69.8
view2,145,view3,256,0.9999,71.56
view2,145,view3,260,0.9999,73.72
view2,145,view3,266,0.9999,77.84
view2,145,view3,267,0.9999,77.92
view2,145,view3,269,1.0,78.48
view2,145,view3,272,0.9999,80.08
view2,145,view3,280,0.9999,84.6
view2,145,view3,282,1.0,85.44
view2,150,view3,2,0.9999,60.32
view2,150,view3,5,0.9999,37.88
view2,150,view3,6,0.9999,36.64
view2,150,view3,15,0.9999,42.56
view2,150,view3,16,0.9999,38.2
view2,150,view3,24,0.9999,32.2
view2,150,view3,28,0.9999,20.8
view2,150,view3,29,0.9999,25.8
view2,150,view3,33,0.9999,21.56
view2,150,view3,34,0.9999,30.2
view2,150,view3,37,0.9999,3.92
view2,150,view3,39,1.0,0.0
view2,150,view3,44,1.0,15.8
view2,150,view3,49,0.9999,18.32
view2,150,view3,53,0.9999,12.24
view2,150,view3,62,0.9999,14.6
view2,150,view3,66,0.9999,6.16
view2,150,view3,70,0.9999,10.8
view2,150,view3,71,0.9999,0.0
view2,150,view3,73,0.9999,7.52
view2,150,view3,77,0.9999,7.0
view2,150,view3,79,0.9999,4.84
view2,150,view3,81,0.9999,0.0
view2,150,view3,82,0.9999,0.0
view2,150,view3,88,0.9999,0.0
view2,150,view3,90,0.9999,0.0
view2,150,view3,94,0.9999,0.88
view2,150,view3,96,0.9999,2.96
view2,150,view3,99,0.9999,3.72
view2,150,view3,100,0.9999,4.08
view2,150,view3,106,0.9999,6.92
view2,150,view3,108,0.9999,7.8
view2,150,view3,109,1.0,8.8
view2,150,view3,113,0.9999,10.28
view2,150,view3,119,0.9999,10.64
view2,150,view3,121,0.9999,11.48
view2,150,view3,124,0.9999,12.6
view2,150,view3,128,1.0,14.88
view2,150,view3,129,0.9999,15.16
view2,150,view3,131,0.9999,17.6
view2,150,view3,136,0.9999,19.04
view2,150,view3,144,0.9999,21.8
view2,150,view3,150,0.9999,24.56
view2,150,view3,153,0.9999,26.92
view2,150,view3,154,1.0,27.84
view2,150,view3,157,0.9999,30.04
view2,150,view3,163,0.9999,32.4
view2,150,view3,165,0.9999,32.48
view2,150,view3,169,0.9999,33.0
view2,150,view3,181,0.9999,35.64
view2,150,view3,186,0.9999,38.92
view2,150,view3,188,0.9999,39.76
view2,150,view3,195,0.9999,40.92
view2,150,view3,202,0.9999,43.24
view2,150,view3,203,0.9999,43.28
view2,150,view3,205,0.9999,43.68
view2,150,view3,206,0.9999,44.96
view2,150,view3,209,0.9999,45.8
view2,150,view3,212,0.9999,46.2
view2,150,view3,214,0.9999,47.56
view2,150,view3,215,0.9999,49.76
view2,150,view3,216,0.9999,49.88
view2,150,view3,217,0.9999,50.12
view2,150,view3,223,0.9999,52.44
view2,150,view3,225,0.9999,53.08
view2,150,view3,227,0.9999,53.88
view2,150,view3,230,0.9999,54.76
view2,150,view3,231,1.0,54.84
view2,150,view3,233,0.9999,58.0
view2,150,view3,236,0.9999,59.96
view2,150,view3,240,0.9999,62.12
view2,150,view3,243,0.9999,63.2
view2,150,view3,244,0.9999,64.28
view2,150,view3,252,0.9999,68.8
view2,150,view3,256,0.9999,70.56
view2,150,view3,260,0.9999,72.72
view2,150,view3,266,0.9999,76.84
view2,150,view3,267,0.9999,76.92
view2,150,view3,269,0.9999,77.48
view2,150,view3,272,0.9999,79.08
view2,150,view3,280,0.9999,83.6
view2,150,view3,282,0.9999,84.44
view2,151,view3,2,0.9999,60.4
view2,151,view3,5,0.9999,37.96
view2,151,view3,6,1.0,36.72
view2,151,view3,15,0.9999,42.64
view2,151,view3,16,0.9999,38.28
view2,151,view3,24,0.9999,32.28
view2,151,view3,28,0.9999,20.88
view2,151,view3,29,0.9999,25.88
view2,151,view3,33,1.0,21.64
view2,151,view3,34,0.9999,30.28
view2,151,view3,37,0.9999,4.0
view2,151,view3,39,1.0,0.0
view2,151,view3,44,1.0,15.88
view2,151,view3,49,0.9999,18.4
view2,151,view3,53,0.9999,12.32
view2,151,view3,62,0.9999,14.68
view2,151,view3,66,1.0,6.24
view2,151,view3,70,0.9999,10.88
view2,151,view3,71,0.9999,0.0
view2,151,view3,73,0.9999,7.6
view2,151,view3,77,0.9999,7.08
view2,151,view3,79,0.9999,4.92
view2,151,view3,81,0.9999,0.0
view2,151,view3,82,0.9999,0.0
view2,151,view3,88,1.0,0.0
view2,151,view3,90,0.9999,0.0
view2,151,view3,94,0.9999,0.96
view2,151,view3,96,0.9999,3.04
view2,151,view3,99,0.9999,3.8
view2,151,view3,100,0.9999,4.16
view2,151,view3,106,0.9999,7.0
view2,151,view3,108,0.9999,7.88
view2,151,view3,109,1.0,8.88
view2,151,view3,113,1.0,10.36
view2,151,view3,119,0.9999,10.72
view2,151,view3,121,0.9999,11.56
view2,151,view3,124,0.9999,12.68
view2,151,view3,128,1.0,14.96
view2,151,view3,129,1.0,15.24
view2,151,view3,131,0.9999,17.68
view2,151,view3,136,0.9999,19.12
view2,151,view3,144,0.9999,21.88
view2,151,view3,150,0.9999,24.64
view2,151,view3,153,0.9999,27.0
view2,151,view3,154,1.0,27.92
view2,151,view3,157,0.9999,30.12
view2,151,view3,163,0.9999,32.48
view2,151,view3,165,0.9999,32.56
view2,151,view3,169,0.9999,33.08
view2,151,view3,181,0.9999,35.72
view2,151,view3,186,1.0,39.0
view2,151,view3,188,0.9999,39.84
view2,151,view3,195,0.9999,41.0
view2,151,view3,202,0.9999,43.32
view2,151,view3,203,1.0,43.36
view2,151,view3,205,0.9999,43.76
view2,151,view3,206,0.9999,45.04
view2,151,view3,209,0.9999,45.88
view2,151,view3,212,1.0,46.28
view2,151,view3,214,0.9999,47.64
view2,151,view3,215,0.9999,49.84
view2,151,view3,216,0.9999,49.96
view2,151,view3,217,0.9999,50.2
view2,151,view3,223,0.9999,52.52
view2,151,view3,225,0.9999,53.16
view2,151,view3,227,0.9999,53.96
view2,151,view3,230,0.9999,54.84
view2,151,view3,231,1.0,54.92
view2,151,view3,233,0.9999,58.08
view2,151,view3,236,0.9999,60.04
view2,151,view3,240,0.9999,62.2
view2,151,view3,243,0.9999,63.28
view2,151,view3,244,1.0,64.36
view2,151,view3,252,0.9999,68.88
view2,151,view3,256,0.9999,70.64
view2,151,view3,260,0.9999,72.8
view2,151,view3,266,0.9999,76.92
view2,151,view3,267,0.9999,77.0
view2,151,view3,269,1.0,77.56
view2,151,view3,272,0.9999,79.16
view2,151,view3,280,0.9999,83.68
view2,151,view3,282,1.0,84.52
view2,153,view3,2,0.9999,60.92
view2,153,view3,5,0.9999,38.48
view2,153,view3,6,1.0,37.24
view2,153,view3,15,0.9999,43.16
view2,153,view3,16,0.9999,38.8
view2,153,view3,24,0.9999,32.8
view2,153,view3,28,0.9999,21.4
view2,153,view3,29,0.9999,26.4
view2,153,view3,33,1.0,22.16
view2,153,view3,34,0.9999,30.8
view2,153,view3,37,0.9999,4.52
view2,153,view3,39,1.0,0.4
view2,153,view3,44,1.0,16.4
view2,153,view3,49,0.9999,18.92
view2,153,view3,53,0.9999,12.84
view2,153,view3,62,0.9999,15.2
view2,153,view3,66,1.0,6.76
view2,153,view3,70,0.9999,11.4
view2,153,view3,71,0.9999,0.08
view2,153,view3,73,0.9999,8.12
view2,153,view3,77,0.9999,7.6
view2,153,view3,79,0.9999,5.44
view2,153,view3,81,1.0,0.12
view2,153,view3,82,0.9999,0.0
view2,153,view3,88,1.0,0.0
view2,153,view3,90,0.9999,0.0
view2,153,view3,94,1.0,0.48
view2,153,view3,96,0.9999,2.56
view2,153,view3,99,1.0,3.32
view2,153,view3,100,0.9999,3.68
view2,153,view3,106,1.0,6.52
view2,153,view3,108,0.9999,7.4
view2,153,view3,109,1.0,8.4
view2,153,view3,113,1.0,9.88
view2,153,view3,119,0.9999,10.24
view2,153,view3,121,0.9999,11.08
view2,153,view3,124,0.9999,12.2
view2,153,view3,128,1.0,14.48
view2,153,view3,129,1.0,14.76
view2,153,view3,131,0.9999,17.2
view2,153,view3,136,0.9999,18.64
view2,153,view3,144,0.9999,21.4
view2,153,view3,150,0.9999,24.16
view2,153,view3,153,0.9999,26.52
view2,153,view3,154,1.0,27.44
view2,153,view3,157,0.9999,29.64
view2,153,view3,163,0.9999,32.0
view2,153,view3,165,0.9999,32.08
view2,153,view3,169,0.9999,32.6
view2,153,view3,181,0.9999,35.24
view2,153,view3,186,1.0,38.52
view2,153,view3,188,0.9999,39.36
view2,153,view3,195,0.9999,40.52
view2,153,view3,202,0.9999,42.84
view2,153,view3,203,1.0,42.88
view2,153,view3,205,0.9999,43.28
view2,153,view3,206,0.9999,44.56
view2,153,view3,209,1.0,45.4
view2,153,view3,212,1.0,45.8
view2,153,view3,214,0.9999,47.16
view2,153,view3,215,0.9999,49.36
view2,153,view3,216,0.9999,49.48
view2,153,view3,217,0.9999,49.72
view2,153,view3,223,0.9999,52.04
view2,153,view3,225,0.9999,52.68
view2,153,view3,227,0.9999,53.48
view2,153,view3,230,0.9999,54.36
view2,153,view3,231,1.0,54.44
view2,153,view3,233,0.9999,57.6
view2,153,view3,236,0.9999,59.56
view2,153,view3,240,0.9999,61.72
view2,153,view3,243,0.9999,62.8
view2,153,view3,244,1.0,63.88
view2,153,view3,252,0.9999,68.4
view2,153,view3,256,0.9999,70.16
view2,153,view3,260,0.9999,72.32
view2,153,view3,266,0.9999,76.44
view2,153,view3,267,0.9999,76.52
view2,153,view3,269,1.0,77.08
view2,153,view3,272,0.9999,78.68
view2,153,view3,280,0.9999,83.2
view2,153,view3,282,1.0,84.04
view2,154,view3,2,0.9999,61.04
view2,154,view3,5,0.9999,38.6
view2,154,view3,6,0.9999,37.36
view2,154,view3,15,0.9999,43.28
view2,154,view3,16,0.9999,38.92
view2,154,view3,24,0.9999,32.92
view2,154,view3,28,0.9999,21.52
view2,154,view3,29,0.9999,26.52
view2,154,view3,33,0.9999,22.28
view2,154,view3,34,0.9999,30.92
view2,154,view3,37,0.9999,4.64
view2,154,view3,39,0.9999,0.52
view2,154,view3,44,0.9999,16.52
view2,154,view3,49,0.9999,19.04
view2,154,view3,53,0.9999,12.96
view2,154,view3,62,0.9999,15.32
view2,154,view3,66,0.9999,6.88
view2,154,view3,70,0.9999,11.52
view2,154,view3,71,0.9999,0.2
view2,154,view3,73,0.9999,8.24
view2,154,view3,77,0.9999,7.72
view2,154,view3,79,0.9999,5.56
view2,154,view3,81,0.9999,0.24
view2,154,view3,82,0.9999,0.0
view2,154,view3,88,0.9999,0.0
view2,154,view3,90,0.9999,0.0
view2,154,view3,94,0.9999,0.0
view2,154,view3,96,0.9999,0.0
view2,154,view3,99,0.9999,0.0
view2,154,view3,100,0.9999,0.0
view2,154,view3,106,0.9999,2.32
view2,154,view3,108,0.9999,3.2
view2,154,view3,109,0.9999,4.2
view2,154,view3,113,0.9999,5.68
view2,154,view3,119,0.9999,6.04
view2,154,view3,121,0.9999,6.88
view2,154,view3,124,0.9999,8.0
view2,154,view3,128,0.9999,10.28
view2,154,view3,129,0.9999,10.56
view2,154,view3,131,0.9999,13.0
view2,154,view3,136,0.9999,14.44
view2,154,view3,144,0.9999,17.2
view2,154,view3,150,0.9999,19.96
view2,154,view3,153,0.9999,22.32
view2,154,view3,154,1.0,23.24
view2,154,view3,157,0.9999,25.44
view2,154,view3,163,0.9999,27.8
view2,154,view3,165,0.9999,27.88
view2,154,view3,169,0.9999,28.4
view2,154,view3,181,0.9999,31.04
view2,154,view3,186,0.9999,34.32
view2,154,view3,188,0.9999,35.16
view2,154,view3,195,0.9999,36.32
view2,154,view3,202,0.9999,38.64
view2,154,view3,203,0.9999,38.68
view2,154,view3,205,0.9999,39.08
view2,154,view3,206,0.9999,40.36
view2,154,view3,209,0.9999,41.2
view2,154,view3,212,0.9999,41.6
view2,154,view3,214,0.9999,42.96
view2,154,view3,215,0.9999,45.16
view2,154,view3,216,0.9999,45.28
view2,154,view3,217,0.9999,45.52
view2,154,view3,223,0.9999,47.84
view2,154,view3,225,0.9999,48.48
view2,154,view3,227,0.9999,49.28
view2,154,view3,230,0.9999,50.16
view2,154,view3,231,1.0,50.24
view2,154,view3,233,0.9999,53.4
view2,154,view3,236,0.9999,55.36
view2,154,view3,240,0.9999,57.52
view2,154,view3,243,0.9999,58.6
view2,154,view3,244,0.9999,59.68
view2,154,view3,252,0.9999,64.2
view2,154,view3,256,0.9999,65.96
view2,154,view3,260,0.9999,68.12
view2,154,view3,266,0.9999,72.24
view2,154,view3,267,0.9999,72.32
view2,154,view3,269,0.9999,72.88
view2,154,view3,272,0.9999,74.48
view2,154,view3,280,0.9999,79.0
view2,154,view3,282,0.9999,79.84
view2,155,view3,2,0.9999,61.36
view2,155,view3,5,0.9999,38.92
view2,155,view3,6,0.9999,37.68
view2,155,view3,15,0.9999,43.6
view2,155,view3,16,0.9999,39.24
view2,155,view3,24,0.9999,33.24
view2,155,view3,28,0.9999,21.84
view2,155,view3,29,0.9999,26.84
view2,155,view3,33,0.9999,22.6
view2,155,view3,34,0.9999,31.24
view2,155,view3,37,0.9999,4.96
view2,155,view3,39,0.9999,0.84
view2,155,view3,44,1.0,16.84
view2,155,view3,49,0.9999,19.36
view2,155,view3,53,0.9999,13.28
view2,155,view3,62,0.9999,15.64
view2,155,view3,66,0.9999,7.2
view2,155,view3,70,0.9999,11.84
view2,155,view3,71,0.9999,0.52
view2,155,view3,73,0.9999,8.56
view2,155,view3,77,0.9999,8.04
view2,155,view3,79,0.9999,5.88
view2,155,view3,81,0.9999,0.56
view2,155,view3,82,0.9999,0.0
view2,155,view3,88,0.9999,0.0
view2,155,view3,90,0.9999,0.0
view2,155,view3,94,0.9999,0.0
view2,155,view3,96,0.9999,0.0
view2,155,view3,99,0.9999,0.0
view2,155,view3,100,0.9999,0.0
view2,155,view3,106,0.9999,0.0
view2,155,view3,108,0.9999,0.0
view2,155,view3,109,0.9999,0.52
view2,155,view3,113,0.9999,2.0
view2,155,view3,119,0.9999,2.36
view2,155,view3,121,0.9999,3.2
view2,155,view3,124,0.9999,4.32
view2,155,view3,128,1.0,6.6
view2,155,view3,129,0.9999,6.88
view2,155,view3,131,0.9999,9.32
view2,155,view3,136,0.9999,10.76
view2,155,view3,144,0.9999,13.52
view2,155,view3,150,0.9999,16.28
view2,155,view3,153,0.9999,18.64
view2,155,view3,154,1.0,19.56
view2,155,view3,157,0.9999,21.76
view2,155,view3,163,0.9999,24.12
view2,155,view3,165,0.9999,24.2
view2,155,view3,169,0.9999,24.72
view2,155,view3,181,0.9999,27.36
view2,155,view3,186,0.9999,30.64
view2,155,view3,188,0.9999,31.48
view2,155,view3,195,0.9999,32.64
view2,155,view3,202,0.9999,34.96
view2,155,view3,203,0.9999,35.0
view2,155,view3,205,0.9999,35.4
view2,155,view3,206,0.9999,36.68
view2,155,view3,209,0.9999,37.52
view2,155,view3,212,0.9999,37.92
view2,155,view3,214,0.9999,39.28
view2,155,view3,215,0.9999,41.48
view2,155,view3,216,0.9999,41.6
view2,155,view3,217,0.9999,41.84
view2,155,view3,223,0.9999,44.16
view2,155,view3,225,0.9999,44.8
view2,155,view3,227,0.9999,45.6
view2,155,view3,230,0.9999,46.48
view2,155,view3,231,1.0,46.56
view2,155,view3,233,0.9999,49.72
view2,155,view3,236,0.9999,51.68
view2,155,view3,240,0.9999,53.84
view2,155,view3,243,0.9999,54.92
view2,155,view3,244,0.9999,56.0
view2,155,view3,252,0.9999,60.52
view2,155,view3,256,0.9999,62.28
view2,155,view3,260,0.9999,64.44
view2,155,view3,266,0.9999,68.56
view2,155,view3,267,0.9999,68.64
view2,155,view3,269,0.9999,69.2
view2,155,view3,272,0.9999,70.8
view2,155,view3,280,0.9999,75.32
view2,155,view3,282,0.9999,76.16
view2,161,view3,2,0.9999,64.96
view2,161,view3,5,0.9999,42.52
view2,161,view3,6,0.9999,41.28
view2,161,view3,15,0.9999,47.2
view2,161,view3,16,0.9999,42.84
view2,161,view3,24,0.9999,36.84
view2,161,view3,28,0.9999,25.44
view2,161,view3,29,0.9999,30.44
view2,161,view3,33,0.9999,26.2
view2,161,view3,34,0.9999,34.84
view2,161,view3,37,0.9999,8.56
view2,161,view3,39,0.9999,4.44
view2,161,view3,44,0.9999,20.44
view2,161,view3,49,0.9999,22.96
view2,161,view3,53,0.9999,16.88
view2,161,view3,62,0.9999,19.24
view2,161,view3,66,0.9999,10.8
view2,161,view3,70,0.9999,15.44
view2,161,view3,71,0.9999,4.12
view2,161,view3,73,0.9999,12.16
view2,161,view3,77,0.9999,11.64
view2,161,view3,79,0.9999,9.48
view2,161,view3,81,0.9999,4.16
view2,161,view3,82,0.9999,0.0
view2,161,view3,88,0.9999,0.0
view2,161,view3,90,0.9999,1.08
view2,161,view3,94,0.9999,0.44
view2,161,view3,96,0.9999,0.0
view2,161,view3,99,0.9999,0.0
view2,161,view3,100,0.9999,0.0
view2,161,view3,106,0.9999,0.0
view2,161,view3,108,0.9999,0.0
view2,161,view3,109,0.9999,0.0
view2,161,view3,113,0.9999,0.0
view2,161,view3,119,0.9999,0.0
view2,161,view3,121,0.9999,0.0
view2,161,view3,124,0.9999,0.0
view2,161,view3,128,0.9999,0.0
view2,161,view3,129,0.9999,0.0
view2,161,view3,131,0.9999,0.0
view2,161,view3,136,0.9999,0.0
view2,161,view3,144,0.9999,0.0
view2,161,view3,150,0.9999,0.0
view2,161,view3,153,0.9999,0.0
view2,161,view3,154,1.0,0.32
view2,161,view3,157,0.9999,2.52
view2,161,view3,163,0.9999,4.88
view2,161,view3,165,0.9999,4.96
view2,161,view3,169,0.9999,5.48
view2,161,view3,181,0.9999,8.12
view2,161,view3,186,0.9999,11.4
view2,161,view3,188,0.9999,12.24
view2,161,view3,195,0.9999,13.4
view2,161,view3,202,0.9999,15.72
view2,161,view3,203,0.9999,15.76
view2,161,view3,205,0.9999,16.16
view2,161,view3,206,0.9999,17.44
view2,161,view3,209,0.9999,18.28
view2,161,view3,212,0.9999,18.68
view2,161,view3,214,0.9999,20.04
view2,161,view3,215,0.9999,22.24
view2,161,view3,216,0.9999,22.36
view2,161,view3,217,0.9999,22.6
view2,161,view3,223,0.9999,24.92
view2,161,view3,225,0.9999,25.56
view2,161,view3,227,0.9999,26.36
view2,161,view3,230,0.9999,27.24
view2,161,view3,231,1.0,27.32
view2,161,view3,233,0.9999,30.48
view2,161,view3,236,0.9999,32.44
view2,161,view3,240,0.9999,34.6
view2,161,view3,243,0.9999,35.68
view2,161,view3,244,0.9999,36.76
view2,161,view3,252,0.9999,41.28
view2,161,view3,256,0.9999,43.04
view2,161,view3,260,0.9999,45.2
view2,161,view3,266,0.9999,49.32
view2,161,view3,267,0.9999,49.4
view2,161,view3,269,0.9999,49.96
view2,161,view3,272,0.9999,51.56
view2,161,view3,280,0.9999,56.08
view2,161,view3,282,0.9999,56.92
view2,170,view3,2,0.9999,69.44
view2,170,view3,5,0.9999,47.0
view2,170,view3,6,1.0,45.76
view2,170,view3,15,0.9999,51.68
view2,170,view3,16,0.9999,47.32
view2,170,view3,24,0.9999,41.32
view2,170,view3,28,0.9999,29.92
view2,170,view3,29,0.9999,34.92
view2,170,view3,33,1.0,30.68
view2,170,view3,34,0.9999,39.32
view2,170,view3,37,0.9999,13.04
view2,170,view3,39,1.0,8.92
view2,170,view3,44,1.0,24.92
view2,170,view3,49,0.9999,27.44
view2,170,view3,53,0.9999,21.36
view2,170,view3,62,0.9999,23.72
view2,170,view3,66,1.0,15.28
view2,170,view3,70,0.9999,19.92
view2,170,view3,71,0.9999,8.6
view2,170,view3,73,0.9999,16.64
view2,170,view3,77,0.9999,16.12
view2,170,view3,79,0.9999,13.96
view2,170,view3,81,1.0,8.64
view2,170,view3,82,0.9999,2.92
view2,170,view3,88,1.0,2.0
view2,170,view3,90,0.9999,5.56
view2,170,view3,94,1.0,4.92
view2,170,view3,96,0.9999,0.0
view2,170,view3,99,1.0,0.56
view2,170,view3,100,0.9999,3.88
view2,170,view3,106,1.0,0.0
view2,170,view3,108,0.9999,0.0
view2,170,view3,109,1.0,0.0
view2,170,view3,113,1.0,0.0
view2,170,view3,119,0.9999,0.0
view2,170,view3,121,0.9999,0.0
view2,170,view3,124,0.9999,0.92
view2,170,view3,128,1.0,3.2
view2,170,view3,129,1.0,3.48
view2,170,view3,131,0.9999,5.92
view2,170,view3,136,0.9999,7.36
view2,170,view3,144,0.9999,10.12
view2,170,view3,150,0.9999,12.88
view2,170,view3,153,0.9999,15.24
view2,170,view3,154,1.0,16.16
view2,170,view3,157,1.0,18.36
view2,170,view3,163,0.9999,20.72
view2,170,view3,165,0.9999,20.8
view2,170,view3,169,0.9999,21.32
view2,170,view3,181,0.9999,23.96
view2,170,view3,186,1.0,27.24
view2,170,view3,188,0.9999,28.08
view2,170,view3,195,0.9999,29.24
view2,170,view3,202,0.9999,31.56
view2,170,view3,203,1.0,31.6
view2,170,view3,205,0.9999,32.0
view2,170,view3,206,0.9999,33.28
view2,170,view3,209,1.0,34.12
view2,170,view3,212,1.0,34.52
view2,170,view3,214,0.9999,35.88
view2,170,view3,215,0.9999,38.08
view2,170,view3,216,0.9999,38.2
view2,170,view3,217,0.9999,38.44
view2,170,view3,223,0.9999,40.76
view2,170,view3,225,0.9999,41.4
view2,170,view3,227,0.9999,42.2
view2,170,view3,230,0.9999,43.08
view2,170,view3,231,1.0,43.16
view2,170,view3,233,0.9999,46.32
view2,170,view3,236,0.9999,48.28
view2,170,view3,240,0.9999,50.44
view2,170,view3,243,0.9999,51.52
view2,170,view3,244,1.0,52.6
view2,170,view3,252,0.9999,57.12
view2,170,view3,256,0.9999,58.88
view2,170,view3,260,0.9999,61.04
view2,170,view3,266,0.9999,65.16
view2,170,view3,267,0.9999,65.24
view2,170,view3,269,1.0,65.8
view2,170,view3,272,0.9999,67.4
view2,170,view3,280,0.9999,71.92
view2,170,view3,282,1.0,72.76
view2,176,view3,2,0.9999,70.04
view2,176,view3,5,0.9999,47.6
view2,176,view3,6,0.9999,46.36
view2,176,view3,15,0.9999,52.28
view2,176,view3,16,0.9999,47.92
view2,176,view3,24,0.9999,41.92
view2,176,view3,28,0.9999,30.52
view2,176,view3,29,0.9999,35.52
view2,176,view3,33,0.9999,31.28
view2,176,view3,34,0.9999,39.92
view2,176,view3,37,0.9999,13.64
view2,176,view3,39,0.9999,9.52
view2,176,view3,44,0.9999,25.52
view2,176,view3,49,0.9999,28.04
view2,176,view3,53,0.9999,21.96
view2,176,view3,62,0.9999,24.32
view2,176,view3,66,0.9999,15.88
view2,176,view3,70,0.9999,20.52
view2,176,view3,71,0.9999,9.2
view2,176,view3,73,0.9999,17.24
view2,176,view3,77,0.9999,16.72
view2,176,view3,79,0.9999,14.56
view2,176,view3,81,0.9999,9.24
view2,176,view3,82,0.9999,3.52
view2,176,view3,88,0.9999,2.6
view2,176,view3,90,0.9999,6.16
view2,176,view3,94,0.9999,5.52
view2,176,view3,96,0.9999,0.0
view2,176,view3,99,0.9999,1.16
view2,176,view3,100,0.9999,4.48
view2,176,view3,106,0.9999,0.0
view2,176,view3,108,0.9999,0.2
view2,176,view3,109,0.9999,0.0
view2,176,view3,113,0.9999,0.0
view2,176,view3,119,0.9999,0.0
view2,176,view3,121,0.9999,0.0
view2,176,view3,124,0.9999,0.0
view2,176,view3,128,0.9999,0.0
view2,176,view3,129,0.9999,0.0
view2,176,view3,131,0.9999,0.0
view2,176,view3,136,0.9999,0.0
view2,176,view3,144,0.9999,1.32
view2,176,view3,150,0.9999,4.08
view2,176,view3,153,0.9999,6.44
view2,176,view3,154,0.9999,7.36
view2,176,view3,157,0.9999,9.56
view2,176,view3,163,0.9999,11.92
view2,176,view3,165,0.9999,12.0
view2,176,view3,169,0.9999,12.52
view2,176,view3,181,0.9999,15.16
view2,176,view3,186,0.9999,18.44
view2,176,view3,188,0.9999,19.28
view2,176,view3,195,0.9999,20.44
view2,176,view3,202,0.9999,22.76
view2,176,view3,203,0.9999,22.8
view2,176,view3,205,0.9999,23.2
view2,176,view3,206,0.9999,24.48
view2,176,view3,209,0.9999,25.32
view2,176,view3,212,0.9999,25.72
view2,176,view3,214,0.9999,27.08
view2,176,view3,215,0.9999,29.28
view2,176,view3,216,0.9999,29.4
view2,176,view3,217,0.9999,29.64
view2,176,view3,223,0.9999,31.96
view2,176,view3,225,0.9999,32.6
view2,176,view3,227,0.9999,33.4
view2,176,view3,230,0.9999,34.28
view2,176,view3,231,0.9999,34.36
view2,176,view3,233,0.9999,37.52
view2,176,view3,236,0.9999,39.48
view2,176,view3,240,0.9999,41.64
view2,176,view3,243,0.9999,42.72
view2,176,view3,244,0.9999,43.8
view2,176,view3,252,0.9999,48.32
view2,176,view3,256,0.9999,50.08
view2,176,view3,260,0.9999,52.24
view2,176,view3,266,0.9999,56.36
view2,176,view3,267,0.9999,56.44
view2,176,view3,269,0.9999,57.0
view2,176,view3,272,0.9999,58.6
view2,176,view3,280,0.9999,63.12
view2,176,view3,282,0.9999,63.96
view2,185,view3,2,0.9999,74.28
view2,185,view3,5,0.9999,51.84
view2,185,view3,6,0.9999,50.6
view2,185,view3,15,0.9999,56.52
view2,185,view3,16,0.9999,52.16
view2,185,view3,24,0.9999,46.16
view2,185,view3,28,0.9999,34.76
view2,185,view3,29,0.9999,39.76
view2,185,view3,33,0.9999,35.52
view2,185,view3,34,0.9999,44.16
view2,185,view3,37,0.9999,17.88
view2,185,view3,39,0.9999,13.76
view2,185,view3,44,0.9999,29.76
view2,185,view3,49,0.9999,32.28
view2,185,view3,53,0.9999,26.2
view2,185,view3,62,0.9999,28.56
view2,185,view3,66,0.9999,20.12
view2,185,view3,70,0.9999,24.76
view2,185,view3,71,0.9999,13.44
view2,185,view3,73,0.9999,21.48
view2,185,view3,77,0.9999,20.96
view2,185,view3,79,0.9999,18.8
view2,185,view3,81,0.9999,13.48
view2,185,view3,82,0.9999,7.76
view2,185,view3,88,0.9999,6.84
view2,185,view3,90,0.9999,10.4
view2,185,view3,94,0.9999,9.76
view2,185,view3,96,0.9999,0.0
view2,185,view3,99,0.9999,5.4
view2,185,view3,100,0.9999,8.72
view2,185,view3,106,0.9999,1.76
view2,185,view3,108,0.9999,4.44
view2,185,view3,109,0.9999,4.12
view2,185,view3,113,0.9999,0.0
view2,185,view3,119,0.9999,0.0
view2,185,view3,121,0.9999,0.24
view2,185,view3,124,0.9999,0.0
view2,185,view3,128,0.9999,0.0
view2,185,view3,129,0.9999,0.0
view2,185,view3,131,0.9999,2.0
view2,185,view3,136,0.9999,3.44
view2,185,view3,144,0.9999,6.2
view2,185,view3,150,0.9999,8.96
view2,185,view3,153,0.9999,11.32
view2,185,view3,154,0.9999,12.24
view2,185,view3,157,0.9999,14.44
view2,185,view3,163,0.9999,16.8
view2,185,view3,165,0.9999,16.88
view2,185,view3,169,0.9999,17.4
view2,185,view3,181,0.9999,20.04
view2,185,view3,186,0.9999,23.32
view2,185,view3,188,0.9999,24.16
view2,185,view3,195,0.9999,25.32
view2,185,view3,202,0.9999,27.64
view2,185,view3,203,0.9999,27.68
view2,185,view3,205,0.9999,28.08
view2,185,view3,206,0.9999,29.36
view2,185,view3,209,0.9999,30.2
view2,185,view3,212,0.9999,30.6
view2,185,view3,214,0.9999,31.96
view2,185,view3,215,0.9999,34.16
view2,185,view3,216,0.9999,34.28
view2,185,view3,217,0.9999,34.52
view2,185,view3,223,0.9999,36.84
view2,185,view3,225,0.9999,37.48
view2,185,view3,227,0.9999,38.28
view2,185,view3,230,0.9999,39.16
view2,185,view3,231,0.9999,39.24
view2,185,view3,233,0.9999,42.4
view2,185,view3,236,0.9999,44.36
view2,185,view3,240,0.9999,46.52
view2,185,view3,243,0.9999,47.6
view2,185,view3,244,0.9999,48.68
view2,185,view3,252,0.9999,53.2
view2,185,view3,256,0.9999,54.96
view2,185,view3,260,0.9999,57.12
view2,185,view3,266,0.9999,61.24
view2,185,view3,267,0.9999,61.32
view2,185,view3,269,0.9999,61.88
view2,185,view3,272,0.9999,63.48
view2,185,view3,280,0.9999,68.0
view2,185,view3,282,0.9999,68.84
view2,187,view3,2,0.9999,75.24
view2,187,view3,5,0.9999,52.8
view2,187,view3,6,1.0,51.56
view2,187,view3,15,0.9999,57.48
view2,187,view3,16,0.9999,53.12
view2,187,view3,24,0.9999,47.12
view2,187,view3,28,0.9999,35.72
view2,187,view3,29,0.9999,40.72
view2,187,view3,33,1.0,36.48
view2,187,view3,34,0.9999,45.12
view2,187,view3,37,0.9999,18.84
view2,187,view3,39,1.0,14.72
view2,187,view3,44,1.0,30.72
view2,187,view3,49,0.9999,33.24
view2,187,view3,53,0.9999,27.16
view2,187,view3,62,0.9999,29.52
view2,187,view3,66,1.0,21.08
view2,187,view3,70,0.9999,25.72
view2,187,view3,71,0.9999,14.4
view2,187,view3,73,0.9999,22.44
view2,187,view3,77,0.9999,21.92
view2,187,view3,79,0.9999,19.76
view2,187,view3,81,1.0,14.44
view2,187,view3,82,0.9999,8.72
view2,187,view3,88,1.0,7.8
view2,187,view3,90,0.9999,11.36
view2,187,view3,94,1.0,10.72
view2,187,view3,96,0.9999,0.0
view2,187,view3,99,1.0,6.36
view2,187,view3,100,0.9999,9.68
view2,187,view3,106,1.0,2.72
view2,187,view3,108,0.9999,5.4
view2,187,view3,109,1.0,5.08
view2,187,view3,113,1.0,0.0
view2,187,view3,119,0.9999,0.0
view2,187,view3,121,0.9999,1.2
view2,187,view3,124,0.9999,0.2
view2,187,view3,128,1.0,0.0
view2,187,view3,129,1.0,0.08
view2,187,view3,131,0.9999,2.52
view2,187,view3,136,0.9999,3.96
view2,187,view3,144,0.9999,6.72
view2,187,view3,150,0.9999,9.48
view2,187,view3,153,0.9999,11.84
view2,187,view3,154,1.0,12.76
view2,187,view3,157,1.0,14.96
view2,187,view3,163,0.9999,17.32
view2,187,view3,165,0.9999,17.4
view2,187,view3,169,0.9999,17.92
view2,187,view3,181,0.9999,20.56
view2,187,view3,186,1.0,23.84
view2,187,view3,188,0.9999,24.68
view2,187,view3,195,0.9999,25.84
view2,187,view3,202,0.9999,28.16
view2,187,view3,203,1.0,28.2
view2,187,view3,205,0.9999,28.6
view2,187,view3,206,0.9999,29.88
view2,187,view3,209,1.0,30.72
view2,187,view3,212,1.0,31.12
view2,187,view3,214,0.9999,32.48
view2,187,view3,215,0.9999,34.68
view2,187,view3,216,0.9999,34.8
view2,187,view3,217,0.9999,35.04
view2,187,view3,223,0.9999,37.36
view2,187,view3,225,0.9999,38.0
view2,187,view3,227,0.9999,38.8
view2,187,view3,230,0.9999,39.68
view2,187,view3,231,1.0,39.76
view2,187,view3,233,0.9999,42.92
view2,187,view3,236,0.9999,44.88
view2,187,view3,240,0.9999,47.04
view2,187,view3,243,0.9999,48.12
view2,187,view3,244,1.0,49.2
view2,187,view3,252,0.9999,53.72
view2,187,view3,256,0.9999,55.48
view2,187,view3,260,0.9999,57.64
view2,187,view3,266,0.9999,61.76
view2,187,view3,267,0.9999,61.84
view2,187,view3,269,1.0,62.4
view2,187,view3,272,0.9999,64.0
view2,187,view3,280,0.9999,68.52
view2,187,view3,282,1.0,69.36
view2,194,view3,2,0.9999,77.92
view2,194,view3,5,0.9999,55.48
view2,194,view3,6,0.9999,54.24
view2,194,view3,15,0.9999,60.16
view2,194,view3,16,0.9999,55.8
view2,194,view3,24,0.9999,49.8
view2,194,view3,28,0.9999,38.4
view2,194,view3,29,0.9999,43.4
view2,194,view3,33,0.9999,39.16
view2,194,view3,34,0.9999,47.8
view2,194,view3,37,0.9999,21.52
view2,194,view3,39,0.9999,17.4
view2,194,view3,44,0.9999,33.4
view2,194,view3,49,0.9999,35.92
view2,194,view3,53,0.9999,29.84
view2,194,view3,62,0.9999,32.2
view2,194,view3,66,0.9999,23.76
view2,194,view3,70,0.9999,28.4
view2,194,view3,71,0.9999,17.08
view2,194,view3,73,0.9999,25.12
view2,194,view3,77,0.9999,24.6
view2,194,view3,79,0.9999,22.44
view2,194,view3,81,0.9999,17.12
view2,194,view3,82,0.9999,11.4
view2,194,view3,88,0.9999,10.48
view2,194,view3,90,0.9999,14.04
view2,194,view3,94,0.9999,13.4
view2,194,view3,96,0.9999,0.0
view2,194,view3,99,0.9999,9.04
view2,194,view3,100,0.9999,12.36
view2,194,view3,106,0.9999,5.4
view2,194,view3,108,0.9999,8.08
view2,194,view3,109,0.9999,7.76
view2,194,view3,113,0.9999,0.0
view2,194,view3,119,0.9999,0.0
view2,194,view3,121,0.9999,3.88
view2,194,view3,124,0.9999,2.88
view2,194,view3,128,0.9999,1.8
view2,194,view3,129,0.9999,0.0
view2,194,view3,131,0.9999,0.0
view2,194,view3,136,0.9999,0.0
view2,194,view3,144,0.9999,0.0
view2,194,view3,150,0.9999,0.0
view2,194,view3,153,0.9999,2.24
view2,194,view3,154,0.9999,3.16
view2,194,view3,157,0.9999,5.36
view2,194,view3,163,0.9999,7.72
view2,194,view3,165,0.9999,7.8
view2,194,view3,169,0.9999,8.32
view2,194,view3,181,0.9999,10.96
view2,194,view3,186,0.9999,14.24
view2,194,view3,188,0.9999,15.08
view2,194,view3,195,0.9999,16.24
view2,194,view3,202,0.9999,18.56
view2,194,view3,203,0.9999,18.6
view2,194,view3,205,0.9999,19.0
view2,194,view3,206,0.9999,20.28
view2,194,view3,209,0.9999,21.12
view2,194,view3,212,0.9999,21.52
view2,194,view3,214,0.9999,22.88
view2,194,view3,215,0.9999,25.08
view2,194,view3,216,0.9999,25.2
view2,194,view3,217,0.9999,25.44
view2,194,view3,223,0.9999,27.76
view2,194,view3,225,0.9999,28.4
view2,194,view3,227,0.9999,29.2
view2,194,view3,230,0.9999,30.08
view2,194,view3,231,0.9999,30.16
view2,194,view3,233,0.9999,33.32
view2,194,view3,236,0.9999,35.28
view2,194,view3,240,0.9999,37.44
view2,194,view3,243,0.9999,38.52
view2,194,view3,244,0.9999,39.6
view2,194,view3,252,0.9999,44.12
view2,194,view3,256,0.9999,45.88
view2,194,view3,260,0.9999,48.04
view2,194,view3,266,0.9999,52.16
view2,194,view3,267,0.9999,52.24
view2,194,view3,269,0.9999,52.8
view2,194,view3,272,0.9999,54.4
view2,194,view3,280,0.9999,58.92
view2,194,view3,282,0.9999,59.76
view2,199,view3,2,0.9999,80.0
view2,199,view3,5,0.9999,57.56
view2,199,view3,6,1.0,56.32
view2,199,view3,15,0.9999,62.24
view2,199,view3,16,0.9999,57.88
view2,199,view3,24,0.9999,51.88
view2,199,view3,28,0.9999,40.48
view2,199,view3,29,0.9999,45.48
view2,199,view3,33,1.0,41.24
view2,199,view3,34,0.9999,49.88
view2,199,view3,37,0.9999,23.6
view2,199,view3,39,1.0,19.48
view2,199,view3,44,1.0,35.48
view2,199,view3,49,0.9999,38.0
view2,199,view3,53,0.9999,31.92
view2,199,view3,62,0.9999,34.28
view2,199,view3,66,1.0,25.84
view2,199,view3,70,0.9999,30.48
view2,199,view3,71,0.9999,19.16
view2,199,view3,73,0.9999,27.2
view2,199,view3,77,0.9999,26.68
view2,199,view3,79,0.9999,24.52
view2,199,view3,81,1.0,19.2
view2,199,view3,82,0.9999,13.48
view2,199,view3,88,1.0,12.56
view2,199,view3,90,0.9999,16.12
view2,199,view3,94,0.9999,15.48
view2,199,view3,96,0.9999,0.56
view2,199,view3,99,1.0,11.12
view2,199,view3,100,0.9999,14.44
view2,199,view3,106,0.9999,7.48
view2,199,view3,108,0.9999,10.16
view2,199,view3,109,1.0,9.84
view2,199,view3,113,1.0,0.0
view2,199,view3,119,0.9999,1.64
view2,199,view3,121,0.9999,5.96
view2,199,view3,124,0.9999,4.96
view2,199,view3,128,1.0,3.88
view2,199,view3,129,1.0,0.0
view2,199,view3,131,0.9999,0.0
view2,199,view3,136,0.9999,0.0
view2,199,view3,144,0.9999,2.72
view2,199,view3,150,0.9999,5.48
view2,199,view3,153,0.9999,7.84
view2,199,view3,154,1.0,8.76
view2,199,view3,157,0.9999,10.96
view2,199,view3,163,0.9999,13.32
view2,199,view3,165,0.9999,13.4
view2,199,view3,169,0.9999,13.92
view2,199,view3,181,0.9999,16.56
view2,199,view3,186,1.0,19.84
view2,199,view3,188,0.9999,20.68
view2,199,view3,195,0.9999,21.84
view2,199,view3,202,0.9999,24.16
view2,199,view3,203,1.0,24.2
view2,199,view3,205,0.9999,24.6
view2,199,view3,206,0.9999,25.88
view2,199,view3,209,0.9999,26.72
view2,199,view3,212,1.0,27.12
view2,199,view3,214,0.9999,28.48
view2,199,view3,215,0.9999,30.68
view2,199,view3,216,0.9999,30.8
view2,199,view3,217,0.9999,31.04
view2,199,view3,223,0.9999,33.36
view2,199,view3,225,0.9999,34.0
view2,199,view3,227,0.9999,34.8
view2,199,view3,230,0.9999,35.68
view2,199,view3,231,1.0,35.76
view2,199,view3,233,0.9999,38.92
view2,199,view3,236,0.9999,40.88
view2,199,view3,240,0.9999,43.04
view2,199,view3,243,0.9999,44.12
view2,199,view3,244,1.0,45.2
view2,199,view3,252,0.9999,49.72
view2,199,view3,256,0.9999,51.48
view2,199,view3,260,0.9999,53.64
view2,199,view3,266,0.9999,57.76
view2,199,view3,267,0.9999,57.84
view2,199,view3,269,1.0,58.4
view2,199,view3,272,0.9999,60.0
view2,199,view3,280,0.9999,64.52
view2,199,view3,282,1.0,65.36
view2,200,view3,2,0.9999,80.28
view2,200,view3,5,0.9999,57.84
view2,200,view3,6,0.9999,56.6
view2,200,view3,15,0.9999,62.52
view2,200,view3,16,0.9999,58.16
view2,200,view3,24,0.9999,52.16
view2,200,view3,28,0.9999,40.76
view2,200,view3,29,0.9999,45.76
view2,200,view3,33,0.9999,41.52
view2,200,view3,34,0.9999,50.16
view2,200,view3,37,0.9999,23.88
view2,200,view3,39,0.9999,19.76
view2,200,view3,44,0.9999,35.76
view2,200,view3,49,0.9999,38.28
view2,200,view3,53,0.9999,32.2
view2,200,view3,62,0.9999,34.56
view2,200,view3,66,0.9999,26.12
view2,200,view3,70,0.9999,30.76
view2,200,view3,71,0.9999,19.44
view2,200,view3,73,0.9999,27.48
view2,200,view3,77,0.9999,26.96
view2,200,view3,79,0.9999,24.8
view2,200,view3,81,0.9999,19.48
view2,200,view3,82,0.9999,13.76
view2,200,view3,88,0.9999,12.84
view2,200,view3,90,0.9999,16.4
view2,200,view3,94,0.9999,15.76
view2,200,view3,96,0.9999,0.84
view2,200,view3,99,0.9999,11.4
view2,200,view3,100,0.9999,14.72
view2,200,view3,106,0.9999,7.76
view2,200,view3,108,0.9999,10.44
view2,200,view3,109,0.9999,10.12
view2,200,view3,113,0.9999,0.0
view2,200,view3,119,0.9999,1.92
view2,200,view3,121,0.9999,6.24
view2,200,view3,124,0.9999,5.24
view2,200,view3,128,0.9999,4.16
view2,200,view3,129,0.9999,0.0
view2,200,view3,131,0.9999,0.0
view2,200,view3,136,0.9999,0.0
view2,200,view3,144,0.9999,2.16
view2,200,view3,150,0.9999,4.92
view2,200,view3,153,0.9999,7.28
view2,200,view3,154,1.0,8.2
view2,200,view3,157,0.9999,10.4
view2,200,view3,163,0.9999,12.76
view2,200,view3,165,0.9999,12.84
view2,200,view3,169,0.9999,13.36
view2,200,view3,181,0.9999,16.0
view2,200,view3,186,0.9999,19.28
view2,200,view3,188,0.9999,20.12
view2,200,view3,195,0.9999,21.28
view2,200,view3,202,0.9999,23.6
view2,200,view3,203,0.9999,23.64
view2,200,view3,205,0.9999,24.04
view2,200,view3,206,0.9999,25.32
view2,200,view3,209,0.9999,26.16
view2,200,view3,212,0.9999,26.56
view2,200,view3,214,0.9999,27.92
view2,200,view3,215,0.9999,30.12
view2,200,view3,216,0.9999,30.24
view2,200,view3,217,0.9999,30.48
view2,200,view3,223,0.9999,32.8
view2,200,view3,225,0.9999,33.44
view2,200,view3,227,0.9999,34.24
view2,200,view3,230,0.9999,35.12
view2,200,view3,231,1.0,35.2
view2,200,view3,233,0.9999,38.36
view2,200,view3,236,0.9999,40.32
view2,200,view3,240,0.9999,42.48
view2,200,view3,243,0.9999,43.56
view2,200,view3,244,0.9999,44.64
view2,200,view3,252,0.9999,49.16
view2,200,view3,256,0.9999,50.92
view2,200,view3,260,0.9999,53.08
view2,200,view3,266,0.9999,57.2
view2,200,view3,267,0.9999,57.28
view2,200,view3,269,0.9999,57.84
view2,200,view3,272,0.9999,59.44
view2,200,view3,280,0.9999,63.96
view2,200,view3,282,0.9999,64.8
view2,202,view3,2,0.9999,81.68
view2,202,view3,5,0.9999,59.24
view2,202,view3,6,0.9999,58.0
view2,202,view3,15,0.9999,63.92
view2,202,view3,16,0.9999,59.56
view2,202,view3,24,0.9999,53.56
view2,202,view3,28,0.9999,42.16
view2,202,view3,29,0.9999,47.16
view2,202,view3,33,0.9999,42.92
view2,202,view3,34,0.9999,51.56
view2,202,view3,37,0.9999,25.28
view2,202,view3,39,0.9999,21.16
view2,202,view3,44,0.9999,37.16
view2,202,view3,49,0.9999,39.68
view2,202,view3,53,0.9999,33.6
view2,202,view3,62,0.9999,35.96
view2,202,view3,66,0.9999,27.52
view2,202,view3,70,0.9999,32.16
view2,202,view3,71,0.9999,20.84
view2,202,view3,73,0.9999,28.88
view2,202,view3,77,0.9999,28.36
view2,202,view3,79,0.9999,26.2
view2,202,view3,81,0.9999,20.88
view2,202,view3,82,0.9999,15.16
view2,202,view3,88,0.9999,14.24
view2,202,view3,90,0.9999,17.8
view2,202,view3,94,0.9999,17.16
view2,202,view3,96,0.9999,2.24
view2,202,view3,99,0.9999,12.8
view2,202,view3,100,0.9999,16.12
view2,202,view3,106,0.9999,9.16
view2,202,view3,108,0.9999,11.84
view2,202,view3,109,0.9999,11.52
view2,202,view3,113,0.9999,0.0
view2,202,view3,119,0.9999,3.32
view2,202,view3,121,0.9999,7.64
view2,202,view3,124,0.9999,6.64
view2,202,view3,128,0.9999,5.56
view2,202,view3,129,0.9999,0.0
view2,202,view3,131,0.9999,0.0
view2,202,view3,136,0.9999,0.0
view2,202,view3,144,0.9999,0.0
view2,202,view3,150,0.9999,0.0
view2,202,view3,153,0.9999,0.0
view2,202,view3,154,0.9999,0.0
view2,202,view3,157,0.9999,0.0
view2,202,view3,163,0.9999,0.0
view2,202,view3,165,0.9999,0.0
view2,202,view3,169,0.9999,0.0
view2,202,view3,181,0.9999,0.0
view2,202,view3,186,0.9999,0.0
view2,202,view3,188,0.9999,0.0
view2,202,view3,195,0.9999,0.0
view2,202,view3,202,0.9999,1.64
view2,202,view3,203,0.9999,1.68
view2,202,view3,205,0.9999,2.08
view2,202,view3,206,0.9999,3.36
view2,202,view3,209,0.9999,4.2
view2,202,view3,212,0.9999,4.6
view2,202,view3,214,0.9999,5.96
view2,202,view3,215,0.9999,8.16
view2,202,view3,216,0.9999,8.28
view2,202,view3,217,0.9999,8.52
view2,202,view3,223,0.9999,10.84
view2,202,view3,225,0.9999,11.48
view2,202,view3,227,0.9999,12.28
view2,202,view3,230,0.9999,13.16
view2,202,view3,231,0.9999,13.24
view2,202,view3,233,0.9999,16.4
view2,202,view3,236,0.9999,18.36
view2,202,view3,240,0.9999,20.52
view2,202,view3,243,0.9999,21.6
view2,202,view3,244,0.9999,22.68
view2,202,view3,252,0.9999,27.2
view2,202,view3,256,0.9999,28.96
view2,202,view3,260,0.9999,31.12
view2,202,view3,266,0.9999,35.24
view2,202,view3,267,0.9999,35.32
view2,202,view3,269,0.9999,35.88
view2,202,view3,272,0.9999,37.48
view2,202,view3,280,0.9999,42.0
view2,202,view3,282,0.9999,42.84
view2,204,view3,2,0.9999,81.88
view2,204,view3,5,0.9999,59.44
view2,204,view3,6,1.0,58.2
view2,204,view3,15,0.9999,64.12
view2,204,view3,16,0.9999,59.76
view2,204,view3,24,0.9999,53.76
view2,204,view3,28,0.9999,42.36
view2,204,view3,29,0.9999,47.36
view2,204,view3,33,1.0,43.12
view2,204,view3,34,0.9999,51.76
view2,204,view3,37,0.9999,25.48
view2,204,view3,39,1.0,21.36
view2,204,view3,44,1.0,37.36
view2,204,view3,49,0.9999,39.88
view2,204,view3,53,0.9999,33.8
view2,204,view3,62,0.9999,36.16
view2,204,view3,66,1.0,27.72
view2,204,view3,70,0.9999,32.36
view2,204,view3,71,0.9999,21.04
view2,204,view3,73,0.9999,29.08
view2,204,view3,77,0.9999,28.56
view2,204,view3,79,0.9999,26.4
view2,204,view3,81,0.9999,21.08
view2,204,view3,82,0.9999,15.36
view2,204,view3,88,1.0,14.44
view2,204,view3,90,0.9999,18.0
view2,204,view3,94,0.9999,17.36
view2,204,view3,96,0.9999,2.44
view2,204,view3,99,0.9999,13.0
view2,204,view3,100,0.9999,16.32
view2,204,view3,106,0.9999,9.36
view2,204,view3,108,0.9999,12.04
view2,204,view3,109,1.0,11.72
view2,204,view3,113,1.0,0.0
view2,204,view3,119,0.9999,3.52
view2,204,view3,121,0.9999,7.84
view2,204,view3,124,0.9999,6.84
view2,204,view3,128,1.0,5.76
view2,204,view3,129,1.0,0.0
view2,204,view3,131,0.9999,0.0
view2,204,view3,136,0.9999,0.0
view2,204,view3,144,0.9999,0.32
view2,204,view3,150,0.9999,3.08
view2,204,view3,153,0.9999,5.44
view2,204,view3,154,1.0,6.36
view2,204,view3,157,0.9999,8.56
view2,204,view3,163,0.9999,10.92
view2,204,view3,165,0.9999,11.0
view2,204,view3,169,0.9999,11.52
view2,204,view3,181,0.9999,14.16
view2,204,view3,186,1.0,17.44
view2,204,view3,188,0.9999,18.28
view2,204,view3,195,0.9999,19.44
view2,204,view3,202,0.9999,21.76
view2,204,view3,203,1.0,21.8
view2,204,view3,205,0.9999,22.2
view2,204,view3,206,0.9999,23.48
view2,204,view3,209,0.9999,24.32
view2,204,view3,212,1.0,24.72
view2,204,view3,214,0.9999,26.08
view2,204,view3,215,0.9999,28.28
view2,204,view3,216,0.9999,28.4
view2,204,view3,217,0.9999,28.64
view2,204,view3,223,0.9999,30.96
view2,204,view3,225,0.9999,31.6
view2,204,view3,227,0.9999,32.4
view2,204,view3,230,0.9999,33.28
view2,204,view3,231,1.0,33.36
view2,204,view3,233,0.9999,36.52
view2,204,view3,236,0.9999,38.48
view2,204,view3,240,0.9999,40.64
view2,204,view3,243,0.9999,41.72
view2,204,view3,244,1.0,42.8
view2,204,view3,252,0.9999,47.32
view2,204,view3,256,0.9999,49.08
view2,204,view3,260,0.9999,51.24
view2,204,view3,266,0.9999,55.36
view2,204,view3,267,0.9999,55.44
view2,204,view3,269,1.0,56.0
view2,204,view3,272,0.9999,57.6
view2,204,view3,280,0.9999,62.12
view2,204,view3,282,1.0,62.96
view2,219,view3,2,0.9999,84.84
view2,219,view3,5,0.9999,62.4
view2,219,view3,6,1.0,61.16
view2,219,view3,15,0.9999,67.08
view2,219,view3,16,0.9999,62.72
view2,219,view3,24,0.9999,56.72
view2,219,view3,28,0.9999,45.32
view2,219,view3,29,0.9999,50.32
view2,219,view3,33,1.0,46.08
view2,219,view3,34,0.9999,54.72
view2,219,view3,37,0.9999,28.44
view2,219,view3,39,1.0,24.32
view2,219,view3,44,1.0,40.32
view2,219,view3,49,0.9999,42.84
view2,219,view3,53,0.9999,36.76
view2,219,view3,62,0.9999,39.12
view2,219,view3,66,1.0,30.68
view2,219,view3,70,0.9999,35.32
view2,219,view3,71,0.9999,24.0
view2,219,view3,73,0.9999,32.04
view2,219,view3,77,0.9999,31.52
view2,219,view3,79,0.9999,29.36
view2,219,view3,81,1.0,24.04
view2,219,view3,82,0.9999,18.32
view2,219,view3,88,1.0,17.4
view2,219,view3,90,0.9999,20.96
view2,219,view3,94,1.0,20.32
view2,219,view3,96,0.9999,5.4
view2,219,view3,99,1.0,15.96
view2,219,view3,100,0.9999,19.28
view2,219,view3,106,1.0,12.32
view2,219,view3,108,0.9999,15.0
view2,219,view3,109,1.0,14.68
view2,219,view3,113,1.0,0.0
view2,219,view3,119,0.9999,6.48
view2,219,view3,121,0.9999,10.8
view2,219,view3,124,0.9999,9.8
view2,219,view3,128,1.0,8.72
view2,219,view3,129,1.0,0.0
view2,219,view3,131,0.9999,2.44
view2,219,view3,136,0.9999,0.0
view2,219,view3,144,0.9999,0.12
view2,219,view3,150,0.9999,0.0
view2,219,view3,153,0.9999,2.36
view2,219,view3,154,1.0,3.28
view2,219,view3,157,1.0,5.48
view2,219,view3,163,0.9999,7.84
view2,219,view3,165,0.9999,7.92
view2,219,view3,169,0.9999,8.44
view2,219,view3,181,0.9999,11.08
view2,219,view3,186,1.0,14.36
view2,219,view3,188,0.9999,15.2
view2,219,view3,195,0.9999,16.36
view2,219,view3,202,0.9999,18.68
view2,219,view3,203,1.0,18.72
view2,219,view3,205,0.9999,19.12
view2,219,view3,206,0.9999,20.4
view2,219,view3,209,1.0,21.24
view2,219,view3,212,1.0,21.64
view2,219,view3,214,0.9999,23.0
view2,219,view3,215,0.9999,25.2
view2,219,view3,216,0.9999,25.32
view2,219,view3,217,0.9999,25.56
view2,219,view3,223,0.9999,27.88
view2,219,view3,225,0.9999,28.52
view2,219,view3,227,0.9999,29.32
view2,219,view3,230,0.9999,30.2
view2,219,view3,231,1.0,30.28
view2,219,view3,233,0.9999,33.44
view2,219,view3,236,0.9999,35.4
view2,219,view3,240,0.9999,37.56
view2,219,view3,243,0.9999,38.64
view2,219,view3,244,1.0,39.72
view2,219,view3,252,0.9999,44.24
view2,219,view3,256,0.9999,46.0
view2,219,view3,260,0.9999,48.16
view2,219,view3,266,0.9999,52.28
view2,219,view3,267,0.9999,52.36
view2,219,view3,269,1.0,52.92
view2,219,view3,272,0.9999,54.52
view2,219,view3,280,0.9999,59.04
view2,219,view3,282,1.0,59.88
view2,223,view3,2,0.9999,85.88
view2,223,view3,5,0.9999,63.44
view2,223,view3,6,0.9999,62.2
view2,223,view3,15,0.9999,68.12
view2,223,view3,16,0.9999,63.76
view2,223,view3,24,0.9999,57.76
view2,223,view3,28,0.9999,46.36
view2,223,view3,29,0.9999,51.36
view2,223,view3,33,0.9999,47.12
view2,223,view3,34,0.9999,55.76
view2,223,view3,37,0.9999,29.48
view2,223,view3,39,0.9999,25.36
view2,223,view3,44,0.9999,41.36
view2,223,view3,49,0.9999,43.88
view2,223,view3,53,0.9999,37.8
view2,223,view3,62,0.9999,40.16
view2,223,view3,66,0.9999,31.72
view2,223,view3,70,0.9999,36.36
view2,223,view3,71,0.9999,25.04
view2,223,view3,73,0.9999,33.08
view2,223,view3,77,0.9999,32.56
view2,223,view3,79,0.9999,30.4
view2,223,view3,81,0.9999,25.08
view2,223,view3,82,0.9999,19.36
view2,223,view3,88,0.9999,18.44
view2,223,view3,90,0.9999,22.0
view2,223,view3,94,0.9999,21.36
view2,223,view3,96,0.9999,6.44
view2,223,view3,99,0.9999,17.0
view2,223,view3,100,0.9999,20.32
view2,223,view3,106,0.9999,13.36
view2,223,view3,108,0.9999,16.04
view2,223,view3,109,0.9999,15.72
view2,223,view3,113,0.9999,0.0
view2,223,view3,119,0.9999,7.52
view2,223,view3,121,0.9999,11.84
view2,223,view3,124,0.9999,10.84
view2,223,view3,128,0.9999,9.76
view2,223,view3,129,0.9999,0.0
view2,223,view3,131,0.9999,3.48
view2,223,view3,136,0.9999,0.0
view2,223,view3,144,0.9999,1.16
view2,223,view3,150,0.9999,0.0
view2,223,view3,153,0.9999,0.0
view2,223,view3,154,0.9999,0.0
view2,223,view3,157,0.9999,0.0
view2,223,view3,163,0.9999,0.92
view2,223,view3,165,0.9999,1.0
view2,223,view3,169,0.9999,1.52
view2,223,view3,181,0.9999,4.16
view2,223,view3,186,0.9999,7.44
view2,223,view3,188,0.9999,8.28
view2,223,view3,195,0.9999,9.44
view2,223,view3,202,0.9999,11.76
view2,223,view3,203,0.9999,11.8
view2,223,view3,205,0.9999,12.2
view2,223,view3,206,0.9999,13.48
view2,223,view3,209,0.9999,14.32
view2,223,view3,212,0.9999,14.72
view2,223,view3,214,0.9999,16.08
view2,223,view3,215,0.9999,18.28
view2,223,view3,216,0.9999,18.4
view2,223,view3,217,0.9999,18.64
view2,223,view3,223,0.9999,20.96
view2,223,view3,225,0.9999,21.6
view2,223,view3,227,0.9999,22.4
view2,223,view3,230,0.9999,23.28
view2,223,view3,231,0.9999,23.36
view2,223,view3,233,0.9999,26.52
view2,223,view3,236,0.9999,28.48
view2,223,view3,240,0.9999,30.64
view2,223,view3,243,0.9999,31.72
view2,223,view3,244,0.9999,32.8
view2,223,view3,252,0.9999,37.32
view2,223,view3,256,0.9999,39.08
view2,223,view3,260,0.9999,41.24
view2,223,view3,266,0.9999,45.36
view2,223,view3,267,0.9999,45.44
view2,223,view3,269,0.9999,46.0
view2,223,view3,272,0.9999,47.6
view2,223,view3,280,0.9999,52.12
view2,223,view3,282,0.9999,52.96
view2,230,view3,2,0.9999,87.76
view2,230,view3,5,0.9999,65.32
view2,230,view3,6,1.0,64.08
view2,230,view3,15,0.9999,70.0
view2,230,view3,16,0.9999,65.64
view2,230,view3,24,0.9999,59.64
view2,230,view3,28,0.9999,48.24
view2,230,view3,29,0.9999,53.24
view2,230,view3,33,1.0,49.0
view2,230,view3,34,0.9999,57.64
view2,230,view3,37,0.9999,31.36
view2,230,view3,39,1.0,27.24
view2,230,view3,44,1.0,43.24
view2,230,view3,49,0.9999,45.76
view2,230,view3,53,0.9999,39.68
view2,230,view3,62,0.9999,42.04
view2,230,view3,66,1.0,33.6
view2,230,view3,70,0.9999,38.24
view2,230,view3,71,0.9999,26.92
view2,230,view3,73,0.9999,34.96
view2,230,view3,77,0.9999,34.44
view2,230,view3,79,0.9999,32.28
view2,230,view3,81,1.0,26.96
view2,230,view3,82,0.9999,21.24
view2,230,view3,88,1.0,20.32
view2,230,view3,90,0.9999,23.88
view2,230,view3,94,1.0,23.24
view2,230,view3,96,0.9999,8.32
view2,230,view3,99,1.0,18.88
view2,230,view3,100,0.9999,22.2
view2,230,view3,106,1.0,15.24
view2,230,view3,108,0.9999,17.92
view2,230,view3,109,1.0,17.6
view2,230,view3,113,1.0,0.0
view2,230,view3,119,0.9999,9.4
view2,230,view3,121,0.9999,13.72
view2,230,view3,124,0.9999,12.72
view2,230,view3,128,1.0,11.64
view2,230,view3,129,1.0,0.0
view2,230,view3,131,0.9999,5.36
view2,230,view3,136,0.9999,1.32
view2,230,view3,144,0.9999,3.04
view2,230,view3,150,0.9999,0.0
view2,230,view3,153,0.9999,0.0
view2,230,view3,154,1.0,0.0
view2,230,view3,157,1.0,1.64
view2,230,view3,163,0.9999,4.0
view2,230,view3,165,0.9999,4.08
view2,230,view3,169,0.9999,4.6
view2,230,view3,181,0.9999,7.24
view2,230,view3,186,1.0,10.52
view2,230,view3,188,0.9999,11.36
view2,230,view3,195,0.9999,12.52
view2,230,view3,202,0.9999,14.84
view2,230,view3,203,1.0,14.88
view2,230,view3,205,0.9999,15.28
view2,230,view3,206,0.9999,16.56
view2,230,view3,209,1.0,17.4
view2,230,view3,212,1.0,17.8
view2,230,view3,214,0.9999,19.16
view2,230,view3,215,0.9999,21.36
view2,230,view3,216,0.9999,21.48
view2,230,view3,217,0.9999,21.72
view2,230,view3,223,0.9999,24.04
view2,230,view3,225,0.9999,24.68
view2,230,view3,227,0.9999,25.48
view2,230,view3,230,0.9999,26.36
view2,230,view3,231,1.0,26.44
view2,230,view3,233,0.9999,29.6
view2,230,view3,236,0.9999,31.56
view2,230,view3,240,0.9999,33.72
view2,230,view3,243,0.9999,34.8
view2,230,view3,244,1.0,35.88
view2,230,view3,252,0.9999,40.4
view2,230,view3,256,0.9999,42.16
view2,230,view3,260,0.9999,44.32
view2,230,view3,266,0.9999,48.44
view2,230,view3,267,0.9999,48.52
view2,230,view3,269,1.0,49.08
view2,230,view3,272,0.9999,50.68
view2,230,view3,280,0.9999,55.2
view2,230,view3,282,1.0,56.04
view2,238,view3,2,0.9999,89.28
view2,238,view3,5,0.9999,66.84
view2,238,view3,6,0.9999,65.6
view2,238,view3,15,0.9999,71.52
view2,238,view3,16,0.9999,67.16
view2,238,view3,24,0.9999,61.16
view2,238,view3,28,0.9999,49.76
view2,238,view3,29,0.9999,54.76
view2,238,view3,33,0.9999,50.52
view2,238,view3,34,0.9999,59.16
view2,238,view3,37,0.9999,32.88
view2,238,view3,39,0.9999,28.76
view2,238,view3,44,0.9999,44.76
view2,238,view3,49,0.9999,47.28
view2,238,view3,53,0.9999,41.2
view2,238,view3,62,0.9999,43.56
view2,238,view3,66,0.9999,35.12
view2,238,view3,70,0.9999,39.76
view2,238,view3,71,0.9999,28.44
view2,238,view3,73,0.9999,36.48
view2,238,view3,77,0.9999,35.96
view2,238,view3,79,0.9999,33.8
view2,238,view3,81,0.9999,28.48
view2,238,view3,82,0.9999,22.76
view2,238,view3,88,0.9999,21.84
view2,238,view3,90,0.9999,25.4
view2,238,view3,94,0.9999,24.76
view2,238,view3,96,0.9999,9.84
view2,238,view3,99,0.9999,20.4
view2,238,view3,100,0.9999,23.72
view2,238,view3,106,0.9999,16.76
view2,238,view3,108,0.9999,19.44
view2,238,view3,109,0.9999,19.12
view2,238,view3,113,0.9999,0.0
view2,238,view3,119,0.9999,10.92
view2,238,view3,121,0.9999,15.24
view2,238,view3,124,0.9999,14.24
view2,238,view3,128,0.9999,13.16
view2,238,view3,129,0.9999,0.0
view2,238,view3,131,0.9999,6.88
view2,238,view3,136,0.9999,2.84
view2,238,view3,144,0.9999,4.56
view2,238,view3,150,0.9999,0.0
view2,238,view3,153,0.9999,0.0
view2,238,view3,154,0.9999,0.0
view2,238,view3,157,0.9999,1.8
view2,238,view3,163,0.9999,4.16
view2,238,view3,165,0.9999,4.24
view2,238,view3,169,0.9999,4.76
view2,238,view3,181,0.9999,7.4
view2,238,view3,186,0.9999,10.68
view2,238,view3,188,0.9999,11.52
view2,238,view3,195,0.9999,12.68
view2,238,view3,202,0.9999,15.0
view2,238,view3,203,0.9999,15.04
view2,238,view3,205,0.9999,15.44
view2,238,view3,206,0.9999,16.72
view2,238,view3,209,0.9999,17.56
view2,238,view3,212,0.9999,17.96
view2,238,view3,214,0.9999,19.32
view2,238,view3,215,0.9999,21.52
view2,238,view3,216,0.9999,21.64
view2,238,view3,217,0.9999,21.88
view2,238,view3,223,0.9999,24.2
view2,238,view3,225,0.9999,24.84
view2,238,view3,227,0.9999,25.64
view2,238,view3,230,0.9999,26.52
view2,238,view3,231,0.9999,26.6
view2,238,view3,233,0.9999,29.76
view2,238,view3,236,0.9999,31.72
view2,238,view3,240,0.9999,33.88
view2,238,view3,243,0.9999,34.96
view2,238,view3,244,0.9999,36.04
view2,238,view3,252,0.9999,40.56
view2,238,view3,256,0.9999,42.32
view2,238,view3,260,0.9999,44.48
view2,238,view3,266,0.9999,48.6
view2,238,view3,267,0.9999,48.68
view2,238,view3,269,0.9999,49.24
view2,238,view3,272,0.9999,50.84
view2,238,view3,280,0.9999,55.36
view2,238,view3,282,0.9999,56.2
view2,247,view3,2,0.9999,91.12
view2,247,view3,5,0.9999,68.68
view2,247,view3,6,0.9999,67.44
view2,247,view3,15,0.9999,73.36
view2,247,view3,16,0.9999,69.0
view2,247,view3,24,0.9999,63.0
view2,247,view3,28,0.9999,51.6
view2,247,view3,29,0.9999,56.6
view2,247,view3,33,0.9999,52.36
view2,247,view3,34,0.9999,61.0
view2,247,view3,37,0.9999,34.72
view2,247,view3,39,0.9999,30.6
view2,247,view3,44,0.9999,46.6
view2,247,view3,49,0.9999,49.12
view2,247,view3,53,0.9999,43.04
view2,247,view3,62,0.9999,45.4
view2,247,view3,66,0.9999,36.96
view2,247,view3,70,0.9999,41.6
view2,247,view3,71,0.9999,30.28
view2,247,view3,73,0.9999,38.32
view2,247,view3,77,0.9999,37.8
view2,247,view3,79,0.9999,35.64
view2,247,view3,81,0.9999,30.32
view2,247,view3,82,0.9999,24.6
view2,247,view3,88,0.9999,23.68
view2,247,view3,90,0.9999,27.24
view2,247,view3,94,0.9999,26.6
view2,247,view3,96,0.9999,11.68
view2,247,view3,99,0.9999,22.24
view2,247,view3,100,0.9999,25.56
view2,247,view3,106,0.9999,18.6
view2,247,view3,108,0.9999,21.28
view2,247,view3,109,0.9999,20.96
view2,247,view3,113,0.9999,0.0
view2,247,view3,119,0.9999,12.76
view2,247,view3,121,0.9999,17.08
view2,247,view3,124,0.9999,16.08
view2,247,view3,128,0.9999,15.0
view2,247,view3,129,0.9999,0.68
view2,247,view3,131,0.9999,8.72
view2,247,view3,136,0.9999,4.68
view2,247,view3,144,0.9999,6.4
view2,247,view3,150,0.9999,0.0
view2,247,view3,153,0.9999,0.0
view2,247,view3,154,0.9999,0.0
view2,247,view3,157,0.9999,0.0
view2,247,view3,163,0.9999,0.0
view2,247,view3,165,0.9999,0.0
view2,247,view3,169,0.9999,0.0
view2,247,view3,181,0.9999,0.0
view2,247,view3,186,0.9999,0.0
view2,247,view3,188,0.9999,0.0
view2,247,view3,195,0.9999,0.0
view2,247,view3,202,0.9999,0.0
view2,247,view3,203,0.9999,0.0
view2,247,view3,205,0.9999,0.12
view2,247,view3,206,0.9999,1.4
view2,247,view3,209,0.9999,2.24
view2,247,view3,212,0.9999,2.64
view2,247,view3,214,0.9999,4.0
view2,247,view3,215,0.9999,6.2
view2,247,view3,216,0.9999,6.32
view2,247,view3,217,0.9999,6.56
view2,247,view3,223,0.9999,8.88
view2,247,view3,225,0.9999,9.52
view2,247,view3,227,0.9999,10.32
view2,247,view3,230,0.9999,11.2
view2,247,view3,231,0.9999,11.28
view2,247,view3,233,0.9999,14.44
view2,247,view3,236,0.9999,16.4
view2,247,view3,240,0.9999,18.56
view2,247,view3,243,0.9999,19.64
view2,247,view3,244,0.9999,20.72
view2,247,view3,252,0.9999,25.24
view2,247,view3,256,0.9999,27.0
view2,247,view3,260,0.9999,29.16
view2,247,view3,266,0.9999,33.28
view2,247,view3,267,0.9999,33.36
view2,247,view3,269,0.9999,33.92
view2,247,view3,272,0.9999,35.52
view2,247,view3,280,0.9999,40.04
view2,247,view3,282,0.9999,40.88
view2,253,view3,2,0.9999,93.48
view2,253,view3,5,0.9999,71.04
view2,253,view3,6,0.9999,69.8
view2,253,view3,15,0.9999,75.72
view2,253,view3,16,0.9999,71.36
view2,253,view3,24,0.9999,65.36
view2,253,view3,28,0.9999,53.96
view2,253,view3,29,0.9999,58.96
view2,253,view3,33,0.9999,54.72
view2,253,view3,34,0.9999,63.36
view2,253,view3,37,0.9999,37.08
view2,253,view3,39,1.0,32.96
view2,253,view3,44,1.0,48.96
view2,253,view3,49,0.9999,51.48
view2,253,view3,53,0.9999,45.4
view2,253,view3,62,0.9999,47.76
view2,253,view3,66,0.9999,39.32
view2,253,view3,70,0.9999,43.96
view2,253,view3,71,0.9999,32.64
view2,253,view3,73,0.9999,40.68
view2,253,view3,77,0.9999,40.16
view2,253,view3,79,0.9999,38.0
view2,253,view3,81,0.9999,32.68
view2,253,view3,82,0.9999,26.96
view2,253,view3,88,1.0,26.04
view2,253,view3,90,0.9999,29.6
view2,253,view3,94,0.9999,28.96
view2,253,view3,96,0.9999,14.04
view2,253,view3,99,0.9999,24.6
view2,253,view3,100,0.9999,27.92
view2,253,view3,106,0.9999,20.96
view2,253,view3,108,0.9999,23.64
view2,253,view3,109,1.0,23.32
view2,253,view3,113,0.9999,0.0
view2,253,view3,119,0.9999,15.12
view2,253,view3,121,0.9999,19.44
view2,253,view3,124,0.9999,18.44
view2,253,view3,128,1.0,17.36
view2,253,view3,129,0.9999,3.04
view2,253,view3,131,0.9999,11.08
view2,253,view3,136,0.9999,7.04
view2,253,view3,144,0.9999,8.76
view2,253,view3,150,0.9999,1.44
view2,253,view3,153,0.9999,1.24
view2,253,view3,154,1.0,0.0
view2,253,view3,157,0.9999,2.2
view2,253,view3,163,0.9999,0.0
view2,253,view3,165,0.9999,0.0
view2,253,view3,169,0.9999,0.0
view2,253,view3,181,0.9999,2.4
view2,253,view3,186,1.0,5.68
view2,253,view3,188,0.9999,6.52
view2,253,view3,195,0.9999,7.68
view2,253,view3,202,0.9999,10.0
view2,253,view3,203,0.9999,10.04
view2,253,view3,205,0.9999,10.44
view2,253,view3,206,0.9999,11.72
view2,253,view3,209,0.9999,12.56
view2,253,view3,212,1.0,12.96
view2,253,view3,214,0.9999,14.32
view2,253,view3,215,0.9999,16.52
view2,253,view3,216,0.9999,16.64
view2,253,view3,217,0.9999,16.88
view2,253,view3,223,0.9999,19.2
view2,253,view3,225,0.9999,19.84
view2,253,view3,227,0.9999,20.64
view2,253,view3,230,0.9999,21.52
view2,253,view3,231,1.0,21.6
view2,253,view3,233,0.9999,24.76
view2,253,view3,236,0.9999,26.72
view2,253,view3,240,0.9999,28.88
view2,253,view3,243,0.9999,29.96
view2,253,view3,244,0.9999,31.04
view2,253,view3,252,0.9999,35.56
view2,253,view3,256,0.9999,37.32
view2,253,view3,260,0.9999,39.48
view2,253,view3,266,0.9999,43.6
view2,253,view3,267,0.9999,43.68
view2,253,view3,269,0.9999,44.24
view2,253,view3,272,0.9999,45.84
view2,253,view3,280,0.9999,50.36
view2,253,view3,282,0.9999,51.2
view2,257,view3,2,0.9999,94.96
view2,257,view3,5,0.9999,72.52
view2,257,view3,6,0.9999,71.28
view2,257,view3,15,0.9999,77.2
view2,257,view3,16,0.9999,72.84
view2,257,view3,24,0.9999,66.84
view2,257,view3,28,0.9999,55.44
view2,257,view3,29,0.9999,60.44
view2,257,view3,33,0.9999,56.2
view2,257,view3,34,0.9999,64.84
view2,257,view3,37,0.9999,38.56
view2,257,view3,39,1.0,34.44
view2,257,view3,44,1.0,50.44
view2,257,view3,49,0.9999,52.96
view2,257,view3,53,0.9999,46.88
view2,257,view3,62,0.9999,49.24
view2,257,view3,66,0.9999,40.8
view2,257,view3,70,0.9999,45.44
view2,257,view3,71,0.9999,34.12
view2,257,view3,73,0.9999,42.16
view2,257,view3,77,0.9999,41.64
view2,257,view3,79,0.9999,39.48
view2,257,view3,81,0.9999,34.16
view2,257,view3,82,0.9999,28.44
view2,257,view3,88,1.0,27.52
view2,257,view3,90,0.9999,31.08
view2,257,view3,94,0.9999,30.44
view2,257,view3,96,0.9999,15.52
view2,257,view3,99,0.9999,26.08
view2,257,view3,100,0.9999,29.4
view2,257,view3,106,0.9999,22.44
view2,257,view3,108,0.9999,25.12
view2,257,view3,109,1.0,24.8
view2,257,view3,113,0.9999,0.0
view2,257,view3,119,0.9999,16.6
view2,257,view3,121,0.9999,20.92
view2,257,view3,124,0.9999,19.92
view2,257,view3,128,1.0,18.84
view2,257,view3,129,1.0,4.52
view2,257,view3,131,0.9999,12.56
view2,257,view3,136,0.9999,8.52
view2,257,view3,144,0.9999,10.24
view2,257,view3,150,0.9999,2.92
view2,257,view3,153,0.9999,2.72
view2,257,view3,154,1.0,0.0
view2,257,view3,157,0.9999,3.68
view2,257,view3,163,0.9999,0.0
view2,257,view3,165,0.9999,0.0
view2,257,view3,169,0.9999,0.12
view2,257,view3,181,0.9999,0.0
view2,257,view3,186,1.0,3.0
view2,257,view3,188,0.9999,3.84
view2,257,view3,195,0.9999,5.0
view2,257,view3,202,0.9999,7.32
view2,257,view3,203,0.9999,7.36
view2,257,view3,205,0.9999,7.76
view2,257,view3,206,0.9999,9.04
view2,257,view3,209,0.9999,9.88
view2,257,view3,212,1.0,10.28
view2,257,view3,214,0.9999,11.64
view2,257,view3,215,0.9999,13.84
view2,257,view3,216,0.9999,13.96
view2,257,view3,217,0.9999,14.2
view2,257,view3,223,0.9999,16.52
view2,257,view3,225,0.9999,17.16
view2,257,view3,227,0.9999,17.96
view2,257,view3,230,0.9999,18.84
view2,257,view3,231,1.0,18.92
view2,257,view3,233,0.9999,22.08
view2,257,view3,236,0.9999,24.04
view2,257,view3,240,0.9999,26.2
view2,257,view3,243,0.9999,27.28
view2,257,view3,244,0.9999,28.36
view2,257,view3,252,0.9999,32.88
view2,257,view3,256,0.9999,34.64
view2,257,view3,260,0.9999,36.8
view2,257,view3,266,0.9999,40.92
view2,257,view3,267,0.9999,41.0
view2,257,view3,269,1.0,41.56
view2,257,view3,272,0.9999,43.16
view2,257,view3,280,0.9999,47.68
view2,257,view3,282,1.0,48.52
view2,262,view3,2,0.9999,97.56
view2,262,view3,5,0.9999,75.12
view2,262,view3,6,0.9999,73.88
view2,262,view3,15,0.9999,79.8
view2,262,view3,16,0.9999,75.44
view2,262,view3,24,0.9999,69.44
view2,262,view3,28,0.9999,58.04
view2,262,view3,29,0.9999,63.04
view2,262,view3,33,0.9999,58.8
view2,262,view3,34,0.9999,67.44
view2,262,view3,37,0.9999,41.16
view2,262,view3,39,0.9999,37.04
view2,262,view3,44,0.9999,53.04
view2,262,view3,49,0.9999,55.56
view2,262,view3,53,0.9999,49.48
view2,262,view3,62,0.9999,51.84
view2,262,view3,66,0.9999,43.4
view2,262,view3,70,0.9999,48.04
view2,262,view3,71,0.9999,36.72
view2,262,view3,73,0.9999,44.76
view2,262,view3,77,0.9999,44.24
view2,262,view3,79,0.9999,42.08
view2,262,view3,81,0.9999,36.76
view2,262,view3,82,0.9999,31.04
view2,262,view3,88,0.9999,30.12
view2,262,view3,90,0.9999,33.68
view2,262,view3,94,0.9999,33.04
view2,262,view3,96,0.9999,18.12
view2,262,view3,99,0.9999,28.68
view2,262,view3,100,0.9999,32.0
view2,262,view3,106,0.9999,25.04
view2,262,view3,108,0.9999,27.72
view2,262,view3,109,0.9999,27.4
view2,262,view3,113,0.9999,0.56
view2,262,view3,119,0.9999,19.2
view2,262,view3,121,0.9999,23.52
view2,262,view3,124,0.9999,22.52
view2,262,view3,128,0.9999,21.44
view2,262,view3,129,0.9999,7.12
view2,262,view3,131,0.9999,15.16
view2,262,view3,136,0.9999,11.12
view2,262,view3,144,0.9999,12.84
view2,262,view3,150,0.9999,5.52
view2,262,view3,153,0.9999,5.32
view2,262,view3,154,0.9999,0.0
view2,262,view3,157,0.9999,6.28
view2,262,view3,163,0.9999,2.44
view2,262,view3,165,0.9999,0.0
view2,262,view3,169,0.9999,2.72
view2,262,view3,181,0.9999,0.0
view2,262,view3,186,0.9999,0.0
view2,262,view3,188,0.9999,0.0
view2,262,view3,195,0.9999,0.0
view2,262,view3,202,0.9999,0.0
view2,262,view3,203,0.9999,0.0
view2,262,view3,205,0.9999,0.0
view2,262,view3,206,0.9999,0.0
view2,262,view3,209,0.9999,0.0
view2,262,view3,212,0.9999,0.0
view2,262,view3,214,0.9999,0.52
view2,262,view3,215,0.9999,2.72
view2,262,view3,216,0.9999,2.84
view2,262,view3,217,0.9999,3.08
view2,262,view3,223,0.9999,5.4
view2,262,view3,225,0.9999,6.04
view2,262,view3,227,0.9999,6.84
view2,262,view3,230,0.9999,7.72
view2,262,view3,231,0.9999,7.8
view2,262,view3,233,0.9999,10.96
view2,262,view3,236,0.9999,12.92
view2,262,view3,240,0.9999,15.08
view2,262,view3,243,0.9999,16.16
view2,262,view3,244,0.9999,17.24
view2,262,view3,252,0.9999,21.76
view2,262,view3,256,0.9999,23.52
view2,262,view3,260,0.9999,25.68
view2,262,view3,266,0.9999,29.8
view2,262,view3,267,0.9999,29.88
view2,262,view3,269,0.9999,30.44
view2,262,view3,272,0.9999,32.04
view2,262,view3,280,0.9999,36.56
view2,262,view3,282,0.9999,37.4
view2,275,view3,2,0.9999,101.64
view2,275,view3,5,0.9999,79.2
view2,275,view3,6,1.0,77.96
view2,275,view3,15,0.9999,83.88
view2,275,view3,16,0.9999,79.52
view2,275,view3,24,0.9999,73.52
view2,275,view3,28,0.9999,62.12
view2,275,view3,29,0.9999,67.12
view2,275,view3,33,1.0,62.88
view2,275,view3,34,0.9999,71.52
view2,275,view3,37,0.9999,45.24
view2,275,view3,39,1.0,41.12
view2,275,view3,44,1.0,57.12
view2,275,view3,49,0.9999,59.64
view2,275,view3,53,0.9999,53.56
view2,275,view3,62,0.9999,55.92
view2,275,view3,66,1.0,47.48
view2,275,view3,70,0.9999,52.12
view2,275,view3,71,0.9999,40.8
view2,275,view3,73,0.9999,48.84
view2,275,view3,77,0.9999,48.32
view2,275,view3,79,0.9999,46.16
view2,275,view3,81,1.0,40.84
view2,275,view3,82,0.9999,35.12
view2,275,view3,88,1.0,34.2
view2,275,view3,90,0.9999,37.76
view2,275,view3,94,1.0,37.12
view2,275,view3,96,0.9999,22.2
view2,275,view3,99,1.0,32.76
view2,275,view3,100,0.9999,36.08
view2,275,view3,106,1.0,29.12
view2,275,view3,108,0.9999,31.8
view2,275,view3,109,1.0,31.48
view2,275,view3,113,1.0,4.64
view2,275,view3,119,0.9999,23.28
view2,275,view3,121,0.9999,27.6
view2,275,view3,124,0.9999,26.6
view2,275,view3,128,1.0,25.52
view2,275,view3,129,1.0,11.2
view2,275,view3,131,0.9999,19.24
view2,275,view3,136,0.9999,15.2
view2,275,view3,144,0.9999,16.92
view2,275,view3,150,0.9999,9.6
view2,275,view3,153,0.9999,9.4
view2,275,view3,154,1.0,1.64
view2,275,view3,157,1.0,10.36
view2,275,view3,163,0.9999,6.52
view2,275,view3,165,0.9999,0.0
view2,275,view3,169,0.9999,6.8
view2,275,view3,181,0.9999,0.0
view2,275,view3,186,1.0,0.0
view2,275,view3,188,0.9999,0.52
view2,275,view3,195,0.9999,0.0
view2,275,view3,202,0.9999,1.08
view2,275,view3,203,1.0,1.12
view2,275,view3,205,0.9999,1.52
view2,275,view3,206,0.9999,2.8
view2,275,view3,209,1.0,3.64
view2,275,view3,212,1.0,4.04
view2,275,view3,214,0.9999,5.4
view2,275,view3,215,0.9999,7.6
view2,275,view3,216,0.9999,7.72
view2,275,view3,217,0.9999,7.96
view2,275,view3,223,0.9999,10.28
view2,275,view3,225,0.9999,10.92
view2,275,view3,227,0.9999,11.72
view2,275,view3,230,0.9999,12.6
view2,275,view3,231,1.0,12.68
view2,275,view3,233,0.9999,15.84
view2,275,view3,236,0.9999,17.8
view2,275,view3,240,0.9999,19.96
view2,275,view3,243,0.9999,21.04
view2,275,view3,244,1.0,22.12
view2,275,view3,252,0.9999,26.64
view2,275,view3,256,1.0,28.4
view2,275,view3,260,0.9999,30.56
view2,275,view3,266,0.9999,34.68
view2,275,view3,267,0.9999,34.76
view2,275,view3,269,1.0,35.32
view2,275,view3,272,0.9999,36.92
view2,275,view3,280,0.9999,41.44
view2,275,view3,282,1.0,42.28
view2,281,view3,2,0.9999,102.8
view2,281,view3,5,0.9999,80.36
view2,281,view3,6,0.9999,79.12
view2,281,view3,15,0.9999,85.04
view2,281,view3,16,0.9999,80.68
view2,281,view3,24,0.9999,74.68
view2,281,view3,28,0.9999,63.28
view2,281,view3,29,0.9999,68.28
view2,281,view3,33,0.9999,64.04
view2,281,view3,34,0.9999,72.68
view2,281,view3,37,0.9999,46.4
view2,281,view3,39,0.9999,42.28
view2,281,view3,44,0.9999,58.28
view2,281,view3,49,0.9999,60.8
view2,281,view3,53,0.9999,54.72
view2,281,view3,62,0.9999,57.08
view2,281,view3,66,0.9999,48.64
view2,281,view3,70,0.9999,53.28
view2,281,view3,71,0.9999,41.96
view2,281,view3,73,0.9999,50.0
view2,281,view3,77,0.9999,49.48
view2,281,view3,79,0.9999,47.32
view2,281,view3,81,0.9999,42.0
view2,281,view3,82,0.9999,36.28
view2,281,view3,88,0.9999,35.36
view2,281,view3,90,0.9999,38.92
view2,281,view3,94,0.9999,38.28
view2,281,view3,96,0.9999,23.36
view2,281,view3,99,0.9999,33.92
view2,281,view3,100,0.9999,37.24
view2,281,view3,106,0.9999,30.28
view2,281,view3,108,0.9999,32.96
view2,281,view3,109,0.9999,32.64
view2,281,view3,113,0.9999,5.8
view2,281,view3,119,0.9999,24.44
view2,281,view3,121,0.9999,28.76
view2,281,view3,124,0.9999,27.76
view2,281,view3,128,0.9999,26.68
view2,281,view3,129,0.9999,12.36
view2,281,view3,131,0.9999,20.4
view2,281,view3,136,0.9999,16.36
view2,281,view3,144,0.9999,18.08
view2,281,view3,150,0.9999,10.76
view2,281,view3,153,0.9999,10.56
view2,281,view3,154,0.9999,2.8
view2,281,view3,157,0.9999,11.52
view2,281,view3,163,0.9999,7.68
view2,281,view3,165,0.9999,0.28
view2,281,view3,169,0.9999,7.96
view2,281,view3,181,0.9999,0.0
view2,281,view3,186,0.9999,0.0
view2,281,view3,188,0.9999,1.68
view2,281,view3,195,0.9999,0.0
view2,281,view3,202,0.9999,0.0
view2,281,view3,203,0.9999,0.0
view2,281,view3,205,0.9999,0.0
view2,281,view3,206,0.9999,0.0
view2,281,view3,209,0.9999,0.0
view2,281,view3,212,0.9999,0.0
view2,281,view3,214,0.9999,0.0
view2,281,view3,215,0.9999,0.0
view2,281,view3,216,0.9999,0.0
view2,281,view3,217,0.9999,0.0
view2,281,view3,223,0.9999,0.0
view2,281,view3,225,0.9999,0.0
view2,281,view3,227,0.9999,0.0
view2,281,view3,230,0.9999,0.0
view2,281,view3,231,0.9999,0.0
view2,281,view3,233,0.9999,0.0
view2,281,view3,236,0.9999,0.0
view2,281,view3,240,0.9999,0.0
view2,281,view3,243,0.9999,0.0
view2,281,view3,244,0.9999,0.0
view2,281,view3,252,0.9999,0.0
view2,281,view3,256,0.9999,1.68
view2,281,view3,260,0.9999,3.84
view2,281,view3,266,0.9999,7.96
view2,281,view3,267,0.9999,8.04
view2,281,view3,269,0.9999,8.6
view2,281,view3,272,0.9999,10.2
view2,281,view3,280,0.9999,14.72
view2,281,view3,282,0.9999,15.56
view2,286,view3,2,0.9999,105.08
view2,286,view3,5,0.9999,82.64
view2,286,view3,6,1.0,81.4
view2,286,view3,15,0.9999,87.32
view2,286,view3,16,0.9999,82.96
view2,286,view3,24,0.9999,76.96
view2,286,view3,28,0.9999,65.56
view2,286,view3,29,0.9999,70.56
view2,286,view3,33,1.0,66.32
view2,286,view3,34,0.9999,74.96
view2,286,view3,37,0.9999,48.68
view2,286,view3,39,1.0,44.56
view2,286,view3,44,1.0,60.56
view2,286,view3,49,0.9999,63.08
view2,286,view3,53,0.9999,57.0
view2,286,view3,62,0.9999,59.36
view2,286,view3,66,1.0,50.92
view2,286,view3,70,0.9999,55.56
view2,286,view3,71,0.9999,44.24
view2,286,view3,73,0.9999,52.28
view2,286,view3,77,0.9999,51.76
view2,286,view3,79,0.9999,49.6
view2,286,view3,81,1.0,44.28
view2,286,view3,82,0.9999,38.56
view2,286,view3,88,1.0,37.64
view2,286,view3,90,0.9999,41.2
view2,286,view3,94,1.0,40.56
view2,286,view3,96,0.9999,25.64
view2,286,view3,99,1.0,36.2
view2,286,view3,100,0.9999,39.52
view2,286,view3,106,1.0,32.56
view2,286,view3,108,0.9999,35.24
view2,286,view3,109,1.0,34.92
view2,286,view3,113,1.0,8.08
view2,286,view3,119,0.9999,26.72
view2,286,view3,121,0.9999,31.04
view2,286,view3,124,0.9999,30.04
view2,286,view3,128,1.0,28.96
view2,286,view3,129,1.0,14.64
view2,286,view3,131,0.9999,22.68
view2,286,view3,136,0.9999,18.64
view2,286,view3,144,0.9999,20.36
view2,286,view3,150,0.9999,13.04
view2,286,view3,153,0.9999,12.84
view2,286,view3,154,1.0,5.08
view2,286,view3,157,0.9999,13.8
view2,286,view3,163,0.9999,9.96
view2,286,view3,165,0.9999,2.56
view2,286,view3,169,0.9999,10.24
view2,286,view3,181,0.9999,0.24
view2,286,view3,186,1.0,1.48
view2,286,view3,188,0.9999,3.96
view2,286,view3,195,0.9999,0.0
view2,286,view3,202,0.9999,0.08
view2,286,view3,203,1.0,0.0
view2,286,view3,205,0.9999,0.0
view2,286,view3,206,0.9999,0.0
view2,286,view3,209,1.0,0.4
view2,286,view3,212,1.0,0.8
view2,286,view3,214,0.9999,2.16
view2,286,view3,215,0.9999,4.36
view2,286,view3,216,0.9999,4.48
view2,286,view3,217,0.9999,4.72
view2,286,view3,223,0.9999,7.04
view2,286,view3,225,0.9999,7.68
view2,286,view3,227,0.9999,8.48
view2,286,view3,230,0.9999,9.36
view2,286,view3,231,1.0,9.44
view2,286,view3,233,0.9999,12.6
view2,286,view3,236,0.9999,14.56
view2,286,view3,240,0.9999,16.72
view2,286,view3,243,0.9999,17.8
view2,286,view3,244,1.0,18.88
view2,286,view3,252,0.9999,23.4
view2,286,view3,256,0.9999,25.16
view2,286,view3,260,0.9999,27.32
view2,286,view3,266,0.9999,31.44
view2,286,view3,267,0.9999,31.52
view2,286,view3,269,1.0,32.08
view2,286,view3,272,0.9999,33.68
view2,286,view3,280,0.9999,38.2
view2,286,view3,282,1.0,39.04
view2,288,view3,2,0.9999,105.24
view2,288,view3,5,0.9999,82.8
view2,288,view3,6,0.9999,81.56
view2,288,view3,15,0.9999,87.48
view2,288,view3,16,0.9999,83.12
view2,288,view3,24,0.9999,77.12
view2,288,view3,28,0.9999,65.72
view2,288,view3,29,0.9999,70.72
view2,288,view3,33,0.9999,66.48
view2,288,view3,34,0.9999,75.12
view2,288,view3,37,0.9999,48.84
view2,288,view3,39,0.9999,44.72
view2,288,view3,44,0.9999,60.72
view2,288,view3,49,0.9999,63.24
view2,288,view3,53,0.9999,57.16
view2,288,view3,62,0.9999,59.52
view2,288,view3,66,0.9999,51.08
view2,288,view3,70,0.9999,55.72
view2,288,view3,71,0.9999,44.4
view2,288,view3,73,0.9999,52.44
view2,288,view3,77,0.9999,51.92
view2,288,view3,79,0.9999,49.76
view2,288,view3,81,0.9999,44.44
view2,288,view3,82,0.9999,38.72
view2,288,view3,88,0.9999,37.8
view2,288,view3,90,0.9999,41.36
view2,288,view3,94,0.9999,40.72
view2,288,view3,96,0.9999,25.8
view2,288,view3,99,0.9999,36.36
view2,288,view3,100,0.9999,39.68
view2,288,view3,106,0.9999,32.72
view2,288,view3,108,0.9999,35.4
view2,288,view3,109,0.9999,35.08
view2,288,view3,113,0.9999,8.24
view2,288,view3,119,0.9999,26.88
view2,288,view3,121,0.9999,31.2
view2,288,view3,124,0.9999,30.2
view2,288,view3,128,0.9999,29.12
view2,288,view3,129,0.9999,14.8
view2,288,view3,131,0.9999,22.84
view2,288,view3,136,0.9999,18.8
view2,288,view3,144,0.9999,20.52
view2,288,view3,150,0.9999,13.2
view2,288,view3,153,0.9999,13.0
view2,288,view3,154,0.9999,5.24
view2,288,view3,157,0.9999,13.96
view2,288,view3,163,0.9999,10.12
view2,288,view3,165,0.9999,2.72
view2,288,view3,169,0.9999,10.4
view2,288,view3,181,0.9999,0.4
view2,288,view3,186,0.9999,1.64
view2,288,view3,188,0.9999,4.12
view2,288,view3,195,0.9999,0.0
view2,288,view3,202,0.9999,0.24
view2,288,view3,203,0.9999,0.0
view2,288,view3,205,0.9999,0.0
view2,288,view3,206,0.9999,0.0
view2,288,view3,209,0.9999,0.0
view2,288,view3,212,0.9999,0.0
view2,288,view3,214,0.9999,0.0
view2,288,view3,215,0.9999,0.0
view2,288,view3,216,0.9999,0.0
view2,288,view3,217,0.9999,0.0
view2,288,view3,223,0.9999,0.0
view2,288,view3,225,0.9999,0.0
view2,288,view3,227,0.9999,0.0
view2,288,view3,230,0.9999,0.0
view2,288,view3,231,0.9999,0.0
view2,288,view3,233,0.9999,0.0
view2,288,view3,236,0.9999,0.0
view2,288,view3,240,0.9999,0.2
view2,288,view3,243,0.9999,1.28
view2,288,view3,244,0.9999,2.36
view2,288,view3,252,0.9999,6.88
view2,288,view3,256,0.9999,8.64
view2,288,view3,260,0.9999,10.8
view2,288,view3,266,0.9999,14.92
view2,288,view3,267,0.9999,15.0
view2,288,view3,269,0.9999,15.56
view2,288,view3,272,0.9999,17.16
view2,288,view3,280,0.9999,21.68
view2,288,view3,282,0.9999,22.52
view2,296,view3,2,0.9999,108.72
view2,296,view3,5,0.9999,86.28
view2,296,view3,6,0.9999,85.04
view2,296,view3,15,0.9999,90.96
view2,296,view3,16,0.9999,86.6
view2,296,view3,24,0.9999,80.6
view2,296,view3,28,0.9999,69.2
view2,296,view3,29,0.9999,74.2
view2,296,view3,33,0.9999,69.96
view2,296,view3,34,0.9999,78.6
view2,296,view3,37,0.9999,52.32
view2,296,view3,39,0.9999,48.2
view2,296,view3,44,0.9999,64.2
view2,296,view3,49,0.9999,66.72
view2,296,view3,53,0.9999,60.64
view2,296,view3,62,0.9999,63.0
view2,296,view3,66,0.9999,54.56
view2,296,view3,70,0.9999,59.2
view2,296,view3,71,0.9999,47.88
view2,296,view3,73,0.9999,55.92
view2,296,view3,77,0.9999,55.4
view2,296,view3,79,0.9999,53.24
view2,296,view3,81,0.9999,47.92
view2,296,view3,82,0.9999,42.2
view2,296,view3,88,0.9999,41.28
view2,296,view3,90,0.9999,44.84
view2,296,view3,94,0.9999,44.2
view2,296,view3,96,0.9999,29.28
view2,296,view3,99,0.9999,39.84
view2,296,view3,100,0.9999,43.16
view2,296,view3,106,0.9999,36.2
view2,296,view3,108,0.9999,38.88
view2,296,view3,109,0.9999,38.56
view2,296,view3,113,0.9999,11.72
view2,296,view3,119,0.9999,30.36
view2,296,view3,121,0.9999,34.68
view2,296,view3,124,0.9999,33.68
view2,296,view3,128,0.9999,32.6
view2,296,view3,129,0.9999,18.28
view2,296,view3,131,0.9999,26.32
view2,296,view3,136,0.9999,22.28
view2,296,view3,144,0.9999,24.0
view2,296,view3,150,0.9999,16.68
view2,296,view3,153,0.9999,16.48
view2,296,view3,154,0.9999,8.72
view2,296,view3,157,0.9999,17.44
view2,296,view3,163,0.9999,13.6
view2,296,view3,165,0.9999,6.2
view2,296,view3,169,0.9999,13.88
view2,296,view3,181,0.9999,3.88
view2,296,view3,186,0.9999,5.12
view2,296,view3,188,0.9999,7.6
view2,296,view3,195,0.9999,0.12
view2,296,view3,202,0.9999,3.72
view2,296,view3,203,0.9999,0.0
view2,296,view3,205,0.9999,0.0
view2,296,view3,206,0.9999,2.4
view2,296,view3,209,0.9999,0.0
view2,296,view3,212,0.9999,1.28
view2,296,view3,214,0.9999,0.0
view2,296,view3,215,0.9999,1.28
view2,296,view3,216,0.9999,1.4
view2,296,view3,217,0.9999,1.64
view2,296,view3,223,0.9999,3.96
view2,296,view3,225,0.9999,4.6
view2,296,view3,227,0.9999,5.4
view2,296,view3,230,0.9999,6.28
view2,296,view3,231,0.9999,6.36
view2,296,view3,233,0.9999,9.52
view2,296,view3,236,0.9999,11.48
view2,296,view3,240,0.9999,13.64
view2,296,view3,243,0.9999,14.72
view2,296,view3,244,0.9999,15.8
view2,296,view3,252,0.9999,20.32
view2,296,view3,256,0.9999,22.08
view2,296,view3,260,0.9999,24.24
view2,296,view3,266,0.9999,28.36
view2,296,view3,267,0.9999,28.44
view2,296,view3,269,0.9999,29.0
view2,296,view3,272,0.9999,30.6
view2,296,view3,280,0.9999,35.12
view2,296,view3,282,0.9999,35.96
view2,299,view3,2,0.9999,109.76
view2,299,view3,5,0.9999,87.32
view2,299,view3,6,0.9999,86.08
view2,299,view3,15,0.9999,92.0
view2,299,view3,16,0.9999,87.64
view2,299,view3,24,0.9999,81.64
view2,299,view3,28,0.9999,70.24
view2,299,view3,29,0.9999,75.24
view2,299,view3,33,0.9999,71.0
view2,299,view3,34,0.9999,79.64
view2,299,view3,37,0.9999,53.36
view2,299,view3,39,0.9999,49.24
view2,299,view3,44,0.9999,65.24
view2,299,view3,49,0.9999,67.76
view2,299,view3,53,0.9999,61.68
view2,299,view3,62,0.9999,64.04
view2,299,view3,66,0.9999,55.6
view2,299,view3,70,0.9999,60.24
view2,299,view3,71,0.9999,48.92
view2,299,view3,73,0.9999,56.96
view2,299,view3,77,0.9999,56.44
view2,299,view3,79,0.9999,54.28
view2,299,view3,81,0.9999,48.96
view2,299,view3,82,0.9999,43.24
view2,299,view3,88,0.9999,42.32
view2,299,view3,90,0.9999,45.88
view2,299,view3,94,0.9999,45.24
view2,299,view3,96,0.9999,30.32
view2,299,view3,99,0.9999,40.88
view2,299,view3,100,0.9999,44.2
view2,299,view3,106,0.9999,37.24
view2,299,view3,108,0.9999,39.92
view2,299,view3,109,0.9999,39.6
view2,299,view3,113,0.9999,12.76
view2,299,view3,119,0.9999,31.4
view2,299,view3,121,0.9999,35.72
view2,299,view3,124,0.9999,34.72
view2,299,view3,128,0.9999,33.64
view2,299,view3,129,0.9999,19.32
view2,299,view3,131,0.9999,27.36
view2,299,view3,136,0.9999,23.32
view2,299,view3,144,0.9999,25.04
view2,299,view3,150,0.9999,17.72
view2,299,view3,153,0.9999,17.52
view2,299,view3,154,0.9999,9.76
view2,299,view3,157,0.9999,18.48
view2,299,view3,163,0.9999,14.64
view2,299,view3,165,0.9999,7.24
view2,299,view3,169,0.9999,14.92
view2,299,view3,181,0.9999,4.92
view2,299,view3,186,0.9999,6.16
view2,299,view3,188,0.9999,8.64
view2,299,view3,195,0.9999,1.16
view2,299,view3,202,0.9999,4.76
view2,299,view3,203,0.9999,0.0
view2,299,view3,205,0.9999,0.0
view2,299,view3,206,0.9999,3.44
view2,299,view3,209,0.9999,0.0
view2,299,view3,212,0.9999,2.32
view2,299,view3,214,0.9999,0.64
view2,299,view3,215,0.9999,0.0
view2,299,view3,216,0.9999,0.0
view2,299,view3,217,0.9999,0.0
view2,299,view3,223,0.9999,1.12
view2,299,view3,225,0.9999,1.76
view2,299,view3,227,0.9999,2.56
view2,299,view3,230,0.9999,3.44
view2,299,view3,231,0.9999,3.52
view2,299,view3,233,0.9999,6.68
view2,299,view3,236,0.9999,8.64
view2,299,view3,240,0.9999,10.8
view2,299,view3,243,0.9999,11.88
view2,299,view3,244,0.9999,12.96
view2,299,view3,252,0.9999,17.48
view2,299,view3,256,0.9999,19.24
view2,299,view3,260,0.9999,21.4
view2,299,view3,266,0.9999,25.52
view2,299,view3,267,0.9999,25.6
view2,299,view3,269,0.9999,26.16
view2,299,view3,272,0.9999,27.76
view2,299,view3,280,0.9999,32.28
view2,299,view3,282,0.9999,33.12
view2,311,view3,2,0.9999,113.12
view2,311,view3,5,0.9999,90.68
view2,311,view3,6,0.9999,89.44
view2,311,view3,15,0.9999,95.36
view2,311,view3,16,0.9999,91.0
view2,311,view3,24,0.9999,85.0
view2,311,view3,28,0.9999,73.6
view2,311,view3,29,0.9999,78.6
view2,311,view3,33,0.9999,74.36
view2,311,view3,34,0.9999,83.0
view2,311,view3,37,0.9999,56.72
view2,311,view3,39,0.9999,52.6
view2,311,view3,44,0.9999,68.6
view2,311,view3,49,0.9999,71.12
view2,311,view3,53,0.9999,65.04
view2,311,view3,62,0.9999,67.4
view2,311,view3,66,0.9999,58.96
view2,311,view3,70,0.9999,63.6
view2,311,view3,71,0.9999,52.28
view2,311,view3,73,0.9999,60.32
view2,311,view3,77,0.9999,59.8
view2,311,view3,79,0.9999,57.64
view2,311,view3,81,0.9999,52.32
view2,311,view3,82,0.9999,46.6
view2,311,view3,88,0.9999,45.68
view2,311,view3,90,0.9999,49.24
view2,311,view3,94,0.9999,48.6
view2,311,view3,96,0.9999,33.68
view2,311,view3,99,0.9999,44.24
view2,311,view3,100,0.9999,47.56
view2,311,view3,106,0.9999,40.6
view2,311,view3,108,0.9999,43.28
view2,311,view3,109,0.9999,42.96
view2,311,view3,113,0.9999,16.12
view2,311,view3,119,0.9999,34.76
view2,311,view3,121,0.9999,39.08
view2,311,view3,124,0.9999,38.08
view2,311,view3,128,0.9999,37.0
view2,311,view3,129,0.9999,22.68
view2,311,view3,131,0.9999,30.72
view2,311,view3,136,0.9999,26.68
view2,311,view3,144,0.9999,28.4
view2,311,view3,150,0.9999,21.08
view2,311,view3,153,0.9999,20.88
view2,311,view3,154,0.9999,13.12
view2,311,view3,157,0.9999,21.84
view2,311,view3,163,0.9999,18.0
view2,311,view3,165,0.9999,10.6
view2,311,view3,169,0.9999,18.28
view2,311,view3,181,0.9999,8.28
view2,311,view3,186,0.9999,9.52
view2,311,view3,188,0.9999,12.0
view2,311,view3,195,0.9999,4.52
view2,311,view3,202,0.9999,8.12
view2,311,view3,203,0.9999,0.0
view2,311,view3,205,0.9999,2.88
view2,311,view3,206,0.9999,6.8
view2,311,view3,209,0.9999,0.0
view2,311,view3,212,0.9999,5.68
view2,311,view3,214,0.9999,4.0
view2,311,view3,215,0.9999,2.12
view2,311,view3,216,0.9999,0.0
view2,311,view3,217,0.9999,0.32
view2,311,view3,223,0.9999,0.0
view2,311,view3,225,0.9999,0.0
view2,311,view3,227,0.9999,0.0
view2,311,view3,230,0.9999,0.0
view2,311,view3,231,0.9999,0.0
view2,311,view3,233,0.9999,1.72
view2,311,view3,236,0.9999,3.68
view2,311,view3,240,0.9999,5.84
view2,311,view3,243,0.9999,6.92
view2,311,view3,244,0.9999,8.0
view2,311,view3,252,0.9999,12.52
view2,311,view3,256,0.9999,14.28
view2,311,view3,260,0.9999,16.44
view2,311,view3,266,0.9999,20.56
view2,311,view3,267,0.9999,20.64
view2,311,view3,269,0.9999,21.2
view2,311,view3,272,0.9999,22.8
view2,311,view3,280,0.9999,27.32
view2,311,view3,282,0.9999,28.16
view2,316,view3,2,0.9999,116.64
view2,316,view3,5,0.9999,94.2
view2,316,view3,6,1.0,92.96
view2,316,view3,15,0.9999,98.88
view2,316,view3,16,0.9999,94.52
view2,316,view3,24,0.9999,88.52
view2,316,view3,28,0.9999,77.12
view2,316,view3,29,0.9999,82.12
view2,316,view3,33,1.0,77.88
view2,316,view3,34,0.9999,86.52
view2,316,view3,37,0.9999,60.24
view2,316,view3,39,1.0,56.12
view2,316,view3,44,1.0,72.12
view2,316,view3,49,0.9999,74.64
view2,316,view3,53,0.9999,68.56
view2,316,view3,62,0.9999,70.92
view2,316,view3,66,1.0,62.48
view2,316,view3,70,0.9999,67.12
view2,316,view3,71,0.9999,55.8
view2,316,view3,73,0.9999,63.84
view2,316,view3,77,0.9999,63.32
view2,316,view3,79,0.9999,61.16
view2,316,view3,81,1.0,55.84
view2,316,view3,82,0.9999,50.12
view2,316,view3,88,1.0,49.2
view2,316,view3,90,0.9999,52.76
view2,316,view3,94,1.0,52.12
view2,316,view3,96,0.9999,37.2
view2,316,view3,99,1.0,47.76
view2,316,view3,100,0.9999,51.08
view2,316,view3,106,1.0,44.12
view2,316,view3,108,0.9999,46.8
view2,316,view3,109,1.0,46.48
view2,316,view3,113,1.0,19.64
view2,316,view3,119,0.9999,38.28
view2,316,view3,121,0.9999,42.6
view2,316,view3,124,0.9999,41.6
view2,316,view3,128,1.0,40.52
view2,316,view3,129,1.0,26.2
view2,316,view3,131,0.9999,34.24
view2,316,view3,136,0.9999,30.2
view2,316,view3,144,0.9999,31.92
view2,316,view3,150,0.9999,24.6
view2,316,view3,153,0.9999,24.4
view2,316,view3,154,1.0,16.64
view2,316,view3,157,0.9999,25.36
view2,316,view3,163,0.9999,21.52
view2,316,view3,165,0.9999,14.12
view2,316,view3,169,0.9999,21.8
view2,316,view3,181,0.9999,11.8
view2,316,view3,186,1.0,13.04
view2,316,view3,188,0.9999,15.52
view2,316,view3,195,0.9999,8.04
view2,316,view3,202,0.9999,11.64
view2,316,view3,203,1.0,0.0
view2,316,view3,205,0.9999,6.4
view2,316,view3,206,0.9999,10.32
view2,316,view3,209,1.0,0.0
view2,316,view3,212,1.0,9.2
view2,316,view3,214,0.9999,7.52
view2,316,view3,215,0.9999,5.64
view2,316,view3,216,0.9999,1.16
view2,316,view3,217,0.9999,3.84
view2,316,view3,223,0.9999,2.6
view2,316,view3,225,0.9999,0.0
view2,316,view3,227,0.9999,1.32
view2,316,view3,230,0.9999,0.0
view2,316,view3,231,1.0,0.0
view2,316,view3,233,0.9999,0.64
view2,316,view3,236,0.9999,2.6
view2,316,view3,240,0.9999,4.76
view2,316,view3,243,0.9999,5.84
view2,316,view3,244,1.0,6.92
view2,316,view3,252,0.9999,11.44
view2,316,view3,256,0.9999,13.2
view2,316,view3,260,0.9999,15.36
view2,316,view3,266,0.9999,19.48
view2,316,view3,267,0.9999,19.56
view2,316,view3,269,1.0,20.12
view2,316,view3,272,0.9999,21.72
view2,316,view3,280,0.9999,26.24
view2,316,view3,282,1.0,27.08
view2,324,view3,2,0.9999,119.64
view2,324,view3,5,0.9999,97.2
view2,324,view3,6,0.9999,95.96
view2,324,view3,15,0.9999,101.88
view2,324,view3,16,0.9999,97.52
view2,324,view3,24,0.9999,91.52
view2,324,view3,28,0.9999,80.12
view2,324,view3,29,0.9999,85.12
view2,324,view3,33,0.9999,80.88
view2,324,view3,34,0.9999,89.52
view2,324,view3,37,0.9999,63.24
view2,324,view3,39,0.9999,59.12
view2,324,view3,44,0.9999,75.12
view2,324,view3,49,0.9999,77.64
view2,324,view3,53,0.9999,71.56
view2,324,view3,62,0.9999,73.92
view2,324,view3,66,0.9999,65.48
view2,324,view3,70,0.9999,70.12
view2,324,view3,71,0.9999,58.8
view2,324,view3,73,0.9999,66.84
view2,324,view3,77,0.9999,66.32
view2,324,view3,79,0.9999,64.16
view2,324,view3,81,0.9999,58.84
view2,324,view3,82,0.9999,53.12
view2,324,view3,88,0.9999,52.2
view2,324,view3,90,0.9999,55.76
view2,324,view3,94,0.9999,55.12
view2,324,view3,96,0.9999,40.2
view2,324,view3,99,0.9999,50.76
view2,324,view3,100,0.9999,54.08
view2,324,view3,106,0.9999,47.12
view2,324,view3,108,0.9999,49.8
view2,324,view3,109,0.9999,49.48
view2,324,view3,113,0.9999,22.64
view2,324,view3,119,0.9999,41.28
view2,324,view3,121,0.9999,45.6
view2,324,view3,124,0.9999,44.6
view2,324,view3,128,0.9999,43.52
view2,324,view3,129,0.9999,29.2
view2,324,view3,131,0.9999,37.24
view2,324,view3,136,0.9999,33.2
view2,324,view3,144,0.9999,34.92
view2,324,view3,150,0.9999,27.6
view2,324,view3,153,0.9999,27.4
view2,324,view3,154,0.9999,19.64
view2,324,view3,157,0.9999,28.36
view2,324,view3,163,0.9999,24.52
view2,324,view3,165,0.9999,17.12
view2,324,view3,169,0.9999,24.8
view2,324,view3,181,0.9999,14.8
view2,324,view3,186,0.9999,16.04
view2,324,view3,188,0.9999,18.52
view2,324,view3,195,0.9999,11.04
view2,324,view3,202,0.9999,14.64
view2,324,view3,203,0.9999,0.0
view2,324,view3,205,0.9999,9.4
view2,324,view3,206,0.9999,13.32
view2,324,view3,209,0.9999,0.0
view2,324,view3,212,0.9999,12.2
view2,324,view3,214,0.9999,10.52
view2,324,view3,215,0.9999,8.64
view2,324,view3,216,0.9999,4.16
view2,324,view3,217,0.9999,6.84
view2,324,view3,223,0.9999,5.6
view2,324,view3,225,0.9999,1.56
view2,324,view3,227,0.9999,4.32
view2,324,view3,230,0.9999,0.0
view2,324,view3,231,0.9999,0.36
view2,324,view3,233,0.9999,0.0
view2,324,view3,236,0.9999,0.0
view2,324,view3,240,0.9999,0.0
view2,324,view3,243,0.9999,0.0
view2,324,view3,244,0.9999,0.0
view2,324,view3,252,0.9999,3.8
view2,324,view3,256,0.9999,5.56
view2,324,view3,260,0.9999,7.72
view2,324,view3,266,0.9999,11.84
view2,324,view3,267,0.9999,11.92
view2,324,view3,269,0.9999,12.48
view2,324,view3,272,0.9999,14.08
view2,324,view3,280,0.9999,18.6
view2,324,view3,282,0.9999,19.44
view2,327,view3,2,0.9999,120.48
view2,327,view3,5,0.9999,98.04
view2,327,view3,6,1.0,96.8
view2,327,view3,15,0.9999,102.72
view2,327,view3,16,0.9999,98.36
view2,327,view3,24,0.9999,92.36
view2,327,view3,28,0.9999,80.96
view2,327,view3,29,0.9999,85.96
view2,327,view3,33,1.0,81.72
view2,327,view3,34,0.9999,90.36
view2,327,view3,37,0.9999,64.08
view2,327,view3,39,1.0,59.96
view2,327,view3,44,1.0,75.96
view2,327,view3,49,0.9999,78.48
view2,327,view3,53,0.9999,72.4
view2,327,view3,62,0.9999,74.76
view2,327,view3,66,1.0,66.32
view2,327,view3,70,0.9999,70.96
view2,327,view3,71,0.9999,59.64
view2,327,view3,73,0.9999,67.68
view2,327,view3,77,0.9999,67.16
view2,327,view3,79,0.9999,65.0
view2,327,view3,81,1.0,59.68
view2,327,view3,82,0.9999,53.96
view2,327,view3,88,1.0,53.04
view2,327,view3,90,0.9999,56.6
view2,327,view3,94,1.0,55.96
view2,327,view3,96,0.9999,41.04
view2,327,view3,99,1.0,51.6
view2,327,view3,100,0.9999,54.92
view2,327,view3,106,1.0,47.96
view2,327,view3,108,0.9999,50.64
view2,327,view3,109,1.0,50.32
view2,327,view3,113,1.0,23.48
view2,327,view3,119,0.9999,42.12
view2,327,view3,121,1.0,46.44
view2,327,view3,124,1.0,45.44
view2,327,view3,128,1.0,44.36
view2,327,view3,129,1.0,30.04
view2,327,view3,131,0.9999,38.08
view2,327,view3,136,0.9999,34.04
view2,327,view3,144,0.9999,35.76
view2,327,view3,150,0.9999,28.44
view2,327,view3,153,0.9999,28.24
view2,327,view3,154,1.0,20.48
view2,327,view3,157,1.0,29.2
view2,327,view3,163,0.9999,25.36
view2,327,view3,165,0.9999,17.96
view2,327,view3,169,0.9999,25.64
view2,327,view3,181,0.9999,15.64
view2,327,view3,186,1.0,16.88
view2,327,view3,188,0.9999,19.36
view2,327,view3,195,1.0,11.88
view2,327,view3,202,0.9999,15.48
view2,327,view3,203,1.0,0.0
view2,327,view3,205,0.9999,10.24
view2,327,view3,206,0.9999,14.16
view2,327,view3,209,1.0,0.0
view2,327,view3,212,1.0,13.04
view2,327,view3,214,0.9999,11.36
view2,327,view3,215,0.9999,9.48
view2,327,view3,216,0.9999,5.0
view2,327,view3,217,0.9999,7.68
view2,327,view3,223,0.9999,6.44
view2,327,view3,225,0.9999,2.4
view2,327,view3,227,0.9999,5.16
view2,327,view3,230,0.9999,0.0
view2,327,view3,231,1.0,1.2
view2,327,view3,233,0.9999,0.0
view2,327,view3,236,0.9999,0.0
view2,327,view3,240,0.9999,1.28
view2,327,view3,243,0.9999,2.36
view2,327,view3,244,1.0,3.44
view2,327,view3,252,0.9999,7.96
view2,327,view3,256,1.0,9.72
view2,327,view3,260,0.9999,11.88
view2,327,view3,266,0.9999,16.0
view2,327,view3,267,0.9999,16.08
view2,327,view3,269,1.0,16.64
view2,327,view3,272,0.9999,18.24
view2,327,view3,280,0.9999,22.76
view2,327,view3,282,1.0,23.6
view2,340,view3,2,0.9999,123.72
view2,340,view3,5,0.9999,101.28
view2,340,view3,6,0.9999,100.04
view2,340,view3,15,0.9999,105.96
view2,340,view3,16,0.9999,101.6
view2,340,view3,24,0.9999,95.6
view2,340,view3,28,0.9999,84.2
view2,340,view3,29,0.9999,89.2
view2,340,view3,33,0.9999,84.96
view2,340,view3,34,0.9999,93.6
view2,340,view3,37,0.9999,67.32
view2,340,view3,39,0.9999,63.2
view2,340,view3,44,0.9999,79.2
view2,340,view3,49,0.9999,81.72
view2,340,view3,53,0.9999,75.64
view2,340,view3,62,0.9999,78.0
view2,340,view3,66,0.9999,69.56
view2,340,view3,70,0.9999,74.2
view2,340,view3,71,0.9999,62.88
view2,340,view3,73,0.9999,70.92
view2,340,view3,77,0.9999,70.4
view2,340,view3,79,0.9999,68.24
view2,340,view3,81,0.9999,62.92
view2,340,view3,82,0.9999,57.2
view2,340,view3,88,0.9999,56.28
view2,340,view3,90,0.9999,59.84
view2,340,view3,94,0.9999,59.2
view2,340,view3,96,0.9999,44.28
view2,340,view3,99,0.9999,54.84
view2,340,view3,100,0.9999,58.16
view2,340,view3,106,0.9999,51.2
view2,340,view3,108,0.9999,53.88
view2,340,view3,109,0.9999,53.56
view2,340,view3,113,0.9999,26.72
view2,340,view3,119,0.9999,45.36
view2,340,view3,121,0.9999,49.68
view2,340,view3,124,0.9999,48.68
view2,340,view3,128,0.9999,47.6
view2,340,view3,129,0.9999,33.28
view2,340,view3,131,0.9999,41.32
view2,340,view3,136,0.9999,37.28
view2,340,view3,144,0.9999,39.0
view2,340,view3,150,0.9999,31.68
view2,340,view3,153,0.9999,31.48
view2,340,view3,154,0.9999,23.72
view2,340,view3,157,0.9999,32.44
view2,340,view3,163,0.9999,28.6
view2,340,view3,165,0.9999,21.2
view2,340,view3,169,0.9999,28.88
view2,340,view3,181,0.9999,18.88
view2,340,view3,186,0.9999,20.12
view2,340,view3,188,0.9999,22.6
view2,340,view3,195,0.9999,15.12
view2,340,view3,202,0.9999,18.72
view2,340,view3,203,0.9999,3.16
view2,340,view3,205,0.9999,13.48
view2,340,view3,206,0.9999,17.4
view2,340,view3,209,0.9999,0.0
view2,340,view3,212,0.9999,16.28
view2,340,view3,214,0.9999,14.6
view2,340,view3,215,0.9999,12.72
view2,340,view3,216,0.9999,8.24
view2,340,view3,217,0.9999,10.92
view2,340,view3,223,0.9999,9.68
view2,340,view3,225,0.9999,5.64
view2,340,view3,227,0.9999,8.4
view2,340,view3,230,0.9999,1.24
view2,340,view3,231,0.9999,4.44
view2,340,view3,233,0.9999,0.0
view2,340,view3,236,0.9999,0.0
view2,340,view3,240,0.9999,0.0
view2,340,view3,243,0.9999,0.0
view2,340,view3,244,0.9999,0.0
view2,340,view3,252,0.9999,0.0
view2,340,view3,256,0.9999,0.0
view2,340,view3,260,0.9999,0.0
view2,340,view3,266,0.9999,0.0
view2,340,view3,267,0.9999,0.0
view2,340,view3,269,0.9999,0.0
view2,340,view3,272,0.9999,0.0
view2,340,view3,280,0.9999,0.84
view2,340,view3,282,0.9999,1.68
view2,347,view3,2,0.9999,125.4
view2,347,view3,5,0.9999,102.96
view2,347,view3,6,1.0,101.72
view2,347,view3,15,0.9999,107.64
view2,347,view3,16,0.9999,103.28
view2,347,view3,24,0.9999,97.28
view2,347,view3,28,0.9999,85.88
view2,347,view3,29,0.9999,90.88
view2,347,view3,33,1.0,86.64
view2,347,view3,34,0.9999,95.28
view2,347,view3,37,0.9999,69.0
view2,347,view3,39,1.0,64.88
view2,347,view3,44,1.0,80.88
view2,347,view3,49,0.9999,83.4
view2,347,view3,53,0.9999,77.32
view2,347,view3,62,0.9999,79.68
view2,347,view3,66,1.0,71.24
view2,347,view3,70,0.9999,75.88
view2,347,view3,71,0.9999,64.56
view2,347,view3,73,0.9999,72.6
view2,347,view3,77,0.9999,72.08
view2,347,view3,79,0.9999,69.92
view2,347,view3,81,1.0,64.6
view2,347,view3,82,0.9999,58.88
view2,347,view3,88,1.0,57.96
view2,347,view3,90,0.9999,61.52
view2,347,view3,94,1.0,60.88
view2,347,view3,96,0.9999,45.96
view2,347,view3,99,1.0,56.52
view2,347,view3,100,0.9999,59.84
view2,347,view3,106,1.0,52.88
view2,347,view3,108,0.9999,55.56
view2,347,view3,109,1.0,55.24
view2,347,view3,113,1.0,28.4
view2,347,view3,119,0.9999,47.04
view2,347,view3,121,1.0,51.36
view2,347,view3,124,1.0,50.36
view2,347,view3,128,1.0,49.28
view2,347,view3,129,1.0,34.96
view2,347,view3,131,0.9999,43.0
view2,347,view3,136,0.9999,38.96
view2,347,view3,144,0.9999,40.68
view2,347,view3,150,0.9999,33.36
view2,347,view3,153,0.9999,33.16
view2,347,view3,154,1.0,25.4
view2,347,view3,157,1.0,34.12
view2,347,view3,163,0.9999,30.28
view2,347,view3,165,0.9999,22.88
view2,347,view3,169,0.9999,30.56
view2,347,view3,181,0.9999,20.56
view2,347,view3,186,1.0,21.8
view2,347,view3,188,0.9999,24.28
view2,347,view3,195,1.0,16.8
view2,347,view3,202,0.9999,20.4
view2,347,view3,203,1.0,4.84
view2,347,view3,205,0.9999,15.16
view2,347,view3,206,0.9999,19.08
view2,347,view3,209,1.0,0.0
view2,347,view3,212,1.0,17.96
view2,347,view3,214,0.9999,16.28
view2,347,view3,215,0.9999,14.4
view2,347,view3,216,0.9999,9.92
view2,347,view3,217,0.9999,12.6
view2,347,view3,223,0.9999,11.36
view2,347,view3,225,0.9999,7.32
view2,347,view3,227,0.9999,10.08
view2,347,view3,230,0.9999,2.92
view2,347,view3,231,1.0,6.12
view2,347,view3,233,0.9999,0.32
view2,347,view3,236,0.9999,0.0
view2,347,view3,240,0.9999,0.0
view2,347,view3,243,0.9999,0.88
view2,347,view3,244,1.0,0.0
view2,347,view3,252,0.9999,3.84
view2,347,view3,256,1.0,5.6
view2,347,view3,260,0.9999,7.76
view2,347,view3,266,0.9999,11.88
view2,347,view3,267,0.9999,11.96
view2,347,view3,269,1.0,12.52
view2,347,view3,272,0.9999,14.12
view2,347,view3,280,0.9999,18.64
view2,347,view3,282,1.0,19.48
view2,349,view3,2,0.9999,126.8
view2,349,view3,5,0.9999,104.36
view2,349,view3,6,0.9999,103.12
view2,349,view3,15,0.9999,109.04
view2,349,view3,16,0.9999,104.68
view2,349,view3,24,0.9999,98.68
view2,349,view3,28,0.9999,87.28
view2,349,view3,29,0.9999,92.28
view2,349,view3,33,0.9999,88.04
view2,349,view3,34,0.9999,96.68
view2,349,view3,37,0.9999,70.4
view2,349,view3,39,0.9999,66.28
view2,349,view3,44,0.9999,82.28
view2,349,view3,49,0.9999,84.8
view2,349,view3,53,0.9999,78.72
view2,349,view3,62,0.9999,81.08
view2,349,view3,66,0.9999,72.64
view2,349,view3,70,0.9999,77.28
view2,349,view3,71,0.9999,65.96
view2,349,view3,73,0.9999,74.0
view2,349,view3,77,0.9999,73.48
view2,349,view3,79,0.9999,71.32
view2,349,view3,81,0.9999,66.0
view2,349,view3,82,0.9999,60.28
view2,349,view3,88,0.9999,59.36
view2,349,view3,90,0.9999,62.92
view2,349,view3,94,0.9999,62.28
view2,349,view3,96,0.9999,47.36
view2,349,view3,99,0.9999,57.92
view2,349,view3,100,0.9999,61.24
view2,349,view3,106,0.9999,54.28
view2,349,view3,108,0.9999,56.96
view2,349,view3,109,0.9999,56.64
view2,349,view3,113,0.9999,29.8
view2,349,view3,119,0.9999,48.44
view2,349,view3,121,0.9999,52.76
view2,349,view3,124,0.9999,51.76
view2,349,view3,128,0.9999,50.68
view2,349,view3,129,0.9999,36.36
view2,349,view3,131,0.9999,44.4
view2,349,view3,136,0.9999,40.36
view2,349,view3,144,0.9999,42.08
view2,349,view3,150,0.9999,34.76
view2,349,view3,153,0.9999,34.56
view2,349,view3,154,0.9999,26.8
view2,349,view3,157,0.9999,35.52
view2,349,view3,163,0.9999,31.68
view2,349,view3,165,0.9999,24.28
view2,349,view3,169,0.9999,31.96
view2,349,view3,181,0.9999,21.96
view2,349,view3,186,0.9999,23.2
view2,349,view3,188,0.9999,25.68
view2,349,view3,195,0.9999,18.2
view2,349,view3,202,0.9999,21.8
view2,349,view3,203,0.9999,6.24
view2,349,view3,205,0.9999,16.56
view2,349,view3,206,0.9999,20.48
view2,349,view3,209,0.9999,0.0
view2,349,view3,212,0.9999,19.36
view2,349,view3,214,0.9999,17.68
view2,349,view3,215,0.9999,15.8
view2,349,view3,216,0.9999,11.32
view2,349,view3,217,0.9999,14.0
view2,349,view3,223,0.9999,12.76
view2,349,view3,225,0.9999,8.72
view2,349,view3,227,0.9999,11.48
view2,349,view3,230,0.9999,4.32
view2,349,view3,231,0.9999,7.52
view2,349,view3,233,0.9999,1.72
view2,349,view3,236,0.9999,0.0
view2,349,view3,240,0.9999,0.0
view2,349,view3,243,0.9999,2.28
view2,349,view3,244,0.9999,0.0
view2,349,view3,252,0.9999,0.0
view2,349,view3,256,0.9999,0.0
view2,349,view3,260,0.9999,0.0
view2,349,view3,266,0.9999,0.0
view2,349,view3,267,0.9999,0.0
view2,349,view3,269,0.9999,0.0
view2,349,view3,272,0.9999,0.4
view2,349,view3,280,0.9999,4.92
view2,349,view3,282,0.9999,5.76
view2,354,view3,2,0.9999,128.36
view2,354,view3,5,0.9999,105.92
view2,354,view3,6,1.0,104.68
view2,354,view3,15,0.9999,110.6
view2,354,view3,16,0.9999,106.24
view2,354,view3,24,0.9999,100.24
view2,354,view3,28,0.9999,88.84
view2,354,view3,29,0.9999,93.84
view2,354,view3,33,1.0,89.6
view2,354,view3,34,0.9999,98.24
view2,354,view3,37,0.9999,71.96
view2,354,view3,39,1.0,67.84
view2,354,view3,44,1.0,83.84
view2,354,view3,49,0.9999,86.36
view2,354,view3,53,0.9999,80.28
view2,354,view3,62,0.9999,82.64
view2,354,view3,66,1.0,74.2
view2,354,view3,70,0.9999,78.84
view2,354,view3,71,0.9999,67.52
view2,354,view3,73,0.9999,75.56
view2,354,view3,77,0.9999,75.04
view2,354,view3,79,0.9999,72.88
view2,354,view3,81,0.9999,67.56
view2,354,view3,82,0.9999,61.84
view2,354,view3,88,1.0,60.92
view2,354,view3,90,0.9999,64.48
view2,354,view3,94,0.9999,63.84
view2,354,view3,96,0.9999,48.92
view2,354,view3,99,0.9999,59.48
view2,354,view3,100,0.9999,62.8
view2,354,view3,106,0.9999,55.84
view2,354,view3,108,0.9999,58.52
view2,354,view3,109,1.0,58.2
view2,354,view3,113,0.9999,31.36
view2,354,view3,119,0.9999,50.0
view2,354,view3,121,0.9999,54.32
view2,354,view3,124,0.9999,53.32
view2,354,view3,128,1.0,52.24
view2,354,view3,129,1.0,37.92
view2,354,view3,131,0.9999,45.96
view2,354,view3,136,0.9999,41.92
view2,354,view3,144,0.9999,43.64
view2,354,view3,150,0.9999,36.32
view2,354,view3,153,0.9999,36.12
view2,354,view3,154,1.0,28.36
view2,354,view3,157,0.9999,37.08
view2,354,view3,163,0.9999,33.24
view2,354,view3,165,0.9999,25.84
view2,354,view3,169,0.9999,33.52
view2,354,view3,181,0.9999,23.52
view2,354,view3,186,1.0,24.76
view2,354,view3,188,0.9999,27.24
view2,354,view3,195,0.9999,19.76
view2,354,view3,202,0.9999,23.36
view2,354,view3,203,1.0,7.8
view2,354,view3,205,0.9999,18.12
view2,354,view3,206,0.9999,22.04
view2,354,view3,209,0.9999,0.0
view2,354,view3,212,1.0,20.92
view2,354,view3,214,0.9999,19.24
view2,354,view3,215,0.9999,17.36
view2,354,view3,216,0.9999,12.88
view2,354,view3,217,0.9999,15.56
view2,354,view3,223,0.9999,14.32
view2,354,view3,225,0.9999,10.28
view2,354,view3,227,0.9999,13.04
view2,354,view3,230,0.9999,5.88
view2,354,view3,231,1.0,9.08
view2,354,view3,233,0.9999,3.28
view2,354,view3,236,0.9999,0.44
view2,354,view3,240,0.9999,0.0
view2,354,view3,243,0.9999,3.84
view2,354,view3,244,1.0,0.0
view2,354,view3,252,0.9999,1.24
view2,354,view3,256,0.9999,3.0
view2,354,view3,260,0.9999,5.16
view2,354,view3,266,0.9999,9.28
view2,354,view3,267,0.9999,9.36
view2,354,view3,269,1.0,9.92
view2,354,view3,272,0.9999,11.52
view2,354,view3,280,0.9999,16.04
view2,354,view3,282,1.0,16.88
view2,355,view3,2,0.9999,128.76
view2,355,view3,5,0.9999,106.32
view2,355,view3,6,0.9999,105.08
view2,355,view3,15,0.9999,111.0
view2,355,view3,16,0.9999,106.64
view2,355,view3,24,0.9999,100.64
view2,355,view3,28,0.9999,89.24
view2,355,view3,29,0.9999,94.24
view2,355,view3,33,0.9999,90.0
view2,355,view3,34,0.9999,98.64
view2,355,view3,37,0.9999,72.36
view2,355,view3,39,0.9999,68.24
view2,355,view3,44,1.0,84.24
view2,355,view3,49,0.9999,86.76
view2,355,view3,53,0.9999,80.68
view2,355,view3,62,0.9999,83.04
view2,355,view3,66,0.9999,74.6
view2,355,view3,70,0.9999,79.24
view2,355,view3,71,0.9999,67.92
view2,355,view3,73,0.9999,75.96
view2,355,view3,77,0.9999,75.44
view2,355,view3,79,0.9999,73.28
view2,355,view3,81,0.9999,67.96
view2,355,view3,82,0.9999,62.24
view2,355,view3,88,0.9999,61.32
view2,355,view3,90,0.9999,64.88
view2,355,view3,94,0.9999,64.24
view2,355,view3,96,0.9999,49.32
view2,355,view3,99,0.9999,59.88
view2,355,view3,100,0.9999,63.2
view2,355,view3,106,0.9999,56.24
view2,355,view3,108,0.9999,58.92
view2,355,view3,109,0.9999,58.6
view2,355,view3,113,0.9999,31.76
view2,355,view3,119,0.9999,50.4
view2,355,view3,121,0.9999,54.72
view2,355,view3,124,0.9999,53.72
view2,355,view3,128,1.0,52.64
view2,355,view3,129,0.9999,38.32
view2,355,view3,131,0.9999,46.36
view2,355,view3,136,0.9999,42.32
view2,355,view3,144,0.9999,44.04
view2,355,view3,150,0.9999,36.72
view2,355,view3,153,0.9999,36.52
view2,355,view3,154,1.0,28.76
view2,355,view3,157,0.9999,37.48
view2,355,view3,163,0.9999,33.64
view2,355,view3,165,0.9999,26.24
view2,355,view3,169,0.9999,33.92
view2,355,view3,181,0.9999,23.92
view2,355,view3,186,0.9999,25.16
view2,355,view3,188,0.9999,27.64
view2,355,view3,195,0.9999,20.16
view2,355,view3,202,0.9999,23.76
view2,355,view3,203,0.9999,8.2
view2,355,view3,205,0.9999,18.52
view2,355,view3,206,0.9999,22.44
view2,355,view3,209,0.9999,0.0
view2,355,view3,212,0.9999,21.32
view2,355,view3,214,0.9999,19.64
view2,355,view3,215,0.9999,17.76
view2,355,view3,216,0.9999,13.28
view2,355,view3,217,0.9999,15.96
view2,355,view3,223,0.9999,14.72
view2,355,view3,225,0.9999,10.68
view2,355,view3,227,0.9999,13.44
view2,355,view3,230,0.9999,6.28
view2,355,view3,231,1.0,9.48
view2,355,view3,233,0.9999,3.68
view2,355,view3,236,0.9999,0.84
view2,355,view3,240,0.9999,0.0
view2,355,view3,243,0.9999,4.24
view2,355,view3,244,0.9999,0.0
view2,355,view3,252,0.9999,0.0
view2,355,view3,256,0.9999,0.0
view2,355,view3,260,0.9999,1.8
view2,355,view3,266,0.9999,5.92
view2,355,view3,267,0.9999,6.0
view2,355,view3,269,0.9999,6.56
view2,355,view3,272,0.9999,8.16
view2,355,view3,280,0.9999,12.68
view2,355,view3,282,0.9999,13.52
view2,357,view3,2,0.9999,129.36
view2,357,view3,5,0.9999,106.92
view2,357,view3,6,1.0,105.68
view2,357,view3,15,0.9999,111.6
view2,357,view3,16,0.9999,107.24
view2,357,view3,24,0.9999,101.24
view2,357,view3,28,0.9999,89.84
view2,357,view3,29,0.9999,94.84
view2,357,view3,33,1.0,90.6
view2,357,view3,34,0.9999,99.24
view2,357,view3,37,0.9999,72.96
view2,357,view3,39,1.0,68.84
view2,357,view3,44,1.0,84.84
view2,357,view3,49,0.9999,87.36
view2,357,view3,53,0.9999,81.28
view2,357,view3,62,0.9999,83.64
view2,357,view3,66,1.0,75.2
view2,357,view3,70,0.9999,79.84
view2,357,view3,71,0.9999,68.52
view2,357,view3,73,0.9999,76.56
view2,357,view3,77,0.9999,76.04
view2,357,view3,79,0.9999,73.88
view2,357,view3,81,1.0,68.56
view2,357,view3,82,0.9999,62.84
view2,357,view3,88,1.0,61.92
view2,357,view3,90,0.9999,65.48
view2,357,view3,94,0.9999,64.84
view2,357,view3,96,0.9999,49.92
view2,357,view3,99,1.0,60.48
view2,357,view3,100,0.9999,63.8
view2,357,view3,106,0.9999,56.84
view2,357,view3,108,0.9999,59.52
view2,357,view3,109,1.0,59.2
view2,357,view3,113,1.0,32.36
view2,357,view3,119,0.9999,51.0
view2,357,view3,121,0.9999,55.32
view2,357,view3,124,0.9999,54.32
view2,357,view3,128,1.0,53.24
view2,357,view3,129,1.0,38.92
view2,357,view3,131,0.9999,46.96
view2,357,view3,136,0.9999,42.92
view2,357,view3,144,0.9999,44.64
view2,357,view3,150,0.9999,37.32
view2,357,view3,153,0.9999,37.12
view2,357,view3,154,1.0,29.36
view2,357,view3,157,0.9999,38.08
view2,357,view3,163,0.9999,34.24
view2,357,view3,165,0.9999,26.84
view2,357,view3,169,0.9999,34.52
view2,357,view3,181,0.9999,24.52
view2,357,view3,186,1.0,25.76
view2,357,view3,188,0.9999,28.24
view2,357,view3,195,0.9999,20.76
view2,357,view3,202,0.9999,24.36
view2,357,view3,203,1.0,8.8
view2,357,view3,205,0.9999,19.12
view2,357,view3,206,0.9999,23.04
view2,357,view3,209,0.9999,0.0
view2,357,view3,212,1.0,21.92
view2,357,view3,214,0.9999,20.24
view2,357,view3,215,0.9999,18.36
view2,357,view3,216,0.9999,13.88
view2,357,view3,217,0.9999,16.56
view2,357,view3,223,0.9999,15.32
view2,357,view3,225,0.9999,11.28
view2,357,view3,227,0.9999,14.04
view2,357,view3,230,0.9999,6.88
view2,357,view3,231,1.0,10.08
view2,357,view3,233,0.9999,4.28
view2,357,view3,236,0.9999,1.44
view2,357,view3,240,0.9999,0.0
view2,357,view3,243,0.9999,4.84
view2,357,view3,244,1.0,0.0
view2,357,view3,252,0.9999,0.0
view2,357,view3,256,0.9999,1.32
view2,357,view3,260,0.9999,3.48
view2,357,view3,266,0.9999,7.6
view2,357,view3,267,0.9999,7.68
view2,357,view3,269,1.0,8.24
view2,357,view3,272,0.9999,9.84
view2,357,view3,280,0.9999,14.36
view2,357,view3,282,1.0,15.2
view2,361,view3,2,0.9999,130.08
view2,361,view3,5,0.9999,107.64
view2,361,view3,6,0.9999,106.4
view2,361,view3,15,0.9999,112.32
view2,361,view3,16,0.9999,107.96
view2,361,view3,24,0.9999,101.96
view2,361,view3,28,0.9999,90.56
view2,361,view3,29,0.9999,95.56
view2,361,view3,33,0.9999,91.32
view2,361,view3,34,0.9999,99.96
view2,361,view3,37,0.9999,73.68
view2,361,view3,39,0.9999,69.56
view2,361,view3,44,0.9999,85.56
view2,361,view3,49,0.9999,88.08
view2,361,view3,53,0.9999,82.0
view2,361,view3,62,0.9999,84.36
view2,361,view3,66,0.9999,75.92
view2,361,view3,70,0.9999,80.56
view2,361,view3,71,0.9999,69.24
view2,361,view3,73,0.9999,77.28
view2,361,view3,77,0.9999,76.76
view2,361,view3,79,0.9999,74.6
view2,361,view3,81,0.9999,69.28
view2,361,view3,82,0.9999,63.56
view2,361,view3,88,0.9999,62.64
view2,361,view3,90,0.9999,66.2
view2,361,view3,94,0.9999,65.56
view2,361,view3,96,0.9999,50.64
view2,361,view3,99,0.9999,61.2
view2,361,view3,100,0.9999,64.52
view2,361,view3,106,0.9999,57.56
view2,361,view3,108,0.9999,60.24
view2,361,view3,109,0.9999,59.92
view2,361,view3,113,0.9999,33.08
view2,361,view3,119,0.9999,51.72
view2,361,view3,121,0.9999,56.04
view2,361,view3,124,0.9999,55.04
view2,361,view3,128,0.9999,53.96
view2,361,view3,129,0.9999,39.64
view2,361,view3,131,0.9999,47.68
view2,361,view3,136,0.9999,43.64
view2,361,view3,144,0.9999,45.36
view2,361,view3,150,0.9999,38.04
view2,361,view3,153,0.9999,37.84
view2,361,view3,154,0.9999,30.08
view2,361,view3,157,0.9999,38.8
view2,361,view3,163,0.9999,34.96
view2,361,view3,165,0.9999,27.56
view2,361,view3,169,0.9999,35.24
view2,361,view3,181,0.9999,25.24
view2,361,view3,186,0.9999,26.48
view2,361,view3,188,0.9999,28.96
view2,361,view3,195,0.9999,21.48
view2,361,view3,202,0.9999,25.08
view2,361,view3,203,0.9999,9.52
view2,361,view3,205,0.9999,19.84
view2,361,view3,206,0.9999,23.76
view2,361,view3,209,0.9999,0.0
view2,361,view3,212,0.9999,22.64
view2,361,view3,214,0.9999,20.96
view2,361,view3,215,0.9999,19.08
view2,361,view3,216,0.9999,14.6
view2,361,view3,217,0.9999,17.28
view2,361,view3,223,0.9999,16.04
view2,361,view3,225,0.9999,12.0
view2,361,view3,227,0.9999,14.76
view2,361,view3,230,0.9999,7.6
view2,361,view3,231,0.9999,10.8
view2,361,view3,233,0.9999,5.0
view2,361,view3,236,0.9999,2.16
view2,361,view3,240,0.9999,0.72
view2,361,view3,243,0.9999,5.56
view2,361,view3,244,0.9999,0.0
view2,361,view3,252,0.9999,0.0
view2,361,view3,256,0.9999,0.0
view2,361,view3,260,0.9999,0.0
view2,361,view3,266,0.9999,3.12
view2,361,view3,267,0.9999,3.2
view2,361,view3,269,0.9999,3.76
view2,361,view3,272,0.9999,5.36
view2,361,view3,280,0.9999,9.88
view2,361,view3,282,0.9999,10.72
view2,365,view3,2,0.9999,132.08
view2,365,view3,5,0.9999,109.64
view2,365,view3,6,1.0,108.4
view2,365,view3,15,0.9999,114.32
view2,365,view3,16,0.9999,109.96
view2,365,view3,24,0.9999,103.96
view2,365,view3,28,0.9999,92.56
view2,365,view3,29,0.9999,97.56
view2,365,view3,33,1.0,93.32
view2,365,view3,34,0.9999,101.96
view2,365,view3,37,0.9999,75.68
view2,365,view3,39,1.0,71.56
view2,365,view3,44,1.0,87.56
view2,365,view3,49,0.9999,90.08
view2,365,view3,53,0.9999,84.0
view2,365,view3,62,0.9999,86.36
view2,365,view3,66,1.0,77.92
view2,365,view3,70,0.9999,82.56
view2,365,view3,71,0.9999,71.24
view2,365,view3,73,0.9999,79.28
view2,365,view3,77,0.9999,78.76
view2,365,view3,79,0.9999,76.6
view2,365,view3,81,0.9999,71.28
view2,365,view3,82,0.9999,65.56
view2,365,view3,88,1.0,64.64
view2,365,view3,90,0.9999,68.2
view2,365,view3,94,0.9999,67.56
view2,365,view3,96,0.9999,52.64
view2,365,view3,99,0.9999,63.2
view2,365,view3,100,0.9999,66.52
view2,365,view3,106,0.9999,59.56
view2,365,view3,108,0.9999,62.24
view2,365,view3,109,1.0,61.92
view2,365,view3,113,1.0,35.08
view2,365,view3,119,0.9999,53.72
view2,365,view3,121,0.9999,58.04
view2,365,view3,124,0.9999,57.04
view2,365,view3,128,1.0,55.96
view2,365,view3,129,1.0,41.64
view2,365,view3,131,0.9999,49.68
view2,365,view3,136,0.9999,45.64
view2,365,view3,144,0.9999,47.36
view2,365,view3,150,0.9999,40.04
view2,365,view3,153,0.9999,39.84
view2,365,view3,154,1.0,32.08
view2,365,view3,157,0.9999,40.8
view2,365,view3,163,0.9999,36.96
view2,365,view3,165,0.9999,29.56
view2,365,view3,169,0.9999,37.24
view2,365,view3,181,0.9999,27.24
view2,365,view3,186,1.0,28.48
view2,365,view3,188,0.9999,30.96
view2,365,view3,195,0.9999,23.48
view2,365,view3,202,0.9999,27.08
view2,365,view3,203,1.0,11.52
view2,365,view3,205,0.9999,21.84
view2,365,view3,206,0.9999,25.76
view2,365,view3,209,0.9999,0.0
view2,365,view3,212,1.0,24.64
view2,365,view3,214,0.9999,22.96
view2,365,view3,215,0.9999,21.08
view2,365,view3,216,0.9999,16.6
view2,365,view3,217,0.9999,19.28
view2,365,view3,223,0.9999,18.04
view2,365,view3,225,0.9999,14.0
view2,365,view3,227,0.9999,16.76
view2,365,view3,230,0.9999,9.6
view2,365,view3,231,1.0,12.8
view2,365,view3,233,0.9999,7.0
view2,365,view3,236,0.9999,4.16
view2,365,view3,240,0.9999,2.72
view2,365,view3,243,0.9999,7.56
view2,365,view3,244,1.0,0.0
view2,365,view3,252,0.9999,0.0
view2,365,view3,256,0.9999,0.0
view2,365,view3,260,0.9999,0.0
view2,365,view3,266,0.9999,2.24
view2,365,view3,267,0.9999,2.32
view2,365,view3,269,1.0,2.88
view2,365,view3,272,0.9999,4.48
view2,365,view3,280,0.9999,9.0
view2,365,view3,282,1.0,9.84
view2,375,view3,2,0.9999,133.72
view2,375,view3,5,0.9999,111.28
view2,375,view3,6,1.0,110.04
view2,375,view3,15,0.9999,115.96
view2,375,view3,16,0.9999,111.6
view2,375,view3,24,0.9999,105.6
view2,375,view3,28,0.9999,94.2
view2,375,view3,29,1.0,99.2
view2,375,view3,33,1.0,94.96
view2,375,view3,34,0.9999,103.6
view2,375,view3,37,0.9999,77.32
view2,375,view3,39,1.0,73.2
view2,375,view3,44,1.0,89.2
view2,375,view3,49,0.9999,91.72
view2,375,view3,53,0.9999,85.64
view2,375,view3,62,0.9999,88.0
view2,375,view3,66,1.0,79.56
view2,375,view3,70,0.9999,84.2
view2,375,view3,71,0.9999,72.88
view2,375,view3,73,0.9999,80.92
view2,375,view3,77,0.9999,80.4
view2,375,view3,79,0.9999,78.24
view2,375,view3,81,1.0,72.92
view2,375,view3,82,0.9999,67.2
view2,375,view3,88,1.0,66.28
view2,375,view3,90,1.0,69.84
view2,375,view3,94,1.0,69.2
view2,375,view3,96,0.9999,54.28
view2,375,view3,99,1.0,64.84
view2,375,view3,100,0.9999,68.16
view2,375,view3,106,1.0,61.2
view2,375,view3,108,0.9999,63.88
view2,375,view3,109,1.0,63.56
view2,375,view3,113,1.0,36.72
view2,375,view3,119,0.9999,55.36
view2,375,view3,121,1.0,59.68
view2,375,view3,124,1.0,58.68
view2,375,view3,128,1.0,57.6
view2,375,view3,129,1.0,43.28
view2,375,view3,131,0.9999,51.32
view2,375,view3,136,1.0,47.28
view2,375,view3,144,0.9999,49.0
view2,375,view3,150,0.9999,41.68
view2,375,view3,153,0.9999,41.48
view2,375,view3,154,1.0,33.72
view2,375,view3,157,1.0,42.44
view2,375,view3,163,0.9999,38.6
view2,375,view3,165,0.9999,31.2
view2,375,view3,169,0.9999,38.88
view2,375,view3,181,0.9999,28.88
view2,375,view3,186,1.0,30.12
view2,375,view3,188,0.9999,32.6
view2,375,view3,195,1.0,25.12
view2,375,view3,202,0.9999,28.72
view2,375,view3,203,1.0,13.16
view2,375,view3,205,0.9999,23.48
view2,375,view3,206,0.9999,27.4
view2,375,view3,209,1.0,0.0
view2,375,view3,212,1.0,26.28
view2,375,view3,214,0.9999,24.6
view2,375,view3,215,0.9999,22.72
view2,375,view3,216,0.9999,18.24
view2,375,view3,217,1.0,20.92
view2,375,view3,223,0.9999,19.68
view2,375,view3,225,0.9999,15.64
view2,375,view3,227,0.9999,18.4
view2,375,view3,230,0.9999,11.24
view2,375,view3,231,1.0,14.44
view2,375,view3,233,0.9999,8.64
view2,375,view3,236,0.9999,5.8
view2,375,view3,240,0.9999,4.36
view2,375,view3,243,0.9999,9.2
view2,375,view3,244,1.0,0.0
view2,375,view3,252,0.9999,0.88
view2,375,view3,256,1.0,0.0
view2,375,view3,260,0.9999,0.0
view2,375,view3,266,0.9999,4.04
view2,375,view3,267,0.9999,4.12
view2,375,view3,269,1.0,4.68
view2,375,view3,272,0.9999,6.28
view2,375,view3,280,0.9999,10.8
view2,375,view3,282,1.0,11.64
view2,376,view3,2,0.9999,133.92
view2,376,view3,5,0.9999,111.48
view2,376,view3,6,0.9999,110.24
view2,376,view3,15,0.9999,116.16
view2,376,view3,16,0.9999,111.8
view2,376,view3,24,0.9999,105.8
view2,376,view3,28,0.9999,94.4
view2,376,view3,29,0.9999,99.4
view2,376,view3,33,0.9999,95.16
view2,376,view3,34,0.9999,103.8
view2,376,view3,37,0.9999,77.52
view2,376,view3,39,0.9999,73.4
view2,376,view3,44,0.9999,89.4
view2,376,view3,49,0.9999,91.92
view2,376,view3,53,0.9999,85.84
view2,376,view3,62,0.9999,88.2
view2,376,view3,66,0.9999,79.76
view2,376,view3,70,0.9999,84.4
view2,376,view3,71,0.9999,73.08
view2,376,view3,73,0.9999,81.12
view2,376,view3,77,0.9999,80.6
view2,376,view3,79,0.9999,78.44
view2,376,view3,81,0.9999,73.12
view2,376,view3,82,0.9999,67.4
view2,376,view3,88,0.9999,66.48
view2,376,view3,90,0.9999,70.04
view2,376,view3,94,0.9999,69.4
view2,376,view3,96,0.9999,54.48
view2,376,view3,99,0.9999,65.04
view2,376,view3,100,0.9999,68.36
view2,376,view3,106,0.9999,61.4
view2,376,view3,108,0.9999,64.08
view2,376,view3,109,0.9999,63.76
view2,376,view3,113,0.9999,36.92
view2,376,view3,119,0.9999,55.56
view2,376,view3,121,0.9999,59.88
view2,376,view3,124,0.9999,58.88
view2,376,view3,128,0.9999,57.8
view2,376,view3,129,0.9999,43.48
view2,376,view3,131,0.9999,51.52
view2,376,view3,136,0.9999,47.48
view2,376,view3,144,0.9999,49.2
view2,376,view3,150,0.9999,41.88
view2,376,view3,153,0.9999,41.68
view2,376,view3,154,0.9999,33.92
view2,376,view3,157,0.9999,42.64
view2,376,view3,163,0.9999,38.8
view2,376,view3,165,0.9999,31.4
view2,376,view3,169,0.9999,39.08
view2,376,view3,181,0.9999,29.08
view2,376,view3,186,0.9999,30.32
view2,376,view3,188,0.9999,32.8
view2,376,view3,195,0.9999,25.32
view2,376,view3,202,0.9999,28.92
view2,376,view3,203,0.9999,13.36
view2,376,view3,205,0.9999,23.68
view2,376,view3,206,0.9999,27.6
view2,376,view3,209,0.9999,0.0
view2,376,view3,212,0.9999,26.48
view2,376,view3,214,0.9999,24.8
view2,376,view3,215,0.9999,22.92
view2,376,view3,216,0.9999,18.44
view2,376,view3,217,0.9999,21.12
view2,376,view3,223,0.9999,19.88
view2,376,view3,225,0.9999,15.84
view2,376,view3,227,0.9999,18.6
view2,376,view3,230,0.9999,11.44
view2,376,view3,231,0.9999,14.64
view2,376,view3,233,0.9999,8.84
view2,376,view3,236,0.9999,6.0
view2,376,view3,240,0.9999,4.56
view2,376,view3,243,0.9999,9.4
view2,376,view3,244,0.9999,0.0
view2,376,view3,252,0.9999,1.08
view2,376,view3,256,0.9999,0.0
view2,376,view3,260,0.9999,0.0
view2,376,view3,266,0.9999,0.0
view2,376,view3,267,0.9999,0.0
view2,376,view3,269,0.9999,0.0
view2,376,view3,272,0.9999,1.24
view2,376,view3,280,0.9999,5.76
view2,376,view3,282,0.9999,6.6
view2,379,view3,2,0.9999,134.32
view2,379,view3,5,0.9999,111.88
view2,379,view3,6,0.9999,110.64
view2,379,view3,15,0.9999,116.56
view2,379,view3,16,0.9999,112.2
view2,379,view3,24,0.9999,106.2
view2,379,view3,28,0.9999,94.8
view2,379,view3,29,0.9999,99.8
view2,379,view3,33,0.9999,95.56
view2,379,view3,34,0.9999,104.2
view2,379,view3,37,0.9999,77.92
view2,379,view3,39,0.9999,73.8
view2,379,view3,44,0.9999,89.8
view2,379,view3,49,0.9999,92.32
view2,379,view3,53,0.9999,86.24
view2,379,view3,62,0.9999,88.6
view2,379,view3,66,0.9999,80.16
view2,379,view3,70,0.9999,84.8
view2,379,view3,71,0.9999,73.48
view2,379,view3,73,0.9999,81.52
view2,379,view3,77,0.9999,81.0
view2,379,view3,79,0.9999,78.84
view2,379,view3,81,0.9999,73.52
view2,379,view3,82,0.9999,67.8
view2,379,view3,88,0.9999,66.88
view2,379,view3,90,0.9999,70.44
view2,379,view3,94,0.9999,69.8
view2,379,view3,96,0.9999,54.88
view2,379,view3,99,0.9999,65.44
view2,379,view3,100,0.9999,68.76
view2,379,view3,106,0.9999,61.8
view2,379,view3,108,0.9999,64.48
view2,379,view3,109,0.9999,64.16
view2,379,view3,113,0.9999,37.32
view2,379,view3,119,0.9999,55.96
view2,379,view3,121,0.9999,60.28
view2,379,view3,124,0.9999,59.28
view2,379,view3,128,0.9999,58.2
view2,379,view3,129,0.9999,43.88
view2,379,view3,131,0.9999,51.92
view2,379,view3,136,0.9999,47.88
view2,379,view3,144,0.9999,49.6
view2,379,view3,150,0.9999,42.28
view2,379,view3,153,0.9999,42.08
view2,379,view3,154,0.9999,34.32
view2,379,view3,157,0.9999,43.04
view2,379,view3,163,0.9999,39.2
view2,379,view3,165,0.9999,31.8
view2,379,view3,169,0.9999,39.48
view2,379,view3,181,0.9999,29.48
view2,379,view3,186,0.9999,30.72
view2,379,view3,188,0.9999,33.2
view2,379,view3,195,0.9999,25.72
view2,379,view3,202,0.9999,29.32
view2,379,view3,203,0.9999,13.76
view2,379,view3,205,0.9999,24.08
view2,379,view3,206,0.9999,28.0
view2,379,view3,209,0.9999,0.0
view2,379,view3,212,0.9999,26.88
view2,379,view3,214,0.9999,25.2
view2,379,view3,215,0.9999,23.32
view2,379,view3,216,0.9999,18.84
view2,379,view3,217,0.9999,21.52
view2,379,view3,223,0.9999,20.28
view2,379,view3,225,0.9999,16.24
view2,379,view3,227,0.9999,19.0
view2,379,view3,230,0.9999,11.84
view2,379,view3,231,0.9999,15.04
view2,379,view3,233,0.9999,9.24
view2,379,view3,236,0.9999,6.4
view2,379,view3,240,0.9999,4.96
view2,379,view3,243,0.9999,9.8
view2,379,view3,244,0.9999,0.0
view2,379,view3,252,0.9999,1.48
view2,379,view3,256,0.9999,0.0
view2,379,view3,260,0.9999,0.0
view2,379,view3,266,0.9999,0.0
view2,379,view3,267,0.9999,0.0
view2,379,view3,269,0.9999,0.0
view2,379,view3,272,0.9999,0.0
view2,379,view3,280,0.9999,0.0
view2,379,view3,282,0.9999,0.0
view2,389,view3,2,0.9999,139.16
view2,389,view3,5,0.9999,116.72
view2,389,view3,6,1.0,115.48
view2,389,view3,15,0.9999,121.4
view2,389,view3,16,0.9999,117.04
view2,389,view3,24,0.9999,111.04
view2,389,view3,28,0.9999,99.64
view2,389,view3,29,0.9999,104.64
view2,389,view3,33,1.0,100.4
view2,389,view3,34,0.9999,109.04
view2,389,view3,37,0.9999,82.76
view2,389,view3,39,1.0,78.64
view2,389,view3,44,1.0,94.64
view2,389,view3,49,0.9999,97.16
view2,389,view3,53,0.9999,91.08
view2,389,view3,62,0.9999,93.44
view2,389,view3,66,1.0,85.0
view2,389,view3,70,0.9999,89.64
view2,389,view3,71,0.9999,78.32
view2,389,view3,73,0.9999,86.36
view2,389,view3,77,0.9999,85.84
view2,389,view3,79,0.9999,83.68
view2,389,view3,81,1.0,78.36
view2,389,view3,82,0.9999,72.64
view2,389,view3,88,1.0,71.72
view2,389,view3,90,0.9999,75.28
view2,389,view3,94,1.0,74.64
view2,389,view3,96,0.9999,59.72
view2,389,view3,99,1.0,70.28
view2,389,view3,100,0.9999,73.6
view2,389,view3,106,1.0,66.64
view2,389,view3,108,0.9999,69.32
view2,389,view3,109,1.0,69.0
view2,389,view3,113,1.0,42.16
view2,389,view3,119,0.9999,60.8
view2,389,view3,121,0.9999,65.12
view2,389,view3,124,0.9999,64.12
view2,389,view3,128,1.0,63.04
view2,389,view3,129,1.0,48.72
view2,389,view3,131,0.9999,56.76
view2,389,view3,136,0.9999,52.72
view2,389,view3,144,0.9999,54.44
view2,389,view3,150,0.9999,47.12
view2,389,view3,153,0.9999,46.92
view2,389,view3,154,1.0,39.16
view2,389,view3,157,1.0,47.88
view2,389,view3,163,0.9999,44.04
view2,389,view3,165,0.9999,36.64
view2,389,view3,169,0.9999,44.32
view2,389,view3,181,0.9999,34.32
view2,389,view3,186,1.0,35.56
view2,389,view3,188,0.9999,38.04
view2,389,view3,195,0.9999,30.56
view2,389,view3,202,0.9999,34.16
view2,389,view3,203,1.0,18.6
view2,389,view3,205,0.9999,28.92
view2,389,view3,206,0.9999,32.84
view2,389,view3,209,1.0,0.0
view2,389,view3,212,1.0,31.72
view2,389,view3,214,0.9999,30.04
view2,389,view3,215,0.9999,28.16
view2,389,view3,216,0.9999,23.68
view2,389,view3,217,0.9999,26.36
view2,389,view3,223,0.9999,25.12
view2,389,view3,225,0.9999,21.08
view2,389,view3,227,0.9999,23.84
view2,389,view3,230,0.9999,16.68
view2,389,view3,231,1.0,19.88
view2,389,view3,233,0.9999,14.08
view2,389,view3,236,0.9999,11.24
view2,389,view3,240,0.9999,9.8
view2,389,view3,243,0.9999,14.64
view2,389,view3,244,1.0,0.0
view2,389,view3,252,0.9999,6.32
view2,389,view3,256,0.9999,1.68
view2,389,view3,260,0.9999,4.52
view2,389,view3,266,0.9999,0.0
view2,389,view3,267,0.9999,0.84
view2,389,view3,269,1.0,0.0
view2,389,view3,272,0.9999,0.8
view2,389,view3,280,0.9999,5.32
view2,389,view3,282,1.0,6.16
view2,390,view3,2,0.9999,139.56
view2,390,view3,5,0.9999,117.12
view2,390,view3,6,0.9999,115.88
view2,390,view3,15,0.9999,121.8
view2,390,view3,16,0.9999,117.44
view2,390,view3,24,0.9999,111.44
view2,390,view3,28,0.9999,100.04
view2,390,view3,29,0.9999,105.04
view2,390,view3,33,0.9999,100.8
view2,390,view3,34,0.9999,109.44
view2,390,view3,37,0.9999,83.16
view2,390,view3,39,0.9999,79.04
view2,390,view3,44,0.9999,95.04
view2,390,view3,49,0.9999,97.56
view2,390,view3,53,0.9999,91.48
view2,390,view3,62,0.9999,93.84
view2,390,view3,66,0.9999,85.4
view2,390,view3,70,0.9999,90.04
view2,390,view3,71,0.9999,78.72
view2,390,view3,73,0.9999,86.76
view2,390,view3,77,0.9999,86.24
view2,390,view3,79,0.9999,84.08
view2,390,view3,81,0.9999,78.76
view2,390,view3,82,0.9999,73.04
view2,390,view3,88,0.9999,72.12
view2,390,view3,90,0.9999,75.68
view2,390,view3,94,0.9999,75.04
view2,390,view3,96,0.9999,60.12
view2,390,view3,99,0.9999,70.68
view2,390,view3,100,0.9999,74.0
view2,390,view3,106,0.9999,67.04
view2,390,view3,108,0.9999,69.72
view2,390,view3,109,0.9999,69.4
view2,390,view3,113,0.9999,42.56
view2,390,view3,119,0.9999,61.2
view2,390,view3,121,0.9999,65.52
view2,390,view3,124,0.9999,64.52
view2,390,view3,128,0.9999,63.44
view2,390,view3,129,0.9999,49.12
view2,390,view3,131,0.9999,57.16
view2,390,view3,136,0.9999,53.12
view2,390,view3,144,0.9999,54.84
view2,390,view3,150,0.9999,47.52
view2,390,view3,153,0.9999,47.32
view2,390,view3,154,1.0,39.56
view2,390,view3,157,0.9999,48.28
view2,390,view3,163,0.9999,44.44
view2,390,view3,165,0.9999,37.04
view2,390,view3,169,0.9999,44.72
view2,390,view3,181,0.9999,34.72
view2,390,view3,186,0.9999,35.96
view2,390,view3,188,0.9999,38.44
view2,390,view3,195,0.9999,30.96
view2,390,view3,202,0.9999,34.56
view2,390,view3,203,0.9999,19.0
view2,390,view3,205,0.9999,29.32
view2,390,view3,206,0.9999,33.24
view2,390,view3,209,0.9999,0.0
view2,390,view3,212,0.9999,32.12
view2,390,view3,214,0.9999,30.44
view2,390,view3,215,0.9999,28.56
view2,390,view3,216,0.9999,24.08
view2,390,view3,217,0.9999,26.76
view2,390,view3,223,0.9999,25.52
view2,390,view3,225,0.9999,21.48
view2,390,view3,227,0.9999,24.24
view2,390,view3,230,0.9999,17.08
view2,390,view3,231,1.0,20.28
view2,390,view3,233,0.9999,14.48
view2,390,view3,236,0.9999,11.64
view2,390,view3,240,0.9999,10.2
view2,390,view3,243,0.9999,15.04
view2,390,view3,244,0.9999,0.16
view2,390,view3,252,0.9999,6.72
view2,390,view3,256,0.9999,2.08
view2,390,view3,260,0.9999,4.92
view2,390,view3,266,0.9999,0.0
view2,390,view3,267,0.9999,1.24
view2,390,view3,269,0.9999,0.0
view2,390,view3,272,0.9999,0.0
view2,390,view3,280,0.9999,0.0
view2,390,view3,282,0.9999,0.0
view2,391,view3,2,0.9999,139.92
view2,391,view3,5,0.9999,117.48
view2,391,view3,6,0.9999,116.24
view2,391,view3,15,0.9999,122.16
view2,391,view3,16,0.9999,117.8
view2,391,view3,24,0.9999,111.8
view2,391,view3,28,0.9999,100.4
view2,391,view3,29,0.9999,105.4
view2,391,view3,33,0.9999,101.16
view2,391,view3,34,0.9999,109.8
view2,391,view3,37,0.9999,83.52
view2,391,view3,39,0.9999,79.4
view2,391,view3,44,0.9999,95.4
view2,391,view3,49,0.9999,97.92
view2,391,view3,53,0.9999,91.84
view2,391,view3,62,0.9999,94.2
view2,391,view3,66,0.9999,85.76
view2,391,view3,70,0.9999,90.4
view2,391,view3,71,0.9999,79.08
view2,391,view3,73,0.9999,87.12
view2,391,view3,77,0.9999,86.6
view2,391,view3,79,0.9999,84.44
view2,391,view3,81,0.9999,79.12
view2,391,view3,82,0.9999,73.4
view2,391,view3,88,0.9999,72.48
view2,391,view3,90,0.9999,76.04
view2,391,view3,94,0.9999,75.4
view2,391,view3,96,0.9999,60.48
view2,391,view3,99,0.9999,71.04
view2,391,view3,100,0.9999,74.36
view2,391,view3,106,0.9999,67.4
view2,391,view3,108,0.9999,70.08
view2,391,view3,109,0.9999,69.76
view2,391,view3,113,0.9999,42.92
view2,391,view3,119,0.9999,61.56
view2,391,view3,121,0.9999,65.88
view2,391,view3,124,0.9999,64.88
view2,391,view3,128,0.9999,63.8
view2,391,view3,129,0.9999,49.48
view2,391,view3,131,0.9999,57.52
view2,391,view3,136,0.9999,53.48
view2,391,view3,144,0.9999,55.2
view2,391,view3,150,0.9999,47.88
view2,391,view3,153,0.9999,47.68
view2,391,view3,154,0.9999,39.92
view2,391,view3,157,0.9999,48.64
view2,391,view3,163,0.9999,44.8
view2,391,view3,165,0.9999,37.4
view2,391,view3,169,0.9999,45.08
view2,391,view3,181,0.9999,35.08
view2,391,view3,186,0.9999,36.32
view2,391,view3,188,0.9999,38.8
view2,391,view3,195,0.9999,31.32
view2,391,view3,202,0.9999,34.92
view2,391,view3,203,0.9999,19.36
view2,391,view3,205,0.9999,29.68
view2,391,view3,206,0.9999,33.6
view2,391,view3,209,0.9999,0.0
view2,391,view3,212,0.9999,32.48
view2,391,view3,214,0.9999,30.8
view2,391,view3,215,0.9999,28.92
view2,391,view3,216,0.9999,24.44
view2,391,view3,217,0.9999,27.12
view2,391,view3,223,0.9999,25.88
view2,391,view3,225,0.9999,21.84
view2,391,view3,227,0.9999,24.6
view2,391,view3,230,0.9999,17.44
view2,391,view3,231,0.9999,20.64
view2,391,view3,233,0.9999,14.84
view2,391,view3,236,0.9999,12.0
view2,391,view3,240,0.9999,10.56
view2,391,view3,243,0.9999,15.4
view2,391,view3,244,0.9999,0.52
view2,391,view3,252,0.9999,7.08
view2,391,view3,256,0.9999,2.44
view2,391,view3,260,0.9999,5.28
view2,391,view3,266,0.9999,0.0
view2,391,view3,267,0.9999,1.6
view2,391,view3,269,0.9999,0.0
view2,391,view3,272,0.9999,0.0
view2,391,view3,280,0.9999,0.24
view2,391,view3,282,0.9999,1.08
view2,395,view3,2,0.9999,141.68
view2,395,view3,5,0.9999,119.24
view2,395,view3,6,1.0,118.0
view2,395,view3,15,0.9999,123.92
view2,395,view3,16,0.9999,119.56
view2,395,view3,24,0.9999,113.56
view2,395,view3,28,0.9999,102.16
view2,395,view3,29,0.9999,107.16
view2,395,view3,33,1.0,102.92
view2,395,view3,34,0.9999,111.56
view2,395,view3,37,0.9999,85.28
view2,395,view3,39,1.0,81.16
view2,395,view3,44,1.0,97.16
view2,395,view3,49,0.9999,99.68
view2,395,view3,53,0.9999,93.6
view2,395,view3,62,0.9999,95.96
view2,395,view3,66,1.0,87.52
view2,395,view3,70,0.9999,92.16
view2,395,view3,71,0.9999,80.84
view2,395,view3,73,0.9999,88.88
view2,395,view3,77,0.9999,88.36
view2,395,view3,79,0.9999,86.2
view2,395,view3,81,1.0,80.88
view2,395,view3,82,0.9999,75.16
view2,395,view3,88,1.0,74.24
view2,395,view3,90,0.9999,77.8
view2,395,view3,94,0.9999,77.16
view2,395,view3,96,0.9999,62.24
view2,395,view3,99,0.9999,72.8
view2,395,view3,100,0.9999,76.12
view2,395,view3,106,0.9999,69.16
view2,395,view3,108,0.9999,71.84
view2,395,view3,109,1.0,71.52
view2,395,view3,113,1.0,44.68
view2,395,view3,119,0.9999,63.32
view2,395,view3,121,0.9999,67.64
view2,395,view3,124,0.9999,66.64
view2,395,view3,128,1.0,65.56
view2,395,view3,129,1.0,51.24
view2,395,view3,131,0.9999,59.28
view2,395,view3,136,0.9999,55.24
view2,395,view3,144,0.9999,56.96
view2,395,view3,150,0.9999,49.64
view2,395,view3,153,0.9999,49.44
view2,395,view3,154,1.0,41.68
view2,395,view3,157,0.9999,50.4
view2,395,view3,163,0.9999,46.56
view2,395,view3,165,0.9999,39.16
view2,395,view3,169,0.9999,46.84
view2,395,view3,181,0.9999,36.84
view2,395,view3,186,1.0,38.08
view2,395,view3,188,0.9999,40.56
view2,395,view3,195,0.9999,33.08
view2,395,view3,202,0.9999,36.68
view2,395,view3,203,1.0,21.12
view2,395,view3,205,0.9999,31.44
view2,395,view3,206,0.9999,35.36
view2,395,view3,209,0.9999,0.0
view2,395,view3,212,1.0,34.24
view2,395,view3,214,0.9999,32.56
view2,395,view3,215,0.9999,30.68
view2,395,view3,216,0.9999,26.2
view2,395,view3,217,0.9999,28.88
view2,395,view3,223,0.9999,27.64
view2,395,view3,225,0.9999,23.6
view2,395,view3,227,0.9999,26.36
view2,395,view3,230,0.9999,19.2
view2,395,view3,231,1.0,22.4
view2,395,view3,233,0.9999,16.6
view2,395,view3,236,0.9999,13.76
view2,395,view3,240,0.9999,12.32
view2,395,view3,243,0.9999,17.16
view2,395,view3,244,1.0,2.28
view2,395,view3,252,0.9999,8.84
view2,395,view3,256,0.9999,4.2
view2,395,view3,260,0.9999,7.04
view2,395,view3,266,0.9999,0.0
view2,395,view3,267,0.9999,3.36
view2,395,view3,269,1.0,0.0
view2,395,view3,272,0.9999,0.0
view2,395,view3,280,0.9999,0.0
view2,395,view3,282,1.0,0.0
view2,397,view3,2,0.9999,144.28
view2,397,view3,5,0.9999,121.84
view2,397,view3,6,1.0,120.6
view2,397,view3,15,0.9999,126.52
view2,397,view3,16,0.9999,122.16
view2,397,view3,24,0.9999,116.16
view2,397,view3,28,0.9999,104.76
view2,397,view3,29,1.0,109.76
view2,397,view3,33,1.0,105.52
view2,397,view3,34,0.9999,114.16
view2,397,view3,37,0.9999,87.88
view2,397,view3,39,1.0,83.76
view2,397,view3,44,1.0,99.76
view2,397,view3,49,0.9999,102.28
view2,397,view3,53,0.9999,96.2
view2,397,view3,62,0.9999,98.56
view2,397,view3,66,1.0,90.12
view2,397,view3,70,0.9999,94.76
view2,397,view3,71,0.9999,83.44
view2,397,view3,73,0.9999,91.48
view2,397,view3,77,0.9999,90.96
view2,397,view3,79,0.9999,88.8
view2,397,view3,81,1.0,83.48
view2,397,view3,82,0.9999,77.76
view2,397,view3,88,1.0,76.84
view2,397,view3,90,1.0,80.4
view2,397,view3,94,1.0,79.76
view2,397,view3,96,0.9999,64.84
view2,397,view3,99,1.0,75.4
view2,397,view3,100,0.9999,78.72
view2,397,view3,106,1.0,71.76
view2,397,view3,108,0.9999,74.44
view2,397,view3,109,1.0,74.12
view2,397,view3,113,1.0,47.28
view2,397,view3,119,0.9999,65.92
view2,397,view3,121,1.0,70.24
view2,397,view3,124,1.0,69.24
view2,397,view3,128,1.0,68.16
view2,397,view3,129,1.0,53.84
view2,397,view3,131,0.9999,61.88
view2,397,view3,136,0.9999,57.84
view2,397,view3,144,0.9999,59.56
view2,397,view3,150,0.9999,52.24
view2,397,view3,153,0.9999,52.04
view2,397,view3,154,1.0,44.28
view2,397,view3,157,1.0,53.0
view2,397,view3,163,0.9999,49.16
view2,397,view3,165,0.9999,41.76
view2,397,view3,169,0.9999,49.44
view2,397,view3,181,0.9999,39.44
view2,397,view3,186,1.0,40.68
view2,397,view3,188,0.9999,43.16
view2,397,view3,195,1.0,35.68
view2,397,view3,202,0.9999,39.28
view2,397,view3,203,1.0,23.72
view2,397,view3,205,0.9999,34.04
view2,397,view3,206,0.9999,37.96
view2,397,view3,209,1.0,0.0
view2,397,view3,212,1.0,36.84
view2,397,view3,214,0.9999,35.16
view2,397,view3,215,0.9999,33.28
view2,397,view3,216,0.9999,28.8
view2,397,view3,217,1.0,31.48
view2,397,view3,223,0.9999,30.24
view2,397,view3,225,0.9999,26.2
view2,397,view3,227,0.9999,28.96
view2,397,view3,230,0.9999,21.8
view2,397,view3,231,1.0,25.0
view2,397,view3,233,0.9999,19.2
view2,397,view3,236,0.9999,16.36
view2,397,view3,240,0.9999,14.92
view2,397,view3,243,0.9999,19.76
view2,397,view3,244,1.0,4.88
view2,397,view3,252,0.9999,11.44
view2,397,view3,256,1.0,6.8
view2,397,view3,260,0.9999,9.64
view2,397,view3,266,0.9999,1.36
view2,397,view3,267,0.9999,5.96
view2,397,view3,269,1.0,0.0
view2,397,view3,272,0.9999,0.56
view2,397,view3,280,0.9999,0.0
view2,397,view3,282,1.0,0.16
view2,400,view3,2,0.9999,145.12
view2,400,view3,5,0.9999,122.68
view2,400,view3,6,0.9999,121.44
view2,400,view3,15,0.9999,127.36
view2,400,view3,16,0.9999,123.0
view2,400,view3,24,0.9999,117.0
view2,400,view3,28,0.9999,105.6
view2,400,view3,29,0.9999,110.6
view2,400,view3,33,0.9999,106.36
view2,400,view3,34,0.9999,115.0
view2,400,view3,37,0.9999,88.72
view2,400,view3,39,0.9999,84.6
view2,400,view3,44,0.9999,100.6
view2,400,view3,49,0.9999,103.12
view2,400,view3,53,0.9999,97.04
view2,400,view3,62,0.9999,99.4
view2,400,view3,66,0.9999,90.96
view2,400,view3,70,0.9999,95.6
view2,400,view3,71,0.9999,84.28
view2,400,view3,73,0.9999,92.32
view2,400,view3,77,0.9999,91.8
view2,400,view3,79,0.9999,89.64
view2,400,view3,81,0.9999,84.32
view2,400,view3,82,0.9999,78.6
view2,400,view3,88,0.9999,77.68
view2,400,view3,90,0.9999,81.24
view2,400,view3,94,0.9999,80.6
view2,400,view3,96,0.9999,65.68
view2,400,view3,99,0.9999,76.24
view2,400,view3,100,0.9999,79.56
view2,400,view3,106,0.9999,72.6
view2,400,view3,108,0.9999,75.28
view2,400,view3,109,0.9999,74.96
view2,400,view3,113,0.9999,48.12
view2,400,view3,119,0.9999,66.76
view2,400,view3,121,0.9999,71.08
view2,400,view3,124,0.9999,70.08
view2,400,view3,128,0.9999,69.0
view2,400,view3,129,0.9999,54.68
view2,400,view3,131,0.9999,62.72
view2,400,view3,136,0.9999,58.68
view2,400,view3,144,0.9999,60.4
view2,400,view3,150,0.9999,53.08
view2,400,view3,153,0.9999,52.88
view2,400,view3,154,0.9999,45.12
view2,400,view3,157,0.9999,53.84
view2,400,view3,163,0.9999,50.0
view2,400,view3,165,0.9999,42.6
view2,400,view3,169,0.9999,50.28
view2,400,view3,181,0.9999,40.28
view2,400,view3,186,0.9999,41.52
view2,400,view3,188,0.9999,44.0
view2,400,view3,195,0.9999,36.52
view2,400,view3,202,0.9999,40.12
view2,400,view3,203,0.9999,24.56
view2,400,view3,205,0.9999,34.88
view2,400,view3,206,0.9999,38.8
view2,400,view3,209,0.9999,0.0
view2,400,view3,212,0.9999,37.68
view2,400,view3,214,0.9999,36.0
view2,400,view3,215,0.9999,34.12
view2,400,view3,216,0.9999,29.64
view2,400,view3,217,0.9999,32.32
view2,400,view3,223,0.9999,31.08
view2,400,view3,225,0.9999,27.04
view2,400,view3,227,0.9999,29.8
view2,400,view3,230,0.9999,22.64
view2,400,view3,231,0.9999,25.84
view2,400,view3,233,0.9999,20.04
view2,400,view3,236,0.9999,17.2
view2,400,view3,240,0.9999,15.76
view2,400,view3,243,0.9999,20.6
view2,400,view3,244,0.9999,5.72
view2,400,view3,252,0.9999,12.28
view2,400,view3,256,0.9999,7.64
view2,400,view3,260,0.9999,10.48
view2,400,view3,266,0.9999,2.2
view2,400,view3,267,0.9999,6.8
view2,400,view3,269,0.9999,0.0
view2,400,view3,272,0.9999,1.4
view2,400,view3,280,0.9999,0.0
view2,400,view3,282,0.9999,0.0
view2,401,view3,2,0.9999,145.2
view2,401,view3,5,0.9999,122.76
view2,401,view3,6,0.9999,121.52
view2,401,view3,15,0.9999,127.44
view2,401,view3,16,0.9999,123.08
view2,401,view3,24,0.9999,117.08
view2,401,view3,28,0.9999,105.68
view2,401,view3,29,0.9999,110.68
view2,401,view3,33,0.9999,106.44
view2,401,view3,34,0.9999,115.08
view2,401,view3,37,0.9999,88.8
view2,401,view3,39,1.0,84.68
view2,401,view3,44,1.0,100.68
view2,401,view3,49,0.9999,103.2
view2,401,view3,53,0.9999,97.12
view2,401,view3,62,0.9999,99.48
view2,401,view3,66,0.9999,91.04
view2,401,view3,70,0.9999,95.68
view2,401,view3,71,0.9999,84.36
view2,401,view3,73,0.9999,92.4
view2,401,view3,77,0.9999,91.88
view2,401,view3,79,0.9999,89.72
view2,401,view3,81,0.9999,84.4
view2,401,view3,82,0.9999,78.68
view2,401,view3,88,0.9999,77.76
view2,401,view3,90,0.9999,81.32
view2,401,view3,94,0.9999,80.68
view2,401,view3,96,0.9999,65.76
view2,401,view3,99,0.9999,76.32
view2,401,view3,100,0.9999,79.64
view2,401,view3,106,0.9999,72.68
view2,401,view3,108,0.9999,75.36
view2,401,view3,109,0.9999,75.04
view2,401,view3,113,0.9999,48.2
view2,401,view3,119,0.9999,66.84
view2,401,view3,121,0.9999,71.16
view2,401,view3,124,0.9999,70.16
view2,401,view3,128,1.0,69.08
view2,401,view3,129,0.9999,54.76
view2,401,view3,131,0.9999,62.8
view2,401,view3,136,0.9999,58.76
view2,401,view3,144,0.9999,60.48
view2,401,view3,150,0.9999,53.16
view2,401,view3,153,0.9999,52.96
view2,401,view3,154,1.0,45.2
view2,401,view3,157,0.9999,53.92
view2,401,view3,163,0.9999,50.08
view2,401,view3,165,0.9999,42.68
view2,401,view3,169,0.9999,50.36
view2,401,view3,181,0.9999,40.36
view2,401,view3,186,0.9999,41.6
view2,401,view3,188,0.9999,44.08
view2,401,view3,195,0.9999,36.6
view2,401,view3,202,0.9999,40.2
view2,401,view3,203,0.9999,24.64
view2,401,view3,205,0.9999,34.96
view2,401,view3,206,0.9999,38.88
view2,401,view3,209,0.9999,0.0
view2,401,view3,212,0.9999,37.76
view2,401,view3,214,0.9999,36.08
view2,401,view3,215,0.9999,34.2
view2,401,view3,216,0.9999,29.72
view2,401,view3,217,0.9999,32.4
view2,401,view3,223,0.9999,31.16
view2,401,view3,225,0.9999,27.12
view2,401,view3,227,0.9999,29.88
view2,401,view3,230,0.9999,22.72
view2,401,view3,231,1.0,25.92
view2,401,view3,233,0.9999,20.12
view2,401,view3,236,0.9999,17.28
view2,401,view3,240,0.9999,15.84
view2,401,view3,243,0.9999,20.68
view2,401,view3,244,0.9999,5.8
view2,401,view3,252,0.9999,12.36
view2,401,view3,256,0.9999,7.72
view2,401,view3,260,0.9999,10.56
view2,401,view3,266,0.9999,2.28
view2,401,view3,267,0.9999,6.88
view2,401,view3,269,0.9999,0.0
view2,401,view3,272,0.9999,1.48
view2,401,view3,280,0.9999,0.0
view2,401,view3,282,0.9999,0.0
