view_a,track_id_a,view_b,track_id_b,cosine_similarity,time_gap
view1,1,view2,1,0.9991,0.0
view1,1,view2,2,0.9992,0.0
view1,1,view2,4,0.9974,0.0
view1,1,view2,5,0.997,0.0
view1,1,view2,7,0.9865,0.0
view1,1,view2,8,0.9978,0.0
view1,1,view2,10,0.9994,0.0
view1,1,view2,13,0.987,0.0
view1,1,view2,14,0.9995,0.0
view1,1,view2,15,0.9978,0.0
view1,1,view2,16,0.9972,0.0
view1,1,view2,17,0.9984,0.0
view1,1,view2,18,0.9986,0.0
view1,1,view2,19,0.9988,0.0
view1,1,view2,20,0.9986,0.0
view1,1,view2,21,0.999,0.0
view1,1,view2,23,0.9993,0.0
view1,1,view2,24,0.9959,0.0
view1,1,view2,25,0.9989,0.0
view1,1,view2,26,0.9982,0.0
view1,1,view2,28,0.9974,0.0
view1,1,view2,29,0.9985,0.0
view1,1,view2,30,0.9973,0.0
view1,1,view2,31,0.9985,0.0
view1,1,view2,32,0.9973,0.0
view1,1,view2,33,0.9993,0.0
view1,1,view2,34,0.9985,0.0
view1,1,view2,35,0.999,0.0
view1,1,view2,36,0.9953,0.0
view1,1,view2,37,0.9952,0.0
view1,1,view2,38,0.9986,0.0
view1,1,view2,39,0.9933,0.0
view1,1,view2,42,0.9965,0.0
view1,1,view2,43,0.9974,0.0
view1,1,view2,44,0.9948,0.0
view1,1,view2,45,0.9993,0.0
view1,1,view2,46,0.9991,0.0
view1,1,view2,47,0.9993,0.0
view1,1,view2,49,0.9993,0.0
view1,1,view2,50,0.998,0.0
view1,1,view2,51,0.9983,0.0
view1,1,view2,52,0.9972,0.0
view1,1,view2,53,0.9989,0.0
view1,1,view2,54,0.9952,0.0
view1,1,view2,55,0.998,0.0
view1,1,view2,56,0.9994,0.0
view1,1,view2,57,0.9983,0.0
view1,1,view2,58,0.9986,0.0
view1,1,view2,59,0.9975,0.0
view1,1,view2,60,0.9982,0.0
view1,1,view2,61,0.9974,0.0
view1,1,view2,62,0.9944,0.0
view1,1,view2,63,0.9995,0.0
view1,1,view2,65,0.9993,0.0
view1,1,view2,66,0.9985,0.0
view1,1,view2,67,0.9934,0.0
view1,1,view2,68,0.9924,0.0
view1,1,view2,69,0.9905,0.0
view1,1,view2,70,0.9979,0.0
view1,1,view2,71,0.9956,0.0
view1,1,view2,72,0.9981,0.0
view1,1,view2,73,0.9959,0.0
view1,1,view2,74,0.9995,0.0
view1,1,view2,75,0.9985,0.0
view1,1,view2,76,0.9983,0.0
view1,1,view2,77,0.9938,0.0
view1,1,view2,78,0.9969,0.0
view1,1,view2,79,0.9995,0.0
view1,1,view2,80,0.9994,0.0
view1,1,view2,82,0.9991,0.0
view1,1,view2,83,0.9996,0.0
view1,1,view2,84,0.9997,0.0
view1,1,view2,85,0.9958,0.0
view1,1,view2,86,0.9963,0.0
view1,1,view2,87,0.999,0.0
view1,1,view2,88,0.998,0.0
view1,1,view2,89,0.9969,0.0
view1,1,view2,91,0.998,0.0
view1,1,view2,92,0.9963,0.0
view1,1,view2,93,0.9992,0.0
view1,1,view2,94,0.9979,0.0
view1,1,view2,95,0.9987,0.0
view1,1,view2,96,0.9953,0.0
view1,1,view2,97,0.9984,0.04
view1,1,view3,1,0.9983,0.0
view1,1,view3,2,0.9976,0.0
view1,1,view3,3,0.9994,0.0
view1,1,view3,4,0.9993,0.0
view1,1,view3,6,0.9987,0.0
view1,1,view3,7,0.9986,0.0
view1,1,view3,8,0.9993,0.0
view1,1,view3,9,0.9989,0.0
view1,1,view3,11,0.9989,0.0
view1,1,view3,12,0.9987,0.0
view1,1,view3,13,0.9971,0.0
view1,1,view3,14,0.9992,0.0
view1,1,view3,15,0.999,0.0
view1,1,view3,16,0.9983,0.0
view1,1,view3,17,0.9996,0.0
view1,1,view3,18,0.9985,0.0
view1,1,view3,19,0.9977,0.0
view1,1,view3,20,0.9985,0.0
view1,1,view3,21,0.9991,0.0
view1,1,view3,22,0.998,0.0
view1,1,view3,23,0.9979,0.0
view1,1,view3,24,0.9985,0.0
view1,1,view3,25,0.9983,0.0
view1,1,view3,27,0.9996,0.0
view1,1,view3,28,0.998,0.0
view1,1,view3,29,0.9993,0.0
view1,1,view3,30,0.9989,0.0
view1,1,view3,31,0.9991,0.0
view1,1,view3,32,0.9993,0.0
view1,1,view3,33,0.994,0.0
view1,1,view3,34,0.999,0.0
view1,1,view3,36,0.9985,0.0
view1,1,view3,37,0.998,0.0
view1,1,view3,38,0.9994,0.0
view1,1,view3,39,0.9996,0.0
view1,1,view3,40,0.9983,0.0
view1,1,view3,42,0.9975,0.0
view1,1,view3,43,0.9995,0.0
view1,1,view3,45,0.9993,0.0
view1,1,view3,46,0.9982,0.0
view1,1,view3,47,0.9984,0.0
view1,1,view3,48,0.9991,0.0
view1,1,view3,49,0.9991,0.0
view1,1,view3,50,0.9988,0.0
view1,1,view3,51,0.9989,0.0
view1,1,view3,52,0.998,0.0
view1,1,view3,54,0.999,0.0
view1,1,view3,55,0.9969,0.0
view1,1,view3,56,0.9979,0.0
view1,1,view3,57,0.9984,0.0
view1,1,view3,58,0.9963,0.0
view1,1,view3,59,0.999,0.0
view1,1,view3,61,0.9997,0.0
view1,1,view3,62,0.9989,0.0
view1,1,view3,64,0.9992,0.0
view1,1,view3,65,0.9983,0.0
view1,1,view3,66,0.9979,0.0
view1,1,view3,67,0.9986,0.08
view1,1,view3,68,0.999,1.2
view1,2,view2,1,0.9961,0.0
view1,2,view2,2,0.9993,0.0
view1,2,view2,4,0.9977,0.08
view1,2,view2,5,0.9919,1.84
view1,2,view2,7,0.9781,4.84
view1,2,view2,8,0.9987,8.96
view1,2,view2,10,0.9973,10.64
view1,2,view2,13,0.9787,13.68
view1,2,view2,14,0.9971,16.28
view1,2,view2,15,0.9972,20.2
view1,2,view2,16,0.9925,21.84
view1,2,view2,17,0.9948,26.08
view1,2,view2,18,0.9954,33.4
view1,2,view2,19,0.9955,33.8
view1,2,view2,20,0.9966,36.4
view1,2,view2,21,0.9953,38.28
view1,2,view2,23,0.9966,40.96
view1,2,view2,24,0.9911,43.72
view1,2,view2,25,0.9974,44.64
view1,2,view2,26,0.9972,46.4
view1,2,view2,28,0.9929,47.36
view1,2,view2,29,0.9954,50.8
view1,2,view2,30,0.993,52.68
view1,2,view2,31,0.9953,54.16
view1,2,view2,32,0.9926,54.4
view1,2,view2,33,0.9963,56.96
view1,2,view2,34,0.9952,57.24
view1,2,view2,35,0.9993,59.56
view1,2,view2,36,0.9894,60.08
view1,2,view2,37,0.9906,60.2
view1,2,view2,38,0.9954,62.72
view1,2,view2,39,0.988,63.16
view1,2,view2,42,0.9958,67.24
view1,2,view2,43,0.9932,68.4
view1,2,view2,44,0.9907,68.76
view1,2,view2,45,0.9964,69.12
view1,2,view2,46,0.9972,70.64
view1,2,view2,47,0.9966,71.08
view1,2,view2,49,0.9965,76.92
view1,2,view2,50,0.9947,77.44
view1,2,view2,51,0.9948,78.96
view1,2,view2,52,0.9955,79.8
view1,2,view2,53,0.9976,80.28
view1,2,view2,54,0.9913,81.44
view1,2,view2,55,0.9946,84.32
view1,2,view2,56,0.9972,84.68
view1,2,view2,57,0.9951,85.44
view1,2,view2,58,0.9954,85.48
view1,2,view2,59,0.9989,86.88
view1,2,view2,60,0.9965,89.12
view1,2,view2,61,0.9926,89.36
view1,2,view2,62,0.9898,94.84
view1,2,view2,63,0.9975,97.16
view1,2,view2,65,0.9983,97.48
view1,2,view2,66,0.9946,100.12
view1,2,view2,67,0.987,100.64
view1,2,view2,68,0.9854,101.48
view1,2,view2,69,0.9839,104.0
view1,2,view2,70,0.9944,104.6
view1,2,view2,71,0.9942,104.88
view1,2,view2,72,0.9948,106.44
view1,2,view2,73,0.9921,106.48
view1,2,view2,74,0.9972,107.88
view1,2,view2,75,0.996,108.72
view1,2,view2,76,0.9946,111.72
view1,2,view2,77,0.9894,113.56
view1,2,view2,78,0.9921,115.6
view1,2,view2,79,0.9975,116.2
view1,2,view2,80,0.9974,118.92
view1,2,view2,82,0.9973,120.52
view1,2,view2,83,0.9976,121.84
view1,2,view2,84,0.998,121.96
view1,2,view2,85,0.9903,123.96
view1,2,view2,86,0.9938,127.08
view1,2,view2,87,0.996,128.16
view1,2,view2,88,0.997,128.68
view1,2,view2,89,0.9938,128.76
view1,2,view2,91,0.9956,132.8
view1,2,view2,92,0.9922,135.2
view1,2,view2,93,0.9973,136.16
view1,2,view2,94,0.9934,137.64
view1,2,view2,95,0.9955,138.64
view1,2,view2,96,0.9908,138.92
view1,2,view2,97,0.9949,143.32
view1,2,view3,1,0.998,0.0
view1,2,view3,2,0.999,0.0
view1,2,view3,3,0.998,0.0
view1,2,view3,4,0.9969,3.32
view1,2,view3,6,0.9966,14.52
view1,2,view3,7,0.9987,16.6
view1,2,view3,8,0.9979,18.72
view1,2,view3,9,0.9981,21.88
view1,2,view3,11,0.9979,25.16
view1,2,view3,12,0.9986,28.92
view1,2,view3,13,0.9975,32.08
view1,2,view3,14,0.9991,32.96
view1,2,view3,15,0.9979,34.92
view1,2,view3,16,0.9942,46.08
view1,2,view3,17,0.9978,46.72
view1,2,view3,18,0.9988,46.76
view1,2,view3,19,0.9988,48.52
view1,2,view3,20,0.9971,49.72
view1,2,view3,21,0.9983,55.6
view1,2,view3,22,0.9986,56.84
view1,2,view3,23,0.9981,57.8
view1,2,view3,24,0.9955,60.88
view1,2,view3,25,0.9962,63.0
view1,2,view3,27,0.9978,67.84
view1,2,view3,28,0.9975,67.92
view1,2,view3,29,0.9978,70.4
view1,2,view3,30,0.9961,72.76
view1,2,view3,31,0.999,75.04
view1,2,view3,32,0.9976,76.04
view1,2,view3,33,0.9939,79.08
view1,2,view3,34,0.9988,80.64
view1,2,view3,36,0.9983,86.68
view1,2,view3,37,0.9991,87.28
view1,2,view3,38,0.9978,90.32
view1,2,view3,39,0.9979,92.32
view1,2,view3,40,0.9985,92.76
view1,2,view3,42,0.9973,95.2
view1,2,view3,43,0.9974,99.8
view1,2,view3,45,0.9988,101.56
view1,2,view3,46,0.9957,101.88
view1,2,view3,47,0.9948,103.24
view1,2,view3,48,0.9979,103.44
view1,2,view3,49,0.9968,105.08
view1,2,view3,50,0.9966,106.12
view1,2,view3,51,0.9958,109.84
view1,2,view3,52,0.9993,110.12
view1,2,view3,54,0.9984,111.68
view1,2,view3,55,0.9928,112.48
view1,2,view3,56,0.9992,118.12
view1,2,view3,57,0.9992,122.2
view1,2,view3,58,0.9955,123.28
view1,2,view3,59,0.9976,124.84
view1,2,view3,61,0.9985,129.04
view1,2,view3,62,0.9978,130.88
view1,2,view3,64,0.9988,137.04
view1,2,view3,65,0.9985,137.52
view1,2,view3,66,0.995,139.6
view1,2,view3,67,0.9965,143.36
view1,2,view3,68,0.9964,144.48
view1,3,view2,1,0.9982,0.0
view1,3,view2,2,0.9956,0.0
view1,3,view2,4,0.9922,0.52
view1,3,view2,5,0.9983,0.0
view1,3,view2,7,0.9931,0.0
view1,3,view2,8,0.9949,0.0
view1,3,view2,10,0.9975,0.0
view1,3,view2,13,0.9938,0.0
view1,3,view2,14,0.9981,0.0
view1,3,view2,15,0.9944,0.0
view1,3,view2,16,0.9987,0.0
view1,3,view2,17,0.9981,0.0
view1,3,view2,18,0.9985,3.16
view1,3,view2,19,0.9987,3.56
view1,3,view2,20,0.997,6.16
view1,3,view2,21,0.9988,8.04
view1,3,view2,23,0.9985,10.72
view1,3,view2,24,0.9989,13.48
view1,3,view2,25,0.9965,14.4
view1,3,view2,26,0.9955,16.16
view1,3,view2,28,0.9986,17.12
view1,3,view2,29,0.9988,20.56
view1,3,view2,30,0.9977,22.44
view1,3,view2,31,0.9984,23.92
view1,3,view2,32,0.9984,24.16
view1,3,view2,33,0.9977,26.72
view1,3,view2,34,0.9973,27.0
view1,3,view2,35,0.9955,29.32
view1,3,view2,36,0.9977,29.84
view1,3,view2,37,0.9957,29.96
view1,3,view2,38,0.9982,32.48
view1,3,view2,39,0.9939,32.92
view1,3,view2,42,0.9946,37.0
view1,3,view2,43,0.9978,38.16
view1,3,view2,44,0.9952,38.52
view1,3,view2,45,0.9986,38.88
view1,3,view2,46,0.9972,40.4
view1,3,view2,47,0.998,40.84
view1,3,view2,49,0.9986,46.68
view1,3,view2,50,0.9974,47.2
view1,3,view2,51,0.9983,48.72
view1,3,view2,52,0.9957,49.56
view1,3,view2,53,0.9967,50.04
view1,3,view2,54,0.9972,51.2
view1,3,view2,55,0.9985,54.08
view1,3,view2,56,0.9969,54.44
view1,3,view2,57,0.9973,55.2
view1,3,view2,58,0.9982,55.24
view1,3,view2,59,0.9936,56.64
view1,3,view2,60,0.997,58.88
view1,3,view2,61,0.9987,59.12
view1,3,view2,62,0.9954,64.6
view1,3,view2,63,0.9969,66.92
view1,3,view2,65,0.997,67.24
view1,3,view2,66,0.9986,69.88
view1,3,view2,67,0.9973,70.4
view1,3,view2,68,0.9967,71.24
view1,3,view2,69,0.9951,73.76
view1,3,view2,70,0.9977,74.36
view1,3,view2,71,0.9948,74.64
view1,3,view2,72,0.9982,76.2
view1,3,view2,73,0.9953,76.24
view1,3,view2,74,0.9981,77.64
view1,3,view2,75,0.9971,78.48
view1,3,view2,76,0.9975,81.48
view1,3,view2,77,0.994,83.32
view1,3,view2,78,0.9985,85.36
view1,3,view2,79,0.9978,85.96
view1,3,view2,80,0.9967,88.68
view1,3,view2,82,0.9977,90.28
view1,3,view2,83,0.9982,91.6
view1,3,view2,84,0.998,91.72
view1,3,view2,85,0.9979,93.72
view1,3,view2,86,0.9959,96.84
view1,3,view2,87,0.9986,97.92
view1,3,view2,88,0.9967,98.44
view1,3,view2,89,0.9957,98.52
view1,3,view2,91,0.999,102.56
view1,3,view2,92,0.9966,104.96
view1,3,view2,93,0.9969,105.92
view1,3,view2,94,0.9982,107.4
view1,3,view2,95,0.9975,108.4
view1,3,view2,96,0.9959,108.68
view1,3,view2,97,0.9975,113.08
view1,3,view3,1,0.9956,0.0
view1,3,view3,2,0.9939,2.24
view1,3,view3,3,0.9981,0.0
view1,3,view3,4,0.9976,0.0
view1,3,view3,6,0.9967,0.0
view1,3,view3,7,0.9946,0.0
view1,3,view3,8,0.9958,0.0
view1,3,view3,9,0.9962,0.0
view1,3,view3,11,0.9962,0.0
view1,3,view3,12,0.996,0.0
view1,3,view3,13,0.9909,1.84
view1,3,view3,14,0.995,2.72
view1,3,view3,15,0.9959,4.68
view1,3,view3,16,0.9989,15.84
view1,3,view3,17,0.9976,16.48
view1,3,view3,18,0.9944,16.52
view1,3,view3,19,0.9943,18.28
view1,3,view3,20,0.9962,19.48
view1,3,view3,21,0.9949,25.36
view1,3,view3,22,0.9927,26.6
view1,3,view3,23,0.9942,27.56
view1,3,view3,24,0.9977,30.64
view1,3,view3,25,0.9963,32.76
view1,3,view3,27,0.9969,37.6
view1,3,view3,28,0.9941,37.68
view1,3,view3,29,0.9969,40.16
view1,3,view3,30,0.9985,42.52
view1,3,view3,31,0.995,44.8
view1,3,view3,32,0.997,45.8
view1,3,view3,33,0.9935,48.84
view1,3,view3,34,0.9947,50.4
view1,3,view3,36,0.9944,56.44
view1,3,view3,37,0.9941,57.04
view1,3,view3,38,0.9965,60.08
view1,3,view3,39,0.997,62.08
view1,3,view3,40,0.9942,62.52
view1,3,view3,42,0.9921,64.96
view1,3,view3,43,0.9975,69.56
view1,3,view3,45,0.9967,71.32
view1,3,view3,46,0.9958,71.64
view1,3,view3,47,0.9981,73.0
view1,3,view3,48,0.9955,73.2
view1,3,view3,49,0.9979,74.84
view1,3,view3,50,0.9984,75.88
view1,3,view3,51,0.9988,79.6
view1,3,view3,52,0.9936,79.88
view1,3,view3,54,0.9955,81.44
view1,3,view3,55,0.9994,82.24
view1,3,view3,56,0.9938,87.88
view1,3,view3,57,0.9947,91.96
view1,3,view3,58,0.9922,93.04
view1,3,view3,59,0.9957,94.6
view1,3,view3,61,0.9971,98.8
view1,3,view3,62,0.9959,100.64
view1,3,view3,64,0.9959,106.8
view1,3,view3,65,0.9943,107.28
view1,3,view3,66,0.9968,109.36
view1,3,view3,67,0.9975,113.12
view1,3,view3,68,0.9973,114.24
view1,4,view2,1,0.9985,0.0
view1,4,view2,2,0.9978,0.0
view1,4,view2,4,0.9963,3.48
view1,4,view2,5,0.9971,0.0
view1,4,view2,7,0.9873,0.0
view1,4,view2,8,0.9958,0.0
view1,4,view2,10,0.9985,0.0
view1,4,view2,13,0.988,0.0
view1,4,view2,14,0.9987,2.4
view1,4,view2,15,0.9977,6.32
view1,4,view2,16,0.9973,7.96
view1,4,view2,17,0.9982,12.2
view1,4,view2,18,0.9977,19.52
view1,4,view2,19,0.9986,19.92
view1,4,view2,20,0.9972,22.52
view1,4,view2,21,0.999,24.4
view1,4,view2,23,0.9985,27.08
view1,4,view2,24,0.9962,29.84
view1,4,view2,25,0.9974,30.76
view1,4,view2,26,0.9964,32.52
view1,4,view2,28,0.9974,33.48
view1,4,view2,29,0.998,36.92
view1,4,view2,30,0.9966,38.8
view1,4,view2,31,0.9983,40.28
view1,4,view2,32,0.9973,40.52
view1,4,view2,33,0.9986,43.08
view1,4,view2,34,0.9973,43.36
view1,4,view2,35,0.9972,45.68
view1,4,view2,36,0.9958,46.2
view1,4,view2,37,0.9946,46.32
view1,4,view2,38,0.9984,48.84
view1,4,view2,39,0.9929,49.28
view1,4,view2,42,0.9945,53.36
view1,4,view2,43,0.997,54.52
view1,4,view2,44,0.994,54.88
view1,4,view2,45,0.9992,55.24
view1,4,view2,46,0.9983,56.76
view1,4,view2,47,0.9983,57.2
view1,4,view2,49,0.9988,63.04
view1,4,view2,50,0.9975,63.56
view1,4,view2,51,0.9976,65.08
view1,4,view2,52,0.9954,65.92
view1,4,view2,53,0.9972,66.4
view1,4,view2,54,0.9943,67.56
view1,4,view2,55,0.9974,70.44
view1,4,view2,56,0.9986,70.8
view1,4,view2,57,0.9987,71.56
view1,4,view2,58,0.9978,71.6
view1,4,view2,59,0.9951,73.0
view1,4,view2,60,0.9967,75.24
view1,4,view2,61,0.9978,75.48
view1,4,view2,62,0.9937,80.96
view1,4,view2,63,0.9985,83.28
view1,4,view2,65,0.9981,83.6
view1,4,view2,66,0.9982,86.24
view1,4,view2,67,0.9939,86.76
view1,4,view2,68,0.9932,87.6
view1,4,view2,69,0.9902,90.12
view1,4,view2,70,0.9972,90.72
view1,4,view2,71,0.9938,91.0
view1,4,view2,72,0.9976,92.56
view1,4,view2,73,0.9949,92.6
view1,4,view2,74,0.9992,94.0
view1,4,view2,75,0.9973,94.84
view1,4,view2,76,0.9984,97.84
view1,4,view2,77,0.9936,99.68
view1,4,view2,78,0.9968,101.72
view1,4,view2,79,0.9985,102.32
view1,4,view2,80,0.999,105.04
view1,4,view2,82,0.9979,106.64
view1,4,view2,83,0.9985,107.96
view1,4,view2,84,0.999,108.08
view1,4,view2,85,0.9971,110.08
view1,4,view2,86,0.9947,113.2
view1,4,view2,87,0.9983,114.28
view1,4,view2,88,0.9962,114.8
view1,4,view2,89,0.9964,114.88
view1,4,view2,91,0.9975,118.92
view1,4,view2,92,0.9955,121.32
view1,4,view2,93,0.9985,122.28
view1,4,view2,94,0.998,123.76
view1,4,view2,95,0.9985,124.76
view1,4,view2,96,0.9944,125.04
view1,4,view2,97,0.9983,129.44
view1,4,view3,1,0.9965,0.0
view1,4,view3,2,0.9958,5.2
view1,4,view3,3,0.9986,0.0
view1,4,view3,4,0.9986,0.0
view1,4,view3,6,0.9976,0.64
view1,4,view3,7,0.9976,2.72
view1,4,view3,8,0.9985,4.84
view1,4,view3,9,0.9978,8.0
view1,4,view3,11,0.9973,11.28
view1,4,view3,12,0.997,15.04
view1,4,view3,13,0.9951,18.2
view1,4,view3,14,0.998,19.08
view1,4,view3,15,0.9975,21.04
view1,4,view3,16,0.9987,32.2
view1,4,view3,17,0.9989,32.84
view1,4,view3,18,0.9969,32.88
view1,4,view3,19,0.996,34.64
view1,4,view3,20,0.997,35.84
view1,4,view3,21,0.998,41.72
view1,4,view3,22,0.9967,42.96
view1,4,view3,23,0.9957,43.92
view1,4,view3,24,0.9979,47.0
view1,4,view3,25,0.9977,49.12
view1,4,view3,27,0.9985,53.96
view1,4,view3,28,0.9962,54.04
view1,4,view3,29,0.9986,56.52
view1,4,view3,30,0.9981,58.88
view1,4,view3,31,0.9975,61.16
view1,4,view3,32,0.9983,62.16
view1,4,view3,33,0.9925,65.2
view1,4,view3,34,0.9973,66.76
view1,4,view3,36,0.9967,72.8
view1,4,view3,37,0.9964,73.4
view1,4,view3,38,0.9986,76.44
view1,4,view3,39,0.9986,78.44
view1,4,view3,40,0.9968,78.88
view1,4,view3,42,0.996,81.32
view1,4,view3,43,0.999,85.92
view1,4,view3,45,0.998,87.68
view1,4,view3,46,0.998,88.0
view1,4,view3,47,0.9985,89.36
view1,4,view3,48,0.9981,89.56
view1,4,view3,49,0.9985,91.2
view1,4,view3,50,0.998,92.24
view1,4,view3,51,0.9989,95.96
view1,4,view3,52,0.9957,96.24
view1,4,view3,54,0.9974,97.8
view1,4,view3,55,0.9973,98.6
view1,4,view3,56,0.9962,104.24
view1,4,view3,57,0.9968,108.32
view1,4,view3,58,0.994,109.4
view1,4,view3,59,0.9979,110.96
view1,4,view3,61,0.9987,115.16
view1,4,view3,62,0.9982,117.0
view1,4,view3,64,0.998,123.16
view1,4,view3,65,0.9965,123.64
view1,4,view3,66,0.9972,125.72
view1,4,view3,67,0.998,129.48
view1,4,view3,68,0.9981,130.6
view1,5,view2,1,0.9946,0.0
view1,5,view2,2,0.9924,0.0
view1,5,view2,4,0.9873,7.52
view1,5,view2,5,0.9925,0.0
view1,5,view2,7,0.9863,1.68
view1,5,view2,8,0.991,0.72
view1,5,view2,10,0.9929,2.4
view1,5,view2,13,0.9862,5.44
view1,5,view2,14,0.9938,8.04
view1,5,view2,15,0.9874,11.96
view1,5,view2,16,0.9941,13.6
view1,5,view2,17,0.9932,17.84
view1,5,view2,18,0.995,25.16
view1,5,view2,19,0.9919,25.56
view1,5,view2,20,0.9957,28.16
view1,5,view2,21,0.9941,30.04
view1,5,view2,23,0.995,32.72
view1,5,view2,24,0.9921,35.48
view1,5,view2,25,0.9943,36.4
view1,5,view2,26,0.9933,38.16
view1,5,view2,28,0.9916,39.12
view1,5,view2,29,0.995,42.56
view1,5,view2,30,0.9954,44.44
view1,5,view2,31,0.9913,45.92
view1,5,view2,32,0.9944,46.16
view1,5,view2,33,0.9954,48.72
view1,5,view2,34,0.9967,49.0
view1,5,view2,35,0.9917,51.32
view1,5,view2,36,0.9917,51.84
view1,5,view2,37,0.9975,51.96
view1,5,view2,38,0.9945,54.48
view1,5,view2,39,0.9978,54.92
view1,5,view2,42,0.9918,59.0
view1,5,view2,43,0.997,60.16
view1,5,view2,44,0.9977,60.52
view1,5,view2,45,0.9928,60.88
view1,5,view2,46,0.9924,62.4
view1,5,view2,47,0.9946,62.84
view1,5,view2,49,0.9936,68.68
view1,5,view2,50,0.9954,69.2
view1,5,view2,51,0.995,70.72
view1,5,view2,52,0.9948,71.56
view1,5,view2,53,0.9959,72.04
view1,5,view2,54,0.9919,73.2
view1,5,view2,55,0.993,76.08
view1,5,view2,56,0.9946,76.44
view1,5,view2,57,0.9906,77.2
view1,5,view2,58,0.992,77.24
view1,5,view2,59,0.9909,78.64
view1,5,view2,60,0.996,80.88
view1,5,view2,61,0.9919,81.12
view1,5,view2,62,0.996,86.6
view1,5,view2,63,0.9945,88.92
view1,5,view2,65,0.9941,89.24
view1,5,view2,66,0.9951,91.88
view1,5,view2,67,0.9917,92.4
view1,5,view2,68,0.9885,93.24
view1,5,view2,69,0.9926,95.76
view1,5,view2,70,0.9938,96.36
view1,5,view2,71,0.992,96.64
view1,5,view2,72,0.9948,98.2
view1,5,view2,73,0.9979,98.24
view1,5,view2,74,0.9933,99.64
view1,5,view2,75,0.997,100.48
view1,5,view2,76,0.9924,103.48
view1,5,view2,77,0.9973,105.32
view1,5,view2,78,0.9942,107.36
view1,5,view2,79,0.994,107.96
view1,5,view2,80,0.9929,110.68
view1,5,view2,82,0.9935,112.28
view1,5,view2,83,0.9945,113.6
view1,5,view2,84,0.9934,113.72
view1,5,view2,85,0.9889,115.72
view1,5,view2,86,0.9953,118.84
view1,5,view2,87,0.9949,119.92
view1,5,view2,88,0.9946,120.44
view1,5,view2,89,0.9955,120.52
view1,5,view2,91,0.9904,124.56
view1,5,view2,92,0.9977,126.96
view1,5,view2,93,0.9916,127.92
view1,5,view2,94,0.9932,129.4
view1,5,view2,95,0.9924,130.4
view1,5,view2,96,0.9978,130.68
view1,5,view2,97,0.9947,135.08
view1,5,view3,1,0.9947,0.0
view1,5,view3,2,0.9894,9.24
view1,5,view3,3,0.9922,0.0
view1,5,view3,4,0.9942,0.0
view1,5,view3,6,0.9931,6.28
view1,5,view3,7,0.9892,8.36
view1,5,view3,8,0.9911,10.48
view1,5,view3,9,0.992,13.64
view1,5,view3,11,0.9934,16.92
view1,5,view3,12,0.9928,20.68
view1,5,view3,13,0.988,23.84
view1,5,view3,14,0.9919,24.72
view1,5,view3,15,0.993,26.68
view1,5,view3,16,0.9926,37.84
view1,5,view3,17,0.9934,38.48
view1,5,view3,18,0.9917,38.52
view1,5,view3,19,0.9895,40.28
view1,5,view3,20,0.9944,41.48
view1,5,view3,21,0.9925,47.36
view1,5,view3,22,0.9886,48.6
view1,5,view3,23,0.9915,49.56
view1,5,view3,24,0.9941,52.64
view1,5,view3,25,0.9927,54.76
view1,5,view3,27,0.9945,59.6
view1,5,view3,28,0.9899,59.68
view1,5,view3,29,0.9912,62.16
view1,5,view3,30,0.9929,64.52
view1,5,view3,31,0.9924,66.8
view1,5,view3,32,0.9932,67.8
view1,5,view3,33,0.9876,70.84
view1,5,view3,34,0.9918,72.4
view1,5,view3,36,0.9915,78.44
view1,5,view3,37,0.9895,79.04
view1,5,view3,38,0.9929,82.08
view1,5,view3,39,0.994,84.08
view1,5,view3,40,0.9898,84.52
view1,5,view3,42,0.989,86.96
view1,5,view3,43,0.9926,91.56
view1,5,view3,45,0.9915,93.32
view1,5,view3,46,0.9934,93.64
view1,5,view3,47,0.993,95.0
view1,5,view3,48,0.9922,95.2
view1,5,view3,49,0.992,96.84
view1,5,view3,50,0.992,97.88
view1,5,view3,51,0.9922,101.6
view1,5,view3,52,0.9907,101.88
view1,5,view3,54,0.992,103.44
view1,5,view3,55,0.9901,104.24
view1,5,view3,56,0.9897,109.88
view1,5,view3,57,0.9897,113.96
view1,5,view3,58,0.9933,115.04
view1,5,view3,59,0.9919,116.6
view1,5,view3,61,0.9927,120.8
view1,5,view3,62,0.9913,122.64
view1,5,view3,64,0.992,128.8
view1,5,view3,65,0.9902,129.28
view1,5,view3,66,0.9951,131.36
view1,5,view3,67,0.9908,135.12
view1,5,view3,68,0.9946,136.24
view1,8,view2,1,0.9986,0.0
view1,8,view2,2,0.9988,6.0
view1,8,view2,4,0.9974,14.52
view1,8,view2,5,0.9962,5.76
view1,8,view2,7,0.9853,8.68
view1,8,view2,8,0.9979,0.0
view1,8,view2,10,0.9996,0.0
view1,8,view2,13,0.9862,0.0
view1,8,view2,14,0.9995,0.0
view1,8,view2,15,0.998,0.0
view1,8,view2,16,0.9964,0.0
view1,8,view2,17,0.9981,0.0
view1,8,view2,18,0.9983,0.56
view1,8,view2,19,0.9988,0.96
view1,8,view2,20,0.998,3.56
view1,8,view2,21,0.9982,5.44
view1,8,view2,23,0.999,8.12
view1,8,view2,24,0.9961,10.88
view1,8,view2,25,0.9987,11.8
view1,8,view2,26,0.998,13.56
view1,8,view2,28,0.9968,14.52
view1,8,view2,29,0.9979,17.96
view1,8,view2,30,0.9963,19.84
view1,8,view2,31,0.9987,21.32
view1,8,view2,32,0.9963,21.56
view1,8,view2,33,0.9984,24.12
view1,8,view2,34,0.9977,24.4
view1,8,view2,35,0.9992,26.72
view1,8,view2,36,0.9942,27.24
view1,8,view2,37,0.9937,27.36
view1,8,view2,38,0.998,29.88
view1,8,view2,39,0.9913,30.32
view1,8,view2,42,0.9969,34.4
view1,8,view2,43,0.9963,35.56
view1,8,view2,44,0.9936,35.92
view1,8,view2,45,0.9991,36.28
view1,8,view2,46,0.9992,37.8
view1,8,view2,47,0.999,38.24
view1,8,view2,49,0.9993,44.08
view1,8,view2,50,0.9975,44.6
view1,8,view2,51,0.9979,46.12
view1,8,view2,52,0.9972,46.96
view1,8,view2,53,0.9986,47.44
view1,8,view2,54,0.9951,48.6
view1,8,view2,55,0.9979,51.48
view1,8,view2,56,0.9989,51.84
view1,8,view2,57,0.9974,52.6
view1,8,view2,58,0.9989,52.64
view1,8,view2,59,0.9973,54.04
view1,8,view2,60,0.9979,56.28
view1,8,view2,61,0.9967,56.52
view1,8,view2,62,0.9934,62.0
view1,8,view2,63,0.9992,64.32
view1,8,view2,65,0.9992,64.64
view1,8,view2,66,0.9977,67.28
view1,8,view2,67,0.9924,67.8
view1,8,view2,68,0.9917,68.64
view1,8,view2,69,0.9896,71.16
view1,8,view2,70,0.9975,71.76
view1,8,view2,71,0.9963,72.04
view1,8,view2,72,0.9977,73.6
view1,8,view2,73,0.9948,73.64
view1,8,view2,74,0.9989,75.04
view1,8,view2,75,0.9979,75.88
view1,8,view2,76,0.9975,78.88
view1,8,view2,77,0.9924,80.72
view1,8,view2,78,0.9963,82.76
view1,8,view2,79,0.9992,83.36
view1,8,view2,80,0.9991,86.08
view1,8,view2,82,0.9989,87.68
view1,8,view2,83,0.9992,89.0
view1,8,view2,84,0.9991,89.12
view1,8,view2,85,0.9947,91.12
view1,8,view2,86,0.9962,94.24
view1,8,view2,87,0.9986,95.32
view1,8,view2,88,0.9978,95.84
view1,8,view2,89,0.9957,95.92
view1,8,view2,91,0.9983,99.96
view1,8,view2,92,0.995,102.36
view1,8,view2,93,0.9994,103.32
view1,8,view2,94,0.9972,104.8
view1,8,view2,95,0.9985,105.8
view1,8,view2,96,0.9942,106.08
view1,8,view2,97,0.9976,110.48
view1,8,view3,1,0.9976,0.0
view1,8,view3,2,0.9972,16.24
view1,8,view3,3,0.999,0.0
view1,8,view3,4,0.999,1.04
view1,8,view3,6,0.9988,0.0
view1,8,view3,7,0.999,0.0
view1,8,view3,8,0.9991,0.0
view1,8,view3,9,0.9987,0.0
view1,8,view3,11,0.9988,0.0
view1,8,view3,12,0.9987,0.0
view1,8,view3,13,0.9973,0.0
view1,8,view3,14,0.9991,0.12
view1,8,view3,15,0.9989,2.08
view1,8,view3,16,0.9979,13.24
view1,8,view3,17,0.9992,13.88
view1,8,view3,18,0.998,13.92
view1,8,view3,19,0.9976,15.68
view1,8,view3,20,0.9982,16.88
view1,8,view3,21,0.9987,22.76
view1,8,view3,22,0.9983,24.0
view1,8,view3,23,0.9979,24.96
view1,8,view3,24,0.998,28.04
view1,8,view3,25,0.9977,30.16
view1,8,view3,27,0.9991,35.0
view1,8,view3,28,0.9987,35.08
view1,8,view3,29,0.9994,37.56
view1,8,view3,30,0.9985,39.92
view1,8,view3,31,0.9987,42.2
view1,8,view3,32,0.9985,43.2
view1,8,view3,33,0.9936,46.24
view1,8,view3,34,0.9986,47.8
view1,8,view3,36,0.9982,53.84
view1,8,view3,37,0.9978,54.44
view1,8,view3,38,0.9988,57.48
view1,8,view3,39,0.9992,59.48
view1,8,view3,40,0.9979,59.92
view1,8,view3,42,0.9968,62.36
view1,8,view3,43,0.9988,66.96
view1,8,view3,45,0.999,68.72
view1,8,view3,46,0.9967,69.04
view1,8,view3,47,0.9974,70.4
view1,8,view3,48,0.9988,70.6
view1,8,view3,49,0.9993,72.24
view1,8,view3,50,0.9986,73.28
view1,8,view3,51,0.9986,77.0
view1,8,view3,52,0.998,77.28
view1,8,view3,54,0.9991,78.84
view1,8,view3,55,0.9968,79.64
view1,8,view3,56,0.9976,85.28
view1,8,view3,57,0.9988,89.36
view1,8,view3,58,0.9958,90.44
view1,8,view3,59,0.9989,92.0
view1,8,view3,61,0.9994,96.2
view1,8,view3,62,0.999,98.04
view1,8,view3,64,0.9991,104.2
view1,8,view3,65,0.9981,104.68
view1,8,view3,66,0.9973,106.76
view1,8,view3,67,0.9989,110.52
view1,8,view3,68,0.9985,111.64
view1,10,view2,1,0.9963,0.0
view1,10,view2,2,0.9984,8.52
view1,10,view2,4,0.9994,17.04
view1,10,view2,5,0.9928,8.28
view1,10,view2,7,0.9786,11.2
view1,10,view2,8,0.9963,0.0
view1,10,view2,10,0.998,0.0
view1,10,view2,13,0.9791,1.68
view1,10,view2,14,0.9975,0.0
view1,10,view2,15,0.9988,0.0
view1,10,view2,16,0.9928,0.44
view1,10,view2,17,0.9959,4.68
view1,10,view2,18,0.9951,12.0
view1,10,view2,19,0.9965,12.4
view1,10,view2,20,0.9955,15.0
view1,10,view2,21,0.996,16.88
view1,10,view2,23,0.9964,19.56
view1,10,view2,24,0.9912,22.32
view1,10,view2,25,0.9968,23.24
view1,10,view2,26,0.9962,25.0
view1,10,view2,28,0.9939,25.96
view1,10,view2,29,0.9947,29.4
view1,10,view2,30,0.9929,31.28
view1,10,view2,31,0.9963,32.76
view1,10,view2,32,0.9928,33.0
view1,10,view2,33,0.9969,35.56
view1,10,view2,34,0.9953,35.84
view1,10,view2,35,0.9983,38.16
view1,10,view2,36,0.9903,38.68
view1,10,view2,37,0.9898,38.8
view1,10,view2,38,0.9953,41.32
view1,10,view2,39,0.9874,41.76
view1,10,view2,42,0.9939,45.84
view1,10,view2,43,0.9928,47.0
view1,10,view2,44,0.9895,47.36
view1,10,view2,45,0.9973,47.72
view1,10,view2,46,0.9976,49.24
view1,10,view2,47,0.9968,49.68
view1,10,view2,49,0.997,55.52
view1,10,view2,50,0.9949,56.04
view1,10,view2,51,0.9945,57.56
view1,10,view2,52,0.9943,58.4
view1,10,view2,53,0.9967,58.88
view1,10,view2,54,0.9901,60.04
view1,10,view2,55,0.9947,62.92
view1,10,view2,56,0.998,63.28
view1,10,view2,57,0.9963,64.04
view1,10,view2,58,0.9966,64.08
view1,10,view2,59,0.9963,65.48
view1,10,view2,60,0.9948,67.72
view1,10,view2,61,0.9938,67.96
view1,10,view2,62,0.9888,73.44
view1,10,view2,63,0.9982,75.76
view1,10,view2,65,0.9976,76.08
view1,10,view2,66,0.9949,78.72
view1,10,view2,67,0.9872,79.24
view1,10,view2,68,0.9867,80.08
view1,10,view2,69,0.983,82.6
view1,10,view2,70,0.9944,83.2
view1,10,view2,71,0.9927,83.48
view1,10,view2,72,0.9946,85.04
view1,10,view2,73,0.9916,85.08
view1,10,view2,74,0.9977,86.48
view1,10,view2,75,0.9953,87.32
view1,10,view2,76,0.9961,90.32
view1,10,view2,77,0.9886,92.16
view1,10,view2,78,0.9922,94.2
view1,10,view2,79,0.9975,94.8
view1,10,view2,80,0.9988,97.52
view1,10,view2,82,0.9968,99.12
view1,10,view2,83,0.9971,100.44
view1,10,view2,84,0.9979,100.56
view1,10,view2,85,0.992,102.56
view1,10,view2,86,0.9924,105.68
view1,10,view2,87,0.996,106.76
view1,10,view2,88,0.9949,107.28
view1,10,view2,89,0.993,107.36
view1,10,view2,91,0.9954,111.4
view1,10,view2,92,0.9914,113.8
view1,10,view2,93,0.9985,114.76
view1,10,view2,94,0.9947,116.24
view1,10,view2,95,0.9972,117.24
view1,10,view2,96,0.9907,117.52
view1,10,view2,97,0.9954,121.92
view1,10,view3,1,0.9956,0.0
view1,10,view3,2,0.9969,18.76
view1,10,view3,3,0.9973,0.0
view1,10,view3,4,0.9971,3.56
view1,10,view3,6,0.9969,0.0
view1,10,view3,7,0.9993,0.0
view1,10,view3,8,0.9993,0.0
view1,10,view3,9,0.9975,0.48
view1,10,view3,11,0.9971,3.76
view1,10,view3,12,0.997,7.52
view1,10,view3,13,0.9992,10.68
view1,10,view3,14,0.9994,11.56
view1,10,view3,15,0.9977,13.52
view1,10,view3,16,0.9951,24.68
view1,10,view3,17,0.9979,25.32
view1,10,view3,18,0.9976,25.36
view1,10,view3,19,0.997,27.12
view1,10,view3,20,0.9965,28.32
view1,10,view3,21,0.9988,34.2
view1,10,view3,22,0.9998,35.44
view1,10,view3,23,0.9966,36.4
view1,10,view3,24,0.9953,39.48
view1,10,view3,25,0.9961,41.6
view1,10,view3,27,0.9979,46.44
view1,10,view3,28,0.9983,46.52
view1,10,view3,29,0.9989,49.0
view1,10,view3,30,0.9962,51.36
view1,10,view3,31,0.9987,53.64
view1,10,view3,32,0.9971,54.64
view1,10,view3,33,0.9899,57.68
view1,10,view3,34,0.9987,59.24
view1,10,view3,36,0.998,65.28
view1,10,view3,37,0.9977,65.88
view1,10,view3,38,0.9983,68.92
view1,10,view3,39,0.9979,70.92
view1,10,view3,40,0.9981,71.36
view1,10,view3,42,0.9987,73.8
view1,10,view3,43,0.9978,78.4
view1,10,view3,45,0.9979,80.16
view1,10,view3,46,0.9963,80.48
view1,10,view3,47,0.9954,81.84
view1,10,view3,48,0.9988,82.04
view1,10,view3,49,0.9975,83.68
view1,10,view3,50,0.9961,84.72
view1,10,view3,51,0.9967,88.44
view1,10,view3,52,0.9975,88.72
view1,10,view3,54,0.9984,90.28
view1,10,view3,55,0.9929,91.08
view1,10,view3,56,0.9977,96.72
view1,10,view3,57,0.9985,100.8
view1,10,view3,58,0.9944,101.88
view1,10,view3,59,0.9985,103.44
view1,10,view3,61,0.9985,107.64
view1,10,view3,62,0.9984,109.48
view1,10,view3,64,0.9983,115.64
view1,10,view3,65,0.9977,116.12
view1,10,view3,66,0.9945,118.2
view1,10,view3,67,0.9973,121.96
view1,10,view3,68,0.9966,123.08
view1,11,view2,1,0.9971,0.0
view1,11,view2,2,0.9928,9.28
view1,11,view2,4,0.9873,17.8
view1,11,view2,5,0.9977,9.04
view1,11,view2,7,0.9954,11.96
view1,11,view2,8,0.9915,0.0
view1,11,view2,10,0.9958,0.0
view1,11,view2,13,0.9964,2.44
view1,11,view2,14,0.9966,0.0
view1,11,view2,15,0.9902,0.0
view1,11,view2,16,0.9989,1.24
view1,11,view2,17,0.9966,5.48
view1,11,view2,18,0.9975,12.8
view1,11,view2,19,0.9973,13.2
view1,11,view2,20,0.9955,15.8
view1,11,view2,21,0.9971,17.68
view1,11,view2,23,0.9972,20.36
view1,11,view2,24,0.9982,23.12
view1,11,view2,25,0.9945,24.04
view1,11,view2,26,0.9928,25.8
view1,11,view2,28,0.9969,26.76
view1,11,view2,29,0.9981,30.2
view1,11,view2,30,0.9976,32.08
view1,11,view2,31,0.9974,33.56
view1,11,view2,32,0.9984,33.8
view1,11,view2,33,0.9961,36.36
view1,11,view2,34,0.996,36.64
view1,11,view2,35,0.9926,38.96
view1,11,view2,36,0.9985,39.48
view1,11,view2,37,0.996,39.6
view1,11,view2,38,0.9968,42.12
view1,11,view2,39,0.9945,42.56
view1,11,view2,42,0.9922,46.64
view1,11,view2,43,0.9976,47.8
view1,11,view2,44,0.996,48.16
view1,11,view2,45,0.9965,48.52
view1,11,view2,46,0.9964,50.04
view1,11,view2,47,0.9966,50.48
view1,11,view2,49,0.9968,56.32
view1,11,view2,50,0.9971,56.84
view1,11,view2,51,0.9979,58.36
view1,11,view2,52,0.9932,59.2
view1,11,view2,53,0.9945,59.68
view1,11,view2,54,0.9956,60.84
view1,11,view2,55,0.997,63.72
view1,11,view2,56,0.9949,64.08
view1,11,view2,57,0.9953,64.84
view1,11,view2,58,0.997,64.88
view1,11,view2,59,0.9905,66.28
view1,11,view2,60,0.9951,68.52
view1,11,view2,61,0.9982,68.76
view1,11,view2,62,0.996,74.24
view1,11,view2,63,0.9947,76.56
view1,11,view2,65,0.9953,76.88
view1,11,view2,66,0.9979,79.52
view1,11,view2,67,0.9982,80.04
view1,11,view2,68,0.9986,80.88
view1,11,view2,69,0.996,83.4
view1,11,view2,70,0.9977,84.0
view1,11,view2,71,0.9925,84.28
view1,11,view2,72,0.9979,85.84
view1,11,view2,73,0.9955,85.88
view1,11,view2,74,0.9957,87.28
view1,11,view2,75,0.9961,88.12
view1,11,view2,76,0.9961,91.12
view1,11,view2,77,0.9951,92.96
view1,11,view2,78,0.9989,95.0
view1,11,view2,79,0.9958,95.6
view1,11,view2,80,0.9942,98.32
view1,11,view2,82,0.9955,99.92
view1,11,view2,83,0.9966,101.24
view1,11,view2,84,0.9953,101.36
view1,11,view2,85,0.9958,103.36
view1,11,view2,86,0.9941,106.48
view1,11,view2,87,0.9973,107.56
view1,11,view2,88,0.9947,108.08
view1,11,view2,89,0.9963,108.16
view1,11,view2,91,0.9967,112.2
view1,11,view2,92,0.9962,114.6
view1,11,view2,93,0.9953,115.56
view1,11,view2,94,0.9979,117.04
view1,11,view2,95,0.9958,118.04
view1,11,view2,96,0.9953,118.32
view1,11,view2,97,0.9974,122.72
view1,11,view3,1,0.9936,0.0
view1,11,view3,2,0.9898,19.52
view1,11,view3,3,0.9958,0.0
view1,11,view3,4,0.9958,4.32
view1,11,view3,6,0.9944,0.0
view1,11,view3,7,0.992,0.0
view1,11,view3,8,0.9934,0.0
view1,11,view3,9,0.9948,1.28
view1,11,view3,11,0.9936,4.56
view1,11,view3,12,0.994,8.32
view1,11,view3,13,0.9878,11.48
view1,11,view3,14,0.9921,12.36
view1,11,view3,15,0.9931,14.32
view1,11,view3,16,0.9976,25.48
view1,11,view3,17,0.9954,26.12
view1,11,view3,18,0.9915,26.16
view1,11,view3,19,0.9906,27.92
view1,11,view3,20,0.9932,29.12
view1,11,view3,21,0.9929,35.0
view1,11,view3,22,0.9888,36.24
view1,11,view3,23,0.991,37.2
view1,11,view3,24,0.9966,40.28
view1,11,view3,25,0.996,42.4
view1,11,view3,27,0.9948,47.24
view1,11,view3,28,0.9926,47.32
view1,11,view3,29,0.9948,49.8
view1,11,view3,30,0.9965,52.16
view1,11,view3,31,0.9914,54.44
view1,11,view3,32,0.9951,55.44
view1,11,view3,33,0.991,58.48
view1,11,view3,34,0.9914,60.04
view1,11,view3,36,0.9905,66.08
view1,11,view3,37,0.9901,66.68
view1,11,view3,38,0.9936,69.72
view1,11,view3,39,0.9953,71.72
view1,11,view3,40,0.9901,72.16
view1,11,view3,42,0.9875,74.6
view1,11,view3,43,0.9958,79.2
view1,11,view3,45,0.9937,80.96
view1,11,view3,46,0.9932,81.28
view1,11,view3,47,0.9974,82.64
view1,11,view3,48,0.9923,82.84
view1,11,view3,49,0.9969,84.48
view1,11,view3,50,0.9963,85.52
view1,11,view3,51,0.9971,89.24
view1,11,view3,52,0.9902,89.52
view1,11,view3,54,0.9928,91.08
view1,11,view3,55,0.9976,91.88
view1,11,view3,56,0.9896,97.52
view1,11,view3,57,0.991,101.6
view1,11,view3,58,0.9908,102.68
view1,11,view3,59,0.9923,104.24
view1,11,view3,61,0.9941,108.44
view1,11,view3,62,0.9945,110.28
view1,11,view3,64,0.9937,116.44
view1,11,view3,65,0.9908,116.92
view1,11,view3,66,0.9964,119.0
view1,11,view3,67,0.9961,122.76
view1,11,view3,68,0.9955,123.88
view1,12,view2,1,0.9996,0.0
view1,12,view2,2,0.9978,14.88
view1,12,view2,4,0.9947,23.4
view1,12,view2,5,0.9987,14.64
view1,12,view2,7,0.9915,17.56
view1,12,view2,8,0.9961,0.0
view1,12,view2,10,0.9989,0.0
view1,12,view2,13,0.992,8.04
view1,12,view2,14,0.9993,0.0
view1,12,view2,15,0.9959,3.28
view1,12,view2,16,0.9991,0.0
view1,12,view2,17,0.9992,0.0
view1,12,view2,18,0.9993,0.0
view1,12,view2,19,0.9992,0.0
view1,12,view2,20,0.9987,0.0
view1,12,view2,21,0.9996,0.0
view1,12,view2,23,0.9996,0.0
view1,12,view2,24,0.9977,0.0
view1,12,view2,25,0.9983,0.0
view1,12,view2,26,0.9973,0.0
view1,12,view2,28,0.9985,0.0
view1,12,view2,29,0.9995,0.0
view1,12,view2,30,0.9989,0.0
view1,12,view2,31,0.9988,0.8
view1,12,view2,32,0.9991,1.04
view1,12,view2,33,0.9995,3.6
view1,12,view2,34,0.999,3.88
view1,12,view2,35,0.9972,6.2
view1,12,view2,36,0.9978,6.72
view1,12,view2,37,0.9973,6.84
view1,12,view2,38,0.9993,9.36
view1,12,view2,39,0.9958,9.8
view1,12,view2,42,0.9957,13.88
view1,12,view2,43,0.999,15.04
view1,12,view2,44,0.9969,15.4
view1,12,view2,45,0.9994,15.76
view1,12,view2,46,0.9988,17.28
view1,12,view2,47,0.9993,17.72
view1,12,view2,49,0.9995,23.56
view1,12,view2,50,0.9988,24.08
view1,12,view2,51,0.9992,25.6
view1,12,view2,52,0.9968,26.44
view1,12,view2,53,0.9982,26.92
view1,12,view2,54,0.9965,28.08
view1,12,view2,55,0.9987,30.96
view1,12,view2,56,0.999,31.32
view1,12,view2,57,0.9985,32.08
view1,12,view2,58,0.9986,32.12
view1,12,view2,59,0.9955,33.52
view1,12,view2,60,0.9982,35.76
view1,12,view2,61,0.9989,36.0
view1,12,view2,62,0.9966,41.48
view1,12,view2,63,0.9989,43.8
view1,12,view2,65,0.9986,44.12
view1,12,view2,66,0.9997,46.76
view1,12,view2,67,0.9967,47.28
view1,12,view2,68,0.9958,48.12
view1,12,view2,69,0.9942,50.64
view1,12,view2,70,0.9988,51.24
view1,12,view2,71,0.9952,51.52
view1,12,view2,72,0.9992,53.08
view1,12,view2,73,0.9974,53.12
view1,12,view2,74,0.9993,54.52
view1,12,view2,75,0.9988,55.36
view1,12,view2,76,0.9988,58.36
view1,12,view2,77,0.9959,60.2
view1,12,view2,78,0.9989,62.24
view1,12,view2,79,0.9992,62.84
view1,12,view2,80,0.9987,65.56
view1,12,view2,82,0.9988,67.16
view1,12,view2,83,0.9995,68.48
view1,12,view2,84,0.9992,68.6
view1,12,view2,85,0.9973,70.6
view1,12,view2,86,0.9967,73.72
view1,12,view2,87,0.9996,74.8
view1,12,view2,88,0.9976,75.32
view1,12,view2,89,0.9982,75.4
view1,12,view2,91,0.9981,79.44
view1,12,view2,92,0.9979,81.84
view1,12,view2,93,0.9985,82.8
view1,12,view2,94,0.999,84.28
view1,12,view2,95,0.9988,85.28
view1,12,view2,96,0.997,85.56
view1,12,view2,97,0.9993,89.96
view1,12,view3,1,0.9975,1.8
view1,12,view3,2,0.9955,25.12
view1,12,view3,3,0.999,1.2
view1,12,view3,4,0.9993,9.92
view1,12,view3,6,0.9983,4.84
view1,12,view3,7,0.9967,2.52
view1,12,view3,8,0.998,0.0
view1,12,view3,9,0.9981,0.0
view1,12,view3,11,0.998,0.0
view1,12,view3,12,0.9977,0.0
view1,12,view3,13,0.9943,0.0
view1,12,view3,14,0.9975,0.0
view1,12,view3,15,0.9979,0.0
view1,12,view3,16,0.9994,0.0
view1,12,view3,17,0.9992,0.0
view1,12,view3,18,0.9968,0.0
view1,12,view3,19,0.9957,0.0
view1,12,view3,20,0.9978,0.0
view1,12,view3,21,0.9979,2.24
view1,12,view3,22,0.9954,3.48
view1,12,view3,23,0.9961,4.44
view1,12,view3,24,0.9992,7.52
view1,12,view3,25,0.9987,9.64
view1,12,view3,27,0.9991,14.48
view1,12,view3,28,0.9963,14.56
view1,12,view3,29,0.9984,17.04
view1,12,view3,30,0.9992,19.4
view1,12,view3,31,0.9974,21.68
view1,12,view3,32,0.9989,22.68
view1,12,view3,33,0.9936,25.72
view1,12,view3,34,0.9972,27.28
view1,12,view3,36,0.9966,33.32
view1,12,view3,37,0.9958,33.92
view1,12,view3,38,0.9986,36.96
view1,12,view3,39,0.9991,38.96
view1,12,view3,40,0.9963,39.4
view1,12,view3,42,0.9951,41.84
view1,12,view3,43,0.9992,46.44
view1,12,view3,45,0.998,48.2
view1,12,view3,46,0.9981,48.52
view1,12,view3,47,0.9993,49.88
view1,12,view3,48,0.9979,50.08
view1,12,view3,49,0.999,51.72
view1,12,view3,50,0.9988,52.76
view1,12,view3,51,0.9993,56.48
view1,12,view3,52,0.9958,56.76
view1,12,view3,54,0.9974,58.32
view1,12,view3,55,0.9982,59.12
view1,12,view3,56,0.9956,64.76
view1,12,view3,57,0.9963,68.84
view1,12,view3,58,0.9954,69.92
view1,12,view3,59,0.9979,71.48
view1,12,view3,61,0.9987,75.68
view1,12,view3,62,0.9979,77.52
view1,12,view3,64,0.998,83.68
view1,12,view3,65,0.9964,84.16
view1,12,view3,66,0.9987,86.24
view1,12,view3,67,0.9983,90.0
view1,12,view3,68,0.9991,91.12
view1,13,view2,1,0.9955,0.0
view1,13,view2,2,0.998,14.92
view1,13,view2,4,0.9988,23.44
view1,13,view2,5,0.9916,14.68
view1,13,view2,7,0.9771,17.6
view1,13,view2,8,0.996,0.0
view1,13,view2,10,0.9974,0.0
view1,13,view2,13,0.9775,8.08
view1,13,view2,14,0.9968,0.0
view1,13,view2,15,0.9978,3.32
view1,13,view2,16,0.9916,0.0
view1,13,view2,17,0.9949,2.28
view1,13,view2,18,0.9943,9.6
view1,13,view2,19,0.9955,10.0
view1,13,view2,20,0.995,12.6
view1,13,view2,21,0.9949,14.48
view1,13,view2,23,0.9957,17.16
view1,13,view2,24,0.9897,19.92
view1,13,view2,25,0.9963,20.84
view1,13,view2,26,0.9959,22.6
view1,13,view2,28,0.9927,23.56
view1,13,view2,29,0.9939,27.0
view1,13,view2,30,0.9922,28.88
view1,13,view2,31,0.9952,30.36
view1,13,view2,32,0.9917,30.6
view1,13,view2,33,0.9961,33.16
view1,13,view2,34,0.9947,33.44
view1,13,view2,35,0.998,35.76
view1,13,view2,36,0.9891,36.28
view1,13,view2,37,0.9886,36.4
view1,13,view2,38,0.9944,38.92
view1,13,view2,39,0.9862,39.36
view1,13,view2,42,0.9937,43.44
view1,13,view2,43,0.9918,44.6
view1,13,view2,44,0.9886,44.96
view1,13,view2,45,0.9964,45.32
view1,13,view2,46,0.997,46.84
view1,13,view2,47,0.9961,47.28
view1,13,view2,49,0.9961,53.12
view1,13,view2,50,0.9939,53.64
view1,13,view2,51,0.9937,55.16
view1,13,view2,52,0.9936,56.0
view1,13,view2,53,0.9961,56.48
view1,13,view2,54,0.9893,57.64
view1,13,view2,55,0.9939,60.52
view1,13,view2,56,0.9972,60.88
view1,13,view2,57,0.9952,61.64
view1,13,view2,58,0.9957,61.68
view1,13,view2,59,0.9963,63.08
view1,13,view2,60,0.9941,65.32
view1,13,view2,61,0.9925,65.56
view1,13,view2,62,0.9878,71.04
view1,13,view2,63,0.9976,73.36
view1,13,view2,65,0.9971,73.68
view1,13,view2,66,0.994,76.32
view1,13,view2,67,0.9857,76.84
view1,13,view2,68,0.9852,77.68
view1,13,view2,69,0.9816,80.2
view1,13,view2,70,0.9935,80.8
view1,13,view2,71,0.9919,81.08
view1,13,view2,72,0.9937,82.64
view1,13,view2,73,0.9907,82.68
view1,13,view2,74,0.9967,84.08
view1,13,view2,75,0.9946,84.92
view1,13,view2,76,0.995,87.92
view1,13,view2,77,0.9873,89.76
view1,13,view2,78,0.9912,91.8
view1,13,view2,79,0.9968,92.4
view1,13,view2,80,0.9979,95.12
view1,13,view2,82,0.9962,96.72
view1,13,view2,83,0.9965,98.04
view1,13,view2,84,0.9971,98.16
view1,13,view2,85,0.9903,100.16
view1,13,view2,86,0.9916,103.28
view1,13,view2,87,0.9952,104.36
view1,13,view2,88,0.9944,104.88
view1,13,view2,89,0.9925,104.96
view1,13,view2,91,0.9942,109.0
view1,13,view2,92,0.9904,111.4
view1,13,view2,93,0.9979,112.36
view1,13,view2,94,0.9935,113.84
view1,13,view2,95,0.9964,114.84
view1,13,view2,96,0.9896,115.12
view1,13,view2,97,0.9945,119.52
view1,13,view3,1,0.9952,1.84
view1,13,view3,2,0.9965,25.16
view1,13,view3,3,0.9966,1.24
view1,13,view3,4,0.9965,9.96
view1,13,view3,6,0.9964,4.88
view1,13,view3,7,0.999,2.56
view1,13,view3,8,0.9986,0.0
view1,13,view3,9,0.997,0.0
view1,13,view3,11,0.9968,1.36
view1,13,view3,12,0.9966,5.12
view1,13,view3,13,0.9993,8.28
view1,13,view3,14,0.9989,9.16
view1,13,view3,15,0.9974,11.12
view1,13,view3,16,0.994,22.28
view1,13,view3,17,0.9972,22.92
view1,13,view3,18,0.9974,22.96
view1,13,view3,19,0.9965,24.72
view1,13,view3,20,0.996,25.92
view1,13,view3,21,0.9985,31.8
view1,13,view3,22,0.9994,33.04
view1,13,view3,23,0.9965,34.0
view1,13,view3,24,0.9946,37.08
view1,13,view3,25,0.9957,39.2
view1,13,view3,27,0.9973,44.04
view1,13,view3,28,0.9983,44.12
view1,13,view3,29,0.9982,46.6
view1,13,view3,30,0.9954,48.96
view1,13,view3,31,0.9985,51.24
view1,13,view3,32,0.9967,52.24
view1,13,view3,33,0.9894,55.28
view1,13,view3,34,0.9985,56.84
view1,13,view3,36,0.9979,62.88
view1,13,view3,37,0.9972,63.48
view1,13,view3,38,0.9977,66.52
view1,13,view3,39,0.9975,68.52
view1,13,view3,40,0.998,68.96
view1,13,view3,42,0.9984,71.4
view1,13,view3,43,0.9971,76.0
view1,13,view3,45,0.9972,77.76
view1,13,view3,46,0.9951,78.08
view1,13,view3,47,0.9944,79.44
view1,13,view3,48,0.9983,79.64
view1,13,view3,49,0.9969,81.28
view1,13,view3,50,0.9955,82.32
view1,13,view3,51,0.9956,86.04
view1,13,view3,52,0.9975,86.32
view1,13,view3,54,0.9981,87.88
view1,13,view3,55,0.9916,88.68
view1,13,view3,56,0.9972,94.32
view1,13,view3,57,0.9982,98.4
view1,13,view3,58,0.9941,99.48
view1,13,view3,59,0.998,101.04
view1,13,view3,61,0.998,105.24
view1,13,view3,62,0.9977,107.08
view1,13,view3,64,0.9979,113.24
view1,13,view3,65,0.9975,113.72
view1,13,view3,66,0.9939,115.8
view1,13,view3,67,0.9965,119.56
view1,13,view3,68,0.9959,120.68
view1,14,view2,1,0.9978,0.0
view1,14,view2,2,0.9986,16.4
view1,14,view2,4,0.9959,24.92
view1,14,view2,5,0.9947,16.16
view1,14,view2,7,0.9839,19.08
view1,14,view2,8,0.9989,0.0
view1,14,view2,10,0.9988,0.0
view1,14,view2,13,0.9847,9.56
view1,14,view2,14,0.9988,0.0
view1,14,view2,15,0.9961,4.8
view1,14,view2,16,0.9955,0.68
view1,14,view2,17,0.997,0.4
view1,14,view2,18,0.9981,7.72
view1,14,view2,19,0.9974,8.12
view1,14,view2,20,0.9986,10.72
view1,14,view2,21,0.9972,12.6
view1,14,view2,23,0.9987,15.28
view1,14,view2,24,0.9955,18.04
view1,14,view2,25,0.9989,18.96
view1,14,view2,26,0.9983,20.72
view1,14,view2,28,0.9951,21.68
view1,14,view2,29,0.9979,25.12
view1,14,view2,30,0.9959,27.0
view1,14,view2,31,0.9975,28.48
view1,14,view2,32,0.9953,28.72
view1,14,view2,33,0.9978,31.28
view1,14,view2,34,0.9979,31.56
view1,14,view2,35,0.9994,33.88
view1,14,view2,36,0.9927,34.4
view1,14,view2,37,0.9946,34.52
view1,14,view2,38,0.9973,37.04
view1,14,view2,39,0.9921,37.48
view1,14,view2,42,0.9978,41.56
view1,14,view2,43,0.9966,42.72
view1,14,view2,44,0.9948,43.08
view1,14,view2,45,0.9978,43.44
view1,14,view2,46,0.9983,44.96
view1,14,view2,47,0.9986,45.4
view1,14,view2,49,0.9986,51.24
view1,14,view2,50,0.9971,51.76
view1,14,view2,51,0.9977,53.28
view1,14,view2,52,0.9983,54.12
view1,14,view2,53,0.9995,54.6
view1,14,view2,54,0.995,55.76
view1,14,view2,55,0.9972,58.64
view1,14,view2,56,0.9983,59.0
view1,14,view2,57,0.9954,59.76
view1,14,view2,58,0.9978,59.8
view1,14,view2,59,0.9985,61.2
view1,14,view2,60,0.9989,63.44
view1,14,view2,61,0.9951,63.68
view1,14,view2,62,0.994,69.16
view1,14,view2,63,0.9987,71.48
view1,14,view2,65,0.9994,71.8
view1,14,view2,66,0.997,74.44
view1,14,view2,67,0.9913,74.96
view1,14,view2,68,0.9898,75.8
view1,14,view2,69,0.99,78.32
view1,14,view2,70,0.997,78.92
view1,14,view2,71,0.9973,79.2
view1,14,view2,72,0.9973,80.76
view1,14,view2,73,0.9958,80.8
view1,14,view2,74,0.998,82.2
view1,14,view2,75,0.9986,83.04
view1,14,view2,76,0.9957,86.04
view1,14,view2,77,0.9935,87.88
view1,14,view2,78,0.9957,89.92
view1,14,view2,79,0.9988,90.52
view1,14,view2,80,0.9979,93.24
view1,14,view2,82,0.9987,94.84
view1,14,view2,83,0.999,96.16
view1,14,view2,84,0.9986,96.28
view1,14,view2,85,0.9923,98.28
view1,14,view2,86,0.9975,101.4
view1,14,view2,87,0.9981,102.48
view1,14,view2,88,0.999,103.0
view1,14,view2,89,0.9955,103.08
view1,14,view2,91,0.9976,107.12
view1,14,view2,92,0.9961,109.52
view1,14,view2,93,0.9981,110.48
view1,14,view2,94,0.996,111.96
view1,14,view2,95,0.9969,112.96
view1,14,view2,96,0.9952,113.24
view1,14,view2,97,0.9968,117.64
view1,14,view3,1,0.9987,3.32
view1,14,view3,2,0.9977,26.64
view1,14,view3,3,0.9984,2.72
view1,14,view3,4,0.9984,11.44
view1,14,view3,6,0.9984,6.36
view1,14,view3,7,0.9978,4.04
view1,14,view3,8,0.9977,0.0
view1,14,view3,9,0.9982,0.0
view1,14,view3,11,0.9991,0.0
view1,14,view3,12,0.9994,3.24
view1,14,view3,13,0.9962,6.4
view1,14,view3,14,0.9985,7.28
view1,14,view3,15,0.9989,9.24
view1,14,view3,16,0.9966,20.4
view1,14,view3,17,0.9985,21.04
view1,14,view3,18,0.9982,21.08
view1,14,view3,19,0.998,22.84
view1,14,view3,20,0.9984,24.04
view1,14,view3,21,0.9979,29.92
view1,14,view3,22,0.9973,31.16
view1,14,view3,23,0.9986,32.12
view1,14,view3,24,0.9976,35.2
view1,14,view3,25,0.9969,37.32
view1,14,view3,27,0.9987,42.16
view1,14,view3,28,0.9978,42.24
view1,14,view3,29,0.9981,44.72
view1,14,view3,30,0.9977,47.08
view1,14,view3,31,0.9986,49.36
view1,14,view3,32,0.9978,50.36
view1,14,view3,33,0.9945,53.4
view1,14,view3,34,0.9982,54.96
view1,14,view3,36,0.9979,61.0
view1,14,view3,37,0.9979,61.6
view1,14,view3,38,0.9979,64.64
view1,14,view3,39,0.9987,66.64
view1,14,view3,40,0.9973,67.08
view1,14,view3,42,0.9954,69.52
view1,14,view3,43,0.9977,74.12
view1,14,view3,45,0.9988,75.88
view1,14,view3,46,0.9958,76.2
view1,14,view3,47,0.9961,77.56
view1,14,view3,48,0.9979,77.76
view1,14,view3,49,0.9982,79.4
view1,14,view3,50,0.9981,80.44
view1,14,view3,51,0.9971,84.16
view1,14,view3,52,0.9984,84.44
view1,14,view3,54,0.9987,86.0
view1,14,view3,55,0.9955,86.8
view1,14,view3,56,0.9979,92.44
view1,14,view3,57,0.9988,96.52
view1,14,view3,58,0.9967,97.6
view1,14,view3,59,0.998,99.16
view1,14,view3,61,0.9987,103.36
view1,14,view3,62,0.998,105.2
view1,14,view3,64,0.9987,111.36
view1,14,view3,65,0.9977,111.84
view1,14,view3,66,0.9974,113.92
view1,14,view3,67,0.9976,117.68
view1,14,view3,68,0.9981,118.8
view1,16,view2,1,0.998,0.0
view1,16,view2,2,0.9963,20.36
view1,16,view2,4,0.9948,28.88
view1,16,view2,5,0.9966,20.12
view1,16,view2,7,0.9868,23.04
view1,16,view2,8,0.9958,0.0
view1,16,view2,10,0.9988,0.0
view1,16,view2,13,0.9874,13.52
view1,16,view2,14,0.9984,0.0
view1,16,view2,15,0.9948,8.76
view1,16,view2,16,0.996,4.64
view1,16,view2,17,0.9979,2.76
view1,16,view2,18,0.9984,0.48
view1,16,view2,19,0.998,0.88
view1,16,view2,20,0.9978,3.48
view1,16,view2,21,0.9978,5.36
view1,16,view2,23,0.9982,8.04
view1,16,view2,24,0.9967,10.8
view1,16,view2,25,0.9984,11.72
view1,16,view2,26,0.9983,13.48
view1,16,view2,28,0.9972,14.44
view1,16,view2,29,0.9969,17.88
view1,16,view2,30,0.9964,19.76
view1,16,view2,31,0.9976,21.24
view1,16,view2,32,0.9961,21.48
view1,16,view2,33,0.9978,24.04
view1,16,view2,34,0.9978,24.32
view1,16,view2,35,0.9971,26.64
view1,16,view2,36,0.9942,27.16
view1,16,view2,37,0.9941,27.28
view1,16,view2,38,0.998,29.8
view1,16,view2,39,0.9917,30.24
view1,16,view2,42,0.9972,34.32
view1,16,view2,43,0.9964,35.48
view1,16,view2,44,0.9939,35.84
view1,16,view2,45,0.9983,36.2
view1,16,view2,46,0.9971,37.72
view1,16,view2,47,0.9987,38.16
view1,16,view2,49,0.999,44.0
view1,16,view2,50,0.9968,44.52
view1,16,view2,51,0.9978,46.04
view1,16,view2,52,0.9978,46.88
view1,16,view2,53,0.9978,47.36
view1,16,view2,54,0.9968,48.52
view1,16,view2,55,0.9985,51.4
view1,16,view2,56,0.998,51.76
view1,16,view2,57,0.9965,52.52
view1,16,view2,58,0.9981,52.56
view1,16,view2,59,0.9949,53.96
view1,16,view2,60,0.9977,56.2
view1,16,view2,61,0.9963,56.44
view1,16,view2,62,0.9941,61.92
view1,16,view2,63,0.9985,64.24
view1,16,view2,65,0.9975,64.56
view1,16,view2,66,0.9974,67.2
view1,16,view2,67,0.993,67.72
view1,16,view2,68,0.9918,68.56
view1,16,view2,69,0.9917,71.08
view1,16,view2,70,0.9968,71.68
view1,16,view2,71,0.9961,71.96
view1,16,view2,72,0.9969,73.52
view1,16,view2,73,0.9951,73.56
view1,16,view2,74,0.9979,74.96
view1,16,view2,75,0.9975,75.8
view1,16,view2,76,0.9967,78.8
view1,16,view2,77,0.9922,80.64
view1,16,view2,78,0.996,82.68
view1,16,view2,79,0.9984,83.28
view1,16,view2,80,0.9973,86.0
view1,16,view2,82,0.9987,87.6
view1,16,view2,83,0.9981,88.92
view1,16,view2,84,0.9981,89.04
view1,16,view2,85,0.995,91.04
view1,16,view2,86,0.9974,94.16
view1,16,view2,87,0.9983,95.24
view1,16,view2,88,0.997,95.76
view1,16,view2,89,0.9942,95.84
view1,16,view2,91,0.9974,99.88
view1,16,view2,92,0.9954,102.28
view1,16,view2,93,0.9977,103.24
view1,16,view2,94,0.9964,104.72
view1,16,view2,95,0.9977,105.72
view1,16,view2,96,0.9951,106.0
view1,16,view2,97,0.9966,110.4
view1,16,view3,1,0.9958,7.28
view1,16,view3,2,0.9943,30.6
view1,16,view3,3,0.9975,6.68
view1,16,view3,4,0.9987,15.4
view1,16,view3,6,0.9993,10.32
view1,16,view3,7,0.9956,8.0
view1,16,view3,8,0.9971,0.0
view1,16,view3,9,0.9963,1.92
view1,16,view3,11,0.9987,0.0
view1,16,view3,12,0.9967,0.0
view1,16,view3,13,0.9948,0.0
view1,16,view3,14,0.9966,0.04
view1,16,view3,15,0.9988,2.0
view1,16,view3,16,0.9979,13.16
view1,16,view3,17,0.998,13.8
view1,16,view3,18,0.9957,13.84
view1,16,view3,19,0.9947,15.6
view1,16,view3,20,0.998,16.8
view1,16,view3,21,0.9968,22.68
view1,16,view3,22,0.9956,23.92
view1,16,view3,23,0.9974,24.88
view1,16,view3,24,0.9978,27.96
view1,16,view3,25,0.996,30.08
view1,16,view3,27,0.9984,34.92
view1,16,view3,28,0.9961,35.0
view1,16,view3,29,0.9973,37.48
view1,16,view3,30,0.9985,39.84
view1,16,view3,31,0.9974,42.12
view1,16,view3,32,0.9974,43.12
view1,16,view3,33,0.9916,46.16
view1,16,view3,34,0.9974,47.72
view1,16,view3,36,0.9974,53.76
view1,16,view3,37,0.9949,54.36
view1,16,view3,38,0.9978,57.4
view1,16,view3,39,0.9981,59.4
view1,16,view3,40,0.9964,59.84
view1,16,view3,42,0.9953,62.28
view1,16,view3,43,0.9971,66.88
view1,16,view3,45,0.9973,68.64
view1,16,view3,46,0.9963,68.96
view1,16,view3,47,0.9961,70.32
view1,16,view3,48,0.998,70.52
view1,16,view3,49,0.9975,72.16
view1,16,view3,50,0.9982,73.2
view1,16,view3,51,0.9975,76.92
view1,16,view3,52,0.9956,77.2
view1,16,view3,54,0.9976,78.76
view1,16,view3,55,0.9972,79.56
view1,16,view3,56,0.9948,85.2
view1,16,view3,57,0.9962,89.28
view1,16,view3,58,0.995,90.36
view1,16,view3,59,0.9986,91.92
view1,16,view3,61,0.9983,96.12
view1,16,view3,62,0.9961,97.96
view1,16,view3,64,0.9972,104.12
view1,16,view3,65,0.9967,104.6
view1,16,view3,66,0.9969,106.68
view1,16,view3,67,0.9969,110.44
view1,16,view3,68,0.9985,111.56
view1,19,view2,1,0.997,0.0
view1,19,view2,2,0.9983,25.36
view1,19,view2,4,0.9979,33.88
view1,19,view2,5,0.9935,25.12
view1,19,view2,7,0.9807,28.04
view1,19,view2,8,0.9974,0.0
view1,19,view2,10,0.9988,2.0
view1,19,view2,13,0.9816,18.52
view1,19,view2,14,0.9983,1.44
view1,19,view2,15,0.9978,13.76
view1,19,view2,16,0.9938,9.64
view1,19,view2,17,0.9961,7.76
view1,19,view2,18,0.9964,0.0
view1,19,view2,19,0.9973,0.0
view1,19,view2,20,0.9967,0.0
view1,19,view2,21,0.9963,0.0
view1,19,view2,23,0.9975,0.0
view1,19,view2,24,0.9934,1.76
view1,19,view2,25,0.9978,2.68
view1,19,view2,26,0.9972,4.44
view1,19,view2,28,0.9944,5.4
view1,19,view2,29,0.996,8.84
view1,19,view2,30,0.994,10.72
view1,19,view2,31,0.9975,12.2
view1,19,view2,32,0.9937,12.44
view1,19,view2,33,0.997,15.0
view1,19,view2,34,0.9961,15.28
view1,19,view2,35,0.999,17.6
view1,19,view2,36,0.9913,18.12
view1,19,view2,37,0.991,18.24
view1,19,view2,38,0.996,20.76
view1,19,view2,39,0.9883,21.2
view1,19,view2,42,0.9958,25.28
view1,19,view2,43,0.9939,26.44
view1,19,view2,44,0.991,26.8
view1,19,view2,45,0.9976,27.16
view1,19,view2,46,0.9985,28.68
view1,19,view2,47,0.9977,29.12
view1,19,view2,49,0.9978,34.96
view1,19,view2,50,0.9957,35.48
view1,19,view2,51,0.9959,37.0
view1,19,view2,52,0.9958,37.84
view1,19,view2,53,0.9978,38.32
view1,19,view2,54,0.9924,39.48
view1,19,view2,55,0.996,42.36
view1,19,view2,56,0.998,42.72
view1,19,view2,57,0.9959,43.48
view1,19,view2,58,0.9979,43.52
view1,19,view2,59,0.9972,44.92
view1,19,view2,60,0.9962,47.16
view1,19,view2,61,0.9945,47.4
view1,19,view2,62,0.9905,52.88
view1,19,view2,63,0.9984,55.2
view1,19,view2,65,0.9985,55.52
view1,19,view2,66,0.9956,58.16
view1,19,view2,67,0.9888,58.68
view1,19,view2,68,0.9883,59.52
view1,19,view2,69,0.9856,62.04
view1,19,view2,70,0.9957,62.64
view1,19,view2,71,0.9949,62.92
view1,19,view2,72,0.9959,64.48
view1,19,view2,73,0.9926,64.52
view1,19,view2,74,0.9976,65.92
view1,19,view2,75,0.9965,66.76
view1,19,view2,76,0.996,69.76
view1,19,view2,77,0.9898,71.6
view1,19,view2,78,0.9937,73.64
view1,19,view2,79,0.998,74.24
view1,19,view2,80,0.9984,76.96
view1,19,view2,82,0.9976,78.56
view1,19,view2,83,0.9978,79.88
view1,19,view2,84,0.998,80.0
view1,19,view2,85,0.9919,82.0
view1,19,view2,86,0.9943,85.12
view1,19,view2,87,0.9969,86.2
view1,19,view2,88,0.9965,86.72
view1,19,view2,89,0.9937,86.8
view1,19,view2,91,0.9968,90.84
view1,19,view2,92,0.9926,93.24
view1,19,view2,93,0.999,94.2
view1,19,view2,94,0.9954,95.68
view1,19,view2,95,0.9974,96.68
view1,19,view2,96,0.9918,96.96
view1,19,view2,97,0.9959,101.36
view1,19,view3,1,0.9966,12.28
view1,19,view3,2,0.997,35.6
view1,19,view3,3,0.9978,11.68
view1,19,view3,4,0.9974,20.4
view1,19,view3,6,0.9976,15.32
view1,19,view3,7,0.9993,13.0
view1,19,view3,8,0.9989,3.56
view1,19,view3,9,0.998,6.92
view1,19,view3,11,0.9979,0.0
view1,19,view3,12,0.9981,0.0
view1,19,view3,13,0.9986,1.8
view1,19,view3,14,0.9991,0.0
view1,19,view3,15,0.9981,0.0
view1,19,view3,16,0.9957,4.12
view1,19,view3,17,0.9982,4.76
view1,19,view3,18,0.9977,4.8
view1,19,view3,19,0.9973,6.56
view1,19,view3,20,0.9971,7.76
view1,19,view3,21,0.9985,13.64
view1,19,view3,22,0.999,14.88
view1,19,view3,23,0.9975,15.84
view1,19,view3,24,0.9961,18.92
view1,19,view3,25,0.9966,21.04
view1,19,view3,27,0.9981,25.88
view1,19,view3,28,0.9992,25.96
view1,19,view3,29,0.9991,28.44
view1,19,view3,30,0.9969,30.8
view1,19,view3,31,0.9984,33.08
view1,19,view3,32,0.9973,34.08
view1,19,view3,33,0.9915,37.12
view1,19,view3,34,0.9984,38.68
view1,19,view3,36,0.9978,44.72
view1,19,view3,37,0.9976,45.32
view1,19,view3,38,0.9978,48.36
view1,19,view3,39,0.9982,50.36
view1,19,view3,40,0.9976,50.8
view1,19,view3,42,0.9971,53.24
view1,19,view3,43,0.9977,57.84
view1,19,view3,45,0.9983,59.6
view1,19,view3,46,0.9953,59.92
view1,19,view3,47,0.9956,61.28
view1,19,view3,48,0.9981,61.48
view1,19,view3,49,0.9984,63.12
view1,19,view3,50,0.9972,64.16
view1,19,view3,51,0.9971,67.88
view1,19,view3,52,0.9979,68.16
view1,19,view3,54,0.9989,69.72
view1,19,view3,55,0.9942,70.52
view1,19,view3,56,0.9975,76.16
view1,19,view3,57,0.9989,80.24
view1,19,view3,58,0.9953,81.32
view1,19,view3,59,0.9981,82.88
view1,19,view3,61,0.9986,87.08
view1,19,view3,62,0.9988,88.92
view1,19,view3,64,0.9986,95.08
view1,19,view3,65,0.9977,95.56
view1,19,view3,66,0.9955,97.64
view1,19,view3,67,0.9982,101.4
view1,19,view3,68,0.9971,102.52
view1,20,view2,1,0.9988,0.0
view1,20,view2,2,0.9958,27.12
view1,20,view2,4,0.9924,35.64
view1,20,view2,5,0.9995,26.88
view1,20,view2,7,0.994,29.8
view1,20,view2,8,0.9934,0.0
view1,20,view2,10,0.9978,3.76
view1,20,view2,13,0.9944,20.28
view1,20,view2,14,0.9983,3.2
view1,20,view2,15,0.9943,15.52
view1,20,view2,16,0.9994,11.4
view1,20,view2,17,0.9988,9.52
view1,20,view2,18,0.9986,0.0
view1,20,view2,19,0.9989,0.0
view1,20,view2,20,0.9969,0.0
view1,20,view2,21,0.9991,1.04
view1,20,view2,23,0.9987,3.72
view1,20,view2,24,0.9981,6.48
view1,20,view2,25,0.9965,7.4
view1,20,view2,26,0.9953,9.16
view1,20,view2,28,0.999,10.12
view1,20,view2,29,0.9987,13.56
view1,20,view2,30,0.9985,15.44
view1,20,view2,31,0.9986,16.92
view1,20,view2,32,0.9992,17.16
view1,20,view2,33,0.9983,19.72
view1,20,view2,34,0.9979,20.0
view1,20,view2,35,0.9949,22.32
view1,20,view2,36,0.999,22.84
view1,20,view2,37,0.9964,22.96
view1,20,view2,38,0.9985,25.48
view1,20,view2,39,0.9947,25.92
view1,20,view2,42,0.9935,30.0
view1,20,view2,43,0.9983,31.16
view1,20,view2,44,0.9955,31.52
view1,20,view2,45,0.9989,31.88
view1,20,view2,46,0.9977,33.4
view1,20,view2,47,0.9984,33.84
view1,20,view2,49,0.9987,39.68
view1,20,view2,50,0.9977,40.2
view1,20,view2,51,0.9986,41.72
view1,20,view2,52,0.9945,42.56
view1,20,view2,53,0.9961,43.04
view1,20,view2,54,0.9961,44.2
view1,20,view2,55,0.9983,47.08
view1,20,view2,56,0.9976,47.44
view1,20,view2,57,0.998,48.2
view1,20,view2,58,0.9983,48.24
view1,20,view2,59,0.9925,49.64
view1,20,view2,60,0.9963,51.88
view1,20,view2,61,0.9994,52.12
view1,20,view2,62,0.9959,57.6
view1,20,view2,63,0.9973,59.92
view1,20,view2,65,0.9967,60.24
view1,20,view2,66,0.9992,62.88
view1,20,view2,67,0.9979,63.4
view1,20,view2,68,0.9978,64.24
view1,20,view2,69,0.9951,66.76
view1,20,view2,70,0.9986,67.36
view1,20,view2,71,0.9935,67.64
view1,20,view2,72,0.9986,69.2
view1,20,view2,73,0.996,69.24
view1,20,view2,74,0.9982,70.64
view1,20,view2,75,0.9971,71.48
view1,20,view2,76,0.9985,74.48
view1,20,view2,77,0.9944,76.32
view1,20,view2,78,0.9991,78.36
view1,20,view2,79,0.998,78.96
view1,20,view2,80,0.9973,81.68
view1,20,view2,82,0.9974,83.28
view1,20,view2,83,0.9982,84.6
view1,20,view2,84,0.9978,84.72
view1,20,view2,85,0.9982,86.72
view1,20,view2,86,0.9949,89.84
view1,20,view2,87,0.9986,90.92
view1,20,view2,88,0.9955,91.44
view1,20,view2,89,0.9968,91.52
view1,20,view2,91,0.9977,95.56
view1,20,view2,92,0.9966,97.96
view1,20,view2,93,0.9974,98.92
view1,20,view2,94,0.9991,100.4
view1,20,view2,95,0.9982,101.4
view1,20,view2,96,0.9956,101.68
view1,20,view2,97,0.9986,106.08
view1,20,view3,1,0.9949,14.04
view1,20,view3,2,0.9925,37.36
view1,20,view3,3,0.9977,13.44
view1,20,view3,4,0.9981,22.16
view1,20,view3,6,0.9969,17.08
view1,20,view3,7,0.9949,14.76
view1,20,view3,8,0.9965,5.32
view1,20,view3,9,0.9963,8.68
view1,20,view3,11,0.9959,0.0
view1,20,view3,12,0.9954,0.0
view1,20,view3,13,0.9918,3.56
view1,20,view3,14,0.9953,0.0
view1,20,view3,15,0.9959,0.0
view1,20,view3,16,0.9994,8.84
view1,20,view3,17,0.9976,9.48
view1,20,view3,18,0.9941,9.52
view1,20,view3,19,0.9928,11.28
view1,20,view3,20,0.9954,12.48
view1,20,view3,21,0.9959,18.36
view1,20,view3,22,0.9929,19.6
view1,20,view3,23,0.9934,20.56
view1,20,view3,24,0.9984,23.64
view1,20,view3,25,0.9977,25.76
view1,20,view3,27,0.9975,30.6
view1,20,view3,28,0.9944,30.68
view1,20,view3,29,0.9972,33.16
view1,20,view3,30,0.9987,35.52
view1,20,view3,31,0.9947,37.8
view1,20,view3,32,0.9975,38.8
view1,20,view3,33,0.9917,41.84
view1,20,view3,34,0.9948,43.4
view1,20,view3,36,0.9939,49.44
view1,20,view3,37,0.9929,50.04
view1,20,view3,38,0.9971,53.08
view1,20,view3,39,0.9976,55.08
view1,20,view3,40,0.9937,55.52
view1,20,view3,42,0.9929,57.96
view1,20,view3,43,0.9982,62.56
view1,20,view3,45,0.9962,64.32
view1,20,view3,46,0.9968,64.64
view1,20,view3,47,0.999,66.0
view1,20,view3,48,0.9961,66.2
view1,20,view3,49,0.9983,67.84
view1,20,view3,50,0.9978,68.88
view1,20,view3,51,0.9989,72.6
view1,20,view3,52,0.9929,72.88
view1,20,view3,54,0.9952,74.44
view1,20,view3,55,0.9985,75.24
view1,20,view3,56,0.9926,80.88
view1,20,view3,57,0.9937,84.96
view1,20,view3,58,0.9934,86.04
view1,20,view3,59,0.9961,87.6
view1,20,view3,61,0.997,91.8
view1,20,view3,62,0.9964,93.64
view1,20,view3,64,0.996,99.8
view1,20,view3,65,0.9939,100.28
view1,20,view3,66,0.9975,102.36
view1,20,view3,67,0.9976,106.12
view1,20,view3,68,0.9977,107.24
view1,21,view2,1,0.9962,0.0
view1,21,view2,2,0.9983,27.6
view1,21,view2,4,0.997,36.12
view1,21,view2,5,0.9925,27.36
view1,21,view2,7,0.9797,30.28
view1,21,view2,8,0.9987,0.0
view1,21,view2,10,0.9973,4.24
view1,21,view2,13,0.9807,20.76
view1,21,view2,14,0.9974,3.68
view1,21,view2,15,0.997,16.0
view1,21,view2,16,0.9931,11.88
view1,21,view2,17,0.9952,10.0
view1,21,view2,18,0.9957,0.0
view1,21,view2,19,0.9962,0.0
view1,21,view2,20,0.9965,0.0
view1,21,view2,21,0.9959,0.0
view1,21,view2,23,0.9968,2.48
view1,21,view2,24,0.9926,5.24
view1,21,view2,25,0.9971,6.16
view1,21,view2,26,0.9968,7.92
view1,21,view2,28,0.9936,8.88
view1,21,view2,29,0.9959,12.32
view1,21,view2,30,0.993,14.2
view1,21,view2,31,0.9961,15.68
view1,21,view2,32,0.993,15.92
view1,21,view2,33,0.9963,18.48
view1,21,view2,34,0.9949,18.76
view1,21,view2,35,0.9989,21.08
view1,21,view2,36,0.9902,21.6
view1,21,view2,37,0.9903,21.72
view1,21,view2,38,0.9956,24.24
view1,21,view2,39,0.9881,24.68
view1,21,view2,42,0.9957,28.76
view1,21,view2,43,0.9933,29.92
view1,21,view2,44,0.9907,30.28
view1,21,view2,45,0.9967,30.64
view1,21,view2,46,0.9971,32.16
view1,21,view2,47,0.9965,32.6
view1,21,view2,49,0.9969,38.44
view1,21,view2,50,0.9953,38.96
view1,21,view2,51,0.995,40.48
view1,21,view2,52,0.996,41.32
view1,21,view2,53,0.9975,41.8
view1,21,view2,54,0.9926,42.96
view1,21,view2,55,0.9955,45.84
view1,21,view2,56,0.9967,46.2
view1,21,view2,57,0.9955,46.96
view1,21,view2,58,0.996,47.0
view1,21,view2,59,0.9986,48.4
view1,21,view2,60,0.9964,50.64
view1,21,view2,61,0.9935,50.88
view1,21,view2,62,0.9898,56.36
view1,21,view2,63,0.9974,58.68
view1,21,view2,65,0.9982,59.0
view1,21,view2,66,0.995,61.64
view1,21,view2,67,0.988,62.16
view1,21,view2,68,0.9869,63.0
view1,21,view2,69,0.9847,65.52
view1,21,view2,70,0.9942,66.12
view1,21,view2,71,0.9941,66.4
view1,21,view2,72,0.9949,67.96
view1,21,view2,73,0.9918,68.0
view1,21,view2,74,0.9977,69.4
view1,21,view2,75,0.9958,70.24
view1,21,view2,76,0.9951,73.24
view1,21,view2,77,0.9899,75.08
view1,21,view2,78,0.9927,77.12
view1,21,view2,79,0.9974,77.72
view1,21,view2,80,0.9971,80.44
view1,21,view2,82,0.9976,82.04
view1,21,view2,83,0.9976,83.36
view1,21,view2,84,0.9984,83.48
view1,21,view2,85,0.9918,85.48
view1,21,view2,86,0.9941,88.6
view1,21,view2,87,0.9965,89.68
view1,21,view2,88,0.9972,90.2
view1,21,view2,89,0.9934,90.28
view1,21,view2,91,0.9971,94.32
view1,21,view2,92,0.9924,96.72
view1,21,view2,93,0.9973,97.68
view1,21,view2,94,0.9939,99.16
view1,21,view2,95,0.9957,100.16
view1,21,view2,96,0.9913,100.44
view1,21,view2,97,0.9949,104.84
view1,21,view3,1,0.9976,14.52
view1,21,view3,2,0.9992,37.84
view1,21,view3,3,0.9985,13.92
view1,21,view3,4,0.9969,22.64
view1,21,view3,6,0.9967,17.56
view1,21,view3,7,0.998,15.24
view1,21,view3,8,0.9977,5.8
view1,21,view3,9,0.9981,9.16
view1,21,view3,11,0.9979,0.0
view1,21,view3,12,0.9984,0.0
view1,21,view3,13,0.9961,4.04
view1,21,view3,14,0.9984,0.0
view1,21,view3,15,0.9979,0.0
view1,21,view3,16,0.9952,7.6
view1,21,view3,17,0.9982,8.24
view1,21,view3,18,0.9985,8.28
view1,21,view3,19,0.9992,10.04
view1,21,view3,20,0.9977,11.24
view1,21,view3,21,0.9974,17.12
view1,21,view3,22,0.9979,18.36
view1,21,view3,23,0.9977,19.32
view1,21,view3,24,0.9955,22.4
view1,21,view3,25,0.9955,24.52
view1,21,view3,27,0.9974,29.36
view1,21,view3,28,0.997,29.44
view1,21,view3,29,0.998,31.92
view1,21,view3,30,0.9961,34.28
view1,21,view3,31,0.9989,36.56
view1,21,view3,32,0.9974,37.56
view1,21,view3,33,0.9948,40.6
view1,21,view3,34,0.9983,42.16
view1,21,view3,36,0.9985,48.2
view1,21,view3,37,0.9994,48.8
view1,21,view3,38,0.9976,51.84
view1,21,view3,39,0.9976,53.84
view1,21,view3,40,0.9987,54.28
view1,21,view3,42,0.9965,56.72
view1,21,view3,43,0.9974,61.32
view1,21,view3,45,0.999,63.08
view1,21,view3,46,0.9952,63.4
view1,21,view3,47,0.9953,64.76
view1,21,view3,48,0.9975,64.96
view1,21,view3,49,0.997,66.6
view1,21,view3,50,0.9975,67.64
view1,21,view3,51,0.9966,71.36
view1,21,view3,52,0.9987,71.64
view1,21,view3,54,0.9986,73.2
view1,21,view3,55,0.9948,74.0
view1,21,view3,56,0.9994,79.64
view1,21,view3,57,0.9993,83.72
view1,21,view3,58,0.9932,84.8
view1,21,view3,59,0.9975,86.36
view1,21,view3,61,0.9986,90.56
view1,21,view3,62,0.9976,92.4
view1,21,view3,64,0.9985,98.56
view1,21,view3,65,0.9985,99.04
view1,21,view3,66,0.995,101.12
view1,21,view3,67,0.9972,104.88
view1,21,view3,68,0.9965,106.0
view1,22,view2,1,0.9997,0.0
view1,22,view2,2,0.9978,27.8
view1,22,view2,4,0.995,36.32
view1,22,view2,5,0.9986,27.56
view1,22,view2,7,0.9908,30.48
view1,22,view2,8,0.9963,0.0
view1,22,view2,10,0.9995,4.44
view1,22,view2,13,0.9914,20.96
view1,22,view2,14,0.9997,3.88
view1,22,view2,15,0.996,16.2
view1,22,view2,16,0.9989,12.08
view1,22,view2,17,0.9992,10.2
view1,22,view2,18,0.9995,0.0
view1,22,view2,19,0.9996,0.0
view1,22,view2,20,0.9988,0.0
view1,22,view2,21,0.9995,0.0
view1,22,view2,23,0.9997,0.0
view1,22,view2,24,0.9979,0.0
view1,22,view2,25,0.9987,0.0
view1,22,view2,26,0.9978,0.0
view1,22,view2,28,0.9985,0.0
view1,22,view2,29,0.9993,0.0
view1,22,view2,30,0.9987,0.0
view1,22,view2,31,0.9993,0.0
view1,22,view2,32,0.9989,0.0
view1,22,view2,33,0.9995,0.0
view1,22,view2,34,0.9989,0.0
view1,22,view2,35,0.9977,0.0
view1,22,view2,36,0.9976,0.0
view1,22,view2,37,0.9966,0.0
view1,22,view2,38,0.9992,0.0
view1,22,view2,39,0.9949,0.0
view1,22,view2,42,0.9963,2.88
view1,22,view2,43,0.9986,4.04
view1,22,view2,44,0.9965,4.4
view1,22,view2,45,0.9996,4.76
view1,22,view2,46,0.9993,6.28
view1,22,view2,47,0.9997,6.72
view1,22,view2,49,0.9997,12.56
view1,22,view2,50,0.999,13.08
view1,22,view2,51,0.9994,14.6
view1,22,view2,52,0.9972,15.44
view1,22,view2,53,0.9984,15.92
view1,22,view2,54,0.9967,17.08
view1,22,view2,55,0.9991,19.96
view1,22,view2,56,0.9992,20.32
view1,22,view2,57,0.9985,21.08
view1,22,view2,58,0.9993,21.12
view1,22,view2,59,0.9958,22.52
view1,22,view2,60,0.9982,24.76
view1,22,view2,61,0.9989,25.0
view1,22,view2,62,0.9961,30.48
view1,22,view2,63,0.9992,32.8
view1,22,view2,65,0.999,33.12
view1,22,view2,66,0.9996,35.76
view1,22,view2,67,0.9962,36.28
view1,22,view2,68,0.9957,37.12
view1,22,view2,69,0.9936,39.64
view1,22,view2,70,0.999,40.24
view1,22,view2,71,0.9956,40.52
view1,22,view2,72,0.9992,42.08
view1,22,view2,73,0.9971,42.12
view1,22,view2,74,0.9994,43.52
view1,22,view2,75,0.9989,44.36
view1,22,view2,76,0.9989,47.36
view1,22,view2,77,0.9955,49.2
view1,22,view2,78,0.9987,51.24
view1,22,view2,79,0.9994,51.84
view1,22,view2,80,0.9988,54.56
view1,22,view2,82,0.9992,56.16
view1,22,view2,83,0.9997,57.48
view1,22,view2,84,0.9993,57.6
view1,22,view2,85,0.997,59.6
view1,22,view2,86,0.9969,62.72
view1,22,view2,87,0.9997,63.8
view1,22,view2,88,0.9978,64.32
view1,22,view2,89,0.9978,64.4
view1,22,view2,91,0.9985,68.44
view1,22,view2,92,0.9974,70.84
view1,22,view2,93,0.9992,71.8
view1,22,view2,94,0.9991,73.28
view1,22,view2,95,0.9992,74.28
view1,22,view2,96,0.9966,74.56
view1,22,view2,97,0.9994,78.96
view1,22,view3,1,0.9974,14.72
view1,22,view3,2,0.9954,38.04
view1,22,view3,3,0.9991,14.12
view1,22,view3,4,0.9995,22.84
view1,22,view3,6,0.9988,17.76
view1,22,view3,7,0.9973,15.44
view1,22,view3,8,0.9985,6.0
view1,22,view3,9,0.9985,9.36
view1,22,view3,11,0.9984,0.0
view1,22,view3,12,0.998,0.0
view1,22,view3,13,0.9952,4.24
view1,22,view3,14,0.9978,0.0
view1,22,view3,15,0.9984,0.0
view1,22,view3,16,0.9994,0.0
view1,22,view3,17,0.9994,0.0
view1,22,view3,18,0.997,0.0
view1,22,view3,19,0.9958,0.0
view1,22,view3,20,0.998,0.0
view1,22,view3,21,0.9983,0.0
view1,22,view3,22,0.9959,0.0
view1,22,view3,23,0.9967,0.0
view1,22,view3,24,0.9991,0.0
view1,22,view3,25,0.9987,0.0
view1,22,view3,27,0.9992,3.48
view1,22,view3,28,0.9973,3.56
view1,22,view3,29,0.9989,6.04
view1,22,view3,30,0.9993,8.4
view1,22,view3,31,0.9977,10.68
view1,22,view3,32,0.9989,11.68
view1,22,view3,33,0.9932,14.72
view1,22,view3,34,0.9977,16.28
view1,22,view3,36,0.9971,22.32
view1,22,view3,37,0.9959,22.92
view1,22,view3,38,0.9987,25.96
view1,22,view3,39,0.9994,27.96
view1,22,view3,40,0.9967,28.4
view1,22,view3,42,0.9954,30.84
view1,22,view3,43,0.9993,35.44
view1,22,view3,45,0.9982,37.2
view1,22,view3,46,0.9977,37.52
view1,22,view3,47,0.9992,38.88
view1,22,view3,48,0.9982,39.08
view1,22,view3,49,0.9995,40.72
view1,22,view3,50,0.9991,41.76
view1,22,view3,51,0.9995,45.48
view1,22,view3,52,0.9962,45.76
view1,22,view3,54,0.9981,47.32
view1,22,view3,55,0.9983,48.12
view1,22,view3,56,0.9958,53.76
view1,22,view3,57,0.9967,57.84
view1,22,view3,58,0.9956,58.92
view1,22,view3,59,0.9982,60.48
view1,22,view3,61,0.999,64.68
view1,22,view3,62,0.9984,66.52
view1,22,view3,64,0.9984,72.68
view1,22,view3,65,0.9969,73.16
view1,22,view3,66,0.9987,75.24
view1,22,view3,67,0.9989,79.0
view1,22,view3,68,0.9992,80.12
view1,23,view2,1,0.9969,0.0
view1,23,view2,2,0.9991,28.2
view1,23,view2,4,0.9965,36.72
view1,23,view2,5,0.9933,27.96
view1,23,view2,7,0.9813,30.88
view1,23,view2,8,0.9996,0.0
view1,23,view2,10,0.9979,4.84
view1,23,view2,13,0.9822,21.36
view1,23,view2,14,0.998,4.28
view1,23,view2,15,0.9968,16.6
view1,23,view2,16,0.9941,12.48
view1,23,view2,17,0.9957,10.6
view1,23,view2,18,0.9967,0.0
view1,23,view2,19,0.9965,0.0
view1,23,view2,20,0.9976,0.0
view1,23,view2,21,0.9963,0.0
view1,23,view2,23,0.9977,0.0
view1,23,view2,24,0.9936,0.0
view1,23,view2,25,0.9982,0.0
view1,23,view2,26,0.9977,0.0
view1,23,view2,28,0.9941,0.0
view1,23,view2,29,0.997,0.0
view1,23,view2,30,0.9945,0.0
view1,23,view2,31,0.9966,0.0
view1,23,view2,32,0.994,0.0
view1,23,view2,33,0.9969,0.0
view1,23,view2,34,0.9961,0.0
view1,23,view2,35,0.9997,0.16
view1,23,view2,36,0.9912,0.68
view1,23,view2,37,0.992,0.8
view1,23,view2,38,0.9963,3.32
view1,23,view2,39,0.9895,3.76
view1,23,view2,42,0.9969,7.84
view1,23,view2,43,0.9947,9.0
view1,23,view2,44,0.9924,9.36
view1,23,view2,45,0.997,9.72
view1,23,view2,46,0.9978,11.24
view1,23,view2,47,0.9975,11.68
view1,23,view2,49,0.9976,17.52
view1,23,view2,50,0.9958,18.04
view1,23,view2,51,0.9963,19.56
view1,23,view2,52,0.997,20.4
view1,23,view2,53,0.9985,20.88
view1,23,view2,54,0.9936,22.04
view1,23,view2,55,0.9959,24.92
view1,23,view2,56,0.9972,25.28
view1,23,view2,57,0.9953,26.04
view1,23,view2,58,0.9967,26.08
view1,23,view2,59,0.9994,27.48
view1,23,view2,60,0.9979,29.72
view1,23,view2,61,0.994,29.96
view1,23,view2,62,0.9918,35.44
view1,23,view2,63,0.9978,37.76
view1,23,view2,65,0.9991,38.08
view1,23,view2,66,0.9958,40.72
view1,23,view2,67,0.9893,41.24
view1,23,view2,68,0.988,42.08
view1,23,view2,69,0.9869,44.6
view1,23,view2,70,0.9957,45.2
view1,23,view2,71,0.9959,45.48
view1,23,view2,72,0.9961,47.04
view1,23,view2,73,0.9933,47.08
view1,23,view2,74,0.9976,48.48
view1,23,view2,75,0.997,49.32
view1,23,view2,76,0.9951,52.32
view1,23,view2,77,0.9913,54.16
view1,23,view2,78,0.994,56.2
view1,23,view2,79,0.9981,56.8
view1,23,view2,80,0.9974,59.52
view1,23,view2,82,0.9982,61.12
view1,23,view2,83,0.9985,62.44
view1,23,view2,84,0.9985,62.56
view1,23,view2,85,0.9915,64.56
view1,23,view2,86,0.9955,67.68
view1,23,view2,87,0.9971,68.76
view1,23,view2,88,0.9985,69.28
view1,23,view2,89,0.9946,69.36
view1,23,view2,91,0.9973,73.4
view1,23,view2,92,0.9939,75.8
view1,23,view2,93,0.9976,76.76
view1,23,view2,94,0.9947,78.24
view1,23,view2,95,0.9958,79.24
view1,23,view2,96,0.9924,79.52
view1,23,view2,97,0.9957,83.92
view1,23,view3,1,0.9989,15.12
view1,23,view3,2,0.9995,38.44
view1,23,view3,3,0.9989,14.52
view1,23,view3,4,0.9975,23.24
view1,23,view3,6,0.9972,18.16
view1,23,view3,7,0.9984,15.84
view1,23,view3,8,0.9977,6.4
view1,23,view3,9,0.9988,9.76
view1,23,view3,11,0.9985,0.0
view1,23,view3,12,0.9995,0.0
view1,23,view3,13,0.9962,4.64
view1,23,view3,14,0.9988,0.0
view1,23,view3,15,0.9983,0.0
view1,23,view3,16,0.9956,0.0
view1,23,view3,17,0.9985,0.0
view1,23,view3,18,0.999,0.0
view1,23,view3,19,0.9996,0.0
view1,23,view3,20,0.998,0.0
view1,23,view3,21,0.9978,0.0
view1,23,view3,22,0.9977,0.0
view1,23,view3,23,0.9986,0.0
view1,23,view3,24,0.9965,1.48
view1,23,view3,25,0.9964,3.6
view1,23,view3,27,0.998,8.44
view1,23,view3,28,0.9976,8.52
view1,23,view3,29,0.9982,11.0
view1,23,view3,30,0.9969,13.36
view1,23,view3,31,0.9988,15.64
view1,23,view3,32,0.9978,16.64
view1,23,view3,33,0.996,19.68
view1,23,view3,34,0.9984,21.24
view1,23,view3,36,0.9982,27.28
view1,23,view3,37,0.9995,27.88
view1,23,view3,38,0.9977,30.92
view1,23,view3,39,0.9983,32.92
view1,23,view3,40,0.9983,33.36
view1,23,view3,42,0.9957,35.8
view1,23,view3,43,0.9977,40.4
view1,23,view3,45,0.9996,42.16
view1,23,view3,46,0.9952,42.48
view1,23,view3,47,0.9957,43.84
view1,23,view3,48,0.9975,44.04
view1,23,view3,49,0.9977,45.68
view1,23,view3,50,0.9979,46.72
view1,23,view3,51,0.9968,50.44
view1,23,view3,52,0.9995,50.72
view1,23,view3,54,0.9988,52.28
view1,23,view3,55,0.9949,53.08
view1,23,view3,56,0.9995,58.72
view1,23,view3,57,0.9995,62.8
view1,23,view3,58,0.9954,63.88
view1,23,view3,59,0.9974,65.44
view1,23,view3,61,0.9987,69.64
view1,23,view3,62,0.9981,71.48
view1,23,view3,64,0.999,77.64
view1,23,view3,65,0.9986,78.12
view1,23,view3,66,0.9961,80.2
view1,23,view3,67,0.9975,83.96
view1,23,view3,68,0.9971,85.08
view1,24,view2,1,0.9977,0.0
view1,24,view2,2,0.9936,30.64
view1,24,view2,4,0.9893,39.16
view1,24,view2,5,0.9974,30.4
view1,24,view2,7,0.994,33.32
view1,24,view2,8,0.9925,0.0
view1,24,view2,10,0.9968,7.28
view1,24,view2,13,0.9951,23.8
view1,24,view2,14,0.9972,6.72
view1,24,view2,15,0.9914,19.04
view1,24,view2,16,0.9984,14.92
view1,24,view2,17,0.9967,13.04
view1,24,view2,18,0.998,0.0
view1,24,view2,19,0.9978,1.72
view1,24,view2,20,0.9966,0.56
view1,24,view2,21,0.9974,0.0
view1,24,view2,23,0.9975,0.0
view1,24,view2,24,0.998,2.08
view1,24,view2,25,0.9959,3.0
view1,24,view2,26,0.9947,4.76
view1,24,view2,28,0.9972,5.72
view1,24,view2,29,0.998,9.16
view1,24,view2,30,0.9978,11.04
view1,24,view2,31,0.9977,12.52
view1,24,view2,32,0.9982,12.76
view1,24,view2,33,0.9968,15.32
view1,24,view2,34,0.9963,15.6
view1,24,view2,35,0.9939,17.92
view1,24,view2,36,0.9979,18.44
view1,24,view2,37,0.9951,18.56
view1,24,view2,38,0.9974,21.08
view1,24,view2,39,0.994,21.52
view1,24,view2,42,0.9938,25.6
view1,24,view2,43,0.9973,26.76
view1,24,view2,44,0.9954,27.12
view1,24,view2,45,0.997,27.48
view1,24,view2,46,0.997,29.0
view1,24,view2,47,0.9973,29.44
view1,24,view2,49,0.9975,35.28
view1,24,view2,50,0.9974,35.8
view1,24,view2,51,0.9982,37.32
view1,24,view2,52,0.9947,38.16
view1,24,view2,53,0.9954,38.64
view1,24,view2,54,0.9969,39.8
view1,24,view2,55,0.998,42.68
view1,24,view2,56,0.9958,43.04
view1,24,view2,57,0.9962,43.8
view1,24,view2,58,0.9977,43.84
view1,24,view2,59,0.9916,45.24
view1,24,view2,60,0.9957,47.48
view1,24,view2,61,0.9982,47.72
view1,24,view2,62,0.996,53.2
view1,24,view2,63,0.996,55.52
view1,24,view2,65,0.9961,55.84
view1,24,view2,66,0.9981,58.48
view1,24,view2,67,0.9973,59.0
view1,24,view2,68,0.9976,59.84
view1,24,view2,69,0.995,62.36
view1,24,view2,70,0.9975,62.96
view1,24,view2,71,0.9932,63.24
view1,24,view2,72,0.9979,64.8
view1,24,view2,73,0.9952,64.84
view1,24,view2,74,0.9965,66.24
view1,24,view2,75,0.9966,67.08
view1,24,view2,76,0.9969,70.08
view1,24,view2,77,0.9945,71.92
view1,24,view2,78,0.9983,73.96
view1,24,view2,79,0.9965,74.56
view1,24,view2,80,0.995,77.28
view1,24,view2,82,0.9969,78.88
view1,24,view2,83,0.9972,80.2
view1,24,view2,84,0.9964,80.32
view1,24,view2,85,0.9959,82.32
view1,24,view2,86,0.995,85.44
view1,24,view2,87,0.9982,86.52
view1,24,view2,88,0.9955,87.04
view1,24,view2,89,0.9961,87.12
view1,24,view2,91,0.9972,91.16
view1,24,view2,92,0.9961,93.56
view1,24,view2,93,0.9963,94.52
view1,24,view2,94,0.9977,96.0
view1,24,view2,95,0.9968,97.0
view1,24,view2,96,0.9954,97.28
view1,24,view2,97,0.9975,101.68
view1,24,view3,1,0.9942,17.56
view1,24,view3,2,0.991,40.88
view1,24,view3,3,0.9966,16.96
view1,24,view3,4,0.9965,25.68
view1,24,view3,6,0.9956,20.6
view1,24,view3,7,0.9932,18.28
view1,24,view3,8,0.9947,8.84
view1,24,view3,9,0.9959,12.2
view1,24,view3,11,0.995,0.0
view1,24,view3,12,0.9946,0.0
view1,24,view3,13,0.9902,7.08
view1,24,view3,14,0.9932,0.0
view1,24,view3,15,0.9946,0.0
view1,24,view3,16,0.9977,4.44
view1,24,view3,17,0.9965,5.08
view1,24,view3,18,0.9928,5.12
view1,24,view3,19,0.9918,6.88
view1,24,view3,20,0.9949,8.08
view1,24,view3,21,0.9942,13.96
view1,24,view3,22,0.9906,15.2
view1,24,view3,23,0.9928,16.16
view1,24,view3,24,0.9966,19.24
view1,24,view3,25,0.9961,21.36
view1,24,view3,27,0.9957,26.2
view1,24,view3,28,0.9944,26.28
view1,24,view3,29,0.9959,28.76
view1,24,view3,30,0.9971,31.12
view1,24,view3,31,0.9932,33.4
view1,24,view3,32,0.9961,34.4
view1,24,view3,33,0.9914,37.44
view1,24,view3,34,0.9933,39.0
view1,24,view3,36,0.9927,45.04
view1,24,view3,37,0.9914,45.64
view1,24,view3,38,0.9946,48.68
view1,24,view3,39,0.9962,50.68
view1,24,view3,40,0.9923,51.12
view1,24,view3,42,0.9897,53.56
view1,24,view3,43,0.9964,58.16
view1,24,view3,45,0.9947,59.92
view1,24,view3,46,0.9935,60.24
view1,24,view3,47,0.9974,61.6
view1,24,view3,48,0.9936,61.8
view1,24,view3,49,0.9975,63.44
view1,24,view3,50,0.9974,64.48
view1,24,view3,51,0.9979,68.2
view1,24,view3,52,0.9917,68.48
view1,24,view3,54,0.9946,70.04
view1,24,view3,55,0.9982,70.84
view1,24,view3,56,0.991,76.48
view1,24,view3,57,0.9925,80.56
view1,24,view3,58,0.9912,81.64
view1,24,view3,59,0.9939,83.2
view1,24,view3,61,0.9955,87.4
view1,24,view3,62,0.9951,89.24
view1,24,view3,64,0.9948,95.4
view1,24,view3,65,0.993,95.88
view1,24,view3,66,0.9965,97.96
view1,24,view3,67,0.9972,101.72
view1,24,view3,68,0.9963,102.84
view1,26,view2,1,0.9977,0.0
view1,26,view2,2,0.9943,34.04
view1,26,view2,4,0.9907,42.56
view1,26,view2,5,0.9985,33.8
view1,26,view2,7,0.9944,36.72
view1,26,view2,8,0.9924,0.0
view1,26,view2,10,0.9969,10.68
view1,26,view2,13,0.9951,27.2
view1,26,view2,14,0.9975,10.12
view1,26,view2,15,0.9932,22.44
view1,26,view2,16,0.9991,18.32
view1,26,view2,17,0.9982,16.44
view1,26,view2,18,0.9979,0.0
view1,26,view2,19,0.9984,5.12
view1,26,view2,20,0.9959,3.96
view1,26,view2,21,0.9985,0.0
view1,26,view2,23,0.998,0.0
view1,26,view2,24,0.9982,0.04
view1,26,view2,25,0.9951,0.96
view1,26,view2,26,0.9939,2.72
view1,26,view2,28,0.9981,3.68
view1,26,view2,29,0.9983,7.12
view1,26,view2,30,0.9978,9.0
view1,26,view2,31,0.9982,10.48
view1,26,view2,32,0.9986,10.72
view1,26,view2,33,0.9974,13.28
view1,26,view2,34,0.997,13.56
view1,26,view2,35,0.9937,15.88
view1,26,view2,36,0.9986,16.4
view1,26,view2,37,0.9963,16.52
view1,26,view2,38,0.9976,19.04
view1,26,view2,39,0.9942,19.48
view1,26,view2,42,0.9925,23.56
view1,26,view2,43,0.9979,24.72
view1,26,view2,44,0.9957,25.08
view1,26,view2,45,0.9981,25.44
view1,26,view2,46,0.9969,26.96
view1,26,view2,47,0.9974,27.4
view1,26,view2,49,0.9979,33.24
view1,26,view2,50,0.9972,33.76
view1,26,view2,51,0.998,35.28
view1,26,view2,52,0.9939,36.12
view1,26,view2,53,0.9954,36.6
view1,26,view2,54,0.9954,37.76
view1,26,view2,55,0.9976,40.64
view1,26,view2,56,0.9965,41.0
view1,26,view2,57,0.9969,41.76
view1,26,view2,58,0.9977,41.8
view1,26,view2,59,0.9914,43.2
view1,26,view2,60,0.9955,45.44
view1,26,view2,61,0.9989,45.68
view1,26,view2,62,0.9951,51.16
view1,26,view2,63,0.9962,53.48
view1,26,view2,65,0.9959,53.8
view1,26,view2,66,0.9986,56.44
view1,26,view2,67,0.9979,56.96
view1,26,view2,68,0.9979,57.8
view1,26,view2,69,0.9954,60.32
view1,26,view2,70,0.9977,60.92
view1,26,view2,71,0.9928,61.2
view1,26,view2,72,0.998,62.76
view1,26,view2,73,0.9957,62.8
view1,26,view2,74,0.9975,64.2
view1,26,view2,75,0.9964,65.04
view1,26,view2,76,0.9972,68.04
view1,26,view2,77,0.9942,69.88
view1,26,view2,78,0.9989,71.92
view1,26,view2,79,0.9969,72.52
view1,26,view2,80,0.9963,75.24
view1,26,view2,82,0.9963,76.84
view1,26,view2,83,0.9974,78.16
view1,26,view2,84,0.9968,78.28
view1,26,view2,85,0.9977,80.28
view1,26,view2,86,0.9943,83.4
view1,26,view2,87,0.998,84.48
view1,26,view2,88,0.9949,85.0
view1,26,view2,89,0.9961,85.08
view1,26,view2,91,0.9977,89.12
view1,26,view2,92,0.9964,91.52
view1,26,view2,93,0.9965,92.48
view1,26,view2,94,0.9986,93.96
view1,26,view2,95,0.9974,94.96
view1,26,view2,96,0.9957,95.24
view1,26,view2,97,0.998,99.64
view1,26,view3,1,0.9939,20.96
view1,26,view3,2,0.9914,44.28
view1,26,view3,3,0.9968,20.36
view1,26,view3,4,0.9972,29.08
view1,26,view3,6,0.9959,24.0
view1,26,view3,7,0.9936,21.68
view1,26,view3,8,0.9952,12.24
view1,26,view3,9,0.9951,15.6
view1,26,view3,11,0.9948,0.0
view1,26,view3,12,0.9946,0.0
view1,26,view3,13,0.9901,10.48
view1,26,view3,14,0.9939,0.0
view1,26,view3,15,0.9948,0.0
view1,26,view3,16,0.9987,2.4
view1,26,view3,17,0.9967,3.04
view1,26,view3,18,0.9927,3.08
view1,26,view3,19,0.9919,4.84
view1,26,view3,20,0.9946,6.04
view1,26,view3,21,0.9944,11.92
view1,26,view3,22,0.9915,13.16
view1,26,view3,23,0.9921,14.12
view1,26,view3,24,0.9977,17.2
view1,26,view3,25,0.9966,19.32
view1,26,view3,27,0.9963,24.16
view1,26,view3,28,0.9933,24.24
view1,26,view3,29,0.9963,26.72
view1,26,view3,30,0.9978,29.08
view1,26,view3,31,0.9934,31.36
view1,26,view3,32,0.9961,32.36
view1,26,view3,33,0.9904,35.4
view1,26,view3,34,0.9933,36.96
view1,26,view3,36,0.9926,43.0
view1,26,view3,37,0.9918,43.6
view1,26,view3,38,0.9958,46.64
view1,26,view3,39,0.9965,48.64
view1,26,view3,40,0.9922,49.08
view1,26,view3,42,0.9908,51.52
view1,26,view3,43,0.9972,56.12
view1,26,view3,45,0.9951,57.88
view1,26,view3,46,0.9957,58.2
view1,26,view3,47,0.9984,59.56
view1,26,view3,48,0.9949,59.76
view1,26,view3,49,0.9976,61.4
view1,26,view3,50,0.9972,62.44
view1,26,view3,51,0.9983,66.16
view1,26,view3,52,0.9914,66.44
view1,26,view3,54,0.9942,68.0
view1,26,view3,55,0.9984,68.8
view1,26,view3,56,0.9915,74.44
view1,26,view3,57,0.9927,78.52
view1,26,view3,58,0.9916,79.6
view1,26,view3,59,0.9948,81.16
view1,26,view3,61,0.9958,85.36
view1,26,view3,62,0.9956,87.2
view1,26,view3,64,0.9946,93.36
view1,26,view3,65,0.9923,93.84
view1,26,view3,66,0.997,95.92
view1,26,view3,67,0.9967,99.68
view1,26,view3,68,0.9968,100.8
view1,27,view2,1,0.9965,0.0
view1,27,view2,2,0.9976,35.8
view1,27,view2,4,0.998,44.32
view1,27,view2,5,0.9927,35.56
view1,27,view2,7,0.979,38.48
view1,27,view2,8,0.9951,0.08
view1,27,view2,10,0.9978,12.44
view1,27,view2,13,0.9797,28.96
view1,27,view2,14,0.9971,11.88
view1,27,view2,15,0.9973,24.2
view1,27,view2,16,0.993,20.08
view1,27,view2,17,0.9953,18.2
view1,27,view2,18,0.9949,0.0
view1,27,view2,19,0.9964,6.88
view1,27,view2,20,0.9955,5.72
view1,27,view2,21,0.9957,0.0
view1,27,view2,23,0.9961,0.0
view1,27,view2,24,0.9906,0.0
view1,27,view2,25,0.9966,0.0
view1,27,view2,26,0.996,1.64
view1,27,view2,28,0.9936,2.6
view1,27,view2,29,0.9946,6.04
view1,27,view2,30,0.9933,7.92
view1,27,view2,31,0.9962,9.4
view1,27,view2,32,0.9932,9.64
view1,27,view2,33,0.9967,12.2
view1,27,view2,34,0.9949,12.48
view1,27,view2,35,0.9976,14.8
view1,27,view2,36,0.9908,15.32
view1,27,view2,37,0.9897,15.44
view1,27,view2,38,0.9954,17.96
view1,27,view2,39,0.9882,18.4
view1,27,view2,42,0.9934,22.48
view1,27,view2,43,0.9929,23.64
view1,27,view2,44,0.9899,24.0
view1,27,view2,45,0.9968,24.36
view1,27,view2,46,0.9978,25.88
view1,27,view2,47,0.9967,26.32
view1,27,view2,49,0.9964,32.16
view1,27,view2,50,0.9952,32.68
view1,27,view2,51,0.9946,34.2
view1,27,view2,52,0.9936,35.04
view1,27,view2,53,0.9961,35.52
view1,27,view2,54,0.9899,36.68
view1,27,view2,55,0.9947,39.56
view1,27,view2,56,0.9979,39.92
view1,27,view2,57,0.9968,40.68
view1,27,view2,58,0.9964,40.72
view1,27,view2,59,0.9957,42.12
view1,27,view2,60,0.9941,44.36
view1,27,view2,61,0.9941,44.6
view1,27,view2,62,0.9893,50.08
view1,27,view2,63,0.9981,52.4
view1,27,view2,65,0.9973,52.72
view1,27,view2,66,0.995,55.36
view1,27,view2,67,0.9873,55.88
view1,27,view2,68,0.9875,56.72
view1,27,view2,69,0.9827,59.24
view1,27,view2,70,0.9945,59.84
view1,27,view2,71,0.9912,60.12
view1,27,view2,72,0.9946,61.68
view1,27,view2,73,0.9916,61.72
view1,27,view2,74,0.9976,63.12
view1,27,view2,75,0.9953,63.96
view1,27,view2,76,0.9967,66.96
view1,27,view2,77,0.9895,68.8
view1,27,view2,78,0.9921,70.84
view1,27,view2,79,0.9971,71.44
view1,27,view2,80,0.998,74.16
view1,27,view2,82,0.9966,75.76
view1,27,view2,83,0.9969,77.08
view1,27,view2,84,0.9978,77.2
view1,27,view2,85,0.992,79.2
view1,27,view2,86,0.9919,82.32
view1,27,view2,87,0.9961,83.4
view1,27,view2,88,0.9942,83.92
view1,27,view2,89,0.9937,84.0
view1,27,view2,91,0.9944,88.04
view1,27,view2,92,0.9913,90.44
view1,27,view2,93,0.9986,91.4
view1,27,view2,94,0.9949,92.88
view1,27,view2,95,0.9973,93.88
view1,27,view2,96,0.9906,94.16
view1,27,view2,97,0.9959,98.56
view1,27,view3,1,0.9954,22.72
view1,27,view3,2,0.996,46.04
view1,27,view3,3,0.9972,22.12
view1,27,view3,4,0.9967,30.84
view1,27,view3,6,0.9964,25.76
view1,27,view3,7,0.9988,23.44
view1,27,view3,8,0.9993,14.0
view1,27,view3,9,0.9977,17.36
view1,27,view3,11,0.9967,0.0
view1,27,view3,12,0.9965,0.0
view1,27,view3,13,0.9993,12.24
view1,27,view3,14,0.9987,0.0
view1,27,view3,15,0.9971,1.16
view1,27,view3,16,0.9949,1.32
view1,27,view3,17,0.9978,1.96
view1,27,view3,18,0.9974,2.0
view1,27,view3,19,0.9961,3.76
view1,27,view3,20,0.9961,4.96
view1,27,view3,21,0.9989,10.84
view1,27,view3,22,0.9989,12.08
view1,27,view3,23,0.9962,13.04
view1,27,view3,24,0.9948,16.12
view1,27,view3,25,0.9965,18.24
view1,27,view3,27,0.9978,23.08
view1,27,view3,28,0.9988,23.16
view1,27,view3,29,0.9987,25.64
view1,27,view3,30,0.9959,28.0
view1,27,view3,31,0.9984,30.28
view1,27,view3,32,0.9976,31.28
view1,27,view3,33,0.989,34.32
view1,27,view3,34,0.9985,35.88
view1,27,view3,36,0.9977,41.92
view1,27,view3,37,0.9968,42.52
view1,27,view3,38,0.9977,45.56
view1,27,view3,39,0.9978,47.56
view1,27,view3,40,0.9979,48.0
view1,27,view3,42,0.9981,50.44
view1,27,view3,43,0.998,55.04
view1,27,view3,45,0.9973,56.8
view1,27,view3,46,0.9964,57.12
view1,27,view3,47,0.9959,58.48
view1,27,view3,48,0.9981,58.68
view1,27,view3,49,0.9974,60.32
view1,27,view3,50,0.996,61.36
view1,27,view3,51,0.9967,65.08
view1,27,view3,52,0.997,65.36
view1,27,view3,54,0.9982,66.92
view1,27,view3,55,0.9926,67.72
view1,27,view3,56,0.9967,73.36
view1,27,view3,57,0.9973,77.44
view1,27,view3,58,0.9938,78.52
view1,27,view3,59,0.9977,80.08
view1,27,view3,61,0.9982,84.28
view1,27,view3,62,0.9984,86.12
view1,27,view3,64,0.9983,92.28
view1,27,view3,65,0.9976,92.76
view1,27,view3,66,0.9944,94.84
view1,27,view3,67,0.9975,98.6
view1,27,view3,68,0.9963,99.72
view1,28,view2,1,0.9994,0.0
view1,28,view2,2,0.9985,36.92
view1,28,view2,4,0.9966,45.44
view1,28,view2,5,0.9981,36.68
view1,28,view2,7,0.9889,39.6
view1,28,view2,8,0.9967,1.2
view1,28,view2,10,0.9995,13.56
view1,28,view2,13,0.9894,30.08
view1,28,view2,14,0.9997,13.0
view1,28,view2,15,0.9974,25.32
view1,28,view2,16,0.998,21.2
view1,28,view2,17,0.9991,19.32
view1,28,view2,18,0.9989,0.0
view1,28,view2,19,0.9994,8.0
view1,28,view2,20,0.9982,6.84
view1,28,view2,21,0.9993,0.0
view1,28,view2,23,0.9995,0.0
view1,28,view2,24,0.9971,0.04
view1,28,view2,25,0.9984,0.0
view1,28,view2,26,0.9975,0.0
view1,28,view2,28,0.998,0.0
view1,28,view2,29,0.9987,0.0
view1,28,view2,30,0.9977,0.52
view1,28,view2,31,0.9993,2.0
view1,28,view2,32,0.9979,2.24
view1,28,view2,33,0.9992,4.8
view1,28,view2,34,0.9985,5.08
view1,28,view2,35,0.9982,7.4
view1,28,view2,36,0.9966,7.92
view1,28,view2,37,0.9955,8.04
view1,28,view2,38,0.9987,10.56
view1,28,view2,39,0.9933,11.0
view1,28,view2,42,0.9959,15.08
view1,28,view2,43,0.9977,16.24
view1,28,view2,44,0.9949,16.6
view1,28,view2,45,0.9998,16.96
view1,28,view2,46,0.9993,18.48
view1,28,view2,47,0.9994,18.92
view1,28,view2,49,0.9997,24.76
view1,28,view2,50,0.9983,25.28
view1,28,view2,51,0.9987,26.8
view1,28,view2,52,0.9966,27.64
view1,28,view2,53,0.9983,28.12
view1,28,view2,54,0.9955,29.28
view1,28,view2,55,0.9985,32.16
view1,28,view2,56,0.9993,32.52
view1,28,view2,57,0.9983,33.28
view1,28,view2,58,0.9992,33.32
view1,28,view2,59,0.9962,34.72
view1,28,view2,60,0.9977,36.96
view1,28,view2,61,0.9983,37.2
view1,28,view2,62,0.9944,42.68
view1,28,view2,63,0.9992,45.0
view1,28,view2,65,0.9989,45.32
view1,28,view2,66,0.9989,47.96
view1,28,view2,67,0.9948,48.48
view1,28,view2,68,0.9943,49.32
view1,28,view2,69,0.992,51.84
view1,28,view2,70,0.9985,52.44
view1,28,view2,71,0.9955,52.72
view1,28,view2,72,0.9986,54.28
view1,28,view2,73,0.9959,54.32
view1,28,view2,74,0.9995,55.72
view1,28,view2,75,0.9982,56.56
view1,28,view2,76,0.9986,59.56
view1,28,view2,77,0.9938,61.4
view1,28,view2,78,0.9979,63.44
view1,28,view2,79,0.9994,64.04
view1,28,view2,80,0.9993,66.76
view1,28,view2,82,0.9989,68.36
view1,28,view2,83,0.9995,69.68
view1,28,view2,84,0.9994,69.8
view1,28,view2,85,0.9966,71.8
view1,28,view2,86,0.996,74.92
view1,28,view2,87,0.9992,76.0
view1,28,view2,88,0.9974,76.52
view1,28,view2,89,0.9968,76.6
view1,28,view2,91,0.9985,80.64
view1,28,view2,92,0.9963,83.04
view1,28,view2,93,0.9994,84.0
view1,28,view2,94,0.9987,85.48
view1,28,view2,95,0.9991,86.48
view1,28,view2,96,0.9954,86.76
view1,28,view2,97,0.9987,91.16
view1,28,view3,1,0.9972,23.84
view1,28,view3,2,0.9961,47.16
view1,28,view3,3,0.9991,23.24
view1,28,view3,4,0.9994,31.96
view1,28,view3,6,0.9987,26.88
view1,28,view3,7,0.9981,24.56
view1,28,view3,8,0.999,15.12
view1,28,view3,9,0.9984,18.48
view1,28,view3,11,0.9984,0.0
view1,28,view3,12,0.998,0.0
view1,28,view3,13,0.9962,13.36
view1,28,view3,14,0.9985,0.0
view1,28,view3,15,0.9985,2.28
view1,28,view3,16,0.999,0.0
view1,28,view3,17,0.9993,0.0
view1,28,view3,18,0.9973,0.0
view1,28,view3,19,0.9963,0.0
view1,28,view3,20,0.9977,0.0
view1,28,view3,21,0.9985,3.44
view1,28,view3,22,0.9971,4.68
view1,28,view3,23,0.9968,5.64
view1,28,view3,24,0.9989,8.72
view1,28,view3,25,0.9983,10.84
view1,28,view3,27,0.9992,15.68
view1,28,view3,28,0.9975,15.76
view1,28,view3,29,0.9993,18.24
view1,28,view3,30,0.999,20.6
view1,28,view3,31,0.9981,22.88
view1,28,view3,32,0.9987,23.88
view1,28,view3,33,0.993,26.92
view1,28,view3,34,0.9981,28.48
view1,28,view3,36,0.9974,34.52
view1,28,view3,37,0.9966,35.12
view1,28,view3,38,0.9991,38.16
view1,28,view3,39,0.9993,40.16
view1,28,view3,40,0.9971,40.6
view1,28,view3,42,0.9964,43.04
view1,28,view3,43,0.9994,47.64
view1,28,view3,45,0.9986,49.4
view1,28,view3,46,0.9979,49.72
view1,28,view3,47,0.9988,51.08
view1,28,view3,48,0.9987,51.28
view1,28,view3,49,0.9994,52.92
view1,28,view3,50,0.9987,53.96
view1,28,view3,51,0.9993,57.68
view1,28,view3,52,0.9966,57.96
view1,28,view3,54,0.9984,59.52
view1,28,view3,55,0.9975,60.32
view1,28,view3,56,0.9965,65.96
view1,28,view3,57,0.9975,70.04
view1,28,view3,58,0.9955,71.12
view1,28,view3,59,0.9987,72.68
view1,28,view3,61,0.9991,76.88
view1,28,view3,62,0.9988,78.72
view1,28,view3,64,0.9986,84.88
view1,28,view3,65,0.9971,85.36
view1,28,view3,66,0.9982,87.44
view1,28,view3,67,0.9988,91.2
view1,28,view3,68,0.999,92.32
view1,29,view2,1,0.9968,0.0
view1,29,view2,2,0.9961,37.4
view1,29,view2,4,0.9922,45.92
view1,29,view2,5,0.9935,37.16
view1,29,view2,7,0.9837,40.08
view1,29,view2,8,0.9972,1.68
view1,29,view2,10,0.9971,14.04
view1,29,view2,13,0.9847,30.56
view1,29,view2,14,0.9968,13.48
view1,29,view2,15,0.9919,25.8
view1,29,view2,16,0.9941,21.68
view1,29,view2,17,0.9949,19.8
view1,29,view2,18,0.9977,0.0
view1,29,view2,19,0.9958,8.48
view1,29,view2,20,0.9986,7.32
view1,29,view2,21,0.9954,0.0
view1,29,view2,23,0.9971,0.0
view1,29,view2,24,0.9949,0.52
view1,29,view2,25,0.9989,0.0
view1,29,view2,26,0.9991,0.0
view1,29,view2,28,0.9948,0.0
view1,29,view2,29,0.9961,2.6
view1,29,view2,30,0.9956,4.48
view1,29,view2,31,0.9951,5.96
view1,29,view2,32,0.9945,6.2
view1,29,view2,33,0.9962,8.76
view1,29,view2,34,0.9963,9.04
view1,29,view2,35,0.9974,11.36
view1,29,view2,36,0.9913,11.88
view1,29,view2,37,0.9933,12.0
view1,29,view2,38,0.9969,14.52
view1,29,view2,39,0.9912,14.96
view1,29,view2,42,0.999,19.04
view1,29,view2,43,0.9953,20.2
view1,29,view2,44,0.9939,20.56
view1,29,view2,45,0.9956,20.92
view1,29,view2,46,0.996,22.44
view1,29,view2,47,0.9977,22.88
view1,29,view2,49,0.997,28.72
view1,29,view2,50,0.9954,29.24
view1,29,view2,51,0.9973,30.76
view1,29,view2,52,0.9989,31.6
view1,29,view2,53,0.998,32.08
view1,29,view2,54,0.9975,33.24
view1,29,view2,55,0.9973,36.12
view1,29,view2,56,0.9962,36.48
view1,29,view2,57,0.9943,37.24
view1,29,view2,58,0.996,37.28
view1,29,view2,59,0.9968,38.68
view1,29,view2,60,0.9985,40.92
view1,29,view2,61,0.9938,41.16
view1,29,view2,62,0.9948,46.64
view1,29,view2,63,0.9971,48.96
view1,29,view2,65,0.9975,49.28
view1,29,view2,66,0.9956,51.92
view1,29,view2,67,0.9908,52.44
view1,29,view2,68,0.9887,53.28
view1,29,view2,69,0.9909,55.8
view1,29,view2,70,0.9959,56.4
view1,29,view2,71,0.9975,56.68
view1,29,view2,72,0.9961,58.24
view1,29,view2,73,0.9945,58.28
view1,29,view2,74,0.9958,59.68
view1,29,view2,75,0.9975,60.52
view1,29,view2,76,0.9944,63.52
view1,29,view2,77,0.992,65.36
view1,29,view2,78,0.9942,67.4
view1,29,view2,79,0.9973,68.0
view1,29,view2,80,0.9949,70.72
view1,29,view2,82,0.9986,72.32
view1,29,view2,83,0.9975,73.64
view1,29,view2,84,0.9971,73.76
view1,29,view2,85,0.9912,75.76
view1,29,view2,86,0.9986,78.88
view1,29,view2,87,0.9975,79.96
view1,29,view2,88,0.9985,80.48
view1,29,view2,89,0.994,80.56
view1,29,view2,91,0.9961,84.6
view1,29,view2,92,0.9949,87.0
view1,29,view2,93,0.9959,87.96
view1,29,view2,94,0.9935,89.44
view1,29,view2,95,0.9953,90.44
view1,29,view2,96,0.9939,90.72
view1,29,view2,97,0.995,95.12
view1,29,view3,1,0.9974,24.32
view1,29,view3,2,0.9954,47.64
view1,29,view3,3,0.9971,23.72
view1,29,view3,4,0.997,32.44
view1,29,view3,6,0.9973,27.36
view1,29,view3,7,0.9944,25.04
view1,29,view3,8,0.995,15.6
view1,29,view3,9,0.9966,18.96
view1,29,view3,11,0.9987,0.0
view1,29,view3,12,0.9975,0.0
view1,29,view3,13,0.9934,13.84
view1,29,view3,14,0.9954,0.0
view1,29,view3,15,0.9978,2.76
view1,29,view3,16,0.9951,0.0
view1,29,view3,17,0.997,0.0
view1,29,view3,18,0.9965,0.0
view1,29,view3,19,0.9958,0.32
view1,29,view3,20,0.998,1.52
view1,29,view3,21,0.9957,7.4
view1,29,view3,22,0.9937,8.64
view1,29,view3,23,0.9988,9.6
view1,29,view3,24,0.9959,12.68
view1,29,view3,25,0.9953,14.8
view1,29,view3,27,0.9971,19.64
view1,29,view3,28,0.9959,19.72
view1,29,view3,29,0.9955,22.2
view1,29,view3,30,0.9974,24.56
view1,29,view3,31,0.997,26.84
view1,29,view3,32,0.9972,27.84
view1,29,view3,33,0.9939,30.88
view1,29,view3,34,0.9971,32.44
view1,29,view3,36,0.9971,38.48
view1,29,view3,37,0.9953,39.08
view1,29,view3,38,0.9957,42.12
view1,29,view3,39,0.9972,44.12
view1,29,view3,40,0.9962,44.56
view1,29,view3,42,0.993,47.0
view1,29,view3,43,0.9956,51.6
view1,29,view3,45,0.997,53.36
view1,29,view3,46,0.9937,53.68
view1,29,view3,47,0.9941,55.04
view1,29,view3,48,0.9956,55.24
view1,29,view3,49,0.9959,56.88
view1,29,view3,50,0.9979,57.92
view1,29,view3,51,0.9957,61.64
view1,29,view3,52,0.9969,61.92
view1,29,view3,54,0.9973,63.48
view1,29,view3,55,0.9955,64.28
view1,29,view3,56,0.9954,69.92
view1,29,view3,57,0.996,74.0
view1,29,view3,58,0.9961,75.08
view1,29,view3,59,0.9963,76.64
view1,29,view3,61,0.9974,80.84
view1,29,view3,62,0.9947,82.68
view1,29,view3,64,0.9972,88.84
view1,29,view3,65,0.9976,89.32
view1,29,view3,66,0.9957,91.4
view1,29,view3,67,0.9956,95.16
view1,29,view3,68,0.9967,96.28
view1,30,view2,1,0.9995,0.0
view1,30,view2,2,0.997,41.6
view1,30,view2,4,0.9938,50.12
view1,30,view2,5,0.9985,41.36
view1,30,view2,7,0.9914,44.28
view1,30,view2,8,0.9952,5.88
view1,30,view2,10,0.9991,18.24
view1,30,view2,13,0.9923,34.76
view1,30,view2,14,0.9992,17.68
view1,30,view2,15,0.9951,30.0
view1,30,view2,16,0.9989,25.88
view1,30,view2,17,0.9986,24.0
view1,30,view2,18,0.9992,0.0
view1,30,view2,19,0.9996,12.68
view1,30,view2,20,0.9983,11.52
view1,30,view2,21,0.9991,0.2
view1,30,view2,23,0.9993,0.0
view1,30,view2,24,0.9979,4.72
view1,30,view2,25,0.9981,0.0
view1,30,view2,26,0.9971,0.0
view1,30,view2,28,0.9985,2.0
view1,30,view2,29,0.9989,0.0
view1,30,view2,30,0.9986,0.0
view1,30,view2,31,0.9992,0.0
view1,30,view2,32,0.999,0.0
view1,30,view2,33,0.999,0.0
view1,30,view2,34,0.9982,0.0
view1,30,view2,35,0.9968,0.0
view1,30,view2,36,0.998,0.0
view1,30,view2,37,0.996,0.0
view1,30,view2,38,0.999,1.44
view1,30,view2,39,0.9943,1.88
view1,30,view2,42,0.9956,5.96
view1,30,view2,43,0.9981,7.12
view1,30,view2,44,0.9959,7.48
view1,30,view2,45,0.9991,7.84
view1,30,view2,46,0.9991,9.36
view1,30,view2,47,0.9992,9.8
view1,30,view2,49,0.9992,15.64
view1,30,view2,50,0.9986,16.16
view1,30,view2,51,0.9992,17.68
view1,30,view2,52,0.9962,18.52
view1,30,view2,53,0.9975,19.0
view1,30,view2,54,0.9967,20.16
view1,30,view2,55,0.999,23.04
view1,30,view2,56,0.9986,23.4
view1,30,view2,57,0.9986,24.16
view1,30,view2,58,0.9992,24.2
view1,30,view2,59,0.9948,25.6
view1,30,view2,60,0.9973,27.84
view1,30,view2,61,0.9993,28.08
view1,30,view2,62,0.9957,33.56
view1,30,view2,63,0.9985,35.88
view1,30,view2,65,0.9983,36.2
view1,30,view2,66,0.9993,38.84
view1,30,view2,67,0.9966,39.36
view1,30,view2,68,0.9964,40.2
view1,30,view2,69,0.9935,42.72
view1,30,view2,70,0.9988,43.32
view1,30,view2,71,0.9947,43.6
view1,30,view2,72,0.9992,45.16
view1,30,view2,73,0.9964,45.2
view1,30,view2,74,0.9988,46.6
view1,30,view2,75,0.9982,47.44
view1,30,view2,76,0.9989,50.44
view1,30,view2,77,0.9949,52.28
view1,30,view2,78,0.9987,54.32
view1,30,view2,79,0.9988,54.92
view1,30,view2,80,0.9981,57.64
view1,30,view2,82,0.9987,59.24
view1,30,view2,83,0.9992,60.56
view1,30,view2,84,0.9987,60.68
view1,30,view2,85,0.9972,62.68
view1,30,view2,86,0.996,65.8
view1,30,view2,87,0.9995,66.88
view1,30,view2,88,0.9969,67.4
view1,30,view2,89,0.9977,67.48
view1,30,view2,91,0.9981,71.52
view1,30,view2,92,0.9966,73.92
view1,30,view2,93,0.999,74.88
view1,30,view2,94,0.9991,76.36
view1,30,view2,95,0.9992,77.36
view1,30,view2,96,0.9957,77.64
view1,30,view2,97,0.9992,82.04
view1,30,view3,1,0.9964,28.52
view1,30,view3,2,0.9943,51.84
view1,30,view3,3,0.9987,27.92
view1,30,view3,4,0.9989,36.64
view1,30,view3,6,0.9981,31.56
view1,30,view3,7,0.9968,29.24
view1,30,view3,8,0.998,19.8
view1,30,view3,9,0.9982,23.16
view1,30,view3,11,0.9976,1.52
view1,30,view3,12,0.9972,3.28
view1,30,view3,13,0.9946,18.04
view1,30,view3,14,0.9968,0.0
view1,30,view3,15,0.9975,6.96
view1,30,view3,16,0.9992,0.0
view1,30,view3,17,0.9989,0.0
view1,30,view3,18,0.9961,3.24
view1,30,view3,19,0.9948,0.0
view1,30,view3,20,0.997,0.0
view1,30,view3,21,0.9977,0.0
view1,30,view3,22,0.9949,0.0
view1,30,view3,23,0.9958,0.0
view1,30,view3,24,0.9987,0.0
view1,30,view3,25,0.9988,1.72
view1,30,view3,27,0.9985,6.56
view1,30,view3,28,0.9972,6.64
view1,30,view3,29,0.9986,9.12
view1,30,view3,30,0.9992,11.48
view1,30,view3,31,0.9967,13.76
view1,30,view3,32,0.9987,14.76
view1,30,view3,33,0.9924,17.8
view1,30,view3,34,0.9969,19.36
view1,30,view3,36,0.9961,25.4
view1,30,view3,37,0.9948,26.0
view1,30,view3,38,0.9978,29.04
view1,30,view3,39,0.9988,31.04
view1,30,view3,40,0.9958,31.48
view1,30,view3,42,0.9945,33.92
view1,30,view3,43,0.9991,38.52
view1,30,view3,45,0.9973,40.28
view1,30,view3,46,0.997,40.6
view1,30,view3,47,0.9992,41.96
view1,30,view3,48,0.9972,42.16
view1,30,view3,49,0.9995,43.8
view1,30,view3,50,0.9989,44.84
view1,30,view3,51,0.9995,48.56
view1,30,view3,52,0.9952,48.84
view1,30,view3,54,0.9975,50.4
view1,30,view3,55,0.9983,51.2
view1,30,view3,56,0.9945,56.84
view1,30,view3,57,0.9957,60.92
view1,30,view3,58,0.9949,62.0
view1,30,view3,59,0.9973,63.56
view1,30,view3,61,0.9984,67.76
view1,30,view3,62,0.998,69.6
view1,30,view3,64,0.9979,75.76
view1,30,view3,65,0.9962,76.24
view1,30,view3,66,0.9983,78.32
view1,30,view3,67,0.999,82.08
view1,30,view3,68,0.9986,83.2
view1,31,view2,1,0.9986,0.0
view1,31,view2,2,0.9984,44.84
view1,31,view2,4,0.996,53.36
view1,31,view2,5,0.9955,44.6
view1,31,view2,7,0.9851,47.52
view1,31,view2,8,0.9979,9.12
view1,31,view2,10,0.9992,21.48
view1,31,view2,13,0.9862,38.0
view1,31,view2,14,0.9991,20.92
view1,31,view2,15,0.9963,33.24
view1,31,view2,16,0.9962,29.12
view1,31,view2,17,0.997,27.24
view1,31,view2,18,0.9983,0.0
view1,31,view2,19,0.9986,15.92
view1,31,view2,20,0.9985,14.76
view1,31,view2,21,0.9977,3.44
view1,31,view2,23,0.9987,0.0
view1,31,view2,24,0.9958,7.96
view1,31,view2,25,0.999,0.0
view1,31,view2,26,0.9985,0.04
view1,31,view2,28,0.9965,5.24
view1,31,view2,29,0.9979,0.0
view1,31,view2,30,0.9964,0.68
view1,31,view2,31,0.9984,0.0
view1,31,view2,32,0.9963,0.0
view1,31,view2,33,0.9981,1.84
view1,31,view2,34,0.9971,2.12
view1,31,view2,35,0.9991,4.44
view1,31,view2,36,0.9941,4.96
view1,31,view2,37,0.9933,5.08
view1,31,view2,38,0.9981,7.6
view1,31,view2,39,0.9915,8.04
view1,31,view2,42,0.9975,12.12
view1,31,view2,43,0.9961,13.28
view1,31,view2,44,0.9938,13.64
view1,31,view2,45,0.9983,14.0
view1,31,view2,46,0.9992,15.52
view1,31,view2,47,0.9988,15.96
view1,31,view2,49,0.9987,21.8
view1,31,view2,50,0.9977,22.32
view1,31,view2,51,0.998,23.84
view1,31,view2,52,0.9975,24.68
view1,31,view2,53,0.9986,25.16
view1,31,view2,54,0.9959,26.32
view1,31,view2,55,0.9983,29.2
view1,31,view2,56,0.9984,29.56
view1,31,view2,57,0.9976,30.32
view1,31,view2,58,0.9987,30.36
view1,31,view2,59,0.9978,31.76
view1,31,view2,60,0.9979,34.0
view1,31,view2,61,0.9967,34.24
view1,31,view2,62,0.9938,39.72
view1,31,view2,63,0.9989,42.04
view1,31,view2,65,0.9993,42.36
view1,31,view2,66,0.9975,45.0
view1,31,view2,67,0.9923,45.52
view1,31,view2,68,0.9917,46.36
view1,31,view2,69,0.9894,48.88
view1,31,view2,70,0.9973,49.48
view1,31,view2,71,0.9959,49.76
view1,31,view2,72,0.9978,51.32
view1,31,view2,73,0.9946,51.36
view1,31,view2,74,0.9986,52.76
view1,31,view2,75,0.998,53.6
view1,31,view2,76,0.9977,56.6
view1,31,view2,77,0.993,58.44
view1,31,view2,78,0.9959,60.48
view1,31,view2,79,0.9988,61.08
view1,31,view2,80,0.998,63.8
view1,31,view2,82,0.9992,65.4
view1,31,view2,83,0.9992,66.72
view1,31,view2,84,0.9992,66.84
view1,31,view2,85,0.9944,68.84
view1,31,view2,86,0.9964,71.96
view1,31,view2,87,0.9988,73.04
view1,31,view2,88,0.9983,73.56
view1,31,view2,89,0.9961,73.64
view1,31,view2,91,0.9982,77.68
view1,31,view2,92,0.995,80.08
view1,31,view2,93,0.9992,81.04
view1,31,view2,94,0.9968,82.52
view1,31,view2,95,0.9983,83.52
view1,31,view2,96,0.994,83.8
view1,31,view2,97,0.9976,88.2
view1,31,view3,1,0.9981,31.76
view1,31,view3,2,0.9974,55.08
view1,31,view3,3,0.9994,31.16
view1,31,view3,4,0.9984,39.88
view1,31,view3,6,0.9982,34.8
view1,31,view3,7,0.9984,32.48
view1,31,view3,8,0.9987,23.04
view1,31,view3,9,0.9993,26.4
view1,31,view3,11,0.9989,4.76
view1,31,view3,12,0.9989,6.52
view1,31,view3,13,0.997,21.28
view1,31,view3,14,0.9984,0.0
view1,31,view3,15,0.9987,10.2
view1,31,view3,16,0.9975,0.0
view1,31,view3,17,0.9993,1.0
view1,31,view3,18,0.9985,6.48
view1,31,view3,19,0.9979,0.0
view1,31,view3,20,0.9984,0.0
view1,31,view3,21,0.9985,0.48
view1,31,view3,22,0.9973,1.72
view1,31,view3,23,0.9984,2.68
view1,31,view3,24,0.9973,5.76
view1,31,view3,25,0.9977,7.88
view1,31,view3,27,0.9988,12.72
view1,31,view3,28,0.999,12.8
view1,31,view3,29,0.9992,15.28
view1,31,view3,30,0.9984,17.64
view1,31,view3,31,0.9988,19.92
view1,31,view3,32,0.999,20.92
view1,31,view3,33,0.9943,23.96
view1,31,view3,34,0.9988,25.52
view1,31,view3,36,0.9984,31.56
view1,31,view3,37,0.9978,32.16
view1,31,view3,38,0.998,35.2
view1,31,view3,39,0.999,37.2
view1,31,view3,40,0.9983,37.64
view1,31,view3,42,0.9961,40.08
view1,31,view3,43,0.9987,44.68
view1,31,view3,45,0.999,46.44
view1,31,view3,46,0.9961,46.76
view1,31,view3,47,0.9975,48.12
view1,31,view3,48,0.9978,48.32
view1,31,view3,49,0.9991,49.96
view1,31,view3,50,0.9992,51.0
view1,31,view3,51,0.9987,54.72
view1,31,view3,52,0.9984,55.0
view1,31,view3,54,0.9994,56.56
view1,31,view3,55,0.9971,57.36
view1,31,view3,56,0.9976,63.0
view1,31,view3,57,0.9984,67.08
view1,31,view3,58,0.9954,68.16
view1,31,view3,59,0.998,69.72
view1,31,view3,61,0.9993,73.92
view1,31,view3,62,0.9987,75.76
view1,31,view3,64,0.9993,81.92
view1,31,view3,65,0.9988,82.4
view1,31,view3,66,0.9971,84.48
view1,31,view3,67,0.9993,88.24
view1,31,view3,68,0.9981,89.36
view1,32,view2,1,0.999,0.0
view1,32,view2,2,0.9962,44.92
view1,32,view2,4,0.994,53.44
view1,32,view2,5,0.9985,44.68
view1,32,view2,7,0.9912,47.6
view1,32,view2,8,0.9948,9.2
view1,32,view2,10,0.9987,21.56
view1,32,view2,13,0.9918,38.08
view1,32,view2,14,0.9987,21.0
view1,32,view2,15,0.9949,33.32
view1,32,view2,16,0.9982,29.2
view1,32,view2,17,0.9988,27.32
view1,32,view2,18,0.999,0.0
view1,32,view2,19,0.9991,16.0
view1,32,view2,20,0.9981,14.84
view1,32,view2,21,0.9991,3.52
view1,32,view2,23,0.9987,0.0
view1,32,view2,24,0.9978,8.04
view1,32,view2,25,0.998,0.0
view1,32,view2,26,0.9973,0.12
view1,32,view2,28,0.9989,5.32
view1,32,view2,29,0.9982,0.0
view1,32,view2,30,0.9983,0.76
view1,32,view2,31,0.9982,0.0
view1,32,view2,32,0.9984,0.16
view1,32,view2,33,0.9987,2.72
view1,32,view2,34,0.9982,3.0
view1,32,view2,35,0.9963,5.32
view1,32,view2,36,0.9971,5.84
view1,32,view2,37,0.9957,5.96
view1,32,view2,38,0.999,8.48
view1,32,view2,39,0.9941,8.92
view1,32,view2,42,0.9959,13.0
view1,32,view2,43,0.9977,14.16
view1,32,view2,44,0.9949,14.52
view1,32,view2,45,0.999,14.88
view1,32,view2,46,0.9978,16.4
view1,32,view2,47,0.999,16.84
view1,32,view2,49,0.9992,22.68
view1,32,view2,50,0.9978,23.2
view1,32,view2,51,0.9987,24.72
view1,32,view2,52,0.9967,25.56
view1,32,view2,53,0.9972,26.04
view1,32,view2,54,0.9976,27.2
view1,32,view2,55,0.9992,30.08
view1,32,view2,56,0.9982,30.44
view1,32,view2,57,0.9982,31.2
view1,32,view2,58,0.9985,31.24
view1,32,view2,59,0.994,32.64
view1,32,view2,60,0.9972,34.88
view1,32,view2,61,0.9987,35.12
view1,32,view2,62,0.9961,40.6
view1,32,view2,63,0.9985,42.92
view1,32,view2,65,0.9975,43.24
view1,32,view2,66,0.9989,45.88
view1,32,view2,67,0.9962,46.4
view1,32,view2,68,0.9954,47.24
view1,32,view2,69,0.9939,49.76
view1,32,view2,70,0.9979,50.36
view1,32,view2,71,0.9949,50.64
view1,32,view2,72,0.9982,52.2
view1,32,view2,73,0.9958,52.24
view1,32,view2,74,0.9985,53.64
view1,32,view2,75,0.9978,54.48
view1,32,view2,76,0.9986,57.48
view1,32,view2,77,0.9938,59.32
view1,32,view2,78,0.9979,61.36
view1,32,view2,79,0.9986,61.96
view1,32,view2,80,0.9978,64.68
view1,32,view2,82,0.9987,66.28
view1,32,view2,83,0.9986,67.6
view1,32,view2,84,0.9986,67.72
view1,32,view2,85,0.9976,69.72
view1,32,view2,86,0.9967,72.84
view1,32,view2,87,0.9992,73.92
view1,32,view2,88,0.9967,74.44
view1,32,view2,89,0.996,74.52
view1,32,view2,91,0.9979,78.56
view1,32,view2,92,0.9965,80.96
view1,32,view2,93,0.998,81.92
view1,32,view2,94,0.9982,83.4
view1,32,view2,95,0.9988,84.4
view1,32,view2,96,0.996,84.68
view1,32,view2,97,0.998,89.08
view1,32,view3,1,0.9958,31.84
view1,32,view3,2,0.9937,55.16
view1,32,view3,3,0.9982,31.24
view1,32,view3,4,0.9987,39.96
view1,32,view3,6,0.9983,34.88
view1,32,view3,7,0.9955,32.56
view1,32,view3,8,0.9974,23.12
view1,32,view3,9,0.9968,26.48
view1,32,view3,11,0.9976,4.84
view1,32,view3,12,0.9961,6.6
view1,32,view3,13,0.9938,21.36
view1,32,view3,14,0.9961,0.0
view1,32,view3,15,0.9976,10.28
view1,32,view3,16,0.9991,0.0
view1,32,view3,17,0.9984,1.08
view1,32,view3,18,0.9954,6.56
view1,32,view3,19,0.9941,0.0
view1,32,view3,20,0.9974,0.0
view1,32,view3,21,0.9968,1.36
view1,32,view3,22,0.9945,2.6
view1,32,view3,23,0.9958,3.56
view1,32,view3,24,0.9981,6.64
view1,32,view3,25,0.9971,8.76
view1,32,view3,27,0.9983,13.6
view1,32,view3,28,0.9961,13.68
view1,32,view3,29,0.9977,16.16
view1,32,view3,30,0.9992,18.52
view1,32,view3,31,0.9967,20.8
view1,32,view3,32,0.9983,21.8
view1,32,view3,33,0.9924,24.84
view1,32,view3,34,0.9967,26.4
view1,32,view3,36,0.9965,32.44
view1,32,view3,37,0.9943,33.04
view1,32,view3,38,0.9978,36.08
view1,32,view3,39,0.9983,38.08
view1,32,view3,40,0.996,38.52
view1,32,view3,42,0.9947,40.96
view1,32,view3,43,0.998,45.56
view1,32,view3,45,0.997,47.32
view1,32,view3,46,0.9969,47.64
view1,32,view3,47,0.9981,49.0
view1,32,view3,48,0.9973,49.2
view1,32,view3,49,0.9982,50.84
view1,32,view3,50,0.9986,51.88
view1,32,view3,51,0.9989,55.6
view1,32,view3,52,0.9947,55.88
view1,32,view3,54,0.9969,57.44
view1,32,view3,55,0.9986,58.24
view1,32,view3,56,0.994,63.88
view1,32,view3,57,0.9951,67.96
view1,32,view3,58,0.9941,69.04
view1,32,view3,59,0.9977,70.6
view1,32,view3,61,0.9982,74.8
view1,32,view3,62,0.9965,76.64
view1,32,view3,64,0.997,82.8
view1,32,view3,65,0.9963,83.28
view1,32,view3,66,0.9973,85.36
view1,32,view3,67,0.9978,89.12
view1,32,view3,68,0.9985,90.24
view1,33,view2,1,0.9985,0.0
view1,33,view2,2,0.9987,47.88
view1,33,view2,4,0.9979,56.4
view1,33,view2,5,0.9963,47.64
view1,33,view2,7,0.9845,50.56
view1,33,view2,8,0.9972,12.16
view1,33,view2,10,0.9991,24.52
view1,33,view2,13,0.9851,41.04
view1,33,view2,14,0.9989,23.96
view1,33,view2,15,0.9977,36.28
view1,33,view2,16,0.9959,32.16
view1,33,view2,17,0.998,30.28
view1,33,view2,18,0.9979,0.0
view1,33,view2,19,0.9984,18.96
view1,33,view2,20,0.998,17.8
view1,33,view2,21,0.9983,6.48
view1,33,view2,23,0.9984,0.0
view1,33,view2,24,0.9948,11.0
view1,33,view2,25,0.9987,0.52
view1,33,view2,26,0.9982,3.08
view1,33,view2,28,0.9971,8.28
view1,33,view2,29,0.9973,0.0
view1,33,view2,30,0.9963,3.72
view1,33,view2,31,0.9977,1.96
view1,33,view2,32,0.9962,0.64
view1,33,view2,33,0.9987,0.0
view1,33,view2,34,0.9976,0.0
view1,33,view2,35,0.9986,0.0
view1,33,view2,36,0.994,0.0
view1,33,view2,37,0.9933,0.0
view1,33,view2,38,0.9981,0.0
view1,33,view2,39,0.9915,0.0
view1,33,view2,42,0.9963,0.0
view1,33,view2,43,0.996,0.0
view1,33,view2,44,0.993,0.0
view1,33,view2,45,0.9989,0.0
view1,33,view2,46,0.9984,1.28
view1,33,view2,47,0.9987,1.72
view1,33,view2,49,0.9988,7.56
view1,33,view2,50,0.9971,8.08
view1,33,view2,51,0.9973,9.6
view1,33,view2,52,0.9968,10.44
view1,33,view2,53,0.9981,10.92
view1,33,view2,54,0.9948,12.08
view1,33,view2,55,0.9977,14.96
view1,33,view2,56,0.999,15.32
view1,33,view2,57,0.9982,16.08
view1,33,view2,58,0.998,16.12
view1,33,view2,59,0.997,17.52
view1,33,view2,60,0.9973,19.76
view1,33,view2,61,0.9967,20.0
view1,33,view2,62,0.9931,25.48
view1,33,view2,63,0.9994,27.8
view1,33,view2,65,0.9986,28.12
view1,33,view2,66,0.9976,30.76
view1,33,view2,67,0.9918,31.28
view1,33,view2,68,0.9909,32.12
view1,33,view2,69,0.9886,34.64
view1,33,view2,70,0.9968,35.24
view1,33,view2,71,0.9948,35.52
view1,33,view2,72,0.9971,37.08
view1,33,view2,73,0.9945,37.12
view1,33,view2,74,0.9992,38.52
view1,33,view2,75,0.9975,39.36
view1,33,view2,76,0.9981,42.36
view1,33,view2,77,0.992,44.2
view1,33,view2,78,0.9955,46.24
view1,33,view2,79,0.9991,46.84
view1,33,view2,80,0.999,49.56
view1,33,view2,82,0.999,51.16
view1,33,view2,83,0.9989,52.48
view1,33,view2,84,0.9994,52.6
view1,33,view2,85,0.9955,54.6
view1,33,view2,86,0.9957,57.72
view1,33,view2,87,0.9985,58.8
view1,33,view2,88,0.9971,59.32
view1,33,view2,89,0.9956,59.4
view1,33,view2,91,0.9974,63.44
view1,33,view2,92,0.9948,65.84
view1,33,view2,93,0.9989,66.8
view1,33,view2,94,0.9968,68.28
view1,33,view2,95,0.9985,69.28
view1,33,view2,96,0.9939,69.56
view1,33,view2,97,0.9975,73.96
view1,33,view3,1,0.9973,34.8
view1,33,view3,2,0.9973,58.12
view1,33,view3,3,0.9991,34.2
view1,33,view3,4,0.999,42.92
view1,33,view3,6,0.9987,37.84
view1,33,view3,7,0.9984,35.52
view1,33,view3,8,0.9993,26.08
view1,33,view3,9,0.9984,29.44
view1,33,view3,11,0.9988,7.8
view1,33,view3,12,0.9979,9.56
view1,33,view3,13,0.9975,24.32
view1,33,view3,14,0.9989,0.0
view1,33,view3,15,0.9991,13.24
view1,33,view3,16,0.9979,0.0
view1,33,view3,17,0.9994,4.04
view1,33,view3,18,0.9983,9.52
view1,33,view3,19,0.9973,0.0
view1,33,view3,20,0.9984,0.4
view1,33,view3,21,0.999,0.76
view1,33,view3,22,0.9982,0.0
view1,33,view3,23,0.998,0.0
view1,33,view3,24,0.9977,0.0
view1,33,view3,25,0.9976,0.0
view1,33,view3,27,0.9993,0.0
view1,33,view3,28,0.9979,0.0
view1,33,view3,29,0.9991,1.04
view1,33,view3,30,0.9986,3.4
view1,33,view3,31,0.9993,5.68
view1,33,view3,32,0.9991,6.68
view1,33,view3,33,0.9931,9.72
view1,33,view3,34,0.9993,11.28
view1,33,view3,36,0.999,17.32
view1,33,view3,37,0.9978,17.92
view1,33,view3,38,0.9994,20.96
view1,33,view3,39,0.9993,22.96
view1,33,view3,40,0.9989,23.4
view1,33,view3,42,0.9982,25.84
view1,33,view3,43,0.999,30.44
view1,33,view3,45,0.999,32.2
view1,33,view3,46,0.9979,32.52
view1,33,view3,47,0.9976,33.88
view1,33,view3,48,0.9993,34.08
view1,33,view3,49,0.9985,35.72
view1,33,view3,50,0.9986,36.76
view1,33,view3,51,0.9985,40.48
view1,33,view3,52,0.9979,40.76
view1,33,view3,54,0.999,42.32
view1,33,view3,55,0.9966,43.12
view1,33,view3,56,0.9977,48.76
view1,33,view3,57,0.9982,52.84
view1,33,view3,58,0.9956,53.92
view1,33,view3,59,0.9994,55.48
view1,33,view3,61,0.9997,59.68
view1,33,view3,62,0.9983,61.52
view1,33,view3,64,0.9991,67.68
view1,33,view3,65,0.9988,68.16
view1,33,view3,66,0.9969,70.24
view1,33,view3,67,0.9983,74.0
view1,33,view3,68,0.9986,75.12
view1,34,view2,1,0.9985,0.0
view1,34,view2,2,0.9958,50.16
view1,34,view2,4,0.993,58.68
view1,34,view2,5,0.9983,49.92
view1,34,view2,7,0.9914,52.84
view1,34,view2,8,0.9929,14.44
view1,34,view2,10,0.998,26.8
view1,34,view2,13,0.9921,43.32
view1,34,view2,14,0.9983,26.24
view1,34,view2,15,0.9946,38.56
view1,34,view2,16,0.9984,34.44
view1,34,view2,17,0.998,32.56
view1,34,view2,18,0.9978,0.0
view1,34,view2,19,0.9991,21.24
view1,34,view2,20,0.9963,20.08
view1,34,view2,21,0.9983,8.76
view1,34,view2,23,0.9982,0.0
view1,34,view2,24,0.9965,13.28
view1,34,view2,25,0.9961,2.8
view1,34,view2,26,0.9948,5.36
view1,34,view2,28,0.9981,10.56
view1,34,view2,29,0.9981,0.0
view1,34,view2,30,0.9976,6.0
view1,34,view2,31,0.9988,4.24
view1,34,view2,32,0.9983,2.92
view1,34,view2,33,0.998,0.68
view1,34,view2,34,0.997,0.52
view1,34,view2,35,0.9951,0.28
view1,34,view2,36,0.9983,0.8
view1,34,view2,37,0.9947,0.92
view1,34,view2,38,0.9974,3.44
view1,34,view2,39,0.9931,3.88
view1,34,view2,42,0.9927,7.96
view1,34,view2,43,0.997,9.12
view1,34,view2,44,0.9943,9.48
view1,34,view2,45,0.9984,9.84
view1,34,view2,46,0.9984,11.36
view1,34,view2,47,0.998,11.8
view1,34,view2,49,0.998,17.64
view1,34,view2,50,0.9979,18.16
view1,34,view2,51,0.998,19.68
view1,34,view2,52,0.9934,20.52
view1,34,view2,53,0.9956,21.0
view1,34,view2,54,0.994,22.16
view1,34,view2,55,0.9976,25.04
view1,34,view2,56,0.9977,25.4
view1,34,view2,57,0.9984,26.16
view1,34,view2,58,0.9985,26.2
view1,34,view2,59,0.9927,27.6
view1,34,view2,60,0.9951,29.84
view1,34,view2,61,0.9991,30.08
view1,34,view2,62,0.9938,35.56
view1,34,view2,63,0.9973,37.88
view1,34,view2,65,0.9969,38.2
view1,34,view2,66,0.9986,40.84
view1,34,view2,67,0.9961,41.36
view1,34,view2,68,0.997,42.2
view1,34,view2,69,0.9921,44.72
view1,34,view2,70,0.9983,45.32
view1,34,view2,71,0.992,45.6
view1,34,view2,72,0.9982,47.16
view1,34,view2,73,0.995,47.2
view1,34,view2,74,0.9981,48.6
view1,34,view2,75,0.9966,49.44
view1,34,view2,76,0.9989,52.44
view1,34,view2,77,0.9938,54.28
view1,34,view2,78,0.998,56.32
view1,34,view2,79,0.9977,56.92
view1,34,view2,80,0.9974,59.64
view1,34,view2,82,0.9969,61.24
view1,34,view2,83,0.998,62.56
view1,34,view2,84,0.9976,62.68
view1,34,view2,85,0.9972,64.68
view1,34,view2,86,0.9933,67.8
view1,34,view2,87,0.9981,68.88
view1,34,view2,88,0.9945,69.4
view1,34,view2,89,0.9969,69.48
view1,34,view2,91,0.9968,73.52
view1,34,view2,92,0.9952,75.92
view1,34,view2,93,0.9983,76.88
view1,34,view2,94,0.9991,78.36
view1,34,view2,95,0.9988,79.36
view1,34,view2,96,0.9942,79.64
view1,34,view2,97,0.9987,84.04
view1,34,view3,1,0.9942,37.08
view1,34,view3,2,0.9925,60.4
view1,34,view3,3,0.9977,36.48
view1,34,view3,4,0.9976,45.2
view1,34,view3,6,0.9965,40.12
view1,34,view3,7,0.9961,37.8
view1,34,view3,8,0.9975,28.36
view1,34,view3,9,0.997,31.72
view1,34,view3,11,0.9956,10.08
view1,34,view3,12,0.9955,11.84
view1,34,view3,13,0.9938,26.6
view1,34,view3,14,0.9959,2.16
view1,34,view3,15,0.9957,15.52
view1,34,view3,16,0.9987,0.0
view1,34,view3,17,0.9978,6.32
view1,34,view3,18,0.9948,11.8
view1,34,view3,19,0.993,0.0
view1,34,view3,20,0.9949,2.68
view1,34,view3,21,0.9968,3.04
view1,34,view3,22,0.9939,0.0
view1,34,view3,23,0.9933,0.0
view1,34,view3,24,0.9975,1.6
view1,34,view3,25,0.9981,3.72
view1,34,view3,27,0.9974,8.56
view1,34,view3,28,0.9959,8.64
view1,34,view3,29,0.9981,11.12
view1,34,view3,30,0.998,13.48
view1,34,view3,31,0.9951,15.76
view1,34,view3,32,0.9976,16.76
view1,34,view3,33,0.9899,19.8
view1,34,view3,34,0.9954,21.36
view1,34,view3,36,0.9942,27.4
view1,34,view3,37,0.9931,28.0
view1,34,view3,38,0.9967,31.04
view1,34,view3,39,0.9976,33.04
view1,34,view3,40,0.9942,33.48
view1,34,view3,42,0.9939,35.92
view1,34,view3,43,0.9986,40.52
view1,34,view3,45,0.9959,42.28
view1,34,view3,46,0.9964,42.6
view1,34,view3,47,0.9991,43.96
view1,34,view3,48,0.9962,44.16
view1,34,view3,49,0.9987,45.8
view1,34,view3,50,0.9974,46.84
view1,34,view3,51,0.9989,50.56
view1,34,view3,52,0.9933,50.84
view1,34,view3,54,0.996,52.4
view1,34,view3,55,0.9971,53.2
view1,34,view3,56,0.9929,58.84
view1,34,view3,57,0.994,62.92
view1,34,view3,58,0.9931,64.0
view1,34,view3,59,0.996,65.56
view1,34,view3,61,0.997,69.76
view1,34,view3,62,0.9975,71.6
view1,34,view3,64,0.9965,77.76
view1,34,view3,65,0.9942,78.24
view1,34,view3,66,0.9969,80.32
view1,34,view3,67,0.9985,84.08
view1,34,view3,68,0.9973,85.2
view1,35,view2,1,0.999,0.0
view1,35,view2,2,0.9988,51.44
view1,35,view2,4,0.9967,59.96
view1,35,view2,5,0.9964,51.2
view1,35,view2,7,0.9861,54.12
view1,35,view2,8,0.9975,15.72
view1,35,view2,10,0.9997,28.08
view1,35,view2,13,0.987,44.6
view1,35,view2,14,0.9996,27.52
view1,35,view2,15,0.9972,39.84
view1,35,view2,16,0.997,35.72
view1,35,view2,17,0.9981,33.84
view1,35,view2,18,0.9986,0.0
view1,35,view2,19,0.999,22.52
view1,35,view2,20,0.9986,21.36
view1,35,view2,21,0.9985,10.04
view1,35,view2,23,0.9992,0.0
view1,35,view2,24,0.9959,14.56
view1,35,view2,25,0.9989,4.08
view1,35,view2,26,0.9982,6.64
view1,35,view2,28,0.9968,11.84
view1,35,view2,29,0.9984,0.0
view1,35,view2,30,0.9972,7.28
view1,35,view2,31,0.9988,5.52
view1,35,view2,32,0.997,4.2
view1,35,view2,33,0.999,1.96
view1,35,view2,34,0.9981,1.8
view1,35,view2,35,0.999,0.0
view1,35,view2,36,0.9951,0.0
view1,35,view2,37,0.9946,0.0
view1,35,view2,38,0.9982,0.0
view1,35,view2,39,0.9926,0.16
view1,35,view2,42,0.9967,4.24
view1,35,view2,43,0.9971,5.4
view1,35,view2,44,0.995,5.76
view1,35,view2,45,0.9989,6.12
view1,35,view2,46,0.9996,7.64
view1,35,view2,47,0.9992,8.08
view1,35,view2,49,0.9992,13.92
view1,35,view2,50,0.9983,14.44
view1,35,view2,51,0.9984,15.96
view1,35,view2,52,0.9971,16.8
view1,35,view2,53,0.9988,17.28
view1,35,view2,54,0.9949,18.44
view1,35,view2,55,0.9981,21.32
view1,35,view2,56,0.9992,21.68
view1,35,view2,57,0.998,22.44
view1,35,view2,58,0.9989,22.48
view1,35,view2,59,0.9974,23.88
view1,35,view2,60,0.9979,26.12
view1,35,view2,61,0.9973,26.36
view1,35,view2,62,0.994,31.84
view1,35,view2,63,0.9994,34.16
view1,35,view2,65,0.9996,34.48
view1,35,view2,66,0.9984,37.12
view1,35,view2,67,0.9931,37.64
view1,35,view2,68,0.9926,38.48
view1,35,view2,69,0.9899,41.0
view1,35,view2,70,0.9979,41.6
view1,35,view2,71,0.9953,41.88
view1,35,view2,72,0.9983,43.44
view1,35,view2,73,0.9959,43.48
view1,35,view2,74,0.9992,44.88
view1,35,view2,75,0.9985,45.72
view1,35,view2,76,0.9981,48.72
view1,35,view2,77,0.994,50.56
view1,35,view2,78,0.9968,52.6
view1,35,view2,79,0.9993,53.2
view1,35,view2,80,0.999,55.92
view1,35,view2,82,0.9992,57.52
view1,35,view2,83,0.9995,58.84
view1,35,view2,84,0.9993,58.96
view1,35,view2,85,0.9949,60.96
view1,35,view2,86,0.9961,64.08
view1,35,view2,87,0.9991,65.16
view1,35,view2,88,0.9979,65.68
view1,35,view2,89,0.9972,65.76
view1,35,view2,91,0.998,69.8
view1,35,view2,92,0.9959,72.2
view1,35,view2,93,0.9996,73.16
view1,35,view2,94,0.9978,74.64
view1,35,view2,95,0.9988,75.64
view1,35,view2,96,0.9949,75.92
view1,35,view2,97,0.9986,80.32
view1,35,view3,1,0.9979,38.36
view1,35,view3,2,0.9971,61.68
view1,35,view3,3,0.9992,37.76
view1,35,view3,4,0.9992,46.48
view1,35,view3,6,0.9988,41.4
view1,35,view3,7,0.9989,39.08
view1,35,view3,8,0.9993,29.64
view1,35,view3,9,0.9993,33.0
view1,35,view3,11,0.999,11.36
view1,35,view3,12,0.9989,13.12
view1,35,view3,13,0.9975,27.88
view1,35,view3,14,0.9991,3.44
view1,35,view3,15,0.999,16.8
view1,35,view3,16,0.9981,0.48
view1,35,view3,17,0.9996,7.6
view1,35,view3,18,0.9985,13.08
view1,35,view3,19,0.9975,0.0
view1,35,view3,20,0.9983,3.96
view1,35,view3,21,0.9992,4.32
view1,35,view3,22,0.9979,0.0
view1,35,view3,23,0.9979,0.0
view1,35,view3,24,0.9984,0.0
view1,35,view3,25,0.9986,0.0
view1,35,view3,27,0.9994,4.84
view1,35,view3,28,0.9988,4.92
view1,35,view3,29,0.9996,7.4
view1,35,view3,30,0.9986,9.76
view1,35,view3,31,0.9989,12.04
view1,35,view3,32,0.9991,13.04
view1,35,view3,33,0.9931,16.08
view1,35,view3,34,0.999,17.64
view1,35,view3,36,0.9983,23.68
view1,35,view3,37,0.9976,24.28
view1,35,view3,38,0.9989,27.32
view1,35,view3,39,0.9996,29.32
view1,35,view3,40,0.9981,29.76
view1,35,view3,42,0.997,32.2
view1,35,view3,43,0.9994,36.8
view1,35,view3,45,0.9988,38.56
view1,35,view3,46,0.9972,38.88
view1,35,view3,47,0.9983,40.24
view1,35,view3,48,0.9988,40.44
view1,35,view3,49,0.9996,42.08
view1,35,view3,50,0.9989,43.12
view1,35,view3,51,0.999,46.84
view1,35,view3,52,0.9979,47.12
view1,35,view3,54,0.9994,48.68
view1,35,view3,55,0.9967,49.48
view1,35,view3,56,0.9975,55.12
view1,35,view3,57,0.9983,59.2
view1,35,view3,58,0.996,60.28
view1,35,view3,59,0.9988,61.84
view1,35,view3,61,0.9995,66.04
view1,35,view3,62,0.9994,67.88
view1,35,view3,64,0.9994,74.04
view1,35,view3,65,0.9983,74.52
view1,35,view3,66,0.9982,76.6
view1,35,view3,67,0.9993,80.36
view1,35,view3,68,0.999,81.48
view1,36,view2,1,0.9983,0.0
view1,36,view2,2,0.9972,53.32
view1,36,view2,4,0.997,61.84
view1,36,view2,5,0.9973,53.08
view1,36,view2,7,0.9867,56.0
view1,36,view2,8,0.9947,17.6
view1,36,view2,10,0.9985,29.96
view1,36,view2,13,0.9869,46.48
view1,36,view2,14,0.9982,29.4
view1,36,view2,15,0.9968,41.72
view1,36,view2,16,0.9963,37.6
view1,36,view2,17,0.9986,35.72
view1,36,view2,18,0.9974,1.64
view1,36,view2,19,0.9981,24.4
view1,36,view2,20,0.9969,23.24
view1,36,view2,21,0.9986,11.92
view1,36,view2,23,0.9979,0.0
view1,36,view2,24,0.9946,16.44
view1,36,view2,25,0.9974,5.96
view1,36,view2,26,0.9969,8.52
view1,36,view2,28,0.9976,13.72
view1,36,view2,29,0.9966,0.0
view1,36,view2,30,0.9966,9.16
view1,36,view2,31,0.9973,7.4
view1,36,view2,32,0.9966,6.08
view1,36,view2,33,0.9987,3.84
view1,36,view2,34,0.9976,3.68
view1,36,view2,35,0.9966,0.0
view1,36,view2,36,0.9951,1.64
view1,36,view2,37,0.9937,0.88
view1,36,view2,38,0.9979,0.0
view1,36,view2,39,0.992,0.0
view1,36,view2,42,0.9943,0.64
view1,36,view2,43,0.9962,1.8
view1,36,view2,44,0.9929,2.16
view1,36,view2,45,0.9989,2.52
view1,36,view2,46,0.9974,4.04
view1,36,view2,47,0.9983,4.48
view1,36,view2,49,0.9985,10.32
view1,36,view2,50,0.9968,10.84
view1,36,view2,51,0.9969,12.36
view1,36,view2,52,0.9954,13.2
view1,36,view2,53,0.9967,13.68
view1,36,view2,54,0.9941,14.84
view1,36,view2,55,0.9974,17.72
view1,36,view2,56,0.9987,18.08
view1,36,view2,57,0.9983,18.84
view1,36,view2,58,0.9976,18.88
view1,36,view2,59,0.9943,20.28
view1,36,view2,60,0.9959,22.52
view1,36,view2,61,0.9971,22.76
view1,36,view2,62,0.9931,28.24
view1,36,view2,63,0.9989,30.56
view1,36,view2,65,0.9971,30.88
view1,36,view2,66,0.9978,33.52
view1,36,view2,67,0.9929,34.04
view1,36,view2,68,0.9923,34.88
view1,36,view2,69,0.9895,37.4
view1,36,view2,70,0.9966,38.0
view1,36,view2,71,0.9929,38.28
view1,36,view2,72,0.9966,39.84
view1,36,view2,73,0.9944,39.88
view1,36,view2,74,0.9989,41.28
view1,36,view2,75,0.9967,42.12
view1,36,view2,76,0.9983,45.12
view1,36,view2,77,0.9918,46.96
view1,36,view2,78,0.9958,49.0
view1,36,view2,79,0.9984,49.6
view1,36,view2,80,0.9987,52.32
view1,36,view2,82,0.998,53.92
view1,36,view2,83,0.9981,55.24
view1,36,view2,84,0.9987,55.36
view1,36,view2,85,0.9964,57.36
view1,36,view2,86,0.9945,60.48
view1,36,view2,87,0.9981,61.56
view1,36,view2,88,0.9953,62.08
view1,36,view2,89,0.9951,62.16
view1,36,view2,91,0.9963,66.2
view1,36,view2,92,0.9948,68.6
view1,36,view2,93,0.9981,69.56
view1,36,view2,94,0.9972,71.04
view1,36,view2,95,0.9985,72.04
view1,36,view2,96,0.9942,72.32
view1,36,view2,97,0.9975,76.72
view1,36,view3,1,0.9953,40.24
view1,36,view3,2,0.9947,63.56
view1,36,view3,3,0.9979,39.64
view1,36,view3,4,0.9988,48.36
view1,36,view3,6,0.9984,43.28
view1,36,view3,7,0.9968,40.96
view1,36,view3,8,0.9987,31.52
view1,36,view3,9,0.9969,34.88
view1,36,view3,11,0.9976,13.24
view1,36,view3,12,0.996,15.0
view1,36,view3,13,0.9962,29.76
view1,36,view3,14,0.9976,5.32
view1,36,view3,15,0.9982,18.68
view1,36,view3,16,0.9982,2.36
view1,36,view3,17,0.9985,9.48
view1,36,view3,18,0.9963,14.96
view1,36,view3,19,0.9948,0.0
view1,36,view3,20,0.9974,5.84
view1,36,view3,21,0.9982,6.2
view1,36,view3,22,0.9969,0.0
view1,36,view3,23,0.9959,0.0
view1,36,view3,24,0.9976,0.0
view1,36,view3,25,0.9971,0.0
view1,36,view3,27,0.9988,1.24
view1,36,view3,28,0.9962,1.32
view1,36,view3,29,0.9982,3.8
view1,36,view3,30,0.9984,6.16
view1,36,view3,31,0.998,8.44
view1,36,view3,32,0.9982,9.44
view1,36,view3,33,0.9905,12.48
view1,36,view3,34,0.9981,14.04
view1,36,view3,36,0.9978,20.08
view1,36,view3,37,0.9955,20.68
view1,36,view3,38,0.9992,23.72
view1,36,view3,39,0.9985,25.72
view1,36,view3,40,0.9976,26.16
view1,36,view3,42,0.9976,28.6
view1,36,view3,43,0.9985,33.2
view1,36,view3,45,0.9974,34.96
view1,36,view3,46,0.9983,35.28
view1,36,view3,47,0.9977,36.64
view1,36,view3,48,0.9992,36.84
view1,36,view3,49,0.9977,38.48
view1,36,view3,50,0.9976,39.52
view1,36,view3,51,0.9982,43.24
view1,36,view3,52,0.9956,43.52
view1,36,view3,54,0.9975,45.08
view1,36,view3,55,0.9963,45.88
view1,36,view3,56,0.9954,51.52
view1,36,view3,57,0.9961,55.6
view1,36,view3,58,0.9943,56.68
view1,36,view3,59,0.9992,58.24
view1,36,view3,61,0.9987,62.44
view1,36,view3,62,0.997,64.28
view1,36,view3,64,0.9975,70.44
view1,36,view3,65,0.9971,70.92
view1,36,view3,66,0.9965,73.0
view1,36,view3,67,0.9971,76.76
view1,36,view3,68,0.9984,77.88
view1,37,view2,1,0.9994,0.0
view1,37,view2,2,0.998,53.36
view1,37,view2,4,0.9948,61.88
view1,37,view2,5,0.9979,53.12
view1,37,view2,7,0.9902,56.04
view1,37,view2,8,0.9965,17.64
view1,37,view2,10,0.9991,30.0
view1,37,view2,13,0.9909,46.52
view1,37,view2,14,0.9996,29.44
view1,37,view2,15,0.996,41.76
view1,37,view2,16,0.9987,37.64
view1,37,view2,17,0.9988,35.76
view1,37,view2,18,0.9992,1.68
view1,37,view2,19,0.999,24.44
view1,37,view2,20,0.9988,23.28
view1,37,view2,21,0.9993,11.96
view1,37,view2,23,0.9997,0.0
view1,37,view2,24,0.9974,16.48
view1,37,view2,25,0.9984,6.0
view1,37,view2,26,0.9972,8.56
view1,37,view2,28,0.9974,13.76
view1,37,view2,29,0.9995,0.0
view1,37,view2,30,0.9986,9.2
view1,37,view2,31,0.9989,7.44
view1,37,view2,32,0.9987,6.12
view1,37,view2,33,0.9995,3.88
view1,37,view2,34,0.9991,3.72
view1,37,view2,35,0.9977,0.0
view1,37,view2,36,0.9971,1.68
view1,37,view2,37,0.9975,0.92
view1,37,view2,38,0.9989,0.0
view1,37,view2,39,0.9959,0.0
view1,37,view2,42,0.9958,0.0
view1,37,view2,43,0.999,0.0
view1,37,view2,44,0.9973,0.0
view1,37,view2,45,0.9991,0.0
view1,37,view2,46,0.9992,0.0
view1,37,view2,47,0.9993,0.0
view1,37,view2,49,0.9994,0.0
view1,37,view2,50,0.9991,0.0
view1,37,view2,51,0.9992,0.0
view1,37,view2,52,0.9971,0.0
view1,37,view2,53,0.9988,0.0
view1,37,view2,54,0.9958,0.0
view1,37,view2,55,0.9982,1.2
view1,37,view2,56,0.9992,1.56
view1,37,view2,57,0.9976,2.32
view1,37,view2,58,0.9988,2.36
view1,37,view2,59,0.996,3.76
view1,37,view2,60,0.9985,6.0
view1,37,view2,61,0.9983,6.24
view1,37,view2,62,0.9965,11.72
view1,37,view2,63,0.9991,14.04
view1,37,view2,65,0.9992,14.36
view1,37,view2,66,0.9995,17.0
view1,37,view2,67,0.9959,17.52
view1,37,view2,68,0.9949,18.36
view1,37,view2,69,0.9935,20.88
view1,37,view2,70,0.9988,21.48
view1,37,view2,71,0.9956,21.76
view1,37,view2,72,0.9993,23.32
view1,37,view2,73,0.9979,23.36
view1,37,view2,74,0.999,24.76
view1,37,view2,75,0.9993,25.6
view1,37,view2,76,0.9983,28.6
view1,37,view2,77,0.9967,30.44
view1,37,view2,78,0.9987,32.48
view1,37,view2,79,0.9991,33.08
view1,37,view2,80,0.9989,35.8
view1,37,view2,82,0.9986,37.4
view1,37,view2,83,0.9995,38.72
view1,37,view2,84,0.9989,38.84
view1,37,view2,85,0.9958,40.84
view1,37,view2,86,0.9967,43.96
view1,37,view2,87,0.9994,45.04
view1,37,view2,88,0.998,45.56
view1,37,view2,89,0.9985,45.64
view1,37,view2,91,0.9978,49.68
view1,37,view2,92,0.9982,52.08
view1,37,view2,93,0.9988,53.04
view1,37,view2,94,0.9989,54.52
view1,37,view2,95,0.9986,55.52
view1,37,view2,96,0.9974,55.8
view1,37,view2,97,0.9994,60.2
view1,37,view3,1,0.9979,40.28
view1,37,view3,2,0.9956,63.6
view1,37,view3,3,0.9987,39.68
view1,37,view3,4,0.9993,48.4
view1,37,view3,6,0.9983,43.32
view1,37,view3,7,0.9972,41.0
view1,37,view3,8,0.9982,31.56
view1,37,view3,9,0.9984,34.92
view1,37,view3,11,0.9981,13.28
view1,37,view3,12,0.9982,15.04
view1,37,view3,13,0.995,29.8
view1,37,view3,14,0.998,5.36
view1,37,view3,15,0.9981,18.72
view1,37,view3,16,0.9989,2.4
view1,37,view3,17,0.9991,9.52
view1,37,view3,18,0.997,15.0
view1,37,view3,19,0.996,0.0
view1,37,view3,20,0.9979,5.88
view1,37,view3,21,0.9982,6.24
view1,37,view3,22,0.9959,0.0
view1,37,view3,23,0.9962,0.0
view1,37,view3,24,0.9991,0.0
view1,37,view3,25,0.9986,0.0
view1,37,view3,27,0.9991,0.0
view1,37,view3,28,0.9971,0.0
view1,37,view3,29,0.9986,0.0
view1,37,view3,30,0.9985,0.0
view1,37,view3,31,0.9975,0.0
view1,37,view3,32,0.9985,0.0
view1,37,view3,33,0.9933,0.0
view1,37,view3,34,0.9972,0.0
view1,37,view3,36,0.9966,3.56
view1,37,view3,37,0.996,4.16
view1,37,view3,38,0.9985,7.2
view1,37,view3,39,0.9993,9.2
view1,37,view3,40,0.9961,9.64
view1,37,view3,42,0.9949,12.08
view1,37,view3,43,0.999,16.68
view1,37,view3,45,0.9979,18.44
view1,37,view3,46,0.9974,18.76
view1,37,view3,47,0.9989,20.12
view1,37,view3,48,0.9979,20.32
view1,37,view3,49,0.9992,21.96
view1,37,view3,50,0.9983,23.0
view1,37,view3,51,0.9989,26.72
view1,37,view3,52,0.9962,27.0
view1,37,view3,54,0.9979,28.56
view1,37,view3,55,0.9971,29.36
view1,37,view3,56,0.9959,35.0
view1,37,view3,57,0.9968,39.08
view1,37,view3,58,0.9958,40.16
view1,37,view3,59,0.9977,41.72
view1,37,view3,61,0.9985,45.92
view1,37,view3,62,0.9985,47.76
view1,37,view3,64,0.9981,53.92
view1,37,view3,65,0.9963,54.4
view1,37,view3,66,0.9991,56.48
view1,37,view3,67,0.9985,60.24
view1,37,view3,68,0.9992,61.36
view1,39,view2,1,0.9992,0.0
view1,39,view2,2,0.9984,55.8
view1,39,view2,4,0.9964,64.32
view1,39,view2,5,0.9968,55.56
view1,39,view2,7,0.987,58.48
view1,39,view2,8,0.9972,20.08
view1,39,view2,10,0.9995,32.44
view1,39,view2,13,0.9877,48.96
view1,39,view2,14,0.9995,31.88
view1,39,view2,15,0.9965,44.2
view1,39,view2,16,0.9972,40.08
view1,39,view2,17,0.9984,38.2
view1,39,view2,18,0.999,4.12
view1,39,view2,19,0.9988,26.88
view1,39,view2,20,0.9992,25.72
view1,39,view2,21,0.9988,14.4
view1,39,view2,23,0.9993,0.0
view1,39,view2,24,0.9963,18.92
view1,39,view2,25,0.9992,8.44
view1,39,view2,26,0.9986,11.0
view1,39,view2,28,0.9971,16.2
view1,39,view2,29,0.9985,0.0
view1,39,view2,30,0.9978,11.64
view1,39,view2,31,0.9984,9.88
view1,39,view2,32,0.9973,8.56
view1,39,view2,33,0.9994,6.32
view1,39,view2,34,0.9989,6.16
view1,39,view2,35,0.9986,0.0
view1,39,view2,36,0.9953,4.12
view1,39,view2,37,0.9959,3.36
view1,39,view2,38,0.9986,0.0
view1,39,view2,39,0.9942,0.0
view1,39,view2,42,0.997,0.0
view1,39,view2,43,0.9979,0.0
view1,39,view2,44,0.9959,0.0
view1,39,view2,45,0.999,0.0
view1,39,view2,46,0.999,1.12
view1,39,view2,47,0.9995,1.56
view1,39,view2,49,0.9993,7.4
view1,39,view2,50,0.9985,7.92
view1,39,view2,51,0.9986,9.44
view1,39,view2,52,0.9981,10.28
view1,39,view2,53,0.9993,10.76
view1,39,view2,54,0.9959,11.92
view1,39,view2,55,0.9985,14.8
view1,39,view2,56,0.9994,15.16
view1,39,view2,57,0.9977,15.92
view1,39,view2,58,0.9988,15.96
view1,39,view2,59,0.997,17.36
view1,39,view2,60,0.9985,19.6
view1,39,view2,61,0.9973,19.84
view1,39,view2,62,0.9952,25.32
view1,39,view2,63,0.9998,27.64
view1,39,view2,65,0.9994,27.96
view1,39,view2,66,0.9987,30.6
view1,39,view2,67,0.9937,31.12
view1,39,view2,68,0.9925,31.96
view1,39,view2,69,0.9914,34.48
view1,39,view2,70,0.9979,35.08
view1,39,view2,71,0.996,35.36
view1,39,view2,72,0.9984,36.92
view1,39,view2,73,0.9969,36.96
view1,39,view2,74,0.9992,38.36
view1,39,view2,75,0.9991,39.2
view1,39,view2,76,0.9982,42.2
view1,39,view2,77,0.995,44.04
view1,39,view2,78,0.9971,46.08
view1,39,view2,79,0.9994,46.68
view1,39,view2,80,0.999,49.4
view1,39,view2,82,0.9993,51.0
view1,39,view2,83,0.9995,52.32
view1,39,view2,84,0.9994,52.44
view1,39,view2,85,0.9951,54.44
view1,39,view2,86,0.9973,57.56
view1,39,view2,87,0.9994,58.64
view1,39,view2,88,0.9983,59.16
view1,39,view2,89,0.9972,59.24
view1,39,view2,91,0.9978,63.28
view1,39,view2,92,0.9972,65.68
view1,39,view2,93,0.9991,66.64
view1,39,view2,94,0.9978,68.12
view1,39,view2,95,0.9988,69.12
view1,39,view2,96,0.9966,69.4
view1,39,view2,97,0.9985,73.8
view1,39,view3,1,0.998,42.72
view1,39,view3,2,0.9966,66.04
view1,39,view3,3,0.9989,42.12
view1,39,view3,4,0.9994,50.84
view1,39,view3,6,0.999,45.76
view1,39,view3,7,0.9979,43.44
view1,39,view3,8,0.9989,34.0
view1,39,view3,9,0.9986,37.36
view1,39,view3,11,0.9991,15.72
view1,39,view3,12,0.9984,17.48
view1,39,view3,13,0.9969,32.24
view1,39,view3,14,0.9987,7.8
view1,39,view3,15,0.9991,21.16
view1,39,view3,16,0.9981,4.84
view1,39,view3,17,0.9995,11.96
view1,39,view3,18,0.9981,17.44
view1,39,view3,19,0.9969,0.0
view1,39,view3,20,0.999,8.32
view1,39,view3,21,0.9989,8.68
view1,39,view3,22,0.9974,0.0
view1,39,view3,23,0.9979,0.0
view1,39,view3,24,0.9984,0.0
view1,39,view3,25,0.998,0.0
view1,39,view3,27,0.9996,0.0
view1,39,view3,28,0.9981,0.0
view1,39,view3,29,0.999,0.88
view1,39,view3,30,0.9987,3.24
view1,39,view3,31,0.999,5.52
view1,39,view3,32,0.9989,6.52
view1,39,view3,33,0.993,9.56
view1,39,view3,34,0.9989,11.12
view1,39,view3,36,0.9985,17.16
view1,39,view3,37,0.9971,17.76
view1,39,view3,38,0.999,20.8
view1,39,view3,39,0.9995,22.8
view1,39,view3,40,0.9979,23.24
view1,39,view3,42,0.997,25.68
view1,39,view3,43,0.9989,30.28
view1,39,view3,45,0.9985,32.04
view1,39,view3,46,0.9976,32.36
view1,39,view3,47,0.998,33.72
view1,39,view3,48,0.9988,33.92
view1,39,view3,49,0.999,35.56
view1,39,view3,50,0.9987,36.6
view1,39,view3,51,0.9987,40.32
view1,39,view3,52,0.9975,40.6
view1,39,view3,54,0.9992,42.16
view1,39,view3,55,0.9967,42.96
view1,39,view3,56,0.997,48.6
view1,39,view3,57,0.9978,52.68
view1,39,view3,58,0.9963,53.76
view1,39,view3,59,0.9989,55.32
view1,39,view3,61,0.9994,59.52
view1,39,view3,62,0.9986,61.36
view1,39,view3,64,0.9988,67.52
view1,39,view3,65,0.998,68.0
view1,39,view3,66,0.9982,70.08
view1,39,view3,67,0.9986,73.84
view1,39,view3,68,0.9993,74.96
view1,40,view2,1,0.9978,0.0
view1,40,view2,2,0.9985,56.36
view1,40,view2,4,0.9944,64.88
view1,40,view2,5,0.9949,56.12
view1,40,view2,7,0.9855,59.04
view1,40,view2,8,0.9993,20.64
view1,40,view2,10,0.998,33.0
view1,40,view2,13,0.9865,49.52
view1,40,view2,14,0.9984,32.44
view1,40,view2,15,0.9954,44.76
view1,40,view2,16,0.996,40.64
view1,40,view2,17,0.9965,38.76
view1,40,view2,18,0.9982,4.68
view1,40,view2,19,0.9971,27.44
view1,40,view2,20,0.9988,26.28
view1,40,view2,21,0.9972,14.96
view1,40,view2,23,0.9986,0.0
view1,40,view2,24,0.996,19.48
view1,40,view2,25,0.9988,9.0
view1,40,view2,26,0.9981,11.56
view1,40,view2,28,0.9954,16.76
view1,40,view2,29,0.9984,0.0
view1,40,view2,30,0.9964,12.2
view1,40,view2,31,0.997,10.44
view1,40,view2,32,0.996,9.12
view1,40,view2,33,0.9975,6.88
view1,40,view2,34,0.9974,6.72
view1,40,view2,35,0.9991,0.0
view1,40,view2,36,0.9933,4.68
view1,40,view2,37,0.9948,3.92
view1,40,view2,38,0.9976,0.0
view1,40,view2,39,0.9928,0.48
view1,40,view2,42,0.9979,0.0
view1,40,view2,43,0.9969,0.0
view1,40,view2,44,0.9952,0.0
view1,40,view2,45,0.9974,0.0
view1,40,view2,46,0.9979,0.0
view1,40,view2,47,0.9982,0.0
view1,40,view2,49,0.9983,0.0
view1,40,view2,50,0.9971,0.0
view1,40,view2,51,0.9979,0.0
view1,40,view2,52,0.9982,0.0
view1,40,view2,53,0.9992,0.0
view1,40,view2,54,0.9963,0.0
view1,40,view2,55,0.9973,1.28
view1,40,view2,56,0.9973,1.64
view1,40,view2,57,0.9955,2.4
view1,40,view2,58,0.9972,2.44
view1,40,view2,59,0.9987,3.84
view1,40,view2,60,0.9992,6.08
view1,40,view2,61,0.9953,6.32
view1,40,view2,62,0.995,11.8
view1,40,view2,63,0.998,14.12
view1,40,view2,65,0.9993,14.44
view1,40,view2,66,0.9972,17.08
view1,40,view2,67,0.9924,17.6
view1,40,view2,68,0.9908,18.44
view1,40,view2,69,0.9911,20.96
view1,40,view2,70,0.9969,21.56
view1,40,view2,71,0.9972,21.84
view1,40,view2,72,0.9975,23.4
view1,40,view2,73,0.9956,23.44
view1,40,view2,74,0.9978,24.84
view1,40,view2,75,0.9984,25.68
view1,40,view2,76,0.9957,28.68
view1,40,view2,77,0.994,30.52
view1,40,view2,78,0.9961,32.56
view1,40,view2,79,0.9984,33.16
view1,40,view2,80,0.9971,35.88
view1,40,view2,82,0.9989,37.48
view1,40,view2,83,0.999,38.8
view1,40,view2,84,0.9986,38.92
view1,40,view2,85,0.9928,40.92
view1,40,view2,86,0.9975,44.04
view1,40,view2,87,0.9983,45.12
view1,40,view2,88,0.9996,45.64
view1,40,view2,89,0.9961,45.72
view1,40,view2,91,0.9981,49.76
view1,40,view2,92,0.9964,52.16
view1,40,view2,93,0.9972,53.12
view1,40,view2,94,0.9957,54.6
view1,40,view2,95,0.9962,55.6
view1,40,view2,96,0.9952,55.88
view1,40,view2,97,0.9967,60.28
view1,40,view3,1,0.9994,43.28
view1,40,view3,2,0.9984,66.6
view1,40,view3,3,0.9989,42.68
view1,40,view3,4,0.998,51.4
view1,40,view3,6,0.9976,46.32
view1,40,view3,7,0.997,44.0
view1,40,view3,8,0.9967,34.56
view1,40,view3,9,0.9985,37.92
view1,40,view3,11,0.9988,16.28
view1,40,view3,12,0.9993,18.04
view1,40,view3,13,0.9941,32.8
view1,40,view3,14,0.9977,8.36
view1,40,view3,15,0.9982,21.72
view1,40,view3,16,0.9967,5.4
view1,40,view3,17,0.9985,12.52
view1,40,view3,18,0.9984,18.0
view1,40,view3,19,0.9986,0.0
view1,40,view3,20,0.9984,8.88
view1,40,view3,21,0.997,9.24
view1,40,view3,22,0.9957,0.0
view1,40,view3,23,0.9984,0.0
view1,40,view3,24,0.9975,0.0
view1,40,view3,25,0.9967,0.48
view1,40,view3,27,0.9981,0.0
view1,40,view3,28,0.9967,0.0
view1,40,view3,29,0.9975,0.0
view1,40,view3,30,0.9977,0.0
view1,40,view3,31,0.9981,0.0
view1,40,view3,32,0.9981,0.0
view1,40,view3,33,0.9969,0.0
view1,40,view3,34,0.9976,0.0
view1,40,view3,36,0.9975,3.64
view1,40,view3,37,0.9982,4.24
view1,40,view3,38,0.9975,7.28
view1,40,view3,39,0.9984,9.28
view1,40,view3,40,0.9973,9.72
view1,40,view3,42,0.994,12.16
view1,40,view3,43,0.9976,16.76
view1,40,view3,45,0.9991,18.52
view1,40,view3,46,0.9952,18.84
view1,40,view3,47,0.9964,20.2
view1,40,view3,48,0.9968,20.4
view1,40,view3,49,0.9978,22.04
view1,40,view3,50,0.9986,23.08
view1,40,view3,51,0.9973,26.8
view1,40,view3,52,0.9985,27.08
view1,40,view3,54,0.9982,28.64
view1,40,view3,55,0.9966,29.44
view1,40,view3,56,0.9982,35.08
view1,40,view3,57,0.9984,39.16
view1,40,view3,58,0.9955,40.24
view1,40,view3,59,0.9969,41.8
view1,40,view3,61,0.9985,46.0
view1,40,view3,62,0.9974,47.84
view1,40,view3,64,0.9985,54.0
view1,40,view3,65,0.9979,54.48
view1,40,view3,66,0.9973,56.56
view1,40,view3,67,0.9974,60.32
view1,40,view3,68,0.9977,61.44
view1,42,view2,1,0.9993,0.0
view1,42,view2,2,0.9963,57.28
view1,42,view2,4,0.9933,65.8
view1,42,view2,5,0.9987,57.04
view1,42,view2,7,0.9924,59.96
view1,42,view2,8,0.9939,21.56
view1,42,view2,10,0.9987,33.92
view1,42,view2,13,0.9928,50.44
view1,42,view2,14,0.9988,33.36
view1,42,view2,15,0.9944,45.68
view1,42,view2,16,0.999,41.56
view1,42,view2,17,0.9987,39.68
view1,42,view2,18,0.999,5.6
view1,42,view2,19,0.999,28.36
view1,42,view2,20,0.9978,27.2
view1,42,view2,21,0.9989,15.88
view1,42,view2,23,0.9991,0.0
view1,42,view2,24,0.9975,20.4
view1,42,view2,25,0.9975,9.92
view1,42,view2,26,0.9964,12.48
view1,42,view2,28,0.9984,17.68
view1,42,view2,29,0.9988,0.0
view1,42,view2,30,0.9989,13.12
view1,42,view2,31,0.9987,11.36
view1,42,view2,32,0.9989,10.04
view1,42,view2,33,0.999,7.8
view1,42,view2,34,0.9988,7.64
view1,42,view2,35,0.9959,0.0
view1,42,view2,36,0.9983,5.6
view1,42,view2,37,0.997,4.84
view1,42,view2,38,0.9984,0.0
view1,42,view2,39,0.9956,1.4
view1,42,view2,42,0.9945,1.08
view1,42,view2,43,0.9986,2.24
view1,42,view2,44,0.9967,2.6
view1,42,view2,45,0.9988,2.96
view1,42,view2,46,0.9985,4.48
view1,42,view2,47,0.9991,4.92
view1,42,view2,49,0.9988,10.76
view1,42,view2,50,0.9988,11.28
view1,42,view2,51,0.9991,12.8
view1,42,view2,52,0.9959,13.64
view1,42,view2,53,0.9974,14.12
view1,42,view2,54,0.9957,15.28
view1,42,view2,55,0.9985,18.16
view1,42,view2,56,0.9986,18.52
view1,42,view2,57,0.998,19.28
view1,42,view2,58,0.9989,19.32
view1,42,view2,59,0.9935,20.72
view1,42,view2,60,0.997,22.96
view1,42,view2,61,0.9989,23.2
view1,42,view2,62,0.9962,28.68
view1,42,view2,63,0.9984,31.0
view1,42,view2,65,0.9977,31.32
view1,42,view2,66,0.9994,33.96
view1,42,view2,67,0.997,34.48
view1,42,view2,68,0.9968,35.32
view1,42,view2,69,0.9947,37.84
view1,42,view2,70,0.999,38.44
view1,42,view2,71,0.9944,38.72
view1,42,view2,72,0.9989,40.28
view1,42,view2,73,0.9974,40.32
view1,42,view2,74,0.9985,41.72
view1,42,view2,75,0.9983,42.56
view1,42,view2,76,0.9987,45.56
view1,42,view2,77,0.9957,47.4
view1,42,view2,78,0.9988,49.44
view1,42,view2,79,0.9985,50.04
view1,42,view2,80,0.9979,52.76
view1,42,view2,82,0.9979,54.36
view1,42,view2,83,0.9988,55.68
view1,42,view2,84,0.9981,55.8
view1,42,view2,85,0.9967,57.8
view1,42,view2,86,0.996,60.92
view1,42,view2,87,0.9992,62.0
view1,42,view2,88,0.9962,62.52
view1,42,view2,89,0.9976,62.6
view1,42,view2,91,0.9972,66.64
view1,42,view2,92,0.9974,69.04
view1,42,view2,93,0.9984,70.0
view1,42,view2,94,0.9993,71.48
view1,42,view2,95,0.999,72.48
view1,42,view2,96,0.9969,72.76
view1,42,view2,97,0.9992,77.16
view1,42,view3,1,0.9955,44.2
view1,42,view3,2,0.9928,67.52
view1,42,view3,3,0.9977,43.6
view1,42,view3,4,0.9985,52.32
view1,42,view3,6,0.9976,47.24
view1,42,view3,7,0.9958,44.92
view1,42,view3,8,0.9975,35.48
view1,42,view3,9,0.9971,38.84
view1,42,view3,11,0.9968,17.2
view1,42,view3,12,0.9962,18.96
view1,42,view3,13,0.9942,33.72
view1,42,view3,14,0.9963,9.28
view1,42,view3,15,0.9968,22.64
view1,42,view3,16,0.9988,6.32
view1,42,view3,17,0.9982,13.44
view1,42,view3,18,0.9951,18.92
view1,42,view3,19,0.9932,0.0
view1,42,view3,20,0.9965,9.8
view1,42,view3,21,0.9973,10.16
view1,42,view3,22,0.9942,0.68
view1,42,view3,23,0.9947,0.0
view1,42,view3,24,0.9983,0.0
view1,42,view3,25,0.9983,1.4
view1,42,view3,27,0.9982,1.68
view1,42,view3,28,0.9963,1.76
view1,42,view3,29,0.9979,4.24
view1,42,view3,30,0.9987,6.6
view1,42,view3,31,0.9959,8.88
view1,42,view3,32,0.9978,9.88
view1,42,view3,33,0.9902,12.92
view1,42,view3,34,0.9961,14.48
view1,42,view3,36,0.9952,20.52
view1,42,view3,37,0.9933,21.12
view1,42,view3,38,0.9974,24.16
view1,42,view3,39,0.9983,26.16
view1,42,view3,40,0.9945,26.6
view1,42,view3,42,0.9941,29.04
view1,42,view3,43,0.9985,33.64
view1,42,view3,45,0.9962,35.4
view1,42,view3,46,0.997,35.72
view1,42,view3,47,0.9989,37.08
view1,42,view3,48,0.9969,37.28
view1,42,view3,49,0.9988,38.92
view1,42,view3,50,0.9978,39.96
view1,42,view3,51,0.9989,43.68
view1,42,view3,52,0.994,43.96
view1,42,view3,54,0.9966,45.52
view1,42,view3,55,0.9972,46.32
view1,42,view3,56,0.9932,51.96
view1,42,view3,57,0.9944,56.04
view1,42,view3,58,0.9951,57.12
view1,42,view3,59,0.9968,58.68
view1,42,view3,61,0.9975,62.88
view1,42,view3,62,0.9973,64.72
view1,42,view3,64,0.9968,70.88
view1,42,view3,65,0.9948,71.36
view1,42,view3,66,0.998,73.44
view1,42,view3,67,0.998,77.2
view1,42,view3,68,0.9983,78.32
view1,44,view2,1,0.9975,0.0
view1,44,view2,2,0.9965,58.68
view1,44,view2,4,0.9942,67.2
view1,44,view2,5,0.9943,58.44
view1,44,view2,7,0.9837,61.36
view1,44,view2,8,0.9964,22.96
view1,44,view2,10,0.9982,35.32
view1,44,view2,13,0.9847,51.84
view1,44,view2,14,0.9977,34.76
view1,44,view2,15,0.9935,47.08
view1,44,view2,16,0.9946,42.96
view1,44,view2,17,0.9957,41.08
view1,44,view2,18,0.9979,7.0
view1,44,view2,19,0.9972,29.76
view1,44,view2,20,0.9986,28.6
view1,44,view2,21,0.9963,17.28
view1,44,view2,23,0.9976,0.0
view1,44,view2,24,0.9952,21.8
view1,44,view2,25,0.9992,11.32
view1,44,view2,26,0.9995,13.88
view1,44,view2,28,0.9959,19.08
view1,44,view2,29,0.9963,0.0
view1,44,view2,30,0.9959,14.52
view1,44,view2,31,0.9965,12.76
view1,44,view2,32,0.9951,11.44
view1,44,view2,33,0.9972,9.2
view1,44,view2,34,0.9969,9.04
view1,44,view2,35,0.9976,0.0
view1,44,view2,36,0.9925,7.0
view1,44,view2,37,0.993,6.24
view1,44,view2,38,0.9972,0.0
view1,44,view2,39,0.991,2.8
view1,44,view2,42,0.9986,0.0
view1,44,view2,43,0.9955,0.68
view1,44,view2,44,0.9934,1.04
view1,44,view2,45,0.9969,1.4
view1,44,view2,46,0.997,2.92
view1,44,view2,47,0.9984,3.36
view1,44,view2,49,0.9978,9.2
view1,44,view2,50,0.9961,9.72
view1,44,view2,51,0.9976,11.24
view1,44,view2,52,0.9983,12.08
view1,44,view2,53,0.9981,12.56
view1,44,view2,54,0.9969,13.72
view1,44,view2,55,0.998,16.6
view1,44,view2,56,0.9975,16.96
view1,44,view2,57,0.9962,17.72
view1,44,view2,58,0.9974,17.76
view1,44,view2,59,0.9962,19.16
view1,44,view2,60,0.9978,21.4
view1,44,view2,61,0.9952,21.64
view1,44,view2,62,0.9937,27.12
view1,44,view2,63,0.9983,29.44
view1,44,view2,65,0.9978,29.76
view1,44,view2,66,0.9964,32.4
view1,44,view2,67,0.991,32.92
view1,44,view2,68,0.9897,33.76
view1,44,view2,69,0.9899,36.28
view1,44,view2,70,0.9964,36.88
view1,44,view2,71,0.9966,37.16
view1,44,view2,72,0.9965,38.72
view1,44,view2,73,0.9944,38.76
view1,44,view2,74,0.9971,40.16
view1,44,view2,75,0.9977,41.0
view1,44,view2,76,0.9963,44.0
view1,44,view2,77,0.9921,45.84
view1,44,view2,78,0.9945,47.88
view1,44,view2,79,0.9981,48.48
view1,44,view2,80,0.9964,51.2
view1,44,view2,82,0.9989,52.8
view1,44,view2,83,0.9979,54.12
view1,44,view2,84,0.998,54.24
view1,44,view2,85,0.9932,56.24
view1,44,view2,86,0.9978,59.36
view1,44,view2,87,0.9981,60.44
view1,44,view2,88,0.9975,60.96
view1,44,view2,89,0.9943,61.04
view1,44,view2,91,0.9966,65.08
view1,44,view2,92,0.9949,67.48
view1,44,view2,93,0.9975,68.44
view1,44,view2,94,0.995,69.92
view1,44,view2,95,0.9973,70.92
view1,44,view2,96,0.994,71.2
view1,44,view2,97,0.996,75.6
view1,44,view3,1,0.9964,45.6
view1,44,view3,2,0.9951,68.92
view1,44,view3,3,0.9977,45.0
view1,44,view3,4,0.9976,53.72
view1,44,view3,6,0.9981,48.64
view1,44,view3,7,0.9959,46.32
view1,44,view3,8,0.9969,36.88
view1,44,view3,9,0.9971,40.24
view1,44,view3,11,0.9989,18.6
view1,44,view3,12,0.9971,20.36
view1,44,view3,13,0.9958,35.12
view1,44,view3,14,0.9965,10.68
view1,44,view3,15,0.9984,24.04
view1,44,view3,16,0.9962,7.72
view1,44,view3,17,0.9979,14.84
view1,44,view3,18,0.9969,20.32
view1,44,view3,19,0.9955,0.0
view1,44,view3,20,0.9982,11.2
view1,44,view3,21,0.9972,11.56
view1,44,view3,22,0.9955,2.08
view1,44,view3,23,0.9987,0.0
view1,44,view3,24,0.9963,0.0
view1,44,view3,25,0.996,2.8
view1,44,view3,27,0.998,0.12
view1,44,view3,28,0.9971,0.2
view1,44,view3,29,0.9972,2.68
view1,44,view3,30,0.9981,5.04
view1,44,view3,31,0.9979,7.32
view1,44,view3,32,0.9978,8.32
view1,44,view3,33,0.9916,11.36
view1,44,view3,34,0.9982,12.92
view1,44,view3,36,0.9979,18.96
view1,44,view3,37,0.9954,19.56
view1,44,view3,38,0.9968,22.6
view1,44,view3,39,0.9978,24.6
view1,44,view3,40,0.997,25.04
view1,44,view3,42,0.9954,27.48
view1,44,view3,43,0.9968,32.08
view1,44,view3,45,0.9971,33.84
view1,44,view3,46,0.995,34.16
view1,44,view3,47,0.9954,35.52
view1,44,view3,48,0.997,35.72
view1,44,view3,49,0.9971,37.36
view1,44,view3,50,0.9985,38.4
view1,44,view3,51,0.9971,42.12
view1,44,view3,52,0.9965,42.4
view1,44,view3,54,0.9982,43.96
view1,44,view3,55,0.9962,44.76
view1,44,view3,56,0.9955,50.4
view1,44,view3,57,0.9964,54.48
view1,44,view3,58,0.9959,55.56
view1,44,view3,59,0.9975,57.12
view1,44,view3,61,0.9984,61.32
view1,44,view3,62,0.996,63.16
view1,44,view3,64,0.9979,69.32
view1,44,view3,65,0.9978,69.8
view1,44,view3,66,0.996,71.88
view1,44,view3,67,0.9972,75.64
view1,44,view3,68,0.9975,76.76
view1,45,view2,1,0.9983,0.0
view1,45,view2,2,0.9991,61.52
view1,45,view2,4,0.9983,70.04
view1,45,view2,5,0.9956,61.28
view1,45,view2,7,0.9836,64.2
view1,45,view2,8,0.9979,25.8
view1,45,view2,10,0.9994,38.16
view1,45,view2,13,0.9842,54.68
view1,45,view2,14,0.9992,37.6
view1,45,view2,15,0.9982,49.92
view1,45,view2,16,0.9956,45.8
view1,45,view2,17,0.9977,43.92
view1,45,view2,18,0.9977,9.84
view1,45,view2,19,0.9983,32.6
view1,45,view2,20,0.9979,31.44
view1,45,view2,21,0.998,20.12
view1,45,view2,23,0.9986,2.48
view1,45,view2,24,0.9948,24.64
view1,45,view2,25,0.9988,14.16
view1,45,view2,26,0.9983,16.72
view1,45,view2,28,0.9964,21.92
view1,45,view2,29,0.9973,1.0
view1,45,view2,30,0.9959,17.36
view1,45,view2,31,0.998,15.6
view1,45,view2,32,0.9957,14.28
view1,45,view2,33,0.9985,12.04
view1,45,view2,34,0.9975,11.88
view1,45,view2,35,0.9993,0.0
view1,45,view2,36,0.9934,9.84
view1,45,view2,37,0.993,9.08
view1,45,view2,38,0.9978,0.92
view1,45,view2,39,0.9907,5.64
view1,45,view2,42,0.9966,2.48
view1,45,view2,43,0.9958,0.0
view1,45,view2,44,0.993,0.0
view1,45,view2,45,0.9989,0.0
view1,45,view2,46,0.9988,0.0
view1,45,view2,47,0.9988,0.0
view1,45,view2,49,0.9989,0.0
view1,45,view2,50,0.997,0.0
view1,45,view2,51,0.9973,0.0
view1,45,view2,52,0.997,0.0
view1,45,view2,53,0.9985,0.24
view1,45,view2,54,0.9943,1.4
view1,45,view2,55,0.9974,4.28
view1,45,view2,56,0.999,4.64
view1,45,view2,57,0.9976,5.4
view1,45,view2,58,0.9983,5.44
view1,45,view2,59,0.9976,6.84
view1,45,view2,60,0.9975,9.08
view1,45,view2,61,0.9961,9.32
view1,45,view2,62,0.9925,14.8
view1,45,view2,63,0.9994,17.12
view1,45,view2,65,0.9991,17.44
view1,45,view2,66,0.9973,20.08
view1,45,view2,67,0.9912,20.6
view1,45,view2,68,0.9903,21.44
view1,45,view2,69,0.9881,23.96
view1,45,view2,70,0.9968,24.56
view1,45,view2,71,0.9954,24.84
view1,45,view2,72,0.9971,26.4
view1,45,view2,73,0.9944,26.44
view1,45,view2,74,0.999,27.84
view1,45,view2,75,0.9976,28.68
view1,45,view2,76,0.9975,31.68
view1,45,view2,77,0.9917,33.52
view1,45,view2,78,0.9954,35.56
view1,45,view2,79,0.9991,36.16
view1,45,view2,80,0.9992,38.88
view1,45,view2,82,0.9989,40.48
view1,45,view2,83,0.999,41.8
view1,45,view2,84,0.9993,41.92
view1,45,view2,85,0.9944,43.92
view1,45,view2,86,0.9957,47.04
view1,45,view2,87,0.9983,48.12
view1,45,view2,88,0.9975,48.64
view1,45,view2,89,0.9955,48.72
view1,45,view2,91,0.9977,52.76
view1,45,view2,92,0.9945,55.16
view1,45,view2,93,0.9993,56.12
view1,45,view2,94,0.9967,57.6
view1,45,view2,95,0.9984,58.6
view1,45,view2,96,0.9936,58.88
view1,45,view2,97,0.9974,63.28
view1,45,view3,1,0.9976,48.44
view1,45,view3,2,0.9977,71.76
view1,45,view3,3,0.999,47.84
view1,45,view3,4,0.999,56.56
view1,45,view3,6,0.9988,51.48
view1,45,view3,7,0.9992,49.16
view1,45,view3,8,0.9995,39.72
view1,45,view3,9,0.9988,43.08
view1,45,view3,11,0.999,21.44
view1,45,view3,12,0.9986,23.2
view1,45,view3,13,0.9982,37.96
view1,45,view3,14,0.9995,13.52
view1,45,view3,15,0.9992,26.88
view1,45,view3,16,0.9975,10.56
view1,45,view3,17,0.9994,17.68
view1,45,view3,18,0.9985,23.16
view1,45,view3,19,0.9979,0.0
view1,45,view3,20,0.9984,14.04
view1,45,view3,21,0.9992,14.4
view1,45,view3,22,0.999,4.92
view1,45,view3,23,0.9983,0.0
view1,45,view3,24,0.9977,1.12
view1,45,view3,25,0.9977,5.64
view1,45,view3,27,0.9993,0.0
view1,45,view3,28,0.9986,1.44
view1,45,view3,29,0.9995,0.0
view1,45,view3,30,0.9984,0.0
view1,45,view3,31,0.9994,0.0
view1,45,view3,32,0.9987,0.0
view1,45,view3,33,0.993,0.0
view1,45,view3,34,0.9994,0.6
view1,45,view3,36,0.999,6.64
view1,45,view3,37,0.9983,7.24
view1,45,view3,38,0.9993,10.28
view1,45,view3,39,0.9993,12.28
view1,45,view3,40,0.9988,12.72
view1,45,view3,42,0.9981,15.16
view1,45,view3,43,0.999,19.76
view1,45,view3,45,0.9992,21.52
view1,45,view3,46,0.9973,21.84
view1,45,view3,47,0.9972,23.2
view1,45,view3,48,0.9994,23.4
view1,45,view3,49,0.9989,25.04
view1,45,view3,50,0.9985,26.08
view1,45,view3,51,0.9984,29.8
view1,45,view3,52,0.9984,30.08
view1,45,view3,54,0.9994,31.64
view1,45,view3,55,0.9961,32.44
view1,45,view3,56,0.9982,38.08
view1,45,view3,57,0.999,42.16
view1,45,view3,58,0.996,43.24
view1,45,view3,59,0.9994,44.8
view1,45,view3,61,0.9997,49.0
view1,45,view3,62,0.9989,50.84
view1,45,view3,64,0.9993,57.0
view1,45,view3,65,0.9988,57.48
view1,45,view3,66,0.997,59.56
view1,45,view3,67,0.9986,63.32
view1,45,view3,68,0.9985,64.44
view1,46,view2,1,0.9995,0.0
view1,46,view2,2,0.997,62.12
view1,46,view2,4,0.9933,70.64
view1,46,view2,5,0.9983,61.88
view1,46,view2,7,0.9916,64.8
view1,46,view2,8,0.9954,26.4
view1,46,view2,10,0.9986,38.76
view1,46,view2,13,0.9922,55.28
view1,46,view2,14,0.9991,38.2
view1,46,view2,15,0.9944,50.52
view1,46,view2,16,0.9989,46.4
view1,46,view2,17,0.9984,44.52
view1,46,view2,18,0.9993,10.44
view1,46,view2,19,0.9989,33.2
view1,46,view2,20,0.9988,32.04
view1,46,view2,21,0.9992,20.72
view1,46,view2,23,0.9993,3.08
view1,46,view2,24,0.9977,25.24
view1,46,view2,25,0.9983,14.76
view1,46,view2,26,0.9974,17.32
view1,46,view2,28,0.9982,22.52
view1,46,view2,29,0.9991,1.6
view1,46,view2,30,0.9989,17.96
view1,46,view2,31,0.9983,16.2
view1,46,view2,32,0.9992,14.88
view1,46,view2,33,0.9993,12.64
view1,46,view2,34,0.9987,12.48
view1,46,view2,35,0.9966,0.0
view1,46,view2,36,0.9978,10.44
view1,46,view2,37,0.9973,9.68
view1,46,view2,38,0.9991,1.52
view1,46,view2,39,0.9962,6.24
view1,46,view2,42,0.9959,3.08
view1,46,view2,43,0.9988,0.0
view1,46,view2,44,0.9972,0.0
view1,46,view2,45,0.9987,0.0
view1,46,view2,46,0.9985,0.0
view1,46,view2,47,0.9991,0.0
view1,46,view2,49,0.999,0.0
view1,46,view2,50,0.9991,0.0
view1,46,view2,51,0.9993,1.32
view1,46,view2,52,0.9969,2.16
view1,46,view2,53,0.998,2.64
view1,46,view2,54,0.9969,3.8
view1,46,view2,55,0.9988,6.68
view1,46,view2,56,0.9986,7.04
view1,46,view2,57,0.9982,7.8
view1,46,view2,58,0.9982,7.84
view1,46,view2,59,0.995,9.24
view1,46,view2,60,0.9981,11.48
view1,46,view2,61,0.9988,11.72
view1,46,view2,62,0.9967,17.2
view1,46,view2,63,0.9986,19.52
view1,46,view2,65,0.9983,19.84
view1,46,view2,66,0.9995,22.48
view1,46,view2,67,0.9968,23.0
view1,46,view2,68,0.9956,23.84
view1,46,view2,69,0.9943,26.36
view1,46,view2,70,0.9985,26.96
view1,46,view2,71,0.9949,27.24
view1,46,view2,72,0.9993,28.8
view1,46,view2,73,0.9977,28.84
view1,46,view2,74,0.9988,30.24
view1,46,view2,75,0.9989,31.08
view1,46,view2,76,0.9987,34.08
view1,46,view2,77,0.9966,35.92
view1,46,view2,78,0.9987,37.96
view1,46,view2,79,0.9988,38.56
view1,46,view2,80,0.9979,41.28
view1,46,view2,82,0.9988,42.88
view1,46,view2,83,0.9992,44.2
view1,46,view2,84,0.9987,44.32
view1,46,view2,85,0.9969,46.32
view1,46,view2,86,0.9968,49.44
view1,46,view2,87,0.9996,50.52
view1,46,view2,88,0.9975,51.04
view1,46,view2,89,0.9986,51.12
view1,46,view2,91,0.9976,55.16
view1,46,view2,92,0.9978,57.56
view1,46,view2,93,0.9982,58.52
view1,46,view2,94,0.9986,60.0
view1,46,view2,95,0.9986,61.0
view1,46,view2,96,0.9969,61.28
view1,46,view2,97,0.9994,65.68
view1,46,view3,1,0.9971,49.04
view1,46,view3,2,0.9945,72.36
view1,46,view3,3,0.9985,48.44
view1,46,view3,4,0.999,57.16
view1,46,view3,6,0.9981,52.08
view1,46,view3,7,0.9959,49.76
view1,46,view3,8,0.9974,40.32
view1,46,view3,9,0.998,43.68
view1,46,view3,11,0.9978,22.04
view1,46,view3,12,0.9972,23.8
view1,46,view3,13,0.9937,38.56
view1,46,view3,14,0.9967,14.12
view1,46,view3,15,0.9976,27.48
view1,46,view3,16,0.9989,11.16
view1,46,view3,17,0.9989,18.28
view1,46,view3,18,0.9964,23.76
view1,46,view3,19,0.9948,0.0
view1,46,view3,20,0.9977,14.64
view1,46,view3,21,0.9976,15.0
view1,46,view3,22,0.9943,5.52
view1,46,view3,23,0.996,0.0
view1,46,view3,24,0.9987,1.72
view1,46,view3,25,0.9985,6.24
view1,46,view3,27,0.9987,0.0
view1,46,view3,28,0.996,2.04
view1,46,view3,29,0.9979,0.0
view1,46,view3,30,0.9988,0.0
view1,46,view3,31,0.997,0.0
view1,46,view3,32,0.9987,0.0
view1,46,view3,33,0.9929,1.44
view1,46,view3,34,0.9969,3.0
view1,46,view3,36,0.9964,9.04
view1,46,view3,37,0.9949,9.64
view1,46,view3,38,0.9979,12.68
view1,46,view3,39,0.9988,14.68
view1,46,view3,40,0.9958,15.12
view1,46,view3,42,0.9947,17.56
view1,46,view3,43,0.9987,22.16
view1,46,view3,45,0.9971,23.92
view1,46,view3,46,0.9976,24.24
view1,46,view3,47,0.9989,25.6
view1,46,view3,48,0.9972,25.8
view1,46,view3,49,0.9987,27.44
view1,46,view3,50,0.9985,28.48
view1,46,view3,51,0.9991,32.2
view1,46,view3,52,0.9953,32.48
view1,46,view3,54,0.9973,34.04
view1,46,view3,55,0.9978,34.84
view1,46,view3,56,0.9948,40.48
view1,46,view3,57,0.9954,44.56
view1,46,view3,58,0.9953,45.64
view1,46,view3,59,0.9972,47.2
view1,46,view3,61,0.9983,51.4
view1,46,view3,62,0.9974,53.24
view1,46,view3,64,0.9976,59.4
view1,46,view3,65,0.9962,59.88
view1,46,view3,66,0.9986,61.96
view1,46,view3,67,0.9983,65.72
view1,46,view3,68,0.9989,66.84
view1,47,view2,1,0.9975,0.0
view1,47,view2,2,0.9986,63.36
view1,47,view2,4,0.9954,71.88
view1,47,view2,5,0.9952,63.12
view1,47,view2,7,0.9853,66.04
view1,47,view2,8,0.9988,27.64
view1,47,view2,10,0.9976,40.0
view1,47,view2,13,0.9861,56.52
view1,47,view2,14,0.9982,39.44
view1,47,view2,15,0.9965,51.76
view1,47,view2,16,0.9959,47.64
view1,47,view2,17,0.9964,45.76
view1,47,view2,18,0.9975,11.68
view1,47,view2,19,0.9973,34.44
view1,47,view2,20,0.9977,33.28
view1,47,view2,21,0.9974,21.96
view1,47,view2,23,0.9983,4.32
view1,47,view2,24,0.9956,26.48
view1,47,view2,25,0.998,16.0
view1,47,view2,26,0.9972,18.56
view1,47,view2,28,0.996,23.76
view1,47,view2,29,0.9981,2.84
view1,47,view2,30,0.9959,19.2
view1,47,view2,31,0.9972,17.44
view1,47,view2,32,0.9958,16.12
view1,47,view2,33,0.9974,13.88
view1,47,view2,34,0.9969,13.72
view1,47,view2,35,0.9986,0.0
view1,47,view2,36,0.9937,11.68
view1,47,view2,37,0.9936,10.92
view1,47,view2,38,0.9972,2.76
view1,47,view2,39,0.9915,7.48
view1,47,view2,42,0.9962,4.32
view1,47,view2,43,0.9961,0.0
view1,47,view2,44,0.9935,0.0
view1,47,view2,45,0.9977,0.0
view1,47,view2,46,0.9976,0.0
view1,47,view2,47,0.9978,0.0
view1,47,view2,49,0.998,4.4
view1,47,view2,50,0.9964,4.92
view1,47,view2,51,0.9972,6.44
view1,47,view2,52,0.9968,7.28
view1,47,view2,53,0.9983,7.76
view1,47,view2,54,0.9951,8.92
view1,47,view2,55,0.9968,11.8
view1,47,view2,56,0.9972,12.16
view1,47,view2,57,0.9964,12.92
view1,47,view2,58,0.9971,12.96
view1,47,view2,59,0.9981,14.36
view1,47,view2,60,0.9981,16.6
view1,47,view2,61,0.9956,16.84
view1,47,view2,62,0.9933,22.32
view1,47,view2,63,0.9976,24.64
view1,47,view2,65,0.9987,24.96
view1,47,view2,66,0.9969,27.6
view1,47,view2,67,0.9923,28.12
view1,47,view2,68,0.9909,28.96
view1,47,view2,69,0.9899,31.48
view1,47,view2,70,0.9966,32.08
view1,47,view2,71,0.9959,32.36
view1,47,view2,72,0.9971,33.92
view1,47,view2,73,0.9942,33.96
view1,47,view2,74,0.9981,35.36
view1,47,view2,75,0.9973,36.2
view1,47,view2,76,0.9962,39.2
view1,47,view2,77,0.9926,41.04
view1,47,view2,78,0.9958,43.08
view1,47,view2,79,0.9982,43.68
view1,47,view2,80,0.9974,46.4
view1,47,view2,82,0.9983,48.0
view1,47,view2,83,0.9987,49.32
view1,47,view2,84,0.9986,49.44
view1,47,view2,85,0.9943,51.44
view1,47,view2,86,0.9958,54.56
view1,47,view2,87,0.9977,55.64
view1,47,view2,88,0.9984,56.16
view1,47,view2,89,0.9955,56.24
view1,47,view2,91,0.9982,60.28
view1,47,view2,92,0.9952,62.68
view1,47,view2,93,0.9972,63.64
view1,47,view2,94,0.996,65.12
view1,47,view2,95,0.9964,66.12
view1,47,view2,96,0.9937,66.4
view1,47,view2,97,0.9965,70.8
view1,47,view3,1,0.9984,50.28
view1,47,view3,2,0.9985,73.6
view1,47,view3,3,0.9992,49.68
view1,47,view3,4,0.9976,58.4
view1,47,view3,6,0.9968,53.32
view1,47,view3,7,0.9973,51.0
view1,47,view3,8,0.9971,41.56
view1,47,view3,9,0.9983,44.92
view1,47,view3,11,0.9979,23.28
view1,47,view3,12,0.9986,25.04
view1,47,view3,13,0.994,39.8
view1,47,view3,14,0.9978,15.36
view1,47,view3,15,0.9976,28.72
view1,47,view3,16,0.997,12.4
view1,47,view3,17,0.9986,19.52
view1,47,view3,18,0.9983,25.0
view1,47,view3,19,0.9986,0.0
view1,47,view3,20,0.9976,15.88
view1,47,view3,21,0.997,16.24
view1,47,view3,22,0.9961,6.76
view1,47,view3,23,0.9973,0.04
view1,47,view3,24,0.9971,2.96
view1,47,view3,25,0.9964,7.48
view1,47,view3,27,0.9978,0.0
view1,47,view3,28,0.996,3.28
view1,47,view3,29,0.9978,0.0
view1,47,view3,30,0.9976,0.24
view1,47,view3,31,0.9978,2.52
view1,47,view3,32,0.9979,3.52
view1,47,view3,33,0.9966,6.56
view1,47,view3,34,0.9973,8.12
view1,47,view3,36,0.9972,14.16
view1,47,view3,37,0.9984,14.76
view1,47,view3,38,0.9977,17.8
view1,47,view3,39,0.998,19.8
view1,47,view3,40,0.9973,20.24
view1,47,view3,42,0.9947,22.68
view1,47,view3,43,0.9979,27.28
view1,47,view3,45,0.9993,29.04
view1,47,view3,46,0.9956,29.36
view1,47,view3,47,0.9967,30.72
view1,47,view3,48,0.9968,30.92
view1,47,view3,49,0.9977,32.56
view1,47,view3,50,0.9984,33.6
view1,47,view3,51,0.9977,37.32
view1,47,view3,52,0.9981,37.6
view1,47,view3,54,0.9978,39.16
view1,47,view3,55,0.9967,39.96
view1,47,view3,56,0.9984,45.6
view1,47,view3,57,0.9984,49.68
view1,47,view3,58,0.9948,50.76
view1,47,view3,59,0.9969,52.32
view1,47,view3,61,0.9985,56.52
view1,47,view3,62,0.9976,58.36
view1,47,view3,64,0.9981,64.52
view1,47,view3,65,0.9975,65.0
view1,47,view3,66,0.9965,67.08
view1,47,view3,67,0.9977,70.84
view1,47,view3,68,0.9973,71.96
view1,48,view2,1,0.9991,0.0
view1,48,view2,2,0.9965,67.56
view1,48,view2,4,0.9921,76.08
view1,48,view2,5,0.9982,67.32
view1,48,view2,7,0.9926,70.24
view1,48,view2,8,0.9957,31.84
view1,48,view2,10,0.9984,44.2
view1,48,view2,13,0.9933,60.72
view1,48,view2,14,0.9989,43.64
view1,48,view2,15,0.9936,55.96
view1,48,view2,16,0.9991,51.84
view1,48,view2,17,0.9984,49.96
view1,48,view2,18,0.9996,15.88
view1,48,view2,19,0.9985,38.64
view1,48,view2,20,0.9989,37.48
view1,48,view2,21,0.9989,26.16
view1,48,view2,23,0.9994,8.52
view1,48,view2,24,0.9985,30.68
view1,48,view2,25,0.9982,20.2
view1,48,view2,26,0.9972,22.76
view1,48,view2,28,0.9979,27.96
view1,48,view2,29,0.9996,7.04
view1,48,view2,30,0.9991,23.4
view1,48,view2,31,0.9982,21.64
view1,48,view2,32,0.999,20.32
view1,48,view2,33,0.9988,18.08
view1,48,view2,34,0.9991,17.92
view1,48,view2,35,0.9965,0.0
view1,48,view2,36,0.9977,15.88
view1,48,view2,37,0.9982,15.12
view1,48,view2,38,0.9989,6.96
view1,48,view2,39,0.9969,11.68
view1,48,view2,42,0.9963,8.52
view1,48,view2,43,0.9995,1.2
view1,48,view2,44,0.9982,0.08
view1,48,view2,45,0.9984,3.96
view1,48,view2,46,0.9981,0.12
view1,48,view2,47,0.9991,0.0
view1,48,view2,49,0.999,0.0
view1,48,view2,50,0.9989,0.0
view1,48,view2,51,0.9996,0.0
view1,48,view2,52,0.9977,0.0
view1,48,view2,53,0.9985,0.0
view1,48,view2,54,0.9975,0.0
view1,48,view2,55,0.9987,0.0
view1,48,view2,56,0.9981,0.0
view1,48,view2,57,0.9968,0.0
view1,48,view2,58,0.9984,0.0
view1,48,view2,59,0.995,0.0
view1,48,view2,60,0.9988,0.0
view1,48,view2,61,0.9983,0.0
view1,48,view2,62,0.998,0.0
view1,48,view2,63,0.9982,0.0
view1,48,view2,65,0.9983,0.0
view1,48,view2,66,0.9994,0.56
view1,48,view2,67,0.9972,1.08
view1,48,view2,68,0.9962,1.92
view1,48,view2,69,0.9961,4.44
view1,48,view2,70,0.9989,5.04
view1,48,view2,71,0.9963,5.32
view1,48,view2,72,0.9992,6.88
view1,48,view2,73,0.9984,6.92
view1,48,view2,74,0.9982,8.32
view1,48,view2,75,0.9993,9.16
view1,48,view2,76,0.9976,12.16
view1,48,view2,77,0.9971,14.0
view1,48,view2,78,0.9992,16.04
view1,48,view2,79,0.9986,16.64
view1,48,view2,80,0.9973,19.36
view1,48,view2,82,0.9985,20.96
view1,48,view2,83,0.9991,22.28
view1,48,view2,84,0.9982,22.4
view1,48,view2,85,0.9959,24.4
view1,48,view2,86,0.998,27.52
view1,48,view2,87,0.9995,28.6
view1,48,view2,88,0.9983,29.12
view1,48,view2,89,0.998,29.2
view1,48,view2,91,0.9979,33.24
view1,48,view2,92,0.9989,35.64
view1,48,view2,93,0.9975,36.6
view1,48,view2,94,0.9985,38.08
view1,48,view2,95,0.9978,39.08
view1,48,view2,96,0.9982,39.36
view1,48,view2,97,0.9988,43.76
view1,48,view3,1,0.9975,54.48
view1,48,view3,2,0.9942,77.8
view1,48,view3,3,0.9981,53.88
view1,48,view3,4,0.9987,62.6
view1,48,view3,6,0.9979,57.52
view1,48,view3,7,0.9951,55.2
view1,48,view3,8,0.9964,45.76
view1,48,view3,9,0.9973,49.12
view1,48,view3,11,0.9977,27.48
view1,48,view3,12,0.9974,29.24
view1,48,view3,13,0.9924,44.0
view1,48,view3,14,0.996,19.56
view1,48,view3,15,0.9973,32.92
view1,48,view3,16,0.9987,16.6
view1,48,view3,17,0.9982,23.72
view1,48,view3,18,0.9958,29.2
view1,48,view3,19,0.9947,0.0
view1,48,view3,20,0.9976,20.08
view1,48,view3,21,0.9964,20.44
view1,48,view3,22,0.9934,10.96
view1,48,view3,23,0.9958,4.24
view1,48,view3,24,0.9987,7.16
view1,48,view3,25,0.9977,11.68
view1,48,view3,27,0.9983,0.0
view1,48,view3,28,0.9956,7.48
view1,48,view3,29,0.9972,0.0
view1,48,view3,30,0.9986,2.28
view1,48,view3,31,0.9961,0.0
view1,48,view3,32,0.9979,0.0
view1,48,view3,33,0.9936,0.0
view1,48,view3,34,0.996,0.0
view1,48,view3,36,0.9955,0.0
view1,48,view3,37,0.9944,0.0
view1,48,view3,38,0.9972,0.0
view1,48,view3,39,0.9984,0.0
view1,48,view3,40,0.9947,0.0
view1,48,view3,42,0.9926,0.0
view1,48,view3,43,0.9979,0.24
view1,48,view3,45,0.997,2.0
view1,48,view3,46,0.9963,2.32
view1,48,view3,47,0.9983,3.68
view1,48,view3,48,0.9964,3.88
view1,48,view3,49,0.9983,5.52
view1,48,view3,50,0.9984,6.56
view1,48,view3,51,0.9984,10.28
view1,48,view3,52,0.995,10.56
view1,48,view3,54,0.9967,12.12
view1,48,view3,55,0.998,12.92
view1,48,view3,56,0.9943,18.56
view1,48,view3,57,0.9951,22.64
view1,48,view3,58,0.9953,23.72
view1,48,view3,59,0.9965,25.28
view1,48,view3,61,0.9976,29.48
view1,48,view3,62,0.9968,31.32
view1,48,view3,64,0.997,37.48
view1,48,view3,65,0.9953,37.96
view1,48,view3,66,0.9987,40.04
view1,48,view3,67,0.9976,43.8
view1,48,view3,68,0.9985,44.92
view1,49,view2,1,0.9987,0.0
view1,49,view2,2,0.9954,71.16
view1,49,view2,4,0.9902,79.68
view1,49,view2,5,0.9981,70.92
view1,49,view2,7,0.9928,73.84
view1,49,view2,8,0.9945,35.44
view1,49,view2,10,0.9977,47.8
view1,49,view2,13,0.9936,64.32
view1,49,view2,14,0.9982,47.24
view1,49,view2,15,0.9917,59.56
view1,49,view2,16,0.9986,55.44
view1,49,view2,17,0.9979,53.56
view1,49,view2,18,0.9993,19.48
view1,49,view2,19,0.9977,42.24
view1,49,view2,20,0.9987,41.08
view1,49,view2,21,0.9982,29.76
view1,49,view2,23,0.9987,12.12
view1,49,view2,24,0.998,34.28
view1,49,view2,25,0.9979,23.8
view1,49,view2,26,0.9969,26.36
view1,49,view2,28,0.9973,31.56
view1,49,view2,29,0.9988,10.64
view1,49,view2,30,0.9992,27.0
view1,49,view2,31,0.9971,25.24
view1,49,view2,32,0.9988,23.92
view1,49,view2,33,0.9984,21.68
view1,49,view2,34,0.9986,21.52
view1,49,view2,35,0.9954,0.0
view1,49,view2,36,0.9974,19.48
view1,49,view2,37,0.9981,18.72
view1,49,view2,38,0.9988,10.56
view1,49,view2,39,0.9968,15.28
view1,49,view2,42,0.9962,12.12
view1,49,view2,43,0.9992,4.8
view1,49,view2,44,0.998,3.68
view1,49,view2,45,0.9975,7.56
view1,49,view2,46,0.9972,3.72
view1,49,view2,47,0.9986,0.0
view1,49,view2,49,0.9984,0.0
view1,49,view2,50,0.9984,2.32
view1,49,view2,51,0.9993,0.0
view1,49,view2,52,0.9972,0.0
view1,49,view2,53,0.9976,0.0
view1,49,view2,54,0.9979,0.0
view1,49,view2,55,0.9983,2.48
view1,49,view2,56,0.9972,2.84
view1,49,view2,57,0.9959,3.6
view1,49,view2,58,0.9975,3.64
view1,49,view2,59,0.9938,5.04
view1,49,view2,60,0.9983,7.28
view1,49,view2,61,0.9977,7.52
view1,49,view2,62,0.9985,13.0
view1,49,view2,63,0.9975,15.32
view1,49,view2,65,0.9974,15.64
view1,49,view2,66,0.9991,18.28
view1,49,view2,67,0.9971,18.8
view1,49,view2,68,0.9959,19.64
view1,49,view2,69,0.9963,22.16
view1,49,view2,70,0.9983,22.76
view1,49,view2,71,0.9955,23.04
view1,49,view2,72,0.9987,24.6
view1,49,view2,73,0.9982,24.64
view1,49,view2,74,0.997,26.04
view1,49,view2,75,0.9988,26.88
view1,49,view2,76,0.9968,29.88
view1,49,view2,77,0.9967,31.72
view1,49,view2,78,0.999,33.76
view1,49,view2,79,0.9978,34.36
view1,49,view2,80,0.9962,37.08
view1,49,view2,82,0.9982,38.68
view1,49,view2,83,0.9984,40.0
view1,49,view2,84,0.9971,40.12
view1,49,view2,85,0.9949,42.12
view1,49,view2,86,0.9978,45.24
view1,49,view2,87,0.999,46.32
view1,49,view2,88,0.9976,46.84
view1,49,view2,89,0.998,46.92
view1,49,view2,91,0.9966,50.96
view1,49,view2,92,0.9986,53.36
view1,49,view2,93,0.9964,54.32
view1,49,view2,94,0.9977,55.8
view1,49,view2,95,0.9969,56.8
view1,49,view2,96,0.9977,57.08
view1,49,view2,97,0.9984,61.48
view1,49,view3,1,0.9968,58.08
view1,49,view3,2,0.9926,81.4
view1,49,view3,3,0.9969,57.48
view1,49,view3,4,0.9984,66.2
view1,49,view3,6,0.9977,61.12
view1,49,view3,7,0.9936,58.8
view1,49,view3,8,0.9952,49.36
view1,49,view3,9,0.9964,52.72
view1,49,view3,11,0.9973,31.08
view1,49,view3,12,0.9963,32.84
view1,49,view3,13,0.991,47.6
view1,49,view3,14,0.9946,23.16
view1,49,view3,15,0.9969,36.52
view1,49,view3,16,0.9982,20.2
view1,49,view3,17,0.9973,27.32
view1,49,view3,18,0.9948,32.8
view1,49,view3,19,0.9931,1.56
view1,49,view3,20,0.9969,23.68
view1,49,view3,21,0.9956,24.04
view1,49,view3,22,0.9916,14.56
view1,49,view3,23,0.9952,7.84
view1,49,view3,24,0.9986,10.76
view1,49,view3,25,0.9971,15.28
view1,49,view3,27,0.9978,0.0
view1,49,view3,28,0.9946,11.08
view1,49,view3,29,0.9958,0.0
view1,49,view3,30,0.9981,5.88
view1,49,view3,31,0.9951,0.0
view1,49,view3,32,0.9975,1.72
view1,49,view3,33,0.9934,0.0
view1,49,view3,34,0.9951,0.0
view1,49,view3,36,0.9947,4.84
view1,49,view3,37,0.9928,5.44
view1,49,view3,38,0.9966,8.48
view1,49,view3,39,0.9979,10.48
view1,49,view3,40,0.9938,10.92
view1,49,view3,42,0.9913,13.36
view1,49,view3,43,0.9969,17.96
view1,49,view3,45,0.9959,19.72
view1,49,view3,46,0.9953,20.04
view1,49,view3,47,0.9975,21.4
view1,49,view3,48,0.9956,21.6
view1,49,view3,49,0.9974,23.24
view1,49,view3,50,0.9976,24.28
view1,49,view3,51,0.9975,28.0
view1,49,view3,52,0.9939,28.28
view1,49,view3,54,0.9957,29.84
view1,49,view3,55,0.9973,30.64
view1,49,view3,56,0.9926,36.28
view1,49,view3,57,0.9935,40.36
view1,49,view3,58,0.9948,41.44
view1,49,view3,59,0.9958,43.0
view1,49,view3,61,0.9967,47.2
view1,49,view3,62,0.9955,49.04
view1,49,view3,64,0.9961,55.2
view1,49,view3,65,0.9946,55.68
view1,49,view3,66,0.9987,57.76
view1,49,view3,67,0.9966,61.52
view1,49,view3,68,0.9984,62.64
view1,51,view2,1,0.9993,0.0
view1,51,view2,2,0.9985,74.56
view1,51,view2,4,0.9952,83.08
view1,51,view2,5,0.9973,74.32
view1,51,view2,7,0.9889,77.24
view1,51,view2,8,0.9973,38.84
view1,51,view2,10,0.999,51.2
view1,51,view2,13,0.9894,67.72
view1,51,view2,14,0.9994,50.64
view1,51,view2,15,0.996,62.96
view1,51,view2,16,0.9981,58.84
view1,51,view2,17,0.9983,56.96
view1,51,view2,18,0.9991,22.88
view1,51,view2,19,0.9986,45.64
view1,51,view2,20,0.9991,44.48
view1,51,view2,21,0.999,33.16
view1,51,view2,23,0.9995,15.52
view1,51,view2,24,0.9967,37.68
view1,51,view2,25,0.9988,27.2
view1,51,view2,26,0.9979,29.76
view1,51,view2,28,0.9972,34.96
view1,51,view2,29,0.9993,14.04
view1,51,view2,30,0.9983,30.4
view1,51,view2,31,0.9983,28.64
view1,51,view2,32,0.9982,27.32
view1,51,view2,33,0.9994,25.08
view1,51,view2,34,0.9989,24.92
view1,51,view2,35,0.9982,2.76
view1,51,view2,36,0.9963,22.88
view1,51,view2,37,0.9969,22.12
view1,51,view2,38,0.9987,13.96
view1,51,view2,39,0.9958,18.68
view1,51,view2,42,0.9964,15.52
view1,51,view2,43,0.9987,8.2
view1,51,view2,44,0.9971,7.08
view1,51,view2,45,0.9988,10.96
view1,51,view2,46,0.9989,7.12
view1,51,view2,47,0.9992,0.0
view1,51,view2,49,0.9991,0.0
view1,51,view2,50,0.9991,5.72
view1,51,view2,51,0.9989,0.0
view1,51,view2,52,0.9976,2.92
view1,51,view2,53,0.9992,0.0
view1,51,view2,54,0.9958,1.4
view1,51,view2,55,0.9982,0.0
view1,51,view2,56,0.9991,0.0
view1,51,view2,57,0.9977,0.0
view1,51,view2,58,0.9983,0.0
view1,51,view2,59,0.9971,0.0
view1,51,view2,60,0.9988,0.0
view1,51,view2,61,0.9977,0.0
view1,51,view2,62,0.9962,0.0
view1,51,view2,63,0.9993,0.0
view1,51,view2,65,0.9994,0.0
view1,51,view2,66,0.9991,0.0
view1,51,view2,67,0.9949,0.0
view1,51,view2,68,0.9939,0.0
view1,51,view2,69,0.9927,0.0
view1,51,view2,70,0.9983,0.28
view1,51,view2,71,0.9956,0.56
view1,51,view2,72,0.9989,2.12
view1,51,view2,73,0.9977,2.16
view1,51,view2,74,0.9992,3.56
view1,51,view2,75,0.9993,4.4
view1,51,view2,76,0.9983,7.4
view1,51,view2,77,0.9967,9.24
view1,51,view2,78,0.9979,11.28
view1,51,view2,79,0.9993,11.88
view1,51,view2,80,0.9987,14.6
view1,51,view2,82,0.999,16.2
view1,51,view2,83,0.9997,17.52
view1,51,view2,84,0.9994,17.64
view1,51,view2,85,0.9955,19.64
view1,51,view2,86,0.9971,22.76
view1,51,view2,87,0.9994,23.84
view1,51,view2,88,0.9985,24.36
view1,51,view2,89,0.9983,24.44
view1,51,view2,91,0.9978,28.48
view1,51,view2,92,0.998,30.88
view1,51,view2,93,0.9986,31.84
view1,51,view2,94,0.9982,33.32
view1,51,view2,95,0.9984,34.32
view1,51,view2,96,0.9972,34.6
view1,51,view2,97,0.999,39.0
view1,51,view3,1,0.9985,61.48
view1,51,view3,2,0.9968,84.8
view1,51,view3,3,0.9992,60.88
view1,51,view3,4,0.9992,69.6
view1,51,view3,6,0.9983,64.52
view1,51,view3,7,0.9974,62.2
view1,51,view3,8,0.9983,52.76
view1,51,view3,9,0.9988,56.12
view1,51,view3,11,0.9985,34.48
view1,51,view3,12,0.9986,36.24
view1,51,view3,13,0.9954,51.0
view1,51,view3,14,0.9983,26.56
view1,51,view3,15,0.9984,39.92
view1,51,view3,16,0.9984,23.6
view1,51,view3,17,0.9995,30.72
view1,51,view3,18,0.998,36.2
view1,51,view3,19,0.997,4.96
view1,51,view3,20,0.9986,27.08
view1,51,view3,21,0.9985,27.44
view1,51,view3,22,0.9963,17.96
view1,51,view3,23,0.9972,11.24
view1,51,view3,24,0.9986,14.16
view1,51,view3,25,0.9984,18.68
view1,51,view3,27,0.9993,0.0
view1,51,view3,28,0.9971,14.48
view1,51,view3,29,0.9987,0.0
view1,51,view3,30,0.9985,9.28
view1,51,view3,31,0.9983,0.0
view1,51,view3,32,0.9989,5.12
view1,51,view3,33,0.9941,0.0
view1,51,view3,34,0.998,0.0
view1,51,view3,36,0.9976,0.0
view1,51,view3,37,0.9971,0.0
view1,51,view3,38,0.9987,0.0
view1,51,view3,39,0.9994,0.0
view1,51,view3,40,0.9972,0.0
view1,51,view3,42,0.9958,0.0
view1,51,view3,43,0.9991,0.0
view1,51,view3,45,0.9985,0.0
view1,51,view3,46,0.9977,0.0
view1,51,view3,47,0.9987,0.0
view1,51,view3,48,0.9981,0.0
view1,51,view3,49,0.9989,0.76
view1,51,view3,50,0.9986,1.8
view1,51,view3,51,0.9988,5.52
view1,51,view3,52,0.9972,5.8
view1,51,view3,54,0.9984,7.36
view1,51,view3,55,0.997,8.16
view1,51,view3,56,0.997,13.8
view1,51,view3,57,0.9973,17.88
view1,51,view3,58,0.9959,18.96
view1,51,view3,59,0.998,20.52
view1,51,view3,61,0.999,24.72
view1,51,view3,62,0.9984,26.56
view1,51,view3,64,0.9986,32.72
view1,51,view3,65,0.9973,33.2
view1,51,view3,66,0.9985,35.28
view1,51,view3,67,0.9985,39.04
view1,51,view3,68,0.999,40.16
view1,52,view2,1,0.9982,0.0
view1,52,view2,2,0.9972,75.4
view1,52,view2,4,0.9958,83.92
view1,52,view2,5,0.9961,75.16
view1,52,view2,7,0.9852,78.08
view1,52,view2,8,0.9954,39.68
view1,52,view2,10,0.9986,52.04
view1,52,view2,13,0.9856,68.56
view1,52,view2,14,0.9986,51.48
view1,52,view2,15,0.9951,63.8
view1,52,view2,16,0.996,59.68
view1,52,view2,17,0.998,57.8
view1,52,view2,18,0.9979,23.72
view1,52,view2,19,0.9975,46.48
view1,52,view2,20,0.9981,45.32
view1,52,view2,21,0.9979,34.0
view1,52,view2,23,0.9984,16.36
view1,52,view2,24,0.9947,38.52
view1,52,view2,25,0.9985,28.04
view1,52,view2,26,0.998,30.6
view1,52,view2,28,0.9963,35.8
view1,52,view2,29,0.9969,14.88
view1,52,view2,30,0.9969,31.24
view1,52,view2,31,0.997,29.48
view1,52,view2,32,0.9962,28.16
view1,52,view2,33,0.9988,25.92
view1,52,view2,34,0.9987,25.76
view1,52,view2,35,0.9972,3.6
view1,52,view2,36,0.9941,23.72
view1,52,view2,37,0.9955,22.96
view1,52,view2,38,0.9976,14.8
view1,52,view2,39,0.9936,19.52
view1,52,view2,42,0.9958,16.36
view1,52,view2,43,0.9971,9.04
view1,52,view2,44,0.9952,7.92
view1,52,view2,45,0.998,11.8
view1,52,view2,46,0.9975,7.96
view1,52,view2,47,0.9987,0.0
view1,52,view2,49,0.9984,0.0
view1,52,view2,50,0.9975,6.56
view1,52,view2,51,0.9976,0.0
view1,52,view2,52,0.9974,3.76
view1,52,view2,53,0.9983,0.0
view1,52,view2,54,0.9941,2.24
view1,52,view2,55,0.9972,0.0
view1,52,view2,56,0.999,0.36
view1,52,view2,57,0.9966,1.12
view1,52,view2,58,0.9975,1.16
view1,52,view2,59,0.9954,2.56
view1,52,view2,60,0.9977,4.8
view1,52,view2,61,0.9961,5.04
view1,52,view2,62,0.9941,10.52
view1,52,view2,63,0.9991,12.84
view1,52,view2,65,0.998,13.16
view1,52,view2,66,0.9977,15.8
view1,52,view2,67,0.9923,16.32
view1,52,view2,68,0.9907,17.16
view1,52,view2,69,0.9904,19.68
view1,52,view2,70,0.9972,20.28
view1,52,view2,71,0.9951,20.56
view1,52,view2,72,0.9973,22.12
view1,52,view2,73,0.997,22.16
view1,52,view2,74,0.9982,23.56
view1,52,view2,75,0.9983,24.4
view1,52,view2,76,0.9972,27.4
view1,52,view2,77,0.9944,29.24
view1,52,view2,78,0.996,31.28
view1,52,view2,79,0.9987,31.88
view1,52,view2,80,0.9984,34.6
view1,52,view2,82,0.998,36.2
view1,52,view2,83,0.9984,37.52
view1,52,view2,84,0.998,37.64
view1,52,view2,85,0.9941,39.64
view1,52,view2,86,0.9966,42.76
view1,52,view2,87,0.9981,43.84
view1,52,view2,88,0.9967,44.36
view1,52,view2,89,0.9963,44.44
view1,52,view2,91,0.9955,48.48
view1,52,view2,92,0.9963,50.88
view1,52,view2,93,0.998,51.84
view1,52,view2,94,0.9969,53.32
view1,52,view2,95,0.998,54.32
view1,52,view2,96,0.9957,54.6
view1,52,view2,97,0.9979,59.0
view1,52,view3,1,0.9965,62.32
view1,52,view3,2,0.9945,85.64
view1,52,view3,3,0.9973,61.72
view1,52,view3,4,0.9989,70.44
view1,52,view3,6,0.9988,65.36
view1,52,view3,7,0.9964,63.04
view1,52,view3,8,0.9981,53.6
view1,52,view3,9,0.9971,56.96
view1,52,view3,11,0.9985,35.32
view1,52,view3,12,0.9971,37.08
view1,52,view3,13,0.9964,51.84
view1,52,view3,14,0.9979,27.4
view1,52,view3,15,0.9988,40.76
view1,52,view3,16,0.9973,24.44
view1,52,view3,17,0.9984,31.56
view1,52,view3,18,0.9968,37.04
view1,52,view3,19,0.9948,5.8
view1,52,view3,20,0.9982,27.92
view1,52,view3,21,0.9984,28.28
view1,52,view3,22,0.9967,18.8
view1,52,view3,23,0.997,12.08
view1,52,view3,24,0.998,15.0
view1,52,view3,25,0.9972,19.52
view1,52,view3,27,0.9992,0.0
view1,52,view3,28,0.9966,15.32
view1,52,view3,29,0.9977,0.08
view1,52,view3,30,0.9978,10.12
view1,52,view3,31,0.9982,0.0
view1,52,view3,32,0.9978,5.96
view1,52,view3,33,0.99,0.0
view1,52,view3,34,0.9982,0.0
view1,52,view3,36,0.9977,2.36
view1,52,view3,37,0.9952,2.96
view1,52,view3,38,0.9985,6.0
view1,52,view3,39,0.9988,8.0
view1,52,view3,40,0.9966,8.44
view1,52,view3,42,0.997,10.88
view1,52,view3,43,0.9979,15.48
view1,52,view3,45,0.997,17.24
view1,52,view3,46,0.9975,17.56
view1,52,view3,47,0.9968,18.92
view1,52,view3,48,0.9988,19.12
view1,52,view3,49,0.9976,20.76
view1,52,view3,50,0.9971,21.8
view1,52,view3,51,0.9972,25.52
view1,52,view3,52,0.9961,25.8
view1,52,view3,54,0.998,27.36
view1,52,view3,55,0.9947,28.16
view1,52,view3,56,0.9954,33.8
view1,52,view3,57,0.9962,37.88
view1,52,view3,58,0.9974,38.96
view1,52,view3,59,0.9988,40.52
view1,52,view3,61,0.9984,44.72
view1,52,view3,62,0.9972,46.56
view1,52,view3,64,0.9976,52.72
view1,52,view3,65,0.9966,53.2
view1,52,view3,66,0.9977,55.28
view1,52,view3,67,0.9969,59.04
view1,52,view3,68,0.999,60.16
view1,53,view2,1,0.9991,0.0
view1,53,view2,2,0.9966,76.4
view1,53,view2,4,0.9919,84.92
view1,53,view2,5,0.9981,76.16
view1,53,view2,7,0.9918,79.08
view1,53,view2,8,0.9957,40.68
view1,53,view2,10,0.9981,53.04
view1,53,view2,13,0.9925,69.56
view1,53,view2,14,0.9985,52.48
view1,53,view2,15,0.9931,64.8
view1,53,view2,16,0.9987,60.68
view1,53,view2,17,0.9978,58.8
view1,53,view2,18,0.9994,24.72
view1,53,view2,19,0.9981,47.48
view1,53,view2,20,0.9991,46.32
view1,53,view2,21,0.9986,35.0
view1,53,view2,23,0.9991,17.36
view1,53,view2,24,0.9981,39.52
view1,53,view2,25,0.9986,29.04
view1,53,view2,26,0.9977,31.6
view1,53,view2,28,0.998,36.8
view1,53,view2,29,0.999,15.88
view1,53,view2,30,0.999,32.24
view1,53,view2,31,0.9976,30.48
view1,53,view2,32,0.9989,29.16
view1,53,view2,33,0.9986,26.92
view1,53,view2,34,0.9986,26.76
view1,53,view2,35,0.9964,4.6
view1,53,view2,36,0.9973,24.72
view1,53,view2,37,0.9975,23.96
view1,53,view2,38,0.9991,15.8
view1,53,view2,39,0.9963,20.52
view1,53,view2,42,0.9968,17.36
view1,53,view2,43,0.9989,10.04
view1,53,view2,44,0.9973,8.92
view1,53,view2,45,0.9981,12.8
view1,53,view2,46,0.9978,8.96
view1,53,view2,47,0.999,0.0
view1,53,view2,49,0.9987,0.0
view1,53,view2,50,0.9985,7.56
view1,53,view2,51,0.9995,0.0
view1,53,view2,52,0.9975,4.76
view1,53,view2,53,0.998,0.0
view1,53,view2,54,0.9981,3.24
view1,53,view2,55,0.9988,0.0
view1,53,view2,56,0.9978,0.0
view1,53,view2,57,0.9971,0.0
view1,53,view2,58,0.9977,0.0
view1,53,view2,59,0.9951,0.0
view1,53,view2,60,0.9987,0.0
view1,53,view2,61,0.9981,0.0
view1,53,view2,62,0.9979,4.2
view1,53,view2,63,0.998,6.52
view1,53,view2,65,0.9981,6.84
view1,53,view2,66,0.9991,9.48
view1,53,view2,67,0.9968,10.0
view1,53,view2,68,0.9954,10.84
view1,53,view2,69,0.9955,13.36
view1,53,view2,70,0.9987,13.96
view1,53,view2,71,0.996,14.24
view1,53,view2,72,0.9991,15.8
view1,53,view2,73,0.9976,15.84
view1,53,view2,74,0.9978,17.24
view1,53,view2,75,0.999,18.08
view1,53,view2,76,0.9977,21.08
view1,53,view2,77,0.9964,22.92
view1,53,view2,78,0.9986,24.96
view1,53,view2,79,0.9985,25.56
view1,53,view2,80,0.9969,28.28
view1,53,view2,82,0.9987,29.88
view1,53,view2,83,0.999,31.2
view1,53,view2,84,0.9981,31.32
view1,53,view2,85,0.9959,33.32
view1,53,view2,86,0.9978,36.44
view1,53,view2,87,0.9993,37.52
view1,53,view2,88,0.998,38.04
view1,53,view2,89,0.9979,38.12
view1,53,view2,91,0.9973,42.16
view1,53,view2,92,0.998,44.56
view1,53,view2,93,0.9972,45.52
view1,53,view2,94,0.9978,47.0
view1,53,view2,95,0.9975,48.0
view1,53,view2,96,0.9969,48.28
view1,53,view2,97,0.9986,52.68
view1,53,view3,1,0.9974,63.32
view1,53,view3,2,0.9941,86.64
view1,53,view3,3,0.9981,62.72
view1,53,view3,4,0.9986,71.44
view1,53,view3,6,0.9977,66.36
view1,53,view3,7,0.9949,64.04
view1,53,view3,8,0.9962,54.6
view1,53,view3,9,0.9974,57.96
view1,53,view3,11,0.9978,36.32
view1,53,view3,12,0.9972,38.08
view1,53,view3,13,0.9922,52.84
view1,53,view3,14,0.9958,28.4
view1,53,view3,15,0.9972,41.76
view1,53,view3,16,0.9985,25.44
view1,53,view3,17,0.9982,32.56
view1,53,view3,18,0.996,38.04
view1,53,view3,19,0.9945,6.8
view1,53,view3,20,0.9975,28.92
view1,53,view3,21,0.9966,29.28
view1,53,view3,22,0.993,19.8
view1,53,view3,23,0.9963,13.08
view1,53,view3,24,0.9984,16.0
view1,53,view3,25,0.9978,20.52
view1,53,view3,27,0.9982,0.0
view1,53,view3,28,0.9953,16.32
view1,53,view3,29,0.9968,1.08
view1,53,view3,30,0.9988,11.12
view1,53,view3,31,0.9962,0.0
view1,53,view3,32,0.9983,6.96
view1,53,view3,33,0.9943,0.04
view1,53,view3,34,0.9962,0.0
view1,53,view3,36,0.9956,0.0
view1,53,view3,37,0.9944,0.0
view1,53,view3,38,0.9971,0.0
view1,53,view3,39,0.9983,1.68
view1,53,view3,40,0.995,2.12
view1,53,view3,42,0.9928,4.56
view1,53,view3,43,0.9978,9.16
view1,53,view3,45,0.997,10.92
view1,53,view3,46,0.9963,11.24
view1,53,view3,47,0.998,12.6
view1,53,view3,48,0.9962,12.8
view1,53,view3,49,0.9979,14.44
view1,53,view3,50,0.9984,15.48
view1,53,view3,51,0.9983,19.2
view1,53,view3,52,0.9952,19.48
view1,53,view3,54,0.9965,21.04
view1,53,view3,55,0.9979,21.84
view1,53,view3,56,0.9942,27.48
view1,53,view3,57,0.9948,31.56
view1,53,view3,58,0.9957,32.64
view1,53,view3,59,0.9964,34.2
view1,53,view3,61,0.9977,38.4
view1,53,view3,62,0.9963,40.24
view1,53,view3,64,0.9972,46.4
view1,53,view3,65,0.9958,46.88
view1,53,view3,66,0.9983,48.96
view1,53,view3,67,0.9974,52.72
view1,53,view3,68,0.9984,53.84
view1,54,view2,1,0.9981,0.0
view1,54,view2,2,0.9963,76.84
view1,54,view2,4,0.9934,85.36
view1,54,view2,5,0.9959,76.6
view1,54,view2,7,0.9874,79.52
view1,54,view2,8,0.9967,41.12
view1,54,view2,10,0.9983,53.48
view1,54,view2,13,0.9882,70.0
view1,54,view2,14,0.9984,52.92
view1,54,view2,15,0.9935,65.24
view1,54,view2,16,0.9964,61.12
view1,54,view2,17,0.9973,59.24
view1,54,view2,18,0.9988,25.16
view1,54,view2,19,0.9975,47.92
view1,54,view2,20,0.9991,46.76
view1,54,view2,21,0.9976,35.44
view1,54,view2,23,0.9986,17.8
view1,54,view2,24,0.9971,39.96
view1,54,view2,25,0.999,29.48
view1,54,view2,26,0.9985,32.04
view1,54,view2,28,0.9965,37.24
view1,54,view2,29,0.9978,16.32
view1,54,view2,30,0.9972,32.68
view1,54,view2,31,0.9969,30.92
view1,54,view2,32,0.9965,29.6
view1,54,view2,33,0.998,27.36
view1,54,view2,34,0.9984,27.2
view1,54,view2,35,0.9974,5.04
view1,54,view2,36,0.9941,25.16
view1,54,view2,37,0.9963,24.4
view1,54,view2,38,0.998,16.24
view1,54,view2,39,0.9945,20.96
view1,54,view2,42,0.998,17.8
view1,54,view2,43,0.9977,10.48
view1,54,view2,44,0.9963,9.36
view1,54,view2,45,0.9975,13.24
view1,54,view2,46,0.9971,9.4
view1,54,view2,47,0.9987,0.0
view1,54,view2,49,0.9985,0.0
view1,54,view2,50,0.9978,8.0
view1,54,view2,51,0.9985,0.0
view1,54,view2,52,0.9995,5.2
view1,54,view2,53,0.9992,0.0
view1,54,view2,54,0.9976,3.68
view1,54,view2,55,0.9984,0.0
view1,54,view2,56,0.9978,0.0
view1,54,view2,57,0.9955,0.0
view1,54,view2,58,0.9977,0.0
view1,54,view2,59,0.996,0.0
view1,54,view2,60,0.9991,0.0
view1,54,view2,61,0.996,0.0
view1,54,view2,62,0.9962,0.0
view1,54,view2,63,0.9985,0.0
view1,54,view2,65,0.9982,0.0
view1,54,view2,66,0.9977,0.0
view1,54,view2,67,0.9936,0.0
view1,54,view2,68,0.9917,0.0
view1,54,view2,69,0.9935,0.0
view1,54,view2,70,0.9974,0.0
view1,54,view2,71,0.9979,0.0
view1,54,view2,72,0.9977,0.0
view1,54,view2,73,0.9972,0.0
view1,54,view2,74,0.9975,0.4
view1,54,view2,75,0.9991,1.24
view1,54,view2,76,0.9962,4.24
view1,54,view2,77,0.9952,6.08
view1,54,view2,78,0.9966,8.12
view1,54,view2,79,0.9985,8.72
view1,54,view2,80,0.9968,11.44
view1,54,view2,82,0.9987,13.04
view1,54,view2,83,0.9985,14.36
view1,54,view2,84,0.998,14.48
view1,54,view2,85,0.9937,16.48
view1,54,view2,86,0.9991,19.6
view1,54,view2,87,0.9987,20.68
view1,54,view2,88,0.9988,21.2
view1,54,view2,89,0.9958,21.28
view1,54,view2,91,0.9973,25.32
view1,54,view2,92,0.9976,27.72
view1,54,view2,93,0.997,28.68
view1,54,view2,94,0.9963,30.16
view1,54,view2,95,0.997,31.16
view1,54,view2,96,0.9972,31.44
view1,54,view2,97,0.9969,35.84
view1,54,view3,1,0.9975,63.76
view1,54,view3,2,0.9949,87.08
view1,54,view3,3,0.9975,63.16
view1,54,view3,4,0.9983,71.88
view1,54,view3,6,0.9985,66.8
view1,54,view3,7,0.995,64.48
view1,54,view3,8,0.9963,55.04
view1,54,view3,9,0.9968,58.4
view1,54,view3,11,0.9988,36.76
view1,54,view3,12,0.9975,38.52
view1,54,view3,13,0.9936,53.28
view1,54,view3,14,0.9963,28.84
view1,54,view3,15,0.9984,42.2
view1,54,view3,16,0.9972,25.88
view1,54,view3,17,0.998,33.0
view1,54,view3,18,0.9965,38.48
view1,54,view3,19,0.9954,7.24
view1,54,view3,20,0.9989,29.36
view1,54,view3,21,0.9965,29.72
view1,54,view3,22,0.9946,20.24
view1,54,view3,23,0.9977,13.52
view1,54,view3,24,0.9975,16.44
view1,54,view3,25,0.9961,20.96
view1,54,view3,27,0.9983,0.0
view1,54,view3,28,0.996,16.76
view1,54,view3,29,0.9968,1.52
view1,54,view3,30,0.998,11.56
view1,54,view3,31,0.9974,0.0
view1,54,view3,32,0.9974,7.4
view1,54,view3,33,0.9932,0.48
view1,54,view3,34,0.9972,0.0
view1,54,view3,36,0.9973,0.0
view1,54,view3,37,0.9953,0.0
view1,54,view3,38,0.9971,0.0
view1,54,view3,39,0.9981,0.0
view1,54,view3,40,0.9961,0.0
view1,54,view3,42,0.994,0.0
view1,54,view3,43,0.9967,0.0
view1,54,view3,45,0.997,0.0
view1,54,view3,46,0.9955,0.0
view1,54,view3,47,0.9959,0.0
view1,54,view3,48,0.9969,0.0
view1,54,view3,49,0.9972,0.0
view1,54,view3,50,0.9982,0.0
view1,54,view3,51,0.9972,2.36
view1,54,view3,52,0.9962,2.64
view1,54,view3,54,0.9978,4.2
view1,54,view3,55,0.9968,5.0
view1,54,view3,56,0.9952,10.64
view1,54,view3,57,0.9961,14.72
view1,54,view3,58,0.9961,15.8
view1,54,view3,59,0.9973,17.36
view1,54,view3,61,0.9979,21.56
view1,54,view3,62,0.996,23.4
view1,54,view3,64,0.9972,29.56
view1,54,view3,65,0.9967,30.04
view1,54,view3,66,0.9974,32.12
view1,54,view3,67,0.9968,35.88
view1,54,view3,68,0.9983,37.0
view1,55,view2,1,0.9994,0.0
view1,55,view2,2,0.9969,77.4
view1,55,view2,4,0.9939,85.92
view1,55,view2,5,0.999,77.16
view1,55,view2,7,0.9917,80.08
view1,55,view2,8,0.9949,41.68
view1,55,view2,10,0.9987,54.04
view1,55,view2,13,0.9922,70.56
view1,55,view2,14,0.999,53.48
view1,55,view2,15,0.9949,65.8
view1,55,view2,16,0.999,61.68
view1,55,view2,17,0.9988,59.8
view1,55,view2,18,0.9992,25.72
view1,55,view2,19,0.9992,48.48
view1,55,view2,20,0.9983,47.32
view1,55,view2,21,0.9993,36.0
view1,55,view2,23,0.9992,18.36
view1,55,view2,24,0.9976,40.52
view1,55,view2,25,0.9981,30.04
view1,55,view2,26,0.9971,32.6
view1,55,view2,28,0.999,37.8
view1,55,view2,29,0.999,16.88
view1,55,view2,30,0.9989,33.24
view1,55,view2,31,0.9986,31.48
view1,55,view2,32,0.9991,30.16
view1,55,view2,33,0.9992,27.92
view1,55,view2,34,0.9987,27.76
view1,55,view2,35,0.9964,5.6
view1,55,view2,36,0.9982,25.72
view1,55,view2,37,0.9967,24.96
view1,55,view2,38,0.9989,16.8
view1,55,view2,39,0.9954,21.52
view1,55,view2,42,0.9953,18.36
view1,55,view2,43,0.9986,11.04
view1,55,view2,44,0.9963,9.92
view1,55,view2,45,0.9991,13.8
view1,55,view2,46,0.9984,9.96
view1,55,view2,47,0.9992,0.0
view1,55,view2,49,0.9991,0.0
view1,55,view2,50,0.9986,8.56
view1,55,view2,51,0.9992,0.0
view1,55,view2,52,0.9963,5.76
view1,55,view2,53,0.9976,0.0
view1,55,view2,54,0.9965,4.24
view1,55,view2,55,0.9988,0.0
view1,55,view2,56,0.9987,0.0
view1,55,view2,57,0.9987,0.0
view1,55,view2,58,0.9987,0.16
view1,55,view2,59,0.9945,0.0
view1,55,view2,60,0.9976,0.52
view1,55,view2,61,0.9991,0.76
view1,55,view2,62,0.9964,6.24
view1,55,view2,63,0.9986,8.56
view1,55,view2,65,0.998,8.88
view1,55,view2,66,0.9995,11.52
view1,55,view2,67,0.9968,12.04
view1,55,view2,68,0.9963,12.88
view1,55,view2,69,0.9942,15.4
view1,55,view2,70,0.999,16.0
view1,55,view2,71,0.9946,16.28
view1,55,view2,72,0.999,17.84
view1,55,view2,73,0.997,17.88
view1,55,view2,74,0.9989,19.28
view1,55,view2,75,0.9984,20.12
view1,55,view2,76,0.9991,23.12
view1,55,view2,77,0.9955,24.96
view1,55,view2,78,0.9987,27.0
view1,55,view2,79,0.999,27.6
view1,55,view2,80,0.9981,30.32
view1,55,view2,82,0.9985,31.92
view1,55,view2,83,0.9991,33.24
view1,55,view2,84,0.9987,33.36
view1,55,view2,85,0.9977,35.36
view1,55,view2,86,0.9964,38.48
view1,55,view2,87,0.9993,39.56
view1,55,view2,88,0.9968,40.08
view1,55,view2,89,0.9976,40.16
view1,55,view2,91,0.9975,44.2
view1,55,view2,92,0.9973,46.6
view1,55,view2,93,0.9983,47.56
view1,55,view2,94,0.9991,49.04
view1,55,view2,95,0.9989,50.04
view1,55,view2,96,0.9964,50.32
view1,55,view2,97,0.9991,54.72
view1,55,view3,1,0.9964,64.32
view1,55,view3,2,0.9941,87.64
view1,55,view3,3,0.9986,63.72
view1,55,view3,4,0.9989,72.44
view1,55,view3,6,0.998,67.36
view1,55,view3,7,0.9961,65.04
view1,55,view3,8,0.9977,55.6
view1,55,view3,9,0.9976,58.96
view1,55,view3,11,0.9975,37.32
view1,55,view3,12,0.9968,39.08
view1,55,view3,13,0.994,53.84
view1,55,view3,14,0.9967,29.4
view1,55,view3,15,0.9975,42.76
view1,55,view3,16,0.9994,26.44
view1,55,view3,17,0.9988,33.56
view1,55,view3,18,0.9962,39.04
view1,55,view3,19,0.9945,7.8
view1,55,view3,20,0.9972,29.92
view1,55,view3,21,0.9976,30.28
view1,55,view3,22,0.9945,20.8
view1,55,view3,23,0.9957,14.08
view1,55,view3,24,0.9986,17.0
view1,55,view3,25,0.9984,21.52
view1,55,view3,27,0.9987,0.0
view1,55,view3,28,0.9961,17.32
view1,55,view3,29,0.9981,2.08
view1,55,view3,30,0.9992,12.12
view1,55,view3,31,0.9967,0.0
view1,55,view3,32,0.9987,7.96
view1,55,view3,33,0.9923,1.04
view1,55,view3,34,0.9969,0.0
view1,55,view3,36,0.9962,0.0
view1,55,view3,37,0.9946,0.0
view1,55,view3,38,0.998,1.72
view1,55,view3,39,0.9987,3.72
view1,55,view3,40,0.9958,4.16
view1,55,view3,42,0.9949,6.6
view1,55,view3,43,0.9989,11.2
view1,55,view3,45,0.9973,12.96
view1,55,view3,46,0.9977,13.28
view1,55,view3,47,0.9992,14.64
view1,55,view3,48,0.9974,14.84
view1,55,view3,49,0.9987,16.48
view1,55,view3,50,0.9986,17.52
view1,55,view3,51,0.9992,21.24
view1,55,view3,52,0.9951,21.52
view1,55,view3,54,0.997,23.08
view1,55,view3,55,0.9981,23.88
view1,55,view3,56,0.9945,29.52
view1,55,view3,57,0.9952,33.6
view1,55,view3,58,0.9953,34.68
view1,55,view3,59,0.9974,36.24
view1,55,view3,61,0.9983,40.44
view1,55,view3,62,0.9973,42.28
view1,55,view3,64,0.9975,48.44
view1,55,view3,65,0.996,48.92
view1,55,view3,66,0.998,51.0
view1,55,view3,67,0.9983,54.76
view1,55,view3,68,0.9987,55.88
view1,56,view2,1,0.9986,0.0
view1,56,view2,2,0.9981,78.44
view1,56,view2,4,0.9966,86.96
view1,56,view2,5,0.9961,78.2
view1,56,view2,7,0.9849,81.12
view1,56,view2,8,0.9971,42.72
view1,56,view2,10,0.9993,55.08
view1,56,view2,13,0.9856,71.6
view1,56,view2,14,0.999,54.52
view1,56,view2,15,0.9963,66.84
view1,56,view2,16,0.9959,62.72
view1,56,view2,17,0.9973,60.84
view1,56,view2,18,0.9984,26.76
view1,56,view2,19,0.9986,49.52
view1,56,view2,20,0.9984,48.36
view1,56,view2,21,0.9979,37.04
view1,56,view2,23,0.9985,19.4
view1,56,view2,24,0.9957,41.56
view1,56,view2,25,0.9991,31.08
view1,56,view2,26,0.9989,33.64
view1,56,view2,28,0.9973,38.84
view1,56,view2,29,0.9973,17.92
view1,56,view2,30,0.9963,34.28
view1,56,view2,31,0.9979,32.52
view1,56,view2,32,0.9963,31.2
view1,56,view2,33,0.9983,28.96
view1,56,view2,34,0.9975,28.8
view1,56,view2,35,0.9986,6.64
view1,56,view2,36,0.9941,26.76
view1,56,view2,37,0.9934,26.0
view1,56,view2,38,0.9981,17.84
view1,56,view2,39,0.9915,22.56
view1,56,view2,42,0.9976,19.4
view1,56,view2,43,0.996,12.08
view1,56,view2,44,0.9934,10.96
view1,56,view2,45,0.9985,14.84
view1,56,view2,46,0.9985,11.0
view1,56,view2,47,0.999,0.0
view1,56,view2,49,0.9988,0.0
view1,56,view2,50,0.9975,9.6
view1,56,view2,51,0.9979,0.0
view1,56,view2,52,0.9974,6.8
view1,56,view2,53,0.9983,0.0
view1,56,view2,54,0.996,5.28
view1,56,view2,55,0.9987,0.0
view1,56,view2,56,0.9987,0.0
view1,56,view2,57,0.998,1.04
view1,56,view2,58,0.9983,1.2
view1,56,view2,59,0.9969,0.0
view1,56,view2,60,0.9977,0.8
view1,56,view2,61,0.9967,1.04
view1,56,view2,62,0.9936,6.52
view1,56,view2,63,0.9991,8.84
view1,56,view2,65,0.9987,9.16
view1,56,view2,66,0.9976,11.8
view1,56,view2,67,0.9921,12.32
view1,56,view2,68,0.9912,13.16
view1,56,view2,69,0.9896,15.68
view1,56,view2,70,0.9972,16.28
view1,56,view2,71,0.9959,16.56
view1,56,view2,72,0.9975,18.12
view1,56,view2,73,0.9948,18.16
view1,56,view2,74,0.9988,19.56
view1,56,view2,75,0.9979,20.4
view1,56,view2,76,0.998,23.4
view1,56,view2,77,0.9924,25.24
view1,56,view2,78,0.9956,27.28
view1,56,view2,79,0.9992,27.88
view1,56,view2,80,0.9983,30.6
view1,56,view2,82,0.9992,32.2
view1,56,view2,83,0.9989,33.52
view1,56,view2,84,0.9992,33.64
view1,56,view2,85,0.9952,35.64
view1,56,view2,86,0.9968,38.76
view1,56,view2,87,0.9987,39.84
view1,56,view2,88,0.9975,40.36
view1,56,view2,89,0.9954,40.44
view1,56,view2,91,0.9978,44.48
view1,56,view2,92,0.9947,46.88
view1,56,view2,93,0.999,47.84
view1,56,view2,94,0.9965,49.32
view1,56,view2,95,0.9987,50.32
view1,56,view2,96,0.994,50.6
view1,56,view2,97,0.9973,55.0
view1,56,view3,1,0.997,65.36
view1,56,view3,2,0.9963,88.68
view1,56,view3,3,0.9989,64.76
view1,56,view3,4,0.9987,73.48
view1,56,view3,6,0.9987,68.4
view1,56,view3,7,0.998,66.08
view1,56,view3,8,0.9987,56.64
view1,56,view3,9,0.9983,60.0
view1,56,view3,11,0.999,38.36
view1,56,view3,12,0.9979,40.12
view1,56,view3,13,0.9972,54.88
view1,56,view3,14,0.9983,30.44
view1,56,view3,15,0.9989,43.8
view1,56,view3,16,0.9976,27.48
view1,56,view3,17,0.9991,34.6
view1,56,view3,18,0.998,40.08
view1,56,view3,19,0.9967,8.84
view1,56,view3,20,0.9982,30.96
view1,56,view3,21,0.9985,31.32
view1,56,view3,22,0.9974,21.84
view1,56,view3,23,0.9984,15.12
view1,56,view3,24,0.9972,18.04
view1,56,view3,25,0.9974,22.56
view1,56,view3,27,0.999,0.0
view1,56,view3,28,0.9983,18.36
view1,56,view3,29,0.999,3.12
view1,56,view3,30,0.9989,13.16
view1,56,view3,31,0.9989,0.0
view1,56,view3,32,0.9989,9.0
view1,56,view3,33,0.9928,2.08
view1,56,view3,34,0.999,0.0
view1,56,view3,36,0.9987,0.0
view1,56,view3,37,0.9969,0.0
view1,56,view3,38,0.9984,2.0
view1,56,view3,39,0.999,4.0
view1,56,view3,40,0.9983,4.44
view1,56,view3,42,0.9975,6.88
view1,56,view3,43,0.9985,11.48
view1,56,view3,45,0.9983,13.24
view1,56,view3,46,0.997,13.56
view1,56,view3,47,0.9972,14.92
view1,56,view3,48,0.9985,15.12
view1,56,view3,49,0.9986,16.76
view1,56,view3,50,0.9989,17.8
view1,56,view3,51,0.9986,21.52
view1,56,view3,52,0.9976,21.8
view1,56,view3,54,0.9991,23.36
view1,56,view3,55,0.997,24.16
view1,56,view3,56,0.9969,29.8
view1,56,view3,57,0.9977,33.88
view1,56,view3,58,0.996,34.96
view1,56,view3,59,0.9987,36.52
view1,56,view3,61,0.9994,40.72
view1,56,view3,62,0.998,42.56
view1,56,view3,64,0.9989,48.72
view1,56,view3,65,0.9985,49.2
view1,56,view3,66,0.9966,51.28
view1,56,view3,67,0.9987,55.04
view1,56,view3,68,0.9985,56.16
view1,58,view2,1,0.9989,0.0
view1,58,view2,2,0.9959,84.16
view1,58,view2,4,0.9931,92.68
view1,58,view2,5,0.9986,83.92
view1,58,view2,7,0.9912,86.84
view1,58,view2,8,0.9938,48.44
view1,58,view2,10,0.9978,60.8
view1,58,view2,13,0.9916,77.32
view1,58,view2,14,0.9981,60.24
view1,58,view2,15,0.9941,72.56
view1,58,view2,16,0.9984,68.44
view1,58,view2,17,0.9983,66.56
view1,58,view2,18,0.9987,32.48
view1,58,view2,19,0.9985,55.24
view1,58,view2,20,0.9978,54.08
view1,58,view2,21,0.9991,42.76
view1,58,view2,23,0.9985,25.12
view1,58,view2,24,0.9973,47.28
view1,58,view2,25,0.9974,36.8
view1,58,view2,26,0.9967,39.36
view1,58,view2,28,0.9987,44.56
view1,58,view2,29,0.9981,23.64
view1,58,view2,30,0.9983,40.0
view1,58,view2,31,0.9976,38.24
view1,58,view2,32,0.9988,36.92
view1,58,view2,33,0.9988,34.68
view1,58,view2,34,0.9982,34.52
view1,58,view2,35,0.9953,12.36
view1,58,view2,36,0.9975,32.48
view1,58,view2,37,0.9967,31.72
view1,58,view2,38,0.9991,23.56
view1,58,view2,39,0.9958,28.28
view1,58,view2,42,0.9948,25.12
view1,58,view2,43,0.9983,17.8
view1,58,view2,44,0.996,16.68
view1,58,view2,45,0.9987,20.56
view1,58,view2,46,0.9972,16.72
view1,58,view2,47,0.9985,1.8
view1,58,view2,49,0.9984,0.0
view1,58,view2,50,0.998,15.32
view1,58,view2,51,0.9984,5.68
view1,58,view2,52,0.9959,12.52
view1,58,view2,53,0.9969,0.0
view1,58,view2,54,0.9967,11.0
view1,58,view2,55,0.9987,2.12
view1,58,view2,56,0.9983,5.24
view1,58,view2,57,0.9985,6.76
view1,58,view2,58,0.9975,6.92
view1,58,view2,59,0.9932,0.0
view1,58,view2,60,0.997,0.0
view1,58,view2,61,0.9986,2.76
view1,58,view2,62,0.9963,0.0
view1,58,view2,63,0.998,2.28
view1,58,view2,65,0.997,2.6
view1,58,view2,66,0.999,5.24
view1,58,view2,67,0.9964,5.76
view1,58,view2,68,0.9952,6.6
view1,58,view2,69,0.994,9.12
view1,58,view2,70,0.9977,9.72
view1,58,view2,71,0.9938,10.0
view1,58,view2,72,0.9983,11.56
view1,58,view2,73,0.9967,11.6
view1,58,view2,74,0.9986,13.0
view1,58,view2,75,0.9978,13.84
view1,58,view2,76,0.999,16.84
view1,58,view2,77,0.9954,18.68
view1,58,view2,78,0.9979,20.72
view1,58,view2,79,0.9982,21.32
view1,58,view2,80,0.9976,24.04
view1,58,view2,82,0.998,25.64
view1,58,view2,83,0.9983,26.96
view1,58,view2,84,0.9984,27.08
view1,58,view2,85,0.9982,29.08
view1,58,view2,86,0.9962,32.2
view1,58,view2,87,0.9989,33.28
view1,58,view2,88,0.996,33.8
view1,58,view2,89,0.997,33.88
view1,58,view2,91,0.9969,37.92
view1,58,view2,92,0.9971,40.32
view1,58,view2,93,0.9973,41.28
view1,58,view2,94,0.9981,42.76
view1,58,view2,95,0.9986,43.76
view1,58,view2,96,0.9966,44.04
view1,58,view2,97,0.9985,48.44
view1,58,view3,1,0.9956,71.08
view1,58,view3,2,0.9931,94.4
view1,58,view3,3,0.9979,70.48
view1,58,view3,4,0.9984,79.2
view1,58,view3,6,0.9975,74.12
view1,58,view3,7,0.9946,71.8
view1,58,view3,8,0.9968,62.36
view1,58,view3,9,0.9963,65.72
view1,58,view3,11,0.9969,44.08
view1,58,view3,12,0.9954,45.84
view1,58,view3,13,0.9927,60.6
view1,58,view3,14,0.9957,36.16
view1,58,view3,15,0.9968,49.52
view1,58,view3,16,0.9989,33.2
view1,58,view3,17,0.9982,40.32
view1,58,view3,18,0.9952,45.8
view1,58,view3,19,0.9932,14.56
view1,58,view3,20,0.9967,36.68
view1,58,view3,21,0.9965,37.04
view1,58,view3,22,0.9934,27.56
view1,58,view3,23,0.9948,20.84
view1,58,view3,24,0.9979,23.76
view1,58,view3,25,0.9972,28.28
view1,58,view3,27,0.9981,1.56
view1,58,view3,28,0.9945,24.08
view1,58,view3,29,0.997,8.84
view1,58,view3,30,0.9987,18.88
view1,58,view3,31,0.9962,0.0
view1,58,view3,32,0.9983,14.72
view1,58,view3,33,0.9915,7.8
view1,58,view3,34,0.9962,3.36
view1,58,view3,36,0.9958,0.0
view1,58,view3,37,0.9935,1.32
view1,58,view3,38,0.9976,0.0
view1,58,view3,39,0.9979,0.0
view1,58,view3,40,0.9952,0.0
view1,58,view3,42,0.9947,0.32
view1,58,view3,43,0.9981,4.92
view1,58,view3,45,0.9963,6.68
view1,58,view3,46,0.9981,7.0
view1,58,view3,47,0.9987,8.36
view1,58,view3,48,0.9968,8.56
view1,58,view3,49,0.9975,10.2
view1,58,view3,50,0.998,11.24
view1,58,view3,51,0.9988,14.96
view1,58,view3,52,0.9937,15.24
view1,58,view3,54,0.9961,16.8
view1,58,view3,55,0.998,17.6
view1,58,view3,56,0.9934,23.24
view1,58,view3,57,0.994,27.32
view1,58,view3,58,0.994,28.4
view1,58,view3,59,0.997,29.96
view1,58,view3,61,0.9978,34.16
view1,58,view3,62,0.996,36.0
view1,58,view3,64,0.9964,42.16
view1,58,view3,65,0.9952,42.64
view1,58,view3,66,0.9973,44.72
view1,58,view3,67,0.9971,48.48
view1,58,view3,68,0.9982,49.6
view1,59,view2,1,0.9987,0.0
view1,59,view2,2,0.9989,84.24
view1,59,view2,4,0.9969,92.76
view1,59,view2,5,0.9961,84.0
view1,59,view2,7,0.9861,86.92
view1,59,view2,8,0.9984,48.52
view1,59,view2,10,0.9994,60.88
view1,59,view2,13,0.9868,77.4
view1,59,view2,14,0.9994,60.32
view1,59,view2,15,0.9973,72.64
view1,59,view2,16,0.9967,68.52
view1,59,view2,17,0.9982,66.64
view1,59,view2,18,0.9986,32.56
view1,59,view2,19,0.9985,55.32
view1,59,view2,20,0.9986,54.16
view1,59,view2,21,0.9984,42.84
view1,59,view2,23,0.9992,25.2
view1,59,view2,24,0.9962,47.36
view1,59,view2,25,0.9989,36.88
view1,59,view2,26,0.9982,39.44
view1,59,view2,28,0.9966,44.64
view1,59,view2,29,0.9984,23.72
view1,59,view2,30,0.9969,40.08
view1,59,view2,31,0.9984,38.32
view1,59,view2,32,0.9966,37.0
view1,59,view2,33,0.9988,34.76
view1,59,view2,34,0.9982,34.6
view1,59,view2,35,0.9993,12.44
view1,59,view2,36,0.9944,32.56
view1,59,view2,37,0.995,31.8
view1,59,view2,38,0.9982,23.64
view1,59,view2,39,0.9926,28.36
view1,59,view2,42,0.9971,25.2
view1,59,view2,43,0.9971,17.88
view1,59,view2,44,0.9949,16.76
view1,59,view2,45,0.9989,20.64
view1,59,view2,46,0.999,16.8
view1,59,view2,47,0.9991,1.88
view1,59,view2,49,0.9993,0.0
view1,59,view2,50,0.9978,15.4
view1,59,view2,51,0.9982,5.76
view1,59,view2,52,0.9978,12.6
view1,59,view2,53,0.9992,0.0
view1,59,view2,54,0.9954,11.08
view1,59,view2,55,0.9979,2.2
view1,59,view2,56,0.9989,5.32
view1,59,view2,57,0.997,6.84
view1,59,view2,58,0.9986,7.0
view1,59,view2,59,0.9979,0.0
view1,59,view2,60,0.9985,0.0
view1,59,view2,61,0.9967,2.84
view1,59,view2,62,0.9944,0.0
view1,59,view2,63,0.9993,0.24
view1,59,view2,65,0.9995,0.56
view1,59,view2,66,0.9981,3.2
view1,59,view2,67,0.9929,3.72
view1,59,view2,68,0.9918,4.56
view1,59,view2,69,0.9906,7.08
view1,59,view2,70,0.9976,7.68
view1,59,view2,71,0.9965,7.96
view1,59,view2,72,0.998,9.52
view1,59,view2,73,0.996,9.56
view1,59,view2,74,0.9989,10.96
view1,59,view2,75,0.9986,11.8
view1,59,view2,76,0.9973,14.8
view1,59,view2,77,0.9937,16.64
view1,59,view2,78,0.9967,18.68
view1,59,view2,79,0.9993,19.28
view1,59,view2,80,0.9989,22.0
view1,59,view2,82,0.9991,23.6
view1,59,view2,83,0.9994,24.92
view1,59,view2,84,0.9993,25.04
view1,59,view2,85,0.9944,27.04
view1,59,view2,86,0.9969,30.16
view1,59,view2,87,0.9989,31.24
view1,59,view2,88,0.9986,31.76
view1,59,view2,89,0.9965,31.84
view1,59,view2,91,0.9984,35.88
view1,59,view2,92,0.9963,38.28
view1,59,view2,93,0.999,39.24
view1,59,view2,94,0.9973,40.72
view1,59,view2,95,0.9981,41.72
view1,59,view2,96,0.9954,42.0
view1,59,view2,97,0.9979,46.4
view1,59,view3,1,0.9985,71.16
view1,59,view3,2,0.9978,94.48
view1,59,view3,3,0.9992,70.56
view1,59,view3,4,0.9991,79.28
view1,59,view3,6,0.9988,74.2
view1,59,view3,7,0.9985,71.88
view1,59,view3,8,0.9988,62.44
view1,59,view3,9,0.9988,65.8
view1,59,view3,11,0.9991,44.16
view1,59,view3,12,0.9991,45.92
view1,59,view3,13,0.9968,60.68
view1,59,view3,14,0.999,36.24
view1,59,view3,15,0.9991,49.6
view1,59,view3,16,0.9979,33.28
view1,59,view3,17,0.9993,40.4
view1,59,view3,18,0.9982,45.88
view1,59,view3,19,0.998,14.64
view1,59,view3,20,0.9987,36.76
view1,59,view3,21,0.9986,37.12
view1,59,view3,22,0.9979,27.64
view1,59,view3,23,0.9981,20.92
view1,59,view3,24,0.9983,23.84
view1,59,view3,25,0.9979,28.36
view1,59,view3,27,0.9992,1.64
view1,59,view3,28,0.9982,24.16
view1,59,view3,29,0.9992,8.92
view1,59,view3,30,0.9985,18.96
view1,59,view3,31,0.999,0.0
view1,59,view3,32,0.9986,14.8
view1,59,view3,33,0.9943,7.88
view1,59,view3,34,0.9987,3.44
view1,59,view3,36,0.9983,0.0
view1,59,view3,37,0.9981,1.4
view1,59,view3,38,0.9989,0.0
view1,59,view3,39,0.9994,0.0
view1,59,view3,40,0.998,0.0
view1,59,view3,42,0.9965,0.0
view1,59,view3,43,0.9988,2.88
view1,59,view3,45,0.9992,4.64
view1,59,view3,46,0.9969,4.96
view1,59,view3,47,0.9976,6.32
view1,59,view3,48,0.9987,6.52
view1,59,view3,49,0.9991,8.16
view1,59,view3,50,0.9988,9.2
view1,59,view3,51,0.9985,12.92
view1,59,view3,52,0.9982,13.2
view1,59,view3,54,0.9991,14.76
view1,59,view3,55,0.9968,15.56
view1,59,view3,56,0.998,21.2
view1,59,view3,57,0.9989,25.28
view1,59,view3,58,0.9961,26.36
view1,59,view3,59,0.9987,27.92
view1,59,view3,61,0.9994,32.12
view1,59,view3,62,0.9987,33.96
view1,59,view3,64,0.9991,40.12
view1,59,view3,65,0.9981,40.6
view1,59,view3,66,0.998,42.68
view1,59,view3,67,0.9986,46.44
view1,59,view3,68,0.9988,47.56
view1,60,view2,1,0.9833,0.0
view1,60,view2,2,0.9756,88.08
view1,60,view2,4,0.9678,96.6
view1,60,view2,5,0.9881,87.84
view1,60,view2,7,0.995,90.76
view1,60,view2,8,0.9749,52.36
view1,60,view2,10,0.9805,64.72
view1,60,view2,13,0.9958,81.24
view1,60,view2,14,0.9823,64.16
view1,60,view2,15,0.9735,76.48
view1,60,view2,16,0.9896,72.36
view1,60,view2,17,0.9854,70.48
view1,60,view2,18,0.9853,36.4
view1,60,view2,19,0.9844,59.16
view1,60,view2,20,0.981,58.0
view1,60,view2,21,0.9852,46.68
view1,60,view2,23,0.9843,29.04
view1,60,view2,24,0.9901,51.2
view1,60,view2,25,0.9785,40.72
view1,60,view2,26,0.9763,43.28
view1,60,view2,28,0.9868,48.48
view1,60,view2,29,0.9867,27.56
view1,60,view2,30,0.987,43.92
view1,60,view2,31,0.9844,42.16
view1,60,view2,32,0.9882,40.84
view1,60,view2,33,0.9822,38.6
view1,60,view2,34,0.9835,38.44
view1,60,view2,35,0.9749,16.28
view1,60,view2,36,0.9905,36.4
view1,60,view2,37,0.9871,35.64
view1,60,view2,38,0.9838,27.48
view1,60,view2,39,0.9847,32.2
view1,60,view2,42,0.9763,29.04
view1,60,view2,43,0.9872,21.72
view1,60,view2,44,0.9859,20.6
view1,60,view2,45,0.9834,24.48
view1,60,view2,46,0.9808,20.64
view1,60,view2,47,0.9826,5.72
view1,60,view2,49,0.9838,1.52
view1,60,view2,50,0.9834,19.24
view1,60,view2,51,0.9858,9.6
view1,60,view2,52,0.979,16.44
view1,60,view2,53,0.9794,0.0
view1,60,view2,54,0.9857,14.92
view1,60,view2,55,0.9845,6.04
view1,60,view2,56,0.9791,9.16
view1,60,view2,57,0.9807,10.68
view1,60,view2,58,0.9837,10.84
view1,60,view2,59,0.9722,0.4
view1,60,view2,60,0.9815,0.0
view1,60,view2,61,0.9879,6.68
view1,60,view2,62,0.9863,1.52
view1,60,view2,63,0.9788,0.0
view1,60,view2,65,0.9793,0.0
view1,60,view2,66,0.9865,0.0
view1,60,view2,67,0.9929,0.0
view1,60,view2,68,0.9935,0.0
view1,60,view2,69,0.9928,2.2
view1,60,view2,70,0.9855,2.8
view1,60,view2,71,0.9794,3.08
view1,60,view2,72,0.9856,4.64
view1,60,view2,73,0.9841,4.68
view1,60,view2,74,0.9814,6.08
view1,60,view2,75,0.9823,6.92
view1,60,view2,76,0.9818,9.92
view1,60,view2,77,0.9833,11.76
view1,60,view2,78,0.9902,13.8
view1,60,view2,79,0.9812,14.4
view1,60,view2,80,0.9786,17.12
view1,60,view2,82,0.9807,18.72
view1,60,view2,83,0.9824,20.04
view1,60,view2,84,0.9803,20.16
view1,60,view2,85,0.9863,22.16
view1,60,view2,86,0.9815,25.28
view1,60,view2,87,0.9845,26.36
view1,60,view2,88,0.9806,26.88
view1,60,view2,89,0.9828,26.96
view1,60,view2,91,0.9856,31.0
view1,60,view2,92,0.9862,33.4
view1,60,view2,93,0.979,34.36
view1,60,view2,94,0.9867,35.84
view1,60,view2,95,0.9814,36.84
view1,60,view2,96,0.9856,37.12
view1,60,view2,97,0.9842,41.52
view1,60,view3,1,0.9778,75.0
view1,60,view3,2,0.9721,98.32
view1,60,view3,3,0.9811,74.4
view1,60,view3,4,0.9818,83.12
view1,60,view3,6,0.9797,78.04
view1,60,view3,7,0.9733,75.72
view1,60,view3,8,0.9757,66.28
view1,60,view3,9,0.9776,69.64
view1,60,view3,11,0.9774,48.0
view1,60,view3,12,0.9778,49.76
view1,60,view3,13,0.966,64.52
view1,60,view3,14,0.9737,40.08
view1,60,view3,15,0.9767,53.44
view1,60,view3,16,0.9865,37.12
view1,60,view3,17,0.9799,44.24
view1,60,view3,18,0.9726,49.72
view1,60,view3,19,0.973,18.48
view1,60,view3,20,0.9779,40.6
view1,60,view3,21,0.9743,40.96
view1,60,view3,22,0.9688,31.48
view1,60,view3,23,0.9729,24.76
view1,60,view3,24,0.9848,27.68
view1,60,view3,25,0.9812,32.2
view1,60,view3,27,0.9792,5.48
view1,60,view3,28,0.9735,28.0
view1,60,view3,29,0.9785,12.76
view1,60,view3,30,0.9841,22.8
view1,60,view3,31,0.973,0.0
view1,60,view3,32,0.979,18.64
view1,60,view3,33,0.9773,11.72
view1,60,view3,34,0.9726,7.28
view1,60,view3,36,0.9718,3.12
view1,60,view3,37,0.972,5.24
view1,60,view3,38,0.9781,2.24
view1,60,view3,39,0.9797,0.0
view1,60,view3,40,0.9712,0.92
view1,60,view3,42,0.9672,0.0
view1,60,view3,43,0.9806,0.0
view1,60,view3,45,0.9778,0.0
view1,60,view3,46,0.9781,0.08
view1,60,view3,47,0.985,1.44
view1,60,view3,48,0.9757,1.64
view1,60,view3,49,0.9825,3.28
view1,60,view3,50,0.9829,4.32
view1,60,view3,51,0.9841,8.04
view1,60,view3,52,0.9711,8.32
view1,60,view3,54,0.9748,9.88
view1,60,view3,55,0.9886,10.68
view1,60,view3,56,0.9712,16.32
view1,60,view3,57,0.9732,20.4
view1,60,view3,58,0.9737,21.48
view1,60,view3,59,0.9758,23.04
view1,60,view3,61,0.9778,27.24
view1,60,view3,62,0.9774,29.08
view1,60,view3,64,0.9759,35.24
view1,60,view3,65,0.972,35.72
view1,60,view3,66,0.9839,37.8
view1,60,view3,67,0.9808,41.56
view1,60,view3,68,0.9814,42.68
view1,61,view2,1,0.9983,0.0
view1,61,view2,2,0.9987,89.6
view1,61,view2,4,0.9977,98.12
view1,61,view2,5,0.9959,89.36
view1,61,view2,7,0.9838,92.28
view1,61,view2,8,0.9976,53.88
view1,61,view2,10,0.9991,66.24
view1,61,view2,13,0.9844,82.76
view1,61,view2,14,0.9989,65.68
view1,61,view2,15,0.9976,78.0
view1,61,view2,16,0.9955,73.88
view1,61,view2,17,0.9974,72.0
view1,61,view2,18,0.9978,37.92
view1,61,view2,19,0.9982,60.68
view1,61,view2,20,0.9978,59.52
view1,61,view2,21,0.998,48.2
view1,61,view2,23,0.9983,30.56
view1,61,view2,24,0.9953,52.72
view1,61,view2,25,0.9987,42.24
view1,61,view2,26,0.9983,44.8
view1,61,view2,28,0.9967,50.0
view1,61,view2,29,0.9971,29.08
view1,61,view2,30,0.9956,45.44
view1,61,view2,31,0.9978,43.68
view1,61,view2,32,0.9957,42.36
view1,61,view2,33,0.9982,40.12
view1,61,view2,34,0.9972,39.96
view1,61,view2,35,0.9988,17.8
view1,61,view2,36,0.9934,37.92
view1,61,view2,37,0.9928,37.16
view1,61,view2,38,0.9979,29.0
view1,61,view2,39,0.9908,33.72
view1,61,view2,42,0.9967,30.56
view1,61,view2,43,0.9956,23.24
view1,61,view2,44,0.9926,22.12
view1,61,view2,45,0.9988,26.0
view1,61,view2,46,0.9983,22.16
view1,61,view2,47,0.9986,7.24
view1,61,view2,49,0.9988,3.04
view1,61,view2,50,0.997,20.76
view1,61,view2,51,0.9972,11.12
view1,61,view2,52,0.9969,17.96
view1,61,view2,53,0.9982,0.0
view1,61,view2,54,0.9949,16.44
view1,61,view2,55,0.9979,7.56
view1,61,view2,56,0.9987,10.68
view1,61,view2,57,0.9977,12.2
view1,61,view2,58,0.998,12.36
view1,61,view2,59,0.9971,1.92
view1,61,view2,60,0.9975,0.0
view1,61,view2,61,0.9961,8.2
view1,61,view2,62,0.9926,3.04
view1,61,view2,63,0.9991,0.0
view1,61,view2,65,0.9987,0.0
view1,61,view2,66,0.9972,0.8
view1,61,view2,67,0.9913,1.32
view1,61,view2,68,0.9903,2.16
view1,61,view2,69,0.9884,4.68
view1,61,view2,70,0.9967,5.28
view1,61,view2,71,0.9955,5.56
view1,61,view2,72,0.9969,7.12
view1,61,view2,73,0.994,7.16
view1,61,view2,74,0.9989,8.56
view1,61,view2,75,0.9974,9.4
view1,61,view2,76,0.9976,12.4
view1,61,view2,77,0.9917,14.24
view1,61,view2,78,0.9952,16.28
view1,61,view2,79,0.9991,16.88
view1,61,view2,80,0.9987,19.6
view1,61,view2,82,0.9988,21.2
view1,61,view2,83,0.9988,22.52
view1,61,view2,84,0.9992,22.64
view1,61,view2,85,0.995,24.64
view1,61,view2,86,0.9959,27.76
view1,61,view2,87,0.9982,28.84
view1,61,view2,88,0.9973,29.36
view1,61,view2,89,0.995,29.44
view1,61,view2,91,0.9977,33.48
view1,61,view2,92,0.9943,35.88
view1,61,view2,93,0.9988,36.84
view1,61,view2,94,0.9964,38.32
view1,61,view2,95,0.9982,39.32
view1,61,view2,96,0.9934,39.6
view1,61,view2,97,0.997,44.0
view1,61,view3,1,0.9972,76.52
view1,61,view3,2,0.9972,99.84
view1,61,view3,3,0.9988,75.92
view1,61,view3,4,0.9987,84.64
view1,61,view3,6,0.9986,79.56
view1,61,view3,7,0.9985,77.24
view1,61,view3,8,0.9989,67.8
view1,61,view3,9,0.9982,71.16
view1,61,view3,11,0.9988,49.52
view1,61,view3,12,0.9981,51.28
view1,61,view3,13,0.9971,66.04
view1,61,view3,14,0.9989,41.6
view1,61,view3,15,0.9989,54.96
view1,61,view3,16,0.9975,38.64
view1,61,view3,17,0.9991,45.76
view1,61,view3,18,0.9982,51.24
view1,61,view3,19,0.9974,20.0
view1,61,view3,20,0.9981,42.12
view1,61,view3,21,0.9986,42.48
view1,61,view3,22,0.9981,33.0
view1,61,view3,23,0.9981,26.28
view1,61,view3,24,0.9972,29.2
view1,61,view3,25,0.9971,33.72
view1,61,view3,27,0.999,7.0
view1,61,view3,28,0.9978,29.52
view1,61,view3,29,0.999,14.28
view1,61,view3,30,0.9983,24.32
view1,61,view3,31,0.999,0.0
view1,61,view3,32,0.9987,20.16
view1,61,view3,33,0.9935,13.24
view1,61,view3,34,0.999,8.8
view1,61,view3,36,0.9987,4.64
view1,61,view3,37,0.9978,6.76
view1,61,view3,38,0.999,3.76
view1,61,view3,39,0.9989,0.0
view1,61,view3,40,0.9986,2.44
view1,61,view3,42,0.9978,0.0
view1,61,view3,43,0.9986,0.48
view1,61,view3,45,0.9989,2.24
view1,61,view3,46,0.9974,2.56
view1,61,view3,47,0.997,3.92
view1,61,view3,48,0.9988,4.12
view1,61,view3,49,0.9984,5.76
view1,61,view3,50,0.9985,6.8
view1,61,view3,51,0.9983,10.52
view1,61,view3,52,0.9979,10.8
view1,61,view3,54,0.999,12.36
view1,61,view3,55,0.9965,13.16
view1,61,view3,56,0.9977,18.8
view1,61,view3,57,0.9983,22.88
view1,61,view3,58,0.9955,23.96
view1,61,view3,59,0.999,25.52
view1,61,view3,61,0.9995,29.72
view1,61,view3,62,0.9983,31.56
view1,61,view3,64,0.999,37.72
view1,61,view3,65,0.9985,38.2
view1,61,view3,66,0.9965,40.28
view1,61,view3,67,0.9983,44.04
view1,61,view3,68,0.9983,45.16
view1,62,view2,1,0.998,0.0
view1,62,view2,2,0.9946,90.56
view1,62,view2,4,0.9905,99.08
view1,62,view2,5,0.998,90.32
view1,62,view2,7,0.9937,93.24
view1,62,view2,8,0.9944,54.84
view1,62,view2,10,0.9971,67.2
view1,62,view2,13,0.9945,83.72
view1,62,view2,14,0.9977,66.64
view1,62,view2,15,0.9927,78.96
view1,62,view2,16,0.9985,74.84
view1,62,view2,17,0.9976,72.96
view1,62,view2,18,0.9987,38.88
view1,62,view2,19,0.9981,61.64
view1,62,view2,20,0.9974,60.48
view1,62,view2,21,0.9983,49.16
view1,62,view2,23,0.9982,31.52
view1,62,view2,24,0.9989,53.68
view1,62,view2,25,0.9966,43.2
view1,62,view2,26,0.9955,45.76
view1,62,view2,28,0.998,50.96
view1,62,view2,29,0.9986,30.04
view1,62,view2,30,0.998,46.4
view1,62,view2,31,0.9976,44.64
view1,62,view2,32,0.9983,43.32
view1,62,view2,33,0.9974,41.08
view1,62,view2,34,0.9973,40.92
view1,62,view2,35,0.9949,18.76
view1,62,view2,36,0.9976,38.88
view1,62,view2,37,0.9963,38.12
view1,62,view2,38,0.9981,29.96
view1,62,view2,39,0.9948,34.68
view1,62,view2,42,0.9952,31.52
view1,62,view2,43,0.998,24.2
view1,62,view2,44,0.9959,23.08
view1,62,view2,45,0.9978,26.96
view1,62,view2,46,0.9966,23.12
view1,62,view2,47,0.9978,8.2
view1,62,view2,49,0.9983,4.0
view1,62,view2,50,0.9973,21.72
view1,62,view2,51,0.9985,12.08
view1,62,view2,52,0.9961,18.92
view1,62,view2,53,0.9965,0.0
view1,62,view2,54,0.998,17.4
view1,62,view2,55,0.9985,8.52
view1,62,view2,56,0.9962,11.64
view1,62,view2,57,0.9963,13.16
view1,62,view2,58,0.9975,13.32
view1,62,view2,59,0.9931,2.88
view1,62,view2,60,0.9971,0.0
view1,62,view2,61,0.9981,9.16
view1,62,view2,62,0.9968,4.0
view1,62,view2,63,0.9966,0.0
view1,62,view2,65,0.9967,0.0
view1,62,view2,66,0.9985,0.0
view1,62,view2,67,0.9974,0.0
view1,62,view2,68,0.9967,0.0
view1,62,view2,69,0.9962,0.0
view1,62,view2,70,0.9976,0.0
view1,62,view2,71,0.995,0.0
view1,62,view2,72,0.998,1.08
view1,62,view2,73,0.9959,1.12
view1,62,view2,74,0.9972,2.52
view1,62,view2,75,0.9973,3.36
view1,62,view2,76,0.9968,6.36
view1,62,view2,77,0.9946,8.2
view1,62,view2,78,0.9985,10.24
view1,62,view2,79,0.9975,10.84
view1,62,view2,80,0.9958,13.56
view1,62,view2,82,0.9978,15.16
view1,62,view2,83,0.9978,16.48
view1,62,view2,84,0.9973,16.6
view1,62,view2,85,0.9966,18.6
view1,62,view2,86,0.9967,21.72
view1,62,view2,87,0.9985,22.8
view1,62,view2,88,0.997,23.32
view1,62,view2,89,0.9956,23.4
view1,62,view2,91,0.9983,27.44
view1,62,view2,92,0.9972,29.84
view1,62,view2,93,0.996,30.8
view1,62,view2,94,0.9977,32.28
view1,62,view2,95,0.9968,33.28
view1,62,view2,96,0.9965,33.56
view1,62,view2,97,0.9971,37.96
view1,62,view3,1,0.9954,77.48
view1,62,view3,2,0.9928,100.8
view1,62,view3,3,0.9972,76.88
view1,62,view3,4,0.9972,85.6
view1,62,view3,6,0.9964,80.52
view1,62,view3,7,0.9934,78.2
view1,62,view3,8,0.9947,68.76
view1,62,view3,9,0.9956,72.12
view1,62,view3,11,0.996,50.48
view1,62,view3,12,0.9954,52.24
view1,62,view3,13,0.9896,67.0
view1,62,view3,14,0.9938,42.56
view1,62,view3,15,0.9956,55.92
view1,62,view3,16,0.9983,39.6
view1,62,view3,17,0.9969,46.72
view1,62,view3,18,0.9939,52.2
view1,62,view3,19,0.9933,20.96
view1,62,view3,20,0.9959,43.08
view1,62,view3,21,0.9941,43.44
view1,62,view3,22,0.9912,33.96
view1,62,view3,23,0.9941,27.24
view1,62,view3,24,0.9974,30.16
view1,62,view3,25,0.9956,34.68
view1,62,view3,27,0.9964,7.96
view1,62,view3,28,0.9935,30.48
view1,62,view3,29,0.9959,15.24
view1,62,view3,30,0.998,25.28
view1,62,view3,31,0.9943,0.0
view1,62,view3,32,0.9966,21.12
view1,62,view3,33,0.9938,14.2
view1,62,view3,34,0.994,9.76
view1,62,view3,36,0.9938,5.6
view1,62,view3,37,0.993,7.72
view1,62,view3,38,0.9957,4.72
view1,62,view3,39,0.9966,0.0
view1,62,view3,40,0.9934,3.4
view1,62,view3,42,0.9906,0.0
view1,62,view3,43,0.9964,0.0
view1,62,view3,45,0.9959,0.0
view1,62,view3,46,0.9946,0.0
view1,62,view3,47,0.9972,0.0
view1,62,view3,48,0.9946,0.0
view1,62,view3,49,0.9971,0.0
view1,62,view3,50,0.9979,0.76
view1,62,view3,51,0.998,4.48
view1,62,view3,52,0.9929,4.76
view1,62,view3,54,0.9949,6.32
view1,62,view3,55,0.9989,7.12
view1,62,view3,56,0.9927,12.76
view1,62,view3,57,0.9936,16.84
view1,62,view3,58,0.9919,17.92
view1,62,view3,59,0.9949,19.48
view1,62,view3,61,0.9963,23.68
view1,62,view3,62,0.995,25.52
view1,62,view3,64,0.9952,31.68
view1,62,view3,65,0.9939,32.16
view1,62,view3,66,0.9968,34.24
view1,62,view3,67,0.9966,38.0
view1,62,view3,68,0.9971,39.12
view1,63,view2,1,0.9982,0.0
view1,63,view2,2,0.9973,91.92
view1,63,view2,4,0.9959,100.44
view1,63,view2,5,0.9956,91.68
view1,63,view2,7,0.9845,94.6
view1,63,view2,8,0.9955,56.2
view1,63,view2,10,0.9988,68.56
view1,63,view2,13,0.9854,85.08
view1,63,view2,14,0.9985,68.0
view1,63,view2,15,0.9959,80.32
view1,63,view2,16,0.9957,76.2
view1,63,view2,17,0.9967,74.32
view1,63,view2,18,0.9975,40.24
view1,63,view2,19,0.9986,63.0
view1,63,view2,20,0.9971,61.84
view1,63,view2,21,0.9973,50.52
view1,63,view2,23,0.9978,32.88
view1,63,view2,24,0.9949,55.04
view1,63,view2,25,0.9978,44.56
view1,63,view2,26,0.9975,47.12
view1,63,view2,28,0.9966,52.32
view1,63,view2,29,0.9967,31.4
view1,63,view2,30,0.9956,47.76
view1,63,view2,31,0.998,46.0
view1,63,view2,32,0.996,44.68
view1,63,view2,33,0.9978,42.44
view1,63,view2,34,0.9964,42.28
view1,63,view2,35,0.9977,20.12
view1,63,view2,36,0.9943,40.24
view1,63,view2,37,0.9924,39.48
view1,63,view2,38,0.9976,31.32
view1,63,view2,39,0.9908,36.04
view1,63,view2,42,0.9957,32.88
view1,63,view2,43,0.9952,25.56
view1,63,view2,44,0.9926,24.44
view1,63,view2,45,0.998,28.32
view1,63,view2,46,0.9987,24.48
view1,63,view2,47,0.9981,9.56
view1,63,view2,49,0.998,5.36
view1,63,view2,50,0.9975,23.08
view1,63,view2,51,0.9971,13.44
view1,63,view2,52,0.9954,20.28
view1,63,view2,53,0.9971,0.0
view1,63,view2,54,0.9943,18.76
view1,63,view2,55,0.9981,9.88
view1,63,view2,56,0.9983,13.0
view1,63,view2,57,0.9984,14.52
view1,63,view2,58,0.9981,14.68
view1,63,view2,59,0.9956,4.24
view1,63,view2,60,0.996,0.0
view1,63,view2,61,0.9968,10.52
view1,63,view2,62,0.992,5.36
view1,63,view2,63,0.9984,1.32
view1,63,view2,65,0.9981,0.0
view1,63,view2,66,0.9972,0.0
view1,63,view2,67,0.9918,0.0
view1,63,view2,68,0.9916,0.2
view1,63,view2,69,0.9879,2.72
view1,63,view2,70,0.9965,3.32
view1,63,view2,71,0.9936,3.6
view1,63,view2,72,0.9972,5.16
view1,63,view2,73,0.9938,5.2
view1,63,view2,74,0.9985,6.6
view1,63,view2,75,0.9968,7.44
view1,63,view2,76,0.9983,10.44
view1,63,view2,77,0.992,12.28
view1,63,view2,78,0.9951,14.32
view1,63,view2,79,0.9982,14.92
view1,63,view2,80,0.9979,17.64
view1,63,view2,82,0.9982,19.24
view1,63,view2,83,0.9982,20.56
view1,63,view2,84,0.9986,20.68
view1,63,view2,85,0.9952,22.68
view1,63,view2,86,0.9947,25.8
view1,63,view2,87,0.9981,26.88
view1,63,view2,88,0.996,27.4
view1,63,view2,89,0.9956,27.48
view1,63,view2,91,0.9971,31.52
view1,63,view2,92,0.9935,33.92
view1,63,view2,93,0.9992,34.88
view1,63,view2,94,0.9966,36.36
view1,63,view2,95,0.9989,37.36
view1,63,view2,96,0.9929,37.64
view1,63,view2,97,0.9975,42.04
view1,63,view3,1,0.9957,78.84
view1,63,view3,2,0.9952,102.16
view1,63,view3,3,0.9984,78.24
view1,63,view3,4,0.9979,86.96
view1,63,view3,6,0.9978,81.88
view1,63,view3,7,0.9981,79.56
view1,63,view3,8,0.9987,70.12
view1,63,view3,9,0.9981,73.48
view1,63,view3,11,0.9978,51.84
view1,63,view3,12,0.997,53.6
view1,63,view3,13,0.9972,68.36
view1,63,view3,14,0.9977,43.92
view1,63,view3,15,0.9979,57.28
view1,63,view3,16,0.9972,40.96
view1,63,view3,17,0.9987,48.08
view1,63,view3,18,0.9974,53.56
view1,63,view3,19,0.9956,22.32
view1,63,view3,20,0.9969,44.44
view1,63,view3,21,0.9983,44.8
view1,63,view3,22,0.9968,35.32
view1,63,view3,23,0.9968,28.6
view1,63,view3,24,0.9965,31.52
view1,63,view3,25,0.9976,36.04
view1,63,view3,27,0.9983,9.32
view1,63,view3,28,0.9984,31.84
view1,63,view3,29,0.999,16.6
view1,63,view3,30,0.9981,26.64
view1,63,view3,31,0.998,0.0
view1,63,view3,32,0.9986,22.48
view1,63,view3,33,0.9911,15.56
view1,63,view3,34,0.9983,11.12
view1,63,view3,36,0.9977,6.96
view1,63,view3,37,0.9959,9.08
view1,63,view3,38,0.9976,6.08
view1,63,view3,39,0.9984,0.0
view1,63,view3,40,0.9976,4.76
view1,63,view3,42,0.9971,0.0
view1,63,view3,43,0.9986,0.0
view1,63,view3,45,0.9974,0.28
view1,63,view3,46,0.9968,0.6
view1,63,view3,47,0.9975,1.96
view1,63,view3,48,0.9977,2.16
view1,63,view3,49,0.9987,3.8
view1,63,view3,50,0.9982,4.84
view1,63,view3,51,0.9987,8.56
view1,63,view3,52,0.9965,8.84
view1,63,view3,54,0.9986,10.4
view1,63,view3,55,0.9964,11.2
view1,63,view3,56,0.9958,16.84
view1,63,view3,57,0.9967,20.92
view1,63,view3,58,0.9945,22.0
view1,63,view3,59,0.9978,23.56
view1,63,view3,61,0.9988,27.76
view1,63,view3,62,0.9983,29.6
view1,63,view3,64,0.9984,35.76
view1,63,view3,65,0.9976,36.24
view1,63,view3,66,0.996,38.32
view1,63,view3,67,0.9989,42.08
view1,63,view3,68,0.9976,43.2
view1,64,view2,1,0.9992,0.0
view1,64,view2,2,0.9977,93.72
view1,64,view2,4,0.9941,102.24
view1,64,view2,5,0.9971,93.48
view1,64,view2,7,0.989,96.4
view1,64,view2,8,0.9969,58.0
view1,64,view2,10,0.999,70.36
view1,64,view2,13,0.9897,86.88
view1,64,view2,14,0.9993,69.8
view1,64,view2,15,0.9946,82.12
view1,64,view2,16,0.9979,78.0
view1,64,view2,17,0.9982,76.12
view1,64,view2,18,0.9994,42.04
view1,64,view2,19,0.9984,64.8
view1,64,view2,20,0.9994,63.64
view1,64,view2,21,0.9987,52.32
view1,64,view2,23,0.9995,34.68
view1,64,view2,24,0.9972,56.84
view1,64,view2,25,0.9991,46.36
view1,64,view2,26,0.9983,48.92
view1,64,view2,28,0.9971,54.12
view1,64,view2,29,0.9991,33.2
view1,64,view2,30,0.9985,49.56
view1,64,view2,31,0.9981,47.8
view1,64,view2,32,0.9981,46.48
view1,64,view2,33,0.9992,44.24
view1,64,view2,34,0.9991,44.08
view1,64,view2,35,0.998,21.92
view1,64,view2,36,0.996,42.04
view1,64,view2,37,0.9974,41.28
view1,64,view2,38,0.9988,33.12
view1,64,view2,39,0.9962,37.84
view1,64,view2,42,0.9973,34.68
view1,64,view2,43,0.9989,27.36
view1,64,view2,44,0.9977,26.24
view1,64,view2,45,0.9984,30.12
view1,64,view2,46,0.9986,26.28
view1,64,view2,47,0.9993,11.36
view1,64,view2,49,0.9991,7.16
view1,64,view2,50,0.9993,24.88
view1,64,view2,51,0.9992,15.24
view1,64,view2,52,0.9984,22.08
view1,64,view2,53,0.9994,0.0
view1,64,view2,54,0.9967,20.56
view1,64,view2,55,0.9986,11.68
view1,64,view2,56,0.9989,14.8
view1,64,view2,57,0.997,16.32
view1,64,view2,58,0.9983,16.48
view1,64,view2,59,0.9967,6.04
view1,64,view2,60,0.9993,0.0
view1,64,view2,61,0.9974,12.32
view1,64,view2,62,0.997,7.16
view1,64,view2,63,0.9991,3.12
view1,64,view2,65,0.9993,0.0
view1,64,view2,66,0.9991,0.0
view1,64,view2,67,0.9951,0.24
view1,64,view2,68,0.9936,0.84
view1,64,view2,69,0.9936,0.0
view1,64,view2,70,0.9984,0.0
view1,64,view2,71,0.9965,0.0
view1,64,view2,72,0.999,0.0
view1,64,view2,73,0.9984,0.0
view1,64,view2,74,0.9986,0.0
view1,64,view2,75,0.9997,0.0
view1,64,view2,76,0.9977,0.0
view1,64,view2,77,0.9971,0.0
view1,64,view2,78,0.998,0.0
view1,64,view2,79,0.9991,0.0
view1,64,view2,80,0.998,0.0
view1,64,view2,82,0.999,0.0
view1,64,view2,83,0.9995,0.0
view1,64,view2,84,0.9988,0.0
view1,64,view2,85,0.9948,0.0
view1,64,view2,86,0.9981,0.0
view1,64,view2,87,0.9995,0.0
view1,64,view2,88,0.9988,0.0
view1,64,view2,89,0.9982,0.0
view1,64,view2,91,0.9976,3.08
view1,64,view2,92,0.9984,5.48
view1,64,view2,93,0.9982,6.44
view1,64,view2,94,0.9978,7.92
view1,64,view2,95,0.9981,8.92
view1,64,view2,96,0.9977,9.2
view1,64,view2,97,0.9989,13.6
view1,64,view3,1,0.9984,80.64
view1,64,view3,2,0.9958,103.96
view1,64,view3,3,0.9985,80.04
view1,64,view3,4,0.9992,88.76
view1,64,view3,6,0.9987,83.68
view1,64,view3,7,0.9965,81.36
view1,64,view3,8,0.9976,71.92
view1,64,view3,9,0.9983,75.28
view1,64,view3,11,0.9988,53.64
view1,64,view3,12,0.9985,55.4
view1,64,view3,13,0.9947,70.16
view1,64,view3,14,0.9976,45.72
view1,64,view3,15,0.9986,59.08
view1,64,view3,16,0.9982,42.76
view1,64,view3,17,0.999,49.88
view1,64,view3,18,0.9975,55.36
view1,64,view3,19,0.9963,24.12
view1,64,view3,20,0.9987,46.24
view1,64,view3,21,0.9979,46.6
view1,64,view3,22,0.9954,37.12
view1,64,view3,23,0.9974,30.4
view1,64,view3,24,0.9986,33.32
view1,64,view3,25,0.998,37.84
view1,64,view3,27,0.9992,11.12
view1,64,view3,28,0.997,33.64
view1,64,view3,29,0.998,18.4
view1,64,view3,30,0.9985,28.44
view1,64,view3,31,0.9979,1.76
view1,64,view3,32,0.9986,24.28
view1,64,view3,33,0.9937,17.36
view1,64,view3,34,0.9977,12.92
view1,64,view3,36,0.9974,8.76
view1,64,view3,37,0.9961,10.88
view1,64,view3,38,0.9981,7.88
view1,64,view3,39,0.9992,0.0
view1,64,view3,40,0.9966,6.56
view1,64,view3,42,0.9949,0.0
view1,64,view3,43,0.9984,0.0
view1,64,view3,45,0.9979,0.0
view1,64,view3,46,0.997,0.4
view1,64,view3,47,0.998,0.0
view1,64,view3,48,0.9977,0.0
view1,64,view3,49,0.9986,0.0
view1,64,view3,50,0.9986,0.0
view1,64,view3,51,0.9984,0.0
view1,64,view3,52,0.9969,0.0
view1,64,view3,54,0.9983,0.0
view1,64,view3,55,0.997,0.0
view1,64,view3,56,0.9961,0.0
view1,64,view3,57,0.9967,0.0
view1,64,view3,58,0.9964,0.0
view1,64,view3,59,0.9977,0.0
view1,64,view3,61,0.9986,0.0
view1,64,view3,62,0.9978,1.16
view1,64,view3,64,0.9982,7.32
view1,64,view3,65,0.997,7.8
view1,64,view3,66,0.9988,9.88
view1,64,view3,67,0.9981,13.64
view1,64,view3,68,0.9992,14.76
view1,66,view2,1,0.9986,0.0
view1,66,view2,2,0.9952,97.68
view1,66,view2,4,0.9903,106.2
view1,66,view2,5,0.9981,97.44
view1,66,view2,7,0.9925,100.36
view1,66,view2,8,0.9937,61.96
view1,66,view2,10,0.9967,74.32
view1,66,view2,13,0.993,90.84
view1,66,view2,14,0.9975,73.76
view1,66,view2,15,0.9918,86.08
view1,66,view2,16,0.9987,81.96
view1,66,view2,17,0.9975,80.08
view1,66,view2,18,0.9987,46.0
view1,66,view2,19,0.9974,68.76
view1,66,view2,20,0.9981,67.6
view1,66,view2,21,0.9984,56.28
view1,66,view2,23,0.9984,38.64
view1,66,view2,24,0.9976,60.8
view1,66,view2,25,0.9971,50.32
view1,66,view2,26,0.9961,52.88
view1,66,view2,28,0.9974,58.08
view1,66,view2,29,0.9986,37.16
view1,66,view2,30,0.9987,53.52
view1,66,view2,31,0.9968,51.76
view1,66,view2,32,0.999,50.44
view1,66,view2,33,0.9982,48.2
view1,66,view2,34,0.9983,48.04
view1,66,view2,35,0.9945,25.88
view1,66,view2,36,0.9975,46.0
view1,66,view2,37,0.9984,45.24
view1,66,view2,38,0.9988,37.08
view1,66,view2,39,0.9979,41.8
view1,66,view2,42,0.9948,38.64
view1,66,view2,43,0.9993,31.32
view1,66,view2,44,0.9979,30.2
view1,66,view2,45,0.9975,34.08
view1,66,view2,46,0.9965,30.24
view1,66,view2,47,0.9981,15.32
view1,66,view2,49,0.9978,11.12
view1,66,view2,50,0.9981,28.84
view1,66,view2,51,0.9988,19.2
view1,66,view2,52,0.9964,26.04
view1,66,view2,53,0.9971,0.0
view1,66,view2,54,0.997,24.52
view1,66,view2,55,0.9979,15.64
view1,66,view2,56,0.9974,18.76
view1,66,view2,57,0.9966,20.28
view1,66,view2,58,0.9966,20.44
view1,66,view2,59,0.993,10.0
view1,66,view2,60,0.9978,0.0
view1,66,view2,61,0.9978,16.28
view1,66,view2,62,0.9981,11.12
view1,66,view2,63,0.9971,7.08
view1,66,view2,65,0.9968,0.0
view1,66,view2,66,0.9989,0.0
view1,66,view2,67,0.9972,4.2
view1,66,view2,68,0.9954,4.8
view1,66,view2,69,0.996,1.44
view1,66,view2,70,0.998,1.44
view1,66,view2,71,0.9946,1.28
view1,66,view2,72,0.9985,0.0
view1,66,view2,73,0.998,0.0
view1,66,view2,74,0.9973,0.0
view1,66,view2,75,0.9985,0.0
view1,66,view2,76,0.9975,1.48
view1,66,view2,77,0.9976,3.32
view1,66,view2,78,0.9985,5.36
view1,66,view2,79,0.9974,5.96
view1,66,view2,80,0.9961,8.68
view1,66,view2,82,0.9974,10.28
view1,66,view2,83,0.998,11.6
view1,66,view2,84,0.9973,11.72
view1,66,view2,85,0.9964,13.72
view1,66,view2,86,0.997,16.84
view1,66,view2,87,0.9986,17.92
view1,66,view2,88,0.9967,18.44
view1,66,view2,89,0.9978,18.52
view1,66,view2,91,0.9961,22.56
view1,66,view2,92,0.9986,24.96
view1,66,view2,93,0.9959,25.92
view1,66,view2,94,0.9977,27.4
view1,66,view2,95,0.9969,28.4
view1,66,view2,96,0.9979,28.68
view1,66,view2,97,0.9983,33.08
view1,66,view3,1,0.9965,84.6
view1,66,view3,2,0.9924,107.92
view1,66,view3,3,0.997,84.0
view1,66,view3,4,0.9978,92.72
view1,66,view3,6,0.9966,87.64
view1,66,view3,7,0.993,85.32
view1,66,view3,8,0.9949,75.88
view1,66,view3,9,0.9958,79.24
view1,66,view3,11,0.9963,57.6
view1,66,view3,12,0.9955,59.36
view1,66,view3,13,0.9902,74.12
view1,66,view3,14,0.9944,49.68
view1,66,view3,15,0.9959,63.04
view1,66,view3,16,0.9982,46.72
view1,66,view3,17,0.9972,53.84
view1,66,view3,18,0.9943,59.32
view1,66,view3,19,0.9926,28.08
view1,66,view3,20,0.9965,50.2
view1,66,view3,21,0.9952,50.56
view1,66,view3,22,0.9912,41.08
view1,66,view3,23,0.9942,34.36
view1,66,view3,24,0.9978,37.28
view1,66,view3,25,0.9968,41.8
view1,66,view3,27,0.9973,15.08
view1,66,view3,28,0.9932,37.6
view1,66,view3,29,0.9954,22.36
view1,66,view3,30,0.9977,32.4
view1,66,view3,31,0.9948,5.72
view1,66,view3,32,0.9974,28.24
view1,66,view3,33,0.9926,21.32
view1,66,view3,34,0.9946,16.88
view1,66,view3,36,0.9942,12.72
view1,66,view3,37,0.9925,14.84
view1,66,view3,38,0.9963,11.84
view1,66,view3,39,0.9973,3.84
view1,66,view3,40,0.9934,10.52
view1,66,view3,42,0.9917,2.2
view1,66,view3,43,0.997,0.04
view1,66,view3,45,0.9956,0.0
view1,66,view3,46,0.9968,4.36
view1,66,view3,47,0.9979,2.4
view1,66,view3,48,0.9951,0.0
view1,66,view3,49,0.9967,0.0
view1,66,view3,50,0.9972,0.0
view1,66,view3,51,0.9975,0.0
view1,66,view3,52,0.993,0.0
view1,66,view3,54,0.9949,1.44
view1,66,view3,55,0.9971,2.24
view1,66,view3,56,0.9924,7.88
view1,66,view3,57,0.9928,11.96
view1,66,view3,58,0.9942,13.04
view1,66,view3,59,0.9953,14.6
view1,66,view3,61,0.9965,18.8
view1,66,view3,62,0.995,20.64
view1,66,view3,64,0.9956,26.8
view1,66,view3,65,0.9939,27.28
view1,66,view3,66,0.9978,29.36
view1,66,view3,67,0.9959,33.12
view1,66,view3,68,0.9977,34.24
view1,67,view2,1,0.9956,0.0
view1,67,view2,2,0.9986,99.0
view1,67,view2,4,0.9962,107.52
view1,67,view2,5,0.9915,98.76
view1,67,view2,7,0.9788,101.68
view1,67,view2,8,0.9998,63.28
view1,67,view2,10,0.997,75.64
view1,67,view2,13,0.9798,92.16
view1,67,view2,14,0.9971,75.08
view1,67,view2,15,0.9964,87.4
view1,67,view2,16,0.9924,83.28
view1,67,view2,17,0.9943,81.4
view1,67,view2,18,0.9956,47.32
view1,67,view2,19,0.9953,70.08
view1,67,view2,20,0.9966,68.92
view1,67,view2,21,0.9949,57.6
view1,67,view2,23,0.9967,39.96
view1,67,view2,24,0.9927,62.12
view1,67,view2,25,0.9975,51.64
view1,67,view2,26,0.997,54.2
view1,67,view2,28,0.9926,59.4
view1,67,view2,29,0.9958,38.48
view1,67,view2,30,0.9927,54.84
view1,67,view2,31,0.9954,53.08
view1,67,view2,32,0.9922,51.76
view1,67,view2,33,0.9956,49.52
view1,67,view2,34,0.9951,49.36
view1,67,view2,35,0.9995,27.2
view1,67,view2,36,0.989,47.32
view1,67,view2,37,0.9906,46.56
view1,67,view2,38,0.995,38.4
view1,67,view2,39,0.9876,43.12
view1,67,view2,42,0.9968,39.96
view1,67,view2,43,0.9932,32.64
view1,67,view2,44,0.991,31.52
view1,67,view2,45,0.9959,35.4
view1,67,view2,46,0.9968,31.56
view1,67,view2,47,0.9964,16.64
view1,67,view2,49,0.9967,12.44
view1,67,view2,50,0.9944,30.16
view1,67,view2,51,0.9951,20.52
view1,67,view2,52,0.9967,27.36
view1,67,view2,53,0.9981,0.64
view1,67,view2,54,0.9927,25.84
view1,67,view2,55,0.9948,16.96
view1,67,view2,56,0.996,20.08
view1,67,view2,57,0.9936,21.6
view1,67,view2,58,0.9956,21.76
view1,67,view2,59,0.9993,11.32
view1,67,view2,60,0.9974,0.0
view1,67,view2,61,0.9921,17.6
view1,67,view2,62,0.9902,12.44
view1,67,view2,63,0.9968,8.4
view1,67,view2,65,0.9984,0.0
view1,67,view2,66,0.9943,0.0
view1,67,view2,67,0.9873,5.52
view1,67,view2,68,0.9856,6.12
view1,67,view2,69,0.9854,2.76
view1,67,view2,70,0.9944,2.76
view1,67,view2,71,0.9962,2.6
view1,67,view2,72,0.9948,0.72
view1,67,view2,73,0.9921,1.16
view1,67,view2,74,0.9965,0.0
view1,67,view2,75,0.9961,0.0
view1,67,view2,76,0.9933,0.0
view1,67,view2,77,0.9895,0.0
view1,67,view2,78,0.9925,0.0
view1,67,view2,79,0.9973,0.0
view1,67,view2,80,0.9965,0.0
view1,67,view2,82,0.9974,0.0
view1,67,view2,83,0.9975,0.0
view1,67,view2,84,0.9974,0.0
view1,67,view2,85,0.9896,0.68
view1,67,view2,86,0.9951,3.8
view1,67,view2,87,0.9959,4.88
view1,67,view2,88,0.9983,5.4
view1,67,view2,89,0.993,5.48
view1,67,view2,91,0.9969,9.52
view1,67,view2,92,0.9925,11.92
view1,67,view2,93,0.9965,12.88
view1,67,view2,94,0.9929,14.36
view1,67,view2,95,0.9944,15.36
view1,67,view2,96,0.9911,15.64
view1,67,view2,97,0.994,20.04
view1,67,view3,1,0.9983,85.92
view1,67,view3,2,0.9993,109.24
view1,67,view3,3,0.9978,85.32
view1,67,view3,4,0.9964,94.04
view1,67,view3,6,0.9963,88.96
view1,67,view3,7,0.9979,86.64
view1,67,view3,8,0.9966,77.2
view1,67,view3,9,0.9978,80.56
view1,67,view3,11,0.9979,58.92
view1,67,view3,12,0.999,60.68
view1,67,view3,13,0.9954,75.44
view1,67,view3,14,0.9982,51.0
view1,67,view3,15,0.9977,64.36
view1,67,view3,16,0.9941,48.04
view1,67,view3,17,0.9974,55.16
view1,67,view3,18,0.9985,60.64
view1,67,view3,19,0.9994,29.4
view1,67,view3,20,0.9973,51.52
view1,67,view3,21,0.9967,51.88
view1,67,view3,22,0.9973,42.4
view1,67,view3,23,0.9983,35.68
view1,67,view3,24,0.9953,38.6
view1,67,view3,25,0.9949,43.12
view1,67,view3,27,0.997,16.4
view1,67,view3,28,0.9968,38.92
view1,67,view3,29,0.9972,23.68
view1,67,view3,30,0.9958,33.72
view1,67,view3,31,0.9982,7.04
view1,67,view3,32,0.9965,29.56
view1,67,view3,33,0.9958,22.64
view1,67,view3,34,0.9976,18.2
view1,67,view3,36,0.9976,14.04
view1,67,view3,37,0.9992,16.16
view1,67,view3,38,0.9968,13.16
view1,67,view3,39,0.9972,5.16
view1,67,view3,40,0.9976,11.84
view1,67,view3,42,0.9949,3.52
view1,67,view3,43,0.9963,1.36
view1,67,view3,45,0.9989,0.0
view1,67,view3,46,0.9936,5.68
view1,67,view3,47,0.9938,3.72
view1,67,view3,48,0.9966,0.0
view1,67,view3,49,0.9966,0.0
view1,67,view3,50,0.9969,0.0
view1,67,view3,51,0.9954,0.0
view1,67,view3,52,0.9992,0.0
view1,67,view3,54,0.9982,0.0
view1,67,view3,55,0.9937,0.0
view1,67,view3,56,0.9993,0.0
view1,67,view3,57,0.9995,0.0
view1,67,view3,58,0.995,0.0
view1,67,view3,59,0.9966,1.56
view1,67,view3,61,0.9979,5.76
view1,67,view3,62,0.9972,7.6
view1,67,view3,64,0.9981,13.76
view1,67,view3,65,0.9979,14.24
view1,67,view3,66,0.9949,16.32
view1,67,view3,67,0.9964,20.08
view1,67,view3,68,0.996,21.2
view1,68,view2,1,0.9961,0.0
view1,68,view2,2,0.9975,99.08
view1,68,view2,4,0.9976,107.6
view1,68,view2,5,0.992,98.84
view1,68,view2,7,0.978,101.76
view1,68,view2,8,0.9966,63.36
view1,68,view2,10,0.9983,75.72
view1,68,view2,13,0.979,92.24
view1,68,view2,14,0.9975,75.16
view1,68,view2,15,0.9968,87.48
view1,68,view2,16,0.9923,83.36
view1,68,view2,17,0.995,81.48
view1,68,view2,18,0.9955,47.4
view1,68,view2,19,0.9965,70.16
view1,68,view2,20,0.996,69.0
view1,68,view2,21,0.9951,57.68
view1,68,view2,23,0.9964,40.04
view1,68,view2,24,0.9919,62.2
view1,68,view2,25,0.9973,51.72
view1,68,view2,26,0.997,54.28
view1,68,view2,28,0.993,59.48
view1,68,view2,29,0.9946,38.56
view1,68,view2,30,0.9927,54.92
view1,68,view2,31,0.9966,53.16
view1,68,view2,32,0.9923,51.84
view1,68,view2,33,0.9961,49.6
view1,68,view2,34,0.995,49.44
view1,68,view2,35,0.9986,27.28
view1,68,view2,36,0.9896,47.4
view1,68,view2,37,0.9895,46.64
view1,68,view2,38,0.9951,38.48
view1,68,view2,39,0.987,43.2
view1,68,view2,42,0.9957,40.04
view1,68,view2,43,0.9926,32.72
view1,68,view2,44,0.9898,31.6
view1,68,view2,45,0.9965,35.48
view1,68,view2,46,0.9978,31.64
view1,68,view2,47,0.997,16.72
view1,68,view2,49,0.9969,12.52
view1,68,view2,50,0.995,30.24
view1,68,view2,51,0.995,20.6
view1,68,view2,52,0.9955,27.44
view1,68,view2,53,0.9971,0.72
view1,68,view2,54,0.9914,25.92
view1,68,view2,55,0.9954,17.04
view1,68,view2,56,0.9975,20.16
view1,68,view2,57,0.9951,21.68
view1,68,view2,58,0.997,21.84
view1,68,view2,59,0.9967,11.4
view1,68,view2,60,0.9954,0.0
view1,68,view2,61,0.9931,17.68
view1,68,view2,62,0.9893,12.52
view1,68,view2,63,0.9979,8.48
view1,68,view2,65,0.9979,0.0
view1,68,view2,66,0.9944,0.0
view1,68,view2,67,0.9867,5.6
view1,68,view2,68,0.9863,6.2
view1,68,view2,69,0.9835,2.84
view1,68,view2,70,0.9945,2.84
view1,68,view2,71,0.994,2.68
view1,68,view2,72,0.9948,0.8
view1,68,view2,73,0.9916,1.24
view1,68,view2,74,0.9968,0.0
view1,68,view2,75,0.9957,0.64
view1,68,view2,76,0.9952,3.64
view1,68,view2,77,0.9889,5.48
view1,68,view2,78,0.992,7.52
view1,68,view2,79,0.9973,8.12
view1,68,view2,80,0.9976,10.84
view1,68,view2,82,0.997,12.44
view1,68,view2,83,0.997,13.76
view1,68,view2,84,0.9973,13.88
view1,68,view2,85,0.9905,15.88
view1,68,view2,86,0.9938,19.0
view1,68,view2,87,0.996,20.08
view1,68,view2,88,0.9957,20.6
view1,68,view2,89,0.9925,20.68
view1,68,view2,91,0.9956,24.72
view1,68,view2,92,0.9913,27.12
view1,68,view2,93,0.9985,28.08
view1,68,view2,94,0.9941,29.56
view1,68,view2,95,0.9967,30.56
view1,68,view2,96,0.9907,30.84
view1,68,view2,97,0.9949,35.24
view1,68,view3,1,0.9959,86.0
view1,68,view3,2,0.9962,109.32
view1,68,view3,3,0.9969,85.4
view1,68,view3,4,0.9967,94.12
view1,68,view3,6,0.9971,89.04
view1,68,view3,7,0.9987,86.72
view1,68,view3,8,0.9985,77.28
view1,68,view3,9,0.9974,80.64
view1,68,view3,11,0.9976,59.0
view1,68,view3,12,0.9975,60.76
view1,68,view3,13,0.9989,75.52
view1,68,view3,14,0.9986,51.08
view1,68,view3,15,0.9978,64.44
view1,68,view3,16,0.9945,48.12
view1,68,view3,17,0.9975,55.24
view1,68,view3,18,0.9974,60.72
view1,68,view3,19,0.9967,29.48
view1,68,view3,20,0.9966,51.6
view1,68,view3,21,0.9981,51.96
view1,68,view3,22,0.9989,42.48
view1,68,view3,23,0.9974,35.76
view1,68,view3,24,0.9948,38.68
view1,68,view3,25,0.9956,43.2
view1,68,view3,27,0.9975,16.48
view1,68,view3,28,0.9992,39.0
view1,68,view3,29,0.9985,23.76
view1,68,view3,30,0.9959,33.8
view1,68,view3,31,0.9983,7.12
view1,68,view3,32,0.9968,29.64
view1,68,view3,33,0.9903,22.72
view1,68,view3,34,0.9983,18.28
view1,68,view3,36,0.9978,14.12
view1,68,view3,37,0.997,16.24
view1,68,view3,38,0.997,13.24
view1,68,view3,39,0.9976,5.24
view1,68,view3,40,0.9975,11.92
view1,68,view3,42,0.9971,3.6
view1,68,view3,43,0.9969,1.44
view1,68,view3,45,0.9975,0.0
view1,68,view3,46,0.9946,5.76
view1,68,view3,47,0.9944,3.8
view1,68,view3,48,0.9976,0.0
view1,68,view3,49,0.9975,0.0
view1,68,view3,50,0.9964,0.0
view1,68,view3,51,0.9961,1.76
view1,68,view3,52,0.9976,2.04
view1,68,view3,54,0.9988,3.6
view1,68,view3,55,0.9929,4.4
view1,68,view3,56,0.997,10.04
view1,68,view3,57,0.9984,14.12
view1,68,view3,58,0.9946,15.2
view1,68,view3,59,0.9977,16.76
view1,68,view3,61,0.9981,20.96
view1,68,view3,62,0.9982,22.8
view1,68,view3,64,0.9982,28.96
view1,68,view3,65,0.9976,29.44
view1,68,view3,66,0.9944,31.52
view1,68,view3,67,0.9975,35.28
view1,68,view3,68,0.9963,36.4
view1,69,view2,1,0.9977,0.0
view1,69,view2,2,0.9989,100.2
view1,69,view2,4,0.9975,108.72
view1,69,view2,5,0.9947,99.96
view1,69,view2,7,0.9833,102.88
view1,69,view2,8,0.9982,64.48
view1,69,view2,10,0.9987,76.84
view1,69,view2,13,0.9843,93.36
view1,69,view2,14,0.9988,76.28
view1,69,view2,15,0.9984,88.6
view1,69,view2,16,0.9954,84.48
view1,69,view2,17,0.9968,82.6
view1,69,view2,18,0.9971,48.52
view1,69,view2,19,0.9981,71.28
view1,69,view2,20,0.9973,70.12
view1,69,view2,21,0.9975,58.8
view1,69,view2,23,0.9981,41.16
view1,69,view2,24,0.9951,63.32
view1,69,view2,25,0.998,52.84
view1,69,view2,26,0.9972,55.4
view1,69,view2,28,0.9956,60.6
view1,69,view2,29,0.9974,39.68
view1,69,view2,30,0.9949,56.04
view1,69,view2,31,0.9981,54.28
view1,69,view2,32,0.9952,52.96
view1,69,view2,33,0.9976,50.72
view1,69,view2,34,0.9963,50.56
view1,69,view2,35,0.9992,28.4
view1,69,view2,36,0.9931,48.52
view1,69,view2,37,0.9922,47.76
view1,69,view2,38,0.9973,39.6
view1,69,view2,39,0.99,44.32
view1,69,view2,42,0.9961,41.16
view1,69,view2,43,0.9951,33.84
view1,69,view2,44,0.9922,32.72
view1,69,view2,45,0.9984,36.6
view1,69,view2,46,0.9988,32.76
view1,69,view2,47,0.9979,17.84
view1,69,view2,49,0.9984,13.64
view1,69,view2,50,0.9967,31.36
view1,69,view2,51,0.9968,21.72
view1,69,view2,52,0.9962,28.56
view1,69,view2,53,0.998,1.84
view1,69,view2,54,0.994,27.04
view1,69,view2,55,0.997,18.16
view1,69,view2,56,0.9981,21.28
view1,69,view2,57,0.9973,22.8
view1,69,view2,58,0.998,22.96
view1,69,view2,59,0.9976,12.52
view1,69,view2,60,0.997,0.0
view1,69,view2,61,0.9959,18.8
view1,69,view2,62,0.9918,13.64
view1,69,view2,63,0.9984,9.6
view1,69,view2,65,0.999,0.0
view1,69,view2,66,0.9968,0.0
view1,69,view2,67,0.9909,6.72
view1,69,view2,68,0.9903,7.32
view1,69,view2,69,0.9874,3.96
view1,69,view2,70,0.9963,3.96
view1,69,view2,71,0.9952,3.8
view1,69,view2,72,0.9968,1.92
view1,69,view2,73,0.9932,2.36
view1,69,view2,74,0.9987,0.0
view1,69,view2,75,0.9969,0.0
view1,69,view2,76,0.997,0.0
view1,69,view2,77,0.9914,0.0
view1,69,view2,78,0.995,0.0
view1,69,view2,79,0.9985,0.0
view1,69,view2,80,0.9986,0.0
view1,69,view2,82,0.9983,0.0
view1,69,view2,83,0.9986,0.0
view1,69,view2,84,0.9991,0.0
view1,69,view2,85,0.9941,1.6
view1,69,view2,86,0.9949,4.72
view1,69,view2,87,0.9978,5.8
view1,69,view2,88,0.9975,6.32
view1,69,view2,89,0.9951,6.4
view1,69,view2,91,0.9983,10.44
view1,69,view2,92,0.9938,12.84
view1,69,view2,93,0.9989,13.8
view1,69,view2,94,0.9963,15.28
view1,69,view2,95,0.9977,16.28
view1,69,view2,96,0.9927,16.56
view1,69,view2,97,0.9968,20.96
view1,69,view3,1,0.9977,87.12
view1,69,view3,2,0.9982,110.44
view1,69,view3,3,0.999,86.52
view1,69,view3,4,0.998,95.24
view1,69,view3,6,0.9975,90.16
view1,69,view3,7,0.9992,87.84
view1,69,view3,8,0.9988,78.4
view1,69,view3,9,0.9988,81.76
view1,69,view3,11,0.9981,60.12
view1,69,view3,12,0.9986,61.88
view1,69,view3,13,0.9969,76.64
view1,69,view3,14,0.999,52.2
view1,69,view3,15,0.9982,65.56
view1,69,view3,16,0.997,49.24
view1,69,view3,17,0.9989,56.36
view1,69,view3,18,0.9984,61.84
view1,69,view3,19,0.9984,30.6
view1,69,view3,20,0.9976,52.72
view1,69,view3,21,0.9983,53.08
view1,69,view3,22,0.9983,43.6
view1,69,view3,23,0.9976,36.88
view1,69,view3,24,0.9969,39.8
view1,69,view3,25,0.9971,44.32
view1,69,view3,27,0.9983,17.6
view1,69,view3,28,0.9983,40.12
view1,69,view3,29,0.9992,24.88
view1,69,view3,30,0.9975,34.92
view1,69,view3,31,0.9986,8.24
view1,69,view3,32,0.9983,30.76
view1,69,view3,33,0.9945,23.84
view1,69,view3,34,0.9984,19.4
view1,69,view3,36,0.998,15.24
view1,69,view3,37,0.9986,17.36
view1,69,view3,38,0.9983,14.36
view1,69,view3,39,0.9986,6.36
view1,69,view3,40,0.9983,13.04
view1,69,view3,42,0.9965,4.72
view1,69,view3,43,0.9986,2.56
view1,69,view3,45,0.9991,1.12
view1,69,view3,46,0.9962,6.88
view1,69,view3,47,0.997,4.92
view1,69,view3,48,0.998,0.0
view1,69,view3,49,0.9988,0.0
view1,69,view3,50,0.9984,0.0
view1,69,view3,51,0.9983,0.0
view1,69,view3,52,0.9981,0.0
view1,69,view3,54,0.9989,0.0
view1,69,view3,55,0.9965,0.0
view1,69,view3,56,0.9983,0.0
view1,69,view3,57,0.9991,0.0
view1,69,view3,58,0.9942,0.92
view1,69,view3,59,0.9979,2.48
view1,69,view3,61,0.9991,6.68
view1,69,view3,62,0.999,8.52
view1,69,view3,64,0.9991,14.68
view1,69,view3,65,0.9983,15.16
view1,69,view3,66,0.9963,17.24
view1,69,view3,67,0.9987,21.0
view1,69,view3,68,0.9974,22.12
view1,70,view2,1,0.9985,0.0
view1,70,view2,2,0.998,100.6
view1,70,view2,4,0.9948,109.12
view1,70,view2,5,0.9953,100.36
view1,70,view2,7,0.9849,103.28
view1,70,view2,8,0.9978,64.88
view1,70,view2,10,0.9988,77.24
view1,70,view2,13,0.9858,93.76
view1,70,view2,14,0.9987,76.68
view1,70,view2,15,0.9945,89.0
view1,70,view2,16,0.9958,84.88
view1,70,view2,17,0.9967,83.0
view1,70,view2,18,0.9987,48.92
view1,70,view2,19,0.9977,71.68
view1,70,view2,20,0.9995,70.52
view1,70,view2,21,0.9973,59.2
view1,70,view2,23,0.9985,41.56
view1,70,view2,24,0.9955,63.72
view1,70,view2,25,0.9998,53.24
view1,70,view2,26,0.9996,55.8
view1,70,view2,28,0.9961,61.0
view1,70,view2,29,0.9976,40.08
view1,70,view2,30,0.997,56.44
view1,70,view2,31,0.9971,54.68
view1,70,view2,32,0.9962,53.36
view1,70,view2,33,0.9982,51.12
view1,70,view2,34,0.9976,50.96
view1,70,view2,35,0.9987,28.8
view1,70,view2,36,0.9935,48.92
view1,70,view2,37,0.9943,48.16
view1,70,view2,38,0.9982,40.0
view1,70,view2,39,0.9926,44.72
view1,70,view2,42,0.9988,41.56
view1,70,view2,43,0.9966,34.24
view1,70,view2,44,0.995,33.12
view1,70,view2,45,0.9975,37.0
view1,70,view2,46,0.9982,33.16
view1,70,view2,47,0.999,18.24
view1,70,view2,49,0.9985,14.04
view1,70,view2,50,0.9976,31.76
view1,70,view2,51,0.9984,22.12
view1,70,view2,52,0.9986,28.96
view1,70,view2,53,0.9988,2.24
view1,70,view2,54,0.9968,27.44
view1,70,view2,55,0.9982,18.56
view1,70,view2,56,0.9982,21.68
view1,70,view2,57,0.9966,23.2
view1,70,view2,58,0.9976,23.36
view1,70,view2,59,0.9979,12.92
view1,70,view2,60,0.9988,0.0
view1,70,view2,61,0.9958,19.2
view1,70,view2,62,0.9952,14.04
view1,70,view2,63,0.9988,10.0
view1,70,view2,65,0.9991,0.0
view1,70,view2,66,0.9974,0.0
view1,70,view2,67,0.9921,7.12
view1,70,view2,68,0.9906,7.72
view1,70,view2,69,0.9905,4.36
view1,70,view2,70,0.9972,4.36
view1,70,view2,71,0.9967,4.2
view1,70,view2,72,0.9976,2.32
view1,70,view2,73,0.9959,2.76
view1,70,view2,74,0.9979,0.0
view1,70,view2,75,0.9986,0.0
view1,70,view2,76,0.9968,0.0
view1,70,view2,77,0.9938,0.0
view1,70,view2,78,0.9957,0.0
view1,70,view2,79,0.9988,0.0
view1,70,view2,80,0.9973,0.0
view1,70,view2,82,0.9996,0.0
view1,70,view2,83,0.9991,0.0
view1,70,view2,84,0.9987,0.0
view1,70,view2,85,0.9932,0.0
view1,70,view2,86,0.9979,1.12
view1,70,view2,87,0.9988,2.2
view1,70,view2,88,0.9988,2.72
view1,70,view2,89,0.9965,2.8
view1,70,view2,91,0.9971,6.84
view1,70,view2,92,0.9959,9.24
view1,70,view2,93,0.9981,10.2
view1,70,view2,94,0.9958,11.68
view1,70,view2,95,0.9974,12.68
view1,70,view2,96,0.9947,12.96
view1,70,view2,97,0.9974,17.36
view1,70,view3,1,0.9983,87.52
view1,70,view3,2,0.9968,110.84
view1,70,view3,3,0.9987,86.92
view1,70,view3,4,0.9987,95.64
view1,70,view3,6,0.9987,90.56
view1,70,view3,7,0.9971,88.24
view1,70,view3,8,0.9976,78.8
view1,70,view3,9,0.9987,82.16
view1,70,view3,11,0.9996,60.52
view1,70,view3,12,0.9987,62.28
view1,70,view3,13,0.996,77.04
view1,70,view3,14,0.9978,52.6
view1,70,view3,15,0.9991,65.96
view1,70,view3,16,0.9969,49.64
view1,70,view3,17,0.9989,56.76
view1,70,view3,18,0.9985,62.24
view1,70,view3,19,0.9972,31.0
view1,70,view3,20,0.9988,53.12
view1,70,view3,21,0.9982,53.48
view1,70,view3,22,0.9962,44.0
view1,70,view3,23,0.9993,37.28
view1,70,view3,24,0.9976,40.2
view1,70,view3,25,0.9976,44.72
view1,70,view3,27,0.9989,18.0
view1,70,view3,28,0.9979,40.52
view1,70,view3,29,0.998,25.28
view1,70,view3,30,0.9984,35.32
view1,70,view3,31,0.9987,8.64
view1,70,view3,32,0.999,31.16
view1,70,view3,33,0.9944,24.24
view1,70,view3,34,0.9989,19.8
view1,70,view3,36,0.9986,15.64
view1,70,view3,37,0.997,17.76
view1,70,view3,38,0.9979,14.76
view1,70,view3,39,0.999,6.76
view1,70,view3,40,0.998,13.44
view1,70,view3,42,0.9957,5.12
view1,70,view3,43,0.9979,2.96
view1,70,view3,45,0.9984,1.52
view1,70,view3,46,0.9959,7.28
view1,70,view3,47,0.9966,5.32
view1,70,view3,48,0.9977,0.0
view1,70,view3,49,0.9981,0.16
view1,70,view3,50,0.9989,0.0
view1,70,view3,51,0.9977,0.0
view1,70,view3,52,0.9982,0.0
view1,70,view3,54,0.999,0.0
view1,70,view3,55,0.9963,0.0
view1,70,view3,56,0.9971,0.0
view1,70,view3,57,0.9976,0.0
view1,70,view3,58,0.9968,0.0
view1,70,view3,59,0.998,0.0
view1,70,view3,61,0.9991,3.08
view1,70,view3,62,0.9975,4.92
view1,70,view3,64,0.9991,11.08
view1,70,view3,65,0.9989,11.56
view1,70,view3,66,0.9976,13.64
view1,70,view3,67,0.998,17.4
view1,70,view3,68,0.9985,18.52
view1,71,view2,1,0.9992,0.0
view1,71,view2,2,0.9971,103.88
view1,71,view2,4,0.9928,112.4
view1,71,view2,5,0.9984,103.64
view1,71,view2,7,0.9918,106.56
view1,71,view2,8,0.9951,68.16
view1,71,view2,10,0.9982,80.52
view1,71,view2,13,0.9926,97.04
view1,71,view2,14,0.9986,79.96
view1,71,view2,15,0.9943,92.28
view1,71,view2,16,0.9988,88.16
view1,71,view2,17,0.9981,86.28
view1,71,view2,18,0.999,52.2
view1,71,view2,19,0.9986,74.96
view1,71,view2,20,0.9984,73.8
view1,71,view2,21,0.9988,62.48
view1,71,view2,23,0.999,44.84
view1,71,view2,24,0.9971,67.0
view1,71,view2,25,0.9979,56.52
view1,71,view2,26,0.9967,59.08
view1,71,view2,28,0.9981,64.28
view1,71,view2,29,0.999,43.36
view1,71,view2,30,0.9989,59.72
view1,71,view2,31,0.9979,57.96
view1,71,view2,32,0.9992,56.64
view1,71,view2,33,0.9989,54.4
view1,71,view2,34,0.9982,54.24
view1,71,view2,35,0.9963,32.08
view1,71,view2,36,0.9978,52.2
view1,71,view2,37,0.9968,51.44
view1,71,view2,38,0.9989,43.28
view1,71,view2,39,0.9957,48.0
view1,71,view2,42,0.9952,44.84
view1,71,view2,43,0.9986,37.52
view1,71,view2,44,0.9966,36.4
view1,71,view2,45,0.9984,40.28
view1,71,view2,46,0.9983,36.44
view1,71,view2,47,0.9987,21.52
view1,71,view2,49,0.9986,17.32
view1,71,view2,50,0.9984,35.04
view1,71,view2,51,0.999,25.4
view1,71,view2,52,0.9959,32.24
view1,71,view2,53,0.9974,5.52
view1,71,view2,54,0.9966,30.72
view1,71,view2,55,0.9982,21.84
view1,71,view2,56,0.998,24.96
view1,71,view2,57,0.998,26.48
view1,71,view2,58,0.9979,26.64
view1,71,view2,59,0.9947,16.2
view1,71,view2,60,0.9976,0.0
view1,71,view2,61,0.9987,22.48
view1,71,view2,62,0.9968,17.32
view1,71,view2,63,0.998,13.28
view1,71,view2,65,0.998,0.0
view1,71,view2,66,0.9994,0.0
view1,71,view2,67,0.9969,10.4
view1,71,view2,68,0.996,11.0
view1,71,view2,69,0.9941,7.64
view1,71,view2,70,0.9985,7.64
view1,71,view2,71,0.9944,7.48
view1,71,view2,72,0.9991,5.6
view1,71,view2,73,0.9971,6.04
view1,71,view2,74,0.9982,2.84
view1,71,view2,75,0.9983,0.0
view1,71,view2,76,0.9983,0.0
view1,71,view2,77,0.9958,0.0
view1,71,view2,78,0.9987,0.0
view1,71,view2,79,0.9984,0.0
view1,71,view2,80,0.9976,1.48
view1,71,view2,82,0.9984,3.08
view1,71,view2,83,0.999,4.4
view1,71,view2,84,0.9983,4.52
view1,71,view2,85,0.9965,6.52
view1,71,view2,86,0.9959,9.64
view1,71,view2,87,0.9992,10.72
view1,71,view2,88,0.9971,11.24
view1,71,view2,89,0.9987,11.32
view1,71,view2,91,0.9972,15.36
view1,71,view2,92,0.9974,17.76
view1,71,view2,93,0.9977,18.72
view1,71,view2,94,0.9983,20.2
view1,71,view2,95,0.9981,21.2
view1,71,view2,96,0.9962,21.48
view1,71,view2,97,0.9991,25.88
view1,71,view3,1,0.9969,90.8
view1,71,view3,2,0.9944,114.12
view1,71,view3,3,0.9983,90.2
view1,71,view3,4,0.9986,98.92
view1,71,view3,6,0.9974,93.84
view1,71,view3,7,0.9959,91.52
view1,71,view3,8,0.997,82.08
view1,71,view3,9,0.9978,85.44
view1,71,view3,11,0.9972,63.8
view1,71,view3,12,0.9969,65.56
view1,71,view3,13,0.9932,80.32
view1,71,view3,14,0.9963,55.88
view1,71,view3,15,0.9969,69.24
view1,71,view3,16,0.9987,52.92
view1,71,view3,17,0.9984,60.04
view1,71,view3,18,0.9961,65.52
view1,71,view3,19,0.9946,34.28
view1,71,view3,20,0.9968,56.4
view1,71,view3,21,0.9972,56.76
view1,71,view3,22,0.9937,47.28
view1,71,view3,23,0.9953,40.56
view1,71,view3,24,0.9986,43.48
view1,71,view3,25,0.9987,48.0
view1,71,view3,27,0.9983,21.28
view1,71,view3,28,0.9958,43.8
view1,71,view3,29,0.9975,28.56
view1,71,view3,30,0.9987,38.6
view1,71,view3,31,0.9963,11.92
view1,71,view3,32,0.9986,34.44
view1,71,view3,33,0.9937,27.52
view1,71,view3,34,0.9963,23.08
view1,71,view3,36,0.9955,18.92
view1,71,view3,37,0.9946,21.04
view1,71,view3,38,0.9976,18.04
view1,71,view3,39,0.9985,10.04
view1,71,view3,40,0.9954,16.72
view1,71,view3,42,0.9938,8.4
view1,71,view3,43,0.9986,6.24
view1,71,view3,45,0.997,4.8
view1,71,view3,46,0.9968,10.56
view1,71,view3,47,0.9989,8.6
view1,71,view3,48,0.9966,0.0
view1,71,view3,49,0.9986,3.44
view1,71,view3,50,0.9981,0.0
view1,71,view3,51,0.9988,0.0
view1,71,view3,52,0.9951,0.84
view1,71,view3,54,0.9966,0.0
view1,71,view3,55,0.9976,0.0
view1,71,view3,56,0.9944,0.68
view1,71,view3,57,0.995,4.76
view1,71,view3,58,0.9949,5.84
view1,71,view3,59,0.9966,7.4
view1,71,view3,61,0.9978,11.6
view1,71,view3,62,0.9971,13.44
view1,71,view3,64,0.9974,19.6
view1,71,view3,65,0.9957,20.08
view1,71,view3,66,0.9983,22.16
view1,71,view3,67,0.998,25.92
view1,71,view3,68,0.9983,27.04
view1,74,view2,1,0.9986,0.0
view1,74,view2,2,0.9987,116.12
view1,74,view2,4,0.997,124.64
view1,74,view2,5,0.9958,115.88
view1,74,view2,7,0.9852,118.8
view1,74,view2,8,0.9984,80.4
view1,74,view2,10,0.9993,92.76
view1,74,view2,13,0.986,109.28
view1,74,view2,14,0.9992,92.2
view1,74,view2,15,0.9971,104.52
view1,74,view2,16,0.9962,100.4
view1,74,view2,17,0.9977,98.52
view1,74,view2,18,0.9985,64.44
view1,74,view2,19,0.9985,87.2
view1,74,view2,20,0.9988,86.04
view1,74,view2,21,0.9982,74.72
view1,74,view2,23,0.9989,57.08
view1,74,view2,24,0.9959,79.24
view1,74,view2,25,0.9992,68.76
view1,74,view2,26,0.9987,71.32
view1,74,view2,28,0.9966,76.52
view1,74,view2,29,0.998,55.6
view1,74,view2,30,0.9966,71.96
view1,74,view2,31,0.9981,70.2
view1,74,view2,32,0.9963,68.88
view1,74,view2,33,0.9986,66.64
view1,74,view2,34,0.9979,66.48
view1,74,view2,35,0.9993,44.32
view1,74,view2,36,0.994,64.44
view1,74,view2,37,0.9942,63.68
view1,74,view2,38,0.9982,55.52
view1,74,view2,39,0.9921,60.24
view1,74,view2,42,0.9977,57.08
view1,74,view2,43,0.9966,49.76
view1,74,view2,44,0.9943,48.64
view1,74,view2,45,0.9987,52.52
view1,74,view2,46,0.9987,48.68
view1,74,view2,47,0.999,33.76
view1,74,view2,49,0.9991,29.56
view1,74,view2,50,0.9976,47.28
view1,74,view2,51,0.998,37.64
view1,74,view2,52,0.9981,44.48
view1,74,view2,53,0.9991,17.76
view1,74,view2,54,0.996,42.96
view1,74,view2,55,0.9982,34.08
view1,74,view2,56,0.9988,37.2
view1,74,view2,57,0.9974,38.72
view1,74,view2,58,0.9984,38.88
view1,74,view2,59,0.998,28.44
view1,74,view2,60,0.9984,9.12
view1,74,view2,61,0.9965,34.72
view1,74,view2,62,0.994,29.56
view1,74,view2,63,0.9993,25.52
view1,74,view2,65,0.9994,7.0
view1,74,view2,66,0.9978,1.92
view1,74,view2,67,0.9923,22.64
view1,74,view2,68,0.9912,23.24
view1,74,view2,69,0.9899,19.88
view1,74,view2,70,0.9971,19.88
view1,74,view2,71,0.9964,19.72
view1,74,view2,72,0.9976,17.84
view1,74,view2,73,0.9953,18.28
view1,74,view2,74,0.999,15.08
view1,74,view2,75,0.9983,0.0
view1,74,view2,76,0.9974,10.84
view1,74,view2,77,0.9931,10.72
view1,74,view2,78,0.996,0.0
view1,74,view2,79,0.9993,7.48
view1,74,view2,80,0.9986,4.28
view1,74,view2,82,0.9994,1.96
view1,74,view2,83,0.9993,0.0
view1,74,view2,84,0.9995,0.0
view1,74,view2,85,0.9945,0.12
view1,74,view2,86,0.9971,0.0
view1,74,view2,87,0.9989,0.0
view1,74,view2,88,0.9986,0.0
view1,74,view2,89,0.9959,0.0
view1,74,view2,91,0.9984,0.0
view1,74,view2,92,0.9958,0.0
view1,74,view2,93,0.9989,0.0
view1,74,view2,94,0.9967,0.68
view1,74,view2,95,0.9982,1.68
view1,74,view2,96,0.9951,1.96
view1,74,view2,97,0.9974,6.36
view1,74,view3,1,0.9983,103.04
view1,74,view3,2,0.9978,126.36
view1,74,view3,3,0.9993,102.44
view1,74,view3,4,0.999,111.16
view1,74,view3,6,0.9988,106.08
view1,74,view3,7,0.9984,103.76
view1,74,view3,8,0.9987,94.32
view1,74,view3,9,0.9988,97.68
view1,74,view3,11,0.9993,76.04
view1,74,view3,12,0.9989,77.8
view1,74,view3,13,0.997,92.56
view1,74,view3,14,0.9988,68.12
view1,74,view3,15,0.9993,81.48
view1,74,view3,16,0.9976,65.16
view1,74,view3,17,0.9994,72.28
view1,74,view3,18,0.9987,77.76
view1,74,view3,19,0.9981,46.52
view1,74,view3,20,0.999,68.64
view1,74,view3,21,0.9986,69.0
view1,74,view3,22,0.9979,59.52
view1,74,view3,23,0.9987,52.8
view1,74,view3,24,0.9978,55.72
view1,74,view3,25,0.9974,60.24
view1,74,view3,27,0.9992,33.52
view1,74,view3,28,0.9984,56.04
view1,74,view3,29,0.999,40.8
view1,74,view3,30,0.9986,50.84
view1,74,view3,31,0.9993,24.16
view1,74,view3,32,0.9989,46.68
view1,74,view3,33,0.9944,39.76
view1,74,view3,34,0.9991,35.32
view1,74,view3,36,0.999,31.16
view1,74,view3,37,0.9982,33.28
view1,74,view3,38,0.9988,30.28
view1,74,view3,39,0.9993,22.28
view1,74,view3,40,0.9988,28.96
view1,74,view3,42,0.9969,20.64
view1,74,view3,43,0.9986,18.48
view1,74,view3,45,0.9992,17.04
view1,74,view3,46,0.9969,22.8
view1,74,view3,47,0.9973,20.84
view1,74,view3,48,0.9987,5.28
view1,74,view3,49,0.9988,15.68
view1,74,view3,50,0.9991,0.0
view1,74,view3,51,0.9985,10.6
view1,74,view3,52,0.9984,13.08
view1,74,view3,54,0.9994,3.6
view1,74,view3,55,0.9971,0.0
view1,74,view3,56,0.9981,0.0
view1,74,view3,57,0.9988,0.0
view1,74,view3,58,0.9957,1.36
view1,74,view3,59,0.9988,0.0
view1,74,view3,61,0.9996,0.0
view1,74,view3,62,0.9984,0.0
view1,74,view3,64,0.9992,0.08
view1,74,view3,65,0.9989,0.56
view1,74,view3,66,0.9973,2.64
view1,74,view3,67,0.9986,6.4
view1,74,view3,68,0.9986,7.52
view1,75,view2,1,0.9986,0.0
view1,75,view2,2,0.9987,116.36
view1,75,view2,4,0.9971,124.88
view1,75,view2,5,0.996,116.12
view1,75,view2,7,0.9854,119.04
view1,75,view2,8,0.997,80.64
view1,75,view2,10,0.9993,93.0
view1,75,view2,13,0.9863,109.52
view1,75,view2,14,0.9992,92.44
view1,75,view2,15,0.9979,104.76
view1,75,view2,16,0.9966,100.64
view1,75,view2,17,0.9977,98.76
view1,75,view2,18,0.9977,64.68
view1,75,view2,19,0.9987,87.44
view1,75,view2,20,0.9975,86.28
view1,75,view2,21,0.9981,74.96
view1,75,view2,23,0.9987,57.32
view1,75,view2,24,0.9952,79.48
view1,75,view2,25,0.998,69.0
view1,75,view2,26,0.9969,71.56
view1,75,view2,28,0.9961,76.76
view1,75,view2,29,0.998,55.84
view1,75,view2,30,0.9964,72.2
view1,75,view2,31,0.9989,70.44
view1,75,view2,32,0.9965,69.12
view1,75,view2,33,0.9985,66.88
view1,75,view2,34,0.9972,66.72
view1,75,view2,35,0.9987,44.56
view1,75,view2,36,0.9948,64.68
view1,75,view2,37,0.9937,63.92
view1,75,view2,38,0.9976,55.76
view1,75,view2,39,0.9916,60.48
view1,75,view2,42,0.9953,57.32
view1,75,view2,43,0.9963,50.0
view1,75,view2,44,0.9938,48.88
view1,75,view2,45,0.9988,52.76
view1,75,view2,46,0.9996,48.92
view1,75,view2,47,0.9987,34.0
view1,75,view2,49,0.9988,29.8
view1,75,view2,50,0.9978,47.52
view1,75,view2,51,0.9976,37.88
view1,75,view2,52,0.9957,44.72
view1,75,view2,53,0.998,18.0
view1,75,view2,54,0.9933,43.2
view1,75,view2,55,0.9971,34.32
view1,75,view2,56,0.999,37.44
view1,75,view2,57,0.9979,38.96
view1,75,view2,58,0.9986,39.12
view1,75,view2,59,0.9969,28.68
view1,75,view2,60,0.9969,9.36
view1,75,view2,61,0.9971,34.96
view1,75,view2,62,0.9929,29.8
view1,75,view2,63,0.9989,25.76
view1,75,view2,65,0.9992,7.24
view1,75,view2,66,0.9978,2.16
view1,75,view2,67,0.9925,22.88
view1,75,view2,68,0.9923,23.48
view1,75,view2,69,0.9886,20.12
view1,75,view2,70,0.9976,20.12
view1,75,view2,71,0.9944,19.96
view1,75,view2,72,0.9978,18.08
view1,75,view2,73,0.9949,18.52
view1,75,view2,74,0.999,15.32
view1,75,view2,75,0.9976,0.0
view1,75,view2,76,0.998,11.08
view1,75,view2,77,0.9932,10.96
view1,75,view2,78,0.9963,0.0
view1,75,view2,79,0.9988,7.72
view1,75,view2,80,0.9992,4.52
view1,75,view2,82,0.9983,2.2
view1,75,view2,83,0.999,0.0
view1,75,view2,84,0.9989,0.0
view1,75,view2,85,0.9947,0.36
view1,75,view2,86,0.9945,0.0
view1,75,view2,87,0.9983,0.0
view1,75,view2,88,0.9969,0.0
view1,75,view2,89,0.9966,0.0
view1,75,view2,91,0.9975,2.64
view1,75,view2,92,0.9948,5.04
view1,75,view2,93,0.9996,6.0
view1,75,view2,94,0.9978,7.48
view1,75,view2,95,0.9986,8.48
view1,75,view2,96,0.9938,8.76
view1,75,view2,97,0.9983,13.16
view1,75,view3,1,0.9973,103.28
view1,75,view3,2,0.9969,126.6
view1,75,view3,3,0.9989,102.68
view1,75,view3,4,0.9985,111.4
view1,75,view3,6,0.9979,106.32
view1,75,view3,7,0.9992,104.0
view1,75,view3,8,0.9994,94.56
view1,75,view3,9,0.9992,97.92
view1,75,view3,11,0.9979,76.28
view1,75,view3,12,0.9985,78.04
view1,75,view3,13,0.9976,92.8
view1,75,view3,14,0.9992,68.36
view1,75,view3,15,0.9981,81.72
view1,75,view3,16,0.9977,65.4
view1,75,view3,17,0.9992,72.52
view1,75,view3,18,0.998,78.0
view1,75,view3,19,0.9973,46.76
view1,75,view3,20,0.9972,68.88
view1,75,view3,21,0.9991,69.24
view1,75,view3,22,0.9982,59.76
view1,75,view3,23,0.9968,53.04
view1,75,view3,24,0.9977,55.96
view1,75,view3,25,0.9984,60.48
view1,75,view3,27,0.9988,33.76
view1,75,view3,28,0.9988,56.28
view1,75,view3,29,0.9997,41.04
view1,75,view3,30,0.9978,51.08
view1,75,view3,31,0.9983,24.4
view1,75,view3,32,0.9985,46.92
view1,75,view3,33,0.9925,40.0
view1,75,view3,34,0.9982,35.56
view1,75,view3,36,0.9974,31.4
view1,75,view3,37,0.9975,33.52
view1,75,view3,38,0.9986,30.52
view1,75,view3,39,0.9991,22.52
view1,75,view3,40,0.9974,29.2
view1,75,view3,42,0.9967,20.88
view1,75,view3,43,0.9993,18.72
view1,75,view3,45,0.9986,17.28
view1,75,view3,46,0.9971,23.04
view1,75,view3,47,0.9981,21.08
view1,75,view3,48,0.9984,5.52
view1,75,view3,49,0.9995,15.92
view1,75,view3,50,0.998,0.0
view1,75,view3,51,0.9987,10.84
view1,75,view3,52,0.9975,13.32
view1,75,view3,54,0.9987,3.84
view1,75,view3,55,0.9959,0.0
view1,75,view3,56,0.9974,0.0
view1,75,view3,57,0.9983,0.0
view1,75,view3,58,0.9954,1.6
view1,75,view3,59,0.9981,0.0
view1,75,view3,61,0.9989,0.0
view1,75,view3,62,0.9997,0.72
view1,75,view3,64,0.999,6.88
view1,75,view3,65,0.9974,7.36
view1,75,view3,66,0.9974,9.44
view1,75,view3,67,0.9993,13.2
view1,75,view3,68,0.9982,14.32
view1,76,view2,1,0.9952,0.72
view1,76,view2,2,0.998,119.0
view1,76,view2,4,0.996,127.52
view1,76,view2,5,0.9912,118.76
view1,76,view2,7,0.9789,121.68
view1,76,view2,8,0.9992,83.28
view1,76,view2,10,0.9966,95.64
view1,76,view2,13,0.9799,112.16
view1,76,view2,14,0.9967,95.08
view1,76,view2,15,0.9963,107.4
view1,76,view2,16,0.9922,103.28
view1,76,view2,17,0.9941,101.4
view1,76,view2,18,0.9951,67.32
view1,76,view2,19,0.9952,90.08
view1,76,view2,20,0.9961,88.92
view1,76,view2,21,0.9948,77.6
view1,76,view2,23,0.9962,59.96
view1,76,view2,24,0.9922,82.12
view1,76,view2,25,0.9967,71.64
view1,76,view2,26,0.9963,74.2
view1,76,view2,28,0.9924,79.4
view1,76,view2,29,0.9955,58.48
view1,76,view2,30,0.9924,74.84
view1,76,view2,31,0.9952,73.08
view1,76,view2,32,0.992,71.76
view1,76,view2,33,0.9953,69.52
view1,76,view2,34,0.9942,69.36
view1,76,view2,35,0.9989,47.2
view1,76,view2,36,0.9889,67.32
view1,76,view2,37,0.9899,66.56
view1,76,view2,38,0.9946,58.4
view1,76,view2,39,0.9873,63.12
view1,76,view2,42,0.9958,59.96
view1,76,view2,43,0.9927,52.64
view1,76,view2,44,0.9904,51.52
view1,76,view2,45,0.9957,55.4
view1,76,view2,46,0.9964,51.56
view1,76,view2,47,0.9958,36.64
view1,76,view2,49,0.9962,32.44
view1,76,view2,50,0.9943,50.16
view1,76,view2,51,0.9944,40.52
view1,76,view2,52,0.9959,47.36
view1,76,view2,53,0.9975,20.64
view1,76,view2,54,0.9922,45.84
view1,76,view2,55,0.9945,36.96
view1,76,view2,56,0.9956,40.08
view1,76,view2,57,0.9938,41.6
view1,76,view2,58,0.9953,41.76
view1,76,view2,59,0.999,31.32
view1,76,view2,60,0.9965,12.0
view1,76,view2,61,0.9922,37.6
view1,76,view2,62,0.9896,32.44
view1,76,view2,63,0.9965,28.4
view1,76,view2,65,0.998,9.88
view1,76,view2,66,0.9941,4.8
view1,76,view2,67,0.9872,25.52
view1,76,view2,68,0.9858,26.12
view1,76,view2,69,0.9846,22.76
view1,76,view2,70,0.9936,22.76
view1,76,view2,71,0.9946,22.6
view1,76,view2,72,0.9943,20.72
view1,76,view2,73,0.9913,21.16
view1,76,view2,74,0.9966,17.96
view1,76,view2,75,0.9955,0.0
view1,76,view2,76,0.9934,13.72
view1,76,view2,77,0.9892,13.6
view1,76,view2,78,0.9921,0.0
view1,76,view2,79,0.9968,10.36
view1,76,view2,80,0.9962,7.16
view1,76,view2,82,0.9971,4.84
view1,76,view2,83,0.9971,0.0
view1,76,view2,84,0.9976,2.12
view1,76,view2,85,0.9899,3.0
view1,76,view2,86,0.9941,0.0
view1,76,view2,87,0.9957,0.0
view1,76,view2,88,0.9976,0.0
view1,76,view2,89,0.9926,0.0
view1,76,view2,91,0.9968,0.84
view1,76,view2,92,0.9921,3.24
view1,76,view2,93,0.9963,4.2
view1,76,view2,94,0.9928,5.68
view1,76,view2,95,0.9943,6.68
view1,76,view2,96,0.9909,6.96
view1,76,view2,97,0.9938,11.36
view1,76,view3,1,0.9978,105.92
view1,76,view3,2,0.9994,129.24
view1,76,view3,3,0.9979,105.32
view1,76,view3,4,0.996,114.04
view1,76,view3,6,0.9958,108.96
view1,76,view3,7,0.9975,106.64
view1,76,view3,8,0.9965,97.2
view1,76,view3,9,0.9976,100.56
view1,76,view3,11,0.9973,78.92
view1,76,view3,12,0.9985,80.68
view1,76,view3,13,0.9952,95.44
view1,76,view3,14,0.9978,71.0
view1,76,view3,15,0.9971,84.36
view1,76,view3,16,0.9939,68.04
view1,76,view3,17,0.9973,75.16
view1,76,view3,18,0.9981,80.64
view1,76,view3,19,0.9995,49.4
view1,76,view3,20,0.9971,71.52
view1,76,view3,21,0.9963,71.88
view1,76,view3,22,0.9971,62.4
view1,76,view3,23,0.9976,55.68
view1,76,view3,24,0.9947,58.6
view1,76,view3,25,0.9945,63.12
view1,76,view3,27,0.9965,36.4
view1,76,view3,28,0.9965,58.92
view1,76,view3,29,0.9972,43.68
view1,76,view3,30,0.9953,53.72
view1,76,view3,31,0.9981,27.04
view1,76,view3,32,0.9964,49.56
view1,76,view3,33,0.9955,42.64
view1,76,view3,34,0.9974,38.2
view1,76,view3,36,0.9976,34.04
view1,76,view3,37,0.9994,36.16
view1,76,view3,38,0.9966,33.16
view1,76,view3,39,0.9969,25.16
view1,76,view3,40,0.9978,31.84
view1,76,view3,42,0.9949,23.52
view1,76,view3,43,0.9962,21.36
view1,76,view3,45,0.9987,19.92
view1,76,view3,46,0.9935,25.68
view1,76,view3,47,0.9939,23.72
view1,76,view3,48,0.9963,8.16
view1,76,view3,49,0.9963,18.56
view1,76,view3,50,0.9968,0.0
view1,76,view3,51,0.9955,13.48
view1,76,view3,52,0.9988,15.96
view1,76,view3,54,0.998,6.48
view1,76,view3,55,0.9939,2.52
view1,76,view3,56,0.9994,0.92
view1,76,view3,57,0.9993,0.0
view1,76,view3,58,0.9929,4.24
view1,76,view3,59,0.9963,0.0
view1,76,view3,61,0.9976,0.0
view1,76,view3,62,0.997,0.0
view1,76,view3,64,0.9978,5.08
view1,76,view3,65,0.9979,5.56
view1,76,view3,66,0.9944,7.64
view1,76,view3,67,0.9964,11.4
view1,76,view3,68,0.9956,12.52
view1,77,view2,1,0.9993,1.2
view1,77,view2,2,0.9985,119.48
view1,77,view2,4,0.9966,128.0
view1,77,view2,5,0.9976,119.24
view1,77,view2,7,0.988,122.16
view1,77,view2,8,0.9971,83.76
view1,77,view2,10,0.9992,96.12
view1,77,view2,13,0.9885,112.64
view1,77,view2,14,0.9994,95.56
view1,77,view2,15,0.9969,107.88
view1,77,view2,16,0.9976,103.76
view1,77,view2,17,0.9985,101.88
view1,77,view2,18,0.999,67.8
view1,77,view2,19,0.9991,90.56
view1,77,view2,20,0.9988,89.4
view1,77,view2,21,0.9992,78.08
view1,77,view2,23,0.9993,60.44
view1,77,view2,24,0.9968,82.6
view1,77,view2,25,0.999,72.12
view1,77,view2,26,0.9984,74.68
view1,77,view2,28,0.9983,79.88
view1,77,view2,29,0.9986,58.96
view1,77,view2,30,0.9978,75.32
view1,77,view2,31,0.9984,73.56
view1,77,view2,32,0.9978,72.24
view1,77,view2,33,0.9993,70.0
view1,77,view2,34,0.9987,69.84
view1,77,view2,35,0.9983,47.68
view1,77,view2,36,0.996,67.8
view1,77,view2,37,0.9955,67.04
view1,77,view2,38,0.9989,58.88
view1,77,view2,39,0.9939,63.6
view1,77,view2,42,0.9967,60.44
view1,77,view2,43,0.9978,53.12
view1,77,view2,44,0.9952,52.0
view1,77,view2,45,0.9994,55.88
view1,77,view2,46,0.9987,52.04
view1,77,view2,47,0.9994,37.12
view1,77,view2,49,0.9994,32.92
view1,77,view2,50,0.9982,50.64
view1,77,view2,51,0.9986,41.0
view1,77,view2,52,0.9975,47.84
view1,77,view2,53,0.9987,21.12
view1,77,view2,54,0.9964,46.32
view1,77,view2,55,0.9988,37.44
view1,77,view2,56,0.9992,40.56
view1,77,view2,57,0.9986,42.08
view1,77,view2,58,0.9987,42.24
view1,77,view2,59,0.9966,31.8
view1,77,view2,60,0.9983,12.48
view1,77,view2,61,0.998,38.08
view1,77,view2,62,0.9951,32.92
view1,77,view2,63,0.9995,28.88
view1,77,view2,65,0.9989,10.36
view1,77,view2,66,0.9988,5.28
view1,77,view2,67,0.9944,26.0
view1,77,view2,68,0.9934,26.6
view1,77,view2,69,0.9919,23.24
view1,77,view2,70,0.998,23.24
view1,77,view2,71,0.9957,23.08
view1,77,view2,72,0.9984,21.2
view1,77,view2,73,0.9963,21.64
view1,77,view2,74,0.9995,18.44
view1,77,view2,75,0.9986,0.0
view1,77,view2,76,0.9988,14.2
view1,77,view2,77,0.9943,14.08
view1,77,view2,78,0.9973,0.0
view1,77,view2,79,0.9995,10.84
view1,77,view2,80,0.999,7.64
view1,77,view2,82,0.9993,5.32
view1,77,view2,83,0.9995,0.0
view1,77,view2,84,0.9997,2.6
view1,77,view2,85,0.9968,3.48
view1,77,view2,86,0.9969,0.0
view1,77,view2,87,0.9994,0.0
view1,77,view2,88,0.9979,0.0
view1,77,view2,89,0.9968,0.0
view1,77,view2,91,0.9983,0.0
view1,77,view2,92,0.9967,0.0
view1,77,view2,93,0.9989,0.0
view1,77,view2,94,0.998,0.0
view1,77,view2,95,0.9991,0.0
view1,77,view2,96,0.9959,0.0
view1,77,view2,97,0.9985,2.68
view1,77,view3,1,0.9976,106.4
view1,77,view3,2,0.9966,129.72
view1,77,view3,3,0.9994,105.8
view1,77,view3,4,0.9993,114.52
view1,77,view3,6,0.9987,109.44
view1,77,view3,7,0.9977,107.12
view1,77,view3,8,0.9988,97.68
view1,77,view3,9,0.9984,101.04
view1,77,view3,11,0.9988,79.4
view1,77,view3,12,0.998,81.16
view1,77,view3,13,0.9962,95.92
view1,77,view3,14,0.9984,71.48
view1,77,view3,15,0.9988,84.84
view1,77,view3,16,0.9987,68.52
view1,77,view3,17,0.9996,75.64
view1,77,view3,18,0.9979,81.12
view1,77,view3,19,0.9968,49.88
view1,77,view3,20,0.9985,72.0
view1,77,view3,21,0.9986,72.36
view1,77,view3,22,0.997,62.88
view1,77,view3,23,0.9976,56.16
view1,77,view3,24,0.9984,59.08
view1,77,view3,25,0.998,63.6
view1,77,view3,27,0.9994,36.88
view1,77,view3,28,0.9973,59.4
view1,77,view3,29,0.999,44.16
view1,77,view3,30,0.9993,54.2
view1,77,view3,31,0.9987,27.52
view1,77,view3,32,0.9992,50.04
view1,77,view3,33,0.9935,43.12
view1,77,view3,34,0.9986,38.68
view1,77,view3,36,0.9983,34.52
view1,77,view3,37,0.997,36.64
view1,77,view3,38,0.9991,33.64
view1,77,view3,39,0.9993,25.64
view1,77,view3,40,0.9979,32.32
view1,77,view3,42,0.9972,24.0
view1,77,view3,43,0.9992,21.84
view1,77,view3,45,0.9987,20.4
view1,77,view3,46,0.9981,26.16
view1,77,view3,47,0.9985,24.2
view1,77,view3,48,0.9988,8.64
view1,77,view3,49,0.9989,19.04
view1,77,view3,50,0.9992,0.0
view1,77,view3,51,0.9993,13.96
view1,77,view3,52,0.9972,16.44
view1,77,view3,54,0.9986,6.96
view1,77,view3,55,0.9979,3.0
view1,77,view3,56,0.997,1.4
view1,77,view3,57,0.9975,0.0
view1,77,view3,58,0.9959,4.72
view1,77,view3,59,0.9988,0.0
view1,77,view3,61,0.9995,0.0
view1,77,view3,62,0.9981,0.0
view1,77,view3,64,0.9987,0.0
view1,77,view3,65,0.998,0.0
view1,77,view3,66,0.9977,0.0
view1,77,view3,67,0.9986,2.72
view1,77,view3,68,0.999,3.84
view1,78,view2,1,0.999,4.08
view1,78,view2,2,0.997,122.36
view1,78,view2,4,0.9934,130.88
view1,78,view2,5,0.9977,122.12
view1,78,view2,7,0.9909,125.04
view1,78,view2,8,0.9966,86.64
view1,78,view2,10,0.9989,99.0
view1,78,view2,13,0.9919,115.52
view1,78,view2,14,0.9991,98.44
view1,78,view2,15,0.9949,110.76
view1,78,view2,16,0.9984,106.64
view1,78,view2,17,0.9983,104.76
view1,78,view2,18,0.9994,70.68
view1,78,view2,19,0.9991,93.44
view1,78,view2,20,0.9985,92.28
view1,78,view2,21,0.9987,80.96
view1,78,view2,23,0.9992,63.32
view1,78,view2,24,0.9985,85.48
view1,78,view2,25,0.9983,75.0
view1,78,view2,26,0.9975,77.56
view1,78,view2,28,0.9979,82.76
view1,78,view2,29,0.9991,61.84
view1,78,view2,30,0.9981,78.2
view1,78,view2,31,0.9989,76.44
view1,78,view2,32,0.9983,75.12
view1,78,view2,33,0.9984,72.88
view1,78,view2,34,0.9979,72.72
view1,78,view2,35,0.9975,50.56
view1,78,view2,36,0.9968,70.68
view1,78,view2,37,0.9961,69.92
view1,78,view2,38,0.9989,61.76
view1,78,view2,39,0.9941,66.48
view1,78,view2,42,0.9971,63.32
view1,78,view2,43,0.998,56.0
view1,78,view2,44,0.9961,54.88
view1,78,view2,45,0.9987,58.76
view1,78,view2,46,0.9987,54.92
view1,78,view2,47,0.9991,40.0
view1,78,view2,49,0.9993,35.8
view1,78,view2,50,0.9985,53.52
view1,78,view2,51,0.9992,43.88
view1,78,view2,52,0.9974,50.72
view1,78,view2,53,0.9982,24.0
view1,78,view2,54,0.9977,49.2
view1,78,view2,55,0.9992,40.32
view1,78,view2,56,0.998,43.44
view1,78,view2,57,0.9973,44.96
view1,78,view2,58,0.9989,45.12
view1,78,view2,59,0.9959,34.68
view1,78,view2,60,0.9983,15.36
view1,78,view2,61,0.9983,40.96
view1,78,view2,62,0.9964,35.8
view1,78,view2,63,0.9982,31.76
view1,78,view2,65,0.9987,13.24
view1,78,view2,66,0.9989,8.16
view1,78,view2,67,0.9961,28.88
view1,78,view2,68,0.9954,29.48
view1,78,view2,69,0.9942,26.12
view1,78,view2,70,0.9984,26.12
view1,78,view2,71,0.9963,25.96
view1,78,view2,72,0.9989,24.08
view1,78,view2,73,0.9964,24.52
view1,78,view2,74,0.9985,21.32
view1,78,view2,75,0.9985,0.0
view1,78,view2,76,0.9977,17.08
view1,78,view2,77,0.9949,16.96
view1,78,view2,78,0.9983,0.0
view1,78,view2,79,0.9988,13.72
view1,78,view2,80,0.9975,10.52
view1,78,view2,82,0.9989,8.2
view1,78,view2,83,0.9992,0.0
view1,78,view2,84,0.9987,5.48
view1,78,view2,85,0.9961,6.36
view1,78,view2,86,0.9974,0.0
view1,78,view2,87,0.9993,0.0
view1,78,view2,88,0.9982,0.0
view1,78,view2,89,0.9968,1.84
view1,78,view2,91,0.999,0.0
view1,78,view2,92,0.997,0.0
view1,78,view2,93,0.9983,0.0
view1,78,view2,94,0.998,0.0
view1,78,view2,95,0.9981,0.0
view1,78,view2,96,0.9962,0.0
view1,78,view2,97,0.9982,0.0
view1,78,view3,1,0.9975,109.28
view1,78,view3,2,0.9953,132.6
view1,78,view3,3,0.9988,108.68
view1,78,view3,4,0.9986,117.4
view1,78,view3,6,0.9982,112.32
view1,78,view3,7,0.9963,110.0
view1,78,view3,8,0.9971,100.56
view1,78,view3,9,0.9979,103.92
view1,78,view3,11,0.9981,82.28
view1,78,view3,12,0.9979,84.04
view1,78,view3,13,0.9936,98.8
view1,78,view3,14,0.9966,74.36
view1,78,view3,15,0.9977,87.72
view1,78,view3,16,0.9987,71.4
view1,78,view3,17,0.9986,78.52
view1,78,view3,18,0.9962,84.0
view1,78,view3,19,0.9959,52.76
view1,78,view3,20,0.9976,74.88
view1,78,view3,21,0.9968,75.24
view1,78,view3,22,0.9946,65.76
view1,78,view3,23,0.9966,59.04
view1,78,view3,24,0.9983,61.96
view1,78,view3,25,0.9976,66.48
view1,78,view3,27,0.9982,39.76
view1,78,view3,28,0.9969,62.28
view1,78,view3,29,0.9981,47.04
view1,78,view3,30,0.9989,57.08
view1,78,view3,31,0.9968,30.4
view1,78,view3,32,0.9982,52.92
view1,78,view3,33,0.9945,46.0
view1,78,view3,34,0.9966,41.56
view1,78,view3,36,0.9962,37.4
view1,78,view3,37,0.9957,39.52
view1,78,view3,38,0.9974,36.52
view1,78,view3,39,0.9985,28.52
view1,78,view3,40,0.9958,35.2
view1,78,view3,42,0.9934,26.88
view1,78,view3,43,0.9982,24.72
view1,78,view3,45,0.9979,23.28
view1,78,view3,46,0.9961,29.04
view1,78,view3,47,0.9981,27.08
view1,78,view3,48,0.9967,11.52
view1,78,view3,49,0.9989,21.92
view1,78,view3,50,0.9991,0.0
view1,78,view3,51,0.999,16.84
view1,78,view3,52,0.9959,19.32
view1,78,view3,54,0.9975,9.84
view1,78,view3,55,0.9989,5.88
view1,78,view3,56,0.9954,4.28
view1,78,view3,57,0.9964,0.0
view1,78,view3,58,0.9945,7.6
view1,78,view3,59,0.9969,0.0
view1,78,view3,61,0.9982,0.0
view1,78,view3,62,0.9975,0.0
view1,78,view3,64,0.9978,0.0
view1,78,view3,65,0.9964,0.0
view1,78,view3,66,0.998,0.0
view1,78,view3,67,0.9986,0.0
view1,78,view3,68,0.9984,0.92
view1,79,view2,1,0.9977,4.52
view1,79,view2,2,0.9971,122.8
view1,79,view2,4,0.9948,131.32
view1,79,view2,5,0.9946,122.56
view1,79,view2,7,0.9841,125.48
view1,79,view2,8,0.9977,87.08
view1,79,view2,10,0.9985,99.44
view1,79,view2,13,0.985,115.96
view1,79,view2,14,0.9983,98.88
view1,79,view2,15,0.9944,111.2
view1,79,view2,16,0.995,107.08
view1,79,view2,17,0.9964,105.2
view1,79,view2,18,0.9983,71.12
view1,79,view2,19,0.9973,93.88
view1,79,view2,20,0.9989,92.72
view1,79,view2,21,0.997,81.4
view1,79,view2,23,0.9982,63.76
view1,79,view2,24,0.9959,85.92
view1,79,view2,25,0.9993,75.44
view1,79,view2,26,0.9993,78.0
view1,79,view2,28,0.9957,83.2
view1,79,view2,29,0.997,62.28
view1,79,view2,30,0.9959,78.64
view1,79,view2,31,0.9968,76.88
view1,79,view2,32,0.9952,75.56
view1,79,view2,33,0.9976,73.32
view1,79,view2,34,0.9976,73.16
view1,79,view2,35,0.9984,51.0
view1,79,view2,36,0.9925,71.12
view1,79,view2,37,0.9941,70.36
view1,79,view2,38,0.9976,62.2
view1,79,view2,39,0.9921,66.92
view1,79,view2,42,0.9988,63.76
view1,79,view2,43,0.9962,56.44
view1,79,view2,44,0.9945,55.32
view1,79,view2,45,0.9973,59.2
view1,79,view2,46,0.9973,55.36
view1,79,view2,47,0.9985,40.44
view1,79,view2,49,0.9983,36.24
view1,79,view2,50,0.9969,53.96
view1,79,view2,51,0.9978,44.32
view1,79,view2,52,0.9993,51.16
view1,79,view2,53,0.9991,24.44
view1,79,view2,54,0.9971,49.64
view1,79,view2,55,0.9982,40.76
view1,79,view2,56,0.9978,43.88
view1,79,view2,57,0.9957,45.4
view1,79,view2,58,0.9976,45.56
view1,79,view2,59,0.9972,35.12
view1,79,view2,60,0.9988,15.8
view1,79,view2,61,0.995,41.4
view1,79,view2,62,0.9943,36.24
view1,79,view2,63,0.9987,32.2
view1,79,view2,65,0.9985,13.68
view1,79,view2,66,0.9968,8.6
view1,79,view2,67,0.9913,29.32
view1,79,view2,68,0.9896,29.92
view1,79,view2,69,0.9906,26.56
view1,79,view2,70,0.9965,26.56
view1,79,view2,71,0.9975,26.4
view1,79,view2,72,0.9968,24.52
view1,79,view2,73,0.9954,24.96
view1,79,view2,74,0.9976,21.76
view1,79,view2,75,0.9984,0.0
view1,79,view2,76,0.9959,17.52
view1,79,view2,77,0.9931,17.4
view1,79,view2,78,0.9951,0.0
view1,79,view2,79,0.9985,14.16
view1,79,view2,80,0.9969,10.96
view1,79,view2,82,0.9991,8.64
view1,79,view2,83,0.9984,0.0
view1,79,view2,84,0.9984,5.92
view1,79,view2,85,0.9929,6.8
view1,79,view2,86,0.9986,0.36
view1,79,view2,87,0.9984,0.0
view1,79,view2,88,0.9988,0.0
view1,79,view2,89,0.9947,2.28
view1,79,view2,91,0.9974,0.0
view1,79,view2,92,0.9959,0.0
view1,79,view2,93,0.9975,0.0
view1,79,view2,94,0.9953,0.0
view1,79,view2,95,0.997,0.72
view1,79,view2,96,0.9954,1.0
view1,79,view2,97,0.9962,5.4
view1,79,view3,1,0.9977,109.72
view1,79,view3,2,0.9962,133.04
view1,79,view3,3,0.9979,109.12
view1,79,view3,4,0.9982,117.84
view1,79,view3,6,0.9986,112.76
view1,79,view3,7,0.9962,110.44
view1,79,view3,8,0.997,101.0
view1,79,view3,9,0.9974,104.36
view1,79,view3,11,0.9994,82.72
view1,79,view3,12,0.998,84.48
view1,79,view3,13,0.9954,99.24
view1,79,view3,14,0.9971,74.8
view1,79,view3,15,0.999,88.16
view1,79,view3,16,0.9965,71.84
view1,79,view3,17,0.9983,78.96
view1,79,view3,18,0.9976,84.44
view1,79,view3,19,0.9967,53.2
view1,79,view3,20,0.9992,75.32
view1,79,view3,21,0.9971,75.68
view1,79,view3,22,0.996,66.2
view1,79,view3,23,0.999,59.48
view1,79,view3,24,0.9969,62.4
view1,79,view3,25,0.9958,66.92
view1,79,view3,27,0.9984,40.2
view1,79,view3,28,0.9971,62.72
view1,79,view3,29,0.9974,47.48
view1,79,view3,30,0.9979,57.52
view1,79,view3,31,0.9985,30.84
view1,79,view3,32,0.9978,53.36
view1,79,view3,33,0.9935,46.44
view1,79,view3,34,0.9984,42.0
view1,79,view3,36,0.9986,37.84
view1,79,view3,37,0.9966,39.96
view1,79,view3,38,0.9974,36.96
view1,79,view3,39,0.9982,28.96
view1,79,view3,40,0.9976,35.64
view1,79,view3,42,0.9954,27.32
view1,79,view3,43,0.9968,25.16
view1,79,view3,45,0.9979,23.72
view1,79,view3,46,0.9954,29.48
view1,79,view3,47,0.9954,27.52
view1,79,view3,48,0.9975,11.96
view1,79,view3,49,0.9973,22.36
view1,79,view3,50,0.9986,0.36
view1,79,view3,51,0.9971,17.28
view1,79,view3,52,0.9975,19.76
view1,79,view3,54,0.9988,10.28
view1,79,view3,55,0.9964,6.32
view1,79,view3,56,0.9966,4.72
view1,79,view3,57,0.9974,0.0
view1,79,view3,58,0.9959,8.04
view1,79,view3,59,0.9979,0.0
view1,79,view3,61,0.9987,0.0
view1,79,view3,62,0.9965,0.0
view1,79,view3,64,0.9981,0.0
view1,79,view3,65,0.9982,0.0
view1,79,view3,66,0.9967,1.68
view1,79,view3,67,0.9971,5.44
view1,79,view3,68,0.9981,6.56
view1,80,view2,1,0.9993,7.52
view1,80,view2,2,0.9977,125.8
view1,80,view2,4,0.9958,134.32
view1,80,view2,5,0.9977,125.56
view1,80,view2,7,0.9884,128.48
view1,80,view2,8,0.996,90.08
view1,80,view2,10,0.9991,102.44
view1,80,view2,13,0.9889,118.96
view1,80,view2,14,0.9993,101.88
view1,80,view2,15,0.9961,114.2
view1,80,view2,16,0.9979,110.08
view1,80,view2,17,0.9987,108.2
view1,80,view2,18,0.9988,74.12
view1,80,view2,19,0.9987,96.88
view1,80,view2,20,0.9986,95.72
view1,80,view2,21,0.9993,84.4
view1,80,view2,23,0.9993,66.76
view1,80,view2,24,0.9967,88.92
view1,80,view2,25,0.9985,78.44
view1,80,view2,26,0.9979,81.0
view1,80,view2,28,0.9977,86.2
view1,80,view2,29,0.9986,65.28
view1,80,view2,30,0.9979,81.64
view1,80,view2,31,0.9983,79.88
view1,80,view2,32,0.998,78.56
view1,80,view2,33,0.9995,76.32
view1,80,view2,34,0.999,76.16
view1,80,view2,35,0.9975,54.0
view1,80,view2,36,0.9963,74.12
view1,80,view2,37,0.9965,73.36
view1,80,view2,38,0.999,65.2
view1,80,view2,39,0.9953,69.92
view1,80,view2,42,0.9959,66.76
view1,80,view2,43,0.9984,59.44
view1,80,view2,44,0.9963,58.32
view1,80,view2,45,0.9992,62.2
view1,80,view2,46,0.9985,58.36
view1,80,view2,47,0.9992,43.44
view1,80,view2,49,0.9992,39.24
view1,80,view2,50,0.9988,56.96
view1,80,view2,51,0.9986,47.32
view1,80,view2,52,0.9974,54.16
view1,80,view2,53,0.9986,27.44
view1,80,view2,54,0.9957,52.64
view1,80,view2,55,0.9985,43.76
view1,80,view2,56,0.9994,46.88
view1,80,view2,57,0.9984,48.4
view1,80,view2,58,0.9984,48.56
view1,80,view2,59,0.9957,38.12
view1,80,view2,60,0.9981,18.8
view1,80,view2,61,0.9979,44.4
view1,80,view2,62,0.9954,39.24
view1,80,view2,63,0.9994,35.2
view1,80,view2,65,0.9987,16.68
view1,80,view2,66,0.9991,11.6
view1,80,view2,67,0.9947,32.32
view1,80,view2,68,0.9936,32.92
view1,80,view2,69,0.9922,29.56
view1,80,view2,70,0.9979,29.56
view1,80,view2,71,0.9949,29.4
view1,80,view2,72,0.9984,27.52
view1,80,view2,73,0.9972,27.96
view1,80,view2,74,0.9996,24.76
view1,80,view2,75,0.9988,0.72
view1,80,view2,76,0.9987,20.52
view1,80,view2,77,0.9959,20.4
view1,80,view2,78,0.9975,0.0
view1,80,view2,79,0.9992,17.16
view1,80,view2,80,0.9989,13.96
view1,80,view2,82,0.9988,11.64
view1,80,view2,83,0.9992,0.0
view1,80,view2,84,0.9993,8.92
view1,80,view2,85,0.9966,9.8
view1,80,view2,86,0.9968,3.36
view1,80,view2,87,0.9993,0.0
view1,80,view2,88,0.9975,0.48
view1,80,view2,89,0.9975,5.28
view1,80,view2,91,0.9974,1.64
view1,80,view2,92,0.9975,0.56
view1,80,view2,93,0.9986,1.52
view1,80,view2,94,0.9983,3.0
view1,80,view2,95,0.9989,4.0
view1,80,view2,96,0.997,4.28
view1,80,view2,97,0.9989,8.68
view1,80,view3,1,0.9973,112.72
view1,80,view3,2,0.9956,136.04
view1,80,view3,3,0.9987,112.12
view1,80,view3,4,0.9994,120.84
view1,80,view3,6,0.9988,115.76
view1,80,view3,7,0.9969,113.44
view1,80,view3,8,0.9985,104.0
view1,80,view3,9,0.9981,107.36
view1,80,view3,11,0.9985,85.72
view1,80,view3,12,0.9975,87.48
view1,80,view3,13,0.9956,102.24
view1,80,view3,14,0.998,77.8
view1,80,view3,15,0.9987,91.16
view1,80,view3,16,0.9988,74.84
view1,80,view3,17,0.9993,81.96
view1,80,view3,18,0.9973,87.44
view1,80,view3,19,0.9958,56.2
view1,80,view3,20,0.9986,78.32
view1,80,view3,21,0.9984,78.68
view1,80,view3,22,0.9964,69.2
view1,80,view3,23,0.9968,62.48
view1,80,view3,24,0.9985,65.4
view1,80,view3,25,0.9979,69.92
view1,80,view3,27,0.9994,43.2
view1,80,view3,28,0.9966,65.72
view1,80,view3,29,0.9985,50.48
view1,80,view3,30,0.9986,60.52
view1,80,view3,31,0.9983,33.84
view1,80,view3,32,0.9988,56.36
view1,80,view3,33,0.9923,49.44
view1,80,view3,34,0.9981,45.0
view1,80,view3,36,0.9979,40.84
view1,80,view3,37,0.9962,42.96
view1,80,view3,38,0.999,39.96
view1,80,view3,39,0.9992,31.96
view1,80,view3,40,0.9973,38.64
view1,80,view3,42,0.9966,30.32
view1,80,view3,43,0.999,28.16
view1,80,view3,45,0.998,26.72
view1,80,view3,46,0.9985,32.48
view1,80,view3,47,0.9986,30.52
view1,80,view3,48,0.9987,14.96
view1,80,view3,49,0.9985,25.36
view1,80,view3,50,0.9985,3.36
view1,80,view3,51,0.9989,20.28
view1,80,view3,52,0.9963,22.76
view1,80,view3,54,0.9983,13.28
view1,80,view3,55,0.9971,9.32
view1,80,view3,56,0.9961,7.72
view1,80,view3,57,0.9966,0.0
view1,80,view3,58,0.9955,11.04
view1,80,view3,59,0.9987,0.0
view1,80,view3,61,0.9991,0.0
view1,80,view3,62,0.9979,0.88
view1,80,view3,64,0.9982,2.4
view1,80,view3,65,0.9972,2.88
view1,80,view3,66,0.9982,4.96
view1,80,view3,67,0.998,8.72
view1,80,view3,68,0.9992,9.84
view1,81,view2,1,0.9985,9.4
view1,81,view2,2,0.9959,127.68
view1,81,view2,4,0.9936,136.2
view1,81,view2,5,0.9967,127.44
view1,81,view2,7,0.9886,130.36
view1,81,view2,8,0.9952,91.96
view1,81,view2,10,0.9984,104.32
view1,81,view2,13,0.9896,120.84
view1,81,view2,14,0.9983,103.76
view1,81,view2,15,0.994,116.08
view1,81,view2,16,0.997,111.96
view1,81,view2,17,0.9969,110.08
view1,81,view2,18,0.9983,76.0
view1,81,view2,19,0.9987,98.76
view1,81,view2,20,0.9978,97.6
view1,81,view2,21,0.9978,86.28
view1,81,view2,23,0.9981,68.64
view1,81,view2,24,0.9971,90.8
view1,81,view2,25,0.998,80.32
view1,81,view2,26,0.9977,82.88
view1,81,view2,28,0.9978,88.08
view1,81,view2,29,0.9975,67.16
view1,81,view2,30,0.9969,83.52
view1,81,view2,31,0.9982,81.76
view1,81,view2,32,0.9972,80.44
view1,81,view2,33,0.9977,78.2
view1,81,view2,34,0.9968,78.04
view1,81,view2,35,0.9967,55.88
view1,81,view2,36,0.9957,76.0
view1,81,view2,37,0.9936,75.24
view1,81,view2,38,0.9984,67.08
view1,81,view2,39,0.9924,71.8
view1,81,view2,42,0.9964,68.64
view1,81,view2,43,0.9964,61.32
view1,81,view2,44,0.9939,60.2
view1,81,view2,45,0.9981,64.08
view1,81,view2,46,0.9979,60.24
view1,81,view2,47,0.9983,45.32
view1,81,view2,49,0.9983,41.12
view1,81,view2,50,0.9977,58.84
view1,81,view2,51,0.9981,49.2
view1,81,view2,52,0.9967,56.04
view1,81,view2,53,0.9972,29.32
view1,81,view2,54,0.9974,54.52
view1,81,view2,55,0.9993,45.64
view1,81,view2,56,0.9977,48.76
view1,81,view2,57,0.9981,50.28
view1,81,view2,58,0.9984,50.44
view1,81,view2,59,0.9947,40.0
view1,81,view2,60,0.9969,20.68
view1,81,view2,61,0.9977,46.28
view1,81,view2,62,0.9944,41.12
view1,81,view2,63,0.998,37.08
view1,81,view2,65,0.9976,18.56
view1,81,view2,66,0.9978,13.48
view1,81,view2,67,0.9944,34.2
view1,81,view2,68,0.994,34.8
view1,81,view2,69,0.9918,31.44
view1,81,view2,70,0.9971,31.44
view1,81,view2,71,0.9948,31.28
view1,81,view2,72,0.9977,29.4
view1,81,view2,73,0.9945,29.84
view1,81,view2,74,0.9982,26.64
view1,81,view2,75,0.9973,2.6
view1,81,view2,76,0.9983,22.4
view1,81,view2,77,0.9932,22.28
view1,81,view2,78,0.9965,0.0
view1,81,view2,79,0.998,19.04
view1,81,view2,80,0.9968,15.84
view1,81,view2,82,0.9986,13.52
view1,81,view2,83,0.9983,0.0
view1,81,view2,84,0.9985,10.8
view1,81,view2,85,0.9966,11.68
view1,81,view2,86,0.9964,5.24
view1,81,view2,87,0.9989,0.0
view1,81,view2,88,0.9969,2.36
view1,81,view2,89,0.9954,7.16
view1,81,view2,91,0.998,3.52
view1,81,view2,92,0.9952,0.0
view1,81,view2,93,0.9981,0.0
view1,81,view2,94,0.9971,0.6
view1,81,view2,95,0.9985,1.6
view1,81,view2,96,0.9946,1.88
view1,81,view2,97,0.9974,6.28
view1,81,view3,1,0.9958,114.6
view1,81,view3,2,0.9942,137.92
view1,81,view3,3,0.9985,114.0
view1,81,view3,4,0.9978,122.72
view1,81,view3,6,0.9975,117.64
view1,81,view3,7,0.9957,115.32
view1,81,view3,8,0.9972,105.88
view1,81,view3,9,0.9975,109.24
view1,81,view3,11,0.9976,87.6
view1,81,view3,12,0.9964,89.36
view1,81,view3,13,0.9943,104.12
view1,81,view3,14,0.9959,79.68
view1,81,view3,15,0.9973,93.04
view1,81,view3,16,0.998,76.72
view1,81,view3,17,0.9984,83.84
view1,81,view3,18,0.9961,89.32
view1,81,view3,19,0.9948,58.08
view1,81,view3,20,0.9974,80.2
view1,81,view3,21,0.9968,80.56
view1,81,view3,22,0.9944,71.08
view1,81,view3,23,0.9964,64.36
view1,81,view3,24,0.9966,67.28
view1,81,view3,25,0.9967,71.8
view1,81,view3,27,0.9977,45.08
view1,81,view3,28,0.9968,67.6
view1,81,view3,29,0.9978,52.36
view1,81,view3,30,0.9985,62.4
view1,81,view3,31,0.9969,35.72
view1,81,view3,32,0.9981,58.24
view1,81,view3,33,0.9923,51.32
view1,81,view3,34,0.997,46.88
view1,81,view3,36,0.9969,42.72
view1,81,view3,37,0.9948,44.84
view1,81,view3,38,0.9968,41.84
view1,81,view3,39,0.9978,33.84
view1,81,view3,40,0.9965,40.52
view1,81,view3,42,0.9946,32.2
view1,81,view3,43,0.9978,30.04
view1,81,view3,45,0.9971,28.6
view1,81,view3,46,0.9959,34.36
view1,81,view3,47,0.9975,32.4
view1,81,view3,48,0.9964,16.84
view1,81,view3,49,0.9982,27.24
view1,81,view3,50,0.999,5.24
view1,81,view3,51,0.9989,22.16
view1,81,view3,52,0.9954,24.64
view1,81,view3,54,0.9976,15.16
view1,81,view3,55,0.9985,11.2
view1,81,view3,56,0.9945,9.6
view1,81,view3,57,0.9955,0.0
view1,81,view3,58,0.9936,12.92
view1,81,view3,59,0.9969,0.0
view1,81,view3,61,0.9982,0.0
view1,81,view3,62,0.9965,2.76
view1,81,view3,64,0.9974,0.0
view1,81,view3,65,0.9969,0.48
view1,81,view3,66,0.9961,2.56
view1,81,view3,67,0.9984,6.32
view1,81,view3,68,0.9975,7.44
view1,82,view2,1,0.9983,11.8
view1,82,view2,2,0.9991,130.08
view1,82,view2,4,0.9981,138.6
view1,82,view2,5,0.9957,129.84
view1,82,view2,7,0.9842,132.76
view1,82,view2,8,0.9979,94.36
view1,82,view2,10,0.9993,106.72
view1,82,view2,13,0.9849,123.24
view1,82,view2,14,0.9992,106.16
view1,82,view2,15,0.9985,118.48
view1,82,view2,16,0.9959,114.36
view1,82,view2,17,0.9978,112.48
view1,82,view2,18,0.9977,78.4
view1,82,view2,19,0.9984,101.16
view1,82,view2,20,0.9978,100.0
view1,82,view2,21,0.9982,88.68
view1,82,view2,23,0.9986,71.04
view1,82,view2,24,0.995,93.2
view1,82,view2,25,0.9985,82.72
view1,82,view2,26,0.9978,85.28
view1,82,view2,28,0.9963,90.48
view1,82,view2,29,0.9976,69.56
view1,82,view2,30,0.9959,85.92
view1,82,view2,31,0.9983,84.16
view1,82,view2,32,0.9958,82.84
view1,82,view2,33,0.9985,80.6
view1,82,view2,34,0.9974,80.44
view1,82,view2,35,0.9992,58.28
view1,82,view2,36,0.9938,78.4
view1,82,view2,37,0.9933,77.64
view1,82,view2,38,0.9977,69.48
view1,82,view2,39,0.9912,74.2
view1,82,view2,42,0.9961,71.04
view1,82,view2,43,0.996,63.72
view1,82,view2,44,0.9932,62.6
view1,82,view2,45,0.9989,66.48
view1,82,view2,46,0.999,62.64
view1,82,view2,47,0.9986,47.72
view1,82,view2,49,0.9989,43.52
view1,82,view2,50,0.9973,61.24
view1,82,view2,51,0.9973,51.6
view1,82,view2,52,0.9968,58.44
view1,82,view2,53,0.9985,31.72
view1,82,view2,54,0.9941,56.92
view1,82,view2,55,0.9973,48.04
view1,82,view2,56,0.9989,51.16
view1,82,view2,57,0.9977,52.68
view1,82,view2,58,0.9983,52.84
view1,82,view2,59,0.9975,42.4
view1,82,view2,60,0.9974,23.08
view1,82,view2,61,0.9964,48.68
view1,82,view2,62,0.9927,43.52
view1,82,view2,63,0.9993,39.48
view1,82,view2,65,0.9992,20.96
view1,82,view2,66,0.9975,15.88
view1,82,view2,67,0.9915,36.6
view1,82,view2,68,0.9909,37.2
view1,82,view2,69,0.9882,33.84
view1,82,view2,70,0.9969,33.84
view1,82,view2,71,0.9952,33.68
view1,82,view2,72,0.9971,31.8
view1,82,view2,73,0.9944,32.24
view1,82,view2,74,0.9992,29.04
view1,82,view2,75,0.9976,5.0
view1,82,view2,76,0.9976,24.8
view1,82,view2,77,0.9923,24.68
view1,82,view2,78,0.9956,0.0
view1,82,view2,79,0.9991,21.44
view1,82,view2,80,0.9993,18.24
view1,82,view2,82,0.9987,15.92
view1,82,view2,83,0.999,0.0
view1,82,view2,84,0.9994,13.2
view1,82,view2,85,0.9946,14.08
view1,82,view2,86,0.9954,7.64
view1,82,view2,87,0.9983,0.0
view1,82,view2,88,0.9975,4.76
view1,82,view2,89,0.9956,9.56
view1,82,view2,91,0.998,5.92
view1,82,view2,92,0.9948,0.84
view1,82,view2,93,0.9992,0.0
view1,82,view2,94,0.997,0.88
view1,82,view2,95,0.9983,0.0
view1,82,view2,96,0.9939,0.0
view1,82,view2,97,0.9975,0.92
view1,82,view3,1,0.9977,117.0
view1,82,view3,2,0.9979,140.32
view1,82,view3,3,0.9991,116.4
view1,82,view3,4,0.9988,125.12
view1,82,view3,6,0.9984,120.04
view1,82,view3,7,0.9992,117.72
view1,82,view3,8,0.9995,108.28
view1,82,view3,9,0.9989,111.64
view1,82,view3,11,0.9987,90.0
view1,82,view3,12,0.9986,91.76
view1,82,view3,13,0.9977,106.52
view1,82,view3,14,0.9994,82.08
view1,82,view3,15,0.9989,95.44
view1,82,view3,16,0.9976,79.12
view1,82,view3,17,0.9994,86.24
view1,82,view3,18,0.9986,91.72
view1,82,view3,19,0.9981,60.48
view1,82,view3,20,0.9984,82.6
view1,82,view3,21,0.999,82.96
view1,82,view3,22,0.9988,73.48
view1,82,view3,23,0.9978,66.76
view1,82,view3,24,0.9976,69.68
view1,82,view3,25,0.9975,74.2
view1,82,view3,27,0.9991,47.48
view1,82,view3,28,0.9985,70.0
view1,82,view3,29,0.9995,54.76
view1,82,view3,30,0.998,64.8
view1,82,view3,31,0.9992,38.12
view1,82,view3,32,0.9987,60.64
view1,82,view3,33,0.9935,53.72
view1,82,view3,34,0.9991,49.28
view1,82,view3,36,0.9987,45.12
view1,82,view3,37,0.9985,47.24
view1,82,view3,38,0.9992,44.24
view1,82,view3,39,0.9993,36.24
view1,82,view3,40,0.9987,42.92
view1,82,view3,42,0.9976,34.6
view1,82,view3,43,0.999,32.44
view1,82,view3,45,0.9993,31.0
view1,82,view3,46,0.9972,36.76
view1,82,view3,47,0.9975,34.8
view1,82,view3,48,0.999,19.24
view1,82,view3,49,0.9989,29.64
view1,82,view3,50,0.9985,7.64
view1,82,view3,51,0.9985,24.56
view1,82,view3,52,0.9982,27.04
view1,82,view3,54,0.9993,17.56
view1,82,view3,55,0.9963,13.6
view1,82,view3,56,0.9983,12.0
view1,82,view3,57,0.999,0.0
view1,82,view3,58,0.9952,15.32
view1,82,view3,59,0.999,0.44
view1,82,view3,61,0.9995,0.0
view1,82,view3,62,0.9992,5.16
view1,82,view3,64,0.9992,0.0
view1,82,view3,65,0.9986,0.0
view1,82,view3,66,0.997,0.0
view1,82,view3,67,0.9988,0.96
view1,82,view3,68,0.9984,2.08
view1,83,view2,1,0.9991,12.0
view1,83,view2,2,0.9988,130.28
view1,83,view2,4,0.9969,138.8
view1,83,view2,5,0.9972,130.04
view1,83,view2,7,0.9869,132.96
view1,83,view2,8,0.9975,94.56
view1,83,view2,10,0.9993,106.92
view1,83,view2,13,0.9875,123.44
view1,83,view2,14,0.9993,106.36
view1,83,view2,15,0.9973,118.68
view1,83,view2,16,0.9971,114.56
view1,83,view2,17,0.9984,112.68
view1,83,view2,18,0.9988,78.6
view1,83,view2,19,0.9989,101.36
view1,83,view2,20,0.9987,100.2
view1,83,view2,21,0.9989,88.88
view1,83,view2,23,0.9991,71.24
view1,83,view2,24,0.9961,93.4
view1,83,view2,25,0.9989,82.92
view1,83,view2,26,0.9984,85.48
view1,83,view2,28,0.9977,90.68
view1,83,view2,29,0.9984,69.76
view1,83,view2,30,0.9974,86.12
view1,83,view2,31,0.9983,84.36
view1,83,view2,32,0.9974,83.04
view1,83,view2,33,0.9991,80.8
view1,83,view2,34,0.9983,80.64
view1,83,view2,35,0.9987,58.48
view1,83,view2,36,0.9953,78.6
view1,83,view2,37,0.995,77.84
view1,83,view2,38,0.9987,69.68
view1,83,view2,39,0.9932,74.4
view1,83,view2,42,0.9968,71.24
view1,83,view2,43,0.9973,63.92
view1,83,view2,44,0.9945,62.8
view1,83,view2,45,0.9993,66.68
view1,83,view2,46,0.9988,62.84
view1,83,view2,47,0.9992,47.92
view1,83,view2,49,0.9993,43.72
view1,83,view2,50,0.9978,61.44
view1,83,view2,51,0.9983,51.8
view1,83,view2,52,0.9973,58.64
view1,83,view2,53,0.9986,31.92
view1,83,view2,54,0.9959,57.12
view1,83,view2,55,0.9984,48.24
view1,83,view2,56,0.9991,51.36
view1,83,view2,57,0.9983,52.88
view1,83,view2,58,0.9984,53.04
view1,83,view2,59,0.9972,42.6
view1,83,view2,60,0.9981,23.28
view1,83,view2,61,0.9975,48.88
view1,83,view2,62,0.9948,43.72
view1,83,view2,63,0.9994,39.68
view1,83,view2,65,0.9991,21.16
view1,83,view2,66,0.9985,16.08
view1,83,view2,67,0.9936,36.8
view1,83,view2,68,0.9925,37.4
view1,83,view2,69,0.9909,34.04
view1,83,view2,70,0.9977,34.04
view1,83,view2,71,0.9956,33.88
view1,83,view2,72,0.9981,32.0
view1,83,view2,73,0.9957,32.44
view1,83,view2,74,0.9993,29.24
view1,83,view2,75,0.9984,5.2
view1,83,view2,76,0.9984,25.0
view1,83,view2,77,0.9936,24.88
view1,83,view2,78,0.9968,0.0
view1,83,view2,79,0.9995,21.64
view1,83,view2,80,0.9991,18.44
view1,83,view2,82,0.9993,16.12
view1,83,view2,83,0.9994,0.0
view1,83,view2,84,0.9997,13.4
view1,83,view2,85,0.996,14.28
view1,83,view2,86,0.9966,7.84
view1,83,view2,87,0.9991,0.0
view1,83,view2,88,0.9979,4.96
view1,83,view2,89,0.9965,9.76
view1,83,view2,91,0.998,6.12
view1,83,view2,92,0.9962,1.04
view1,83,view2,93,0.999,0.0
view1,83,view2,94,0.9976,1.08
view1,83,view2,95,0.9987,0.0
view1,83,view2,96,0.9953,0.0
view1,83,view2,97,0.9981,0.0
view1,83,view3,1,0.998,117.2
view1,83,view3,2,0.9972,140.52
view1,83,view3,3,0.9993,116.6
view1,83,view3,4,0.9993,125.32
view1,83,view3,6,0.9988,120.24
view1,83,view3,7,0.9982,117.92
view1,83,view3,8,0.999,108.48
view1,83,view3,9,0.9986,111.84
view1,83,view3,11,0.9989,90.2
view1,83,view3,12,0.9983,91.96
view1,83,view3,13,0.9966,106.72
view1,83,view3,14,0.9987,82.28
view1,83,view3,15,0.9989,95.64
view1,83,view3,16,0.9984,79.32
view1,83,view3,17,0.9994,86.44
view1,83,view3,18,0.9982,91.92
view1,83,view3,19,0.9973,60.68
view1,83,view3,20,0.9984,82.8
view1,83,view3,21,0.9987,83.16
view1,83,view3,22,0.9975,73.68
view1,83,view3,23,0.9978,66.96
view1,83,view3,24,0.9983,69.88
view1,83,view3,25,0.998,74.4
view1,83,view3,27,0.9994,47.68
view1,83,view3,28,0.9977,70.2
view1,83,view3,29,0.9991,54.96
view1,83,view3,30,0.9991,65.0
view1,83,view3,31,0.9989,38.32
view1,83,view3,32,0.9993,60.84
view1,83,view3,33,0.9941,53.92
view1,83,view3,34,0.9988,49.48
view1,83,view3,36,0.9984,45.32
view1,83,view3,37,0.9976,47.44
view1,83,view3,38,0.9993,44.44
view1,83,view3,39,0.9994,36.44
view1,83,view3,40,0.9982,43.12
view1,83,view3,42,0.9973,34.8
view1,83,view3,43,0.9992,32.64
view1,83,view3,45,0.999,31.2
view1,83,view3,46,0.9979,36.96
view1,83,view3,47,0.9982,35.0
view1,83,view3,48,0.9989,19.44
view1,83,view3,49,0.9988,29.84
view1,83,view3,50,0.9989,7.84
view1,83,view3,51,0.9989,24.76
view1,83,view3,52,0.9977,27.24
view1,83,view3,54,0.9987,17.76
view1,83,view3,55,0.9973,13.8
view1,83,view3,56,0.9975,12.2
view1,83,view3,57,0.998,0.0
view1,83,view3,58,0.9958,15.52
view1,83,view3,59,0.9989,0.64
view1,83,view3,61,0.9996,0.0
view1,83,view3,62,0.9984,5.36
view1,83,view3,64,0.999,0.0
view1,83,view3,65,0.9983,0.0
view1,83,view3,66,0.9976,0.0
view1,83,view3,67,0.9985,0.0
view1,83,view3,68,0.999,0.0
view1,84,view2,1,0.9991,13.32
view1,84,view2,2,0.9976,131.6
view1,84,view2,4,0.996,140.12
view1,84,view2,5,0.998,131.36
view1,84,view2,7,0.9893,134.28
view1,84,view2,8,0.9962,95.88
view1,84,view2,10,0.9995,108.24
view1,84,view2,13,0.9899,124.76
view1,84,view2,14,0.9994,107.68
view1,84,view2,15,0.9967,120.0
view1,84,view2,16,0.9978,115.88
view1,84,view2,17,0.9993,114.0
view1,84,view2,18,0.999,79.92
view1,84,view2,19,0.9992,102.68
view1,84,view2,20,0.9983,101.52
view1,84,view2,21,0.9992,90.2
view1,84,view2,23,0.9992,72.56
view1,84,view2,24,0.9971,94.72
view1,84,view2,25,0.9985,84.24
view1,84,view2,26,0.9978,86.8
view1,84,view2,28,0.9984,92.0
view1,84,view2,29,0.9984,71.08
view1,84,view2,30,0.9979,87.44
view1,84,view2,31,0.9988,85.68
view1,84,view2,32,0.9978,84.36
view1,84,view2,33,0.9991,82.12
view1,84,view2,34,0.9985,81.96
view1,84,view2,35,0.9977,59.8
view1,84,view2,36,0.9963,79.92
view1,84,view2,37,0.9954,79.16
view1,84,view2,38,0.9988,71.0
view1,84,view2,39,0.9933,75.72
view1,84,view2,42,0.9962,72.56
view1,84,view2,43,0.9976,65.24
view1,84,view2,44,0.9949,64.12
view1,84,view2,45,0.9995,68.0
view1,84,view2,46,0.9986,64.16
view1,84,view2,47,0.9993,49.24
view1,84,view2,49,0.9997,45.04
view1,84,view2,50,0.998,62.76
view1,84,view2,51,0.9986,53.12
view1,84,view2,52,0.9972,59.96
view1,84,view2,53,0.9981,33.24
view1,84,view2,54,0.9963,58.44
view1,84,view2,55,0.9987,49.56
view1,84,view2,56,0.999,52.68
view1,84,view2,57,0.9981,54.2
view1,84,view2,58,0.9989,54.36
view1,84,view2,59,0.9956,43.92
view1,84,view2,60,0.9978,24.6
view1,84,view2,61,0.9982,50.2
view1,84,view2,62,0.9953,45.04
view1,84,view2,63,0.9992,41.0
view1,84,view2,65,0.9985,22.48
view1,84,view2,66,0.9988,17.4
view1,84,view2,67,0.995,38.12
view1,84,view2,68,0.9943,38.72
view1,84,view2,69,0.9925,35.36
view1,84,view2,70,0.9981,35.36
view1,84,view2,71,0.9956,35.2
view1,84,view2,72,0.9983,33.32
view1,84,view2,73,0.996,33.76
view1,84,view2,74,0.9991,30.56
view1,84,view2,75,0.9982,6.52
view1,84,view2,76,0.9984,26.32
view1,84,view2,77,0.9936,26.2
view1,84,view2,78,0.9977,0.0
view1,84,view2,79,0.9992,22.96
view1,84,view2,80,0.9989,19.76
view1,84,view2,82,0.999,17.44
view1,84,view2,83,0.9992,0.0
view1,84,view2,84,0.9991,14.72
view1,84,view2,85,0.9966,15.6
view1,84,view2,86,0.9966,9.16
view1,84,view2,87,0.9992,0.0
view1,84,view2,88,0.9973,6.28
view1,84,view2,89,0.9963,11.08
view1,84,view2,91,0.9983,7.44
view1,84,view2,92,0.9964,2.36
view1,84,view2,93,0.9989,0.0
view1,84,view2,94,0.9982,2.4
view1,84,view2,95,0.9989,1.28
view1,84,view2,96,0.9958,0.8
view1,84,view2,97,0.9983,0.0
view1,84,view3,1,0.9968,118.52
view1,84,view3,2,0.9955,141.84
view1,84,view3,3,0.9988,117.92
view1,84,view3,4,0.9994,126.64
view1,84,view3,6,0.9991,121.56
view1,84,view3,7,0.9972,119.24
view1,84,view3,8,0.9986,109.8
view1,84,view3,9,0.9978,113.16
view1,84,view3,11,0.9985,91.52
view1,84,view3,12,0.9975,93.28
view1,84,view3,13,0.9957,108.04
view1,84,view3,14,0.9978,83.6
view1,84,view3,15,0.9986,96.96
view1,84,view3,16,0.9991,80.64
view1,84,view3,17,0.9991,87.76
view1,84,view3,18,0.9967,93.24
view1,84,view3,19,0.9959,62.0
view1,84,view3,20,0.9982,84.12
view1,84,view3,21,0.998,84.48
view1,84,view3,22,0.9966,75.0
view1,84,view3,23,0.9969,68.28
view1,84,view3,24,0.9987,71.2
view1,84,view3,25,0.9979,75.72
view1,84,view3,27,0.9992,49.0
view1,84,view3,28,0.9973,71.52
view1,84,view3,29,0.9988,56.28
view1,84,view3,30,0.9993,66.32
view1,84,view3,31,0.998,39.64
view1,84,view3,32,0.9985,62.16
view1,84,view3,33,0.9926,55.24
view1,84,view3,34,0.9979,50.8
view1,84,view3,36,0.9975,46.64
view1,84,view3,37,0.9961,48.76
view1,84,view3,38,0.9989,45.76
view1,84,view3,39,0.9991,37.76
view1,84,view3,40,0.9971,44.44
view1,84,view3,42,0.9961,36.12
view1,84,view3,43,0.9988,33.96
view1,84,view3,45,0.9982,32.52
view1,84,view3,46,0.9975,38.28
view1,84,view3,47,0.9983,36.32
view1,84,view3,48,0.9987,20.76
view1,84,view3,49,0.999,31.16
view1,84,view3,50,0.9988,9.16
view1,84,view3,51,0.9991,26.08
view1,84,view3,52,0.9963,28.56
view1,84,view3,54,0.9981,19.08
view1,84,view3,55,0.998,15.12
view1,84,view3,56,0.9959,13.52
view1,84,view3,57,0.997,0.0
view1,84,view3,58,0.9953,16.84
view1,84,view3,59,0.9989,1.96
view1,84,view3,61,0.999,0.0
view1,84,view3,62,0.9979,6.68
view1,84,view3,64,0.9981,0.0
view1,84,view3,65,0.9972,0.0
view1,84,view3,66,0.9979,0.0
view1,84,view3,67,0.9984,0.0
view1,84,view3,68,0.999,0.0
view1,85,view2,1,0.9989,17.56
view1,85,view2,2,0.997,135.84
view1,85,view2,4,0.996,144.36
view1,85,view2,5,0.9972,135.6
view1,85,view2,7,0.9874,138.52
view1,85,view2,8,0.9955,100.12
view1,85,view2,10,0.9995,112.48
view1,85,view2,13,0.9881,129.0
view1,85,view2,14,0.9991,111.92
view1,85,view2,15,0.9959,124.24
view1,85,view2,16,0.9969,120.12
view1,85,view2,17,0.9986,118.24
view1,85,view2,18,0.9986,84.16
view1,85,view2,19,0.999,106.92
view1,85,view2,20,0.998,105.76
view1,85,view2,21,0.9985,94.44
view1,85,view2,23,0.9987,76.8
view1,85,view2,24,0.9965,98.96
view1,85,view2,25,0.9984,88.48
view1,85,view2,26,0.9979,91.04
view1,85,view2,28,0.9977,96.24
view1,85,view2,29,0.9975,75.32
view1,85,view2,30,0.9971,91.68
view1,85,view2,31,0.9986,89.92
view1,85,view2,32,0.9971,88.6
view1,85,view2,33,0.9987,86.36
view1,85,view2,34,0.998,86.2
view1,85,view2,35,0.9975,64.04
view1,85,view2,36,0.9954,84.16
view1,85,view2,37,0.9945,83.4
view1,85,view2,38,0.9984,75.24
view1,85,view2,39,0.9926,79.96
view1,85,view2,42,0.9963,76.8
view1,85,view2,43,0.9968,69.48
view1,85,view2,44,0.9941,68.36
view1,85,view2,45,0.999,72.24
view1,85,view2,46,0.9985,68.4
view1,85,view2,47,0.9991,53.48
view1,85,view2,49,0.9992,49.28
view1,85,view2,50,0.998,67.0
view1,85,view2,51,0.9982,57.36
view1,85,view2,52,0.9972,64.2
view1,85,view2,53,0.9978,37.48
view1,85,view2,54,0.9958,62.68
view1,85,view2,55,0.9987,53.8
view1,85,view2,56,0.9991,56.92
view1,85,view2,57,0.998,58.44
view1,85,view2,58,0.9988,58.6
view1,85,view2,59,0.9952,48.16
view1,85,view2,60,0.9973,28.84
view1,85,view2,61,0.9976,54.44
view1,85,view2,62,0.9943,49.28
view1,85,view2,63,0.9992,45.24
view1,85,view2,65,0.9982,26.72
view1,85,view2,66,0.9982,21.64
view1,85,view2,67,0.9937,42.36
view1,85,view2,68,0.993,42.96
view1,85,view2,69,0.9911,39.6
view1,85,view2,70,0.9977,39.6
view1,85,view2,71,0.9952,39.44
view1,85,view2,72,0.9979,37.56
view1,85,view2,73,0.9956,38.0
view1,85,view2,74,0.9987,34.8
view1,85,view2,75,0.9979,10.76
view1,85,view2,76,0.9984,30.56
view1,85,view2,77,0.9934,30.44
view1,85,view2,78,0.9966,0.0
view1,85,view2,79,0.9989,27.2
view1,85,view2,80,0.9985,24.0
view1,85,view2,82,0.9987,21.68
view1,85,view2,83,0.9987,0.0
view1,85,view2,84,0.9987,18.96
view1,85,view2,85,0.996,19.84
view1,85,view2,86,0.9964,13.4
view1,85,view2,87,0.9988,0.0
view1,85,view2,88,0.9967,10.52
view1,85,view2,89,0.9956,15.32
view1,85,view2,91,0.9973,11.68
view1,85,view2,92,0.9955,6.6
view1,85,view2,93,0.999,0.0
view1,85,view2,94,0.9977,6.64
view1,85,view2,95,0.9991,5.52
view1,85,view2,96,0.9952,5.04
view1,85,view2,97,0.998,0.0
view1,85,view3,1,0.996,122.76
view1,85,view3,2,0.9945,146.08
view1,85,view3,3,0.9982,122.16
view1,85,view3,4,0.999,130.88
view1,85,view3,6,0.999,125.8
view1,85,view3,7,0.997,123.48
view1,85,view3,8,0.9986,114.04
view1,85,view3,9,0.9976,117.4
view1,85,view3,11,0.9985,95.76
view1,85,view3,12,0.9971,97.52
view1,85,view3,13,0.9965,112.28
view1,85,view3,14,0.9977,87.84
view1,85,view3,15,0.9986,101.2
view1,85,view3,16,0.9984,84.88
view1,85,view3,17,0.9988,92.0
view1,85,view3,18,0.9964,97.48
view1,85,view3,19,0.995,66.24
view1,85,view3,20,0.998,88.36
view1,85,view3,21,0.9982,88.72
view1,85,view3,22,0.9967,79.24
view1,85,view3,23,0.997,72.52
view1,85,view3,24,0.9978,75.44
view1,85,view3,25,0.9976,79.96
view1,85,view3,27,0.9989,53.24
view1,85,view3,28,0.9976,75.76
view1,85,view3,29,0.9987,60.52
view1,85,view3,30,0.9988,70.56
view1,85,view3,31,0.9979,43.88
view1,85,view3,32,0.9983,66.4
view1,85,view3,33,0.9909,59.48
view1,85,view3,34,0.998,55.04
view1,85,view3,36,0.9977,50.88
view1,85,view3,37,0.9953,53.0
view1,85,view3,38,0.9983,50.0
view1,85,view3,39,0.9988,42.0
view1,85,view3,40,0.9969,48.68
view1,85,view3,42,0.9966,40.36
view1,85,view3,43,0.9985,38.2
view1,85,view3,45,0.9975,36.76
view1,85,view3,46,0.9975,42.52
view1,85,view3,47,0.9977,40.56
view1,85,view3,48,0.9986,25.0
view1,85,view3,49,0.9987,35.4
view1,85,view3,50,0.9983,13.4
view1,85,view3,51,0.9986,30.32
view1,85,view3,52,0.996,32.8
view1,85,view3,54,0.9983,23.32
view1,85,view3,55,0.997,19.36
view1,85,view3,56,0.9952,17.76
view1,85,view3,57,0.9965,0.0
view1,85,view3,58,0.9956,21.08
view1,85,view3,59,0.9988,6.2
view1,85,view3,61,0.9988,1.88
view1,85,view3,62,0.9977,10.92
view1,85,view3,64,0.9981,3.36
view1,85,view3,65,0.9971,0.0
view1,85,view3,66,0.9972,2.16
view1,85,view3,67,0.9983,0.0
view1,85,view3,68,0.9987,0.0
view2,1,view3,1,0.9974,0.0
view2,1,view3,2,0.995,0.0
view2,1,view3,3,0.9988,0.0
view2,1,view3,4,0.9993,0.0
view2,1,view3,6,0.9985,0.0
view2,1,view3,7,0.997,0.0
view2,1,view3,8,0.9983,0.0
view2,1,view3,9,0.9984,0.0
view2,1,view3,11,0.9982,0.0
view2,1,view3,12,0.9976,0.0
view2,1,view3,13,0.9951,0.0
view2,1,view3,14,0.9976,0.0
view2,1,view3,15,0.9981,0.0
view2,1,view3,16,0.999,0.0
view2,1,view3,17,0.9991,0.0
view2,1,view3,18,0.9968,0.0
view2,1,view3,19,0.9952,0.0
view2,1,view3,20,0.9977,0.0
view2,1,view3,21,0.9983,0.0
view2,1,view3,22,0.9955,0.0
view2,1,view3,23,0.9965,0.0
view2,1,view3,24,0.9988,0.0
view2,1,view3,25,0.9988,0.0
view2,1,view3,27,0.9991,0.0
view2,1,view3,28,0.9971,0.0
view2,1,view3,29,0.9986,0.0
view2,1,view3,30,0.9991,0.0
view2,1,view3,31,0.9974,0.0
view2,1,view3,32,0.9991,0.0
view2,1,view3,33,0.9932,0.0
view2,1,view3,34,0.9975,0.0
view2,1,view3,36,0.9968,0.0
view2,1,view3,37,0.9954,0.0
view2,1,view3,38,0.9984,0.0
view2,1,view3,39,0.9992,0.0
view2,1,view3,40,0.9963,0.0
view2,1,view3,42,0.9953,0.0
view2,1,view3,43,0.9992,0.0
view2,1,view3,45,0.9978,0.0
view2,1,view3,46,0.998,0.0
view2,1,view3,47,0.9991,0.0
view2,1,view3,48,0.9978,0.0
view2,1,view3,49,0.9992,0.0
view2,1,view3,50,0.9986,0.0
view2,1,view3,51,0.9992,0.0
view2,1,view3,52,0.9959,0.0
view2,1,view3,54,0.9978,0.0
view2,1,view3,55,0.9976,0.0
view2,1,view3,56,0.9952,0.0
view2,1,view3,57,0.9961,0.0
view2,1,view3,58,0.9958,0.0
view2,1,view3,59,0.9979,0.0
view2,1,view3,61,0.9987,2.04
view2,1,view3,62,0.9981,3.88
view2,1,view3,64,0.9983,10.04
view2,1,view3,65,0.9967,10.52
view2,1,view3,66,0.9986,12.6
view2,1,view3,67,0.9986,16.36
view2,1,view3,68,0.9991,17.48
view2,2,view3,1,0.9984,0.0
view2,2,view3,2,0.9986,0.0
view2,2,view3,3,0.9988,0.0
view2,2,view3,4,0.9982,0.0
view2,2,view3,6,0.9974,5.8
view2,2,view3,7,0.9991,7.88
view2,2,view3,8,0.9986,10.0
view2,2,view3,9,0.9989,13.16
view2,2,view3,11,0.9982,16.44
view2,2,view3,12,0.999,20.2
view2,2,view3,13,0.997,23.36
view2,2,view3,14,0.9994,24.24
view2,2,view3,15,0.9982,26.2
view2,2,view3,16,0.9964,37.36
view2,2,view3,17,0.9987,38.0
view2,2,view3,18,0.9988,38.04
view2,2,view3,19,0.9984,39.8
view2,2,view3,20,0.9974,41.0
view2,2,view3,21,0.9988,46.88
view2,2,view3,22,0.9982,48.12
view2,2,view3,23,0.9977,49.08
view2,2,view3,24,0.9974,52.16
view2,2,view3,25,0.9977,54.28
view2,2,view3,27,0.9986,59.12
view2,2,view3,28,0.9976,59.2
view2,2,view3,29,0.9987,61.68
view2,2,view3,30,0.9974,64.04
view2,2,view3,31,0.9988,66.32
view2,2,view3,32,0.9984,67.32
view2,2,view3,33,0.9947,70.36
view2,2,view3,34,0.9986,71.92
view2,2,view3,36,0.9979,77.96
view2,2,view3,37,0.9987,78.56
view2,2,view3,38,0.9987,81.6
view2,2,view3,39,0.9989,83.6
view2,2,view3,40,0.9981,84.04
view2,2,view3,42,0.9969,86.48
view2,2,view3,43,0.9987,91.08
view2,2,view3,45,0.9992,92.84
view2,2,view3,46,0.9968,93.16
view2,2,view3,47,0.9969,94.52
view2,2,view3,48,0.9983,94.72
view2,2,view3,49,0.9983,96.36
view2,2,view3,50,0.9976,97.4
view2,2,view3,51,0.9975,101.12
view2,2,view3,52,0.9987,101.4
view2,2,view3,54,0.9985,102.96
view2,2,view3,55,0.9947,103.76
view2,2,view3,56,0.9987,109.4
view2,2,view3,57,0.999,113.48
view2,2,view3,58,0.996,114.56
view2,2,view3,59,0.9981,116.12
view2,2,view3,61,0.999,120.32
view2,2,view3,62,0.9988,122.16
view2,2,view3,64,0.9991,128.32
view2,2,view3,65,0.998,128.8
view2,2,view3,66,0.9969,130.88
view2,2,view3,67,0.9978,134.64
view2,2,view3,68,0.9977,135.76
view2,4,view3,1,0.9938,0.0
view2,4,view3,2,0.9962,1.6
view2,4,view3,3,0.996,0.0
view2,4,view3,4,0.9957,3.12
view2,4,view3,6,0.9955,14.32
view2,4,view3,7,0.9981,16.4
view2,4,view3,8,0.9983,18.52
view2,4,view3,9,0.9956,21.68
view2,4,view3,11,0.9956,24.96
view2,4,view3,12,0.9953,28.72
view2,4,view3,13,0.9982,31.88
view2,4,view3,14,0.9985,32.76
view2,4,view3,15,0.9964,34.72
view2,4,view3,16,0.9937,45.88
view2,4,view3,17,0.9967,46.52
view2,4,view3,18,0.9964,46.56
view2,4,view3,19,0.996,48.32
view2,4,view3,20,0.9954,49.52
view2,4,view3,21,0.9976,55.4
view2,4,view3,22,0.9994,56.64
view2,4,view3,23,0.9951,57.6
view2,4,view3,24,0.9937,60.68
view2,4,view3,25,0.9942,62.8
view2,4,view3,27,0.9966,67.64
view2,4,view3,28,0.9963,67.72
view2,4,view3,29,0.9976,70.2
view2,4,view3,30,0.9948,72.56
view2,4,view3,31,0.9979,74.84
view2,4,view3,32,0.9954,75.84
view2,4,view3,33,0.9882,78.88
view2,4,view3,34,0.9976,80.44
view2,4,view3,36,0.9973,86.48
view2,4,view3,37,0.9971,87.08
view2,4,view3,38,0.9977,90.12
view2,4,view3,39,0.9964,92.12
view2,4,view3,40,0.9974,92.56
view2,4,view3,42,0.9987,95.0
view2,4,view3,43,0.9965,99.6
view2,4,view3,45,0.9969,101.36
view2,4,view3,46,0.9957,101.68
view2,4,view3,47,0.9938,103.04
view2,4,view3,48,0.9982,103.24
view2,4,view3,49,0.9956,104.88
view2,4,view3,50,0.9946,105.92
view2,4,view3,51,0.9952,109.64
view2,4,view3,52,0.9965,109.92
view2,4,view3,54,0.997,111.48
view2,4,view3,55,0.9914,112.28
view2,4,view3,56,0.9971,117.92
view2,4,view3,57,0.9976,122.0
view2,4,view3,58,0.993,123.08
view2,4,view3,59,0.9979,124.64
view2,4,view3,61,0.9974,128.84
view2,4,view3,62,0.9968,130.68
view2,4,view3,64,0.9967,136.84
view2,4,view3,65,0.9965,137.32
view2,4,view3,66,0.9925,139.4
view2,4,view3,67,0.9954,143.16
view2,4,view3,68,0.9951,144.28
view2,5,view3,1,0.9937,0.0
view2,5,view3,2,0.9907,3.36
view2,5,view3,3,0.9966,0.0
view2,5,view3,4,0.9978,0.0
view2,5,view3,6,0.9966,5.56
view2,5,view3,7,0.9936,7.64
view2,5,view3,8,0.9958,9.76
view2,5,view3,9,0.9951,12.92
view2,5,view3,11,0.9952,16.2
view2,5,view3,12,0.9942,19.96
view2,5,view3,13,0.9908,23.12
view2,5,view3,14,0.9943,24.0
view2,5,view3,15,0.9952,25.96
view2,5,view3,16,0.9991,37.12
view2,5,view3,17,0.9968,37.76
view2,5,view3,18,0.9929,37.8
view2,5,view3,19,0.9911,39.56
view2,5,view3,20,0.9946,40.76
view2,5,view3,21,0.9953,46.64
view2,5,view3,22,0.9917,47.88
view2,5,view3,23,0.9923,48.84
view2,5,view3,24,0.9981,51.92
view2,5,view3,25,0.997,54.04
view2,5,view3,27,0.997,58.88
view2,5,view3,28,0.9932,58.96
view2,5,view3,29,0.9962,61.44
view2,5,view3,30,0.9982,63.8
view2,5,view3,31,0.9938,66.08
view2,5,view3,32,0.9966,67.08
view2,5,view3,33,0.9902,70.12
view2,5,view3,34,0.9939,71.68
view2,5,view3,36,0.9931,77.72
view2,5,view3,37,0.9912,78.32
view2,5,view3,38,0.9966,81.36
view2,5,view3,39,0.997,83.36
view2,5,view3,40,0.9925,83.8
view2,5,view3,42,0.9922,86.24
view2,5,view3,43,0.9974,90.84
view2,5,view3,45,0.995,92.6
view2,5,view3,46,0.9967,92.92
view2,5,view3,47,0.9984,94.28
view2,5,view3,48,0.9956,94.48
view2,5,view3,49,0.9974,96.12
view2,5,view3,50,0.9967,97.16
view2,5,view3,51,0.9981,100.88
view2,5,view3,52,0.9916,101.16
view2,5,view3,54,0.9942,102.72
view2,5,view3,55,0.9974,103.52
view2,5,view3,56,0.9911,109.16
view2,5,view3,57,0.9922,113.24
view2,5,view3,58,0.993,114.32
view2,5,view3,59,0.9957,115.88
view2,5,view3,61,0.996,120.08
view2,5,view3,62,0.9954,121.92
view2,5,view3,64,0.9948,128.08
view2,5,view3,65,0.9926,128.56
view2,5,view3,66,0.9973,130.64
view2,5,view3,67,0.9964,134.4
view2,5,view3,68,0.9976,135.52
view2,7,view3,1,0.984,0.0
view2,7,view3,2,0.9778,6.36
view2,7,view3,3,0.9869,0.0
view2,7,view3,4,0.9883,0.0
view2,7,view3,6,0.9862,8.48
view2,7,view3,7,0.9806,10.56
view2,7,view3,8,0.9837,12.68
view2,7,view3,9,0.9844,15.84
view2,7,view3,11,0.9838,19.12
view2,7,view3,12,0.9834,22.88
view2,7,view3,13,0.9756,26.04
view2,7,view3,14,0.9813,26.92
view2,7,view3,15,0.9834,28.88
view2,7,view3,16,0.9917,40.04
view2,7,view3,17,0.9867,40.68
view2,7,view3,18,0.98,40.72
view2,7,view3,19,0.9784,42.48
view2,7,view3,20,0.9843,43.68
view2,7,view3,21,0.9833,49.56
view2,7,view3,22,0.9768,50.8
view2,7,view3,23,0.9795,51.76
view2,7,view3,24,0.9903,54.84
view2,7,view3,25,0.9882,56.96
view2,7,view3,27,0.9864,61.8
view2,7,view3,28,0.9812,61.88
view2,7,view3,29,0.9853,64.36
view2,7,view3,30,0.99,66.72
view2,7,view3,31,0.9807,69.0
view2,7,view3,32,0.9865,70.0
view2,7,view3,33,0.9819,73.04
view2,7,view3,34,0.9807,74.6
view2,7,view3,36,0.9796,80.64
view2,7,view3,37,0.9781,81.24
view2,7,view3,38,0.9854,84.28
view2,7,view3,39,0.9867,86.28
view2,7,view3,40,0.9788,86.72
view2,7,view3,42,0.9772,89.16
view2,7,view3,43,0.9875,93.76
view2,7,view3,45,0.9836,95.52
view2,7,view3,46,0.9863,95.84
view2,7,view3,47,0.9912,97.2
view2,7,view3,48,0.9833,97.4
view2,7,view3,49,0.9885,99.04
view2,7,view3,50,0.9877,100.08
view2,7,view3,51,0.9901,103.8
view2,7,view3,52,0.9782,104.08
view2,7,view3,54,0.9818,105.64
view2,7,view3,55,0.9917,106.44
view2,7,view3,56,0.9775,112.08
view2,7,view3,57,0.979,116.16
view2,7,view3,58,0.9818,117.24
view2,7,view3,59,0.9833,118.8
view2,7,view3,61,0.9847,123.0
view2,7,view3,62,0.9842,124.84
view2,7,view3,64,0.9829,131.0
view2,7,view3,65,0.9795,131.48
view2,7,view3,66,0.9898,133.56
view2,7,view3,67,0.9871,137.32
view2,7,view3,68,0.9885,138.44
view2,8,view3,1,0.9988,0.0
view2,8,view3,2,0.9991,10.48
view2,8,view3,3,0.998,0.0
view2,8,view3,4,0.9965,0.0
view2,8,view3,6,0.9963,0.0
view2,8,view3,7,0.9974,0.0
view2,8,view3,8,0.9961,0.0
view2,8,view3,9,0.9979,0.0
view2,8,view3,11,0.998,0.0
view2,8,view3,12,0.9992,0.0
view2,8,view3,13,0.9945,0.0
view2,8,view3,14,0.9977,0.0
view2,8,view3,15,0.9975,0.0
view2,8,view3,16,0.9943,1.64
view2,8,view3,17,0.9974,2.28
view2,8,view3,18,0.9985,2.32
view2,8,view3,19,0.9993,4.08
view2,8,view3,20,0.9973,5.28
view2,8,view3,21,0.9964,11.16
view2,8,view3,22,0.9964,12.4
view2,8,view3,23,0.9984,13.36
view2,8,view3,24,0.9956,16.44
view2,8,view3,25,0.9951,18.56
view2,8,view3,27,0.9969,23.4
view2,8,view3,28,0.9965,23.48
view2,8,view3,29,0.9969,25.96
view2,8,view3,30,0.996,28.32
view2,8,view3,31,0.9979,30.6
view2,8,view3,32,0.9968,31.6
view2,8,view3,33,0.9968,34.64
view2,8,view3,34,0.9973,36.2
view2,8,view3,36,0.9972,42.24
view2,8,view3,37,0.9989,42.84
view2,8,view3,38,0.9965,45.88
view2,8,view3,39,0.9973,47.88
view2,8,view3,40,0.9973,48.32
view2,8,view3,42,0.994,50.76
view2,8,view3,43,0.9963,55.36
view2,8,view3,45,0.9988,57.12
view2,8,view3,46,0.9935,57.44
view2,8,view3,47,0.9941,58.8
view2,8,view3,48,0.9961,59.0
view2,8,view3,49,0.9967,60.64
view2,8,view3,50,0.9972,61.68
view2,8,view3,51,0.9956,65.4
view2,8,view3,52,0.999,65.68
view2,8,view3,54,0.9979,67.24
view2,8,view3,55,0.9943,68.04
view2,8,view3,56,0.9989,73.68
view2,8,view3,57,0.9991,77.76
view2,8,view3,58,0.995,78.84
view2,8,view3,59,0.9962,80.4
view2,8,view3,61,0.9978,84.6
view2,8,view3,62,0.997,86.44
view2,8,view3,64,0.9981,92.6
view2,8,view3,65,0.9978,93.08
view2,8,view3,66,0.9953,95.16
view2,8,view3,67,0.9964,98.92
view2,8,view3,68,0.9961,100.04
view2,10,view3,1,0.9974,0.0
view2,10,view3,2,0.996,12.16
view2,10,view3,3,0.9989,0.0
view2,10,view3,4,0.9995,0.0
view2,10,view3,6,0.9993,0.0
view2,10,view3,7,0.9983,0.0
view2,10,view3,8,0.9992,0.0
view2,10,view3,9,0.9987,0.0
view2,10,view3,11,0.9991,0.0
view2,10,view3,12,0.9984,0.0
view2,10,view3,13,0.9972,0.0
view2,10,view3,14,0.9987,0.88
view2,10,view3,15,0.9991,2.84
view2,10,view3,16,0.9986,14.0
view2,10,view3,17,0.9993,14.64
view2,10,view3,18,0.9976,14.68
view2,10,view3,19,0.9965,16.44
view2,10,view3,20,0.9983,17.64
view2,10,view3,21,0.999,23.52
view2,10,view3,22,0.9975,24.76
view2,10,view3,23,0.9978,25.72
view2,10,view3,24,0.9986,28.8
view2,10,view3,25,0.9985,30.92
view2,10,view3,27,0.9995,35.76
view2,10,view3,28,0.9986,35.84
view2,10,view3,29,0.9993,38.32
view2,10,view3,30,0.9991,40.68
view2,10,view3,31,0.9985,42.96
view2,10,view3,32,0.9989,43.96
view2,10,view3,33,0.9927,47.0
view2,10,view3,34,0.9986,48.56
view2,10,view3,36,0.998,54.6
view2,10,view3,37,0.9967,55.2
view2,10,view3,38,0.9989,58.24
view2,10,view3,39,0.9995,60.24
view2,10,view3,40,0.9975,60.68
view2,10,view3,42,0.9967,63.12
view2,10,view3,43,0.9991,67.72
view2,10,view3,45,0.9985,69.48
view2,10,view3,46,0.9974,69.8
view2,10,view3,47,0.9981,71.16
view2,10,view3,48,0.9988,71.36
view2,10,view3,49,0.9995,73.0
view2,10,view3,50,0.9988,74.04
view2,10,view3,51,0.999,77.76
view2,10,view3,52,0.9973,78.04
view2,10,view3,54,0.999,79.6
view2,10,view3,55,0.9971,80.4
view2,10,view3,56,0.9965,86.04
view2,10,view3,57,0.9977,90.12
view2,10,view3,58,0.9963,91.2
view2,10,view3,59,0.999,92.76
view2,10,view3,61,0.9993,96.96
view2,10,view3,62,0.9989,98.8
view2,10,view3,64,0.999,104.96
view2,10,view3,65,0.9978,105.44
view2,10,view3,66,0.9983,107.52
view2,10,view3,67,0.999,111.28
view2,10,view3,68,0.9992,112.4
view2,13,view3,1,0.9849,0.0
view2,13,view3,2,0.9787,15.2
view2,13,view3,3,0.9878,0.0
view2,13,view3,4,0.9889,0.0
view2,13,view3,6,0.9869,0.0
view2,13,view3,7,0.9814,1.04
view2,13,view3,8,0.9842,3.16
view2,13,view3,9,0.9856,6.32
view2,13,view3,11,0.9847,9.6
view2,13,view3,12,0.9844,13.36
view2,13,view3,13,0.9761,16.52
view2,13,view3,14,0.9819,17.4
view2,13,view3,15,0.9841,19.36
view2,13,view3,16,0.9925,30.52
view2,13,view3,17,0.9874,31.16
view2,13,view3,18,0.981,31.2
view2,13,view3,19,0.9795,32.96
view2,13,view3,20,0.9851,34.16
view2,13,view3,21,0.9837,40.04
view2,13,view3,22,0.9773,41.28
view2,13,view3,23,0.9805,42.24
view2,13,view3,24,0.9909,45.32
view2,13,view3,25,0.9889,47.44
view2,13,view3,27,0.987,52.28
view2,13,view3,28,0.9823,52.36
view2,13,view3,29,0.986,54.84
view2,13,view3,30,0.9905,57.2
view2,13,view3,31,0.9814,59.48
view2,13,view3,32,0.9873,60.48
view2,13,view3,33,0.9834,63.52
view2,13,view3,34,0.9813,65.08
view2,13,view3,36,0.9804,71.12
view2,13,view3,37,0.979,71.72
view2,13,view3,38,0.9858,74.76
view2,13,view3,39,0.9874,76.76
view2,13,view3,40,0.9797,77.2
view2,13,view3,42,0.9773,79.64
view2,13,view3,43,0.9882,84.24
view2,13,view3,45,0.9845,86.0
view2,13,view3,46,0.9863,86.32
view2,13,view3,47,0.9918,87.68
view2,13,view3,48,0.9837,87.88
view2,13,view3,49,0.9894,89.52
view2,13,view3,50,0.9888,90.56
view2,13,view3,51,0.9909,94.28
view2,13,view3,52,0.9791,94.56
view2,13,view3,54,0.9828,96.12
view2,13,view3,55,0.9927,96.92
view2,13,view3,56,0.9784,102.56
view2,13,view3,57,0.98,106.64
view2,13,view3,58,0.9822,107.72
view2,13,view3,59,0.9837,109.28
view2,13,view3,61,0.9854,113.48
view2,13,view3,62,0.9851,115.32
view2,13,view3,64,0.9838,121.48
view2,13,view3,65,0.9805,121.96
view2,13,view3,66,0.9905,124.04
view2,13,view3,67,0.9882,127.8
view2,13,view3,68,0.989,128.92
view2,14,view3,1,0.9978,0.0
view2,14,view3,2,0.9963,17.8
view2,14,view3,3,0.9991,0.0
view2,14,view3,4,0.9995,2.6
view2,14,view3,6,0.999,0.0
view2,14,view3,7,0.9981,0.0
view2,14,view3,8,0.9988,0.0
view2,14,view3,9,0.9988,0.0
view2,14,view3,11,0.9988,0.0
view2,14,view3,12,0.9986,0.0
view2,14,view3,13,0.9961,0.0
view2,14,view3,14,0.9986,0.32
view2,14,view3,15,0.9988,2.28
view2,14,view3,16,0.9989,13.44
view2,14,view3,17,0.9995,14.08
view2,14,view3,18,0.9978,14.12
view2,14,view3,19,0.9967,15.88
view2,14,view3,20,0.9982,17.08
view2,14,view3,21,0.9986,22.96
view2,14,view3,22,0.9969,24.2
view2,14,view3,23,0.9973,25.16
view2,14,view3,24,0.999,28.24
view2,14,view3,25,0.9985,30.36
view2,14,view3,27,0.9994,35.2
view2,14,view3,28,0.9979,35.28
view2,14,view3,29,0.9993,37.76
view2,14,view3,30,0.999,40.12
view2,14,view3,31,0.9983,42.4
view2,14,view3,32,0.9989,43.4
view2,14,view3,33,0.9937,46.44
view2,14,view3,34,0.9982,48.0
view2,14,view3,36,0.9977,54.04
view2,14,view3,37,0.9968,54.64
view2,14,view3,38,0.9989,57.68
view2,14,view3,39,0.9996,59.68
view2,14,view3,40,0.9972,60.12
view2,14,view3,42,0.9962,62.56
view2,14,view3,43,0.9993,67.16
view2,14,view3,45,0.9986,68.92
view2,14,view3,46,0.9975,69.24
view2,14,view3,47,0.9986,70.6
view2,14,view3,48,0.9985,70.8
view2,14,view3,49,0.9996,72.44
view2,14,view3,50,0.9989,73.48
view2,14,view3,51,0.9992,77.2
view2,14,view3,52,0.9971,77.48
view2,14,view3,54,0.9988,79.04
view2,14,view3,55,0.9975,79.84
view2,14,view3,56,0.9967,85.48
view2,14,view3,57,0.9977,89.56
view2,14,view3,58,0.996,90.64
view2,14,view3,59,0.9985,92.2
view2,14,view3,61,0.9992,96.4
view2,14,view3,62,0.999,98.24
view2,14,view3,64,0.9988,104.4
view2,14,view3,65,0.9974,104.88
view2,14,view3,66,0.9987,106.96
view2,14,view3,67,0.9992,110.72
view2,14,view3,68,0.9993,111.84
view2,15,view3,1,0.9947,0.0
view2,15,view3,2,0.9966,21.72
view2,15,view3,3,0.9969,0.0
view2,15,view3,4,0.9962,6.52
view2,15,view3,6,0.9954,1.44
view2,15,view3,7,0.9985,0.0
view2,15,view3,8,0.9982,0.0
view2,15,view3,9,0.9963,1.56
view2,15,view3,11,0.9952,4.84
view2,15,view3,12,0.9958,8.6
view2,15,view3,13,0.9965,11.76
view2,15,view3,14,0.9984,12.64
view2,15,view3,15,0.9959,14.6
view2,15,view3,16,0.9952,25.76
view2,15,view3,17,0.997,26.4
view2,15,view3,18,0.9962,26.44
view2,15,view3,19,0.9964,28.2
view2,15,view3,20,0.9949,29.4
view2,15,view3,21,0.9971,35.28
view2,15,view3,22,0.9985,36.52
view2,15,view3,23,0.9942,37.48
view2,15,view3,24,0.9949,40.56
view2,15,view3,25,0.995,42.68
view2,15,view3,27,0.9966,47.52
view2,15,view3,28,0.996,47.6
view2,15,view3,29,0.998,50.08
view2,15,view3,30,0.9954,52.44
view2,15,view3,31,0.997,54.72
view2,15,view3,32,0.9959,55.72
view2,15,view3,33,0.9907,58.76
view2,15,view3,34,0.9966,60.32
view2,15,view3,36,0.9961,66.36
view2,15,view3,37,0.9972,66.96
view2,15,view3,38,0.9979,70.0
view2,15,view3,39,0.9968,72.0
view2,15,view3,40,0.9967,72.44
view2,15,view3,42,0.997,74.88
view2,15,view3,43,0.9973,79.48
view2,15,view3,45,0.9974,81.24
view2,15,view3,46,0.996,81.56
view2,15,view3,47,0.9954,82.92
view2,15,view3,48,0.9976,83.12
view2,15,view3,49,0.9968,84.76
view2,15,view3,50,0.9952,85.8
view2,15,view3,51,0.9965,89.52
view2,15,view3,52,0.9959,89.8
view2,15,view3,54,0.9965,91.36
view2,15,view3,55,0.9934,92.16
view2,15,view3,56,0.997,97.8
view2,15,view3,57,0.9977,101.88
view2,15,view3,58,0.9918,102.96
view2,15,view3,59,0.9972,104.52
view2,15,view3,61,0.9973,108.72
view2,15,view3,62,0.9977,110.56
view2,15,view3,64,0.9967,116.72
view2,15,view3,65,0.9958,117.2
view2,15,view3,66,0.9937,119.28
view2,15,view3,67,0.9965,123.04
view2,15,view3,68,0.9955,124.16
view2,16,view3,1,0.9954,0.04
view2,16,view3,2,0.9919,23.36
view2,16,view3,3,0.9972,0.0
view2,16,view3,4,0.9978,8.16
view2,16,view3,6,0.9963,3.08
view2,16,view3,7,0.9941,0.76
view2,16,view3,8,0.9957,0.0
view2,16,view3,9,0.9962,0.0
view2,16,view3,11,0.9954,0.72
view2,16,view3,12,0.9954,4.48
view2,16,view3,13,0.9908,7.64
view2,16,view3,14,0.9946,8.52
view2,16,view3,15,0.9952,10.48
view2,16,view3,16,0.9989,21.64
view2,16,view3,17,0.9973,22.28
view2,16,view3,18,0.9936,22.32
view2,16,view3,19,0.9922,24.08
view2,16,view3,20,0.9953,25.28
view2,16,view3,21,0.9955,31.16
view2,16,view3,22,0.9918,32.4
view2,16,view3,23,0.9928,33.36
view2,16,view3,24,0.9983,36.44
view2,16,view3,25,0.9977,38.56
view2,16,view3,27,0.9971,43.4
view2,16,view3,28,0.994,43.48
view2,16,view3,29,0.9965,45.96
view2,16,view3,30,0.9981,48.32
view2,16,view3,31,0.9941,50.6
view2,16,view3,32,0.9971,51.6
view2,16,view3,33,0.9917,54.64
view2,16,view3,34,0.994,56.2
view2,16,view3,36,0.9931,62.24
view2,16,view3,37,0.9922,62.84
view2,16,view3,38,0.9963,65.88
view2,16,view3,39,0.9973,67.88
view2,16,view3,40,0.9926,68.32
view2,16,view3,42,0.9913,70.76
view2,16,view3,43,0.9978,75.36
view2,16,view3,45,0.9955,77.12
view2,16,view3,46,0.9965,77.44
view2,16,view3,47,0.9989,78.8
view2,16,view3,48,0.9952,79.0
view2,16,view3,49,0.998,80.64
view2,16,view3,50,0.9972,81.68
view2,16,view3,51,0.9985,85.4
view2,16,view3,52,0.9923,85.68
view2,16,view3,54,0.9947,87.24
view2,16,view3,55,0.9978,88.04
view2,16,view3,56,0.9919,93.68
view2,16,view3,57,0.9929,97.76
view2,16,view3,58,0.9935,98.84
view2,16,view3,59,0.9951,100.4
view2,16,view3,61,0.9963,104.6
view2,16,view3,62,0.9961,106.44
view2,16,view3,64,0.9955,112.6
view2,16,view3,65,0.993,113.08
view2,16,view3,66,0.9979,115.16
view2,16,view3,67,0.997,118.92
view2,16,view3,68,0.9976,120.04
view2,17,view3,1,0.9957,4.28
view2,17,view3,2,0.9937,27.6
view2,17,view3,3,0.9977,3.68
view2,17,view3,4,0.9992,12.4
view2,17,view3,6,0.9984,7.32
view2,17,view3,7,0.9959,5.0
view2,17,view3,8,0.9978,0.0
view2,17,view3,9,0.9966,0.0
view2,17,view3,11,0.9972,0.0
view2,17,view3,12,0.9963,2.6
view2,17,view3,13,0.9941,5.76
view2,17,view3,14,0.9968,6.64
view2,17,view3,15,0.9976,8.6
view2,17,view3,16,0.9992,19.76
view2,17,view3,17,0.9982,20.4
view2,17,view3,18,0.9952,20.44
view2,17,view3,19,0.994,22.2
view2,17,view3,20,0.9969,23.4
view2,17,view3,21,0.9973,29.28
view2,17,view3,22,0.9952,30.52
view2,17,view3,23,0.9948,31.48
view2,17,view3,24,0.9991,34.56
view2,17,view3,25,0.9977,36.68
view2,17,view3,27,0.9987,41.52
view2,17,view3,28,0.9955,41.6
view2,17,view3,29,0.9978,44.08
view2,17,view3,30,0.9986,46.44
view2,17,view3,31,0.9966,48.72
view2,17,view3,32,0.9976,49.72
view2,17,view3,33,0.9908,52.76
view2,17,view3,34,0.9965,54.32
view2,17,view3,36,0.9959,60.36
view2,17,view3,37,0.9943,60.96
view2,17,view3,38,0.9986,64.0
view2,17,view3,39,0.9986,66.0
view2,17,view3,40,0.9953,66.44
view2,17,view3,42,0.9949,68.88
view2,17,view3,43,0.9984,73.48
view2,17,view3,45,0.997,75.24
view2,17,view3,46,0.9976,75.56
view2,17,view3,47,0.9985,76.92
view2,17,view3,48,0.9982,77.12
view2,17,view3,49,0.9983,78.76
view2,17,view3,50,0.9975,79.8
view2,17,view3,51,0.9984,83.52
view2,17,view3,52,0.9945,83.8
view2,17,view3,54,0.9966,85.36
view2,17,view3,55,0.997,86.16
view2,17,view3,56,0.9942,91.8
view2,17,view3,57,0.9952,95.88
view2,17,view3,58,0.9946,96.96
view2,17,view3,59,0.9981,98.52
view2,17,view3,61,0.9978,102.72
view2,17,view3,62,0.9972,104.56
view2,17,view3,64,0.9968,110.72
view2,17,view3,65,0.9952,111.2
view2,17,view3,66,0.9983,113.28
view2,17,view3,67,0.9973,117.04
view2,17,view3,68,0.9989,118.16
view2,18,view3,1,0.9974,11.6
view2,18,view3,2,0.9945,34.92
view2,18,view3,3,0.9984,11.0
view2,18,view3,4,0.9991,19.72
view2,18,view3,6,0.9986,14.64
view2,18,view3,7,0.9959,12.32
view2,18,view3,8,0.9971,2.88
view2,18,view3,9,0.9976,6.24
view2,18,view3,11,0.9985,0.0
view2,18,view3,12,0.9977,0.0
view2,18,view3,13,0.9938,1.12
view2,18,view3,14,0.9967,0.0
view2,18,view3,15,0.9981,0.0
view2,18,view3,16,0.9988,0.0
view2,18,view3,17,0.9986,0.0
view2,18,view3,18,0.9964,0.0
view2,18,view3,19,0.9949,0.0
view2,18,view3,20,0.9978,0.0
view2,18,view3,21,0.9972,0.0
view2,18,view3,22,0.9943,0.0
view2,18,view3,23,0.9969,0.0
view2,18,view3,24,0.9989,0.48
view2,18,view3,25,0.9981,2.6
view2,18,view3,27,0.9987,7.44
view2,18,view3,28,0.9965,7.52
view2,18,view3,29,0.9977,10.0
view2,18,view3,30,0.9992,12.36
view2,18,view3,31,0.9969,14.64
view2,18,view3,32,0.9985,15.64
view2,18,view3,33,0.9936,18.68
view2,18,view3,34,0.9969,20.24
view2,18,view3,36,0.9963,26.28
view2,18,view3,37,0.9947,26.88
view2,18,view3,38,0.9976,29.92
view2,18,view3,39,0.9988,31.92
view2,18,view3,40,0.9955,32.36
view2,18,view3,42,0.9939,34.8
view2,18,view3,43,0.9982,39.4
view2,18,view3,45,0.9974,41.16
view2,18,view3,46,0.9967,41.48
view2,18,view3,47,0.9982,42.84
view2,18,view3,48,0.9971,43.04
view2,18,view3,49,0.9987,44.68
view2,18,view3,50,0.9988,45.72
view2,18,view3,51,0.9987,49.44
view2,18,view3,52,0.9956,49.72
view2,18,view3,54,0.9975,51.28
view2,18,view3,55,0.998,52.08
view2,18,view3,56,0.9947,57.72
view2,18,view3,57,0.9957,61.8
view2,18,view3,58,0.996,62.88
view2,18,view3,59,0.9973,64.44
view2,18,view3,61,0.9982,68.64
view2,18,view3,62,0.9972,70.48
view2,18,view3,64,0.9977,76.64
view2,18,view3,65,0.9962,77.12
view2,18,view3,66,0.9987,79.2
view2,18,view3,67,0.9981,82.96
view2,18,view3,68,0.999,84.08
view2,19,view3,1,0.9961,12.0
view2,19,view3,2,0.9946,35.32
view2,19,view3,3,0.9989,11.4
view2,19,view3,4,0.9988,20.12
view2,19,view3,6,0.9982,15.04
view2,19,view3,7,0.9972,12.72
view2,19,view3,8,0.9983,3.28
view2,19,view3,9,0.9979,6.64
view2,19,view3,11,0.9976,0.0
view2,19,view3,12,0.9971,0.0
view2,19,view3,13,0.995,1.52
view2,19,view3,14,0.9973,0.0
view2,19,view3,15,0.9976,0.0
view2,19,view3,16,0.9993,8.44
view2,19,view3,17,0.9989,9.08
view2,19,view3,18,0.9962,9.12
view2,19,view3,19,0.9951,10.88
view2,19,view3,20,0.9969,12.08
view2,19,view3,21,0.9976,17.96
view2,19,view3,22,0.9956,19.2
view2,19,view3,23,0.9958,20.16
view2,19,view3,24,0.9983,23.24
view2,19,view3,25,0.9983,25.36
view2,19,view3,27,0.9985,30.2
view2,19,view3,28,0.9971,30.28
view2,19,view3,29,0.999,32.76
view2,19,view3,30,0.9991,35.12
view2,19,view3,31,0.9969,37.4
view2,19,view3,32,0.9985,38.4
view2,19,view3,33,0.9922,41.44
view2,19,view3,34,0.997,43.0
view2,19,view3,36,0.9963,49.04
view2,19,view3,37,0.9952,49.64
view2,19,view3,38,0.998,52.68
view2,19,view3,39,0.9987,54.68
view2,19,view3,40,0.996,55.12
view2,19,view3,42,0.9953,57.56
view2,19,view3,43,0.9991,62.16
view2,19,view3,45,0.9975,63.92
view2,19,view3,46,0.9974,64.24
view2,19,view3,47,0.999,65.6
view2,19,view3,48,0.9975,65.8
view2,19,view3,49,0.9994,67.44
view2,19,view3,50,0.9988,68.48
view2,19,view3,51,0.9996,72.2
view2,19,view3,52,0.9953,72.48
view2,19,view3,54,0.9976,74.04
view2,19,view3,55,0.9984,74.84
view2,19,view3,56,0.995,80.48
view2,19,view3,57,0.9962,84.56
view2,19,view3,58,0.9945,85.64
view2,19,view3,59,0.9976,87.2
view2,19,view3,61,0.9986,91.4
view2,19,view3,62,0.9982,93.24
view2,19,view3,64,0.9979,99.4
view2,19,view3,65,0.9962,99.88
view2,19,view3,66,0.9977,101.96
view2,19,view3,67,0.9992,105.72
view2,19,view3,68,0.9985,106.84
view2,20,view3,1,0.9984,14.6
view2,20,view3,2,0.9958,37.92
view2,20,view3,3,0.9984,14.0
view2,20,view3,4,0.9988,22.72
view2,20,view3,6,0.9984,17.64
view2,20,view3,7,0.9962,15.32
view2,20,view3,8,0.9971,5.88
view2,20,view3,9,0.9982,9.24
view2,20,view3,11,0.9991,0.0
view2,20,view3,12,0.9983,0.0
view2,20,view3,13,0.9947,4.12
view2,20,view3,14,0.9972,0.0
view2,20,view3,15,0.9986,0.0
view2,20,view3,16,0.9975,7.28
view2,20,view3,17,0.9987,7.92
view2,20,view3,18,0.9976,7.96
view2,20,view3,19,0.9961,9.72
view2,20,view3,20,0.9986,10.92
view2,20,view3,21,0.9977,16.8
view2,20,view3,22,0.995,18.04
view2,20,view3,23,0.9982,19.0
view2,20,view3,24,0.9982,22.08
view2,20,view3,25,0.9977,24.2
view2,20,view3,27,0.9988,29.04
view2,20,view3,28,0.997,29.12
view2,20,view3,29,0.9975,31.6
view2,20,view3,30,0.9984,33.96
view2,20,view3,31,0.9979,36.24
view2,20,view3,32,0.9987,37.24
view2,20,view3,33,0.9942,40.28
view2,20,view3,34,0.9979,41.84
view2,20,view3,36,0.9975,47.88
view2,20,view3,37,0.9959,48.48
view2,20,view3,38,0.9976,51.52
view2,20,view3,39,0.9989,53.52
view2,20,view3,40,0.9967,53.96
view2,20,view3,42,0.9945,56.4
view2,20,view3,43,0.9979,61.0
view2,20,view3,45,0.9978,62.76
view2,20,view3,46,0.9962,63.08
view2,20,view3,47,0.9973,64.44
view2,20,view3,48,0.9972,64.64
view2,20,view3,49,0.9981,66.28
view2,20,view3,50,0.9986,67.32
view2,20,view3,51,0.9978,71.04
view2,20,view3,52,0.9969,71.32
view2,20,view3,54,0.9982,72.88
view2,20,view3,55,0.9966,73.68
view2,20,view3,56,0.996,79.32
view2,20,view3,57,0.9966,83.4
view2,20,view3,58,0.9967,84.48
view2,20,view3,59,0.9974,86.04
view2,20,view3,61,0.9986,90.24
view2,20,view3,62,0.9972,92.08
view2,20,view3,64,0.9984,98.24
view2,20,view3,65,0.9975,98.72
view2,20,view3,66,0.9984,100.8
view2,20,view3,67,0.9977,104.56
view2,20,view3,68,0.9988,105.68
view2,21,view3,1,0.9965,16.48
view2,21,view3,2,0.9946,39.8
view2,21,view3,3,0.9985,15.88
view2,21,view3,4,0.9992,24.6
view2,21,view3,6,0.9982,19.52
view2,21,view3,7,0.9964,17.2
view2,21,view3,8,0.998,7.76
view2,21,view3,9,0.9975,11.12
view2,21,view3,11,0.9975,0.0
view2,21,view3,12,0.9968,0.0
view2,21,view3,13,0.9941,6.0
view2,21,view3,14,0.9972,0.0
view2,21,view3,15,0.9976,0.0
view2,21,view3,16,0.9994,0.0
view2,21,view3,17,0.9989,0.0
view2,21,view3,18,0.9961,0.0
view2,21,view3,19,0.9948,0.0
view2,21,view3,20,0.9973,0.0
view2,21,view3,21,0.9976,5.48
view2,21,view3,22,0.9953,6.72
view2,21,view3,23,0.9952,7.68
view2,21,view3,24,0.9989,10.76
view2,21,view3,25,0.998,12.88
view2,21,view3,27,0.9988,17.72
view2,21,view3,28,0.9958,17.8
view2,21,view3,29,0.9982,20.28
view2,21,view3,30,0.9989,22.64
view2,21,view3,31,0.997,24.92
view2,21,view3,32,0.9984,25.92
view2,21,view3,33,0.9923,28.96
view2,21,view3,34,0.9968,30.52
view2,21,view3,36,0.9963,36.56
view2,21,view3,37,0.9951,37.16
view2,21,view3,38,0.9987,40.2
view2,21,view3,39,0.9988,42.2
view2,21,view3,40,0.9959,42.64
view2,21,view3,42,0.9953,45.08
view2,21,view3,43,0.999,49.68
view2,21,view3,45,0.9975,51.44
view2,21,view3,46,0.9983,51.76
view2,21,view3,47,0.9992,53.12
view2,21,view3,48,0.998,53.32
view2,21,view3,49,0.9987,54.96
view2,21,view3,50,0.9983,56.0
view2,21,view3,51,0.9992,59.72
view2,21,view3,52,0.995,60.0
view2,21,view3,54,0.9971,61.56
view2,21,view3,55,0.9979,62.36
view2,21,view3,56,0.9949,68.0
view2,21,view3,57,0.9957,72.08
view2,21,view3,58,0.9944,73.16
view2,21,view3,59,0.9979,74.72
view2,21,view3,61,0.9984,78.92
view2,21,view3,62,0.9977,80.76
view2,21,view3,64,0.9973,86.92
view2,21,view3,65,0.9959,87.4
view2,21,view3,66,0.9984,89.48
view2,21,view3,67,0.998,93.24
view2,21,view3,68,0.9989,94.36
view2,23,view3,1,0.998,19.16
view2,23,view3,2,0.9959,42.48
view2,23,view3,3,0.999,18.56
view2,23,view3,4,0.9994,27.28
view2,23,view3,6,0.9987,22.2
view2,23,view3,7,0.9973,19.88
view2,23,view3,8,0.9981,10.44
view2,23,view3,9,0.9984,13.8
view2,23,view3,11,0.9986,0.0
view2,23,view3,12,0.9984,0.0
view2,23,view3,13,0.995,8.68
view2,23,view3,14,0.9979,0.0
view2,23,view3,15,0.9984,0.0
view2,23,view3,16,0.999,0.0
view2,23,view3,17,0.9992,0.0
view2,23,view3,18,0.9972,0.0
view2,23,view3,19,0.9962,0.0
view2,23,view3,20,0.998,0.0
view2,23,view3,21,0.9981,0.0
view2,23,view3,22,0.9959,0.0
view2,23,view3,23,0.997,0.0
view2,23,view3,24,0.9992,0.0
view2,23,view3,25,0.9986,0.0
view2,23,view3,27,0.9991,0.08
view2,23,view3,28,0.9971,0.16
view2,23,view3,29,0.9986,2.64
view2,23,view3,30,0.9992,5.0
view2,23,view3,31,0.9976,7.28
view2,23,view3,32,0.9988,8.28
view2,23,view3,33,0.9939,11.32
view2,23,view3,34,0.9975,12.88
view2,23,view3,36,0.9969,18.92
view2,23,view3,37,0.9962,19.52
view2,23,view3,38,0.9985,22.56
view2,23,view3,39,0.9993,24.56
view2,23,view3,40,0.9963,25.0
view2,23,view3,42,0.9951,27.44
view2,23,view3,43,0.9991,32.04
view2,23,view3,45,0.9983,33.8
view2,23,view3,46,0.9976,34.12
view2,23,view3,47,0.9988,35.48
view2,23,view3,48,0.9979,35.68
view2,23,view3,49,0.9993,37.32
view2,23,view3,50,0.9989,38.36
view2,23,view3,51,0.9991,42.08
view2,23,view3,52,0.9965,42.36
view2,23,view3,54,0.998,43.92
view2,23,view3,55,0.9978,44.72
view2,23,view3,56,0.9961,50.36
view2,23,view3,57,0.997,54.44
view2,23,view3,58,0.9964,55.52
view2,23,view3,59,0.9979,57.08
view2,23,view3,61,0.9989,61.28
view2,23,view3,62,0.9983,63.12
view2,23,view3,64,0.9984,69.28
view2,23,view3,65,0.9966,69.76
view2,23,view3,66,0.9989,71.84
view2,23,view3,67,0.9986,75.6
view2,23,view3,68,0.9992,76.72
view2,24,view3,1,0.9943,21.92
view2,24,view3,2,0.9909,45.24
view2,24,view3,3,0.9963,21.32
view2,24,view3,4,0.9964,30.04
view2,24,view3,6,0.9958,24.96
view2,24,view3,7,0.9926,22.64
view2,24,view3,8,0.9937,13.2
view2,24,view3,9,0.9946,16.56
view2,24,view3,11,0.9952,0.0
view2,24,view3,12,0.9948,0.0
view2,24,view3,13,0.9886,11.44
view2,24,view3,14,0.993,0.0
view2,24,view3,15,0.9946,0.36
view2,24,view3,16,0.9978,0.48
view2,24,view3,17,0.996,1.12
view2,24,view3,18,0.9923,1.16
view2,24,view3,19,0.9917,2.92
view2,24,view3,20,0.9949,4.12
view2,24,view3,21,0.9933,10.0
view2,24,view3,22,0.9901,11.24
view2,24,view3,23,0.9931,12.2
view2,24,view3,24,0.9967,15.28
view2,24,view3,25,0.9953,17.4
view2,24,view3,27,0.9955,22.24
view2,24,view3,28,0.9929,22.32
view2,24,view3,29,0.9952,24.8
view2,24,view3,30,0.9976,27.16
view2,24,view3,31,0.9928,29.44
view2,24,view3,32,0.9953,30.44
view2,24,view3,33,0.9921,33.48
view2,24,view3,34,0.9926,35.04
view2,24,view3,36,0.9922,41.08
view2,24,view3,37,0.9913,41.68
view2,24,view3,38,0.9944,44.72
view2,24,view3,39,0.9957,46.72
view2,24,view3,40,0.9913,47.16
view2,24,view3,42,0.9892,49.6
view2,24,view3,43,0.9957,54.2
view2,24,view3,45,0.9946,55.96
view2,24,view3,46,0.994,56.28
view2,24,view3,47,0.9966,57.64
view2,24,view3,48,0.9933,57.84
view2,24,view3,49,0.9969,59.48
view2,24,view3,50,0.9972,60.52
view2,24,view3,51,0.9976,64.24
view2,24,view3,52,0.9916,64.52
view2,24,view3,54,0.994,66.08
view2,24,view3,55,0.9986,66.88
view2,24,view3,56,0.991,72.52
view2,24,view3,57,0.9925,76.6
view2,24,view3,58,0.9925,77.68
view2,24,view3,59,0.9938,79.24
view2,24,view3,61,0.9953,83.44
view2,24,view3,62,0.9944,85.28
view2,24,view3,64,0.9944,91.44
view2,24,view3,65,0.992,91.92
view2,24,view3,66,0.9963,94.0
view2,24,view3,67,0.9962,97.76
view2,24,view3,68,0.9963,98.88
view2,25,view3,1,0.9983,22.84
view2,25,view3,2,0.9964,46.16
view2,25,view3,3,0.9986,22.24
view2,25,view3,4,0.9989,30.96
view2,25,view3,6,0.9989,25.88
view2,25,view3,7,0.9972,23.56
view2,25,view3,8,0.9978,14.12
view2,25,view3,9,0.9985,17.48
view2,25,view3,11,0.9996,0.0
view2,25,view3,12,0.9987,0.0
view2,25,view3,13,0.9961,12.36
view2,25,view3,14,0.9979,0.0
view2,25,view3,15,0.9992,1.28
view2,25,view3,16,0.9973,0.0
view2,25,view3,17,0.9989,0.0
view2,25,view3,18,0.9981,0.0
view2,25,view3,19,0.9969,0.0
view2,25,view3,20,0.9989,0.0
view2,25,view3,21,0.9983,0.0
view2,25,view3,22,0.9964,0.76
view2,25,view3,23,0.9992,1.72
view2,25,view3,24,0.9979,4.8
view2,25,view3,25,0.9976,6.92
view2,25,view3,27,0.9992,11.76
view2,25,view3,28,0.9978,11.84
view2,25,view3,29,0.9981,14.32
view2,25,view3,30,0.9987,16.68
view2,25,view3,31,0.9986,18.96
view2,25,view3,32,0.9987,19.96
view2,25,view3,33,0.9937,23.0
view2,25,view3,34,0.9987,24.56
view2,25,view3,36,0.9983,30.6
view2,25,view3,37,0.9967,31.2
view2,25,view3,38,0.998,34.24
view2,25,view3,39,0.9991,36.24
view2,25,view3,40,0.9975,36.68
view2,25,view3,42,0.9957,39.12
view2,25,view3,43,0.998,43.72
view2,25,view3,45,0.9984,45.48
view2,25,view3,46,0.9962,45.8
view2,25,view3,47,0.9967,47.16
view2,25,view3,48,0.9979,47.36
view2,25,view3,49,0.9983,49.0
view2,25,view3,50,0.9989,50.04
view2,25,view3,51,0.9978,53.76
view2,25,view3,52,0.9979,54.04
view2,25,view3,54,0.9989,55.6
view2,25,view3,55,0.9965,56.4
view2,25,view3,56,0.9968,62.04
view2,25,view3,57,0.9975,66.12
view2,25,view3,58,0.9975,67.2
view2,25,view3,59,0.9983,68.76
view2,25,view3,61,0.9991,72.96
view2,25,view3,62,0.9976,74.8
view2,25,view3,64,0.999,80.96
view2,25,view3,65,0.9984,81.44
view2,25,view3,66,0.9978,83.52
view2,25,view3,67,0.998,87.28
view2,25,view3,68,0.9988,88.4
view2,26,view3,1,0.9975,24.6
view2,26,view3,2,0.9959,47.92
view2,26,view3,3,0.9979,24.0
view2,26,view3,4,0.9982,32.72
view2,26,view3,6,0.9986,27.64
view2,26,view3,7,0.9963,25.32
view2,26,view3,8,0.9971,15.88
view2,26,view3,9,0.9976,19.24
view2,26,view3,11,0.9995,0.0
view2,26,view3,12,0.9981,0.0
view2,26,view3,13,0.996,14.12
view2,26,view3,14,0.9972,0.0
view2,26,view3,15,0.9991,3.04
view2,26,view3,16,0.9963,0.0
view2,26,view3,17,0.9983,0.0
view2,26,view3,18,0.9977,0.0
view2,26,view3,19,0.9963,0.0
view2,26,view3,20,0.9987,0.0
view2,26,view3,21,0.9978,2.08
view2,26,view3,22,0.9959,3.32
view2,26,view3,23,0.9994,4.28
view2,26,view3,24,0.9969,7.36
view2,26,view3,25,0.9967,9.48
view2,26,view3,27,0.9986,14.32
view2,26,view3,28,0.9972,14.4
view2,26,view3,29,0.9973,16.88
view2,26,view3,30,0.9982,19.24
view2,26,view3,31,0.9984,21.52
view2,26,view3,32,0.9981,22.52
view2,26,view3,33,0.9926,25.56
view2,26,view3,34,0.9987,27.12
view2,26,view3,36,0.9983,33.16
view2,26,view3,37,0.9962,33.76
view2,26,view3,38,0.9974,36.8
view2,26,view3,39,0.9984,38.8
view2,26,view3,40,0.9974,39.24
view2,26,view3,42,0.9957,41.68
view2,26,view3,43,0.9971,46.28
view2,26,view3,45,0.9978,48.04
view2,26,view3,46,0.9956,48.36
view2,26,view3,47,0.9956,49.72
view2,26,view3,48,0.9975,49.92
view2,26,view3,49,0.9972,51.56
view2,26,view3,50,0.9986,52.6
view2,26,view3,51,0.9969,56.32
view2,26,view3,52,0.9976,56.6
view2,26,view3,54,0.9986,58.16
view2,26,view3,55,0.9958,58.96
view2,26,view3,56,0.9964,64.6
view2,26,view3,57,0.9971,68.68
view2,26,view3,58,0.9972,69.76
view2,26,view3,59,0.998,71.32
view2,26,view3,61,0.9988,75.52
view2,26,view3,62,0.9965,77.36
view2,26,view3,64,0.9985,83.52
view2,26,view3,65,0.9984,84.0
view2,26,view3,66,0.9968,86.08
view2,26,view3,67,0.997,89.84
view2,26,view3,68,0.998,90.96
view2,28,view3,1,0.9937,25.56
view2,28,view3,2,0.9917,48.88
view2,28,view3,3,0.9973,24.96
view2,28,view3,4,0.9976,33.68
view2,28,view3,6,0.9968,28.6
view2,28,view3,7,0.9942,26.28
view2,28,view3,8,0.9962,16.84
view2,28,view3,9,0.9952,20.2
view2,28,view3,11,0.9958,0.0
view2,28,view3,12,0.9946,0.32
view2,28,view3,13,0.992,15.08
view2,28,view3,14,0.9947,0.0
view2,28,view3,15,0.9957,4.0
view2,28,view3,16,0.999,0.0
view2,28,view3,17,0.9974,0.0
view2,28,view3,18,0.9935,0.28
view2,28,view3,19,0.9922,0.2
view2,28,view3,20,0.9957,1.4
view2,28,view3,21,0.9955,7.28
view2,28,view3,22,0.9929,8.52
view2,28,view3,23,0.9938,9.48
view2,28,view3,24,0.9973,12.56
view2,28,view3,25,0.9968,14.68
view2,28,view3,27,0.9971,19.52
view2,28,view3,28,0.994,19.6
view2,28,view3,29,0.9969,22.08
view2,28,view3,30,0.9991,24.44
view2,28,view3,31,0.9948,26.72
view2,28,view3,32,0.9968,27.72
view2,28,view3,33,0.9898,30.76
view2,28,view3,34,0.9949,32.32
view2,28,view3,36,0.9942,38.36
view2,28,view3,37,0.9924,38.96
view2,28,view3,38,0.9966,42.0
view2,28,view3,39,0.9969,44.0
view2,28,view3,40,0.9937,44.44
view2,28,view3,42,0.9936,46.88
view2,28,view3,43,0.9975,51.48
view2,28,view3,45,0.9956,53.24
view2,28,view3,46,0.9965,53.56
view2,28,view3,47,0.998,54.92
view2,28,view3,48,0.9961,55.12
view2,28,view3,49,0.9975,56.76
view2,28,view3,50,0.9978,57.8
view2,28,view3,51,0.9987,61.52
view2,28,view3,52,0.9927,61.8
view2,28,view3,54,0.9951,63.36
view2,28,view3,55,0.9986,64.16
view2,28,view3,56,0.9923,69.8
view2,28,view3,57,0.9933,73.88
view2,28,view3,58,0.9938,74.96
view2,28,view3,59,0.9963,76.52
view2,28,view3,61,0.9969,80.72
view2,28,view3,62,0.9953,82.56
view2,28,view3,64,0.9955,88.72
view2,28,view3,65,0.9938,89.2
view2,28,view3,66,0.9961,91.28
view2,28,view3,67,0.997,95.04
view2,28,view3,68,0.9972,96.16
view2,29,view3,1,0.9978,29.0
view2,29,view3,2,0.9953,52.32
view2,29,view3,3,0.9986,28.4
view2,29,view3,4,0.9985,37.12
view2,29,view3,6,0.9974,32.04
view2,29,view3,7,0.9962,29.72
view2,29,view3,8,0.9969,20.28
view2,29,view3,9,0.9979,23.64
view2,29,view3,11,0.9974,2.0
view2,29,view3,12,0.9978,3.76
view2,29,view3,13,0.9928,18.52
view2,29,view3,14,0.9967,0.0
view2,29,view3,15,0.997,7.44
view2,29,view3,16,0.9987,0.0
view2,29,view3,17,0.9985,0.0
view2,29,view3,18,0.9964,3.72
view2,29,view3,19,0.9956,0.0
view2,29,view3,20,0.9971,0.0
view2,29,view3,21,0.9969,0.0
view2,29,view3,22,0.9941,0.0
view2,29,view3,23,0.9956,0.0
view2,29,view3,24,0.9987,0.0
view2,29,view3,25,0.998,0.0
view2,29,view3,27,0.9982,0.0
view2,29,view3,28,0.9959,0.0
view2,29,view3,29,0.9977,1.16
view2,29,view3,30,0.9985,3.52
view2,29,view3,31,0.9963,5.8
view2,29,view3,32,0.9981,6.8
view2,29,view3,33,0.9947,9.84
view2,29,view3,34,0.996,11.4
view2,29,view3,36,0.9954,17.44
view2,29,view3,37,0.9954,18.04
view2,29,view3,38,0.9974,21.08
view2,29,view3,39,0.9985,23.08
view2,29,view3,40,0.995,23.52
view2,29,view3,42,0.993,25.96
view2,29,view3,43,0.9984,30.56
view2,29,view3,45,0.9976,32.32
view2,29,view3,46,0.9966,32.64
view2,29,view3,47,0.9987,34.0
view2,29,view3,48,0.9964,34.2
view2,29,view3,49,0.9987,35.84
view2,29,view3,50,0.9983,36.88
view2,29,view3,51,0.9988,40.6
view2,29,view3,52,0.9955,40.88
view2,29,view3,54,0.9968,42.44
view2,29,view3,55,0.9978,43.24
view2,29,view3,56,0.9952,48.88
view2,29,view3,57,0.9959,52.96
view2,29,view3,58,0.9948,54.04
view2,29,view3,59,0.9963,55.6
view2,29,view3,61,0.9978,59.8
view2,29,view3,62,0.9976,61.64
view2,29,view3,64,0.9974,67.8
view2,29,view3,65,0.9954,68.28
view2,29,view3,66,0.9986,70.36
view2,29,view3,67,0.9981,74.12
view2,29,view3,68,0.9984,75.24
view2,30,view3,1,0.9959,30.88
view2,30,view3,2,0.9921,54.2
view2,30,view3,3,0.997,30.28
view2,30,view3,4,0.9982,39.0
view2,30,view3,6,0.9972,33.92
view2,30,view3,7,0.9938,31.6
view2,30,view3,8,0.9958,22.16
view2,30,view3,9,0.9962,25.52
view2,30,view3,11,0.9965,3.88
view2,30,view3,12,0.9957,5.64
view2,30,view3,13,0.9917,20.4
view2,30,view3,14,0.9949,0.0
view2,30,view3,15,0.9962,9.32
view2,30,view3,16,0.9984,0.0
view2,30,view3,17,0.9974,0.12
view2,30,view3,18,0.9944,5.6
view2,30,view3,19,0.9925,0.0
view2,30,view3,20,0.9963,0.0
view2,30,view3,21,0.9961,2.72
view2,30,view3,22,0.992,3.96
view2,30,view3,23,0.9942,4.92
view2,30,view3,24,0.9985,8.0
view2,30,view3,25,0.9975,10.12
view2,30,view3,27,0.9977,14.96
view2,30,view3,28,0.9945,15.04
view2,30,view3,29,0.9962,17.52
view2,30,view3,30,0.9982,19.88
view2,30,view3,31,0.9949,22.16
view2,30,view3,32,0.9974,23.16
view2,30,view3,33,0.9912,26.2
view2,30,view3,34,0.995,27.76
view2,30,view3,36,0.9942,33.8
view2,30,view3,37,0.9924,34.4
view2,30,view3,38,0.9968,37.44
view2,30,view3,39,0.9978,39.44
view2,30,view3,40,0.9934,39.88
view2,30,view3,42,0.9921,42.32
view2,30,view3,43,0.9973,46.92
view2,30,view3,45,0.9957,48.68
view2,30,view3,46,0.9961,49.0
view2,30,view3,47,0.9982,50.36
view2,30,view3,48,0.9958,50.56
view2,30,view3,49,0.9975,52.2
view2,30,view3,50,0.9972,53.24
view2,30,view3,51,0.9977,56.96
view2,30,view3,52,0.9932,57.24
view2,30,view3,54,0.9953,58.8
view2,30,view3,55,0.9967,59.6
view2,30,view3,56,0.9924,65.24
view2,30,view3,57,0.9931,69.32
view2,30,view3,58,0.9947,70.4
view2,30,view3,59,0.9959,71.96
view2,30,view3,61,0.9965,76.16
view2,30,view3,62,0.9958,78.0
view2,30,view3,64,0.9958,84.16
view2,30,view3,65,0.9941,84.64
view2,30,view3,66,0.9985,86.72
view2,30,view3,67,0.9966,90.48
view2,30,view3,68,0.9983,91.6
view2,31,view3,1,0.9962,32.36
view2,31,view3,2,0.9947,55.68
view2,31,view3,3,0.9987,31.76
view2,31,view3,4,0.9984,40.48
view2,31,view3,6,0.9977,35.4
view2,31,view3,7,0.9973,33.08
view2,31,view3,8,0.9981,23.64
view2,31,view3,9,0.998,27.0
view2,31,view3,11,0.9972,5.36
view2,31,view3,12,0.9974,7.12
view2,31,view3,13,0.9947,21.88
view2,31,view3,14,0.9973,0.0
view2,31,view3,15,0.9972,10.8
view2,31,view3,16,0.9989,0.0
view2,31,view3,17,0.9986,1.6
view2,31,view3,18,0.996,7.08
view2,31,view3,19,0.9952,0.0
view2,31,view3,20,0.9964,0.0
view2,31,view3,21,0.9974,0.96
view2,31,view3,22,0.9956,2.2
view2,31,view3,23,0.9954,3.16
view2,31,view3,24,0.9981,6.24
view2,31,view3,25,0.998,8.36
view2,31,view3,27,0.9981,13.2
view2,31,view3,28,0.9971,13.28
view2,31,view3,29,0.9988,15.76
view2,31,view3,30,0.9984,18.12
view2,31,view3,31,0.9964,20.4
view2,31,view3,32,0.998,21.4
view2,31,view3,33,0.9925,24.44
view2,31,view3,34,0.9965,26.0
view2,31,view3,36,0.9957,32.04
view2,31,view3,37,0.9952,32.64
view2,31,view3,38,0.9975,35.68
view2,31,view3,39,0.9984,37.68
view2,31,view3,40,0.9953,38.12
view2,31,view3,42,0.9945,40.56
view2,31,view3,43,0.9989,45.16
view2,31,view3,45,0.9977,46.92
view2,31,view3,46,0.9969,47.24
view2,31,view3,47,0.9987,48.6
view2,31,view3,48,0.997,48.8
view2,31,view3,49,0.9994,50.44
view2,31,view3,50,0.9984,51.48
view2,31,view3,51,0.9992,55.2
view2,31,view3,52,0.9952,55.48
view2,31,view3,54,0.9974,57.04
view2,31,view3,55,0.9978,57.84
view2,31,view3,56,0.995,63.48
view2,31,view3,57,0.9963,67.56
view2,31,view3,58,0.9944,68.64
view2,31,view3,59,0.9971,70.2
view2,31,view3,61,0.9981,74.4
view2,31,view3,62,0.9985,76.24
view2,31,view3,64,0.9977,82.4
view2,31,view3,65,0.9956,82.88
view2,31,view3,66,0.9976,84.96
view2,31,view3,67,0.999,88.72
view2,31,view3,68,0.9981,89.84
view2,32,view3,1,0.9955,32.6
view2,32,view3,2,0.9918,55.92
view2,32,view3,3,0.9972,32.0
view2,32,view3,4,0.9979,40.72
view2,32,view3,6,0.9966,35.64
view2,32,view3,7,0.994,33.32
view2,32,view3,8,0.9958,23.88
view2,32,view3,9,0.9964,27.24
view2,32,view3,11,0.9957,5.6
view2,32,view3,12,0.9953,7.36
view2,32,view3,13,0.9911,22.12
view2,32,view3,14,0.9946,0.0
view2,32,view3,15,0.9955,11.04
view2,32,view3,16,0.9989,0.0
view2,32,view3,17,0.9975,1.84
view2,32,view3,18,0.9939,7.32
view2,32,view3,19,0.9921,0.0
view2,32,view3,20,0.9954,0.0
view2,32,view3,21,0.9958,0.0
view2,32,view3,22,0.9917,0.88
view2,32,view3,23,0.9931,1.84
view2,32,view3,24,0.9983,4.92
view2,32,view3,25,0.9979,7.04
view2,32,view3,27,0.9973,11.88
view2,32,view3,28,0.9941,11.96
view2,32,view3,29,0.9964,14.44
view2,32,view3,30,0.9982,16.8
view2,32,view3,31,0.9944,19.08
view2,32,view3,32,0.9975,20.08
view2,32,view3,33,0.9917,23.12
view2,32,view3,34,0.9943,24.68
view2,32,view3,36,0.9935,30.72
view2,32,view3,37,0.9921,31.32
view2,32,view3,38,0.9965,34.36
view2,32,view3,39,0.9975,36.36
view2,32,view3,40,0.993,36.8
view2,32,view3,42,0.9918,39.24
view2,32,view3,43,0.9979,43.84
view2,32,view3,45,0.9954,45.6
view2,32,view3,46,0.9968,45.92
view2,32,view3,47,0.999,47.28
view2,32,view3,48,0.9954,47.48
view2,32,view3,49,0.9979,49.12
view2,32,view3,50,0.9972,50.16
view2,32,view3,51,0.9985,53.88
view2,32,view3,52,0.9924,54.16
view2,32,view3,54,0.9949,55.72
view2,32,view3,55,0.9976,56.52
view2,32,view3,56,0.9919,62.16
view2,32,view3,57,0.9928,66.24
view2,32,view3,58,0.9937,67.32
view2,32,view3,59,0.9953,68.88
view2,32,view3,61,0.9965,73.08
view2,32,view3,62,0.996,74.92
view2,32,view3,64,0.9957,81.08
view2,32,view3,65,0.9934,81.56
view2,32,view3,66,0.9981,83.64
view2,32,view3,67,0.9971,87.4
view2,32,view3,68,0.9978,88.52
view2,33,view3,1,0.9972,35.16
view2,33,view3,2,0.9952,58.48
view2,33,view3,3,0.9985,34.56
view2,33,view3,4,0.9995,43.28
view2,33,view3,6,0.9987,38.2
view2,33,view3,7,0.997,35.88
view2,33,view3,8,0.9985,26.44
view2,33,view3,9,0.9981,29.8
view2,33,view3,11,0.9982,8.16
view2,33,view3,12,0.9974,9.92
view2,33,view3,13,0.9957,24.68
view2,33,view3,14,0.998,0.24
view2,33,view3,15,0.9984,13.6
view2,33,view3,16,0.9989,0.0
view2,33,view3,17,0.9993,4.4
view2,33,view3,18,0.9971,9.88
view2,33,view3,19,0.9954,0.0
view2,33,view3,20,0.9981,0.76
view2,33,view3,21,0.9986,1.12
view2,33,view3,22,0.9963,0.0
view2,33,view3,23,0.9963,0.0
view2,33,view3,24,0.999,2.68
view2,33,view3,25,0.9986,4.8
view2,33,view3,27,0.9994,9.64
view2,33,view3,28,0.9968,9.72
view2,33,view3,29,0.9986,12.2
view2,33,view3,30,0.9988,14.56
view2,33,view3,31,0.998,16.84
view2,33,view3,32,0.9989,17.84
view2,33,view3,33,0.992,20.88
view2,33,view3,34,0.9979,22.44
view2,33,view3,36,0.9973,28.48
view2,33,view3,37,0.9957,29.08
view2,33,view3,38,0.9991,32.12
view2,33,view3,39,0.9994,34.12
view2,33,view3,40,0.9968,34.56
view2,33,view3,42,0.9964,37.0
view2,33,view3,43,0.9991,41.6
view2,33,view3,45,0.9977,43.36
view2,33,view3,46,0.9984,43.68
view2,33,view3,47,0.9989,45.04
view2,33,view3,48,0.9987,45.24
view2,33,view3,49,0.9989,46.88
view2,33,view3,50,0.9982,47.92
view2,33,view3,51,0.9989,51.64
view2,33,view3,52,0.996,51.92
view2,33,view3,54,0.998,53.48
view2,33,view3,55,0.9968,54.28
view2,33,view3,56,0.9957,59.92
view2,33,view3,57,0.9964,64.0
view2,33,view3,58,0.9959,65.08
view2,33,view3,59,0.9985,66.64
view2,33,view3,61,0.9988,70.84
view2,33,view3,62,0.9981,72.68
view2,33,view3,64,0.9981,78.84
view2,33,view3,65,0.9968,79.32
view2,33,view3,66,0.9988,81.4
view2,33,view3,67,0.9982,85.16
view2,33,view3,68,0.9995,86.28
view2,34,view3,1,0.9969,35.44
view2,34,view3,2,0.9939,58.76
view2,34,view3,3,0.9975,34.84
view2,34,view3,4,0.9989,43.56
view2,34,view3,6,0.9983,38.48
view2,34,view3,7,0.9955,36.16
view2,34,view3,8,0.9971,26.72
view2,34,view3,9,0.9968,30.08
view2,34,view3,11,0.9979,8.44
view2,34,view3,12,0.997,10.2
view2,34,view3,13,0.9942,24.96
view2,34,view3,14,0.9969,0.52
view2,34,view3,15,0.9978,13.88
view2,34,view3,16,0.9982,0.0
view2,34,view3,17,0.9982,4.68
view2,34,view3,18,0.9959,10.16
view2,34,view3,19,0.9942,0.0
view2,34,view3,20,0.9978,1.04
view2,34,view3,21,0.9974,1.4
view2,34,view3,22,0.9948,0.0
view2,34,view3,23,0.996,0.0
view2,34,view3,24,0.9988,2.52
view2,34,view3,25,0.9976,4.64
view2,34,view3,27,0.9988,9.48
view2,34,view3,28,0.9957,9.56
view2,34,view3,29,0.9972,12.04
view2,34,view3,30,0.9986,14.4
view2,34,view3,31,0.9969,16.68
view2,34,view3,32,0.9977,17.68
view2,34,view3,33,0.9913,20.72
view2,34,view3,34,0.9968,22.28
view2,34,view3,36,0.9962,28.32
view2,34,view3,37,0.9943,28.92
view2,34,view3,38,0.998,31.96
view2,34,view3,39,0.9986,33.96
view2,34,view3,40,0.9951,34.4
view2,34,view3,42,0.9946,36.84
view2,34,view3,43,0.9979,41.44
view2,34,view3,45,0.9968,43.2
view2,34,view3,46,0.9972,43.52
view2,34,view3,47,0.9978,44.88
view2,34,view3,48,0.9976,45.08
view2,34,view3,49,0.9979,46.72
view2,34,view3,50,0.9975,47.76
view2,34,view3,51,0.9978,51.48
view2,34,view3,52,0.9951,51.76
view2,34,view3,54,0.997,53.32
view2,34,view3,55,0.9963,54.12
view2,34,view3,56,0.9944,59.76
view2,34,view3,57,0.9953,63.84
view2,34,view3,58,0.9965,64.92
view2,34,view3,59,0.9976,66.48
view2,34,view3,61,0.9979,70.68
view2,34,view3,62,0.9967,72.52
view2,34,view3,64,0.997,78.68
view2,34,view3,65,0.9954,79.16
view2,34,view3,66,0.9986,81.24
view2,34,view3,67,0.9968,85.0
view2,34,view3,68,0.999,86.12
view2,35,view3,1,0.9987,37.76
view2,35,view3,2,0.9988,61.08
view2,35,view3,3,0.9988,37.16
view2,35,view3,4,0.9979,45.88
view2,35,view3,6,0.9978,40.8
view2,35,view3,7,0.999,38.48
view2,35,view3,8,0.9983,29.04
view2,35,view3,9,0.9989,32.4
view2,35,view3,11,0.9989,10.76
view2,35,view3,12,0.9995,12.52
view2,35,view3,13,0.9973,27.28
view2,35,view3,14,0.9991,2.84
view2,35,view3,15,0.9987,16.2
view2,35,view3,16,0.9959,0.0
view2,35,view3,17,0.9986,7.0
view2,35,view3,18,0.999,12.48
view2,35,view3,19,0.999,0.0
view2,35,view3,20,0.9981,3.36
view2,35,view3,21,0.9984,3.72
view2,35,view3,22,0.9982,0.0
view2,35,view3,23,0.9989,0.0
view2,35,view3,24,0.9968,0.0
view2,35,view3,25,0.9969,0.0
view2,35,view3,27,0.9985,0.0
view2,35,view3,28,0.9985,0.0
view2,35,view3,29,0.9986,0.0
view2,35,view3,30,0.9973,0.0
view2,35,view3,31,0.999,0.0
view2,35,view3,32,0.9982,0.0
view2,35,view3,33,0.9952,0.0
view2,35,view3,34,0.9988,0.12
view2,35,view3,36,0.9984,6.16
view2,35,view3,37,0.999,6.76
view2,35,view3,38,0.998,9.8
view2,35,view3,39,0.9987,11.8
view2,35,view3,40,0.9984,12.24
view2,35,view3,42,0.9964,14.68
view2,35,view3,43,0.998,19.28
view2,35,view3,45,0.9993,21.04
view2,35,view3,46,0.9956,21.36
view2,35,view3,47,0.9958,22.72
view2,35,view3,48,0.9979,22.92
view2,35,view3,49,0.9982,24.56
view2,35,view3,50,0.9981,25.6
view2,35,view3,51,0.9971,29.32
view2,35,view3,52,0.9994,29.6
view2,35,view3,54,0.9992,31.16
view2,35,view3,55,0.995,31.96
view2,35,view3,56,0.999,37.6
view2,35,view3,57,0.9995,41.68
view2,35,view3,58,0.9961,42.76
view2,35,view3,59,0.998,44.32
view2,35,view3,61,0.999,48.52
view2,35,view3,62,0.9986,50.36
view2,35,view3,64,0.9993,56.52
view2,35,view3,65,0.9987,57.0
view2,35,view3,66,0.9965,59.08
view2,35,view3,67,0.998,62.84
view2,35,view3,68,0.9975,63.96
view2,36,view3,1,0.9923,38.28
view2,36,view3,2,0.9886,61.6
view2,36,view3,3,0.9954,37.68
view2,36,view3,4,0.9961,46.4
view2,36,view3,6,0.9944,41.32
view2,36,view3,7,0.9917,39.0
view2,36,view3,8,0.994,29.56
view2,36,view3,9,0.9941,32.92
view2,36,view3,11,0.993,11.28
view2,36,view3,12,0.9926,13.04
view2,36,view3,13,0.9883,27.8
view2,36,view3,14,0.9922,3.36
view2,36,view3,15,0.9929,16.72
view2,36,view3,16,0.9981,0.4
view2,36,view3,17,0.9955,7.52
view2,36,view3,18,0.991,13.0
view2,36,view3,19,0.989,0.0
view2,36,view3,20,0.9927,3.88
view2,36,view3,21,0.9936,4.24
view2,36,view3,22,0.989,0.0
view2,36,view3,23,0.9897,0.0
view2,36,view3,24,0.9969,0.48
view2,36,view3,25,0.9963,2.6
view2,36,view3,27,0.9952,7.44
view2,36,view3,28,0.9915,7.52
view2,36,view3,29,0.9947,10.0
view2,36,view3,30,0.9968,12.36
view2,36,view3,31,0.9914,14.64
view2,36,view3,32,0.9954,15.64
view2,36,view3,33,0.9889,18.68
view2,36,view3,34,0.9916,20.24
view2,36,view3,36,0.9905,26.28
view2,36,view3,37,0.9891,26.88
view2,36,view3,38,0.9945,29.92
view2,36,view3,39,0.9954,31.92
view2,36,view3,40,0.9901,32.36
view2,36,view3,42,0.9894,34.8
view2,36,view3,43,0.9964,39.4
view2,36,view3,45,0.9931,41.16
view2,36,view3,46,0.995,41.48
view2,36,view3,47,0.9982,42.84
view2,36,view3,48,0.9932,43.04
view2,36,view3,49,0.9965,44.68
view2,36,view3,50,0.9955,45.72
view2,36,view3,51,0.9974,49.44
view2,36,view3,52,0.9891,49.72
view2,36,view3,54,0.9922,51.28
view2,36,view3,55,0.9968,52.08
view2,36,view3,56,0.9888,57.72
view2,36,view3,57,0.9899,61.8
view2,36,view3,58,0.9908,62.88
view2,36,view3,59,0.9931,64.44
view2,36,view3,61,0.9942,68.64
view2,36,view3,62,0.9941,70.48
view2,36,view3,64,0.9931,76.64
view2,36,view3,65,0.9903,77.12
view2,36,view3,66,0.9963,79.2
view2,36,view3,67,0.9956,82.96
view2,36,view3,68,0.996,84.08
view2,37,view3,1,0.9949,38.4
view2,37,view3,2,0.9895,61.72
view2,37,view3,3,0.9942,37.8
view2,37,view3,4,0.9963,46.52
view2,37,view3,6,0.9949,41.44
view2,37,view3,7,0.9907,39.12
view2,37,view3,8,0.9927,29.68
view2,37,view3,9,0.9934,33.04
view2,37,view3,11,0.9943,11.4
view2,37,view3,12,0.9939,13.16
view2,37,view3,13,0.988,27.92
view2,37,view3,14,0.9925,3.48
view2,37,view3,15,0.9939,16.84
view2,37,view3,16,0.9962,0.52
view2,37,view3,17,0.9949,7.64
view2,37,view3,18,0.9916,13.12
view2,37,view3,19,0.9897,0.0
view2,37,view3,20,0.9944,4.0
view2,37,view3,21,0.9934,4.36
view2,37,view3,22,0.9889,0.0
view2,37,view3,23,0.9915,0.0
view2,37,view3,24,0.997,0.0
view2,37,view3,25,0.9956,1.84
view2,37,view3,27,0.9957,6.68
view2,37,view3,28,0.9912,6.76
view2,37,view3,29,0.9932,9.24
view2,37,view3,30,0.9957,11.6
view2,37,view3,31,0.9923,13.88
view2,37,view3,32,0.9948,14.88
view2,37,view3,33,0.9895,17.92
view2,37,view3,34,0.9919,19.48
view2,37,view3,36,0.9912,25.52
view2,37,view3,37,0.9896,26.12
view2,37,view3,38,0.9943,29.16
view2,37,view3,39,0.9956,31.16
view2,37,view3,40,0.9898,31.6
view2,37,view3,42,0.9886,34.04
view2,37,view3,43,0.9949,38.64
view2,37,view3,45,0.9929,40.4
view2,37,view3,46,0.9949,40.72
view2,37,view3,47,0.9962,42.08
view2,37,view3,48,0.9933,42.28
view2,37,view3,49,0.995,43.92
view2,37,view3,50,0.9943,44.96
view2,37,view3,51,0.9952,48.68
view2,37,view3,52,0.9903,48.96
view2,37,view3,54,0.9925,50.52
view2,37,view3,55,0.9942,51.32
view2,37,view3,56,0.9896,56.96
view2,37,view3,57,0.9904,61.04
view2,37,view3,58,0.9937,62.12
view2,37,view3,59,0.9931,63.68
view2,37,view3,61,0.9939,67.88
view2,37,view3,62,0.9933,69.72
view2,37,view3,64,0.993,75.88
view2,37,view3,65,0.9904,76.36
view2,37,view3,66,0.9976,78.44
view2,37,view3,67,0.9934,82.2
view2,37,view3,68,0.9965,83.32
view2,38,view3,1,0.9972,40.92
view2,38,view3,2,0.9944,64.24
view2,38,view3,3,0.9983,40.32
view2,38,view3,4,0.999,49.04
view2,38,view3,6,0.9983,43.96
view2,38,view3,7,0.996,41.64
view2,38,view3,8,0.9974,32.2
view2,38,view3,9,0.9977,35.56
view2,38,view3,11,0.998,13.92
view2,38,view3,12,0.997,15.68
view2,38,view3,13,0.9938,30.44
view2,38,view3,14,0.9966,6.0
view2,38,view3,15,0.9978,19.36
view2,38,view3,16,0.9989,3.04
view2,38,view3,17,0.9987,10.16
view2,38,view3,18,0.9962,15.64
view2,38,view3,19,0.9946,0.0
view2,38,view3,20,0.9975,6.52
view2,38,view3,21,0.9974,6.88
view2,38,view3,22,0.9945,0.0
view2,38,view3,23,0.9961,0.0
view2,38,view3,24,0.9986,0.0
view2,38,view3,25,0.9981,0.0
view2,38,view3,27,0.9987,0.0
view2,38,view3,28,0.9963,0.0
view2,38,view3,29,0.9976,1.08
view2,38,view3,30,0.9988,3.44
view2,38,view3,31,0.9969,5.72
view2,38,view3,32,0.9989,6.72
view2,38,view3,33,0.9935,9.76
view2,38,view3,34,0.9969,11.32
view2,38,view3,36,0.9965,17.36
view2,38,view3,37,0.9947,17.96
view2,38,view3,38,0.998,21.0
view2,38,view3,39,0.9988,23.0
view2,38,view3,40,0.996,23.44
view2,38,view3,42,0.9943,25.88
view2,38,view3,43,0.9986,30.48
view2,38,view3,45,0.9974,32.24
view2,38,view3,46,0.9979,32.56
view2,38,view3,47,0.9987,33.92
view2,38,view3,48,0.9973,34.12
view2,38,view3,49,0.9985,35.76
view2,38,view3,50,0.9985,36.8
view2,38,view3,51,0.9989,40.52
view2,38,view3,52,0.9953,40.8
view2,38,view3,54,0.9972,42.36
view2,38,view3,55,0.9979,43.16
view2,38,view3,56,0.9945,48.8
view2,38,view3,57,0.9954,52.88
view2,38,view3,58,0.9951,53.96
view2,38,view3,59,0.9975,55.52
view2,38,view3,61,0.9983,59.72
view2,38,view3,62,0.9972,61.56
view2,38,view3,64,0.9976,67.72
view2,38,view3,65,0.9963,68.2
view2,38,view3,66,0.9983,70.28
view2,38,view3,67,0.9978,74.04
view2,38,view3,68,0.9987,75.16
view2,39,view3,1,0.9932,41.36
view2,39,view3,2,0.9872,64.68
view2,39,view3,3,0.9923,40.76
view2,39,view3,4,0.9942,49.48
view2,39,view3,6,0.9926,44.4
view2,39,view3,7,0.9883,42.08
view2,39,view3,8,0.9908,32.64
view2,39,view3,9,0.9918,36.0
view2,39,view3,11,0.9919,14.36
view2,39,view3,12,0.9912,16.12
view2,39,view3,13,0.9859,30.88
view2,39,view3,14,0.9903,6.44
view2,39,view3,15,0.9915,19.8
view2,39,view3,16,0.9944,3.48
view2,39,view3,17,0.9933,10.6
view2,39,view3,18,0.9898,16.08
view2,39,view3,19,0.9873,0.0
view2,39,view3,20,0.993,6.96
view2,39,view3,21,0.9915,7.32
view2,39,view3,22,0.9865,0.0
view2,39,view3,23,0.989,0.0
view2,39,view3,24,0.9943,0.0
view2,39,view3,25,0.9935,0.0
view2,39,view3,27,0.9938,3.24
view2,39,view3,28,0.9893,3.32
view2,39,view3,29,0.9912,5.8
view2,39,view3,30,0.9934,8.16
view2,39,view3,31,0.9905,10.44
view2,39,view3,32,0.9935,11.44
view2,39,view3,33,0.9878,14.48
view2,39,view3,34,0.99,16.04
view2,39,view3,36,0.9896,22.08
view2,39,view3,37,0.9874,22.68
view2,39,view3,38,0.9923,25.72
view2,39,view3,39,0.9937,27.72
view2,39,view3,40,0.9882,28.16
view2,39,view3,42,0.9871,30.6
view2,39,view3,43,0.9931,35.2
view2,39,view3,45,0.9905,36.96
view2,39,view3,46,0.9937,37.28
view2,39,view3,47,0.9949,38.64
view2,39,view3,48,0.991,38.84
view2,39,view3,49,0.9929,40.48
view2,39,view3,50,0.9923,41.52
view2,39,view3,51,0.9938,45.24
view2,39,view3,52,0.9879,45.52
view2,39,view3,54,0.9906,47.08
view2,39,view3,55,0.9925,47.88
view2,39,view3,56,0.9872,53.52
view2,39,view3,57,0.9877,57.6
view2,39,view3,58,0.9903,58.68
view2,39,view3,59,0.9908,60.24
view2,39,view3,61,0.992,64.44
view2,39,view3,62,0.9912,66.28
view2,39,view3,64,0.991,72.44
view2,39,view3,65,0.9886,72.92
view2,39,view3,66,0.9953,75.0
view2,39,view3,67,0.9917,78.76
view2,39,view3,68,0.9945,79.88
view2,42,view3,1,0.9971,45.44
view2,42,view3,2,0.9949,68.76
view2,42,view3,3,0.9965,44.84
view2,42,view3,4,0.9965,53.56
view2,42,view3,6,0.9971,48.48
view2,42,view3,7,0.9947,46.16
view2,42,view3,8,0.9946,36.72
view2,42,view3,9,0.9964,40.08
view2,42,view3,11,0.9985,18.44
view2,42,view3,12,0.9975,20.2
view2,42,view3,13,0.9933,34.96
view2,42,view3,14,0.9952,10.52
view2,42,view3,15,0.9976,23.88
view2,42,view3,16,0.9944,7.56
view2,42,view3,17,0.9964,14.68
view2,42,view3,18,0.9963,20.16
view2,42,view3,19,0.9954,0.0
view2,42,view3,20,0.9971,11.04
view2,42,view3,21,0.9954,11.4
view2,42,view3,22,0.9936,1.92
view2,42,view3,23,0.9988,0.0
view2,42,view3,24,0.9954,0.0
view2,42,view3,25,0.9948,2.64
view2,42,view3,27,0.9966,0.08
view2,42,view3,28,0.996,0.16
view2,42,view3,29,0.9954,2.64
view2,42,view3,30,0.9967,5.0
view2,42,view3,31,0.9966,7.28
view2,42,view3,32,0.9966,8.28
view2,42,view3,33,0.9939,11.32
view2,42,view3,34,0.9967,12.88
view2,42,view3,36,0.9964,18.92
view2,42,view3,37,0.9949,19.52
view2,42,view3,38,0.9949,22.56
view2,42,view3,39,0.9967,24.56
view2,42,view3,40,0.9955,25.0
view2,42,view3,42,0.9923,27.44
view2,42,view3,43,0.995,32.04
view2,42,view3,45,0.9964,33.8
view2,42,view3,46,0.9926,34.12
view2,42,view3,47,0.9933,35.48
view2,42,view3,48,0.995,35.68
view2,42,view3,49,0.9959,37.32
view2,42,view3,50,0.9975,38.36
view2,42,view3,51,0.9952,42.08
view2,42,view3,52,0.9965,42.36
view2,42,view3,54,0.9971,43.92
view2,42,view3,55,0.995,44.72
view2,42,view3,56,0.995,50.36
view2,42,view3,57,0.996,54.44
view2,42,view3,58,0.9957,55.52
view2,42,view3,59,0.9956,57.08
view2,42,view3,61,0.9971,61.28
view2,42,view3,62,0.9948,63.12
view2,42,view3,64,0.9971,69.28
view2,42,view3,65,0.9968,69.76
view2,42,view3,66,0.9955,71.84
view2,42,view3,67,0.9956,75.6
view2,42,view3,68,0.9963,76.72
view2,43,view3,1,0.9965,46.6
view2,43,view3,2,0.9925,69.92
view2,43,view3,3,0.9969,46.0
view2,43,view3,4,0.9982,54.72
view2,43,view3,6,0.997,49.64
view2,43,view3,7,0.9938,47.32
view2,43,view3,8,0.9955,37.88
view2,43,view3,9,0.9962,41.24
view2,43,view3,11,0.9965,19.6
view2,43,view3,12,0.996,21.36
view2,43,view3,13,0.9913,36.12
view2,43,view3,14,0.9951,11.68
view2,43,view3,15,0.9962,25.04
view2,43,view3,16,0.9983,8.72
view2,43,view3,17,0.9974,15.84
view2,43,view3,18,0.9945,21.32
view2,43,view3,19,0.9927,0.0
view2,43,view3,20,0.9965,12.2
view2,43,view3,21,0.9959,12.56
view2,43,view3,22,0.9921,3.08
view2,43,view3,23,0.9941,0.0
view2,43,view3,24,0.9984,0.0
view2,43,view3,25,0.9974,3.8
view2,43,view3,27,0.9977,0.0
view2,43,view3,28,0.994,0.0
view2,43,view3,29,0.996,0.0
view2,43,view3,30,0.9978,0.0
view2,43,view3,31,0.995,0.0
view2,43,view3,32,0.9972,0.96
view2,43,view3,33,0.9918,4.0
view2,43,view3,34,0.9947,5.56
view2,43,view3,36,0.9941,11.6
view2,43,view3,37,0.9927,12.2
view2,43,view3,38,0.9967,15.24
view2,43,view3,39,0.9977,17.24
view2,43,view3,40,0.9932,17.68
view2,43,view3,42,0.9918,20.12
view2,43,view3,43,0.9973,24.72
view2,43,view3,45,0.9956,26.48
view2,43,view3,46,0.9967,26.8
view2,43,view3,47,0.9982,28.16
view2,43,view3,48,0.9957,28.36
view2,43,view3,49,0.9973,30.0
view2,43,view3,50,0.997,31.04
view2,43,view3,51,0.9976,34.76
view2,43,view3,52,0.9931,35.04
view2,43,view3,54,0.9952,36.6
view2,43,view3,55,0.9967,37.4
view2,43,view3,56,0.9926,43.04
view2,43,view3,57,0.9933,47.12
view2,43,view3,58,0.9948,48.2
view2,43,view3,59,0.9957,49.76
view2,43,view3,61,0.9965,53.96
view2,43,view3,62,0.9958,55.8
view2,43,view3,64,0.9957,61.96
view2,43,view3,65,0.9936,62.44
view2,43,view3,66,0.9986,64.52
view2,43,view3,67,0.9962,68.28
view2,43,view3,68,0.9981,69.4
view2,44,view3,1,0.9954,46.96
view2,44,view3,2,0.9901,70.28
view2,44,view3,3,0.9943,46.36
view2,44,view3,4,0.9961,55.08
view2,44,view3,6,0.995,50.0
view2,44,view3,7,0.9908,47.68
view2,44,view3,8,0.9925,38.24
view2,44,view3,9,0.9943,41.6
view2,44,view3,11,0.9948,19.96
view2,44,view3,12,0.9944,21.72
view2,44,view3,13,0.9883,36.48
view2,44,view3,14,0.9925,12.04
view2,44,view3,15,0.9943,25.4
view2,44,view3,16,0.9955,9.08
view2,44,view3,17,0.9951,16.2
view2,44,view3,18,0.9925,21.68
view2,44,view3,19,0.9905,0.0
view2,44,view3,20,0.9949,12.56
view2,44,view3,21,0.9936,12.92
view2,44,view3,22,0.9889,3.44
view2,44,view3,23,0.9924,0.0
view2,44,view3,24,0.9966,0.0
view2,44,view3,25,0.9956,4.16
view2,44,view3,27,0.9956,0.0
view2,44,view3,28,0.9917,0.0
view2,44,view3,29,0.9932,0.0
view2,44,view3,30,0.9952,0.0
view2,44,view3,31,0.9927,0.0
view2,44,view3,32,0.995,0.0
view2,44,view3,33,0.9898,2.88
view2,44,view3,34,0.9924,4.44
view2,44,view3,36,0.9918,10.48
view2,44,view3,37,0.9902,11.08
view2,44,view3,38,0.9941,14.12
view2,44,view3,39,0.9957,16.12
view2,44,view3,40,0.9905,16.56
view2,44,view3,42,0.9884,19.0
view2,44,view3,43,0.9947,23.6
view2,44,view3,45,0.9929,25.36
view2,44,view3,46,0.9941,25.68
view2,44,view3,47,0.9958,27.04
view2,44,view3,48,0.993,27.24
view2,44,view3,49,0.995,28.88
view2,44,view3,50,0.9947,29.92
view2,44,view3,51,0.9949,33.64
view2,44,view3,52,0.991,33.92
view2,44,view3,54,0.9932,35.48
view2,44,view3,55,0.9939,36.28
view2,44,view3,56,0.9901,41.92
view2,44,view3,57,0.9908,46.0
view2,44,view3,58,0.9936,47.08
view2,44,view3,59,0.9929,48.64
view2,44,view3,61,0.994,52.84
view2,44,view3,62,0.9934,54.68
view2,44,view3,64,0.9935,60.84
view2,44,view3,65,0.9913,61.32
view2,44,view3,66,0.9976,63.4
view2,44,view3,67,0.9937,67.16
view2,44,view3,68,0.9964,68.28
view2,45,view3,1,0.9965,47.32
view2,45,view3,2,0.9954,70.64
view2,45,view3,3,0.9988,46.72
view2,45,view3,4,0.9992,55.44
view2,45,view3,6,0.9984,50.36
view2,45,view3,7,0.9976,48.04
view2,45,view3,8,0.9988,38.6
view2,45,view3,9,0.9978,41.96
view2,45,view3,11,0.9978,20.32
view2,45,view3,12,0.9973,22.08
view2,45,view3,13,0.9956,36.84
view2,45,view3,14,0.9981,12.4
view2,45,view3,15,0.998,25.76
view2,45,view3,16,0.9993,9.44
view2,45,view3,17,0.9991,16.56
view2,45,view3,18,0.9965,22.04
view2,45,view3,19,0.9955,0.0
view2,45,view3,20,0.9974,12.92
view2,45,view3,21,0.9982,13.28
view2,45,view3,22,0.9967,3.8
view2,45,view3,23,0.9959,0.0
view2,45,view3,24,0.9987,0.0
view2,45,view3,25,0.9982,4.52
view2,45,view3,27,0.999,0.0
view2,45,view3,28,0.9968,0.32
view2,45,view3,29,0.999,0.0
view2,45,view3,30,0.9991,0.44
view2,45,view3,31,0.9976,2.72
view2,45,view3,32,0.9985,3.72
view2,45,view3,33,0.9924,6.76
view2,45,view3,34,0.9975,8.32
view2,45,view3,36,0.9969,14.36
view2,45,view3,37,0.9959,14.96
view2,45,view3,38,0.999,18.0
view2,45,view3,39,0.999,20.0
view2,45,view3,40,0.9966,20.44
view2,45,view3,42,0.9963,22.88
view2,45,view3,43,0.9993,27.48
view2,45,view3,45,0.9981,29.24
view2,45,view3,46,0.9983,29.56
view2,45,view3,47,0.999,30.92
view2,45,view3,48,0.9985,31.12
view2,45,view3,49,0.9992,32.76
view2,45,view3,50,0.9985,33.8
view2,45,view3,51,0.9994,37.52
view2,45,view3,52,0.9958,37.8
view2,45,view3,54,0.9977,39.36
view2,45,view3,55,0.9979,40.16
view2,45,view3,56,0.9957,45.8
view2,45,view3,57,0.9968,49.88
view2,45,view3,58,0.9949,50.96
view2,45,view3,59,0.9985,52.52
view2,45,view3,61,0.9989,56.72
view2,45,view3,62,0.9983,58.56
view2,45,view3,64,0.998,64.72
view2,45,view3,65,0.9964,65.2
view2,45,view3,66,0.9979,67.28
view2,45,view3,67,0.9985,71.04
view2,45,view3,68,0.9988,72.16
view2,46,view3,1,0.9977,48.84
view2,46,view3,2,0.9963,72.16
view2,46,view3,3,0.999,48.24
view2,46,view3,4,0.9988,56.96
view2,46,view3,6,0.998,51.88
view2,46,view3,7,0.9987,49.56
view2,46,view3,8,0.9989,40.12
view2,46,view3,9,0.9992,43.48
view2,46,view3,11,0.9981,21.84
view2,46,view3,12,0.9985,23.6
view2,46,view3,13,0.9966,38.36
view2,46,view3,14,0.9985,13.92
view2,46,view3,15,0.998,27.28
view2,46,view3,16,0.9981,10.96
view2,46,view3,17,0.9991,18.08
view2,46,view3,18,0.9977,23.56
view2,46,view3,19,0.9967,0.0
view2,46,view3,20,0.9972,14.44
view2,46,view3,21,0.9987,14.8
view2,46,view3,22,0.9969,5.32
view2,46,view3,23,0.9968,0.0
view2,46,view3,24,0.9982,1.52
view2,46,view3,25,0.9988,6.04
view2,46,view3,27,0.9988,0.0
view2,46,view3,28,0.9986,1.84
view2,46,view3,29,0.9994,0.0
view2,46,view3,30,0.9983,0.0
view2,46,view3,31,0.9978,0.0
view2,46,view3,32,0.9989,0.0
view2,46,view3,33,0.9936,2.92
view2,46,view3,34,0.9979,4.48
view2,46,view3,36,0.997,10.52
view2,46,view3,37,0.9967,11.12
view2,46,view3,38,0.9982,14.16
view2,46,view3,39,0.9992,16.16
view2,46,view3,40,0.9969,16.6
view2,46,view3,42,0.9956,19.04
view2,46,view3,43,0.9994,23.64
view2,46,view3,45,0.9984,25.4
view2,46,view3,46,0.9971,25.72
view2,46,view3,47,0.9986,27.08
view2,46,view3,48,0.9978,27.28
view2,46,view3,49,0.9997,28.92
view2,46,view3,50,0.9984,29.96
view2,46,view3,51,0.999,33.68
view2,46,view3,52,0.997,33.96
view2,46,view3,54,0.9986,35.52
view2,46,view3,55,0.9966,36.32
view2,46,view3,56,0.9965,41.96
view2,46,view3,57,0.9976,46.04
view2,46,view3,58,0.9955,47.12
view2,46,view3,59,0.9977,48.68
view2,46,view3,61,0.9988,52.88
view2,46,view3,62,0.9995,54.72
view2,46,view3,64,0.999,60.88
view2,46,view3,65,0.9972,61.36
view2,46,view3,66,0.9981,63.44
view2,46,view3,67,0.9994,67.2
view2,46,view3,68,0.9984,68.32
view2,47,view3,1,0.9976,49.28
view2,47,view3,2,0.9954,72.6
view2,47,view3,3,0.9988,48.68
view2,47,view3,4,0.9995,57.4
view2,47,view3,6,0.9991,52.32
view2,47,view3,7,0.9972,50.0
view2,47,view3,8,0.9984,40.56
view2,47,view3,9,0.9983,43.92
view2,47,view3,11,0.999,22.28
view2,47,view3,12,0.9982,24.04
view2,47,view3,13,0.9959,38.8
view2,47,view3,14,0.9979,14.36
view2,47,view3,15,0.9988,27.72
view2,47,view3,16,0.9988,11.4
view2,47,view3,17,0.9992,18.52
view2,47,view3,18,0.9972,24.0
view2,47,view3,19,0.9958,0.0
view2,47,view3,20,0.9982,14.88
view2,47,view3,21,0.9985,15.24
view2,47,view3,22,0.9962,5.76
view2,47,view3,23,0.9976,0.0
view2,47,view3,24,0.9989,1.96
view2,47,view3,25,0.9985,6.48
view2,47,view3,27,0.9994,0.0
view2,47,view3,28,0.9976,2.28
view2,47,view3,29,0.9986,0.0
view2,47,view3,30,0.9994,0.0
view2,47,view3,31,0.9979,0.0
view2,47,view3,32,0.9989,0.0
view2,47,view3,33,0.9929,0.0
view2,47,view3,34,0.998,0.0
view2,47,view3,36,0.9973,0.0
view2,47,view3,37,0.9958,0.0
view2,47,view3,38,0.9985,0.0
view2,47,view3,39,0.9994,1.24
view2,47,view3,40,0.9966,1.68
view2,47,view3,42,0.9956,4.12
view2,47,view3,43,0.9989,8.72
view2,47,view3,45,0.9982,10.48
view2,47,view3,46,0.9976,10.8
view2,47,view3,47,0.9984,12.16
view2,47,view3,48,0.9983,12.36
view2,47,view3,49,0.9991,14.0
view2,47,view3,50,0.9989,15.04
view2,47,view3,51,0.9989,18.76
view2,47,view3,52,0.9966,19.04
view2,47,view3,54,0.9983,20.6
view2,47,view3,55,0.9974,21.4
view2,47,view3,56,0.9958,27.04
view2,47,view3,57,0.9968,31.12
view2,47,view3,58,0.997,32.2
view2,47,view3,59,0.9985,33.76
view2,47,view3,61,0.999,37.96
view2,47,view3,62,0.9981,39.8
view2,47,view3,64,0.9986,45.96
view2,47,view3,65,0.9972,46.44
view2,47,view3,66,0.9986,48.52
view2,47,view3,67,0.9985,52.28
view2,47,view3,68,0.9993,53.4
view2,49,view3,1,0.9974,55.12
view2,49,view3,2,0.9957,78.44
view2,49,view3,3,0.9989,54.52
view2,49,view3,4,0.9996,63.24
view2,49,view3,6,0.9992,58.16
view2,49,view3,7,0.9975,55.84
view2,49,view3,8,0.9985,46.4
view2,49,view3,9,0.9982,49.76
view2,49,view3,11,0.9987,28.12
view2,49,view3,12,0.9981,29.88
view2,49,view3,13,0.9954,44.64
view2,49,view3,14,0.998,20.2
view2,49,view3,15,0.9987,33.56
view2,49,view3,16,0.9992,17.24
view2,49,view3,17,0.9992,24.36
view2,49,view3,18,0.997,29.84
view2,49,view3,19,0.9961,0.0
view2,49,view3,20,0.9981,20.72
view2,49,view3,21,0.9982,21.08
view2,49,view3,22,0.9964,11.6
view2,49,view3,23,0.9971,4.88
view2,49,view3,24,0.9992,7.8
view2,49,view3,25,0.9982,12.32
view2,49,view3,27,0.9993,0.0
view2,49,view3,28,0.9973,8.12
view2,49,view3,29,0.9988,0.0
view2,49,view3,30,0.9993,2.92
view2,49,view3,31,0.9978,0.0
view2,49,view3,32,0.9987,0.0
view2,49,view3,33,0.9935,0.0
view2,49,view3,34,0.9978,0.0
view2,49,view3,36,0.9973,0.0
view2,49,view3,37,0.9962,0.0
view2,49,view3,38,0.9989,0.0
view2,49,view3,39,0.9993,0.0
view2,49,view3,40,0.9968,0.0
view2,49,view3,42,0.9956,0.0
view2,49,view3,43,0.999,4.52
view2,49,view3,45,0.9984,6.28
view2,49,view3,46,0.9975,6.6
view2,49,view3,47,0.9985,7.96
view2,49,view3,48,0.9985,8.16
view2,49,view3,49,0.9993,9.8
view2,49,view3,50,0.9989,10.84
view2,49,view3,51,0.9991,14.56
view2,49,view3,52,0.9965,14.84
view2,49,view3,54,0.9982,16.4
view2,49,view3,55,0.998,17.2
view2,49,view3,56,0.996,22.84
view2,49,view3,57,0.9972,26.92
view2,49,view3,58,0.9958,28.0
view2,49,view3,59,0.9986,29.56
view2,49,view3,61,0.999,33.76
view2,49,view3,62,0.9983,35.6
view2,49,view3,64,0.9984,41.76
view2,49,view3,65,0.997,42.24
view2,49,view3,66,0.9987,44.32
view2,49,view3,67,0.9986,48.08
view2,49,view3,68,0.9994,49.2
view2,50,view3,1,0.9967,55.64
view2,50,view3,2,0.9938,78.96
view2,50,view3,3,0.9977,55.04
view2,50,view3,4,0.9985,63.76
view2,50,view3,6,0.9978,58.68
view2,50,view3,7,0.9958,56.36
view2,50,view3,8,0.9972,46.92
view2,50,view3,9,0.9977,50.28
view2,50,view3,11,0.9973,28.64
view2,50,view3,12,0.997,30.4
view2,50,view3,13,0.9936,45.16
view2,50,view3,14,0.9966,20.72
view2,50,view3,15,0.9972,34.08
view2,50,view3,16,0.9982,17.76
view2,50,view3,17,0.9984,24.88
view2,50,view3,18,0.9961,30.36
view2,50,view3,19,0.9943,0.0
view2,50,view3,20,0.9972,21.24
view2,50,view3,21,0.9973,21.6
view2,50,view3,22,0.9941,12.12
view2,50,view3,23,0.9953,5.4
view2,50,view3,24,0.998,8.32
view2,50,view3,25,0.9979,12.84
view2,50,view3,27,0.9983,0.0
view2,50,view3,28,0.9961,8.64
view2,50,view3,29,0.9977,0.0
view2,50,view3,30,0.9977,3.44
view2,50,view3,31,0.9965,0.0
view2,50,view3,32,0.998,0.0
view2,50,view3,33,0.9922,1.52
view2,50,view3,34,0.9964,3.08
view2,50,view3,36,0.9959,9.12
view2,50,view3,37,0.9944,9.72
view2,50,view3,38,0.9973,12.76
view2,50,view3,39,0.9984,14.76
view2,50,view3,40,0.9952,15.2
view2,50,view3,42,0.9941,17.64
view2,50,view3,43,0.9982,22.24
view2,50,view3,45,0.9964,24.0
view2,50,view3,46,0.997,24.32
view2,50,view3,47,0.9983,25.68
view2,50,view3,48,0.9967,25.88
view2,50,view3,49,0.9984,27.52
view2,50,view3,50,0.9977,28.56
view2,50,view3,51,0.9985,32.28
view2,50,view3,52,0.9949,32.56
view2,50,view3,54,0.9972,34.12
view2,50,view3,55,0.9967,34.92
view2,50,view3,56,0.9942,40.56
view2,50,view3,57,0.9949,44.64
view2,50,view3,58,0.9944,45.72
view2,50,view3,59,0.9966,47.28
view2,50,view3,61,0.9976,51.48
view2,50,view3,62,0.9976,53.32
view2,50,view3,64,0.9973,59.48
view2,50,view3,65,0.9954,59.96
view2,50,view3,66,0.9984,62.04
view2,50,view3,67,0.9981,65.8
view2,50,view3,68,0.9986,66.92
view2,51,view3,1,0.9973,57.16
view2,51,view3,2,0.9939,80.48
view2,51,view3,3,0.9982,56.56
view2,51,view3,4,0.9988,65.28
view2,51,view3,6,0.9981,60.2
view2,51,view3,7,0.9956,57.88
view2,51,view3,8,0.9968,48.44
view2,51,view3,9,0.9977,51.8
view2,51,view3,11,0.998,30.16
view2,51,view3,12,0.9975,31.92
view2,51,view3,13,0.9932,46.68
view2,51,view3,14,0.9962,22.24
view2,51,view3,15,0.9976,35.6
view2,51,view3,16,0.9987,19.28
view2,51,view3,17,0.9984,26.4
view2,51,view3,18,0.996,31.88
view2,51,view3,19,0.9944,0.64
view2,51,view3,20,0.9973,22.76
view2,51,view3,21,0.9971,23.12
view2,51,view3,22,0.9937,13.64
view2,51,view3,23,0.9964,6.92
view2,51,view3,24,0.9988,9.84
view2,51,view3,25,0.9983,14.36
view2,51,view3,27,0.9984,0.0
view2,51,view3,28,0.9962,10.16
view2,51,view3,29,0.9974,0.0
view2,51,view3,30,0.999,4.96
view2,51,view3,31,0.9963,0.0
view2,51,view3,32,0.9983,0.8
view2,51,view3,33,0.9933,0.0
view2,51,view3,34,0.9964,0.0
view2,51,view3,36,0.9956,0.0
view2,51,view3,37,0.9942,0.08
view2,51,view3,38,0.9972,3.12
view2,51,view3,39,0.9986,5.12
view2,51,view3,40,0.9949,5.56
view2,51,view3,42,0.9931,8.0
view2,51,view3,43,0.9982,12.6
view2,51,view3,45,0.997,14.36
view2,51,view3,46,0.9965,14.68
view2,51,view3,47,0.9984,16.04
view2,51,view3,48,0.9965,16.24
view2,51,view3,49,0.9987,17.88
view2,51,view3,50,0.9986,18.92
view2,51,view3,51,0.9986,22.64
view2,51,view3,52,0.9951,22.92
view2,51,view3,54,0.997,24.48
view2,51,view3,55,0.9978,25.28
view2,51,view3,56,0.9941,30.92
view2,51,view3,57,0.9952,35.0
view2,51,view3,58,0.9962,36.08
view2,51,view3,59,0.9967,37.64
view2,51,view3,61,0.9979,41.84
view2,51,view3,62,0.997,43.68
view2,51,view3,64,0.9975,49.84
view2,51,view3,65,0.9956,50.32
view2,51,view3,66,0.9987,52.4
view2,51,view3,67,0.9979,56.16
view2,51,view3,68,0.9987,57.28
view2,52,view3,1,0.9975,58.0
view2,52,view3,2,0.995,81.32
view2,52,view3,3,0.9968,57.4
view2,52,view3,4,0.9974,66.12
view2,52,view3,6,0.9978,61.04
view2,52,view3,7,0.9944,58.72
view2,52,view3,8,0.9953,49.28
view2,52,view3,9,0.9964,52.64
view2,52,view3,11,0.9988,31.0
view2,52,view3,12,0.9975,32.76
view2,52,view3,13,0.9933,47.52
view2,52,view3,14,0.9958,23.08
view2,52,view3,15,0.9981,36.44
view2,52,view3,16,0.9957,20.12
view2,52,view3,17,0.9973,27.24
view2,52,view3,18,0.9964,32.72
view2,52,view3,19,0.9956,1.48
view2,52,view3,20,0.9989,23.6
view2,52,view3,21,0.9958,23.96
view2,52,view3,22,0.9941,14.48
view2,52,view3,23,0.9984,7.76
view2,52,view3,24,0.9964,10.68
view2,52,view3,25,0.995,15.2
view2,52,view3,27,0.9976,0.0
view2,52,view3,28,0.9956,11.0
view2,52,view3,29,0.9959,0.0
view2,52,view3,30,0.9972,5.8
view2,52,view3,31,0.9972,0.0
view2,52,view3,32,0.9966,1.64
view2,52,view3,33,0.9928,0.0
view2,52,view3,34,0.997,0.28
view2,52,view3,36,0.9972,6.32
view2,52,view3,37,0.9953,6.92
view2,52,view3,38,0.9962,9.96
view2,52,view3,39,0.9974,11.96
view2,52,view3,40,0.9959,12.4
view2,52,view3,42,0.9931,14.84
view2,52,view3,43,0.9956,19.44
view2,52,view3,45,0.9968,21.2
view2,52,view3,46,0.9942,21.52
view2,52,view3,47,0.9944,22.88
view2,52,view3,48,0.9961,23.08
view2,52,view3,49,0.9962,24.72
view2,52,view3,50,0.9977,25.76
view2,52,view3,51,0.9958,29.48
view2,52,view3,52,0.9965,29.76
view2,52,view3,54,0.9976,31.32
view2,52,view3,55,0.9955,32.12
view2,52,view3,56,0.9954,37.76
view2,52,view3,57,0.9961,41.84
view2,52,view3,58,0.9963,42.92
view2,52,view3,59,0.9967,44.48
view2,52,view3,61,0.9974,48.68
view2,52,view3,62,0.9951,50.52
view2,52,view3,64,0.9969,56.68
view2,52,view3,65,0.9969,57.16
view2,52,view3,66,0.9965,59.24
view2,52,view3,67,0.9957,63.0
view2,52,view3,68,0.9973,64.12
view2,53,view3,1,0.9989,58.48
view2,53,view3,2,0.997,81.8
view2,53,view3,3,0.9984,57.88
view2,53,view3,4,0.9985,66.6
view2,53,view3,6,0.9983,61.52
view2,53,view3,7,0.9971,59.2
view2,53,view3,8,0.9975,49.76
view2,53,view3,9,0.9981,53.12
view2,53,view3,11,0.999,31.48
view2,53,view3,12,0.9989,33.24
view2,53,view3,13,0.9956,48.0
view2,53,view3,14,0.9981,23.56
view2,53,view3,15,0.9986,36.92
view2,53,view3,16,0.9969,20.6
view2,53,view3,17,0.9987,27.72
view2,53,view3,18,0.998,33.2
view2,53,view3,19,0.9973,1.96
view2,53,view3,20,0.9989,24.08
view2,53,view3,21,0.9978,24.44
view2,53,view3,22,0.9965,14.96
view2,53,view3,23,0.9983,8.24
view2,53,view3,24,0.9976,11.16
view2,53,view3,25,0.997,15.68
view2,53,view3,27,0.9988,0.0
view2,53,view3,28,0.9974,11.48
view2,53,view3,29,0.998,0.0
view2,53,view3,30,0.9979,6.28
view2,53,view3,31,0.9984,0.0
view2,53,view3,32,0.998,2.12
view2,53,view3,33,0.9943,0.0
view2,53,view3,34,0.9981,0.0
view2,53,view3,36,0.9978,0.0
view2,53,view3,37,0.9972,0.0
view2,53,view3,38,0.9979,0.0
view2,53,view3,39,0.9988,0.0
view2,53,view3,40,0.997,0.0
view2,53,view3,42,0.9953,0.0
view2,53,view3,43,0.9977,0.0
view2,53,view3,45,0.9984,0.0
view2,53,view3,46,0.9962,0.0
view2,53,view3,47,0.9966,0.0
view2,53,view3,48,0.9976,0.0
view2,53,view3,49,0.998,0.0
view2,53,view3,50,0.9982,0.0
view2,53,view3,51,0.9975,2.76
view2,53,view3,52,0.9978,3.04
view2,53,view3,54,0.9987,4.6
view2,53,view3,55,0.996,5.4
view2,53,view3,56,0.9973,11.04
view2,53,view3,57,0.9979,15.12
view2,53,view3,58,0.9968,16.2
view2,53,view3,59,0.9977,17.76
view2,53,view3,61,0.9987,21.96
view2,53,view3,62,0.9977,23.8
view2,53,view3,64,0.9984,29.96
view2,53,view3,65,0.9974,30.44
view2,53,view3,66,0.9977,32.52
view2,53,view3,67,0.9976,36.28
view2,53,view3,68,0.9984,37.4
view2,54,view3,1,0.9946,59.64
view2,54,view3,2,0.9909,82.96
view2,54,view3,3,0.9956,59.04
view2,54,view3,4,0.9958,67.76
view2,54,view3,6,0.9957,62.68
view2,54,view3,7,0.9912,60.36
view2,54,view3,8,0.9924,50.92
view2,54,view3,9,0.9942,54.28
view2,54,view3,11,0.996,32.64
view2,54,view3,12,0.9943,34.4
view2,54,view3,13,0.9883,49.16
view2,54,view3,14,0.9917,24.72
view2,54,view3,15,0.995,38.08
view2,54,view3,16,0.996,21.76
view2,54,view3,17,0.9953,28.88
view2,54,view3,18,0.9926,34.36
view2,54,view3,19,0.9916,3.12
view2,54,view3,20,0.9956,25.24
view2,54,view3,21,0.9926,25.6
view2,54,view3,22,0.989,16.12
view2,54,view3,23,0.9949,9.4
view2,54,view3,24,0.9954,12.32
view2,54,view3,25,0.994,16.84
view2,54,view3,27,0.995,0.0
view2,54,view3,28,0.9927,12.64
view2,54,view3,29,0.9937,0.0
view2,54,view3,30,0.997,7.44
view2,54,view3,31,0.9932,0.0
view2,54,view3,32,0.9955,3.28
view2,54,view3,33,0.993,0.0
view2,54,view3,34,0.9933,0.0
view2,54,view3,36,0.9932,4.8
view2,54,view3,37,0.991,5.4
view2,54,view3,38,0.9935,8.44
view2,54,view3,39,0.9951,10.44
view2,54,view3,40,0.9923,10.88
view2,54,view3,42,0.9889,13.32
view2,54,view3,43,0.9942,17.92
view2,54,view3,45,0.9941,19.68
view2,54,view3,46,0.9921,20.0
view2,54,view3,47,0.9944,21.36
view2,54,view3,48,0.9926,21.56
view2,54,view3,49,0.9952,23.2
view2,54,view3,50,0.9971,24.24
view2,54,view3,51,0.9961,27.96
view2,54,view3,52,0.9922,28.24
view2,54,view3,54,0.9942,29.8
view2,54,view3,55,0.9977,30.6
view2,54,view3,56,0.9907,36.24
view2,54,view3,57,0.992,40.32
view2,54,view3,58,0.9922,41.4
view2,54,view3,59,0.9935,42.96
view2,54,view3,61,0.9952,47.16
view2,54,view3,62,0.9924,49.0
view2,54,view3,64,0.9943,55.16
view2,54,view3,65,0.9936,55.64
view2,54,view3,66,0.9951,57.72
view2,54,view3,67,0.995,61.48
view2,54,view3,68,0.9956,62.6
view2,55,view3,1,0.996,62.52
view2,55,view3,2,0.9935,85.84
view2,55,view3,3,0.9981,61.92
view2,55,view3,4,0.9982,70.64
view2,55,view3,6,0.998,65.56
view2,55,view3,7,0.9954,63.24
view2,55,view3,8,0.9967,53.8
view2,55,view3,9,0.9971,57.16
view2,55,view3,11,0.9978,35.52
view2,55,view3,12,0.9966,37.28
view2,55,view3,13,0.9934,52.04
view2,55,view3,14,0.9958,27.6
view2,55,view3,15,0.9974,40.96
view2,55,view3,16,0.9984,24.64
view2,55,view3,17,0.9982,31.76
view2,55,view3,18,0.9956,37.24
view2,55,view3,19,0.9941,6.0
view2,55,view3,20,0.9973,28.12
view2,55,view3,21,0.9966,28.48
view2,55,view3,22,0.9938,19.0
view2,55,view3,23,0.9963,12.28
view2,55,view3,24,0.9975,15.2
view2,55,view3,25,0.9971,19.72
view2,55,view3,27,0.9979,0.0
view2,55,view3,28,0.9962,15.52
view2,55,view3,29,0.9975,0.28
view2,55,view3,30,0.999,10.32
view2,55,view3,31,0.9964,0.0
view2,55,view3,32,0.9981,6.16
view2,55,view3,33,0.9928,0.0
view2,55,view3,34,0.9966,0.0
view2,55,view3,36,0.9962,0.0
view2,55,view3,37,0.9941,0.0
view2,55,view3,38,0.9968,0.0
view2,55,view3,39,0.9979,1.56
view2,55,view3,40,0.9955,2.0
view2,55,view3,42,0.994,4.44
view2,55,view3,43,0.9978,9.04
view2,55,view3,45,0.9967,10.8
view2,55,view3,46,0.9963,11.12
view2,55,view3,47,0.9977,12.48
view2,55,view3,48,0.9964,12.68
view2,55,view3,49,0.9983,14.32
view2,55,view3,50,0.9989,15.36
view2,55,view3,51,0.9989,19.08
view2,55,view3,52,0.9948,19.36
view2,55,view3,54,0.9972,20.92
view2,55,view3,55,0.9987,21.72
view2,55,view3,56,0.9938,27.36
view2,55,view3,57,0.995,31.44
view2,55,view3,58,0.9946,32.52
view2,55,view3,59,0.9968,34.08
view2,55,view3,61,0.998,38.28
view2,55,view3,62,0.9965,40.12
view2,55,view3,64,0.9972,46.28
view2,55,view3,65,0.996,46.76
view2,55,view3,66,0.9972,48.84
view2,55,view3,67,0.9981,52.6
view2,55,view3,68,0.9981,53.72
view2,56,view3,1,0.9971,62.88
view2,56,view3,2,0.9955,86.2
view2,56,view3,3,0.9985,62.28
view2,56,view3,4,0.9993,71.0
view2,56,view3,6,0.9987,65.92
view2,56,view3,7,0.9978,63.6
view2,56,view3,8,0.9992,54.16
view2,56,view3,9,0.9982,57.52
view2,56,view3,11,0.9984,35.88
view2,56,view3,12,0.9977,37.64
view2,56,view3,13,0.9972,52.4
view2,56,view3,14,0.9987,27.96
view2,56,view3,15,0.9986,41.32
view2,56,view3,16,0.9984,25.0
view2,56,view3,17,0.9992,32.12
view2,56,view3,18,0.9973,37.6
view2,56,view3,19,0.9956,6.36
view2,56,view3,20,0.998,28.48
view2,56,view3,21,0.9992,28.84
view2,56,view3,22,0.9975,19.36
view2,56,view3,23,0.9969,12.64
view2,56,view3,24,0.9983,15.56
view2,56,view3,25,0.9985,20.08
view2,56,view3,27,0.9995,0.0
view2,56,view3,28,0.9977,15.88
view2,56,view3,29,0.999,0.64
view2,56,view3,30,0.9986,10.68
view2,56,view3,31,0.9984,0.0
view2,56,view3,32,0.9988,6.52
view2,56,view3,33,0.9914,0.0
view2,56,view3,34,0.9984,0.0
view2,56,view3,36,0.9977,0.0
view2,56,view3,37,0.9961,0.0
view2,56,view3,38,0.999,2.68
view2,56,view3,39,0.9993,4.68
view2,56,view3,40,0.9971,5.12
view2,56,view3,42,0.9973,7.56
view2,56,view3,43,0.9993,12.16
view2,56,view3,45,0.998,13.92
view2,56,view3,46,0.9988,14.24
view2,56,view3,47,0.9985,15.6
view2,56,view3,48,0.9989,15.8
view2,56,view3,49,0.9989,17.44
view2,56,view3,50,0.998,18.48
view2,56,view3,51,0.9987,22.2
view2,56,view3,52,0.9965,22.48
view2,56,view3,54,0.9984,24.04
view2,56,view3,55,0.9961,24.84
view2,56,view3,56,0.9961,30.48
view2,56,view3,57,0.997,34.56
view2,56,view3,58,0.9965,35.64
view2,56,view3,59,0.9989,37.2
view2,56,view3,61,0.9991,41.4
view2,56,view3,62,0.9985,43.24
view2,56,view3,64,0.9986,49.4
view2,56,view3,65,0.9971,49.88
view2,56,view3,66,0.998,51.96
view2,56,view3,67,0.9982,55.72
view2,56,view3,68,0.999,56.84
view2,57,view3,1,0.9946,63.64
view2,57,view3,2,0.9939,86.96
view2,57,view3,3,0.9983,63.04
view2,57,view3,4,0.9979,71.76
view2,57,view3,6,0.9969,66.68
view2,57,view3,7,0.9966,64.36
view2,57,view3,8,0.9982,54.92
view2,57,view3,9,0.9973,58.28
view2,57,view3,11,0.9963,36.64
view2,57,view3,12,0.9954,38.4
view2,57,view3,13,0.9951,53.16
view2,57,view3,14,0.9967,28.72
view2,57,view3,15,0.9966,42.08
view2,57,view3,16,0.9985,25.76
view2,57,view3,17,0.9985,32.88
view2,57,view3,18,0.9958,38.36
view2,57,view3,19,0.994,7.12
view2,57,view3,20,0.996,29.24
view2,57,view3,21,0.9977,29.6
view2,57,view3,22,0.9955,20.12
view2,57,view3,23,0.9946,13.4
view2,57,view3,24,0.9969,16.32
view2,57,view3,25,0.9979,20.84
view2,57,view3,27,0.9978,0.0
view2,57,view3,28,0.996,16.64
view2,57,view3,29,0.9983,1.4
view2,57,view3,30,0.9983,11.44
view2,57,view3,31,0.9966,0.0
view2,57,view3,32,0.9984,7.28
view2,57,view3,33,0.9904,0.36
view2,57,view3,34,0.9968,0.0
view2,57,view3,36,0.9962,0.56
view2,57,view3,37,0.9946,1.16
view2,57,view3,38,0.9978,4.2
view2,57,view3,39,0.9979,6.2
view2,57,view3,40,0.9963,6.64
view2,57,view3,42,0.9962,9.08
view2,57,view3,43,0.999,13.68
view2,57,view3,45,0.9967,15.44
view2,57,view3,46,0.9982,15.76
view2,57,view3,47,0.9989,17.12
view2,57,view3,48,0.9974,17.32
view2,57,view3,49,0.9983,18.96
view2,57,view3,50,0.9979,20.0
view2,57,view3,51,0.9992,23.72
view2,57,view3,52,0.9943,24.0
view2,57,view3,54,0.9968,25.56
view2,57,view3,55,0.9974,26.36
view2,57,view3,56,0.9944,32.0
view2,57,view3,57,0.995,36.08
view2,57,view3,58,0.9933,37.16
view2,57,view3,59,0.9973,38.72
view2,57,view3,61,0.9982,42.92
view2,57,view3,62,0.9973,44.76
view2,57,view3,64,0.9972,50.92
view2,57,view3,65,0.996,51.4
view2,57,view3,66,0.9961,53.48
view2,57,view3,67,0.9981,57.24
view2,57,view3,68,0.9974,58.36
view2,58,view3,1,0.9962,63.68
view2,58,view3,2,0.9945,87.0
view2,58,view3,3,0.9984,63.08
view2,58,view3,4,0.9985,71.8
view2,58,view3,6,0.9981,66.72
view2,58,view3,7,0.9971,64.4
view2,58,view3,8,0.9981,54.96
view2,58,view3,9,0.9976,58.32
view2,58,view3,11,0.9976,36.68
view2,58,view3,12,0.9973,38.44
view2,58,view3,13,0.9954,53.2
view2,58,view3,14,0.9972,28.76
view2,58,view3,15,0.9975,42.12
view2,58,view3,16,0.9987,25.8
view2,58,view3,17,0.9985,32.92
view2,58,view3,18,0.9959,38.4
view2,58,view3,19,0.995,7.16
view2,58,view3,20,0.997,29.28
view2,58,view3,21,0.9975,29.64
view2,58,view3,22,0.9958,20.16
view2,58,view3,23,0.996,13.44
view2,58,view3,24,0.998,16.36
view2,58,view3,25,0.9977,20.88
view2,58,view3,27,0.9983,0.0
view2,58,view3,28,0.9976,16.68
view2,58,view3,29,0.9987,1.44
view2,58,view3,30,0.9988,11.48
view2,58,view3,31,0.9968,0.0
view2,58,view3,32,0.9979,7.32
view2,58,view3,33,0.992,0.4
view2,58,view3,34,0.9969,0.0
view2,58,view3,36,0.9962,0.72
view2,58,view3,37,0.9951,1.32
view2,58,view3,38,0.9975,4.36
view2,58,view3,39,0.9984,6.36
view2,58,view3,40,0.9956,6.8
view2,58,view3,42,0.9948,9.24
view2,58,view3,43,0.9985,13.84
view2,58,view3,45,0.9976,15.6
view2,58,view3,46,0.9965,15.92
view2,58,view3,47,0.9982,17.28
view2,58,view3,48,0.9973,17.48
view2,58,view3,49,0.9992,19.12
view2,58,view3,50,0.9985,20.16
view2,58,view3,51,0.999,23.88
view2,58,view3,52,0.9956,24.16
view2,58,view3,54,0.9977,25.72
view2,58,view3,55,0.9977,26.52
view2,58,view3,56,0.9949,32.16
view2,58,view3,57,0.9964,36.24
view2,58,view3,58,0.9951,37.32
view2,58,view3,59,0.9975,38.88
view2,58,view3,61,0.9982,43.08
view2,58,view3,62,0.998,44.92
view2,58,view3,64,0.9978,51.08
view2,58,view3,65,0.9959,51.56
view2,58,view3,66,0.9974,53.64
view2,58,view3,67,0.9988,57.4
view2,58,view3,68,0.9982,58.52
view2,59,view3,1,0.9986,65.08
view2,59,view3,2,0.999,88.4
view2,59,view3,3,0.9977,64.48
view2,59,view3,4,0.9962,73.2
view2,59,view3,6,0.996,68.12
view2,59,view3,7,0.9975,65.8
view2,59,view3,8,0.9962,56.36
view2,59,view3,9,0.9981,59.72
view2,59,view3,11,0.9979,38.08
view2,59,view3,12,0.9992,39.84
view2,59,view3,13,0.9953,54.6
view2,59,view3,14,0.9978,30.16
view2,59,view3,15,0.9974,43.52
view2,59,view3,16,0.9935,27.2
view2,59,view3,17,0.9972,34.32
view2,59,view3,18,0.9987,39.8
view2,59,view3,19,0.9991,8.56
view2,59,view3,20,0.997,30.68
view2,59,view3,21,0.9969,31.04
view2,59,view3,22,0.9965,21.56
view2,59,view3,23,0.9984,14.84
view2,59,view3,24,0.9952,17.76
view2,59,view3,25,0.9955,22.28
view2,59,view3,27,0.9968,0.0
view2,59,view3,28,0.9968,18.08
view2,59,view3,29,0.9968,2.84
view2,59,view3,30,0.9954,12.88
view2,59,view3,31,0.998,0.0
view2,59,view3,32,0.9969,8.72
view2,59,view3,33,0.9959,1.8
view2,59,view3,34,0.9977,0.0
view2,59,view3,36,0.9974,0.0
view2,59,view3,37,0.9987,0.0
view2,59,view3,38,0.9962,0.0
view2,59,view3,39,0.9972,0.0
view2,59,view3,40,0.9975,0.0
view2,59,view3,42,0.9944,0.0
view2,59,view3,43,0.9963,3.4
view2,59,view3,45,0.9985,5.16
view2,59,view3,46,0.9935,5.48
view2,59,view3,47,0.9939,6.84
view2,59,view3,48,0.996,7.04
view2,59,view3,49,0.9964,8.68
view2,59,view3,50,0.9967,9.72
view2,59,view3,51,0.995,13.44
view2,59,view3,52,0.9991,13.72
view2,59,view3,54,0.998,15.28
view2,59,view3,55,0.9929,16.08
view2,59,view3,56,0.9989,21.72
view2,59,view3,57,0.9988,25.8
view2,59,view3,58,0.9951,26.88
view2,59,view3,59,0.996,28.44
view2,59,view3,61,0.9976,32.64
view2,59,view3,62,0.9971,34.48
view2,59,view3,64,0.9983,40.64
view2,59,view3,65,0.9979,41.12
view2,59,view3,66,0.9952,43.2
view2,59,view3,67,0.9962,46.96
view2,59,view3,68,0.9958,48.08
view2,60,view3,1,0.9987,67.32
view2,60,view3,2,0.9961,90.64
view2,60,view3,3,0.998,66.72
view2,60,view3,4,0.9983,75.44
view2,60,view3,6,0.998,70.36
view2,60,view3,7,0.9956,68.04
view2,60,view3,8,0.9961,58.6
view2,60,view3,9,0.9976,61.96
view2,60,view3,11,0.9988,40.32
view2,60,view3,12,0.9986,42.08
view2,60,view3,13,0.9934,56.84
view2,60,view3,14,0.9968,32.4
view2,60,view3,15,0.9982,45.76
view2,60,view3,16,0.997,29.44
view2,60,view3,17,0.9981,36.56
view2,60,view3,18,0.9971,42.04
view2,60,view3,19,0.9965,10.8
view2,60,view3,20,0.9984,32.92
view2,60,view3,21,0.9968,33.28
view2,60,view3,22,0.9945,23.8
view2,60,view3,23,0.9981,17.08
view2,60,view3,24,0.9978,20.0
view2,60,view3,25,0.9968,24.52
view2,60,view3,27,0.9983,0.0
view2,60,view3,28,0.996,20.32
view2,60,view3,29,0.9968,5.08
view2,60,view3,30,0.998,15.12
view2,60,view3,31,0.9973,0.0
view2,60,view3,32,0.9976,10.96
view2,60,view3,33,0.9948,4.04
view2,60,view3,34,0.997,0.0
view2,60,view3,36,0.9967,0.0
view2,60,view3,37,0.9961,0.0
view2,60,view3,38,0.997,0.0
view2,60,view3,39,0.9983,0.0
view2,60,view3,40,0.9957,0.0
view2,60,view3,42,0.9933,0.0
view2,60,view3,43,0.9971,0.0
view2,60,view3,45,0.9978,0.0
view2,60,view3,46,0.9956,0.0
view2,60,view3,47,0.9962,0.0
view2,60,view3,48,0.9965,0.0
view2,60,view3,49,0.9975,0.0
view2,60,view3,50,0.9981,0.0
view2,60,view3,51,0.997,0.0
view2,60,view3,52,0.9971,0.0
view2,60,view3,54,0.9975,0.0
view2,60,view3,55,0.9964,0.0
view2,60,view3,56,0.9962,2.4
view2,60,view3,57,0.9967,6.48
view2,60,view3,58,0.9971,7.56
view2,60,view3,59,0.9968,9.12
view2,60,view3,61,0.998,13.32
view2,60,view3,62,0.9965,15.16
view2,60,view3,64,0.9977,21.32
view2,60,view3,65,0.9966,21.8
view2,60,view3,66,0.998,23.88
view2,60,view3,67,0.9968,27.64
view2,60,view3,68,0.9982,28.76
view2,61,view3,1,0.9943,67.56
view2,61,view3,2,0.9918,90.88
view2,61,view3,3,0.9975,66.96
view2,61,view3,4,0.9978,75.68
view2,61,view3,6,0.9965,70.6
view2,61,view3,7,0.9946,68.28
view2,61,view3,8,0.9966,58.84
view2,61,view3,9,0.9962,62.2
view2,61,view3,11,0.9954,40.56
view2,61,view3,12,0.9949,42.32
view2,61,view3,13,0.992,57.08
view2,61,view3,14,0.9949,32.64
view2,61,view3,15,0.9954,46.0
view2,61,view3,16,0.9992,29.68
view2,61,view3,17,0.9976,36.8
view2,61,view3,18,0.9936,42.28
view2,61,view3,19,0.9922,11.04
view2,61,view3,20,0.9951,33.16
view2,61,view3,21,0.9959,33.52
view2,61,view3,22,0.9927,24.04
view2,61,view3,23,0.9929,17.32
view2,61,view3,24,0.9979,20.24
view2,61,view3,25,0.9977,24.76
view2,61,view3,27,0.9972,0.0
view2,61,view3,28,0.9946,20.56
view2,61,view3,29,0.9973,5.32
view2,61,view3,30,0.9984,15.36
view2,61,view3,31,0.9945,0.0
view2,61,view3,32,0.9973,11.2
view2,61,view3,33,0.9903,4.28
view2,61,view3,34,0.9945,0.0
view2,61,view3,36,0.9937,0.0
view2,61,view3,37,0.9924,0.0
view2,61,view3,38,0.9967,0.2
view2,61,view3,39,0.9973,2.2
view2,61,view3,40,0.9933,2.64
view2,61,view3,42,0.9929,5.08
view2,61,view3,43,0.9982,9.68
view2,61,view3,45,0.9955,11.44
view2,61,view3,46,0.9969,11.76
view2,61,view3,47,0.9992,13.12
view2,61,view3,48,0.9958,13.32
view2,61,view3,49,0.9983,14.96
view2,61,view3,50,0.9974,16.0
view2,61,view3,51,0.9991,19.72
view2,61,view3,52,0.9923,20.0
view2,61,view3,54,0.9951,21.56
view2,61,view3,55,0.9982,22.36
view2,61,view3,56,0.9921,28.0
view2,61,view3,57,0.9932,32.08
view2,61,view3,58,0.9927,33.16
view2,61,view3,59,0.9958,34.72
view2,61,view3,61,0.9968,38.92
view2,61,view3,62,0.9964,40.76
view2,61,view3,64,0.9958,46.92
view2,61,view3,65,0.9935,47.4
view2,61,view3,66,0.9972,49.48
view2,61,view3,67,0.9978,53.24
view2,61,view3,68,0.9975,54.36
view2,62,view3,1,0.995,73.04
view2,62,view3,2,0.9892,96.36
view2,62,view3,3,0.9939,72.44
view2,62,view3,4,0.9956,81.16
view2,62,view3,6,0.9947,76.08
view2,62,view3,7,0.9899,73.76
view2,62,view3,8,0.9918,64.32
view2,62,view3,9,0.9933,67.68
view2,62,view3,11,0.9942,46.04
view2,62,view3,12,0.9934,47.8
view2,62,view3,13,0.9874,62.56
view2,62,view3,14,0.9913,38.12
view2,62,view3,15,0.9935,51.48
view2,62,view3,16,0.9956,35.16
view2,62,view3,17,0.9943,42.28
view2,62,view3,18,0.9913,47.76
view2,62,view3,19,0.9896,16.52
view2,62,view3,20,0.9943,38.64
view2,62,view3,21,0.9925,39.0
view2,62,view3,22,0.9877,29.52
view2,62,view3,23,0.9921,22.8
view2,62,view3,24,0.9958,25.72
view2,62,view3,25,0.9946,30.24
view2,62,view3,27,0.9951,3.52
view2,62,view3,28,0.9918,26.04
view2,62,view3,29,0.9924,10.8
view2,62,view3,30,0.9956,20.84
view2,62,view3,31,0.9917,0.0
view2,62,view3,32,0.995,16.68
view2,62,view3,33,0.991,9.76
view2,62,view3,34,0.9915,5.32
view2,62,view3,36,0.9911,1.16
view2,62,view3,37,0.9891,3.28
view2,62,view3,38,0.9933,0.28
view2,62,view3,39,0.995,0.0
view2,62,view3,40,0.99,0.0
view2,62,view3,42,0.9871,0.0
view2,62,view3,43,0.9938,4.52
view2,62,view3,45,0.9927,6.28
view2,62,view3,46,0.9931,6.6
view2,62,view3,47,0.995,7.96
view2,62,view3,48,0.992,8.16
view2,62,view3,49,0.9943,9.8
view2,62,view3,50,0.9945,10.84
view2,62,view3,51,0.9946,14.56
view2,62,view3,52,0.9905,14.84
view2,62,view3,54,0.9922,16.4
view2,62,view3,55,0.9946,17.2
view2,62,view3,56,0.989,22.84
view2,62,view3,57,0.9898,26.92
view2,62,view3,58,0.9927,28.0
view2,62,view3,59,0.9923,29.56
view2,62,view3,61,0.9934,33.76
view2,62,view3,62,0.9922,35.6
view2,62,view3,64,0.9928,41.76
view2,62,view3,65,0.9912,42.24
view2,62,view3,66,0.9963,44.32
view2,62,view3,67,0.9933,48.08
view2,62,view3,68,0.9957,49.2
view2,63,view3,1,0.9976,75.36
view2,63,view3,2,0.9962,98.68
view2,63,view3,3,0.9987,74.76
view2,63,view3,4,0.9994,83.48
view2,63,view3,6,0.9991,78.4
view2,63,view3,7,0.998,76.08
view2,63,view3,8,0.9992,66.64
view2,63,view3,9,0.9984,70.0
view2,63,view3,11,0.999,48.36
view2,63,view3,12,0.9981,50.12
view2,63,view3,13,0.9975,64.88
view2,63,view3,14,0.9988,40.44
view2,63,view3,15,0.9992,53.8
view2,63,view3,16,0.9982,37.48
view2,63,view3,17,0.9994,44.6
view2,63,view3,18,0.9979,50.08
view2,63,view3,19,0.9965,18.84
view2,63,view3,20,0.9988,40.96
view2,63,view3,21,0.9992,41.32
view2,63,view3,22,0.9978,31.84
view2,63,view3,23,0.9978,25.12
view2,63,view3,24,0.9983,28.04
view2,63,view3,25,0.998,32.56
view2,63,view3,27,0.9997,5.84
view2,63,view3,28,0.9981,28.36
view2,63,view3,29,0.9991,13.12
view2,63,view3,30,0.9987,23.16
view2,63,view3,31,0.9991,0.0
view2,63,view3,32,0.9989,19.0
view2,63,view3,33,0.992,12.08
view2,63,view3,34,0.999,7.64
view2,63,view3,36,0.9986,3.48
view2,63,view3,37,0.9969,5.6
view2,63,view3,38,0.9993,2.6
view2,63,view3,39,0.9996,0.0
view2,63,view3,40,0.998,1.28
view2,63,view3,42,0.9975,0.0
view2,63,view3,43,0.999,0.48
view2,63,view3,45,0.9984,2.24
view2,63,view3,46,0.998,2.56
view2,63,view3,47,0.998,3.92
view2,63,view3,48,0.9993,4.12
view2,63,view3,49,0.9988,5.76
view2,63,view3,50,0.9984,6.8
view2,63,view3,51,0.9986,10.52
view2,63,view3,52,0.9973,10.8
view2,63,view3,54,0.999,12.36
view2,63,view3,55,0.9963,13.16
view2,63,view3,56,0.9968,18.8
view2,63,view3,57,0.9976,22.88
view2,63,view3,58,0.9964,23.96
view2,63,view3,59,0.9993,25.52
view2,63,view3,61,0.9994,29.72
view2,63,view3,62,0.9985,31.56
view2,63,view3,64,0.9989,37.72
view2,63,view3,65,0.9981,38.2
view2,63,view3,66,0.998,40.28
view2,63,view3,67,0.9984,44.04
view2,63,view3,68,0.9992,45.16
view2,65,view3,1,0.999,75.68
view2,65,view3,2,0.9979,99.0
view2,65,view3,3,0.9992,75.08
view2,65,view3,4,0.9989,83.8
view2,65,view3,6,0.9985,78.72
view2,65,view3,7,0.9986,76.4
view2,65,view3,8,0.9985,66.96
view2,65,view3,9,0.9994,70.32
view2,65,view3,11,0.9991,48.68
view2,65,view3,12,0.9995,50.44
view2,65,view3,13,0.9965,65.2
view2,65,view3,14,0.9989,40.76
view2,65,view3,15,0.9989,54.12
view2,65,view3,16,0.9975,37.8
view2,65,view3,17,0.9993,44.92
view2,65,view3,18,0.9988,50.4
view2,65,view3,19,0.9982,19.16
view2,65,view3,20,0.9985,41.28
view2,65,view3,21,0.9987,41.64
view2,65,view3,22,0.9973,32.16
view2,65,view3,23,0.9983,25.44
view2,65,view3,24,0.9982,28.36
view2,65,view3,25,0.9982,32.88
view2,65,view3,27,0.9991,6.16
view2,65,view3,28,0.9984,28.68
view2,65,view3,29,0.999,13.44
view2,65,view3,30,0.9982,23.48
view2,65,view3,31,0.9988,0.0
view2,65,view3,32,0.999,19.32
view2,65,view3,33,0.9951,12.4
view2,65,view3,34,0.9986,7.96
view2,65,view3,36,0.9981,3.8
view2,65,view3,37,0.998,5.92
view2,65,view3,38,0.9984,2.92
view2,65,view3,39,0.9994,0.0
view2,65,view3,40,0.9978,1.6
view2,65,view3,42,0.9958,0.0
view2,65,view3,43,0.9989,0.0
view2,65,view3,45,0.9991,0.0
view2,65,view3,46,0.9967,0.0
view2,65,view3,47,0.9977,0.0
view2,65,view3,48,0.9981,0.0
view2,65,view3,49,0.9991,0.0
view2,65,view3,50,0.9987,0.0
view2,65,view3,51,0.9984,0.0
view2,65,view3,52,0.9984,0.0
view2,65,view3,54,0.9992,0.0
view2,65,view3,55,0.9963,0.0
view2,65,view3,56,0.998,0.28
view2,65,view3,57,0.9986,4.36
view2,65,view3,58,0.9963,5.44
view2,65,view3,59,0.998,7.0
view2,65,view3,61,0.9992,11.2
view2,65,view3,62,0.9991,13.04
view2,65,view3,64,0.9994,19.2
view2,65,view3,65,0.9982,19.68
view2,65,view3,66,0.9983,21.76
view2,65,view3,67,0.9988,25.52
view2,65,view3,68,0.9987,26.64
view2,66,view3,1,0.9966,78.32
view2,66,view3,2,0.9938,101.64
view2,66,view3,3,0.9982,77.72
view2,66,view3,4,0.9991,86.44
view2,66,view3,6,0.9981,81.36
view2,66,view3,7,0.9958,79.04
view2,66,view3,8,0.9973,69.6
view2,66,view3,9,0.9975,72.96
view2,66,view3,11,0.9973,51.32
view2,66,view3,12,0.9967,53.08
view2,66,view3,13,0.9934,67.84
view2,66,view3,14,0.9965,43.4
view2,66,view3,15,0.9973,56.76
view2,66,view3,16,0.9993,40.44
view2,66,view3,17,0.9986,47.56
view2,66,view3,18,0.9957,53.04
view2,66,view3,19,0.9941,21.8
view2,66,view3,20,0.9971,43.92
view2,66,view3,21,0.9973,44.28
view2,66,view3,22,0.9941,34.8
view2,66,view3,23,0.995,28.08
view2,66,view3,24,0.9991,31.0
view2,66,view3,25,0.9984,35.52
view2,66,view3,27,0.9986,8.8
view2,66,view3,28,0.9957,31.32
view2,66,view3,29,0.9978,16.08
view2,66,view3,30,0.9988,26.12
view2,66,view3,31,0.9964,0.0
view2,66,view3,32,0.9983,21.96
view2,66,view3,33,0.9924,15.04
view2,66,view3,34,0.9963,10.6
view2,66,view3,36,0.9956,6.44
view2,66,view3,37,0.9942,8.56
view2,66,view3,38,0.998,5.56
view2,66,view3,39,0.9987,0.0
view2,66,view3,40,0.9951,4.24
view2,66,view3,42,0.9941,0.0
view2,66,view3,43,0.9987,0.0
view2,66,view3,45,0.9969,0.0
view2,66,view3,46,0.9976,0.0
view2,66,view3,47,0.9993,0.0
view2,66,view3,48,0.9972,0.0
view2,66,view3,49,0.9988,0.0
view2,66,view3,50,0.9981,0.0
view2,66,view3,51,0.9991,0.0
view2,66,view3,52,0.9944,0.0
view2,66,view3,54,0.9967,0.0
view2,66,view3,55,0.9978,0.0
view2,66,view3,56,0.9941,0.0
view2,66,view3,57,0.9949,0.0
view2,66,view3,58,0.9947,0.36
view2,66,view3,59,0.9972,1.92
view2,66,view3,61,0.9979,6.12
view2,66,view3,62,0.9974,7.96
view2,66,view3,64,0.9971,14.12
view2,66,view3,65,0.9952,14.6
view2,66,view3,66,0.9989,16.68
view2,66,view3,67,0.998,20.44
view2,66,view3,68,0.999,21.56
view2,67,view3,1,0.9912,78.84
view2,67,view3,2,0.9865,102.16
view2,67,view3,3,0.9936,78.24
view2,67,view3,4,0.9945,86.96
view2,67,view3,6,0.9929,81.88
view2,67,view3,7,0.9888,79.56
view2,67,view3,8,0.9911,70.12
view2,67,view3,9,0.9919,73.48
view2,67,view3,11,0.9913,51.84
view2,67,view3,12,0.991,53.6
view2,67,view3,13,0.9846,68.36
view2,67,view3,14,0.9894,43.92
view2,67,view3,15,0.9909,57.28
view2,67,view3,16,0.9968,40.96
view2,67,view3,17,0.9936,48.08
view2,67,view3,18,0.9885,53.56
view2,67,view3,19,0.9869,22.32
view2,67,view3,20,0.9915,44.44
view2,67,view3,21,0.9909,44.8
view2,67,view3,22,0.9858,35.32
view2,67,view3,23,0.9879,28.6
view2,67,view3,24,0.9957,31.52
view2,67,view3,25,0.9945,36.04
view2,67,view3,27,0.9933,9.32
view2,67,view3,28,0.989,31.84
view2,67,view3,29,0.9923,16.6
view2,67,view3,30,0.9956,26.64
view2,67,view3,31,0.989,0.0
view2,67,view3,32,0.9933,22.48
view2,67,view3,33,0.9885,15.56
view2,67,view3,34,0.9889,11.12
view2,67,view3,36,0.9881,6.96
view2,67,view3,37,0.9868,9.08
view2,67,view3,38,0.9923,6.08
view2,67,view3,39,0.9935,0.0
view2,67,view3,40,0.9873,4.76
view2,67,view3,42,0.9859,0.0
view2,67,view3,43,0.9942,0.0
view2,67,view3,45,0.9911,0.0
view2,67,view3,46,0.993,0.0
view2,67,view3,47,0.9964,1.04
view2,67,view3,48,0.9907,1.24
view2,67,view3,49,0.9947,2.88
view2,67,view3,50,0.994,3.92
view2,67,view3,51,0.9958,7.64
view2,67,view3,52,0.987,7.92
view2,67,view3,54,0.9899,9.48
view2,67,view3,55,0.9963,10.28
view2,67,view3,56,0.9864,15.92
view2,67,view3,57,0.9876,20.0
view2,67,view3,58,0.9895,21.08
view2,67,view3,59,0.9908,22.64
view2,67,view3,61,0.9921,26.84
view2,67,view3,62,0.9915,28.68
view2,67,view3,64,0.9908,34.84
view2,67,view3,65,0.9879,35.32
view2,67,view3,66,0.9953,37.4
view2,67,view3,67,0.9936,41.16
view2,67,view3,68,0.9945,42.28
view2,68,view3,1,0.9893,79.68
view2,68,view3,2,0.9851,103.0
view2,68,view3,3,0.993,79.08
view2,68,view3,4,0.9935,87.8
view2,68,view3,6,0.9917,82.72
view2,68,view3,7,0.9885,80.4
view2,68,view3,8,0.991,70.96
view2,68,view3,9,0.9913,74.32
view2,68,view3,11,0.9899,52.68
view2,68,view3,12,0.9897,54.44
view2,68,view3,13,0.9844,69.2
view2,68,view3,14,0.9886,44.76
view2,68,view3,15,0.9897,58.12
view2,68,view3,16,0.9965,41.8
view2,68,view3,17,0.9927,48.92
view2,68,view3,18,0.9874,54.4
view2,68,view3,19,0.9858,23.16
view2,68,view3,20,0.9898,45.28
view2,68,view3,21,0.9901,45.64
view2,68,view3,22,0.9851,36.16
view2,68,view3,23,0.9863,29.44
view2,68,view3,24,0.9947,32.36
view2,68,view3,25,0.9938,36.88
view2,68,view3,27,0.9922,10.16
view2,68,view3,28,0.9888,32.68
view2,68,view3,29,0.9922,17.44
view2,68,view3,30,0.9948,27.48
view2,68,view3,31,0.9877,0.8
view2,68,view3,32,0.9925,23.32
view2,68,view3,33,0.9866,16.4
view2,68,view3,34,0.9879,11.96
view2,68,view3,36,0.9867,7.8
view2,68,view3,37,0.9856,9.92
view2,68,view3,38,0.9914,6.92
view2,68,view3,39,0.9926,0.0
view2,68,view3,40,0.9864,5.6
view2,68,view3,42,0.985,0.0
view2,68,view3,43,0.9938,0.0
view2,68,view3,45,0.9902,0.0
view2,68,view3,46,0.9916,0.28
view2,68,view3,47,0.9963,1.64
view2,68,view3,48,0.9899,1.84
view2,68,view3,49,0.9944,3.48
view2,68,view3,50,0.9934,4.52
view2,68,view3,51,0.9955,8.24
view2,68,view3,52,0.9856,8.52
view2,68,view3,54,0.989,10.08
view2,68,view3,55,0.9959,10.88
view2,68,view3,56,0.9851,16.52
view2,68,view3,57,0.9865,20.6
view2,68,view3,58,0.9873,21.68
view2,68,view3,59,0.9898,23.24
view2,68,view3,61,0.9911,27.44
view2,68,view3,62,0.9913,29.28
view2,68,view3,64,0.99,35.44
view2,68,view3,65,0.9869,35.92
view2,68,view3,66,0.994,38.0
view2,68,view3,67,0.9936,41.76
view2,68,view3,68,0.9933,42.88
view2,69,view3,1,0.9897,82.2
view2,69,view3,2,0.9833,105.52
view2,69,view3,3,0.9904,81.6
view2,69,view3,4,0.9921,90.32
view2,69,view3,6,0.9909,85.24
view2,69,view3,7,0.9844,82.92
view2,69,view3,8,0.9869,73.48
view2,69,view3,9,0.9882,76.84
view2,69,view3,11,0.9897,55.2
view2,69,view3,12,0.9889,56.96
view2,69,view3,13,0.9805,71.72
view2,69,view3,14,0.9859,47.28
view2,69,view3,15,0.9889,60.64
view2,69,view3,16,0.9938,44.32
view2,69,view3,17,0.9903,51.44
view2,69,view3,18,0.9853,56.92
view2,69,view3,19,0.9839,25.68
view2,69,view3,20,0.99,47.8
view2,69,view3,21,0.9871,48.16
view2,69,view3,22,0.9817,38.68
view2,69,view3,23,0.9868,31.96
view2,69,view3,24,0.9934,34.88
view2,69,view3,25,0.9909,39.4
view2,69,view3,27,0.9907,12.68
view2,69,view3,28,0.9856,35.2
view2,69,view3,29,0.9884,19.96
view2,69,view3,30,0.9937,30.0
view2,69,view3,31,0.986,3.32
view2,69,view3,32,0.99,25.84
view2,69,view3,33,0.9866,18.92
view2,69,view3,34,0.9859,14.48
view2,69,view3,36,0.9852,10.32
view2,69,view3,37,0.9833,12.44
view2,69,view3,38,0.989,9.44
view2,69,view3,39,0.9906,1.44
view2,69,view3,40,0.9836,8.12
view2,69,view3,42,0.9814,0.0
view2,69,view3,43,0.9901,0.0
view2,69,view3,45,0.9881,0.0
view2,69,view3,46,0.9894,1.96
view2,69,view3,47,0.9925,0.0
view2,69,view3,48,0.9875,0.0
view2,69,view3,49,0.9912,0.12
view2,69,view3,50,0.9918,1.16
view2,69,view3,51,0.9923,4.88
view2,69,view3,52,0.9844,5.16
view2,69,view3,54,0.987,6.72
view2,69,view3,55,0.9941,7.52
view2,69,view3,56,0.9831,13.16
view2,69,view3,57,0.9845,17.24
view2,69,view3,58,0.9892,18.32
view2,69,view3,59,0.9878,19.88
view2,69,view3,61,0.989,24.08
view2,69,view3,62,0.9874,25.92
view2,69,view3,64,0.9876,32.08
view2,69,view3,65,0.9848,32.56
view2,69,view3,66,0.9932,34.64
view2,69,view3,67,0.9897,38.4
view2,69,view3,68,0.9922,39.52
view2,70,view3,1,0.9963,82.8
view2,70,view3,2,0.9932,106.12
view2,70,view3,3,0.9977,82.2
view2,70,view3,4,0.9983,90.92
view2,70,view3,6,0.9974,85.84
view2,70,view3,7,0.9955,83.52
view2,70,view3,8,0.9968,74.08
view2,70,view3,9,0.9971,77.44
view2,70,view3,11,0.997,55.8
view2,70,view3,12,0.9969,57.56
view2,70,view3,13,0.9931,72.32
view2,70,view3,14,0.9961,47.88
view2,70,view3,15,0.9966,61.24
view2,70,view3,16,0.9986,44.92
view2,70,view3,17,0.9978,52.04
view2,70,view3,18,0.9951,57.52
view2,70,view3,19,0.9937,26.28
view2,70,view3,20,0.9962,48.4
view2,70,view3,21,0.9968,48.76
view2,70,view3,22,0.9936,39.28
view2,70,view3,23,0.9953,32.56
view2,70,view3,24,0.9984,35.48
view2,70,view3,25,0.9982,40.0
view2,70,view3,27,0.998,13.28
view2,70,view3,28,0.9957,35.8
view2,70,view3,29,0.9973,20.56
view2,70,view3,30,0.9987,30.6
view2,70,view3,31,0.9954,3.92
view2,70,view3,32,0.9975,26.44
view2,70,view3,33,0.9919,19.52
view2,70,view3,34,0.9956,15.08
view2,70,view3,36,0.9945,10.92
view2,70,view3,37,0.9935,13.04
view2,70,view3,38,0.9968,10.04
view2,70,view3,39,0.998,2.04
view2,70,view3,40,0.9937,8.72
view2,70,view3,42,0.9927,0.4
view2,70,view3,43,0.9981,0.0
view2,70,view3,45,0.9966,0.0
view2,70,view3,46,0.9963,2.56
view2,70,view3,47,0.9983,0.6
view2,70,view3,48,0.9962,0.0
view2,70,view3,49,0.9985,0.12
view2,70,view3,50,0.9978,1.16
view2,70,view3,51,0.9981,4.88
view2,70,view3,52,0.9945,5.16
view2,70,view3,54,0.9961,6.72
view2,70,view3,55,0.997,7.52
view2,70,view3,56,0.9935,13.16
view2,70,view3,57,0.9946,17.24
view2,70,view3,58,0.9965,18.32
view2,70,view3,59,0.9963,19.88
view2,70,view3,61,0.9972,24.08
view2,70,view3,62,0.9969,25.92
view2,70,view3,64,0.9969,32.08
view2,70,view3,65,0.9945,32.56
view2,70,view3,66,0.998,34.64
view2,70,view3,67,0.9975,38.4
view2,70,view3,68,0.998,39.52
view2,71,view3,1,0.9961,83.08
view2,71,view3,2,0.9936,106.4
view2,71,view3,3,0.9954,82.48
view2,71,view3,4,0.9954,91.2
view2,71,view3,6,0.9957,86.12
view2,71,view3,7,0.9934,83.8
view2,71,view3,8,0.9932,74.36
view2,71,view3,9,0.9946,77.72
view2,71,view3,11,0.9968,56.08
view2,71,view3,12,0.9966,57.84
view2,71,view3,13,0.9909,72.6
view2,71,view3,14,0.9942,48.16
view2,71,view3,15,0.9958,61.52
view2,71,view3,16,0.9941,45.2
view2,71,view3,17,0.9952,52.32
view2,71,view3,18,0.9943,57.8
view2,71,view3,19,0.9942,26.56
view2,71,view3,20,0.9961,48.68
view2,71,view3,21,0.9936,49.04
view2,71,view3,22,0.9923,39.56
view2,71,view3,23,0.9967,32.84
view2,71,view3,24,0.9948,35.76
view2,71,view3,25,0.9937,40.28
view2,71,view3,27,0.9954,13.56
view2,71,view3,28,0.9941,36.08
view2,71,view3,29,0.9943,20.84
view2,71,view3,30,0.996,30.88
view2,71,view3,31,0.9945,4.2
view2,71,view3,32,0.9944,26.72
view2,71,view3,33,0.9928,19.8
view2,71,view3,34,0.9944,15.36
view2,71,view3,36,0.994,11.2
view2,71,view3,37,0.9936,13.32
view2,71,view3,38,0.9938,10.32
view2,71,view3,39,0.9954,2.32
view2,71,view3,40,0.9929,9.0
view2,71,view3,42,0.9902,0.68
view2,71,view3,43,0.9939,0.0
view2,71,view3,45,0.9953,0.0
view2,71,view3,46,0.9917,2.84
view2,71,view3,47,0.9925,0.88
view2,71,view3,48,0.9936,0.0
view2,71,view3,49,0.9951,0.0
view2,71,view3,50,0.9962,1.0
view2,71,view3,51,0.9944,4.72
view2,71,view3,52,0.9949,5.0
view2,71,view3,54,0.9953,6.56
view2,71,view3,55,0.9946,7.36
view2,71,view3,56,0.9936,13.0
view2,71,view3,57,0.995,17.08
view2,71,view3,58,0.9962,18.16
view2,71,view3,59,0.9942,19.72
view2,71,view3,61,0.9955,23.92
view2,71,view3,62,0.9937,25.76
view2,71,view3,64,0.9952,31.92
view2,71,view3,65,0.994,32.4
view2,71,view3,66,0.9945,34.48
view2,71,view3,67,0.9944,38.24
view2,71,view3,68,0.9951,39.36
view2,72,view3,1,0.9971,84.64
view2,72,view3,2,0.994,107.96
view2,72,view3,3,0.9982,84.04
view2,72,view3,4,0.9985,92.76
view2,72,view3,6,0.9975,87.68
view2,72,view3,7,0.9958,85.36
view2,72,view3,8,0.9968,75.92
view2,72,view3,9,0.9977,79.28
view2,72,view3,11,0.9973,57.64
view2,72,view3,12,0.9973,59.4
view2,72,view3,13,0.9931,74.16
view2,72,view3,14,0.9964,49.72
view2,72,view3,15,0.9969,63.08
view2,72,view3,16,0.9986,46.76
view2,72,view3,17,0.9983,53.88
view2,72,view3,18,0.9957,59.36
view2,72,view3,19,0.9944,28.12
view2,72,view3,20,0.9967,50.24
view2,72,view3,21,0.9971,50.6
view2,72,view3,22,0.9937,41.12
view2,72,view3,23,0.9954,34.4
view2,72,view3,24,0.9985,37.32
view2,72,view3,25,0.9985,41.84
view2,72,view3,27,0.9982,15.12
view2,72,view3,28,0.9961,37.64
view2,72,view3,29,0.9977,22.4
view2,72,view3,30,0.9986,32.44
view2,72,view3,31,0.9959,5.76
view2,72,view3,32,0.9981,28.28
view2,72,view3,33,0.9932,21.36
view2,72,view3,34,0.9959,16.92
view2,72,view3,36,0.995,12.76
view2,72,view3,37,0.9943,14.88
view2,72,view3,38,0.997,11.88
view2,72,view3,39,0.9984,3.88
view2,72,view3,40,0.9944,10.56
view2,72,view3,42,0.9932,2.24
view2,72,view3,43,0.9984,0.08
view2,72,view3,45,0.9968,0.0
view2,72,view3,46,0.9968,4.4
view2,72,view3,47,0.9988,2.44
view2,72,view3,48,0.9963,0.0
view2,72,view3,49,0.9989,0.0
view2,72,view3,50,0.998,0.0
view2,72,view3,51,0.9988,2.84
view2,72,view3,52,0.9947,3.12
view2,72,view3,54,0.9966,4.68
view2,72,view3,55,0.9975,5.48
view2,72,view3,56,0.9941,11.12
view2,72,view3,57,0.9951,15.2
view2,72,view3,58,0.9956,16.28
view2,72,view3,59,0.9963,17.84
view2,72,view3,61,0.9977,22.04
view2,72,view3,62,0.9974,23.88
view2,72,view3,64,0.9973,30.04
view2,72,view3,65,0.9949,30.52
view2,72,view3,66,0.9986,32.6
view2,72,view3,67,0.9982,36.36
view2,72,view3,68,0.9984,37.48
view2,73,view3,1,0.9958,84.68
view2,73,view3,2,0.991,108.0
view2,73,view3,3,0.995,84.08
view2,73,view3,4,0.9972,92.8
view2,73,view3,6,0.9963,87.72
view2,73,view3,7,0.9921,85.4
view2,73,view3,8,0.994,75.96
view2,73,view3,9,0.9949,79.32
view2,73,view3,11,0.9958,57.68
view2,73,view3,12,0.9951,59.44
view2,73,view3,13,0.9905,74.2
view2,73,view3,14,0.994,49.76
view2,73,view3,15,0.9956,63.12
view2,73,view3,16,0.9962,46.8
view2,73,view3,17,0.9961,53.92
view2,73,view3,18,0.9935,59.4
view2,73,view3,19,0.9914,28.16
view2,73,view3,20,0.9959,50.28
view2,73,view3,21,0.995,50.64
view2,73,view3,22,0.991,41.16
view2,73,view3,23,0.9936,34.44
view2,73,view3,24,0.9973,37.36
view2,73,view3,25,0.9962,41.88
view2,73,view3,27,0.9969,15.16
view2,73,view3,28,0.993,37.68
view2,73,view3,29,0.9944,22.44
view2,73,view3,30,0.9961,32.48
view2,73,view3,31,0.9942,5.8
view2,73,view3,32,0.9958,28.32
view2,73,view3,33,0.9894,21.4
view2,73,view3,34,0.9939,16.96
view2,73,view3,36,0.9933,12.8
view2,73,view3,37,0.9912,14.92
view2,73,view3,38,0.9954,11.92
view2,73,view3,39,0.9968,3.92
view2,73,view3,40,0.9919,10.6
view2,73,view3,42,0.9909,2.28
view2,73,view3,43,0.9956,0.12
view2,73,view3,45,0.9938,0.0
view2,73,view3,46,0.9953,4.44
view2,73,view3,47,0.9963,2.48
view2,73,view3,48,0.9948,0.0
view2,73,view3,49,0.9958,0.0
view2,73,view3,50,0.9952,0.0
view2,73,view3,51,0.9955,3.28
view2,73,view3,52,0.9922,3.56
view2,73,view3,54,0.9944,5.12
view2,73,view3,55,0.994,5.92
view2,73,view3,56,0.9914,11.56
view2,73,view3,57,0.992,15.64
view2,73,view3,58,0.9952,16.72
view2,73,view3,59,0.9946,18.28
view2,73,view3,61,0.9952,22.48
view2,73,view3,62,0.9944,24.32
view2,73,view3,64,0.9945,30.48
view2,73,view3,65,0.9924,30.96
view2,73,view3,66,0.998,33.04
view2,73,view3,67,0.9945,36.8
view2,73,view3,68,0.9975,37.92
view2,74,view3,1,0.9971,86.08
view2,74,view3,2,0.9964,109.4
view2,74,view3,3,0.9992,85.48
view2,74,view3,4,0.9991,94.2
view2,74,view3,6,0.9983,89.12
view2,74,view3,7,0.998,86.8
view2,74,view3,8,0.9991,77.36
view2,74,view3,9,0.9985,80.72
view2,74,view3,11,0.9981,59.08
view2,74,view3,12,0.9977,60.84
view2,74,view3,13,0.9962,75.6
view2,74,view3,14,0.9985,51.16
view2,74,view3,15,0.9983,64.52
view2,74,view3,16,0.9988,48.2
view2,74,view3,17,0.9995,55.32
view2,74,view3,18,0.9976,60.8
view2,74,view3,19,0.9966,29.56
view2,74,view3,20,0.9979,51.68
view2,74,view3,21,0.9987,52.04
view2,74,view3,22,0.9973,42.56
view2,74,view3,23,0.9965,35.84
view2,74,view3,24,0.9983,38.76
view2,74,view3,25,0.9982,43.28
view2,74,view3,27,0.9992,16.56
view2,74,view3,28,0.9971,39.08
view2,74,view3,29,0.9992,23.84
view2,74,view3,30,0.9988,33.88
view2,74,view3,31,0.9984,7.2
view2,74,view3,32,0.9989,29.72
view2,74,view3,33,0.9926,22.8
view2,74,view3,34,0.9982,18.36
view2,74,view3,36,0.9978,14.2
view2,74,view3,37,0.997,16.32
view2,74,view3,38,0.9992,13.32
view2,74,view3,39,0.9992,5.32
view2,74,view3,40,0.9976,12.0
view2,74,view3,42,0.9971,3.68
view2,74,view3,43,0.9995,1.52
view2,74,view3,45,0.9985,0.08
view2,74,view3,46,0.9987,5.84
view2,74,view3,47,0.999,3.88
view2,74,view3,48,0.9988,0.0
view2,74,view3,49,0.999,0.0
view2,74,view3,50,0.9987,0.0
view2,74,view3,51,0.9994,0.08
view2,74,view3,52,0.9967,0.36
view2,74,view3,54,0.9984,1.92
view2,74,view3,55,0.9975,2.72
view2,74,view3,56,0.9969,8.36
view2,74,view3,57,0.9973,12.44
view2,74,view3,58,0.9949,13.52
view2,74,view3,59,0.9986,15.08
view2,74,view3,61,0.9993,19.28
view2,74,view3,62,0.9986,21.12
view2,74,view3,64,0.9985,27.28
view2,74,view3,65,0.9973,27.76
view2,74,view3,66,0.9977,29.84
view2,74,view3,67,0.9986,33.6
view2,74,view3,68,0.9988,34.72
view2,75,view3,1,0.9983,86.92
view2,75,view3,2,0.9951,110.24
view2,75,view3,3,0.9979,86.32
view2,75,view3,4,0.9988,95.04
view2,75,view3,6,0.9983,89.96
view2,75,view3,7,0.9959,87.64
view2,75,view3,8,0.997,78.2
view2,75,view3,9,0.9977,81.56
view2,75,view3,11,0.9985,59.92
view2,75,view3,12,0.9981,61.68
view2,75,view3,13,0.9943,76.44
view2,75,view3,14,0.9971,52.0
view2,75,view3,15,0.9981,65.36
view2,75,view3,16,0.9977,49.04
view2,75,view3,17,0.9985,56.16
view2,75,view3,18,0.9968,61.64
view2,75,view3,19,0.9954,30.4
view2,75,view3,20,0.9983,52.52
view2,75,view3,21,0.9975,52.88
view2,75,view3,22,0.9948,43.4
view2,75,view3,23,0.9972,36.68
view2,75,view3,24,0.9983,39.6
view2,75,view3,25,0.9978,44.12
view2,75,view3,27,0.9988,17.4
view2,75,view3,28,0.9966,39.92
view2,75,view3,29,0.9974,24.68
view2,75,view3,30,0.9982,34.72
view2,75,view3,31,0.9973,8.04
view2,75,view3,32,0.9981,30.56
view2,75,view3,33,0.9931,23.64
view2,75,view3,34,0.9971,19.2
view2,75,view3,36,0.9966,15.04
view2,75,view3,37,0.9953,17.16
view2,75,view3,38,0.9975,14.16
view2,75,view3,39,0.9987,6.16
view2,75,view3,40,0.9956,12.84
view2,75,view3,42,0.9941,4.52
view2,75,view3,43,0.9978,2.36
view2,75,view3,45,0.9973,0.92
view2,75,view3,46,0.9966,6.68
view2,75,view3,47,0.9975,4.72
view2,75,view3,48,0.9971,0.0
view2,75,view3,49,0.9981,0.0
view2,75,view3,50,0.998,0.0
view2,75,view3,51,0.9978,0.0
view2,75,view3,52,0.9962,0.0
view2,75,view3,54,0.9976,0.0
view2,75,view3,55,0.9964,0.0
view2,75,view3,56,0.9953,0.0
view2,75,view3,57,0.9961,0.0
view2,75,view3,58,0.9969,0.0
view2,75,view3,59,0.9971,0.0
view2,75,view3,61,0.9981,0.0
view2,75,view3,62,0.9972,0.0
view2,75,view3,64,0.9978,3.24
view2,75,view3,65,0.9963,3.72
view2,75,view3,66,0.9986,5.8
view2,75,view3,67,0.9974,9.56
view2,75,view3,68,0.9988,10.68
view2,76,view3,1,0.995,89.92
view2,76,view3,2,0.9934,113.24
view2,76,view3,3,0.9982,89.32
view2,76,view3,4,0.9981,98.04
view2,76,view3,6,0.9972,92.96
view2,76,view3,7,0.9963,90.64
view2,76,view3,8,0.9983,81.2
view2,76,view3,9,0.9973,84.56
view2,76,view3,11,0.9964,62.92
view2,76,view3,12,0.9955,64.68
view2,76,view3,13,0.9949,79.44
view2,76,view3,14,0.9968,55.0
view2,76,view3,15,0.9966,68.36
view2,76,view3,16,0.9989,52.04
view2,76,view3,17,0.9986,59.16
view2,76,view3,18,0.9956,64.64
view2,76,view3,19,0.9936,33.4
view2,76,view3,20,0.9963,55.52
view2,76,view3,21,0.9977,55.88
view2,76,view3,22,0.9951,46.4
view2,76,view3,23,0.9943,39.68
view2,76,view3,24,0.9973,42.6
view2,76,view3,25,0.9979,47.12
view2,76,view3,27,0.9981,20.4
view2,76,view3,28,0.9962,42.92
view2,76,view3,29,0.9984,27.68
view2,76,view3,30,0.9982,37.72
view2,76,view3,31,0.9965,11.04
view2,76,view3,32,0.9984,33.56
view2,76,view3,33,0.9902,26.64
view2,76,view3,34,0.9967,22.2
view2,76,view3,36,0.9959,18.04
view2,76,view3,37,0.9941,20.16
view2,76,view3,38,0.9978,17.16
view2,76,view3,39,0.9981,9.16
view2,76,view3,40,0.9957,15.84
view2,76,view3,42,0.996,7.52
view2,76,view3,43,0.999,5.36
view2,76,view3,45,0.9965,3.92
view2,76,view3,46,0.9981,9.68
view2,76,view3,47,0.9992,7.72
view2,76,view3,48,0.9973,0.0
view2,76,view3,49,0.9985,2.56
view2,76,view3,50,0.9977,0.0
view2,76,view3,51,0.9993,0.0
view2,76,view3,52,0.994,0.0
view2,76,view3,54,0.9968,0.0
view2,76,view3,55,0.9973,0.0
view2,76,view3,56,0.9939,4.12
view2,76,view3,57,0.9947,8.2
view2,76,view3,58,0.9934,9.28
view2,76,view3,59,0.9972,10.84
view2,76,view3,61,0.998,15.04
view2,76,view3,62,0.9975,16.88
view2,76,view3,64,0.9971,23.04
view2,76,view3,65,0.9955,23.52
view2,76,view3,66,0.9968,25.6
view2,76,view3,67,0.9985,29.36
view2,76,view3,68,0.9979,30.48
view2,77,view3,1,0.9944,91.76
view2,77,view3,2,0.9891,115.08
view2,77,view3,3,0.9936,91.16
view2,77,view3,4,0.9949,99.88
view2,77,view3,6,0.9935,94.8
view2,77,view3,7,0.9899,92.48
view2,77,view3,8,0.992,83.04
view2,77,view3,9,0.9938,86.4
view2,77,view3,11,0.9934,64.76
view2,77,view3,12,0.9932,66.52
view2,77,view3,13,0.9874,81.28
view2,77,view3,14,0.9918,56.84
view2,77,view3,15,0.9929,70.2
view2,77,view3,16,0.9948,53.88
view2,77,view3,17,0.9946,61.0
view2,77,view3,18,0.9918,66.48
view2,77,view3,19,0.9895,35.24
view2,77,view3,20,0.9941,57.36
view2,77,view3,21,0.9929,57.72
view2,77,view3,22,0.988,48.24
view2,77,view3,23,0.9907,41.52
view2,77,view3,24,0.995,44.44
view2,77,view3,25,0.9946,48.96
view2,77,view3,27,0.9946,22.24
view2,77,view3,28,0.9909,44.76
view2,77,view3,29,0.9926,29.52
view2,77,view3,30,0.9935,39.56
view2,77,view3,31,0.9919,12.88
view2,77,view3,32,0.9942,35.4
view2,77,view3,33,0.9886,28.48
view2,77,view3,34,0.9914,24.04
view2,77,view3,36,0.991,19.88
view2,77,view3,37,0.9893,22.0
view2,77,view3,38,0.9928,19.0
view2,77,view3,39,0.9947,11.0
view2,77,view3,40,0.9896,17.68
view2,77,view3,42,0.988,9.36
view2,77,view3,43,0.9941,7.2
view2,77,view3,45,0.9918,5.76
view2,77,view3,46,0.9937,11.52
view2,77,view3,47,0.9954,9.56
view2,77,view3,48,0.9918,0.0
view2,77,view3,49,0.9941,4.4
view2,77,view3,50,0.9935,0.0
view2,77,view3,51,0.9944,0.0
view2,77,view3,52,0.9898,1.8
view2,77,view3,54,0.9924,0.0
view2,77,view3,55,0.9928,0.0
view2,77,view3,56,0.9893,4.0
view2,77,view3,57,0.9896,8.08
view2,77,view3,58,0.9917,9.16
view2,77,view3,59,0.9916,10.72
view2,77,view3,61,0.9931,14.92
view2,77,view3,62,0.9929,16.76
view2,77,view3,64,0.9927,22.92
view2,77,view3,65,0.9901,23.4
view2,77,view3,66,0.9964,25.48
view2,77,view3,67,0.9933,29.24
view2,77,view3,68,0.9953,30.36
view2,78,view3,1,0.9953,93.8
view2,78,view3,2,0.9916,117.12
view2,78,view3,3,0.9968,93.2
view2,78,view3,4,0.9978,101.92
view2,78,view3,6,0.9964,96.84
view2,78,view3,7,0.9936,94.52
view2,78,view3,8,0.9952,85.08
view2,78,view3,9,0.9959,88.44
view2,78,view3,11,0.9955,66.8
view2,78,view3,12,0.9954,68.56
view2,78,view3,13,0.9902,83.32
view2,78,view3,14,0.9943,58.88
view2,78,view3,15,0.9953,72.24
view2,78,view3,16,0.9987,55.92
view2,78,view3,17,0.9969,63.04
view2,78,view3,18,0.9934,68.52
view2,78,view3,19,0.9921,37.28
view2,78,view3,20,0.9952,59.4
view2,78,view3,21,0.9951,59.76
view2,78,view3,22,0.9912,50.28
view2,78,view3,23,0.9928,43.56
view2,78,view3,24,0.9985,46.48
view2,78,view3,25,0.9973,51.0
view2,78,view3,27,0.9969,24.28
view2,78,view3,28,0.9936,46.8
view2,78,view3,29,0.996,31.56
view2,78,view3,30,0.9979,41.6
view2,78,view3,31,0.9937,14.92
view2,78,view3,32,0.9966,37.44
view2,78,view3,33,0.9919,30.52
view2,78,view3,34,0.9936,26.08
view2,78,view3,36,0.9927,21.92
view2,78,view3,37,0.9919,24.04
view2,78,view3,38,0.9961,21.04
view2,78,view3,39,0.9972,13.04
view2,78,view3,40,0.9921,19.72
view2,78,view3,42,0.9906,11.4
view2,78,view3,43,0.9972,9.24
view2,78,view3,45,0.9953,7.8
view2,78,view3,46,0.9956,13.56
view2,78,view3,47,0.9984,11.6
view2,78,view3,48,0.9949,0.0
view2,78,view3,49,0.9978,6.44
view2,78,view3,50,0.9969,0.0
view2,78,view3,51,0.9979,1.36
view2,78,view3,52,0.9922,3.84
view2,78,view3,54,0.9944,0.0
view2,78,view3,55,0.9974,0.0
view2,78,view3,56,0.9916,0.0
view2,78,view3,57,0.9928,0.0
view2,78,view3,58,0.9936,0.0
view2,78,view3,59,0.9949,0.0
view2,78,view3,61,0.9959,0.0
view2,78,view3,62,0.9957,0.0
view2,78,view3,64,0.9951,0.0
view2,78,view3,65,0.9926,0.0
view2,78,view3,66,0.9983,0.0
view2,78,view3,67,0.9967,0.0
view2,78,view3,68,0.9977,0.0
view2,79,view3,1,0.9977,94.4
view2,79,view3,2,0.9964,117.72
view2,79,view3,3,0.9991,93.8
view2,79,view3,4,0.9992,102.52
view2,79,view3,6,0.9988,97.44
view2,79,view3,7,0.9979,95.12
view2,79,view3,8,0.9986,85.68
view2,79,view3,9,0.9984,89.04
view2,79,view3,11,0.9988,67.4
view2,79,view3,12,0.9984,69.16
view2,79,view3,13,0.9963,83.92
view2,79,view3,14,0.9985,59.48
view2,79,view3,15,0.9988,72.84
view2,79,view3,16,0.9984,56.52
view2,79,view3,17,0.9993,63.64
view2,79,view3,18,0.9978,69.12
view2,79,view3,19,0.9966,37.88
view2,79,view3,20,0.9982,60.0
view2,79,view3,21,0.9987,60.36
view2,79,view3,22,0.9971,50.88
view2,79,view3,23,0.9977,44.16
view2,79,view3,24,0.9985,47.08
view2,79,view3,25,0.9983,51.6
view2,79,view3,27,0.9993,24.88
view2,79,view3,28,0.9976,47.4
view2,79,view3,29,0.999,32.16
view2,79,view3,30,0.9992,42.2
view2,79,view3,31,0.9984,15.52
view2,79,view3,32,0.9989,38.04
view2,79,view3,33,0.9934,31.12
view2,79,view3,34,0.9984,26.68
view2,79,view3,36,0.9977,22.52
view2,79,view3,37,0.9968,24.64
view2,79,view3,38,0.9988,21.64
view2,79,view3,39,0.9993,13.64
view2,79,view3,40,0.9972,20.32
view2,79,view3,42,0.9967,12.0
view2,79,view3,43,0.9991,9.84
view2,79,view3,45,0.9985,8.4
view2,79,view3,46,0.9977,14.16
view2,79,view3,47,0.9982,12.2
view2,79,view3,48,0.9986,0.0
view2,79,view3,49,0.9991,7.04
view2,79,view3,50,0.9989,0.0
view2,79,view3,51,0.9988,1.96
view2,79,view3,52,0.9972,4.44
view2,79,view3,54,0.9985,0.0
view2,79,view3,55,0.9973,0.0
view2,79,view3,56,0.9968,0.76
view2,79,view3,57,0.9976,4.84
view2,79,view3,58,0.9969,5.92
view2,79,view3,59,0.9986,7.48
view2,79,view3,61,0.9993,11.68
view2,79,view3,62,0.9984,13.52
view2,79,view3,64,0.9988,19.68
view2,79,view3,65,0.9975,20.16
view2,79,view3,66,0.998,22.24
view2,79,view3,67,0.9986,26.0
view2,79,view3,68,0.999,27.12
view2,80,view3,1,0.9967,97.12
view2,80,view3,2,0.9962,120.44
view2,80,view3,3,0.9984,96.52
view2,80,view3,4,0.9989,105.24
view2,80,view3,6,0.9982,100.16
view2,80,view3,7,0.9985,97.84
view2,80,view3,8,0.9994,88.4
view2,80,view3,9,0.998,91.76
view2,80,view3,11,0.9977,70.12
view2,80,view3,12,0.9974,71.88
view2,80,view3,13,0.9973,86.64
view2,80,view3,14,0.9991,62.2
view2,80,view3,15,0.9982,75.56
view2,80,view3,16,0.9981,59.24
view2,80,view3,17,0.9991,66.36
view2,80,view3,18,0.9974,71.84
view2,80,view3,19,0.9963,40.6
view2,80,view3,20,0.9974,62.72
view2,80,view3,21,0.999,63.08
view2,80,view3,22,0.9983,53.6
view2,80,view3,23,0.9961,46.88
view2,80,view3,24,0.998,49.8
view2,80,view3,25,0.9979,54.32
view2,80,view3,27,0.9991,27.6
view2,80,view3,28,0.9975,50.12
view2,80,view3,29,0.9992,34.88
view2,80,view3,30,0.9981,44.92
view2,80,view3,31,0.9984,18.24
view2,80,view3,32,0.9983,40.76
view2,80,view3,33,0.9914,33.84
view2,80,view3,34,0.9982,29.4
view2,80,view3,36,0.9975,25.24
view2,80,view3,37,0.9969,27.36
view2,80,view3,38,0.9994,24.36
view2,80,view3,39,0.9992,16.36
view2,80,view3,40,0.9974,23.04
view2,80,view3,42,0.9977,14.72
view2,80,view3,43,0.9992,12.56
view2,80,view3,45,0.9982,11.12
view2,80,view3,46,0.9983,16.88
view2,80,view3,47,0.9982,14.92
view2,80,view3,48,0.9992,0.0
view2,80,view3,49,0.9988,9.76
view2,80,view3,50,0.9975,0.0
view2,80,view3,51,0.9986,4.68
view2,80,view3,52,0.9966,7.16
view2,80,view3,54,0.9981,0.0
view2,80,view3,55,0.9957,0.0
view2,80,view3,56,0.9968,0.0
view2,80,view3,57,0.9976,1.64
view2,80,view3,58,0.9953,2.72
view2,80,view3,59,0.9989,4.28
view2,80,view3,61,0.999,8.48
view2,80,view3,62,0.9988,10.32
view2,80,view3,64,0.9982,16.48
view2,80,view3,65,0.997,16.96
view2,80,view3,66,0.9974,19.04
view2,80,view3,67,0.9983,22.8
view2,80,view3,68,0.9986,23.92
view2,82,view3,1,0.9981,98.72
view2,82,view3,2,0.9967,122.04
view2,82,view3,3,0.999,98.12
view2,82,view3,4,0.9991,106.84
view2,82,view3,6,0.999,101.76
view2,82,view3,7,0.9974,99.44
view2,82,view3,8,0.9981,90.0
view2,82,view3,9,0.9987,93.36
view2,82,view3,11,0.9994,71.72
view2,82,view3,12,0.9985,73.48
view2,82,view3,13,0.9958,88.24
view2,82,view3,14,0.9979,63.8
view2,82,view3,15,0.9991,77.16
view2,82,view3,16,0.998,60.84
view2,82,view3,17,0.9992,67.96
view2,82,view3,18,0.9981,73.44
view2,82,view3,19,0.997,42.2
view2,82,view3,20,0.9986,64.32
view2,82,view3,21,0.9983,64.68
view2,82,view3,22,0.9962,55.2
view2,82,view3,23,0.9985,48.48
view2,82,view3,24,0.9984,51.4
view2,82,view3,25,0.9979,55.92
view2,82,view3,27,0.9991,29.2
view2,82,view3,28,0.9976,51.72
view2,82,view3,29,0.9984,36.48
view2,82,view3,30,0.999,46.52
view2,82,view3,31,0.9985,19.84
view2,82,view3,32,0.9992,42.36
view2,82,view3,33,0.9947,35.44
view2,82,view3,34,0.9986,31.0
view2,82,view3,36,0.9982,26.84
view2,82,view3,37,0.9969,28.96
view2,82,view3,38,0.9985,25.96
view2,82,view3,39,0.9993,17.96
view2,82,view3,40,0.9978,24.64
view2,82,view3,42,0.9957,16.32
view2,82,view3,43,0.9985,14.16
view2,82,view3,45,0.9987,12.72
view2,82,view3,46,0.9967,18.48
view2,82,view3,47,0.9976,16.52
view2,82,view3,48,0.9981,0.96
view2,82,view3,49,0.9987,11.36
view2,82,view3,50,0.9992,0.0
view2,82,view3,51,0.9986,6.28
view2,82,view3,52,0.9975,8.76
view2,82,view3,54,0.9988,0.0
view2,82,view3,55,0.9974,0.0
view2,82,view3,56,0.9969,0.0
view2,82,view3,57,0.9975,0.0
view2,82,view3,58,0.996,0.4
view2,82,view3,59,0.9984,1.96
view2,82,view3,61,0.9993,6.16
view2,82,view3,62,0.9979,8.0
view2,82,view3,64,0.9989,14.16
view2,82,view3,65,0.9984,14.64
view2,82,view3,66,0.9981,16.72
view2,82,view3,67,0.9984,20.48
view2,82,view3,68,0.999,21.6
view2,83,view3,1,0.9985,100.04
view2,83,view3,2,0.9969,123.36
view2,83,view3,3,0.9994,99.44
view2,83,view3,4,0.9994,108.16
view2,83,view3,6,0.9988,103.08
view2,83,view3,7,0.9979,100.76
view2,83,view3,8,0.9985,91.32
view2,83,view3,9,0.9991,94.68
view2,83,view3,11,0.999,73.04
view2,83,view3,12,0.999,74.8
view2,83,view3,13,0.9958,89.56
view2,83,view3,14,0.9984,65.12
view2,83,view3,15,0.9988,78.48
view2,83,view3,16,0.9987,62.16
view2,83,view3,17,0.9995,69.28
view2,83,view3,18,0.9981,74.76
view2,83,view3,19,0.9972,43.52
view2,83,view3,20,0.9984,65.64
view2,83,view3,21,0.9987,66.0
view2,83,view3,22,0.9966,56.52
view2,83,view3,23,0.9978,49.8
view2,83,view3,24,0.999,52.72
view2,83,view3,25,0.9988,57.24
view2,83,view3,27,0.9994,30.52
view2,83,view3,28,0.9977,53.04
view2,83,view3,29,0.999,37.8
view2,83,view3,30,0.9992,47.84
view2,83,view3,31,0.9984,21.16
view2,83,view3,32,0.9993,43.68
view2,83,view3,33,0.9947,36.76
view2,83,view3,34,0.9983,32.32
view2,83,view3,36,0.9977,28.16
view2,83,view3,37,0.9971,30.28
view2,83,view3,38,0.9988,27.28
view2,83,view3,39,0.9996,19.28
view2,83,view3,40,0.9973,25.96
view2,83,view3,42,0.9958,17.64
view2,83,view3,43,0.9993,15.48
view2,83,view3,45,0.9989,14.04
view2,83,view3,46,0.9976,19.8
view2,83,view3,47,0.9987,17.84
view2,83,view3,48,0.9983,2.28
view2,83,view3,49,0.9994,12.68
view2,83,view3,50,0.9991,0.0
view2,83,view3,51,0.9991,7.6
view2,83,view3,52,0.9976,10.08
view2,83,view3,54,0.9987,0.6
view2,83,view3,55,0.9975,0.0
view2,83,view3,56,0.9971,0.0
view2,83,view3,57,0.9977,0.0
view2,83,view3,58,0.9966,0.0
view2,83,view3,59,0.9983,0.0
view2,83,view3,61,0.9993,0.0
view2,83,view3,62,0.9987,0.0
view2,83,view3,64,0.999,0.0
view2,83,view3,65,0.9977,0.0
view2,83,view3,66,0.9988,0.0
view2,83,view3,67,0.9988,0.0
view2,83,view3,68,0.9992,0.0
view2,84,view3,1,0.9979,100.16
view2,84,view3,2,0.9974,123.48
view2,84,view3,3,0.9996,99.56
view2,84,view3,4,0.999,108.28
view2,84,view3,6,0.9984,103.2
view2,84,view3,7,0.9982,100.88
view2,84,view3,8,0.999,91.44
view2,84,view3,9,0.9988,94.8
view2,84,view3,11,0.9987,73.16
view2,84,view3,12,0.9984,74.92
view2,84,view3,13,0.9966,89.68
view2,84,view3,14,0.9987,65.24
view2,84,view3,15,0.9986,78.6
view2,84,view3,16,0.9984,62.28
view2,84,view3,17,0.9996,69.4
view2,84,view3,18,0.9982,74.88
view2,84,view3,19,0.9975,43.64
view2,84,view3,20,0.9984,65.76
view2,84,view3,21,0.9987,66.12
view2,84,view3,22,0.9975,56.64
view2,84,view3,23,0.9976,49.92
view2,84,view3,24,0.998,52.84
view2,84,view3,25,0.9981,57.36
view2,84,view3,27,0.9992,30.64
view2,84,view3,28,0.9977,53.16
view2,84,view3,29,0.9993,37.92
view2,84,view3,30,0.9989,47.96
view2,84,view3,31,0.9989,21.28
view2,84,view3,32,0.9992,43.8
view2,84,view3,33,0.994,36.88
view2,84,view3,34,0.9987,32.44
view2,84,view3,36,0.9983,28.28
view2,84,view3,37,0.9977,30.4
view2,84,view3,38,0.999,27.4
view2,84,view3,39,0.9993,19.4
view2,84,view3,40,0.9982,26.08
view2,84,view3,42,0.9971,17.76
view2,84,view3,43,0.9994,15.6
view2,84,view3,45,0.999,14.16
view2,84,view3,46,0.9981,19.92
view2,84,view3,47,0.9985,17.96
view2,84,view3,48,0.9987,2.4
view2,84,view3,49,0.999,12.8
view2,84,view3,50,0.9991,0.0
view2,84,view3,51,0.9992,7.72
view2,84,view3,52,0.9976,10.2
view2,84,view3,54,0.9988,0.72
view2,84,view3,55,0.9976,0.0
view2,84,view3,56,0.9976,0.0
view2,84,view3,57,0.9981,0.0
view2,84,view3,58,0.9953,0.0
view2,84,view3,59,0.9986,0.0
view2,84,view3,61,0.9996,3.44
view2,84,view3,62,0.9986,5.28
view2,84,view3,64,0.9991,11.44
view2,84,view3,65,0.9982,11.92
view2,84,view3,66,0.9975,14.0
view2,84,view3,67,0.9988,17.76
view2,84,view3,68,0.9986,18.88
view2,85,view3,1,0.9911,102.16
view2,85,view3,2,0.9896,125.48
view2,85,view3,3,0.9961,101.56
view2,85,view3,4,0.9957,110.28
view2,85,view3,6,0.9943,105.2
view2,85,view3,7,0.9924,102.88
view2,85,view3,8,0.9949,93.44
view2,85,view3,9,0.9935,96.8
view2,85,view3,11,0.993,75.16
view2,85,view3,12,0.9918,76.92
view2,85,view3,13,0.9896,91.68
view2,85,view3,14,0.9929,67.24
view2,85,view3,15,0.9932,80.6
view2,85,view3,16,0.9982,64.28
view2,85,view3,17,0.996,71.4
view2,85,view3,18,0.9914,76.88
view2,85,view3,19,0.9898,45.64
view2,85,view3,20,0.9931,67.76
view2,85,view3,21,0.9937,68.12
view2,85,view3,22,0.991,58.64
view2,85,view3,23,0.9903,51.92
view2,85,view3,24,0.9955,54.84
view2,85,view3,25,0.995,59.36
view2,85,view3,27,0.9951,32.64
view2,85,view3,28,0.9914,55.16
view2,85,view3,29,0.9954,39.92
view2,85,view3,30,0.997,49.96
view2,85,view3,31,0.9926,23.28
view2,85,view3,32,0.9956,45.8
view2,85,view3,33,0.9877,38.88
view2,85,view3,34,0.9926,34.44
view2,85,view3,36,0.9921,30.28
view2,85,view3,37,0.9903,32.4
view2,85,view3,38,0.9951,29.4
view2,85,view3,39,0.9949,21.4
view2,85,view3,40,0.9918,28.08
view2,85,view3,42,0.9923,19.76
view2,85,view3,43,0.9966,17.6
view2,85,view3,45,0.9937,16.16
view2,85,view3,46,0.9965,21.92
view2,85,view3,47,0.9978,19.96
view2,85,view3,48,0.9942,4.4
view2,85,view3,49,0.996,14.8
view2,85,view3,50,0.9961,0.0
view2,85,view3,51,0.9979,9.72
view2,85,view3,52,0.9896,12.2
view2,85,view3,54,0.9928,2.72
view2,85,view3,55,0.9977,0.0
view2,85,view3,56,0.99,0.0
view2,85,view3,57,0.9909,0.0
view2,85,view3,58,0.9898,0.48
view2,85,view3,59,0.9943,0.12
view2,85,view3,61,0.9952,4.32
view2,85,view3,62,0.9939,6.16
view2,85,view3,64,0.9933,12.32
view2,85,view3,65,0.9914,12.8
view2,85,view3,66,0.994,14.88
view2,85,view3,67,0.9957,18.64
view2,85,view3,68,0.9953,19.76
view2,86,view3,1,0.9967,105.28
view2,86,view3,2,0.993,128.6
view2,86,view3,3,0.9959,104.68
view2,86,view3,4,0.9968,113.4
view2,86,view3,6,0.9971,108.32
view2,86,view3,7,0.9928,106.0
view2,86,view3,8,0.9938,96.56
view2,86,view3,9,0.9951,99.92
view2,86,view3,11,0.9978,78.28
view2,86,view3,12,0.9964,80.04
view2,86,view3,13,0.9913,94.8
view2,86,view3,14,0.9942,70.36
view2,86,view3,15,0.9969,83.72
view2,86,view3,16,0.9955,67.4
view2,86,view3,17,0.9962,74.52
view2,86,view3,18,0.9948,80.0
view2,86,view3,19,0.9936,48.76
view2,86,view3,20,0.9975,70.88
view2,86,view3,21,0.9944,71.24
view2,86,view3,22,0.992,61.76
view2,86,view3,23,0.9972,55.04
view2,86,view3,24,0.996,57.96
view2,86,view3,25,0.9946,62.48
view2,86,view3,27,0.9967,35.76
view2,86,view3,28,0.9943,58.28
view2,86,view3,29,0.9946,43.04
view2,86,view3,30,0.9971,53.08
view2,86,view3,31,0.9955,26.4
view2,86,view3,32,0.996,48.92
view2,86,view3,33,0.9924,42.0
view2,86,view3,34,0.9953,37.56
view2,86,view3,36,0.9953,33.4
view2,86,view3,37,0.9931,35.52
view2,86,view3,38,0.9949,32.52
view2,86,view3,39,0.9965,24.52
view2,86,view3,40,0.9938,31.2
view2,86,view3,42,0.9912,22.88
view2,86,view3,43,0.9947,20.72
view2,86,view3,45,0.9954,19.28
view2,86,view3,46,0.9936,25.04
view2,86,view3,47,0.9941,23.08
view2,86,view3,48,0.9946,7.52
view2,86,view3,49,0.9955,17.92
view2,86,view3,50,0.9971,0.0
view2,86,view3,51,0.9954,12.84
view2,86,view3,52,0.9947,15.32
view2,86,view3,54,0.996,5.84
view2,86,view3,55,0.9958,1.88
view2,86,view3,56,0.9932,0.28
view2,86,view3,57,0.9942,0.0
view2,86,view3,58,0.996,3.6
view2,86,view3,59,0.9952,0.0
view2,86,view3,61,0.9963,0.0
view2,86,view3,62,0.9938,0.0
view2,86,view3,64,0.9957,5.88
view2,86,view3,65,0.995,6.36
view2,86,view3,66,0.9961,8.44
view2,86,view3,67,0.9948,12.2
view2,86,view3,68,0.9967,13.32
view2,87,view3,1,0.9976,106.36
view2,87,view3,2,0.9952,129.68
view2,87,view3,3,0.9989,105.76
view2,87,view3,4,0.9993,114.48
view2,87,view3,6,0.9987,109.4
view2,87,view3,7,0.9967,107.08
view2,87,view3,8,0.9979,97.64
view2,87,view3,9,0.9983,101.0
view2,87,view3,11,0.9986,79.36
view2,87,view3,12,0.9978,81.12
view2,87,view3,13,0.9948,95.88
view2,87,view3,14,0.9973,71.44
view2,87,view3,15,0.9983,84.8
view2,87,view3,16,0.9989,68.48
view2,87,view3,17,0.9992,75.6
view2,87,view3,18,0.997,81.08
view2,87,view3,19,0.9956,49.84
view2,87,view3,20,0.9983,71.96
view2,87,view3,21,0.998,72.32
view2,87,view3,22,0.9953,62.84
view2,87,view3,23,0.997,56.12
view2,87,view3,24,0.9988,59.04
view2,87,view3,25,0.9984,63.56
view2,87,view3,27,0.9991,36.84
view2,87,view3,28,0.997,59.36
view2,87,view3,29,0.9984,44.12
view2,87,view3,30,0.9992,54.16
view2,87,view3,31,0.9976,27.48
view2,87,view3,32,0.999,50.0
view2,87,view3,33,0.9934,43.08
view2,87,view3,34,0.9977,38.64
view2,87,view3,36,0.9971,34.48
view2,87,view3,37,0.9956,36.6
view2,87,view3,38,0.9983,33.6
view2,87,view3,39,0.9992,25.6
view2,87,view3,40,0.9966,32.28
view2,87,view3,42,0.995,23.96
view2,87,view3,43,0.9989,21.8
view2,87,view3,45,0.9978,20.36
view2,87,view3,46,0.9974,26.12
view2,87,view3,47,0.9988,24.16
view2,87,view3,48,0.9978,8.6
view2,87,view3,49,0.9991,19.0
view2,87,view3,50,0.9991,0.0
view2,87,view3,51,0.9992,13.92
view2,87,view3,52,0.9961,16.4
view2,87,view3,54,0.9981,6.92
view2,87,view3,55,0.9982,2.96
view2,87,view3,56,0.9955,1.36
view2,87,view3,57,0.9963,0.0
view2,87,view3,58,0.9957,4.68
view2,87,view3,59,0.9979,0.0
view2,87,view3,61,0.9988,0.0
view2,87,view3,62,0.9978,0.0
view2,87,view3,64,0.9982,0.0
view2,87,view3,65,0.997,0.0
view2,87,view3,66,0.9987,0.0
view2,87,view3,67,0.9986,0.0
view2,87,view3,68,0.9991,0.0
view2,88,view3,1,0.9991,106.88
view2,88,view3,2,0.9971,130.2
view2,88,view3,3,0.9981,106.28
view2,88,view3,4,0.9976,115.0
view2,88,view3,6,0.9973,109.92
view2,88,view3,7,0.996,107.6
view2,88,view3,8,0.9958,98.16
view2,88,view3,9,0.9979,101.52
view2,88,view3,11,0.9986,79.88
view2,88,view3,12,0.9988,81.64
view2,88,view3,13,0.9933,96.4
view2,88,view3,14,0.9967,71.96
view2,88,view3,15,0.9979,85.32
view2,88,view3,16,0.9961,69.0
view2,88,view3,17,0.9979,76.12
view2,88,view3,18,0.9977,81.6
view2,88,view3,19,0.9975,50.36
view2,88,view3,20,0.9982,72.48
view2,88,view3,21,0.9964,72.84
view2,88,view3,22,0.9946,63.36
view2,88,view3,23,0.9982,56.64
view2,88,view3,24,0.9971,59.56
view2,88,view3,25,0.9961,64.08
view2,88,view3,27,0.9977,37.36
view2,88,view3,28,0.9964,59.88
view2,88,view3,29,0.9967,44.64
view2,88,view3,30,0.9973,54.68
view2,88,view3,31,0.9974,28.0
view2,88,view3,32,0.9976,50.52
view2,88,view3,33,0.9965,43.6
view2,88,view3,34,0.997,39.16
view2,88,view3,36,0.9969,35.0
view2,88,view3,37,0.997,37.12
view2,88,view3,38,0.9966,34.12
view2,88,view3,39,0.998,26.12
view2,88,view3,40,0.9964,32.8
view2,88,view3,42,0.9929,24.48
view2,88,view3,43,0.9967,22.32
view2,88,view3,45,0.9981,20.88
view2,88,view3,46,0.9943,26.64
view2,88,view3,47,0.9956,24.68
view2,88,view3,48,0.996,9.12
view2,88,view3,49,0.9973,19.52
view2,88,view3,50,0.9982,0.0
view2,88,view3,51,0.9967,14.44
view2,88,view3,52,0.9977,16.92
view2,88,view3,54,0.9978,7.44
view2,88,view3,55,0.9962,3.48
view2,88,view3,56,0.9969,1.88
view2,88,view3,57,0.9974,0.0
view2,88,view3,58,0.9958,5.2
view2,88,view3,59,0.9962,0.0
view2,88,view3,61,0.9978,0.0
view2,88,view3,62,0.9966,0.0
view2,88,view3,64,0.9978,3.0
view2,88,view3,65,0.9972,3.48
view2,88,view3,66,0.9972,5.56
view2,88,view3,67,0.9969,9.32
view2,88,view3,68,0.9975,10.44
view2,89,view3,1,0.9965,106.96
view2,89,view3,2,0.9931,130.28
view2,89,view3,3,0.9967,106.36
view2,89,view3,4,0.9977,115.08
view2,89,view3,6,0.9961,110.0
view2,89,view3,7,0.9947,107.68
view2,89,view3,8,0.9957,98.24
view2,89,view3,9,0.9974,101.6
view2,89,view3,11,0.9961,79.96
view2,89,view3,12,0.9962,81.72
view2,89,view3,13,0.9919,96.48
view2,89,view3,14,0.9955,72.04
view2,89,view3,15,0.9959,85.4
view2,89,view3,16,0.9971,69.08
view2,89,view3,17,0.9974,76.2
view2,89,view3,18,0.9955,81.68
view2,89,view3,19,0.9933,50.44
view2,89,view3,20,0.9957,72.56
view2,89,view3,21,0.9966,72.92
view2,89,view3,22,0.9923,63.44
view2,89,view3,23,0.9937,56.72
view2,89,view3,24,0.998,59.64
view2,89,view3,25,0.9983,64.16
view2,89,view3,27,0.9974,37.44
view2,89,view3,28,0.9945,59.96
view2,89,view3,29,0.9961,44.72
view2,89,view3,30,0.9963,54.76
view2,89,view3,31,0.9952,28.08
view2,89,view3,32,0.9975,50.6
view2,89,view3,33,0.9921,43.68
view2,89,view3,34,0.9951,39.24
view2,89,view3,36,0.9942,35.08
view2,89,view3,37,0.9932,37.2
view2,89,view3,38,0.9965,34.2
view2,89,view3,39,0.9979,26.2
view2,89,view3,40,0.9939,32.88
view2,89,view3,42,0.9922,24.56
view2,89,view3,43,0.9977,22.4
view2,89,view3,45,0.9953,20.96
view2,89,view3,46,0.996,26.72
view2,89,view3,47,0.9982,24.76
view2,89,view3,48,0.9955,9.2
view2,89,view3,49,0.9975,19.6
view2,89,view3,50,0.9962,0.0
view2,89,view3,51,0.9972,14.52
view2,89,view3,52,0.9937,17.0
view2,89,view3,54,0.9956,7.52
view2,89,view3,55,0.9947,3.56
view2,89,view3,56,0.9931,1.96
view2,89,view3,57,0.9935,0.0
view2,89,view3,58,0.9942,5.28
view2,89,view3,59,0.9951,0.0
view2,89,view3,61,0.9964,0.0
view2,89,view3,62,0.9967,1.64
view2,89,view3,64,0.9963,7.8
view2,89,view3,65,0.9941,8.28
view2,89,view3,66,0.9987,10.36
view2,89,view3,67,0.9967,14.12
view2,89,view3,68,0.9977,15.24
view2,91,view3,1,0.9965,111.0
view2,91,view3,2,0.996,134.32
view2,91,view3,3,0.9986,110.4
view2,91,view3,4,0.9974,119.12
view2,91,view3,6,0.9968,114.04
view2,91,view3,7,0.9966,111.72
view2,91,view3,8,0.9966,102.28
view2,91,view3,9,0.9972,105.64
view2,91,view3,11,0.9971,84.0
view2,91,view3,12,0.9974,85.76
view2,91,view3,13,0.9929,100.52
view2,91,view3,14,0.9964,76.08
view2,91,view3,15,0.9968,89.44
view2,91,view3,16,0.9977,73.12
view2,91,view3,17,0.998,80.24
view2,91,view3,18,0.9962,85.72
view2,91,view3,19,0.9964,54.48
view2,91,view3,20,0.9967,76.6
view2,91,view3,21,0.9957,76.96
view2,91,view3,22,0.9948,67.48
view2,91,view3,23,0.9959,60.76
view2,91,view3,24,0.997,63.68
view2,91,view3,25,0.9961,68.2
view2,91,view3,27,0.997,41.48
view2,91,view3,28,0.9958,64.0
view2,91,view3,29,0.9979,48.76
view2,91,view3,30,0.9981,58.8
view2,91,view3,31,0.9963,32.12
view2,91,view3,32,0.9972,54.64
view2,91,view3,33,0.9949,47.72
view2,91,view3,34,0.996,43.28
view2,91,view3,36,0.9958,39.12
view2,91,view3,37,0.9962,41.24
view2,91,view3,38,0.9968,38.24
view2,91,view3,39,0.9974,30.24
view2,91,view3,40,0.9958,36.92
view2,91,view3,42,0.9933,28.6
view2,91,view3,43,0.9975,26.44
view2,91,view3,45,0.9978,25.0
view2,91,view3,46,0.9951,30.76
view2,91,view3,47,0.997,28.8
view2,91,view3,48,0.996,13.24
view2,91,view3,49,0.9983,23.64
view2,91,view3,50,0.9988,1.64
view2,91,view3,51,0.9986,18.56
view2,91,view3,52,0.9957,21.04
view2,91,view3,54,0.9972,11.56
view2,91,view3,55,0.9987,7.6
view2,91,view3,56,0.9959,6.0
view2,91,view3,57,0.9969,0.0
view2,91,view3,58,0.993,9.32
view2,91,view3,59,0.9961,0.0
view2,91,view3,61,0.9978,0.0
view2,91,view3,62,0.9972,0.0
view2,91,view3,64,0.9971,4.16
view2,91,view3,65,0.9959,4.64
view2,91,view3,66,0.9961,6.72
view2,91,view3,67,0.9982,10.48
view2,91,view3,68,0.9969,11.6
view2,92,view3,1,0.9962,113.4
view2,92,view3,2,0.9918,136.72
view2,92,view3,3,0.9956,112.8
view2,92,view3,4,0.9971,121.52
view2,92,view3,6,0.996,116.44
view2,92,view3,7,0.9921,114.12
view2,92,view3,8,0.994,104.68
view2,92,view3,9,0.9948,108.04
view2,92,view3,11,0.9958,86.4
view2,92,view3,12,0.9951,88.16
view2,92,view3,13,0.9898,102.92
view2,92,view3,14,0.9939,78.48
view2,92,view3,15,0.9954,91.84
view2,92,view3,16,0.9968,75.52
view2,92,view3,17,0.9962,82.64
view2,92,view3,18,0.9936,88.12
view2,92,view3,19,0.992,56.88
view2,92,view3,20,0.9963,79.0
view2,92,view3,21,0.9945,79.36
view2,92,view3,22,0.9908,69.88
view2,92,view3,23,0.9935,63.16
view2,92,view3,24,0.9973,66.08
view2,92,view3,25,0.9957,70.6
view2,92,view3,27,0.9967,43.88
view2,92,view3,28,0.9927,66.4
view2,92,view3,29,0.9945,51.16
view2,92,view3,30,0.9964,61.2
view2,92,view3,31,0.9942,34.52
view2,92,view3,32,0.9959,57.04
view2,92,view3,33,0.991,50.12
view2,92,view3,34,0.9937,45.68
view2,92,view3,36,0.9933,41.52
view2,92,view3,37,0.9918,43.64
view2,92,view3,38,0.9955,40.64
view2,92,view3,39,0.9966,32.64
view2,92,view3,40,0.9921,39.32
view2,92,view3,42,0.9904,31.0
view2,92,view3,43,0.9956,28.84
view2,92,view3,45,0.9945,27.4
view2,92,view3,46,0.9951,33.16
view2,92,view3,47,0.9966,31.2
view2,92,view3,48,0.9945,15.64
view2,92,view3,49,0.9957,26.04
view2,92,view3,50,0.9958,4.04
view2,92,view3,51,0.996,20.96
view2,92,view3,52,0.9923,23.44
view2,92,view3,54,0.9942,13.96
view2,92,view3,55,0.9953,10.0
view2,92,view3,56,0.9918,8.4
view2,92,view3,57,0.9924,0.0
view2,92,view3,58,0.9938,11.72
view2,92,view3,59,0.9945,0.0
view2,92,view3,61,0.9954,0.0
view2,92,view3,62,0.9943,1.56
view2,92,view3,64,0.9945,0.0
view2,92,view3,65,0.9927,0.0
view2,92,view3,66,0.9978,1.64
view2,92,view3,67,0.9947,5.4
view2,92,view3,68,0.9973,6.52
view2,93,view3,1,0.9968,114.36
view2,93,view3,2,0.996,137.68
view2,93,view3,3,0.9989,113.76
view2,93,view3,4,0.9988,122.48
view2,93,view3,6,0.9984,117.4
view2,93,view3,7,0.9989,115.08
view2,93,view3,8,0.9995,105.64
view2,93,view3,9,0.9988,109.0
view2,93,view3,11,0.9983,87.36
view2,93,view3,12,0.9981,89.12
view2,93,view3,13,0.9978,103.88
view2,93,view3,14,0.9989,79.44
view2,93,view3,15,0.9984,92.8
view2,93,view3,16,0.9981,76.48
view2,93,view3,17,0.9993,83.6
view2,93,view3,18,0.9976,89.08
view2,93,view3,19,0.9964,57.84
view2,93,view3,20,0.9974,79.96
view2,93,view3,21,0.9991,80.32
view2,93,view3,22,0.9979,70.84
view2,93,view3,23,0.997,64.12
view2,93,view3,24,0.9979,67.04
view2,93,view3,25,0.9986,71.56
view2,93,view3,27,0.999,44.84
view2,93,view3,28,0.9989,67.36
view2,93,view3,29,0.9997,52.12
view2,93,view3,30,0.9985,62.16
view2,93,view3,31,0.9983,35.48
view2,93,view3,32,0.9988,58.0
view2,93,view3,33,0.9918,51.08
view2,93,view3,34,0.9985,46.64
view2,93,view3,36,0.9976,42.48
view2,93,view3,37,0.9967,44.6
view2,93,view3,38,0.9985,41.6
view2,93,view3,39,0.9992,33.6
view2,93,view3,40,0.9974,40.28
view2,93,view3,42,0.9971,31.96
view2,93,view3,43,0.9994,29.8
view2,93,view3,45,0.9983,28.36
view2,93,view3,46,0.9975,34.12
view2,93,view3,47,0.9984,32.16
view2,93,view3,48,0.9985,16.6
view2,93,view3,49,0.9996,27.0
view2,93,view3,50,0.9984,5.0
view2,93,view3,51,0.9991,21.92
view2,93,view3,52,0.997,24.4
view2,93,view3,54,0.9989,14.92
view2,93,view3,55,0.9965,10.96
view2,93,view3,56,0.9965,9.36
view2,93,view3,57,0.9977,0.0
view2,93,view3,58,0.9956,12.68
view2,93,view3,59,0.9985,0.0
view2,93,view3,61,0.9992,0.0
view2,93,view3,62,0.9993,2.52
view2,93,view3,64,0.9991,0.0
view2,93,view3,65,0.9975,0.0
view2,93,view3,66,0.9975,0.0
view2,93,view3,67,0.9993,0.0
view2,93,view3,68,0.9985,0.0
view2,94,view3,1,0.995,115.84
view2,94,view3,2,0.9925,139.16
view2,94,view3,3,0.9976,115.24
view2,94,view3,4,0.9981,123.96
view2,94,view3,6,0.9968,118.88
view2,94,view3,7,0.9955,116.56
view2,94,view3,8,0.9973,107.12
view2,94,view3,9,0.9966,110.48
view2,94,view3,11,0.9958,88.84
view2,94,view3,12,0.9956,90.6
view2,94,view3,13,0.9931,105.36
view2,94,view3,14,0.996,80.92
view2,94,view3,15,0.9959,94.28
view2,94,view3,16,0.9991,77.96
view2,94,view3,17,0.9979,85.08
view2,94,view3,18,0.9943,90.56
view2,94,view3,19,0.9928,59.32
view2,94,view3,20,0.9956,81.44
view2,94,view3,21,0.9967,81.8
view2,94,view3,22,0.9938,72.32
view2,94,view3,23,0.9932,65.6
view2,94,view3,24,0.9982,68.52
view2,94,view3,25,0.9979,73.04
view2,94,view3,27,0.9976,46.32
view2,94,view3,28,0.9952,68.84
view2,94,view3,29,0.9977,53.6
view2,94,view3,30,0.9981,63.64
view2,94,view3,31,0.9951,36.96
view2,94,view3,32,0.9973,59.48
view2,94,view3,33,0.9903,52.56
view2,94,view3,34,0.995,48.12
view2,94,view3,36,0.9941,43.96
view2,94,view3,37,0.9931,46.08
view2,94,view3,38,0.9971,43.08
view2,94,view3,39,0.9977,35.08
view2,94,view3,40,0.9936,41.76
view2,94,view3,42,0.9934,33.44
view2,94,view3,43,0.9984,31.28
view2,94,view3,45,0.9961,29.84
view2,94,view3,46,0.9972,35.6
view2,94,view3,47,0.9992,33.64
view2,94,view3,48,0.9964,18.08
view2,94,view3,49,0.9985,28.48
view2,94,view3,50,0.9972,6.48
view2,94,view3,51,0.9988,23.4
view2,94,view3,52,0.993,25.88
view2,94,view3,54,0.9956,16.4
view2,94,view3,55,0.9972,12.44
view2,94,view3,56,0.9929,10.84
view2,94,view3,57,0.994,0.0
view2,94,view3,58,0.9938,14.16
view2,94,view3,59,0.9962,0.0
view2,94,view3,61,0.997,0.0
view2,94,view3,62,0.9971,4.0
view2,94,view3,64,0.9962,0.0
view2,94,view3,65,0.9936,0.0
view2,94,view3,66,0.9977,1.68
view2,94,view3,67,0.9977,5.44
view2,94,view3,68,0.9979,6.56
view2,95,view3,1,0.9953,116.84
view2,95,view3,2,0.9939,140.16
view2,95,view3,3,0.9983,116.24
view2,95,view3,4,0.9986,124.96
view2,95,view3,6,0.998,119.88
view2,95,view3,7,0.9972,117.56
view2,95,view3,8,0.9988,108.12
view2,95,view3,9,0.9975,111.48
view2,95,view3,11,0.9973,89.84
view2,95,view3,12,0.9963,91.6
view2,95,view3,13,0.9963,106.36
view2,95,view3,14,0.9975,81.92
view2,95,view3,15,0.9976,95.28
view2,95,view3,16,0.9988,78.96
view2,95,view3,17,0.9989,86.08
view2,95,view3,18,0.9961,91.56
view2,95,view3,19,0.9942,60.32
view2,95,view3,20,0.9969,82.44
view2,95,view3,21,0.9983,82.8
view2,95,view3,22,0.9963,73.32
view2,95,view3,23,0.9955,66.6
view2,95,view3,24,0.9977,69.52
view2,95,view3,25,0.9982,74.04
view2,95,view3,27,0.9986,47.32
view2,95,view3,28,0.9973,69.84
view2,95,view3,29,0.9989,54.6
view2,95,view3,30,0.9989,64.64
view2,95,view3,31,0.9973,37.96
view2,95,view3,32,0.9985,60.48
view2,95,view3,33,0.9899,53.56
view2,95,view3,34,0.9974,49.12
view2,95,view3,36,0.9967,44.96
view2,95,view3,37,0.9946,47.08
view2,95,view3,38,0.9982,44.08
view2,95,view3,39,0.9986,36.08
view2,95,view3,40,0.9963,42.76
view2,95,view3,42,0.9967,34.44
view2,95,view3,43,0.9991,32.28
view2,95,view3,45,0.9969,30.84
view2,95,view3,46,0.9981,36.6
view2,95,view3,47,0.9988,34.64
view2,95,view3,48,0.9981,19.08
view2,95,view3,49,0.999,29.48
view2,95,view3,50,0.9982,7.48
view2,95,view3,51,0.9994,24.4
view2,95,view3,52,0.9949,26.88
view2,95,view3,54,0.9976,17.4
view2,95,view3,55,0.9973,13.44
view2,95,view3,56,0.9945,11.84
view2,95,view3,57,0.9957,0.0
view2,95,view3,58,0.9948,15.16
view2,95,view3,59,0.9981,0.28
view2,95,view3,61,0.9986,0.0
view2,95,view3,62,0.998,5.0
view2,95,view3,64,0.9977,0.0
view2,95,view3,65,0.9962,0.0
view2,95,view3,66,0.9971,0.56
view2,95,view3,67,0.9987,4.32
view2,95,view3,68,0.9983,5.44
view2,96,view3,1,0.9948,117.12
view2,96,view3,2,0.9901,140.44
view2,96,view3,3,0.9943,116.52
view2,96,view3,4,0.9961,125.24
view2,96,view3,6,0.9953,120.16
view2,96,view3,7,0.9908,117.84
view2,96,view3,8,0.9932,108.4
view2,96,view3,9,0.9934,111.76
view2,96,view3,11,0.9946,90.12
view2,96,view3,12,0.9936,91.88
view2,96,view3,13,0.9891,106.64
view2,96,view3,14,0.9928,82.2
view2,96,view3,15,0.9944,95.56
view2,96,view3,16,0.9959,79.24
view2,96,view3,17,0.9952,86.36
view2,96,view3,18,0.992,91.84
view2,96,view3,19,0.9904,60.6
view2,96,view3,20,0.9957,82.72
view2,96,view3,21,0.9933,83.08
view2,96,view3,22,0.99,73.6
view2,96,view3,23,0.9922,66.88
view2,96,view3,24,0.9959,69.8
view2,96,view3,25,0.9941,74.32
view2,96,view3,27,0.9957,47.6
view2,96,view3,28,0.992,70.12
view2,96,view3,29,0.9936,54.88
view2,96,view3,30,0.9954,64.92
view2,96,view3,31,0.9933,38.24
view2,96,view3,32,0.9947,60.76
view2,96,view3,33,0.9891,53.84
view2,96,view3,34,0.9927,49.4
view2,96,view3,36,0.9927,45.24
view2,96,view3,37,0.9904,47.36
view2,96,view3,38,0.9945,44.36
view2,96,view3,39,0.9955,36.36
view2,96,view3,40,0.9912,43.04
view2,96,view3,42,0.9899,34.72
view2,96,view3,43,0.9944,32.56
view2,96,view3,45,0.9931,31.12
view2,96,view3,46,0.9945,36.88
view2,96,view3,47,0.9955,34.92
view2,96,view3,48,0.9937,19.36
view2,96,view3,49,0.9947,29.76
view2,96,view3,50,0.9946,7.76
view2,96,view3,51,0.9953,24.68
view2,96,view3,52,0.9909,27.16
view2,96,view3,54,0.9934,17.68
view2,96,view3,55,0.9945,13.72
view2,96,view3,56,0.9903,12.12
view2,96,view3,57,0.9911,0.0
view2,96,view3,58,0.9921,15.44
view2,96,view3,59,0.9937,0.56
view2,96,view3,61,0.9943,0.0
view2,96,view3,62,0.9931,5.28
view2,96,view3,64,0.9931,0.0
view2,96,view3,65,0.9915,0.0
view2,96,view3,66,0.9965,0.08
view2,96,view3,67,0.9937,3.84
view2,96,view3,68,0.9964,4.96
view2,97,view3,1,0.9966,121.52
view2,97,view3,2,0.9939,144.84
view2,97,view3,3,0.9981,120.92
view2,97,view3,4,0.999,129.64
view2,97,view3,6,0.9978,124.56
view2,97,view3,7,0.9963,122.24
view2,97,view3,8,0.9979,112.8
view2,97,view3,9,0.9981,116.16
view2,97,view3,11,0.9973,94.52
view2,97,view3,12,0.997,96.28
view2,97,view3,13,0.9943,111.04
view2,97,view3,14,0.997,86.6
view2,97,view3,15,0.9973,99.96
view2,97,view3,16,0.999,83.64
view2,97,view3,17,0.9988,90.76
view2,97,view3,18,0.9961,96.24
view2,97,view3,19,0.9942,65.0
view2,97,view3,20,0.9968,87.12
view2,97,view3,21,0.998,87.48
view2,97,view3,22,0.9946,78.0
view2,97,view3,23,0.995,71.28
view2,97,view3,24,0.9989,74.2
view2,97,view3,25,0.9991,78.72
view2,97,view3,27,0.9988,52.0
view2,97,view3,28,0.9962,74.52
view2,97,view3,29,0.9981,59.28
view2,97,view3,30,0.9983,69.32
view2,97,view3,31,0.9966,42.64
view2,97,view3,32,0.9985,65.16
view2,97,view3,33,0.9914,58.24
view2,97,view3,34,0.9967,53.8
view2,97,view3,36,0.9957,49.64
view2,97,view3,37,0.9943,51.76
view2,97,view3,38,0.9981,48.76
view2,97,view3,39,0.999,40.76
view2,97,view3,40,0.9952,47.44
view2,97,view3,42,0.9946,39.12
view2,97,view3,43,0.9992,36.96
view2,97,view3,45,0.9968,35.52
view2,97,view3,46,0.998,41.28
view2,97,view3,47,0.9995,39.32
view2,97,view3,48,0.9974,23.76
view2,97,view3,49,0.999,34.16
view2,97,view3,50,0.9978,12.16
view2,97,view3,51,0.9989,29.08
view2,97,view3,52,0.9947,31.56
view2,97,view3,54,0.997,22.08
view2,97,view3,55,0.9967,18.12
view2,97,view3,56,0.9942,16.52
view2,97,view3,57,0.995,0.0
view2,97,view3,58,0.9953,19.84
view2,97,view3,59,0.9972,4.96
view2,97,view3,61,0.998,0.64
view2,97,view3,62,0.998,9.68
view2,97,view3,64,0.9975,2.12
view2,97,view3,65,0.9954,0.0
view2,97,view3,66,0.999,0.92
view2,97,view3,67,0.9982,0.0
view2,97,view3,68,0.9989,0.0
