view,frame_idx,shot_id,accepted,max_redund_score,epsilon_used,num_persons_t,num_persons_j,fallback_triggered
view2,0,0,1,0.0,0.85,0,0,0
view2,1,0,0,0.9776,0.85,0,0,1
view2,2,0,1,0.9573,0.9624,0,0,1
view2,3,0,0,0.9731,0.9559,0,0,1
view2,4,0,0,0.9751,0.958,0,0,1
view2,5,0,0,0.9713,0.958,0,0,1
view2,6,0,0,0.9584,0.9509,0,0,1
view2,7,0,0,0.9492,0.9464,0,0,1
view2,8,0,1,0.8976,0.9325,0,0,1
view2,9,0,0,0.9703,0.9242,0,0,1
view2,10,0,0,0.9652,0.9194,0,0,1
view2,11,0,0,0.9574,0.9135,0,0,1
view2,12,0,0,0.9499,0.9102,0,0,1
view2,13,0,0,0.9611,0.9065,0,0,1
view2,14,0,0,0.9552,0.9039,0,0,1
view2,15,0,0,0.9508,0.8997,0,0,1
view2,16,0,0,0.9483,0.8967,0,0,1
view2,17,0,0,0.9515,0.8968,0,0,1
view2,18,0,0,0.9554,0.8959,0,0,1
view2,19,0,0,0.9356,0.8951,0,0,1
view2,20,0,0,0.9487,0.8946,0,0,1
view2,21,0,0,0.9452,0.8944,0,0,1
view2,22,0,0,0.937,0.893,0,0,1
view2,23,0,0,0.9482,0.8927,0,0,1
view2,24,0,0,0.9458,0.8918,0,0,1
view2,25,0,0,0.9516,0.891,0,0,1
view2,26,0,0,0.9461,0.8902,0,0,1
view2,27,0,0,0.9534,0.8899,0,0,1
view2,28,0,0,0.9591,0.8896,0,0,1
view2,29,0,0,0.9491,0.8894,0,0,1
view2,30,0,0,0.9524,0.8892,0,0,1
view2,31,0,0,0.9492,0.8893,0,0,1
view2,32,0,0,0.942,0.8891,0,0,1
view2,33,0,0,0.9512,0.8894,0,0,1
view2,34,0,0,0.9491,0.8892,0,0,1
view2,35,0,0,0.9494,0.8891,0,0,1
view2,36,0,0,0.9482,0.8894,0,0,1
view2,37,0,0,0.955,0.8895,0,0,1
view2,38,0,0,0.9441,0.8889,0,0,1
view2,39,0,0,0.9467,0.8885,0,0,1
view2,40,0,0,0.9412,0.8876,0,0,1
view2,41,0,0,0.9392,0.8869,0,0,1
view2,42,0,0,0.9451,0.8863,0,0,1
view2,43,0,0,0.9399,0.8855,0,0,1
view2,44,0,0,0.9382,0.8844,0,0,1
view2,45,0,0,0.9567,0.8844,0,0,1
view2,46,0,0,0.9498,0.8842,0,0,1
view2,47,0,0,0.9488,0.884,0,0,1
view2,48,0,0,0.958,0.8841,0,0,1
view2,49,0,0,0.9588,0.884,0,0,1
view2,50,0,0,0.9377,0.8836,0,0,1
view2,51,0,0,0.9413,0.8838,0,0,1
view2,52,0,0,0.9507,0.8839,0,0,1
view2,53,0,0,0.9504,0.8842,0,0,1
view2,54,0,0,0.9441,0.8844,0,0,1
view2,55,0,0,0.9338,0.8842,0,0,1
view2,56,0,0,0.9398,0.8839,0,0,1
view2,57,0,0,0.9413,0.8834,0,0,1
view2,58,0,0,0.9358,0.8831,0,0,1
view2,59,0,0,0.9397,0.8825,0,0,1
view2,60,0,0,0.9349,0.8827,0,0,1
view2,61,0,0,0.944,0.8823,0,0,1
view2,62,0,0,0.9549,0.882,0,0,1
view2,63,0,0,0.9353,0.8815,0,0,1
view2,64,0,0,0.941,0.8809,0,0,1
view2,65,0,0,0.9313,0.8802,0,0,1
view2,66,0,0,0.9435,0.88,0,0,1
view2,67,0,0,0.932,0.8798,0,0,1
view2,68,0,0,0.941,0.8799,0,0,1
view2,69,0,0,0.9458,0.88,0,0,1
view2,70,0,0,0.9476,0.88,0,0,1
view2,71,0,0,0.9311,0.8799,0,0,1
view2,72,0,0,0.9596,0.88,0,0,1
view2,73,0,0,0.9464,0.8801,0,0,1
view2,74,0,0,0.951,0.88,0,0,1
view2,75,0,0,0.9394,0.8801,0,0,1
view2,76,0,0,0.9536,0.8804,0,0,1
view2,77,0,0,0.9362,0.8803,1,0,1
view2,78,0,0,0.934,0.8803,0,0,1
view2,79,0,0,0.9363,0.8802,0,0,1
view2,80,0,0,0.9474,0.8802,0,0,1
view2,81,0,0,0.9471,0.88,0,0,1
view2,82,0,0,0.9482,0.8798,0,0,1
view2,83,0,0,0.9482,0.8798,0,0,1
view2,84,0,0,0.9526,0.8798,0,0,1
view2,85,0,0,0.9537,0.8799,0,0,1
view2,86,0,0,0.9383,0.88,0,0,1
view2,87,0,0,0.9535,0.8801,0,0,1
view2,88,0,0,0.9358,0.8802,0,0,1
view2,89,0,0,0.9313,0.8802,0,0,1
view2,90,0,0,0.9335,0.8803,0,0,1
view2,91,0,0,0.9417,0.8805,0,0,1
view2,92,0,0,0.9367,0.8807,0,0,1
view2,93,0,0,0.9423,0.8807,0,0,1
view2,94,0,0,0.9354,0.8809,0,0,1
view2,95,0,0,0.9471,0.8809,0,0,1
view2,96,0,0,0.9551,0.881,0,0,1
view2,97,0,0,0.951,0.8811,0,0,1
view2,98,0,0,0.9535,0.8811,0,0,1
view2,99,0,0,0.9509,0.8812,0,0,1
view2,100,0,0,0.9501,0.8812,0,0,1
view2,101,0,0,0.9509,0.8811,0,0,1
view2,102,0,0,0.9372,0.881,0,0,1
view2,103,0,0,0.943,0.881,0,0,1
view2,104,0,0,0.9431,0.881,0,0,1
view2,105,0,0,0.9556,0.881,0,0,1
view2,106,0,0,0.9564,0.881,0,0,1
view2,107,0,0,0.965,0.8809,0,0,1
view2,108,0,0,0.9365,0.8808,0,0,1
view2,109,0,0,0.9397,0.8807,0,0,1
view2,110,0,0,0.9542,0.8806,0,0,1
view2,111,0,0,0.9507,0.8805,0,0,1
view2,112,0,0,0.9291,0.8801,0,0,1
view2,113,0,0,0.9,0.8795,1,0,1
view2,114,0,0,0.9315,0.8792,1,0,1
view2,115,0,0,0.9416,0.879,1,0,1
view2,116,0,0,0.9304,0.8789,2,0,1
view2,117,0,0,0.9335,0.8787,0,0,1
view2,118,0,0,0.9566,0.8787,0,0,1
view2,119,0,0,0.9411,0.8786,1,0,1
view2,120,0,0,0.9092,0.8783,1,0,1
view2,121,0,0,0.9189,0.8781,2,0,1
view2,122,0,0,0.9305,0.878,1,0,1
view2,123,0,0,0.9296,0.8778,0,0,1
view2,124,0,0,0.9254,0.8776,1,0,1
view2,125,0,0,0.9377,0.8776,0,0,1
view2,126,0,0,0.9106,0.8773,0,0,1
view2,127,0,1,0.8636,0.8764,0,0,1
view2,128,0,0,0.9816,0.8759,1,0,1
view2,129,0,0,0.9586,0.8757,1,0,1
view2,130,0,0,0.9623,0.8757,1,0,1
view2,131,0,0,0.9565,0.8756,1,0,1
view2,132,0,0,0.9567,0.8753,1,0,1
view2,133,0,0,0.9441,0.8749,1,0,1
view2,134,0,0,0.9444,0.8743,2,0,1
view2,135,0,0,0.954,0.874,1,0,1
view2,136,0,0,0.9609,0.8737,0,0,1
view2,137,0,0,0.9262,0.8732,1,0,1
view2,138,0,0,0.954,0.8727,1,0,1
view2,139,0,0,0.943,0.8724,1,0,1
view2,140,0,0,0.9469,0.8721,1,0,1
view2,141,0,0,0.9436,0.8716,1,0,1
view2,142,0,0,0.9448,0.8713,0,0,1
view2,143,0,0,0.9194,0.8709,1,0,1
view2,144,0,0,0.9143,0.8698,1,0,1
view2,145,0,0,0.9213,0.8687,1,0,1
view2,146,0,0,0.9285,0.8677,0,0,1
view2,147,0,0,0.9162,0.8669,1,0,1
view2,148,0,0,0.9115,0.8661,1,0,1
view2,149,0,0,0.9014,0.8648,1,0,1
view2,150,0,0,0.9016,0.8639,1,0,1
view2,151,0,0,0.9144,0.8629,1,0,1
view2,152,0,0,0.9044,0.8619,1,0,1
view2,153,0,0,0.9054,0.8613,1,0,1
view2,154,0,0,0.9233,0.8604,1,0,1
view2,155,0,0,0.9398,0.8596,1,0,1
view2,156,0,0,0.9133,0.8585,1,0,1
view2,157,0,0,0.9166,0.8572,1,0,1
view2,158,0,0,0.9182,0.8562,1,0,1
view2,159,0,0,0.9061,0.8551,1,0,1
view2,160,0,0,0.9102,0.8541,1,0,1
view2,161,0,0,0.914,0.8529,1,0,1
view2,162,0,0,0.9186,0.8524,1,0,1
view2,163,0,0,0.9138,0.8513,1,0,1
view2,164,0,0,0.903,0.8503,1,0,1
view2,165,0,0,0.8934,0.8491,1,0,1
view2,166,0,0,0.9024,0.8482,1,0,1
view2,167,0,0,0.9254,0.8475,1,0,1
view2,168,0,0,0.9165,0.8468,1,0,1
view2,169,0,0,0.8898,0.846,1,0,1
view2,170,0,0,0.8985,0.845,1,0,1
view2,171,0,0,0.8908,0.8443,1,0,1
view2,172,0,0,0.8836,0.8434,1,0,1
view2,173,0,0,0.8565,0.8426,1,0,1
view2,174,0,0,0.8688,0.8417,1,0,1
view2,175,0,0,0.8731,0.8408,1,0,1
view2,176,0,0,0.8827,0.8401,1,0,1
view2,177,0,1,0.8318,0.839,1,0,1
view2,178,0,0,0.9606,0.8382,1,1,0
view2,179,0,0,0.9423,0.8371,1,1,0
view2,180,0,0,0.9399,0.8362,1,1,0
view2,181,0,0,0.9178,0.8349,1,1,0
view2,182,0,0,0.9038,0.8338,1,1,0
view2,183,0,0,0.9108,0.8328,1,1,0
view2,184,0,0,0.9163,0.8318,1,1,0
view2,185,0,0,0.9207,0.8307,1,1,0
view2,186,0,0,0.9311,0.8296,1,1,0
view2,187,0,0,0.922,0.8286,1,1,0
view2,188,0,0,0.9195,0.8276,1,1,0
view2,189,0,0,0.9346,0.8267,1,1,0
view2,190,0,0,0.9283,0.8256,1,1,0
view2,191,0,0,0.9393,0.825,1,1,0
view2,192,0,0,0.9376,0.8243,1,1,0
view2,193,0,0,0.9341,0.8236,1,1,0
view2,194,0,0,0.9356,0.8232,1,1,0
view2,195,0,0,0.9397,0.8223,1,1,0
view2,196,0,0,0.9333,0.8214,2,1,0
view2,197,0,0,0.9355,0.8204,1,1,0
view2,198,0,0,0.9345,0.8197,1,1,0
view2,199,0,0,0.9481,0.8191,1,1,0
view2,200,0,0,0.9342,0.8187,1,1,0
view2,201,0,0,0.9432,0.8183,1,1,0
view2,202,0,0,0.948,0.818,1,1,0
view2,203,0,0,0.9493,0.8178,1,1,0
view2,204,0,0,0.9355,0.8176,1,1,0
view2,205,0,0,0.9333,0.8174,1,1,0
view2,206,0,0,0.9415,0.8174,1,1,0
view2,207,0,0,0.9419,0.8173,1,1,0
view2,208,0,0,0.944,0.8172,1,1,0
view2,209,0,0,0.9356,0.8171,1,1,0
view2,210,0,0,0.9366,0.8171,1,1,0
view2,211,0,0,0.9386,0.8169,1,1,0
view2,212,0,0,0.932,0.8166,1,1,0
view2,213,0,0,0.9373,0.8164,1,1,0
view2,214,0,0,0.9295,0.8163,1,1,0
view2,215,0,0,0.9301,0.8161,1,1,0
view2,216,0,0,0.9227,0.8161,1,1,0
view2,217,0,0,0.9374,0.8161,2,1,0
view2,218,0,0,0.9418,0.816,1,1,0
view2,219,0,0,0.9434,0.8159,2,1,0
view2,220,0,0,0.9339,0.816,1,1,0
view2,221,0,0,0.9385,0.8159,1,1,0
view2,222,0,0,0.919,0.816,1,1,0
view2,223,0,0,0.9266,0.816,1,1,0
view2,224,0,0,0.9278,0.816,2,1,0
view2,225,0,0,0.9277,0.8159,1,1,0
view2,226,0,0,0.937,0.8158,1,1,0
view2,227,0,0,0.944,0.8158,1,1,0
view2,228,0,0,0.9369,0.8156,1,1,0
view2,229,0,0,0.9266,0.8154,1,1,0
view2,230,0,0,0.9367,0.8152,1,1,0
view2,231,0,0,0.9219,0.815,1,1,0
view2,232,0,0,0.9244,0.815,1,1,0
view2,233,0,0,0.9173,0.8149,1,1,0
view2,234,0,0,0.9262,0.8147,1,1,0
view2,235,0,0,0.9352,0.8147,2,1,0
view2,236,0,0,0.8914,0.8146,0,0,1
view2,237,0,0,0.9182,0.8143,1,1,0
view2,238,0,0,0.9245,0.8142,1,1,0
view2,239,0,0,0.8661,0.8139,0,0,1
view2,240,0,0,0.935,0.8136,1,1,0
view2,241,0,0,0.9294,0.8133,1,1,0
view2,242,0,0,0.9296,0.813,1,1,0
view2,243,0,0,0.9373,0.8128,1,1,0
view2,244,0,0,0.9342,0.8126,1,1,0
view2,245,0,0,0.9304,0.8123,1,1,0
view2,246,0,0,0.9224,0.8122,1,1,0
view2,247,0,0,0.9181,0.8121,1,1,0
view2,248,0,0,0.9187,0.812,1,1,0
view2,249,0,0,0.915,0.812,1,1,0
view2,250,1,1,0.0,0.85,1,0,0
view2,251,1,0,0.9771,0.85,1,1,0
view2,252,1,1,0.9715,0.9729,2,1,0
view2,253,1,0,0.9808,0.9712,1,2,0
view2,254,1,0,0.9807,0.9703,2,2,0
view2,255,1,0,0.9818,0.9719,1,2,0
view2,256,1,0,0.9817,0.9729,1,2,0
view2,257,1,0,0.975,0.9722,1,2,0
view2,258,1,0,0.9788,0.9714,1,2,0
view2,259,1,0,0.9715,0.9703,1,2,0
view2,260,1,1,0.9646,0.969,2,2,0
view2,261,1,0,0.9891,0.9685,1,2,0
view2,262,1,0,0.9837,0.9677,1,2,0
view2,263,1,0,0.972,0.967,1,2,0
view2,264,1,0,0.9816,0.967,1,2,0
view2,265,1,0,0.9744,0.9664,1,2,0
view2,266,1,0,0.9722,0.9665,1,2,0
view2,267,1,0,0.978,0.9669,2,2,0
view2,268,1,0,0.9772,0.9672,1,2,0
view2,269,1,0,0.9802,0.9672,1,2,0
view2,270,1,0,0.9774,0.9671,1,2,0
view2,271,1,0,0.9749,0.9671,1,2,0
view2,272,1,0,0.9725,0.9669,1,2,0
view2,273,1,0,0.9727,0.9666,1,2,0
view2,274,1,0,0.9736,0.966,1,2,0
view2,275,1,0,0.9744,0.966,1,2,0
view2,276,1,0,0.9677,0.9657,1,2,0
view2,277,1,0,0.9728,0.9653,1,2,0
view2,278,1,0,0.973,0.965,1,2,0
view2,279,1,0,0.9729,0.9647,1,2,0
view2,280,1,0,0.9673,0.9643,1,2,0
view2,281,1,1,0.9591,0.9635,1,2,0
view2,282,1,0,0.9827,0.9629,1,1,0
view2,283,1,0,0.9855,0.9625,1,1,0
view2,284,1,0,0.9807,0.9619,1,1,0
view2,285,1,0,0.9748,0.9613,1,1,0
view2,286,1,1,0.9462,0.9567,0,1,1
view2,287,1,0,0.9717,0.9561,1,1,0
view2,288,1,0,0.9653,0.9549,1,1,0
view2,289,1,0,0.9587,0.9537,1,1,0
view2,290,1,0,0.9659,0.9533,2,1,0
view2,291,1,1,0.9406,0.9512,2,1,0
view2,292,1,0,0.9778,0.9509,1,2,0
view2,293,1,0,0.976,0.9498,2,2,0
view2,294,1,0,0.9734,0.9479,2,2,0
view2,295,1,0,0.9706,0.947,1,2,0
view2,296,1,0,0.9622,0.9465,1,2,0
view2,297,1,1,0.9439,0.9452,1,2,0
view2,298,1,0,0.9835,0.9444,1,1,0
view2,299,1,0,0.9813,0.9435,2,1,0
view2,300,1,0,0.9598,0.9428,1,1,0
view2,301,1,0,0.9609,0.9411,1,2,0
view2,302,1,0,0.9501,0.9386,1,2,0
view2,303,1,1,0.8767,0.9255,0,2,1
view2,304,1,0,0.9429,0.9229,1,2,0
view2,305,1,0,0.9358,0.9204,1,0,1
view2,306,1,1,0.8899,0.9114,0,0,1
view2,307,1,0,0.9727,0.9049,0,0,1
view2,308,1,0,0.959,0.903,1,0,1
view2,309,1,0,0.9481,0.9015,1,0,1
view2,310,1,0,0.9566,0.8995,1,0,1
view2,311,1,0,0.9544,0.898,1,0,1
view2,312,1,0,0.9431,0.8973,1,2,0
view2,313,1,0,0.9429,0.8968,1,2,0
view2,314,1,0,0.9461,0.8965,1,2,0
view2,315,1,0,0.9429,0.8962,1,2,0
view2,316,1,0,0.9366,0.8955,1,2,0
view2,317,1,0,0.9464,0.8951,1,2,0
view2,318,1,0,0.9519,0.8951,1,2,0
view2,319,1,0,0.9434,0.895,1,2,0
view2,320,1,0,0.945,0.8948,1,2,0
view2,321,1,0,0.9453,0.8946,1,2,0
view2,322,1,0,0.9396,0.8944,1,2,0
view2,323,1,0,0.9461,0.8945,1,2,0
view2,324,1,0,0.9458,0.8945,1,2,0
view2,325,1,0,0.9357,0.8942,1,2,0
view2,326,1,0,0.9416,0.894,1,2,0
view2,327,1,0,0.941,0.8939,1,2,0
view2,328,1,0,0.9368,0.8938,1,2,0
view2,329,1,0,0.9421,0.8936,1,2,0
view2,330,1,0,0.9366,0.8933,1,2,0
view2,331,1,0,0.9488,0.8933,1,2,0
view2,332,1,0,0.9504,0.8933,1,2,0
view2,333,1,0,0.9504,0.8934,1,2,0
view2,334,1,0,0.9485,0.8933,1,1,0
view2,335,1,0,0.9455,0.8932,1,2,0
view2,336,1,0,0.9266,0.8926,1,2,0
view2,337,1,0,0.9302,0.8921,1,2,0
view2,338,1,0,0.9305,0.8918,1,2,0
view2,339,1,0,0.9305,0.8912,2,2,0
view2,340,1,0,0.9359,0.8908,2,2,0
view2,341,1,0,0.9285,0.8903,2,2,0
view2,342,1,0,0.9226,0.8896,2,2,0
view2,343,1,0,0.9204,0.889,3,2,0
view2,344,1,0,0.9191,0.8885,3,2,0
view2,345,1,0,0.9243,0.8879,2,2,0
view2,346,1,0,0.9289,0.8875,2,2,0
view2,347,1,0,0.9192,0.887,2,2,0
view2,348,1,0,0.9165,0.8863,2,2,0
view2,349,1,0,0.9234,0.8858,2,2,0
view2,350,1,0,0.9417,0.8854,2,2,0
view2,351,1,0,0.9339,0.8851,2,2,0
view2,352,1,0,0.9251,0.8846,2,2,0
view2,353,1,0,0.9303,0.8841,2,2,0
view2,354,1,0,0.9316,0.8835,2,2,0
view2,355,1,0,0.9317,0.883,2,2,0
view2,356,1,0,0.92,0.8825,2,2,0
view2,357,1,0,0.9201,0.8818,3,2,0
view2,358,1,0,0.921,0.8812,2,2,0
view2,359,1,0,0.9224,0.8806,2,2,0
view2,360,1,0,0.9276,0.8802,2,2,0
view2,361,1,0,0.9325,0.8797,2,2,0
view2,362,1,0,0.9304,0.8793,2,2,0
view2,363,1,0,0.9292,0.8789,2,2,0
view2,364,1,0,0.926,0.8786,2,2,0
view2,365,1,0,0.9321,0.8782,2,2,0
view2,366,1,0,0.9349,0.8779,2,2,0
view2,367,1,0,0.9323,0.8775,2,2,0
view2,368,1,0,0.9311,0.8771,2,2,0
view2,369,1,0,0.9249,0.8764,2,2,0
view2,370,1,0,0.9353,0.876,2,2,0
view2,371,1,0,0.9373,0.8755,2,2,0
view2,372,1,0,0.9372,0.8752,2,2,0
view2,373,1,0,0.9343,0.8747,2,2,0
view2,374,1,0,0.9381,0.8743,2,2,0
view2,375,1,0,0.9397,0.8739,2,2,0
view2,376,1,0,0.9423,0.8735,2,2,0
view2,377,1,0,0.9381,0.8732,2,2,0
view2,378,1,0,0.9393,0.873,2,2,0
view2,379,1,0,0.9449,0.8728,2,2,0
view2,380,1,0,0.9476,0.8725,2,2,0
view2,381,1,0,0.9417,0.8723,2,2,0
view2,382,1,0,0.9326,0.8721,2,2,0
view2,383,1,0,0.9394,0.8719,2,2,0
view2,384,1,0,0.9425,0.8717,2,2,0
view2,385,1,0,0.9474,0.8716,2,2,0
view2,386,1,0,0.9454,0.8715,2,2,0
view2,387,1,0,0.9426,0.8712,2,2,0
view2,388,1,0,0.9287,0.8711,2,2,0
view2,389,1,0,0.9413,0.8708,2,2,0
view2,390,1,0,0.9422,0.8706,2,2,0
view2,391,1,0,0.936,0.8705,2,2,0
view2,392,1,0,0.9416,0.8704,2,2,0
view2,393,1,0,0.9381,0.8702,2,2,0
view2,394,1,0,0.9105,0.8699,2,2,0
view2,395,1,0,0.9332,0.8697,2,1,0
view2,396,1,0,0.9307,0.8695,2,1,0
view2,397,1,0,0.9404,0.8694,2,2,0
view2,398,1,0,0.9335,0.8694,2,2,0
view2,399,1,0,0.9248,0.8693,2,2,0
view2,400,1,0,0.9125,0.8691,3,2,0
view2,401,1,0,0.9013,0.8688,2,2,0
view2,402,1,0,0.9061,0.8686,2,2,0
view2,403,1,0,0.8992,0.8682,2,0,1
view2,404,1,0,0.8991,0.8678,2,2,0
view2,405,1,0,0.8908,0.8673,2,2,0
view2,406,1,0,0.8891,0.8669,2,2,0
view2,407,1,0,0.8931,0.8665,2,2,0
view2,408,1,0,0.8968,0.8662,2,2,0
view2,409,1,0,0.9072,0.866,2,2,0
view2,410,1,0,0.8994,0.8658,2,2,0
view2,411,1,0,0.8923,0.8654,2,2,0
view2,412,1,0,0.8937,0.8651,3,2,0
view2,413,1,0,0.9055,0.8649,3,1,0
view2,414,1,0,0.9102,0.8648,3,2,0
view2,415,1,0,0.8969,0.8647,2,2,0
view2,416,1,0,0.8939,0.8645,3,2,0
view2,417,1,0,0.9042,0.8643,3,2,0
view2,418,1,0,0.9115,0.8643,2,2,0
view2,419,1,0,0.9239,0.8644,2,1,0
view2,420,1,0,0.9408,0.8645,2,2,0
view2,421,1,0,0.9367,0.8646,3,1,0
view2,422,1,0,0.9434,0.8647,2,2,0
view2,423,1,0,0.947,0.8647,2,2,0
view2,424,1,0,0.9259,0.8648,3,2,0
view2,425,1,0,0.9302,0.8648,3,2,0
view2,426,1,0,0.9233,0.8649,3,2,0
view2,427,1,0,0.9129,0.8649,2,2,0
view2,428,1,0,0.9375,0.8649,3,1,0
view2,429,1,0,0.9366,0.865,2,2,0
view2,430,1,0,0.9435,0.865,2,2,0
view2,431,1,0,0.9518,0.865,2,2,0
view2,432,1,0,0.9451,0.8651,2,2,0
view2,433,1,0,0.9359,0.8651,3,2,0
view2,434,1,0,0.9471,0.8652,2,2,0
view2,435,1,0,0.9523,0.8653,2,2,0
view2,436,1,0,0.952,0.8654,2,2,0
view2,437,1,0,0.9479,0.8655,2,2,0
view2,438,1,0,0.9565,0.8655,2,2,0
view2,439,1,0,0.9469,0.8655,3,2,0
view2,440,1,0,0.9378,0.8656,2,2,0
view2,441,1,0,0.949,0.8657,1,2,0
view2,442,1,0,0.955,0.8656,3,2,0
view2,443,1,0,0.9546,0.8656,2,2,0
view2,444,1,0,0.9603,0.8655,3,2,0
view2,445,1,0,0.9611,0.8654,2,2,0
view2,446,1,0,0.96,0.8652,2,2,0
view2,447,1,0,0.9581,0.8651,2,2,0
view2,448,1,0,0.9579,0.865,2,2,0
view2,449,1,0,0.9596,0.8649,2,2,0
view2,450,1,0,0.9618,0.8648,2,2,0
view2,451,1,0,0.958,0.8648,2,2,0
view2,452,1,0,0.9553,0.8647,2,2,0
view2,453,1,0,0.9597,0.8645,3,2,0
view2,454,1,0,0.9622,0.8644,2,2,0
view2,455,1,0,0.9611,0.8643,2,2,0
view2,456,1,0,0.9665,0.8642,3,2,0
view2,457,1,0,0.9646,0.8641,2,2,0
view2,458,1,0,0.9607,0.8642,2,2,0
view2,459,1,0,0.9604,0.864,2,2,0
view2,460,1,0,0.9503,0.864,2,2,0
view2,461,1,0,0.9459,0.864,2,2,0
view2,462,1,0,0.9466,0.8638,2,2,0
view2,463,1,0,0.9419,0.8637,2,2,0
view2,464,1,0,0.9333,0.8636,2,2,0
view2,465,1,0,0.941,0.8636,2,2,0
view2,466,1,0,0.9512,0.8636,1,2,0
view2,467,1,0,0.9417,0.8635,3,2,0
view2,468,1,0,0.9322,0.8633,1,2,0
view2,469,1,0,0.9299,0.863,2,2,0
view2,470,1,0,0.9334,0.8629,2,2,0
view2,471,1,0,0.9325,0.8629,2,2,0
view2,472,1,0,0.9229,0.8627,2,1,0
view2,473,1,0,0.9312,0.8626,2,2,0
view2,474,1,0,0.9431,0.8626,2,2,0
view2,475,1,0,0.9401,0.8625,2,1,0
view2,476,1,0,0.9259,0.8623,2,2,0
view2,477,1,0,0.9267,0.8621,2,2,0
view2,478,1,0,0.9211,0.8619,3,1,0
view2,479,1,0,0.9254,0.8617,2,2,0
view2,480,1,0,0.9282,0.8614,2,2,0
view2,481,1,0,0.9178,0.861,2,1,0
view2,482,1,0,0.9159,0.8607,2,1,0
view2,483,1,0,0.9167,0.8604,2,1,0
view2,484,1,0,0.9083,0.8601,2,2,0
view2,485,1,0,0.9151,0.8598,2,1,0
view2,486,1,0,0.904,0.8594,2,1,0
view2,487,1,0,0.8929,0.8591,2,1,0
view2,488,1,0,0.9016,0.8587,2,1,0
view2,489,1,0,0.8984,0.8584,2,1,0
view2,490,1,0,0.9146,0.8583,2,2,0
view2,491,1,0,0.8903,0.858,2,1,0
view2,492,1,0,0.8964,0.8579,2,2,0
view2,493,1,0,0.9031,0.8578,2,2,0
view2,494,1,0,0.9031,0.8576,2,2,0
view2,495,1,0,0.8977,0.8575,2,2,0
view2,496,1,0,0.9002,0.8573,2,2,0
view2,497,1,0,0.9138,0.8572,2,2,0
view2,498,1,0,0.9238,0.8571,2,2,0
view2,499,1,0,0.9144,0.8571,2,2,0
view2,500,2,1,0.0,0.85,2,0,0
view2,501,2,0,0.9706,0.85,2,2,0
view2,502,2,1,0.9696,0.9698,2,2,0
view2,503,2,0,0.9809,0.9705,2,2,0
view2,504,2,0,0.976,0.9708,2,2,0
view2,505,2,0,0.9729,0.9695,2,2,0
view2,506,2,1,0.9642,0.9661,2,2,0
view2,507,2,0,0.9816,0.9627,3,2,0
view2,508,2,0,0.9798,0.9615,3,2,0
view2,509,2,0,0.9757,0.9604,3,2,0
view2,510,2,1,0.9445,0.9509,2,2,0
view2,511,2,0,0.9836,0.9442,1,2,0
view2,512,2,0,0.9767,0.9392,1,2,0
view2,513,2,0,0.9282,0.9132,0,2,1
view2,514,2,0,0.9515,0.9092,1,2,0
view2,515,2,0,0.9597,0.9116,2,2,0
view2,516,2,0,0.9426,0.9127,1,2,0
view2,517,2,0,0.9463,0.9137,1,2,0
view2,518,2,0,0.9573,0.9152,2,2,0
view2,519,2,0,0.9576,0.9167,1,2,0
view2,520,2,0,0.9572,0.918,1,2,0
view2,521,2,1,0.9082,0.9159,0,2,1
view2,522,2,0,0.9366,0.9153,2,2,0
view2,523,2,0,0.9329,0.9147,2,2,0
view2,524,2,0,0.9331,0.9146,3,2,0
view2,525,2,0,0.9455,0.9148,2,2,0
view2,526,2,0,0.9266,0.9143,2,2,0
view2,527,2,0,0.913,0.9126,2,2,0
view2,528,2,0,0.9134,0.9111,2,2,0
view2,529,2,1,0.9059,0.9093,2,2,0
view2,530,2,0,0.9905,0.9082,1,2,0
view2,531,2,0,0.9869,0.9076,2,2,0
view2,532,2,0,0.9754,0.9068,2,2,0
view2,533,2,0,0.9651,0.9061,2,2,0
view2,534,2,0,0.9634,0.9057,1,2,0
view2,535,2,0,0.9758,0.905,1,2,0
view2,536,2,0,0.9681,0.905,1,2,0
view2,537,2,0,0.9562,0.9048,2,2,0
view2,538,2,0,0.9659,0.9046,3,2,0
view2,539,2,0,0.9576,0.9048,2,2,0
view2,540,2,0,0.9508,0.9047,1,2,0
view2,541,2,0,0.9557,0.9044,2,2,0
view2,542,2,0,0.9452,0.9045,2,2,0
view2,543,2,0,0.9449,0.9045,2,2,0
view2,544,2,0,0.9521,0.9044,2,2,0
view2,545,2,0,0.9494,0.9045,2,2,0
view2,546,2,0,0.9564,0.9043,1,2,0
view2,547,2,0,0.9625,0.904,2,2,0
view2,548,2,0,0.9621,0.9035,2,2,0
view2,549,2,0,0.9594,0.9032,2,2,0
view2,550,2,0,0.9496,0.903,2,2,0
view2,551,2,0,0.9602,0.9027,2,2,0
view2,552,2,0,0.9568,0.9024,2,2,0
view2,553,2,0,0.9575,0.902,2,2,0
view2,554,2,0,0.9423,0.9015,2,2,0
view2,555,2,0,0.9469,0.9011,1,2,0
view2,556,2,0,0.9414,0.9003,2,2,0
view2,557,2,0,0.9473,0.9001,3,2,0
view2,558,2,0,0.9506,0.8999,2,2,0
view2,559,2,0,0.9512,0.8995,2,2,0
view2,560,2,0,0.9395,0.8991,2,2,0
view2,561,2,0,0.9387,0.8984,2,2,0
view2,562,2,0,0.9244,0.8975,2,2,0
view2,563,2,0,0.9463,0.8971,2,2,0
view2,564,2,0,0.9493,0.8967,2,2,0
view2,565,2,0,0.9198,0.8954,2,2,0
view2,566,2,0,0.9322,0.895,2,2,0
view2,567,2,0,0.9343,0.8946,2,2,0
view2,568,2,0,0.9231,0.8934,2,2,0
view2,569,2,0,0.9382,0.8932,2,2,0
view2,570,2,0,0.9417,0.8929,2,2,0
view2,571,2,0,0.9493,0.8928,2,2,0
view2,572,2,0,0.9323,0.8922,2,2,0
view2,573,2,0,0.9278,0.8919,2,2,0
view2,574,2,0,0.9328,0.8913,2,2,0
view2,575,2,0,0.932,0.8908,3,2,0
view2,576,2,0,0.9342,0.8902,2,2,0
view2,577,2,0,0.928,0.8896,2,2,0
view2,578,2,0,0.9289,0.8892,2,2,0
view2,579,2,0,0.9347,0.889,2,2,0
view2,580,2,0,0.9288,0.889,2,2,0
view2,581,2,0,0.9349,0.8887,2,2,0
view2,582,2,0,0.9246,0.8885,2,2,0
view2,583,2,0,0.9355,0.8883,3,2,0
view2,584,2,0,0.9445,0.8884,3,2,0
view2,585,2,0,0.9406,0.8883,2,2,0
view2,586,2,0,0.9492,0.8882,2,2,0
view2,587,2,0,0.9336,0.8885,2,2,0
view2,588,2,0,0.9421,0.8887,2,2,0
view2,589,2,0,0.9188,0.8885,3,2,0
view2,590,2,0,0.9302,0.8888,3,2,0
view2,591,2,0,0.9328,0.889,2,2,0
view2,592,2,0,0.938,0.8893,2,2,0
view2,593,2,0,0.9362,0.8895,2,2,0
view2,594,2,0,0.9267,0.8896,2,2,0
view2,595,2,0,0.9298,0.8898,2,2,0
view2,596,2,0,0.9392,0.8901,2,2,0
view2,597,2,0,0.9309,0.8903,2,2,0
view2,598,2,0,0.9291,0.8904,2,2,0
view2,599,2,0,0.9332,0.8907,2,2,0
view2,600,2,0,0.9307,0.8908,2,2,0
view2,601,2,0,0.9249,0.891,2,2,0
view2,602,2,0,0.9332,0.8912,2,2,0
view2,603,2,0,0.9215,0.8912,2,2,0
view2,604,2,0,0.9265,0.8913,2,2,0
view2,605,2,0,0.933,0.8914,2,2,0
view2,606,2,0,0.9284,0.8916,2,2,0
view2,607,2,0,0.9244,0.8917,2,2,0
view2,608,2,0,0.9343,0.8919,2,2,0
view2,609,2,0,0.9374,0.8922,2,2,0
view2,610,2,0,0.9532,0.8923,2,2,0
view2,611,2,0,0.9396,0.8924,2,2,0
view2,612,2,0,0.9366,0.8924,2,2,0
view2,613,2,0,0.94,0.8924,2,2,0
view2,614,2,0,0.9425,0.8924,2,2,0
view2,615,2,0,0.9269,0.8923,2,2,0
view2,616,2,0,0.9316,0.8922,2,2,0
view2,617,2,0,0.9279,0.8915,2,2,0
view2,618,2,0,0.9344,0.8913,2,2,0
view2,619,2,0,0.9449,0.8911,2,2,0
view2,620,2,0,0.9379,0.8911,2,2,0
view2,621,2,0,0.9443,0.891,2,2,0
view2,622,2,0,0.9333,0.8909,2,2,0
view2,623,2,0,0.9409,0.8905,2,2,0
view2,624,2,0,0.923,0.8901,2,2,0
view2,625,2,0,0.9255,0.8897,2,2,0
view2,626,2,0,0.9236,0.889,2,2,0
view2,627,2,0,0.9328,0.8886,2,2,0
view2,628,2,0,0.9235,0.8882,2,2,0
view2,629,2,0,0.9268,0.8878,2,2,0
view2,630,2,0,0.9368,0.8876,2,2,0
view2,631,2,0,0.9355,0.8875,2,2,0
view2,632,2,0,0.9299,0.8875,2,2,0
view2,633,2,0,0.9302,0.8875,3,2,0
view2,634,2,0,0.929,0.8874,3,2,0
view2,635,2,0,0.9298,0.8874,3,2,0
view2,636,2,0,0.9251,0.8874,3,2,0
view2,637,2,0,0.9188,0.8873,2,2,0
view2,638,2,0,0.919,0.8872,3,2,0
view2,639,2,0,0.9238,0.8872,2,2,0
view2,640,2,0,0.9159,0.887,2,2,0
view2,641,2,0,0.912,0.8869,3,2,0
view2,642,2,0,0.9082,0.8868,2,2,0
view2,643,2,0,0.9082,0.8866,3,2,0
view2,644,2,0,0.9175,0.8865,2,2,0
view2,645,2,0,0.9123,0.8865,3,2,0
view2,646,2,0,0.923,0.8864,2,2,0
view2,647,2,0,0.9265,0.8864,2,2,0
view2,648,2,0,0.9077,0.8862,3,2,0
view2,649,2,0,0.9101,0.8861,1,2,0
view2,650,2,0,0.9054,0.8858,2,2,0
view2,651,2,0,0.9187,0.8858,3,2,0
view2,652,2,0,0.9042,0.8856,2,2,0
view2,653,2,0,0.9054,0.8855,2,2,0
view2,654,2,0,0.9207,0.8854,2,2,0
view2,655,2,0,0.9228,0.8854,3,2,0
view2,656,2,0,0.9038,0.8852,2,2,0
view2,657,2,0,0.9174,0.8851,3,2,0
view2,658,2,0,0.9104,0.8851,3,2,0
view2,659,2,0,0.9125,0.8851,3,2,0
view2,660,2,0,0.9159,0.885,2,2,0
view2,661,2,0,0.9308,0.885,2,2,0
view2,662,2,0,0.9235,0.885,1,2,0
view2,663,2,0,0.9127,0.8849,1,2,0
view2,664,2,0,0.9143,0.8848,1,2,0
view2,665,2,0,0.9237,0.8849,2,2,0
view2,666,2,0,0.9209,0.8849,2,2,0
view2,667,2,0,0.9147,0.8849,1,2,0
view2,668,2,0,0.9121,0.8847,1,2,0
view2,669,2,0,0.9205,0.8847,1,2,0
view2,670,2,0,0.919,0.8847,1,2,0
view2,671,2,0,0.9108,0.8847,1,2,0
view2,672,2,0,0.9174,0.8847,2,2,0
view2,673,2,0,0.9283,0.8848,2,2,0
view2,674,2,0,0.9195,0.8848,2,2,0
view2,675,2,0,0.9277,0.8848,2,2,0
view2,676,2,0,0.9243,0.8848,2,2,0
view2,677,2,0,0.9194,0.8848,1,2,0
view2,678,2,0,0.933,0.8848,2,2,0
view2,679,2,0,0.9201,0.8848,2,2,0
view2,680,2,0,0.9217,0.8847,1,2,0
view2,681,2,0,0.936,0.8847,3,2,0
view2,682,2,0,0.935,0.8847,2,2,0
view2,683,2,0,0.9363,0.8848,2,2,0
view2,684,2,0,0.9316,0.8848,2,2,0
view2,685,2,0,0.9414,0.8848,2,2,0
view2,686,2,0,0.9423,0.8848,3,2,0
view2,687,2,0,0.933,0.8849,3,2,0
view2,688,2,0,0.9296,0.8848,2,2,0
view2,689,2,0,0.938,0.8848,1,2,0
view2,690,2,0,0.9236,0.8847,2,2,0
view2,691,2,0,0.9264,0.8847,2,2,0
view2,692,2,0,0.9265,0.8847,2,2,0
view2,693,2,0,0.9285,0.8847,3,2,0
view2,694,2,0,0.9311,0.8848,2,2,0
view2,695,2,0,0.9268,0.8848,2,2,0
view2,696,2,0,0.929,0.8848,3,2,0
view2,697,2,0,0.9194,0.8848,3,2,0
view2,698,2,0,0.916,0.8847,2,2,0
view2,699,2,0,0.9209,0.8847,2,2,0
view2,700,2,0,0.9095,0.8846,2,2,0
view2,701,2,0,0.9125,0.8843,3,2,0
view2,702,2,0,0.9125,0.8841,3,2,0
view2,703,2,0,0.9061,0.8839,3,2,0
view2,704,2,0,0.9231,0.8837,3,2,0
view2,705,2,0,0.9178,0.8836,3,2,0
view2,706,2,0,0.9177,0.8835,3,2,0
view2,707,2,0,0.9097,0.8834,3,2,0
view2,708,2,0,0.9181,0.8833,3,2,0
view2,709,2,0,0.9202,0.8832,3,2,0
view2,710,2,0,0.9011,0.883,3,2,0
view2,711,2,0,0.8965,0.8826,3,2,0
view2,712,2,0,0.9015,0.8824,3,2,0
view2,713,2,0,0.9003,0.8822,3,2,0
view2,714,2,0,0.8986,0.8822,3,2,0
view2,715,2,0,0.8981,0.8821,4,2,0
view2,716,2,0,0.9025,0.8821,3,2,0
view2,717,2,0,0.913,0.8821,3,2,0
view2,718,2,0,0.9235,0.8822,3,2,0
view2,719,2,0,0.9206,0.8822,3,2,0
view2,720,2,0,0.9079,0.8822,3,2,0
view2,721,2,0,0.9175,0.8822,3,2,0
view2,722,2,0,0.9206,0.8823,3,2,0
view2,723,2,0,0.9098,0.8822,3,2,0
view2,724,2,0,0.9121,0.8822,3,2,0
view2,725,2,0,0.9191,0.8823,3,2,0
view2,726,2,0,0.9124,0.8821,2,2,0
view2,727,2,0,0.9209,0.8821,3,2,0
view2,728,2,0,0.9201,0.8821,3,2,0
view2,729,2,0,0.9134,0.8819,3,2,0
view2,730,2,0,0.9287,0.8818,3,2,0
view2,731,2,0,0.9238,0.8818,3,2,0
view2,732,2,0,0.9396,0.8816,3,2,0
view2,733,2,0,0.9253,0.8815,3,2,0
view2,734,2,0,0.9309,0.8814,3,2,0
view2,735,2,0,0.9253,0.8814,3,2,0
view2,736,2,0,0.9147,0.8813,3,2,0
view2,737,2,0,0.9125,0.8811,4,2,0
view2,738,2,0,0.9096,0.8809,2,2,0
view2,739,2,0,0.9119,0.8808,3,2,0
view2,740,2,0,0.9312,0.8807,4,2,0
view2,741,2,0,0.9276,0.8806,4,2,0
view2,742,2,0,0.9249,0.8805,3,2,0
view2,743,2,0,0.9241,0.8803,4,2,0
view2,744,2,0,0.9194,0.8802,5,2,0
view2,745,2,0,0.9128,0.8801,3,2,0
view2,746,2,0,0.9108,0.88,4,2,0
view2,747,2,0,0.8983,0.8799,3,2,0
view2,748,2,0,0.9093,0.8797,3,2,0
view2,749,2,0,0.9118,0.8796,3,2,0
view2,750,3,1,0.0,0.85,4,0,0
view2,751,3,0,0.9822,0.85,3,4,0
view2,752,3,1,0.9762,0.9777,4,4,0
view2,753,3,0,0.9889,0.9754,3,4,0
view2,754,3,0,0.9842,0.9749,3,4,0
view2,755,3,0,0.9778,0.9722,3,4,0
view2,756,3,0,0.976,0.9711,3,4,0
view2,757,3,0,0.976,0.9704,3,4,0
view2,758,3,0,0.9815,0.9712,3,4,0
view2,759,3,1,0.9693,0.97,3,4,0
view2,760,3,0,0.9892,0.9694,3,3,0
view2,761,3,0,0.9787,0.9671,3,3,0
view2,762,3,0,0.982,0.9669,3,3,0
view2,763,3,0,0.9779,0.9659,4,3,0
view2,764,3,0,0.9847,0.9661,3,3,0
view2,765,3,0,0.9731,0.9645,3,3,0
view2,766,3,0,0.9701,0.9634,3,3,0
view2,767,3,0,0.9784,0.9633,3,3,0
view2,768,3,0,0.9711,0.9626,3,3,0
view2,769,3,0,0.9701,0.9614,3,3,0
view2,770,3,0,0.9703,0.9612,3,3,0
view2,771,3,0,0.9766,0.9612,3,3,0
view2,772,3,0,0.975,0.9612,3,3,0
view2,773,3,0,0.9771,0.9606,3,3,0
view2,774,3,0,0.9737,0.9603,3,3,0
view2,775,3,0,0.9664,0.9599,3,3,0
view2,776,3,0,0.9749,0.9597,3,3,0
view2,777,3,0,0.9673,0.9591,3,3,0
view2,778,3,0,0.9711,0.9589,3,3,0
view2,779,3,0,0.9646,0.9582,3,3,0
view2,780,3,0,0.9646,0.9576,3,3,0
view2,781,3,0,0.9595,0.9572,3,3,0
view2,782,3,0,0.9742,0.9573,3,3,0
view2,783,3,0,0.9757,0.9574,3,3,0
view2,784,3,0,0.9773,0.9574,2,3,0
view2,785,3,0,0.969,0.9575,2,3,0
view2,786,3,0,0.9642,0.9572,2,3,0
view2,787,3,0,0.9694,0.957,2,3,0
view2,788,3,0,0.968,0.957,2,3,0
view2,789,3,0,0.9633,0.9568,2,3,0
view2,790,3,0,0.9626,0.9564,2,3,0
view2,791,3,0,0.9614,0.9562,1,3,0
view2,792,3,1,0.9428,0.9553,3,3,0
view2,793,3,0,0.9867,0.9542,2,3,0
view2,794,3,0,0.9767,0.9527,2,3,0
view2,795,3,0,0.9803,0.9514,3,3,0
view2,796,3,0,0.9724,0.9502,3,3,0
view2,797,3,0,0.9701,0.949,3,3,0
view2,798,3,0,0.9728,0.9478,3,3,0
view2,799,3,0,0.9687,0.9468,3,3,0
view2,800,3,0,0.964,0.9453,3,3,0
view2,801,3,0,0.9575,0.9439,3,3,0
view2,802,3,0,0.948,0.9425,3,3,0
view2,803,3,1,0.9321,0.9412,3,3,0
view2,804,3,0,0.9876,0.9402,2,3,0
view2,805,3,0,0.9835,0.939,2,3,0
view2,806,3,0,0.9776,0.9385,3,3,0
view2,807,3,0,0.9785,0.9379,3,3,0
view2,808,3,0,0.9755,0.9371,2,3,0
view2,809,3,0,0.9752,0.9363,2,3,0
view2,810,3,0,0.9673,0.9357,4,3,0
view2,811,3,0,0.9653,0.9357,3,3,0
view2,812,3,0,0.969,0.9356,3,3,0
view2,813,3,0,0.9679,0.9352,3,3,0
view2,814,3,0,0.9702,0.9348,2,3,0
view2,815,3,0,0.962,0.9341,3,3,0
view2,816,3,0,0.9645,0.9334,3,3,0
view2,817,3,0,0.9623,0.9326,3,3,0
view2,818,3,0,0.9641,0.9323,3,3,0
view2,819,3,0,0.9534,0.9317,3,3,0
view2,820,3,0,0.9508,0.9311,3,3,0
view2,821,3,0,0.9366,0.9305,3,3,0
view2,822,3,0,0.9525,0.9305,3,3,0
view2,823,3,0,0.9466,0.9302,3,3,0
view2,824,3,0,0.9468,0.9298,4,3,0
view2,825,3,0,0.9512,0.9296,4,3,0
view2,826,3,0,0.9605,0.9294,3,3,0
view2,827,3,0,0.9555,0.9293,3,3,0
view2,828,3,0,0.9598,0.9291,3,3,0
view2,829,3,0,0.9472,0.9285,3,3,0
view2,830,3,0,0.9541,0.9282,3,3,0
view2,831,3,0,0.9497,0.928,3,3,0
view2,832,3,0,0.9407,0.9274,3,3,0
view2,833,3,0,0.942,0.927,3,3,0
view2,834,3,0,0.9366,0.9266,3,3,0
view2,835,3,0,0.9514,0.9264,3,3,0
view2,836,3,0,0.939,0.926,3,3,0
view2,837,3,0,0.9312,0.9255,3,3,0
view2,838,3,0,0.9275,0.925,3,3,0
view2,839,3,0,0.9266,0.9245,3,3,0
view2,840,3,1,0.9207,0.9241,2,4,0
view2,841,3,0,0.9858,0.9236,3,2,0
view2,842,3,0,0.9744,0.9234,3,2,0
view2,843,3,0,0.9853,0.9227,3,2,0
view2,844,3,0,0.9792,0.9221,4,2,0
view2,845,3,0,0.9745,0.9213,3,2,0
view2,846,3,0,0.9787,0.921,2,2,0
view2,847,3,0,0.9791,0.9207,2,2,0
view2,848,3,0,0.9779,0.9205,3,2,0
view2,849,3,0,0.9741,0.9199,3,2,0
view2,850,3,0,0.9696,0.9195,3,2,0
view2,851,3,0,0.9791,0.9193,3,2,0
view2,852,3,0,0.9764,0.9192,2,2,0
view2,853,3,0,0.9737,0.9188,1,2,0
view2,854,3,0,0.9698,0.9188,2,2,0
view2,855,3,0,0.9762,0.9187,2,2,0
view2,856,3,0,0.9771,0.9182,2,2,0
view2,857,3,0,0.9702,0.9176,1,2,0
view2,858,3,0,0.9319,0.9142,0,2,1
view2,859,3,0,0.9666,0.9141,1,2,0
view2,860,3,0,0.9728,0.914,1,2,0
view2,861,3,0,0.9697,0.9139,2,2,0
view2,862,3,0,0.9717,0.9139,2,2,0
view2,863,3,0,0.97,0.9139,3,2,0
view2,864,3,0,0.9632,0.9139,3,2,0
view2,865,3,0,0.959,0.9136,3,2,0
view2,866,3,0,0.9497,0.9134,2,2,0
view2,867,3,0,0.9592,0.9132,2,2,0
view2,868,3,0,0.9526,0.9128,3,2,0
view2,869,3,0,0.9532,0.9126,3,2,0
view2,870,3,0,0.9598,0.9124,3,2,0
view2,871,3,0,0.9626,0.9122,3,2,0
view2,872,3,0,0.9589,0.912,3,2,0
view2,873,3,0,0.9494,0.912,3,2,0
view2,874,3,0,0.9466,0.9119,3,2,0
view2,875,3,0,0.9567,0.9119,3,2,0
view2,876,3,0,0.9446,0.9118,3,2,0
view2,877,3,0,0.9402,0.9117,3,3,0
view2,878,3,0,0.9392,0.9114,3,2,0
view2,879,3,0,0.9467,0.9112,3,2,0
view2,880,3,0,0.9258,0.911,3,2,0
view2,881,3,0,0.9329,0.9108,3,2,0
view2,882,3,0,0.9312,0.9107,2,3,0
view2,883,3,0,0.9203,0.9104,2,3,0
view2,884,3,0,0.9246,0.9102,2,3,0
view2,885,3,0,0.9261,0.9101,3,3,0
view2,886,3,0,0.9199,0.9099,3,3,0
view2,887,3,0,0.9273,0.9096,3,3,0
view2,888,3,0,0.9302,0.9094,3,3,0
view2,889,3,0,0.9359,0.9094,3,3,0
view2,890,3,0,0.9236,0.9092,2,3,0
view2,891,3,0,0.9292,0.909,1,3,0
view2,892,3,0,0.9169,0.9088,3,3,0
view2,893,3,0,0.9136,0.9086,3,3,0
view2,894,3,0,0.9145,0.9083,2,3,0
view2,895,3,0,0.9162,0.9081,3,3,0
view2,896,3,0,0.9149,0.9079,2,3,0
view2,897,3,0,0.9089,0.9077,2,3,0
view2,898,3,0,0.922,0.9075,3,3,0
view2,899,3,0,0.9375,0.9075,3,3,0
view2,900,3,0,0.928,0.9074,3,3,0
view2,901,3,0,0.926,0.9073,4,3,0
view2,902,3,0,0.9211,0.9072,2,2,0
view2,903,3,0,0.9272,0.9072,3,3,0
view2,904,3,0,0.9426,0.9073,3,3,0
view2,905,3,0,0.9248,0.9072,3,2,0
view2,906,3,0,0.9283,0.9072,3,3,0
view2,907,3,0,0.928,0.9072,3,2,0
view2,908,3,0,0.9227,0.907,3,2,0
view2,909,3,0,0.9205,0.9069,3,3,0
view2,910,3,0,0.9205,0.9067,3,3,0
view2,911,3,0,0.9285,0.9065,3,3,0
view2,912,3,0,0.9214,0.9064,3,2,0
view2,913,3,0,0.9267,0.9062,3,3,0
view2,914,3,0,0.943,0.9061,3,3,0
view2,915,3,0,0.9294,0.906,3,3,0
view2,916,3,0,0.934,0.9059,3,3,0
view2,917,3,0,0.9441,0.9058,3,3,0
view2,918,3,0,0.9261,0.9056,3,3,0
view2,919,3,0,0.9415,0.9055,3,3,0
view2,920,3,0,0.9319,0.9055,3,3,0
view2,921,3,0,0.9359,0.9054,3,3,0
view2,922,3,0,0.9298,0.9054,3,3,0
view2,923,3,0,0.9342,0.9055,3,3,0
view2,924,3,0,0.9277,0.9056,3,3,0
view2,925,3,0,0.9321,0.9056,3,3,0
view2,926,3,0,0.9245,0.9056,3,2,0
view2,927,3,0,0.9258,0.9056,3,2,0
view2,928,3,0,0.9223,0.9057,3,2,0
view2,929,3,0,0.925,0.9057,3,2,0
view2,930,3,0,0.9292,0.9057,3,2,0
view2,931,3,0,0.9299,0.9057,3,2,0
view2,932,3,0,0.9324,0.9058,3,2,0
view2,933,3,0,0.9283,0.9058,3,2,0
view2,934,3,0,0.9293,0.9059,3,3,0
view2,935,3,0,0.9336,0.9059,3,3,0
view2,936,3,0,0.9267,0.9059,3,4,0
view2,937,3,0,0.9343,0.906,3,3,0
view2,938,3,0,0.9252,0.906,3,3,0
view2,939,3,0,0.9313,0.9061,2,3,0
view2,940,3,0,0.9219,0.9061,2,3,0
view2,941,3,0,0.9325,0.9061,3,3,0
view2,942,3,0,0.9378,0.9062,2,3,0
view2,943,3,0,0.9323,0.9063,2,3,0
view2,944,3,0,0.9378,0.9064,2,3,0
view2,945,3,0,0.9381,0.9065,2,3,0
view2,946,3,0,0.9351,0.9064,2,3,0
view2,947,3,0,0.9338,0.9064,2,3,0
view2,948,3,0,0.9465,0.9064,2,3,0
view2,949,3,0,0.9476,0.9063,3,3,0
view2,950,3,0,0.9501,0.9064,2,3,0
view2,951,3,0,0.9462,0.9064,3,3,0
view2,952,3,0,0.9449,0.9064,2,3,0
view2,953,3,0,0.9313,0.9062,1,3,0
view2,954,3,0,0.9264,0.906,2,3,0
view2,955,3,0,0.9234,0.9059,1,3,0
view2,956,3,0,0.9063,0.9055,2,3,0
view2,957,3,0,0.9066,0.9053,1,3,0
view2,958,3,0,0.9409,0.9052,2,3,0
view2,959,3,0,0.9385,0.9051,2,3,0
view2,960,3,0,0.9271,0.905,2,3,0
view2,961,3,0,0.9314,0.9049,1,3,0
view2,962,3,0,0.9141,0.9047,2,2,0
view2,963,3,0,0.9335,0.9046,3,3,0
view2,964,3,0,0.9236,0.9045,2,2,0
view2,965,3,0,0.9215,0.9044,3,3,0
view2,966,3,0,0.9272,0.9045,3,3,0
view2,967,3,0,0.9452,0.9045,3,3,0
view2,968,3,0,0.9438,0.9046,3,3,0
view2,969,3,0,0.9465,0.9048,3,3,0
view2,970,3,0,0.9523,0.9049,3,3,0
view2,971,3,0,0.939,0.905,2,3,0
view2,972,3,0,0.9272,0.905,3,2,0
view2,973,3,0,0.9326,0.905,2,3,0
view2,974,3,0,0.9381,0.9051,4,4,0
view2,975,3,0,0.9482,0.9052,3,3,0
view2,976,3,0,0.9488,0.9053,4,3,0
view2,977,3,0,0.9307,0.9053,3,2,0
view2,978,3,0,0.9387,0.9054,3,4,0
view2,979,3,0,0.9357,0.9054,3,2,0
view2,980,3,0,0.9468,0.9055,3,4,0
view2,981,3,0,0.9487,0.9055,3,4,0
view2,982,3,0,0.9662,0.9056,3,4,0
view2,983,3,0,0.9603,0.9057,3,4,0
view2,984,3,0,0.9561,0.9058,3,4,0
view2,985,3,0,0.9532,0.9058,3,4,0
view2,986,3,0,0.9595,0.9059,3,4,0
view2,987,3,0,0.9526,0.906,3,4,0
view2,988,3,0,0.9469,0.9061,3,4,0
view2,989,3,0,0.9513,0.9062,3,3,0
view2,990,3,0,0.929,0.9062,3,4,0
view2,991,3,0,0.954,0.9062,3,4,0
view2,992,3,0,0.9586,0.9063,3,3,0
view2,993,3,0,0.9568,0.9064,3,3,0
view2,994,3,0,0.9604,0.9065,3,4,0
view2,995,3,0,0.9448,0.9065,3,4,0
view2,996,3,0,0.9647,0.9066,3,3,0
view2,997,3,0,0.9656,0.9067,3,3,0
view2,998,3,0,0.9537,0.9067,3,4,0
view2,999,3,0,0.9585,0.9068,3,3,0
view2,1000,4,1,0.0,0.85,3,0,0
view2,1001,4,0,0.9894,0.85,3,3,0
view2,1002,4,1,0.969,0.9741,4,3,0
view2,1003,4,0,0.9837,0.9776,3,4,0
view2,1004,4,1,0.974,0.9742,3,4,0
view2,1005,4,0,0.9822,0.9736,3,3,0
view2,1006,4,0,0.976,0.9692,3,3,0
view2,1007,4,0,0.974,0.9674,3,3,0
view2,1008,4,0,0.967,0.9661,3,3,0
view2,1009,4,1,0.957,0.9614,3,3,0
view2,1010,4,0,0.9792,0.9607,3,3,0
view2,1011,4,0,0.9752,0.9589,3,3,0
view2,1012,4,0,0.9765,0.9569,4,3,0
view2,1013,4,0,0.9742,0.9568,3,3,0
view2,1014,4,0,0.9709,0.9564,4,3,0
view2,1015,4,0,0.9673,0.9551,3,3,0
view2,1016,4,0,0.9718,0.9554,3,3,0
view2,1017,4,0,0.9688,0.9552,3,3,0
view2,1018,4,0,0.9673,0.9549,3,3,0
view2,1019,4,0,0.9648,0.9539,4,3,0
view2,1020,4,0,0.9707,0.9543,4,3,0
view2,1021,4,0,0.9722,0.954,3,3,0
view2,1022,4,0,0.965,0.9537,2,3,0
view2,1023,4,0,0.9735,0.9537,3,3,0
view2,1024,4,0,0.9691,0.9536,3,3,0
view2,1025,4,0,0.9658,0.9536,3,3,0
view2,1026,4,0,0.9657,0.9535,2,3,0
view2,1027,4,0,0.966,0.9533,3,3,0
view2,1028,4,0,0.9706,0.9533,2,3,0
view2,1029,4,0,0.9653,0.9532,2,3,0
view2,1030,4,0,0.9622,0.953,2,3,0
view2,1031,4,0,0.9615,0.9528,2,3,0
view2,1032,4,0,0.9543,0.9513,2,3,0
view2,1033,4,1,0.9498,0.9502,2,3,0
view2,1034,4,0,0.9894,0.9496,2,2,0
view2,1035,4,0,0.981,0.9488,2,2,0
view2,1036,4,0,0.9841,0.9478,2,2,0
view2,1037,4,0,0.9809,0.9473,2,2,0
view2,1038,4,0,0.9804,0.9471,2,2,0
view2,1039,4,0,0.9742,0.9465,2,2,0
view2,1040,4,0,0.9667,0.946,2,2,0
view2,1041,4,0,0.9744,0.9458,2,2,0
view2,1042,4,0,0.975,0.9458,2,2,0
view2,1043,4,0,0.9779,0.9456,3,2,0
view2,1044,4,0,0.973,0.9458,3,2,0
view2,1045,4,0,0.9714,0.9457,3,2,0
view2,1046,4,0,0.9698,0.9454,3,2,0
view2,1047,4,0,0.965,0.9453,4,2,0
view2,1048,4,0,0.9618,0.9453,3,2,0
view2,1049,4,0,0.9638,0.9452,4,2,0
view2,1050,4,0,0.963,0.9453,3,2,0
view2,1051,4,0,0.9589,0.9452,3,3,0
view2,1052,4,0,0.9629,0.9453,3,3,0
view2,1053,4,0,0.9605,0.9453,3,3,0
view2,1054,4,0,0.9583,0.9452,3,3,0
view2,1055,4,0,0.9578,0.945,3,3,0
view2,1056,4,1,0.9441,0.9444,3,3,0
view2,1057,4,0,0.9854,0.9437,4,3,0
view2,1058,4,0,0.979,0.9434,3,3,0
view2,1059,4,0,0.9748,0.9431,3,3,0
view2,1060,4,0,0.9663,0.9424,3,3,0
view2,1061,4,0,0.9647,0.9421,3,3,0
view2,1062,4,0,0.9454,0.9416,3,3,0
view2,1063,4,1,0.9401,0.9409,3,3,0
view2,1064,4,0,0.9655,0.9402,4,3,0
view2,1065,4,0,0.9702,0.9397,3,3,0
view2,1066,4,0,0.9705,0.9389,3,3,0
view2,1067,4,0,0.962,0.9379,3,3,0
view2,1068,4,0,0.9588,0.9373,3,3,0
view2,1069,4,0,0.9526,0.9367,4,3,0
view2,1070,4,0,0.9476,0.9366,3,3,0
view2,1071,4,0,0.9576,0.9363,3,3,0
view2,1072,4,0,0.9427,0.9355,3,3,0
view2,1073,4,0,0.94,0.9345,3,3,0
view2,1074,4,1,0.9235,0.9329,3,3,0
view2,1075,4,0,0.9789,0.9312,2,3,0
view2,1076,4,0,0.9663,0.9301,3,3,0
view2,1077,4,0,0.9684,0.9291,3,3,0
view2,1078,4,0,0.9728,0.9281,3,3,0
view2,1079,4,0,0.9743,0.9272,2,3,0
view2,1080,4,0,0.9731,0.9268,3,3,0
view2,1081,4,0,0.9692,0.9261,3,3,0
view2,1082,4,0,0.9595,0.9254,2,3,0
view2,1083,4,0,0.9535,0.9241,2,3,0
view2,1084,4,0,0.9359,0.9228,2,3,0
view2,1085,4,0,0.9247,0.9212,2,3,0
view2,1086,4,0,0.9294,0.9195,3,3,0
view2,1087,4,1,0.9113,0.918,1,3,0
view2,1088,4,0,0.9809,0.9174,2,1,0
view2,1089,4,0,0.9612,0.9171,2,1,0
view2,1090,4,0,0.9607,0.9168,2,1,0
view2,1091,4,0,0.9599,0.9165,1,1,0
view2,1092,4,0,0.9479,0.9159,2,1,0
view2,1093,4,0,0.9399,0.9157,2,1,0
view2,1094,4,0,0.9283,0.9152,1,3,0
view2,1095,4,0,0.9421,0.9148,2,1,0
view2,1096,4,0,0.9392,0.9148,2,3,0
view2,1097,4,0,0.9328,0.9147,2,1,0
view2,1098,4,0,0.9316,0.9145,2,3,0
view2,1099,4,0,0.9424,0.9141,3,1,0
view2,1100,4,0,0.9187,0.9137,2,3,0
view2,1101,4,0,0.9328,0.9135,3,1,0
view2,1102,4,0,0.9212,0.9127,3,1,0
view2,1103,4,0,0.9358,0.9126,2,1,0
view2,1104,4,0,0.9471,0.9126,2,3,0
view2,1105,4,0,0.9459,0.9127,2,3,0
view2,1106,4,0,0.937,0.9127,3,2,0
view2,1107,4,0,0.9383,0.9127,1,3,0
view2,1108,4,0,0.9439,0.9127,3,2,0
view2,1109,4,0,0.9407,0.9127,2,2,0
view2,1110,4,0,0.9551,0.9127,3,2,0
view2,1111,4,0,0.9586,0.9127,3,2,0
view2,1112,4,0,0.9466,0.9126,3,2,0
view2,1113,4,0,0.9597,0.9126,3,2,0
view2,1114,4,0,0.9515,0.9126,2,2,0
view2,1115,4,0,0.9573,0.9128,3,2,0
view2,1116,4,0,0.9564,0.9129,3,2,0
view2,1117,4,0,0.9669,0.913,2,2,0
view2,1118,4,0,0.9562,0.9131,2,2,0
view2,1119,4,0,0.9567,0.9133,2,2,0
view2,1120,4,0,0.9549,0.9134,3,2,0
view2,1121,4,0,0.9584,0.9135,2,2,0
view2,1122,4,0,0.9643,0.9135,1,2,0
view2,1123,4,0,0.9519,0.9136,1,2,0
view2,1124,4,0,0.9587,0.9136,2,2,0
view2,1125,4,0,0.9513,0.9136,3,2,0
view2,1126,4,0,0.9539,0.9137,2,2,0
view2,1127,4,0,0.9589,0.9137,3,2,0
view2,1128,4,0,0.948,0.9138,3,2,0
view2,1129,4,0,0.9561,0.9139,3,2,0
view2,1130,4,0,0.952,0.9139,2,2,0
view2,1131,4,0,0.9473,0.9138,2,2,0
view2,1132,4,0,0.9534,0.9138,2,2,0
view2,1133,4,0,0.9475,0.9138,2,2,0
view2,1134,4,0,0.9501,0.9138,3,2,0
view2,1135,4,0,0.9495,0.9138,2,2,0
view2,1136,4,0,0.9441,0.9135,3,2,0
view2,1137,4,0,0.9426,0.9134,3,2,0
view2,1138,4,0,0.9357,0.9134,3,2,0
view2,1139,4,0,0.9446,0.9133,3,3,0
view2,1140,4,0,0.938,0.9132,3,2,0
view2,1141,4,0,0.9274,0.913,3,3,0
view2,1142,4,0,0.9324,0.9128,3,3,0
view2,1143,4,0,0.9494,0.9126,3,3,0
view2,1144,4,0,0.9508,0.9125,3,3,0
view2,1145,4,0,0.9548,0.9124,3,3,0
view2,1146,4,0,0.941,0.9122,3,3,0
view2,1147,4,0,0.93,0.9117,3,3,0
view2,1148,4,0,0.9373,0.9112,3,3,0
view2,1149,4,0,0.9316,0.9108,3,3,0
view2,1150,4,0,0.9421,0.9106,2,3,0
view2,1151,4,0,0.9537,0.9104,2,3,0
view2,1152,4,0,0.9447,0.91,1,3,0
view2,1153,4,0,0.9479,0.9101,2,3,0
view2,1154,4,0,0.9456,0.91,2,3,0
view2,1155,4,0,0.9532,0.9101,3,3,0
view2,1156,4,0,0.9542,0.91,3,3,0
view2,1157,4,0,0.9504,0.91,3,3,0
view2,1158,4,0,0.9532,0.91,3,3,0
view2,1159,4,0,0.9435,0.9101,3,3,0
view2,1160,4,0,0.9468,0.9101,3,3,0
view2,1161,4,0,0.9464,0.9101,3,3,0
view2,1162,4,0,0.9356,0.9101,3,3,0
view2,1163,4,0,0.9308,0.9098,3,3,0
view2,1164,4,0,0.9448,0.9098,3,3,0
view2,1165,4,0,0.9392,0.9097,2,3,0
view2,1166,4,0,0.9456,0.9096,3,3,0
view2,1167,4,0,0.9444,0.9096,2,3,0
view2,1168,4,0,0.9451,0.9096,3,3,0
view2,1169,4,0,0.9568,0.9096,2,3,0
view2,1170,4,0,0.9514,0.9097,3,3,0
view2,1171,4,0,0.9652,0.9098,3,3,0
view2,1172,4,0,0.9624,0.9098,1,3,0
view2,1173,4,0,0.9532,0.9097,3,3,0
view2,1174,4,0,0.9502,0.9097,3,3,0
view2,1175,4,0,0.959,0.9097,3,3,0
view2,1176,4,0,0.952,0.9097,3,3,0
view2,1177,4,0,0.9593,0.9097,1,3,0
view2,1178,4,0,0.9583,0.9097,3,3,0
view2,1179,4,0,0.9579,0.9097,1,3,0
view2,1180,4,0,0.967,0.9098,3,3,0
view2,1181,4,0,0.9603,0.9098,3,3,0
view2,1182,4,0,0.9584,0.9098,2,3,0
view2,1183,4,0,0.9603,0.9097,3,3,0
view2,1184,4,0,0.963,0.9097,2,3,0
view2,1185,4,0,0.959,0.9096,2,3,0
view2,1186,4,0,0.9606,0.9096,2,3,0
view2,1187,4,0,0.9668,0.9096,2,3,0
view2,1188,4,0,0.9642,0.9096,2,3,0
view2,1189,4,0,0.9569,0.9095,3,3,0
view2,1190,4,0,0.9468,0.9094,3,3,0
view2,1191,4,0,0.9564,0.9094,4,3,0
view2,1192,4,0,0.9491,0.9094,3,3,0
view2,1193,4,0,0.9484,0.9093,3,3,0
view2,1194,4,0,0.9382,0.9092,3,3,0
view2,1195,4,0,0.9337,0.909,3,3,0
view2,1196,4,0,0.9331,0.9088,3,3,0
view2,1197,4,0,0.9379,0.9087,3,3,0
view2,1198,4,0,0.9387,0.9084,3,3,0
view2,1199,4,0,0.9357,0.9082,3,3,0
view2,1200,4,0,0.9449,0.9081,3,3,0
view2,1201,4,0,0.9537,0.908,3,3,0
view2,1202,4,0,0.9519,0.908,3,3,0
view2,1203,4,0,0.9475,0.9079,3,3,0
view2,1204,4,0,0.9482,0.9078,3,3,0
view2,1205,4,0,0.9269,0.9075,3,3,0
view2,1206,4,0,0.9178,0.9071,3,3,0
view2,1207,4,0,0.9143,0.9067,3,3,0
view2,1208,4,0,0.9235,0.9063,3,3,0
view2,1209,4,0,0.914,0.9059,3,3,0
view2,1210,4,0,0.9299,0.9057,3,3,0
view2,1211,4,0,0.9388,0.9055,3,3,0
view2,1212,4,0,0.9385,0.9054,3,3,0
view2,1213,4,0,0.9278,0.905,3,3,0
view2,1214,4,0,0.9333,0.9048,3,3,0
view2,1215,4,0,0.9273,0.9045,4,3,0
view2,1216,4,0,0.9237,0.9042,4,3,0
view2,1217,4,0,0.9288,0.9039,4,3,0
view2,1218,4,0,0.9257,0.9037,3,3,0
view2,1219,4,0,0.9316,0.9034,4,3,0
view2,1220,4,0,0.9304,0.9033,4,3,0
view2,1221,4,0,0.9301,0.9031,4,3,0
view2,1222,4,0,0.9332,0.9029,4,3,0
view2,1223,4,0,0.9308,0.9027,4,3,0
view2,1224,4,0,0.9221,0.9025,4,3,0
view2,1225,4,0,0.9358,0.9023,3,3,0
view2,1226,4,0,0.9296,0.9022,4,3,0
view2,1227,4,0,0.9343,0.902,4,3,0
view2,1228,4,0,0.9342,0.9018,3,3,0
view2,1229,4,0,0.9349,0.9017,3,3,0
view2,1230,4,0,0.9326,0.9015,2,3,0
view2,1231,4,0,0.9335,0.9014,3,3,0
view2,1232,4,0,0.9307,0.9012,3,3,0
view2,1233,4,0,0.9384,0.9011,3,3,0
view2,1234,4,0,0.9338,0.901,3,3,0
view2,1235,4,0,0.9346,0.9009,3,3,0
view2,1236,4,0,0.9389,0.9008,2,3,0
view2,1237,4,0,0.9301,0.9006,2,3,0
view2,1238,4,0,0.9301,0.9005,2,3,0
view2,1239,4,0,0.9404,0.9004,1,3,0
view2,1240,4,0,0.9527,0.9004,2,3,0
view2,1241,4,0,0.9405,0.9003,2,3,0
view2,1242,4,0,0.9424,0.9002,2,3,0
view2,1243,4,0,0.936,0.9002,2,3,0
view2,1244,4,0,0.9395,0.9001,1,3,0
view2,1245,4,0,0.9456,0.9,3,3,0
view2,1246,4,0,0.9394,0.9,3,3,0
view2,1247,4,0,0.94,0.8999,1,3,0
view2,1248,4,0,0.9345,0.8999,2,3,0
view2,1249,4,0,0.9277,0.8997,1,3,0
view2,1250,5,1,0.0,0.85,2,0,0
view2,1251,5,0,0.9792,0.85,2,2,0
view2,1252,5,1,0.979,0.9791,1,2,0
view2,1253,5,0,0.9897,0.9793,4,1,0
view2,1254,5,1,0.9767,0.9775,3,1,0
view2,1255,5,0,0.9867,0.9777,3,3,0
view2,1256,5,0,0.9781,0.9756,3,1,0
view2,1257,5,0,0.9762,0.9735,3,1,0
view2,1258,5,1,0.9501,0.9639,4,1,0
view2,1259,5,0,0.9859,0.9633,3,4,0
view2,1260,5,0,0.9744,0.9639,3,4,0
view2,1261,5,0,0.9818,0.9627,2,4,0
view2,1262,5,0,0.9746,0.9628,4,1,0
view2,1263,5,0,0.9717,0.9623,4,1,0
view2,1264,5,0,0.9715,0.9623,3,1,0
view2,1265,5,0,0.9665,0.9608,3,4,0
view2,1266,5,1,0.9581,0.9584,4,4,0
view2,1267,5,0,0.9728,0.9566,3,4,0
view2,1268,5,0,0.9688,0.9557,4,4,0
view2,1269,5,0,0.96,0.952,2,4,0
view2,1270,5,0,0.9697,0.9511,2,4,0
view2,1271,5,0,0.9746,0.9509,3,4,0
view2,1272,5,0,0.9746,0.95,2,4,0
view2,1273,5,0,0.9645,0.9483,4,4,0
view2,1274,5,0,0.962,0.9453,3,4,0
view2,1275,5,0,0.9703,0.9442,3,4,0
view2,1276,5,0,0.962,0.944,2,4,0
view2,1277,5,0,0.9601,0.9434,2,4,0
view2,1278,5,0,0.9457,0.9423,2,4,0
view2,1279,5,0,0.9456,0.9419,2,2,0
view2,1280,5,0,0.9447,0.9414,3,2,0
view2,1281,5,0,0.9577,0.9403,3,4,0
view2,1282,5,0,0.9568,0.94,3,4,0
view2,1283,5,0,0.9564,0.94,3,4,0
view2,1284,5,0,0.9537,0.9398,3,4,0
view2,1285,5,0,0.9564,0.9395,2,4,0
view2,1286,5,0,0.9542,0.9395,3,4,0
view2,1287,5,0,0.9493,0.9393,4,4,0
view2,1288,5,0,0.9433,0.9388,4,4,0
view2,1289,5,1,0.9342,0.938,3,4,0
view2,1290,5,0,0.9756,0.9369,2,3,0
view2,1291,5,0,0.9782,0.9365,2,3,0
view2,1292,5,0,0.9721,0.936,2,3,0
view2,1293,5,0,0.9696,0.9361,3,3,0
view2,1294,5,0,0.9613,0.9355,3,3,0
view2,1295,5,0,0.9522,0.9352,1,3,0
view2,1296,5,0,0.9503,0.9344,2,3,0
view2,1297,5,0,0.9616,0.934,4,3,0
view2,1298,5,0,0.9646,0.9339,2,3,0
view2,1299,5,0,0.9468,0.9336,2,4,0
view2,1300,5,0,0.9496,0.9331,1,3,0
view2,1301,5,0,0.9482,0.9327,2,3,0
view2,1302,5,0,0.9604,0.9324,2,3,0
view2,1303,5,0,0.9558,0.9321,2,3,0
view2,1304,5,0,0.9513,0.9321,2,3,0
view2,1305,5,0,0.951,0.932,3,3,0
view2,1306,5,0,0.9523,0.9318,3,4,0
view2,1307,5,0,0.9437,0.9313,3,3,0
view2,1308,5,0,0.9455,0.9314,3,3,0
view2,1309,5,0,0.9567,0.9316,3,4,0
view2,1310,5,0,0.9541,0.9314,3,4,0
view2,1311,5,0,0.9571,0.9312,3,3,0
view2,1312,5,0,0.9625,0.9312,3,4,0
view2,1313,5,0,0.9645,0.9315,3,3,0
view2,1314,5,0,0.9584,0.9317,3,3,0
view2,1315,5,0,0.9557,0.9317,3,4,0
view2,1316,5,0,0.9593,0.9316,3,4,0
view2,1317,5,0,0.9473,0.9314,2,4,0
view2,1318,5,0,0.9469,0.9312,3,3,0
view2,1319,5,0,0.9454,0.931,1,4,0
view2,1320,5,0,0.9511,0.9306,2,4,0
view2,1321,5,0,0.9584,0.9308,2,4,0
view2,1322,5,0,0.9608,0.931,2,4,0
view2,1323,5,0,0.9516,0.9311,3,3,0
view2,1324,5,0,0.9454,0.931,3,4,0
view2,1325,5,0,0.9334,0.9306,2,4,0
view2,1326,5,0,0.9592,0.9306,2,4,0
view2,1327,5,0,0.9515,0.9307,3,4,0
view2,1328,5,0,0.9627,0.9309,3,4,0
view2,1329,5,0,0.9545,0.9308,3,4,0
view2,1330,5,0,0.9567,0.9308,2,4,0
view2,1331,5,0,0.9519,0.9308,3,4,0
view2,1332,5,0,0.9568,0.9308,3,4,0
view2,1333,5,0,0.9592,0.9308,2,4,0
view2,1334,5,0,0.9527,0.9309,4,4,0
view2,1335,5,0,0.9641,0.931,5,4,0
view2,1336,5,0,0.9505,0.9311,5,1,0
view2,1337,5,0,0.9578,0.9312,5,4,0
view2,1338,5,0,0.9625,0.9312,4,4,0
view2,1339,5,0,0.9528,0.9312,5,4,0
view2,1340,5,0,0.9445,0.931,5,4,0
view2,1341,5,0,0.944,0.931,4,4,0
view2,1342,5,0,0.9481,0.9309,4,4,0
view2,1343,5,0,0.9319,0.9307,6,4,0
view2,1344,5,0,0.9329,0.9306,5,4,0
view2,1345,5,1,0.9253,0.9304,5,3,0
view2,1346,5,0,0.9825,0.9301,5,5,0
view2,1347,5,0,0.9839,0.9297,4,5,0
view2,1348,5,0,0.983,0.9295,5,5,0
view2,1349,5,0,0.9764,0.9293,4,5,0
view2,1350,5,0,0.9765,0.9292,4,5,0
view2,1351,5,0,0.965,0.9289,4,5,0
view2,1352,5,0,0.9603,0.9287,3,5,0
view2,1353,5,0,0.9561,0.9284,3,5,0
view2,1354,5,0,0.9389,0.9278,3,5,0
view2,1355,5,0,0.9486,0.9276,4,5,0
view2,1356,5,0,0.9443,0.9272,4,5,0
view2,1357,5,0,0.9313,0.9266,3,5,0
view2,1358,5,0,0.9363,0.9259,3,5,0
view2,1359,5,0,0.9409,0.9255,4,5,0
view2,1360,5,0,0.9397,0.925,3,5,0
view2,1361,5,0,0.9361,0.9245,3,5,0
view2,1362,5,0,0.9364,0.924,3,5,0
view2,1363,5,0,0.9258,0.9234,3,5,0
view2,1364,5,0,0.9249,0.923,3,5,0
view2,1365,5,1,0.9149,0.9222,3,5,0
view2,1366,5,0,0.9744,0.9217,3,3,0
view2,1367,5,0,0.9672,0.9211,4,3,0
view2,1368,5,0,0.9499,0.9201,3,3,0
view2,1369,5,0,0.9603,0.9196,4,3,0
view2,1370,5,0,0.9475,0.9188,3,3,0
view2,1371,5,0,0.9378,0.9181,4,3,0
view2,1372,5,0,0.9315,0.9173,4,3,0
view2,1373,5,0,0.9267,0.9166,4,3,0
view2,1374,5,0,0.9249,0.9159,4,3,0
view2,1375,5,0,0.932,0.9153,4,3,0
view2,1376,5,0,0.9307,0.9146,5,3,0
view2,1377,5,0,0.9319,0.9142,5,3,0
view2,1378,5,0,0.9334,0.9137,4,3,0
view2,1379,5,0,0.9283,0.9131,4,3,0
view2,1380,5,0,0.9265,0.9124,4,3,0
view2,1381,5,0,0.9286,0.912,4,3,0
view2,1382,5,0,0.9243,0.9116,4,3,0
view2,1383,5,0,0.9242,0.9113,4,3,0
view2,1384,5,0,0.9175,0.911,5,4,0
view2,1385,5,0,0.9214,0.9108,5,3,0
view2,1386,5,0,0.9304,0.9107,5,4,0
view2,1387,5,0,0.93,0.9106,3,4,0
view2,1388,5,0,0.9378,0.9107,5,4,0
view2,1389,5,0,0.9346,0.9108,5,4,0
view2,1390,5,0,0.9315,0.9108,5,4,0
view2,1391,5,0,0.9461,0.9109,4,1,0
view2,1392,5,0,0.9463,0.911,5,1,0
view2,1393,5,0,0.9434,0.911,4,4,0
view2,1394,5,0,0.9563,0.9112,4,4,0
view2,1395,5,0,0.946,0.9113,4,4,0
view2,1396,5,0,0.9464,0.9114,3,1,0
view2,1397,5,0,0.9268,0.9113,5,4,0
view2,1398,5,0,0.9281,0.9113,4,4,0
view2,1399,5,0,0.9305,0.9112,4,4,0
view2,1400,5,0,0.9391,0.9111,3,4,0
view2,1401,5,0,0.9278,0.9108,4,4,0
view2,1402,5,0,0.9475,0.9108,4,4,0
view2,1403,5,0,0.9247,0.9106,3,4,0
view2,1404,5,0,0.9241,0.9104,4,4,0
view2,1405,5,0,0.917,0.9101,4,4,0
view2,1406,5,0,0.9164,0.9098,4,4,0
view2,1407,5,1,0.8956,0.9092,5,4,0
view2,1408,5,0,0.9648,0.9091,3,5,0
view2,1409,5,0,0.9695,0.909,3,5,0
view2,1410,5,0,0.9666,0.9087,4,5,0
view2,1411,5,0,0.9618,0.9085,3,5,0
view2,1412,5,0,0.9714,0.9084,3,5,0
view2,1413,5,0,0.96,0.9083,4,5,0
view2,1414,5,0,0.9447,0.9083,3,5,0
view2,1415,5,0,0.9457,0.9084,3,4,0
view2,1416,5,0,0.9369,0.9084,3,4,0
view2,1417,5,0,0.9399,0.9085,4,4,0
view2,1418,5,0,0.9431,0.9086,3,1,0
view2,1419,5,0,0.955,0.9087,3,4,0
view2,1420,5,0,0.9563,0.9088,2,1,0
view2,1421,5,0,0.9569,0.9089,4,1,0
view2,1422,5,0,0.958,0.909,3,1,0
view2,1423,5,0,0.9481,0.9091,4,4,0
view2,1424,5,0,0.9519,0.9091,4,1,0
view2,1425,5,0,0.9414,0.9092,6,3,0
view2,1426,5,0,0.9447,0.9093,3,1,0
view2,1427,5,0,0.9387,0.9093,4,1,0
view2,1428,5,0,0.9409,0.9094,4,4,0
view2,1429,5,0,0.9413,0.9095,4,4,0
view2,1430,5,0,0.9313,0.9095,4,4,0
view2,1431,5,0,0.9314,0.9095,4,1,0
view2,1432,5,0,0.9299,0.9094,3,2,0
view2,1433,5,0,0.9295,0.9093,3,1,0
view2,1434,5,0,0.9231,0.9092,2,1,0
view2,1435,5,0,0.9396,0.9092,3,1,0
view2,1436,5,0,0.9463,0.9092,2,2,0
view2,1437,5,0,0.9465,0.9092,3,1,0
view2,1438,5,0,0.937,0.9093,3,1,0
view2,1439,5,0,0.9319,0.9093,3,3,0
view2,1440,5,0,0.9312,0.9092,3,1,0
view2,1441,5,0,0.9236,0.9091,2,3,0
view2,1442,5,0,0.9284,0.909,3,3,0
view2,1443,5,0,0.9244,0.9087,3,3,0
view2,1444,5,0,0.9361,0.9086,4,3,0
view2,1445,5,0,0.9337,0.9085,4,3,0
view2,1446,5,0,0.9386,0.9084,4,3,0
view2,1447,5,0,0.9372,0.9083,4,3,0
view2,1448,5,0,0.9343,0.9082,4,3,0
view2,1449,5,0,0.935,0.908,4,3,0
view2,1450,5,0,0.9406,0.9077,4,3,0
view2,1451,5,0,0.9455,0.9075,4,3,0
view2,1452,5,0,0.9196,0.9072,4,3,0
view2,1453,5,0,0.9116,0.9069,4,3,0
view2,1454,5,0,0.9064,0.9064,4,3,0
view2,1455,5,1,0.9028,0.9059,4,3,0
view2,1456,5,0,0.9832,0.9057,4,4,0
view2,1457,5,0,0.9771,0.9054,4,4,0
view2,1458,5,0,0.9779,0.9051,4,4,0
view2,1459,5,0,0.9728,0.9047,4,4,0
view2,1460,5,0,0.9644,0.9046,4,4,0
view2,1461,5,0,0.9624,0.9044,4,4,0
view2,1462,5,0,0.9511,0.9042,3,4,0
view2,1463,5,0,0.9466,0.9039,4,4,0
view2,1464,5,0,0.9596,0.9037,3,4,0
view2,1465,5,0,0.9577,0.9036,4,4,0
view2,1466,5,0,0.9434,0.9035,3,4,0
view2,1467,5,0,0.9325,0.9035,3,4,0
view2,1468,5,0,0.9274,0.9034,3,4,0
view2,1469,5,0,0.933,0.9033,2,4,0
view2,1470,5,0,0.9245,0.9031,2,4,0
view2,1471,5,0,0.9366,0.9029,2,4,0
view2,1472,5,0,0.9202,0.9028,2,3,0
view2,1473,5,0,0.9247,0.9027,2,4,0
view2,1474,5,0,0.9186,0.9025,2,4,0
view2,1475,5,0,0.9162,0.9024,3,3,0
view2,1476,5,0,0.926,0.9022,4,4,0
view2,1477,5,0,0.9303,0.9021,3,4,0
view2,1478,5,0,0.9367,0.902,3,4,0
view2,1479,5,0,0.9527,0.9017,3,4,0
view2,1480,5,0,0.9526,0.9015,4,4,0
view2,1481,5,0,0.942,0.9015,4,4,0
view2,1482,5,0,0.9463,0.9014,4,4,0
view2,1483,5,0,0.941,0.9012,4,4,0
view2,1484,5,0,0.9391,0.901,4,4,0
view2,1485,5,0,0.945,0.9008,3,4,0
view2,1486,5,0,0.9345,0.9007,4,4,0
view2,1487,5,0,0.9351,0.9007,4,4,0
view2,1488,5,0,0.9289,0.9007,4,4,0
view2,1489,5,0,0.9347,0.9008,4,4,0
view2,1490,5,0,0.9335,0.9008,4,4,0
view2,1491,5,0,0.9337,0.9008,4,3,0
view2,1492,5,0,0.9352,0.9009,4,4,0
view2,1493,5,0,0.9439,0.9009,4,4,0
view2,1494,5,0,0.9289,0.901,3,3,0
view2,1495,5,0,0.9432,0.9011,4,4,0
view2,1496,5,0,0.9351,0.901,4,3,0
view2,1497,5,0,0.9335,0.901,4,3,0
view2,1498,5,0,0.9372,0.901,3,3,0
view2,1499,5,0,0.9184,0.9009,2,3,0
view2,1500,6,1,0.0,0.85,4,0,0
view2,1501,6,0,0.9854,0.85,4,4,0
view2,1502,6,1,0.9781,0.9799,4,4,0
view2,1503,6,0,0.9812,0.9729,5,4,0
view2,1504,6,0,0.9797,0.9685,3,4,0
view2,1505,6,0,0.9729,0.9629,3,4,0
view2,1506,6,0,0.972,0.9623,3,4,0
view2,1507,6,0,0.9732,0.9617,4,4,0
view2,1508,6,0,0.96,0.957,3,4,0
view2,1509,6,0,0.9694,0.9559,4,4,0
view2,1510,6,0,0.9603,0.9531,3,4,0
view2,1511,6,0,0.9635,0.9524,4,4,0
view2,1512,6,0,0.9567,0.9508,4,4,0
view2,1513,6,0,0.9554,0.9491,4,4,0
view2,1514,6,0,0.9495,0.9471,4,4,0
view2,1515,6,0,0.9505,0.9462,5,4,0
view2,1516,6,1,0.9408,0.944,3,4,0
view2,1517,6,0,0.9834,0.9443,2,3,0
view2,1518,6,0,0.9713,0.9419,4,3,0
view2,1519,6,0,0.9755,0.9413,2,3,0
view2,1520,6,0,0.9661,0.9411,3,3,0
view2,1521,6,0,0.9623,0.9406,3,3,0
view2,1522,6,0,0.9731,0.9402,3,3,0
view2,1523,6,0,0.965,0.9405,3,3,0
view2,1524,6,0,0.962,0.9408,3,3,0
view2,1525,6,0,0.9543,0.9411,4,3,0
view2,1526,6,0,0.9619,0.9413,3,3,0
view2,1527,6,0,0.9724,0.9413,3,3,0
view2,1528,6,0,0.9674,0.9415,4,3,0
view2,1529,6,0,0.9657,0.9415,4,3,0
view2,1530,6,0,0.9595,0.9416,4,3,0
view2,1531,6,0,0.956,0.9412,3,3,0
view2,1532,6,0,0.9632,0.9407,3,3,0
view2,1533,6,0,0.952,0.9396,3,3,0
view2,1534,6,0,0.9469,0.939,3,3,0
view2,1535,6,0,0.9428,0.9383,3,3,0
view2,1536,6,0,0.9471,0.9376,4,3,0
view2,1537,6,0,0.9591,0.9372,3,3,0
view2,1538,6,0,0.9559,0.9366,4,3,0
view2,1539,6,0,0.9585,0.9362,2,3,0
view2,1540,6,0,0.9472,0.9359,4,3,0
view2,1541,6,0,0.941,0.9355,4,3,0
view2,1542,6,0,0.9662,0.9355,4,3,0
view2,1543,6,0,0.9555,0.9351,3,3,0
view2,1544,6,0,0.9512,0.9345,5,3,0
view2,1545,6,0,0.9578,0.9343,5,3,0
view2,1546,6,0,0.9562,0.9339,3,3,0
view2,1547,6,0,0.9626,0.934,5,3,0
view2,1548,6,0,0.9563,0.9337,2,3,0
view2,1549,6,0,0.9594,0.9333,3,3,0
view2,1550,6,0,0.9653,0.933,4,3,0
view2,1551,6,0,0.9572,0.9329,3,3,0
view2,1552,6,0,0.956,0.9329,3,3,0
view2,1553,6,0,0.9638,0.933,3,3,0
view2,1554,6,0,0.9641,0.9329,3,3,0
view2,1555,6,0,0.9715,0.933,3,3,0
view2,1556,6,0,0.9686,0.9329,3,3,0
view2,1557,6,0,0.9683,0.9328,3,3,0
view2,1558,6,0,0.9598,0.9325,3,3,0
view2,1559,6,0,0.968,0.9325,3,3,0
view2,1560,6,0,0.9657,0.9324,4,3,0
view2,1561,6,0,0.9689,0.9325,2,3,0
view2,1562,6,0,0.9498,0.9326,2,3,0
view2,1563,6,0,0.9679,0.9326,3,3,0
view2,1564,6,0,0.9654,0.9328,4,3,0
view2,1565,6,0,0.9588,0.9328,4,3,0
view2,1566,6,0,0.9552,0.9328,3,3,0
view2,1567,6,0,0.9429,0.9327,4,3,0
view2,1568,6,0,0.9341,0.9325,4,4,0
view2,1569,6,0,0.946,0.9325,4,3,0
view2,1570,6,0,0.9512,0.9325,4,3,0
view2,1571,6,0,0.9444,0.9324,4,3,0
view2,1572,6,0,0.9472,0.9323,4,3,0
view2,1573,6,0,0.95,0.9324,4,3,0
view2,1574,6,0,0.9458,0.9324,5,4,0
view2,1575,6,0,0.9351,0.9322,4,3,0
view2,1576,6,1,0.9286,0.932,3,4,0
view2,1577,6,0,0.9783,0.9319,4,3,0
view2,1578,6,0,0.9758,0.9318,4,3,0
view2,1579,6,0,0.9657,0.9316,4,3,0
view2,1580,6,0,0.9658,0.9313,4,3,0
view2,1581,6,0,0.9552,0.9307,4,3,0
view2,1582,6,0,0.9521,0.9302,4,3,0
view2,1583,6,0,0.9497,0.9297,4,3,0
view2,1584,6,0,0.9504,0.9292,4,3,0
view2,1585,6,0,0.9389,0.9286,4,3,0
view2,1586,6,0,0.9452,0.928,4,3,0
view2,1587,6,0,0.9284,0.9271,4,3,0
view2,1588,6,0,0.9319,0.9264,4,3,0
view2,1589,6,0,0.9264,0.9255,4,3,0
view2,1590,6,1,0.9246,0.9247,4,3,0
view2,1591,6,0,0.9895,0.9241,4,4,0
view2,1592,6,0,0.9894,0.9233,4,4,0
view2,1593,6,0,0.984,0.9225,4,4,0
view2,1594,6,0,0.9807,0.9217,4,4,0
view2,1595,6,0,0.9763,0.9209,4,4,0
view2,1596,6,0,0.9764,0.9203,4,4,0
view2,1597,6,0,0.9635,0.9194,4,4,0
view2,1598,6,0,0.9633,0.9183,4,4,0
view2,1599,6,0,0.9567,0.9172,4,4,0
view2,1600,6,0,0.9507,0.9164,4,4,0
view2,1601,6,0,0.9483,0.9156,4,4,0
view2,1602,6,0,0.9459,0.9149,4,4,0
view2,1603,6,0,0.9382,0.9144,4,4,0
view2,1604,6,0,0.95,0.9139,5,4,0
view2,1605,6,0,0.9424,0.9132,5,4,0
view2,1606,6,0,0.9416,0.9127,4,4,0
view2,1607,6,0,0.9424,0.912,4,4,0
view2,1608,6,0,0.936,0.9114,5,4,0
view2,1609,6,0,0.9436,0.911,5,4,0
view2,1610,6,0,0.9272,0.9101,5,4,0
view2,1611,6,0,0.9282,0.9094,5,4,0
view2,1612,6,0,0.9268,0.9088,5,4,0
view2,1613,6,0,0.9314,0.9082,5,3,0
view2,1614,6,0,0.934,0.9078,4,3,0
view2,1615,6,0,0.9313,0.9074,4,3,0
view2,1616,6,0,0.9365,0.907,4,3,0
view2,1617,6,0,0.9331,0.9066,4,3,0
view2,1618,6,0,0.9393,0.9064,4,3,0
view2,1619,6,0,0.937,0.9062,4,3,0
view2,1620,6,0,0.94,0.906,4,3,0
view2,1621,6,0,0.9333,0.9057,5,3,0
view2,1622,6,0,0.9272,0.9054,4,3,0
view2,1623,6,0,0.9121,0.905,4,3,0
view2,1624,6,0,0.9245,0.9048,4,3,0
view2,1625,6,0,0.9242,0.9045,4,3,0
view2,1626,6,0,0.9191,0.9043,5,3,0
view2,1627,6,0,0.9045,0.9039,4,4,0
view2,1628,6,0,0.9224,0.9038,4,3,0
view2,1629,6,0,0.9136,0.9035,4,3,0
view2,1630,6,0,0.9257,0.9034,4,3,0
view2,1631,6,0,0.9277,0.9034,4,4,0
view2,1632,6,0,0.9402,0.9035,4,4,0
view2,1633,6,0,0.9413,0.9035,4,4,0
view2,1634,6,0,0.947,0.9035,4,4,0
view2,1635,6,0,0.9459,0.9037,4,4,0
view2,1636,6,0,0.9539,0.9039,5,4,0
view2,1637,6,0,0.9502,0.904,4,4,0
view2,1638,6,0,0.9515,0.9042,3,4,0
view2,1639,6,0,0.9537,0.9044,4,4,0
view2,1640,6,0,0.9458,0.9046,3,4,0
view2,1641,6,0,0.9529,0.9048,3,4,0
view2,1642,6,0,0.9549,0.905,3,4,0
view2,1643,6,0,0.9537,0.9052,3,4,0
view2,1644,6,0,0.9536,0.9054,3,4,0
view2,1645,6,0,0.9463,0.9055,3,4,0
view2,1646,6,0,0.9447,0.9057,3,4,0
view2,1647,6,0,0.9429,0.9057,3,4,0
view2,1648,6,0,0.934,0.9057,4,4,0
view2,1649,6,0,0.9435,0.9058,4,4,0
view2,1650,6,0,0.9319,0.9058,4,4,0
view2,1651,6,0,0.9267,0.9058,4,3,0
view2,1652,6,0,0.9073,0.9056,4,4,0
view2,1653,6,0,0.9146,0.9055,4,4,0
view2,1654,6,0,0.9117,0.9053,3,4,0
view2,1655,6,0,0.9084,0.9051,4,4,0
view2,1656,6,0,0.9145,0.905,4,4,0
view2,1657,6,0,0.9176,0.9049,4,4,0
view2,1658,6,0,0.9127,0.9047,4,4,0
view2,1659,6,0,0.9072,0.9044,3,4,0
view2,1660,6,0,0.9277,0.9043,4,4,0
view2,1661,6,0,0.9285,0.9043,4,4,0
view2,1662,6,0,0.9184,0.9042,4,4,0
view2,1663,6,0,0.917,0.9041,4,4,0
view2,1664,6,0,0.9345,0.9042,4,4,0
view2,1665,6,0,0.9294,0.9042,4,4,0
view2,1666,6,0,0.9205,0.9042,4,4,0
view2,1667,6,0,0.9362,0.9043,4,4,0
view2,1668,6,0,0.933,0.9043,3,4,0
view2,1669,6,0,0.9409,0.9043,4,4,0
view2,1670,6,0,0.9347,0.9043,4,4,0
view2,1671,6,0,0.9408,0.9043,5,4,0
view2,1672,6,0,0.9392,0.9043,4,4,0
view2,1673,6,0,0.9317,0.9043,4,4,0
view2,1674,6,0,0.9275,0.9043,3,4,0
view2,1675,6,0,0.9326,0.9043,3,3,0
view2,1676,6,0,0.9403,0.9044,2,3,0
view2,1677,6,0,0.9305,0.9043,2,3,0
view2,1678,6,0,0.9358,0.9044,3,3,0
view2,1679,6,0,0.9434,0.9044,2,3,0
view2,1680,6,0,0.942,0.9045,3,3,0
view2,1681,6,0,0.9412,0.9045,3,3,0
view2,1682,6,0,0.9447,0.9046,2,3,0
view2,1683,6,0,0.9374,0.9047,3,3,0
view2,1684,6,0,0.935,0.9047,4,3,0
view2,1685,6,0,0.9342,0.9047,4,3,0
view2,1686,6,0,0.9329,0.9048,3,4,0
view2,1687,6,0,0.9338,0.9048,3,3,0
view2,1688,6,0,0.9345,0.9049,4,3,0
view2,1689,6,0,0.9234,0.9048,3,3,0
view2,1690,6,0,0.9337,0.9049,3,3,0
view2,1691,6,0,0.9296,0.9049,3,4,0
view2,1692,6,0,0.9207,0.9049,3,4,0
view2,1693,6,0,0.9211,0.9048,2,3,0
view2,1694,6,0,0.9129,0.9046,3,3,0
view2,1695,6,0,0.9298,0.9046,3,3,0
view2,1696,6,0,0.9258,0.9045,3,3,0
view2,1697,6,0,0.9259,0.9045,4,3,0
view2,1698,6,0,0.9177,0.9044,2,3,0
view2,1699,6,1,0.8996,0.9041,4,3,0
view2,1700,6,0,0.985,0.904,2,4,0
view2,1701,6,0,0.9761,0.904,3,4,0
view2,1702,6,0,0.9722,0.9039,2,4,0
view2,1703,6,0,0.9757,0.9038,2,4,0
view2,1704,6,0,0.9752,0.9037,3,4,0
view2,1705,6,0,0.9481,0.9036,2,4,0
view2,1706,6,0,0.9214,0.9035,2,4,0
view2,1707,6,0,0.9127,0.9033,5,4,0
view2,1708,6,0,0.9066,0.9031,3,4,0
view2,1709,6,0,0.911,0.9029,4,4,0
view2,1710,6,0,0.9178,0.9029,3,4,0
view2,1711,6,0,0.9109,0.9028,3,4,0
view2,1712,6,0,0.9159,0.9026,2,4,0
view2,1713,6,0,0.9125,0.9025,3,4,0
view2,1714,6,0,0.9128,0.9023,3,4,0
view2,1715,6,0,0.9055,0.902,2,4,0
view2,1716,6,0,0.9149,0.9019,3,4,0
view2,1717,6,0,0.9159,0.9018,2,4,0
view2,1718,6,1,0.8999,0.9015,3,4,0
view2,1719,6,0,0.9826,0.9014,2,3,0
view2,1720,6,0,0.9856,0.9012,4,3,0
view2,1721,6,0,0.9797,0.9011,3,3,0
view2,1722,6,0,0.9802,0.901,1,3,0
view2,1723,6,0,0.9795,0.9008,3,3,0
view2,1724,6,0,0.973,0.9006,2,3,0
view2,1725,6,0,0.978,0.9003,4,3,0
view2,1726,6,0,0.9718,0.9001,3,3,0
view2,1727,6,0,0.9736,0.8999,1,3,0
view2,1728,6,0,0.9731,0.8999,3,3,0
view2,1729,6,0,0.9717,0.8997,1,3,0
view2,1730,6,0,0.9714,0.8996,1,3,0
view2,1731,6,0,0.9687,0.8994,3,3,0
view2,1732,6,0,0.9721,0.8993,3,3,0
view2,1733,6,0,0.9728,0.8993,2,3,0
view2,1734,6,0,0.9803,0.8992,1,3,0
view2,1735,6,0,0.9659,0.8992,3,3,0
view2,1736,6,0,0.9713,0.8991,3,3,0
view2,1737,6,0,0.9643,0.899,3,3,0
view2,1738,6,0,0.9672,0.899,3,3,0
view2,1739,6,0,0.9629,0.899,2,3,0
view2,1740,6,0,0.9635,0.899,4,3,0
view2,1741,6,0,0.9649,0.899,3,3,0
view2,1742,6,0,0.9672,0.8989,2,3,0
view2,1743,6,0,0.9678,0.8988,2,3,0
view2,1744,6,0,0.9601,0.8988,2,3,0
view2,1745,6,0,0.9663,0.8989,3,3,0
view2,1746,6,0,0.9617,0.8988,3,3,0
view2,1747,6,0,0.9514,0.8988,2,3,0
view2,1748,6,0,0.953,0.8987,3,3,0
view2,1749,6,0,0.9458,0.8987,3,3,0
view2,1750,7,1,0.0,0.85,2,0,0
view2,1751,7,0,0.9865,0.85,3,2,0
view2,1752,7,1,0.979,0.9809,2,2,0
view2,1753,7,0,0.9834,0.9797,3,2,0
view2,1754,7,0,0.9815,0.973,2,2,0
view2,1755,7,0,0.9815,0.972,2,2,0
view2,1756,7,0,0.9766,0.9688,3,2,0
view2,1757,7,0,0.9668,0.9647,3,2,0
view2,1758,7,0,0.966,0.9623,3,2,0
view2,1759,7,0,0.9683,0.9613,3,2,0
view2,1760,7,0,0.9684,0.9606,3,2,0
view2,1761,7,0,0.9613,0.9595,3,2,0
view2,1762,7,1,0.948,0.9557,3,2,0
view2,1763,7,0,0.9896,0.955,3,3,0
view2,1764,7,0,0.9833,0.9537,3,3,0
view2,1765,7,0,0.9663,0.9521,3,3,0
view2,1766,7,0,0.976,0.9508,1,3,0
view2,1767,7,0,0.9709,0.9501,4,3,0
view2,1768,7,0,0.9696,0.9486,4,3,0
view2,1769,7,0,0.9695,0.9484,3,3,0
view2,1770,7,0,0.9593,0.9475,2,3,0
view2,1771,7,0,0.9493,0.9466,2,3,0
view2,1772,7,1,0.9344,0.9437,2,3,0
view2,1773,7,0,0.9916,0.9424,3,2,0
view2,1774,7,0,0.9821,0.9416,3,2,0
view2,1775,7,0,0.9682,0.9409,2,2,0
view2,1776,7,0,0.9606,0.9397,4,2,0
view2,1777,7,0,0.9686,0.9391,2,2,0
view2,1778,7,0,0.9678,0.9384,2,2,0
view2,1779,7,0,0.9547,0.9374,2,2,0
view2,1780,7,0,0.9671,0.9368,3,2,0
view2,1781,7,0,0.9488,0.9358,2,2,0
view2,1782,7,0,0.9628,0.9353,3,2,0
view2,1783,7,0,0.9533,0.9349,3,2,0
view2,1784,7,0,0.9482,0.9342,3,2,0
view2,1785,7,1,0.9282,0.9332,3,2,0
view2,1786,7,0,0.9811,0.9327,2,3,0
view2,1787,7,0,0.9803,0.9325,3,3,0
view2,1788,7,0,0.9742,0.9325,3,3,0
view2,1789,7,0,0.9769,0.9326,3,3,0
view2,1790,7,0,0.9657,0.9328,3,3,0
view2,1791,7,0,0.9664,0.9328,3,3,0
view2,1792,7,0,0.9538,0.9328,6,2,0
view2,1793,7,0,0.9633,0.9328,5,3,0
view2,1794,7,0,0.9585,0.9329,5,3,0
view2,1795,7,0,0.9562,0.933,5,3,0
view2,1796,7,0,0.9578,0.9332,4,3,0
view2,1797,7,0,0.9596,0.9329,3,3,0
view2,1798,7,0,0.9448,0.9324,4,3,0
view2,1799,7,0,0.9526,0.9318,3,3,0
view2,1800,7,0,0.9579,0.9313,4,3,0
view2,1801,7,0,0.947,0.9311,5,3,0
view2,1802,7,0,0.947,0.9306,4,3,0
view2,1803,7,0,0.9331,0.9294,5,3,0
view2,1804,7,0,0.9442,0.9288,5,3,0
view2,1805,7,0,0.942,0.928,5,3,0
view2,1806,7,0,0.9465,0.9277,4,3,0
view2,1807,7,0,0.9387,0.9269,4,3,0
view2,1808,7,0,0.9428,0.9266,4,3,0
view2,1809,7,0,0.9425,0.9261,4,3,0
view2,1810,7,0,0.9424,0.9254,4,3,0
view2,1811,7,0,0.931,0.9243,4,3,0
view2,1812,7,0,0.942,0.9243,4,3,0
view2,1813,7,0,0.9494,0.9241,4,3,0
view2,1814,7,0,0.9476,0.9238,4,3,0
view2,1815,7,0,0.948,0.9239,3,3,0
view2,1816,7,0,0.9421,0.9239,4,2,0
view2,1817,7,0,0.9394,0.9239,4,3,0
view2,1818,7,0,0.9413,0.9239,3,3,0
view2,1819,7,0,0.9476,0.9239,4,3,0
view2,1820,7,0,0.9466,0.9239,4,3,0
view2,1821,7,0,0.9443,0.9239,4,2,0
view2,1822,7,0,0.949,0.9239,4,3,0
view2,1823,7,0,0.9466,0.9238,4,2,0
view2,1824,7,0,0.9397,0.9236,4,2,0
view2,1825,7,0,0.9457,0.9235,3,2,0
view2,1826,7,0,0.9402,0.9233,3,3,0
view2,1827,7,0,0.9427,0.9231,3,3,0
view2,1828,7,0,0.9416,0.9228,3,2,0
view2,1829,7,0,0.9389,0.9225,3,2,0
view2,1830,7,0,0.938,0.9222,3,3,0
view2,1831,7,0,0.9437,0.9219,3,2,0
view2,1832,7,0,0.9435,0.9215,3,2,0
view2,1833,7,0,0.9398,0.9214,3,2,0
view2,1834,7,0,0.9421,0.9213,3,2,0
view2,1835,7,0,0.9443,0.921,3,2,0
view2,1836,7,0,0.9426,0.9207,3,2,0
view2,1837,7,0,0.9334,0.9204,3,2,0
view2,1838,7,0,0.9362,0.9203,3,3,0
view2,1839,7,0,0.9379,0.9203,3,2,0
view2,1840,7,0,0.9384,0.9201,3,2,0
view2,1841,7,0,0.9395,0.9201,3,2,0
view2,1842,7,0,0.9309,0.92,3,3,0
view2,1843,7,0,0.9378,0.9199,3,2,0
view2,1844,7,0,0.9384,0.9197,3,2,0
view2,1845,7,0,0.9384,0.9195,4,2,0
view2,1846,7,0,0.9389,0.9191,4,2,0
view2,1847,7,0,0.9353,0.919,4,2,0
view2,1848,7,0,0.9277,0.9188,4,2,0
view2,1849,7,0,0.9307,0.9186,3,2,0
view2,1850,7,0,0.9384,0.9185,5,2,0
view2,1851,7,0,0.9282,0.9183,4,2,0
view2,1852,7,0,0.9332,0.9181,4,2,0
view2,1853,7,0,0.9287,0.9178,3,2,0
view2,1854,7,0,0.9351,0.9177,4,3,0
view2,1855,7,0,0.9271,0.9175,4,2,0
view2,1856,7,0,0.9256,0.9173,4,2,0
view2,1857,7,0,0.9289,0.9172,4,2,0
view2,1858,7,0,0.9308,0.917,3,2,0
view2,1859,7,0,0.928,0.9169,3,2,0
view2,1860,7,1,0.9091,0.9165,4,2,0
view2,1861,7,0,0.9902,0.9161,3,4,0
view2,1862,7,0,0.9862,0.9158,4,4,0
view2,1863,7,0,0.9823,0.9157,4,4,0
view2,1864,7,0,0.9742,0.9153,4,4,0
view2,1865,7,0,0.9745,0.9152,4,4,0
view2,1866,7,0,0.9748,0.9149,4,4,0
view2,1867,7,0,0.9766,0.9147,4,4,0
view2,1868,7,0,0.9584,0.9145,3,4,0
view2,1869,7,0,0.9583,0.9144,3,4,0
view2,1870,7,0,0.9539,0.9141,3,4,0
view2,1871,7,0,0.9476,0.9138,4,4,0
view2,1872,7,0,0.9474,0.9135,3,4,0
view2,1873,7,0,0.9483,0.9134,3,4,0
view2,1874,7,0,0.9397,0.913,3,4,0
view2,1875,7,0,0.9483,0.9126,3,4,0
view2,1876,7,0,0.9382,0.9121,3,4,0
view2,1877,7,0,0.9471,0.9116,4,4,0
view2,1878,7,0,0.9454,0.911,4,4,0
view2,1879,7,0,0.9319,0.9106,4,4,0
view2,1880,7,0,0.9396,0.9102,5,4,0
view2,1881,7,0,0.9344,0.9097,3,4,0
view2,1882,7,0,0.9433,0.9093,3,4,0
view2,1883,7,0,0.9426,0.9089,4,4,0
view2,1884,7,0,0.9421,0.9084,4,4,0
view2,1885,7,0,0.9476,0.9079,4,4,0
view2,1886,7,0,0.9412,0.9075,4,4,0
view2,1887,7,0,0.941,0.907,3,4,0
view2,1888,7,0,0.9315,0.9064,4,4,0
view2,1889,7,0,0.9389,0.906,4,4,0
view2,1890,7,0,0.9453,0.9058,4,4,0
view2,1891,7,0,0.9405,0.9055,3,4,0
view2,1892,7,0,0.9409,0.9052,3,4,0
view2,1893,7,0,0.9346,0.905,3,4,0
view2,1894,7,0,0.9358,0.9048,3,4,0
view2,1895,7,0,0.9331,0.9046,3,4,0
view2,1896,7,0,0.9325,0.9045,3,4,0
view2,1897,7,0,0.9466,0.9043,3,4,0
view2,1898,7,0,0.9392,0.9041,2,4,0
view2,1899,7,0,0.9467,0.9039,3,4,0
view2,1900,7,0,0.9442,0.9039,2,4,0
view2,1901,7,0,0.954,0.9038,2,4,0
view2,1902,7,0,0.938,0.9037,2,4,0
view2,1903,7,0,0.9492,0.9036,2,4,0
view2,1904,7,0,0.9524,0.9036,2,4,0
view2,1905,7,0,0.9475,0.9035,3,4,0
view2,1906,7,0,0.9441,0.9034,3,4,0
view2,1907,7,0,0.9437,0.9028,2,4,0
view2,1908,7,0,0.9523,0.9024,4,4,0
view2,1909,7,0,0.946,0.902,3,4,0
view2,1910,7,0,0.9478,0.9016,2,4,0
view2,1911,7,0,0.9265,0.9012,3,4,0
view2,1912,7,0,0.9342,0.9007,4,4,0
view2,1913,7,0,0.9401,0.9003,3,4,0
view2,1914,7,0,0.9334,0.8998,3,4,0
view2,1915,7,0,0.9278,0.8992,3,4,0
view2,1916,7,0,0.9371,0.8988,4,4,0
view2,1917,7,0,0.939,0.8983,4,4,0
view2,1918,7,0,0.9317,0.8979,3,4,0
view2,1919,7,0,0.9401,0.8977,4,4,0
view2,1920,7,0,0.929,0.8973,4,4,0
view2,1921,7,0,0.9324,0.8972,4,4,0
view2,1922,7,0,0.9382,0.8971,4,4,0
view2,1923,7,0,0.9443,0.897,3,4,0
view2,1924,7,0,0.9393,0.8969,4,4,0
view2,1925,7,0,0.9455,0.8968,4,4,0
view2,1926,7,0,0.9448,0.8968,4,4,0
view2,1927,7,0,0.9455,0.8967,5,4,0
view2,1928,7,0,0.9457,0.8967,4,4,0
view2,1929,7,0,0.9521,0.8967,4,4,0
view2,1930,7,0,0.9469,0.8967,4,4,0
view2,1931,7,0,0.9382,0.8966,4,4,0
view2,1932,7,0,0.9377,0.8965,4,4,0
view2,1933,7,0,0.933,0.8965,4,4,0
view2,1934,7,0,0.944,0.8966,4,4,0
view2,1935,7,0,0.9307,0.8966,4,3,0
view2,1936,7,0,0.9293,0.8967,4,3,0
view2,1937,7,0,0.9287,0.8968,4,3,0
view2,1938,7,0,0.9343,0.8968,4,2,0
view2,1939,7,0,0.9321,0.8969,4,2,0
view2,1940,7,0,0.9278,0.8969,4,3,0
view2,1941,7,0,0.9198,0.8968,5,3,0
view2,1942,7,0,0.9286,0.8968,3,3,0
view2,1943,7,0,0.9326,0.8969,4,3,0
view2,1944,7,0,0.9293,0.8969,3,3,0
view2,1945,7,0,0.944,0.897,3,3,0
view2,1946,7,0,0.9386,0.8972,4,3,0
view2,1947,7,0,0.9445,0.8973,4,2,0
view2,1948,7,0,0.9345,0.8973,3,2,0
view2,1949,7,0,0.9344,0.8973,4,2,0
view2,1950,7,0,0.9369,0.8974,4,2,0
view2,1951,7,0,0.9438,0.8975,4,2,0
view2,1952,7,0,0.9364,0.8975,4,2,0
view2,1953,7,0,0.9373,0.8975,4,2,0
view2,1954,7,0,0.9282,0.8975,4,2,0
view2,1955,7,0,0.9162,0.8974,4,4,0
view2,1956,7,0,0.9275,0.8974,4,4,0
view2,1957,7,0,0.9307,0.8973,3,4,0
view2,1958,7,0,0.9384,0.8972,4,4,0
view2,1959,7,0,0.9486,0.8971,3,4,0
view2,1960,7,0,0.9375,0.897,3,4,0
view2,1961,7,0,0.9435,0.8969,3,4,0
view2,1962,7,0,0.9476,0.8969,3,4,0
view2,1963,7,0,0.944,0.8968,3,4,0
view2,1964,7,0,0.9501,0.8968,4,4,0
view2,1965,7,0,0.9425,0.8968,3,4,0
view2,1966,7,0,0.9342,0.8968,4,4,0
view2,1967,7,0,0.94,0.8968,3,4,0
view2,1968,7,0,0.9407,0.8968,3,4,0
view2,1969,7,0,0.9367,0.8967,3,4,0
view2,1970,7,0,0.9373,0.8968,3,4,0
view2,1971,7,0,0.9278,0.8968,4,4,0
view2,1972,7,0,0.9288,0.8967,4,4,0
view2,1973,7,0,0.9298,0.8968,3,4,0
view2,1974,7,0,0.9195,0.8967,3,4,0
view2,1975,7,0,0.9333,0.8967,3,4,0
view2,1976,7,0,0.9306,0.8966,3,4,0
view2,1977,7,0,0.9234,0.8966,3,4,0
view2,1978,7,0,0.9244,0.8965,3,4,0
view2,1979,7,0,0.9127,0.8964,3,4,0
view2,1980,7,0,0.924,0.8964,3,4,0
view2,1981,7,0,0.9256,0.8964,5,4,0
view2,1982,7,0,0.9346,0.8964,4,4,0
view2,1983,7,0,0.9236,0.8964,3,4,0
view2,1984,7,0,0.918,0.8964,3,4,0
view2,1985,7,0,0.924,0.8963,4,4,0
view2,1986,7,0,0.9158,0.8962,4,4,0
view2,1987,7,0,0.9216,0.8961,4,4,0
view2,1988,7,0,0.9302,0.8962,4,4,0
view2,1989,7,0,0.9316,0.8962,4,3,0
view2,1990,7,0,0.927,0.8962,4,3,0
view2,1991,7,0,0.929,0.8961,3,3,0
view2,1992,7,0,0.9302,0.8962,3,3,0
view2,1993,7,0,0.9314,0.8961,3,3,0
view2,1994,7,0,0.9211,0.8961,4,3,0
view2,1995,7,0,0.916,0.8961,3,2,0
view2,1996,7,0,0.9219,0.896,3,2,0
view2,1997,7,0,0.914,0.8959,5,2,0
view2,1998,7,0,0.9118,0.8958,3,2,0
view2,1999,7,0,0.9154,0.8957,4,2,0
view2,2000,8,1,0.0,0.85,4,0,0
view2,2001,8,0,0.9898,0.85,2,4,0
view2,2002,8,1,0.982,0.9839,4,4,0
view2,2003,8,0,0.9859,0.9829,3,4,0
view2,2004,8,1,0.9807,0.9815,3,4,0
view2,2005,8,0,0.9832,0.98,2,3,0
view2,2006,8,0,0.9802,0.9791,5,3,0
view2,2007,8,0,0.979,0.9773,3,3,0
view2,2008,8,1,0.9692,0.9714,3,3,0
view2,2009,8,0,0.9877,0.969,1,3,0
view2,2010,8,0,0.9797,0.9655,4,3,0
view2,2011,8,0,0.9808,0.9653,4,3,0
view2,2012,8,0,0.9716,0.9652,4,4,0
view2,2013,8,0,0.9691,0.9646,3,3,0
view2,2014,8,0,0.9681,0.9637,3,3,0
view2,2015,8,0,0.9741,0.9631,2,3,0
view2,2016,8,0,0.9756,0.9625,3,3,0
view2,2017,8,0,0.9713,0.9619,4,3,0
view2,2018,8,0,0.9723,0.9619,4,3,0
view2,2019,8,0,0.9692,0.9618,4,3,0
view2,2020,8,0,0.9763,0.962,5,3,0
view2,2021,8,0,0.9751,0.9621,4,4,0
view2,2022,8,0,0.969,0.9617,5,3,0
view2,2023,8,0,0.9666,0.9614,4,3,0
view2,2024,8,1,0.9595,0.9607,4,4,0
view2,2025,8,0,0.9859,0.9606,4,4,0
view2,2026,8,0,0.9809,0.96,4,4,0
view2,2027,8,0,0.9766,0.9592,4,4,0
view2,2028,8,0,0.9774,0.9585,3,4,0
view2,2029,8,0,0.975,0.9573,4,4,0
view2,2030,8,0,0.9735,0.9565,5,4,0
view2,2031,8,0,0.9702,0.9562,4,4,0
view2,2032,8,0,0.9744,0.9557,4,4,0
view2,2033,8,0,0.9698,0.9549,2,4,0
view2,2034,8,0,0.9737,0.9542,3,4,0
view2,2035,8,0,0.9723,0.9536,3,4,0
view2,2036,8,0,0.9722,0.9529,3,4,0
view2,2037,8,0,0.9654,0.952,4,4,0
view2,2038,8,0,0.9712,0.9518,2,4,0
view2,2039,8,0,0.9632,0.9512,2,4,0
view2,2040,8,0,0.9592,0.9506,4,4,0
view2,2041,8,0,0.9636,0.95,3,4,0
view2,2042,8,0,0.956,0.9491,4,4,0
view2,2043,8,0,0.96,0.9484,2,4,0
view2,2044,8,0,0.9621,0.9479,4,4,0
view2,2045,8,0,0.9605,0.9473,3,4,0
view2,2046,8,0,0.9547,0.9466,3,4,0
view2,2047,8,1,0.9428,0.9458,4,4,0
view2,2048,8,0,0.9853,0.9451,4,4,0
view2,2049,8,0,0.9793,0.9447,4,4,0
view2,2050,8,0,0.9707,0.9442,4,4,0
view2,2051,8,0,0.9669,0.9435,4,4,0
view2,2052,8,1,0.9305,0.9415,4,4,0
view2,2053,8,0,0.9691,0.9402,2,4,0
view2,2054,8,0,0.9577,0.9384,3,4,0
view2,2055,8,0,0.9599,0.937,2,4,0
view2,2056,8,0,0.9392,0.9356,2,4,0
view2,2057,8,1,0.9283,0.9335,2,4,0
view2,2058,8,0,0.9646,0.9324,4,2,0
view2,2059,8,0,0.9736,0.9313,2,2,0
view2,2060,8,0,0.9696,0.9291,5,2,0
view2,2061,8,0,0.9563,0.9278,3,2,0
view2,2062,8,0,0.947,0.9264,4,2,0
view2,2063,8,0,0.9375,0.9241,5,2,0
view2,2064,8,0,0.9266,0.9231,4,2,0
view2,2065,8,0,0.9256,0.9225,4,2,0
view2,2066,8,0,0.9234,0.922,4,4,0
view2,2067,8,0,0.925,0.9212,2,2,0
view2,2068,8,0,0.9215,0.9206,3,4,0
view2,2069,8,0,0.9371,0.9205,2,4,0
view2,2070,8,0,0.9424,0.9202,3,4,0
view2,2071,8,0,0.941,0.9201,3,4,0
view2,2072,8,0,0.95,0.9202,3,4,0
view2,2073,8,0,0.9493,0.92,3,4,0
view2,2074,8,0,0.947,0.9199,2,4,0
view2,2075,8,0,0.9373,0.9196,2,4,0
view2,2076,8,0,0.9417,0.9194,2,4,0
view2,2077,8,0,0.9431,0.9193,2,4,0
view2,2078,8,0,0.9388,0.9188,3,2,0
view2,2079,8,0,0.9463,0.9186,5,4,0
view2,2080,8,0,0.9264,0.9182,4,2,0
view2,2081,8,0,0.932,0.9178,5,4,0
view2,2082,8,0,0.9304,0.9171,4,2,0
view2,2083,8,0,0.9354,0.9163,4,2,0
view2,2084,8,0,0.9372,0.9158,4,2,0
view2,2085,8,0,0.9323,0.9154,4,2,0
view2,2086,8,0,0.9298,0.9148,4,2,0
view2,2087,8,0,0.9313,0.9143,5,2,0
view2,2088,8,0,0.9275,0.9139,4,4,0
view2,2089,8,0,0.9214,0.9133,4,4,0
view2,2090,8,1,0.909,0.9123,4,4,0
view2,2091,8,0,0.9825,0.9118,3,4,0
view2,2092,8,0,0.9806,0.911,3,4,0
view2,2093,8,0,0.9628,0.9103,4,4,0
view2,2094,8,0,0.9465,0.9098,4,4,0
view2,2095,8,0,0.9524,0.9092,4,4,0
view2,2096,8,0,0.9365,0.9089,4,4,0
view2,2097,8,0,0.9366,0.9083,4,4,0
view2,2098,8,0,0.9628,0.9079,4,4,0
view2,2099,8,0,0.9544,0.9077,4,4,0
view2,2100,8,0,0.9631,0.9075,4,4,0
view2,2101,8,0,0.9641,0.9072,4,4,0
view2,2102,8,0,0.9552,0.9071,4,4,0
view2,2103,8,0,0.9426,0.907,4,2,0
view2,2104,8,0,0.9467,0.9069,3,4,0
view2,2105,8,0,0.9484,0.9066,3,4,0
view2,2106,8,0,0.9408,0.9065,3,4,0
view2,2107,8,0,0.9472,0.9063,3,4,0
view2,2108,8,0,0.9431,0.9062,3,4,0
view2,2109,8,0,0.9407,0.9061,3,4,0
view2,2110,8,0,0.9354,0.906,3,4,0
view2,2111,8,0,0.9358,0.9061,3,4,0
view2,2112,8,0,0.9377,0.9061,3,2,0
view2,2113,8,0,0.9417,0.9062,3,4,0
view2,2114,8,0,0.9378,0.9063,3,4,0
view2,2115,8,0,0.9326,0.9063,4,2,0
view2,2116,8,0,0.9332,0.9062,3,2,0
view2,2117,8,0,0.9341,0.9062,3,4,0
view2,2118,8,0,0.9312,0.9061,3,2,0
view2,2119,8,0,0.9403,0.9061,3,2,0
view2,2120,8,0,0.9379,0.906,5,4,0
view2,2121,8,0,0.9284,0.9059,3,4,0
view2,2122,8,0,0.9209,0.9058,3,4,0
view2,2123,8,0,0.9328,0.9057,5,4,0
view2,2124,8,0,0.93,0.9056,4,4,0
view2,2125,8,0,0.9272,0.9054,4,4,0
view2,2126,8,0,0.9347,0.9054,4,4,0
view2,2127,8,0,0.9326,0.9052,4,4,0
view2,2128,8,0,0.9367,0.9052,4,4,0
view2,2129,8,0,0.9421,0.9052,4,4,0
view2,2130,8,0,0.9402,0.9052,4,4,0
view2,2131,8,0,0.941,0.9052,4,4,0
view2,2132,8,0,0.9402,0.9052,4,4,0
view2,2133,8,0,0.9431,0.9052,4,4,0
view2,2134,8,0,0.9404,0.9052,4,4,0
view2,2135,8,0,0.923,0.9051,4,4,0
view2,2136,8,0,0.9279,0.9051,4,4,0
view2,2137,8,0,0.9324,0.905,4,4,0
view2,2138,8,0,0.9344,0.9051,3,4,0
view2,2139,8,0,0.9359,0.9051,4,4,0
view2,2140,8,0,0.9427,0.9051,4,4,0
view2,2141,8,0,0.9395,0.9051,4,4,0
view2,2142,8,0,0.9418,0.9051,4,4,0
view2,2143,8,0,0.9442,0.9052,4,4,0
view2,2144,8,0,0.9452,0.9052,4,4,0
view2,2145,8,0,0.9353,0.9052,4,4,0
view2,2146,8,0,0.9336,0.9051,4,4,0
view2,2147,8,0,0.9402,0.9051,5,4,0
view2,2148,8,0,0.9391,0.9049,5,4,0
view2,2149,8,0,0.9422,0.9049,5,4,0
view2,2150,8,0,0.9466,0.9049,4,4,0
view2,2151,8,0,0.9472,0.9049,4,4,0
view2,2152,8,0,0.9526,0.905,4,4,0
view2,2153,8,0,0.9424,0.9052,3,4,0
view2,2154,8,0,0.9468,0.9053,4,4,0
view2,2155,8,0,0.9428,0.9053,3,4,0
view2,2156,8,0,0.9342,0.9053,3,4,0
view2,2157,8,0,0.9333,0.9053,4,4,0
view2,2158,8,0,0.9216,0.9052,4,4,0
view2,2159,8,0,0.9332,0.9051,5,4,0
view2,2160,8,0,0.9304,0.9051,3,4,0
view2,2161,8,0,0.9383,0.9052,4,4,0
view2,2162,8,0,0.9208,0.9051,4,4,0
view2,2163,8,0,0.9281,0.9051,4,4,0
view2,2164,8,0,0.9187,0.9049,5,2,0
view2,2165,8,0,0.9175,0.9048,4,2,0
view2,2166,8,0,0.9235,0.9047,4,2,0
view2,2167,8,0,0.9236,0.9047,4,2,0
view2,2168,8,0,0.9231,0.9046,4,4,0
view2,2169,8,0,0.9221,0.9044,4,4,0
view2,2170,8,0,0.9221,0.9043,4,2,0
view2,2171,8,0,0.9251,0.9041,4,2,0
view2,2172,8,0,0.9361,0.904,5,4,0
view2,2173,8,0,0.9273,0.9039,4,2,0
view2,2174,8,0,0.9349,0.9037,4,4,0
view2,2175,8,0,0.9348,0.9036,4,4,0
view2,2176,8,0,0.9368,0.9036,4,4,0
view2,2177,8,0,0.9375,0.9035,4,2,0
view2,2178,8,0,0.9325,0.9035,4,2,0
view2,2179,8,0,0.9345,0.9034,4,4,0
view2,2180,8,0,0.938,0.9034,4,4,0
view2,2181,8,0,0.9333,0.9035,4,4,0
view2,2182,8,0,0.9383,0.9035,3,4,0
view2,2183,8,0,0.9368,0.9035,3,4,0
view2,2184,8,0,0.9348,0.9034,3,4,0
view2,2185,8,0,0.9362,0.9034,4,4,0
view2,2186,8,0,0.9265,0.9033,3,4,0
view2,2187,8,0,0.9253,0.9032,3,4,0
view2,2188,8,0,0.9074,0.9029,3,3,0
view2,2189,8,0,0.9173,0.9027,3,4,0
view2,2190,8,0,0.9241,0.9026,4,4,0
view2,2191,8,0,0.9206,0.9024,3,4,0
view2,2192,8,0,0.9277,0.9023,3,4,0
view2,2193,8,0,0.9193,0.9022,3,4,0
view2,2194,8,0,0.9118,0.902,3,4,0
view2,2195,8,0,0.9141,0.9018,3,4,0
view2,2196,8,0,0.9271,0.9016,3,2,0
view2,2197,8,0,0.9245,0.9015,3,2,0
view2,2198,8,0,0.9335,0.9014,2,2,0
view2,2199,8,0,0.9186,0.9011,3,2,0
view2,2200,8,0,0.9237,0.9009,3,2,0
view2,2201,8,0,0.9233,0.9006,3,2,0
view2,2202,8,0,0.9123,0.9004,3,2,0
view2,2203,8,0,0.9163,0.9002,3,2,0
view2,2204,8,0,0.9152,0.9,2,2,0
view2,2205,8,0,0.9259,0.8999,3,2,0
view2,2206,8,0,0.9225,0.8998,3,2,0
view2,2207,8,0,0.9234,0.8995,3,2,0
view2,2208,8,0,0.9253,0.8993,4,2,0
view2,2209,8,0,0.9235,0.8991,3,2,0
view2,2210,8,0,0.9277,0.8988,3,2,0
view2,2211,8,0,0.9297,0.8986,3,2,0
view2,2212,8,0,0.9287,0.8983,4,2,0
view2,2213,8,0,0.9244,0.8979,3,2,0
view2,2214,8,0,0.9357,0.8976,4,2,0
view2,2215,8,0,0.9348,0.8974,4,2,0
view2,2216,8,0,0.9299,0.8974,4,2,0
view2,2217,8,0,0.9308,0.8973,4,2,0
view2,2218,8,0,0.9272,0.8971,4,2,0
view2,2219,8,0,0.9264,0.897,4,2,0
view2,2220,8,0,0.9319,0.8969,4,2,0
view2,2221,8,0,0.9255,0.8967,3,2,0
view2,2222,8,0,0.9329,0.8966,4,2,0
view2,2223,8,0,0.9305,0.8965,4,2,0
view2,2224,8,0,0.9199,0.8962,4,2,0
view2,2225,8,0,0.9158,0.8958,5,2,0
view2,2226,8,0,0.9103,0.8955,3,2,0
view2,2227,8,0,0.9178,0.8952,3,2,0
view2,2228,8,0,0.9223,0.8949,3,2,0
view2,2229,8,0,0.925,0.8947,4,2,0
view2,2230,8,0,0.9322,0.8945,3,2,0
view2,2231,8,0,0.9275,0.8943,3,2,0
view2,2232,8,0,0.9386,0.8942,3,2,0
view2,2233,8,0,0.9259,0.8939,3,2,0
view2,2234,8,0,0.9228,0.8937,3,2,0
view2,2235,8,0,0.9172,0.8934,3,2,0
view2,2236,8,0,0.914,0.893,4,2,0
view2,2237,8,0,0.9221,0.8928,1,2,0
view2,2238,8,0,0.9339,0.8926,4,2,0
view2,2239,8,0,0.934,0.8924,3,2,0
view2,2240,8,0,0.9447,0.8922,1,2,0
view2,2241,8,0,0.9349,0.892,2,2,0
view2,2242,8,0,0.9209,0.8916,2,2,0
view2,2243,8,0,0.9162,0.8914,2,2,0
view2,2244,8,0,0.909,0.8911,2,2,0
view2,2245,8,0,0.9104,0.8908,2,2,0
view2,2246,8,0,0.9035,0.8905,2,2,0
view2,2247,8,0,0.8988,0.8901,2,2,0
view2,2248,8,1,0.8837,0.8896,2,2,0
view2,2249,8,0,0.9916,0.8891,2,2,0
view2,2250,9,1,0.0,0.85,2,0,0
view2,2251,9,0,0.9849,0.85,2,2,0
view2,2252,9,0,0.9863,0.9852,2,2,0
view2,2253,9,1,0.9837,0.9844,4,2,0
view2,2254,9,0,0.9891,0.985,4,4,0
view2,2255,9,1,0.9814,0.983,4,4,0
view2,2256,9,0,0.9921,0.9834,3,4,0
view2,2257,9,0,0.9883,0.9827,3,4,0
view2,2258,9,1,0.9795,0.9807,4,4,0
view2,2259,9,0,0.9836,0.979,4,4,0
view2,2260,9,1,0.9685,0.9732,4,4,0
view2,2261,9,0,0.9858,0.9698,4,4,0
view2,2262,9,0,0.9749,0.9672,3,4,0
view2,2263,9,0,0.9775,0.9642,3,4,0
view2,2264,9,0,0.9783,0.9606,4,4,0
view2,2265,9,0,0.9739,0.958,2,4,0
view2,2266,9,0,0.979,0.9564,3,4,0
view2,2267,9,0,0.9714,0.9567,4,4,0
view2,2268,9,0,0.9514,0.9512,3,4,0
view2,2269,9,0,0.9613,0.9509,2,4,0
view2,2270,9,0,0.9597,0.9496,2,4,0
view2,2271,9,0,0.9574,0.9472,2,4,0
view2,2272,9,0,0.9628,0.9452,3,4,0
view2,2273,9,0,0.966,0.9446,4,4,0
view2,2274,9,0,0.9549,0.943,5,4,0
view2,2275,9,0,0.9595,0.9424,3,4,0
view2,2276,9,0,0.9575,0.9424,4,4,0
view2,2277,9,0,0.9542,0.9415,4,4,0
view2,2278,9,0,0.946,0.9399,4,4,0
view2,2279,9,0,0.9486,0.9394,4,4,0
view2,2280,9,1,0.934,0.9382,4,4,0
view2,2281,9,0,0.985,0.937,2,4,0
view2,2282,9,0,0.9754,0.9361,3,4,0
view2,2283,9,0,0.9738,0.9355,4,4,0
view2,2284,9,0,0.9616,0.9361,3,4,0
view2,2285,9,0,0.9653,0.9358,3,4,0
view2,2286,9,0,0.9684,0.936,4,4,0
view2,2287,9,0,0.9599,0.9365,3,4,0
view2,2288,9,0,0.9664,0.937,3,4,0
view2,2289,9,0,0.9515,0.9371,3,4,0
view2,2290,9,0,0.9536,0.937,4,4,0
view2,2291,9,0,0.9612,0.9374,4,4,0
view2,2292,9,0,0.9641,0.9378,4,4,0
view2,2293,9,0,0.9659,0.9382,4,4,0
view2,2294,9,0,0.9657,0.9385,4,4,0
view2,2295,9,0,0.957,0.9384,3,4,0
view2,2296,9,0,0.9586,0.9385,4,4,0
view2,2297,9,0,0.9597,0.9387,3,4,0
view2,2298,9,0,0.956,0.9389,3,4,0
view2,2299,9,0,0.9594,0.9389,3,4,0
view2,2300,9,0,0.9602,0.9388,3,4,0
view2,2301,9,0,0.9557,0.9388,3,4,0
view2,2302,9,0,0.9547,0.9389,3,4,0
view2,2303,9,0,0.9575,0.939,3,4,0
view2,2304,9,0,0.9618,0.939,2,4,0
view2,2305,9,0,0.9585,0.9391,2,4,0
view2,2306,9,0,0.9595,0.9391,2,4,0
view2,2307,9,0,0.9478,0.9389,3,4,0
view2,2308,9,0,0.9553,0.939,4,4,0
view2,2309,9,0,0.9471,0.9389,2,4,0
view2,2310,9,0,0.9486,0.9388,3,4,0
view2,2311,9,0,0.9528,0.9388,3,4,0
view2,2312,9,0,0.9449,0.9387,3,4,0
view2,2313,9,0,0.9508,0.9387,2,4,0
view2,2314,9,0,0.94,0.9384,3,4,0
view2,2315,9,0,0.9428,0.9383,4,4,0
view2,2316,9,0,0.9403,0.9381,2,4,0
view2,2317,9,1,0.9333,0.9378,3,4,0
view2,2318,9,0,0.9833,0.9379,2,3,0
view2,2319,9,0,0.9743,0.9379,1,3,0
view2,2320,9,0,0.971,0.9377,3,3,0
view2,2321,9,0,0.9806,0.9378,2,3,0
view2,2322,9,0,0.9752,0.9376,3,3,0
view2,2323,9,0,0.9699,0.9376,2,3,0
view2,2324,9,0,0.9669,0.9377,2,3,0
view2,2325,9,0,0.9662,0.9377,4,3,0
view2,2326,9,0,0.9613,0.9377,3,3,0
view2,2327,9,0,0.9577,0.9377,3,3,0
view2,2328,9,0,0.9612,0.9378,4,3,0
view2,2329,9,0,0.9599,0.9376,3,4,0
view2,2330,9,0,0.9562,0.9374,2,4,0
view2,2331,9,0,0.9629,0.9373,5,4,0
view2,2332,9,0,0.9639,0.9372,4,4,0
view2,2333,9,0,0.9735,0.9373,3,4,0
view2,2334,9,0,0.9642,0.9373,4,4,0
view2,2335,9,0,0.9658,0.9374,4,4,0
view2,2336,9,0,0.9592,0.9373,4,4,0
view2,2337,9,0,0.9605,0.9373,3,4,0
view2,2338,9,0,0.9703,0.9374,4,4,0
view2,2339,9,0,0.9671,0.9376,4,4,0
view2,2340,9,0,0.9632,0.9377,4,4,0
view2,2341,9,0,0.9595,0.9377,4,4,0
view2,2342,9,0,0.9569,0.9376,3,4,0
view2,2343,9,0,0.9494,0.9376,3,4,0
view2,2344,9,0,0.9397,0.9373,3,4,0
view2,2345,9,0,0.9553,0.9373,4,4,0
view2,2346,9,0,0.9515,0.9373,4,4,0
view2,2347,9,0,0.9456,0.9372,4,4,0
view2,2348,9,0,0.9549,0.9371,4,4,0
view2,2349,9,0,0.9531,0.9368,3,4,0
view2,2350,9,0,0.9538,0.9366,4,4,0
view2,2351,9,0,0.9541,0.9364,3,4,0
view2,2352,9,0,0.9496,0.9362,4,2,0
view2,2353,9,0,0.9394,0.9357,4,2,0
view2,2354,9,0,0.9493,0.9355,4,2,0
view2,2355,9,0,0.9405,0.9352,4,2,0
view2,2356,9,0,0.9496,0.9351,3,4,0
view2,2357,9,0,0.9399,0.9348,3,2,0
view2,2358,9,0,0.9366,0.9343,3,2,0
view2,2359,9,1,0.9108,0.9336,4,2,0
view2,2360,9,0,0.9782,0.9332,3,4,0
view2,2361,9,0,0.9723,0.9328,3,4,0
view2,2362,9,0,0.9747,0.9324,4,4,0
view2,2363,9,0,0.972,0.932,4,4,0
view2,2364,9,0,0.9598,0.9315,4,4,0
view2,2365,9,0,0.95,0.931,4,4,0
view2,2366,9,0,0.9606,0.9306,4,4,0
view2,2367,9,0,0.9563,0.9305,4,4,0
view2,2368,9,0,0.9524,0.9302,4,4,0
view2,2369,9,0,0.9678,0.93,2,4,0
view2,2370,9,0,0.9569,0.93,3,4,0
view2,2371,9,0,0.9597,0.9299,3,4,0
view2,2372,9,0,0.9641,0.9296,3,4,0
view2,2373,9,0,0.9636,0.9294,5,4,0
view2,2374,9,0,0.947,0.9291,3,4,0
view2,2375,9,0,0.9565,0.9289,2,4,0
view2,2376,9,0,0.959,0.9288,5,4,0
view2,2377,9,0,0.9595,0.9286,4,4,0
view2,2378,9,0,0.9453,0.9281,4,4,0
view2,2379,9,0,0.953,0.9278,3,4,0
view2,2380,9,0,0.9553,0.9275,3,4,0
view2,2381,9,0,0.9609,0.9275,3,4,0
view2,2382,9,0,0.9615,0.9274,4,4,0
view2,2383,9,0,0.9544,0.9271,3,4,0
view2,2384,9,0,0.9537,0.9269,3,4,0
view2,2385,9,0,0.9484,0.9264,3,4,0
view2,2386,9,0,0.9514,0.9261,4,4,0
view2,2387,9,0,0.9571,0.926,3,4,0
view2,2388,9,0,0.9568,0.9259,4,4,0
view2,2389,9,0,0.9591,0.9254,3,4,0
view2,2390,9,0,0.954,0.925,4,4,0
view2,2391,9,0,0.9409,0.9248,3,4,0
view2,2392,9,0,0.9563,0.9247,5,4,0
view2,2393,9,0,0.9535,0.9244,3,4,0
view2,2394,9,0,0.9542,0.9243,3,4,0
view2,2395,9,0,0.9502,0.9241,3,4,0
view2,2396,9,0,0.9559,0.924,3,4,0
view2,2397,9,0,0.9471,0.9235,3,4,0
view2,2398,9,0,0.963,0.9233,3,4,0
view2,2399,9,0,0.9505,0.9231,3,4,0
view2,2400,9,0,0.9588,0.9224,3,4,0
view2,2401,9,0,0.9363,0.9218,3,4,0
view2,2402,9,0,0.9456,0.9214,3,4,0
view2,2403,9,1,0.9194,0.921,4,4,0
view2,2404,9,0,0.9857,0.9207,4,4,0
view2,2405,9,0,0.9711,0.9203,3,4,0
view2,2406,9,0,0.9551,0.9197,3,4,0
view2,2407,9,0,0.9522,0.9193,3,4,0
view2,2408,9,0,0.9409,0.9186,4,4,0
view2,2409,9,0,0.9356,0.9179,6,4,0
view2,2410,9,0,0.9221,0.917,4,4,0
view2,2411,9,0,0.9266,0.9163,4,4,0
view2,2412,9,1,0.9126,0.9155,4,4,0
view2,2413,9,0,0.9869,0.9144,4,4,0
view2,2414,9,0,0.9783,0.9137,4,4,0
view2,2415,9,0,0.9777,0.9133,4,4,0
view2,2416,9,0,0.9707,0.9127,3,4,0
view2,2417,9,0,0.9706,0.912,5,4,0
view2,2418,9,0,0.9616,0.9114,4,4,0
view2,2419,9,0,0.9454,0.911,4,4,0
view2,2420,9,0,0.9413,0.9107,4,4,0
view2,2421,9,0,0.9301,0.9103,4,4,0
view2,2422,9,0,0.9391,0.9096,4,4,0
view2,2423,9,0,0.9384,0.9091,4,4,0
view2,2424,9,0,0.9347,0.9086,4,4,0
view2,2425,9,0,0.9374,0.9084,4,4,0
view2,2426,9,0,0.9417,0.9081,4,4,0
view2,2427,9,0,0.9471,0.908,4,4,0
view2,2428,9,0,0.9517,0.9077,4,4,0
view2,2429,9,0,0.9469,0.9075,4,4,0
view2,2430,9,0,0.9427,0.9074,4,4,0
view2,2431,9,0,0.9374,0.907,4,4,0
view2,2432,9,0,0.9435,0.9067,4,4,0
view2,2433,9,0,0.9412,0.9065,4,4,0
view2,2434,9,0,0.9317,0.9063,4,4,0
view2,2435,9,0,0.9415,0.9059,4,4,0
view2,2436,9,0,0.9452,0.9056,4,4,0
view2,2437,9,0,0.9435,0.9049,4,4,0
view2,2438,9,0,0.9385,0.9043,3,4,0
view2,2439,9,0,0.929,0.9037,4,4,0
view2,2440,9,0,0.9375,0.9033,5,4,0
view2,2441,9,0,0.9287,0.9027,3,4,0
view2,2442,9,0,0.9326,0.9022,3,4,0
view2,2443,9,0,0.9263,0.9018,4,4,0
view2,2444,9,0,0.933,0.9016,3,4,0
view2,2445,9,0,0.9431,0.9015,4,4,0
view2,2446,9,0,0.9295,0.9012,3,4,0
view2,2447,9,0,0.9183,0.9008,3,4,0
view2,2448,9,0,0.919,0.9006,3,4,0
view2,2449,9,0,0.9157,0.9002,3,4,0
view2,2450,9,0,0.9292,0.9,3,4,0
view2,2451,9,0,0.9202,0.8997,3,4,0
view2,2452,9,0,0.9308,0.8995,3,4,0
view2,2453,9,0,0.9389,0.8995,3,4,0
view2,2454,9,0,0.9359,0.8994,3,4,0
view2,2455,9,0,0.9305,0.8992,4,4,0
view2,2456,9,0,0.9164,0.8989,2,4,0
view2,2457,9,0,0.9219,0.8988,4,4,0
view2,2458,9,0,0.9411,0.8987,4,4,0
view2,2459,9,0,0.9418,0.8986,4,4,0
view2,2460,9,0,0.9356,0.8985,4,4,0
view2,2461,9,0,0.9446,0.8984,5,4,0
view2,2462,9,0,0.9448,0.8984,3,4,0
view2,2463,9,0,0.9369,0.8982,4,4,0
view2,2464,9,0,0.9344,0.8981,5,4,0
view2,2465,9,0,0.923,0.8978,4,4,0
view2,2466,9,0,0.9209,0.8975,4,4,0
view2,2467,9,0,0.9193,0.8972,4,4,0
view2,2468,9,0,0.9204,0.8969,4,4,0
view2,2469,9,0,0.9215,0.8967,4,4,0
view2,2470,9,0,0.9156,0.8963,4,4,0
view2,2471,9,0,0.9185,0.896,4,4,0
view2,2472,9,0,0.92,0.8956,5,4,0
view2,2473,9,0,0.9262,0.8952,4,4,0
view2,2474,9,0,0.9292,0.8948,5,4,0
view2,2475,9,0,0.9261,0.8944,3,4,0
view2,2476,9,0,0.9244,0.8939,4,4,0
view2,2477,9,0,0.935,0.8936,4,4,0
view2,2478,9,0,0.9333,0.8933,2,4,0
view2,2479,9,0,0.934,0.8931,3,4,0
view2,2480,9,0,0.9303,0.893,3,4,0
view2,2481,9,0,0.9357,0.8927,1,4,0
view2,2482,9,0,0.926,0.8923,4,4,0
view2,2483,9,0,0.9362,0.8923,4,4,0
view2,2484,9,0,0.9286,0.8922,2,4,0
view2,2485,9,0,0.9353,0.8921,3,4,0
view2,2486,9,0,0.9241,0.892,4,4,0
view2,2487,9,0,0.9354,0.892,3,4,0
view2,2488,9,0,0.9348,0.8919,2,4,0
view2,2489,9,0,0.9159,0.8919,4,4,0
view2,2490,9,0,0.9237,0.8919,3,4,0
view2,2491,9,0,0.9422,0.892,1,2,0
view2,2492,9,0,0.9385,0.8921,1,2,0
view2,2493,9,0,0.9334,0.8921,2,4,0
view2,2494,9,0,0.9202,0.8921,3,4,0
view2,2495,9,0,0.9288,0.8921,2,4,0
view2,2496,9,0,0.9335,0.8922,5,4,0
view2,2497,9,0,0.9465,0.8923,2,2,0
view2,2498,9,0,0.9407,0.8924,5,2,0
view2,2499,9,0,0.949,0.8925,4,4,0
view2,2500,10,1,0.0,0.85,4,0,0
view2,2501,10,0,0.983,0.85,4,4,0
view2,2502,10,1,0.9718,0.9746,3,4,0
view2,2503,10,0,0.9817,0.9772,3,3,0
view2,2504,10,0,0.9768,0.9765,4,3,0
view2,2505,10,0,0.9804,0.9763,4,3,0
view2,2506,10,0,0.9757,0.9698,3,3,0
view2,2507,10,0,0.9707,0.9693,3,4,0
view2,2508,10,1,0.9575,0.9657,3,4,0
view2,2509,10,0,0.9878,0.9646,3,3,0
view2,2510,10,0,0.9835,0.963,3,3,0
view2,2511,10,0,0.9772,0.9608,3,3,0
view2,2512,10,0,0.9739,0.9584,4,3,0
view2,2513,10,0,0.9599,0.954,3,3,0
view2,2514,10,0,0.9577,0.9504,3,3,0
view2,2515,10,0,0.9544,0.947,3,3,0
view2,2516,10,0,0.9467,0.9428,4,3,0
view2,2517,10,0,0.947,0.9397,3,3,0
view2,2518,10,0,0.9553,0.9387,3,3,0
view2,2519,10,0,0.9467,0.9372,3,3,0
view2,2520,10,0,0.9477,0.9361,3,3,0
view2,2521,10,0,0.9378,0.9345,4,3,0
view2,2522,10,0,0.9487,0.934,3,3,0
view2,2523,10,0,0.9437,0.9331,2,3,0
view2,2524,10,0,0.9395,0.9321,2,3,0
view2,2525,10,0,0.9411,0.9315,4,3,0
view2,2526,10,0,0.9325,0.9301,4,3,0
view2,2527,10,0,0.9341,0.9292,3,3,0
view2,2528,10,1,0.9255,0.9279,3,3,0
view2,2529,10,0,0.9851,0.9273,3,3,0
view2,2530,10,0,0.9865,0.9265,3,3,0
view2,2531,10,0,0.9836,0.9261,3,3,0
view2,2532,10,0,0.9776,0.9254,3,3,0
view2,2533,10,0,0.9763,0.9256,4,3,0
view2,2534,10,0,0.9746,0.9253,4,3,0
view2,2535,10,0,0.9728,0.9245,2,3,0
view2,2536,10,0,0.9697,0.9248,3,3,0
view2,2537,10,0,0.9617,0.924,3,3,0
view2,2538,10,0,0.9708,0.9237,3,3,0
view2,2539,10,0,0.9614,0.9233,3,3,0
view2,2540,10,0,0.9624,0.9231,3,3,0
view2,2541,10,0,0.9676,0.9225,4,3,0
view2,2542,10,0,0.9654,0.9222,3,3,0
view2,2543,10,0,0.9654,0.9221,3,3,0
view2,2544,10,0,0.9624,0.922,4,3,0
view2,2545,10,0,0.9532,0.9221,4,3,0
view2,2546,10,0,0.9587,0.9223,4,3,0
view2,2547,10,0,0.9687,0.9223,3,3,0
view2,2548,10,0,0.9627,0.9221,4,3,0
view2,2549,10,0,0.9588,0.9221,3,3,0
view2,2550,10,0,0.97,0.922,4,3,0
view2,2551,10,0,0.9603,0.9219,4,3,0
view2,2552,10,0,0.966,0.9218,3,3,0
view2,2553,10,0,0.9561,0.9219,3,3,0
view2,2554,10,0,0.9463,0.9216,3,3,0
view2,2555,10,0,0.9542,0.9214,3,3,0
view2,2556,10,0,0.9493,0.9213,3,3,0
view2,2557,10,0,0.9493,0.9213,5,3,0
view2,2558,10,0,0.9277,0.9209,4,3,0
view2,2559,10,0,0.9293,0.9206,3,3,0
view2,2560,10,0,0.9266,0.9201,3,3,0
view2,2561,10,0,0.92,0.9192,2,3,0
view2,2562,10,0,0.9272,0.9184,4,3,0
view2,2563,10,1,0.9145,0.9177,3,3,0
view2,2564,10,0,0.9813,0.9171,3,3,0
view2,2565,10,0,0.9722,0.9164,3,3,0
view2,2566,10,0,0.9681,0.9158,3,3,0
view2,2567,10,0,0.9739,0.9156,3,3,0
view2,2568,10,0,0.9677,0.9155,3,3,0
view2,2569,10,0,0.9653,0.9149,4,3,0
view2,2570,10,0,0.9524,0.9145,4,3,0
view2,2571,10,0,0.9521,0.9142,3,3,0
view2,2572,10,0,0.9451,0.9138,4,3,0
view2,2573,10,0,0.9377,0.9137,4,3,0
view2,2574,10,0,0.9303,0.9135,3,3,0
view2,2575,10,0,0.9368,0.9133,3,3,0
view2,2576,10,0,0.9315,0.9131,3,3,0
view2,2577,10,0,0.9327,0.913,3,3,0
view2,2578,10,0,0.9289,0.913,4,3,0
view2,2579,10,0,0.9307,0.9129,3,3,0
view2,2580,10,0,0.9284,0.9128,2,3,0
view2,2581,10,0,0.9336,0.9128,4,3,0
view2,2582,10,0,0.9372,0.9129,3,3,0
view2,2583,10,0,0.9383,0.9129,2,3,0
view2,2584,10,0,0.9193,0.9126,2,3,0
view2,2585,10,0,0.9314,0.9126,3,3,0
view2,2586,10,0,0.9385,0.9125,3,3,0
view2,2587,10,0,0.9274,0.9123,3,3,0
view2,2588,10,0,0.9245,0.912,3,3,0
view2,2589,10,0,0.9185,0.9117,3,3,0
view2,2590,10,1,0.9075,0.9111,3,3,0
view2,2591,10,0,0.9827,0.9109,3,3,0
view2,2592,10,0,0.9765,0.9107,3,3,0
view2,2593,10,0,0.9652,0.9107,3,3,0
view2,2594,10,0,0.9438,0.9106,3,3,0
view2,2595,10,0,0.9378,0.9103,3,3,0
view2,2596,10,0,0.919,0.9097,3,3,0
view2,2597,10,0,0.9429,0.9095,3,3,0
view2,2598,10,0,0.9324,0.9092,3,3,0
view2,2599,10,0,0.9451,0.9091,4,3,0
view2,2600,10,0,0.9324,0.909,4,3,0
view2,2601,10,0,0.9255,0.9088,3,3,0
view2,2602,10,0,0.9223,0.9083,3,3,0
view2,2603,10,0,0.9275,0.9082,4,3,0
view2,2604,10,0,0.9237,0.908,4,3,0
view2,2605,10,0,0.9272,0.9078,3,3,0
view2,2606,10,0,0.9237,0.9077,2,3,0
view2,2607,10,0,0.9106,0.9074,4,3,0
view2,2608,10,0,0.911,0.9072,3,3,0
view2,2609,10,0,0.9258,0.907,3,3,0
view2,2610,10,0,0.9233,0.907,4,3,0
view2,2611,10,0,0.9214,0.9068,4,3,0
view2,2612,10,0,0.9214,0.9068,4,3,0
view2,2613,10,0,0.9242,0.9067,4,3,0
view2,2614,10,0,0.9226,0.9066,3,3,0
view2,2615,10,0,0.9161,0.9064,4,3,0
view2,2616,10,0,0.9207,0.9063,4,3,0
view2,2617,10,0,0.9154,0.9062,4,3,0
view2,2618,10,0,0.913,0.906,4,3,0
view2,2619,10,0,0.9137,0.9059,4,3,0
view2,2620,10,0,0.9178,0.9057,4,3,0
view2,2621,10,0,0.9111,0.9056,4,3,0
view2,2622,10,1,0.899,0.9052,4,3,0
view2,2623,10,0,0.9861,0.905,3,4,0
view2,2624,10,0,0.9769,0.9048,3,4,0
view2,2625,10,0,0.9746,0.9046,3,4,0
view2,2626,10,0,0.9611,0.9044,4,4,0
view2,2627,10,0,0.9625,0.9042,3,4,0
view2,2628,10,0,0.9658,0.904,3,4,0
view2,2629,10,0,0.9652,0.9038,3,4,0
view2,2630,10,0,0.9673,0.9036,3,4,0
view2,2631,10,0,0.9664,0.9034,3,4,0
view2,2632,10,0,0.9603,0.9032,3,4,0
view2,2633,10,0,0.961,0.903,3,4,0
view2,2634,10,0,0.9563,0.9028,3,4,0
view2,2635,10,0,0.9603,0.9028,3,4,0
view2,2636,10,0,0.9541,0.9026,3,4,0
view2,2637,10,0,0.9631,0.9025,4,4,0
view2,2638,10,0,0.9645,0.9024,3,4,0
view2,2639,10,0,0.9564,0.9022,3,4,0
view2,2640,10,0,0.9568,0.9021,4,4,0
view2,2641,10,0,0.9498,0.902,4,4,0
view2,2642,10,0,0.9496,0.9019,3,4,0
view2,2643,10,0,0.9425,0.9015,4,4,0
view2,2644,10,0,0.9446,0.9013,3,4,0
view2,2645,10,0,0.9474,0.9012,3,4,0
view2,2646,10,0,0.944,0.9009,4,4,0
view2,2647,10,0,0.9561,0.9009,3,4,0
view2,2648,10,0,0.943,0.9007,3,4,0
view2,2649,10,0,0.9451,0.9005,3,4,0
view2,2650,10,0,0.9459,0.9004,3,4,0
view2,2651,10,0,0.9503,0.9002,3,4,0
view2,2652,10,0,0.95,0.9001,3,4,0
view2,2653,10,0,0.9493,0.8999,3,4,0
view2,2654,10,0,0.9484,0.8998,3,4,0
view2,2655,10,0,0.9434,0.8997,3,4,0
view2,2656,10,0,0.9603,0.8996,3,4,0
view2,2657,10,0,0.9561,0.8995,3,4,0
view2,2658,10,0,0.9553,0.8994,4,4,0
view2,2659,10,0,0.9487,0.8993,4,4,0
view2,2660,10,0,0.9519,0.8992,4,4,0
view2,2661,10,0,0.9548,0.8992,4,4,0
view2,2662,10,0,0.9515,0.8991,4,4,0
view2,2663,10,0,0.9486,0.899,3,4,0
view2,2664,10,0,0.9498,0.8989,3,4,0
view2,2665,10,0,0.9512,0.8989,4,4,0
view2,2666,10,0,0.9574,0.8988,4,4,0
view2,2667,10,0,0.9563,0.8988,4,4,0
view2,2668,10,0,0.9543,0.8989,4,4,0
view2,2669,10,0,0.9479,0.8989,3,4,0
view2,2670,10,0,0.9502,0.899,4,4,0
view2,2671,10,0,0.953,0.8989,3,4,0
view2,2672,10,0,0.9435,0.8988,4,4,0
view2,2673,10,0,0.9504,0.8988,4,4,0
view2,2674,10,0,0.9483,0.8988,4,4,0
view2,2675,10,0,0.9473,0.8988,4,4,0
view2,2676,10,0,0.9379,0.8988,4,4,0
view2,2677,10,0,0.9412,0.8988,4,4,0
view2,2678,10,0,0.9332,0.8987,4,4,0
view2,2679,10,0,0.9191,0.8986,4,3,0
view2,2680,10,0,0.9168,0.8984,4,4,0
view2,2681,10,0,0.9278,0.8983,4,3,0
view2,2682,10,0,0.918,0.8981,4,4,0
view2,2683,10,0,0.9346,0.898,3,4,0
view2,2684,10,0,0.9287,0.898,3,3,0
view2,2685,10,0,0.9316,0.8979,4,4,0
view2,2686,10,0,0.9309,0.8978,4,3,0
view2,2687,10,0,0.9259,0.8976,2,3,0
view2,2688,10,0,0.9401,0.8975,3,3,0
view2,2689,10,0,0.9456,0.8975,2,3,0
view2,2690,10,0,0.9478,0.8974,2,3,0
view2,2691,10,0,0.9323,0.8973,3,3,0
view2,2692,10,0,0.9389,0.8972,4,3,0
view2,2693,10,0,0.9416,0.8972,4,3,0
view2,2694,10,0,0.9489,0.8971,3,3,0
view2,2695,10,0,0.9437,0.8971,3,3,0
view2,2696,10,0,0.9434,0.8971,3,3,0
view2,2697,10,0,0.9431,0.8971,3,3,0
view2,2698,10,0,0.9439,0.8971,3,3,0
view2,2699,10,0,0.9401,0.897,3,3,0
view2,2700,10,0,0.9331,0.897,3,3,0
view2,2701,10,0,0.9372,0.897,4,3,0
view2,2702,10,0,0.941,0.8969,2,3,0
view2,2703,10,0,0.9421,0.8969,3,3,0
view2,2704,10,0,0.9425,0.8969,1,3,0
view2,2705,10,0,0.9425,0.8969,3,3,0
view2,2706,10,0,0.9452,0.8969,2,3,0
view2,2707,10,0,0.9418,0.8968,1,3,0
view2,2708,10,0,0.9353,0.8967,3,3,0
view2,2709,10,0,0.9333,0.8966,2,3,0
view2,2710,10,0,0.9377,0.8965,4,3,0
view2,2711,10,0,0.9335,0.8965,3,3,0
view2,2712,10,0,0.9371,0.8965,1,3,0
view2,2713,10,1,0.8609,0.895,0,3,1
view2,2714,10,0,0.9764,0.8938,0,0,1
view2,2715,10,0,0.9439,0.8938,2,3,0
view2,2716,10,0,0.9497,0.8939,2,0,1
view2,2717,10,0,0.9459,0.8939,1,0,1
view2,2718,10,0,0.9461,0.8939,2,0,1
view2,2719,10,0,0.9318,0.8938,1,3,0
view2,2720,10,0,0.9362,0.8938,2,3,0
view2,2721,10,0,0.9352,0.8938,2,3,0
view2,2722,10,0,0.9355,0.8938,3,3,0
view2,2723,10,0,0.9339,0.8938,2,3,0
view2,2724,10,0,0.9389,0.8938,3,3,0
view2,2725,10,0,0.9352,0.8938,3,3,0
view2,2726,10,0,0.9373,0.8938,2,3,0
view2,2727,10,0,0.9341,0.8938,3,3,0
view2,2728,10,0,0.9276,0.8938,2,3,0
view2,2729,10,0,0.9364,0.8939,4,3,0
view2,2730,10,0,0.9246,0.8938,3,3,0
view2,2731,10,0,0.928,0.8938,4,3,0
view2,2732,10,0,0.9316,0.8939,4,3,0
view2,2733,10,0,0.9284,0.8939,3,3,0
view2,2734,10,0,0.9324,0.8939,4,3,0
view2,2735,10,0,0.935,0.894,5,3,0
view2,2736,10,0,0.9307,0.894,4,3,0
view2,2737,10,0,0.9344,0.894,4,3,0
view2,2738,10,0,0.9395,0.8941,4,3,0
view2,2739,10,0,0.9315,0.8941,3,3,0
view2,2740,10,0,0.9395,0.8942,4,3,0
view2,2741,10,0,0.9308,0.8942,4,3,0
view2,2742,10,0,0.9348,0.8942,4,3,0
view2,2743,10,0,0.9252,0.8943,4,3,0
view2,2744,10,0,0.9282,0.8943,4,3,0
view2,2745,10,0,0.9323,0.8942,4,3,0
view2,2746,10,0,0.934,0.894,4,3,0
view2,2747,10,0,0.9414,0.8937,3,3,0
view2,2748,10,0,0.9174,0.8932,4,3,0
view2,2749,10,0,0.917,0.8928,4,3,0
view2,2750,11,1,0.0,0.85,4,0,0
view2,2751,11,0,0.978,0.85,4,4,0
view2,2752,11,1,0.9683,0.9707,4,4,0
view2,2753,11,0,0.9895,0.9698,3,4,0
view2,2754,11,0,0.982,0.9685,4,4,0
view2,2755,11,0,0.9733,0.9674,4,4,0
view2,2756,11,0,0.9716,0.9656,4,4,0
view2,2757,11,0,0.9695,0.9653,3,4,0
view2,2758,11,1,0.9561,0.9603,4,4,0
view2,2759,11,0,0.9845,0.9551,4,4,0
view2,2760,11,0,0.9765,0.9501,5,4,0
view2,2761,11,0,0.9734,0.9431,3,4,0
view2,2762,11,0,0.9702,0.9383,3,4,0
view2,2763,11,0,0.9618,0.9345,3,4,0
view2,2764,11,0,0.9615,0.9318,3,4,0
view2,2765,11,0,0.9603,0.9299,3,4,0
view2,2766,11,0,0.9593,0.9282,2,4,0
view2,2767,11,0,0.9592,0.9285,2,4,0
view2,2768,11,0,0.9645,0.9283,2,4,0
view2,2769,11,0,0.9652,0.9282,3,4,0
view2,2770,11,0,0.9588,0.928,4,4,0
view2,2771,11,0,0.959,0.928,4,4,0
view2,2772,11,0,0.951,0.927,4,4,0
view2,2773,11,0,0.9427,0.9269,3,4,0
view2,2774,11,0,0.9399,0.9266,4,4,0
view2,2775,11,0,0.9364,0.925,3,4,0
view2,2776,11,1,0.916,0.9221,3,4,0
view2,2777,11,0,0.9733,0.9182,3,3,0
view2,2778,11,0,0.97,0.9169,3,3,0
view2,2779,11,0,0.9749,0.9161,4,3,0
view2,2780,11,0,0.9687,0.915,3,3,0
view2,2781,11,0,0.9676,0.9144,3,3,0
view2,2782,11,0,0.9686,0.914,3,3,0
view2,2783,11,0,0.9497,0.914,3,3,0
view2,2784,11,0,0.9512,0.9142,3,4,0
view2,2785,11,0,0.9439,0.9139,3,4,0
view2,2786,11,0,0.9353,0.9137,3,4,0
view2,2787,11,0,0.9526,0.9139,3,4,0
view2,2788,11,0,0.9447,0.9137,4,4,0
view2,2789,11,0,0.9443,0.9133,4,4,0
view2,2790,11,0,0.9458,0.9131,4,4,0
view2,2791,11,0,0.943,0.9128,3,4,0
view2,2792,11,0,0.942,0.9123,3,4,0
view2,2793,11,0,0.9352,0.9116,3,4,0
view2,2794,11,0,0.939,0.9112,1,4,0
view2,2795,11,0,0.93,0.9108,2,4,0
view2,2796,11,0,0.9284,0.9103,3,4,0
view2,2797,11,0,0.933,0.91,2,4,0
view2,2798,11,0,0.9259,0.9097,2,4,0
view2,2799,11,0,0.9138,0.9088,2,4,0
view2,2800,11,0,0.9257,0.9082,3,4,0
view2,2801,11,0,0.9246,0.9075,3,4,0
view2,2802,11,0,0.929,0.9072,2,4,0
view2,2803,11,0,0.9265,0.9068,3,4,0
view2,2804,11,0,0.9216,0.9062,3,4,0
view2,2805,11,0,0.9227,0.9057,3,4,0
view2,2806,11,0,0.9067,0.9048,3,4,0
view2,2807,11,0,0.9063,0.904,4,4,0
view2,2808,11,0,0.9071,0.9034,4,4,0
view2,2809,11,0,0.9111,0.9028,5,4,0
view2,2810,11,0,0.9049,0.9021,3,4,0
view2,2811,11,0,0.9213,0.9017,3,4,0
view2,2812,11,0,0.9203,0.9014,3,4,0
view2,2813,11,0,0.9011,0.9004,3,4,0
view2,2814,11,0,0.9006,0.8995,4,4,0
view2,2815,11,0,0.9064,0.8988,3,4,0
view2,2816,11,0,0.9158,0.8983,2,4,0
view2,2817,11,0,0.9192,0.8979,2,4,0
view2,2818,11,0,0.9113,0.8975,3,4,0
view2,2819,11,0,0.9092,0.897,2,4,0
view2,2820,11,0,0.9145,0.8967,3,4,0
view2,2821,11,0,0.9144,0.8964,4,4,0
view2,2822,11,0,0.9129,0.896,3,4,0
view2,2823,11,0,0.9223,0.8958,3,4,0
view2,2824,11,0,0.9211,0.8956,3,4,0
view2,2825,11,0,0.9101,0.8952,2,4,0
view2,2826,11,0,0.8962,0.8947,2,4,0
view2,2827,11,0,0.9016,0.8942,4,4,0
view2,2828,11,0,0.917,0.8941,3,4,0
view2,2829,11,0,0.9166,0.894,3,4,0
view2,2830,11,0,0.9142,0.8938,5,4,0
view2,2831,11,0,0.9153,0.8938,3,4,0
view2,2832,11,0,0.9251,0.8938,4,4,0
view2,2833,11,0,0.919,0.8937,3,4,0
view2,2834,11,0,0.9112,0.8935,4,4,0
view2,2835,11,0,0.9115,0.8933,4,4,0
view2,2836,11,0,0.9073,0.8931,3,4,0
view2,2837,11,0,0.8953,0.8926,2,4,0
view2,2838,11,0,0.8927,0.8921,4,4,0
view2,2839,11,0,0.8945,0.8917,4,4,0
view2,2840,11,1,0.8898,0.8912,4,4,0
view2,2841,11,0,0.9855,0.8907,5,4,0
view2,2842,11,0,0.9801,0.8904,4,4,0
view2,2843,11,0,0.9747,0.8904,3,4,0
view2,2844,11,0,0.984,0.8902,3,4,0
view2,2845,11,0,0.9774,0.8901,4,4,0
view2,2846,11,0,0.9677,0.8902,4,4,0
view2,2847,11,0,0.9775,0.8902,3,4,0
view2,2848,11,0,0.9767,0.8901,3,4,0
view2,2849,11,0,0.9708,0.8901,4,4,0
view2,2850,11,0,0.9668,0.8899,4,4,0
view2,2851,11,0,0.9593,0.89,3,4,0
view2,2852,11,0,0.9374,0.89,4,4,0
view2,2853,11,0,0.9583,0.8902,4,4,0
view2,2854,11,0,0.9459,0.8903,4,4,0
view2,2855,11,0,0.9434,0.8905,4,4,0
view2,2856,11,0,0.9453,0.8906,4,4,0
view2,2857,11,0,0.9426,0.8907,3,4,0
view2,2858,11,0,0.9282,0.8907,3,4,0
view2,2859,11,0,0.9229,0.8906,2,4,0
view2,2860,11,0,0.9229,0.8907,3,4,0
view2,2861,11,0,0.9227,0.8907,3,4,0
view2,2862,11,0,0.9334,0.8908,3,4,0
view2,2863,11,0,0.9246,0.8908,4,4,0
view2,2864,11,0,0.9208,0.8909,3,4,0
view2,2865,11,0,0.9338,0.8909,4,4,0
view2,2866,11,0,0.9374,0.891,4,4,0
view2,2867,11,0,0.9102,0.891,3,4,0
view2,2868,11,0,0.9197,0.8911,2,4,0
view2,2869,11,0,0.9309,0.8911,4,3,0
view2,2870,11,0,0.9321,0.891,3,3,0
view2,2871,11,0,0.9378,0.8909,4,3,0
view2,2872,11,0,0.9403,0.8908,4,3,0
view2,2873,11,0,0.9446,0.8904,4,3,0
view2,2874,11,0,0.9548,0.89,3,3,0
view2,2875,11,0,0.9594,0.8899,4,3,0
view2,2876,11,0,0.9502,0.8897,5,3,0
view2,2877,11,0,0.9464,0.8895,4,3,0
view2,2878,11,0,0.9422,0.8894,4,3,0
view2,2879,11,0,0.9256,0.8893,3,3,0
view2,2880,11,0,0.926,0.8889,4,3,0
view2,2881,11,0,0.9403,0.8887,3,3,0
view2,2882,11,0,0.9407,0.8885,3,3,0
view2,2883,11,0,0.9374,0.8882,3,3,0
view2,2884,11,0,0.9353,0.8879,4,3,0
view2,2885,11,0,0.9208,0.8876,3,3,0
view2,2886,11,0,0.9183,0.8877,3,3,0
view2,2887,11,0,0.9193,0.8877,3,3,0
view2,2888,11,0,0.9324,0.8877,3,3,0
view2,2889,11,0,0.9351,0.8878,3,4,0
view2,2890,11,0,0.9274,0.888,3,4,0
view2,2891,11,0,0.9314,0.8882,3,4,0
view2,2892,11,0,0.9391,0.8883,3,4,0
view2,2893,11,0,0.9325,0.8884,4,4,0
view2,2894,11,0,0.9292,0.8886,4,4,0
view2,2895,11,0,0.93,0.8887,2,4,0
view2,2896,11,0,0.938,0.8888,4,4,0
view2,2897,11,0,0.9244,0.8889,4,4,0
view2,2898,11,0,0.9151,0.889,4,4,0
view2,2899,11,0,0.9118,0.8889,4,3,0
view2,2900,11,0,0.9288,0.8889,5,3,0
view2,2901,11,0,0.9382,0.8886,5,3,0
view2,2902,11,0,0.9353,0.8885,4,3,0
view2,2903,11,0,0.9467,0.8882,4,3,0
view2,2904,11,0,0.9467,0.8881,5,3,0
view2,2905,11,0,0.9466,0.8878,4,3,0
view2,2906,11,0,0.9445,0.8877,6,3,0
view2,2907,11,0,0.9442,0.8876,4,3,0
view2,2908,11,0,0.9349,0.8876,4,3,0
view2,2909,11,0,0.9315,0.8877,4,3,0
view2,2910,11,0,0.9326,0.8878,3,3,0
view2,2911,11,0,0.9445,0.8877,3,3,0
view2,2912,11,0,0.9463,0.8877,4,3,0
view2,2913,11,0,0.9412,0.8877,4,3,0
view2,2914,11,0,0.928,0.8877,3,3,0
view2,2915,11,0,0.9269,0.8876,3,3,0
view2,2916,11,0,0.9186,0.8875,3,3,0
view2,2917,11,0,0.9122,0.8875,4,3,0
view2,2918,11,0,0.9197,0.8875,3,3,0
view2,2919,11,0,0.9217,0.8876,3,3,0
view2,2920,11,0,0.9112,0.8876,4,3,0
view2,2921,11,0,0.9116,0.8875,4,3,0
view2,2922,11,0,0.9049,0.8874,4,4,0
view2,2923,11,0,0.9156,0.8874,4,4,0
view2,2924,11,0,0.9152,0.8875,4,4,0
view2,2925,11,0,0.8953,0.8874,4,4,0
view2,2926,11,0,0.9092,0.8874,4,4,0
view2,2927,11,0,0.9098,0.8874,4,4,0
view2,2928,11,0,0.9064,0.8873,4,4,0
view2,2929,11,0,0.9174,0.8874,4,4,0
view2,2930,11,0,0.9131,0.8874,4,4,0
view2,2931,11,0,0.9115,0.8875,4,4,0
view2,2932,11,0,0.9135,0.8876,4,4,0
view2,2933,11,0,0.9116,0.8876,4,4,0
view2,2934,11,0,0.9082,0.8876,4,4,0
view2,2935,11,0,0.9127,0.8876,4,3,0
view2,2936,11,0,0.9136,0.8875,4,3,0
view2,2937,11,0,0.9227,0.8876,4,3,0
view2,2938,11,0,0.912,0.8875,4,3,0
view2,2939,11,0,0.9145,0.8873,4,3,0
view2,2940,11,0,0.9132,0.8873,4,3,0
view2,2941,11,0,0.9161,0.8871,4,3,0
view2,2942,11,0,0.9216,0.887,4,3,0
view2,2943,11,0,0.9041,0.8869,4,3,0
view2,2944,11,0,0.9102,0.8868,4,3,0
view2,2945,11,0,0.9176,0.8866,4,3,0
view2,2946,11,0,0.9119,0.8865,4,3,0
view2,2947,11,0,0.9158,0.8864,4,3,0
view2,2948,11,0,0.9293,0.8863,4,3,0
view2,2949,11,0,0.9219,0.8862,4,3,0
view2,2950,11,0,0.9292,0.8862,4,3,0
view2,2951,11,0,0.9307,0.8862,4,3,0
view2,2952,11,0,0.9086,0.8861,4,4,0
view2,2953,11,0,0.9104,0.8861,4,4,0
view2,2954,11,0,0.9092,0.886,4,3,0
view2,2955,11,0,0.9099,0.886,4,3,0
view2,2956,11,0,0.9184,0.886,5,3,0
view2,2957,11,0,0.9187,0.886,4,3,0
view2,2958,11,0,0.9236,0.8861,4,4,0
view2,2959,11,0,0.9401,0.8862,4,4,0
view2,2960,11,0,0.9238,0.8862,4,4,0
view2,2961,11,0,0.9297,0.8863,4,4,0
view2,2962,11,0,0.9291,0.8863,3,4,0
view2,2963,11,0,0.932,0.8864,4,4,0
view2,2964,11,0,0.9301,0.8864,5,4,0
view2,2965,11,0,0.9213,0.8865,4,4,0
view2,2966,11,0,0.9358,0.8866,4,4,0
view2,2967,11,0,0.9351,0.8866,4,4,0
view2,2968,11,0,0.9155,0.8866,4,4,0
view2,2969,11,0,0.9297,0.8867,4,4,0
view2,2970,11,0,0.9448,0.8868,4,4,0
view2,2971,11,0,0.9392,0.8869,4,4,0
view2,2972,11,0,0.9317,0.8869,3,4,0
view2,2973,11,0,0.9325,0.887,3,4,0
view2,2974,11,0,0.9323,0.887,4,4,0
view2,2975,11,0,0.9296,0.887,4,4,0
view2,2976,11,0,0.9381,0.8871,3,4,0
view2,2977,11,0,0.9229,0.8871,3,4,0
view2,2978,11,0,0.9036,0.887,3,4,0
view2,2979,11,0,0.9069,0.8868,4,4,0
view2,2980,11,0,0.9078,0.8867,4,4,0
view2,2981,11,0,0.9192,0.8866,3,4,0
view2,2982,11,0,0.9254,0.8866,3,4,0
view2,2983,11,0,0.9345,0.8866,3,4,0
view2,2984,11,0,0.9411,0.8866,4,4,0
view2,2985,11,0,0.9477,0.8866,4,4,0
view2,2986,11,0,0.93,0.8866,4,4,0
view2,2987,11,0,0.9353,0.8866,4,4,0
view2,2988,11,0,0.9478,0.8867,4,4,0
view2,2989,11,0,0.9366,0.8867,4,4,0
view2,2990,11,0,0.9271,0.8867,4,3,0
view2,2991,11,0,0.9224,0.8867,4,3,0
view2,2992,11,0,0.9336,0.8867,4,3,0
view2,2993,11,0,0.9239,0.8867,4,3,0
view2,2994,11,0,0.9248,0.8867,3,3,0
view2,2995,11,0,0.9137,0.8866,3,3,0
view2,2996,11,0,0.9188,0.8866,3,3,0
view2,2997,11,0,0.9004,0.8866,3,4,0
view2,2998,11,0,0.8911,0.8865,1,4,0
view2,2999,11,0,0.8929,0.8865,3,4,0
view2,3000,12,1,0.0,0.85,3,0,0
view2,3001,12,0,0.9657,0.85,2,3,0
view2,3002,12,0,0.9689,0.9665,2,3,0
view2,3003,12,1,0.9521,0.9586,3,3,0
view2,3004,12,0,0.9739,0.9505,2,3,0
view2,3005,12,0,0.9676,0.9479,3,3,0
view2,3006,12,0,0.9547,0.9448,3,3,0
view2,3007,12,1,0.9365,0.9395,4,3,0
view2,3008,12,0,0.9778,0.9355,3,4,0
view2,3009,12,0,0.9727,0.9335,3,4,0
view2,3010,12,0,0.9666,0.9315,4,4,0
view2,3011,12,0,0.9593,0.9312,4,4,0
view2,3012,12,0,0.9637,0.9318,3,4,0
view2,3013,12,0,0.9589,0.931,4,4,0
view2,3014,12,0,0.9603,0.9296,4,4,0
view2,3015,12,0,0.9622,0.9285,4,4,0
view2,3016,12,0,0.953,0.9271,4,4,0
view2,3017,12,0,0.9446,0.9254,3,4,0
view2,3018,12,0,0.9482,0.9242,4,4,0
view2,3019,12,0,0.9305,0.9199,3,4,0
view2,3020,12,0,0.9276,0.917,4,4,0
view2,3021,12,0,0.93,0.915,4,4,0
view2,3022,12,0,0.9176,0.9138,4,4,0
view2,3023,12,0,0.9204,0.9134,4,4,0
view2,3024,12,0,0.9184,0.9129,4,4,0
view2,3025,12,0,0.9188,0.912,3,4,0
view2,3026,12,0,0.9142,0.9105,3,4,0
view2,3027,12,1,0.8997,0.9091,3,4,0
view2,3028,12,0,0.9833,0.9081,3,3,0
view2,3029,12,0,0.9756,0.9074,3,3,0
view2,3030,12,0,0.966,0.9067,2,3,0
view2,3031,12,0,0.9627,0.9067,2,3,0
view2,3032,12,0,0.9449,0.9057,3,3,0
view2,3033,12,0,0.9499,0.9054,3,3,0
view2,3034,12,0,0.9524,0.9052,2,3,0
view2,3035,12,0,0.9312,0.9049,4,3,0
view2,3036,12,0,0.9348,0.9043,4,3,0
view2,3037,12,0,0.9242,0.904,3,4,0
view2,3038,12,0,0.9245,0.904,4,4,0
view2,3039,12,0,0.9365,0.9041,4,3,0
view2,3040,12,0,0.9277,0.9041,4,3,0
view2,3041,12,0,0.9273,0.904,4,3,0
view2,3042,12,0,0.931,0.9038,3,3,0
view2,3043,12,0,0.927,0.9036,4,3,0
view2,3044,12,0,0.9315,0.9035,4,3,0
view2,3045,12,0,0.9204,0.9033,4,3,0
view2,3046,12,0,0.9238,0.9034,3,3,0
view2,3047,12,0,0.9266,0.9033,2,3,0
view2,3048,12,0,0.9197,0.9031,3,3,0
view2,3049,12,0,0.9331,0.9033,2,3,0
view2,3050,12,0,0.9327,0.9033,3,3,0
view2,3051,12,0,0.9267,0.9033,4,3,0
view2,3052,12,0,0.9227,0.9035,3,4,0
view2,3053,12,0,0.9292,0.9036,4,4,0
view2,3054,12,0,0.9266,0.9037,4,4,0
view2,3055,12,0,0.9224,0.9036,4,3,0
view2,3056,12,0,0.929,0.9035,4,4,0
view2,3057,12,0,0.9148,0.9032,4,4,0
view2,3058,12,0,0.9224,0.903,4,4,0
view2,3059,12,0,0.925,0.9028,4,4,0
view2,3060,12,0,0.9444,0.9028,5,4,0
view2,3061,12,0,0.94,0.9028,4,4,0
view2,3062,12,0,0.9351,0.9028,4,4,0
view2,3063,12,0,0.9334,0.9026,4,4,0
view2,3064,12,0,0.9244,0.902,4,4,0
view2,3065,12,0,0.9285,0.9017,4,4,0
view2,3066,12,0,0.9321,0.9016,4,4,0
view2,3067,12,0,0.9285,0.9014,4,4,0
view2,3068,12,0,0.9264,0.9009,5,4,0
view2,3069,12,0,0.9261,0.9005,4,4,0
view2,3070,12,0,0.923,0.9003,4,4,0
view2,3071,12,0,0.9163,0.8999,4,4,0
view2,3072,12,0,0.9256,0.8997,3,4,0
view2,3073,12,0,0.9242,0.8996,3,4,0
view2,3074,12,0,0.9251,0.8996,3,4,0
view2,3075,12,0,0.9247,0.8996,3,4,0
view2,3076,12,0,0.9299,0.8995,3,4,0
view2,3077,12,0,0.9308,0.8994,3,4,0
view2,3078,12,0,0.935,0.8992,3,4,0
view2,3079,12,0,0.9372,0.8992,3,4,0
view2,3080,12,0,0.9366,0.8991,3,4,0
view2,3081,12,0,0.9417,0.8992,4,4,0
view2,3082,12,0,0.9374,0.8992,3,4,0
view2,3083,12,0,0.9259,0.8993,3,4,0
view2,3084,12,0,0.9281,0.8994,3,4,0
view2,3085,12,0,0.9222,0.8993,3,4,0
view2,3086,12,0,0.9374,0.8994,4,4,0
view2,3087,12,0,0.9281,0.8992,3,4,0
view2,3088,12,0,0.9362,0.8992,5,4,0
view2,3089,12,0,0.9352,0.8992,4,4,0
view2,3090,12,0,0.9233,0.899,4,4,0
view2,3091,12,0,0.9274,0.899,4,4,0
view2,3092,12,0,0.9288,0.8989,5,4,0
view2,3093,12,0,0.9254,0.8988,3,4,0
view2,3094,12,0,0.927,0.8987,4,4,0
view2,3095,12,0,0.9228,0.8986,4,4,0
view2,3096,12,0,0.9289,0.8986,5,4,0
view2,3097,12,0,0.9259,0.8985,4,4,0
view2,3098,12,0,0.9206,0.8983,5,4,0
view2,3099,12,0,0.9174,0.8979,4,4,0
view2,3100,12,0,0.9234,0.8977,4,4,0
view2,3101,12,0,0.9195,0.8975,4,4,0
view2,3102,12,0,0.9157,0.8973,4,4,0
view2,3103,12,0,0.9219,0.8972,4,4,0
view2,3104,12,0,0.9175,0.8969,4,4,0
view2,3105,12,0,0.9084,0.8965,4,4,0
view2,3106,12,0,0.9215,0.8964,4,4,0
view2,3107,12,0,0.9191,0.8962,4,4,0
view2,3108,12,0,0.9244,0.8961,4,4,0
view2,3109,12,0,0.9199,0.8959,4,4,0
view2,3110,12,0,0.9214,0.8959,4,3,0
view2,3111,12,0,0.9174,0.8959,4,4,0
view2,3112,12,0,0.9231,0.8959,4,4,0
view2,3113,12,0,0.9204,0.8959,4,4,0
view2,3114,12,0,0.925,0.8961,4,4,0
view2,3115,12,0,0.9208,0.896,4,4,0
view2,3116,12,0,0.9258,0.896,4,4,0
view2,3117,12,0,0.9252,0.8961,4,4,0
view2,3118,12,0,0.9184,0.8961,4,4,0
view2,3119,12,0,0.9242,0.8961,4,4,0
view2,3120,12,0,0.9249,0.8962,4,4,0
view2,3121,12,0,0.9193,0.8962,4,3,0
view2,3122,12,0,0.9122,0.8961,4,4,0
view2,3123,12,0,0.9256,0.8961,4,4,0
view2,3124,12,0,0.9193,0.8961,4,4,0
view2,3125,12,0,0.9161,0.8959,4,3,0
view2,3126,12,0,0.9104,0.8957,4,4,0
view2,3127,12,0,0.9069,0.8956,4,4,0
view2,3128,12,0,0.9035,0.8956,4,3,0
view2,3129,12,0,0.9024,0.8955,4,3,0
view2,3130,12,0,0.903,0.8954,4,3,0
view2,3131,12,0,0.9081,0.8954,5,3,0
view2,3132,12,0,0.9017,0.8953,5,4,0
view2,3133,12,0,0.8961,0.8952,4,4,0
view2,3134,12,0,0.8986,0.8951,4,4,0
view2,3135,12,0,0.9025,0.895,4,3,0
view2,3136,12,0,0.9109,0.8949,4,3,0
view2,3137,12,0,0.916,0.8949,4,4,0
view2,3138,12,0,0.9096,0.8949,4,3,0
view2,3139,12,0,0.9158,0.8948,4,4,0
view2,3140,12,0,0.9091,0.8947,4,4,0
view2,3141,12,0,0.9246,0.8946,4,4,0
view2,3142,12,0,0.9265,0.8946,4,4,0
view2,3143,12,0,0.9084,0.8946,4,4,0
view2,3144,12,0,0.9235,0.8946,4,4,0
view2,3145,12,0,0.9076,0.8944,4,4,0
view2,3146,12,0,0.9037,0.8942,4,4,0
view2,3147,12,0,0.9105,0.8941,3,4,0
view2,3148,12,0,0.9175,0.894,4,3,0
view2,3149,12,0,0.9129,0.8939,4,3,0
view2,3150,12,0,0.9196,0.8938,4,3,0
view2,3151,12,0,0.9192,0.8937,4,3,0
view2,3152,12,0,0.928,0.8937,4,3,0
view2,3153,12,0,0.914,0.8936,4,4,0
view2,3154,12,0,0.9131,0.8935,2,4,0
view2,3155,12,0,0.9271,0.8934,3,3,0
view2,3156,12,0,0.9298,0.8934,3,3,0
view2,3157,12,0,0.9255,0.8934,4,3,0
view2,3158,12,0,0.9281,0.8934,4,3,0
view2,3159,12,0,0.9223,0.8933,4,3,0
view2,3160,12,0,0.9404,0.8933,4,3,0
view2,3161,12,0,0.9397,0.8933,4,3,0
view2,3162,12,0,0.9381,0.8934,4,4,0
view2,3163,12,0,0.9294,0.8934,4,4,0
view2,3164,12,0,0.929,0.8934,4,3,0
view2,3165,12,0,0.9155,0.8933,3,4,0
view2,3166,12,0,0.9251,0.8933,4,4,0
view2,3167,12,0,0.9308,0.8933,4,4,0
view2,3168,12,0,0.9282,0.8933,4,4,0
view2,3169,12,0,0.9294,0.8933,3,4,0
view2,3170,12,0,0.9338,0.8933,4,4,0
view2,3171,12,0,0.9379,0.8933,4,4,0
view2,3172,12,0,0.931,0.8933,4,4,0
view2,3173,12,0,0.9237,0.8934,4,4,0
view2,3174,12,0,0.9275,0.8934,3,4,0
view2,3175,12,0,0.9261,0.8934,4,4,0
view2,3176,12,0,0.94,0.8935,3,4,0
view2,3177,12,0,0.924,0.8936,3,4,0
view2,3178,12,0,0.9233,0.8936,5,4,0
view2,3179,12,0,0.9241,0.8936,2,3,0
view2,3180,12,0,0.9305,0.8936,3,3,0
view2,3181,12,0,0.9289,0.8936,3,3,0
view2,3182,12,0,0.9289,0.8936,3,3,0
view2,3183,12,0,0.9307,0.8937,5,4,0
view2,3184,12,0,0.9312,0.8937,4,4,0
view2,3185,12,0,0.9315,0.8937,3,4,0
view2,3186,12,0,0.9379,0.8938,3,4,0
view2,3187,12,0,0.9213,0.8938,4,4,0
view2,3188,12,0,0.9331,0.8938,4,4,0
view2,3189,12,0,0.9383,0.8939,4,4,0
view2,3190,12,0,0.9326,0.8939,4,4,0
view2,3191,12,0,0.9326,0.8939,5,4,0
view2,3192,12,0,0.9335,0.8939,4,4,0
view2,3193,12,0,0.9345,0.894,4,4,0
view2,3194,12,0,0.9308,0.8941,3,3,0
view2,3195,12,0,0.9363,0.8941,3,3,0
view2,3196,12,0,0.9236,0.8941,4,4,0
view2,3197,12,0,0.9282,0.8941,3,4,0
view2,3198,12,0,0.9303,0.8941,4,3,0
view2,3199,12,0,0.93,0.8942,4,4,0
view2,3200,12,0,0.9304,0.8942,3,4,0
view2,3201,12,0,0.9355,0.8942,3,3,0
view2,3202,12,0,0.937,0.8943,4,3,0
view2,3203,12,0,0.9337,0.8944,2,3,0
view2,3204,12,0,0.928,0.8944,2,3,0
view2,3205,12,0,0.9292,0.8945,3,3,0
view2,3206,12,0,0.9259,0.8945,2,3,0
view2,3207,12,0,0.9294,0.8945,3,3,0
view2,3208,12,0,0.9252,0.8945,3,4,0
view2,3209,12,0,0.9351,0.8945,5,3,0
view2,3210,12,0,0.9281,0.8945,3,4,0
view2,3211,12,0,0.9237,0.8945,4,4,0
view2,3212,12,0,0.9419,0.8945,2,4,0
view2,3213,12,0,0.9369,0.8945,4,4,0
view2,3214,12,0,0.9259,0.8945,2,4,0
view2,3215,12,0,0.9376,0.8945,2,4,0
view2,3216,12,0,0.9339,0.8945,4,4,0
view2,3217,12,0,0.9448,0.8945,3,4,0
view2,3218,12,0,0.9347,0.8945,2,4,0
view2,3219,12,0,0.9436,0.8945,3,4,0
view2,3220,12,0,0.9371,0.8946,3,4,0
view2,3221,12,0,0.9471,0.8947,3,4,0
view2,3222,12,0,0.9411,0.8947,4,4,0
view2,3223,12,0,0.9331,0.8948,3,4,0
view2,3224,12,0,0.9422,0.8948,2,3,0
view2,3225,12,0,0.941,0.8949,2,3,0
view2,3226,12,0,0.9344,0.8949,3,3,0
view2,3227,12,0,0.9325,0.895,3,3,0
view2,3228,12,0,0.9289,0.895,2,3,0
view2,3229,12,0,0.9224,0.895,4,3,0
view2,3230,12,0,0.9166,0.8949,1,3,0
view2,3231,12,0,0.9042,0.8948,3,3,0
view2,3232,12,0,0.8962,0.8946,3,3,0
view2,3233,12,0,0.9142,0.8946,2,3,0
view2,3234,12,0,0.8951,0.8944,2,3,0
view2,3235,12,0,0.8987,0.8942,3,3,0
view2,3236,12,0,0.9077,0.8941,2,3,0
view2,3237,12,0,0.8981,0.894,2,3,0
view2,3238,12,0,0.9009,0.8938,3,3,0
view2,3239,12,0,0.9037,0.8937,2,3,0
view2,3240,12,0,0.9108,0.8937,3,3,0
view2,3241,12,0,0.9192,0.8937,2,3,0
view2,3242,12,0,0.9296,0.8937,1,3,0
view2,3243,12,0,0.9311,0.8937,3,3,0
view2,3244,12,0,0.9223,0.8936,3,3,0
view2,3245,12,0,0.9119,0.8935,3,3,0
view2,3246,12,0,0.9196,0.8934,3,3,0
view2,3247,12,0,0.9348,0.8933,3,3,0
view2,3248,12,0,0.9295,0.8932,3,3,0
view2,3249,12,0,0.9321,0.8932,3,3,0
view2,3250,13,1,0.0,0.85,3,0,0
view2,3251,13,0,0.9866,0.85,3,3,0
view2,3252,13,0,0.9869,0.9866,3,3,0
view2,3253,13,1,0.9852,0.9858,3,3,0
view2,3254,13,1,0.9849,0.9849,3,3,0
view2,3255,13,0,0.9847,0.9819,3,3,0
view2,3256,13,0,0.9828,0.9795,3,3,0
view2,3257,13,0,0.9781,0.9771,3,3,0
view2,3258,13,1,0.9744,0.9752,4,3,0
view2,3259,13,0,0.9886,0.9755,4,4,0
view2,3260,13,0,0.9852,0.9751,4,4,0
view2,3261,13,0,0.9847,0.9743,4,4,0
view2,3262,13,0,0.9801,0.9733,4,4,0
view2,3263,13,1,0.9653,0.9705,4,4,0
view2,3264,13,0,0.9893,0.9691,4,4,0
view2,3265,13,0,0.9789,0.968,4,4,0
view2,3266,13,0,0.9714,0.9659,4,4,0
view2,3267,13,0,0.9729,0.9634,4,4,0
view2,3268,13,0,0.9722,0.962,4,4,0
view2,3269,13,0,0.9616,0.9604,3,4,0
view2,3270,13,1,0.9565,0.9585,3,4,0
view2,3271,13,0,0.985,0.9575,4,3,0
view2,3272,13,0,0.9807,0.9566,3,3,0
view2,3273,13,0,0.9799,0.9549,4,3,0
view2,3274,13,0,0.9787,0.9537,2,3,0
view2,3275,13,0,0.9748,0.9526,2,3,0
view2,3276,13,0,0.9751,0.9517,3,3,0
view2,3277,13,0,0.9738,0.95,3,3,0
view2,3278,13,0,0.9788,0.9492,4,3,0
view2,3279,13,0,0.9757,0.9478,4,3,0
view2,3280,13,0,0.9746,0.9468,4,3,0
view2,3281,13,0,0.9727,0.9455,3,3,0
view2,3282,13,0,0.9674,0.9442,4,3,0
view2,3283,13,0,0.9669,0.9432,2,3,0
view2,3284,13,0,0.97,0.9426,4,3,0
view2,3285,13,0,0.9621,0.942,3,3,0
view2,3286,13,0,0.9475,0.941,2,3,0
view2,3287,13,0,0.9548,0.9403,4,3,0
view2,3288,13,0,0.9622,0.9403,2,3,0
view2,3289,13,0,0.9623,0.9401,3,3,0
view2,3290,13,0,0.9647,0.9402,3,3,0
view2,3291,13,0,0.9551,0.9399,3,3,0
view2,3292,13,0,0.9571,0.9401,4,4,0
view2,3293,13,0,0.9594,0.9403,3,3,0
view2,3294,13,0,0.9608,0.9405,5,3,0
view2,3295,13,0,0.9589,0.9407,5,3,0
view2,3296,13,0,0.957,0.9408,4,4,0
view2,3297,13,0,0.9542,0.9409,4,3,0
view2,3298,13,0,0.949,0.9408,3,3,0
view2,3299,13,0,0.9564,0.941,3,3,0
view2,3300,13,0,0.9543,0.9411,4,4,0
view2,3301,13,0,0.9549,0.9412,4,3,0
view2,3302,13,0,0.9529,0.9413,2,3,0
view2,3303,13,0,0.9518,0.9411,2,3,0
view2,3304,13,0,0.9559,0.9411,4,3,0
view2,3305,13,0,0.9487,0.941,3,3,0
view2,3306,13,0,0.9429,0.9409,3,3,0
view2,3307,13,0,0.9418,0.9407,4,4,0
view2,3308,13,0,0.9585,0.9409,3,3,0
view2,3309,13,0,0.9553,0.9409,2,4,0
view2,3310,13,0,0.9478,0.9408,2,4,0
view2,3311,13,0,0.9583,0.9408,3,4,0
view2,3312,13,0,0.9533,0.9407,2,4,0
view2,3313,13,0,0.9502,0.9406,3,4,0
view2,3314,13,0,0.9408,0.9402,3,4,0
view2,3315,13,0,0.9575,0.9402,4,4,0
view2,3316,13,0,0.9517,0.9401,4,3,0
view2,3317,13,0,0.9448,0.9399,3,4,0
view2,3318,13,0,0.9435,0.9397,4,3,0
view2,3319,13,0,0.9401,0.9394,4,3,0
view2,3320,13,0,0.9483,0.9393,3,3,0
view2,3321,13,1,0.9302,0.9387,2,3,0
view2,3322,13,0,0.9836,0.9381,3,2,0
view2,3323,13,0,0.9697,0.9376,3,2,0
view2,3324,13,0,0.9642,0.9373,3,2,0
view2,3325,13,0,0.9673,0.9368,3,2,0
view2,3326,13,0,0.9668,0.9362,3,2,0
view2,3327,13,0,0.9556,0.9356,3,2,0
view2,3328,13,0,0.9509,0.9352,2,2,0
view2,3329,13,0,0.9595,0.9348,3,2,0
view2,3330,13,0,0.9549,0.9344,3,2,0
view2,3331,13,0,0.9557,0.9339,3,2,0
view2,3332,13,0,0.9613,0.9332,4,2,0
view2,3333,13,0,0.9553,0.9325,4,2,0
view2,3334,13,0,0.9474,0.9319,3,2,0
view2,3335,13,0,0.9469,0.9314,3,2,0
view2,3336,13,0,0.9478,0.9309,3,2,0
view2,3337,13,0,0.946,0.9307,4,2,0
view2,3338,13,0,0.9437,0.9302,2,2,0
view2,3339,13,0,0.9474,0.9297,4,2,0
view2,3340,13,0,0.9533,0.9295,4,2,0
view2,3341,13,0,0.949,0.9292,4,2,0
view2,3342,13,0,0.9519,0.929,4,2,0
view2,3343,13,0,0.944,0.9286,4,2,0
view2,3344,13,0,0.942,0.9283,3,2,0
view2,3345,13,0,0.9451,0.9281,4,2,0
view2,3346,13,0,0.9404,0.9277,3,2,0
view2,3347,13,0,0.9498,0.9274,3,2,0
view2,3348,13,0,0.9299,0.927,3,2,0
view2,3349,13,0,0.9379,0.9266,4,2,0
view2,3350,13,0,0.9421,0.9261,3,2,0
view2,3351,13,0,0.9416,0.9259,3,2,0
view2,3352,13,0,0.9395,0.9255,2,2,0
view2,3353,13,0,0.9377,0.925,3,2,0
view2,3354,13,0,0.9412,0.9245,4,2,0
view2,3355,13,0,0.9348,0.9238,2,2,0
view2,3356,13,0,0.9315,0.9232,3,2,0
view2,3357,13,0,0.9448,0.923,2,2,0
view2,3358,13,0,0.9415,0.9227,3,2,0
view2,3359,13,0,0.9391,0.9224,4,2,0
view2,3360,13,0,0.9418,0.9221,4,2,0
view2,3361,13,0,0.953,0.922,4,2,0
view2,3362,13,0,0.9464,0.9217,3,2,0
view2,3363,13,0,0.935,0.9214,3,2,0
view2,3364,13,0,0.9357,0.9211,4,2,0
view2,3365,13,0,0.9424,0.9209,4,2,0
view2,3366,13,0,0.9448,0.9208,4,2,0
view2,3367,13,0,0.9437,0.9208,4,2,0
view2,3368,13,0,0.9527,0.9209,5,2,0
view2,3369,13,0,0.9491,0.9209,4,2,0
view2,3370,13,0,0.927,0.9207,3,2,0
view2,3371,13,0,0.9362,0.9207,4,4,0
view2,3372,13,0,0.9302,0.9206,4,3,0
view2,3373,13,0,0.9235,0.9204,3,2,0
view2,3374,13,0,0.9212,0.9201,3,3,0
view2,3375,13,1,0.9106,0.9196,3,3,0
view2,3376,13,0,0.9887,0.9193,3,3,0
view2,3377,13,0,0.9849,0.919,3,3,0
view2,3378,13,0,0.9861,0.9188,2,3,0
view2,3379,13,0,0.9785,0.9188,2,3,0
view2,3380,13,0,0.9802,0.9184,3,3,0
view2,3381,13,0,0.971,0.9183,3,3,0
view2,3382,13,0,0.9717,0.9183,3,3,0
view2,3383,13,0,0.9662,0.9181,3,3,0
view2,3384,13,0,0.9641,0.9179,2,3,0
view2,3385,13,0,0.9503,0.9177,3,3,0
view2,3386,13,0,0.9465,0.9174,2,3,0
view2,3387,13,0,0.9395,0.9173,2,3,0
view2,3388,13,0,0.9353,0.917,3,3,0
view2,3389,13,0,0.9429,0.9169,3,3,0
view2,3390,13,0,0.9333,0.9167,4,3,0
view2,3391,13,0,0.9164,0.9163,2,3,0
view2,3392,13,1,0.9104,0.9157,3,3,0
view2,3393,13,0,0.9793,0.9154,3,3,0
view2,3394,13,0,0.9811,0.9147,1,3,0
view2,3395,13,0,0.9752,0.9143,4,3,0
view2,3396,13,0,0.9588,0.9139,4,3,0
view2,3397,13,0,0.9661,0.9136,3,3,0
view2,3398,13,0,0.9533,0.9132,3,3,0
view2,3399,13,0,0.9556,0.9127,4,3,0
view2,3400,13,0,0.9608,0.9122,4,3,0
view2,3401,13,0,0.9605,0.9118,5,3,0
view2,3402,13,0,0.9552,0.9113,5,3,0
view2,3403,13,0,0.9564,0.911,4,3,0
view2,3404,13,0,0.9555,0.9109,5,3,0
view2,3405,13,0,0.9494,0.9106,4,3,0
view2,3406,13,0,0.9453,0.9104,4,3,0
view2,3407,13,0,0.9461,0.9102,4,3,0
view2,3408,13,0,0.9511,0.91,4,3,0
view2,3409,13,0,0.9494,0.9099,4,3,0
view2,3410,13,0,0.9483,0.9097,4,3,0
view2,3411,13,0,0.9428,0.9095,4,3,0
view2,3412,13,0,0.943,0.9094,4,3,0
view2,3413,13,0,0.9497,0.9093,4,3,0
view2,3414,13,0,0.94,0.9092,4,3,0
view2,3415,13,0,0.9352,0.9091,3,3,0
view2,3416,13,0,0.9335,0.909,3,3,0
view2,3417,13,0,0.9335,0.909,5,4,0
view2,3418,13,0,0.917,0.9087,5,4,0
view2,3419,13,0,0.9237,0.9085,5,3,0
view2,3420,13,0,0.931,0.9083,4,3,0
view2,3421,13,0,0.9414,0.9083,3,3,0
view2,3422,13,0,0.9534,0.9084,3,3,0
view2,3423,13,0,0.9551,0.9085,3,3,0
view2,3424,13,0,0.9468,0.9086,3,3,0
view2,3425,13,0,0.9356,0.9085,3,3,0
view2,3426,13,0,0.9455,0.9085,3,3,0
view2,3427,13,0,0.9385,0.9085,3,3,0
view2,3428,13,0,0.9278,0.9083,3,3,0
view2,3429,13,0,0.9304,0.9082,3,3,0
view2,3430,13,0,0.9299,0.908,3,3,0
view2,3431,13,0,0.936,0.9078,3,3,0
view2,3432,13,0,0.9356,0.9077,3,3,0
view2,3433,13,0,0.9156,0.9074,2,3,0
view2,3434,13,0,0.9194,0.9072,2,3,0
view2,3435,13,0,0.937,0.9071,2,3,0
view2,3436,13,0,0.9242,0.907,3,3,0
view2,3437,13,0,0.9355,0.907,3,3,0
view2,3438,13,0,0.9444,0.907,2,3,0
view2,3439,13,0,0.9287,0.9069,3,3,0
view2,3440,13,0,0.9165,0.9068,3,3,0
view2,3441,13,0,0.9354,0.9067,3,3,0
view2,3442,13,0,0.9208,0.9066,3,3,0
view2,3443,13,0,0.9351,0.9065,3,3,0
view2,3444,13,0,0.9344,0.9064,3,3,0
view2,3445,13,0,0.9271,0.9061,3,3,0
view2,3446,13,0,0.9376,0.9059,3,3,0
view2,3447,13,0,0.9262,0.9057,3,3,0
view2,3448,13,0,0.9325,0.9055,3,3,0
view2,3449,13,0,0.9264,0.9052,3,3,0
view2,3450,13,0,0.9133,0.9049,3,3,0
view2,3451,13,0,0.9117,0.9047,3,4,0
view2,3452,13,0,0.9297,0.9046,3,3,0
view2,3453,13,0,0.9245,0.9045,4,3,0
view2,3454,13,0,0.9196,0.9043,3,3,0
view2,3455,13,0,0.9232,0.9042,3,3,0
view2,3456,13,0,0.9207,0.904,3,3,0
view2,3457,13,0,0.9159,0.9037,3,3,0
view2,3458,13,0,0.9152,0.9035,3,3,0
view2,3459,13,0,0.9313,0.9033,2,3,0
view2,3460,13,0,0.9315,0.9031,3,3,0
view2,3461,13,0,0.9179,0.9028,3,3,0
view2,3462,13,0,0.9157,0.9026,1,3,0
view2,3463,13,0,0.906,0.9023,3,3,0
view2,3464,13,0,0.9086,0.9019,2,3,0
view2,3465,13,0,0.9095,0.9016,2,3,0
view2,3466,13,1,0.8904,0.9012,2,3,0
view2,3467,13,0,0.9553,0.901,2,2,0
view2,3468,13,0,0.9531,0.9009,1,2,0
view2,3469,13,0,0.9336,0.9007,3,2,0
view2,3470,13,0,0.9224,0.9006,2,2,0
view2,3471,13,0,0.9241,0.9004,2,3,0
view2,3472,13,0,0.9223,0.9003,3,3,0
view2,3473,13,0,0.9344,0.9002,3,3,0
view2,3474,13,0,0.9192,0.9002,2,3,0
view2,3475,13,0,0.9204,0.9001,3,3,0
view2,3476,13,0,0.9168,0.8999,4,3,0
view2,3477,13,0,0.9131,0.8997,4,3,0
view2,3478,13,0,0.9317,0.8997,4,3,0
view2,3479,13,0,0.9335,0.8997,4,3,0
view2,3480,13,0,0.9315,0.8996,4,3,0
view2,3481,13,0,0.9271,0.8996,4,3,0
view2,3482,13,0,0.9182,0.8994,4,3,0
view2,3483,13,0,0.917,0.8993,4,3,0
view2,3484,13,0,0.9202,0.8992,4,3,0
view2,3485,13,0,0.9134,0.899,4,3,0
view2,3486,13,0,0.9248,0.8989,4,3,0
view2,3487,13,0,0.9211,0.8988,5,4,0
view2,3488,13,0,0.9292,0.8987,4,4,0
view2,3489,13,0,0.9314,0.8986,4,4,0
view2,3490,13,0,0.9147,0.8985,4,3,0
view2,3491,13,0,0.9104,0.8983,4,4,0
view2,3492,13,0,0.9163,0.8981,4,4,0
view2,3493,13,0,0.9127,0.898,4,4,0
view2,3494,13,0,0.9255,0.8979,4,4,0
view2,3495,13,0,0.9182,0.8978,3,4,0
view2,3496,13,0,0.9188,0.8977,3,3,0
view2,3497,13,0,0.9149,0.8976,3,3,0
view2,3498,13,0,0.9194,0.8975,4,4,0
view2,3499,13,0,0.9281,0.8975,3,4,0
view2,3500,14,1,0.0,0.85,5,0,0
view2,3501,14,0,0.9851,0.85,5,5,0
view2,3502,14,1,0.965,0.97,3,5,0
view2,3503,14,0,0.9787,0.9677,4,3,0
view2,3504,14,0,0.9716,0.962,4,3,0
view2,3505,14,1,0.949,0.9548,4,3,0
view2,3506,14,0,0.98,0.9553,5,4,0
view2,3507,14,0,0.9729,0.9541,4,4,0
view2,3508,14,0,0.9665,0.9533,4,4,0
view2,3509,14,0,0.961,0.9536,4,4,0
view2,3510,14,0,0.9582,0.9521,3,4,0
view2,3511,14,0,0.9604,0.9501,3,4,0
view2,3512,14,0,0.9566,0.95,3,3,0
view2,3513,14,0,0.9678,0.95,3,3,0
view2,3514,14,0,0.9567,0.9495,2,3,0
view2,3515,14,0,0.9599,0.9491,2,3,0
view2,3516,14,0,0.9592,0.9485,4,5,0
view2,3517,14,0,0.9599,0.9477,4,5,0
view2,3518,14,1,0.9434,0.9454,2,5,0
view2,3519,14,0,0.9708,0.9452,3,2,0
view2,3520,14,0,0.9696,0.9456,3,2,0
view2,3521,14,0,0.9648,0.9455,3,2,0
view2,3522,14,0,0.9466,0.945,5,2,0
view2,3523,14,0,0.9638,0.9446,5,2,0
view2,3524,14,0,0.9535,0.9444,2,2,0
view2,3525,14,0,0.957,0.9436,4,2,0
view2,3526,14,0,0.9473,0.9424,4,2,0
view2,3527,14,1,0.9214,0.9401,3,4,0
view2,3528,14,0,0.9836,0.9395,2,3,0
view2,3529,14,0,0.9774,0.9384,3,3,0
view2,3530,14,0,0.9561,0.9367,2,3,0
view2,3531,14,0,0.9574,0.935,3,3,0
view2,3532,14,0,0.941,0.9333,3,3,0
view2,3533,14,0,0.9496,0.9312,2,3,0
view2,3534,14,0,0.9543,0.929,3,3,0
view2,3535,14,0,0.934,0.9273,3,3,0
view2,3536,14,0,0.9312,0.9251,4,3,0
view2,3537,14,0,0.9327,0.9228,4,3,0
view2,3538,14,0,0.9354,0.9209,4,3,0
view2,3539,14,0,0.9199,0.9186,4,3,0
view2,3540,14,0,0.9238,0.9164,4,3,0
view2,3541,14,0,0.9252,0.9153,4,3,0
view2,3542,14,1,0.9116,0.9131,4,3,0
view2,3543,14,0,0.9636,0.9131,4,4,0
view2,3544,14,0,0.9456,0.9131,4,4,0
view2,3545,14,0,0.9422,0.913,4,4,0
view2,3546,14,0,0.9337,0.9131,3,3,0
view2,3547,14,0,0.9355,0.913,4,4,0
view2,3548,14,0,0.9317,0.9129,3,3,0
view2,3549,14,0,0.9366,0.913,4,5,0
view2,3550,14,0,0.9314,0.913,4,4,0
view2,3551,14,0,0.9323,0.9129,4,4,0
view2,3552,14,0,0.9345,0.9129,4,4,0
view2,3553,14,0,0.9348,0.9129,4,4,0
view2,3554,14,0,0.9338,0.9129,4,5,0
view2,3555,14,0,0.9365,0.9129,4,3,0
view2,3556,14,0,0.9375,0.913,4,3,0
view2,3557,14,0,0.9338,0.913,4,5,0
view2,3558,14,0,0.9345,0.9129,4,5,0
view2,3559,14,0,0.934,0.9129,4,5,0
view2,3560,14,0,0.9338,0.9128,4,5,0
view2,3561,14,0,0.9373,0.9129,5,5,0
view2,3562,14,0,0.9412,0.9131,4,5,0
view2,3563,14,0,0.9392,0.9133,3,3,0
view2,3564,14,0,0.9348,0.9132,4,5,0
view2,3565,14,0,0.9455,0.9133,3,5,0
view2,3566,14,0,0.9601,0.9135,3,5,0
view2,3567,14,0,0.9454,0.9136,3,3,0
view2,3568,14,0,0.9451,0.9138,5,5,0
view2,3569,14,0,0.9406,0.9139,4,3,0
view2,3570,14,0,0.9472,0.914,3,3,0
view2,3571,14,0,0.9438,0.9142,3,3,0
view2,3572,14,0,0.9445,0.9143,4,3,0
view2,3573,14,0,0.9464,0.9145,3,3,0
view2,3574,14,0,0.9426,0.9148,3,3,0
view2,3575,14,0,0.9429,0.9148,3,3,0
view2,3576,14,0,0.9373,0.9148,3,3,0
view2,3577,14,0,0.9373,0.9147,3,3,0
view2,3578,14,0,0.9566,0.9148,3,3,0
view2,3579,14,0,0.952,0.9149,3,3,0
view2,3580,14,0,0.9399,0.915,3,3,0
view2,3581,14,0,0.9465,0.915,3,3,0
view2,3582,14,0,0.9439,0.9151,3,3,0
view2,3583,14,0,0.9431,0.9151,3,3,0
view2,3584,14,0,0.9555,0.9153,3,3,0
view2,3585,14,0,0.95,0.9154,3,3,0
view2,3586,14,0,0.9497,0.9154,3,3,0
view2,3587,14,0,0.9448,0.9154,4,3,0
view2,3588,14,0,0.9479,0.9154,3,3,0
view2,3589,14,0,0.9382,0.9153,4,3,0
view2,3590,14,0,0.9358,0.9151,4,3,0
view2,3591,14,0,0.9261,0.915,3,3,0
view2,3592,14,0,0.9362,0.915,4,3,0
view2,3593,14,0,0.9335,0.915,3,3,0
view2,3594,14,0,0.9397,0.915,3,3,0
view2,3595,14,0,0.9207,0.9147,3,3,0
view2,3596,14,0,0.9288,0.9145,3,3,0
view2,3597,14,0,0.9352,0.9143,4,3,0
view2,3598,14,0,0.9283,0.9142,3,3,0
view2,3599,14,0,0.9325,0.9141,4,3,0
view2,3600,14,0,0.9386,0.9141,3,3,0
view2,3601,14,0,0.9384,0.9141,4,3,0
view2,3602,14,0,0.9372,0.9141,3,3,0
view2,3603,14,0,0.93,0.9141,4,3,0
view2,3604,14,0,0.9413,0.914,3,3,0
view2,3605,14,0,0.9455,0.914,4,3,0
view2,3606,14,0,0.9368,0.9139,3,3,0
view2,3607,14,0,0.9405,0.9139,4,3,0
view2,3608,14,0,0.9399,0.9139,3,3,0
view2,3609,14,0,0.9365,0.9139,4,3,0
view2,3610,14,0,0.9479,0.9139,5,3,0
view2,3611,14,0,0.9414,0.9139,4,3,0
view2,3612,14,0,0.9337,0.9138,5,3,0
view2,3613,14,0,0.944,0.9138,4,3,0
view2,3614,14,0,0.9419,0.9138,5,3,0
view2,3615,14,0,0.9463,0.9139,4,3,0
view2,3616,14,0,0.9475,0.9139,2,3,0
view2,3617,14,0,0.9512,0.9139,3,3,0
view2,3618,14,0,0.9431,0.9139,3,3,0
view2,3619,14,0,0.938,0.9139,3,3,0
view2,3620,14,0,0.9453,0.9139,4,3,0
view2,3621,14,0,0.95,0.914,3,3,0
view2,3622,14,0,0.9521,0.9141,3,3,0
view2,3623,14,0,0.9473,0.9142,4,3,0
view2,3624,14,0,0.9481,0.9143,4,3,0
view2,3625,14,0,0.9466,0.9143,4,3,0
view2,3626,14,0,0.947,0.9143,3,3,0
view2,3627,14,0,0.9436,0.9143,3,3,0
view2,3628,14,0,0.9552,0.9144,3,3,0
view2,3629,14,0,0.9558,0.9144,4,3,0
view2,3630,14,0,0.9467,0.9145,3,3,0
view2,3631,14,0,0.9406,0.9145,3,3,0
view2,3632,14,0,0.9503,0.9146,4,3,0
view2,3633,14,0,0.9426,0.9147,4,3,0
view2,3634,14,0,0.948,0.9148,4,5,0
view2,3635,14,0,0.9569,0.9149,4,5,0
view2,3636,14,0,0.9566,0.915,3,3,0
view2,3637,14,0,0.9466,0.915,4,3,0
view2,3638,14,0,0.9577,0.9151,4,3,0
view2,3639,14,0,0.95,0.9152,4,3,0
view2,3640,14,0,0.9513,0.9153,4,3,0
view2,3641,14,0,0.9474,0.9153,4,3,0
view2,3642,14,0,0.9432,0.9153,4,3,0
view2,3643,14,0,0.9376,0.9153,5,5,0
view2,3644,14,0,0.9502,0.9153,2,5,0
view2,3645,14,0,0.9481,0.9153,4,5,0
view2,3646,14,0,0.9479,0.9154,2,3,0
view2,3647,14,0,0.9494,0.9154,4,5,0
view2,3648,14,0,0.9454,0.9155,4,5,0
view2,3649,14,0,0.9495,0.9156,2,3,0
view2,3650,14,0,0.9458,0.9156,3,4,0
view2,3651,14,0,0.9455,0.9157,3,4,0
view2,3652,14,0,0.9519,0.9158,4,4,0
view2,3653,14,0,0.9491,0.9158,3,3,0
view2,3654,14,0,0.9459,0.9159,3,3,0
view2,3655,14,0,0.9399,0.9159,3,5,0
view2,3656,14,0,0.9375,0.9159,3,4,0
view2,3657,14,0,0.9256,0.9158,2,4,0
view2,3658,14,0,0.9359,0.9158,4,5,0
view2,3659,14,0,0.9429,0.9158,3,4,0
view2,3660,14,0,0.9445,0.9158,5,4,0
view2,3661,14,0,0.9362,0.9158,3,5,0
view2,3662,14,0,0.9362,0.9157,3,5,0
view2,3663,14,0,0.9469,0.9157,3,5,0
view2,3664,14,0,0.9456,0.9156,3,5,0
view2,3665,14,0,0.9444,0.9155,3,5,0
view2,3666,14,0,0.9537,0.9155,4,5,0
view2,3667,14,0,0.9418,0.9155,3,5,0
view2,3668,14,0,0.9411,0.9155,3,5,0
view2,3669,14,0,0.9356,0.9154,3,5,0
view2,3670,14,0,0.9358,0.9154,3,3,0
view2,3671,14,0,0.948,0.9152,3,2,0
view2,3672,14,0,0.9432,0.9153,3,3,0
view2,3673,14,0,0.9504,0.9153,2,5,0
view2,3674,14,0,0.9469,0.9153,3,5,0
view2,3675,14,0,0.9386,0.9153,3,3,0
view2,3676,14,0,0.9258,0.9152,3,3,0
view2,3677,14,0,0.9225,0.9151,2,3,0
view2,3678,14,0,0.9174,0.915,2,3,0
view2,3679,14,1,0.9135,0.9149,3,3,0
view2,3680,14,0,0.9784,0.9148,2,3,0
view2,3681,14,0,0.9624,0.9147,2,3,0
view2,3682,14,0,0.9646,0.9147,4,3,0
view2,3683,14,0,0.95,0.9146,3,3,0
view2,3684,14,0,0.9441,0.9145,4,3,0
view2,3685,14,0,0.9458,0.9142,3,3,0
view2,3686,14,0,0.94,0.9141,4,3,0
view2,3687,14,0,0.945,0.9139,3,3,0
view2,3688,14,0,0.9413,0.9138,3,3,0
view2,3689,14,0,0.9416,0.9136,4,3,0
view2,3690,14,0,0.9255,0.9132,3,4,0
view2,3691,14,0,0.9402,0.9129,4,4,0
view2,3692,14,0,0.9377,0.9127,4,4,0
view2,3693,14,0,0.9247,0.9126,4,4,0
view2,3694,14,0,0.9329,0.9126,4,5,0
view2,3695,14,0,0.935,0.9126,4,3,0
view2,3696,14,0,0.9417,0.9126,4,3,0
view2,3697,14,0,0.934,0.9126,3,3,0
view2,3698,14,0,0.9308,0.9125,4,3,0
view2,3699,14,0,0.9162,0.9123,3,3,0
view2,3700,14,0,0.9385,0.9123,3,5,0
view2,3701,14,0,0.9356,0.9123,3,5,0
view2,3702,14,0,0.947,0.9123,3,5,0
view2,3703,14,0,0.9323,0.9122,3,5,0
view2,3704,14,0,0.9297,0.9121,3,3,0
view2,3705,14,0,0.9293,0.9121,3,5,0
view2,3706,14,0,0.9408,0.912,4,3,0
view2,3707,14,0,0.9446,0.912,4,5,0
view2,3708,14,0,0.9356,0.9118,4,5,0
view2,3709,14,0,0.9422,0.9118,4,5,0
view2,3710,14,0,0.9393,0.9117,4,5,0
view2,3711,14,0,0.9313,0.9117,4,5,0
view2,3712,14,0,0.9347,0.9117,4,3,0
view2,3713,14,0,0.9413,0.9116,4,3,0
view2,3714,14,0,0.9338,0.9116,4,3,0
view2,3715,14,0,0.9323,0.9114,4,3,0
view2,3716,14,0,0.9375,0.9112,4,3,0
view2,3717,14,0,0.9312,0.911,4,3,0
view2,3718,14,0,0.9326,0.9107,3,3,0
view2,3719,14,0,0.9132,0.9104,3,4,0
view2,3720,14,0,0.9307,0.9102,4,3,0
view2,3721,14,0,0.9202,0.9099,4,4,0
view2,3722,14,0,0.9308,0.9097,4,4,0
view2,3723,14,0,0.9197,0.9092,6,4,0
view2,3724,14,0,0.9311,0.909,3,4,0
view2,3725,14,0,0.931,0.9088,4,4,0
view2,3726,14,0,0.9327,0.9086,3,4,0
view2,3727,14,0,0.9342,0.9084,4,4,0
view2,3728,14,0,0.9212,0.9081,4,4,0
view2,3729,14,0,0.9221,0.9078,3,4,0
view2,3730,14,0,0.9181,0.9076,4,4,0
view2,3731,14,0,0.9202,0.9073,4,4,0
view2,3732,14,0,0.9298,0.9071,4,4,0
view2,3733,14,0,0.923,0.9068,4,3,0
view2,3734,14,0,0.9073,0.9066,2,3,0
view2,3735,14,0,0.9152,0.9064,5,3,0
view2,3736,14,0,0.9206,0.9063,3,3,0
view2,3737,14,0,0.9274,0.9062,2,3,0
view2,3738,14,0,0.916,0.9059,2,3,0
view2,3739,14,0,0.9229,0.9058,3,3,0
view2,3740,14,0,0.9273,0.9056,4,3,0
view2,3741,14,0,0.9188,0.9053,3,3,0
view2,3742,14,0,0.9269,0.9052,3,3,0
view2,3743,14,0,0.9343,0.9052,4,3,0
view2,3744,14,0,0.9309,0.9051,3,3,0
view2,3745,14,0,0.9407,0.9052,4,3,0
view2,3746,14,0,0.9522,0.9052,4,3,0
view2,3747,14,0,0.9394,0.9053,3,3,0
view2,3748,14,0,0.9333,0.9053,4,3,0
view2,3749,14,0,0.936,0.9053,4,5,0
view2,3750,15,1,0.0,0.85,3,0,0
view2,3751,15,0,0.9832,0.85,3,3,0
view2,3752,15,1,0.9791,0.9801,4,3,0
view2,3753,15,0,0.9854,0.9813,3,4,0
view2,3754,15,0,0.9853,0.9804,3,4,0
view2,3755,15,0,0.9803,0.9795,4,3,0
view2,3756,15,1,0.9761,0.9774,4,4,0
view2,3757,15,0,0.9883,0.9767,3,4,0
view2,3758,15,0,0.981,0.9751,4,4,0
view2,3759,15,1,0.972,0.9726,2,4,0
view2,3760,15,0,0.9728,0.9708,3,4,0
view2,3761,15,0,0.9707,0.9693,3,4,0
view2,3762,15,0,0.9747,0.9685,3,4,0
view2,3763,15,0,0.9694,0.9665,1,4,0
view2,3764,15,1,0.946,0.9618,4,4,0
view2,3765,15,0,0.9805,0.9584,4,4,0
view2,3766,15,0,0.979,0.9543,4,4,0
view2,3767,15,0,0.9701,0.9498,4,4,0
view2,3768,15,0,0.9669,0.9472,4,4,0
view2,3769,15,0,0.9632,0.9449,4,4,0
view2,3770,15,0,0.9591,0.9423,4,4,0
view2,3771,15,0,0.9515,0.9388,4,4,0
view2,3772,15,0,0.9535,0.9368,4,4,0
view2,3773,15,0,0.956,0.9355,4,4,0
view2,3774,15,0,0.9423,0.9347,3,4,0
view2,3775,15,0,0.9479,0.9342,4,4,0
view2,3776,15,0,0.9515,0.9331,4,4,0
view2,3777,15,0,0.9504,0.9327,4,4,0
view2,3778,15,0,0.9428,0.9318,4,4,0
view2,3779,15,0,0.9506,0.9315,3,4,0
view2,3780,15,0,0.9505,0.9312,3,4,0
view2,3781,15,0,0.9424,0.9302,3,4,0
view2,3782,15,0,0.9405,0.9295,2,4,0
view2,3783,15,1,0.9239,0.9278,3,4,0
view2,3784,15,0,0.9457,0.9264,3,3,0
view2,3785,15,1,0.9236,0.9245,2,4,0
view2,3786,15,0,0.9869,0.9233,2,2,0
view2,3787,15,0,0.9782,0.9216,3,2,0
view2,3788,15,0,0.9731,0.9198,3,2,0
view2,3789,15,0,0.971,0.9186,4,2,0
view2,3790,15,0,0.9755,0.9172,4,2,0
view2,3791,15,0,0.9644,0.917,4,2,0
view2,3792,15,0,0.9639,0.9166,4,2,0
view2,3793,15,0,0.9593,0.9166,4,2,0
view2,3794,15,0,0.9675,0.9164,4,2,0
view2,3795,15,0,0.9757,0.9156,4,2,0
view2,3796,15,0,0.9732,0.9148,4,2,0
view2,3797,15,0,0.9695,0.9134,4,2,0
view2,3798,15,0,0.9468,0.9128,4,2,0
view2,3799,15,0,0.931,0.9124,4,3,0
view2,3800,15,0,0.9239,0.9116,4,2,0
view2,3801,15,0,0.923,0.9113,4,2,0
view2,3802,15,0,0.9289,0.9113,5,2,0
view2,3803,15,0,0.9348,0.9113,4,2,0
view2,3804,15,0,0.9358,0.9112,4,3,0
view2,3805,15,0,0.9427,0.9114,4,3,0
view2,3806,15,0,0.9391,0.9115,4,4,0
view2,3807,15,0,0.9426,0.9115,4,3,0
view2,3808,15,0,0.9391,0.9116,5,4,0
view2,3809,15,0,0.9458,0.9119,5,4,0
view2,3810,15,0,0.9413,0.912,4,4,0
view2,3811,15,0,0.9484,0.912,4,3,0
view2,3812,15,0,0.9427,0.912,3,4,0
view2,3813,15,0,0.9457,0.9118,4,2,0
view2,3814,15,0,0.9307,0.9111,4,2,0
view2,3815,15,0,0.9267,0.9101,3,2,0
view2,3816,15,0,0.9427,0.9097,4,2,0
view2,3817,15,0,0.937,0.9091,4,2,0
view2,3818,15,0,0.9256,0.9086,3,2,0
view2,3819,15,0,0.9336,0.9082,3,2,0
view2,3820,15,0,0.913,0.9075,3,2,0
view2,3821,15,0,0.9331,0.9073,3,2,0
view2,3822,15,0,0.9305,0.9069,3,2,0
view2,3823,15,0,0.9155,0.9063,3,3,0
view2,3824,15,0,0.9146,0.9058,3,4,0
view2,3825,15,0,0.9136,0.9051,3,2,0
view2,3826,15,0,0.9239,0.9048,3,3,0
view2,3827,15,1,0.9023,0.9043,3,3,0
view2,3828,15,0,0.982,0.9032,3,3,0
view2,3829,15,0,0.965,0.902,4,3,0
view2,3830,15,0,0.9734,0.9011,4,3,0
view2,3831,15,0,0.9757,0.9007,4,3,0
view2,3832,15,0,0.9753,0.9005,4,3,0
view2,3833,15,0,0.9682,0.9,4,3,0
view2,3834,15,0,0.9661,0.8996,4,3,0
view2,3835,15,0,0.9657,0.8994,4,3,0
view2,3836,15,0,0.9606,0.8995,4,3,0
view2,3837,15,0,0.9652,0.8993,4,3,0
view2,3838,15,0,0.9641,0.8991,4,3,0
view2,3839,15,0,0.9597,0.8988,5,3,0
view2,3840,15,0,0.9591,0.8986,4,3,0
view2,3841,15,0,0.9528,0.8986,4,3,0
view2,3842,15,0,0.9545,0.8986,4,3,0
view2,3843,15,0,0.9543,0.8984,5,3,0
view2,3844,15,0,0.9528,0.8982,4,3,0
view2,3845,15,0,0.9515,0.8979,4,3,0
view2,3846,15,0,0.9524,0.8979,4,3,0
view2,3847,15,0,0.954,0.8977,4,3,0
view2,3848,15,0,0.9511,0.8975,4,3,0
view2,3849,15,0,0.9521,0.8971,4,3,0
view2,3850,15,0,0.9468,0.8968,4,3,0
view2,3851,15,0,0.9542,0.8966,4,3,0
view2,3852,15,0,0.9546,0.8965,4,3,0
view2,3853,15,0,0.9587,0.8965,4,3,0
view2,3854,15,0,0.9593,0.8964,4,3,0
view2,3855,15,0,0.9622,0.8963,4,3,0
view2,3856,15,0,0.9532,0.8961,4,3,0
view2,3857,15,0,0.9493,0.8959,3,3,0
view2,3858,15,0,0.9578,0.8957,3,3,0
view2,3859,15,0,0.9507,0.8958,4,3,0
view2,3860,15,0,0.9491,0.8957,3,3,0
view2,3861,15,0,0.9418,0.8956,4,3,0
view2,3862,15,0,0.942,0.8955,4,3,0
view2,3863,15,0,0.9417,0.8956,4,3,0
view2,3864,15,0,0.9377,0.8955,5,3,0
view2,3865,15,0,0.9284,0.8955,3,3,0
view2,3866,15,0,0.9314,0.8956,4,3,0
view2,3867,15,0,0.9251,0.8955,4,3,0
view2,3868,15,0,0.9229,0.8955,4,3,0
view2,3869,15,0,0.9203,0.8955,4,3,0
view2,3870,15,0,0.9353,0.8954,3,3,0
view2,3871,15,0,0.9281,0.8954,3,3,0
view2,3872,15,0,0.9254,0.8954,3,3,0
view2,3873,15,0,0.9341,0.8952,4,3,0
view2,3874,15,0,0.938,0.8952,4,3,0
view2,3875,15,0,0.9308,0.8952,3,3,0
view2,3876,15,0,0.921,0.8951,4,3,0
view2,3877,15,0,0.9113,0.8949,3,2,0
view2,3878,15,0,0.9346,0.8947,3,3,0
view2,3879,15,0,0.9319,0.8946,4,3,0
view2,3880,15,0,0.931,0.8944,2,3,0
view2,3881,15,0,0.9306,0.8942,3,3,0
view2,3882,15,0,0.9366,0.8943,2,3,0
view2,3883,15,0,0.9291,0.8941,3,3,0
view2,3884,15,0,0.9389,0.8941,3,3,0
view2,3885,15,0,0.9471,0.894,2,3,0
view2,3886,15,0,0.9424,0.8939,4,3,0
view2,3887,15,0,0.943,0.894,2,3,0
view2,3888,15,0,0.9445,0.8939,3,3,0
view2,3889,15,0,0.9466,0.8938,3,3,0
view2,3890,15,0,0.9561,0.8937,4,3,0
view2,3891,15,0,0.9503,0.8935,2,3,0
view2,3892,15,0,0.9553,0.8934,2,3,0
view2,3893,15,0,0.9395,0.8934,3,3,0
view2,3894,15,0,0.9354,0.8933,3,3,0
view2,3895,15,0,0.9383,0.8931,5,3,0
view2,3896,15,0,0.9408,0.893,4,3,0
view2,3897,15,0,0.9451,0.8929,3,3,0
view2,3898,15,0,0.9403,0.8927,2,3,0
view2,3899,15,0,0.9466,0.8926,3,3,0
view2,3900,15,0,0.9457,0.8925,2,3,0
view2,3901,15,0,0.9432,0.8925,4,3,0
view2,3902,15,0,0.9501,0.8925,4,3,0
view2,3903,15,0,0.9491,0.8925,3,3,0
view2,3904,15,0,0.9479,0.8925,5,3,0
view2,3905,15,0,0.9455,0.8924,3,3,0
view2,3906,15,0,0.9421,0.8924,3,3,0
view2,3907,15,0,0.9538,0.8924,4,3,0
view2,3908,15,0,0.9427,0.8925,3,3,0
view2,3909,15,0,0.9505,0.8924,3,3,0
view2,3910,15,0,0.9524,0.8924,3,3,0
view2,3911,15,0,0.9474,0.8924,4,3,0
view2,3912,15,0,0.9471,0.8925,3,3,0
view2,3913,15,0,0.9479,0.8925,5,3,0
view2,3914,15,1,0.7443,0.889,0,4,1
