view,frame_idx,shot_id,accepted,max_redund_score,epsilon_used
view1,0,0,1,0.0,0.85
view1,1,0,0,0.9864,0.85
view1,2,0,0,0.9876,0.9864
view1,3,0,0,0.988,0.9867
view1,4,0,1,0.9852,0.9857
view1,5,0,0,0.9847,0.9842
view1,6,0,1,0.9788,0.9804
view1,7,0,0,0.9756,0.97
view1,8,0,0,0.9651,0.9602
view1,9,0,0,0.9679,0.9549
view1,10,0,0,0.9591,0.95
view1,11,0,0,0.9577,0.9472
view1,12,0,0,0.9494,0.9425
view1,13,0,0,0.9591,0.942
view1,14,0,0,0.9519,0.9391
view1,15,0,0,0.9505,0.9372
view1,16,0,0,0.9428,0.9344
view1,17,0,0,0.9468,0.9325
view1,18,0,0,0.9565,0.9317
view1,19,0,0,0.9606,0.9316
view1,20,0,0,0.9586,0.9316
view1,21,0,0,0.9581,0.9317
view1,22,0,0,0.9552,0.9312
view1,23,0,0,0.9576,0.931
view1,24,0,0,0.9549,0.931
view1,25,0,0,0.9599,0.9311
view1,26,0,0,0.9542,0.931
view1,27,0,0,0.9393,0.93
view1,28,0,0,0.9543,0.93
view1,29,0,0,0.9562,0.9301
view1,30,0,0,0.9511,0.93
view1,31,0,0,0.9565,0.9302
view1,32,0,0,0.9454,0.9299
view1,33,0,0,0.9513,0.9299
view1,34,0,0,0.9542,0.9299
view1,35,0,0,0.9534,0.9297
view1,36,0,0,0.9495,0.9297
view1,37,0,0,0.954,0.9297
view1,38,0,0,0.9512,0.9296
view1,39,0,0,0.9532,0.9295
view1,40,0,0,0.9564,0.9295
view1,41,0,0,0.9635,0.9297
view1,42,0,0,0.9584,0.9299
view1,43,0,0,0.9474,0.9299
view1,44,0,0,0.9498,0.9299
view1,45,0,0,0.9583,0.9301
view1,46,0,0,0.9545,0.9301
view1,47,0,0,0.9518,0.9299
view1,48,0,0,0.9512,0.9299
view1,49,0,0,0.9498,0.9298
view1,50,0,0,0.9504,0.9296
view1,51,0,0,0.9514,0.9296
view1,52,0,0,0.95,0.9294
view1,53,0,0,0.9441,0.9292
view1,54,0,0,0.9501,0.9291
view1,55,0,0,0.9514,0.929
view1,56,0,0,0.9613,0.9291
view1,57,0,0,0.9594,0.9292
view1,58,0,0,0.9481,0.929
view1,59,0,0,0.9514,0.929
view1,60,0,0,0.959,0.9292
view1,61,0,0,0.9447,0.929
view1,62,0,0,0.9384,0.9285
view1,63,0,0,0.9494,0.9284
view1,64,0,0,0.9585,0.9286
view1,65,0,0,0.9534,0.9287
view1,66,0,0,0.9557,0.9287
view1,67,0,0,0.9528,0.9286
view1,68,0,0,0.9505,0.9285
view1,69,0,0,0.9561,0.9287
view1,70,0,0,0.9588,0.9288
view1,71,0,0,0.9559,0.9288
view1,72,0,0,0.9453,0.9284
view1,73,0,0,0.9593,0.9285
view1,74,0,0,0.9468,0.9284
view1,75,0,0,0.9508,0.9283
view1,76,0,0,0.9628,0.9284
view1,77,0,0,0.9538,0.9285
view1,78,0,0,0.9563,0.9286
view1,79,0,0,0.9637,0.9287
view1,80,0,0,0.9486,0.9286
view1,81,0,0,0.9516,0.9286
view1,82,0,0,0.955,0.9286
view1,83,0,0,0.9545,0.9286
view1,84,0,0,0.9443,0.9283
view1,85,0,0,0.9596,0.9284
view1,86,0,0,0.9623,0.9285
view1,87,0,0,0.952,0.9284
view1,88,0,0,0.9493,0.9284
view1,89,0,0,0.9474,0.9283
view1,90,0,0,0.9412,0.9281
view1,91,0,0,0.9519,0.9281
view1,92,0,0,0.9531,0.9282
view1,93,0,0,0.948,0.9282
view1,94,0,0,0.9549,0.9282
view1,95,0,0,0.9506,0.9281
view1,96,0,0,0.95,0.9281
view1,97,0,0,0.9544,0.9281
view1,98,0,0,0.9519,0.9281
view1,99,0,0,0.9421,0.9278
view1,100,0,0,0.947,0.9277
view1,101,0,0,0.9498,0.9276
view1,102,0,0,0.9436,0.9275
view1,103,0,0,0.9507,0.9275
view1,104,0,0,0.9618,0.9276
view1,105,0,0,0.9571,0.9277
view1,106,0,0,0.9569,0.9277
view1,107,0,0,0.9519,0.9278
view1,108,0,0,0.9527,0.9278
view1,109,0,0,0.9555,0.9278
view1,110,0,0,0.9556,0.9279
view1,111,0,0,0.9501,0.9279
view1,112,0,0,0.9519,0.9279
view1,113,0,0,0.9528,0.928
view1,114,0,0,0.9523,0.928
view1,115,0,0,0.9538,0.928
view1,116,0,0,0.9644,0.9281
view1,117,0,0,0.9626,0.9282
view1,118,0,0,0.9611,0.9282
view1,119,0,0,0.9564,0.9283
view1,120,0,0,0.9498,0.9282
view1,121,0,0,0.9491,0.9282
view1,122,0,0,0.9589,0.9283
view1,123,0,0,0.9463,0.9282
view1,124,0,0,0.955,0.9282
view1,125,0,0,0.9531,0.9282
view1,126,0,0,0.9471,0.9282
view1,127,0,0,0.95,0.9282
view1,128,0,0,0.9598,0.9283
view1,129,0,0,0.9634,0.9284
view1,130,0,0,0.9622,0.9285
view1,131,0,0,0.957,0.9285
view1,132,0,0,0.9564,0.9285
view1,133,0,0,0.9554,0.9285
view1,134,0,0,0.9468,0.9285
view1,135,0,0,0.9591,0.9286
view1,136,0,0,0.9548,0.9286
view1,137,0,0,0.957,0.9286
view1,138,0,0,0.938,0.9285
view1,139,0,0,0.9523,0.9285
view1,140,0,0,0.9557,0.9285
view1,141,0,0,0.9601,0.9286
view1,142,0,0,0.9503,0.9286
view1,143,0,0,0.9499,0.9286
view1,144,0,0,0.9505,0.9286
view1,145,0,0,0.9525,0.9285
view1,146,0,0,0.9529,0.9286
view1,147,0,0,0.9578,0.9286
view1,148,0,0,0.9586,0.9287
view1,149,0,0,0.9592,0.9287
view1,150,0,0,0.9636,0.9288
view1,151,0,0,0.9637,0.9289
view1,152,0,0,0.9602,0.9289
view1,153,0,0,0.9614,0.929
view1,154,0,0,0.9542,0.929
view1,155,0,0,0.9558,0.929
view1,156,0,0,0.957,0.929
view1,157,0,0,0.9509,0.929
view1,158,0,0,0.9593,0.9291
view1,159,0,0,0.9565,0.9291
view1,160,0,0,0.9502,0.9291
view1,161,0,0,0.9441,0.9291
view1,162,0,0,0.9493,0.929
view1,163,0,0,0.9443,0.9289
view1,164,0,0,0.9324,0.9287
view1,165,0,1,0.9144,0.9282
view1,166,0,0,0.9914,0.9277
view1,167,0,0,0.9766,0.9258
view1,168,0,0,0.9839,0.9244
view1,169,0,0,0.9865,0.9235
view1,170,0,0,0.9853,0.923
view1,171,0,0,0.9818,0.9216
view1,172,0,0,0.9831,0.9204
view1,173,0,0,0.9826,0.9195
view1,174,0,0,0.9771,0.9185
view1,175,0,0,0.9798,0.9174
view1,176,0,0,0.973,0.9158
view1,177,0,0,0.9739,0.914
view1,178,0,0,0.9737,0.9127
view1,179,0,0,0.9717,0.9113
view1,180,0,0,0.9761,0.9103
view1,181,0,0,0.9775,0.9095
view1,182,0,0,0.9763,0.9085
view1,183,0,0,0.9788,0.9076
view1,184,0,0,0.9755,0.9064
view1,185,0,0,0.9763,0.9054
view1,186,0,0,0.9702,0.9047
view1,187,0,0,0.9673,0.9039
view1,188,0,0,0.9668,0.9028
view1,189,0,0,0.9647,0.9016
view1,190,0,0,0.9468,0.8993
view1,191,0,0,0.9556,0.8977
view1,192,0,0,0.9616,0.8964
view1,193,0,0,0.9579,0.8949
view1,194,0,0,0.9542,0.8937
view1,195,0,0,0.9467,0.8921
view1,196,0,0,0.9497,0.8904
view1,197,0,0,0.9466,0.8886
view1,198,0,0,0.9576,0.8878
view1,199,0,0,0.9586,0.8867
view1,200,0,0,0.9606,0.886
view1,201,0,0,0.9576,0.8853
view1,202,0,0,0.9629,0.8846
view1,203,0,0,0.9602,0.8839
view1,204,0,0,0.9553,0.8831
view1,205,0,0,0.9503,0.8818
view1,206,0,0,0.9325,0.8801
view1,207,0,0,0.9369,0.8786
view1,208,0,0,0.9383,0.8772
view1,209,0,0,0.926,0.875
view1,210,0,0,0.9131,0.8723
view1,211,0,0,0.9134,0.8699
view1,212,0,0,0.92,0.868
view1,213,0,0,0.921,0.8662
view1,214,0,0,0.9469,0.8653
view1,215,0,0,0.9509,0.8645
view1,216,0,0,0.931,0.863
view1,217,0,0,0.9358,0.8618
view1,218,0,0,0.9521,0.8611
view1,219,0,1,0.8583,0.8595
view1,220,0,0,0.9769,0.8584
view1,221,0,0,0.9507,0.8578
view1,222,0,0,0.9271,0.8574
view1,223,0,0,0.955,0.8569
view1,224,0,0,0.9503,0.8563
view1,225,0,0,0.9588,0.856
view1,226,0,0,0.9426,0.8554
view1,227,0,0,0.9463,0.8547
view1,228,0,0,0.9429,0.854
view1,229,0,0,0.9464,0.8532
view1,230,0,0,0.9415,0.8523
view1,231,0,0,0.9355,0.851
view1,232,0,0,0.9353,0.8498
view1,233,0,0,0.9488,0.8486
view1,234,0,0,0.9403,0.8477
view1,235,0,0,0.9307,0.8467
view1,236,0,0,0.93,0.8458
view1,237,0,0,0.9371,0.8451
view1,238,0,0,0.9572,0.8448
view1,239,0,0,0.958,0.8447
view1,240,0,0,0.9428,0.8444
view1,241,0,0,0.9463,0.8441
view1,242,0,0,0.9574,0.844
view1,243,0,0,0.9654,0.844
view1,244,0,0,0.9605,0.8439
view1,245,0,0,0.9613,0.8438
view1,246,0,0,0.9476,0.8436
view1,247,0,0,0.951,0.8434
view1,248,0,0,0.9499,0.8432
view1,249,0,0,0.9496,0.8429
view1,250,1,1,0.0,0.85
view1,251,1,0,0.9845,0.85
view1,252,1,0,0.9738,0.9738
view1,253,1,0,0.9713,0.9708
view1,254,1,0,0.9687,0.9686
view1,255,1,1,0.966,0.9665
view1,256,1,0,0.9897,0.966
view1,257,1,0,0.9735,0.962
view1,258,1,0,0.9726,0.9612
view1,259,1,0,0.9671,0.9529
view1,260,1,0,0.9622,0.9423
view1,261,1,0,0.9571,0.9361
view1,262,1,0,0.9472,0.9294
view1,263,1,0,0.9478,0.9222
view1,264,1,0,0.9521,0.9181
view1,265,1,0,0.9511,0.9167
view1,266,1,0,0.9303,0.9132
view1,267,1,0,0.9398,0.9116
view1,268,1,0,0.9358,0.9064
view1,269,1,0,0.9699,0.9078
view1,270,1,0,0.9774,0.9094
view1,271,1,0,0.9808,0.9109
view1,272,1,0,0.9759,0.9122
view1,273,1,0,0.9817,0.9136
view1,274,1,0,0.95,0.9121
view1,275,1,0,0.9758,0.9131
view1,276,1,0,0.9709,0.914
view1,277,1,0,0.976,0.9149
view1,278,1,0,0.9411,0.9128
view1,279,1,0,0.9725,0.9136
view1,280,1,0,0.9701,0.9142
view1,281,1,0,0.9655,0.9147
view1,282,1,0,0.9247,0.9126
view1,283,1,0,0.9624,0.9133
view1,284,1,0,0.9649,0.9138
view1,285,1,0,0.9602,0.9142
view1,286,1,0,0.9655,0.9147
view1,287,1,0,0.9616,0.9151
view1,288,1,0,0.9505,0.9152
view1,289,1,0,0.9472,0.9152
view1,290,1,0,0.9134,0.9124
view1,291,1,0,0.9184,0.9106
view1,292,1,0,0.9187,0.9083
view1,293,1,0,0.9137,0.9059
view1,294,1,0,0.951,0.9063
view1,295,1,0,0.9545,0.9067
view1,296,1,0,0.9558,0.9071
view1,297,1,0,0.905,0.9047
view1,298,1,0,0.9075,0.9026
view1,299,1,0,0.9159,0.9009
view1,300,1,0,0.9612,0.9014
view1,301,1,0,0.9329,0.9005
view1,302,1,0,0.9582,0.901
view1,303,1,0,0.9651,0.9015
view1,304,1,0,0.9322,0.901
view1,305,1,0,0.9351,0.9003
view1,306,1,0,0.9233,0.8992
view1,307,1,0,0.9302,0.8985
view1,308,1,0,0.9351,0.8979
view1,309,1,0,0.9291,0.8973
view1,310,1,0,0.9646,0.8978
view1,311,1,0,0.9319,0.8974
view1,312,1,0,0.928,0.8966
view1,313,1,0,0.9335,0.8961
view1,314,1,0,0.9648,0.8966
view1,315,1,0,0.9361,0.8963
view1,316,1,0,0.9228,0.8956
view1,317,1,0,0.9291,0.895
view1,318,1,0,0.9619,0.8954
view1,319,1,0,0.9616,0.8959
view1,320,1,0,0.9687,0.8963
view1,321,1,0,0.9273,0.8961
view1,322,1,0,0.9601,0.8964
view1,323,1,0,0.961,0.8968
view1,324,1,0,0.9589,0.8972
view1,325,1,0,0.9611,0.8976
view1,326,1,0,0.9642,0.8979
view1,327,1,0,0.966,0.8983
view1,328,1,0,0.9676,0.8987
view1,329,1,0,0.9643,0.899
view1,330,1,0,0.9561,0.8993
view1,331,1,0,0.9289,0.8985
view1,332,1,0,0.9183,0.8975
view1,333,1,0,0.9292,0.897
view1,334,1,0,0.9151,0.8962
view1,335,1,0,0.9192,0.8957
view1,336,1,0,0.9639,0.896
view1,337,1,0,0.9612,0.8963
view1,338,1,0,0.9469,0.8965
view1,339,1,0,0.9567,0.8968
view1,340,1,0,0.9526,0.897
view1,341,1,0,0.9551,0.8972
view1,342,1,0,0.9481,0.8974
view1,343,1,0,0.9533,0.8977
view1,344,1,0,0.9135,0.8968
view1,345,1,0,0.957,0.8971
view1,346,1,0,0.9488,0.8973
view1,347,1,0,0.9438,0.8973
view1,348,1,0,0.9436,0.8974
view1,349,1,0,0.9559,0.8976
view1,350,1,0,0.9497,0.8978
view1,351,1,0,0.9555,0.898
view1,352,1,0,0.9597,0.8982
view1,353,1,0,0.9626,0.8985
view1,354,1,0,0.9661,0.8988
view1,355,1,0,0.9612,0.899
view1,356,1,0,0.964,0.8993
view1,357,1,0,0.9631,0.8995
view1,358,1,0,0.9604,0.8998
view1,359,1,0,0.962,0.9
view1,360,1,0,0.9632,0.9003
view1,361,1,0,0.9568,0.9005
view1,362,1,0,0.9557,0.9008
view1,363,1,0,0.9619,0.901
view1,364,1,0,0.9598,0.9013
view1,365,1,0,0.9644,0.9016
view1,366,1,0,0.9639,0.9018
view1,367,1,0,0.9632,0.9021
view1,368,1,0,0.9486,0.9023
view1,369,1,0,0.9446,0.9024
view1,370,1,0,0.9378,0.9026
view1,371,1,0,0.9487,0.9028
view1,372,1,0,0.946,0.9029
view1,373,1,0,0.9387,0.9031
view1,374,1,0,0.9511,0.9033
view1,375,1,0,0.9505,0.9035
view1,376,1,0,0.939,0.9036
view1,377,1,0,0.9386,0.9037
view1,378,1,0,0.9335,0.9038
view1,379,1,0,0.9335,0.9039
view1,380,1,0,0.9371,0.904
view1,381,1,0,0.9332,0.9041
view1,382,1,0,0.9326,0.9042
view1,383,1,0,0.9439,0.9043
view1,384,1,0,0.9416,0.9045
view1,385,1,0,0.9446,0.9047
view1,386,1,0,0.9406,0.9048
view1,387,1,0,0.9435,0.905
view1,388,1,0,0.9477,0.9052
view1,389,1,0,0.9416,0.9053
view1,390,1,0,0.9454,0.9054
view1,391,1,0,0.9348,0.9055
view1,392,1,0,0.9339,0.9056
view1,393,1,0,0.9342,0.9057
view1,394,1,0,0.9383,0.9058
view1,395,1,0,0.9423,0.9059
view1,396,1,0,0.9419,0.9061
view1,397,1,0,0.9435,0.9062
view1,398,1,0,0.9419,0.9064
view1,399,1,0,0.9354,0.9064
view1,400,1,0,0.9415,0.9066
view1,401,1,0,0.9462,0.9067
view1,402,1,0,0.9537,0.9068
view1,403,1,0,0.9455,0.9069
view1,404,1,0,0.9572,0.9071
view1,405,1,0,0.9543,0.9072
view1,406,1,0,0.963,0.9074
view1,407,1,0,0.9542,0.9075
view1,408,1,0,0.9526,0.9077
view1,409,1,0,0.9519,0.9078
view1,410,1,0,0.946,0.9079
view1,411,1,0,0.9474,0.908
view1,412,1,0,0.9436,0.9081
view1,413,1,0,0.9444,0.9082
view1,414,1,0,0.9426,0.9083
view1,415,1,0,0.9433,0.9084
view1,416,1,0,0.9398,0.9085
view1,417,1,0,0.9287,0.9086
view1,418,1,0,0.9467,0.9087
view1,419,1,0,0.9444,0.9088
view1,420,1,0,0.939,0.9089
view1,421,1,0,0.9447,0.909
view1,422,1,0,0.9426,0.9091
view1,423,1,0,0.9389,0.9092
view1,424,1,0,0.9319,0.9093
view1,425,1,0,0.9345,0.9093
view1,426,1,0,0.9363,0.9094
view1,427,1,0,0.9414,0.9095
view1,428,1,0,0.9455,0.9096
view1,429,1,0,0.9355,0.9096
view1,430,1,0,0.934,0.9097
view1,431,1,0,0.9146,0.9095
view1,432,1,0,0.9186,0.9095
view1,433,1,0,0.9263,0.9095
view1,434,1,0,0.9368,0.9096
view1,435,1,0,0.9466,0.9097
view1,436,1,0,0.9342,0.9097
view1,437,1,0,0.9273,0.9098
view1,438,1,0,0.9416,0.9098
view1,439,1,0,0.9412,0.9099
view1,440,1,0,0.938,0.91
view1,441,1,0,0.9339,0.91
view1,442,1,0,0.9338,0.9101
view1,443,1,0,0.938,0.9101
view1,444,1,0,0.929,0.9102
view1,445,1,0,0.9434,0.9102
view1,446,1,0,0.9463,0.9103
view1,447,1,0,0.9448,0.9104
view1,448,1,0,0.9461,0.9105
view1,449,1,0,0.9493,0.9106
view1,450,1,0,0.9413,0.9107
view1,451,1,0,0.9431,0.9107
view1,452,1,0,0.9426,0.9108
view1,453,1,0,0.9596,0.9109
view1,454,1,0,0.9518,0.911
view1,455,1,0,0.9543,0.9111
view1,456,1,0,0.9568,0.9112
view1,457,1,0,0.9522,0.9113
view1,458,1,0,0.95,0.9114
view1,459,1,0,0.9566,0.9115
view1,460,1,0,0.9531,0.9116
view1,461,1,0,0.9454,0.9117
view1,462,1,0,0.9571,0.9118
view1,463,1,0,0.9489,0.9119
view1,464,1,0,0.9508,0.912
view1,465,1,0,0.9485,0.9121
view1,466,1,0,0.9511,0.9122
view1,467,1,0,0.9585,0.9123
view1,468,1,0,0.9574,0.9124
view1,469,1,0,0.9674,0.9125
view1,470,1,0,0.9708,0.9126
view1,471,1,0,0.9666,0.9127
view1,472,1,0,0.9698,0.9128
view1,473,1,0,0.9644,0.9129
view1,474,1,0,0.9648,0.913
view1,475,1,0,0.9619,0.9131
view1,476,1,0,0.9599,0.9132
view1,477,1,0,0.9634,0.9133
view1,478,1,0,0.9626,0.9134
view1,479,1,0,0.9542,0.9135
view1,480,1,0,0.9557,0.9136
view1,481,1,0,0.9629,0.9137
view1,482,1,0,0.9583,0.9138
view1,483,1,0,0.958,0.9138
view1,484,1,0,0.9453,0.9139
view1,485,1,0,0.9542,0.914
view1,486,1,0,0.9594,0.914
view1,487,1,0,0.947,0.9141
view1,488,1,0,0.9556,0.9141
view1,489,1,0,0.9599,0.9142
view1,490,1,0,0.9644,0.9143
view1,491,1,0,0.9529,0.9143
view1,492,1,1,0.9073,0.9136
view1,493,1,0,0.9814,0.9137
view1,494,1,0,0.9655,0.9138
view1,495,1,0,0.9528,0.9139
view1,496,1,0,0.9524,0.914
view1,497,1,0,0.9566,0.9141
view1,498,1,0,0.9611,0.9142
view1,499,1,0,0.9525,0.9144
view1,500,2,1,0.0,0.85
view1,501,2,0,0.9804,0.85
view1,502,2,0,0.9684,0.9684
view1,503,2,0,0.9693,0.9672
view1,504,2,0,0.9666,0.9658
view1,505,2,0,0.9645,0.9643
view1,506,2,1,0.9539,0.9594
view1,507,2,0,0.9888,0.9529
view1,508,2,0,0.9848,0.9468
view1,509,2,0,0.9772,0.9414
view1,510,2,0,0.9831,0.9406
view1,511,2,0,0.9799,0.9409
view1,512,2,0,0.972,0.9365
view1,513,2,0,0.9742,0.9346
view1,514,2,0,0.9768,0.9354
view1,515,2,0,0.9682,0.9334
view1,516,2,0,0.9681,0.932
view1,517,2,0,0.9699,0.9314
view1,518,2,0,0.9666,0.9306
view1,519,2,0,0.9669,0.9305
view1,520,2,0,0.9578,0.9284
view1,521,2,0,0.9647,0.9282
view1,522,2,0,0.9662,0.928
view1,523,2,0,0.9708,0.9278
view1,524,2,0,0.9685,0.9274
view1,525,2,0,0.968,0.9273
view1,526,2,0,0.9748,0.9274
view1,527,2,0,0.9719,0.927
view1,528,2,0,0.9699,0.926
view1,529,2,0,0.9704,0.9261
view1,530,2,0,0.9651,0.9241
view1,531,2,0,0.9689,0.9229
view1,532,2,0,0.9673,0.9215
view1,533,2,0,0.9589,0.9188
view1,534,2,0,0.965,0.9168
view1,535,2,0,0.961,0.9144
view1,536,2,0,0.9647,0.9132
view1,537,2,0,0.9575,0.9116
view1,538,2,0,0.9667,0.9106
view1,539,2,0,0.9459,0.9074
view1,540,2,0,0.9563,0.9063
view1,541,2,0,0.9638,0.9059
view1,542,2,0,0.9648,0.9056
view1,543,2,0,0.9582,0.904
view1,544,2,0,0.9533,0.9025
view1,545,2,0,0.9526,0.9012
view1,546,2,0,0.9544,0.9
view1,547,2,0,0.9524,0.899
view1,548,2,0,0.9577,0.8983
view1,549,2,0,0.9563,0.8979
view1,550,2,0,0.9618,0.8975
view1,551,2,0,0.9533,0.8963
view1,552,2,0,0.9507,0.8954
view1,553,2,0,0.9543,0.8948
view1,554,2,0,0.961,0.8949
view1,555,2,0,0.955,0.8945
view1,556,2,0,0.9453,0.8935
view1,557,2,0,0.9523,0.893
view1,558,2,0,0.9524,0.8923
view1,559,2,0,0.9417,0.8913
view1,560,2,0,0.9429,0.8905
view1,561,2,0,0.9374,0.8895
view1,562,2,0,0.9389,0.8882
view1,563,2,0,0.9342,0.8869
view1,564,2,0,0.939,0.8861
view1,565,2,0,0.9341,0.8848
view1,566,2,0,0.9424,0.8838
view1,567,2,0,0.9356,0.8825
view1,568,2,0,0.9323,0.881
view1,569,2,0,0.9456,0.8805
view1,570,2,0,0.9474,0.8801
view1,571,2,0,0.939,0.8793
view1,572,2,0,0.9412,0.8786
view1,573,2,0,0.9406,0.878
view1,574,2,0,0.9292,0.8768
view1,575,2,0,0.9323,0.8758
view1,576,2,1,0.8595,0.874
view1,577,2,0,0.9615,0.8725
view1,578,2,0,0.9638,0.8711
view1,579,2,0,0.957,0.8697
view1,580,2,0,0.9519,0.8683
view1,581,2,0,0.9311,0.8659
view1,582,2,0,0.8933,0.8622
view1,583,2,0,0.9222,0.8595
view1,584,2,0,0.9319,0.8577
view1,585,2,0,0.9134,0.8552
view1,586,2,0,0.9061,0.8522
view1,587,2,0,0.8751,0.8479
view1,588,2,0,0.897,0.8458
view1,589,2,0,0.8909,0.8433
view1,590,2,0,0.8879,0.8408
view1,591,2,0,0.8873,0.8383
view1,592,2,0,0.8965,0.8365
view1,593,2,0,0.8972,0.8349
view1,594,2,0,0.8826,0.8324
view1,595,2,0,0.8904,0.8305
view1,596,2,0,0.8806,0.8281
view1,597,2,0,0.8767,0.8255
view1,598,2,0,0.8554,0.8219
view1,599,2,0,0.8539,0.8182
view1,600,2,0,0.8674,0.8155
view1,601,2,0,0.876,0.8132
view1,602,2,0,0.8755,0.811
view1,603,2,0,0.8752,0.8091
view1,604,2,0,0.8926,0.8081
view1,605,2,0,0.8943,0.8073
view1,606,2,0,0.8989,0.8064
view1,607,2,0,0.8979,0.8055
view1,608,2,0,0.9083,0.805
view1,609,2,0,0.9051,0.8046
view1,610,2,0,0.9164,0.8045
view1,611,2,0,0.9337,0.8049
view1,612,2,0,0.9232,0.8049
view1,613,2,0,0.9206,0.8048
view1,614,2,0,0.9148,0.8046
view1,615,2,0,0.9247,0.8047
view1,616,2,0,0.9132,0.8044
view1,617,2,0,0.9351,0.8047
view1,618,2,0,0.9384,0.805
view1,619,2,0,0.926,0.805
view1,620,2,0,0.9216,0.805
view1,621,2,0,0.9256,0.8051
view1,622,2,0,0.9298,0.8053
view1,623,2,0,0.9269,0.8054
view1,624,2,0,0.9481,0.8058
view1,625,2,0,0.9402,0.8061
view1,626,2,0,0.9509,0.8064
view1,627,2,0,0.9441,0.8067
view1,628,2,0,0.9338,0.8068
view1,629,2,0,0.9389,0.807
view1,630,2,0,0.944,0.8072
view1,631,2,0,0.9447,0.8073
view1,632,2,0,0.9406,0.8076
view1,633,2,0,0.9488,0.8078
view1,634,2,0,0.9535,0.8081
view1,635,2,0,0.9535,0.8084
view1,636,2,0,0.9412,0.8086
view1,637,2,0,0.9473,0.8089
view1,638,2,0,0.9485,0.8092
view1,639,2,0,0.951,0.8095
view1,640,2,0,0.9424,0.8097
view1,641,2,0,0.9438,0.81
view1,642,2,0,0.951,0.8101
view1,643,2,0,0.9491,0.8104
view1,644,2,0,0.949,0.8106
view1,645,2,0,0.9439,0.8108
view1,646,2,0,0.9447,0.8109
view1,647,2,0,0.9454,0.8111
view1,648,2,0,0.9459,0.8113
view1,649,2,0,0.9419,0.8115
view1,650,2,0,0.9386,0.8116
view1,651,2,0,0.937,0.8118
view1,652,2,0,0.9331,0.8119
view1,653,2,0,0.941,0.8121
view1,654,2,0,0.9463,0.8123
view1,655,2,0,0.9318,0.8124
view1,656,2,0,0.9388,0.8125
view1,657,2,0,0.9432,0.8127
view1,658,2,0,0.946,0.8128
view1,659,2,0,0.9356,0.8129
view1,660,2,0,0.9237,0.8129
view1,661,2,0,0.9135,0.8127
view1,662,2,0,0.9176,0.8125
view1,663,2,0,0.9363,0.8126
view1,664,2,0,0.9335,0.8126
view1,665,2,0,0.9266,0.8125
view1,666,2,0,0.932,0.8126
view1,667,2,0,0.9231,0.8125
view1,668,2,0,0.9065,0.8122
view1,669,2,0,0.8947,0.8117
view1,670,2,0,0.9016,0.8115
view1,671,2,0,0.9129,0.8113
view1,672,2,0,0.9148,0.8111
view1,673,2,0,0.9211,0.8109
view1,674,2,0,0.919,0.8107
view1,675,2,0,0.9151,0.8106
view1,676,2,0,0.9201,0.8106
view1,677,2,0,0.9138,0.8105
view1,678,2,0,0.9134,0.8103
view1,679,2,0,0.9272,0.8102
view1,680,2,0,0.9122,0.81
view1,681,2,0,0.8935,0.8094
view1,682,2,0,0.911,0.809
view1,683,2,0,0.9204,0.8088
view1,684,2,0,0.9264,0.8087
view1,685,2,0,0.9162,0.8085
view1,686,2,0,0.9225,0.8084
view1,687,2,0,0.9149,0.8083
view1,688,2,0,0.9062,0.8079
view1,689,2,0,0.9149,0.8076
view1,690,2,0,0.9167,0.8074
view1,691,2,0,0.9188,0.8072
view1,692,2,0,0.9179,0.807
view1,693,2,0,0.9254,0.8068
view1,694,2,0,0.938,0.8069
view1,695,2,0,0.9267,0.8068
view1,696,2,0,0.9096,0.8065
view1,697,2,0,0.9289,0.8065
view1,698,2,0,0.9316,0.8065
view1,699,2,0,0.9437,0.8066
view1,700,2,0,0.9341,0.8067
view1,701,2,0,0.935,0.8068
view1,702,2,0,0.9438,0.8069
view1,703,2,0,0.9469,0.8071
view1,704,2,0,0.9402,0.8073
view1,705,2,0,0.9491,0.8075
view1,706,2,0,0.9563,0.8077
view1,707,2,0,0.9466,0.8078
view1,708,2,0,0.9454,0.8079
view1,709,2,0,0.9609,0.8082
view1,710,2,0,0.9606,0.8084
view1,711,2,0,0.9636,0.8087
view1,712,2,0,0.963,0.809
view1,713,2,0,0.9543,0.8092
view1,714,2,0,0.9626,0.8095
view1,715,2,0,0.9589,0.8097
view1,716,2,0,0.961,0.8099
view1,717,2,0,0.9566,0.8101
view1,718,2,0,0.9611,0.8104
view1,719,2,0,0.96,0.8106
view1,720,2,0,0.9589,0.8108
view1,721,2,0,0.9643,0.811
view1,722,2,0,0.9578,0.8112
view1,723,2,0,0.935,0.8111
view1,724,2,0,0.9466,0.8113
view1,725,2,0,0.9382,0.8113
view1,726,2,0,0.9485,0.8114
view1,727,2,0,0.967,0.8116
view1,728,2,0,0.9595,0.8116
view1,729,2,0,0.9668,0.8118
view1,730,2,0,0.9732,0.8119
view1,731,2,0,0.9709,0.8121
view1,732,2,0,0.9716,0.8123
view1,733,2,0,0.9673,0.8124
view1,734,2,0,0.9689,0.8126
view1,735,2,0,0.9707,0.8127
view1,736,2,0,0.972,0.8129
view1,737,2,0,0.9702,0.813
view1,738,2,0,0.9679,0.8132
view1,739,2,0,0.9593,0.8132
view1,740,2,0,0.966,0.8132
view1,741,2,0,0.9645,0.8134
view1,742,2,0,0.9693,0.8135
view1,743,2,0,0.9706,0.8137
view1,744,2,0,0.9703,0.8139
view1,745,2,0,0.939,0.814
view1,746,2,0,0.9719,0.8142
view1,747,2,0,0.9675,0.8143
view1,748,2,0,0.966,0.8145
view1,749,2,0,0.959,0.8147
view1,750,3,1,0.0,0.85
view1,751,3,0,0.9857,0.85
view1,752,3,0,0.9817,0.9817
view1,753,3,1,0.9711,0.9733
view1,754,3,0,0.9801,0.9699
view1,755,3,0,0.9716,0.9664
view1,756,3,0,0.9714,0.966
view1,757,3,0,0.972,0.9634
view1,758,3,0,0.977,0.9631
view1,759,3,0,0.975,0.9637
view1,760,3,0,0.9665,0.9621
view1,761,3,0,0.9671,0.9609
view1,762,3,0,0.9588,0.9582
view1,763,3,0,0.9662,0.9574
view1,764,3,0,0.9578,0.9557
view1,765,3,0,0.9576,0.9542
view1,766,3,0,0.9611,0.9536
view1,767,3,0,0.9642,0.9536
view1,768,3,0,0.9594,0.9535
view1,769,3,0,0.9616,0.9534
view1,770,3,0,0.9586,0.9529
view1,771,3,0,0.9598,0.9528
view1,772,3,1,0.9466,0.9514
view1,773,3,0,0.9848,0.9507
view1,774,3,0,0.9808,0.9505
view1,775,3,0,0.977,0.9494
view1,776,3,0,0.9772,0.9479
view1,777,3,0,0.9771,0.947
view1,778,3,0,0.9744,0.9464
view1,779,3,0,0.9754,0.9459
view1,780,3,0,0.9707,0.9452
view1,781,3,0,0.9585,0.9438
view1,782,3,0,0.9553,0.9431
view1,783,3,0,0.9439,0.9406
view1,784,3,0,0.9635,0.9405
view1,785,3,0,0.9588,0.9403
view1,786,3,0,0.9522,0.9401
view1,787,3,0,0.9511,0.9398
view1,788,3,0,0.948,0.9394
view1,789,3,0,0.9503,0.9389
view1,790,3,0,0.9481,0.9382
view1,791,3,0,0.9473,0.9376
view1,792,3,0,0.9477,0.9372
view1,793,3,0,0.9521,0.937
view1,794,3,0,0.9542,0.9365
view1,795,3,0,0.9508,0.9359
view1,796,3,1,0.9281,0.9337
view1,797,3,0,0.9833,0.9316
view1,798,3,0,0.9694,0.9301
view1,799,3,0,0.9665,0.9288
view1,800,3,0,0.9513,0.928
view1,801,3,0,0.9629,0.927
view1,802,3,0,0.9461,0.9261
view1,803,3,0,0.9479,0.9248
view1,804,3,0,0.9387,0.9243
view1,805,3,0,0.9384,0.9238
view1,806,3,1,0.9203,0.9228
view1,807,3,0,0.9673,0.9226
view1,808,3,0,0.9594,0.9218
view1,809,3,0,0.9521,0.92
view1,810,3,0,0.9513,0.9195
view1,811,3,0,0.95,0.9189
view1,812,3,0,0.9419,0.9189
view1,813,3,0,0.9445,0.9189
view1,814,3,0,0.9276,0.9182
view1,815,3,0,0.93,0.9178
view1,816,3,0,0.9273,0.9169
view1,817,3,0,0.9272,0.9161
view1,818,3,0,0.9451,0.9159
view1,819,3,0,0.9477,0.9157
view1,820,3,0,0.9428,0.9155
view1,821,3,0,0.9358,0.9151
view1,822,3,0,0.9334,0.9146
view1,823,3,0,0.9312,0.9142
view1,824,3,0,0.9277,0.9136
view1,825,3,0,0.94,0.9136
view1,826,3,0,0.9378,0.9135
view1,827,3,0,0.9386,0.9135
view1,828,3,0,0.9405,0.9135
view1,829,3,0,0.9358,0.9133
view1,830,3,0,0.9324,0.913
view1,831,3,0,0.9368,0.9131
view1,832,3,0,0.9278,0.9128
view1,833,3,0,0.9332,0.9127
view1,834,3,0,0.9399,0.9127
view1,835,3,0,0.9416,0.9127
view1,836,3,0,0.9327,0.9126
view1,837,3,0,0.9531,0.9128
view1,838,3,0,0.9495,0.9128
view1,839,3,0,0.9381,0.9127
view1,840,3,0,0.9318,0.9125
view1,841,3,0,0.9338,0.9124
view1,842,3,0,0.9349,0.9121
view1,843,3,0,0.9329,0.9118
view1,844,3,0,0.9378,0.9115
view1,845,3,0,0.932,0.9115
view1,846,3,0,0.9348,0.9114
view1,847,3,0,0.9425,0.9116
view1,848,3,0,0.9278,0.9115
view1,849,3,0,0.9375,0.9114
view1,850,3,0,0.9293,0.9112
view1,851,3,0,0.9315,0.9113
view1,852,3,0,0.9268,0.9113
view1,853,3,0,0.9223,0.9111
view1,854,3,0,0.9238,0.911
view1,855,3,0,0.9373,0.911
view1,856,3,0,0.9381,0.9111
view1,857,3,0,0.9357,0.9111
view1,858,3,0,0.9328,0.9111
view1,859,3,0,0.9306,0.911
view1,860,3,0,0.9227,0.911
view1,861,3,0,0.9394,0.911
view1,862,3,0,0.9416,0.9109
view1,863,3,0,0.9402,0.9105
view1,864,3,0,0.9385,0.9101
view1,865,3,0,0.9282,0.9099
view1,866,3,0,0.9276,0.9098
view1,867,3,0,0.9198,0.9095
view1,868,3,0,0.9278,0.9093
view1,869,3,0,0.9316,0.9092
view1,870,3,0,0.9314,0.909
view1,871,3,0,0.9313,0.9089
view1,872,3,0,0.9304,0.9084
view1,873,3,0,0.9363,0.908
view1,874,3,0,0.9386,0.9079
view1,875,3,0,0.9359,0.9074
view1,876,3,0,0.9406,0.907
view1,877,3,0,0.9382,0.9068
view1,878,3,0,0.9397,0.9069
view1,879,3,0,0.9357,0.9069
view1,880,3,0,0.9389,0.907
view1,881,3,0,0.9314,0.907
view1,882,3,0,0.9392,0.907
view1,883,3,0,0.9326,0.9071
view1,884,3,0,0.9394,0.9071
view1,885,3,0,0.9299,0.9071
view1,886,3,0,0.9334,0.9071
view1,887,3,0,0.9302,0.9071
view1,888,3,0,0.9194,0.907
view1,889,3,0,0.9172,0.907
view1,890,3,0,0.9256,0.907
view1,891,3,0,0.9452,0.907
view1,892,3,0,0.9428,0.9069
view1,893,3,0,0.9497,0.9069
view1,894,3,0,0.9524,0.907
view1,895,3,0,0.9582,0.9071
view1,896,3,0,0.9635,0.9072
view1,897,3,0,0.966,0.9073
view1,898,3,0,0.9572,0.9073
view1,899,3,0,0.9662,0.9074
view1,900,3,0,0.9616,0.9074
view1,901,3,0,0.9604,0.9074
view1,902,3,0,0.9596,0.9074
view1,903,3,0,0.9573,0.9074
view1,904,3,0,0.9513,0.9074
view1,905,3,0,0.9493,0.9074
view1,906,3,0,0.955,0.9073
view1,907,3,0,0.9086,0.9052
view1,908,3,0,0.9601,0.9051
view1,909,3,0,0.9657,0.9051
view1,910,3,0,0.9603,0.905
view1,911,3,0,0.9637,0.905
view1,912,3,0,0.9643,0.905
view1,913,3,0,0.9593,0.9049
view1,914,3,0,0.9492,0.9048
view1,915,3,0,0.9383,0.9047
view1,916,3,0,0.942,0.9046
view1,917,3,0,0.9129,0.9043
view1,918,3,0,0.9412,0.9042
view1,919,3,0,0.9401,0.9042
view1,920,3,0,0.9373,0.9042
view1,921,3,0,0.9487,0.9042
view1,922,3,0,0.9411,0.9042
view1,923,3,0,0.937,0.9042
view1,924,3,0,0.9404,0.9041
view1,925,3,0,0.9387,0.904
view1,926,3,0,0.9293,0.9038
view1,927,3,0,0.9439,0.9038
view1,928,3,0,0.9414,0.9038
view1,929,3,0,0.9415,0.9038
view1,930,3,0,0.9532,0.9039
view1,931,3,0,0.9513,0.9039
view1,932,3,0,0.9556,0.9039
view1,933,3,0,0.9498,0.9039
view1,934,3,0,0.9468,0.9039
view1,935,3,0,0.9488,0.9038
view1,936,3,0,0.9432,0.9038
view1,937,3,0,0.9496,0.9038
view1,938,3,0,0.9489,0.9038
view1,939,3,0,0.9432,0.9037
view1,940,3,0,0.9453,0.9036
view1,941,3,0,0.9482,0.9036
view1,942,3,0,0.9523,0.9036
view1,943,3,0,0.94,0.9036
view1,944,3,0,0.9509,0.9036
view1,945,3,0,0.9522,0.9036
view1,946,3,0,0.9507,0.9036
view1,947,3,0,0.9501,0.9036
view1,948,3,0,0.9484,0.9036
view1,949,3,0,0.9453,0.9035
view1,950,3,0,0.9481,0.9034
view1,951,3,0,0.951,0.9034
view1,952,3,0,0.9489,0.9034
view1,953,3,0,0.9567,0.9034
view1,954,3,0,0.9498,0.9034
view1,955,3,0,0.9488,0.9034
view1,956,3,0,0.9485,0.9033
view1,957,3,0,0.9375,0.9032
view1,958,3,0,0.9408,0.9032
view1,959,3,0,0.9432,0.9032
view1,960,3,0,0.9339,0.9032
view1,961,3,0,0.9436,0.9032
view1,962,3,0,0.934,0.9032
view1,963,3,0,0.9393,0.9032
view1,964,3,0,0.9503,0.9032
view1,965,3,0,0.9511,0.9033
view1,966,3,0,0.9479,0.9033
view1,967,3,0,0.9475,0.9033
view1,968,3,0,0.9314,0.9034
view1,969,3,0,0.9421,0.9034
view1,970,3,0,0.9393,0.9034
view1,971,3,0,0.9424,0.9034
view1,972,3,0,0.9489,0.9034
view1,973,3,0,0.9534,0.9034
view1,974,3,0,0.9565,0.9035
view1,975,3,0,0.9521,0.9035
view1,976,3,0,0.938,0.9035
view1,977,3,0,0.9445,0.9035
view1,978,3,0,0.9421,0.9035
view1,979,3,0,0.9375,0.9035
view1,980,3,0,0.9312,0.9035
view1,981,3,0,0.9383,0.9035
view1,982,3,0,0.9391,0.9035
view1,983,3,0,0.9379,0.9036
view1,984,3,0,0.9324,0.9036
view1,985,3,0,0.9398,0.9036
view1,986,3,0,0.938,0.9036
view1,987,3,0,0.9329,0.9036
view1,988,3,0,0.9312,0.9035
view1,989,3,0,0.9295,0.9033
view1,990,3,0,0.9273,0.9032
view1,991,3,0,0.9226,0.9031
view1,992,3,0,0.9315,0.9031
view1,993,3,0,0.9363,0.903
view1,994,3,0,0.9345,0.9029
view1,995,3,0,0.9402,0.9029
view1,996,3,0,0.93,0.9029
view1,997,3,0,0.9308,0.9028
view1,998,3,0,0.9322,0.9028
view1,999,3,0,0.9322,0.9028
view1,1000,4,1,0.0,0.85
view1,1001,4,0,0.9877,0.85
view1,1002,4,0,0.984,0.984
view1,1003,4,1,0.972,0.9745
view1,1004,4,0,0.9882,0.9666
view1,1005,4,0,0.9849,0.9628
view1,1006,4,0,0.9792,0.9622
view1,1007,4,0,0.9805,0.9615
view1,1008,4,0,0.9767,0.9614
view1,1009,4,0,0.9766,0.9614
view1,1010,4,0,0.9704,0.9618
view1,1011,4,0,0.9706,0.9612
view1,1012,4,0,0.9661,0.9599
view1,1013,4,0,0.9613,0.9586
view1,1014,4,0,0.9638,0.9578
view1,1015,4,0,0.9671,0.9579
view1,1016,4,0,0.9657,0.9579
view1,1017,4,1,0.9541,0.9568
view1,1018,4,0,0.989,0.9565
view1,1019,4,0,0.9643,0.9542
view1,1020,4,0,0.9706,0.9535
view1,1021,4,0,0.9702,0.9536
view1,1022,4,0,0.9651,0.9531
view1,1023,4,0,0.9626,0.9529
view1,1024,4,0,0.9616,0.9524
view1,1025,4,0,0.9597,0.9522
view1,1026,4,0,0.9649,0.9523
view1,1027,4,0,0.9626,0.9518
view1,1028,4,0,0.9646,0.9519
view1,1029,4,0,0.9648,0.952
view1,1030,4,0,0.9621,0.9518
view1,1031,4,0,0.9602,0.9517
view1,1032,4,0,0.9618,0.9518
view1,1033,4,0,0.9674,0.952
view1,1034,4,0,0.9605,0.952
view1,1035,4,0,0.9603,0.9518
view1,1036,4,1,0.95,0.9502
view1,1037,4,0,0.9858,0.9495
view1,1038,4,0,0.9844,0.9488
view1,1039,4,0,0.9762,0.9483
view1,1040,4,0,0.9676,0.9465
view1,1041,4,0,0.9648,0.9456
view1,1042,4,0,0.9501,0.9438
view1,1043,4,0,0.9448,0.9418
view1,1044,4,1,0.9335,0.94
view1,1045,4,0,0.9747,0.939
view1,1046,4,0,0.9733,0.9389
view1,1047,4,0,0.9714,0.9382
view1,1048,4,0,0.9647,0.9382
view1,1049,4,0,0.9709,0.9375
view1,1050,4,0,0.9687,0.9373
view1,1051,4,0,0.959,0.9365
view1,1052,4,0,0.9595,0.935
view1,1053,4,0,0.9593,0.9341
view1,1054,4,0,0.9536,0.9328
view1,1055,4,0,0.9515,0.932
view1,1056,4,0,0.9548,0.9312
view1,1057,4,0,0.9522,0.9302
view1,1058,4,0,0.9419,0.929
view1,1059,4,0,0.9319,0.9275
view1,1060,4,0,0.949,0.9271
view1,1061,4,0,0.9439,0.9266
view1,1062,4,0,0.9422,0.9255
view1,1063,4,0,0.9437,0.9246
view1,1064,4,0,0.9445,0.9235
view1,1065,4,0,0.9515,0.9236
view1,1066,4,0,0.946,0.9233
view1,1067,4,0,0.9403,0.923
view1,1068,4,0,0.9383,0.9226
view1,1069,4,0,0.9388,0.9221
view1,1070,4,0,0.9382,0.9216
view1,1071,4,0,0.9385,0.9213
view1,1072,4,0,0.9361,0.9212
view1,1073,4,0,0.9392,0.9211
view1,1074,4,0,0.9365,0.9208
view1,1075,4,0,0.9405,0.9206
view1,1076,4,0,0.9449,0.9206
view1,1077,4,0,0.9366,0.9205
view1,1078,4,0,0.9365,0.9203
view1,1079,4,0,0.9359,0.9202
view1,1080,4,0,0.9393,0.92
view1,1081,4,0,0.9389,0.9199
view1,1082,4,0,0.9462,0.9197
view1,1083,4,0,0.9395,0.9196
view1,1084,4,0,0.9319,0.9195
view1,1085,4,0,0.9279,0.9192
view1,1086,4,0,0.9206,0.9186
view1,1087,4,1,0.907,0.9175
view1,1088,4,0,0.984,0.9163
view1,1089,4,0,0.9827,0.9157
view1,1090,4,0,0.9833,0.915
view1,1091,4,0,0.9749,0.914
view1,1092,4,0,0.9706,0.9139
view1,1093,4,0,0.9647,0.9132
view1,1094,4,0,0.9626,0.9126
view1,1095,4,0,0.9572,0.9124
view1,1096,4,0,0.9507,0.9125
view1,1097,4,0,0.9369,0.9123
view1,1098,4,0,0.9426,0.9119
view1,1099,4,0,0.945,0.9118
view1,1100,4,0,0.9506,0.9116
view1,1101,4,0,0.9509,0.9116
view1,1102,4,0,0.9451,0.9115
view1,1103,4,0,0.9405,0.9116
view1,1104,4,0,0.9391,0.9117
view1,1105,4,0,0.9295,0.9116
view1,1106,4,0,0.9242,0.9113
view1,1107,4,0,0.931,0.911
view1,1108,4,0,0.9433,0.9107
view1,1109,4,0,0.9364,0.9105
view1,1110,4,0,0.9411,0.9103
view1,1111,4,0,0.9346,0.9101
view1,1112,4,0,0.9202,0.9095
view1,1113,4,1,0.8413,0.9042
view1,1114,4,0,0.9727,0.9036
view1,1115,4,0,0.9497,0.8966
view1,1116,4,0,0.9519,0.8961
view1,1117,4,0,0.9367,0.8956
view1,1118,4,0,0.9372,0.895
view1,1119,4,0,0.9377,0.8949
view1,1120,4,0,0.9289,0.8945
view1,1121,4,0,0.93,0.8943
view1,1122,4,0,0.9155,0.8906
view1,1123,4,0,0.9068,0.8846
view1,1124,4,0,0.9011,0.8812
view1,1125,4,0,0.9075,0.8789
view1,1126,4,0,0.915,0.8789
view1,1127,4,0,0.917,0.8787
view1,1128,4,0,0.9179,0.8786
view1,1129,4,0,0.8881,0.8749
view1,1130,4,0,0.8882,0.8713
view1,1131,4,0,0.8743,0.8672
view1,1132,4,0,0.87,0.8633
view1,1133,4,0,0.8632,0.8596
view1,1134,4,1,0.8534,0.8545
view1,1135,4,0,0.9694,0.8543
view1,1136,4,0,0.9414,0.8523
view1,1137,4,0,0.933,0.8522
view1,1138,4,0,0.9408,0.8499
view1,1139,4,0,0.9103,0.8478
view1,1140,4,0,0.9055,0.8478
view1,1141,4,0,0.9057,0.8479
view1,1142,4,0,0.9041,0.8478
view1,1143,4,0,0.8947,0.8461
view1,1144,4,0,0.9216,0.8459
view1,1145,4,0,0.9289,0.846
view1,1146,4,0,0.9194,0.846
view1,1147,4,0,0.918,0.846
view1,1148,4,0,0.9078,0.8459
view1,1149,4,0,0.9054,0.8459
view1,1150,4,0,0.9009,0.8458
view1,1151,4,0,0.9228,0.8459
view1,1152,4,0,0.9253,0.8458
view1,1153,4,0,0.9211,0.846
view1,1154,4,0,0.9261,0.8461
view1,1155,4,0,0.9287,0.846
view1,1156,4,0,0.9263,0.8458
view1,1157,4,0,0.9327,0.846
view1,1158,4,0,0.9312,0.846
view1,1159,4,0,0.9263,0.846
view1,1160,4,0,0.9227,0.8459
view1,1161,4,0,0.9145,0.8459
view1,1162,4,0,0.9222,0.8458
view1,1163,4,0,0.9332,0.8458
view1,1164,4,0,0.9235,0.8457
view1,1165,4,0,0.9332,0.8457
view1,1166,4,0,0.9422,0.8458
view1,1167,4,0,0.9328,0.8459
view1,1168,4,0,0.9382,0.846
view1,1169,4,0,0.951,0.8462
view1,1170,4,0,0.9488,0.8463
view1,1171,4,0,0.9434,0.8464
view1,1172,4,0,0.9481,0.8465
view1,1173,4,0,0.9367,0.8466
view1,1174,4,0,0.9367,0.8468
view1,1175,4,0,0.9388,0.8468
view1,1176,4,0,0.9446,0.8469
view1,1177,4,0,0.9406,0.8471
view1,1178,4,0,0.945,0.8472
view1,1179,4,0,0.9316,0.8471
view1,1180,4,0,0.9293,0.8472
view1,1181,4,0,0.9274,0.8472
view1,1182,4,0,0.9142,0.8471
view1,1183,4,0,0.9368,0.8472
view1,1184,4,0,0.9307,0.8473
view1,1185,4,0,0.9266,0.8471
view1,1186,4,0,0.922,0.847
view1,1187,4,0,0.9341,0.847
view1,1188,4,0,0.9256,0.8471
view1,1189,4,0,0.9312,0.8469
view1,1190,4,0,0.9346,0.8468
view1,1191,4,0,0.9358,0.8468
view1,1192,4,0,0.9425,0.8468
view1,1193,4,0,0.9513,0.8468
view1,1194,4,0,0.9446,0.8469
view1,1195,4,0,0.9368,0.847
view1,1196,4,0,0.9362,0.8471
view1,1197,4,0,0.9312,0.8472
view1,1198,4,0,0.9354,0.8473
view1,1199,4,0,0.9317,0.8474
view1,1200,4,0,0.932,0.8474
view1,1201,4,0,0.9402,0.8475
view1,1202,4,0,0.9462,0.8475
view1,1203,4,0,0.9429,0.8475
view1,1204,4,0,0.9363,0.8474
view1,1205,4,0,0.9332,0.8471
view1,1206,4,0,0.9256,0.847
view1,1207,4,0,0.9272,0.8466
view1,1208,4,0,0.9294,0.8464
view1,1209,4,0,0.9318,0.8462
view1,1210,4,0,0.9199,0.8457
view1,1211,4,0,0.9233,0.8453
view1,1212,4,0,0.9264,0.845
view1,1213,4,0,0.927,0.8447
view1,1214,4,0,0.9249,0.8444
view1,1215,4,0,0.9249,0.8441
view1,1216,4,0,0.9289,0.8438
view1,1217,4,0,0.9339,0.8434
view1,1218,4,0,0.9301,0.843
view1,1219,4,0,0.9286,0.8425
view1,1220,4,0,0.9227,0.8419
view1,1221,4,0,0.9289,0.8415
view1,1222,4,0,0.9346,0.8413
view1,1223,4,0,0.9376,0.8411
view1,1224,4,0,0.931,0.8409
view1,1225,4,0,0.9356,0.8405
view1,1226,4,0,0.9276,0.8403
view1,1227,4,0,0.9248,0.8401
view1,1228,4,0,0.9243,0.8399
view1,1229,4,0,0.9276,0.8397
view1,1230,4,0,0.9248,0.8396
view1,1231,4,0,0.9249,0.8394
view1,1232,4,0,0.9308,0.8392
view1,1233,4,0,0.9329,0.839
view1,1234,4,0,0.9406,0.8388
view1,1235,4,0,0.9267,0.8386
view1,1236,4,0,0.9298,0.8386
view1,1237,4,0,0.9243,0.8386
view1,1238,4,0,0.9345,0.8385
view1,1239,4,0,0.9282,0.8384
view1,1240,4,0,0.937,0.8383
view1,1241,4,0,0.9268,0.8382
view1,1242,4,0,0.9333,0.8382
view1,1243,4,0,0.9261,0.838
view1,1244,4,0,0.9327,0.8379
view1,1245,4,0,0.9236,0.8377
view1,1246,4,0,0.9313,0.8375
view1,1247,4,0,0.9217,0.8371
view1,1248,4,0,0.9171,0.8368
view1,1249,4,0,0.9058,0.8364
view1,1250,5,1,0.0,0.85
view1,1251,5,0,0.9784,0.85
view1,1252,5,0,0.9728,0.9728
view1,1253,5,1,0.9678,0.9687
view1,1254,5,0,0.979,0.9701
view1,1255,5,0,0.9794,0.9678
view1,1256,5,0,0.9718,0.9627
view1,1257,5,0,0.975,0.9628
view1,1258,5,0,0.9689,0.9614
view1,1259,5,0,0.9645,0.9593
view1,1260,5,0,0.9614,0.9582
view1,1261,5,0,0.9642,0.9582
view1,1262,5,0,0.9656,0.9574
view1,1263,5,0,0.9613,0.9562
view1,1264,5,0,0.9581,0.9554
view1,1265,5,0,0.9573,0.955
view1,1266,5,0,0.9611,0.9548
view1,1267,5,1,0.9501,0.9531
view1,1268,5,0,0.9891,0.9519
view1,1269,5,0,0.9843,0.9512
view1,1270,5,0,0.9785,0.9509
view1,1271,5,0,0.98,0.9503
view1,1272,5,0,0.9711,0.9501
view1,1273,5,0,0.9728,0.9502
view1,1274,5,0,0.9707,0.9497
view1,1275,5,0,0.9658,0.9473
view1,1276,5,0,0.9619,0.9453
view1,1277,5,0,0.9638,0.9445
view1,1278,5,0,0.9691,0.9444
view1,1279,5,0,0.9703,0.9444
view1,1280,5,0,0.9469,0.9424
view1,1281,5,0,0.9652,0.9422
view1,1282,5,0,0.9606,0.9415
view1,1283,5,0,0.957,0.9411
view1,1284,5,0,0.9545,0.9405
view1,1285,5,0,0.9503,0.9389
view1,1286,5,0,0.9545,0.9385
view1,1287,5,0,0.9415,0.9375
view1,1288,5,1,0.924,0.9359
view1,1289,5,0,0.984,0.9347
view1,1290,5,0,0.9767,0.9341
view1,1291,5,0,0.9704,0.9342
view1,1292,5,0,0.9636,0.9338
view1,1293,5,0,0.9595,0.9333
view1,1294,5,0,0.9637,0.9334
view1,1295,5,0,0.9606,0.9328
view1,1296,5,0,0.9608,0.9328
view1,1297,5,0,0.9573,0.9325
view1,1298,5,0,0.9499,0.9321
view1,1299,5,0,0.9477,0.9322
view1,1300,5,0,0.9433,0.9321
view1,1301,5,0,0.9529,0.9319
view1,1302,5,0,0.9479,0.9319
view1,1303,5,0,0.9462,0.9316
view1,1304,5,0,0.944,0.9313
view1,1305,5,0,0.9487,0.9311
view1,1306,5,0,0.9388,0.9305
view1,1307,5,0,0.9331,0.9291
view1,1308,5,0,0.9411,0.9285
view1,1309,5,0,0.9382,0.9276
view1,1310,5,0,0.9431,0.9269
view1,1311,5,0,0.9358,0.9262
view1,1312,5,0,0.9316,0.9253
view1,1313,5,1,0.9213,0.9241
view1,1314,5,0,0.9862,0.9223
view1,1315,5,0,0.9793,0.9219
view1,1316,5,0,0.9789,0.9209
view1,1317,5,0,0.9771,0.9203
view1,1318,5,0,0.976,0.9198
view1,1319,5,0,0.9632,0.9197
view1,1320,5,0,0.9602,0.9195
view1,1321,5,0,0.9657,0.9189
view1,1322,5,0,0.9685,0.919
view1,1323,5,0,0.9567,0.919
view1,1324,5,0,0.9608,0.9191
view1,1325,5,0,0.9588,0.919
view1,1326,5,0,0.9624,0.9185
view1,1327,5,0,0.9541,0.9181
view1,1328,5,0,0.9551,0.9177
view1,1329,5,0,0.9564,0.9176
view1,1330,5,0,0.9474,0.9175
view1,1331,5,0,0.9425,0.9173
view1,1332,5,0,0.9421,0.9169
view1,1333,5,0,0.9382,0.9168
view1,1334,5,0,0.9475,0.9166
view1,1335,5,0,0.942,0.9166
view1,1336,5,0,0.9357,0.9164
view1,1337,5,0,0.9429,0.9164
view1,1338,5,0,0.9509,0.9164
view1,1339,5,0,0.952,0.9164
view1,1340,5,0,0.9508,0.9163
view1,1341,5,0,0.9459,0.916
view1,1342,5,0,0.9407,0.9158
view1,1343,5,0,0.9343,0.9154
view1,1344,5,0,0.9387,0.9154
view1,1345,5,0,0.9508,0.9152
view1,1346,5,0,0.9478,0.9149
view1,1347,5,0,0.9396,0.9145
view1,1348,5,0,0.9426,0.9142
view1,1349,5,0,0.9424,0.9139
view1,1350,5,0,0.9309,0.9135
view1,1351,5,0,0.9283,0.9131
view1,1352,5,0,0.9349,0.9127
view1,1353,5,0,0.9284,0.9122
view1,1354,5,0,0.9395,0.9119
view1,1355,5,0,0.938,0.9115
view1,1356,5,0,0.9284,0.9109
view1,1357,5,0,0.9444,0.9109
view1,1358,5,0,0.9234,0.9102
view1,1359,5,0,0.9397,0.9099
view1,1360,5,0,0.9438,0.9098
view1,1361,5,0,0.9388,0.9095
view1,1362,5,0,0.939,0.9092
view1,1363,5,0,0.9508,0.9091
view1,1364,5,0,0.948,0.9091
view1,1365,5,0,0.9434,0.9089
view1,1366,5,0,0.9401,0.9085
view1,1367,5,0,0.9505,0.9085
view1,1368,5,0,0.9483,0.9084
view1,1369,5,0,0.961,0.9085
view1,1370,5,0,0.9618,0.9086
view1,1371,5,0,0.9647,0.9086
view1,1372,5,0,0.9635,0.9086
view1,1373,5,0,0.962,0.9087
view1,1374,5,0,0.9559,0.9086
view1,1375,5,0,0.9595,0.9086
view1,1376,5,0,0.9533,0.9086
view1,1377,5,0,0.9575,0.9085
view1,1378,5,0,0.9475,0.9083
view1,1379,5,0,0.9627,0.9083
view1,1380,5,0,0.9602,0.9083
view1,1381,5,0,0.9512,0.9083
view1,1382,5,0,0.9598,0.9083
view1,1383,5,0,0.9527,0.9082
view1,1384,5,0,0.9549,0.9083
view1,1385,5,0,0.9524,0.9082
view1,1386,5,0,0.951,0.9082
view1,1387,5,0,0.9569,0.908
view1,1388,5,0,0.95,0.9079
view1,1389,5,0,0.9579,0.9079
view1,1390,5,0,0.9448,0.9077
view1,1391,5,0,0.9397,0.9074
view1,1392,5,0,0.9365,0.9069
view1,1393,5,0,0.9445,0.9066
view1,1394,5,0,0.948,0.9063
view1,1395,5,0,0.9367,0.9059
view1,1396,5,0,0.9369,0.9057
view1,1397,5,0,0.9087,0.905
view1,1398,5,0,0.9469,0.9048
view1,1399,5,0,0.9459,0.9047
view1,1400,5,0,0.938,0.9046
view1,1401,5,0,0.9418,0.9045
view1,1402,5,0,0.9535,0.9044
view1,1403,5,0,0.9476,0.9043
view1,1404,5,0,0.9565,0.9043
view1,1405,5,0,0.9301,0.9039
view1,1406,5,0,0.9368,0.9036
view1,1407,5,0,0.9558,0.9036
view1,1408,5,0,0.9421,0.9036
view1,1409,5,0,0.9372,0.9035
view1,1410,5,0,0.9365,0.9034
view1,1411,5,0,0.9252,0.9032
view1,1412,5,0,0.9277,0.903
view1,1413,5,0,0.9238,0.9029
view1,1414,5,0,0.9125,0.9024
view1,1415,5,0,0.9191,0.9021
view1,1416,5,0,0.9306,0.902
view1,1417,5,0,0.9199,0.9018
view1,1418,5,0,0.9246,0.9016
view1,1419,5,0,0.9256,0.9015
view1,1420,5,0,0.9312,0.9014
view1,1421,5,0,0.9369,0.9013
view1,1422,5,0,0.9316,0.9011
view1,1423,5,0,0.9304,0.901
view1,1424,5,0,0.9365,0.9009
view1,1425,5,0,0.9315,0.9008
view1,1426,5,0,0.9301,0.9007
view1,1427,5,0,0.9199,0.9003
view1,1428,5,0,0.932,0.9002
view1,1429,5,0,0.923,0.9001
view1,1430,5,0,0.9273,0.9
view1,1431,5,0,0.9346,0.9
view1,1432,5,0,0.9458,0.9
view1,1433,5,0,0.939,0.9
view1,1434,5,0,0.9288,0.9
view1,1435,5,0,0.9291,0.9
view1,1436,5,0,0.9329,0.8999
view1,1437,5,0,0.9221,0.8997
view1,1438,5,0,0.9329,0.8997
view1,1439,5,0,0.9259,0.8995
view1,1440,5,0,0.9371,0.8995
view1,1441,5,0,0.9298,0.8994
view1,1442,5,0,0.9387,0.8995
view1,1443,5,0,0.9456,0.8996
view1,1444,5,0,0.9458,0.8996
view1,1445,5,0,0.9417,0.8997
view1,1446,5,0,0.9288,0.8996
view1,1447,5,0,0.9362,0.8997
view1,1448,5,0,0.9353,0.8997
view1,1449,5,0,0.9421,0.8998
view1,1450,5,0,0.9474,0.8998
view1,1451,5,0,0.9431,0.8999
view1,1452,5,0,0.9403,0.8999
view1,1453,5,0,0.9427,0.9
view1,1454,5,0,0.9291,0.9
view1,1455,5,0,0.9467,0.9001
view1,1456,5,0,0.9451,0.9002
view1,1457,5,0,0.9402,0.9002
view1,1458,5,0,0.936,0.9002
view1,1459,5,0,0.9458,0.9003
view1,1460,5,0,0.9448,0.9003
view1,1461,5,0,0.9424,0.9004
view1,1462,5,0,0.9466,0.9004
view1,1463,5,0,0.9433,0.9005
view1,1464,5,0,0.9478,0.9005
view1,1465,5,0,0.9437,0.9006
view1,1466,5,0,0.9457,0.9006
view1,1467,5,0,0.9546,0.9007
view1,1468,5,0,0.9532,0.9008
view1,1469,5,0,0.9575,0.9008
view1,1470,5,0,0.9564,0.9009
view1,1471,5,0,0.9494,0.9009
view1,1472,5,0,0.9505,0.901
view1,1473,5,0,0.945,0.901
view1,1474,5,0,0.9458,0.901
view1,1475,5,0,0.9493,0.9011
view1,1476,5,0,0.9482,0.9011
view1,1477,5,0,0.9448,0.9011
view1,1478,5,0,0.943,0.9011
view1,1479,5,0,0.9511,0.9012
view1,1480,5,0,0.9436,0.9012
view1,1481,5,0,0.9463,0.9013
view1,1482,5,0,0.9431,0.9013
view1,1483,5,0,0.9452,0.9013
view1,1484,5,0,0.9437,0.9012
view1,1485,5,0,0.9502,0.9013
view1,1486,5,0,0.9486,0.9014
view1,1487,5,0,0.9434,0.9014
view1,1488,5,0,0.9366,0.9014
view1,1489,5,0,0.9386,0.9014
view1,1490,5,0,0.94,0.9014
view1,1491,5,0,0.9421,0.9015
view1,1492,5,0,0.949,0.9015
view1,1493,5,0,0.9548,0.9015
view1,1494,5,0,0.9543,0.9016
view1,1495,5,0,0.9557,0.9016
view1,1496,5,0,0.9562,0.9017
view1,1497,5,0,0.9479,0.9017
view1,1498,5,0,0.9537,0.9018
view1,1499,5,0,0.9565,0.9018
view1,1500,6,1,0.0,0.85
view1,1501,6,0,0.9845,0.85
view1,1502,6,0,0.977,0.977
view1,1503,6,1,0.9694,0.9708
view1,1504,6,0,0.9835,0.9702
view1,1505,6,0,0.973,0.9657
view1,1506,6,0,0.9693,0.9641
view1,1507,6,0,0.9784,0.9637
view1,1508,6,0,0.9698,0.963
view1,1509,6,0,0.9659,0.9617
view1,1510,6,0,0.9672,0.9606
view1,1511,6,0,0.9641,0.96
view1,1512,6,0,0.965,0.9597
view1,1513,6,0,0.9635,0.9592
view1,1514,6,0,0.965,0.9587
view1,1515,6,0,0.9702,0.9589
view1,1516,6,0,0.9594,0.9572
view1,1517,6,0,0.9593,0.9568
view1,1518,6,0,0.9664,0.9571
view1,1519,6,0,0.9635,0.9572
view1,1520,6,0,0.9611,0.9565
view1,1521,6,0,0.9572,0.9558
view1,1522,6,0,0.959,0.9555
view1,1523,6,0,0.9603,0.955
view1,1524,6,0,0.9549,0.9546
view1,1525,6,0,0.9539,0.9534
view1,1526,6,1,0.9387,0.9507
view1,1527,6,0,0.9907,0.9483
view1,1528,6,0,0.9791,0.9478
view1,1529,6,0,0.9743,0.9479
view1,1530,6,0,0.9675,0.948
view1,1531,6,0,0.9562,0.9478
view1,1532,6,0,0.956,0.9469
view1,1533,6,0,0.9613,0.947
view1,1534,6,0,0.9671,0.9464
view1,1535,6,0,0.9558,0.9447
view1,1536,6,0,0.9577,0.9433
view1,1537,6,0,0.9597,0.9426
view1,1538,6,0,0.9519,0.941
view1,1539,6,0,0.9605,0.9399
view1,1540,6,0,0.9466,0.9376
view1,1541,6,0,0.9487,0.9362
view1,1542,6,0,0.9477,0.9352
view1,1543,6,0,0.9477,0.9343
view1,1544,6,0,0.9464,0.9338
view1,1545,6,0,0.9404,0.9333
view1,1546,6,1,0.9314,0.9321
view1,1547,6,0,0.9751,0.9317
view1,1548,6,0,0.9591,0.9312
view1,1549,6,0,0.9672,0.9312
view1,1550,6,0,0.9655,0.931
view1,1551,6,0,0.9659,0.9305
view1,1552,6,0,0.9563,0.9296
view1,1553,6,0,0.9596,0.9292
view1,1554,6,0,0.9541,0.9286
view1,1555,6,0,0.9483,0.9277
view1,1556,6,0,0.9524,0.9272
view1,1557,6,0,0.9531,0.9269
view1,1558,6,0,0.9572,0.9267
view1,1559,6,0,0.9519,0.9264
view1,1560,6,0,0.9468,0.9261
view1,1561,6,0,0.9417,0.9255
view1,1562,6,0,0.9465,0.9255
view1,1563,6,0,0.9427,0.9253
view1,1564,6,0,0.9424,0.925
view1,1565,6,0,0.9373,0.9244
view1,1566,6,0,0.9448,0.9241
view1,1567,6,0,0.9392,0.924
view1,1568,6,0,0.9465,0.9238
view1,1569,6,0,0.9434,0.9236
view1,1570,6,0,0.945,0.9236
view1,1571,6,0,0.9429,0.9235
view1,1572,6,0,0.9439,0.9235
view1,1573,6,0,0.9454,0.9235
view1,1574,6,0,0.9446,0.9234
view1,1575,6,0,0.947,0.9232
view1,1576,6,0,0.9602,0.9231
view1,1577,6,0,0.9578,0.923
view1,1578,6,0,0.9585,0.923
view1,1579,6,0,0.9573,0.923
view1,1580,6,0,0.9499,0.923
view1,1581,6,0,0.9494,0.9228
view1,1582,6,0,0.9548,0.9227
view1,1583,6,0,0.9484,0.9226
view1,1584,6,0,0.9535,0.9227
view1,1585,6,0,0.9463,0.9227
view1,1586,6,0,0.95,0.9228
view1,1587,6,0,0.955,0.923
view1,1588,6,0,0.9489,0.9231
view1,1589,6,0,0.941,0.9232
view1,1590,6,0,0.9523,0.9233
view1,1591,6,0,0.9552,0.9234
view1,1592,6,0,0.9497,0.9236
view1,1593,6,0,0.9534,0.9237
view1,1594,6,0,0.943,0.9235
view1,1595,6,0,0.9296,0.9232
view1,1596,6,0,0.9415,0.923
view1,1597,6,0,0.9499,0.9231
view1,1598,6,0,0.9361,0.9229
view1,1599,6,0,0.9418,0.9227
view1,1600,6,0,0.9412,0.9225
view1,1601,6,0,0.9333,0.922
view1,1602,6,0,0.9358,0.9215
view1,1603,6,0,0.9251,0.9208
view1,1604,6,0,0.9212,0.9202
view1,1605,6,0,0.9369,0.9198
view1,1606,6,0,0.9433,0.9194
view1,1607,6,0,0.9303,0.919
view1,1608,6,0,0.9207,0.9185
view1,1609,6,0,0.929,0.9181
view1,1610,6,0,0.9252,0.9177
view1,1611,6,0,0.9461,0.9176
view1,1612,6,0,0.942,0.9175
view1,1613,6,0,0.9409,0.9175
view1,1614,6,0,0.9254,0.9171
view1,1615,6,0,0.934,0.9169
view1,1616,6,0,0.9344,0.9167
view1,1617,6,0,0.9322,0.9165
view1,1618,6,1,0.9088,0.9158
view1,1619,6,0,0.9863,0.9155
view1,1620,6,0,0.9785,0.9152
view1,1621,6,0,0.9829,0.9149
view1,1622,6,0,0.9746,0.9149
view1,1623,6,0,0.9635,0.9149
view1,1624,6,0,0.9628,0.915
view1,1625,6,0,0.9616,0.9151
view1,1626,6,0,0.9487,0.9152
view1,1627,6,0,0.9477,0.9153
view1,1628,6,0,0.9322,0.9153
view1,1629,6,0,0.9268,0.9153
view1,1630,6,0,0.931,0.9152
view1,1631,6,0,0.9367,0.9153
view1,1632,6,0,0.9324,0.9153
view1,1633,6,0,0.9369,0.9152
view1,1634,6,0,0.9282,0.9151
view1,1635,6,0,0.9403,0.9152
view1,1636,6,0,0.9221,0.9149
view1,1637,6,0,0.9283,0.9147
view1,1638,6,0,0.9437,0.9147
view1,1639,6,0,0.9428,0.9148
view1,1640,6,0,0.9397,0.9148
view1,1641,6,0,0.9422,0.9148
view1,1642,6,0,0.937,0.9148
view1,1643,6,0,0.9314,0.9148
view1,1644,6,0,0.9441,0.9149
view1,1645,6,0,0.9423,0.9149
view1,1646,6,0,0.9345,0.9149
view1,1647,6,0,0.9399,0.9147
view1,1648,6,0,0.915,0.9144
view1,1649,6,0,0.9201,0.9142
view1,1650,6,0,0.9274,0.9139
view1,1651,6,0,0.9184,0.9136
view1,1652,6,1,0.9101,0.9131
view1,1653,6,0,0.9781,0.9127
view1,1654,6,0,0.9725,0.9124
view1,1655,6,0,0.9563,0.9113
view1,1656,6,0,0.9621,0.9103
view1,1657,6,0,0.9522,0.9091
view1,1658,6,0,0.9505,0.9081
view1,1659,6,0,0.9525,0.9079
view1,1660,6,0,0.9542,0.9079
view1,1661,6,0,0.9469,0.9079
view1,1662,6,0,0.9511,0.9079
view1,1663,6,0,0.9419,0.9079
view1,1664,6,0,0.9504,0.9075
view1,1665,6,0,0.9488,0.9073
view1,1666,6,0,0.9569,0.9072
view1,1667,6,0,0.957,0.9069
view1,1668,6,0,0.9621,0.9067
view1,1669,6,0,0.9586,0.9066
view1,1670,6,0,0.9486,0.906
view1,1671,6,0,0.9527,0.9058
view1,1672,6,0,0.9469,0.9055
view1,1673,6,0,0.9459,0.9053
view1,1674,6,0,0.9492,0.9049
view1,1675,6,0,0.9381,0.9047
view1,1676,6,0,0.9435,0.9046
view1,1677,6,0,0.9473,0.9044
view1,1678,6,0,0.945,0.9044
view1,1679,6,0,0.9488,0.9044
view1,1680,6,0,0.9475,0.9042
view1,1681,6,0,0.9432,0.9041
view1,1682,6,0,0.9436,0.9037
view1,1683,6,0,0.9491,0.9036
view1,1684,6,0,0.9432,0.9031
view1,1685,6,0,0.9473,0.903
view1,1686,6,0,0.9482,0.9027
view1,1687,6,0,0.938,0.9024
view1,1688,6,0,0.9444,0.9023
view1,1689,6,0,0.9523,0.9022
view1,1690,6,0,0.9468,0.9021
view1,1691,6,0,0.9472,0.902
view1,1692,6,0,0.9424,0.9018
view1,1693,6,0,0.942,0.9016
view1,1694,6,0,0.9383,0.9016
view1,1695,6,0,0.9388,0.9015
view1,1696,6,0,0.9375,0.9014
view1,1697,6,0,0.9377,0.9012
view1,1698,6,0,0.9368,0.9011
view1,1699,6,0,0.9302,0.9009
view1,1700,6,0,0.9268,0.9008
view1,1701,6,0,0.9347,0.9008
view1,1702,6,0,0.9335,0.9008
view1,1703,6,0,0.9362,0.9006
view1,1704,6,0,0.9354,0.9006
view1,1705,6,0,0.9287,0.9005
view1,1706,6,0,0.9321,0.9005
view1,1707,6,0,0.9307,0.9005
view1,1708,6,0,0.9217,0.9004
view1,1709,6,0,0.9199,0.9003
view1,1710,6,0,0.9148,0.9002
view1,1711,6,0,0.924,0.9003
view1,1712,6,0,0.9323,0.9003
view1,1713,6,0,0.9335,0.9003
view1,1714,6,0,0.9255,0.9003
view1,1715,6,0,0.9307,0.9003
view1,1716,6,0,0.9268,0.9003
view1,1717,6,0,0.9306,0.9003
view1,1718,6,0,0.9271,0.9002
view1,1719,6,0,0.9221,0.9002
view1,1720,6,0,0.9232,0.9001
view1,1721,6,0,0.9264,0.9001
view1,1722,6,0,0.9115,0.9
view1,1723,6,0,0.9147,0.9
view1,1724,6,0,0.9176,0.8999
view1,1725,6,0,0.9185,0.8997
view1,1726,6,0,0.9155,0.8996
view1,1727,6,0,0.9184,0.8995
view1,1728,6,0,0.9287,0.8994
view1,1729,6,0,0.9256,0.8994
view1,1730,6,0,0.9249,0.8993
view1,1731,6,0,0.9195,0.8992
view1,1732,6,0,0.9324,0.8991
view1,1733,6,0,0.9289,0.899
view1,1734,6,0,0.9017,0.8988
view1,1735,6,0,0.9209,0.8986
view1,1736,6,0,0.9029,0.8983
view1,1737,6,0,0.9413,0.8982
view1,1738,6,0,0.9303,0.8981
view1,1739,6,0,0.9258,0.8981
view1,1740,6,0,0.9334,0.898
view1,1741,6,0,0.9356,0.898
view1,1742,6,0,0.9431,0.898
view1,1743,6,0,0.926,0.8979
view1,1744,6,0,0.939,0.8979
view1,1745,6,0,0.9352,0.8978
view1,1746,6,0,0.94,0.8977
view1,1747,6,0,0.9432,0.8977
view1,1748,6,0,0.9533,0.8976
view1,1749,6,0,0.9453,0.8975
view1,1750,7,1,0.0,0.85
view1,1751,7,0,0.9897,0.85
view1,1752,7,0,0.9788,0.9788
view1,1753,7,1,0.969,0.9707
view1,1754,7,0,0.984,0.9722
view1,1755,7,0,0.982,0.9711
view1,1756,7,0,0.9748,0.9709
view1,1757,7,0,0.9716,0.9655
view1,1758,7,0,0.9681,0.96
view1,1759,7,0,0.962,0.9559
view1,1760,7,0,0.9668,0.9551
view1,1761,7,0,0.9689,0.9538
view1,1762,7,0,0.9653,0.9531
view1,1763,7,0,0.9652,0.9526
view1,1764,7,0,0.97,0.9528
view1,1765,7,0,0.9626,0.9518
view1,1766,7,1,0.9451,0.9471
view1,1767,7,0,0.9757,0.9462
view1,1768,7,0,0.9702,0.9451
view1,1769,7,0,0.9738,0.9443
view1,1770,7,0,0.97,0.9439
view1,1771,7,0,0.9637,0.9436
view1,1772,7,0,0.9696,0.9436
view1,1773,7,0,0.959,0.9435
view1,1774,7,0,0.9532,0.9431
view1,1775,7,0,0.9552,0.9431
view1,1776,7,0,0.9587,0.9427
view1,1777,7,0,0.9559,0.9426
view1,1778,7,0,0.9597,0.9424
view1,1779,7,0,0.9472,0.9418
view1,1780,7,0,0.9502,0.9404
view1,1781,7,0,0.9512,0.9398
view1,1782,7,1,0.9298,0.9382
view1,1783,7,0,0.9867,0.9372
view1,1784,7,0,0.9717,0.9363
view1,1785,7,0,0.9751,0.9351
view1,1786,7,0,0.9636,0.9333
view1,1787,7,0,0.9676,0.9326
view1,1788,7,0,0.9576,0.932
view1,1789,7,0,0.9534,0.9306
view1,1790,7,0,0.9386,0.9292
view1,1791,7,0,0.9505,0.9288
view1,1792,7,0,0.9527,0.9286
view1,1793,7,0,0.9419,0.9276
view1,1794,7,0,0.9412,0.9265
view1,1795,7,0,0.9438,0.9258
view1,1796,7,0,0.9446,0.9253
view1,1797,7,0,0.9428,0.925
view1,1798,7,0,0.9314,0.9243
view1,1799,7,0,0.9363,0.9237
view1,1800,7,0,0.9333,0.9232
view1,1801,7,0,0.9361,0.923
view1,1802,7,0,0.9383,0.9226
view1,1803,7,0,0.9353,0.922
view1,1804,7,0,0.9346,0.9218
view1,1805,7,0,0.9377,0.9215
view1,1806,7,0,0.933,0.9212
view1,1807,7,0,0.9341,0.921
view1,1808,7,0,0.9355,0.9208
view1,1809,7,0,0.931,0.9202
view1,1810,7,0,0.9299,0.92
view1,1811,7,0,0.9316,0.9195
view1,1812,7,0,0.9442,0.9193
view1,1813,7,0,0.9366,0.9188
view1,1814,7,1,0.9142,0.9178
view1,1815,7,0,0.9886,0.9171
view1,1816,7,0,0.9761,0.9169
view1,1817,7,0,0.9711,0.9164
view1,1818,7,0,0.967,0.916
view1,1819,7,0,0.9686,0.916
view1,1820,7,0,0.9633,0.9157
view1,1821,7,0,0.9747,0.9154
view1,1822,7,0,0.9687,0.9151
view1,1823,7,0,0.9676,0.9146
view1,1824,7,0,0.9677,0.9143
view1,1825,7,0,0.9594,0.9142
view1,1826,7,0,0.9627,0.9141
view1,1827,7,0,0.9564,0.914
view1,1828,7,0,0.9604,0.9141
view1,1829,7,0,0.9515,0.9141
view1,1830,7,0,0.9559,0.9141
view1,1831,7,0,0.9513,0.9143
view1,1832,7,0,0.9533,0.9144
view1,1833,7,0,0.9448,0.9146
view1,1834,7,0,0.9493,0.9147
view1,1835,7,0,0.9477,0.9148
view1,1836,7,0,0.9455,0.9148
view1,1837,7,0,0.9407,0.9148
view1,1838,7,0,0.9444,0.9148
view1,1839,7,0,0.9432,0.9148
view1,1840,7,0,0.9415,0.9147
view1,1841,7,0,0.9413,0.9145
view1,1842,7,0,0.9538,0.9144
view1,1843,7,0,0.9406,0.9139
view1,1844,7,0,0.9293,0.9133
view1,1845,7,0,0.9291,0.9126
view1,1846,7,0,0.9475,0.9121
view1,1847,7,0,0.9447,0.9119
view1,1848,7,0,0.941,0.9116
view1,1849,7,0,0.95,0.9116
view1,1850,7,0,0.9521,0.9114
view1,1851,7,0,0.9536,0.9111
view1,1852,7,0,0.9467,0.9109
view1,1853,7,0,0.9488,0.9106
view1,1854,7,0,0.9475,0.9104
view1,1855,7,0,0.9467,0.9104
view1,1856,7,0,0.9496,0.9101
view1,1857,7,0,0.9561,0.9099
view1,1858,7,0,0.958,0.9096
view1,1859,7,0,0.9459,0.9092
view1,1860,7,0,0.9432,0.9089
view1,1861,7,0,0.9348,0.9082
view1,1862,7,0,0.9352,0.9075
view1,1863,7,0,0.9437,0.907
view1,1864,7,0,0.9527,0.9068
view1,1865,7,0,0.9497,0.9064
view1,1866,7,0,0.9418,0.9062
view1,1867,7,0,0.9598,0.9061
view1,1868,7,0,0.9642,0.9061
view1,1869,7,0,0.9584,0.906
view1,1870,7,0,0.9555,0.906
view1,1871,7,0,0.9509,0.9059
view1,1872,7,0,0.9634,0.906
view1,1873,7,0,0.9566,0.906
view1,1874,7,0,0.9538,0.906
view1,1875,7,0,0.9536,0.906
view1,1876,7,0,0.939,0.906
view1,1877,7,0,0.9464,0.9059
view1,1878,7,0,0.9479,0.9059
view1,1879,7,0,0.9465,0.9059
view1,1880,7,0,0.9463,0.9059
view1,1881,7,0,0.9382,0.9058
view1,1882,7,0,0.9292,0.9057
view1,1883,7,0,0.9261,0.9054
view1,1884,7,0,0.9082,0.9046
view1,1885,7,0,0.9206,0.904
view1,1886,7,0,0.9261,0.9038
view1,1887,7,0,0.9264,0.9037
view1,1888,7,0,0.9231,0.9035
view1,1889,7,0,0.9213,0.9033
view1,1890,7,0,0.9263,0.9031
view1,1891,7,0,0.9149,0.9028
view1,1892,7,0,0.906,0.9026
view1,1893,7,0,0.9172,0.9025
view1,1894,7,0,0.9233,0.9025
view1,1895,7,0,0.9058,0.9023
view1,1896,7,0,0.916,0.9023
view1,1897,7,0,0.9299,0.9022
view1,1898,7,0,0.934,0.9022
view1,1899,7,0,0.9283,0.9022
view1,1900,7,0,0.9317,0.9022
view1,1901,7,0,0.9251,0.9021
view1,1902,7,0,0.9353,0.9022
view1,1903,7,0,0.9282,0.9021
view1,1904,7,0,0.9276,0.902
view1,1905,7,0,0.9386,0.9021
view1,1906,7,0,0.9344,0.902
view1,1907,7,0,0.9271,0.9019
view1,1908,7,0,0.9407,0.9017
view1,1909,7,0,0.9314,0.9016
view1,1910,7,0,0.933,0.9015
view1,1911,7,0,0.9271,0.9014
view1,1912,7,0,0.919,0.9011
view1,1913,7,0,0.9207,0.9008
view1,1914,7,0,0.9272,0.9007
view1,1915,7,0,0.9162,0.9004
view1,1916,7,0,0.9264,0.9
view1,1917,7,0,0.94,0.8998
view1,1918,7,0,0.9272,0.8993
view1,1919,7,0,0.9334,0.899
view1,1920,7,0,0.9359,0.8988
view1,1921,7,0,0.9329,0.8986
view1,1922,7,0,0.9457,0.8986
view1,1923,7,0,0.9444,0.8985
view1,1924,7,0,0.9526,0.8984
view1,1925,7,0,0.9464,0.8984
view1,1926,7,0,0.9308,0.8983
view1,1927,7,0,0.9392,0.8983
view1,1928,7,0,0.9425,0.8983
view1,1929,7,0,0.937,0.8983
view1,1930,7,0,0.9407,0.8982
view1,1931,7,0,0.9323,0.8982
view1,1932,7,0,0.9142,0.898
view1,1933,7,0,0.923,0.898
view1,1934,7,0,0.9251,0.8981
view1,1935,7,0,0.9311,0.8981
view1,1936,7,0,0.9194,0.8981
view1,1937,7,0,0.9328,0.8981
view1,1938,7,0,0.9246,0.8981
view1,1939,7,0,0.933,0.8981
view1,1940,7,0,0.9296,0.8981
view1,1941,7,0,0.939,0.8981
view1,1942,7,0,0.9432,0.8981
view1,1943,7,0,0.9461,0.8982
view1,1944,7,0,0.9469,0.8982
view1,1945,7,0,0.9511,0.8982
view1,1946,7,0,0.9443,0.8983
view1,1947,7,0,0.9483,0.8984
view1,1948,7,0,0.953,0.8984
view1,1949,7,0,0.9496,0.8984
view1,1950,7,0,0.937,0.8984
view1,1951,7,0,0.9452,0.8985
view1,1952,7,0,0.9495,0.8986
view1,1953,7,0,0.9453,0.8986
view1,1954,7,0,0.942,0.8987
view1,1955,7,0,0.938,0.8987
view1,1956,7,0,0.9317,0.8988
view1,1957,7,0,0.9363,0.8988
view1,1958,7,0,0.9356,0.8989
view1,1959,7,0,0.9309,0.8989
view1,1960,7,0,0.9494,0.899
view1,1961,7,0,0.9465,0.8991
view1,1962,7,0,0.947,0.8992
view1,1963,7,0,0.9419,0.8993
view1,1964,7,0,0.9439,0.8994
view1,1965,7,0,0.9463,0.8995
view1,1966,7,0,0.9398,0.8995
view1,1967,7,0,0.9409,0.8996
view1,1968,7,0,0.9484,0.8997
view1,1969,7,0,0.9394,0.8998
view1,1970,7,0,0.9334,0.8998
view1,1971,7,0,0.9326,0.8998
view1,1972,7,0,0.9358,0.8998
view1,1973,7,0,0.9235,0.8998
view1,1974,7,0,0.93,0.8998
view1,1975,7,0,0.9396,0.8999
view1,1976,7,0,0.9398,0.8999
view1,1977,7,0,0.9385,0.8999
view1,1978,7,0,0.9394,0.9
view1,1979,7,0,0.943,0.9001
view1,1980,7,0,0.9219,0.9
view1,1981,7,0,0.9378,0.9
view1,1982,7,0,0.9315,0.9
view1,1983,7,0,0.9135,0.8999
view1,1984,7,0,0.9227,0.8998
view1,1985,7,0,0.9307,0.8998
view1,1986,7,0,0.9328,0.8998
view1,1987,7,0,0.9157,0.8997
view1,1988,7,0,0.904,0.8995
view1,1989,7,0,0.9322,0.8995
view1,1990,7,0,0.9439,0.8995
view1,1991,7,0,0.9456,0.8996
view1,1992,7,0,0.9422,0.8996
view1,1993,7,0,0.9449,0.8996
view1,1994,7,0,0.944,0.8997
view1,1995,7,0,0.9434,0.8997
view1,1996,7,0,0.9451,0.8997
view1,1997,7,0,0.9425,0.8997
view1,1998,7,0,0.9429,0.8998
view1,1999,7,0,0.9444,0.8998
view1,2000,8,1,0.0,0.85
view1,2001,8,0,0.9806,0.85
view1,2002,8,0,0.9739,0.9739
view1,2003,8,0,0.9745,0.9733
view1,2004,8,1,0.9713,0.9716
view1,2005,8,0,0.9812,0.9718
view1,2006,8,0,0.9834,0.9717
view1,2007,8,0,0.979,0.9715
view1,2008,8,0,0.9761,0.971
view1,2009,8,0,0.9737,0.9683
view1,2010,8,1,0.9661,0.9664
view1,2011,8,0,0.9887,0.9658
view1,2012,8,0,0.9794,0.9648
view1,2013,8,0,0.9731,0.9635
view1,2014,8,0,0.9706,0.9619
view1,2015,8,0,0.9641,0.9577
view1,2016,8,1,0.9419,0.9513
view1,2017,8,0,0.9787,0.9478
view1,2018,8,0,0.9812,0.9465
view1,2019,8,0,0.9732,0.9459
view1,2020,8,0,0.9764,0.9451
view1,2021,8,0,0.9704,0.9445
view1,2022,8,0,0.9622,0.9434
view1,2023,8,0,0.9577,0.9433
view1,2024,8,0,0.9574,0.9424
view1,2025,8,0,0.9518,0.9419
view1,2026,8,0,0.9509,0.9408
view1,2027,8,0,0.9563,0.9399
view1,2028,8,0,0.9459,0.9388
view1,2029,8,0,0.9549,0.9378
view1,2030,8,0,0.9431,0.9365
view1,2031,8,0,0.953,0.9363
view1,2032,8,0,0.9537,0.9362
view1,2033,8,0,0.9524,0.9358
view1,2034,8,0,0.9518,0.9353
view1,2035,8,0,0.9533,0.9354
view1,2036,8,0,0.9418,0.9345
view1,2037,8,0,0.9332,0.933
view1,2038,8,0,0.9353,0.9315
view1,2039,8,0,0.9446,0.9309
view1,2040,8,0,0.9422,0.93
view1,2041,8,0,0.9472,0.9293
view1,2042,8,0,0.9584,0.9289
view1,2043,8,0,0.9431,0.9286
view1,2044,8,0,0.9408,0.9283
view1,2045,8,0,0.9416,0.9276
view1,2046,8,0,0.9463,0.9274
view1,2047,8,0,0.936,0.9268
view1,2048,8,0,0.9497,0.9264
view1,2049,8,0,0.9327,0.9258
view1,2050,8,0,0.946,0.925
view1,2051,8,0,0.9434,0.9246
view1,2052,8,0,0.9297,0.9235
view1,2053,8,0,0.9319,0.9229
view1,2054,8,0,0.9335,0.9226
view1,2055,8,0,0.9283,0.9222
view1,2056,8,0,0.933,0.9218
view1,2057,8,1,0.9196,0.9209
view1,2058,8,0,0.9794,0.9202
view1,2059,8,0,0.9802,0.9196
view1,2060,8,0,0.964,0.9193
view1,2061,8,0,0.9636,0.9191
view1,2062,8,1,0.9177,0.9182
view1,2063,8,0,0.9591,0.9184
view1,2064,8,0,0.9487,0.918
view1,2065,8,0,0.9519,0.9178
view1,2066,8,0,0.95,0.9175
view1,2067,8,1,0.9093,0.9121
view1,2068,8,0,0.9587,0.912
view1,2069,8,0,0.9579,0.9121
view1,2070,8,0,0.9446,0.9113
view1,2071,8,0,0.9492,0.9105
view1,2072,8,0,0.9312,0.9091
view1,2073,8,0,0.9421,0.9083
view1,2074,8,0,0.9363,0.9078
view1,2075,8,0,0.9436,0.9072
view1,2076,8,0,0.9392,0.9071
view1,2077,8,0,0.9387,0.907
view1,2078,8,0,0.94,0.9066
view1,2079,8,0,0.9439,0.9064
view1,2080,8,0,0.9414,0.906
view1,2081,8,0,0.9456,0.9057
view1,2082,8,0,0.938,0.9056
view1,2083,8,0,0.9397,0.9053
view1,2084,8,0,0.9354,0.9046
view1,2085,8,0,0.9374,0.9045
view1,2086,8,0,0.9424,0.9043
view1,2087,8,0,0.9373,0.904
view1,2088,8,0,0.9336,0.9037
view1,2089,8,0,0.9397,0.9039
view1,2090,8,0,0.9319,0.9038
view1,2091,8,0,0.9404,0.904
view1,2092,8,0,0.9433,0.9043
view1,2093,8,0,0.9342,0.9043
view1,2094,8,0,0.9474,0.9045
view1,2095,8,0,0.939,0.9046
view1,2096,8,0,0.9345,0.9047
view1,2097,8,0,0.9319,0.9047
view1,2098,8,0,0.9334,0.9043
view1,2099,8,0,0.9317,0.9042
view1,2100,8,0,0.9342,0.904
view1,2101,8,0,0.9336,0.9035
view1,2102,8,0,0.9333,0.9032
view1,2103,8,0,0.9368,0.9028
view1,2104,8,0,0.9372,0.9026
view1,2105,8,0,0.9384,0.9024
view1,2106,8,0,0.936,0.9021
view1,2107,8,0,0.925,0.9013
view1,2108,8,0,0.9237,0.9005
view1,2109,8,0,0.9351,0.9001
view1,2110,8,0,0.9318,0.8995
view1,2111,8,0,0.9237,0.8989
view1,2112,8,0,0.937,0.8985
view1,2113,8,0,0.9378,0.8979
view1,2114,8,0,0.9294,0.897
view1,2115,8,0,0.9364,0.8966
view1,2116,8,0,0.936,0.8962
view1,2117,8,0,0.9303,0.8957
view1,2118,8,0,0.929,0.8948
view1,2119,8,0,0.9387,0.8945
view1,2120,8,0,0.9405,0.8941
view1,2121,8,0,0.9382,0.8935
view1,2122,8,0,0.936,0.8932
view1,2123,8,0,0.9377,0.8929
view1,2124,8,0,0.9309,0.8926
view1,2125,8,0,0.9297,0.8923
view1,2126,8,0,0.9346,0.8922
view1,2127,8,0,0.9335,0.8921
view1,2128,8,0,0.9347,0.8919
view1,2129,8,0,0.9337,0.8917
view1,2130,8,0,0.9305,0.8917
view1,2131,8,0,0.9305,0.8916
view1,2132,8,0,0.9386,0.8916
view1,2133,8,0,0.9362,0.8916
view1,2134,8,0,0.924,0.8915
view1,2135,8,0,0.9312,0.8914
view1,2136,8,0,0.9343,0.8912
view1,2137,8,0,0.9346,0.8912
view1,2138,8,0,0.9354,0.8911
view1,2139,8,0,0.9325,0.8911
view1,2140,8,0,0.9208,0.8909
view1,2141,8,0,0.9256,0.8906
view1,2142,8,0,0.9322,0.8904
view1,2143,8,0,0.9414,0.8904
view1,2144,8,0,0.9384,0.8901
view1,2145,8,0,0.9467,0.89
view1,2146,8,0,0.9438,0.8897
view1,2147,8,0,0.9461,0.8894
view1,2148,8,0,0.9419,0.8891
view1,2149,8,0,0.9426,0.8887
view1,2150,8,0,0.9471,0.8884
view1,2151,8,0,0.9496,0.888
view1,2152,8,0,0.9478,0.8876
view1,2153,8,0,0.9453,0.8873
view1,2154,8,0,0.942,0.887
view1,2155,8,0,0.9402,0.8867
view1,2156,8,0,0.9398,0.8866
view1,2157,8,0,0.9427,0.8863
view1,2158,8,0,0.9405,0.8861
view1,2159,8,0,0.9356,0.8858
view1,2160,8,0,0.946,0.8857
view1,2161,8,0,0.9416,0.8855
view1,2162,8,0,0.9388,0.8853
view1,2163,8,0,0.9508,0.8851
view1,2164,8,0,0.9493,0.885
view1,2165,8,0,0.9405,0.8849
view1,2166,8,0,0.9462,0.8848
view1,2167,8,0,0.9469,0.8848
view1,2168,8,0,0.9437,0.8847
view1,2169,8,0,0.9323,0.8846
view1,2170,8,0,0.9324,0.8846
view1,2171,8,0,0.9273,0.8846
view1,2172,8,0,0.9451,0.8846
view1,2173,8,0,0.9325,0.8847
view1,2174,8,0,0.9386,0.8848
view1,2175,8,0,0.9332,0.8848
view1,2176,8,0,0.9388,0.8849
view1,2177,8,0,0.9302,0.8849
view1,2178,8,0,0.9265,0.885
view1,2179,8,0,0.9278,0.8851
view1,2180,8,0,0.9189,0.8851
view1,2181,8,0,0.9263,0.8851
view1,2182,8,0,0.9255,0.8852
view1,2183,8,0,0.9292,0.8853
view1,2184,8,0,0.9215,0.8853
view1,2185,8,0,0.9263,0.8853
view1,2186,8,0,0.9231,0.8853
view1,2187,8,0,0.9238,0.8854
view1,2188,8,0,0.9337,0.8854
view1,2189,8,0,0.9164,0.8853
view1,2190,8,0,0.9334,0.8853
view1,2191,8,0,0.9343,0.8853
view1,2192,8,0,0.9384,0.8854
view1,2193,8,0,0.9245,0.8854
view1,2194,8,0,0.9322,0.8855
view1,2195,8,0,0.9367,0.8855
view1,2196,8,0,0.9297,0.8856
view1,2197,8,0,0.9323,0.8856
view1,2198,8,0,0.9438,0.8857
view1,2199,8,0,0.9359,0.8857
view1,2200,8,0,0.9327,0.8858
view1,2201,8,0,0.9258,0.8859
view1,2202,8,0,0.9374,0.886
view1,2203,8,0,0.9356,0.886
view1,2204,8,0,0.9212,0.886
view1,2205,8,0,0.9338,0.886
view1,2206,8,0,0.9378,0.8859
view1,2207,8,0,0.9323,0.8858
view1,2208,8,0,0.9285,0.8858
view1,2209,8,0,0.9363,0.8858
view1,2210,8,0,0.9295,0.8857
view1,2211,8,0,0.9295,0.8856
view1,2212,8,0,0.9307,0.8855
view1,2213,8,0,0.9215,0.8854
view1,2214,8,0,0.9124,0.8852
view1,2215,8,0,0.9251,0.8852
view1,2216,8,0,0.9329,0.8852
view1,2217,8,0,0.9312,0.8852
view1,2218,8,0,0.9371,0.8852
view1,2219,8,0,0.9392,0.8852
view1,2220,8,0,0.9392,0.8852
view1,2221,8,0,0.9341,0.8851
view1,2222,8,0,0.9302,0.8851
view1,2223,8,0,0.9323,0.885
view1,2224,8,0,0.926,0.885
view1,2225,8,0,0.924,0.885
view1,2226,8,0,0.9257,0.885
view1,2227,8,0,0.9205,0.885
view1,2228,8,0,0.9325,0.8849
view1,2229,8,0,0.9188,0.8849
view1,2230,8,0,0.9205,0.8848
view1,2231,8,0,0.9188,0.8848
view1,2232,8,0,0.9221,0.8848
view1,2233,8,0,0.9132,0.8848
view1,2234,8,0,0.9273,0.8849
view1,2235,8,0,0.9254,0.8849
view1,2236,8,0,0.9213,0.8849
view1,2237,8,0,0.9289,0.8849
view1,2238,8,0,0.9326,0.8849
view1,2239,8,0,0.9297,0.885
view1,2240,8,0,0.9461,0.8851
view1,2241,8,0,0.9423,0.8852
view1,2242,8,0,0.9419,0.8853
view1,2243,8,0,0.9487,0.8854
view1,2244,8,0,0.9536,0.8854
view1,2245,8,0,0.9471,0.8855
view1,2246,8,0,0.9446,0.8856
view1,2247,8,0,0.929,0.8856
view1,2248,8,0,0.9326,0.8857
view1,2249,8,0,0.9359,0.8858
view1,2250,9,1,0.0,0.85
view1,2251,9,0,0.9884,0.85
view1,2252,9,0,0.9787,0.9787
view1,2253,9,1,0.9715,0.9726
view1,2254,9,0,0.9858,0.9694
view1,2255,9,0,0.9746,0.9687
view1,2256,9,1,0.9628,0.9638
view1,2257,9,0,0.9817,0.9591
view1,2258,9,0,0.9787,0.9555
view1,2259,9,0,0.9663,0.9507
view1,2260,9,0,0.9744,0.9489
view1,2261,9,0,0.9612,0.9441
view1,2262,9,0,0.956,0.9405
view1,2263,9,0,0.9552,0.9393
view1,2264,9,0,0.9654,0.9397
view1,2265,9,0,0.9682,0.9404
view1,2266,9,0,0.9652,0.9407
view1,2267,9,0,0.9548,0.9397
view1,2268,9,0,0.9583,0.9396
view1,2269,9,0,0.9474,0.9385
view1,2270,9,0,0.9499,0.9377
view1,2271,9,0,0.9417,0.935
view1,2272,9,0,0.9455,0.9332
view1,2273,9,0,0.9447,0.9322
view1,2274,9,0,0.9464,0.9311
view1,2275,9,0,0.9485,0.9301
view1,2276,9,0,0.949,0.9297
view1,2277,9,0,0.9467,0.9294
view1,2278,9,0,0.9466,0.9292
view1,2279,9,0,0.9466,0.9287
view1,2280,9,0,0.9396,0.9282
view1,2281,9,0,0.9431,0.9277
view1,2282,9,0,0.9436,0.9269
view1,2283,9,0,0.9368,0.9261
view1,2284,9,0,0.9519,0.9258
view1,2285,9,0,0.9444,0.9255
view1,2286,9,0,0.9268,0.9241
view1,2287,9,0,0.9408,0.924
view1,2288,9,0,0.9375,0.9235
view1,2289,9,0,0.9273,0.9224
view1,2290,9,0,0.9387,0.922
view1,2291,9,0,0.9239,0.9211
view1,2292,9,1,0.9138,0.9196
view1,2293,9,0,0.9904,0.9189
view1,2294,9,0,0.9816,0.9183
view1,2295,9,0,0.9822,0.9175
view1,2296,9,0,0.9714,0.9173
view1,2297,9,0,0.9739,0.9168
view1,2298,9,0,0.9732,0.9166
view1,2299,9,0,0.9662,0.9167
view1,2300,9,0,0.9677,0.9166
view1,2301,9,0,0.97,0.9166
view1,2302,9,0,0.956,0.9168
view1,2303,9,0,0.9656,0.9171
view1,2304,9,0,0.9596,0.9174
view1,2305,9,0,0.9621,0.9177
view1,2306,9,0,0.9626,0.9178
view1,2307,9,0,0.9539,0.9177
view1,2308,9,0,0.966,0.9177
view1,2309,9,0,0.9664,0.9179
view1,2310,9,0,0.9665,0.9181
view1,2311,9,0,0.9632,0.9184
view1,2312,9,0,0.9677,0.9188
view1,2313,9,0,0.9668,0.919
view1,2314,9,0,0.9714,0.9193
view1,2315,9,0,0.9626,0.9196
view1,2316,9,0,0.9603,0.9196
view1,2317,9,0,0.9637,0.9197
view1,2318,9,0,0.9516,0.9196
view1,2319,9,0,0.9586,0.9196
view1,2320,9,0,0.9566,0.9197
view1,2321,9,0,0.9524,0.9195
view1,2322,9,0,0.9533,0.9191
view1,2323,9,0,0.9381,0.9183
view1,2324,9,0,0.9263,0.9169
view1,2325,9,0,0.945,0.9164
view1,2326,9,0,0.9491,0.916
view1,2327,9,0,0.9489,0.9159
view1,2328,9,0,0.9469,0.9156
view1,2329,9,0,0.9538,0.9154
view1,2330,9,0,0.9504,0.9153
view1,2331,9,0,0.9398,0.9152
view1,2332,9,0,0.9484,0.915
view1,2333,9,0,0.9438,0.9149
view1,2334,9,0,0.9362,0.9147
view1,2335,9,0,0.9402,0.9144
view1,2336,9,0,0.924,0.9139
view1,2337,9,1,0.9074,0.9127
view1,2338,9,0,0.9783,0.9119
view1,2339,9,0,0.9734,0.911
view1,2340,9,0,0.9759,0.9104
view1,2341,9,0,0.9765,0.9099
view1,2342,9,0,0.9644,0.9099
view1,2343,9,0,0.9427,0.91
view1,2344,9,0,0.9533,0.9098
view1,2345,9,0,0.9361,0.9097
view1,2346,9,0,0.9326,0.9098
view1,2347,9,0,0.9314,0.9098
view1,2348,9,0,0.9362,0.9099
view1,2349,9,0,0.939,0.9101
view1,2350,9,0,0.9311,0.9101
view1,2351,9,0,0.9337,0.9101
view1,2352,9,0,0.9358,0.9102
view1,2353,9,1,0.8902,0.9074
view1,2354,9,0,0.9657,0.9075
view1,2355,9,0,0.953,0.9075
view1,2356,9,0,0.9457,0.9075
view1,2357,9,0,0.9408,0.9075
view1,2358,9,0,0.9394,0.9074
view1,2359,9,0,0.9468,0.9075
view1,2360,9,0,0.9341,0.9075
view1,2361,9,0,0.9297,0.9073
view1,2362,9,0,0.9332,0.9073
view1,2363,9,0,0.9368,0.9074
view1,2364,9,0,0.9359,0.9074
view1,2365,9,0,0.9289,0.9057
view1,2366,9,0,0.9351,0.9057
view1,2367,9,0,0.9425,0.9058
view1,2368,9,0,0.9505,0.906
view1,2369,9,0,0.9496,0.9061
view1,2370,9,0,0.9389,0.906
view1,2371,9,0,0.9458,0.906
view1,2372,9,0,0.9269,0.9055
view1,2373,9,0,0.9155,0.9045
view1,2374,9,1,0.8886,0.902
view1,2375,9,0,0.9423,0.9017
view1,2376,9,0,0.9587,0.9013
view1,2377,9,0,0.9458,0.9008
view1,2378,9,0,0.9425,0.9003
view1,2379,9,0,0.9546,0.9002
view1,2380,9,0,0.946,0.8999
view1,2381,9,0,0.9479,0.8995
view1,2382,9,0,0.954,0.8992
view1,2383,9,0,0.951,0.8984
view1,2384,9,0,0.9605,0.8981
view1,2385,9,0,0.9621,0.8975
view1,2386,9,0,0.9599,0.8968
view1,2387,9,0,0.9528,0.8961
view1,2388,9,0,0.9455,0.8952
view1,2389,9,0,0.9494,0.8944
view1,2390,9,0,0.9459,0.8937
view1,2391,9,0,0.9535,0.8932
view1,2392,9,0,0.9599,0.8926
view1,2393,9,0,0.9571,0.8924
view1,2394,9,0,0.9478,0.8919
view1,2395,9,0,0.9615,0.8917
view1,2396,9,0,0.9584,0.8915
view1,2397,9,0,0.9488,0.8912
view1,2398,9,0,0.944,0.8906
view1,2399,9,0,0.9462,0.8903
view1,2400,9,0,0.9527,0.89
view1,2401,9,0,0.9474,0.8899
view1,2402,9,0,0.9498,0.8895
view1,2403,9,0,0.9427,0.8889
view1,2404,9,0,0.9422,0.8884
view1,2405,9,0,0.9494,0.888
view1,2406,9,0,0.9522,0.8875
view1,2407,9,0,0.9459,0.8869
view1,2408,9,0,0.9453,0.8862
view1,2409,9,0,0.9468,0.8855
view1,2410,9,0,0.9542,0.8848
view1,2411,9,0,0.9574,0.8844
view1,2412,9,0,0.9524,0.8842
view1,2413,9,0,0.9591,0.8839
view1,2414,9,0,0.9624,0.8835
view1,2415,9,0,0.9566,0.8833
view1,2416,9,0,0.9572,0.8829
view1,2417,9,0,0.9529,0.8827
view1,2418,9,0,0.9611,0.8822
view1,2419,9,0,0.9721,0.8818
view1,2420,9,0,0.9673,0.8814
view1,2421,9,0,0.9562,0.8812
view1,2422,9,0,0.9493,0.881
view1,2423,9,0,0.9556,0.8809
view1,2424,9,0,0.943,0.8807
view1,2425,9,0,0.9452,0.8805
view1,2426,9,0,0.941,0.8802
view1,2427,9,0,0.9411,0.88
view1,2428,9,0,0.9448,0.8798
view1,2429,9,0,0.9422,0.8796
view1,2430,9,0,0.9373,0.8795
view1,2431,9,0,0.9462,0.8793
view1,2432,9,0,0.9458,0.8791
view1,2433,9,0,0.9367,0.879
view1,2434,9,0,0.9421,0.8788
view1,2435,9,0,0.935,0.8787
view1,2436,9,0,0.9373,0.8787
view1,2437,9,0,0.9384,0.8785
view1,2438,9,0,0.9419,0.8783
view1,2439,9,0,0.9327,0.8782
view1,2440,9,0,0.9438,0.8781
view1,2441,9,0,0.941,0.8779
view1,2442,9,0,0.939,0.8778
view1,2443,9,0,0.9363,0.8776
view1,2444,9,0,0.9296,0.8773
view1,2445,9,0,0.9389,0.877
view1,2446,9,0,0.9381,0.8769
view1,2447,9,0,0.9345,0.8768
view1,2448,9,0,0.9422,0.8767
view1,2449,9,0,0.9403,0.8766
view1,2450,9,0,0.9361,0.8765
view1,2451,9,0,0.9413,0.8764
view1,2452,9,0,0.9477,0.8765
view1,2453,9,0,0.9493,0.8766
view1,2454,9,0,0.9482,0.8766
view1,2455,9,0,0.9463,0.8767
view1,2456,9,0,0.9305,0.8767
view1,2457,9,0,0.9223,0.8766
view1,2458,9,0,0.9158,0.8765
view1,2459,9,0,0.9304,0.8765
view1,2460,9,0,0.9231,0.8766
view1,2461,9,0,0.9282,0.8766
view1,2462,9,0,0.9258,0.8767
view1,2463,9,0,0.92,0.8766
view1,2464,9,0,0.9213,0.8766
view1,2465,9,0,0.9284,0.8766
view1,2466,9,0,0.9365,0.8766
view1,2467,9,0,0.9311,0.8764
view1,2468,9,0,0.9381,0.8762
view1,2469,9,0,0.9331,0.8763
view1,2470,9,0,0.9341,0.8763
view1,2471,9,0,0.937,0.8764
view1,2472,9,0,0.9338,0.8764
view1,2473,9,0,0.9272,0.8765
view1,2474,9,0,0.932,0.8765
view1,2475,9,0,0.9299,0.8766
view1,2476,9,0,0.9407,0.8766
view1,2477,9,0,0.9357,0.8766
view1,2478,9,0,0.9431,0.8766
view1,2479,9,0,0.9314,0.8766
view1,2480,9,0,0.937,0.8765
view1,2481,9,0,0.9374,0.8766
view1,2482,9,0,0.9285,0.8765
view1,2483,9,0,0.9162,0.8764
view1,2484,9,0,0.9254,0.8762
view1,2485,9,0,0.9151,0.8761
view1,2486,9,0,0.91,0.8759
view1,2487,9,0,0.9161,0.8758
view1,2488,9,0,0.9299,0.8757
view1,2489,9,0,0.9327,0.8757
view1,2490,9,0,0.9184,0.8755
view1,2491,9,0,0.9326,0.8754
view1,2492,9,0,0.9396,0.8755
view1,2493,9,0,0.9414,0.8755
view1,2494,9,0,0.9429,0.8756
view1,2495,9,0,0.9412,0.8756
view1,2496,9,0,0.9484,0.8757
view1,2497,9,0,0.9439,0.8757
view1,2498,9,0,0.9371,0.8757
view1,2499,9,0,0.9379,0.8758
view1,2500,10,1,0.0,0.85
view1,2501,10,0,0.9811,0.85
view1,2502,10,0,0.975,0.975
view1,2503,10,1,0.9643,0.9665
view1,2504,10,0,0.986,0.9675
view1,2505,10,0,0.9714,0.9657
view1,2506,10,1,0.954,0.9566
view1,2507,10,0,0.9884,0.9561
view1,2508,10,0,0.9837,0.9558
view1,2509,10,0,0.9777,0.9552
view1,2510,10,0,0.9778,0.9533
view1,2511,10,0,0.9743,0.952
view1,2512,10,0,0.965,0.9514
view1,2513,10,0,0.9514,0.9488
view1,2514,10,0,0.9655,0.9457
view1,2515,10,0,0.9536,0.9413
view1,2516,10,0,0.951,0.9381
view1,2517,10,0,0.9444,0.9355
view1,2518,10,0,0.955,0.9328
view1,2519,10,0,0.952,0.9324
view1,2520,10,0,0.9522,0.9319
view1,2521,10,0,0.9544,0.9316
view1,2522,10,0,0.949,0.9313
view1,2523,10,0,0.9486,0.9313
view1,2524,10,0,0.9509,0.9316
view1,2525,10,0,0.9319,0.9306
view1,2526,10,1,0.9287,0.9291
view1,2527,10,0,0.9827,0.9275
view1,2528,10,0,0.9768,0.9266
view1,2529,10,0,0.977,0.9259
view1,2530,10,0,0.9582,0.9245
view1,2531,10,0,0.9596,0.9236
view1,2532,10,0,0.9611,0.9235
view1,2533,10,0,0.9533,0.9219
view1,2534,10,0,0.9529,0.9201
view1,2535,10,0,0.9636,0.9192
view1,2536,10,0,0.9604,0.9191
view1,2537,10,0,0.9626,0.9185
view1,2538,10,0,0.9645,0.9173
view1,2539,10,0,0.9583,0.9166
view1,2540,10,0,0.9555,0.9162
view1,2541,10,0,0.9538,0.9154
view1,2542,10,0,0.9536,0.9146
view1,2543,10,0,0.9488,0.9142
view1,2544,10,0,0.9584,0.9137
view1,2545,10,0,0.9461,0.9136
view1,2546,10,0,0.9326,0.9133
view1,2547,10,0,0.9466,0.9134
view1,2548,10,0,0.9425,0.9136
view1,2549,10,0,0.9456,0.9137
view1,2550,10,0,0.9346,0.9138
view1,2551,10,0,0.9381,0.914
view1,2552,10,0,0.9304,0.9138
view1,2553,10,0,0.937,0.9139
view1,2554,10,0,0.9276,0.9136
view1,2555,10,0,0.9264,0.9134
view1,2556,10,0,0.9316,0.9134
view1,2557,10,0,0.9331,0.9134
view1,2558,10,0,0.9249,0.9131
view1,2559,10,0,0.9343,0.9131
view1,2560,10,0,0.9421,0.9132
view1,2561,10,0,0.9468,0.9133
view1,2562,10,0,0.9446,0.9135
view1,2563,10,0,0.9391,0.9137
view1,2564,10,0,0.9425,0.914
view1,2565,10,0,0.9311,0.9141
view1,2566,10,0,0.9435,0.9142
view1,2567,10,0,0.9536,0.9145
view1,2568,10,0,0.9542,0.9147
view1,2569,10,0,0.9447,0.915
view1,2570,10,0,0.9469,0.9151
view1,2571,10,0,0.9375,0.9152
view1,2572,10,0,0.9425,0.9152
view1,2573,10,0,0.9357,0.9152
view1,2574,10,0,0.9393,0.9154
view1,2575,10,0,0.9443,0.9156
view1,2576,10,0,0.9528,0.9159
view1,2577,10,0,0.9534,0.9161
view1,2578,10,0,0.9303,0.9161
view1,2579,10,0,0.9184,0.9159
view1,2580,10,0,0.9257,0.9157
view1,2581,10,0,0.9391,0.9158
view1,2582,10,0,0.9338,0.9158
view1,2583,10,0,0.9315,0.9158
view1,2584,10,0,0.9323,0.9157
view1,2585,10,0,0.9396,0.9157
view1,2586,10,0,0.9438,0.9158
view1,2587,10,0,0.9468,0.9158
view1,2588,10,0,0.944,0.9156
view1,2589,10,0,0.9502,0.9155
view1,2590,10,0,0.947,0.9154
view1,2591,10,0,0.9412,0.9154
view1,2592,10,0,0.9459,0.9155
view1,2593,10,0,0.9506,0.9156
view1,2594,10,0,0.9572,0.9157
view1,2595,10,0,0.9428,0.9158
view1,2596,10,0,0.9438,0.9157
view1,2597,10,0,0.9406,0.9156
view1,2598,10,0,0.9279,0.9155
view1,2599,10,0,0.943,0.9155
view1,2600,10,0,0.9248,0.9153
view1,2601,10,0,0.9383,0.9152
view1,2602,10,0,0.9261,0.9152
view1,2603,10,0,0.9329,0.9152
view1,2604,10,0,0.9357,0.9151
view1,2605,10,0,0.9343,0.915
view1,2606,10,0,0.9364,0.9147
view1,2607,10,0,0.9376,0.9147
view1,2608,10,0,0.9329,0.9145
view1,2609,10,0,0.9242,0.9144
view1,2610,10,0,0.9389,0.9144
view1,2611,10,0,0.9402,0.9143
view1,2612,10,0,0.9341,0.9143
view1,2613,10,0,0.9387,0.9142
view1,2614,10,0,0.9432,0.9141
view1,2615,10,0,0.9325,0.914
view1,2616,10,0,0.9433,0.914
view1,2617,10,0,0.93,0.914
view1,2618,10,0,0.9286,0.9137
view1,2619,10,0,0.9373,0.9137
view1,2620,10,0,0.9356,0.9136
view1,2621,10,0,0.9209,0.9136
view1,2622,10,0,0.9312,0.9135
view1,2623,10,0,0.9236,0.9134
view1,2624,10,0,0.9276,0.9134
view1,2625,10,0,0.9245,0.9133
view1,2626,10,0,0.9179,0.913
view1,2627,10,0,0.9258,0.9129
view1,2628,10,0,0.931,0.9128
view1,2629,10,0,0.9312,0.9129
view1,2630,10,0,0.9266,0.9129
view1,2631,10,0,0.9394,0.913
view1,2632,10,0,0.9359,0.913
view1,2633,10,0,0.935,0.913
view1,2634,10,0,0.9366,0.913
view1,2635,10,0,0.9324,0.913
view1,2636,10,0,0.93,0.9129
view1,2637,10,0,0.9312,0.9128
view1,2638,10,0,0.9295,0.9127
view1,2639,10,0,0.9455,0.9127
view1,2640,10,0,0.9376,0.9127
view1,2641,10,0,0.9336,0.9126
view1,2642,10,0,0.9284,0.9123
view1,2643,10,0,0.9284,0.9122
view1,2644,10,0,0.9227,0.912
view1,2645,10,0,0.9129,0.9116
view1,2646,10,0,0.9187,0.9113
view1,2647,10,0,0.9112,0.9109
view1,2648,10,0,0.9192,0.9107
view1,2649,10,0,0.9263,0.9104
view1,2650,10,0,0.9246,0.9103
view1,2651,10,0,0.918,0.91
view1,2652,10,0,0.9213,0.9097
view1,2653,10,0,0.9189,0.9094
view1,2654,10,0,0.9242,0.9092
view1,2655,10,0,0.9251,0.909
view1,2656,10,0,0.924,0.9086
view1,2657,10,0,0.9265,0.9083
view1,2658,10,0,0.9221,0.908
view1,2659,10,0,0.9247,0.9079
view1,2660,10,0,0.9305,0.9077
view1,2661,10,0,0.9256,0.9074
view1,2662,10,0,0.9333,0.9074
view1,2663,10,0,0.9336,0.9073
view1,2664,10,0,0.9364,0.9072
view1,2665,10,0,0.9371,0.9071
view1,2666,10,0,0.9359,0.9069
view1,2667,10,0,0.9292,0.9068
view1,2668,10,0,0.9385,0.9067
view1,2669,10,0,0.9345,0.9065
view1,2670,10,0,0.9418,0.9064
view1,2671,10,0,0.9305,0.9062
view1,2672,10,0,0.9453,0.9062
view1,2673,10,0,0.9428,0.9062
view1,2674,10,0,0.9442,0.906
view1,2675,10,0,0.9341,0.9059
view1,2676,10,0,0.9255,0.9058
view1,2677,10,0,0.9204,0.9056
view1,2678,10,0,0.9281,0.9055
view1,2679,10,0,0.9283,0.9054
view1,2680,10,0,0.9299,0.9053
view1,2681,10,0,0.9292,0.9053
view1,2682,10,0,0.9361,0.9053
view1,2683,10,0,0.9212,0.9053
view1,2684,10,0,0.9138,0.9051
view1,2685,10,0,0.9148,0.905
view1,2686,10,0,0.9267,0.9049
view1,2687,10,0,0.9158,0.9048
view1,2688,10,0,0.9194,0.9048
view1,2689,10,0,0.9171,0.9047
view1,2690,10,0,0.9169,0.9046
view1,2691,10,0,0.9184,0.9045
view1,2692,10,0,0.9165,0.9044
view1,2693,10,0,0.9249,0.9044
view1,2694,10,0,0.9325,0.9044
view1,2695,10,0,0.9155,0.9042
view1,2696,10,0,0.9171,0.9042
view1,2697,10,0,0.9247,0.9042
view1,2698,10,0,0.9166,0.9041
view1,2699,10,0,0.9221,0.904
view1,2700,10,0,0.9208,0.9039
view1,2701,10,0,0.9156,0.9037
view1,2702,10,0,0.9216,0.9035
view1,2703,10,0,0.9296,0.9034
view1,2704,10,0,0.9231,0.9032
view1,2705,10,0,0.9264,0.9031
view1,2706,10,0,0.9218,0.903
view1,2707,10,0,0.9242,0.9029
view1,2708,10,0,0.9292,0.9029
view1,2709,10,0,0.9276,0.9027
view1,2710,10,0,0.9282,0.9027
view1,2711,10,0,0.9203,0.9026
view1,2712,10,0,0.9217,0.9026
view1,2713,10,0,0.9159,0.9025
view1,2714,10,0,0.9161,0.9024
view1,2715,10,0,0.9162,0.9022
view1,2716,10,0,0.9233,0.9021
view1,2717,10,0,0.9145,0.9019
view1,2718,10,0,0.9246,0.9019
view1,2719,10,0,0.9269,0.9018
view1,2720,10,0,0.9307,0.9018
view1,2721,10,0,0.927,0.9018
view1,2722,10,0,0.9182,0.9018
view1,2723,10,0,0.9285,0.9018
view1,2724,10,0,0.9313,0.9018
view1,2725,10,0,0.9218,0.9018
view1,2726,10,0,0.9179,0.9018
view1,2727,10,0,0.9302,0.9018
view1,2728,10,0,0.9232,0.9018
view1,2729,10,0,0.9369,0.9019
view1,2730,10,0,0.931,0.9019
view1,2731,10,0,0.9363,0.902
view1,2732,10,0,0.9238,0.9021
view1,2733,10,0,0.9108,0.902
view1,2734,10,0,0.921,0.902
view1,2735,10,0,0.9228,0.902
view1,2736,10,0,0.919,0.902
view1,2737,10,0,0.9214,0.9019
view1,2738,10,0,0.9178,0.9019
view1,2739,10,0,0.9266,0.902
view1,2740,10,0,0.9217,0.9019
view1,2741,10,0,0.9248,0.902
view1,2742,10,0,0.9159,0.902
view1,2743,10,0,0.9126,0.9018
view1,2744,10,0,0.9133,0.9018
view1,2745,10,0,0.9301,0.9018
view1,2746,10,0,0.9249,0.9017
view1,2747,10,0,0.9287,0.9017
view1,2748,10,0,0.9218,0.9016
view1,2749,10,0,0.9172,0.9014
view1,2750,11,1,0.0,0.85
view1,2751,11,0,0.9833,0.85
view1,2752,11,0,0.9742,0.9742
view1,2753,11,1,0.964,0.9659
view1,2754,11,0,0.9801,0.9658
view1,2755,11,0,0.9714,0.9604
view1,2756,11,0,0.9606,0.9567
view1,2757,11,0,0.9668,0.9548
view1,2758,11,0,0.958,0.9516
view1,2759,11,0,0.9576,0.9484
view1,2760,11,0,0.9467,0.9423
view1,2761,11,0,0.9465,0.9365
view1,2762,11,0,0.931,0.9304
view1,2763,11,0,0.9426,0.9281
view1,2764,11,0,0.925,0.9236
view1,2765,11,0,0.9312,0.921
view1,2766,11,0,0.9361,0.9196
view1,2767,11,0,0.9404,0.9183
view1,2768,11,0,0.9223,0.9152
view1,2769,11,0,0.9417,0.9145
view1,2770,11,0,0.9408,0.9136
view1,2771,11,0,0.939,0.9123
view1,2772,11,0,0.944,0.9115
view1,2773,11,0,0.9381,0.9105
view1,2774,11,0,0.9246,0.9086
view1,2775,11,0,0.9347,0.9083
view1,2776,11,0,0.9275,0.9077
view1,2777,11,0,0.9295,0.9075
view1,2778,11,0,0.9177,0.9067
view1,2779,11,0,0.9167,0.9055
view1,2780,11,0,0.917,0.9047
view1,2781,11,0,0.9175,0.9039
view1,2782,11,1,0.9002,0.9018
view1,2783,11,0,0.9894,0.9009
view1,2784,11,0,0.9799,0.8983
view1,2785,11,0,0.9793,0.8969
view1,2786,11,0,0.9773,0.8953
view1,2787,11,0,0.9752,0.8944
view1,2788,11,0,0.968,0.8944
view1,2789,11,0,0.9601,0.8942
view1,2790,11,0,0.9622,0.8944
view1,2791,11,0,0.9646,0.8936
view1,2792,11,0,0.9577,0.8919
view1,2793,11,0,0.9577,0.8906
view1,2794,11,0,0.9583,0.8904
view1,2795,11,0,0.9569,0.8895
view1,2796,11,0,0.9486,0.8885
view1,2797,11,0,0.9488,0.8876
view1,2798,11,0,0.947,0.8865
view1,2799,11,0,0.9389,0.8851
view1,2800,11,0,0.9476,0.8846
view1,2801,11,0,0.9304,0.8839
view1,2802,11,0,0.9313,0.8839
view1,2803,11,0,0.9361,0.8831
view1,2804,11,0,0.9364,0.8826
view1,2805,11,0,0.9193,0.8822
view1,2806,11,0,0.9139,0.8813
view1,2807,11,0,0.9281,0.8807
view1,2808,11,0,0.9111,0.8793
view1,2809,11,0,0.9059,0.8786
view1,2810,11,0,0.931,0.8778
view1,2811,11,0,0.939,0.8775
view1,2812,11,0,0.9336,0.8769
view1,2813,11,0,0.9434,0.8768
view1,2814,11,0,0.9398,0.8766
view1,2815,11,0,0.926,0.8761
view1,2816,11,0,0.922,0.8752
view1,2817,11,0,0.9316,0.8746
view1,2818,11,0,0.9252,0.8741
view1,2819,11,0,0.9192,0.8739
view1,2820,11,0,0.9317,0.8733
view1,2821,11,0,0.9181,0.8725
view1,2822,11,0,0.8974,0.871
view1,2823,11,0,0.8944,0.87
view1,2824,11,0,0.8725,0.868
view1,2825,11,0,0.8922,0.8667
view1,2826,11,0,0.9091,0.8661
view1,2827,11,0,0.9075,0.8655
view1,2828,11,0,0.907,0.865
view1,2829,11,0,0.8846,0.8639
view1,2830,11,0,0.8934,0.8631
view1,2831,11,0,0.8733,0.8619
view1,2832,11,0,0.8957,0.8615
view1,2833,11,0,0.9065,0.8616
view1,2834,11,0,0.9182,0.8613
view1,2835,11,0,0.9135,0.8612
view1,2836,11,0,0.9322,0.8611
view1,2837,11,0,0.938,0.8611
view1,2838,11,0,0.9204,0.8607
view1,2839,11,0,0.9406,0.8609
view1,2840,11,0,0.9474,0.861
view1,2841,11,0,0.9441,0.8611
view1,2842,11,0,0.9428,0.8613
view1,2843,11,0,0.9418,0.8614
view1,2844,11,0,0.9191,0.8615
view1,2845,11,0,0.9265,0.8616
view1,2846,11,0,0.9148,0.8616
view1,2847,11,0,0.9198,0.8616
view1,2848,11,0,0.9346,0.8617
view1,2849,11,0,0.9334,0.8617
view1,2850,11,0,0.9423,0.8618
view1,2851,11,0,0.9619,0.8617
view1,2852,11,0,0.9402,0.8619
view1,2853,11,0,0.9506,0.862
view1,2854,11,0,0.942,0.8621
view1,2855,11,0,0.9425,0.8622
view1,2856,11,0,0.9524,0.8623
view1,2857,11,0,0.9519,0.8624
view1,2858,11,0,0.9519,0.8625
view1,2859,11,0,0.9497,0.8628
view1,2860,11,0,0.9436,0.863
view1,2861,11,0,0.9507,0.8632
view1,2862,11,0,0.9335,0.8632
view1,2863,11,0,0.9448,0.8635
view1,2864,11,0,0.9411,0.8634
view1,2865,11,0,0.948,0.8635
view1,2866,11,0,0.9298,0.8635
view1,2867,11,0,0.9406,0.8636
view1,2868,11,0,0.9459,0.8638
view1,2869,11,0,0.9463,0.864
view1,2870,11,0,0.9351,0.864
view1,2871,11,0,0.9481,0.8641
view1,2872,11,0,0.9316,0.8643
view1,2873,11,0,0.93,0.8643
view1,2874,11,0,0.939,0.8645
view1,2875,11,0,0.9439,0.8647
view1,2876,11,0,0.943,0.8649
view1,2877,11,0,0.9388,0.8651
view1,2878,11,0,0.9419,0.8653
view1,2879,11,0,0.9396,0.8655
view1,2880,11,0,0.9347,0.8658
view1,2881,11,0,0.9293,0.866
view1,2882,11,0,0.916,0.8662
view1,2883,11,0,0.9149,0.8664
view1,2884,11,0,0.9229,0.8666
view1,2885,11,0,0.9142,0.8668
view1,2886,11,0,0.9216,0.8669
view1,2887,11,0,0.9252,0.8672
view1,2888,11,0,0.915,0.8674
view1,2889,11,0,0.9306,0.8676
view1,2890,11,0,0.9101,0.8677
view1,2891,11,0,0.9249,0.8679
view1,2892,11,0,0.9309,0.8681
view1,2893,11,0,0.9303,0.8683
view1,2894,11,0,0.9174,0.8685
view1,2895,11,0,0.9288,0.8687
view1,2896,11,0,0.9371,0.8689
view1,2897,11,0,0.9236,0.8691
view1,2898,11,0,0.9296,0.8693
view1,2899,11,0,0.9254,0.8695
view1,2900,11,0,0.9242,0.8697
view1,2901,11,0,0.9195,0.8699
view1,2902,11,0,0.9138,0.87
view1,2903,11,0,0.9184,0.8701
view1,2904,11,0,0.9193,0.8702
view1,2905,11,0,0.9304,0.8704
view1,2906,11,0,0.9229,0.8705
view1,2907,11,0,0.9144,0.8706
view1,2908,11,0,0.914,0.8707
view1,2909,11,0,0.9208,0.8708
view1,2910,11,0,0.9193,0.871
view1,2911,11,0,0.9282,0.8712
view1,2912,11,0,0.9247,0.8713
view1,2913,11,0,0.9373,0.8714
view1,2914,11,0,0.9432,0.8715
view1,2915,11,0,0.9435,0.8716
view1,2916,11,0,0.9508,0.8716
view1,2917,11,0,0.9347,0.8717
view1,2918,11,0,0.9382,0.8718
view1,2919,11,0,0.9383,0.8719
view1,2920,11,0,0.9363,0.8721
view1,2921,11,1,0.8652,0.8712
view1,2922,11,0,0.9705,0.8713
view1,2923,11,0,0.9619,0.8715
view1,2924,11,0,0.959,0.8717
view1,2925,11,0,0.9532,0.8702
view1,2926,11,0,0.9549,0.8691
view1,2927,11,0,0.9497,0.8674
view1,2928,11,0,0.9488,0.8665
view1,2929,11,0,0.9453,0.8667
view1,2930,11,0,0.9112,0.8668
view1,2931,11,0,0.9169,0.867
view1,2932,11,0,0.93,0.8671
view1,2933,11,0,0.9195,0.8671
view1,2934,11,0,0.9204,0.8673
view1,2935,11,0,0.9265,0.8675
view1,2936,11,0,0.925,0.8676
view1,2937,11,0,0.9291,0.8663
view1,2938,11,0,0.9249,0.8664
view1,2939,11,0,0.9323,0.8665
view1,2940,11,0,0.9361,0.8666
view1,2941,11,0,0.9169,0.8666
view1,2942,11,0,0.9308,0.8668
view1,2943,11,0,0.9337,0.8669
view1,2944,11,0,0.9463,0.867
view1,2945,11,0,0.9369,0.8668
view1,2946,11,0,0.9459,0.8668
view1,2947,11,0,0.9461,0.8668
view1,2948,11,0,0.9405,0.8665
view1,2949,11,0,0.9415,0.8663
view1,2950,11,0,0.9517,0.8663
view1,2951,11,0,0.9515,0.8662
view1,2952,11,0,0.9558,0.8662
view1,2953,11,0,0.9555,0.8661
view1,2954,11,0,0.9513,0.8662
view1,2955,11,0,0.936,0.8661
view1,2956,11,0,0.942,0.8659
view1,2957,11,0,0.9355,0.8656
view1,2958,11,0,0.937,0.8654
view1,2959,11,0,0.9299,0.8653
view1,2960,11,0,0.9256,0.865
view1,2961,11,0,0.918,0.8648
view1,2962,11,0,0.9125,0.8644
view1,2963,11,0,0.9344,0.8642
view1,2964,11,0,0.9341,0.864
view1,2965,11,0,0.92,0.8637
view1,2966,11,0,0.9365,0.8636
view1,2967,11,0,0.9317,0.8633
view1,2968,11,0,0.9337,0.8631
view1,2969,11,0,0.9419,0.863
view1,2970,11,0,0.9238,0.8628
view1,2971,11,0,0.929,0.8628
view1,2972,11,0,0.9207,0.8627
view1,2973,11,0,0.9312,0.8625
view1,2974,11,0,0.9309,0.8624
view1,2975,11,0,0.9186,0.8622
view1,2976,11,0,0.9311,0.8621
view1,2977,11,0,0.9267,0.862
view1,2978,11,0,0.9194,0.8619
view1,2979,11,0,0.9278,0.8619
view1,2980,11,0,0.9218,0.8618
view1,2981,11,0,0.9215,0.8618
view1,2982,11,0,0.9037,0.8616
view1,2983,11,0,0.9092,0.8616
view1,2984,11,0,0.9142,0.8616
view1,2985,11,0,0.9007,0.8615
view1,2986,11,0,0.915,0.8615
view1,2987,11,0,0.9057,0.8613
view1,2988,11,0,0.908,0.8613
view1,2989,11,0,0.9208,0.8613
view1,2990,11,0,0.9172,0.8612
view1,2991,11,0,0.9115,0.8611
view1,2992,11,0,0.9127,0.8608
view1,2993,11,0,0.9174,0.8606
view1,2994,11,0,0.911,0.8605
view1,2995,11,0,0.9086,0.8603
view1,2996,11,0,0.9204,0.8602
view1,2997,11,0,0.9294,0.8602
view1,2998,11,0,0.9148,0.8601
view1,2999,11,0,0.9169,0.8601
view1,3000,12,1,0.0,0.85
view1,3001,12,0,0.9814,0.85
view1,3002,12,0,0.984,0.9814
view1,3003,12,1,0.9772,0.9781
view1,3004,12,0,0.9841,0.9742
view1,3005,12,0,0.9791,0.9691
view1,3006,12,0,0.9746,0.9675
view1,3007,12,0,0.968,0.9658
view1,3008,12,0,0.9723,0.9658
view1,3009,12,0,0.9665,0.9635
view1,3010,12,0,0.9696,0.9631
view1,3011,12,0,0.9685,0.9625
view1,3012,12,0,0.9668,0.9619
view1,3013,12,1,0.9556,0.9584
view1,3014,12,0,0.9855,0.9559
view1,3015,12,0,0.9792,0.9561
view1,3016,12,0,0.9779,0.9562
view1,3017,12,0,0.9794,0.9563
view1,3018,12,0,0.9741,0.9558
view1,3019,12,0,0.9681,0.956
view1,3020,12,0,0.9675,0.956
view1,3021,12,0,0.9628,0.9554
view1,3022,12,0,0.9659,0.9551
view1,3023,12,0,0.9665,0.955
view1,3024,12,0,0.9696,0.9549
view1,3025,12,0,0.9623,0.9543
view1,3026,12,0,0.9544,0.9533
view1,3027,12,0,0.952,0.9518
view1,3028,12,1,0.9485,0.9503
view1,3029,12,0,0.9921,0.9473
view1,3030,12,0,0.9897,0.9453
view1,3031,12,0,0.9814,0.9446
view1,3032,12,0,0.9798,0.9436
view1,3033,12,0,0.9801,0.9426
view1,3034,12,0,0.9744,0.9416
view1,3035,12,0,0.9743,0.9409
view1,3036,12,0,0.9672,0.9405
view1,3037,12,0,0.9743,0.9403
view1,3038,12,0,0.973,0.9399
view1,3039,12,0,0.9717,0.9393
view1,3040,12,0,0.9778,0.9386
view1,3041,12,0,0.9779,0.938
view1,3042,12,0,0.9686,0.9379
view1,3043,12,0,0.9713,0.9379
view1,3044,12,0,0.9728,0.9375
view1,3045,12,0,0.9676,0.9374
view1,3046,12,0,0.9709,0.9375
view1,3047,12,0,0.9651,0.9374
view1,3048,12,0,0.9613,0.937
view1,3049,12,0,0.9693,0.9364
view1,3050,12,0,0.9637,0.9361
view1,3051,12,0,0.9665,0.9361
view1,3052,12,0,0.9648,0.9362
view1,3053,12,0,0.9651,0.9357
view1,3054,12,0,0.9656,0.9355
view1,3055,12,0,0.9687,0.9356
view1,3056,12,0,0.9581,0.9358
view1,3057,12,0,0.9558,0.9358
view1,3058,12,0,0.9514,0.9358
view1,3059,12,0,0.9492,0.9358
view1,3060,12,0,0.95,0.9357
view1,3061,12,0,0.9545,0.9356
view1,3062,12,0,0.9558,0.9356
view1,3063,12,0,0.9541,0.9356
view1,3064,12,0,0.9536,0.9356
view1,3065,12,0,0.9484,0.9356
view1,3066,12,0,0.9421,0.935
view1,3067,12,1,0.9343,0.9344
view1,3068,12,0,0.9859,0.9342
view1,3069,12,0,0.983,0.9338
view1,3070,12,0,0.9724,0.9336
view1,3071,12,0,0.9611,0.9335
view1,3072,12,0,0.9422,0.933
view1,3073,12,0,0.954,0.9327
view1,3074,12,0,0.9616,0.9323
view1,3075,12,0,0.9545,0.9321
view1,3076,12,0,0.9463,0.932
view1,3077,12,0,0.9427,0.9317
view1,3078,12,0,0.9396,0.9312
view1,3079,12,0,0.9447,0.9309
view1,3080,12,0,0.935,0.9304
view1,3081,12,0,0.942,0.9302
view1,3082,12,0,0.9375,0.9299
view1,3083,12,0,0.9324,0.9294
view1,3084,12,0,0.9386,0.929
view1,3085,12,0,0.9458,0.9287
view1,3086,12,0,0.9346,0.9285
view1,3087,12,0,0.952,0.9284
view1,3088,12,0,0.9457,0.9281
view1,3089,12,0,0.9462,0.928
view1,3090,12,0,0.9493,0.9278
view1,3091,12,0,0.9572,0.9278
view1,3092,12,0,0.9508,0.9276
view1,3093,12,0,0.9424,0.9275
view1,3094,12,0,0.9408,0.9273
view1,3095,12,0,0.9451,0.9273
view1,3096,12,0,0.9489,0.9273
view1,3097,12,0,0.9383,0.9272
view1,3098,12,0,0.9466,0.9272
view1,3099,12,0,0.9337,0.927
view1,3100,12,0,0.9509,0.9271
view1,3101,12,0,0.948,0.9271
view1,3102,12,0,0.9586,0.9273
view1,3103,12,0,0.953,0.9271
view1,3104,12,0,0.9561,0.9271
view1,3105,12,0,0.9544,0.9271
view1,3106,12,0,0.957,0.9271
view1,3107,12,0,0.9446,0.9269
view1,3108,12,0,0.9276,0.9264
view1,3109,12,0,0.9419,0.9262
view1,3110,12,0,0.9323,0.926
view1,3111,12,0,0.9286,0.9258
view1,3112,12,1,0.9189,0.9254
view1,3113,12,0,0.9818,0.9251
view1,3114,12,0,0.971,0.9251
view1,3115,12,0,0.9687,0.9249
view1,3116,12,0,0.9526,0.9248
view1,3117,12,0,0.9507,0.9245
view1,3118,12,0,0.9447,0.9242
view1,3119,12,0,0.9511,0.924
view1,3120,12,0,0.9522,0.924
view1,3121,12,0,0.9516,0.924
view1,3122,12,0,0.9399,0.9237
view1,3123,12,0,0.948,0.9237
view1,3124,12,0,0.9396,0.9235
view1,3125,12,0,0.9438,0.9234
view1,3126,12,0,0.9401,0.923
view1,3127,12,0,0.9399,0.9227
view1,3128,12,0,0.9386,0.9225
view1,3129,12,0,0.9432,0.9225
view1,3130,12,0,0.9398,0.9222
view1,3131,12,0,0.9314,0.9218
view1,3132,12,0,0.9462,0.9216
view1,3133,12,0,0.9417,0.9214
view1,3134,12,0,0.9389,0.9213
view1,3135,12,0,0.937,0.9213
view1,3136,12,0,0.9364,0.9212
view1,3137,12,0,0.9302,0.921
view1,3138,12,0,0.9271,0.9206
view1,3139,12,0,0.9344,0.9203
view1,3140,12,0,0.9305,0.9202
view1,3141,12,0,0.9295,0.92
view1,3142,12,0,0.9235,0.9198
view1,3143,12,0,0.9264,0.9195
view1,3144,12,1,0.9155,0.9189
view1,3145,12,0,0.9739,0.9182
view1,3146,12,0,0.9664,0.9173
view1,3147,12,0,0.9595,0.9164
view1,3148,12,0,0.9584,0.9158
view1,3149,12,0,0.9582,0.9152
view1,3150,12,0,0.953,0.9147
view1,3151,12,0,0.9564,0.9141
view1,3152,12,0,0.947,0.9135
view1,3153,12,0,0.9458,0.913
view1,3154,12,0,0.9491,0.9129
view1,3155,12,0,0.9484,0.9124
view1,3156,12,0,0.9508,0.9122
view1,3157,12,0,0.9455,0.9119
view1,3158,12,0,0.9403,0.9115
view1,3159,12,0,0.9397,0.9112
view1,3160,12,0,0.945,0.9113
view1,3161,12,0,0.945,0.9113
view1,3162,12,0,0.945,0.9114
view1,3163,12,0,0.946,0.9115
view1,3164,12,0,0.9491,0.9116
view1,3165,12,0,0.9386,0.9117
view1,3166,12,0,0.9554,0.9118
view1,3167,12,0,0.9606,0.9119
view1,3168,12,0,0.9552,0.9121
view1,3169,12,0,0.9564,0.9122
view1,3170,12,0,0.9534,0.9124
view1,3171,12,0,0.9582,0.9125
view1,3172,12,0,0.9586,0.9127
view1,3173,12,0,0.9627,0.9128
view1,3174,12,0,0.9599,0.9129
view1,3175,12,0,0.957,0.913
view1,3176,12,0,0.9574,0.9131
view1,3177,12,0,0.9612,0.9132
view1,3178,12,0,0.9503,0.9132
view1,3179,12,0,0.9499,0.9133
view1,3180,12,0,0.9571,0.9134
view1,3181,12,0,0.9551,0.9134
view1,3182,12,0,0.9588,0.9135
view1,3183,12,0,0.954,0.9136
view1,3184,12,0,0.9481,0.9136
view1,3185,12,0,0.9367,0.9137
view1,3186,12,0,0.9426,0.9137
view1,3187,12,0,0.9345,0.9138
view1,3188,12,0,0.9419,0.9138
view1,3189,12,0,0.9372,0.9138
view1,3190,12,0,0.9333,0.9138
view1,3191,12,0,0.9372,0.9138
view1,3192,12,0,0.9327,0.9137
view1,3193,12,0,0.9509,0.9138
view1,3194,12,0,0.9431,0.9138
view1,3195,12,0,0.9516,0.9138
view1,3196,12,0,0.9411,0.9138
view1,3197,12,0,0.9462,0.9139
view1,3198,12,0,0.9374,0.9139
view1,3199,12,0,0.9448,0.914
view1,3200,12,0,0.9435,0.914
view1,3201,12,0,0.9403,0.9141
view1,3202,12,0,0.9424,0.9141
view1,3203,12,0,0.9465,0.9142
view1,3204,12,0,0.9467,0.9142
view1,3205,12,0,0.9513,0.9142
view1,3206,12,0,0.9424,0.9141
view1,3207,12,0,0.948,0.9141
view1,3208,12,0,0.9516,0.9142
view1,3209,12,0,0.9542,0.9142
view1,3210,12,0,0.946,0.9143
view1,3211,12,0,0.9455,0.9143
view1,3212,12,0,0.9486,0.9143
view1,3213,12,0,0.9508,0.9144
view1,3214,12,0,0.947,0.9144
view1,3215,12,0,0.939,0.9144
view1,3216,12,0,0.9413,0.9144
view1,3217,12,0,0.9461,0.9144
view1,3218,12,0,0.921,0.9143
view1,3219,12,0,0.9342,0.9143
view1,3220,12,0,0.9329,0.9142
view1,3221,12,0,0.9296,0.9141
view1,3222,12,0,0.9357,0.9141
view1,3223,12,0,0.9286,0.914
view1,3224,12,0,0.9294,0.914
view1,3225,12,0,0.9289,0.914
view1,3226,12,0,0.9357,0.914
view1,3227,12,0,0.9342,0.914
view1,3228,12,0,0.9249,0.9139
view1,3229,12,0,0.929,0.9139
view1,3230,12,0,0.929,0.9139
view1,3231,12,0,0.9304,0.9138
view1,3232,12,0,0.9332,0.9138
view1,3233,12,0,0.9345,0.9139
view1,3234,12,0,0.9303,0.9138
view1,3235,12,0,0.925,0.9137
view1,3236,12,0,0.9331,0.9137
view1,3237,12,0,0.933,0.9137
view1,3238,12,0,0.9409,0.9138
view1,3239,12,0,0.9375,0.9138
view1,3240,12,0,0.9382,0.9138
view1,3241,12,0,0.9241,0.9138
view1,3242,12,0,0.9394,0.9138
view1,3243,12,0,0.9447,0.9138
view1,3244,12,0,0.9405,0.9138
view1,3245,12,0,0.941,0.9138
view1,3246,12,0,0.9353,0.9139
view1,3247,12,0,0.9333,0.9138
view1,3248,12,0,0.9327,0.9138
view1,3249,12,0,0.9266,0.9137
view1,3250,13,1,0.0,0.85
view1,3251,13,0,0.9868,0.85
view1,3252,13,0,0.9888,0.9868
view1,3253,13,1,0.9851,0.9854
view1,3254,13,0,0.9898,0.9815
view1,3255,13,0,0.9878,0.9786
view1,3256,13,0,0.982,0.977
view1,3257,13,0,0.9786,0.9741
view1,3258,13,0,0.9755,0.9716
view1,3259,13,0,0.9742,0.9704
view1,3260,13,0,0.9722,0.9692
view1,3261,13,0,0.9725,0.9677
view1,3262,13,0,0.9665,0.9663
view1,3263,13,1,0.9647,0.9649
view1,3264,13,0,0.9857,0.9622
view1,3265,13,0,0.9831,0.9595
view1,3266,13,0,0.9814,0.9589
view1,3267,13,0,0.9749,0.9572
view1,3268,13,0,0.9727,0.9559
view1,3269,13,0,0.9702,0.9549
view1,3270,13,0,0.9662,0.9549
view1,3271,13,0,0.972,0.9552
view1,3272,13,0,0.977,0.9553
view1,3273,13,0,0.9693,0.9555
view1,3274,13,0,0.9728,0.956
view1,3275,13,0,0.9618,0.9557
view1,3276,13,0,0.9616,0.9554
view1,3277,13,0,0.9552,0.9546
view1,3278,13,1,0.9475,0.9531
view1,3279,13,0,0.985,0.953
view1,3280,13,0,0.9772,0.9529
view1,3281,13,0,0.9787,0.9527
view1,3282,13,0,0.9776,0.9524
view1,3283,13,0,0.9692,0.9516
view1,3284,13,0,0.9634,0.9511
view1,3285,13,0,0.9598,0.9509
view1,3286,13,0,0.9585,0.9506
view1,3287,13,0,0.9558,0.9502
view1,3288,13,0,0.9543,0.9495
view1,3289,13,1,0.9449,0.9482
view1,3290,13,0,0.9839,0.9476
view1,3291,13,0,0.9794,0.9473
view1,3292,13,0,0.98,0.9468
view1,3293,13,0,0.976,0.9464
view1,3294,13,0,0.9733,0.946
view1,3295,13,0,0.9734,0.9456
view1,3296,13,0,0.9635,0.9454
view1,3297,13,0,0.969,0.9455
view1,3298,13,0,0.9663,0.9454
view1,3299,13,0,0.9649,0.9453
view1,3300,13,0,0.9637,0.945
view1,3301,13,0,0.955,0.9448
view1,3302,13,0,0.9659,0.9447
view1,3303,13,0,0.9618,0.9443
view1,3304,13,0,0.9662,0.9443
view1,3305,13,0,0.965,0.944
view1,3306,13,0,0.9693,0.944
view1,3307,13,0,0.9639,0.9438
view1,3308,13,0,0.9618,0.9436
view1,3309,13,0,0.9609,0.943
view1,3310,13,0,0.9569,0.9425
view1,3311,13,0,0.9514,0.9419
view1,3312,13,0,0.9518,0.9409
view1,3313,13,1,0.9293,0.9393
view1,3314,13,0,0.9804,0.9388
view1,3315,13,0,0.9805,0.938
view1,3316,13,0,0.9748,0.9376
view1,3317,13,0,0.9618,0.9373
view1,3318,13,0,0.9611,0.9364
view1,3319,13,0,0.962,0.9358
view1,3320,13,0,0.9674,0.9353
view1,3321,13,0,0.9541,0.9341
view1,3322,13,0,0.9642,0.9332
view1,3323,13,0,0.9653,0.9327
view1,3324,13,0,0.9617,0.9322
view1,3325,13,0,0.962,0.9318
view1,3326,13,0,0.9519,0.931
view1,3327,13,0,0.944,0.93
view1,3328,13,0,0.9653,0.9296
view1,3329,13,0,0.9624,0.9295
view1,3330,13,0,0.96,0.9289
view1,3331,13,0,0.9606,0.9284
view1,3332,13,0,0.956,0.9277
view1,3333,13,0,0.9539,0.9272
view1,3334,13,0,0.9474,0.9264
view1,3335,13,0,0.9294,0.925
view1,3336,13,0,0.9314,0.9235
view1,3337,13,0,0.9302,0.9217
view1,3338,13,0,0.9347,0.9198
view1,3339,13,0,0.9378,0.9187
view1,3340,13,0,0.9274,0.9172
view1,3341,13,0,0.9323,0.9162
view1,3342,13,0,0.9312,0.915
view1,3343,13,0,0.9253,0.9137
view1,3344,13,0,0.9349,0.913
view1,3345,13,0,0.9465,0.9125
view1,3346,13,0,0.9155,0.9112
view1,3347,13,0,0.9138,0.9099
view1,3348,13,0,0.9244,0.9095
view1,3349,13,0,0.9298,0.9091
view1,3350,13,0,0.9184,0.9084
view1,3351,13,0,0.9285,0.908
view1,3352,13,0,0.9158,0.9072
view1,3353,13,0,0.9229,0.9066
view1,3354,13,0,0.928,0.9061
view1,3355,13,0,0.9299,0.9058
view1,3356,13,0,0.9422,0.9056
view1,3357,13,0,0.9307,0.9053
view1,3358,13,0,0.9272,0.9047
view1,3359,13,0,0.932,0.9044
view1,3360,13,0,0.9304,0.904
view1,3361,13,0,0.9258,0.9033
view1,3362,13,0,0.9235,0.9026
view1,3363,13,0,0.9293,0.9021
view1,3364,13,0,0.9147,0.9013
view1,3365,13,0,0.9383,0.901
view1,3366,13,0,0.9394,0.9006
view1,3367,13,0,0.9297,0.8999
view1,3368,13,0,0.9278,0.8992
view1,3369,13,0,0.9379,0.8989
view1,3370,13,0,0.9409,0.8987
view1,3371,13,0,0.9422,0.8988
view1,3372,13,0,0.9468,0.8988
view1,3373,13,0,0.961,0.8989
view1,3374,13,0,0.9571,0.8989
view1,3375,13,0,0.9526,0.899
view1,3376,13,0,0.9468,0.8992
view1,3377,13,0,0.9537,0.8992
view1,3378,13,0,0.9513,0.8992
view1,3379,13,0,0.9471,0.8991
view1,3380,13,0,0.9476,0.8992
view1,3381,13,0,0.95,0.8994
view1,3382,13,0,0.9567,0.8995
view1,3383,13,0,0.9441,0.8996
view1,3384,13,0,0.9454,0.8997
view1,3385,13,0,0.9482,0.8999
view1,3386,13,0,0.9426,0.9
view1,3387,13,0,0.9428,0.9001
view1,3388,13,0,0.9509,0.9002
view1,3389,13,0,0.9502,0.9004
view1,3390,13,0,0.9458,0.9005
view1,3391,13,0,0.9301,0.9005
view1,3392,13,0,0.9502,0.9007
view1,3393,13,0,0.9388,0.9008
view1,3394,13,0,0.9366,0.9009
view1,3395,13,0,0.9309,0.9009
view1,3396,13,0,0.9409,0.9011
view1,3397,13,0,0.9485,0.9012
view1,3398,13,0,0.9483,0.9013
view1,3399,13,0,0.9532,0.9015
view1,3400,13,0,0.9488,0.9016
view1,3401,13,0,0.9414,0.9017
view1,3402,13,0,0.9447,0.9019
view1,3403,13,0,0.9422,0.902
view1,3404,13,0,0.9424,0.9021
view1,3405,13,0,0.946,0.9022
view1,3406,13,0,0.9384,0.9023
view1,3407,13,0,0.9413,0.9024
view1,3408,13,0,0.9476,0.9026
view1,3409,13,0,0.9509,0.9027
view1,3410,13,0,0.9406,0.9028
view1,3411,13,0,0.9409,0.9029
view1,3412,13,0,0.9458,0.903
view1,3413,13,0,0.9537,0.9032
view1,3414,13,0,0.9411,0.9032
view1,3415,13,0,0.9493,0.9034
view1,3416,13,0,0.9325,0.9034
view1,3417,13,0,0.9389,0.9034
view1,3418,13,0,0.9378,0.9034
view1,3419,13,0,0.9484,0.9035
view1,3420,13,0,0.921,0.9034
view1,3421,13,0,0.9132,0.9031
view1,3422,13,0,0.9244,0.9031
view1,3423,13,0,0.9274,0.903
view1,3424,13,0,0.9343,0.903
view1,3425,13,0,0.9331,0.903
view1,3426,13,0,0.9395,0.9029
view1,3427,13,0,0.9341,0.9027
view1,3428,13,0,0.9204,0.9025
view1,3429,13,0,0.9334,0.9025
view1,3430,13,0,0.9349,0.9024
view1,3431,13,0,0.93,0.9024
view1,3432,13,0,0.936,0.9024
view1,3433,13,0,0.9333,0.9025
view1,3434,13,0,0.9318,0.9025
view1,3435,13,0,0.9371,0.9025
view1,3436,13,0,0.9274,0.9025
view1,3437,13,0,0.9258,0.9025
view1,3438,13,0,0.929,0.9025
view1,3439,13,0,0.9295,0.9025
view1,3440,13,0,0.9173,0.9025
view1,3441,13,0,0.9287,0.9025
view1,3442,13,0,0.924,0.9025
view1,3443,13,0,0.9353,0.9026
view1,3444,13,0,0.9312,0.9026
view1,3445,13,0,0.9362,0.9026
view1,3446,13,0,0.926,0.9026
view1,3447,13,0,0.9264,0.9026
view1,3448,13,0,0.9206,0.9025
view1,3449,13,0,0.9183,0.9024
view1,3450,13,0,0.9047,0.9021
view1,3451,13,0,0.9126,0.9019
view1,3452,13,0,0.9225,0.9019
view1,3453,13,0,0.9248,0.9019
view1,3454,13,0,0.9329,0.9019
view1,3455,13,0,0.9385,0.902
view1,3456,13,0,0.9166,0.9019
view1,3457,13,0,0.9104,0.9018
view1,3458,13,0,0.9184,0.9018
view1,3459,13,0,0.9083,0.9016
view1,3460,13,0,0.9161,0.9016
view1,3461,13,0,0.915,0.9015
view1,3462,13,0,0.91,0.9015
view1,3463,13,0,0.914,0.9014
view1,3464,13,0,0.9201,0.9013
view1,3465,13,0,0.9141,0.9012
view1,3466,13,0,0.932,0.9012
view1,3467,13,0,0.9365,0.9012
view1,3468,13,0,0.9355,0.9012
view1,3469,13,0,0.9342,0.9012
view1,3470,13,0,0.927,0.9012
view1,3471,13,0,0.9139,0.9011
view1,3472,13,0,0.9241,0.9011
view1,3473,13,0,0.9357,0.9011
view1,3474,13,0,0.9074,0.901
view1,3475,13,0,0.9163,0.901
view1,3476,13,0,0.9306,0.901
view1,3477,13,0,0.933,0.9011
view1,3478,13,0,0.9321,0.9011
view1,3479,13,0,0.9364,0.9011
view1,3480,13,0,0.9278,0.9011
view1,3481,13,0,0.9451,0.9012
view1,3482,13,0,0.9263,0.9011
view1,3483,13,0,0.9297,0.9011
view1,3484,13,0,0.9349,0.9011
view1,3485,13,0,0.9364,0.9011
view1,3486,13,0,0.9388,0.9011
view1,3487,13,0,0.9356,0.9012
view1,3488,13,0,0.9339,0.9012
view1,3489,13,0,0.9235,0.9012
view1,3490,13,0,0.9278,0.9012
view1,3491,13,0,0.9187,0.9012
view1,3492,13,0,0.9226,0.9011
view1,3493,13,0,0.9214,0.9011
view1,3494,13,0,0.9174,0.9011
view1,3495,13,0,0.9312,0.9011
view1,3496,13,0,0.93,0.9011
view1,3497,13,0,0.9412,0.9012
view1,3498,13,0,0.9311,0.9012
view1,3499,13,0,0.9357,0.9013
view1,3500,14,1,0.0,0.85
view1,3501,14,0,0.9842,0.85
view1,3502,14,0,0.9808,0.9808
view1,3503,14,0,0.9835,0.9813
view1,3504,14,1,0.9779,0.9791
view1,3505,14,0,0.9884,0.9793
view1,3506,14,0,0.987,0.9784
view1,3507,14,0,0.9833,0.9777
view1,3508,14,0,0.9782,0.9762
view1,3509,14,1,0.9727,0.9734
view1,3510,14,0,0.9896,0.9721
view1,3511,14,0,0.9829,0.9714
view1,3512,14,0,0.9801,0.9693
view1,3513,14,0,0.9727,0.967
view1,3514,14,0,0.9724,0.9657
view1,3515,14,0,0.9752,0.9643
view1,3516,14,0,0.9659,0.9629
view1,3517,14,0,0.9688,0.9619
view1,3518,14,0,0.9703,0.9614
view1,3519,14,0,0.9624,0.9607
view1,3520,14,0,0.9606,0.9593
view1,3521,14,0,0.965,0.9587
view1,3522,14,0,0.9664,0.9587
view1,3523,14,0,0.9627,0.9584
view1,3524,14,0,0.9636,0.9583
view1,3525,14,1,0.9559,0.9572
view1,3526,14,0,0.9856,0.9561
view1,3527,14,0,0.9747,0.9538
view1,3528,14,0,0.9727,0.9526
view1,3529,14,0,0.9787,0.9515
view1,3530,14,0,0.9766,0.951
view1,3531,14,0,0.968,0.9496
view1,3532,14,0,0.9642,0.949
view1,3533,14,0,0.9664,0.9481
view1,3534,14,0,0.9544,0.9465
view1,3535,14,0,0.9524,0.945
view1,3536,14,1,0.9417,0.9428
view1,3537,14,0,0.9862,0.9416
view1,3538,14,0,0.9791,0.941
view1,3539,14,0,0.9773,0.9397
view1,3540,14,0,0.9722,0.9389
view1,3541,14,0,0.9658,0.9389
view1,3542,14,0,0.9676,0.9384
view1,3543,14,0,0.9647,0.9384
view1,3544,14,0,0.9666,0.9383
view1,3545,14,0,0.973,0.938
view1,3546,14,0,0.9681,0.9374
view1,3547,14,0,0.9686,0.9373
view1,3548,14,0,0.96,0.9371
view1,3549,14,0,0.9639,0.937
view1,3550,14,0,0.9516,0.9364
view1,3551,14,0,0.9522,0.9349
view1,3552,14,0,0.9442,0.9332
view1,3553,14,0,0.9449,0.9312
view1,3554,14,0,0.9466,0.9292
view1,3555,14,0,0.9459,0.9282
view1,3556,14,0,0.9536,0.9281
view1,3557,14,0,0.9467,0.9275
view1,3558,14,0,0.9538,0.9275
view1,3559,14,0,0.9438,0.927
view1,3560,14,0,0.9413,0.9264
view1,3561,14,0,0.952,0.926
view1,3562,14,0,0.9422,0.9255
view1,3563,14,0,0.9366,0.9252
view1,3564,14,0,0.9518,0.9252
view1,3565,14,0,0.9497,0.925
view1,3566,14,0,0.9436,0.9249
view1,3567,14,0,0.9422,0.9249
view1,3568,14,0,0.9401,0.9247
view1,3569,14,0,0.9467,0.9246
view1,3570,14,0,0.9449,0.9244
view1,3571,14,0,0.948,0.9243
view1,3572,14,0,0.9453,0.9243
view1,3573,14,0,0.9434,0.9242
view1,3574,14,0,0.9433,0.9242
view1,3575,14,0,0.9364,0.924
view1,3576,14,0,0.9493,0.9241
view1,3577,14,0,0.9494,0.9242
view1,3578,14,0,0.9443,0.9241
view1,3579,14,0,0.9478,0.9239
view1,3580,14,0,0.9534,0.9238
view1,3581,14,0,0.9518,0.9239
view1,3582,14,0,0.9459,0.9238
view1,3583,14,0,0.9477,0.9237
view1,3584,14,0,0.9336,0.9233
view1,3585,14,0,0.9297,0.9228
view1,3586,14,0,0.9305,0.9224
view1,3587,14,0,0.9377,0.9222
view1,3588,14,0,0.9329,0.9219
view1,3589,14,0,0.9325,0.9217
view1,3590,14,0,0.94,0.9215
view1,3591,14,0,0.9422,0.9214
view1,3592,14,0,0.9464,0.9213
view1,3593,14,0,0.9538,0.9214
view1,3594,14,0,0.952,0.9214
view1,3595,14,0,0.9497,0.9215
view1,3596,14,0,0.9481,0.9215
view1,3597,14,0,0.947,0.9215
view1,3598,14,0,0.935,0.9212
view1,3599,14,0,0.9499,0.9213
view1,3600,14,0,0.9405,0.9212
view1,3601,14,0,0.9385,0.9211
view1,3602,14,0,0.9324,0.9209
view1,3603,14,0,0.9332,0.9207
view1,3604,14,0,0.9465,0.9206
view1,3605,14,0,0.9469,0.9206
view1,3606,14,0,0.9378,0.9203
view1,3607,14,0,0.9421,0.9201
view1,3608,14,0,0.9437,0.9199
view1,3609,14,0,0.9347,0.9196
view1,3610,14,0,0.9416,0.9194
view1,3611,14,0,0.9404,0.9193
view1,3612,14,0,0.9478,0.9193
view1,3613,14,0,0.9516,0.9193
view1,3614,14,0,0.9512,0.9194
view1,3615,14,0,0.9521,0.9194
view1,3616,14,0,0.9544,0.9195
view1,3617,14,0,0.9512,0.9196
view1,3618,14,0,0.9534,0.9197
view1,3619,14,0,0.945,0.9197
view1,3620,14,0,0.9374,0.9195
view1,3621,14,0,0.9503,0.9195
view1,3622,14,0,0.9272,0.9191
view1,3623,14,0,0.9475,0.919
view1,3624,14,0,0.9476,0.9188
view1,3625,14,0,0.9255,0.9182
view1,3626,14,0,0.9277,0.9178
view1,3627,14,0,0.9258,0.9174
view1,3628,14,0,0.9425,0.9173
view1,3629,14,0,0.94,0.9172
view1,3630,14,0,0.9291,0.917
view1,3631,14,0,0.9386,0.9169
view1,3632,14,0,0.9278,0.9167
view1,3633,14,0,0.9462,0.9168
view1,3634,14,0,0.9428,0.9167
view1,3635,14,0,0.9394,0.9166
view1,3636,14,0,0.9305,0.9164
view1,3637,14,0,0.9165,0.916
view1,3638,14,0,0.9436,0.916
view1,3639,14,0,0.942,0.9159
view1,3640,14,0,0.9334,0.9158
view1,3641,14,0,0.9349,0.9157
view1,3642,14,0,0.9307,0.9156
view1,3643,14,0,0.9359,0.9155
view1,3644,14,0,0.9228,0.9153
view1,3645,14,0,0.9239,0.9151
view1,3646,14,1,0.9141,0.9147
view1,3647,14,0,0.974,0.9145
view1,3648,14,0,0.9633,0.9144
view1,3649,14,0,0.9696,0.9143
view1,3650,14,0,0.9447,0.9143
view1,3651,14,0,0.9439,0.9142
view1,3652,14,0,0.9414,0.9142
view1,3653,14,0,0.9584,0.9143
view1,3654,14,0,0.9512,0.9144
view1,3655,14,0,0.9233,0.9126
view1,3656,14,0,0.9447,0.9126
view1,3657,14,0,0.9404,0.9126
view1,3658,14,0,0.9434,0.9127
view1,3659,14,0,0.9466,0.9125
view1,3660,14,0,0.9444,0.9125
view1,3661,14,0,0.9424,0.9124
view1,3662,14,0,0.9521,0.9125
view1,3663,14,0,0.9492,0.9125
view1,3664,14,0,0.934,0.9124
view1,3665,14,0,0.9505,0.9124
view1,3666,14,0,0.9449,0.9124
view1,3667,14,0,0.9514,0.9125
view1,3668,14,0,0.9571,0.9126
view1,3669,14,0,0.9584,0.9127
view1,3670,14,0,0.9501,0.9127
view1,3671,14,0,0.9577,0.9127
view1,3672,14,0,0.9532,0.9127
view1,3673,14,0,0.9525,0.9127
view1,3674,14,0,0.9497,0.9126
view1,3675,14,0,0.9509,0.9125
view1,3676,14,0,0.9602,0.9124
view1,3677,14,0,0.9563,0.9124
view1,3678,14,0,0.9571,0.9123
view1,3679,14,0,0.9641,0.9122
view1,3680,14,0,0.9619,0.9121
view1,3681,14,0,0.954,0.9119
view1,3682,14,0,0.9345,0.9115
view1,3683,14,0,0.9387,0.9112
view1,3684,14,0,0.9378,0.9109
view1,3685,14,0,0.9362,0.9106
view1,3686,14,0,0.9354,0.9103
view1,3687,14,0,0.934,0.9099
view1,3688,14,0,0.9379,0.9094
view1,3689,14,0,0.9486,0.9093
view1,3690,14,0,0.9481,0.909
view1,3691,14,0,0.9299,0.9084
view1,3692,14,0,0.9424,0.9082
view1,3693,14,0,0.9375,0.9078
view1,3694,14,0,0.9356,0.9073
view1,3695,14,0,0.9361,0.9069
view1,3696,14,0,0.9425,0.9066
view1,3697,14,0,0.9446,0.9063
view1,3698,14,0,0.9459,0.906
view1,3699,14,0,0.9413,0.9056
view1,3700,14,0,0.9429,0.9053
view1,3701,14,0,0.9378,0.905
view1,3702,14,0,0.9308,0.9045
view1,3703,14,0,0.943,0.9043
view1,3704,14,0,0.9345,0.9039
view1,3705,14,0,0.9332,0.9035
view1,3706,14,0,0.9439,0.9033
view1,3707,14,0,0.9507,0.9032
view1,3708,14,0,0.9419,0.9028
view1,3709,14,0,0.9489,0.9027
view1,3710,14,0,0.9377,0.9024
view1,3711,14,0,0.9514,0.9023
view1,3712,14,0,0.9482,0.9021
view1,3713,14,0,0.9511,0.902
view1,3714,14,0,0.9372,0.9018
view1,3715,14,0,0.9528,0.9017
view1,3716,14,0,0.9455,0.9015
view1,3717,14,0,0.9409,0.9012
view1,3718,14,0,0.9372,0.901
view1,3719,14,0,0.9506,0.9009
view1,3720,14,0,0.9563,0.9009
view1,3721,14,0,0.9506,0.9008
view1,3722,14,0,0.946,0.9007
view1,3723,14,0,0.9548,0.9006
view1,3724,14,0,0.9463,0.9005
view1,3725,14,0,0.9475,0.9004
view1,3726,14,0,0.9398,0.9002
view1,3727,14,0,0.9472,0.9001
view1,3728,14,0,0.9477,0.9
view1,3729,14,0,0.9391,0.8999
view1,3730,14,0,0.9489,0.8998
view1,3731,14,0,0.9467,0.8998
view1,3732,14,0,0.9456,0.8998
view1,3733,14,0,0.9445,0.8998
view1,3734,14,0,0.9302,0.8997
view1,3735,14,0,0.9336,0.8996
view1,3736,14,0,0.9455,0.8996
view1,3737,14,0,0.9558,0.8996
view1,3738,14,0,0.9521,0.8996
view1,3739,14,0,0.9474,0.8995
view1,3740,14,0,0.9507,0.8995
view1,3741,14,0,0.9571,0.8995
view1,3742,14,0,0.9569,0.8995
view1,3743,14,0,0.949,0.8996
view1,3744,14,0,0.9496,0.8995
view1,3745,14,0,0.9488,0.8995
view1,3746,14,0,0.9386,0.8994
view1,3747,14,0,0.9335,0.8993
view1,3748,14,0,0.9369,0.8992
view1,3749,14,0,0.9492,0.8991
view1,3750,15,1,0.0,0.85
view1,3751,15,0,0.9824,0.85
view1,3752,15,0,0.9819,0.9819
view1,3753,15,1,0.975,0.9764
view1,3754,15,0,0.9822,0.97
view1,3755,15,0,0.9826,0.9694
view1,3756,15,0,0.9782,0.967
view1,3757,15,0,0.9722,0.9627
view1,3758,15,0,0.9671,0.9594
view1,3759,15,0,0.975,0.9593
view1,3760,15,0,0.9714,0.9586
view1,3761,15,0,0.9628,0.9561
view1,3762,15,0,0.9612,0.954
view1,3763,15,0,0.9577,0.9522
view1,3764,15,0,0.9552,0.9504
view1,3765,15,0,0.9543,0.9489
view1,3766,15,1,0.9421,0.9463
view1,3767,15,0,0.9878,0.9451
view1,3768,15,0,0.9819,0.9444
view1,3769,15,0,0.9631,0.9437
view1,3770,15,0,0.9589,0.9429
view1,3771,15,1,0.9374,0.9399
view1,3772,15,0,0.9885,0.9351
view1,3773,15,0,0.9824,0.9317
view1,3774,15,0,0.9653,0.929
view1,3775,15,0,0.9691,0.9267
view1,3776,15,0,0.9683,0.9252
view1,3777,15,0,0.9703,0.9235
view1,3778,15,0,0.9697,0.9224
view1,3779,15,0,0.9722,0.9216
view1,3780,15,0,0.9687,0.9211
view1,3781,15,0,0.9727,0.9206
view1,3782,15,0,0.9728,0.9204
view1,3783,15,0,0.9656,0.9205
view1,3784,15,0,0.9625,0.9209
view1,3785,15,0,0.9585,0.9213
view1,3786,15,0,0.9545,0.9215
view1,3787,15,0,0.954,0.9215
view1,3788,15,0,0.9498,0.9219
view1,3789,15,0,0.9527,0.922
view1,3790,15,0,0.9378,0.9219
view1,3791,15,0,0.9556,0.922
view1,3792,15,0,0.9551,0.922
view1,3793,15,0,0.9542,0.9219
view1,3794,15,0,0.951,0.9217
view1,3795,15,0,0.9431,0.9217
view1,3796,15,0,0.9521,0.9217
view1,3797,15,0,0.9542,0.9217
view1,3798,15,0,0.9434,0.9214
view1,3799,15,0,0.9499,0.9215
view1,3800,15,0,0.9431,0.9214
view1,3801,15,0,0.9418,0.9212
view1,3802,15,0,0.9334,0.9206
view1,3803,15,0,0.9324,0.9197
view1,3804,15,0,0.9368,0.9192
view1,3805,15,0,0.9247,0.9179
view1,3806,15,0,0.9363,0.9169
view1,3807,15,0,0.9262,0.916
view1,3808,15,0,0.9387,0.9155
view1,3809,15,0,0.9251,0.9145
view1,3810,15,0,0.9204,0.9135
view1,3811,15,0,0.917,0.9123
view1,3812,15,0,0.9199,0.9115
view1,3813,15,1,0.9054,0.9099
view1,3814,15,0,0.9667,0.9097
view1,3815,15,0,0.9729,0.9095
view1,3816,15,0,0.9547,0.9094
view1,3817,15,0,0.948,0.9095
view1,3818,15,0,0.9415,0.9096
view1,3819,15,0,0.935,0.9096
view1,3820,15,0,0.9324,0.9093
view1,3821,15,0,0.9257,0.909
view1,3822,15,0,0.9193,0.9083
view1,3823,15,0,0.9234,0.9078
view1,3824,15,0,0.9339,0.9076
view1,3825,15,0,0.936,0.9076
view1,3826,15,0,0.923,0.907
view1,3827,15,0,0.9302,0.9065
view1,3828,15,0,0.9308,0.9063
view1,3829,15,0,0.9252,0.906
view1,3830,15,0,0.9107,0.9052
view1,3831,15,0,0.9244,0.9045
view1,3832,15,0,0.9202,0.9041
view1,3833,15,0,0.9342,0.9038
view1,3834,15,0,0.9383,0.9037
view1,3835,15,0,0.9467,0.9035
view1,3836,15,0,0.9468,0.9036
view1,3837,15,0,0.9409,0.9036
view1,3838,15,0,0.942,0.9037
view1,3839,15,0,0.9346,0.9038
view1,3840,15,0,0.9507,0.904
view1,3841,15,0,0.9448,0.9041
view1,3842,15,0,0.9394,0.904
view1,3843,15,0,0.9462,0.9041
view1,3844,15,0,0.9505,0.9043
view1,3845,15,0,0.9388,0.9044
view1,3846,15,0,0.9397,0.9046
view1,3847,15,0,0.9421,0.9048
view1,3848,15,0,0.9347,0.9048
view1,3849,15,0,0.9366,0.9049
view1,3850,15,0,0.9361,0.9049
view1,3851,15,0,0.936,0.905
view1,3852,15,0,0.9405,0.9051
view1,3853,15,0,0.9435,0.9049
view1,3854,15,0,0.9379,0.905
view1,3855,15,0,0.9446,0.9051
view1,3856,15,0,0.94,0.9052
view1,3857,15,0,0.9353,0.9053
view1,3858,15,0,0.9383,0.9054
view1,3859,15,0,0.9467,0.9055
view1,3860,15,0,0.939,0.9057
view1,3861,15,0,0.9387,0.9058
view1,3862,15,0,0.9396,0.9059
view1,3863,15,0,0.9403,0.9059
view1,3864,15,0,0.9401,0.9059
view1,3865,15,0,0.9346,0.9058
view1,3866,15,0,0.9334,0.9057
view1,3867,15,0,0.9254,0.9054
view1,3868,15,0,0.9294,0.9052
view1,3869,15,0,0.9155,0.9048
view1,3870,15,0,0.9328,0.9047
view1,3871,15,0,0.9218,0.9044
view1,3872,15,0,0.9226,0.9043
view1,3873,15,0,0.9293,0.9042
view1,3874,15,0,0.917,0.904
view1,3875,15,0,0.9186,0.9038
view1,3876,15,0,0.9173,0.9037
view1,3877,15,0,0.9143,0.9035
view1,3878,15,0,0.9114,0.9034
view1,3879,15,0,0.9179,0.9032
view1,3880,15,0,0.9099,0.9028
view1,3881,15,0,0.9065,0.9023
view1,3882,15,0,0.9179,0.9022
view1,3883,15,0,0.9032,0.9017
view1,3884,15,0,0.9166,0.9016
view1,3885,15,0,0.9193,0.9014
view1,3886,15,0,0.9204,0.9013
view1,3887,15,0,0.9278,0.9013
view1,3888,15,0,0.9208,0.9013
view1,3889,15,0,0.9177,0.9012
view1,3890,15,0,0.9251,0.9012
view1,3891,15,0,0.9216,0.9013
view1,3892,15,0,0.9292,0.9013
view1,3893,15,0,0.9319,0.9014
view1,3894,15,0,0.94,0.9015
view1,3895,15,0,0.9291,0.9015
view1,3896,15,0,0.9315,0.9015
view1,3897,15,0,0.9367,0.9016
view1,3898,15,0,0.9432,0.9017
view1,3899,15,0,0.9298,0.9017
view1,3900,15,0,0.9266,0.9016
view1,3901,15,0,0.928,0.9016
view1,3902,15,0,0.9307,0.9016
view1,3903,15,0,0.9268,0.9016
view1,3904,15,0,0.9255,0.9015
view1,3905,15,0,0.9329,0.9015
view1,3906,15,0,0.9208,0.9014
view1,3907,15,0,0.9069,0.9009
view1,3908,15,0,0.9069,0.9005
view1,3909,15,0,0.9149,0.9002
view1,3910,15,0,0.9216,0.8999
view1,3911,15,1,0.7035,0.8885
