view,frame_idx,shot_id,accepted,max_redund_score,epsilon_used,num_persons_t,num_persons_j,fallback_triggered
view2,0,0,1,0.0,0.85,0,0,0
view2,1,0,0,0.9764,0.85,0,0,1
view2,2,0,0,0.9624,0.9624,0,0,1
view2,3,0,1,0.9414,0.9457,0,0,1
view2,4,0,0,0.974,0.951,0,0,1
view2,5,0,0,0.9682,0.9518,0,0,1
view2,6,0,0,0.9582,0.9415,0,0,1
view2,7,0,0,0.9487,0.9349,0,0,1
view2,8,0,1,0.9042,0.9199,0,0,1
view2,9,0,0,0.9701,0.9122,0,0,1
view2,10,0,0,0.9651,0.9074,0,0,1
view2,11,0,0,0.9629,0.9014,0,0,1
view2,12,0,0,0.9592,0.8977,0,0,1
view2,13,0,0,0.9641,0.893,0,0,1
view2,14,0,0,0.9571,0.8901,0,0,1
view2,15,0,0,0.9547,0.8856,0,0,1
view2,16,0,0,0.9512,0.8819,0,0,1
view2,17,0,0,0.9574,0.8813,0,0,1
view2,18,0,0,0.9579,0.8799,0,0,1
view2,19,0,0,0.943,0.8794,0,0,1
view2,20,0,0,0.9619,0.8796,0,0,1
view2,21,0,0,0.9493,0.879,0,0,1
view2,22,0,0,0.9462,0.8784,0,0,1
view2,23,0,0,0.9493,0.878,0,0,1
view2,24,0,0,0.9481,0.8766,0,0,1
view2,25,0,0,0.948,0.8756,0,0,1
view2,26,0,0,0.9425,0.8736,0,0,1
view2,27,0,0,0.9531,0.8729,0,0,1
view2,28,0,0,0.9551,0.8721,0,0,1
view2,29,0,0,0.9477,0.8723,0,0,1
view2,30,0,0,0.9498,0.8721,0,0,1
view2,31,0,0,0.9502,0.8719,0,0,1
view2,32,0,0,0.9452,0.8715,0,0,1
view2,33,0,0,0.9504,0.8718,0,0,1
view2,34,0,0,0.9499,0.8713,0,0,1
view2,35,0,0,0.9448,0.8708,0,0,1
view2,36,0,0,0.9524,0.871,0,0,1
view2,37,0,0,0.954,0.8711,0,0,1
view2,38,0,0,0.9464,0.8708,0,0,1
view2,39,0,0,0.9457,0.8702,0,0,1
view2,40,0,0,0.9407,0.869,0,0,1
view2,41,0,0,0.936,0.8676,0,0,1
view2,42,0,0,0.9498,0.8673,0,0,1
view2,43,0,0,0.9503,0.8669,0,0,1
view2,44,0,0,0.9472,0.8661,0,0,1
view2,45,0,0,0.9606,0.8663,0,0,1
view2,46,0,0,0.945,0.8657,0,0,1
view2,47,0,0,0.943,0.8652,0,0,1
view2,48,0,0,0.9584,0.8652,0,0,1
view2,49,0,0,0.9607,0.8651,0,0,1
view2,50,0,0,0.9367,0.8642,0,0,1
view2,51,0,0,0.9494,0.8644,0,0,1
view2,52,0,0,0.9615,0.8647,0,0,1
view2,53,0,0,0.9544,0.8649,0,0,1
view2,54,0,0,0.9495,0.8652,0,0,1
view2,55,0,0,0.948,0.8653,0,0,1
view2,56,0,0,0.9498,0.8651,0,0,1
view2,57,0,0,0.9378,0.8643,0,0,1
view2,58,0,0,0.9466,0.864,0,0,1
view2,59,0,0,0.9441,0.8633,0,0,1
view2,60,0,0,0.948,0.8637,0,0,1
view2,61,0,0,0.9485,0.8632,0,0,1
view2,62,0,0,0.9434,0.8624,0,0,1
view2,63,0,0,0.945,0.8616,0,0,1
view2,64,0,0,0.9523,0.8613,0,0,1
view2,65,0,0,0.9362,0.8605,0,0,1
view2,66,0,0,0.9474,0.8602,0,0,1
view2,67,0,0,0.9489,0.8603,0,0,1
view2,68,0,0,0.9565,0.8604,0,0,1
view2,69,0,0,0.9579,0.8607,0,0,1
view2,70,0,0,0.9526,0.8607,0,0,1
view2,71,0,0,0.9398,0.8606,0,0,1
view2,72,0,0,0.9633,0.8608,0,0,1
view2,73,0,0,0.9548,0.8609,0,0,1
view2,74,0,0,0.9578,0.8609,0,0,1
view2,75,0,0,0.9429,0.8609,0,0,1
view2,76,0,0,0.9576,0.8612,0,0,1
view2,77,0,0,0.9466,0.8613,0,0,1
view2,78,0,0,0.9447,0.8615,0,0,1
view2,79,0,0,0.9429,0.8616,0,0,1
view2,80,0,0,0.954,0.8614,0,0,1
view2,81,0,0,0.9543,0.8613,0,0,1
view2,82,0,0,0.9497,0.861,0,0,1
view2,83,0,0,0.9511,0.861,0,0,1
view2,84,0,0,0.9589,0.861,0,0,1
view2,85,0,0,0.9553,0.8612,0,0,1
view2,86,0,0,0.9487,0.8614,0,0,1
view2,87,0,0,0.9624,0.8616,0,0,1
view2,88,0,0,0.9443,0.8617,0,0,1
view2,89,0,0,0.947,0.8619,0,0,1
view2,90,0,0,0.9452,0.8621,0,0,1
view2,91,0,0,0.9489,0.8623,0,0,1
view2,92,0,0,0.9451,0.8625,0,0,1
view2,93,0,0,0.9527,0.8625,0,0,1
view2,94,0,0,0.9499,0.8627,0,0,1
view2,95,0,0,0.957,0.8629,0,0,1
view2,96,0,0,0.9623,0.863,0,0,1
view2,97,0,0,0.957,0.8631,0,0,1
view2,98,0,0,0.9575,0.8631,0,0,1
view2,99,0,0,0.9527,0.8631,0,0,1
view2,100,0,0,0.9469,0.8629,0,0,1
view2,101,0,0,0.9534,0.8627,0,0,1
view2,102,0,0,0.9435,0.8626,0,0,1
view2,103,0,0,0.9515,0.8626,0,0,1
view2,104,0,0,0.9526,0.8626,0,0,1
view2,105,0,0,0.9593,0.8625,0,0,1
view2,106,0,0,0.9602,0.8625,0,0,1
view2,107,0,0,0.9616,0.8625,0,0,1
view2,108,0,0,0.9431,0.8624,0,0,1
view2,109,0,0,0.9465,0.8622,0,0,1
view2,110,0,0,0.9614,0.8621,0,0,1
view2,111,0,0,0.9507,0.8618,0,0,1
view2,112,0,0,0.939,0.8614,0,0,1
view2,113,0,0,0.9095,0.8609,1,0,1
view2,114,0,0,0.9388,0.8606,1,0,1
view2,115,0,0,0.9457,0.8605,0,0,1
view2,116,0,0,0.9394,0.8605,0,0,1
view2,117,0,0,0.941,0.8602,0,0,1
view2,118,0,0,0.9595,0.8602,0,0,1
view2,119,0,0,0.9455,0.8601,1,0,1
view2,120,0,0,0.9211,0.8599,1,0,1
view2,121,0,0,0.9284,0.8598,1,0,1
view2,122,0,0,0.9326,0.8597,0,0,1
view2,123,0,0,0.9377,0.8596,0,0,1
view2,124,0,0,0.9311,0.8595,0,0,1
view2,125,0,0,0.9427,0.8594,0,0,1
view2,126,0,0,0.9069,0.859,0,0,1
view2,127,0,0,0.8661,0.8577,0,0,1
view2,128,0,0,0.8794,0.857,1,0,1
view2,129,0,0,0.8916,0.8567,1,0,1
view2,130,0,0,0.9092,0.8565,1,0,1
view2,131,0,0,0.9123,0.8562,1,0,1
view2,132,0,0,0.9029,0.8556,1,0,1
view2,133,0,0,0.9089,0.855,1,0,1
view2,134,0,0,0.8858,0.8539,1,0,1
view2,135,0,0,0.9091,0.8535,0,0,1
view2,136,0,0,0.9047,0.853,0,0,1
view2,137,0,0,0.9061,0.8522,1,0,1
view2,138,0,0,0.8984,0.8515,0,0,1
view2,139,0,0,0.8972,0.8507,0,0,1
view2,140,0,0,0.9157,0.8503,0,0,1
view2,141,0,0,0.8883,0.8492,1,0,1
view2,142,0,0,0.9131,0.8485,0,0,1
view2,143,0,0,0.9188,0.8479,0,0,1
view2,144,0,0,0.8813,0.8465,0,0,1
view2,145,0,0,0.8612,0.8449,1,0,1
view2,146,0,0,0.8561,0.8432,0,0,1
view2,147,0,0,0.8644,0.8419,1,0,1
view2,148,0,0,0.8684,0.8408,1,0,1
view2,149,0,0,0.8491,0.8392,1,0,1
view2,150,1,1,0.0,0.85,1,0,0
view2,151,1,0,0.9808,0.85,1,1,0
view2,152,1,0,0.982,0.9808,1,1,0
view2,153,1,0,0.9852,0.9808,1,1,0
view2,154,1,1,0.9762,0.9778,1,1,0
view2,155,1,0,0.9882,0.9761,1,1,0
view2,156,1,0,0.9793,0.9695,1,1,0
view2,157,1,0,0.9801,0.9666,1,1,0
view2,158,1,0,0.9678,0.9584,0,1,1
view2,159,1,0,0.9726,0.9572,1,1,0
view2,160,1,0,0.9622,0.9552,0,1,1
view2,161,1,0,0.9689,0.9527,0,1,1
view2,162,1,0,0.9622,0.9518,0,1,1
view2,163,1,0,0.9752,0.9527,1,1,0
view2,164,1,0,0.9744,0.9536,1,1,0
view2,165,1,0,0.9737,0.9545,1,1,0
view2,166,1,0,0.9698,0.9551,1,1,0
view2,167,1,0,0.9761,0.9558,1,1,0
view2,168,1,0,0.9745,0.9564,1,1,0
view2,169,1,0,0.9666,0.9564,1,1,0
view2,170,1,0,0.9629,0.9564,1,1,0
view2,171,1,0,0.9663,0.9565,1,1,0
view2,172,1,0,0.9617,0.9562,1,1,0
view2,173,1,1,0.9548,0.9549,1,1,0
view2,174,1,0,0.9893,0.9545,1,1,0
view2,175,1,0,0.9804,0.9542,1,1,0
view2,176,1,0,0.9826,0.9542,1,1,0
view2,177,1,0,0.9703,0.9521,1,1,0
view2,178,1,0,0.9505,0.9505,1,1,0
view2,179,1,1,0.9367,0.9475,1,1,0
view2,180,1,0,0.9898,0.9452,1,1,0
view2,181,1,0,0.9856,0.941,1,1,0
view2,182,1,0,0.9774,0.9366,1,1,0
view2,183,1,0,0.9761,0.934,1,1,0
view2,184,1,0,0.9832,0.9322,1,1,0
view2,185,1,0,0.9784,0.9311,1,1,0
view2,186,1,0,0.9648,0.9307,1,1,0
view2,187,1,0,0.9752,0.9298,1,1,0
view2,188,1,0,0.9705,0.9283,2,1,0
view2,189,1,0,0.9727,0.9277,1,1,0
view2,190,1,0,0.9691,0.9272,1,1,0
view2,191,1,0,0.9689,0.9274,1,1,0
view2,192,1,0,0.9756,0.9275,1,1,0
view2,193,1,0,0.9708,0.9274,1,1,0
view2,194,1,0,0.9691,0.9272,1,1,0
view2,195,1,0,0.9605,0.927,1,1,0
view2,196,1,0,0.9494,0.9268,1,1,0
view2,197,1,0,0.9501,0.9266,1,1,0
view2,198,1,0,0.9669,0.9265,1,1,0
view2,199,1,0,0.9659,0.9266,1,1,0
view2,200,1,0,0.9695,0.9266,1,1,0
view2,201,1,0,0.9368,0.9262,1,1,0
view2,202,1,0,0.9426,0.9262,1,1,0
view2,203,1,0,0.953,0.9261,1,1,0
view2,204,1,0,0.9413,0.9258,1,1,0
view2,205,1,0,0.941,0.9255,1,1,0
view2,206,1,0,0.9536,0.9256,1,1,0
view2,207,1,0,0.9517,0.9257,1,1,0
view2,208,1,0,0.9561,0.9255,1,1,0
view2,209,1,0,0.9435,0.9254,1,1,0
view2,210,1,0,0.9493,0.9254,1,1,0
view2,211,1,0,0.951,0.9256,1,1,0
view2,212,1,0,0.9459,0.9256,1,1,0
view2,213,1,0,0.9512,0.9258,1,1,0
view2,214,1,0,0.9517,0.9257,1,1,0
view2,215,1,1,0.9123,0.9223,0,1,1
view2,216,1,0,0.9769,0.9224,1,0,1
view2,217,1,0,0.9675,0.9186,0,0,1
view2,218,1,0,0.9591,0.9188,1,0,1
view2,219,1,0,0.9557,0.9191,2,1,0
view2,220,1,0,0.9547,0.9194,1,1,0
view2,221,1,0,0.9581,0.9196,1,1,0
view2,222,1,0,0.9466,0.9195,1,1,0
view2,223,1,0,0.9285,0.9172,0,0,1
view2,224,1,0,0.9383,0.9153,0,0,1
view2,225,1,0,0.9545,0.9154,1,1,0
view2,226,1,0,0.9488,0.9153,1,1,0
view2,227,1,0,0.9565,0.9153,1,1,0
view2,228,1,0,0.9552,0.9155,1,1,0
view2,229,1,0,0.9417,0.9151,1,1,0
view2,230,1,0,0.9424,0.9149,1,1,0
view2,231,1,1,0.8648,0.9093,0,0,1
view2,232,1,0,0.9719,0.909,1,0,1
view2,233,1,0,0.9542,0.9083,1,0,1
view2,234,1,0,0.9502,0.9079,1,0,1
view2,235,1,0,0.9519,0.9079,1,1,0
view2,236,1,0,0.9622,0.9075,1,0,1
view2,237,1,0,0.9439,0.9061,1,0,1
view2,238,1,0,0.9456,0.9054,1,0,1
view2,239,1,0,0.9384,0.9018,0,0,1
view2,240,1,0,0.9294,0.9006,1,1,0
view2,241,1,0,0.9383,0.8995,1,1,0
view2,242,1,0,0.9392,0.8988,1,0,1
view2,243,1,0,0.9479,0.8982,1,1,0
view2,244,1,0,0.9467,0.8978,1,1,0
view2,245,1,0,0.9394,0.8966,1,1,0
view2,246,1,0,0.9315,0.896,1,1,0
view2,247,1,0,0.9312,0.8956,1,1,0
view2,248,1,0,0.9374,0.8956,1,1,0
view2,249,1,0,0.9338,0.8954,1,1,0
view2,250,1,0,0.9369,0.8949,1,1,0
view2,251,1,0,0.9268,0.8943,1,1,0
view2,252,1,0,0.9356,0.8938,1,1,0
view2,253,1,0,0.9316,0.8929,1,0,1
view2,254,1,0,0.9344,0.8926,1,1,0
view2,255,1,0,0.9296,0.8924,1,1,0
view2,256,1,0,0.9417,0.892,1,1,0
view2,257,1,0,0.9323,0.8918,1,1,0
view2,258,1,0,0.9208,0.891,1,0,1
view2,259,1,0,0.9275,0.8906,1,0,1
view2,260,1,0,0.9178,0.8899,1,1,0
view2,261,1,0,0.9171,0.8894,1,1,0
view2,262,1,0,0.9248,0.8889,1,1,0
view2,263,1,0,0.9204,0.8884,1,1,0
view2,264,1,0,0.9332,0.8882,1,1,0
view2,265,1,0,0.909,0.8874,1,1,0
view2,266,1,0,0.9313,0.8874,1,1,0
view2,267,1,0,0.9357,0.8873,1,1,0
view2,268,1,0,0.9305,0.8872,1,1,0
view2,269,1,0,0.9221,0.8869,1,1,0
view2,270,1,0,0.9302,0.8868,1,1,0
view2,271,1,0,0.9274,0.8865,1,0,1
view2,272,1,0,0.9457,0.8865,1,1,0
view2,273,1,0,0.9299,0.8862,1,1,0
view2,274,1,0,0.9306,0.8857,1,0,1
view2,275,1,0,0.9362,0.8856,1,1,0
view2,276,1,0,0.9413,0.8856,1,1,0
view2,277,1,0,0.9278,0.8853,1,1,0
view2,278,1,0,0.9219,0.8851,1,1,0
view2,279,1,0,0.9217,0.8847,1,1,0
view2,280,1,0,0.9119,0.884,1,1,0
view2,281,1,0,0.9181,0.8836,1,1,0
view2,282,1,0,0.9161,0.8831,1,1,0
view2,283,1,0,0.9268,0.8829,1,1,0
view2,284,1,0,0.922,0.8824,1,0,1
view2,285,1,0,0.9102,0.8816,1,1,0
view2,286,1,0,0.9227,0.8801,0,0,1
view2,287,1,0,0.9208,0.8798,1,1,0
view2,288,1,0,0.9132,0.8794,1,1,0
view2,289,1,0,0.9181,0.8792,1,1,0
view2,290,1,0,0.92,0.8792,1,1,0
view2,291,1,1,0.8743,0.8779,0,0,1
view2,292,1,0,0.9584,0.878,1,0,1
view2,293,1,0,0.9554,0.8779,1,0,1
view2,294,1,0,0.9434,0.8779,1,0,1
view2,295,1,0,0.9444,0.8777,1,0,1
view2,296,1,0,0.9249,0.8778,1,1,0
view2,297,1,0,0.8964,0.8754,0,0,1
view2,298,1,0,0.9155,0.875,1,0,1
view2,299,1,0,0.9098,0.8723,0,0,1
view2,300,2,1,0.0,0.85,0,0,0
view2,301,2,0,0.91,0.85,0,0,1
view2,302,2,0,0.8619,0.8619,0,0,1
view2,303,2,1,0.8398,0.8412,0,0,1
view2,304,2,0,0.9468,0.8336,0,0,1
view2,305,2,0,0.9364,0.825,0,0,1
view2,306,2,0,0.8994,0.818,0,0,1
view2,307,2,0,0.8859,0.8135,0,0,1
view2,308,2,0,0.8763,0.8055,0,0,1
view2,309,2,0,0.9034,0.8009,0,0,1
view2,310,2,0,0.8868,0.7956,0,0,1
view2,311,2,0,0.8669,0.7924,0,0,1
view2,312,2,0,0.8689,0.7947,0,0,1
view2,313,2,0,0.8567,0.797,0,0,1
view2,314,2,0,0.8872,0.7992,1,0,1
view2,315,2,0,0.8814,0.8008,0,0,1
view2,316,2,0,0.8808,0.8005,1,0,1
view2,317,2,0,0.893,0.8014,1,0,1
view2,318,2,0,0.8704,0.8026,1,0,1
view2,319,2,0,0.8666,0.8028,1,0,1
view2,320,2,0,0.8592,0.8031,1,0,1
view2,321,2,0,0.871,0.8032,1,0,1
view2,322,2,0,0.8515,0.8033,0,0,1
view2,323,2,0,0.8526,0.8042,0,0,1
view2,324,2,0,0.8463,0.805,1,0,1
view2,325,2,0,0.8167,0.8041,1,0,1
view2,326,2,0,0.8345,0.8042,1,0,1
view2,327,2,0,0.8393,0.8045,1,0,1
view2,328,2,0,0.8456,0.8047,0,0,1
view2,329,2,0,0.8273,0.804,1,0,1
view2,330,2,0,0.8195,0.8031,1,0,1
view2,331,2,0,0.8577,0.8035,2,0,1
view2,332,2,0,0.8578,0.8037,1,0,1
view2,333,2,0,0.8706,0.8042,0,0,1
view2,334,2,0,0.8574,0.8038,1,0,1
view2,335,2,0,0.8386,0.8036,0,0,1
view2,336,2,0,0.8013,0.8013,0,0,1
view2,337,2,0,0.8035,0.7995,1,0,1
view2,338,2,1,0.7929,0.798,1,0,1
view2,339,2,0,0.9844,0.7941,2,1,0
view2,340,2,0,0.9847,0.7919,2,1,0
view2,341,2,0,0.977,0.7901,2,1,0
view2,342,2,0,0.9817,0.7877,1,1,0
view2,343,2,0,0.982,0.7857,2,1,0
view2,344,2,0,0.9798,0.7838,2,1,0
view2,345,2,0,0.9766,0.7825,2,1,0
view2,346,2,0,0.9728,0.7812,3,1,0
view2,347,2,0,0.981,0.7795,2,1,0
view2,348,2,0,0.9804,0.7778,2,1,0
view2,349,2,0,0.9685,0.7763,2,1,0
view2,350,2,0,0.9606,0.7757,2,1,0
view2,351,2,0,0.9755,0.775,2,1,0
view2,352,2,0,0.9698,0.7735,2,1,0
view2,353,2,0,0.9681,0.7722,2,1,0
view2,354,2,0,0.9492,0.771,2,1,0
view2,355,2,0,0.9642,0.7699,2,1,0
view2,356,2,0,0.9651,0.7683,2,1,0
view2,357,2,0,0.9653,0.7669,2,1,0
view2,358,2,0,0.9567,0.7658,2,1,0
view2,359,2,0,0.9479,0.7648,2,1,0
view2,360,2,0,0.959,0.764,2,1,0
view2,361,2,0,0.9484,0.763,2,1,0
view2,362,2,0,0.9628,0.7623,2,1,0
view2,363,2,0,0.9533,0.7614,2,1,0
view2,364,2,0,0.9625,0.7609,2,1,0
view2,365,2,0,0.9492,0.7601,2,1,0
view2,366,2,0,0.9432,0.7597,2,1,0
view2,367,2,0,0.9494,0.7593,2,1,0
view2,368,2,0,0.9411,0.7588,2,1,0
view2,369,2,0,0.9157,0.7579,2,1,0
view2,370,2,0,0.9236,0.7574,2,1,0
view2,371,2,0,0.9264,0.7568,2,1,0
view2,372,2,0,0.9342,0.7562,2,1,0
view2,373,2,0,0.9358,0.7554,2,1,0
view2,374,2,0,0.9298,0.7548,2,1,0
view2,375,2,0,0.9149,0.7543,2,1,0
view2,376,2,0,0.9338,0.7538,2,1,0
view2,377,2,0,0.9353,0.7533,2,1,0
view2,378,2,0,0.9415,0.7531,2,1,0
view2,379,2,0,0.9413,0.753,2,1,0
view2,380,2,0,0.9294,0.7528,2,1,0
view2,381,2,0,0.9391,0.7527,2,1,0
view2,382,2,0,0.9471,0.7527,2,1,0
view2,383,2,0,0.9463,0.7527,2,1,0
view2,384,2,0,0.9331,0.7526,2,1,0
view2,385,2,0,0.9383,0.7527,3,1,0
view2,386,2,0,0.9371,0.7527,2,1,0
view2,387,2,0,0.93,0.7523,2,1,0
view2,388,2,0,0.9481,0.7521,2,1,0
view2,389,2,0,0.9346,0.7519,2,1,0
view2,390,2,0,0.942,0.7518,2,1,0
view2,391,2,0,0.9506,0.7517,2,1,0
view2,392,2,0,0.9466,0.7518,2,1,0
view2,393,2,0,0.9452,0.7518,2,1,0
view2,394,2,0,0.9572,0.7515,2,1,0
view2,395,2,0,0.9457,0.7516,2,1,0
view2,396,2,0,0.9369,0.7517,2,1,0
view2,397,2,0,0.9272,0.752,2,1,0
view2,398,2,0,0.9423,0.7523,2,1,0
view2,399,2,0,0.9556,0.7525,2,1,0
view2,400,2,0,0.9536,0.7524,2,1,0
view2,401,2,0,0.9569,0.752,2,1,0
view2,402,2,0,0.9571,0.7517,2,1,0
view2,403,2,0,0.9532,0.7512,2,1,0
view2,404,2,0,0.9493,0.7507,2,1,0
view2,405,2,0,0.9558,0.7498,2,1,0
view2,406,2,0,0.9508,0.7492,2,1,0
view2,407,2,0,0.9559,0.7485,2,1,0
view2,408,2,0,0.9409,0.7482,2,1,0
view2,409,2,0,0.9497,0.748,2,1,0
view2,410,2,0,0.9521,0.7479,2,1,0
view2,411,2,0,0.9486,0.7477,2,1,0
view2,412,2,0,0.9474,0.7474,2,1,0
view2,413,2,0,0.9418,0.7473,2,1,0
view2,414,2,0,0.9398,0.7475,3,1,0
view2,415,2,0,0.9361,0.7475,2,1,0
view2,416,2,0,0.9377,0.7475,2,1,0
view2,417,2,0,0.9445,0.7476,2,1,0
view2,418,2,0,0.9287,0.748,2,1,0
view2,419,2,0,0.9397,0.7486,2,1,0
view2,420,2,0,0.9285,0.7492,2,1,0
view2,421,2,0,0.9283,0.7498,3,1,0
view2,422,2,0,0.929,0.7503,2,1,0
view2,423,2,0,0.9198,0.7508,3,1,0
view2,424,2,0,0.9369,0.7514,3,1,0
view2,425,2,0,0.9506,0.7517,2,1,0
view2,426,2,0,0.9469,0.7522,3,1,0
view2,427,2,0,0.9421,0.7525,2,1,0
view2,428,2,0,0.9462,0.753,2,1,0
view2,429,2,0,0.9452,0.7533,2,1,0
view2,430,2,0,0.9361,0.7537,2,1,0
view2,431,2,0,0.9274,0.7541,2,1,0
view2,432,2,0,0.9355,0.7545,2,1,0
view2,433,2,0,0.9451,0.7548,2,1,0
view2,434,2,0,0.9426,0.7552,2,1,0
view2,435,2,0,0.9568,0.7556,2,1,0
view2,436,2,0,0.9268,0.756,2,1,0
view2,437,2,0,0.9391,0.7564,2,1,0
view2,438,2,0,0.933,0.7567,2,1,0
view2,439,2,0,0.9292,0.7569,2,1,0
view2,440,2,0,0.9426,0.7572,2,1,0
view2,441,2,0,0.9373,0.7576,2,1,0
view2,442,2,0,0.9182,0.7578,2,1,0
view2,443,2,0,0.9205,0.758,2,1,0
view2,444,2,0,0.9113,0.758,2,1,0
view2,445,2,0,0.8953,0.7581,2,1,0
view2,446,2,0,0.8941,0.7581,2,1,0
view2,447,2,0,0.8978,0.7581,2,1,0
view2,448,2,0,0.904,0.7582,2,1,0
view2,449,2,0,0.9086,0.7582,2,1,0
view2,450,3,1,0.0,0.85,1,0,0
view2,451,3,0,0.9896,0.85,2,1,0
view2,452,3,0,0.9814,0.9814,2,1,0
view2,453,3,1,0.9783,0.9784,2,1,0
view2,454,3,0,0.989,0.9795,2,2,0
view2,455,3,0,0.9778,0.977,2,2,0
view2,456,3,0,0.9817,0.9775,2,2,0
view2,457,3,0,0.984,0.978,2,2,0
view2,458,3,0,0.9769,0.9757,2,1,0
view2,459,3,1,0.9725,0.9733,2,2,0
view2,460,3,0,0.982,0.9715,2,2,0
view2,461,3,0,0.9714,0.9677,2,2,0
view2,462,3,0,0.9738,0.9666,2,2,0
view2,463,3,0,0.9674,0.9642,2,2,0
view2,464,3,1,0.9603,0.9615,2,1,0
view2,465,3,0,0.9875,0.96,2,2,0
view2,466,3,0,0.9781,0.9599,2,2,0
view2,467,3,0,0.9803,0.9597,1,2,0
view2,468,3,0,0.9774,0.9592,1,2,0
view2,469,3,0,0.9677,0.9584,2,2,0
view2,470,3,0,0.9669,0.9574,2,2,0
view2,471,3,0,0.9724,0.9564,2,2,0
view2,472,3,0,0.9666,0.9545,2,2,0
view2,473,3,0,0.9684,0.9539,2,2,0
view2,474,3,0,0.9616,0.9535,2,2,0
view2,475,3,0,0.9554,0.9526,2,1,0
view2,476,3,0,0.9587,0.9518,2,2,0
view2,477,3,0,0.959,0.9512,2,2,0
view2,478,3,0,0.9501,0.9497,2,2,0
view2,479,3,0,0.95,0.9484,2,2,0
view2,480,3,0,0.949,0.9479,2,2,0
view2,481,3,1,0.9382,0.946,2,1,0
view2,482,3,0,0.9727,0.9438,2,2,0
view2,483,3,0,0.965,0.9421,2,2,0
view2,484,3,0,0.9586,0.9406,2,2,0
view2,485,3,0,0.9567,0.9395,2,2,0
view2,486,3,0,0.9466,0.9374,2,2,0
view2,487,3,1,0.9328,0.9349,2,2,0
view2,488,3,0,0.9817,0.9331,2,2,0
view2,489,3,0,0.9699,0.9318,2,2,0
view2,490,3,0,0.9589,0.9294,2,2,0
view2,491,3,0,0.9404,0.9264,2,2,0
view2,492,3,0,0.9282,0.9233,2,2,0
view2,493,3,0,0.9248,0.921,2,2,0
view2,494,3,0,0.9212,0.9183,2,2,0
view2,495,3,1,0.9117,0.9157,2,2,0
view2,496,3,0,0.9829,0.9133,2,2,0
view2,497,3,0,0.9709,0.9107,2,2,0
view2,498,3,0,0.9624,0.9081,1,2,0
view2,499,3,0,0.968,0.9064,2,2,0
view2,500,3,0,0.9521,0.9025,2,2,0
view2,501,3,0,0.9593,0.9014,2,2,0
view2,502,3,0,0.9426,0.8992,2,2,0
view2,503,3,0,0.9546,0.8969,2,2,0
view2,504,3,0,0.9456,0.8944,1,2,0
view2,505,3,0,0.9624,0.8935,3,2,0
view2,506,3,0,0.9478,0.8919,1,2,0
view2,507,3,0,0.9487,0.8909,1,2,0
view2,508,3,0,0.9455,0.8898,1,2,0
view2,509,3,0,0.9394,0.8881,1,2,0
view2,510,3,1,0.8562,0.8825,0,2,1
view2,511,3,0,0.9665,0.8829,1,0,1
view2,512,3,0,0.953,0.8785,0,0,1
view2,513,3,0,0.9233,0.8749,0,0,1
view2,514,3,0,0.9248,0.875,1,1,0
view2,515,3,0,0.8985,0.8687,0,0,1
view2,516,3,0,0.9155,0.8683,1,2,0
view2,517,3,0,0.9011,0.8666,2,2,0
view2,518,3,0,0.9256,0.8661,1,2,0
view2,519,3,0,0.9334,0.866,1,2,0
view2,520,3,0,0.9238,0.8647,1,2,0
view2,521,3,0,0.8941,0.8616,0,2,1
view2,522,3,0,0.9194,0.8619,1,2,0
view2,523,3,0,0.9137,0.8621,1,2,0
view2,524,3,0,0.9041,0.8618,2,2,0
view2,525,3,0,0.9173,0.862,2,1,0
view2,526,3,0,0.915,0.8617,2,1,0
view2,527,3,1,0.84,0.8579,0,1,1
view2,528,3,0,0.978,0.8543,0,0,1
view2,529,3,0,0.9636,0.8489,0,0,1
view2,530,3,0,0.9594,0.8444,0,0,1
view2,531,3,0,0.9565,0.8401,0,0,1
view2,532,3,0,0.9569,0.8372,0,0,1
view2,533,3,0,0.941,0.8377,1,0,1
view2,534,3,0,0.933,0.8378,1,0,1
view2,535,3,0,0.9391,0.8378,1,0,1
view2,536,3,0,0.9158,0.8379,1,0,1
view2,537,3,0,0.9261,0.8381,1,1,0
view2,538,3,0,0.9319,0.8385,1,1,0
view2,539,3,0,0.9351,0.8391,1,1,0
view2,540,3,0,0.9213,0.8394,1,1,0
view2,541,3,0,0.9276,0.8395,1,1,0
view2,542,3,0,0.9376,0.84,1,1,0
view2,543,3,0,0.9167,0.8402,1,1,0
view2,544,3,0,0.919,0.8405,1,1,0
view2,545,3,0,0.9303,0.8408,1,1,0
view2,546,3,0,0.92,0.8409,1,1,0
view2,547,3,0,0.9196,0.8409,1,1,0
view2,548,3,0,0.9193,0.8409,1,1,0
view2,549,3,0,0.9203,0.841,1,1,0
view2,550,3,0,0.9246,0.8413,1,1,0
view2,551,3,0,0.9094,0.8412,1,1,0
view2,552,3,0,0.9132,0.8413,1,1,0
view2,553,3,0,0.9153,0.8413,1,0,1
view2,554,3,0,0.9328,0.8416,1,1,0
view2,555,3,0,0.9282,0.8418,1,1,0
view2,556,3,0,0.9162,0.8419,1,1,0
view2,557,3,0,0.9241,0.8421,1,1,0
view2,558,3,0,0.9159,0.8422,1,1,0
view2,559,3,0,0.9253,0.8423,2,0,1
view2,560,3,0,0.9199,0.8425,1,1,0
view2,561,3,0,0.9244,0.8427,2,1,0
view2,562,3,0,0.9279,0.8429,1,1,0
view2,563,3,0,0.92,0.843,2,1,0
view2,564,3,0,0.931,0.8432,2,1,0
view2,565,3,0,0.9308,0.8433,2,1,0
view2,566,3,0,0.9362,0.8436,2,1,0
view2,567,3,0,0.938,0.8438,2,1,0
view2,568,3,0,0.9268,0.844,2,1,0
view2,569,3,0,0.9389,0.8443,2,1,0
view2,570,3,0,0.9298,0.8446,2,1,0
view2,571,3,0,0.9268,0.8448,2,0,1
view2,572,3,0,0.9328,0.845,2,1,0
view2,573,3,0,0.9334,0.8453,2,1,0
view2,574,3,0,0.9389,0.8455,1,1,0
view2,575,3,0,0.9296,0.8456,2,1,0
view2,576,3,0,0.9315,0.8458,2,1,0
view2,577,3,0,0.9225,0.846,2,1,0
view2,578,3,0,0.9269,0.8462,2,1,0
view2,579,3,0,0.9307,0.8464,3,1,0
view2,580,3,0,0.9313,0.8467,2,1,0
view2,581,3,0,0.9257,0.8469,2,1,0
view2,582,3,0,0.9218,0.847,2,1,0
view2,583,3,0,0.9196,0.8472,2,1,0
view2,584,3,0,0.9192,0.8474,3,1,0
view2,585,3,0,0.9185,0.8476,3,1,0
view2,586,3,0,0.9288,0.8479,2,1,0
view2,587,3,0,0.9139,0.848,2,1,0
view2,588,3,0,0.9111,0.8481,2,1,0
view2,589,3,0,0.8881,0.8478,2,2,0
view2,590,3,0,0.907,0.8479,2,2,0
view2,591,3,0,0.9148,0.8479,2,2,0
view2,592,3,0,0.9272,0.848,2,2,0
view2,593,3,0,0.9268,0.8479,2,2,0
view2,594,3,0,0.9133,0.8478,2,2,0
view2,595,3,0,0.9209,0.8478,2,2,0
view2,596,3,0,0.9233,0.8478,2,2,0
view2,597,3,0,0.9114,0.8476,3,2,0
view2,598,3,0,0.921,0.8476,2,2,0
view2,599,3,0,0.9199,0.8475,2,2,0
view2,600,4,1,0.0,0.85,2,0,0
view2,601,4,0,0.9824,0.85,1,2,0
view2,602,4,0,0.9752,0.9752,2,2,0
view2,603,4,0,0.9736,0.9733,2,2,0
view2,604,4,0,0.9813,0.9744,2,2,0
view2,605,4,0,0.9784,0.9748,2,2,0
view2,606,4,1,0.9737,0.9739,2,2,0
view2,607,4,0,0.9902,0.9704,2,2,0
view2,608,4,0,0.9819,0.9704,3,2,0
view2,609,4,0,0.9813,0.9704,2,2,0
view2,610,4,1,0.9596,0.9648,2,2,0
view2,611,4,0,0.9839,0.9596,2,2,0
view2,612,4,0,0.9728,0.9532,2,2,0
view2,613,4,0,0.9779,0.9497,2,2,0
view2,614,4,0,0.9784,0.95,2,2,0
view2,615,4,0,0.9666,0.9482,2,2,0
view2,616,4,0,0.9689,0.9478,3,2,0
view2,617,4,0,0.9555,0.942,2,2,0
view2,618,4,0,0.9725,0.9418,2,2,0
view2,619,4,0,0.9723,0.941,2,2,0
view2,620,4,0,0.9622,0.9408,2,2,0
view2,621,4,0,0.9753,0.9413,2,2,0
view2,622,4,0,0.9633,0.9401,2,2,0
view2,623,4,0,0.9656,0.9393,2,2,0
view2,624,4,0,0.9543,0.9373,3,2,0
view2,625,4,0,0.9598,0.9363,2,2,0
view2,626,4,0,0.9503,0.9334,2,2,0
view2,627,4,0,0.9615,0.9326,2,2,0
view2,628,4,0,0.9537,0.9316,2,2,0
view2,629,4,0,0.9559,0.9315,2,2,0
view2,630,4,0,0.9619,0.9316,2,2,0
view2,631,4,0,0.9617,0.9319,2,2,0
view2,632,4,0,0.9567,0.9318,2,2,0
view2,633,4,0,0.9584,0.9321,2,2,0
view2,634,4,0,0.9568,0.932,2,2,0
view2,635,4,0,0.961,0.9324,3,2,0
view2,636,4,0,0.9592,0.9325,3,2,0
view2,637,4,0,0.9592,0.9324,2,2,0
view2,638,4,0,0.9463,0.9316,2,2,0
view2,639,4,0,0.9558,0.9314,2,2,0
view2,640,4,0,0.9483,0.9309,2,2,0
view2,641,4,0,0.9401,0.93,2,2,0
view2,642,4,0,0.939,0.9292,2,2,0
view2,643,4,0,0.933,0.9281,2,2,0
view2,644,4,0,0.9438,0.9279,1,2,0
view2,645,4,0,0.9451,0.9275,2,2,0
view2,646,4,0,0.9521,0.9274,2,2,0
view2,647,4,0,0.9571,0.9276,2,2,0
view2,648,4,0,0.9419,0.9274,2,2,0
view2,649,4,0,0.9389,0.9268,1,2,0
view2,650,4,0,0.9352,0.9259,2,2,0
view2,651,4,0,0.9368,0.9257,2,2,0
view2,652,4,0,0.9272,0.9249,2,2,0
view2,653,4,1,0.9226,0.9239,2,2,0
view2,654,4,0,0.9838,0.9236,2,2,0
view2,655,4,0,0.9814,0.9235,2,2,0
view2,656,4,0,0.9792,0.9231,2,2,0
view2,657,4,0,0.9782,0.9229,3,2,0
view2,658,4,0,0.9664,0.9229,2,2,0
view2,659,4,0,0.9718,0.9228,2,2,0
view2,660,4,0,0.9477,0.919,0,2,1
view2,661,4,0,0.9772,0.9191,1,2,0
view2,662,4,0,0.9682,0.9192,1,2,0
view2,663,4,0,0.9599,0.9187,1,2,0
view2,664,4,0,0.9606,0.9185,1,2,0
view2,665,4,0,0.9629,0.9186,1,2,0
view2,666,4,0,0.9722,0.9188,1,2,0
view2,667,4,0,0.9692,0.919,1,2,0
view2,668,4,0,0.9701,0.9188,1,2,0
view2,669,4,0,0.9377,0.9172,0,2,1
view2,670,4,0,0.9606,0.9174,1,2,0
view2,671,4,0,0.9687,0.9175,1,2,0
view2,672,4,0,0.9606,0.9177,1,2,0
view2,673,4,0,0.9591,0.918,1,2,0
view2,674,4,0,0.9685,0.9183,2,2,0
view2,675,4,0,0.9626,0.9185,2,2,0
view2,676,4,0,0.9591,0.9187,2,2,0
view2,677,4,0,0.9668,0.9189,1,2,0
view2,678,4,0,0.9594,0.9192,1,2,0
view2,679,4,0,0.9619,0.9195,1,2,0
view2,680,4,0,0.9598,0.9197,1,2,0
view2,681,4,0,0.9547,0.9199,2,2,0
view2,682,4,0,0.9548,0.9202,2,2,0
view2,683,4,0,0.9581,0.9205,2,2,0
view2,684,4,0,0.9569,0.9208,1,2,0
view2,685,4,0,0.9568,0.921,2,2,0
view2,686,4,0,0.9578,0.9213,1,2,0
view2,687,4,0,0.9602,0.9215,2,2,0
view2,688,4,0,0.9514,0.9217,1,2,0
view2,689,4,0,0.958,0.9219,1,2,0
view2,690,4,0,0.9513,0.9221,2,2,0
view2,691,4,0,0.9553,0.9222,2,2,0
view2,692,4,0,0.9619,0.9224,2,2,0
view2,693,4,0,0.9644,0.9227,2,2,0
view2,694,4,0,0.9639,0.9228,2,2,0
view2,695,4,0,0.9592,0.9229,2,2,0
view2,696,4,0,0.9622,0.923,2,2,0
view2,697,4,0,0.9595,0.9231,2,2,0
view2,698,4,0,0.9568,0.9231,2,2,0
view2,699,4,0,0.954,0.9232,3,2,0
view2,700,4,0,0.9451,0.9229,3,2,0
view2,701,4,0,0.9405,0.9225,2,2,0
view2,702,4,0,0.9464,0.9223,3,2,0
view2,703,4,0,0.9385,0.9221,3,2,0
view2,704,4,0,0.9433,0.922,3,2,0
view2,705,4,0,0.9535,0.922,1,2,0
view2,706,4,0,0.9506,0.922,2,2,0
view2,707,4,0,0.9433,0.9217,3,2,0
view2,708,4,0,0.9519,0.9216,2,2,0
view2,709,4,0,0.9571,0.9216,2,2,0
view2,710,4,0,0.9438,0.9214,2,2,0
view2,711,4,0,0.9389,0.9209,1,2,0
view2,712,4,0,0.9446,0.9206,3,2,0
view2,713,4,0,0.9413,0.9204,3,2,0
view2,714,4,0,0.9589,0.9201,1,2,0
view2,715,4,0,0.9586,0.92,2,2,0
view2,716,4,0,0.9639,0.9199,3,2,0
view2,717,4,0,0.9665,0.9199,3,2,0
view2,718,4,0,0.9665,0.9199,3,2,0
view2,719,4,0,0.9698,0.92,3,2,0
view2,720,4,0,0.9629,0.9199,2,2,0
view2,721,4,0,0.9595,0.9198,3,2,0
view2,722,4,0,0.9648,0.9198,3,2,0
view2,723,4,0,0.9542,0.9196,2,2,0
view2,724,4,0,0.9581,0.9195,1,2,0
view2,725,4,0,0.9458,0.9194,3,2,0
view2,726,4,0,0.9412,0.9192,3,2,0
view2,727,4,0,0.9493,0.9192,4,2,0
view2,728,4,0,0.9529,0.9192,3,2,0
view2,729,4,0,0.938,0.9187,3,2,0
view2,730,4,0,0.9409,0.9184,2,2,0
view2,731,4,0,0.9406,0.9182,3,2,0
view2,732,4,0,0.9396,0.9179,3,2,0
view2,733,4,0,0.9388,0.9177,3,2,0
view2,734,4,0,0.9511,0.9176,2,2,0
view2,735,4,0,0.9451,0.9174,3,2,0
view2,736,4,0,0.9413,0.9172,2,2,0
view2,737,4,0,0.934,0.9169,3,2,0
view2,738,4,0,0.9356,0.9166,2,2,0
view2,739,4,0,0.9348,0.9163,3,2,0
view2,740,4,0,0.9445,0.9162,3,2,0
view2,741,4,0,0.946,0.916,3,2,0
view2,742,4,0,0.9395,0.9159,3,2,0
view2,743,4,0,0.9355,0.9158,3,2,0
view2,744,4,0,0.9422,0.9157,4,2,0
view2,745,4,0,0.9462,0.9157,3,2,0
view2,746,4,0,0.9413,0.9157,3,2,0
view2,747,4,0,0.9292,0.9155,3,2,0
view2,748,4,0,0.9305,0.9153,3,2,0
view2,749,4,0,0.9282,0.915,2,2,0
view2,750,5,1,0.0,0.85,3,0,0
view2,751,5,0,0.982,0.85,3,3,0
view2,752,5,0,0.9751,0.9751,3,3,0
view2,753,5,1,0.9673,0.9688,3,3,0
view2,754,5,0,0.9824,0.9697,2,3,0
view2,755,5,0,0.973,0.9669,3,3,0
view2,756,5,0,0.9659,0.9647,3,3,0
view2,757,5,0,0.9654,0.9635,3,3,0
view2,758,5,0,0.9755,0.9645,3,3,0
view2,759,5,0,0.9663,0.9633,2,3,0
view2,760,5,0,0.9625,0.9614,3,3,0
view2,761,5,1,0.957,0.9576,3,3,0
view2,762,5,0,0.9839,0.9572,3,3,0
view2,763,5,0,0.9756,0.9555,2,3,0
view2,764,5,0,0.9738,0.9556,3,3,0
view2,765,5,0,0.9697,0.9529,3,3,0
view2,766,5,0,0.9637,0.9505,2,3,0
view2,767,5,0,0.9708,0.9506,2,3,0
view2,768,5,0,0.9643,0.95,2,3,0
view2,769,5,0,0.9684,0.9492,2,3,0
view2,770,5,0,0.9651,0.9493,2,3,0
view2,771,5,0,0.9637,0.9494,4,3,0
view2,772,5,0,0.9564,0.9493,2,3,0
view2,773,5,0,0.9572,0.9482,3,3,0
view2,774,5,0,0.9602,0.9481,3,3,0
view2,775,5,0,0.9533,0.9478,3,3,0
view2,776,5,0,0.9623,0.9476,3,3,0
view2,777,5,0,0.9536,0.9471,2,3,0
view2,778,5,0,0.9544,0.947,3,3,0
view2,779,5,0,0.9609,0.9459,3,3,0
view2,780,5,0,0.9558,0.9456,3,3,0
view2,781,5,0,0.9579,0.9452,2,3,0
view2,782,5,0,0.9593,0.9454,3,3,0
view2,783,5,0,0.9616,0.9456,3,3,0
view2,784,5,0,0.9539,0.9455,2,3,0
view2,785,5,0,0.9585,0.9457,2,3,0
view2,786,5,0,0.9531,0.9453,2,3,0
view2,787,5,0,0.9578,0.9452,2,3,0
view2,788,5,0,0.9553,0.9452,1,3,0
view2,789,5,0,0.9492,0.945,2,3,0
view2,790,5,0,0.9543,0.9445,1,3,0
view2,791,5,0,0.9493,0.944,1,3,0
view2,792,5,1,0.9285,0.9423,1,3,0
view2,793,5,0,0.9895,0.9403,2,1,0
view2,794,5,0,0.9821,0.9372,2,1,0
view2,795,5,0,0.9796,0.9351,1,1,0
view2,796,5,0,0.9715,0.9335,2,1,0
view2,797,5,0,0.9689,0.932,3,1,0
view2,798,5,0,0.9749,0.9303,2,1,0
view2,799,5,0,0.9661,0.9288,1,1,0
view2,800,5,0,0.9628,0.9265,3,1,0
view2,801,5,0,0.9591,0.9243,3,1,0
view2,802,5,0,0.9523,0.9224,1,1,0
view2,803,5,0,0.9287,0.9207,2,1,0
view2,804,5,0,0.9205,0.9188,2,1,0
view2,805,5,1,0.9155,0.9172,2,3,0
view2,806,5,0,0.9818,0.9166,1,2,0
view2,807,5,0,0.9828,0.916,2,2,0
view2,808,5,0,0.9742,0.9152,2,2,0
view2,809,5,0,0.967,0.9141,2,2,0
view2,810,5,0,0.9681,0.9135,2,2,0
view2,811,5,0,0.9657,0.9137,2,2,0
view2,812,5,0,0.9672,0.9137,2,2,0
view2,813,5,0,0.9619,0.9134,2,2,0
view2,814,5,0,0.9624,0.9129,2,2,0
view2,815,5,0,0.9603,0.9124,2,2,0
view2,816,5,0,0.957,0.9117,1,2,0
view2,817,5,0,0.9663,0.911,2,2,0
view2,818,5,0,0.9565,0.9107,2,2,0
view2,819,5,0,0.9563,0.9103,3,2,0
view2,820,5,0,0.9541,0.9098,2,2,0
view2,821,5,0,0.9391,0.9095,2,2,0
view2,822,5,0,0.9464,0.9096,1,3,0
view2,823,5,0,0.9453,0.9095,3,2,0
view2,824,5,0,0.9429,0.9092,2,2,0
view2,825,5,0,0.9473,0.9092,2,3,0
view2,826,5,0,0.951,0.9091,3,2,0
view2,827,5,0,0.9467,0.9091,3,2,0
view2,828,5,0,0.9474,0.909,3,2,0
view2,829,5,0,0.9369,0.9083,3,2,0
view2,830,5,0,0.9462,0.908,3,2,0
view2,831,5,0,0.9476,0.9079,3,2,0
view2,832,5,0,0.942,0.9075,1,3,0
view2,833,5,0,0.9415,0.9072,2,3,0
view2,834,5,1,0.8854,0.9024,0,3,1
view2,835,5,0,0.9704,0.9025,1,0,1
view2,836,5,0,0.9692,0.9023,1,0,1
view2,837,5,0,0.9675,0.9021,2,0,1
view2,838,5,0,0.9427,0.9019,2,0,1
view2,839,5,0,0.9415,0.9016,3,0,1
view2,840,5,0,0.9195,0.9013,1,3,0
view2,841,5,0,0.912,0.9008,2,3,0
view2,842,5,0,0.9272,0.9005,3,2,0
view2,843,5,0,0.9097,0.8994,3,2,0
view2,844,5,0,0.9093,0.8987,2,2,0
view2,845,5,0,0.9078,0.8976,1,2,0
view2,846,5,0,0.9265,0.8972,3,2,0
view2,847,5,0,0.9249,0.8969,2,2,0
view2,848,5,0,0.9223,0.8967,2,2,0
view2,849,5,0,0.9045,0.8958,1,2,0
view2,850,5,0,0.9217,0.8953,1,2,0
view2,851,5,0,0.9104,0.8921,0,0,1
view2,852,5,0,0.9217,0.8921,1,2,0
view2,853,5,0,0.905,0.8915,2,2,0
view2,854,5,0,0.9301,0.8917,2,2,0
view2,855,5,0,0.8926,0.8888,0,0,1
view2,856,5,0,0.9014,0.8881,2,2,0
view2,857,5,0,0.91,0.8873,1,2,0
view2,858,5,0,0.907,0.8867,2,2,0
view2,859,5,0,0.9171,0.8865,2,2,0
view2,860,5,0,0.9243,0.8865,1,2,0
view2,861,5,0,0.9243,0.8864,1,2,0
view2,862,5,0,0.9335,0.8865,1,2,0
view2,863,5,0,0.9378,0.8865,3,2,0
view2,864,5,0,0.9408,0.8866,2,2,0
view2,865,5,0,0.9381,0.8863,3,2,0
view2,866,5,0,0.9389,0.886,2,2,0
view2,867,5,0,0.9232,0.8857,2,2,0
view2,868,5,0,0.9281,0.8853,1,2,0
view2,869,5,0,0.9298,0.885,2,2,0
view2,870,5,0,0.9368,0.8847,1,2,0
view2,871,5,0,0.9372,0.8846,2,2,0
view2,872,5,0,0.9348,0.8845,3,2,0
view2,873,5,0,0.9306,0.8844,3,2,0
view2,874,5,0,0.9338,0.8844,2,2,0
view2,875,5,0,0.947,0.8844,2,2,0
view2,876,5,0,0.9479,0.8843,3,2,0
view2,877,5,0,0.9412,0.8842,2,2,0
view2,878,5,0,0.9259,0.8836,3,2,0
view2,879,5,0,0.9301,0.8832,1,2,0
view2,880,5,0,0.925,0.8828,2,2,0
view2,881,5,0,0.918,0.8823,2,1,0
view2,882,5,0,0.9282,0.8818,1,2,0
view2,883,5,0,0.9216,0.8811,2,2,0
view2,884,5,0,0.9195,0.8804,1,1,0
view2,885,5,0,0.9291,0.8799,2,1,0
view2,886,5,0,0.921,0.8792,2,1,0
view2,887,5,0,0.9208,0.8785,2,2,0
view2,888,5,0,0.928,0.8778,2,1,0
view2,889,5,0,0.9335,0.8774,2,1,0
view2,890,5,0,0.9166,0.8766,2,1,0
view2,891,5,0,0.9294,0.8759,2,1,0
view2,892,5,0,0.9148,0.8753,3,1,0
view2,893,5,0,0.9135,0.8746,3,1,0
view2,894,5,0,0.9176,0.874,2,1,0
view2,895,5,0,0.9168,0.8733,3,1,0
view2,896,5,0,0.9162,0.8725,2,1,0
view2,897,5,0,0.9083,0.8718,2,1,0
view2,898,5,0,0.9235,0.8712,3,1,0
view2,899,5,0,0.9401,0.8709,2,1,0
view2,900,6,1,0.0,0.85,3,0,0
view2,901,6,0,0.9822,0.85,3,3,0
view2,902,6,0,0.9757,0.9757,3,3,0
view2,903,6,0,0.9797,0.9765,2,3,0
view2,904,6,1,0.9725,0.9738,3,3,0
view2,905,6,0,0.9851,0.9713,2,3,0
view2,906,6,0,0.9787,0.9671,3,3,0
view2,907,6,0,0.9752,0.964,3,3,0
view2,908,6,1,0.9588,0.959,3,3,0
view2,909,6,0,0.9835,0.9608,3,3,0
view2,910,6,0,0.9776,0.9587,3,3,0
view2,911,6,0,0.9705,0.9582,3,3,0
view2,912,6,0,0.9735,0.9565,3,3,0
view2,913,6,0,0.9637,0.9549,3,3,0
view2,914,6,0,0.9581,0.9524,3,3,0
view2,915,6,0,0.9581,0.9508,3,3,0
view2,916,6,0,0.9522,0.9487,3,3,0
view2,917,6,0,0.9562,0.9462,3,3,0
view2,918,6,0,0.9536,0.9452,3,3,0
view2,919,6,0,0.9494,0.9442,3,3,0
view2,920,6,0,0.9467,0.9427,3,3,0
view2,921,6,1,0.9372,0.9403,3,3,0
view2,922,6,0,0.9881,0.9372,3,3,0
view2,923,6,0,0.9706,0.9338,3,3,0
view2,924,6,0,0.977,0.9324,3,3,0
view2,925,6,0,0.9674,0.9296,3,3,0
view2,926,6,0,0.9503,0.9256,3,3,0
view2,927,6,0,0.9613,0.9244,4,3,0
view2,928,6,0,0.9633,0.9234,3,3,0
view2,929,6,0,0.9643,0.9226,4,3,0
view2,930,6,0,0.9652,0.9218,3,3,0
view2,931,6,0,0.9541,0.9216,3,3,0
view2,932,6,0,0.9593,0.9214,3,3,0
view2,933,6,0,0.9514,0.9215,3,3,0
view2,934,6,0,0.9451,0.9214,3,3,0
view2,935,6,0,0.9515,0.9214,3,3,0
view2,936,6,0,0.9423,0.9206,2,3,0
view2,937,6,0,0.9533,0.9209,3,3,0
view2,938,6,0,0.9304,0.919,3,3,0
view2,939,6,0,0.9265,0.9174,1,3,0
view2,940,6,0,0.9284,0.9162,2,3,0
view2,941,6,0,0.9354,0.9154,2,3,0
view2,942,6,0,0.9425,0.9151,2,3,0
view2,943,6,0,0.9302,0.9145,3,3,0
view2,944,6,0,0.9468,0.9148,1,3,0
view2,945,6,0,0.9363,0.915,2,3,0
view2,946,6,0,0.9529,0.9155,2,3,0
view2,947,6,0,0.9567,0.916,2,3,0
view2,948,6,0,0.9458,0.9162,2,3,0
view2,949,6,0,0.9353,0.9162,1,3,0
view2,950,6,0,0.9487,0.9166,2,3,0
view2,951,6,0,0.9488,0.9169,1,3,0
view2,952,6,0,0.9515,0.9173,1,3,0
view2,953,6,0,0.9465,0.9175,1,3,0
view2,954,6,0,0.9405,0.9176,2,3,0
view2,955,6,0,0.9483,0.9177,1,3,0
view2,956,6,1,0.8898,0.9124,0,3,1
view2,957,6,0,0.9759,0.9083,0,0,1
view2,958,6,0,0.9527,0.9063,0,0,1
view2,959,6,0,0.947,0.9065,1,0,1
view2,960,6,0,0.9595,0.9067,2,0,1
view2,961,6,0,0.9523,0.9048,0,0,1
view2,962,6,0,0.9532,0.9051,2,3,0
view2,963,6,0,0.9408,0.9054,1,3,0
view2,964,6,0,0.9532,0.9038,0,0,1
view2,965,6,0,0.9463,0.9042,1,3,0
view2,966,6,0,0.9306,0.9037,2,3,0
view2,967,6,0,0.9379,0.9034,3,3,0
view2,968,6,0,0.9361,0.9025,1,3,0
view2,969,6,0,0.9425,0.9015,2,3,0
view2,970,6,0,0.9425,0.9014,2,3,0
view2,971,6,0,0.9407,0.9015,3,3,0
view2,972,6,0,0.9367,0.9013,2,3,0
view2,973,6,0,0.9288,0.9012,3,3,0
view2,974,6,0,0.9376,0.9011,2,3,0
view2,975,6,0,0.9429,0.9011,3,3,0
view2,976,6,0,0.9431,0.9013,3,3,0
view2,977,6,0,0.931,0.9008,3,3,0
view2,978,6,0,0.94,0.9009,2,3,0
view2,979,6,0,0.9393,0.9008,2,3,0
view2,980,6,0,0.9364,0.9006,2,3,0
view2,981,6,0,0.9339,0.9003,2,3,0
view2,982,6,0,0.9313,0.8991,3,3,0
view2,983,6,0,0.9289,0.8977,2,3,0
view2,984,6,0,0.9207,0.8961,2,3,0
view2,985,6,0,0.9302,0.8956,2,3,0
view2,986,6,0,0.9417,0.8946,3,3,0
view2,987,6,0,0.944,0.8944,1,3,0
view2,988,6,0,0.9388,0.8942,3,3,0
view2,989,6,0,0.9215,0.8929,2,3,0
view2,990,6,0,0.9249,0.8922,2,3,0
view2,991,6,0,0.915,0.8905,2,3,0
view2,992,6,0,0.9155,0.8888,2,3,0
view2,993,6,0,0.9157,0.887,2,3,0
view2,994,6,0,0.8939,0.885,3,3,0
view2,995,6,0,0.9002,0.8832,2,3,0
view2,996,6,0,0.9003,0.8815,3,3,0
view2,997,6,0,0.9029,0.8802,3,3,0
view2,998,6,0,0.9047,0.8789,3,3,0
view2,999,6,0,0.9085,0.8778,3,3,0
view2,1000,6,0,0.9093,0.8763,3,3,0
view2,1001,6,0,0.916,0.8756,3,3,0
view2,1002,6,0,0.9166,0.8748,3,3,0
view2,1003,6,0,0.9165,0.8742,3,3,0
view2,1004,6,0,0.922,0.8741,3,3,0
view2,1005,6,0,0.919,0.8734,3,3,0
view2,1006,6,0,0.9146,0.8726,3,3,0
view2,1007,6,0,0.9047,0.8712,3,3,0
view2,1008,6,0,0.8937,0.8696,3,3,0
view2,1009,6,0,0.8917,0.8677,2,3,0
view2,1010,6,0,0.8878,0.8657,3,3,0
view2,1011,6,0,0.8858,0.8642,4,3,0
view2,1012,6,0,0.8744,0.8626,3,3,0
view2,1013,6,0,0.9007,0.8616,3,3,0
view2,1014,6,0,0.8837,0.8606,3,3,0
view2,1015,6,0,0.8986,0.8596,3,3,0
view2,1016,6,0,0.9084,0.8592,3,3,0
view2,1017,6,0,0.9118,0.8587,3,3,0
view2,1018,6,0,0.9189,0.8584,3,3,0
view2,1019,6,0,0.9048,0.8578,3,3,0
view2,1020,6,0,0.9177,0.8575,3,3,0
view2,1021,6,0,0.9225,0.8575,2,3,0
view2,1022,6,0,0.9299,0.8574,3,3,0
view2,1023,6,0,0.924,0.8574,2,3,0
view2,1024,6,0,0.9178,0.8572,2,3,0
view2,1025,6,0,0.9125,0.8568,3,3,0
view2,1026,6,0,0.9235,0.8564,2,3,0
view2,1027,6,0,0.9219,0.8562,2,3,0
view2,1028,6,0,0.9249,0.8561,2,3,0
view2,1029,6,0,0.9174,0.856,1,3,0
view2,1030,6,0,0.9116,0.8557,2,3,0
view2,1031,6,0,0.9282,0.8557,2,3,0
view2,1032,6,0,0.9279,0.8552,2,3,0
view2,1033,6,0,0.9161,0.8544,2,3,0
view2,1034,6,0,0.9099,0.8539,2,3,0
view2,1035,6,0,0.9145,0.8534,2,3,0
view2,1036,6,0,0.9222,0.8529,2,3,0
view2,1037,6,0,0.9242,0.8527,2,3,0
view2,1038,6,0,0.904,0.8522,2,3,0
view2,1039,6,0,0.8891,0.8514,2,3,0
view2,1040,6,0,0.8854,0.8505,2,3,0
view2,1041,6,0,0.9003,0.8501,2,3,0
view2,1042,6,0,0.9114,0.8499,2,3,0
view2,1043,6,0,0.918,0.8497,2,3,0
view2,1044,6,0,0.9209,0.8496,2,3,0
view2,1045,6,0,0.91,0.8492,2,3,0
view2,1046,6,0,0.9113,0.8489,3,3,0
view2,1047,6,0,0.91,0.8486,3,3,0
view2,1048,6,0,0.9258,0.8485,3,3,0
view2,1049,6,0,0.9173,0.848,3,3,0
view2,1050,7,1,0.0,0.85,3,0,0
view2,1051,7,0,0.9877,0.85,3,3,0
view2,1052,7,0,0.9819,0.9819,4,3,0
view2,1053,7,1,0.9773,0.978,3,3,0
view2,1054,7,0,0.9869,0.9725,3,3,0
view2,1055,7,0,0.9836,0.968,3,3,0
view2,1056,7,0,0.9736,0.9633,3,3,0
view2,1057,7,0,0.9655,0.9576,3,3,0
view2,1058,7,0,0.9715,0.9562,3,3,0
view2,1059,7,0,0.9757,0.9567,4,3,0
view2,1060,7,0,0.9664,0.9547,3,3,0
view2,1061,7,0,0.9723,0.9551,3,3,0
view2,1062,7,0,0.9644,0.9551,3,3,0
view2,1063,7,0,0.9568,0.9533,3,3,0
view2,1064,7,0,0.9596,0.9528,3,3,0
view2,1065,7,0,0.9596,0.9519,3,3,0
view2,1066,7,0,0.9588,0.9512,3,3,0
view2,1067,7,1,0.9467,0.9487,3,3,0
view2,1068,7,0,0.9814,0.9475,3,3,0
view2,1069,7,0,0.972,0.9463,2,3,0
view2,1070,7,0,0.9578,0.9462,2,3,0
view2,1071,7,0,0.9654,0.9459,3,3,0
view2,1072,7,0,0.9642,0.9441,2,3,0
view2,1073,7,0,0.9468,0.9415,3,3,0
view2,1074,7,1,0.9185,0.936,2,3,0
view2,1075,7,0,0.9787,0.9326,2,2,0
view2,1076,7,0,0.9701,0.9298,3,2,0
view2,1077,7,0,0.967,0.9273,3,2,0
view2,1078,7,0,0.9726,0.9253,2,2,0
view2,1079,7,0,0.974,0.924,2,2,0
view2,1080,7,0,0.9714,0.9243,2,2,0
view2,1081,7,0,0.9687,0.9233,2,2,0
view2,1082,7,0,0.9546,0.9229,2,2,0
view2,1083,7,0,0.9525,0.9216,2,2,0
view2,1084,7,0,0.9336,0.9199,2,2,0
view2,1085,7,0,0.923,0.9169,2,2,0
view2,1086,7,0,0.9238,0.9137,2,2,0
view2,1087,7,0,0.9117,0.9112,2,3,0
view2,1088,7,0,0.9293,0.9101,1,3,0
view2,1089,7,0,0.9337,0.9099,1,3,0
view2,1090,7,0,0.9299,0.9095,1,3,0
view2,1091,7,0,0.9391,0.9096,2,3,0
view2,1092,7,0,0.9333,0.9094,1,3,0
view2,1093,7,0,0.9369,0.9095,2,3,0
view2,1094,7,0,0.9244,0.9092,1,3,0
view2,1095,7,0,0.9343,0.9089,3,3,0
view2,1096,7,0,0.9396,0.9092,2,3,0
view2,1097,7,0,0.9372,0.9094,2,3,0
view2,1098,7,0,0.9291,0.9094,2,2,0
view2,1099,7,0,0.9154,0.9089,2,3,0
view2,1100,7,0,0.9246,0.9087,2,3,0
view2,1101,7,0,0.9334,0.9086,1,3,0
view2,1102,7,1,0.852,0.9015,0,3,1
view2,1103,7,0,0.9574,0.9018,1,0,1
view2,1104,7,0,0.9428,0.9022,1,3,0
view2,1105,7,0,0.9502,0.9025,2,3,0
view2,1106,7,0,0.9448,0.9026,1,3,0
view2,1107,7,0,0.9485,0.9029,1,3,0
view2,1108,7,0,0.9427,0.9029,1,3,0
view2,1109,7,0,0.9397,0.9027,1,3,0
view2,1110,7,0,0.9497,0.9026,1,3,0
view2,1111,7,0,0.9492,0.9021,1,3,0
view2,1112,7,0,0.9396,0.9004,1,3,0
view2,1113,7,0,0.9514,0.9003,1,3,0
view2,1114,7,0,0.9417,0.8999,1,3,0
view2,1115,7,0,0.9555,0.8999,1,3,0
view2,1116,7,0,0.9561,0.8998,1,3,0
view2,1117,7,0,0.9623,0.8997,1,3,0
view2,1118,7,0,0.9617,0.8995,1,3,0
view2,1119,7,0,0.9594,0.8995,1,3,0
view2,1120,7,0,0.9587,0.8995,1,3,0
view2,1121,7,0,0.9542,0.8993,1,3,0
view2,1122,7,0,0.9595,0.8989,1,3,0
view2,1123,7,0,0.9493,0.8986,1,3,0
view2,1124,7,0,0.9479,0.8978,1,3,0
view2,1125,7,0,0.948,0.8977,1,3,0
view2,1126,7,0,0.952,0.8972,1,3,0
view2,1127,7,0,0.9504,0.8968,2,3,0
view2,1128,7,0,0.9477,0.8966,2,3,0
view2,1129,7,0,0.9492,0.8957,1,3,0
view2,1130,7,0,0.9468,0.8951,1,3,0
view2,1131,7,0,0.9355,0.8945,1,3,0
view2,1132,7,0,0.901,0.8924,0,3,1
view2,1133,7,0,0.8974,0.8905,0,3,1
view2,1134,7,0,0.9488,0.8901,1,3,0
view2,1135,7,0,0.9455,0.8893,1,3,0
view2,1136,7,0,0.9304,0.8883,1,3,0
view2,1137,7,0,0.9355,0.8873,1,3,0
view2,1138,7,0,0.9396,0.8865,1,3,0
view2,1139,7,0,0.9356,0.8854,1,3,0
view2,1140,7,0,0.9344,0.8846,1,3,0
view2,1141,7,0,0.9227,0.8834,1,3,0
view2,1142,7,0,0.9332,0.8825,3,2,0
view2,1143,7,0,0.9466,0.8814,2,2,0
view2,1144,7,0,0.9026,0.8783,0,2,1
view2,1145,7,0,0.9145,0.876,0,2,1
view2,1146,7,0,0.9401,0.8748,1,2,0
view2,1147,7,0,0.9315,0.8727,2,2,0
view2,1148,7,0,0.937,0.8708,1,2,0
view2,1149,7,0,0.9287,0.8689,2,2,0
view2,1150,7,0,0.943,0.8675,1,2,0
view2,1151,7,0,0.9534,0.8667,1,2,0
view2,1152,7,0,0.9441,0.8654,1,2,0
view2,1153,7,0,0.9414,0.865,1,2,0
view2,1154,7,0,0.9223,0.8642,2,3,0
view2,1155,7,0,0.8877,0.8628,0,3,1
view2,1156,7,0,0.9391,0.8626,2,2,0
view2,1157,7,0,0.9337,0.8622,2,3,0
view2,1158,7,0,0.8777,0.8605,0,2,1
view2,1159,7,0,0.9011,0.8596,0,3,1
view2,1160,7,0,0.9428,0.8593,1,3,0
view2,1161,7,0,0.9364,0.8589,1,3,0
view2,1162,7,0,0.9329,0.8583,1,3,0
view2,1163,7,1,0.8262,0.8549,0,3,1
view2,1164,7,0,0.9752,0.8529,0,0,1
view2,1165,7,0,0.9463,0.8516,0,0,1
view2,1166,7,0,0.9605,0.8512,1,0,1
view2,1167,7,0,0.9514,0.8509,1,0,1
view2,1168,7,0,0.9469,0.8496,0,0,1
view2,1169,7,0,0.9503,0.8497,2,3,0
view2,1170,7,0,0.9494,0.8498,3,3,0
view2,1171,7,0,0.9528,0.8498,1,3,0
view2,1172,7,0,0.9415,0.8495,1,3,0
view2,1173,7,0,0.9411,0.8489,1,0,1
view2,1174,7,0,0.9348,0.8484,1,0,1
view2,1175,7,0,0.9455,0.8483,3,3,0
view2,1176,7,0,0.9382,0.8482,1,3,0
view2,1177,7,0,0.9358,0.848,1,3,0
view2,1178,7,0,0.9363,0.8476,3,3,0
view2,1179,7,0,0.9381,0.8476,2,3,0
view2,1180,7,0,0.9484,0.8475,2,3,0
view2,1181,7,0,0.9417,0.8475,2,3,0
view2,1182,7,0,0.9285,0.8471,1,3,0
view2,1183,7,0,0.9352,0.8468,2,3,0
view2,1184,7,0,0.9328,0.8464,1,3,0
view2,1185,7,0,0.9313,0.8459,2,3,0
view2,1186,7,0,0.9428,0.8457,2,3,0
view2,1187,7,0,0.9452,0.8456,2,3,0
view2,1188,7,0,0.9331,0.8453,2,3,0
view2,1189,7,0,0.9366,0.845,2,3,0
view2,1190,7,0,0.9294,0.8447,3,3,0
view2,1191,7,0,0.9405,0.8446,2,3,0
view2,1192,7,0,0.9344,0.8443,3,3,0
view2,1193,7,0,0.9378,0.8439,3,3,0
view2,1194,7,0,0.9206,0.8433,2,3,0
view2,1195,7,0,0.9208,0.8428,2,3,0
view2,1196,7,0,0.9179,0.8423,2,3,0
view2,1197,7,0,0.9163,0.8419,3,3,0
view2,1198,7,0,0.9162,0.8414,3,3,0
view2,1199,7,0,0.9105,0.8405,3,3,0
view2,1200,8,1,0.0,0.85,3,0,0
view2,1201,8,0,0.9834,0.85,2,3,0
view2,1202,8,0,0.9738,0.9738,3,3,0
view2,1203,8,0,0.9777,0.9743,3,3,0
view2,1204,8,1,0.9722,0.9724,4,3,0
view2,1205,8,0,0.977,0.9597,3,4,0
view2,1206,8,0,0.9673,0.9523,3,4,0
view2,1207,8,0,0.967,0.9464,3,4,0
view2,1208,8,0,0.9737,0.9462,4,4,0
view2,1209,8,0,0.9677,0.9457,3,4,0
view2,1210,8,0,0.9681,0.9445,3,4,0
view2,1211,8,0,0.9745,0.945,3,4,0
view2,1212,8,0,0.9733,0.9454,3,4,0
view2,1213,8,0,0.9696,0.9451,2,4,0
view2,1214,8,0,0.9679,0.9445,3,4,0
view2,1215,8,0,0.9697,0.9442,3,4,0
view2,1216,8,0,0.9692,0.9437,3,4,0
view2,1217,8,0,0.9735,0.9439,3,4,0
view2,1218,8,0,0.9704,0.9439,2,4,0
view2,1219,8,0,0.9617,0.9431,3,4,0
view2,1220,8,0,0.9611,0.9425,2,4,0
view2,1221,8,0,0.9549,0.9413,3,4,0
view2,1222,8,0,0.9576,0.9407,3,4,0
view2,1223,8,0,0.9462,0.9388,3,4,0
view2,1224,8,0,0.9422,0.937,2,4,0
view2,1225,8,0,0.9581,0.937,2,4,0
view2,1226,8,0,0.9539,0.9368,3,4,0
view2,1227,8,0,0.9485,0.9363,5,4,0
view2,1228,8,0,0.955,0.9359,4,4,0
view2,1229,8,0,0.9579,0.9359,3,4,0
view2,1230,8,0,0.9549,0.9357,3,4,0
view2,1231,8,0,0.9473,0.9351,2,4,0
view2,1232,8,0,0.9469,0.9343,2,4,0
view2,1233,8,0,0.9607,0.9343,3,4,0
view2,1234,8,0,0.9549,0.9342,3,4,0
view2,1235,8,0,0.9465,0.9338,2,4,0
view2,1236,8,0,0.9527,0.9336,1,4,0
view2,1237,8,0,0.9518,0.9333,2,4,0
view2,1238,8,0,0.9487,0.9329,1,4,0
view2,1239,8,0,0.9458,0.9324,2,4,0
view2,1240,8,0,0.9438,0.9322,2,4,0
view2,1241,8,0,0.9506,0.9319,2,4,0
view2,1242,8,0,0.9423,0.9314,2,4,0
view2,1243,8,0,0.9331,0.9306,2,4,0
view2,1244,8,0,0.9435,0.9302,2,4,0
view2,1245,8,0,0.9553,0.9301,1,4,0
view2,1246,8,0,0.9492,0.9299,2,4,0
view2,1247,8,0,0.951,0.9297,3,4,0
view2,1248,8,0,0.9549,0.9296,2,4,0
view2,1249,8,0,0.9593,0.9297,2,4,0
view2,1250,8,0,0.9506,0.9294,3,4,0
view2,1251,8,0,0.9403,0.9289,3,4,0
view2,1252,8,0,0.954,0.929,2,4,0
view2,1253,8,0,0.9466,0.9288,2,4,0
view2,1254,8,0,0.9398,0.9285,2,4,0
view2,1255,8,0,0.9492,0.9284,5,4,0
view2,1256,8,0,0.9481,0.9283,2,4,0
view2,1257,8,0,0.9399,0.9279,4,4,0
view2,1258,8,1,0.9221,0.9268,2,4,0
view2,1259,8,0,0.9811,0.9261,2,2,0
view2,1260,8,0,0.9791,0.9258,3,2,0
view2,1261,8,0,0.9816,0.925,3,2,0
view2,1262,8,0,0.9645,0.9251,3,2,0
view2,1263,8,0,0.963,0.9249,1,2,0
view2,1264,8,0,0.9335,0.9221,0,2,1
view2,1265,8,0,0.9643,0.922,3,2,0
view2,1266,8,0,0.9548,0.9221,3,2,0
view2,1267,8,0,0.9694,0.922,3,2,0
view2,1268,8,0,0.9699,0.9219,2,2,0
view2,1269,8,0,0.9514,0.9215,2,2,0
view2,1270,8,0,0.963,0.9214,2,2,0
view2,1271,8,0,0.969,0.9215,2,2,0
view2,1272,8,0,0.9681,0.9215,2,2,0
view2,1273,8,0,0.9572,0.921,2,2,0
view2,1274,8,0,0.96,0.9204,2,2,0
view2,1275,8,0,0.9691,0.9202,2,2,0
view2,1276,8,0,0.9516,0.9201,2,2,0
view2,1277,8,0,0.9558,0.9201,2,2,0
view2,1278,8,0,0.9424,0.9195,3,2,0
view2,1279,8,0,0.9407,0.9194,2,4,0
view2,1280,8,0,0.9386,0.9192,3,4,0
view2,1281,8,0,0.9524,0.9189,3,2,0
view2,1282,8,0,0.9515,0.9189,2,2,0
view2,1283,8,0,0.9538,0.9189,2,2,0
view2,1284,8,0,0.9536,0.9188,2,2,0
view2,1285,8,0,0.9536,0.9187,3,2,0
view2,1286,8,0,0.9516,0.9188,2,2,0
view2,1287,8,0,0.9459,0.9189,2,2,0
view2,1288,8,0,0.9409,0.9188,3,2,0
view2,1289,8,0,0.9274,0.9187,2,4,0
view2,1290,8,0,0.9325,0.9186,2,2,0
view2,1291,8,0,0.9457,0.9187,2,2,0
view2,1292,8,0,0.9426,0.9185,1,2,0
view2,1293,8,0,0.9506,0.9185,2,2,0
view2,1294,8,0,0.9275,0.9184,2,2,0
view2,1295,8,0,0.9465,0.9184,2,2,0
view2,1296,8,0,0.9373,0.9182,1,2,0
view2,1297,8,0,0.9428,0.9181,2,2,0
view2,1298,8,0,0.9462,0.9182,1,2,0
view2,1299,8,0,0.9399,0.9182,1,2,0
view2,1300,8,0,0.9404,0.9182,2,3,0
view2,1301,8,0,0.9456,0.9183,1,3,0
view2,1302,8,0,0.9439,0.9184,2,3,0
view2,1303,8,0,0.9341,0.9183,1,3,0
view2,1304,8,0,0.9487,0.9185,2,3,0
view2,1305,8,0,0.9415,0.9185,2,3,0
view2,1306,8,0,0.9473,0.9186,3,2,0
view2,1307,8,0,0.9344,0.9187,2,3,0
view2,1308,8,0,0.9523,0.9187,2,4,0
view2,1309,8,0,0.945,0.9189,2,2,0
view2,1310,8,0,0.9435,0.919,2,3,0
view2,1311,8,0,0.9412,0.9191,2,2,0
view2,1312,8,0,0.9581,0.9192,2,2,0
view2,1313,8,0,0.9609,0.9194,2,4,0
view2,1314,8,0,0.95,0.9194,2,4,0
view2,1315,8,0,0.9522,0.9194,3,2,0
view2,1316,8,0,0.9541,0.9193,1,2,0
view2,1317,8,0,0.9441,0.9191,3,2,0
view2,1318,8,0,0.9414,0.9189,4,2,0
view2,1319,8,1,0.8872,0.9159,0,2,1
view2,1320,8,0,0.9602,0.9157,1,0,1
view2,1321,8,0,0.948,0.9159,1,2,0
view2,1322,8,0,0.9561,0.916,2,2,0
view2,1323,8,0,0.9483,0.9159,2,4,0
view2,1324,8,0,0.9483,0.9153,2,4,0
view2,1325,8,0,0.9421,0.9148,2,4,0
view2,1326,8,0,0.9576,0.9149,1,2,0
view2,1327,8,0,0.9527,0.915,2,4,0
view2,1328,8,0,0.9586,0.9149,3,2,0
view2,1329,8,0,0.9489,0.9147,1,2,0
view2,1330,8,0,0.9545,0.9145,3,2,0
view2,1331,8,0,0.9477,0.9143,3,2,0
view2,1332,8,0,0.9536,0.9141,3,2,0
view2,1333,8,0,0.9543,0.9139,2,2,0
view2,1334,8,0,0.9478,0.9137,2,2,0
view2,1335,8,0,0.9602,0.9135,3,2,0
view2,1336,8,0,0.9406,0.9127,4,2,0
view2,1337,8,0,0.9509,0.9121,5,2,0
view2,1338,8,0,0.9607,0.9116,4,2,0
view2,1339,8,0,0.9494,0.9111,4,2,0
view2,1340,8,0,0.9447,0.9104,4,2,0
view2,1341,8,0,0.942,0.9097,4,2,0
view2,1342,8,0,0.9445,0.909,4,2,0
view2,1343,8,0,0.934,0.9081,4,4,0
view2,1344,8,0,0.9345,0.9075,4,4,0
view2,1345,8,0,0.9282,0.9068,4,2,0
view2,1346,8,0,0.9275,0.9062,3,2,0
view2,1347,8,0,0.9224,0.9054,4,2,0
view2,1348,8,0,0.9248,0.9046,4,2,0
view2,1349,8,0,0.942,0.9041,3,2,0
view2,1350,9,1,0.0,0.85,2,0,0
view2,1351,9,0,0.9707,0.85,4,2,0
view2,1352,9,0,0.9741,0.9707,3,2,0
view2,1353,9,1,0.969,0.9691,4,2,0
view2,1354,9,0,0.9794,0.9645,3,4,0
view2,1355,9,0,0.9755,0.9619,4,4,0
view2,1356,9,0,0.9706,0.9619,2,4,0
view2,1357,9,0,0.9677,0.959,3,4,0
view2,1358,9,0,0.9584,0.9569,2,4,0
view2,1359,9,0,0.9595,0.9554,3,4,0
view2,1360,9,0,0.9613,0.9544,4,4,0
view2,1361,9,0,0.9573,0.9529,3,4,0
view2,1362,9,0,0.9577,0.9527,3,4,0
view2,1363,9,0,0.9543,0.9518,3,2,0
view2,1364,9,1,0.9479,0.9501,2,4,0
view2,1365,9,0,0.9667,0.9467,4,2,0
view2,1366,9,0,0.9669,0.9465,3,2,0
view2,1367,9,0,0.9592,0.9459,2,2,0
view2,1368,9,0,0.9512,0.9436,3,2,0
view2,1369,9,0,0.96,0.9433,4,2,0
view2,1370,9,1,0.9336,0.9391,4,2,0
view2,1371,9,0,0.9835,0.936,4,4,0
view2,1372,9,0,0.9803,0.9331,4,4,0
view2,1373,9,0,0.9761,0.9298,3,4,0
view2,1374,9,0,0.9708,0.9288,4,4,0
view2,1375,9,0,0.9813,0.9275,4,4,0
view2,1376,9,0,0.9695,0.9268,4,4,0
view2,1377,9,0,0.9615,0.9267,4,4,0
view2,1378,9,0,0.9587,0.9261,4,4,0
view2,1379,9,0,0.9554,0.9253,2,4,0
view2,1380,9,0,0.9452,0.9242,2,4,0
view2,1381,9,0,0.9391,0.9241,3,4,0
view2,1382,9,0,0.9434,0.9237,3,4,0
view2,1383,9,0,0.9474,0.9234,3,4,0
view2,1384,9,0,0.9319,0.9226,3,4,0
view2,1385,9,0,0.9404,0.922,2,4,0
view2,1386,9,0,0.935,0.9216,4,4,0
view2,1387,9,0,0.9337,0.9213,4,2,0
view2,1388,9,0,0.9368,0.9212,3,4,0
view2,1389,9,0,0.9378,0.9204,2,2,0
view2,1390,9,0,0.9431,0.9203,3,2,0
view2,1391,9,0,0.9384,0.9195,1,4,0
view2,1392,9,0,0.932,0.9185,3,4,0
view2,1393,9,0,0.9212,0.9173,4,4,0
view2,1394,9,0,0.9375,0.917,4,2,0
view2,1395,9,0,0.9356,0.9166,3,2,0
view2,1396,9,0,0.9322,0.9157,3,2,0
view2,1397,9,0,0.9291,0.9147,3,2,0
view2,1398,9,0,0.9334,0.9138,3,2,0
view2,1399,9,0,0.9393,0.9133,3,2,0
view2,1400,9,0,0.9306,0.9124,4,2,0
view2,1401,9,1,0.9094,0.9101,3,2,0
view2,1402,9,0,0.9793,0.9087,3,3,0
view2,1403,9,0,0.9705,0.9064,3,3,0
view2,1404,9,0,0.9658,0.905,4,3,0
view2,1405,9,0,0.9571,0.9041,3,3,0
view2,1406,9,0,0.9518,0.9033,2,3,0
view2,1407,9,0,0.9369,0.9009,1,3,0
view2,1408,9,0,0.9575,0.9005,1,3,0
view2,1409,9,0,0.9527,0.9003,2,3,0
view2,1410,9,0,0.9542,0.8995,1,3,0
view2,1411,9,0,0.9547,0.8992,2,3,0
view2,1412,9,0,0.9572,0.8988,2,3,0
view2,1413,9,0,0.9618,0.8985,3,3,0
view2,1414,9,0,0.956,0.8988,3,3,0
view2,1415,9,0,0.9408,0.8988,3,3,0
view2,1416,9,0,0.9418,0.899,3,3,0
view2,1417,9,0,0.9508,0.8992,2,3,0
view2,1418,9,0,0.9385,0.8994,3,2,0
view2,1419,9,0,0.9356,0.8996,1,2,0
view2,1420,9,0,0.9265,0.8994,2,2,0
view2,1421,9,0,0.926,0.8994,2,2,0
view2,1422,9,0,0.9171,0.8989,3,2,0
view2,1423,9,0,0.9363,0.8991,5,2,0
view2,1424,9,0,0.9234,0.8989,4,2,0
view2,1425,9,0,0.9385,0.8989,5,2,0
view2,1426,9,0,0.9356,0.8989,3,2,0
view2,1427,9,0,0.9333,0.8989,3,2,0
view2,1428,9,0,0.9384,0.8991,2,2,0
view2,1429,9,0,0.9379,0.8993,4,4,0
view2,1430,9,0,0.9337,0.8995,2,2,0
view2,1431,9,0,0.9299,0.8995,3,4,0
view2,1432,9,0,0.928,0.8992,3,4,0
view2,1433,9,0,0.9369,0.8991,3,4,0
view2,1434,9,0,0.9285,0.8988,3,4,0
view2,1435,9,0,0.9297,0.8987,3,4,0
view2,1436,9,0,0.9294,0.8984,3,4,0
view2,1437,9,0,0.9435,0.8985,2,4,0
view2,1438,9,0,0.934,0.8983,2,4,0
view2,1439,9,0,0.9385,0.8984,3,4,0
view2,1440,9,0,0.9234,0.8983,2,4,0
view2,1441,9,0,0.9238,0.8983,2,4,0
view2,1442,9,0,0.9243,0.8983,3,4,0
view2,1443,9,0,0.9261,0.8982,3,4,0
view2,1444,9,0,0.9444,0.8983,2,4,0
view2,1445,9,0,0.9379,0.8984,4,4,0
view2,1446,9,0,0.9366,0.8986,4,4,0
view2,1447,9,0,0.9366,0.8987,4,2,0
view2,1448,9,0,0.9357,0.8987,2,4,0
view2,1449,9,0,0.9333,0.8988,3,4,0
view2,1450,9,0,0.9272,0.8989,4,2,0
view2,1451,9,0,0.9295,0.899,4,4,0
view2,1452,9,0,0.9267,0.8989,5,3,0
view2,1453,9,0,0.9228,0.8987,4,3,0
view2,1454,9,0,0.9288,0.8983,3,3,0
view2,1455,9,0,0.9199,0.8978,4,3,0
view2,1456,9,0,0.9197,0.8977,4,3,0
view2,1457,9,0,0.9298,0.8977,2,3,0
view2,1458,9,0,0.9397,0.8976,3,3,0
view2,1459,9,0,0.9334,0.8971,3,3,0
view2,1460,9,0,0.9389,0.8971,3,3,0
view2,1461,9,0,0.9283,0.8969,5,3,0
view2,1462,9,0,0.9176,0.8964,4,3,0
view2,1463,9,0,0.925,0.8957,3,3,0
view2,1464,9,0,0.9223,0.8953,2,3,0
view2,1465,9,0,0.9331,0.8953,2,3,0
view2,1466,9,0,0.934,0.8953,1,3,0
view2,1467,9,0,0.9285,0.8954,2,4,0
view2,1468,9,0,0.9263,0.8953,2,3,0
view2,1469,9,0,0.9267,0.8953,2,3,0
view2,1470,9,0,0.9167,0.8952,2,4,0
view2,1471,9,0,0.9165,0.895,2,3,0
view2,1472,9,0,0.9094,0.8948,2,3,0
view2,1473,9,0,0.9175,0.8947,2,3,0
view2,1474,9,0,0.9295,0.8945,2,3,0
view2,1475,9,0,0.9187,0.8943,3,3,0
view2,1476,9,0,0.9302,0.894,3,3,0
view2,1477,9,0,0.9389,0.8938,4,3,0
view2,1478,9,0,0.946,0.8938,5,3,0
view2,1479,9,0,0.9395,0.8935,3,3,0
view2,1480,9,0,0.9412,0.8934,4,3,0
view2,1481,9,0,0.9426,0.8935,3,3,0
view2,1482,9,0,0.9418,0.8934,4,3,0
view2,1483,9,0,0.9349,0.8933,2,3,0
view2,1484,9,0,0.9404,0.8932,1,3,0
view2,1485,9,0,0.9382,0.8931,2,3,0
view2,1486,9,0,0.9412,0.8931,4,3,0
view2,1487,9,0,0.9382,0.8932,3,3,0
view2,1488,9,0,0.9294,0.8933,4,2,0
view2,1489,9,0,0.9359,0.8935,4,2,0
view2,1490,9,0,0.933,0.8936,2,4,0
view2,1491,9,0,0.9229,0.8937,4,4,0
view2,1492,9,0,0.9309,0.8939,3,4,0
view2,1493,9,0,0.9271,0.894,2,4,0
view2,1494,9,0,0.9294,0.8941,2,4,0
view2,1495,9,0,0.9359,0.8943,2,4,0
view2,1496,9,0,0.9188,0.8941,2,4,0
view2,1497,9,0,0.9139,0.894,3,4,0
view2,1498,9,0,0.9029,0.8936,3,2,0
view2,1499,9,0,0.8992,0.8933,2,2,0
view2,1500,10,1,0.0,0.85,3,0,0
view2,1501,10,0,0.98,0.85,4,3,0
view2,1502,10,0,0.9752,0.9752,4,3,0
view2,1503,10,1,0.9572,0.961,3,3,0
view2,1504,10,0,0.9874,0.954,4,3,0
view2,1505,10,0,0.974,0.9465,3,3,0
view2,1506,10,0,0.9707,0.9468,3,3,0
view2,1507,10,0,0.9747,0.9464,3,3,0
view2,1508,10,0,0.9646,0.9421,3,3,0
view2,1509,10,0,0.9652,0.9406,3,3,0
view2,1510,10,0,0.9652,0.9381,3,3,0
view2,1511,10,0,0.9672,0.9375,4,3,0
view2,1512,10,0,0.9599,0.936,3,3,0
view2,1513,10,0,0.9578,0.9342,3,3,0
view2,1514,10,0,0.9607,0.9329,2,3,0
view2,1515,10,0,0.9596,0.9323,3,3,0
view2,1516,10,0,0.947,0.9298,3,3,0
view2,1517,10,0,0.9488,0.9289,3,3,0
view2,1518,10,0,0.9325,0.9263,1,3,0
view2,1519,10,0,0.9394,0.9253,3,3,0
view2,1520,10,0,0.9372,0.9247,3,3,0
view2,1521,10,0,0.9461,0.9243,3,3,0
view2,1522,10,0,0.9459,0.924,1,3,0
view2,1523,10,0,0.9476,0.9243,1,3,0
view2,1524,10,0,0.951,0.9248,2,3,0
view2,1525,10,0,0.95,0.9252,3,3,0
view2,1526,10,0,0.9462,0.9253,3,3,0
view2,1527,10,0,0.9484,0.9253,3,3,0
view2,1528,10,0,0.951,0.9253,1,3,0
view2,1529,10,0,0.9533,0.9253,4,3,0
view2,1530,10,0,0.9578,0.9255,3,3,0
view2,1531,10,0,0.9443,0.9251,3,3,0
view2,1532,10,0,0.944,0.9246,3,3,0
view2,1533,10,0,0.9248,0.9231,2,3,0
view2,1534,10,0,0.9311,0.9224,2,3,0
view2,1535,10,0,0.9302,0.9217,2,3,0
view2,1536,10,0,0.9288,0.9211,2,3,0
view2,1537,10,0,0.9301,0.9203,2,3,0
view2,1538,10,0,0.9236,0.9193,3,3,0
view2,1539,10,0,0.9316,0.9188,1,3,0
view2,1540,10,0,0.9298,0.9184,3,3,0
view2,1541,10,0,0.9281,0.9181,4,3,0
view2,1542,10,0,0.9445,0.918,1,3,0
view2,1543,10,0,0.9251,0.9171,3,3,0
view2,1544,10,0,0.9232,0.9161,2,3,0
view2,1545,10,0,0.9372,0.916,4,3,0
view2,1546,10,0,0.9196,0.9152,3,3,0
view2,1547,10,0,0.9408,0.9152,3,3,0
view2,1548,10,0,0.9234,0.915,1,3,0
view2,1549,10,0,0.9227,0.9144,2,3,0
view2,1550,10,0,0.9272,0.914,2,3,0
view2,1551,10,0,0.9364,0.9139,3,3,0
view2,1552,10,0,0.931,0.914,3,3,0
view2,1553,10,0,0.937,0.9141,3,3,0
view2,1554,10,0,0.9363,0.9141,1,3,0
view2,1555,10,0,0.9444,0.9143,1,3,0
view2,1556,10,0,0.9323,0.9141,3,3,0
view2,1557,10,0,0.9335,0.914,1,3,0
view2,1558,10,0,0.9236,0.9135,3,3,0
view2,1559,10,0,0.9328,0.9135,1,3,0
view2,1560,10,0,0.9353,0.9134,3,3,0
view2,1561,10,0,0.9438,0.9135,3,3,0
view2,1562,10,0,0.9447,0.9138,4,3,0
view2,1563,10,0,0.9453,0.914,4,3,0
view2,1564,10,0,0.9514,0.9142,4,3,0
view2,1565,10,0,0.9419,0.9142,4,3,0
view2,1566,10,0,0.946,0.9143,3,3,0
view2,1567,10,0,0.9384,0.9143,4,3,0
view2,1568,10,0,0.939,0.9144,5,3,0
view2,1569,10,0,0.9372,0.9145,4,3,0
view2,1570,10,0,0.9423,0.9146,4,3,0
view2,1571,10,0,0.9377,0.9146,4,3,0
view2,1572,10,0,0.9407,0.9146,4,3,0
view2,1573,10,0,0.9454,0.9148,4,3,0
view2,1574,10,0,0.9463,0.9149,4,3,0
view2,1575,10,0,0.938,0.915,4,3,0
view2,1576,10,0,0.9282,0.9149,3,3,0
view2,1577,10,0,0.9258,0.9147,3,3,0
view2,1578,10,0,0.9272,0.9144,2,3,0
view2,1579,10,0,0.9175,0.9141,3,3,0
view2,1580,10,1,0.907,0.9134,3,3,0
view2,1581,10,0,0.9854,0.9127,3,3,0
view2,1582,10,0,0.9469,0.9123,3,3,0
view2,1583,10,0,0.9407,0.9118,4,3,0
view2,1584,10,0,0.9466,0.9114,5,3,0
view2,1585,10,0,0.9112,0.9104,4,3,0
view2,1586,10,0,0.9225,0.9096,3,3,0
view2,1587,10,1,0.9,0.9084,2,3,0
view2,1588,10,0,0.9876,0.9072,3,2,0
view2,1589,10,0,0.9835,0.9057,3,2,0
view2,1590,10,0,0.9765,0.9048,4,2,0
view2,1591,10,0,0.9788,0.9041,4,2,0
view2,1592,10,0,0.9788,0.9029,4,2,0
view2,1593,10,0,0.9813,0.9016,4,2,0
view2,1594,10,0,0.977,0.9001,4,2,0
view2,1595,10,0,0.9672,0.8988,4,2,0
view2,1596,10,0,0.9606,0.8978,3,2,0
view2,1597,10,0,0.9461,0.8967,4,2,0
view2,1598,10,0,0.9502,0.8948,4,2,0
view2,1599,10,0,0.9446,0.8932,3,2,0
view2,1600,10,0,0.9327,0.8922,3,2,0
view2,1601,10,0,0.9275,0.891,4,2,0
view2,1602,10,0,0.9211,0.89,4,2,0
view2,1603,10,0,0.9269,0.8893,4,3,0
view2,1604,10,0,0.9286,0.8885,4,2,0
view2,1605,10,0,0.9126,0.8874,4,2,0
view2,1606,10,0,0.917,0.8867,4,2,0
view2,1607,10,0,0.9174,0.8859,4,2,0
view2,1608,10,0,0.9085,0.885,4,3,0
view2,1609,10,0,0.9142,0.8843,4,2,0
view2,1610,10,0,0.8978,0.8831,5,3,0
view2,1611,10,0,0.9067,0.8822,5,3,0
view2,1612,10,0,0.9084,0.8813,5,3,0
view2,1613,10,0,0.8992,0.8805,5,3,0
view2,1614,10,0,0.9089,0.8799,4,3,0
view2,1615,10,0,0.9083,0.8794,4,3,0
view2,1616,10,0,0.9058,0.8789,5,3,0
view2,1617,10,0,0.9108,0.8785,4,3,0
view2,1618,10,0,0.9139,0.8784,4,3,0
view2,1619,10,0,0.9094,0.8782,4,3,0
view2,1620,10,0,0.9077,0.878,4,3,0
view2,1621,10,0,0.9053,0.8777,4,3,0
view2,1622,10,0,0.9,0.8774,4,2,0
view2,1623,10,0,0.9038,0.877,4,3,0
view2,1624,10,0,0.9056,0.8768,4,3,0
view2,1625,10,0,0.9022,0.8765,4,3,0
view2,1626,10,0,0.9191,0.8763,3,3,0
view2,1627,10,0,0.9194,0.8758,5,3,0
view2,1628,10,0,0.931,0.8757,4,3,0
view2,1629,10,0,0.9149,0.8751,4,3,0
view2,1630,10,0,0.9328,0.8751,4,3,0
view2,1631,10,0,0.9218,0.8752,5,3,0
view2,1632,10,0,0.9343,0.8753,4,3,0
view2,1633,10,0,0.9252,0.8753,4,3,0
view2,1634,10,0,0.9385,0.8754,4,3,0
view2,1635,10,0,0.9389,0.8756,4,3,0
view2,1636,10,0,0.946,0.8758,4,3,0
view2,1637,10,0,0.9456,0.876,4,3,0
view2,1638,10,0,0.9514,0.8762,5,3,0
view2,1639,10,0,0.9476,0.8765,3,3,0
view2,1640,10,0,0.9433,0.8767,3,3,0
view2,1641,10,0,0.9504,0.8769,3,3,0
view2,1642,10,0,0.9519,0.8772,4,3,0
view2,1643,10,0,0.9457,0.8775,3,3,0
view2,1644,10,0,0.9486,0.8777,3,3,0
view2,1645,10,0,0.9405,0.878,3,3,0
view2,1646,10,0,0.9347,0.8782,4,3,0
view2,1647,10,0,0.9332,0.8783,4,3,0
view2,1648,10,0,0.9303,0.8784,4,3,0
view2,1649,10,0,0.9287,0.8785,4,3,0
view2,1650,11,1,0.0,0.85,4,0,0
view2,1651,11,0,0.9881,0.85,1,4,0
view2,1652,11,0,0.9679,0.9679,3,4,0
view2,1653,11,1,0.9589,0.9594,4,4,0
view2,1654,11,0,0.983,0.9552,4,4,0
view2,1655,11,0,0.9748,0.9514,4,4,0
view2,1656,11,0,0.9771,0.9513,4,4,0
view2,1657,11,0,0.9718,0.9501,4,4,0
view2,1658,11,0,0.968,0.9486,4,4,0
view2,1659,11,0,0.9635,0.9447,3,4,0
view2,1660,11,0,0.9553,0.9426,4,4,0
view2,1661,11,0,0.9586,0.9418,4,4,0
view2,1662,11,0,0.9503,0.9398,5,4,0
view2,1663,11,0,0.9451,0.9386,4,4,0
view2,1664,11,0,0.9423,0.9374,4,4,0
view2,1665,11,1,0.9325,0.935,4,4,0
view2,1666,11,0,0.9717,0.9315,2,4,0
view2,1667,11,0,0.9811,0.9309,4,4,0
view2,1668,11,0,0.9768,0.9293,3,4,0
view2,1669,11,0,0.9608,0.9275,3,4,0
view2,1670,11,0,0.9653,0.926,2,4,0
view2,1671,11,0,0.9573,0.9247,3,4,0
view2,1672,11,0,0.9503,0.9224,4,4,0
view2,1673,11,0,0.9368,0.9203,4,4,0
view2,1674,11,0,0.9384,0.9191,3,4,0
view2,1675,11,1,0.9128,0.9161,3,4,0
view2,1676,11,0,0.9788,0.915,3,3,0
view2,1677,11,0,0.9792,0.9137,3,3,0
view2,1678,11,0,0.9729,0.9133,3,3,0
view2,1679,11,0,0.9707,0.9119,3,3,0
view2,1680,11,0,0.9717,0.9114,2,3,0
view2,1681,11,0,0.957,0.9108,3,3,0
view2,1682,11,0,0.9592,0.9104,2,3,0
view2,1683,11,0,0.9535,0.9101,3,3,0
view2,1684,11,0,0.954,0.9097,2,3,0
view2,1685,11,0,0.9464,0.9086,3,3,0
view2,1686,11,0,0.9498,0.9083,3,3,0
view2,1687,11,0,0.9371,0.9082,4,3,0
view2,1688,11,0,0.9434,0.9073,3,3,0
view2,1689,11,0,0.9352,0.9066,2,3,0
view2,1690,11,0,0.9432,0.9064,3,3,0
view2,1691,11,0,0.943,0.9064,3,3,0
view2,1692,11,0,0.9461,0.9055,4,3,0
view2,1693,11,0,0.9534,0.9047,2,3,0
view2,1694,11,0,0.9491,0.9032,1,3,0
view2,1695,11,0,0.9514,0.9019,3,3,0
view2,1696,11,0,0.946,0.9009,2,3,0
view2,1697,11,0,0.9481,0.8999,3,3,0
view2,1698,11,0,0.9438,0.8991,2,3,0
view2,1699,11,0,0.9344,0.8981,1,3,0
view2,1700,11,0,0.9369,0.8974,2,3,0
view2,1701,11,0,0.95,0.8975,2,3,0
view2,1702,11,0,0.9381,0.8972,1,3,0
view2,1703,11,0,0.9359,0.8973,1,3,0
view2,1704,11,0,0.9377,0.8972,1,3,0
view2,1705,11,0,0.9332,0.8974,2,3,0
view2,1706,11,0,0.9342,0.8976,3,4,0
view2,1707,11,0,0.9345,0.8976,2,4,0
view2,1708,11,0,0.9284,0.8977,2,4,0
view2,1709,11,0,0.9298,0.8978,3,4,0
view2,1710,11,0,0.9314,0.898,1,4,0
view2,1711,11,0,0.9332,0.8982,2,4,0
view2,1712,11,0,0.923,0.8979,3,4,0
view2,1713,11,0,0.922,0.8977,2,4,0
view2,1714,11,0,0.9243,0.8974,1,4,0
view2,1715,11,0,0.9197,0.8969,1,4,0
view2,1716,11,0,0.9234,0.8966,3,4,0
view2,1717,11,0,0.9237,0.8965,3,4,0
view2,1718,11,0,0.9082,0.8959,2,3,0
view2,1719,11,0,0.9091,0.8955,3,4,0
view2,1720,11,0,0.9109,0.8951,2,4,0
view2,1721,11,0,0.9158,0.8949,4,4,0
view2,1722,11,0,0.9094,0.8945,2,3,0
view2,1723,11,0,0.9051,0.8939,2,3,0
view2,1724,11,0,0.9049,0.8933,3,4,0
view2,1725,11,0,0.8963,0.8926,3,3,0
view2,1726,11,0,0.9027,0.8919,1,3,0
view2,1727,11,0,0.9163,0.8917,2,4,0
view2,1728,11,0,0.9268,0.8915,2,4,0
view2,1729,11,0,0.917,0.8913,2,4,0
view2,1730,11,0,0.9119,0.8909,1,4,0
view2,1731,11,0,0.9167,0.8907,2,4,0
view2,1732,11,0,0.9194,0.8904,3,3,0
view2,1733,11,0,0.9262,0.8905,1,3,0
view2,1734,11,0,0.92,0.8904,2,3,0
view2,1735,11,0,0.9285,0.8904,2,3,0
view2,1736,11,0,0.9289,0.8905,2,3,0
view2,1737,11,0,0.9286,0.8905,4,3,0
view2,1738,11,0,0.9284,0.8905,3,3,0
view2,1739,11,0,0.9247,0.8906,1,3,0
view2,1740,11,0,0.9237,0.8906,2,3,0
view2,1741,11,0,0.9214,0.8906,2,4,0
view2,1742,11,0,0.91,0.8904,4,4,0
view2,1743,11,0,0.9164,0.8903,1,4,0
view2,1744,11,0,0.9312,0.8904,1,4,0
view2,1745,11,0,0.9277,0.8906,2,4,0
view2,1746,11,0,0.9229,0.8907,2,4,0
view2,1747,11,0,0.9207,0.8908,2,4,0
view2,1748,11,0,0.9135,0.8907,3,4,0
view2,1749,11,0,0.925,0.8908,2,4,0
view2,1750,11,0,0.9326,0.8908,2,4,0
view2,1751,11,0,0.9321,0.8909,2,4,0
view2,1752,11,0,0.925,0.891,1,4,0
view2,1753,11,0,0.9167,0.8909,3,4,0
view2,1754,11,0,0.9213,0.891,2,4,0
view2,1755,11,0,0.9321,0.8911,3,4,0
view2,1756,11,0,0.9289,0.8913,3,4,0
view2,1757,11,0,0.9172,0.8914,3,3,0
view2,1758,11,0,0.9219,0.8914,3,3,0
view2,1759,11,0,0.9258,0.8916,3,3,0
view2,1760,11,0,0.9155,0.8916,3,3,0
view2,1761,11,0,0.9114,0.8914,3,3,0
view2,1762,11,0,0.896,0.891,3,3,0
view2,1763,11,0,0.9082,0.8908,1,4,0
view2,1764,11,0,0.9085,0.8905,2,4,0
view2,1765,11,0,0.9173,0.8902,2,4,0
view2,1766,11,0,0.9072,0.8897,3,4,0
view2,1767,11,0,0.9235,0.8895,2,4,0
view2,1768,11,0,0.9089,0.8891,3,4,0
view2,1769,11,0,0.9181,0.8889,3,4,0
view2,1770,11,0,0.9132,0.8886,3,4,0
view2,1771,11,0,0.9115,0.8884,2,3,0
view2,1772,11,0,0.9099,0.888,2,4,0
view2,1773,11,0,0.905,0.8876,3,4,0
view2,1774,11,0,0.9134,0.8874,3,4,0
view2,1775,11,0,0.9177,0.8874,3,3,0
view2,1776,11,0,0.9155,0.8872,2,4,0
view2,1777,11,0,0.9171,0.8872,2,4,0
view2,1778,11,0,0.9164,0.8872,4,3,0
view2,1779,11,0,0.9216,0.8871,2,3,0
view2,1780,11,0,0.9278,0.8872,2,4,0
view2,1781,11,0,0.9192,0.8871,2,3,0
view2,1782,11,0,0.9148,0.887,4,3,0
view2,1783,11,0,0.9092,0.887,2,4,0
view2,1784,11,0,0.9121,0.887,3,4,0
view2,1785,11,0,0.9185,0.8871,3,4,0
view2,1786,11,0,0.9094,0.887,3,4,0
view2,1787,11,0,0.91,0.8869,2,4,0
view2,1788,11,0,0.9142,0.8869,3,3,0
view2,1789,11,0,0.9226,0.8869,2,4,0
view2,1790,11,0,0.9199,0.8869,2,4,0
view2,1791,11,0,0.9145,0.8869,2,3,0
view2,1792,11,0,0.9135,0.8868,2,4,0
view2,1793,11,0,0.9106,0.8867,2,3,0
view2,1794,11,0,0.9159,0.8867,3,3,0
view2,1795,11,0,0.908,0.8868,3,4,0
view2,1796,11,0,0.9107,0.8867,3,4,0
view2,1797,11,0,0.8964,0.8866,3,3,0
view2,1798,11,0,0.8955,0.8865,5,3,0
view2,1799,11,0,0.9034,0.8865,4,4,0
view2,1800,12,1,0.0,0.85,3,0,0
view2,1801,12,0,0.9873,0.85,4,3,0
view2,1802,12,0,0.9888,0.9873,4,3,0
view2,1803,12,1,0.9813,0.9825,5,3,0
view2,1804,12,0,0.9865,0.9832,3,5,0
view2,1805,12,0,0.9852,0.9827,3,3,0
view2,1806,12,0,0.9843,0.9817,3,3,0
view2,1807,12,0,0.9807,0.9788,3,5,0
view2,1808,12,0,0.9808,0.9786,4,3,0
view2,1809,12,1,0.9688,0.9745,3,5,0
view2,1810,12,0,0.9817,0.9732,4,3,0
view2,1811,12,0,0.9749,0.9706,4,3,0
view2,1812,12,0,0.9706,0.9692,4,3,0
view2,1813,12,0,0.9738,0.9683,4,3,0
view2,1814,12,0,0.9777,0.9685,4,3,0
view2,1815,12,0,0.9718,0.9678,5,3,0
view2,1816,12,1,0.9625,0.9646,4,3,0
view2,1817,12,0,0.9871,0.9609,4,4,0
view2,1818,12,0,0.9814,0.9562,4,4,0
view2,1819,12,0,0.9763,0.9523,4,4,0
view2,1820,12,0,0.9655,0.9462,4,4,0
view2,1821,12,0,0.9717,0.9432,4,4,0
view2,1822,12,0,0.97,0.9406,4,4,0
view2,1823,12,0,0.9613,0.9372,3,4,0
view2,1824,12,0,0.961,0.9343,3,4,0
view2,1825,12,0,0.96,0.9326,2,4,0
view2,1826,12,0,0.9644,0.9322,3,4,0
view2,1827,12,0,0.9691,0.9324,3,4,0
view2,1828,12,0,0.9541,0.9312,4,4,0
view2,1829,12,0,0.9656,0.9301,3,4,0
view2,1830,12,0,0.9599,0.9299,3,4,0
view2,1831,12,0,0.9548,0.9288,3,4,0
view2,1832,12,0,0.9539,0.9275,2,4,0
view2,1833,12,0,0.9649,0.927,3,4,0
view2,1834,12,0,0.955,0.9256,3,4,0
view2,1835,12,0,0.9461,0.9238,3,4,0
view2,1836,12,0,0.9468,0.9226,3,4,0
view2,1837,12,0,0.9552,0.9217,3,4,0
view2,1838,12,0,0.9636,0.9217,3,4,0
view2,1839,12,0,0.955,0.9211,3,4,0
view2,1840,12,0,0.952,0.92,3,4,0
view2,1841,12,0,0.9532,0.9188,3,4,0
view2,1842,12,0,0.957,0.9183,3,4,0
view2,1843,12,0,0.9605,0.9181,3,4,0
view2,1844,12,0,0.9421,0.9165,2,4,0
view2,1845,12,0,0.9388,0.9147,3,4,0
view2,1846,12,0,0.9251,0.9116,3,4,0
view2,1847,12,0,0.9451,0.9104,3,4,0
view2,1848,12,0,0.9532,0.9099,3,4,0
view2,1849,12,0,0.9513,0.9095,3,4,0
view2,1850,12,0,0.9492,0.9086,3,4,0
view2,1851,12,0,0.9488,0.9079,3,4,0
view2,1852,12,0,0.946,0.9069,3,4,0
view2,1853,12,0,0.9424,0.9057,3,4,0
view2,1854,12,0,0.9507,0.9052,2,4,0
view2,1855,12,0,0.9468,0.9048,3,4,0
view2,1856,12,0,0.9291,0.9035,3,4,0
view2,1857,12,0,0.9433,0.903,3,4,0
view2,1858,12,0,0.9346,0.9023,3,4,0
view2,1859,12,0,0.9479,0.9022,3,4,0
view2,1860,12,0,0.9316,0.9016,3,4,0
view2,1861,12,0,0.929,0.9013,4,4,0
view2,1862,12,0,0.9223,0.9005,4,4,0
view2,1863,12,0,0.9293,0.8999,3,4,0
view2,1864,12,0,0.9258,0.8993,4,4,0
view2,1865,12,0,0.9405,0.8993,3,4,0
view2,1866,12,0,0.9344,0.8992,4,4,0
view2,1867,12,0,0.9304,0.8991,3,4,0
view2,1868,12,0,0.9365,0.8991,3,4,0
view2,1869,12,0,0.9363,0.899,3,4,0
view2,1870,12,0,0.931,0.8991,3,4,0
view2,1871,12,0,0.9167,0.8988,3,4,0
view2,1872,12,0,0.9328,0.899,4,4,0
view2,1873,12,0,0.9333,0.899,3,4,0
view2,1874,12,0,0.9154,0.8987,3,4,0
view2,1875,12,0,0.9122,0.8984,4,4,0
view2,1876,12,0,0.9129,0.8982,3,4,0
view2,1877,12,0,0.906,0.8974,4,4,0
view2,1878,12,0,0.897,0.8967,3,4,0
view2,1879,12,0,0.8989,0.8958,3,4,0
view2,1880,12,0,0.9011,0.895,2,4,0
view2,1881,12,0,0.8965,0.8943,4,4,0
view2,1882,12,0,0.8948,0.8933,5,4,0
view2,1883,12,0,0.892,0.892,3,4,0
view2,1884,12,1,0.8879,0.891,3,4,0
view2,1885,12,0,0.9866,0.8901,3,3,0
view2,1886,12,0,0.9875,0.8893,3,3,0
view2,1887,12,0,0.9836,0.8882,3,3,0
view2,1888,12,0,0.9777,0.8872,2,3,0
view2,1889,12,0,0.9724,0.8863,3,3,0
view2,1890,12,0,0.9805,0.8857,2,3,0
view2,1891,12,0,0.9743,0.8848,3,3,0
view2,1892,12,0,0.9699,0.8839,3,3,0
view2,1893,12,0,0.9656,0.8835,3,3,0
view2,1894,12,0,0.969,0.8831,2,3,0
view2,1895,12,0,0.9674,0.8828,2,3,0
view2,1896,12,0,0.9668,0.8826,3,3,0
view2,1897,12,0,0.969,0.8822,2,3,0
view2,1898,12,0,0.9622,0.8816,3,3,0
view2,1899,12,0,0.9622,0.8812,3,3,0
view2,1900,12,0,0.9643,0.8813,1,3,0
view2,1901,12,0,0.9664,0.8811,2,3,0
view2,1902,12,0,0.9534,0.881,2,3,0
view2,1903,12,0,0.9546,0.8809,2,3,0
view2,1904,12,0,0.9581,0.8811,3,3,0
view2,1905,12,0,0.9584,0.8811,3,3,0
view2,1906,12,0,0.9525,0.8808,2,3,0
view2,1907,12,0,0.9417,0.8797,3,3,0
view2,1908,12,0,0.9505,0.879,4,3,0
view2,1909,12,0,0.9434,0.8785,2,3,0
view2,1910,12,0,0.9448,0.8778,3,3,0
view2,1911,12,0,0.9425,0.877,3,3,0
view2,1912,12,0,0.9433,0.8763,3,3,0
view2,1913,12,0,0.9402,0.8759,2,3,0
view2,1914,12,0,0.9286,0.875,3,3,0
view2,1915,12,0,0.9205,0.8737,3,3,0
view2,1916,12,0,0.9355,0.873,3,3,0
view2,1917,12,0,0.93,0.8722,4,3,0
view2,1918,12,0,0.9291,0.8717,3,3,0
view2,1919,12,0,0.937,0.8714,3,3,0
view2,1920,12,0,0.9362,0.8711,4,3,0
view2,1921,12,0,0.9444,0.8712,4,3,0
view2,1922,12,0,0.9449,0.8713,4,3,0
view2,1923,12,0,0.946,0.8714,4,3,0
view2,1924,12,0,0.954,0.8713,4,3,0
view2,1925,12,0,0.9503,0.8713,4,3,0
view2,1926,12,0,0.9446,0.8715,4,3,0
view2,1927,12,0,0.9527,0.8717,4,3,0
view2,1928,12,0,0.9504,0.8718,3,3,0
view2,1929,12,0,0.9516,0.8718,4,3,0
view2,1930,12,0,0.9467,0.872,4,3,0
view2,1931,12,0,0.9448,0.8722,4,3,0
view2,1932,12,0,0.943,0.8722,4,3,0
view2,1933,12,0,0.9431,0.8723,4,3,0
view2,1934,12,0,0.9441,0.8726,4,3,0
view2,1935,12,0,0.9382,0.8727,4,3,0
view2,1936,12,0,0.9362,0.8729,3,4,0
view2,1937,12,0,0.9341,0.8731,4,4,0
view2,1938,12,0,0.9232,0.8731,4,4,0
view2,1939,12,0,0.9311,0.8732,4,4,0
view2,1940,12,0,0.9281,0.8734,5,4,0
view2,1941,12,0,0.931,0.8736,4,3,0
view2,1942,12,0,0.9344,0.8738,5,4,0
view2,1943,12,0,0.9346,0.874,5,4,0
view2,1944,12,0,0.9357,0.8742,4,4,0
view2,1945,12,0,0.9447,0.8744,4,4,0
view2,1946,12,0,0.9406,0.8746,4,4,0
view2,1947,12,0,0.9282,0.8746,4,4,0
view2,1948,12,0,0.9155,0.8745,3,4,0
view2,1949,12,0,0.9178,0.8743,4,4,0
view2,1950,13,1,0.0,0.85,4,0,0
view2,1951,13,0,0.9849,0.85,3,4,0
view2,1952,13,0,0.985,0.9849,5,4,0
view2,1953,13,1,0.9683,0.9715,4,4,0
view2,1954,13,0,0.9778,0.9644,3,4,0
view2,1955,13,0,0.969,0.9583,4,4,0
view2,1956,13,0,0.9484,0.9399,3,4,0
view2,1957,13,0,0.9513,0.9354,3,4,0
view2,1958,13,0,0.9537,0.9338,4,4,0
view2,1959,13,0,0.9458,0.9299,3,4,0
view2,1960,13,0,0.9396,0.9251,3,4,0
view2,1961,13,0,0.9278,0.9192,3,4,0
view2,1962,13,0,0.9229,0.9147,3,4,0
view2,1963,13,0,0.9311,0.9119,3,4,0
view2,1964,13,0,0.9368,0.9108,3,4,0
view2,1965,13,0,0.9171,0.9085,3,4,0
view2,1966,13,1,0.9016,0.9043,3,4,0
view2,1967,13,0,0.9779,0.9035,2,3,0
view2,1968,13,0,0.9698,0.9028,2,3,0
view2,1969,13,0,0.9653,0.9008,3,3,0
view2,1970,13,0,0.9634,0.9006,2,3,0
view2,1971,13,0,0.9562,0.9002,3,3,0
view2,1972,13,0,0.9557,0.8997,2,3,0
view2,1973,13,0,0.9562,0.9,3,3,0
view2,1974,13,0,0.9351,0.9002,3,3,0
view2,1975,13,0,0.9427,0.9003,3,3,0
view2,1976,13,0,0.9393,0.9008,3,3,0
view2,1977,13,0,0.9309,0.9012,3,3,0
view2,1978,13,0,0.9264,0.9012,4,4,0
view2,1979,13,0,0.9278,0.9014,2,4,0
view2,1980,13,0,0.9287,0.9019,2,4,0
view2,1981,13,1,0.8694,0.8958,0,3,1
view2,1982,13,0,0.9751,0.8966,3,0,1
view2,1983,13,0,0.9635,0.8974,3,0,1
view2,1984,13,0,0.9447,0.898,2,0,1
view2,1985,13,0,0.9446,0.8982,2,0,1
view2,1986,13,0,0.9331,0.8983,2,0,1
view2,1987,13,0,0.9328,0.8981,4,0,1
view2,1988,13,0,0.945,0.8984,1,0,1
view2,1989,13,0,0.9334,0.8986,2,3,0
view2,1990,13,0,0.9091,0.8966,2,3,0
view2,1991,13,0,0.9287,0.8948,2,3,0
view2,1992,13,0,0.9366,0.895,2,3,0
view2,1993,13,0,0.9228,0.8932,2,3,0
view2,1994,13,0,0.9316,0.8933,2,3,0
view2,1995,13,0,0.9284,0.8937,2,4,0
view2,1996,13,0,0.9277,0.8937,2,4,0
view2,1997,13,0,0.9092,0.8933,4,4,0
view2,1998,13,0,0.9189,0.8931,1,4,0
view2,1999,13,0,0.9155,0.8931,2,4,0
view2,2000,13,0,0.9265,0.8932,1,4,0
view2,2001,13,0,0.9271,0.8934,1,4,0
view2,2002,13,0,0.9272,0.8932,1,4,0
view2,2003,13,0,0.9257,0.8932,2,4,0
view2,2004,13,0,0.9113,0.893,2,4,0
view2,2005,13,0,0.9231,0.8928,1,4,0
view2,2006,13,0,0.9191,0.8927,1,3,0
view2,2007,13,0,0.9125,0.8922,2,4,0
view2,2008,13,0,0.9236,0.8917,1,3,0
view2,2009,13,0,0.9156,0.8912,1,3,0
view2,2010,13,0,0.9108,0.8903,2,3,0
view2,2011,13,0,0.914,0.8901,3,3,0
view2,2012,13,0,0.9133,0.8899,3,4,0
view2,2013,13,0,0.9094,0.8894,2,3,0
view2,2014,13,0,0.9088,0.8887,3,3,0
view2,2015,13,0,0.9205,0.8884,2,3,0
view2,2016,13,0,0.9257,0.8883,1,3,0
view2,2017,13,0,0.9101,0.8878,3,3,0
view2,2018,13,0,0.9275,0.8879,3,4,0
view2,2019,13,0,0.9174,0.8877,4,4,0
view2,2020,13,0,0.9313,0.8878,4,4,0
view2,2021,13,0,0.9268,0.8877,4,4,0
view2,2022,13,0,0.9292,0.8874,3,4,0
view2,2023,13,0,0.9374,0.8876,2,4,0
view2,2024,13,0,0.9293,0.8875,5,4,0
view2,2025,13,0,0.9293,0.8877,2,4,0
view2,2026,13,0,0.9262,0.8873,4,4,0
view2,2027,13,0,0.926,0.8872,2,4,0
view2,2028,13,0,0.9322,0.8868,2,4,0
view2,2029,13,0,0.9197,0.8865,3,4,0
view2,2030,13,0,0.9221,0.8858,2,4,0
view2,2031,13,0,0.9203,0.8852,1,4,0
view2,2032,13,0,0.9145,0.8849,3,4,0
view2,2033,13,0,0.911,0.8841,1,4,0
view2,2034,13,0,0.9236,0.8835,4,4,0
view2,2035,13,0,0.9205,0.8831,3,4,0
view2,2036,13,0,0.9243,0.8831,3,4,0
view2,2037,13,0,0.9243,0.8828,2,4,0
view2,2038,13,0,0.9318,0.8828,1,4,0
view2,2039,13,0,0.9252,0.8827,2,4,0
view2,2040,13,0,0.9267,0.8826,1,4,0
view2,2041,13,0,0.9249,0.8825,2,4,0
view2,2042,13,0,0.9255,0.8823,2,4,0
view2,2043,13,0,0.9276,0.8823,2,4,0
view2,2044,13,0,0.9248,0.8824,3,4,0
view2,2045,13,0,0.9351,0.8825,2,4,0
view2,2046,13,0,0.9184,0.8824,1,4,0
view2,2047,13,0,0.9194,0.8823,3,4,0
view2,2048,13,0,0.887,0.8806,0,0,1
view2,2049,13,0,0.9259,0.8807,1,4,0
view2,2050,13,0,0.9155,0.8807,1,4,0
view2,2051,13,0,0.9177,0.8807,1,4,0
view2,2052,13,0,0.8969,0.8801,2,4,0
view2,2053,13,0,0.9069,0.88,1,4,0
view2,2054,13,0,0.9012,0.8792,3,4,0
view2,2055,13,0,0.9059,0.8789,2,4,0
view2,2056,13,0,0.9052,0.8788,1,4,0
view2,2057,13,0,0.8938,0.8781,2,3,0
view2,2058,13,0,0.914,0.8781,2,3,0
view2,2059,13,0,0.9076,0.8779,3,3,0
view2,2060,13,0,0.9035,0.8771,4,3,0
view2,2061,13,0,0.9131,0.8771,4,4,0
view2,2062,13,0,0.9133,0.877,3,3,0
view2,2063,13,0,0.911,0.8762,4,3,0
view2,2064,13,0,0.9405,0.8759,1,3,0
view2,2065,13,0,0.9404,0.8758,3,3,0
view2,2066,13,0,0.9445,0.8758,1,3,0
view2,2067,13,0,0.9382,0.8754,3,3,0
view2,2068,13,0,0.9322,0.8754,4,3,0
view2,2069,13,0,0.9273,0.8755,2,3,0
view2,2070,13,0,0.9376,0.8755,4,3,0
view2,2071,13,0,0.9442,0.8755,3,3,0
view2,2072,13,0,0.9399,0.8756,3,3,0
view2,2073,13,0,0.933,0.8755,3,4,0
view2,2074,13,0,0.9298,0.8755,2,4,0
view2,2075,13,0,0.9238,0.8753,2,4,0
view2,2076,13,0,0.9195,0.8753,1,3,0
view2,2077,13,0,0.929,0.8753,5,4,0
view2,2078,13,0,0.9265,0.8751,3,3,0
view2,2079,13,0,0.92,0.8749,3,4,0
view2,2080,13,0,0.9205,0.8747,2,3,0
view2,2081,13,0,0.9271,0.8746,3,4,0
view2,2082,13,0,0.9113,0.8742,2,4,0
view2,2083,13,0,0.915,0.8739,5,3,0
view2,2084,13,0,0.9242,0.8739,4,4,0
view2,2085,13,0,0.9284,0.8739,4,4,0
view2,2086,13,0,0.9256,0.8738,2,4,0
view2,2087,13,0,0.9216,0.8737,4,4,0
view2,2088,13,0,0.9358,0.8736,3,4,0
view2,2089,13,0,0.9412,0.8733,1,4,0
view2,2090,13,0,0.9261,0.8728,3,4,0
view2,2091,13,0,0.928,0.8726,3,4,0
view2,2092,13,0,0.929,0.8723,1,4,0
view2,2093,13,0,0.929,0.872,2,4,0
view2,2094,13,0,0.9201,0.8718,3,4,0
view2,2095,13,0,0.9185,0.8712,4,4,0
view2,2096,13,0,0.9284,0.871,5,4,0
view2,2097,13,0,0.9303,0.8708,3,4,0
view2,2098,13,0,0.9557,0.8707,4,4,0
view2,2099,13,0,0.9366,0.8707,4,4,0
view2,2100,14,1,0.0,0.85,3,0,0
view2,2101,14,0,0.9875,0.85,4,3,0
view2,2102,14,0,0.9811,0.9811,3,3,0
view2,2103,14,1,0.9619,0.966,3,3,0
view2,2104,14,0,0.9815,0.9676,3,3,0
view2,2105,14,0,0.9726,0.9662,3,3,0
view2,2106,14,0,0.9693,0.9642,3,3,0
view2,2107,14,0,0.9767,0.9641,3,3,0
view2,2108,14,0,0.9659,0.9628,3,3,0
view2,2109,14,0,0.9693,0.9627,3,3,0
view2,2110,14,0,0.9609,0.9607,3,3,0
view2,2111,14,0,0.9618,0.9597,3,3,0
view2,2112,14,1,0.9513,0.9541,4,3,0
view2,2113,14,0,0.9679,0.9505,3,4,0
view2,2114,14,0,0.9691,0.9498,3,4,0
view2,2115,14,0,0.9713,0.9488,3,4,0
view2,2116,14,0,0.9708,0.9489,3,4,0
view2,2117,14,0,0.9632,0.9487,2,4,0
view2,2118,14,0,0.9681,0.9474,2,4,0
view2,2119,14,0,0.9658,0.9471,3,3,0
view2,2120,14,0,0.9682,0.9469,2,4,0
view2,2121,14,0,0.9548,0.9455,3,4,0
view2,2122,14,0,0.9462,0.9445,2,3,0
view2,2123,14,0,0.9534,0.9442,2,3,0
view2,2124,14,0,0.9532,0.9434,3,3,0
view2,2125,14,0,0.9505,0.9421,3,3,0
view2,2126,14,0,0.9571,0.9416,4,3,0
view2,2127,14,0,0.9572,0.9402,4,3,0
view2,2128,14,0,0.9591,0.9404,4,3,0
view2,2129,14,0,0.9595,0.9407,5,3,0
view2,2130,14,0,0.9588,0.9403,4,3,0
view2,2131,14,0,0.9574,0.9403,4,3,0
view2,2132,14,0,0.9552,0.9397,4,3,0
view2,2133,14,0,0.9478,0.9387,4,3,0
view2,2134,14,0,0.9579,0.9379,5,3,0
view2,2135,14,1,0.9262,0.9351,4,3,0
view2,2136,14,0,0.9688,0.9312,4,4,0
view2,2137,14,0,0.9644,0.9299,3,4,0
view2,2138,14,0,0.9637,0.9285,4,4,0
view2,2139,14,0,0.9497,0.9266,4,4,0
view2,2140,14,0,0.9486,0.9251,4,4,0
view2,2141,14,0,0.9546,0.9238,5,4,0
view2,2142,14,0,0.9537,0.9227,3,4,0
view2,2143,14,0,0.9497,0.922,3,4,0
view2,2144,14,0,0.9472,0.9211,3,4,0
view2,2145,14,0,0.9332,0.919,2,4,0
view2,2146,14,0,0.9393,0.9178,4,4,0
view2,2147,14,0,0.9398,0.9164,4,4,0
view2,2148,14,0,0.9197,0.9135,4,4,0
view2,2149,14,0,0.9243,0.9124,2,4,0
view2,2150,14,0,0.9223,0.9117,2,4,0
view2,2151,14,0,0.9396,0.911,2,4,0
view2,2152,14,0,0.9495,0.9112,2,4,0
view2,2153,14,0,0.9427,0.9116,2,4,0
view2,2154,14,0,0.9496,0.9119,2,4,0
view2,2155,14,0,0.9468,0.912,2,4,0
view2,2156,14,0,0.9377,0.9122,2,4,0
view2,2157,14,0,0.9314,0.9122,4,4,0
view2,2158,14,0,0.9364,0.912,2,4,0
view2,2159,14,0,0.9358,0.9118,2,4,0
view2,2160,14,0,0.9349,0.9117,2,4,0
view2,2161,14,0,0.9335,0.9118,3,4,0
view2,2162,14,0,0.928,0.9117,5,4,0
view2,2163,14,0,0.9403,0.9118,4,3,0
view2,2164,14,0,0.9349,0.9115,3,3,0
view2,2165,14,0,0.9396,0.9112,3,3,0
view2,2166,14,0,0.9447,0.9109,4,3,0
view2,2167,14,0,0.9453,0.9107,4,3,0
view2,2168,14,0,0.9444,0.9107,4,3,0
view2,2169,14,0,0.9404,0.9104,2,3,0
view2,2170,14,0,0.9439,0.9103,4,3,0
view2,2171,14,0,0.9424,0.9103,3,3,0
view2,2172,14,0,0.9427,0.9103,3,3,0
view2,2173,14,0,0.9414,0.91,4,3,0
view2,2174,14,0,0.9467,0.91,3,3,0
view2,2175,14,0,0.9471,0.91,4,3,0
view2,2176,14,0,0.9546,0.9101,4,3,0
view2,2177,14,0,0.9458,0.9099,3,4,0
view2,2178,14,0,0.9414,0.91,3,3,0
view2,2179,14,0,0.9437,0.9101,4,3,0
view2,2180,14,0,0.9488,0.9103,3,3,0
view2,2181,14,0,0.9307,0.9103,4,3,0
view2,2182,14,0,0.9361,0.9102,3,3,0
view2,2183,14,1,0.9087,0.9092,3,4,0
view2,2184,14,0,0.9829,0.9081,3,3,0
view2,2185,14,0,0.9732,0.9073,3,3,0
view2,2186,14,0,0.9698,0.9061,3,3,0
view2,2187,14,0,0.9704,0.9055,3,3,0
view2,2188,14,0,0.9601,0.9041,3,3,0
view2,2189,14,0,0.9623,0.903,2,3,0
view2,2190,14,0,0.9597,0.9022,4,3,0
view2,2191,14,0,0.9535,0.9015,3,3,0
view2,2192,14,0,0.9575,0.9008,3,3,0
view2,2193,14,0,0.9439,0.8998,3,3,0
view2,2194,14,0,0.9505,0.8988,2,3,0
view2,2195,14,0,0.9457,0.8984,3,3,0
view2,2196,14,0,0.9326,0.8978,3,4,0
view2,2197,14,0,0.9391,0.8977,3,4,0
view2,2198,14,0,0.9427,0.8975,3,4,0
view2,2199,14,0,0.9331,0.8973,2,3,0
view2,2200,14,0,0.9379,0.8971,2,3,0
view2,2201,14,0,0.9416,0.8967,2,4,0
view2,2202,14,0,0.9329,0.8964,2,4,0
view2,2203,14,0,0.9279,0.8961,2,4,0
view2,2204,14,0,0.9345,0.8958,2,4,0
view2,2205,14,0,0.9384,0.8956,2,4,0
view2,2206,14,0,0.9401,0.8954,3,4,0
view2,2207,14,0,0.9236,0.8948,2,4,0
view2,2208,14,0,0.9369,0.8946,2,4,0
view2,2209,14,0,0.9403,0.8943,2,3,0
view2,2210,14,0,0.939,0.8938,2,3,0
view2,2211,14,0,0.9362,0.8934,2,3,0
view2,2212,14,0,0.9245,0.8927,4,3,0
view2,2213,14,0,0.9175,0.8918,1,3,0
view2,2214,14,0,0.9226,0.8912,2,4,0
view2,2215,14,0,0.9325,0.8909,2,4,0
view2,2216,14,0,0.9388,0.891,3,3,0
view2,2217,14,0,0.9389,0.891,3,4,0
view2,2218,14,0,0.9283,0.8907,2,3,0
view2,2219,14,0,0.9351,0.8907,2,3,0
view2,2220,14,0,0.9333,0.8906,2,3,0
view2,2221,14,0,0.9225,0.8905,2,3,0
view2,2222,14,0,0.9264,0.8904,2,3,0
view2,2223,14,0,0.9268,0.8902,2,3,0
view2,2224,14,0,0.9153,0.8897,3,3,0
view2,2225,14,0,0.9064,0.8888,2,3,0
view2,2226,14,0,0.9138,0.8882,2,3,0
view2,2227,14,0,0.9116,0.8875,2,3,0
view2,2228,14,0,0.913,0.887,1,3,0
view2,2229,14,0,0.9217,0.8867,2,3,0
view2,2230,14,0,0.9308,0.8865,3,3,0
view2,2231,14,1,0.8459,0.8816,0,3,1
view2,2232,14,0,0.9772,0.8815,1,0,1
view2,2233,14,0,0.9655,0.881,2,0,1
view2,2234,14,0,0.9592,0.8806,1,0,1
view2,2235,14,0,0.9609,0.8803,2,0,1
view2,2236,14,0,0.9397,0.8795,1,0,1
view2,2237,14,0,0.9227,0.8792,1,3,0
view2,2238,14,0,0.9383,0.8755,0,0,1
view2,2239,14,0,0.9373,0.8753,2,0,1
view2,2240,14,0,0.927,0.8715,0,0,1
view2,2241,14,0,0.9399,0.8712,2,0,1
view2,2242,14,0,0.9317,0.8706,1,0,1
view2,2243,14,0,0.9265,0.8672,0,0,1
view2,2244,14,0,0.9358,0.8667,2,0,1
view2,2245,14,0,0.9396,0.8663,1,0,1
view2,2246,14,0,0.9274,0.8659,3,0,1
view2,2247,14,0,0.9214,0.8655,2,0,1
view2,2248,14,0,0.9128,0.8607,0,0,1
view2,2249,14,0,0.9002,0.8557,0,0,1
view2,2250,15,1,0.0,0.85,0,0,0
view2,2251,15,0,0.9662,0.85,3,0,1
view2,2252,15,0,0.9714,0.9662,2,0,1
view2,2253,15,0,0.9678,0.9663,2,0,1
view2,2254,15,0,0.9673,0.9662,3,0,1
view2,2255,15,1,0.9573,0.9613,4,0,1
view2,2256,15,0,0.9912,0.9592,3,4,0
view2,2257,15,0,0.9849,0.9586,3,4,0
view2,2258,15,0,0.9782,0.9573,3,4,0
view2,2259,15,0,0.966,0.9536,3,4,0
view2,2260,15,0,0.952,0.9417,3,4,0
view2,2261,15,0,0.9535,0.9362,3,4,0
view2,2262,15,0,0.9502,0.9324,2,4,0
view2,2263,15,0,0.9439,0.9263,2,4,0
view2,2264,15,0,0.9242,0.9165,2,4,0
view2,2265,15,0,0.9181,0.9076,2,4,0
view2,2266,15,0,0.9264,0.9028,3,4,0
view2,2267,15,0,0.95,0.9037,3,4,0
view2,2268,15,0,0.9169,0.8989,3,4,0
view2,2269,15,0,0.938,0.898,2,4,0
view2,2270,15,0,0.9311,0.8963,3,4,0
view2,2271,15,0,0.9085,0.8903,3,4,0
view2,2272,15,0,0.9056,0.8849,3,4,0
view2,2273,15,0,0.9293,0.8828,3,4,0
view2,2274,15,0,0.9184,0.88,3,4,0
view2,2275,15,0,0.9299,0.8788,3,4,0
view2,2276,15,0,0.9423,0.8791,3,4,0
view2,2277,15,0,0.9179,0.8769,2,4,0
view2,2278,15,0,0.9064,0.8734,2,4,0
view2,2279,15,0,0.931,0.8733,2,4,0
view2,2280,15,0,0.908,0.871,2,4,0
view2,2281,15,0,0.8919,0.8673,2,4,0
view2,2282,15,0,0.8986,0.8649,1,4,0
view2,2283,15,0,0.9071,0.8633,2,4,0
view2,2284,15,0,0.9551,0.8643,1,4,0
view2,2285,15,0,0.9166,0.8636,2,4,0
view2,2286,15,0,0.9358,0.8642,2,4,0
view2,2287,15,0,0.9449,0.8651,2,4,0
view2,2288,15,0,0.9598,0.8662,3,4,0
view2,2289,15,0,0.9346,0.8664,2,4,0
view2,2290,15,0,0.9339,0.8667,3,4,0
view2,2291,15,0,0.943,0.8674,4,4,0
view2,2292,15,0,0.9506,0.8682,4,4,0
view2,2293,15,0,0.9453,0.869,2,4,0
view2,2294,15,0,0.9489,0.8695,2,4,0
view2,2295,15,0,0.9343,0.8696,3,4,0
view2,2296,15,0,0.9391,0.8697,4,4,0
view2,2297,15,0,0.9543,0.8703,3,4,0
view2,2298,15,0,0.95,0.8707,3,4,0
view2,2299,15,0,0.9357,0.8705,2,4,0
view2,2300,15,0,0.9305,0.8701,3,4,0
view2,2301,15,0,0.9387,0.8701,3,4,0
view2,2302,15,0,0.9388,0.87,3,4,0
view2,2303,15,0,0.9591,0.8706,3,4,0
view2,2304,15,0,0.9605,0.8711,3,4,0
view2,2305,15,0,0.9584,0.8715,3,4,0
view2,2306,15,0,0.9402,0.8718,2,4,0
view2,2307,15,0,0.9436,0.872,3,4,0
view2,2308,15,0,0.9461,0.8723,1,4,0
view2,2309,15,0,0.94,0.8725,2,4,0
view2,2310,15,0,0.9228,0.8723,2,4,0
view2,2311,15,0,0.9431,0.8725,1,4,0
view2,2312,15,0,0.9305,0.8724,2,4,0
view2,2313,15,0,0.9463,0.8727,3,4,0
view2,2314,15,0,0.9371,0.8726,2,4,0
view2,2315,15,0,0.8835,0.8722,0,4,1
view2,2316,15,0,0.9455,0.8724,3,4,0
view2,2317,15,0,0.93,0.8721,2,4,0
view2,2318,15,0,0.9493,0.8723,2,4,0
view2,2319,15,0,0.9344,0.8724,1,4,0
view2,2320,15,0,0.9319,0.8723,3,4,0
view2,2321,15,0,0.9457,0.8724,2,4,0
view2,2322,15,0,0.9329,0.8721,1,4,0
view2,2323,15,0,0.9402,0.8721,3,4,0
view2,2324,15,0,0.9428,0.8721,3,4,0
view2,2325,15,0,0.9316,0.872,3,4,0
view2,2326,15,0,0.9351,0.872,3,4,0
view2,2327,15,0,0.9323,0.8718,3,4,0
view2,2328,15,0,0.9375,0.8718,3,4,0
view2,2329,15,0,0.9177,0.8712,4,4,0
view2,2330,15,0,0.9275,0.8708,1,4,0
view2,2331,15,0,0.919,0.8702,4,4,0
view2,2332,15,0,0.9096,0.8693,3,4,0
view2,2333,15,0,0.9481,0.8696,3,4,0
view2,2334,15,0,0.9437,0.8697,3,4,0
view2,2335,15,0,0.9607,0.87,4,4,0
view2,2336,15,0,0.924,0.8698,4,4,0
view2,2337,15,0,0.9518,0.8701,3,4,0
view2,2338,15,0,0.9667,0.8705,4,4,0
view2,2339,15,0,0.9615,0.8708,4,4,0
view2,2340,15,0,0.9507,0.8711,4,4,0
view2,2341,15,0,0.9437,0.8712,3,4,0
view2,2342,15,0,0.9314,0.8712,4,4,0
view2,2343,15,0,0.9411,0.8713,2,4,0
view2,2344,15,0,0.9254,0.8711,3,4,0
view2,2345,15,0,0.9344,0.8712,2,4,0
view2,2346,15,0,0.9404,0.8713,3,4,0
view2,2347,15,0,0.9441,0.8714,4,4,0
view2,2348,15,0,0.9505,0.8717,4,4,0
view2,2349,15,0,0.9494,0.8719,4,4,0
view2,2350,15,0,0.947,0.8721,4,4,0
view2,2351,15,0,0.948,0.8723,4,4,0
view2,2352,15,0,0.9455,0.8725,3,4,0
view2,2353,15,0,0.9323,0.8725,3,4,0
view2,2354,15,0,0.9461,0.8728,3,4,0
view2,2355,15,0,0.9344,0.8728,3,4,0
view2,2356,15,0,0.9389,0.873,2,4,0
view2,2357,15,0,0.9298,0.873,3,4,0
view2,2358,15,0,0.9232,0.8729,3,4,0
view2,2359,15,0,0.8954,0.8721,4,4,0
view2,2360,15,0,0.8937,0.8711,3,4,0
view2,2361,15,0,0.9057,0.8707,3,4,0
view2,2362,15,0,0.9081,0.8703,4,4,0
view2,2363,15,0,0.8996,0.8698,1,4,0
view2,2364,15,0,0.9038,0.8693,2,4,0
view2,2365,15,0,0.9019,0.8687,3,4,0
view2,2366,15,0,0.8975,0.8682,3,4,0
view2,2367,15,0,0.9205,0.868,2,4,0
view2,2368,15,0,0.8965,0.8674,1,4,0
view2,2369,15,0,0.9102,0.8672,1,4,0
view2,2370,15,0,0.9271,0.8673,1,4,0
view2,2371,15,0,0.923,0.8673,2,4,0
view2,2372,15,0,0.8979,0.8669,2,4,0
view2,2373,15,0,0.8987,0.8664,1,4,0
view2,2374,15,0,0.8928,0.8659,1,4,0
view2,2375,15,0,0.894,0.8652,1,4,0
view2,2376,15,0,0.9037,0.8649,3,4,0
view2,2377,15,0,0.9079,0.8646,2,4,0
view2,2378,15,0,0.8744,0.8635,2,4,0
view2,2379,15,0,0.8787,0.8625,3,4,0
view2,2380,15,0,0.8895,0.8619,3,4,0
view2,2381,15,0,0.9096,0.8618,1,4,0
view2,2382,15,0,0.9034,0.8615,3,4,0
view2,2383,15,0,0.8879,0.8609,2,4,0
view2,2384,15,0,0.8935,0.8605,3,4,0
view2,2385,15,0,0.868,0.8592,3,4,0
view2,2386,15,0,0.8887,0.8587,1,4,0
view2,2387,15,0,0.9156,0.8586,3,4,0
view2,2388,15,0,0.8965,0.8583,2,4,0
view2,2389,15,0,0.8633,0.8571,3,4,0
view2,2390,15,0,0.8683,0.856,3,4,0
view2,2391,15,0,0.8873,0.8555,3,4,0
view2,2392,15,0,0.9036,0.8553,3,4,0
view2,2393,15,0,0.886,0.8547,3,4,0
view2,2394,15,0,0.901,0.8545,2,4,0
view2,2395,15,0,0.9039,0.8543,3,4,0
view2,2396,15,0,0.894,0.854,3,4,0
view2,2397,15,0,0.8637,0.8529,3,4,0
view2,2398,15,0,0.8814,0.8524,3,4,0
view2,2399,15,0,0.8851,0.852,3,4,0
view2,2400,16,1,0.0,0.85,3,0,0
view2,2401,16,0,0.9723,0.85,4,3,0
view2,2402,16,0,0.9711,0.9711,3,3,0
view2,2403,16,1,0.9474,0.9522,3,3,0
view2,2404,16,0,0.9836,0.9499,3,3,0
view2,2405,16,0,0.9713,0.9516,3,3,0
view2,2406,16,0,0.9584,0.9418,3,3,0
view2,2407,16,0,0.9533,0.9417,3,3,0
view2,2408,16,0,0.9507,0.9402,3,3,0
view2,2409,16,0,0.948,0.9382,3,3,0
view2,2410,16,0,0.9521,0.9349,4,3,0
view2,2411,16,0,0.9363,0.9324,3,3,0
view2,2412,16,0,0.9368,0.929,4,3,0
view2,2413,16,0,0.9332,0.926,3,3,0
view2,2414,16,0,0.9433,0.924,2,3,0
view2,2415,16,0,0.9494,0.9238,3,3,0
view2,2416,16,0,0.9406,0.922,4,3,0
view2,2417,16,0,0.9347,0.9214,5,3,0
view2,2418,16,0,0.9339,0.9199,3,3,0
view2,2419,16,0,0.9522,0.9195,4,3,0
view2,2420,16,0,0.9509,0.9193,3,3,0
view2,2421,16,0,0.9448,0.9184,4,3,0
view2,2422,16,0,0.9457,0.9171,4,3,0
view2,2423,16,0,0.9434,0.9167,4,3,0
view2,2424,16,0,0.9374,0.9156,4,3,0
view2,2425,16,0,0.931,0.9148,4,3,0
view2,2426,16,0,0.9459,0.915,4,3,0
view2,2427,16,0,0.9517,0.9151,5,3,0
view2,2428,16,0,0.946,0.9148,3,3,0
view2,2429,16,0,0.9334,0.914,4,3,0
view2,2430,16,0,0.9392,0.914,4,3,0
view2,2431,16,0,0.9449,0.9134,3,3,0
view2,2432,16,0,0.9481,0.9135,4,3,0
view2,2433,16,0,0.9493,0.9137,3,3,0
view2,2434,16,0,0.9438,0.9137,5,3,0
view2,2435,16,0,0.9434,0.9139,3,3,0
view2,2436,16,0,0.9435,0.9143,2,3,0
view2,2437,16,0,0.9401,0.9143,5,3,0
view2,2438,16,0,0.937,0.9142,3,3,0
view2,2439,16,0,0.941,0.9143,3,3,0
view2,2440,16,0,0.9337,0.9143,4,3,0
view2,2441,16,0,0.9164,0.9137,4,3,0
view2,2442,16,0,0.9221,0.9133,4,3,0
view2,2443,16,0,0.9301,0.9131,2,3,0
view2,2444,16,0,0.9271,0.9131,2,3,0
view2,2445,16,0,0.938,0.9133,3,3,0
view2,2446,16,0,0.9252,0.913,5,3,0
view2,2447,16,1,0.9067,0.9123,4,3,0
view2,2448,16,0,0.9594,0.9112,2,4,0
view2,2449,16,0,0.9547,0.9102,3,4,0
view2,2450,16,0,0.9368,0.9097,4,4,0
view2,2451,16,0,0.9279,0.9086,3,4,0
view2,2452,16,0,0.9288,0.908,2,4,0
view2,2453,16,0,0.9304,0.9078,3,4,0
view2,2454,16,0,0.9185,0.9067,3,4,0
view2,2455,16,0,0.9334,0.9064,4,4,0
view2,2456,16,0,0.9169,0.9048,2,4,0
view2,2457,16,0,0.9194,0.9034,3,4,0
view2,2458,16,0,0.9158,0.9025,4,4,0
view2,2459,16,0,0.921,0.9019,4,4,0
view2,2460,16,0,0.9242,0.9011,3,4,0
view2,2461,16,0,0.9204,0.9005,2,4,0
view2,2462,16,0,0.919,0.9004,4,4,0
view2,2463,16,0,0.9135,0.9002,4,4,0
view2,2464,16,0,0.9026,0.8995,3,4,0
view2,2465,16,1,0.8941,0.898,3,4,0
view2,2466,16,0,0.9837,0.8964,2,3,0
view2,2467,16,0,0.9781,0.8951,2,3,0
view2,2468,16,0,0.9723,0.8943,4,3,0
view2,2469,16,0,0.9747,0.8929,4,3,0
view2,2470,16,0,0.9665,0.8915,4,3,0
view2,2471,16,0,0.9615,0.8904,4,3,0
view2,2472,16,0,0.9469,0.8891,5,3,0
view2,2473,16,0,0.9321,0.8875,4,3,0
view2,2474,16,0,0.9232,0.8865,2,3,0
view2,2475,16,0,0.9096,0.8853,3,3,0
view2,2476,16,0,0.9036,0.8842,3,3,0
view2,2477,16,0,0.9134,0.8835,3,3,0
view2,2478,16,0,0.9262,0.883,2,3,0
view2,2479,16,0,0.9255,0.8828,2,3,0
view2,2480,16,0,0.9234,0.8825,1,3,0
view2,2481,16,0,0.9251,0.8821,1,3,0
view2,2482,16,0,0.9085,0.8812,2,3,0
view2,2483,16,0,0.9135,0.881,1,3,0
view2,2484,16,0,0.9192,0.8808,2,3,0
view2,2485,16,0,0.916,0.8806,4,3,0
view2,2486,16,0,0.9108,0.8804,1,3,0
view2,2487,16,0,0.9193,0.8804,4,3,0
view2,2488,16,0,0.9058,0.8804,2,3,0
view2,2489,16,0,0.895,0.8801,1,3,0
view2,2490,16,0,0.8921,0.8796,1,3,0
view2,2491,16,0,0.8847,0.8792,2,3,0
view2,2492,16,0,0.8877,0.8786,1,3,0
view2,2493,16,0,0.8922,0.8783,1,3,0
view2,2494,16,0,0.893,0.8781,2,3,0
view2,2495,16,0,0.8921,0.8776,1,3,0
view2,2496,16,0,0.893,0.8772,2,3,0
view2,2497,16,0,0.8898,0.8769,4,3,0
view2,2498,16,0,0.8883,0.8766,2,3,0
view2,2499,16,1,0.865,0.8755,4,3,0
view2,2500,16,0,0.9823,0.8747,4,4,0
view2,2501,16,0,0.9755,0.8745,3,4,0
view2,2502,16,0,0.9626,0.8745,3,4,0
view2,2503,16,0,0.976,0.8744,2,4,0
view2,2504,16,0,0.9707,0.8743,2,4,0
view2,2505,16,0,0.9712,0.8744,3,4,0
view2,2506,16,0,0.9379,0.8746,2,4,0
view2,2507,16,0,0.9621,0.8745,2,4,0
view2,2508,16,0,0.9593,0.8744,2,4,0
view2,2509,16,0,0.9647,0.8742,2,4,0
view2,2510,16,0,0.9464,0.8743,3,4,0
view2,2511,16,0,0.9399,0.8745,3,4,0
view2,2512,16,0,0.9359,0.8745,4,4,0
view2,2513,16,0,0.9228,0.8745,3,4,0
view2,2514,16,0,0.9061,0.8745,3,4,0
view2,2515,16,0,0.9055,0.8745,4,3,0
view2,2516,16,0,0.9102,0.8746,2,3,0
view2,2517,16,0,0.9076,0.8746,2,3,0
view2,2518,16,0,0.9149,0.8746,2,4,0
view2,2519,16,0,0.9108,0.8746,2,3,0
view2,2520,16,0,0.9139,0.8748,2,3,0
view2,2521,16,0,0.9082,0.8747,3,3,0
view2,2522,16,0,0.913,0.8746,2,4,0
view2,2523,16,0,0.9105,0.8746,1,3,0
view2,2524,16,0,0.9128,0.8747,1,3,0
view2,2525,16,0,0.911,0.8748,2,4,0
view2,2526,16,0,0.9202,0.875,1,3,0
view2,2527,16,0,0.9181,0.8751,4,3,0
view2,2528,16,0,0.9148,0.8753,3,3,0
view2,2529,16,0,0.9172,0.8753,3,3,0
view2,2530,16,0,0.9058,0.8753,2,3,0
view2,2531,16,0,0.9176,0.8754,3,3,0
view2,2532,16,0,0.902,0.8752,3,3,0
view2,2533,16,1,0.8298,0.8729,0,3,1
view2,2534,16,0,0.9696,0.873,2,0,1
view2,2535,16,0,0.9606,0.8694,0,0,1
view2,2536,16,0,0.9687,0.8696,2,0,1
view2,2537,16,0,0.9422,0.8696,2,0,1
view2,2538,16,0,0.9549,0.8697,3,0,1
view2,2539,16,0,0.9272,0.8698,2,0,1
view2,2540,16,0,0.9353,0.8701,2,0,1
view2,2541,16,0,0.9289,0.8702,2,0,1
view2,2542,16,0,0.9234,0.8704,2,0,1
view2,2543,16,0,0.943,0.8706,2,0,1
view2,2544,16,0,0.9258,0.8709,4,3,0
view2,2545,16,0,0.9277,0.8711,3,3,0
view2,2546,16,0,0.9259,0.8714,4,3,0
view2,2547,16,0,0.9309,0.8716,3,0,1
view2,2548,16,0,0.9243,0.8717,2,0,1
view2,2549,16,0,0.9258,0.8719,2,3,0
view2,2550,17,1,0.0,0.85,2,0,0
view2,2551,17,0,0.9828,0.85,3,2,0
view2,2552,17,0,0.982,0.982,3,2,0
view2,2553,17,1,0.9799,0.9804,3,2,0
view2,2554,17,0,0.9806,0.9732,1,3,0
view2,2555,17,0,0.9821,0.9732,3,3,0
view2,2556,17,0,0.984,0.9728,1,3,0
view2,2557,17,0,0.9775,0.9714,2,3,0
view2,2558,17,1,0.9454,0.9553,1,3,0
view2,2559,17,0,0.9599,0.949,4,1,0
view2,2560,17,0,0.9522,0.9447,2,1,0
view2,2561,17,1,0.9254,0.9351,3,3,0
view2,2562,17,0,0.9646,0.9311,3,3,0
view2,2563,17,0,0.9659,0.9289,4,3,0
view2,2564,17,0,0.9588,0.927,1,3,0
view2,2565,17,0,0.9528,0.924,3,3,0
view2,2566,17,0,0.952,0.9239,4,3,0
view2,2567,17,0,0.9577,0.9241,3,3,0
view2,2568,17,0,0.9509,0.9244,3,3,0
view2,2569,17,0,0.9358,0.923,3,3,0
view2,2570,17,0,0.9376,0.9224,4,3,0
view2,2571,17,0,0.9402,0.9223,3,3,0
view2,2572,17,0,0.9489,0.9223,3,3,0
view2,2573,17,0,0.9592,0.9223,3,3,0
view2,2574,17,0,0.955,0.922,3,3,0
view2,2575,17,0,0.9588,0.922,3,3,0
view2,2576,17,0,0.9556,0.9217,3,3,0
view2,2577,17,0,0.9606,0.9213,3,3,0
view2,2578,17,0,0.9497,0.9206,3,3,0
view2,2579,17,0,0.9503,0.9192,3,3,0
view2,2580,17,0,0.9572,0.9182,3,3,0
view2,2581,17,0,0.9584,0.9178,3,3,0
view2,2582,17,0,0.9648,0.9177,3,3,0
view2,2583,17,0,0.961,0.9176,3,3,0
view2,2584,17,0,0.9381,0.917,2,3,0
view2,2585,17,0,0.9574,0.9169,2,3,0
view2,2586,17,0,0.9565,0.9169,2,3,0
view2,2587,17,0,0.9367,0.9163,2,3,0
view2,2588,17,0,0.9323,0.9155,3,3,0
view2,2589,17,0,0.9266,0.9145,3,3,0
view2,2590,17,1,0.91,0.9126,5,3,0
view2,2591,17,0,0.9828,0.9117,2,5,0
view2,2592,17,0,0.9776,0.9109,2,5,0
view2,2593,17,0,0.9685,0.9101,3,5,0
view2,2594,17,0,0.9409,0.9087,3,5,0
view2,2595,17,0,0.9412,0.9072,3,5,0
view2,2596,17,0,0.9235,0.905,3,5,0
view2,2597,17,0,0.9429,0.9043,3,5,0
view2,2598,17,0,0.9351,0.9033,2,5,0
view2,2599,17,0,0.9462,0.9025,3,5,0
view2,2600,17,0,0.9203,0.9012,3,5,0
view2,2601,17,0,0.9184,0.8999,2,5,0
view2,2602,17,0,0.9168,0.8983,4,5,0
view2,2603,17,0,0.9237,0.8976,4,5,0
view2,2604,17,0,0.9179,0.8972,4,5,0
view2,2605,17,0,0.9251,0.8967,3,5,0
view2,2606,17,0,0.9202,0.8961,3,5,0
view2,2607,17,0,0.9147,0.8955,4,5,0
view2,2608,17,0,0.9079,0.8951,4,3,0
view2,2609,17,0,0.9294,0.8948,4,5,0
view2,2610,17,0,0.9212,0.8947,4,5,0
view2,2611,17,0,0.9202,0.8947,4,5,0
view2,2612,17,0,0.9177,0.8948,3,5,0
view2,2613,17,0,0.924,0.8948,4,5,0
view2,2614,17,0,0.9181,0.8944,4,5,0
view2,2615,17,0,0.9083,0.8935,3,2,0
view2,2616,17,0,0.9218,0.8931,4,2,0
view2,2617,17,0,0.9099,0.8927,4,2,0
view2,2618,17,0,0.9226,0.8924,6,2,0
view2,2619,17,0,0.9233,0.8922,4,2,0
view2,2620,17,0,0.9305,0.8919,4,2,0
view2,2621,17,0,0.9083,0.8914,2,3,0
view2,2622,17,0,0.8983,0.8904,2,5,0
view2,2623,17,0,0.9076,0.89,3,3,0
view2,2624,17,0,0.9067,0.8893,2,2,0
view2,2625,17,0,0.9061,0.8887,3,3,0
view2,2626,17,0,0.909,0.8882,3,2,0
view2,2627,17,0,0.9054,0.8875,3,2,0
view2,2628,17,0,0.9075,0.8871,3,2,0
view2,2629,17,0,0.9056,0.8866,3,2,0
view2,2630,17,0,0.9066,0.8862,2,2,0
view2,2631,17,0,0.9092,0.8859,3,2,0
view2,2632,17,0,0.9027,0.885,3,5,0
view2,2633,17,0,0.9109,0.8846,3,2,0
view2,2634,17,0,0.9202,0.8842,3,2,0
view2,2635,17,0,0.9208,0.884,3,2,0
view2,2636,17,0,0.9224,0.8838,3,2,0
view2,2637,17,0,0.9117,0.8835,3,2,0
view2,2638,17,0,0.9093,0.883,3,2,0
view2,2639,17,0,0.9124,0.8827,3,2,0
view2,2640,17,0,0.9135,0.8824,3,2,0
view2,2641,17,0,0.9217,0.8822,3,2,0
view2,2642,17,0,0.9203,0.882,3,2,0
view2,2643,17,0,0.8842,0.8809,3,2,0
view2,2644,17,0,0.894,0.8801,3,3,0
view2,2645,17,0,0.9137,0.8798,4,2,0
view2,2646,17,0,0.8803,0.8788,3,3,0
view2,2647,17,0,0.8988,0.8783,2,3,0
view2,2648,17,0,0.8999,0.8777,4,3,0
view2,2649,17,0,0.8972,0.8771,3,3,0
view2,2650,17,0,0.9105,0.8768,2,3,0
view2,2651,17,0,0.9082,0.8764,3,3,0
view2,2652,17,0,0.8969,0.8757,2,3,0
view2,2653,17,0,0.9021,0.8753,3,3,0
view2,2654,17,0,0.9071,0.875,2,3,0
view2,2655,17,0,0.9117,0.8748,3,3,0
view2,2656,17,0,0.9045,0.8745,4,3,0
view2,2657,17,0,0.9156,0.8743,3,3,0
view2,2658,17,0,0.9124,0.8742,2,3,0
view2,2659,17,0,0.9146,0.874,3,2,0
view2,2660,17,0,0.9103,0.8737,3,2,0
view2,2661,17,0,0.9202,0.8737,3,3,0
view2,2662,17,0,0.91,0.8736,2,3,0
view2,2663,17,0,0.9109,0.8734,3,3,0
view2,2664,17,0,0.912,0.8732,4,3,0
view2,2665,17,0,0.9225,0.8732,4,2,0
view2,2666,17,0,0.9154,0.8731,4,2,0
view2,2667,17,0,0.9247,0.8733,3,3,0
view2,2668,17,0,0.9317,0.8734,4,3,0
view2,2669,17,0,0.9246,0.8734,4,3,0
view2,2670,17,0,0.9299,0.8734,3,3,0
view2,2671,17,0,0.9035,0.8732,2,3,0
view2,2672,17,0,0.9041,0.873,3,3,0
view2,2673,17,0,0.9167,0.873,3,2,0
view2,2674,17,0,0.9121,0.8729,3,3,0
view2,2675,17,0,0.9297,0.8729,4,3,0
view2,2676,17,0,0.9186,0.8729,2,3,0
view2,2677,17,0,0.9206,0.8728,2,2,0
view2,2678,17,0,0.9113,0.8726,3,2,0
view2,2679,17,0,0.9142,0.8723,3,2,0
view2,2680,17,0,0.8978,0.8719,3,2,0
view2,2681,17,0,0.9028,0.8716,3,2,0
view2,2682,17,0,0.883,0.8711,2,3,0
view2,2683,17,0,0.9049,0.8709,1,2,0
view2,2684,17,0,0.9188,0.8707,2,2,0
view2,2685,17,0,0.9099,0.8705,4,2,0
view2,2686,17,0,0.9049,0.8703,2,3,0
view2,2687,17,0,0.8887,0.8698,2,3,0
view2,2688,17,0,0.9149,0.8695,2,3,0
view2,2689,17,0,0.9238,0.8695,2,2,0
view2,2690,17,0,0.9151,0.8694,2,2,0
view2,2691,17,0,0.9011,0.8691,2,2,0
view2,2692,17,0,0.9055,0.8689,2,2,0
view2,2693,17,0,0.9103,0.8687,3,2,0
view2,2694,17,0,0.9155,0.8686,2,3,0
view2,2695,17,0,0.9162,0.8685,3,3,0
view2,2696,17,0,0.9184,0.8684,2,3,0
view2,2697,17,0,0.9206,0.8684,1,2,0
view2,2698,17,0,0.914,0.8683,2,3,0
view2,2699,17,0,0.9252,0.8683,3,2,0
view2,2700,18,1,0.0,0.85,3,0,0
view2,2701,18,0,0.9899,0.85,2,3,0
view2,2702,18,0,0.9827,0.9827,3,3,0
view2,2703,18,0,0.9837,0.9822,1,3,0
view2,2704,18,1,0.9522,0.9624,0,3,1
view2,2705,18,0,0.9695,0.9616,1,3,0
view2,2706,18,0,0.9609,0.9543,0,0,1
view2,2707,18,0,0.9528,0.9475,0,0,1
view2,2708,18,1,0.9375,0.9393,0,0,1
view2,2709,18,0,0.98,0.9383,1,0,1
view2,2710,18,0,0.9723,0.9364,0,0,1
view2,2711,18,0,0.9535,0.9355,1,3,0
view2,2712,18,0,0.9395,0.9324,0,0,1
view2,2713,18,0,0.9347,0.9205,0,0,1
view2,2714,18,0,0.94,0.9132,0,0,1
view2,2715,18,0,0.9252,0.9109,0,0,1
view2,2716,18,0,0.9453,0.9109,0,0,1
view2,2717,18,0,0.947,0.9109,1,3,0
view2,2718,18,0,0.9294,0.9084,0,0,1
view2,2719,18,0,0.9457,0.9087,1,3,0
view2,2720,18,1,0.9032,0.9037,0,0,1
view2,2721,18,0,0.9594,0.9036,2,0,1
view2,2722,18,0,0.9504,0.9039,1,3,0
view2,2723,18,0,0.9581,0.9031,0,0,1
view2,2724,18,0,0.9494,0.9028,2,0,1
view2,2725,18,0,0.946,0.9026,4,0,1
view2,2726,18,0,0.9394,0.9021,1,0,1
view2,2727,18,0,0.9385,0.9008,1,0,1
view2,2728,18,0,0.9278,0.8995,2,0,1
view2,2729,18,0,0.9397,0.8995,1,0,1
view2,2730,18,0,0.9316,0.8981,3,3,0
view2,2731,18,0,0.9374,0.8973,1,3,0
view2,2732,18,0,0.9318,0.8971,3,3,0
view2,2733,18,0,0.93,0.8962,2,3,0
view2,2734,18,0,0.9375,0.8962,2,3,0
view2,2735,18,0,0.938,0.8964,1,3,0
view2,2736,18,0,0.9186,0.8948,3,3,0
view2,2737,18,0,0.9279,0.8942,4,3,0
view2,2738,18,0,0.9253,0.8942,2,3,0
view2,2739,18,0,0.9075,0.8921,3,3,0
view2,2740,18,0,0.9269,0.8919,3,3,0
view2,2741,18,0,0.9263,0.8894,4,3,0
view2,2742,18,0,0.934,0.8878,4,3,0
view2,2743,18,0,0.9228,0.8856,4,3,0
view2,2744,18,0,0.9197,0.883,4,3,0
view2,2745,18,0,0.9178,0.8788,4,3,0
view2,2746,18,0,0.8932,0.8718,4,3,0
view2,2747,18,0,0.8742,0.8627,4,3,0
view2,2748,18,0,0.8626,0.8537,4,3,0
view2,2749,18,0,0.8667,0.8473,3,3,0
view2,2750,18,0,0.8605,0.84,4,3,0
view2,2751,18,0,0.8766,0.8346,4,3,0
view2,2752,18,0,0.8597,0.8278,3,3,0
view2,2753,18,0,0.853,0.8208,4,3,0
view2,2754,18,0,0.8685,0.8168,3,3,0
view2,2755,18,0,0.8868,0.8141,4,3,0
view2,2756,18,0,0.8709,0.8103,4,3,0
view2,2757,18,0,0.873,0.8072,4,3,0
view2,2758,18,0,0.8957,0.8065,3,3,0
view2,2759,18,0,0.9,0.806,4,3,0
view2,2760,18,0,0.8953,0.8055,2,3,0
view2,2761,18,0,0.8961,0.8051,3,3,0
view2,2762,18,0,0.9004,0.8051,2,3,0
view2,2763,18,0,0.9085,0.8051,2,3,0
view2,2764,18,0,0.905,0.8053,3,3,0
view2,2765,18,0,0.9171,0.8055,2,3,0
view2,2766,18,0,0.9126,0.8058,2,3,0
view2,2767,18,0,0.8996,0.8053,2,3,0
view2,2768,18,0,0.9057,0.8052,3,3,0
view2,2769,18,0,0.9178,0.8054,3,3,0
view2,2770,18,0,0.899,0.8048,3,3,0
view2,2771,18,0,0.8813,0.8037,3,3,0
view2,2772,18,0,0.9029,0.8035,3,3,0
view2,2773,18,0,0.8929,0.8027,3,3,0
view2,2774,18,0,0.9188,0.8029,3,3,0
view2,2775,18,0,0.9363,0.8036,3,3,0
view2,2776,18,0,0.9339,0.8044,4,3,0
view2,2777,18,0,0.9236,0.805,3,3,0
view2,2778,18,0,0.9324,0.8058,3,3,0
view2,2779,18,0,0.9325,0.8066,3,3,0
view2,2780,18,0,0.9445,0.8074,3,3,0
view2,2781,18,0,0.9451,0.8081,4,3,0
view2,2782,18,0,0.9484,0.8089,3,3,0
view2,2783,18,0,0.9271,0.8094,3,3,0
view2,2784,18,0,0.9098,0.8096,3,3,0
view2,2785,18,0,0.9073,0.8099,3,3,0
view2,2786,18,0,0.9006,0.8098,3,3,0
view2,2787,18,0,0.9256,0.8102,3,3,0
view2,2788,18,0,0.9163,0.8106,3,3,0
view2,2789,18,0,0.9209,0.811,3,3,0
view2,2790,18,0,0.9012,0.8109,2,3,0
view2,2791,18,0,0.9099,0.8112,3,3,0
view2,2792,18,0,0.9047,0.8112,2,3,0
view2,2793,18,0,0.904,0.8113,1,3,0
view2,2794,18,0,0.907,0.8114,2,3,0
view2,2795,18,0,0.9183,0.8117,1,3,0
view2,2796,18,0,0.8943,0.8116,4,3,0
view2,2797,18,0,0.9036,0.8116,3,3,0
view2,2798,18,0,0.9015,0.8113,3,3,0
view2,2799,18,0,0.8815,0.8105,2,3,0
view2,2800,18,0,0.9159,0.8108,3,3,0
view2,2801,18,0,0.9088,0.8108,3,3,0
view2,2802,18,0,0.8919,0.8104,1,3,0
view2,2803,18,0,0.8739,0.8093,3,3,0
view2,2804,18,0,0.8772,0.8087,3,3,0
view2,2805,18,0,0.8809,0.8079,1,3,0
view2,2806,18,0,0.8681,0.8065,2,3,0
view2,2807,18,0,0.859,0.8048,2,3,0
view2,2808,18,0,0.8726,0.8036,2,3,0
view2,2809,18,0,0.8679,0.8027,3,3,0
view2,2810,18,0,0.8408,0.8005,2,3,0
view2,2811,18,0,0.8596,0.7992,2,3,0
view2,2812,18,0,0.8498,0.7977,3,3,0
view2,2813,18,0,0.8371,0.7956,3,3,0
view2,2814,18,0,0.8506,0.794,1,3,0
view2,2815,18,0,0.8487,0.7924,1,3,0
view2,2816,18,0,0.8658,0.7912,1,3,0
view2,2817,18,0,0.8828,0.7909,1,3,0
view2,2818,18,0,0.8568,0.79,3,3,0
view2,2819,18,0,0.8593,0.7893,4,3,0
view2,2820,18,0,0.8605,0.7885,2,3,0
view2,2821,18,0,0.8624,0.7878,3,3,0
view2,2822,18,0,0.8668,0.7871,2,3,0
view2,2823,18,0,0.8753,0.7867,3,3,0
view2,2824,18,0,0.877,0.7862,3,3,0
view2,2825,18,0,0.8736,0.7856,3,3,0
view2,2826,18,0,0.8548,0.7845,1,3,0
view2,2827,18,0,0.8615,0.7836,2,3,0
view2,2828,18,0,0.8731,0.7832,1,3,0
view2,2829,18,0,0.8511,0.7823,2,3,0
view2,2830,18,0,0.8538,0.7814,4,3,0
view2,2831,18,0,0.8674,0.7809,3,3,0
view2,2832,18,0,0.8562,0.7802,3,3,0
view2,2833,18,0,0.8561,0.7795,3,3,0
view2,2834,18,0,0.8551,0.7785,2,3,0
view2,2835,18,0,0.8523,0.7774,3,3,0
view2,2836,18,0,0.8655,0.7767,2,3,0
view2,2837,18,0,0.8414,0.7754,4,3,0
view2,2838,18,0,0.8547,0.7744,4,3,0
view2,2839,18,0,0.8532,0.7737,2,3,0
view2,2840,18,0,0.8395,0.7724,5,3,0
view2,2841,18,0,0.831,0.7709,2,3,0
view2,2842,18,0,0.8517,0.7701,2,3,0
view2,2843,18,0,0.888,0.7699,2,3,0
view2,2844,18,0,0.8589,0.7692,2,3,0
view2,2845,18,0,0.8714,0.7687,4,3,0
view2,2846,18,0,0.8741,0.7682,4,3,0
view2,2847,18,0,0.8664,0.7677,3,3,0
view2,2848,18,0,0.8604,0.7672,4,3,0
view2,2849,18,0,0.8724,0.7667,4,3,0
view2,2850,19,1,0.0,0.85,3,0,0
view2,2851,19,0,0.988,0.85,4,3,0
view2,2852,19,0,0.9754,0.9754,3,3,0
view2,2853,19,0,0.9784,0.9752,3,3,0
view2,2854,19,0,0.9765,0.9746,3,3,0
view2,2855,19,0,0.9742,0.9735,3,3,0
view2,2856,19,1,0.9666,0.9702,3,3,0
view2,2857,19,0,0.9761,0.9691,4,3,0
view2,2858,19,0,0.9652,0.9645,3,3,0
view2,2859,19,0,0.9667,0.9606,2,3,0
view2,2860,19,0,0.9599,0.9571,3,3,0
view2,2861,19,0,0.9669,0.9551,3,3,0
view2,2862,19,0,0.9685,0.9551,3,3,0
view2,2863,19,0,0.9638,0.9545,3,3,0
view2,2864,19,0,0.9624,0.9536,2,3,0
view2,2865,19,0,0.9587,0.9533,3,3,0
view2,2866,19,0,0.9594,0.9532,2,3,0
view2,2867,19,0,0.9596,0.9519,2,3,0
view2,2868,19,1,0.9426,0.9497,3,3,0
view2,2869,19,0,0.9809,0.9478,3,3,0
view2,2870,19,0,0.9681,0.9444,3,3,0
view2,2871,19,0,0.9655,0.9398,4,3,0
view2,2872,19,0,0.9511,0.9348,4,3,0
view2,2873,19,0,0.9416,0.9289,4,3,0
view2,2874,19,0,0.9311,0.9253,4,3,0
view2,2875,19,1,0.9191,0.9209,4,3,0
view2,2876,19,0,0.9838,0.9185,4,4,0
view2,2877,19,0,0.9807,0.9175,3,4,0
view2,2878,19,0,0.9769,0.9166,4,4,0
view2,2879,19,0,0.965,0.9165,3,4,0
view2,2880,19,0,0.9563,0.916,4,4,0
view2,2881,19,0,0.9668,0.916,3,4,0
view2,2882,19,0,0.9646,0.9153,3,4,0
view2,2883,19,0,0.9647,0.9146,3,4,0
view2,2884,19,0,0.9584,0.9143,3,4,0
view2,2885,19,0,0.9446,0.9134,3,4,0
view2,2886,19,0,0.9362,0.9133,3,4,0
view2,2887,19,0,0.9518,0.9135,3,4,0
view2,2888,19,0,0.9472,0.9134,3,4,0
view2,2889,19,0,0.9395,0.9131,2,3,0
view2,2890,19,0,0.9395,0.9132,3,3,0
view2,2891,19,0,0.9477,0.9134,3,3,0
view2,2892,19,0,0.9508,0.9128,3,3,0
view2,2893,19,0,0.9451,0.9128,4,3,0
view2,2894,19,0,0.9395,0.9127,3,3,0
view2,2895,19,0,0.94,0.9128,2,3,0
view2,2896,19,0,0.9448,0.9131,3,3,0
view2,2897,19,0,0.921,0.9126,3,3,0
view2,2898,19,1,0.9108,0.9115,4,3,0
view2,2899,19,0,0.9825,0.9105,4,4,0
view2,2900,19,0,0.9743,0.9105,4,4,0
view2,2901,19,0,0.9433,0.9094,4,4,0
view2,2902,19,0,0.9521,0.9094,3,4,0
view2,2903,19,0,0.954,0.909,4,4,0
view2,2904,19,0,0.9531,0.909,4,4,0
view2,2905,19,0,0.943,0.9076,3,4,0
view2,2906,19,0,0.9451,0.9074,2,4,0
view2,2907,19,0,0.9553,0.9072,2,4,0
view2,2908,19,0,0.949,0.9074,5,4,0
view2,2909,19,0,0.9434,0.9077,4,3,0
view2,2910,19,0,0.947,0.908,2,3,0
view2,2911,19,0,0.9548,0.9081,3,4,0
view2,2912,19,0,0.9503,0.9079,3,4,0
view2,2913,19,0,0.9468,0.908,2,4,0
view2,2914,19,0,0.938,0.9081,2,4,0
view2,2915,19,0,0.9446,0.9077,3,4,0
view2,2916,19,0,0.9386,0.9077,3,4,0
view2,2917,19,0,0.9451,0.9076,4,3,0
view2,2918,19,0,0.9447,0.9077,3,3,0
view2,2919,19,0,0.9433,0.9079,2,3,0
view2,2920,19,0,0.9357,0.908,3,3,0
view2,2921,19,0,0.9432,0.9081,3,3,0
view2,2922,19,0,0.9434,0.9082,3,3,0
view2,2923,19,0,0.9447,0.9082,3,3,0
view2,2924,19,0,0.9466,0.9082,4,3,0
view2,2925,19,0,0.9329,0.9081,4,3,0
view2,2926,19,0,0.9473,0.9081,4,3,0
view2,2927,19,0,0.9429,0.9082,4,3,0
view2,2928,19,0,0.9419,0.908,4,3,0
view2,2929,19,0,0.942,0.908,3,3,0
view2,2930,19,0,0.9358,0.908,4,3,0
view2,2931,19,0,0.9322,0.9078,2,3,0
view2,2932,19,0,0.928,0.9076,3,3,0
view2,2933,19,0,0.9346,0.9073,4,3,0
view2,2934,19,0,0.9317,0.9072,4,3,0
view2,2935,19,0,0.9288,0.907,5,3,0
view2,2936,19,0,0.9215,0.9067,4,3,0
view2,2937,19,0,0.9297,0.9065,4,4,0
view2,2938,19,0,0.9296,0.9062,4,4,0
view2,2939,19,0,0.9297,0.9057,4,4,0
view2,2940,19,0,0.9253,0.9055,4,4,0
view2,2941,19,0,0.933,0.9049,4,4,0
view2,2942,19,0,0.9343,0.9043,4,4,0
view2,2943,19,0,0.9172,0.9038,4,3,0
view2,2944,19,0,0.9254,0.9034,4,4,0
view2,2945,19,0,0.9201,0.903,4,4,0
view2,2946,19,0,0.9234,0.9025,4,4,0
view2,2947,19,0,0.9316,0.9023,3,4,0
view2,2948,19,0,0.94,0.9021,4,4,0
view2,2949,19,0,0.9323,0.9019,3,4,0
view2,2950,19,0,0.9305,0.9019,3,4,0
view2,2951,19,0,0.9323,0.9019,4,4,0
view2,2952,19,0,0.9126,0.9018,4,4,0
view2,2953,19,0,0.9158,0.9016,4,3,0
view2,2954,19,0,0.9247,0.9016,5,3,0
view2,2955,19,0,0.9266,0.9015,4,4,0
view2,2956,19,0,0.9227,0.9015,5,3,0
view2,2957,19,0,0.9271,0.9016,5,4,0
view2,2958,19,0,0.9284,0.9016,2,3,0
view2,2959,19,0,0.9222,0.9016,4,3,0
view2,2960,19,0,0.9364,0.9016,1,3,0
view2,2961,19,0,0.9363,0.9016,4,3,0
view2,2962,19,0,0.927,0.9016,2,3,0
view2,2963,19,0,0.9287,0.9017,4,3,0
view2,2964,19,0,0.9437,0.9017,4,3,0
view2,2965,19,0,0.9438,0.9017,4,3,0
view2,2966,19,0,0.9441,0.9018,3,3,0
view2,2967,19,0,0.9406,0.9017,4,3,0
view2,2968,19,0,0.9434,0.9017,4,3,0
view2,2969,19,0,0.9449,0.9016,3,3,0
view2,2970,19,0,0.9366,0.9016,3,3,0
view2,2971,19,0,0.9336,0.9016,3,3,0
view2,2972,19,0,0.9357,0.9015,3,3,0
view2,2973,19,0,0.9281,0.9015,3,3,0
view2,2974,19,0,0.9257,0.9013,3,3,0
view2,2975,19,0,0.9177,0.9013,3,3,0
view2,2976,19,0,0.9274,0.9013,3,3,0
view2,2977,19,0,0.935,0.9013,1,3,0
view2,2978,19,0,0.9254,0.9011,3,3,0
view2,2979,19,0,0.9038,0.9007,3,3,0
view2,2980,19,0,0.9071,0.9004,2,3,0
view2,2981,19,0,0.9006,0.8998,3,3,0
view2,2982,19,0,0.9134,0.8996,2,3,0
view2,2983,19,0,0.9064,0.8995,2,3,0
view2,2984,19,0,0.9153,0.8994,3,3,0
view2,2985,19,0,0.9164,0.8994,2,3,0
view2,2986,19,0,0.9022,0.8988,3,3,0
view2,2987,19,1,0.8979,0.8984,2,3,0
view2,2988,19,0,0.9768,0.8981,3,2,0
view2,2989,19,0,0.9669,0.8979,2,2,0
view2,2990,19,0,0.941,0.8977,5,2,0
view2,2991,19,0,0.9297,0.8976,2,3,0
view2,2992,19,0,0.9188,0.8974,1,2,0
view2,2993,19,0,0.9262,0.8973,1,3,0
view2,2994,19,0,0.9293,0.8973,1,3,0
view2,2995,19,0,0.9116,0.8969,3,3,0
view2,2996,19,0,0.9165,0.8967,1,3,0
view2,2997,19,0,0.9142,0.8964,1,3,0
view2,2998,19,0,0.922,0.8961,1,3,0
view2,2999,19,0,0.91,0.8958,3,3,0
view2,3000,20,1,0.0,0.85,2,0,0
view2,3001,20,0,0.9661,0.85,2,2,0
view2,3002,20,0,0.9667,0.9661,2,2,0
view2,3003,20,1,0.96,0.9613,1,2,0
view2,3004,20,0,0.9732,0.9469,2,1,0
view2,3005,20,0,0.9674,0.9445,2,1,0
view2,3006,20,0,0.955,0.9399,2,1,0
view2,3007,20,0,0.9335,0.9317,3,1,0
view2,3008,20,1,0.9197,0.924,3,1,0
view2,3009,20,0,0.9846,0.9214,2,3,0
view2,3010,20,0,0.9749,0.9193,3,3,0
view2,3011,20,0,0.9628,0.9198,3,3,0
view2,3012,20,0,0.9683,0.9208,3,3,0
view2,3013,20,0,0.9604,0.9205,4,3,0
view2,3014,20,0,0.9658,0.9191,3,3,0
view2,3015,20,0,0.9631,0.9178,2,3,0
view2,3016,20,0,0.9611,0.9167,3,3,0
view2,3017,20,0,0.9487,0.915,2,3,0
view2,3018,20,0,0.9505,0.9133,4,3,0
view2,3019,20,0,0.9374,0.9076,4,3,0
view2,3020,20,0,0.9377,0.9038,4,3,0
view2,3021,20,0,0.9357,0.9015,4,3,0
view2,3022,20,0,0.92,0.9005,3,3,0
view2,3023,20,0,0.9241,0.9005,3,3,0
view2,3024,20,0,0.9153,0.8998,3,3,0
view2,3025,20,0,0.9202,0.8992,3,3,0
view2,3026,20,0,0.919,0.8977,2,3,0
view2,3027,20,0,0.8972,0.8963,1,3,0
view2,3028,20,0,0.9038,0.8946,1,3,0
view2,3029,20,1,0.8922,0.8928,1,1,0
view2,3030,20,0,0.9772,0.8919,2,1,0
view2,3031,20,0,0.9641,0.8914,1,1,0
view2,3032,20,0,0.9471,0.8903,1,1,0
view2,3033,20,0,0.9594,0.8896,3,1,0
view2,3034,20,0,0.9532,0.8893,3,1,0
view2,3035,20,0,0.9401,0.8892,2,1,0
view2,3036,20,0,0.9427,0.8882,4,1,0
view2,3037,20,0,0.9246,0.888,2,1,0
view2,3038,20,0,0.9209,0.8882,2,1,0
view2,3039,20,0,0.9372,0.8882,3,1,0
view2,3040,20,0,0.924,0.8877,3,1,0
view2,3041,20,0,0.9224,0.8873,2,1,0
view2,3042,20,0,0.9254,0.8865,4,1,0
view2,3043,20,0,0.9251,0.886,3,1,0
view2,3044,20,0,0.9269,0.8857,2,1,0
view2,3045,20,0,0.9117,0.8851,3,1,0
view2,3046,20,0,0.9215,0.8852,4,1,0
view2,3047,20,0,0.9246,0.8849,2,1,0
view2,3048,20,0,0.9236,0.8846,2,1,0
view2,3049,20,0,0.9319,0.8846,2,1,0
view2,3050,20,0,0.9299,0.8845,3,1,0
view2,3051,20,0,0.9214,0.8843,3,1,0
view2,3052,20,0,0.9166,0.8845,4,1,0
view2,3053,20,0,0.9246,0.8846,3,1,0
view2,3054,20,0,0.9192,0.8846,3,1,0
view2,3055,20,0,0.9176,0.8842,3,1,0
view2,3056,20,0,0.9261,0.8843,3,1,0
view2,3057,20,0,0.907,0.8837,3,3,0
view2,3058,20,0,0.9199,0.8837,4,3,0
view2,3059,20,0,0.9186,0.8837,3,3,0
view2,3060,20,0,0.9366,0.8839,4,3,0
view2,3061,20,0,0.9281,0.884,4,3,0
view2,3062,20,0,0.9235,0.8842,3,3,0
view2,3063,20,0,0.9279,0.8842,4,3,0
view2,3064,20,0,0.9217,0.8837,4,3,0
view2,3065,20,0,0.9273,0.8836,5,3,0
view2,3066,20,0,0.9279,0.8837,4,3,0
view2,3067,20,0,0.9271,0.8836,2,3,0
view2,3068,20,0,0.9257,0.8834,5,3,0
view2,3069,20,0,0.9228,0.8832,3,3,0
view2,3070,20,0,0.921,0.8831,3,3,0
view2,3071,20,0,0.9124,0.8828,3,3,0
view2,3072,20,0,0.9214,0.8828,3,3,0
view2,3073,20,0,0.9171,0.8828,3,3,0
view2,3074,20,0,0.9154,0.8829,2,3,0
view2,3075,20,0,0.9186,0.883,3,3,0
view2,3076,20,0,0.9249,0.883,3,3,0
view2,3077,20,0,0.9252,0.8829,3,3,0
view2,3078,20,0,0.9411,0.8828,3,3,0
view2,3079,20,0,0.9354,0.8828,3,3,0
view2,3080,20,0,0.9407,0.8827,3,3,0
view2,3081,20,0,0.937,0.883,2,3,0
view2,3082,20,0,0.9343,0.8831,3,3,0
view2,3083,20,0,0.9134,0.8833,3,3,0
view2,3084,20,0,0.9251,0.8835,3,1,0
view2,3085,20,0,0.9188,0.8834,4,1,0
view2,3086,20,0,0.93,0.8835,4,3,0
view2,3087,20,0,0.926,0.8834,4,3,0
view2,3088,20,0,0.9209,0.8835,4,3,0
view2,3089,20,0,0.9247,0.8836,3,3,0
view2,3090,20,0,0.92,0.8834,3,3,0
view2,3091,20,0,0.9245,0.8834,4,3,0
view2,3092,20,0,0.9305,0.8834,2,3,0
view2,3093,20,0,0.9227,0.8833,3,3,0
view2,3094,20,0,0.9224,0.8832,3,3,0
view2,3095,20,0,0.9219,0.8831,4,3,0
view2,3096,20,0,0.932,0.8831,4,3,0
view2,3097,20,0,0.9295,0.8831,6,3,0
view2,3098,20,0,0.9268,0.8829,3,3,0
view2,3099,20,0,0.9228,0.8824,4,3,0
view2,3100,20,0,0.922,0.8823,4,3,0
view2,3101,20,0,0.9237,0.8821,4,3,0
view2,3102,20,0,0.9176,0.8818,3,3,0
view2,3103,20,0,0.9236,0.8817,5,3,0
view2,3104,20,0,0.9162,0.8815,4,3,0
view2,3105,20,0,0.9116,0.881,4,3,0
view2,3106,20,0,0.9169,0.8808,4,3,0
view2,3107,20,0,0.9184,0.8806,4,3,0
view2,3108,20,0,0.928,0.8806,4,3,0
view2,3109,20,0,0.93,0.8806,4,3,0
view2,3110,20,0,0.9285,0.8807,5,1,0
view2,3111,20,0,0.9133,0.8807,3,1,0
view2,3112,20,0,0.9219,0.8808,6,3,0
view2,3113,20,0,0.9155,0.8808,5,1,0
view2,3114,20,0,0.9227,0.881,4,3,0
view2,3115,20,0,0.9255,0.8809,4,3,0
view2,3116,20,0,0.9198,0.881,3,3,0
view2,3117,20,0,0.9144,0.8811,4,3,0
view2,3118,20,0,0.9199,0.8812,4,1,0
view2,3119,20,0,0.9151,0.8813,4,3,0
view2,3120,20,0,0.9197,0.8813,5,3,0
view2,3121,20,0,0.9214,0.8815,4,3,0
view2,3122,20,0,0.9136,0.8815,4,3,0
view2,3123,20,0,0.9261,0.8816,3,3,0
view2,3124,20,0,0.9186,0.8815,3,3,0
view2,3125,20,0,0.9097,0.8812,2,1,0
view2,3126,20,0,0.9073,0.881,3,3,0
view2,3127,20,0,0.9011,0.881,2,3,0
view2,3128,20,0,0.9041,0.881,4,1,0
view2,3129,20,0,0.9039,0.8809,4,1,0
view2,3130,20,0,0.9036,0.8808,3,1,0
view2,3131,20,0,0.9064,0.8808,1,1,0
view2,3132,20,0,0.8912,0.8807,6,1,0
view2,3133,20,0,0.8866,0.8805,3,1,0
view2,3134,20,0,0.8857,0.8803,3,1,0
view2,3135,20,0,0.9012,0.8802,4,1,0
view2,3136,20,0,0.9072,0.8801,5,1,0
view2,3137,20,0,0.9065,0.8801,2,1,0
view2,3138,20,0,0.9052,0.8801,2,1,0
view2,3139,20,0,0.9019,0.8801,4,1,0
view2,3140,20,0,0.8963,0.88,4,3,0
view2,3141,20,0,0.904,0.88,4,3,0
view2,3142,20,0,0.9063,0.88,4,1,0
view2,3143,20,0,0.9006,0.8799,5,1,0
view2,3144,20,0,0.9086,0.8799,1,3,0
view2,3145,20,0,0.9116,0.8798,2,3,0
view2,3146,20,0,0.9041,0.8796,3,3,0
view2,3147,20,0,0.9003,0.8795,3,3,0
view2,3148,20,0,0.9213,0.8795,2,1,0
view2,3149,20,0,0.9129,0.8794,3,1,0
view2,3150,21,1,0.0,0.85,2,0,0
view2,3151,21,0,0.9866,0.85,2,2,0
view2,3152,21,0,0.9764,0.9764,2,2,0
view2,3153,21,0,0.9739,0.9735,2,2,0
view2,3154,21,0,0.9731,0.9721,3,2,0
view2,3155,21,0,0.98,0.9731,2,2,0
view2,3156,21,0,0.9756,0.973,3,2,0
view2,3157,21,0,0.9775,0.9734,3,2,0
view2,3158,21,1,0.9609,0.9687,3,2,0
view2,3159,21,0,0.974,0.9643,3,3,0
view2,3160,21,0,0.9764,0.9643,3,3,0
view2,3161,21,0,0.9763,0.965,2,3,0
view2,3162,21,0,0.9707,0.9648,3,3,0
view2,3163,21,0,0.9676,0.9642,3,2,0
view2,3164,21,0,0.9663,0.9638,3,2,0
view2,3165,21,1,0.9593,0.9605,3,2,0
view2,3166,21,0,0.9843,0.9572,3,3,0
view2,3167,21,0,0.9774,0.9551,3,3,0
view2,3168,21,0,0.9749,0.9532,3,3,0
view2,3169,21,0,0.9727,0.9508,3,3,0
view2,3170,21,0,0.9766,0.9503,4,3,0
view2,3171,21,0,0.9701,0.9502,3,3,0
view2,3172,21,0,0.9714,0.9495,3,3,0
view2,3173,21,0,0.9648,0.9495,3,3,0
view2,3174,21,0,0.9535,0.9487,2,3,0
view2,3175,21,0,0.9572,0.9471,2,3,0
view2,3176,21,0,0.9483,0.9456,2,3,0
view2,3177,21,0,0.949,0.9446,3,3,0
view2,3178,21,0,0.9567,0.9446,2,3,0
view2,3179,21,1,0.9397,0.943,2,3,0
view2,3180,21,0,0.9788,0.9433,1,2,0
view2,3181,21,0,0.9768,0.9437,1,2,0
view2,3182,21,0,0.9656,0.9441,2,2,0
view2,3183,21,0,0.9652,0.9446,5,3,0
view2,3184,21,0,0.9579,0.9448,3,2,0
view2,3185,21,0,0.9584,0.9448,3,3,0
view2,3186,21,0,0.9503,0.9441,4,3,0
view2,3187,21,0,0.9565,0.9439,3,2,0
view2,3188,21,0,0.9546,0.9435,3,2,0
view2,3189,21,0,0.9538,0.9435,3,2,0
view2,3190,21,0,0.953,0.9434,4,2,0
view2,3191,21,0,0.9514,0.9428,3,3,0
view2,3192,21,0,0.9602,0.9425,3,2,0
view2,3193,21,0,0.9569,0.9422,2,2,0
view2,3194,21,0,0.9637,0.9414,3,2,0
view2,3195,21,0,0.9581,0.9395,2,2,0
view2,3196,21,0,0.9493,0.9374,4,2,0
view2,3197,21,0,0.9528,0.9355,2,2,0
view2,3198,21,0,0.9537,0.9342,3,2,0
view2,3199,21,0,0.9477,0.9333,2,2,0
view2,3200,21,0,0.9457,0.9326,2,2,0
view2,3201,21,0,0.9526,0.9315,2,2,0
view2,3202,21,0,0.9501,0.9312,1,2,0
view2,3203,21,0,0.9447,0.9296,3,2,0
view2,3204,21,0,0.9488,0.9282,2,2,0
view2,3205,21,0,0.9465,0.9266,2,2,0
view2,3206,21,0,0.9452,0.925,2,2,0
view2,3207,21,0,0.9509,0.9237,1,2,0
view2,3208,21,0,0.9517,0.9225,2,2,0
view2,3209,21,0,0.9456,0.9218,3,2,0
view2,3210,21,0,0.9388,0.9212,3,2,0
view2,3211,21,0,0.9444,0.9205,4,2,0
view2,3212,21,0,0.9422,0.9202,1,2,0
view2,3213,21,0,0.9245,0.9196,2,2,0
view2,3214,21,0,0.9251,0.9185,2,2,0
view2,3215,21,0,0.9262,0.918,1,3,0
view2,3216,21,0,0.9345,0.9177,3,2,0
view2,3217,21,0,0.9353,0.9174,3,3,0
view2,3218,21,0,0.9365,0.9171,2,2,0
view2,3219,21,0,0.9328,0.917,2,3,0
view2,3220,21,0,0.9319,0.9163,2,2,0
view2,3221,21,0,0.9295,0.9161,2,2,0
view2,3222,21,0,0.942,0.9161,2,2,0
view2,3223,21,0,0.9229,0.9154,1,2,0
view2,3224,21,0,0.9192,0.9141,3,2,0
view2,3225,21,0,0.9141,0.9127,1,2,0
view2,3226,21,0,0.9216,0.9111,2,2,0
view2,3227,21,0,0.9205,0.9095,3,2,0
view2,3228,21,0,0.9269,0.9084,2,2,0
view2,3229,21,0,0.9162,0.9064,2,2,0
view2,3230,21,0,0.9197,0.9046,2,2,0
view2,3231,21,0,0.9067,0.9024,2,2,0
view2,3232,21,1,0.8967,0.8996,1,2,0
view2,3233,21,0,0.9888,0.898,2,1,0
view2,3234,21,0,0.9882,0.8959,2,1,0
view2,3235,21,0,0.9859,0.8942,2,1,0
view2,3236,21,0,0.9796,0.8927,2,1,0
view2,3237,21,0,0.9724,0.8914,1,1,0
view2,3238,21,0,0.9749,0.8904,2,1,0
view2,3239,21,0,0.9716,0.8894,2,1,0
view2,3240,21,0,0.9775,0.8886,2,1,0
view2,3241,21,0,0.9469,0.8885,2,1,0
view2,3242,21,0,0.9397,0.8886,1,1,0
view2,3243,21,0,0.9422,0.8884,1,1,0
view2,3244,21,0,0.9535,0.8883,3,1,0
view2,3245,21,0,0.9511,0.8879,3,1,0
view2,3246,21,1,0.8831,0.8839,0,1,1
view2,3247,21,0,0.9341,0.8805,0,0,1
view2,3248,21,0,0.9606,0.8771,0,0,1
view2,3249,21,0,0.9555,0.8774,2,0,1
view2,3250,21,0,0.944,0.8777,2,0,1
view2,3251,21,0,0.9343,0.878,2,0,1
view2,3252,21,0,0.9363,0.8783,2,0,1
view2,3253,21,0,0.942,0.8785,1,0,1
view2,3254,21,0,0.9436,0.8789,2,2,0
view2,3255,21,0,0.9448,0.8793,3,2,0
view2,3256,21,0,0.9349,0.8795,3,2,0
view2,3257,21,0,0.9409,0.8797,2,2,0
view2,3258,21,0,0.9365,0.8799,4,2,0
view2,3259,21,0,0.9396,0.8801,2,2,0
view2,3260,21,0,0.9355,0.8803,3,2,0
view2,3261,21,0,0.9386,0.8804,3,2,0
view2,3262,21,0,0.9339,0.8806,3,2,0
view2,3263,21,0,0.9353,0.8805,3,2,0
view2,3264,21,0,0.9342,0.8805,1,2,0
view2,3265,21,0,0.9347,0.8805,3,2,0
view2,3266,21,0,0.9328,0.8805,3,2,0
view2,3267,21,0,0.9324,0.8803,3,3,0
view2,3268,21,0,0.9345,0.8803,3,3,0
view2,3269,21,0,0.9251,0.8803,4,2,0
view2,3270,21,0,0.9203,0.8801,3,2,0
view2,3271,21,0,0.9283,0.8799,3,3,0
view2,3272,21,0,0.9227,0.8798,3,2,0
view2,3273,21,0,0.92,0.8796,1,2,0
view2,3274,21,0,0.9137,0.8794,2,1,0
view2,3275,21,0,0.9259,0.8794,3,2,0
view2,3276,21,0,0.9185,0.8793,3,2,0
view2,3277,21,0,0.9202,0.879,4,3,0
view2,3278,21,0,0.9244,0.8789,3,2,0
view2,3279,21,0,0.916,0.8786,3,2,0
view2,3280,21,0,0.9089,0.8782,3,2,0
view2,3281,21,0,0.9145,0.8776,4,2,0
view2,3282,21,0,0.9147,0.8771,4,2,0
view2,3283,21,0,0.9075,0.8764,3,2,0
view2,3284,21,0,0.9054,0.8759,1,3,0
view2,3285,21,0,0.9132,0.8753,1,1,0
view2,3286,21,0,0.9171,0.8745,2,1,0
view2,3287,21,0,0.9231,0.8739,4,1,0
view2,3288,21,0,0.9163,0.8737,2,1,0
view2,3289,21,0,0.9183,0.8734,2,3,0
view2,3290,21,0,0.9223,0.8733,3,2,0
view2,3291,21,0,0.917,0.873,2,2,0
view2,3292,21,0,0.9261,0.873,4,2,0
view2,3293,21,0,0.9382,0.873,4,2,0
view2,3294,21,0,0.9265,0.8729,3,2,0
view2,3295,21,0,0.9285,0.8729,2,2,0
view2,3296,21,0,0.9271,0.8728,3,2,0
view2,3297,21,0,0.9372,0.8729,3,2,0
view2,3298,21,0,0.9358,0.8728,2,2,0
view2,3299,21,0,0.9371,0.8729,3,2,0
view2,3300,22,1,0.0,0.85,2,0,0
view2,3301,22,0,0.9881,0.85,2,2,0
view2,3302,22,0,0.9819,0.9819,1,2,0
view2,3303,22,1,0.9674,0.9705,3,2,0
view2,3304,22,0,0.985,0.9698,1,3,0
view2,3305,22,0,0.9787,0.9663,2,3,0
view2,3306,22,0,0.9789,0.9656,3,3,0
view2,3307,22,0,0.9742,0.9649,2,3,0
view2,3308,22,0,0.9732,0.9651,3,3,0
view2,3309,22,0,0.9649,0.9636,2,2,0
view2,3310,22,1,0.9524,0.9587,1,2,0
view2,3311,22,0,0.9718,0.944,0,1,1
view2,3312,22,0,0.9736,0.9436,3,1,0
view2,3313,22,0,0.9735,0.9415,2,1,0
view2,3314,22,0,0.9689,0.9395,3,1,0
view2,3315,22,0,0.9646,0.9386,2,1,0
view2,3316,22,0,0.966,0.9381,5,1,0
view2,3317,22,0,0.9637,0.9375,3,1,0
view2,3318,22,0,0.9613,0.9373,2,1,0
view2,3319,22,0,0.9394,0.9358,1,2,0
view2,3320,22,0,0.9447,0.9351,3,1,0
view2,3321,22,1,0.9327,0.9331,2,1,0
view2,3322,22,0,0.9786,0.9311,2,2,0
view2,3323,22,0,0.9674,0.9295,2,2,0
view2,3324,22,0,0.9579,0.9278,2,2,0
view2,3325,22,0,0.965,0.9266,1,2,0
view2,3326,22,0,0.9647,0.9254,2,2,0
view2,3327,22,0,0.9547,0.9239,3,2,0
view2,3328,22,0,0.9499,0.9229,3,2,0
view2,3329,22,0,0.9583,0.9227,3,2,0
view2,3330,22,0,0.954,0.9226,2,2,0
view2,3331,22,0,0.9548,0.9221,4,2,0
view2,3332,22,0,0.9596,0.9208,3,2,0
view2,3333,22,0,0.9537,0.92,3,2,0
view2,3334,22,0,0.9438,0.9186,2,2,0
view2,3335,22,0,0.945,0.9172,3,2,0
view2,3336,22,0,0.9472,0.916,3,2,0
view2,3337,22,0,0.945,0.9157,3,2,0
view2,3338,22,0,0.9439,0.9153,3,2,0
view2,3339,22,0,0.944,0.915,3,2,0
view2,3340,22,0,0.951,0.9149,2,2,0
view2,3341,22,0,0.9486,0.9147,2,2,0
view2,3342,22,0,0.9488,0.9146,4,2,0
view2,3343,22,0,0.9425,0.9142,3,2,0
view2,3344,22,0,0.9366,0.9138,2,2,0
view2,3345,22,0,0.941,0.9136,2,2,0
view2,3346,22,0,0.9407,0.9131,1,2,0
view2,3347,22,0,0.9453,0.9129,1,2,0
view2,3348,22,0,0.9266,0.9124,3,2,0
view2,3349,22,0,0.9306,0.9122,3,2,0
view2,3350,22,0,0.9409,0.9116,3,2,0
view2,3351,22,0,0.9435,0.9118,3,2,0
view2,3352,22,0,0.9342,0.911,2,2,0
view2,3353,22,0,0.9374,0.91,3,2,0
view2,3354,22,0,0.9372,0.9091,3,2,0
view2,3355,22,0,0.9288,0.9082,4,2,0
view2,3356,22,0,0.9291,0.9075,2,2,0
view2,3357,22,0,0.9401,0.9074,3,2,0
view2,3358,22,0,0.9385,0.907,4,2,0
view2,3359,22,0,0.9359,0.9065,3,2,0
view2,3360,22,0,0.9447,0.9063,3,2,0
view2,3361,22,0,0.9518,0.9061,4,2,0
view2,3362,22,0,0.9427,0.9059,3,2,0
view2,3363,22,0,0.9343,0.9055,4,2,0
view2,3364,22,0,0.9389,0.9054,4,2,0
view2,3365,22,0,0.9411,0.9054,3,2,0
view2,3366,22,0,0.9432,0.9053,4,2,0
view2,3367,22,0,0.9429,0.9053,3,2,0
view2,3368,22,0,0.9497,0.9055,2,2,0
view2,3369,22,0,0.947,0.9056,4,2,0
view2,3370,22,0,0.9216,0.9054,2,2,0
view2,3371,22,0,0.9309,0.9054,2,1,0
view2,3372,22,0,0.9299,0.9055,3,1,0
view2,3373,22,0,0.9188,0.9052,3,2,0
view2,3374,22,0,0.9119,0.9048,3,2,0
view2,3375,22,0,0.9074,0.9042,3,1,0
view2,3376,22,0,0.9192,0.9041,3,1,0
view2,3377,22,0,0.9167,0.9037,2,1,0
view2,3378,22,0,0.9275,0.9036,2,1,0
view2,3379,22,0,0.9242,0.9036,3,1,0
view2,3380,22,0,0.9157,0.9032,2,3,0
view2,3381,22,0,0.9321,0.9033,2,3,0
view2,3382,22,0,0.929,0.9033,2,3,0
view2,3383,22,0,0.9312,0.9032,2,3,0
view2,3384,22,0,0.928,0.903,2,3,0
view2,3385,22,0,0.9323,0.903,3,3,0
view2,3386,22,0,0.9294,0.9028,3,3,0
view2,3387,22,0,0.9221,0.9027,3,3,0
view2,3388,22,0,0.92,0.9025,2,3,0
view2,3389,22,0,0.9327,0.9024,2,3,0
view2,3390,22,0,0.9331,0.9024,3,3,0
view2,3391,22,0,0.928,0.902,2,3,0
view2,3392,22,0,0.9217,0.9017,4,3,0
view2,3393,22,0,0.9325,0.9016,3,3,0
view2,3394,22,0,0.9196,0.9011,4,3,0
view2,3395,22,0,0.928,0.901,4,3,0
view2,3396,22,0,0.9275,0.9009,4,2,0
view2,3397,22,0,0.9323,0.9007,4,2,0
view2,3398,22,0,0.9286,0.9004,4,2,0
view2,3399,22,0,0.9229,0.9001,3,2,0
view2,3400,22,0,0.9246,0.8998,5,2,0
view2,3401,22,0,0.9331,0.8996,4,3,0
view2,3402,22,0,0.9168,0.8989,5,3,0
view2,3403,22,0,0.928,0.8986,4,2,0
view2,3404,22,0,0.9382,0.8986,4,2,0
view2,3405,22,0,0.9282,0.8984,4,3,0
view2,3406,22,0,0.9266,0.8982,3,2,0
view2,3407,22,0,0.9364,0.8981,3,2,0
view2,3408,22,0,0.9349,0.898,5,2,0
view2,3409,22,0,0.9379,0.8979,5,3,0
view2,3410,22,0,0.9335,0.8978,4,2,0
view2,3411,22,0,0.9406,0.8977,5,2,0
view2,3412,22,0,0.9419,0.8977,4,2,0
view2,3413,22,0,0.9495,0.8977,4,2,0
view2,3414,22,0,0.9365,0.8977,4,2,0
view2,3415,22,0,0.9516,0.8978,4,2,0
view2,3416,22,0,0.9447,0.8979,4,2,0
view2,3417,22,0,0.9332,0.8978,4,2,0
view2,3418,22,0,0.9207,0.8975,4,2,0
view2,3419,22,0,0.9223,0.8973,2,3,0
view2,3420,22,0,0.9393,0.8973,2,2,0
view2,3421,22,0,0.9496,0.8975,1,3,0
view2,3422,22,0,0.945,0.8976,3,2,0
view2,3423,22,0,0.9515,0.8977,3,3,0
view2,3424,22,0,0.9464,0.8978,2,3,0
view2,3425,22,0,0.9427,0.8978,3,3,0
view2,3426,22,0,0.9363,0.8977,3,3,0
view2,3427,22,0,0.9362,0.8978,1,3,0
view2,3428,22,0,0.9271,0.8976,3,3,0
view2,3429,22,0,0.9311,0.8975,4,2,0
view2,3430,22,0,0.922,0.8972,3,2,0
view2,3431,22,0,0.9318,0.8971,3,2,0
view2,3432,22,0,0.9283,0.897,4,3,0
view2,3433,22,0,0.9071,0.8966,4,3,0
view2,3434,22,0,0.9151,0.8964,1,3,0
view2,3435,22,0,0.9201,0.8963,2,3,0
view2,3436,22,0,0.9177,0.8962,2,2,0
view2,3437,22,0,0.9209,0.8961,3,3,0
view2,3438,22,0,0.9353,0.8961,3,3,0
view2,3439,22,0,0.9322,0.8961,1,3,0
view2,3440,22,0,0.9113,0.8959,3,3,0
view2,3441,22,0,0.9281,0.8959,3,3,0
view2,3442,22,0,0.9083,0.8957,3,3,0
view2,3443,22,0,0.9269,0.8956,3,3,0
view2,3444,22,0,0.9253,0.8955,3,3,0
view2,3445,22,0,0.9135,0.8951,3,3,0
view2,3446,22,0,0.9166,0.8949,3,3,0
view2,3447,22,0,0.9108,0.8947,2,3,0
view2,3448,22,0,0.9125,0.8944,3,3,0
view2,3449,22,0,0.9091,0.8942,3,3,0
view2,3450,23,1,0.0,0.85,3,0,0
view2,3451,23,0,0.9801,0.85,3,3,0
view2,3452,23,0,0.9767,0.9767,2,3,0
view2,3453,23,1,0.9678,0.9697,2,3,0
view2,3454,23,0,0.9745,0.9652,3,2,0
view2,3455,23,0,0.9737,0.9627,1,2,0
view2,3456,23,0,0.9573,0.9516,4,2,0
view2,3457,23,0,0.9582,0.9487,3,2,0
view2,3458,23,0,0.9534,0.9453,3,2,0
view2,3459,23,0,0.9431,0.9394,3,2,0
view2,3460,23,1,0.9267,0.9294,1,2,0
view2,3461,23,0,0.978,0.9208,1,1,0
view2,3462,23,0,0.9702,0.9172,1,1,0
view2,3463,23,0,0.9714,0.9176,2,1,0
view2,3464,23,0,0.9591,0.9171,2,1,0
view2,3465,23,0,0.9677,0.9165,1,1,0
view2,3466,23,0,0.9378,0.9159,1,1,0
view2,3467,23,0,0.9418,0.9018,0,1,1
view2,3468,23,0,0.9639,0.9019,1,1,0
view2,3469,23,0,0.9564,0.9011,2,1,0
view2,3470,23,0,0.9425,0.8998,2,1,0
view2,3471,23,0,0.9433,0.8984,2,1,0
view2,3472,23,0,0.9466,0.8975,3,1,0
view2,3473,23,0,0.9579,0.8983,2,1,0
view2,3474,23,0,0.9404,0.8962,2,1,0
view2,3475,23,0,0.9472,0.895,2,1,0
view2,3476,23,0,0.9427,0.8942,3,1,0
view2,3477,23,0,0.9411,0.8936,3,1,0
view2,3478,23,0,0.9507,0.8941,4,1,0
view2,3479,23,0,0.942,0.895,3,1,0
view2,3480,23,0,0.9446,0.896,3,2,0
view2,3481,23,0,0.9438,0.8968,4,2,0
view2,3482,23,0,0.9403,0.8975,4,3,0
view2,3483,23,0,0.9584,0.8981,4,3,0
view2,3484,23,0,0.9544,0.8981,3,3,0
view2,3485,23,0,0.9511,0.8975,4,3,0
view2,3486,23,0,0.9434,0.8968,4,3,0
view2,3487,23,0,0.9507,0.8965,4,3,0
view2,3488,23,0,0.9494,0.8958,4,3,0
view2,3489,23,0,0.9434,0.895,4,3,0
view2,3490,23,0,0.9367,0.8944,4,3,0
view2,3491,23,0,0.9415,0.8935,3,3,0
view2,3492,23,0,0.9361,0.8926,4,3,0
view2,3493,23,0,0.9485,0.8926,4,3,0
view2,3494,23,0,0.9522,0.8926,4,3,0
view2,3495,23,0,0.9462,0.8924,4,3,0
view2,3496,23,0,0.9254,0.8922,4,2,0
view2,3497,23,0,0.9356,0.8918,5,3,0
view2,3498,23,0,0.9421,0.8915,3,3,0
view2,3499,23,0,0.9358,0.8913,2,2,0
view2,3500,23,0,0.9367,0.891,4,3,0
view2,3501,23,0,0.9234,0.8908,4,3,0
view2,3502,23,0,0.913,0.8901,3,2,0
view2,3503,23,0,0.9158,0.8897,5,2,0
view2,3504,23,0,0.9048,0.8889,3,2,0
view2,3505,23,0,0.8971,0.8881,4,2,0
view2,3506,23,0,0.9003,0.8873,4,3,0
view2,3507,23,0,0.9087,0.8867,2,3,0
view2,3508,23,0,0.899,0.8861,3,2,0
view2,3509,23,0,0.9137,0.8858,3,2,0
view2,3510,23,0,0.9074,0.8854,2,2,0
view2,3511,23,0,0.8957,0.8848,1,2,0
view2,3512,23,0,0.9307,0.8849,3,2,0
view2,3513,23,0,0.9019,0.8841,1,2,0
view2,3514,23,0,0.8945,0.8832,3,2,0
view2,3515,23,0,0.9083,0.8825,3,2,0
view2,3516,23,0,0.9303,0.8825,1,2,0
view2,3517,23,0,0.9273,0.8824,4,2,0
view2,3518,23,0,0.9134,0.8816,1,2,0
view2,3519,23,0,0.9289,0.8815,3,2,0
view2,3520,23,0,0.9248,0.8815,3,2,0
view2,3521,23,0,0.9187,0.8813,1,2,0
view2,3522,23,0,0.9045,0.8809,1,2,0
view2,3523,23,0,0.9119,0.8807,3,2,0
view2,3524,23,0,0.9261,0.8807,3,2,0
view2,3525,23,0,0.9085,0.8803,4,2,0
view2,3526,23,0,0.9006,0.8797,4,2,0
view2,3527,23,0,0.8871,0.8793,2,2,0
view2,3528,23,0,0.9097,0.8793,2,2,0
view2,3529,23,0,0.9133,0.8795,4,2,0
view2,3530,23,0,0.9157,0.8797,3,2,0
view2,3531,23,0,0.9225,0.8798,3,1,0
view2,3532,23,0,0.9286,0.8801,3,1,0
view2,3533,23,0,0.9261,0.8802,2,1,0
view2,3534,23,0,0.9205,0.8801,3,1,0
view2,3535,23,0,0.9257,0.8803,2,1,0
view2,3536,23,0,0.9205,0.8803,1,1,0
view2,3537,23,0,0.9151,0.8802,3,1,0
view2,3538,23,0,0.9007,0.8799,4,1,0
view2,3539,23,0,0.8989,0.8794,4,1,0
view2,3540,23,0,0.8949,0.8791,4,1,0
view2,3541,23,0,0.9119,0.8792,4,1,0
view2,3542,23,0,0.9184,0.879,5,1,0
view2,3543,23,0,0.9074,0.879,3,2,0
view2,3544,23,0,0.9143,0.879,5,2,0
view2,3545,23,0,0.9014,0.8787,3,3,0
view2,3546,23,0,0.9088,0.8784,4,3,0
view2,3547,23,0,0.89,0.878,3,3,0
view2,3548,23,0,0.8957,0.8776,6,3,0
view2,3549,23,0,0.9231,0.8778,5,3,0
view2,3550,23,0,0.9146,0.8779,3,2,0
view2,3551,23,0,0.903,0.8779,5,2,0
view2,3552,23,0,0.9036,0.8779,4,2,0
view2,3553,23,0,0.8953,0.8778,4,2,0
view2,3554,23,0,0.9088,0.8778,4,2,0
view2,3555,23,0,0.9048,0.8779,4,2,0
view2,3556,23,0,0.9043,0.8779,4,2,0
view2,3557,23,0,0.8934,0.8776,4,2,0
view2,3558,23,0,0.8946,0.8773,4,2,0
view2,3559,23,0,0.9008,0.8771,4,2,0
view2,3560,23,0,0.8965,0.8769,4,2,0
view2,3561,23,0,0.895,0.8768,4,2,0
view2,3562,23,0,0.9039,0.8768,4,2,0
view2,3563,23,0,0.8985,0.8767,3,2,0
view2,3564,23,0,0.878,0.8764,4,2,0
view2,3565,23,0,0.9028,0.8762,3,3,0
view2,3566,23,0,0.9313,0.8764,3,3,0
view2,3567,23,0,0.9135,0.8765,3,3,0
view2,3568,23,0,0.9122,0.8766,3,3,0
view2,3569,23,0,0.8981,0.8766,4,2,0
view2,3570,23,0,0.8942,0.8765,2,2,0
view2,3571,23,0,0.9023,0.8765,2,2,0
view2,3572,23,0,0.9073,0.8765,2,2,0
view2,3573,23,0,0.9085,0.8765,3,3,0
view2,3574,23,0,0.9058,0.8766,4,2,0
view2,3575,23,0,0.905,0.8766,4,2,0
view2,3576,23,0,0.8991,0.8766,3,2,0
view2,3577,23,0,0.9016,0.8765,3,2,0
view2,3578,23,0,0.901,0.8763,4,2,0
view2,3579,23,0,0.9097,0.8763,2,2,0
view2,3580,23,0,0.9129,0.8764,2,2,0
view2,3581,23,0,0.9202,0.8766,3,2,0
view2,3582,23,0,0.9075,0.8766,3,2,0
view2,3583,23,0,0.9129,0.8767,2,2,0
view2,3584,23,0,0.9213,0.8769,1,2,0
view2,3585,23,0,0.9138,0.877,3,2,0
view2,3586,23,0,0.9118,0.877,3,2,0
view2,3587,23,0,0.9048,0.877,2,2,0
view2,3588,23,0,0.9171,0.8771,2,2,0
view2,3589,23,0,0.8985,0.8771,4,2,0
view2,3590,23,0,0.9043,0.8771,4,2,0
view2,3591,23,0,0.9028,0.8771,3,2,0
view2,3592,23,0,0.9125,0.8771,3,2,0
view2,3593,23,0,0.9094,0.8771,2,2,0
view2,3594,23,0,0.9114,0.8772,4,2,0
view2,3595,23,0,0.9063,0.8771,3,2,0
view2,3596,23,0,0.899,0.877,3,2,0
view2,3597,23,0,0.8984,0.8769,3,2,0
view2,3598,23,0,0.8938,0.8768,3,2,0
view2,3599,23,0,0.8911,0.8767,4,2,0
view2,3600,24,1,0.0,0.85,4,0,0
view2,3601,24,0,0.9874,0.85,4,4,0
view2,3602,24,0,0.9825,0.9825,3,4,0
view2,3603,24,1,0.9746,0.9762,3,4,0
view2,3604,24,0,0.9793,0.9732,3,3,0
view2,3605,24,0,0.9773,0.9719,3,3,0
view2,3606,24,0,0.9769,0.9716,3,3,0
view2,3607,24,0,0.9844,0.972,4,3,0
view2,3608,24,0,0.9769,0.9721,4,4,0
view2,3609,24,0,0.978,0.9722,4,3,0
view2,3610,24,0,0.9737,0.9718,5,3,0
view2,3611,24,1,0.9688,0.9702,4,4,0
view2,3612,24,0,0.9806,0.9696,2,4,0
view2,3613,24,0,0.9853,0.9695,3,4,0
view2,3614,24,0,0.9745,0.9688,5,4,0
view2,3615,24,0,0.9844,0.9681,3,4,0
view2,3616,24,0,0.9772,0.9676,3,4,0
view2,3617,24,0,0.9768,0.9668,3,4,0
view2,3618,24,0,0.9739,0.9662,3,4,0
view2,3619,24,0,0.9711,0.9655,3,4,0
view2,3620,24,0,0.9693,0.9649,3,3,0
view2,3621,24,0,0.9768,0.965,3,4,0
view2,3622,24,0,0.9727,0.965,3,4,0
view2,3623,24,0,0.9677,0.9646,4,4,0
view2,3624,24,1,0.9618,0.9636,3,4,0
view2,3625,24,0,0.9838,0.9636,2,3,0
view2,3626,24,0,0.9787,0.963,2,3,0
view2,3627,24,0,0.9813,0.9625,3,3,0
view2,3628,24,0,0.9762,0.9623,3,3,0
view2,3629,24,0,0.9748,0.9617,3,3,0
view2,3630,24,0,0.9736,0.9616,4,3,0
view2,3631,24,0,0.9737,0.9615,2,3,0
view2,3632,24,0,0.9734,0.9614,4,3,0
view2,3633,24,0,0.9671,0.9613,2,4,0
view2,3634,24,0,0.9675,0.9605,2,3,0
view2,3635,24,0,0.9687,0.9598,2,3,0
view2,3636,24,0,0.9721,0.9595,3,3,0
view2,3637,24,0,0.9654,0.9591,3,3,0
view2,3638,24,0,0.9662,0.9585,4,3,0
view2,3639,24,1,0.9561,0.9573,3,3,0
view2,3640,24,0,0.9882,0.9565,3,3,0
view2,3641,24,0,0.9838,0.955,3,3,0
view2,3642,24,0,0.9839,0.9544,3,3,0
view2,3643,24,0,0.9618,0.952,3,3,0
view2,3644,24,0,0.9661,0.9507,3,3,0
view2,3645,24,0,0.9701,0.9497,2,3,0
view2,3646,24,0,0.9742,0.9491,2,3,0
view2,3647,24,0,0.9663,0.9483,2,3,0
view2,3648,24,0,0.9674,0.9479,2,3,0
view2,3649,24,0,0.9677,0.9474,3,3,0
view2,3650,24,0,0.9605,0.947,3,3,0
view2,3651,24,0,0.9674,0.9466,3,3,0
view2,3652,24,0,0.9616,0.946,2,3,0
view2,3653,24,0,0.9598,0.9456,2,3,0
view2,3654,24,0,0.9631,0.9454,3,3,0
view2,3655,24,0,0.9595,0.9448,2,3,0
view2,3656,24,0,0.9485,0.9439,2,3,0
view2,3657,24,0,0.9434,0.9425,3,3,0
view2,3658,24,0,0.9511,0.9419,3,3,0
view2,3659,24,0,0.9491,0.9413,4,3,0
view2,3660,24,1,0.9397,0.9399,3,3,0
view2,3661,24,0,0.9762,0.9387,3,3,0
view2,3662,24,0,0.9704,0.9379,2,3,0
view2,3663,24,0,0.9619,0.9375,3,3,0
view2,3664,24,0,0.9483,0.9368,3,3,0
view2,3665,24,0,0.9599,0.9365,3,3,0
view2,3666,24,0,0.9599,0.9363,3,3,0
view2,3667,24,0,0.9514,0.9362,3,3,0
view2,3668,24,0,0.9529,0.9362,3,3,0
view2,3669,24,0,0.9491,0.936,2,4,0
view2,3670,24,0,0.9482,0.9355,2,3,0
view2,3671,24,0,0.9465,0.935,2,3,0
view2,3672,24,0,0.9541,0.9351,3,3,0
view2,3673,24,0,0.9496,0.9349,2,4,0
view2,3674,24,0,0.949,0.9347,2,3,0
view2,3675,24,0,0.9499,0.9344,2,3,0
view2,3676,24,0,0.9359,0.9334,2,3,0
view2,3677,24,0,0.933,0.9322,2,3,0
view2,3678,24,0,0.9343,0.931,3,3,0
view2,3679,24,1,0.9293,0.9295,2,3,0
view2,3680,24,0,0.9726,0.928,2,2,0
view2,3681,24,0,0.9575,0.9266,2,2,0
view2,3682,24,0,0.9595,0.9259,2,2,0
view2,3683,24,0,0.9471,0.9251,2,2,0
view2,3684,24,0,0.9461,0.924,2,3,0
view2,3685,24,0,0.9472,0.9224,1,2,0
view2,3686,24,0,0.9387,0.9213,2,3,0
view2,3687,24,0,0.9402,0.9203,2,2,0
view2,3688,24,0,0.9391,0.9192,2,3,0
view2,3689,24,0,0.9386,0.9181,3,2,0
view2,3690,24,0,0.9327,0.9163,1,3,0
view2,3691,24,0,0.9379,0.915,1,3,0
view2,3692,24,0,0.9309,0.9142,2,3,0
view2,3693,24,1,0.913,0.9133,2,3,0
view2,3694,24,0,0.974,0.913,4,2,0
view2,3695,24,0,0.9484,0.9129,2,3,0
view2,3696,24,0,0.9485,0.9125,2,2,0
view2,3697,24,0,0.9493,0.9126,2,3,0
view2,3698,24,0,0.9411,0.9123,2,3,0
view2,3699,24,0,0.9358,0.912,2,3,0
view2,3700,24,0,0.9492,0.912,2,3,0
view2,3701,24,0,0.9487,0.9121,2,3,0
view2,3702,24,0,0.9452,0.912,5,3,0
view2,3703,24,0,0.9542,0.9121,3,4,0
view2,3704,24,0,0.9463,0.912,3,4,0
view2,3705,24,0,0.9454,0.912,3,4,0
view2,3706,24,0,0.9447,0.912,3,4,0
view2,3707,24,0,0.9455,0.9121,4,3,0
view2,3708,24,0,0.931,0.9116,3,3,0
view2,3709,24,0,0.9386,0.9115,3,3,0
view2,3710,24,0,0.9322,0.9111,3,2,0
view2,3711,24,0,0.9421,0.9109,5,3,0
view2,3712,24,0,0.9474,0.9108,2,3,0
view2,3713,24,0,0.9388,0.9105,3,3,0
view2,3714,24,0,0.9401,0.9103,4,3,0
view2,3715,24,0,0.931,0.9098,6,3,0
view2,3716,24,0,0.9308,0.9094,5,2,0
view2,3717,24,0,0.9305,0.9089,2,3,0
view2,3718,24,0,0.9229,0.9083,3,2,0
view2,3719,24,0,0.9094,0.9075,2,2,0
view2,3720,24,0,0.9263,0.9072,4,2,0
view2,3721,24,0,0.9075,0.9066,4,3,0
view2,3722,24,0,0.9212,0.9064,1,4,0
view2,3723,24,1,0.9004,0.9054,2,3,0
view2,3724,24,0,0.9689,0.905,3,2,0
view2,3725,24,0,0.9567,0.9048,4,2,0
view2,3726,24,0,0.9637,0.9046,3,2,0
view2,3727,24,0,0.9574,0.9043,4,2,0
view2,3728,24,0,0.9477,0.904,3,2,0
view2,3729,24,0,0.9487,0.9035,3,2,0
view2,3730,24,0,0.9625,0.9031,4,2,0
view2,3731,24,0,0.954,0.9026,2,2,0
view2,3732,24,0,0.9543,0.9021,4,2,0
view2,3733,24,0,0.9375,0.9015,2,2,0
view2,3734,24,0,0.927,0.901,3,2,0
view2,3735,24,0,0.9247,0.9008,5,2,0
view2,3736,24,0,0.9214,0.9005,2,3,0
view2,3737,24,0,0.9214,0.9002,2,3,0
view2,3738,24,0,0.9151,0.8998,2,3,0
view2,3739,24,0,0.929,0.8995,3,2,0
view2,3740,24,0,0.9267,0.8993,3,3,0
view2,3741,24,0,0.9075,0.8987,3,2,0
view2,3742,24,0,0.9275,0.8986,3,3,0
view2,3743,24,0,0.9342,0.8985,3,3,0
view2,3744,24,0,0.9286,0.8985,3,3,0
view2,3745,24,0,0.9554,0.8986,2,3,0
view2,3746,24,0,0.9466,0.8988,2,3,0
view2,3747,24,0,0.9428,0.8988,2,3,0
view2,3748,24,0,0.9408,0.8989,3,4,0
view2,3749,24,0,0.9423,0.899,4,3,0
view2,3750,25,1,0.0,0.85,3,0,0
view2,3751,25,0,0.9807,0.85,4,3,0
view2,3752,25,0,0.9762,0.9762,3,3,0
view2,3753,25,0,0.9781,0.9765,2,3,0
view2,3754,25,0,0.9775,0.9765,3,3,0
view2,3755,25,0,0.9774,0.9765,1,3,0
view2,3756,25,1,0.9369,0.9557,0,3,1
view2,3757,25,0,0.9751,0.9578,2,0,1
view2,3758,25,0,0.965,0.9576,2,0,1
view2,3759,25,0,0.9652,0.955,4,3,0
view2,3760,25,1,0.9492,0.9516,2,3,0
view2,3761,25,0,0.9774,0.9491,3,2,0
view2,3762,25,0,0.9787,0.9487,2,2,0
view2,3763,25,0,0.9526,0.9416,0,2,1
view2,3764,25,0,0.9451,0.9331,1,2,0
view2,3765,25,0,0.9364,0.9253,1,2,0
view2,3766,25,0,0.9354,0.919,3,2,0
view2,3767,25,0,0.9237,0.9095,3,2,0
view2,3768,25,0,0.9247,0.9036,5,2,0
view2,3769,25,0,0.9262,0.8981,3,3,0
view2,3770,25,0,0.9297,0.8944,4,3,0
view2,3771,25,0,0.9179,0.8895,4,3,0
view2,3772,25,0,0.9249,0.8859,4,2,0
view2,3773,25,0,0.923,0.8832,4,2,0
view2,3774,25,0,0.9376,0.8804,2,3,0
view2,3775,25,0,0.9316,0.8787,4,3,0
view2,3776,25,0,0.9237,0.8763,4,2,0
view2,3777,25,0,0.9384,0.8762,2,2,0
view2,3778,25,0,0.9308,0.8754,3,2,0
view2,3779,25,0,0.9376,0.8755,3,2,0
view2,3780,25,0,0.9417,0.8758,3,2,0
view2,3781,25,0,0.9358,0.8752,3,2,0
view2,3782,25,0,0.9327,0.8748,2,2,0
view2,3783,25,0,0.9178,0.8726,3,2,0
view2,3784,25,0,0.9082,0.8695,2,2,0
view2,3785,25,0,0.909,0.8667,2,2,0
view2,3786,25,0,0.9081,0.8642,2,2,0
view2,3787,25,0,0.9017,0.861,3,2,0
view2,3788,25,0,0.903,0.8576,1,2,0
view2,3789,25,0,0.9108,0.8548,3,2,0
view2,3790,25,0,0.9168,0.8529,3,2,0
view2,3791,25,0,0.9244,0.852,3,2,0
view2,3792,25,0,0.9271,0.8513,3,2,0
view2,3793,25,0,0.9248,0.851,4,3,0
view2,3794,25,0,0.92,0.8504,3,2,0
view2,3795,25,0,0.9122,0.849,3,2,0
view2,3796,25,0,0.9077,0.8474,4,2,0
view2,3797,25,0,0.9089,0.8455,4,2,0
view2,3798,25,0,0.9127,0.8447,3,2,0
view2,3799,25,0,0.9113,0.8437,4,2,0
view2,3800,25,0,0.9034,0.8424,3,2,0
view2,3801,25,0,0.9138,0.8419,3,3,0
view2,3802,25,0,0.9216,0.8416,3,2,0
view2,3803,25,0,0.925,0.8417,4,2,0
view2,3804,25,0,0.9355,0.8421,3,3,0
view2,3805,25,0,0.936,0.8423,3,3,0
view2,3806,25,0,0.9394,0.8428,3,2,0
view2,3807,25,0,0.9378,0.8433,2,3,0
view2,3808,25,0,0.9298,0.8437,3,2,0
view2,3809,25,0,0.939,0.8443,4,2,0
view2,3810,25,0,0.9329,0.8448,3,2,0
view2,3811,25,0,0.9407,0.8454,3,3,0
view2,3812,25,0,0.9292,0.8458,4,3,0
view2,3813,25,0,0.9327,0.8461,4,3,0
view2,3814,25,0,0.9096,0.8457,4,3,0
view2,3815,25,0,0.907,0.8454,4,3,0
view2,3816,25,0,0.9269,0.8454,4,3,0
view2,3817,25,0,0.9218,0.8454,2,3,0
view2,3818,25,0,0.9146,0.8451,2,3,0
view2,3819,25,0,0.9173,0.845,2,3,0
view2,3820,25,0,0.9014,0.8444,3,2,0
view2,3821,25,0,0.9206,0.8446,2,2,0
view2,3822,25,0,0.9185,0.8445,3,3,0
view2,3823,25,0,0.9072,0.844,3,3,0
view2,3824,25,0,0.9029,0.8435,3,2,0
view2,3825,25,0,0.9066,0.843,3,3,0
view2,3826,25,0,0.9181,0.843,3,3,0
view2,3827,25,0,0.899,0.8424,2,3,0
view2,3828,25,0,0.8682,0.8406,3,2,0
view2,3829,25,0,0.8672,0.8386,3,2,0
view2,3830,25,0,0.8789,0.8373,4,2,0
view2,3831,25,0,0.9037,0.8368,4,2,0
view2,3832,25,0,0.9138,0.8367,4,3,0
view2,3833,25,0,0.8959,0.8361,4,3,0
view2,3834,25,0,0.9059,0.8356,4,3,0
view2,3835,25,0,0.9113,0.8353,4,3,0
view2,3836,25,0,0.9184,0.8354,5,3,0
view2,3837,25,0,0.9008,0.8351,4,2,0
view2,3838,25,0,0.8989,0.8346,5,3,0
view2,3839,25,0,0.8976,0.8343,5,2,0
view2,3840,25,0,0.9015,0.834,4,2,0
view2,3841,25,0,0.9198,0.834,5,2,0
view2,3842,25,0,0.9229,0.8342,4,2,0
view2,3843,25,0,0.9148,0.8341,4,2,0
view2,3844,25,0,0.9,0.8337,4,2,0
view2,3845,25,0,0.8941,0.8331,4,2,0
view2,3846,25,0,0.9238,0.8332,3,2,0
view2,3847,25,0,0.9148,0.8331,5,2,0
view2,3848,25,0,0.9116,0.8329,5,2,0
view2,3849,25,0,0.9063,0.8327,4,2,0
view2,3850,25,0,0.8967,0.8322,4,2,0
view2,3851,25,0,0.9097,0.8322,4,2,0
view2,3852,25,0,0.9027,0.8319,4,2,0
view2,3853,25,0,0.9079,0.8318,4,2,0
view2,3854,25,0,0.9171,0.8318,3,2,0
view2,3855,25,0,0.9058,0.8317,4,3,0
view2,3856,25,0,0.9055,0.8317,4,2,0
view2,3857,25,0,0.9052,0.8316,2,2,0
view2,3858,25,0,0.914,0.8316,3,2,0
view2,3859,25,0,0.9255,0.8318,3,2,0
view2,3860,25,0,0.9246,0.8319,3,2,0
view2,3861,25,0,0.9207,0.832,4,2,0
view2,3862,25,0,0.9173,0.832,3,2,0
view2,3863,25,0,0.9327,0.8321,2,2,0
view2,3864,25,0,0.9187,0.8321,2,2,0
view2,3865,25,0,0.929,0.8322,2,2,0
view2,3866,25,0,0.9233,0.8324,2,2,0
view2,3867,25,0,0.921,0.8323,4,2,0
view2,3868,25,0,0.9251,0.8324,3,2,0
view2,3869,25,0,0.9276,0.8324,4,2,0
view2,3870,25,0,0.9215,0.8325,2,2,0
view2,3871,25,0,0.925,0.8326,2,2,0
view2,3872,25,0,0.8441,0.8321,0,2,1
view2,3873,25,0,0.9079,0.832,2,2,0
view2,3874,25,0,0.9203,0.8321,3,2,0
view2,3875,25,0,0.921,0.8322,2,2,0
view2,3876,25,0,0.9099,0.832,3,2,0
view2,3877,25,0,0.9115,0.8317,2,2,0
view2,3878,25,0,0.9097,0.8315,3,2,0
view2,3879,25,0,0.9183,0.8316,2,2,0
view2,3880,25,0,0.9095,0.8314,2,2,0
view2,3881,25,0,0.9031,0.8311,2,2,0
view2,3882,25,0,0.9209,0.8312,1,2,0
view2,3883,25,0,0.9106,0.831,3,2,0
view2,3884,25,0,0.9129,0.831,3,2,0
view2,3885,25,0,0.9182,0.8311,3,2,0
view2,3886,25,0,0.9097,0.831,3,2,0
view2,3887,25,0,0.9175,0.8311,2,2,0
view2,3888,25,0,0.9064,0.8311,1,3,0
view2,3889,25,0,0.8984,0.8309,2,2,0
view2,3890,25,0,0.9128,0.831,2,2,0
view2,3891,25,0,0.8961,0.8309,2,2,0
view2,3892,25,0,0.9121,0.831,2,2,0
view2,3893,25,0,0.9195,0.8311,1,2,0
view2,3894,25,0,0.8993,0.8309,3,2,0
view2,3895,25,0,0.8975,0.8305,3,2,0
view2,3896,25,0,0.9051,0.8305,2,2,0
view2,3897,25,0,0.8985,0.8303,3,2,0
view2,3898,25,0,0.9071,0.8302,3,2,0
view2,3899,25,0,0.9072,0.8301,2,2,0
view2,3900,26,1,0.0,0.85,1,0,0
view2,3901,26,0,0.9839,0.85,3,1,0
view2,3902,26,0,0.9767,0.9767,3,1,0
view2,3903,26,0,0.9792,0.977,3,1,0
view2,3904,26,0,0.978,0.9768,4,1,0
view2,3905,26,0,0.978,0.9767,4,1,0
view2,3906,26,1,0.963,0.97,4,1,0
view2,3907,26,0,0.9841,0.971,4,4,0
view2,3908,26,0,0.9799,0.968,4,4,0
view2,3909,26,0,0.9746,0.9677,3,4,0
view2,3910,26,0,0.9731,0.9666,3,1,0
view2,3911,26,0,0.9696,0.9657,4,1,0
view2,3912,26,1,0.9621,0.964,4,1,0
view2,3913,26,0,0.9766,0.962,5,4,0
view2,3914,26,1,0.7803,0.8769,0,1,1
