view,frame_idx,shot_id,accepted,max_redund_score,epsilon_used,num_persons_t,num_persons_j,fallback_triggered
view1,0,0,1,0.0,0.85,0,0,0
view1,1,0,0,0.9875,0.85,0,0,1
view1,2,0,0,0.9843,0.9843,0,0,1
view1,3,0,0,0.9884,0.985,0,0,1
view1,4,0,1,0.9786,0.9809,0,0,1
view1,5,0,0,0.9832,0.9808,0,0,1
view1,6,0,1,0.9714,0.974,0,0,1
view1,7,0,0,0.9669,0.954,0,0,1
view1,8,0,0,0.9708,0.9451,0,0,1
view1,9,0,0,0.964,0.9386,0,0,1
view1,10,0,0,0.9638,0.9338,0,0,1
view1,11,0,0,0.9577,0.9318,0,0,1
view1,12,0,0,0.9507,0.9272,0,0,1
view1,13,0,0,0.955,0.9253,0,0,1
view1,14,0,0,0.951,0.9215,0,0,1
view1,15,0,0,0.9531,0.9199,0,0,1
view1,16,0,0,0.943,0.9172,0,0,1
view1,17,0,0,0.946,0.916,0,0,1
view1,18,0,0,0.9553,0.9151,0,0,1
view1,19,0,0,0.9616,0.9155,0,0,1
view1,20,0,0,0.9599,0.9157,0,0,1
view1,21,0,0,0.9536,0.9152,0,0,1
view1,22,0,0,0.9568,0.9145,0,0,1
view1,23,0,0,0.9548,0.9136,0,0,1
view1,24,0,0,0.9506,0.9131,0,0,1
view1,25,0,0,0.9548,0.9131,0,0,1
view1,26,0,0,0.9508,0.9127,0,0,1
view1,27,0,0,0.9521,0.9125,0,0,1
view1,28,0,0,0.9505,0.912,0,0,1
view1,29,0,0,0.9521,0.9119,0,0,1
view1,30,0,0,0.9501,0.9116,0,0,1
view1,31,0,0,0.9565,0.9118,0,0,1
view1,32,0,0,0.948,0.9116,0,0,1
view1,33,0,0,0.9548,0.9119,0,0,1
view1,34,0,0,0.9531,0.9119,0,0,1
view1,35,0,0,0.9485,0.9117,0,0,1
view1,36,0,0,0.945,0.9114,0,0,1
view1,37,0,0,0.9539,0.9114,0,0,1
view1,38,0,0,0.9563,0.9115,0,0,1
view1,39,0,0,0.954,0.9116,0,0,1
view1,40,0,0,0.9539,0.9114,0,0,1
view1,41,0,0,0.9525,0.9112,0,0,1
view1,42,0,0,0.9595,0.9115,0,0,1
view1,43,0,0,0.9483,0.9114,0,0,1
view1,44,0,0,0.9505,0.9114,0,0,1
view1,45,0,0,0.9541,0.9113,0,0,1
view1,46,0,0,0.953,0.9111,0,0,1
view1,47,0,0,0.9457,0.9105,0,0,1
view1,48,0,0,0.9513,0.9105,0,0,1
view1,49,0,0,0.9443,0.9101,0,0,1
view1,50,0,0,0.9482,0.9097,0,0,1
view1,51,0,0,0.9465,0.9095,0,0,1
view1,52,0,0,0.9459,0.9092,0,0,1
view1,53,0,0,0.9492,0.9092,0,0,1
view1,54,0,0,0.9469,0.9088,0,0,1
view1,55,0,0,0.9527,0.9087,0,0,1
view1,56,0,0,0.9573,0.9088,0,0,1
view1,57,0,0,0.9525,0.9089,0,0,1
view1,58,0,0,0.9465,0.9086,0,0,1
view1,59,0,0,0.9524,0.9086,0,0,1
view1,60,0,0,0.9598,0.9088,0,0,1
view1,61,0,0,0.9487,0.9087,0,0,1
view1,62,0,0,0.9426,0.9084,0,0,1
view1,63,0,0,0.9535,0.9085,0,0,1
view1,64,0,0,0.9569,0.9086,0,0,1
view1,65,0,0,0.9532,0.9088,0,0,1
view1,66,0,0,0.9496,0.9087,0,0,1
view1,67,0,0,0.9532,0.9087,0,0,1
view1,68,0,0,0.9465,0.9087,0,0,1
view1,69,0,0,0.9487,0.9088,0,0,1
view1,70,0,0,0.9541,0.9088,0,0,1
view1,71,0,0,0.9464,0.9086,0,0,1
view1,72,0,0,0.9488,0.9085,0,0,1
view1,73,0,0,0.9564,0.9086,0,0,1
view1,74,0,0,0.9458,0.9083,0,0,1
view1,75,0,0,0.9541,0.9083,0,0,1
view1,76,0,0,0.9566,0.9083,0,0,1
view1,77,0,0,0.9578,0.9085,0,0,1
view1,78,0,0,0.9517,0.9085,0,0,1
view1,79,0,0,0.9571,0.9086,0,0,1
view1,80,0,0,0.9463,0.9084,0,0,1
view1,81,0,0,0.9523,0.9083,0,0,1
view1,82,0,0,0.9513,0.9083,0,0,1
view1,83,0,0,0.9552,0.9082,0,0,1
view1,84,0,0,0.9463,0.9082,0,0,1
view1,85,0,0,0.9535,0.9081,0,0,1
view1,86,0,0,0.9557,0.9081,0,0,1
view1,87,0,0,0.9454,0.9079,0,0,1
view1,88,0,0,0.9453,0.9078,0,0,1
view1,89,0,0,0.949,0.9078,0,0,1
view1,90,0,0,0.9417,0.9077,0,0,1
view1,91,0,0,0.9562,0.9078,0,0,1
view1,92,0,0,0.9477,0.9078,0,0,1
view1,93,0,0,0.9459,0.9078,0,0,1
view1,94,0,0,0.9522,0.9078,0,0,1
view1,95,0,0,0.9467,0.9077,0,0,1
view1,96,0,0,0.947,0.9076,0,0,1
view1,97,0,0,0.9507,0.9076,0,0,1
view1,98,0,0,0.9473,0.9075,0,0,1
view1,99,0,0,0.9422,0.9073,0,0,1
view1,100,0,0,0.9459,0.9071,0,0,1
view1,101,0,0,0.946,0.9071,0,0,1
view1,102,0,0,0.9446,0.907,0,0,1
view1,103,0,0,0.9477,0.907,0,0,1
view1,104,0,0,0.9594,0.9071,0,0,1
view1,105,0,0,0.9584,0.9071,0,0,1
view1,106,0,0,0.9477,0.907,0,0,1
view1,107,0,0,0.9538,0.9071,0,0,1
view1,108,0,0,0.9475,0.9071,0,0,1
view1,109,0,0,0.9515,0.9071,0,0,1
view1,110,0,0,0.9544,0.9071,0,0,1
view1,111,0,0,0.9471,0.9071,0,0,1
view1,112,0,0,0.9437,0.9072,0,0,1
view1,113,0,0,0.949,0.9073,0,0,1
view1,114,0,0,0.9447,0.9071,0,0,1
view1,115,0,0,0.9494,0.9071,0,0,1
view1,116,0,0,0.9597,0.9071,0,0,1
view1,117,0,0,0.9658,0.9072,0,0,1
view1,118,0,0,0.9601,0.9073,0,0,1
view1,119,0,0,0.9544,0.9073,0,0,1
view1,120,0,0,0.943,0.9072,0,0,1
view1,121,0,0,0.9512,0.9072,0,0,1
view1,122,0,0,0.9527,0.9072,0,0,1
view1,123,0,0,0.9443,0.9071,0,0,1
view1,124,0,0,0.9509,0.9071,0,0,1
view1,125,0,0,0.9513,0.9072,0,0,1
view1,126,0,0,0.9522,0.9072,0,0,1
view1,127,0,0,0.9507,0.9072,0,0,1
view1,128,0,0,0.9593,0.9073,0,0,1
view1,129,0,0,0.9615,0.9074,0,0,1
view1,130,0,0,0.9613,0.9075,0,0,1
view1,131,0,0,0.9595,0.9076,0,0,1
view1,132,0,0,0.9573,0.9076,0,0,1
view1,133,0,0,0.9461,0.9075,0,0,1
view1,134,0,0,0.9484,0.9075,0,0,1
view1,135,0,0,0.9623,0.9076,0,0,1
view1,136,0,0,0.9513,0.9076,0,0,1
view1,137,0,0,0.9583,0.9077,0,0,1
view1,138,0,0,0.9375,0.9075,0,0,1
view1,139,0,0,0.9503,0.9076,0,0,1
view1,140,0,0,0.9495,0.9075,0,0,1
view1,141,0,0,0.9566,0.9076,0,0,1
view1,142,0,0,0.9461,0.9076,0,0,1
view1,143,0,0,0.9486,0.9076,0,0,1
view1,144,0,0,0.944,0.9076,0,0,1
view1,145,0,0,0.9477,0.9076,0,0,1
view1,146,0,0,0.948,0.9075,0,0,1
view1,147,0,0,0.9504,0.9076,0,0,1
view1,148,0,0,0.9475,0.9075,0,0,1
view1,149,0,0,0.9589,0.9076,0,0,1
view1,150,1,1,0.0,0.85,0,0,0
view1,151,1,0,0.9901,0.85,0,0,1
view1,152,1,0,0.9843,0.9843,0,0,1
view1,153,1,0,0.9836,0.9831,0,0,1
view1,154,1,0,0.9863,0.9835,0,0,1
view1,155,1,0,0.9832,0.9829,0,0,1
view1,156,1,1,0.9815,0.9821,0,0,1
view1,157,1,0,0.9878,0.9818,0,0,1
view1,158,1,0,0.9873,0.9823,0,0,1
view1,159,1,0,0.9858,0.9819,0,0,1
view1,160,1,1,0.9706,0.9756,0,0,1
view1,161,1,0,0.9856,0.9733,0,0,1
view1,162,1,0,0.9758,0.9705,0,0,1
view1,163,1,1,0.9677,0.9684,0,0,1
view1,164,1,0,0.9895,0.9675,1,0,1
view1,165,1,0,0.9702,0.961,1,0,1
view1,166,1,0,0.9694,0.9582,1,0,1
view1,167,1,1,0.9187,0.9373,1,0,1
view1,168,1,0,0.9901,0.9284,1,1,0
view1,169,1,0,0.9781,0.9262,1,1,0
view1,170,1,0,0.9839,0.9247,1,1,0
view1,171,1,0,0.9772,0.9191,1,1,0
view1,172,1,0,0.9819,0.9154,1,1,0
view1,173,1,0,0.9863,0.9113,1,1,0
view1,174,1,0,0.984,0.9073,1,1,0
view1,175,1,0,0.9772,0.9059,1,1,0
view1,176,1,0,0.9759,0.9016,1,1,0
view1,177,1,0,0.9701,0.8963,1,1,0
view1,178,1,0,0.9757,0.893,1,1,0
view1,179,1,0,0.9768,0.8904,1,1,0
view1,180,1,0,0.9747,0.8887,1,1,0
view1,181,1,0,0.9754,0.8864,1,1,0
view1,182,1,0,0.971,0.8854,1,1,0
view1,183,1,0,0.9737,0.8851,1,1,0
view1,184,1,0,0.9664,0.884,1,1,0
view1,185,1,0,0.9706,0.8819,1,1,0
view1,186,1,0,0.9711,0.8815,1,1,0
view1,187,1,0,0.9712,0.8804,1,1,0
view1,188,1,0,0.968,0.8784,1,1,0
view1,189,1,0,0.965,0.8772,1,1,0
view1,190,1,0,0.9615,0.8735,1,1,0
view1,191,1,0,0.9514,0.8714,1,1,0
view1,192,1,0,0.9628,0.8696,1,1,0
view1,193,1,0,0.9626,0.8673,1,1,0
view1,194,1,0,0.9561,0.8651,1,1,0
view1,195,1,0,0.9559,0.8619,1,1,0
view1,196,1,0,0.9619,0.8584,1,1,0
view1,197,1,0,0.9576,0.8549,1,1,0
view1,198,1,0,0.9599,0.8545,1,1,0
view1,199,1,0,0.9623,0.8531,1,1,0
view1,200,1,0,0.9609,0.8531,1,1,0
view1,201,1,0,0.9704,0.8524,1,1,0
view1,202,1,0,0.9677,0.852,1,1,0
view1,203,1,0,0.9671,0.8518,1,1,0
view1,204,1,0,0.9719,0.8512,1,1,0
view1,205,1,0,0.9762,0.8493,1,1,0
view1,206,1,0,0.9693,0.8466,1,1,0
view1,207,1,0,0.9708,0.8446,1,1,0
view1,208,1,0,0.9687,0.8421,1,1,0
view1,209,1,0,0.9569,0.8389,1,1,0
view1,210,1,0,0.9018,0.8342,0,1,1
view1,211,1,0,0.9537,0.831,1,1,0
view1,212,1,0,0.9601,0.8285,1,1,0
view1,213,1,0,0.9613,0.8265,1,1,0
view1,214,1,0,0.9723,0.8262,1,1,0
view1,215,1,0,0.9694,0.8259,1,1,0
view1,216,1,0,0.9574,0.8244,1,1,0
view1,217,1,0,0.9319,0.8231,0,1,1
view1,218,1,0,0.9727,0.8229,1,1,0
view1,219,1,0,0.9273,0.8213,0,1,1
view1,220,1,0,0.9291,0.8204,0,1,1
view1,221,1,0,0.9372,0.8202,0,1,1
view1,222,1,0,0.9325,0.8202,0,1,1
view1,223,1,0,0.9127,0.8199,0,1,1
view1,224,1,0,0.9508,0.8199,1,1,0
view1,225,1,0,0.9262,0.82,0,1,1
view1,226,1,0,0.9533,0.8197,1,1,0
view1,227,1,0,0.9533,0.8195,1,1,0
view1,228,1,0,0.9523,0.8186,1,1,0
view1,229,1,0,0.9425,0.8177,1,1,0
view1,230,1,0,0.9523,0.8167,1,1,0
view1,231,1,0,0.9541,0.8153,1,1,0
view1,232,1,0,0.95,0.8137,1,1,0
view1,233,1,0,0.9549,0.8124,1,1,0
view1,234,1,0,0.9516,0.8115,1,1,0
view1,235,1,0,0.9517,0.81,1,1,0
view1,236,1,0,0.9517,0.8091,1,1,0
view1,237,1,0,0.9517,0.8086,1,1,0
view1,238,1,0,0.9177,0.809,0,1,1
view1,239,1,0,0.9534,0.8093,1,1,0
view1,240,1,0,0.9502,0.8093,1,1,0
view1,241,1,0,0.9348,0.8094,0,1,1
view1,242,1,0,0.9248,0.8098,0,1,1
view1,243,1,0,0.9588,0.8104,1,1,0
view1,244,1,0,0.9588,0.8107,1,1,0
view1,245,1,0,0.9565,0.8112,1,1,0
view1,246,1,0,0.9478,0.8116,1,1,0
view1,247,1,0,0.9068,0.8122,0,0,1
view1,248,1,0,0.9551,0.8122,1,1,0
view1,249,1,0,0.9516,0.8123,1,1,0
view1,250,1,0,0.9523,0.812,1,1,0
view1,251,1,0,0.9603,0.8123,1,1,0
view1,252,1,0,0.9569,0.8126,1,1,0
view1,253,1,0,0.9585,0.8126,1,1,0
view1,254,1,0,0.9556,0.8127,1,1,0
view1,255,1,0,0.9199,0.8129,0,1,1
view1,256,1,0,0.9563,0.8132,1,1,0
view1,257,1,0,0.9396,0.8136,1,1,0
view1,258,1,0,0.9228,0.8141,0,0,1
view1,259,1,0,0.9204,0.8146,0,0,1
view1,260,1,0,0.94,0.8152,0,0,1
view1,261,1,0,0.9218,0.8158,0,0,1
view1,262,1,0,0.9332,0.8163,0,0,1
view1,263,1,0,0.9313,0.8169,0,0,1
view1,264,1,0,0.9198,0.8174,0,0,1
view1,265,1,0,0.8968,0.8177,0,0,1
view1,266,1,0,0.8778,0.8178,0,0,1
view1,267,1,0,0.8954,0.8181,0,0,1
view1,268,1,0,0.9073,0.8185,0,0,1
view1,269,1,0,0.9067,0.8188,0,0,1
view1,270,1,0,0.9017,0.8191,0,0,1
view1,271,1,0,0.948,0.8196,1,1,0
view1,272,1,0,0.9466,0.82,1,1,0
view1,273,1,0,0.9425,0.8203,1,1,0
view1,274,1,0,0.924,0.8208,0,0,1
view1,275,1,0,0.946,0.8212,1,1,0
view1,276,1,0,0.9456,0.8217,1,1,0
view1,277,1,0,0.9438,0.8221,1,1,0
view1,278,1,0,0.9295,0.8226,0,0,1
view1,279,1,0,0.9399,0.823,1,1,0
view1,280,1,0,0.9414,0.8235,1,1,0
view1,281,1,0,0.9384,0.8239,0,0,1
view1,282,1,0,0.9155,0.8242,0,0,1
view1,283,1,0,0.9246,0.8246,0,0,1
view1,284,1,0,0.9427,0.825,1,1,0
view1,285,1,0,0.9255,0.8254,1,1,0
view1,286,1,0,0.9326,0.8258,1,1,0
view1,287,1,0,0.9324,0.8262,1,1,0
view1,288,1,0,0.9082,0.8265,1,1,0
view1,289,1,0,0.9192,0.8269,1,0,1
view1,290,1,0,0.9107,0.8271,0,0,1
view1,291,1,0,0.9435,0.8275,1,1,0
view1,292,1,0,0.923,0.8278,0,0,1
view1,293,1,0,0.9313,0.8282,1,1,0
view1,294,1,0,0.9209,0.8285,0,0,1
view1,295,1,0,0.9293,0.8288,0,0,1
view1,296,1,0,0.9488,0.8292,0,0,1
view1,297,1,0,0.9397,0.8295,0,0,1
view1,298,1,0,0.9289,0.8298,0,0,1
view1,299,1,0,0.9469,0.8302,0,0,1
view1,300,2,1,0.0,0.85,0,0,0
view1,301,2,0,0.9828,0.85,0,0,1
view1,302,2,0,0.9552,0.9552,0,0,1
view1,303,2,0,0.9717,0.9586,0,0,1
view1,304,2,0,0.9697,0.96,0,0,1
view1,305,2,0,0.9746,0.9618,0,0,1
view1,306,2,0,0.9646,0.9612,0,0,1
view1,307,2,0,0.9645,0.9609,0,0,1
view1,308,2,0,0.9744,0.9619,0,0,1
view1,309,2,0,0.9722,0.9626,0,0,1
view1,310,2,0,0.9729,0.9632,0,0,1
view1,311,2,1,0.9613,0.9622,1,0,1
view1,312,2,0,0.9872,0.9616,0,1,1
view1,313,2,0,0.9825,0.9621,0,1,1
view1,314,2,0,0.9865,0.9613,1,1,0
view1,315,2,0,0.9772,0.9619,0,1,1
view1,316,2,0,0.9744,0.9612,0,1,1
view1,317,2,0,0.9857,0.9597,1,1,0
view1,318,2,0,0.9851,0.96,1,1,0
view1,319,2,0,0.9639,0.9597,0,1,1
view1,320,2,0,0.9672,0.9596,0,1,1
view1,321,2,0,0.9763,0.9588,1,1,0
view1,322,2,0,0.9653,0.9578,0,1,1
view1,323,2,0,0.9853,0.9579,1,1,0
view1,324,2,0,0.9684,0.9578,0,1,1
view1,325,2,0,0.961,0.9572,0,1,1
view1,326,2,0,0.9835,0.9571,1,1,0
view1,327,2,0,0.9832,0.9574,1,1,0
view1,328,2,0,0.9858,0.9577,1,1,0
view1,329,2,0,0.9664,0.9576,0,1,1
view1,330,2,0,0.9813,0.9569,1,1,0
view1,331,2,0,0.9588,0.9563,0,1,1
view1,332,2,0,0.9606,0.9557,0,1,1
view1,333,2,0,0.9678,0.9558,0,0,1
view1,334,2,0,0.9628,0.9554,0,1,1
view1,335,2,0,0.964,0.9553,0,1,1
view1,336,2,0,0.9771,0.9553,1,1,0
view1,337,2,0,0.96,0.955,0,0,1
view1,338,2,0,0.9756,0.9545,1,1,0
view1,339,2,0,0.9742,0.9539,1,1,0
view1,340,2,0,0.9764,0.954,1,1,0
view1,341,2,0,0.9551,0.9535,0,1,1
view1,342,2,0,0.9669,0.952,1,1,0
view1,343,2,0,0.9721,0.9515,1,1,0
view1,344,2,1,0.9427,0.9498,0,1,1
view1,345,2,0,0.9777,0.9498,1,0,1
view1,346,2,0,0.9758,0.9483,0,0,1
view1,347,2,0,0.9735,0.946,0,0,1
view1,348,2,0,0.968,0.9451,1,0,1
view1,349,2,0,0.9706,0.9447,1,1,0
view1,350,2,0,0.959,0.9437,0,0,1
view1,351,2,0,0.9638,0.9427,1,1,0
view1,352,2,0,0.963,0.9421,1,1,0
view1,353,2,0,0.9412,0.9402,0,0,1
view1,354,2,0,0.9642,0.9398,1,1,0
view1,355,2,0,0.9687,0.9396,1,1,0
view1,356,2,0,0.966,0.9392,1,1,0
view1,357,2,0,0.955,0.9378,1,1,0
view1,358,2,0,0.9441,0.9354,1,1,0
view1,359,2,0,0.9453,0.9324,1,1,0
view1,360,2,0,0.9444,0.9302,1,1,0
view1,361,2,0,0.9351,0.9271,1,1,0
view1,362,2,0,0.9323,0.9238,1,1,0
view1,363,2,0,0.931,0.9203,1,1,0
view1,364,2,0,0.9381,0.9185,1,1,0
view1,365,2,0,0.9425,0.917,1,1,0
view1,366,2,0,0.9419,0.9155,1,1,0
view1,367,2,0,0.937,0.9138,1,1,0
view1,368,2,0,0.9223,0.9108,1,1,0
view1,369,2,0,0.9192,0.9077,1,1,0
view1,370,2,0,0.9097,0.9035,1,1,0
view1,371,2,0,0.9319,0.9019,1,1,0
view1,372,2,0,0.928,0.899,1,1,0
view1,373,2,0,0.9069,0.8943,1,1,0
view1,374,2,0,0.9232,0.8916,1,1,0
view1,375,2,0,0.9255,0.8896,1,1,0
view1,376,2,0,0.9064,0.886,1,1,0
view1,377,2,0,0.9039,0.8823,1,1,0
view1,378,2,0,0.8949,0.8779,1,1,0
view1,379,2,0,0.9054,0.8742,1,1,0
view1,380,2,0,0.9064,0.8712,1,1,0
view1,381,2,0,0.8932,0.8675,1,1,0
view1,382,2,0,0.8851,0.8634,1,1,0
view1,383,2,0,0.9013,0.8611,2,1,0
view1,384,2,0,0.9008,0.8587,1,1,0
view1,385,2,0,0.9068,0.8567,3,1,0
view1,386,2,0,0.8955,0.8547,1,1,0
view1,387,2,0,0.903,0.8531,2,1,0
view1,388,2,0,0.9146,0.8522,2,1,0
view1,389,2,0,0.8999,0.8506,2,1,0
view1,390,2,0,0.9033,0.849,2,1,0
view1,391,2,0,0.8986,0.8471,2,1,0
view1,392,2,0,0.891,0.845,3,1,0
view1,393,2,0,0.895,0.8429,2,1,0
view1,394,2,0,0.9056,0.8417,2,1,0
view1,395,2,0,0.9098,0.8408,2,1,0
view1,396,2,0,0.9185,0.8401,2,1,0
view1,397,2,0,0.912,0.8393,2,1,0
view1,398,2,0,0.9045,0.8381,2,1,0
view1,399,2,0,0.9036,0.837,1,1,0
view1,400,2,0,0.9169,0.8364,2,1,0
view1,401,2,0,0.9203,0.836,2,1,0
view1,402,2,0,0.9234,0.8359,2,1,0
view1,403,2,0,0.9305,0.8359,2,1,0
view1,404,2,0,0.9286,0.8359,2,1,0
view1,405,2,0,0.9252,0.8357,2,1,0
view1,406,2,0,0.9344,0.8359,1,1,0
view1,407,2,0,0.9357,0.8361,1,1,0
view1,408,2,0,0.9373,0.8363,1,1,0
view1,409,2,0,0.9425,0.8366,1,1,0
view1,410,2,0,0.9264,0.8365,3,1,0
view1,411,2,0,0.9208,0.8362,1,1,0
view1,412,2,0,0.8567,0.8357,0,1,1
view1,413,2,0,0.9236,0.8355,2,1,0
view1,414,2,0,0.9168,0.8351,2,1,0
view1,415,2,0,0.9094,0.8345,2,1,0
view1,416,2,0,0.9035,0.8337,2,1,0
view1,417,2,0,0.8856,0.8321,2,1,0
view1,418,2,0,0.9114,0.8315,2,1,0
view1,419,2,0,0.9064,0.8309,3,1,0
view1,420,2,0,0.8984,0.83,2,1,0
view1,421,2,0,0.9091,0.8296,2,1,0
view1,422,2,0,0.9044,0.829,2,1,0
view1,423,2,0,0.9026,0.8282,2,1,0
view1,424,2,0,0.9005,0.8275,2,1,0
view1,425,2,0,0.8956,0.8266,2,1,0
view1,426,2,0,0.899,0.826,2,1,0
view1,427,2,0,0.9021,0.8255,2,1,0
view1,428,2,0,0.9036,0.8251,2,1,0
view1,429,2,0,0.8925,0.8243,2,1,0
view1,430,2,0,0.8756,0.8228,2,1,0
view1,431,2,0,0.8621,0.8205,2,1,0
view1,432,2,0,0.8562,0.818,2,1,0
view1,433,2,0,0.8805,0.8165,2,1,0
view1,434,2,0,0.8855,0.8155,2,1,0
view1,435,2,0,0.9034,0.815,2,1,0
view1,436,2,0,0.8815,0.8139,2,1,0
view1,437,2,0,0.8778,0.8127,2,1,0
view1,438,2,0,0.8961,0.812,2,1,0
view1,439,2,0,0.8972,0.8114,2,1,0
view1,440,2,0,0.8879,0.8103,2,1,0
view1,441,2,0,0.8838,0.8092,2,1,0
view1,442,2,0,0.8926,0.8083,2,1,0
view1,443,2,0,0.8923,0.8075,2,1,0
view1,444,2,0,0.8754,0.8061,2,1,0
view1,445,2,0,0.9018,0.8058,2,1,0
view1,446,2,0,0.9002,0.8053,1,1,0
view1,447,2,0,0.9125,0.8051,2,1,0
view1,448,2,0,0.9066,0.8049,1,1,0
view1,449,2,0,0.9214,0.805,2,1,0
view1,450,3,1,0.0,0.85,2,0,0
view1,451,3,0,0.9854,0.85,2,2,0
view1,452,3,0,0.9741,0.9741,2,2,0
view1,453,3,0,0.9745,0.9728,2,2,0
view1,454,3,1,0.9549,0.9613,2,2,0
view1,455,3,0,0.984,0.9642,2,2,0
view1,456,3,0,0.9753,0.9643,2,2,0
view1,457,3,0,0.9669,0.9621,2,2,0
view1,458,3,0,0.9702,0.9583,2,2,0
view1,459,3,0,0.9695,0.959,2,2,0
view1,460,3,0,0.9725,0.9589,2,2,0
view1,461,3,0,0.9655,0.9588,2,2,0
view1,462,3,0,0.9703,0.9584,2,2,0
view1,463,3,0,0.9643,0.9584,2,2,0
view1,464,3,0,0.9673,0.9587,2,2,0
view1,465,3,0,0.9687,0.9586,2,2,0
view1,466,3,0,0.972,0.959,2,2,0
view1,467,3,0,0.9731,0.9593,2,2,0
view1,468,3,0,0.9661,0.9595,1,2,0
view1,469,3,1,0.9457,0.9508,0,2,1
view1,470,3,0,0.9822,0.9504,1,0,1
view1,471,3,0,0.9771,0.9504,2,0,1
view1,472,3,0,0.9721,0.9502,1,2,0
view1,473,3,0,0.97,0.9501,1,2,0
view1,474,3,0,0.9711,0.9502,1,2,0
view1,475,3,0,0.974,0.9503,1,2,0
view1,476,3,0,0.9622,0.9498,2,2,0
view1,477,3,0,0.9636,0.9495,2,2,0
view1,478,3,0,0.9614,0.9488,2,2,0
view1,479,3,0,0.9701,0.9485,1,2,0
view1,480,3,0,0.9655,0.9482,1,2,0
view1,481,3,0,0.968,0.948,1,2,0
view1,482,3,0,0.9627,0.947,2,2,0
view1,483,3,0,0.9642,0.9467,2,2,0
view1,484,3,0,0.9496,0.9449,1,2,0
view1,485,3,0,0.9486,0.9437,2,2,0
view1,486,3,0,0.9486,0.9429,2,2,0
view1,487,3,0,0.9491,0.9422,1,2,0
view1,488,3,0,0.9564,0.9419,2,2,0
view1,489,3,0,0.96,0.9418,1,2,0
view1,490,3,0,0.9605,0.9417,2,2,0
view1,491,3,1,0.9251,0.9337,0,0,1
view1,492,3,0,0.976,0.9296,0,0,1
view1,493,3,0,0.9718,0.9244,0,0,1
view1,494,3,0,0.9642,0.924,1,0,1
view1,495,3,0,0.9564,0.9208,0,0,1
view1,496,3,0,0.965,0.9174,0,0,1
view1,497,3,0,0.9448,0.9136,0,0,1
view1,498,3,0,0.9588,0.9107,0,0,1
view1,499,3,0,0.9444,0.9104,1,2,0
view1,500,3,0,0.9515,0.9072,0,0,1
view1,501,3,0,0.9522,0.905,0,0,1
view1,502,3,0,0.9547,0.9024,0,0,1
view1,503,3,0,0.9588,0.901,0,0,1
view1,504,3,0,0.9581,0.9015,1,0,1
view1,505,3,0,0.9519,0.9006,0,0,1
view1,506,3,0,0.9524,0.9009,1,2,0
view1,507,3,0,0.9371,0.9007,0,2,1
view1,508,3,0,0.9335,0.9007,0,2,1
view1,509,3,0,0.9326,0.9005,0,2,1
view1,510,3,0,0.9658,0.901,2,2,0
view1,511,3,0,0.9598,0.9014,1,2,0
view1,512,3,0,0.9622,0.9016,2,2,0
view1,513,3,0,0.9555,0.9018,1,2,0
view1,514,3,0,0.9525,0.902,2,2,0
view1,515,3,0,0.9601,0.9022,2,2,0
view1,516,3,0,0.9588,0.9024,2,2,0
view1,517,3,0,0.9576,0.9027,2,2,0
view1,518,3,0,0.9524,0.9028,2,2,0
view1,519,3,0,0.954,0.9029,2,2,0
view1,520,3,0,0.9543,0.903,2,2,0
view1,521,3,0,0.9617,0.9031,2,2,0
view1,522,3,0,0.9646,0.9034,2,2,0
view1,523,3,0,0.966,0.9037,1,2,0
view1,524,3,0,0.9602,0.904,2,2,0
view1,525,3,0,0.9638,0.9043,2,2,0
view1,526,3,0,0.9597,0.9046,2,2,0
view1,527,3,0,0.9684,0.9048,1,2,0
view1,528,3,0,0.9651,0.905,1,2,0
view1,529,3,0,0.9613,0.9052,1,2,0
view1,530,3,0,0.9603,0.9051,2,2,0
view1,531,3,0,0.9647,0.9052,2,2,0
view1,532,3,0,0.9588,0.9052,2,2,0
view1,533,3,0,0.951,0.9048,2,2,0
view1,534,3,0,0.9502,0.9045,2,2,0
view1,535,3,0,0.9517,0.9041,2,2,0
view1,536,3,0,0.9552,0.904,1,2,0
view1,537,3,0,0.9517,0.9038,2,2,0
view1,538,3,0,0.9503,0.9036,2,2,0
view1,539,3,0,0.9515,0.903,1,2,0
view1,540,3,0,0.9516,0.9027,2,2,0
view1,541,3,0,0.9542,0.9025,1,2,0
view1,542,3,0,0.9573,0.9025,2,2,0
view1,543,3,0,0.9563,0.9021,2,2,0
view1,544,3,0,0.9518,0.9019,2,2,0
view1,545,3,0,0.9471,0.9015,2,2,0
view1,546,3,0,0.9503,0.901,1,2,0
view1,547,3,0,0.9471,0.9005,2,2,0
view1,548,3,0,0.9479,0.9003,2,2,0
view1,549,3,0,0.9442,0.9001,2,2,0
view1,550,3,0,0.9434,0.8995,1,2,0
view1,551,3,0,0.9382,0.8986,1,2,0
view1,552,3,0,0.9039,0.8971,0,2,1
view1,553,3,0,0.9496,0.8967,2,2,0
view1,554,3,0,0.9449,0.8964,2,2,0
view1,555,3,0,0.9467,0.8962,1,2,0
view1,556,3,1,0.8846,0.8947,0,2,1
view1,557,3,0,0.9786,0.8942,1,0,1
view1,558,3,0,0.9674,0.8935,1,0,1
view1,559,3,0,0.9558,0.8924,2,0,1
view1,560,3,0,0.9656,0.8915,2,0,1
view1,561,3,0,0.954,0.8907,2,0,1
view1,562,3,0,0.9536,0.8897,2,0,1
view1,563,3,0,0.9534,0.8887,1,0,1
view1,564,3,0,0.9582,0.8872,0,0,1
view1,565,3,0,0.9421,0.8864,2,0,1
view1,566,3,0,0.9383,0.8846,0,0,1
view1,567,3,0,0.9314,0.8837,2,0,1
view1,568,3,0,0.9301,0.8826,1,0,1
view1,569,3,0,0.9482,0.8823,2,0,1
view1,570,3,0,0.9456,0.8818,1,0,1
view1,571,3,0,0.9461,0.8811,1,0,1
view1,572,3,0,0.9382,0.8807,1,2,0
view1,573,3,0,0.924,0.8793,0,0,1
view1,574,3,0,0.9205,0.8782,1,2,0
view1,575,3,0,0.9231,0.8774,2,2,0
view1,576,3,0,0.9111,0.8753,0,0,1
view1,577,3,0,0.9195,0.8741,1,2,0
view1,578,3,0,0.9136,0.8728,2,0,1
view1,579,3,0,0.9036,0.8712,2,2,0
view1,580,3,0,0.9044,0.8696,2,2,0
view1,581,3,0,0.8922,0.8673,3,2,0
view1,582,3,0,0.8856,0.8643,2,2,0
view1,583,3,0,0.8944,0.8621,2,2,0
view1,584,3,0,0.9122,0.8608,2,2,0
view1,585,3,0,0.8874,0.8584,2,2,0
view1,586,3,0,0.8788,0.8554,2,2,0
view1,587,3,0,0.8651,0.8518,2,2,0
view1,588,3,0,0.8906,0.8497,2,2,0
view1,589,3,0,0.894,0.8479,2,2,0
view1,590,3,0,0.8948,0.8459,2,2,0
view1,591,3,0,0.8969,0.8443,2,2,0
view1,592,3,0,0.9019,0.8432,2,2,0
view1,593,3,0,0.9064,0.8421,2,2,0
view1,594,3,0,0.903,0.8404,2,2,0
view1,595,3,0,0.9079,0.839,1,2,0
view1,596,3,0,0.9108,0.8375,1,2,0
view1,597,3,0,0.9104,0.8361,3,2,0
view1,598,3,0,0.8943,0.8335,1,2,0
view1,599,3,0,0.901,0.8309,2,2,0
view1,600,4,1,0.0,0.85,2,0,0
view1,601,4,0,0.9864,0.85,1,2,0
view1,602,4,0,0.9667,0.9667,2,2,0
view1,603,4,0,0.964,0.9624,2,2,0
view1,604,4,0,0.9647,0.9612,2,2,0
view1,605,4,0,0.961,0.9595,1,2,0
view1,606,4,1,0.9574,0.9574,2,2,0
view1,607,4,0,0.9841,0.9572,2,2,0
view1,608,4,0,0.9767,0.9583,1,2,0
view1,609,4,0,0.9813,0.9588,1,2,0
view1,610,4,0,0.976,0.9571,1,2,0
view1,611,4,0,0.9641,0.9538,1,2,0
view1,612,4,0,0.9568,0.9493,2,2,0
view1,613,4,0,0.9546,0.9469,1,2,0
view1,614,4,0,0.9577,0.9461,1,2,0
view1,615,4,0,0.9477,0.9425,1,2,0
view1,616,4,0,0.9458,0.9401,1,2,0
view1,617,4,0,0.9419,0.9373,1,2,0
view1,618,4,1,0.8694,0.9145,0,2,1
view1,619,4,0,0.9635,0.9041,0,0,1
view1,620,4,0,0.9376,0.9048,1,0,1
view1,621,4,0,0.9488,0.9052,1,0,1
view1,622,4,0,0.942,0.8945,0,0,1
view1,623,4,0,0.936,0.8937,1,0,1
view1,624,4,0,0.9463,0.8816,0,0,1
view1,625,4,0,0.9426,0.8823,2,0,1
view1,626,4,0,0.9387,0.8817,2,0,1
view1,627,4,0,0.9291,0.8822,2,0,1
view1,628,4,0,0.9206,0.8826,1,2,0
view1,629,4,0,0.9116,0.8731,0,0,1
view1,630,4,0,0.9282,0.8736,1,0,1
view1,631,4,0,0.9215,0.8665,0,0,1
view1,632,4,0,0.9109,0.8668,1,0,1
view1,633,4,0,0.9189,0.8669,1,0,1
view1,634,4,0,0.9324,0.867,2,0,1
view1,635,4,0,0.9206,0.8671,1,0,1
view1,636,4,0,0.9004,0.8668,1,0,1
view1,637,4,0,0.9113,0.867,1,0,1
view1,638,4,0,0.9107,0.8581,0,0,1
view1,639,4,0,0.9201,0.8586,1,0,1
view1,640,4,0,0.91,0.8589,2,0,1
view1,641,4,0,0.9113,0.8592,1,0,1
view1,642,4,0,0.9039,0.8507,0,0,1
view1,643,4,0,0.9129,0.8513,1,0,1
view1,644,4,0,0.908,0.8518,1,0,1
view1,645,4,0,0.9123,0.8523,1,0,1
view1,646,4,0,0.903,0.8527,1,0,1
view1,647,4,0,0.903,0.853,1,0,1
view1,648,4,0,0.8895,0.8531,1,0,1
view1,649,4,0,0.8835,0.853,1,2,0
view1,650,4,0,0.8813,0.8528,2,0,1
view1,651,4,0,0.8944,0.853,1,0,1
view1,652,4,0,0.9059,0.8534,1,2,0
view1,653,4,0,0.8975,0.8538,1,2,0
view1,654,4,0,0.9029,0.8542,1,0,1
view1,655,4,0,0.8904,0.8543,1,2,0
view1,656,4,0,0.8974,0.8546,1,2,0
view1,657,4,0,0.9021,0.8551,1,2,0
view1,658,4,0,0.9033,0.8554,1,0,1
view1,659,4,0,0.8973,0.8556,2,2,0
view1,660,4,0,0.9144,0.8561,1,2,0
view1,661,4,0,0.9146,0.8566,2,2,0
view1,662,4,0,0.9096,0.8569,2,2,0
view1,663,4,0,0.9048,0.8572,2,2,0
view1,664,4,0,0.8939,0.8572,2,2,0
view1,665,4,0,0.9058,0.8575,2,2,0
view1,666,4,0,0.909,0.8578,2,2,0
view1,667,4,0,0.921,0.8582,2,2,0
view1,668,4,0,0.9185,0.8585,1,2,0
view1,669,4,0,0.9226,0.8586,2,2,0
view1,670,4,0,0.921,0.8587,2,2,0
view1,671,4,0,0.9143,0.8589,2,2,0
view1,672,4,0,0.9109,0.859,2,2,0
view1,673,4,0,0.9151,0.8591,2,2,0
view1,674,4,0,0.9116,0.8593,2,2,0
view1,675,4,0,0.9218,0.8594,2,2,0
view1,676,4,0,0.9273,0.8596,2,2,0
view1,677,4,0,0.9259,0.8599,2,2,0
view1,678,4,0,0.9361,0.8601,2,2,0
view1,679,4,0,0.921,0.8603,2,2,0
view1,680,4,0,0.9179,0.8604,2,2,0
view1,681,4,0,0.9306,0.8603,2,2,0
view1,682,4,0,0.9186,0.8603,2,2,0
view1,683,4,0,0.9207,0.8602,2,2,0
view1,684,4,0,0.9244,0.8604,3,2,0
view1,685,4,0,0.9258,0.8604,2,2,0
view1,686,4,0,0.9206,0.8603,2,2,0
view1,687,4,0,0.9083,0.8599,2,2,0
view1,688,4,0,0.9241,0.8596,2,2,0
view1,689,4,0,0.9162,0.8595,2,2,0
view1,690,4,0,0.915,0.8593,2,2,0
view1,691,4,0,0.9138,0.859,2,2,0
view1,692,4,0,0.9163,0.8589,2,2,0
view1,693,4,0,0.9207,0.8587,2,2,0
view1,694,4,0,0.9271,0.8588,2,2,0
view1,695,4,0,0.9142,0.8587,2,2,0
view1,696,4,0,0.908,0.8581,2,2,0
view1,697,4,0,0.908,0.8575,2,2,0
view1,698,4,0,0.9042,0.8572,2,2,0
view1,699,4,0,0.9029,0.8571,2,2,0
view1,700,4,0,0.9162,0.8571,1,2,0
view1,701,4,0,0.9227,0.8572,2,2,0
view1,702,4,0,0.913,0.8572,2,2,0
view1,703,4,0,0.9104,0.8572,2,2,0
view1,704,4,0,0.9109,0.8572,2,2,0
view1,705,4,0,0.9197,0.8573,3,2,0
view1,706,4,0,0.903,0.8572,2,2,0
view1,707,4,0,0.9029,0.8569,2,2,0
view1,708,4,0,0.9126,0.8567,2,2,0
view1,709,4,0,0.9067,0.8566,2,2,0
view1,710,4,0,0.9053,0.8565,2,2,0
view1,711,4,0,0.8976,0.8563,2,2,0
view1,712,4,0,0.8879,0.8559,2,2,0
view1,713,4,0,0.8983,0.8557,2,2,0
view1,714,4,0,0.8901,0.8555,2,2,0
view1,715,4,0,0.8874,0.8552,2,2,0
view1,716,4,0,0.8924,0.8552,2,2,0
view1,717,4,0,0.8767,0.8547,2,2,0
view1,718,4,0,0.8871,0.8544,2,2,0
view1,719,4,0,0.8812,0.8542,2,2,0
view1,720,4,0,0.873,0.8539,2,2,0
view1,721,4,0,0.8696,0.8537,2,0,1
view1,722,4,0,0.8585,0.8533,1,2,0
view1,723,4,1,0.8429,0.8523,3,2,0
view1,724,4,0,0.9826,0.8521,3,3,0
view1,725,4,0,0.9871,0.8511,2,3,0
view1,726,4,0,0.9712,0.8504,2,3,0
view1,727,4,0,0.965,0.8501,3,3,0
view1,728,4,0,0.9648,0.8496,3,3,0
view1,729,4,0,0.9475,0.8493,3,3,0
view1,730,4,0,0.9532,0.8491,4,3,0
view1,731,4,0,0.9513,0.849,3,3,0
view1,732,4,0,0.9448,0.8489,3,3,0
view1,733,4,0,0.9537,0.8489,3,3,0
view1,734,4,0,0.938,0.8489,3,3,0
view1,735,4,0,0.9357,0.8489,3,3,0
view1,736,4,0,0.9459,0.849,3,3,0
view1,737,4,0,0.9502,0.8489,4,3,0
view1,738,4,0,0.9446,0.8491,3,3,0
view1,739,4,0,0.9436,0.849,2,3,0
view1,740,4,0,0.9459,0.8488,3,3,0
view1,741,4,0,0.9514,0.8488,2,3,0
view1,742,4,0,0.9372,0.8489,2,3,0
view1,743,4,0,0.946,0.849,3,3,0
view1,744,4,0,0.9428,0.8491,3,3,0
view1,745,4,0,0.9399,0.8491,2,3,0
view1,746,4,0,0.9516,0.8491,2,3,0
view1,747,4,0,0.9372,0.8491,1,3,0
view1,748,4,0,0.9404,0.8492,1,3,0
view1,749,4,0,0.9296,0.8494,2,3,0
view1,750,5,1,0.0,0.85,1,0,0
view1,751,5,0,0.9847,0.85,2,1,0
view1,752,5,0,0.9809,0.9809,2,1,0
view1,753,5,1,0.9708,0.9729,2,1,0
view1,754,5,0,0.978,0.9684,2,2,0
view1,755,5,0,0.9751,0.9658,2,2,0
view1,756,5,0,0.9726,0.9655,2,2,0
view1,757,5,0,0.9704,0.9619,3,2,0
view1,758,5,0,0.9749,0.9618,2,2,0
view1,759,5,0,0.9776,0.9625,1,2,0
view1,760,5,0,0.9664,0.9606,2,2,0
view1,761,5,0,0.9654,0.9593,2,2,0
view1,762,5,0,0.9589,0.9571,2,2,0
view1,763,5,0,0.9605,0.9555,3,2,0
view1,764,5,1,0.9452,0.9521,2,2,0
view1,765,5,0,0.9895,0.9504,3,2,0
view1,766,5,0,0.9734,0.9499,2,2,0
view1,767,5,0,0.9795,0.9498,2,2,0
view1,768,5,0,0.9764,0.9501,1,2,0
view1,769,5,0,0.9715,0.9501,2,2,0
view1,770,5,0,0.9673,0.9498,2,2,0
view1,771,5,0,0.9708,0.9496,3,2,0
view1,772,5,0,0.9654,0.9485,4,2,0
view1,773,5,0,0.9687,0.9477,2,2,0
view1,774,5,0,0.9598,0.9475,3,2,0
view1,775,5,0,0.9597,0.9459,2,2,0
view1,776,5,0,0.9582,0.9443,2,2,0
view1,777,5,0,0.9577,0.9433,3,2,0
view1,778,5,0,0.9635,0.9425,3,2,0
view1,779,5,0,0.9589,0.9417,4,2,0
view1,780,5,0,0.9574,0.941,4,2,0
view1,781,5,0,0.9413,0.9386,2,2,0
view1,782,5,0,0.9427,0.9374,2,2,0
view1,783,5,1,0.9259,0.9336,3,2,0
view1,784,5,0,0.9745,0.9333,1,3,0
view1,785,5,1,0.9225,0.9259,0,3,1
view1,786,5,0,0.9661,0.9262,3,0,1
view1,787,5,0,0.951,0.9265,3,0,1
view1,788,5,0,0.9499,0.9265,2,3,0
view1,789,5,0,0.9576,0.9266,1,3,0
view1,790,5,0,0.9416,0.9261,3,2,0
view1,791,5,0,0.9583,0.9257,2,3,0
view1,792,5,0,0.949,0.9256,3,0,1
view1,793,5,0,0.9491,0.9255,3,3,0
view1,794,5,0,0.9425,0.925,2,2,0
view1,795,5,0,0.94,0.9242,3,2,0
view1,796,5,1,0.918,0.9207,2,2,0
view1,797,5,0,0.9789,0.9171,3,2,0
view1,798,5,0,0.9655,0.9144,4,2,0
view1,799,5,0,0.9583,0.9125,3,2,0
view1,800,5,0,0.9487,0.9111,3,2,0
view1,801,5,0,0.9541,0.9099,2,2,0
view1,802,5,0,0.9334,0.9079,2,2,0
view1,803,5,0,0.9375,0.906,2,2,0
view1,804,5,0,0.9359,0.905,2,2,0
view1,805,5,0,0.9282,0.9038,3,2,0
view1,806,5,0,0.9246,0.9024,3,2,0
view1,807,5,0,0.9349,0.9019,2,2,0
view1,808,5,0,0.9185,0.9005,3,2,0
view1,809,5,0,0.9182,0.8981,2,2,0
view1,810,5,0,0.9175,0.8972,3,2,0
view1,811,5,0,0.9174,0.896,2,2,0
view1,812,5,0,0.937,0.8958,3,2,0
view1,813,5,0,0.9369,0.8956,2,2,0
view1,814,5,0,0.9264,0.8952,1,2,0
view1,815,5,0,0.9293,0.895,3,2,0
view1,816,5,0,0.9267,0.894,3,2,0
view1,817,5,0,0.9285,0.8932,2,2,0
view1,818,5,0,0.9469,0.8932,2,2,0
view1,819,5,0,0.9443,0.893,2,2,0
view1,820,5,0,0.9409,0.8928,2,2,0
view1,821,5,0,0.9353,0.8924,2,2,0
view1,822,5,1,0.8596,0.8878,0,1,1
view1,823,5,0,0.9698,0.8876,1,0,1
view1,824,5,0,0.9559,0.8873,2,0,1
view1,825,5,0,0.9525,0.8874,2,0,1
view1,826,5,0,0.9474,0.8874,2,0,1
view1,827,5,0,0.937,0.8873,2,1,0
view1,828,5,0,0.9383,0.8871,3,1,0
view1,829,5,0,0.9382,0.8867,2,1,0
view1,830,5,0,0.9343,0.8862,1,2,0
view1,831,5,0,0.9383,0.8859,1,2,0
view1,832,5,0,0.9307,0.8853,1,2,0
view1,833,5,0,0.9318,0.8846,1,2,0
view1,834,5,0,0.9245,0.8837,1,2,0
view1,835,5,0,0.9311,0.8832,4,2,0
view1,836,5,0,0.9339,0.8828,2,2,0
view1,837,5,0,0.9339,0.8826,1,2,0
view1,838,5,0,0.9323,0.882,2,1,0
view1,839,5,0,0.9313,0.8815,1,1,0
view1,840,5,0,0.9329,0.8813,2,2,0
view1,841,5,0,0.9272,0.8809,1,2,0
view1,842,5,0,0.9359,0.8805,2,2,0
view1,843,5,0,0.9431,0.88,1,2,0
view1,844,5,0,0.8903,0.8771,0,0,1
view1,845,5,0,0.9297,0.8768,2,1,0
view1,846,5,0,0.9357,0.8764,2,1,0
view1,847,5,0,0.8767,0.8741,0,0,1
view1,848,5,0,0.9209,0.8737,1,1,0
view1,849,5,0,0.9305,0.873,2,1,0
view1,850,5,0,0.932,0.8724,2,1,0
view1,851,5,0,0.9265,0.8722,2,2,0
view1,852,5,1,0.8569,0.8698,0,0,1
view1,853,5,0,0.9696,0.8695,1,0,1
view1,854,5,0,0.9488,0.8694,1,0,1
view1,855,5,0,0.9453,0.8695,1,0,1
view1,856,5,0,0.9531,0.8695,2,0,1
view1,857,5,0,0.9369,0.869,2,0,1
view1,858,5,0,0.9439,0.8689,1,0,1
view1,859,5,0,0.9378,0.8686,1,0,1
view1,860,5,0,0.932,0.8684,2,0,1
view1,861,5,0,0.938,0.8682,2,2,0
view1,862,5,0,0.9346,0.8678,1,2,0
view1,863,5,0,0.9343,0.8667,1,2,0
view1,864,5,0,0.8932,0.8634,0,0,1
view1,865,5,0,0.9254,0.8633,1,2,0
view1,866,5,0,0.9277,0.8634,1,2,0
view1,867,5,0,0.9156,0.8631,1,2,0
view1,868,5,0,0.9311,0.8631,1,2,0
view1,869,5,0,0.8978,0.8615,0,0,1
view1,870,5,0,0.8968,0.8598,0,0,1
view1,871,5,0,0.9287,0.8598,1,2,0
view1,872,5,0,0.9277,0.8593,1,2,0
view1,873,5,0,0.9294,0.859,2,2,0
view1,874,5,0,0.9323,0.8588,2,2,0
view1,875,5,0,0.9251,0.858,2,2,0
view1,876,5,0,0.9333,0.8575,1,2,0
view1,877,5,0,0.9327,0.8573,2,2,0
view1,878,5,0,0.9325,0.8575,2,2,0
view1,879,5,0,0.9313,0.8577,2,2,0
view1,880,5,0,0.9393,0.8579,1,2,0
view1,881,5,0,0.9281,0.8582,1,3,0
view1,882,5,0,0.9366,0.8584,1,3,0
view1,883,5,0,0.9266,0.8585,2,2,0
view1,884,5,0,0.9331,0.8587,1,2,0
view1,885,5,0,0.9338,0.8588,1,3,0
view1,886,5,0,0.9226,0.8588,3,3,0
view1,887,5,0,0.9251,0.8585,3,2,0
view1,888,5,0,0.9105,0.8581,3,2,0
view1,889,5,0,0.9028,0.8577,1,3,0
view1,890,5,0,0.9144,0.8574,1,2,0
view1,891,5,0,0.8978,0.8566,0,0,1
view1,892,5,0,0.9358,0.8565,2,3,0
view1,893,5,0,0.9342,0.8566,2,3,0
view1,894,5,0,0.9253,0.8567,3,2,0
view1,895,5,0,0.9278,0.8569,3,2,0
view1,896,5,0,0.9334,0.8571,3,1,0
view1,897,5,0,0.9293,0.8573,2,3,0
view1,898,5,0,0.9226,0.8573,3,2,0
view1,899,5,0,0.9269,0.8574,1,1,0
view1,900,6,1,0.0,0.85,1,0,0
view1,901,6,0,0.983,0.85,1,1,0
view1,902,6,0,0.9817,0.9817,1,1,0
view1,903,6,1,0.9751,0.9765,1,1,0
view1,904,6,0,0.9652,0.9629,0,1,1
view1,905,6,0,0.9559,0.9546,0,1,1
view1,906,6,0,0.9756,0.9568,1,1,0
view1,907,6,1,0.9352,0.9445,0,1,1
view1,908,6,0,0.972,0.9477,2,1,0
view1,909,6,0,0.9726,0.9496,1,1,0
view1,910,6,0,0.9679,0.9504,1,1,0
view1,911,6,0,0.9509,0.9487,0,1,1
view1,912,6,0,0.9557,0.946,0,1,1
view1,913,6,0,0.9511,0.9442,0,1,1
view1,914,6,0,0.9646,0.9443,1,1,0
view1,915,6,0,0.961,0.9434,3,1,0
view1,916,6,0,0.9555,0.9412,3,1,0
view1,917,6,0,0.9498,0.9338,1,1,0
view1,918,6,0,0.9483,0.9317,4,1,0
view1,919,6,0,0.958,0.9306,2,1,0
view1,920,6,1,0.922,0.9273,0,1,1
view1,921,6,0,0.9745,0.9278,3,0,1
view1,922,6,0,0.9672,0.9279,2,1,0
view1,923,6,0,0.9567,0.9269,3,1,0
view1,924,6,0,0.9474,0.9259,2,1,0
view1,925,6,0,0.9482,0.9254,3,1,0
view1,926,6,0,0.942,0.9245,3,1,0
view1,927,6,0,0.952,0.9242,3,1,0
view1,928,6,0,0.9562,0.9238,3,0,1
view1,929,6,0,0.9507,0.9231,2,1,0
view1,930,6,0,0.9606,0.923,2,1,0
view1,931,6,0,0.9508,0.9228,2,1,0
view1,932,6,0,0.955,0.9228,3,1,0
view1,933,6,0,0.9353,0.9214,3,1,0
view1,934,6,0,0.9369,0.9204,1,1,0
view1,935,6,0,0.9373,0.9192,3,1,0
view1,936,6,0,0.9389,0.9181,3,1,0
view1,937,6,0,0.9392,0.917,3,1,0
view1,938,6,0,0.9507,0.9169,3,1,0
view1,939,6,0,0.9338,0.9158,3,1,0
view1,940,6,0,0.9312,0.9148,3,1,0
view1,941,6,0,0.9411,0.9144,3,1,0
view1,942,6,0,0.9496,0.9144,3,1,0
view1,943,6,0,0.9392,0.9133,4,1,0
view1,944,6,0,0.946,0.9128,3,1,0
view1,945,6,0,0.9478,0.9123,3,1,0
view1,946,6,0,0.9438,0.912,3,1,0
view1,947,6,0,0.9315,0.9111,3,1,0
view1,948,6,0,0.9381,0.9104,3,1,0
view1,949,6,0,0.9316,0.9093,3,1,0
view1,950,6,0,0.939,0.9088,3,1,0
view1,951,6,0,0.9494,0.9086,3,1,0
view1,952,6,0,0.9481,0.9084,3,1,0
view1,953,6,0,0.9472,0.9078,3,1,0
view1,954,6,0,0.9517,0.9074,3,1,0
view1,955,6,0,0.9462,0.9066,4,1,0
view1,956,6,0,0.9359,0.9051,3,1,0
view1,957,6,0,0.9261,0.9028,3,1,0
view1,958,6,0,0.9407,0.9016,3,1,0
view1,959,6,0,0.9417,0.9006,3,1,0
view1,960,6,0,0.93,0.8987,3,1,0
view1,961,6,0,0.9392,0.8974,3,1,0
view1,962,6,0,0.9381,0.8963,3,1,0
view1,963,6,0,0.9428,0.8956,3,1,0
view1,964,6,0,0.942,0.895,3,1,0
view1,965,6,0,0.9487,0.8946,3,1,0
view1,966,6,0,0.9482,0.8943,3,1,0
view1,967,6,0,0.9469,0.8938,3,1,0
view1,968,6,0,0.9311,0.8927,3,1,0
view1,969,6,0,0.938,0.8921,3,1,0
view1,970,6,0,0.9413,0.8913,3,1,0
view1,971,6,0,0.9448,0.8904,3,1,0
view1,972,6,0,0.9417,0.8898,3,1,0
view1,973,6,0,0.9466,0.8896,4,1,0
view1,974,6,0,0.9475,0.8895,3,1,0
view1,975,6,0,0.9355,0.8888,3,1,0
view1,976,6,0,0.9301,0.8878,3,1,0
view1,977,6,0,0.9412,0.8871,3,1,0
view1,978,6,0,0.9346,0.8863,4,1,0
view1,979,6,0,0.927,0.885,3,1,0
view1,980,6,0,0.9221,0.8833,3,1,0
view1,981,6,0,0.9311,0.8822,4,1,0
view1,982,6,0,0.9327,0.8812,3,1,0
view1,983,6,0,0.9306,0.8802,2,1,0
view1,984,6,0,0.9355,0.8792,3,1,0
view1,985,6,0,0.945,0.8786,3,1,0
view1,986,6,0,0.9312,0.8778,3,1,0
view1,987,6,0,0.9272,0.8764,2,1,0
view1,988,6,0,0.9356,0.8753,2,1,0
view1,989,6,0,0.928,0.8737,2,1,0
view1,990,6,0,0.9272,0.8721,2,1,0
view1,991,6,0,0.9251,0.8704,2,1,0
view1,992,6,0,0.9377,0.8698,2,1,0
view1,993,6,0,0.9303,0.8688,2,1,0
view1,994,6,0,0.939,0.868,2,1,0
view1,995,6,0,0.9391,0.8672,2,1,0
view1,996,6,0,0.9362,0.8662,2,1,0
view1,997,6,0,0.9371,0.8653,2,1,0
view1,998,6,0,0.9259,0.8643,2,1,0
view1,999,6,0,0.9343,0.8637,2,1,0
view1,1000,6,0,0.9346,0.863,2,1,0
view1,1001,6,0,0.9475,0.8627,2,1,0
view1,1002,6,0,0.9489,0.8624,2,1,0
view1,1003,6,0,0.9549,0.8624,2,1,0
view1,1004,6,0,0.9485,0.8623,3,1,0
view1,1005,6,0,0.9408,0.8619,1,1,0
view1,1006,6,0,0.9487,0.8618,1,1,0
view1,1007,6,0,0.941,0.8613,1,1,0
view1,1008,6,0,0.9393,0.8608,2,1,0
view1,1009,6,0,0.9456,0.8607,2,1,0
view1,1010,6,0,0.9384,0.8603,2,1,0
view1,1011,6,0,0.9402,0.8598,2,1,0
view1,1012,6,0,0.9438,0.8595,1,1,0
view1,1013,6,0,0.9382,0.859,1,1,0
view1,1014,6,0,0.9374,0.8586,1,1,0
view1,1015,6,0,0.9442,0.8583,1,1,0
view1,1016,6,0,0.9391,0.8577,1,1,0
view1,1017,6,0,0.9421,0.8573,2,1,0
view1,1018,6,0,0.9407,0.8569,2,1,0
view1,1019,6,0,0.9311,0.8565,2,1,0
view1,1020,6,0,0.9219,0.8555,2,1,0
view1,1021,6,0,0.9253,0.8547,4,1,0
view1,1022,6,0,0.9313,0.8542,3,1,0
view1,1023,6,0,0.9354,0.8538,2,1,0
view1,1024,6,0,0.9319,0.8535,1,1,0
view1,1025,6,0,0.9303,0.8529,3,1,0
view1,1026,6,0,0.9447,0.8528,3,1,0
view1,1027,6,0,0.9403,0.8528,3,1,0
view1,1028,6,0,0.9494,0.8529,3,1,0
view1,1029,6,0,0.9451,0.8529,3,1,0
view1,1030,6,0,0.9411,0.8528,2,1,0
view1,1031,6,0,0.9371,0.8527,2,1,0
view1,1032,6,0,0.9366,0.8525,2,1,0
view1,1033,6,0,0.9381,0.8522,3,1,0
view1,1034,6,0,0.937,0.8519,3,1,0
view1,1035,6,0,0.9361,0.8517,3,1,0
view1,1036,6,0,0.9253,0.8512,3,1,0
view1,1037,6,0,0.9251,0.8507,3,1,0
view1,1038,6,0,0.9304,0.8503,2,1,0
view1,1039,6,0,0.9265,0.8499,3,1,0
view1,1040,6,0,0.9144,0.8492,2,1,0
view1,1041,6,0,0.9337,0.8489,3,1,0
view1,1042,6,0,0.9247,0.8486,2,1,0
view1,1043,6,0,0.9226,0.8483,1,1,0
view1,1044,6,0,0.9292,0.8481,2,1,0
view1,1045,6,0,0.9188,0.8476,5,1,0
view1,1046,6,0,0.9394,0.8476,2,1,0
view1,1047,6,0,0.9374,0.8476,2,1,0
view1,1048,6,0,0.9425,0.8475,2,1,0
view1,1049,6,0,0.9357,0.8475,4,1,0
view1,1050,7,1,0.0,0.85,3,0,0
view1,1051,7,0,0.9806,0.85,2,3,0
view1,1052,7,0,0.9737,0.9737,3,3,0
view1,1053,7,0,0.9754,0.9736,3,3,0
view1,1054,7,1,0.9619,0.9661,3,3,0
view1,1055,7,0,0.9792,0.9659,3,3,0
view1,1056,7,0,0.9771,0.9662,3,3,0
view1,1057,7,0,0.9662,0.9648,3,3,0
view1,1058,7,1,0.9615,0.9626,3,3,0
view1,1059,7,0,0.9682,0.9555,2,3,0
view1,1060,7,0,0.9717,0.9553,3,3,0
view1,1061,7,0,0.9754,0.956,1,3,0
view1,1062,7,0,0.9631,0.9538,2,3,0
view1,1063,7,0,0.9691,0.954,2,3,0
view1,1064,7,0,0.9648,0.9542,2,3,0
view1,1065,7,0,0.9704,0.9547,1,3,0
view1,1066,7,0,0.9655,0.955,2,3,0
view1,1067,7,0,0.9619,0.9549,1,3,0
view1,1068,7,0,0.9656,0.9542,2,3,0
view1,1069,7,0,0.9618,0.9535,3,3,0
view1,1070,7,0,0.9696,0.9531,1,3,0
view1,1071,7,0,0.9647,0.9528,3,3,0
view1,1072,7,0,0.9616,0.952,2,3,0
view1,1073,7,0,0.962,0.952,2,3,0
view1,1074,7,0,0.9549,0.9514,1,3,0
view1,1075,7,0,0.9615,0.9511,3,3,0
view1,1076,7,0,0.9647,0.9513,1,3,0
view1,1077,7,0,0.9528,0.9509,1,3,0
view1,1078,7,1,0.9495,0.9503,2,3,0
view1,1079,7,0,0.9864,0.9498,1,2,0
view1,1080,7,0,0.977,0.9495,1,2,0
view1,1081,7,0,0.978,0.9491,3,2,0
view1,1082,7,1,0.9433,0.9435,0,2,1
view1,1083,7,0,0.9715,0.9438,1,2,0
view1,1084,7,0,0.9664,0.9436,2,2,0
view1,1085,7,0,0.9619,0.9426,3,2,0
view1,1086,7,0,0.9564,0.9414,1,2,0
view1,1087,7,0,0.9391,0.9378,2,2,0
view1,1088,7,1,0.9329,0.9338,1,2,0
view1,1089,7,0,0.9845,0.9321,2,1,0
view1,1090,7,0,0.9799,0.9304,1,1,0
view1,1091,7,0,0.9793,0.9279,2,1,0
view1,1092,7,0,0.9656,0.9272,1,1,0
view1,1093,7,0,0.9643,0.9264,1,1,0
view1,1094,7,0,0.9618,0.9259,1,1,0
view1,1095,7,0,0.9602,0.9256,2,1,0
view1,1096,7,0,0.9286,0.9223,0,0,1
view1,1097,7,0,0.9379,0.9218,1,2,0
view1,1098,7,0,0.9464,0.9216,2,2,0
view1,1099,7,0,0.9428,0.9215,2,2,0
view1,1100,7,0,0.9403,0.9207,2,1,0
view1,1101,7,0,0.9495,0.9203,2,1,0
view1,1102,7,1,0.8906,0.9157,0,0,1
view1,1103,7,0,0.9651,0.9158,1,0,1
view1,1104,7,0,0.9485,0.9129,0,0,1
view1,1105,7,0,0.9504,0.909,0,0,1
view1,1106,7,0,0.9411,0.9087,2,0,1
view1,1107,7,0,0.9434,0.9084,1,0,1
view1,1108,7,0,0.9376,0.9051,0,0,1
view1,1109,7,0,0.9313,0.9047,2,2,0
view1,1110,7,0,0.9469,0.9016,0,0,1
view1,1111,7,0,0.9339,0.8975,0,0,1
view1,1112,7,0,0.9242,0.8926,0,0,1
view1,1113,7,0,0.9329,0.8882,0,0,1
view1,1114,7,0,0.9288,0.8872,1,0,1
view1,1115,7,0,0.9145,0.8809,0,0,1
view1,1116,7,0,0.9204,0.8804,1,0,1
view1,1117,7,0,0.9081,0.8757,0,0,1
view1,1118,7,0,0.9111,0.8708,0,0,1
view1,1119,7,0,0.928,0.8709,1,0,1
view1,1120,7,0,0.9042,0.8673,0,0,1
view1,1121,7,0,0.9234,0.8646,0,0,1
view1,1122,7,0,0.9152,0.8617,0,0,1
view1,1123,7,0,0.8837,0.8563,0,0,1
view1,1124,7,0,0.9005,0.8534,0,0,1
view1,1125,7,0,0.9177,0.8521,0,0,1
view1,1126,7,0,0.9173,0.8496,0,0,1
view1,1127,7,0,0.8941,0.847,0,0,1
view1,1128,7,0,0.898,0.8451,0,0,1
view1,1129,7,0,0.8903,0.8424,0,0,1
view1,1130,7,0,0.8861,0.8395,0,0,1
view1,1131,7,0,0.8638,0.8356,0,0,1
view1,1132,7,0,0.8557,0.832,0,0,1
view1,1133,7,0,0.8668,0.8284,0,0,1
view1,1134,7,1,0.8116,0.8226,0,0,1
view1,1135,7,0,0.9502,0.8195,0,0,1
view1,1136,7,0,0.9278,0.8181,0,0,1
view1,1137,7,0,0.9251,0.8162,0,0,1
view1,1138,7,0,0.9196,0.815,0,0,1
view1,1139,7,0,0.9039,0.8156,1,2,0
view1,1140,7,0,0.8725,0.8143,0,0,1
view1,1141,7,0,0.8853,0.8127,0,0,1
view1,1142,7,0,0.8759,0.8112,0,0,1
view1,1143,7,0,0.8757,0.8102,0,0,1
view1,1144,7,0,0.9057,0.8106,1,1,0
view1,1145,7,0,0.9169,0.8112,1,1,0
view1,1146,7,0,0.8771,0.8103,0,0,1
view1,1147,7,0,0.9104,0.8107,1,1,0
view1,1148,7,0,0.906,0.8111,1,1,0
view1,1149,7,0,0.9077,0.8115,2,3,0
view1,1150,7,0,0.8997,0.8118,1,2,0
view1,1151,7,0,0.9099,0.8123,3,2,0
view1,1152,7,0,0.9082,0.8126,1,1,0
view1,1153,7,0,0.9105,0.8132,1,3,0
view1,1154,7,0,0.9178,0.8137,2,1,0
view1,1155,7,0,0.9176,0.8141,2,1,0
view1,1156,7,0,0.9167,0.8143,2,1,0
view1,1157,7,0,0.9178,0.8147,1,1,0
view1,1158,7,0,0.9163,0.8151,2,3,0
view1,1159,7,0,0.918,0.8154,1,3,0
view1,1160,7,0,0.9189,0.8156,2,3,0
view1,1161,7,0,0.9166,0.8157,2,3,0
view1,1162,7,0,0.9235,0.8159,2,3,0
view1,1163,7,0,0.9334,0.8162,1,3,0
view1,1164,7,0,0.929,0.8164,1,3,0
view1,1165,7,0,0.8849,0.816,0,0,1
view1,1166,7,0,0.8899,0.8157,0,0,1
view1,1167,7,0,0.9171,0.8161,1,3,0
view1,1168,7,0,0.9235,0.8163,2,3,0
view1,1169,7,0,0.8816,0.8159,0,0,1
view1,1170,7,0,0.8644,0.8151,0,0,1
view1,1171,7,0,0.9163,0.8153,2,3,0
view1,1172,7,0,0.9205,0.8154,1,3,0
view1,1173,7,0,0.8843,0.815,0,0,1
view1,1174,7,0,0.9192,0.8154,1,3,0
view1,1175,7,0,0.927,0.8157,2,3,0
view1,1176,7,0,0.9183,0.816,1,3,0
view1,1177,7,0,0.9187,0.8163,2,3,0
view1,1178,7,0,0.9366,0.8167,2,3,0
view1,1179,7,0,0.9188,0.8169,2,3,0
view1,1180,7,0,0.92,0.8173,1,2,0
view1,1181,7,0,0.9272,0.8176,2,2,0
view1,1182,7,0,0.9131,0.8178,2,2,0
view1,1183,7,0,0.9271,0.8182,1,2,0
view1,1184,7,0,0.9252,0.8186,2,2,0
view1,1185,7,0,0.9111,0.8187,2,1,0
view1,1186,7,0,0.9067,0.8188,2,2,0
view1,1187,7,0,0.9258,0.8191,2,2,0
view1,1188,7,0,0.9183,0.8194,3,2,0
view1,1189,7,0,0.9235,0.8195,3,3,0
view1,1190,7,0,0.9222,0.8197,2,2,0
view1,1191,7,0,0.9236,0.8199,2,3,0
view1,1192,7,0,0.9273,0.8201,2,2,0
view1,1193,7,0,0.9335,0.8203,2,1,0
view1,1194,7,0,0.9284,0.8207,2,1,0
view1,1195,7,0,0.9234,0.821,1,1,0
view1,1196,7,0,0.9271,0.8213,2,3,0
view1,1197,7,0,0.9344,0.8217,1,2,0
view1,1198,7,0,0.932,0.822,1,3,0
view1,1199,7,0,0.9313,0.8224,2,2,0
view1,1200,8,1,0.0,0.85,3,0,0
view1,1201,8,0,0.9776,0.85,4,3,0
view1,1202,8,0,0.9765,0.9765,2,3,0
view1,1203,8,1,0.9711,0.9722,3,3,0
view1,1204,8,0,0.9882,0.972,2,3,0
view1,1205,8,0,0.9754,0.9688,5,3,0
view1,1206,8,0,0.9661,0.9639,3,3,0
view1,1207,8,0,0.9659,0.9624,1,3,0
view1,1208,8,0,0.965,0.9615,2,3,0
view1,1209,8,1,0.958,0.959,1,3,0
view1,1210,8,0,0.9855,0.9556,1,1,0
view1,1211,8,0,0.9781,0.9555,2,1,0
view1,1212,8,0,0.9753,0.9542,4,1,0
view1,1213,8,0,0.9706,0.9532,2,1,0
view1,1214,8,0,0.9691,0.9529,2,1,0
view1,1215,8,0,0.9591,0.9519,5,1,0
view1,1216,8,0,0.9621,0.9517,3,3,0
view1,1217,8,0,0.9624,0.9515,5,1,0
view1,1218,8,0,0.9602,0.9507,4,3,0
view1,1219,8,0,0.9549,0.9488,4,3,0
view1,1220,8,0,0.9499,0.9466,3,3,0
view1,1221,8,0,0.9545,0.9444,4,3,0
view1,1222,8,0,0.959,0.9444,4,3,0
view1,1223,8,0,0.9582,0.9441,4,3,0
view1,1224,8,0,0.9538,0.9432,4,3,0
view1,1225,8,0,0.9509,0.942,3,3,0
view1,1226,8,0,0.9514,0.9412,3,3,0
view1,1227,8,0,0.9525,0.9409,2,3,0
view1,1228,8,0,0.941,0.9398,4,3,0
view1,1229,8,0,0.9447,0.9384,4,3,0
view1,1230,8,0,0.9466,0.9375,4,3,0
view1,1231,8,0,0.9481,0.9368,1,3,0
view1,1232,8,0,0.9425,0.9358,3,3,0
view1,1233,8,0,0.9534,0.9353,2,3,0
view1,1234,8,0,0.9545,0.9352,3,3,0
view1,1235,8,0,0.9553,0.9352,3,3,0
view1,1236,8,0,0.9563,0.9354,2,3,0
view1,1237,8,0,0.961,0.9356,3,3,0
view1,1238,8,0,0.957,0.9359,3,3,0
view1,1239,8,0,0.9518,0.9359,3,3,0
view1,1240,8,0,0.9591,0.9361,3,3,0
view1,1241,8,0,0.9496,0.9362,2,3,0
view1,1242,8,0,0.9518,0.9363,3,3,0
view1,1243,8,0,0.9547,0.9363,4,3,0
view1,1244,8,0,0.9397,0.9355,3,3,0
view1,1245,8,1,0.9291,0.934,3,3,0
view1,1246,8,0,0.9827,0.9332,5,3,0
view1,1247,8,0,0.9768,0.9309,3,3,0
view1,1248,8,0,0.9733,0.9283,3,3,0
view1,1249,8,0,0.9672,0.9256,5,3,0
view1,1250,8,0,0.957,0.9238,3,3,0
view1,1251,8,0,0.9544,0.9224,3,3,0
view1,1252,8,0,0.9517,0.9212,3,3,0
view1,1253,8,0,0.9529,0.9204,3,3,0
view1,1254,8,0,0.959,0.9192,4,3,0
view1,1255,8,0,0.9412,0.918,3,3,0
view1,1256,8,0,0.9493,0.9165,2,3,0
view1,1257,8,0,0.9512,0.9154,2,3,0
view1,1258,8,0,0.9448,0.9136,4,3,0
view1,1259,8,0,0.9425,0.9113,3,3,0
view1,1260,8,0,0.9448,0.9096,5,3,0
view1,1261,8,0,0.9476,0.9089,3,3,0
view1,1262,8,0,0.9393,0.9082,4,3,0
view1,1263,8,0,0.9503,0.9079,4,3,0
view1,1264,8,0,0.954,0.9073,3,3,0
view1,1265,8,0,0.953,0.907,2,3,0
view1,1266,8,0,0.9603,0.9067,3,3,0
view1,1267,8,0,0.9601,0.9068,3,3,0
view1,1268,8,0,0.953,0.9069,3,3,0
view1,1269,8,0,0.949,0.9069,3,3,0
view1,1270,8,0,0.9544,0.907,1,3,0
view1,1271,8,0,0.9542,0.9071,3,3,0
view1,1272,8,0,0.9564,0.9074,3,3,0
view1,1273,8,0,0.9542,0.9076,2,3,0
view1,1274,8,0,0.9533,0.9079,3,3,0
view1,1275,8,0,0.9454,0.9082,3,3,0
view1,1276,8,0,0.9522,0.9086,4,3,0
view1,1277,8,0,0.9533,0.9089,4,3,0
view1,1278,8,0,0.9543,0.9091,3,3,0
view1,1279,8,0,0.9625,0.9093,3,3,0
view1,1280,8,0,0.9459,0.9094,4,3,0
view1,1281,8,0,0.9587,0.9096,4,3,0
view1,1282,8,0,0.9484,0.9097,3,3,0
view1,1283,8,0,0.9492,0.9096,3,3,0
view1,1284,8,0,0.9553,0.9095,3,3,0
view1,1285,8,0,0.9409,0.9092,3,3,0
view1,1286,8,0,0.9546,0.9091,4,3,0
view1,1287,8,0,0.9444,0.9086,3,3,0
view1,1288,8,0,0.9389,0.9079,3,3,0
view1,1289,8,0,0.9321,0.9068,3,3,0
view1,1290,8,0,0.9355,0.9062,3,3,0
view1,1291,8,0,0.9463,0.9059,3,3,0
view1,1292,8,0,0.9296,0.9052,4,3,0
view1,1293,8,0,0.9152,0.9041,4,3,0
view1,1294,8,0,0.9279,0.9037,4,3,0
view1,1295,8,0,0.9251,0.9031,4,3,0
view1,1296,8,0,0.9463,0.9029,3,3,0
view1,1297,8,0,0.9319,0.9022,4,3,0
view1,1298,8,0,0.9452,0.9019,4,3,0
view1,1299,8,0,0.9528,0.9017,3,3,0
view1,1300,8,0,0.9462,0.9016,3,3,0
view1,1301,8,0,0.9421,0.9015,3,3,0
view1,1302,8,0,0.9424,0.9015,4,3,0
view1,1303,8,0,0.9322,0.9015,2,3,0
view1,1304,8,0,0.9367,0.9014,2,3,0
view1,1305,8,0,0.9434,0.9013,4,3,0
view1,1306,8,0,0.9413,0.901,3,3,0
view1,1307,8,0,0.9329,0.9008,2,3,0
view1,1308,8,0,0.943,0.9007,3,3,0
view1,1309,8,0,0.9397,0.9006,6,3,0
view1,1310,8,0,0.9332,0.9006,3,3,0
view1,1311,8,0,0.921,0.9004,2,3,0
view1,1312,8,0,0.9261,0.9001,2,3,0
view1,1313,8,0,0.92,0.8995,2,3,0
view1,1314,8,0,0.9137,0.899,2,3,0
view1,1315,8,0,0.9287,0.8989,3,3,0
view1,1316,8,0,0.9168,0.8984,2,3,0
view1,1317,8,0,0.9306,0.8983,3,3,0
view1,1318,8,0,0.925,0.8981,3,3,0
view1,1319,8,0,0.9292,0.898,3,3,0
view1,1320,8,0,0.9272,0.898,3,3,0
view1,1321,8,0,0.9301,0.8979,3,3,0
view1,1322,8,0,0.9379,0.8978,4,3,0
view1,1323,8,0,0.942,0.8978,4,3,0
view1,1324,8,0,0.9505,0.8978,5,3,0
view1,1325,8,0,0.9431,0.8978,4,3,0
view1,1326,8,0,0.9414,0.8976,4,3,0
view1,1327,8,0,0.9437,0.8975,4,3,0
view1,1328,8,0,0.943,0.8976,5,3,0
view1,1329,8,0,0.9435,0.8976,4,3,0
view1,1330,8,0,0.9363,0.8977,4,3,0
view1,1331,8,0,0.9438,0.8978,4,3,0
view1,1332,8,0,0.9429,0.8979,5,3,0
view1,1333,8,0,0.9411,0.898,5,3,0
view1,1334,8,0,0.9468,0.8981,5,3,0
view1,1335,8,0,0.9337,0.8982,4,3,0
view1,1336,8,0,0.9315,0.8982,3,3,0
view1,1337,8,0,0.9534,0.8984,4,3,0
view1,1338,8,0,0.9407,0.8986,4,3,0
view1,1339,8,0,0.9347,0.8987,3,3,0
view1,1340,8,0,0.9435,0.8988,4,3,0
view1,1341,8,0,0.946,0.899,4,1,0
view1,1342,8,0,0.9543,0.8992,4,3,0
view1,1343,8,0,0.9481,0.8993,3,1,0
view1,1344,8,0,0.9462,0.8995,4,3,0
view1,1345,8,0,0.9484,0.8997,3,3,0
view1,1346,8,0,0.9454,0.8998,3,3,0
view1,1347,8,0,0.9536,0.9,3,3,0
view1,1348,8,0,0.9401,0.9001,3,3,0
view1,1349,8,0,0.9511,0.9002,3,3,0
view1,1350,9,1,0.0,0.85,3,0,0
view1,1351,9,0,0.9865,0.85,3,3,0
view1,1352,9,0,0.9816,0.9816,3,3,0
view1,1353,9,1,0.9736,0.9753,3,3,0
view1,1354,9,0,0.9824,0.9729,3,3,0
view1,1355,9,0,0.9837,0.9712,3,3,0
view1,1356,9,0,0.9794,0.9706,2,3,0
view1,1357,9,0,0.9785,0.9697,3,3,0
view1,1358,9,0,0.9723,0.9675,3,3,0
view1,1359,9,0,0.9667,0.9651,3,3,0
view1,1360,9,1,0.9549,0.9599,3,3,0
view1,1361,9,0,0.9854,0.9562,3,3,0
view1,1362,9,0,0.9812,0.9536,4,3,0
view1,1363,9,0,0.9778,0.954,2,3,0
view1,1364,9,0,0.9742,0.9521,2,3,0
view1,1365,9,0,0.9653,0.9516,4,3,0
view1,1366,9,0,0.957,0.9496,3,3,0
view1,1367,9,0,0.967,0.9493,3,3,0
view1,1368,9,0,0.9653,0.9487,2,3,0
view1,1369,9,0,0.9651,0.9479,2,3,0
view1,1370,9,0,0.9474,0.9458,2,3,0
view1,1371,9,0,0.9457,0.9439,3,3,0
view1,1372,9,0,0.9435,0.9414,2,3,0
view1,1373,9,0,0.9492,0.9396,3,3,0
view1,1374,9,0,0.9454,0.9369,3,3,0
view1,1375,9,0,0.9466,0.9351,3,3,0
view1,1376,9,0,0.9444,0.9345,3,3,0
view1,1377,9,1,0.8996,0.9257,0,3,1
view1,1378,9,0,0.975,0.9245,3,0,1
view1,1379,9,0,0.958,0.9235,2,0,1
view1,1380,9,0,0.9494,0.9227,1,0,1
view1,1381,9,0,0.9427,0.9213,3,0,1
view1,1382,9,0,0.964,0.9211,4,0,1
view1,1383,9,0,0.951,0.9211,2,0,1
view1,1384,9,0,0.9376,0.9204,3,3,0
view1,1385,9,0,0.9444,0.9196,3,0,1
view1,1386,9,0,0.9364,0.9188,1,3,0
view1,1387,9,0,0.9371,0.918,1,3,0
view1,1388,9,0,0.9341,0.9171,1,3,0
view1,1389,9,0,0.9275,0.9157,2,0,1
view1,1390,9,0,0.9358,0.9089,0,0,1
view1,1391,9,0,0.9221,0.9078,2,0,1
view1,1392,9,0,0.9204,0.907,1,0,1
view1,1393,9,0,0.924,0.9063,1,3,0
view1,1394,9,0,0.9292,0.9058,1,3,0
view1,1395,9,0,0.9391,0.9055,1,3,0
view1,1396,9,0,0.9398,0.9053,1,3,0
view1,1397,9,1,0.9018,0.9023,2,3,0
view1,1398,9,0,0.951,0.9025,2,3,0
view1,1399,9,0,0.952,0.9028,3,3,0
view1,1400,9,0,0.9402,0.9027,2,3,0
view1,1401,9,0,0.9349,0.9027,3,2,0
view1,1402,9,0,0.9401,0.9028,2,3,0
view1,1403,9,0,0.9315,0.9025,2,2,0
view1,1404,9,0,0.9292,0.9022,2,3,0
view1,1405,9,0,0.9205,0.9012,2,3,0
view1,1406,9,0,0.9275,0.9006,4,2,0
view1,1407,9,0,0.9364,0.9004,3,3,0
view1,1408,9,0,0.9381,0.9002,3,3,0
view1,1409,9,0,0.9328,0.8997,3,3,0
view1,1410,9,0,0.9323,0.8992,4,3,0
view1,1411,9,0,0.9206,0.8983,3,2,0
view1,1412,9,0,0.9298,0.898,3,3,0
view1,1413,9,0,0.927,0.8975,2,3,0
view1,1414,9,0,0.9205,0.8963,2,3,0
view1,1415,9,0,0.926,0.8957,2,3,0
view1,1416,9,0,0.9226,0.8953,3,3,0
view1,1417,9,0,0.9191,0.8948,3,3,0
view1,1418,9,0,0.9106,0.8941,2,3,0
view1,1419,9,1,0.8405,0.8898,0,0,1
view1,1420,9,0,0.965,0.8898,2,0,1
view1,1421,9,0,0.9602,0.89,3,0,1
view1,1422,9,0,0.9448,0.89,1,3,0
view1,1423,9,0,0.9507,0.89,3,0,1
view1,1424,9,0,0.9422,0.8901,2,0,1
view1,1425,9,0,0.9408,0.8901,2,3,0
view1,1426,9,0,0.9388,0.8901,3,3,0
view1,1427,9,0,0.9345,0.8898,4,3,0
view1,1428,9,0,0.9438,0.8897,4,0,1
view1,1429,9,0,0.9362,0.8896,2,0,1
view1,1430,9,0,0.9402,0.8895,1,3,0
view1,1431,9,0,0.9418,0.8895,2,3,0
view1,1432,9,0,0.949,0.8898,2,3,0
view1,1433,9,0,0.9379,0.8897,3,3,0
view1,1434,9,0,0.9423,0.8893,3,3,0
view1,1435,9,0,0.9375,0.8891,3,3,0
view1,1436,9,0,0.9386,0.8889,2,3,0
view1,1437,9,0,0.9405,0.8888,4,3,0
view1,1438,9,0,0.9341,0.8888,4,3,0
view1,1439,9,0,0.929,0.8886,3,3,0
view1,1440,9,0,0.9277,0.8887,4,3,0
view1,1441,9,0,0.9271,0.8887,4,3,0
view1,1442,9,0,0.937,0.8888,4,3,0
view1,1443,9,0,0.9288,0.889,4,3,0
view1,1444,9,0,0.9373,0.8891,3,3,0
view1,1445,9,0,0.9364,0.8893,4,3,0
view1,1446,9,0,0.9344,0.8893,5,3,0
view1,1447,9,0,0.9294,0.8893,4,3,0
view1,1448,9,0,0.9329,0.8894,2,3,0
view1,1449,9,0,0.9382,0.8895,4,3,0
view1,1450,9,0,0.9362,0.8896,3,3,0
view1,1451,9,0,0.9398,0.8895,3,3,0
view1,1452,9,0,0.9382,0.8893,5,3,0
view1,1453,9,0,0.936,0.889,4,3,0
view1,1454,9,0,0.9343,0.8886,3,3,0
view1,1455,9,0,0.9385,0.8884,2,3,0
view1,1456,9,0,0.9286,0.8881,4,3,0
view1,1457,9,0,0.9272,0.8878,4,3,0
view1,1458,9,0,0.9213,0.8867,3,3,0
view1,1459,9,0,0.9362,0.8865,3,3,0
view1,1460,9,0,0.9323,0.8864,2,3,0
view1,1461,9,0,0.9379,0.8863,5,3,0
view1,1462,9,0,0.9364,0.8861,4,3,0
view1,1463,9,0,0.9372,0.886,3,3,0
view1,1464,9,0,0.9379,0.8859,4,3,0
view1,1465,9,0,0.9379,0.8856,5,3,0
view1,1466,9,0,0.9404,0.8856,5,3,0
view1,1467,9,0,0.9481,0.8855,5,3,0
view1,1468,9,0,0.9502,0.8856,4,3,0
view1,1469,9,0,0.9483,0.8857,4,3,0
view1,1470,9,0,0.9528,0.8857,3,3,0
view1,1471,9,0,0.9412,0.8858,4,3,0
view1,1472,9,0,0.9412,0.8859,3,3,0
view1,1473,9,0,0.9452,0.8858,4,3,0
view1,1474,9,0,0.9441,0.8858,2,3,0
view1,1475,9,0,0.9438,0.8857,3,3,0
view1,1476,9,0,0.9431,0.8856,3,3,0
view1,1477,9,0,0.9383,0.8856,4,3,0
view1,1478,9,0,0.9322,0.8853,5,3,0
view1,1479,9,0,0.9429,0.8854,4,3,0
view1,1480,9,0,0.9281,0.8853,3,3,0
view1,1481,9,0,0.9267,0.8853,4,3,0
view1,1482,9,0,0.9186,0.8853,3,3,0
view1,1483,9,0,0.9348,0.8854,4,3,0
view1,1484,9,0,0.928,0.8855,4,3,0
view1,1485,9,0,0.9385,0.8856,4,3,0
view1,1486,9,0,0.9253,0.8856,4,3,0
view1,1487,9,0,0.9208,0.8856,4,3,0
view1,1488,9,0,0.9317,0.8855,4,3,0
view1,1489,9,0,0.9299,0.8855,5,3,0
view1,1490,9,0,0.9227,0.8854,5,3,0
view1,1491,9,0,0.9242,0.885,4,3,0
view1,1492,9,0,0.9292,0.8849,3,3,0
view1,1493,9,0,0.9256,0.8848,3,3,0
view1,1494,9,0,0.9165,0.8846,3,3,0
view1,1495,9,0,0.9296,0.8845,4,3,0
view1,1496,9,0,0.9345,0.8846,3,3,0
view1,1497,9,0,0.934,0.8846,3,3,0
view1,1498,9,0,0.9256,0.8845,3,3,0
view1,1499,9,0,0.9241,0.8844,3,3,0
view1,1500,10,1,0.0,0.85,3,0,0
view1,1501,10,0,0.9806,0.85,3,3,0
view1,1502,10,0,0.9716,0.9716,2,3,0
view1,1503,10,1,0.9601,0.9624,2,3,0
view1,1504,10,0,0.9839,0.9637,1,2,0
view1,1505,10,0,0.9709,0.9588,2,2,0
view1,1506,10,0,0.9728,0.9588,1,2,0
view1,1507,10,0,0.9792,0.9587,2,2,0
view1,1508,10,0,0.9693,0.9575,2,2,0
view1,1509,10,0,0.9632,0.9566,2,2,0
view1,1510,10,0,0.9687,0.9555,2,2,0
view1,1511,10,0,0.9607,0.9547,2,2,0
view1,1512,10,0,0.9564,0.953,3,2,0
view1,1513,10,0,0.9583,0.952,3,2,0
view1,1514,10,0,0.9639,0.9517,3,2,0
view1,1515,10,0,0.9692,0.9519,3,2,0
view1,1516,10,0,0.962,0.9507,3,2,0
view1,1517,10,0,0.9552,0.95,3,2,0
view1,1518,10,0,0.9609,0.9503,2,2,0
view1,1519,10,0,0.9634,0.9507,2,2,0
view1,1520,10,0,0.9544,0.9504,2,3,0
view1,1521,10,0,0.9611,0.9499,3,2,0
view1,1522,10,0,0.9595,0.9501,3,2,0
view1,1523,10,0,0.9559,0.9495,3,2,0
view1,1524,10,0,0.9551,0.9494,2,2,0
view1,1525,10,0,0.9532,0.9479,3,2,0
view1,1526,10,1,0.9449,0.9462,3,2,0
view1,1527,10,0,0.9884,0.9438,2,3,0
view1,1528,10,0,0.9812,0.9435,2,3,0
view1,1529,10,0,0.9789,0.9437,5,3,0
view1,1530,10,0,0.9719,0.944,4,3,0
view1,1531,10,0,0.9633,0.9441,3,3,0
view1,1532,10,0,0.9582,0.9433,4,3,0
view1,1533,10,0,0.9643,0.9433,5,3,0
view1,1534,10,0,0.9635,0.9422,4,3,0
view1,1535,10,0,0.9469,0.9393,4,3,0
view1,1536,10,0,0.9545,0.9377,4,3,0
view1,1537,10,0,0.9583,0.9368,4,3,0
view1,1538,10,0,0.9522,0.9352,4,3,0
view1,1539,10,0,0.961,0.9341,4,3,0
view1,1540,10,0,0.9417,0.9313,3,3,0
view1,1541,10,0,0.9416,0.9294,4,3,0
view1,1542,10,0,0.9437,0.9282,4,3,0
view1,1543,10,0,0.9457,0.9273,4,3,0
view1,1544,10,0,0.9501,0.9268,4,3,0
view1,1545,10,0,0.93,0.9257,4,3,0
view1,1546,10,0,0.9247,0.9243,4,3,0
view1,1547,10,0,0.9347,0.9237,4,3,0
view1,1548,10,0,0.9402,0.9232,4,3,0
view1,1549,10,0,0.9485,0.923,4,3,0
view1,1550,10,0,0.9432,0.9225,3,3,0
view1,1551,10,0,0.9389,0.9219,5,3,0
view1,1552,10,0,0.9266,0.9209,3,2,0
view1,1553,10,0,0.9394,0.9203,3,3,0
view1,1554,10,0,0.9348,0.9195,3,3,0
view1,1555,10,0,0.9383,0.9187,2,3,0
view1,1556,10,0,0.9374,0.9179,3,3,0
view1,1557,10,0,0.94,0.9173,3,3,0
view1,1558,10,0,0.9466,0.9171,1,3,0
view1,1559,10,0,0.9348,0.9166,3,3,0
view1,1560,10,0,0.9399,0.9163,2,3,0
view1,1561,10,0,0.9299,0.9157,3,3,0
view1,1562,10,0,0.9447,0.9157,3,2,0
view1,1563,10,0,0.9368,0.9154,5,3,0
view1,1564,10,0,0.9375,0.9151,4,3,0
view1,1565,10,0,0.9391,0.9149,3,3,0
view1,1566,10,0,0.9419,0.9146,4,3,0
view1,1567,10,0,0.9405,0.9145,3,3,0
view1,1568,10,0,0.9457,0.9144,3,3,0
view1,1569,10,0,0.9429,0.9143,1,3,0
view1,1570,10,0,0.9414,0.9143,3,3,0
view1,1571,10,0,0.9415,0.9144,3,3,0
view1,1572,10,0,0.9454,0.9144,4,3,0
view1,1573,10,0,0.9432,0.9145,3,3,0
view1,1574,10,0,0.9459,0.9147,2,3,0
view1,1575,10,0,0.9477,0.9148,2,3,0
view1,1576,10,0,0.957,0.9147,1,3,0
view1,1577,10,0,0.9556,0.9148,3,3,0
view1,1578,10,0,0.9593,0.9149,2,3,0
view1,1579,10,0,0.9569,0.915,5,3,0
view1,1580,10,0,0.9502,0.9151,3,3,0
view1,1581,10,0,0.9534,0.9151,3,3,0
view1,1582,10,0,0.9527,0.915,3,3,0
view1,1583,10,0,0.9483,0.9151,3,3,0
view1,1584,10,0,0.9516,0.9152,3,2,0
view1,1585,10,0,0.9477,0.9154,4,2,0
view1,1586,10,0,0.9503,0.9155,3,2,0
view1,1587,10,0,0.9547,0.9157,3,2,0
view1,1588,10,0,0.9495,0.9158,3,2,0
view1,1589,10,0,0.9421,0.9159,3,2,0
view1,1590,10,0,0.9517,0.916,2,3,0
view1,1591,10,0,0.9551,0.9161,4,3,0
view1,1592,10,0,0.9519,0.9163,4,2,0
view1,1593,10,0,0.9541,0.9165,3,2,0
view1,1594,10,0,0.9443,0.9165,2,2,0
view1,1595,10,0,0.9452,0.9165,3,2,0
view1,1596,10,0,0.9417,0.9165,2,2,0
view1,1597,10,0,0.9492,0.9166,2,2,0
view1,1598,10,0,0.9376,0.9166,3,2,0
view1,1599,10,0,0.9381,0.9166,2,2,0
view1,1600,10,0,0.9336,0.9165,1,3,0
view1,1601,10,0,0.9324,0.9163,3,2,0
view1,1602,10,0,0.9252,0.9161,2,2,0
view1,1603,10,0,0.916,0.9156,1,3,0
view1,1604,10,0,0.9198,0.9152,1,2,0
view1,1605,10,0,0.9336,0.9151,1,2,0
view1,1606,10,0,0.9364,0.915,2,3,0
view1,1607,10,0,0.9288,0.9148,1,2,0
view1,1608,10,0,0.9184,0.9146,1,2,0
view1,1609,10,0,0.9236,0.9144,1,3,0
view1,1610,10,0,0.9147,0.914,1,2,0
view1,1611,10,0,0.9424,0.914,2,2,0
view1,1612,10,0,0.9356,0.9139,3,2,0
view1,1613,10,0,0.9398,0.9139,1,2,0
view1,1614,10,0,0.925,0.9136,1,2,0
view1,1615,10,0,0.9324,0.9134,4,2,0
view1,1616,10,0,0.9302,0.9131,2,2,0
view1,1617,10,0,0.928,0.9129,2,2,0
view1,1618,10,1,0.9038,0.9122,4,2,0
view1,1619,10,0,0.9822,0.9119,3,4,0
view1,1620,10,0,0.9751,0.9118,3,4,0
view1,1621,10,0,0.9804,0.9115,2,4,0
view1,1622,10,0,0.9663,0.9116,4,4,0
view1,1623,10,0,0.9577,0.9116,3,4,0
view1,1624,10,0,0.9541,0.9117,4,4,0
view1,1625,10,0,0.9548,0.9117,2,4,0
view1,1626,10,0,0.9429,0.9118,3,4,0
view1,1627,10,0,0.952,0.9119,2,3,0
view1,1628,10,0,0.9334,0.912,2,3,0
view1,1629,10,0,0.9295,0.9119,1,3,0
view1,1630,10,0,0.9312,0.9119,3,3,0
view1,1631,10,0,0.9348,0.9119,2,3,0
view1,1632,10,0,0.9299,0.9118,3,3,0
view1,1633,10,0,0.9294,0.9118,4,3,0
view1,1634,10,0,0.926,0.9116,4,2,0
view1,1635,10,0,0.935,0.9116,1,3,0
view1,1636,10,0,0.9195,0.9115,3,4,0
view1,1637,10,0,0.9229,0.9113,3,3,0
view1,1638,10,0,0.9328,0.9111,2,4,0
view1,1639,10,0,0.9349,0.9112,2,4,0
view1,1640,10,0,0.9306,0.9111,4,4,0
view1,1641,10,0,0.9396,0.9111,1,3,0
view1,1642,10,0,0.9432,0.9111,3,3,0
view1,1643,10,0,0.928,0.911,2,3,0
view1,1644,10,0,0.9412,0.9111,2,3,0
view1,1645,10,0,0.9369,0.911,3,3,0
view1,1646,10,0,0.9336,0.911,3,3,0
view1,1647,10,0,0.9374,0.9109,4,3,0
view1,1648,10,0,0.9165,0.9106,4,3,0
view1,1649,10,0,0.918,0.9104,3,3,0
view1,1650,11,1,0.0,0.85,3,0,0
view1,1651,11,0,0.983,0.85,2,3,0
view1,1652,11,0,0.9773,0.9773,3,3,0
view1,1653,11,1,0.9512,0.9566,2,3,0
view1,1654,11,0,0.9769,0.9578,2,2,0
view1,1655,11,0,0.9713,0.9438,2,2,0
view1,1656,11,0,0.9696,0.9408,2,2,0
view1,1657,11,0,0.9493,0.9352,3,2,0
view1,1658,11,0,0.9607,0.931,1,2,0
view1,1659,11,0,0.9607,0.9312,3,2,0
view1,1660,11,1,0.9086,0.916,0,2,1
view1,1661,11,0,0.9645,0.9177,1,0,1
view1,1662,11,0,0.9621,0.9196,3,0,1
view1,1663,11,0,0.9505,0.9207,2,0,1
view1,1664,11,0,0.9545,0.9208,1,2,0
view1,1665,11,0,0.9182,0.9134,0,0,1
view1,1666,11,0,0.9164,0.9097,0,0,1
view1,1667,11,0,0.9058,0.9043,0,3,1
view1,1668,11,0,0.9589,0.9041,1,3,0
view1,1669,11,0,0.9518,0.9027,1,3,0
view1,1670,11,0,0.9371,0.9004,2,3,0
view1,1671,11,0,0.9421,0.8998,1,3,0
view1,1672,11,1,0.8852,0.8939,0,3,1
view1,1673,11,0,0.969,0.8886,0,0,1
view1,1674,11,0,0.9632,0.8861,0,0,1
view1,1675,11,0,0.9524,0.8861,1,0,1
view1,1676,11,0,0.9508,0.8872,2,0,1
view1,1677,11,0,0.9526,0.8879,1,0,1
view1,1678,11,0,0.9433,0.8851,0,0,1
view1,1679,11,0,0.9492,0.8856,2,3,0
view1,1680,11,0,0.9536,0.8857,2,3,0
view1,1681,11,0,0.9412,0.8856,1,3,0
view1,1682,11,0,0.9429,0.8851,2,0,1
view1,1683,11,0,0.9485,0.8855,2,0,1
view1,1684,11,0,0.9399,0.8848,2,3,0
view1,1685,11,0,0.9426,0.8851,1,3,0
view1,1686,11,0,0.941,0.8848,2,3,0
view1,1687,11,0,0.9429,0.8842,2,3,0
view1,1688,11,0,0.9485,0.8839,2,3,0
view1,1689,11,0,0.9529,0.8838,3,3,0
view1,1690,11,0,0.9431,0.8835,2,3,0
view1,1691,11,0,0.9454,0.8834,2,3,0
view1,1692,11,0,0.9421,0.883,3,3,0
view1,1693,11,0,0.9492,0.8827,2,3,0
view1,1694,11,0,0.9532,0.8818,2,3,0
view1,1695,11,0,0.9501,0.881,2,3,0
view1,1696,11,0,0.9459,0.8808,3,3,0
view1,1697,11,0,0.945,0.8801,2,3,0
view1,1698,11,0,0.9444,0.8794,3,3,0
view1,1699,11,0,0.9433,0.8782,2,3,0
view1,1700,11,0,0.9293,0.8776,3,3,0
view1,1701,11,0,0.9438,0.8772,2,3,0
view1,1702,11,0,0.9326,0.8768,1,3,0
view1,1703,11,0,0.9171,0.8753,2,3,0
view1,1704,11,0,0.9324,0.874,2,3,0
view1,1705,11,0,0.9312,0.8734,3,3,0
view1,1706,11,0,0.9358,0.8728,1,3,0
view1,1707,11,0,0.9307,0.8721,4,3,0
view1,1708,11,0,0.9152,0.8712,5,3,0
view1,1709,11,0,0.9279,0.8703,3,3,0
view1,1710,11,0,0.9146,0.8689,4,3,0
view1,1711,11,0,0.923,0.8683,3,3,0
view1,1712,11,0,0.925,0.8681,3,3,0
view1,1713,11,0,0.9232,0.8675,3,3,0
view1,1714,11,0,0.9231,0.8671,1,3,0
view1,1715,11,0,0.9233,0.8668,2,3,0
view1,1716,11,0,0.9203,0.8665,4,3,0
view1,1717,11,0,0.9242,0.8662,4,3,0
view1,1718,11,0,0.9214,0.8657,4,3,0
view1,1719,11,0,0.9161,0.8651,3,3,0
view1,1720,11,0,0.915,0.8648,3,3,0
view1,1721,11,0,0.908,0.8643,3,3,0
view1,1722,11,0,0.896,0.863,3,3,0
view1,1723,11,0,0.8982,0.862,4,3,0
view1,1724,11,0,0.9132,0.8614,4,3,0
view1,1725,11,0,0.9159,0.861,3,3,0
view1,1726,11,0,0.9049,0.8604,2,3,0
view1,1727,11,0,0.9113,0.8601,3,3,0
view1,1728,11,0,0.9219,0.8599,2,3,0
view1,1729,11,0,0.9197,0.8599,4,3,0
view1,1730,11,0,0.9171,0.8599,4,3,0
view1,1731,11,0,0.9102,0.8599,3,3,0
view1,1732,11,0,0.9195,0.86,4,2,0
view1,1733,11,0,0.917,0.86,3,3,0
view1,1734,11,0,0.8934,0.8595,4,2,0
view1,1735,11,0,0.9123,0.8596,2,2,0
view1,1736,11,0,0.896,0.8591,3,3,0
view1,1737,11,0,0.9315,0.8593,4,3,0
view1,1738,11,0,0.9165,0.8594,3,3,0
view1,1739,11,0,0.9168,0.8594,3,3,0
view1,1740,11,0,0.9213,0.8595,3,2,0
view1,1741,11,0,0.9287,0.8596,2,2,0
view1,1742,11,0,0.9361,0.8597,2,2,0
view1,1743,11,0,0.923,0.8594,3,2,0
view1,1744,11,0,0.9348,0.8596,2,2,0
view1,1745,11,0,0.924,0.8593,3,2,0
view1,1746,11,0,0.9312,0.8594,3,2,0
view1,1747,11,0,0.9368,0.8596,3,2,0
view1,1748,11,0,0.94,0.8599,2,3,0
view1,1749,11,0,0.9405,0.8602,2,3,0
view1,1750,11,0,0.9467,0.8604,2,3,0
view1,1751,11,0,0.9358,0.8607,2,3,0
view1,1752,11,0,0.9301,0.8609,2,2,0
view1,1753,11,0,0.9323,0.861,3,2,0
view1,1754,11,0,0.9263,0.8612,3,2,0
view1,1755,11,0,0.9285,0.8614,1,3,0
view1,1756,11,0,0.9263,0.8615,3,2,0
view1,1757,11,0,0.9109,0.8613,4,2,0
view1,1758,11,0,0.9013,0.8609,1,2,0
view1,1759,11,0,0.9127,0.8608,3,2,0
view1,1760,11,0,0.9168,0.8608,2,2,0
view1,1761,11,0,0.9076,0.8606,1,2,0
view1,1762,11,0,0.9121,0.8603,1,2,0
view1,1763,11,0,0.9226,0.8604,1,2,0
view1,1764,11,0,0.92,0.8604,1,3,0
view1,1765,11,0,0.9023,0.86,3,2,0
view1,1766,11,0,0.895,0.8595,2,2,0
view1,1767,11,0,0.9134,0.8594,1,2,0
view1,1768,11,0,0.9123,0.8592,2,2,0
view1,1769,11,0,0.9157,0.8591,2,2,0
view1,1770,11,0,0.9173,0.8591,2,2,0
view1,1771,11,0,0.9191,0.8591,1,2,0
view1,1772,11,0,0.9195,0.8591,2,3,0
view1,1773,11,0,0.9244,0.8591,3,3,0
view1,1774,11,0,0.9386,0.8591,3,3,0
view1,1775,11,0,0.9284,0.8591,3,3,0
view1,1776,11,0,0.9199,0.859,2,3,0
view1,1777,11,0,0.9198,0.8589,3,3,0
view1,1778,11,0,0.9109,0.8587,3,2,0
view1,1779,11,0,0.9228,0.8584,1,3,0
view1,1780,11,0,0.9034,0.8581,2,2,0
view1,1781,11,0,0.9218,0.858,2,3,0
view1,1782,11,0,0.904,0.8575,2,3,0
view1,1783,11,0,0.9112,0.8571,2,3,0
view1,1784,11,0,0.9114,0.8568,3,2,0
view1,1785,11,0,0.9116,0.8564,1,3,0
view1,1786,11,0,0.9116,0.8561,2,2,0
view1,1787,11,0,0.9202,0.8558,3,2,0
view1,1788,11,0,0.9274,0.8556,2,3,0
view1,1789,11,0,0.911,0.855,3,2,0
view1,1790,11,0,0.9097,0.8546,2,2,0
view1,1791,11,0,0.9159,0.8544,2,3,0
view1,1792,11,0,0.9238,0.8543,2,3,0
view1,1793,11,0,0.9274,0.8541,3,3,0
view1,1794,11,0,0.9046,0.8536,3,3,0
view1,1795,11,0,0.9022,0.8532,3,2,0
view1,1796,11,0,0.9047,0.8529,3,2,0
view1,1797,11,0,0.9075,0.8525,4,3,0
view1,1798,11,0,0.8917,0.8517,3,3,0
view1,1799,11,0,0.8892,0.8511,3,2,0
view1,1800,12,1,0.0,0.85,3,0,0
view1,1801,12,0,0.9859,0.85,2,3,0
view1,1802,12,0,0.9822,0.9822,1,3,0
view1,1803,12,1,0.9752,0.9766,1,3,0
view1,1804,12,0,0.9841,0.9782,1,1,0
view1,1805,12,1,0.9743,0.9747,2,1,0
view1,1806,12,0,0.9831,0.9735,3,2,0
view1,1807,12,0,0.9782,0.9717,2,2,0
view1,1808,12,0,0.9723,0.9699,3,2,0
view1,1809,12,0,0.9686,0.967,4,2,0
view1,1810,12,0,0.9677,0.9645,3,2,0
view1,1811,12,0,0.9675,0.9636,3,2,0
view1,1812,12,0,0.967,0.961,2,2,0
view1,1813,12,0,0.959,0.9578,2,2,0
view1,1814,12,1,0.9477,0.9538,1,2,0
view1,1815,12,0,0.9873,0.9533,2,1,0
view1,1816,12,0,0.9716,0.9532,3,1,0
view1,1817,12,0,0.9687,0.9535,4,1,0
view1,1818,12,0,0.9653,0.9532,2,1,0
view1,1819,12,0,0.9622,0.9526,3,1,0
view1,1820,12,0,0.9595,0.9521,2,1,0
view1,1821,12,0,0.9683,0.952,3,1,0
view1,1822,12,0,0.9629,0.9517,2,1,0
view1,1823,12,0,0.96,0.951,3,1,0
view1,1824,12,0,0.9639,0.9503,3,1,0
view1,1825,12,0,0.9589,0.9501,2,2,0
view1,1826,12,0,0.9632,0.9503,2,2,0
view1,1827,12,0,0.9685,0.9504,2,2,0
view1,1828,12,0,0.9666,0.9504,1,2,0
view1,1829,12,0,0.9626,0.9498,1,2,0
view1,1830,12,0,0.9542,0.9492,3,2,0
view1,1831,12,0,0.9633,0.949,2,2,0
view1,1832,12,0,0.9628,0.9489,1,2,0
view1,1833,12,0,0.9501,0.9478,2,2,0
view1,1834,12,0,0.9573,0.9474,1,2,0
view1,1835,12,0,0.9559,0.9466,1,2,0
view1,1836,12,0,0.9541,0.9456,1,2,0
view1,1837,12,0,0.9537,0.9447,1,2,0
view1,1838,12,0,0.9465,0.9439,2,2,0
view1,1839,12,0,0.9497,0.9431,2,2,0
view1,1840,12,0,0.9483,0.9423,1,2,0
view1,1841,12,0,0.9482,0.9415,1,2,0
view1,1842,12,0,0.9513,0.9409,1,1,0
view1,1843,12,1,0.9302,0.9384,3,1,0
view1,1844,12,0,0.9854,0.9366,4,3,0
view1,1845,12,0,0.9868,0.935,3,3,0
view1,1846,12,0,0.9722,0.9342,3,3,0
view1,1847,12,0,0.9722,0.9338,1,3,0
view1,1848,12,0,0.969,0.9334,2,3,0
view1,1849,12,0,0.9649,0.9333,3,3,0
view1,1850,12,0,0.9654,0.933,3,3,0
view1,1851,12,0,0.9615,0.9327,2,3,0
view1,1852,12,0,0.9627,0.9324,1,3,0
view1,1853,12,1,0.9189,0.9258,0,3,1
view1,1854,12,0,0.9587,0.9205,0,0,1
view1,1855,12,0,0.949,0.9207,2,3,0
view1,1856,12,0,0.9494,0.9207,1,3,0
view1,1857,12,1,0.9108,0.9175,0,0,1
view1,1858,12,0,0.9782,0.9176,1,0,1
view1,1859,12,0,0.9683,0.9175,2,0,1
view1,1860,12,0,0.9609,0.9175,2,0,1
view1,1861,12,0,0.9308,0.9165,2,1,0
view1,1862,12,0,0.9431,0.9159,1,3,0
view1,1863,12,0,0.9462,0.9156,1,3,0
view1,1864,12,0,0.953,0.9157,2,0,1
view1,1865,12,0,0.9529,0.913,0,0,1
view1,1866,12,0,0.95,0.913,3,3,0
view1,1867,12,0,0.9429,0.9117,0,0,1
view1,1868,12,0,0.9575,0.912,2,1,0
view1,1869,12,0,0.9571,0.9123,1,2,0
view1,1870,12,0,0.9553,0.9125,1,2,0
view1,1871,12,0,0.9179,0.9109,0,0,1
view1,1872,12,0,0.9591,0.9111,2,2,0
view1,1873,12,0,0.9548,0.9111,1,1,0
view1,1874,12,0,0.9587,0.9112,3,2,0
view1,1875,12,0,0.9576,0.9112,2,2,0
view1,1876,12,0,0.9478,0.9107,3,2,0
view1,1877,12,0,0.9487,0.9106,2,3,0
view1,1878,12,0,0.9562,0.9104,2,2,0
view1,1879,12,0,0.9573,0.9104,2,2,0
view1,1880,12,0,0.956,0.9104,1,2,0
view1,1881,12,0,0.9517,0.9101,3,2,0
view1,1882,12,0,0.9535,0.9097,3,2,0
view1,1883,12,0,0.9474,0.9092,2,3,0
view1,1884,12,0,0.9373,0.9069,3,3,0
view1,1885,12,0,0.9517,0.9056,2,3,0
view1,1886,12,0,0.9545,0.905,2,3,0
view1,1887,12,0,0.9441,0.9044,3,3,0
view1,1888,12,0,0.9416,0.9037,2,3,0
view1,1889,12,0,0.9423,0.9027,3,3,0
view1,1890,12,0,0.9388,0.9016,2,3,0
view1,1891,12,0,0.935,0.9006,4,3,0
view1,1892,12,0,0.9217,0.8999,3,3,0
view1,1893,12,0,0.9328,0.8995,2,3,0
view1,1894,12,0,0.9345,0.8993,3,3,0
view1,1895,12,0,0.9306,0.8988,3,3,0
view1,1896,12,0,0.932,0.8983,3,3,0
view1,1897,12,0,0.9393,0.898,2,3,0
view1,1898,12,0,0.9334,0.8977,2,3,0
view1,1899,12,0,0.9399,0.8974,2,3,0
view1,1900,12,0,0.9339,0.897,2,3,0
view1,1901,12,0,0.934,0.8965,3,3,0
view1,1902,12,0,0.9424,0.8964,2,3,0
view1,1903,12,0,0.9339,0.8962,2,3,0
view1,1904,12,0,0.9376,0.8958,2,3,0
view1,1905,12,0,0.9376,0.8958,3,3,0
view1,1906,12,0,0.9434,0.8958,3,3,0
view1,1907,12,0,0.9434,0.8957,3,3,0
view1,1908,12,0,0.9368,0.8956,4,1,0
view1,1909,12,0,0.9328,0.8956,3,1,0
view1,1910,12,0,0.9408,0.8955,2,3,0
view1,1911,12,0,0.9304,0.8953,3,3,0
view1,1912,12,0,0.9276,0.8947,2,3,0
view1,1913,12,0,0.9196,0.8942,2,1,0
view1,1914,12,0,0.9413,0.8942,1,3,0
view1,1915,12,0,0.9169,0.8937,2,1,0
view1,1916,12,0,0.9071,0.8919,0,0,1
view1,1917,12,0,0.956,0.892,3,3,0
view1,1918,12,0,0.9546,0.8919,1,3,0
view1,1919,12,0,0.9542,0.892,2,3,0
view1,1920,12,0,0.9476,0.892,2,3,0
view1,1921,12,0,0.9456,0.8921,2,3,0
view1,1922,12,0,0.9439,0.8922,1,1,0
view1,1923,12,0,0.9417,0.8922,3,1,0
view1,1924,12,0,0.9504,0.8924,2,1,0
view1,1925,12,0,0.945,0.8924,1,1,0
view1,1926,12,0,0.9404,0.8923,2,2,0
view1,1927,12,0,0.9348,0.8923,2,1,0
view1,1928,12,0,0.9439,0.8922,3,2,0
view1,1929,12,0,0.9397,0.8921,3,2,0
view1,1930,12,0,0.9399,0.892,2,1,0
view1,1931,12,0,0.9389,0.8915,3,2,0
view1,1932,12,0,0.9218,0.8902,3,2,0
view1,1933,12,0,0.9357,0.8898,3,2,0
view1,1934,12,0,0.9373,0.8895,3,2,0
view1,1935,12,0,0.9371,0.8891,1,2,0
view1,1936,12,0,0.9153,0.8885,3,2,0
view1,1937,12,0,0.9233,0.8881,1,2,0
view1,1938,12,0,0.9251,0.8877,2,2,0
view1,1939,12,0,0.9269,0.8872,3,2,0
view1,1940,12,0,0.9287,0.8869,2,3,0
view1,1941,12,0,0.9311,0.8866,2,2,0
view1,1942,12,0,0.9234,0.8862,3,2,0
view1,1943,12,0,0.941,0.8861,3,1,0
view1,1944,12,0,0.9406,0.8862,3,2,0
view1,1945,12,0,0.9376,0.886,4,1,0
view1,1946,12,0,0.9396,0.886,2,2,0
view1,1947,12,0,0.9439,0.886,1,1,0
view1,1948,12,0,0.9016,0.8854,0,1,1
view1,1949,12,0,0.947,0.8854,1,1,0
view1,1950,13,1,0.0,0.85,0,0,0
view1,1951,13,0,0.977,0.85,2,0,1
view1,1952,13,0,0.9513,0.9513,1,0,1
view1,1953,13,1,0.9409,0.9412,0,0,1
view1,1954,13,0,0.9805,0.9368,1,0,1
view1,1955,13,0,0.968,0.932,1,0,1
view1,1956,13,0,0.9374,0.9152,0,0,1
view1,1957,13,0,0.9457,0.9128,3,0,1
view1,1958,13,0,0.939,0.9119,2,0,1
view1,1959,13,0,0.9223,0.9082,2,0,1
view1,1960,13,0,0.9204,0.9046,1,0,1
view1,1961,13,0,0.9182,0.9018,5,0,1
view1,1962,13,0,0.908,0.8968,5,0,1
view1,1963,13,0,0.8946,0.891,4,0,1
view1,1964,13,0,0.8932,0.8869,3,0,1
view1,1965,13,0,0.9145,0.886,2,0,1
view1,1966,13,0,0.898,0.8823,2,0,1
view1,1967,13,0,0.9013,0.8807,3,0,1
view1,1968,13,0,0.8819,0.8779,4,0,1
view1,1969,13,1,0.8712,0.8732,3,0,1
view1,1970,13,0,0.983,0.8684,4,3,0
view1,1971,13,0,0.9828,0.8626,5,3,0
view1,1972,13,0,0.9725,0.8587,3,3,0
view1,1973,13,0,0.9642,0.8552,3,3,0
view1,1974,13,0,0.9687,0.8521,4,3,0
view1,1975,13,0,0.9558,0.8513,3,3,0
view1,1976,13,0,0.9592,0.8506,4,3,0
view1,1977,13,0,0.9552,0.8477,4,3,0
view1,1978,13,0,0.9506,0.8463,4,3,0
view1,1979,13,0,0.9541,0.8438,4,3,0
view1,1980,13,0,0.9407,0.838,5,3,0
view1,1981,13,0,0.9478,0.8337,3,3,0
view1,1982,13,0,0.9445,0.8304,2,3,0
view1,1983,13,0,0.927,0.8256,3,3,0
view1,1984,13,0,0.9375,0.8232,4,3,0
view1,1985,13,0,0.9218,0.821,3,3,0
view1,1986,13,0,0.9399,0.8202,4,3,0
view1,1987,13,0,0.9184,0.8169,3,3,0
view1,1988,13,0,0.888,0.8108,3,3,0
view1,1989,13,0,0.9168,0.8084,3,3,0
view1,1990,13,0,0.9394,0.8079,3,3,0
view1,1991,13,0,0.9381,0.8066,3,3,0
view1,1992,13,0,0.9364,0.806,4,3,0
view1,1993,13,0,0.934,0.8053,4,3,0
view1,1994,13,0,0.9328,0.8044,2,3,0
view1,1995,13,0,0.9448,0.8037,3,3,0
view1,1996,13,0,0.9361,0.8035,5,3,0
view1,1997,13,0,0.9337,0.8031,4,3,0
view1,1998,13,0,0.9372,0.8025,3,3,0
view1,1999,13,0,0.9364,0.802,3,3,0
view1,2000,13,0,0.934,0.8014,2,3,0
view1,2001,13,0,0.9345,0.7994,3,3,0
view1,2002,13,0,0.9201,0.7971,3,3,0
view1,2003,13,0,0.9293,0.7961,3,3,0
view1,2004,13,0,0.934,0.7956,2,3,0
view1,2005,13,0,0.9333,0.7951,4,3,0
view1,2006,13,0,0.9326,0.7944,4,3,0
view1,2007,13,0,0.9345,0.7944,1,3,0
view1,2008,13,0,0.9339,0.7944,2,3,0
view1,2009,13,0,0.9279,0.7942,1,3,0
view1,2010,13,0,0.9247,0.7938,2,3,0
view1,2011,13,0,0.932,0.7938,3,3,0
view1,2012,13,0,0.943,0.7939,3,3,0
view1,2013,13,0,0.9317,0.7939,2,3,0
view1,2014,13,0,0.9284,0.7941,2,3,0
view1,2015,13,0,0.9021,0.7932,2,3,0
view1,2016,13,0,0.9002,0.7926,1,3,0
view1,2017,13,0,0.9107,0.7923,1,3,0
view1,2018,13,0,0.9081,0.7922,1,3,0
view1,2019,13,0,0.9186,0.7923,2,3,0
view1,2020,13,0,0.9119,0.7923,2,3,0
view1,2021,13,0,0.9092,0.7923,2,3,0
view1,2022,13,0,0.9043,0.7921,2,3,0
view1,2023,13,0,0.9132,0.7922,2,3,0
view1,2024,13,0,0.8987,0.792,2,3,0
view1,2025,13,0,0.9144,0.7916,2,3,0
view1,2026,13,0,0.9085,0.7917,2,3,0
view1,2027,13,0,0.9025,0.7918,1,3,0
view1,2028,13,0,0.9096,0.792,1,3,0
view1,2029,13,0,0.9076,0.792,1,3,0
view1,2030,13,0,0.8945,0.7921,1,3,0
view1,2031,13,0,0.9152,0.7922,1,3,0
view1,2032,13,0,0.9231,0.7925,1,3,0
view1,2033,13,0,0.9187,0.7927,1,3,0
view1,2034,13,0,0.9102,0.793,2,3,0
view1,2035,13,0,0.9244,0.7931,1,3,0
view1,2036,13,0,0.8488,0.7928,0,0,1
view1,2037,13,0,0.8351,0.7922,0,0,1
view1,2038,13,0,0.8185,0.7912,0,0,1
view1,2039,13,0,0.8977,0.7912,2,3,0
view1,2040,13,0,0.8996,0.791,1,3,0
view1,2041,13,0,0.8974,0.7907,2,3,0
view1,2042,13,0,0.8986,0.7907,1,3,0
view1,2043,13,0,0.9051,0.7908,2,3,0
view1,2044,13,0,0.9132,0.7909,1,3,0
view1,2045,13,0,0.8982,0.7904,1,3,0
view1,2046,13,0,0.9078,0.7902,2,3,0
view1,2047,13,0,0.9098,0.79,1,3,0
view1,2048,13,0,0.9035,0.79,2,3,0
view1,2049,13,0,0.9002,0.79,2,3,0
view1,2050,13,0,0.9043,0.7905,1,3,0
view1,2051,13,0,0.9124,0.791,1,3,0
view1,2052,13,0,0.9009,0.7915,1,3,0
view1,2053,13,0,0.9159,0.792,1,3,0
view1,2054,13,0,0.9128,0.7925,2,3,0
view1,2055,13,0,0.9108,0.7929,3,3,0
view1,2056,13,0,0.927,0.7935,2,3,0
view1,2057,13,0,0.9234,0.7941,2,3,0
view1,2058,13,0,0.9254,0.7946,2,3,0
view1,2059,13,0,0.9304,0.795,1,3,0
view1,2060,13,0,0.9291,0.7955,2,3,0
view1,2061,13,0,0.9393,0.796,2,3,0
view1,2062,13,0,0.8997,0.7958,1,3,0
view1,2063,13,0,0.9337,0.7962,3,3,0
view1,2064,13,0,0.9114,0.7964,1,3,0
view1,2065,13,0,0.8636,0.7967,0,0,1
view1,2066,13,0,0.9284,0.7972,2,3,0
view1,2067,13,0,0.9499,0.7977,1,3,0
view1,2068,13,0,0.9366,0.798,3,3,0
view1,2069,13,0,0.9485,0.7985,4,3,0
view1,2070,13,0,0.922,0.7989,3,3,0
view1,2071,13,0,0.9227,0.7994,1,3,0
view1,2072,13,0,0.908,0.7997,2,3,0
view1,2073,13,0,0.928,0.8001,1,3,0
view1,2074,13,0,0.8903,0.8004,0,0,1
view1,2075,13,0,0.9019,0.8007,1,3,0
view1,2076,13,0,0.9182,0.801,2,3,0
view1,2077,13,0,0.9127,0.8015,3,3,0
view1,2078,13,0,0.9076,0.8018,2,3,0
view1,2079,13,0,0.8988,0.8022,0,0,1
view1,2080,13,0,0.8886,0.8025,0,0,1
view1,2081,13,0,0.9082,0.803,0,0,1
view1,2082,13,0,0.9355,0.8034,2,3,0
view1,2083,13,0,0.9327,0.8038,2,3,0
view1,2084,13,0,0.9198,0.8043,1,3,0
view1,2085,13,0,0.9431,0.8047,3,3,0
view1,2086,13,0,0.9426,0.8051,2,3,0
view1,2087,13,0,0.9378,0.8056,2,3,0
view1,2088,13,0,0.9412,0.8059,1,3,0
view1,2089,13,0,0.9449,0.8062,2,3,0
view1,2090,13,0,0.9347,0.8064,2,3,0
view1,2091,13,0,0.9397,0.8066,1,3,0
view1,2092,13,0,0.9451,0.8069,3,3,0
view1,2093,13,0,0.9437,0.8071,2,3,0
view1,2094,13,0,0.9473,0.8073,2,3,0
view1,2095,13,0,0.9412,0.8073,4,3,0
view1,2096,13,0,0.9455,0.8075,3,3,0
view1,2097,13,0,0.9415,0.8076,1,3,0
view1,2098,13,0,0.9381,0.8076,2,3,0
view1,2099,13,0,0.9544,0.8078,2,3,0
view1,2100,14,1,0.0,0.85,1,0,0
view1,2101,14,0,0.9799,0.85,2,1,0
view1,2102,14,0,0.9766,0.9766,2,1,0
view1,2103,14,1,0.9695,0.971,1,1,0
view1,2104,14,0,0.984,0.9692,3,1,0
view1,2105,14,0,0.9809,0.9672,2,1,0
view1,2106,14,0,0.9711,0.9667,2,1,0
view1,2107,14,0,0.965,0.9629,2,1,0
view1,2108,14,0,0.9611,0.9598,2,1,0
view1,2109,14,0,0.9612,0.9578,3,1,0
view1,2110,14,0,0.9617,0.9563,2,1,0
view1,2111,14,0,0.9583,0.9534,2,1,0
view1,2112,14,0,0.9588,0.9522,1,1,0
view1,2113,14,0,0.9592,0.9515,3,1,0
view1,2114,14,1,0.947,0.9494,2,1,0
view1,2115,14,0,0.9778,0.949,3,2,0
view1,2116,14,0,0.9791,0.9488,3,2,0
view1,2117,14,0,0.9733,0.9486,2,2,0
view1,2118,14,0,0.9673,0.9486,2,2,0
view1,2119,14,0,0.9705,0.9485,2,2,0
view1,2120,14,0,0.9654,0.9485,2,2,0
view1,2121,14,0,0.9671,0.9486,2,2,0
view1,2122,14,0,0.9581,0.9478,4,2,0
view1,2123,14,0,0.958,0.9475,4,2,0
view1,2124,14,0,0.956,0.9464,3,2,0
view1,2125,14,0,0.9455,0.9446,2,2,0
view1,2126,14,1,0.9302,0.9417,2,2,0
view1,2127,14,0,0.9838,0.9399,3,2,0
view1,2128,14,0,0.9859,0.9371,3,2,0
view1,2129,14,0,0.9817,0.9361,2,2,0
view1,2130,14,0,0.9794,0.9352,2,2,0
view1,2131,14,0,0.9726,0.9349,4,2,0
view1,2132,14,0,0.9754,0.9345,2,2,0
view1,2133,14,0,0.9662,0.9343,3,2,0
view1,2134,14,0,0.9582,0.9336,1,2,0
view1,2135,14,0,0.9672,0.9328,3,2,0
view1,2136,14,0,0.9564,0.9321,3,2,0
view1,2137,14,0,0.9559,0.9308,3,2,0
view1,2138,14,0,0.9577,0.9298,3,2,0
view1,2139,14,0,0.9671,0.929,4,2,0
view1,2140,14,0,0.9567,0.928,4,2,0
view1,2141,14,0,0.9563,0.9271,3,2,0
view1,2142,14,0,0.9585,0.9262,3,2,0
view1,2143,14,0,0.9584,0.9258,3,2,0
view1,2144,14,0,0.9523,0.9242,3,2,0
view1,2145,14,0,0.9582,0.9229,3,2,0
view1,2146,14,0,0.9502,0.9216,4,2,0
view1,2147,14,0,0.9404,0.9204,2,2,0
view1,2148,14,0,0.9336,0.9185,2,2,0
view1,2149,14,0,0.9348,0.9172,3,2,0
view1,2150,14,0,0.9373,0.9167,3,2,0
view1,2151,14,0,0.937,0.9158,3,2,0
view1,2152,14,0,0.9333,0.9146,4,2,0
view1,2153,14,0,0.9298,0.9136,3,2,0
view1,2154,14,0,0.927,0.9125,3,2,0
view1,2155,14,0,0.9272,0.9113,3,2,0
view1,2156,14,0,0.9268,0.9106,4,2,0
view1,2157,14,0,0.9224,0.9097,2,2,0
view1,2158,14,0,0.931,0.9092,3,2,0
view1,2159,14,0,0.9151,0.9082,3,2,0
view1,2160,14,0,0.9374,0.908,3,2,0
view1,2161,14,0,0.9338,0.9078,4,2,0
view1,2162,14,0,0.9297,0.9074,4,2,0
view1,2163,14,0,0.9294,0.9069,4,2,0
view1,2164,14,0,0.9299,0.9067,3,2,0
view1,2165,14,0,0.9252,0.9062,4,1,0
view1,2166,14,0,0.9374,0.9062,4,1,0
view1,2167,14,0,0.9348,0.9061,4,2,0
view1,2168,14,0,0.9358,0.906,3,2,0
view1,2169,14,0,0.929,0.9057,4,1,0
view1,2170,14,0,0.9253,0.9053,4,1,0
view1,2171,14,0,0.9241,0.9048,3,2,0
view1,2172,14,0,0.9247,0.9044,3,1,0
view1,2173,14,0,0.9247,0.904,3,1,0
view1,2174,14,0,0.9261,0.9037,3,1,0
view1,2175,14,0,0.9359,0.9037,3,1,0
view1,2176,14,0,0.9278,0.9034,3,2,0
view1,2177,14,0,0.9259,0.9031,2,1,0
view1,2178,14,0,0.9273,0.9029,4,1,0
view1,2179,14,0,0.9292,0.9026,3,1,0
view1,2180,14,0,0.9283,0.9023,3,1,0
view1,2181,14,0,0.9291,0.9019,3,1,0
view1,2182,14,0,0.9302,0.9017,3,1,0
view1,2183,14,0,0.9311,0.9016,4,1,0
view1,2184,14,0,0.9328,0.9015,4,1,0
view1,2185,14,0,0.9344,0.9016,3,1,0
view1,2186,14,0,0.9237,0.9014,3,1,0
view1,2187,14,0,0.9285,0.9013,3,1,0
view1,2188,14,0,0.9292,0.9013,4,1,0
view1,2189,14,0,0.9238,0.9012,3,1,0
view1,2190,14,0,0.9229,0.9011,4,1,0
view1,2191,14,0,0.9373,0.9012,4,1,0
view1,2192,14,0,0.9396,0.9013,3,1,0
view1,2193,14,0,0.9343,0.9012,3,1,0
view1,2194,14,0,0.9311,0.9011,4,1,0
view1,2195,14,0,0.9435,0.9013,4,1,0
view1,2196,14,0,0.9468,0.9013,3,1,0
view1,2197,14,0,0.9461,0.9014,3,1,0
view1,2198,14,0,0.9514,0.9015,3,1,0
view1,2199,14,0,0.9483,0.9016,3,1,0
view1,2200,14,0,0.951,0.9018,4,1,0
view1,2201,14,0,0.9326,0.9019,2,1,0
view1,2202,14,0,0.9423,0.9019,2,1,0
view1,2203,14,0,0.9447,0.902,1,1,0
view1,2204,14,0,0.9329,0.9019,2,1,0
view1,2205,14,0,0.9413,0.902,3,1,0
view1,2206,14,0,0.933,0.9021,2,2,0
view1,2207,14,0,0.9356,0.9022,2,2,0
view1,2208,14,0,0.9335,0.9023,2,2,0
view1,2209,14,0,0.9436,0.9024,3,2,0
view1,2210,14,0,0.9385,0.9024,2,2,0
view1,2211,14,0,0.9427,0.9025,2,2,0
view1,2212,14,0,0.9369,0.9026,2,2,0
view1,2213,14,0,0.9241,0.9026,2,2,0
view1,2214,14,0,0.9206,0.9023,3,2,0
view1,2215,14,0,0.9311,0.9022,3,2,0
view1,2216,14,0,0.9387,0.9024,2,2,0
view1,2217,14,0,0.9399,0.9026,2,2,0
view1,2218,14,0,0.9385,0.9027,4,1,0
view1,2219,14,0,0.9341,0.9029,3,1,0
view1,2220,14,0,0.9333,0.903,4,1,0
view1,2221,14,0,0.9261,0.903,2,1,0
view1,2222,14,0,0.9308,0.9031,3,1,0
view1,2223,14,0,0.9359,0.9032,3,1,0
view1,2224,14,0,0.9342,0.9033,4,1,0
view1,2225,14,0,0.9339,0.9033,3,1,0
view1,2226,14,0,0.937,0.9034,3,1,0
view1,2227,14,0,0.9291,0.9035,3,2,0
view1,2228,14,0,0.9334,0.9036,3,1,0
view1,2229,14,0,0.9413,0.9037,3,1,0
view1,2230,14,0,0.9344,0.9038,3,1,0
view1,2231,14,0,0.9373,0.9038,3,1,0
view1,2232,14,0,0.9298,0.9038,4,1,0
view1,2233,14,0,0.9224,0.9037,3,1,0
view1,2234,14,0,0.9308,0.9038,4,1,0
view1,2235,14,0,0.9262,0.9038,3,2,0
view1,2236,14,0,0.9306,0.9038,2,1,0
view1,2237,14,0,0.9309,0.9039,2,2,0
view1,2238,14,0,0.9319,0.9039,2,1,0
view1,2239,14,0,0.9335,0.904,4,1,0
view1,2240,14,0,0.939,0.904,4,1,0
view1,2241,14,0,0.9479,0.9042,2,1,0
view1,2242,14,0,0.9371,0.9043,3,2,0
view1,2243,14,0,0.9392,0.9044,2,1,0
view1,2244,14,0,0.9344,0.9045,2,1,0
view1,2245,14,0,0.9392,0.9046,4,1,0
view1,2246,14,0,0.9381,0.9047,3,1,0
view1,2247,14,0,0.9364,0.9047,4,1,0
view1,2248,14,0,0.9373,0.9048,3,2,0
view1,2249,14,0,0.947,0.9049,3,2,0
view1,2250,15,1,0.0,0.85,3,0,0
view1,2251,15,0,0.9869,0.85,2,3,0
view1,2252,15,0,0.9697,0.9697,1,3,0
view1,2253,15,0,0.9659,0.965,1,3,0
view1,2254,15,0,0.9624,0.9618,3,3,0
view1,2255,15,0,0.972,0.963,4,3,0
view1,2256,15,0,0.9627,0.9616,3,3,0
view1,2257,15,1,0.9546,0.9583,3,3,0
view1,2258,15,0,0.9786,0.9583,3,3,0
view1,2259,15,0,0.9686,0.9566,4,3,0
view1,2260,15,0,0.9702,0.9564,3,3,0
view1,2261,15,0,0.9656,0.9526,4,3,0
view1,2262,15,0,0.961,0.9496,4,3,0
view1,2263,15,0,0.9577,0.9483,4,3,0
view1,2264,15,0,0.9611,0.9482,4,3,0
view1,2265,15,0,0.9585,0.9483,4,3,0
view1,2266,15,0,0.9553,0.9479,5,3,0
view1,2267,15,0,0.9469,0.9464,3,3,0
view1,2268,15,0,0.9509,0.9456,2,3,0
view1,2269,15,0,0.9463,0.9445,2,3,0
view1,2270,15,0,0.9467,0.9431,3,3,0
view1,2271,15,1,0.9372,0.9401,2,3,0
view1,2272,15,0,0.9832,0.9381,3,2,0
view1,2273,15,0,0.9827,0.9376,3,2,0
view1,2274,15,0,0.9767,0.9373,3,2,0
view1,2275,15,0,0.9736,0.9369,3,2,0
view1,2276,15,0,0.9715,0.9368,3,2,0
view1,2277,15,0,0.9645,0.9366,2,2,0
view1,2278,15,0,0.9648,0.9366,2,2,0
view1,2279,15,0,0.9636,0.9357,3,2,0
view1,2280,15,0,0.971,0.9351,3,2,0
view1,2281,15,0,0.9703,0.9348,4,2,0
view1,2282,15,0,0.9682,0.9346,4,2,0
view1,2283,15,0,0.9616,0.9339,2,2,0
view1,2284,15,0,0.9641,0.9339,2,2,0
view1,2285,15,0,0.9708,0.9336,2,2,0
view1,2286,15,0,0.9654,0.9325,2,2,0
view1,2287,15,0,0.9547,0.932,2,2,0
view1,2288,15,0,0.9616,0.9317,2,2,0
view1,2289,15,0,0.9636,0.9311,3,2,0
view1,2290,15,0,0.9611,0.9308,4,2,0
view1,2291,15,0,0.947,0.9302,3,2,0
view1,2292,15,0,0.9486,0.9296,4,2,0
view1,2293,15,0,0.9409,0.929,4,2,0
view1,2294,15,0,0.9389,0.9281,4,2,0
view1,2295,15,0,0.9404,0.9272,2,2,0
view1,2296,15,0,0.9505,0.927,2,2,0
view1,2297,15,0,0.9512,0.9263,3,2,0
view1,2298,15,0,0.9539,0.9261,2,2,0
view1,2299,15,0,0.957,0.9262,2,2,0
view1,2300,15,0,0.9463,0.9259,3,2,0
view1,2301,15,0,0.9527,0.9258,3,2,0
view1,2302,15,0,0.9582,0.9258,3,2,0
view1,2303,15,0,0.9518,0.926,4,2,0
view1,2304,15,0,0.9504,0.9263,2,3,0
view1,2305,15,0,0.9547,0.9266,4,3,0
view1,2306,15,0,0.9553,0.9268,2,3,0
view1,2307,15,0,0.9536,0.9268,2,3,0
view1,2308,15,0,0.9638,0.927,3,3,0
view1,2309,15,0,0.9587,0.9273,3,3,0
view1,2310,15,0,0.9622,0.9275,3,3,0
view1,2311,15,0,0.9541,0.9278,3,3,0
view1,2312,15,0,0.9561,0.928,4,3,0
view1,2313,15,0,0.9574,0.9282,3,3,0
view1,2314,15,0,0.9561,0.9284,3,3,0
view1,2315,15,0,0.957,0.9286,2,3,0
view1,2316,15,0,0.9502,0.9287,3,3,0
view1,2317,15,0,0.9518,0.9288,2,3,0
view1,2318,15,0,0.948,0.9288,3,3,0
view1,2319,15,0,0.9528,0.9289,2,3,0
view1,2320,15,0,0.9531,0.9289,3,3,0
view1,2321,15,0,0.9491,0.929,2,3,0
view1,2322,15,0,0.9397,0.9288,1,3,0
view1,2323,15,1,0.9284,0.9284,2,3,0
view1,2324,15,0,0.9841,0.9276,1,2,0
view1,2325,15,0,0.9828,0.9275,2,2,0
view1,2326,15,0,0.9721,0.9274,1,2,0
view1,2327,15,0,0.9638,0.9274,2,2,0
view1,2328,15,0,0.9567,0.9273,3,2,0
view1,2329,15,0,0.952,0.9273,3,2,0
view1,2330,15,0,0.9498,0.9272,4,2,0
view1,2331,15,0,0.9399,0.9268,4,2,0
view1,2332,15,0,0.9512,0.9265,3,2,0
view1,2333,15,0,0.9379,0.9261,2,2,0
view1,2334,15,0,0.9331,0.9257,3,2,0
view1,2335,15,0,0.9341,0.925,2,3,0
view1,2336,15,1,0.9202,0.9238,3,2,0
view1,2337,15,0,0.9841,0.9217,3,3,0
view1,2338,15,0,0.9748,0.9201,3,3,0
view1,2339,15,0,0.9594,0.9184,2,3,0
view1,2340,15,0,0.9692,0.9174,3,3,0
view1,2341,15,0,0.9707,0.9169,2,3,0
view1,2342,15,0,0.9683,0.9168,1,3,0
view1,2343,15,0,0.9559,0.9168,1,3,0
view1,2344,15,1,0.9052,0.9122,0,3,1
view1,2345,15,0,0.9654,0.912,1,0,1
view1,2346,15,0,0.9517,0.9119,1,0,1
view1,2347,15,0,0.9399,0.9117,1,0,1
view1,2348,15,0,0.9367,0.9117,1,3,0
view1,2349,15,0,0.9355,0.9116,1,3,0
view1,2350,15,0,0.9392,0.9115,1,0,1
view1,2351,15,0,0.9383,0.9113,1,0,1
view1,2352,15,0,0.9408,0.9112,1,3,0
view1,2353,15,0,0.9436,0.9111,1,3,0
view1,2354,15,0,0.939,0.911,1,3,0
view1,2355,15,0,0.9501,0.9108,1,3,0
view1,2356,15,0,0.9441,0.9105,3,3,0
view1,2357,15,0,0.9423,0.9099,1,3,0
view1,2358,15,1,0.8815,0.9047,0,0,1
view1,2359,15,0,0.9639,0.9018,0,0,1
view1,2360,15,0,0.9174,0.8983,0,0,1
view1,2361,15,1,0.884,0.8938,0,0,1
view1,2362,15,0,0.9783,0.8911,0,0,1
view1,2363,15,0,0.9691,0.8886,0,0,1
view1,2364,15,0,0.9638,0.8885,1,0,1
view1,2365,15,0,0.9576,0.8869,0,0,1
view1,2366,15,0,0.9578,0.8843,0,0,1
view1,2367,15,0,0.955,0.8842,1,0,1
view1,2368,15,0,0.9428,0.8842,1,3,0
view1,2369,15,0,0.9363,0.8843,1,3,0
view1,2370,15,0,0.8905,0.8822,0,0,1
view1,2371,15,0,0.9421,0.8822,2,3,0
view1,2372,15,1,0.8683,0.8795,0,0,1
view1,2373,15,0,0.9414,0.8735,0,0,1
view1,2374,15,0,0.9175,0.8718,1,0,1
view1,2375,15,0,0.9368,0.8715,3,3,0
view1,2376,15,0,0.9401,0.8712,2,0,1
view1,2377,15,0,0.9377,0.8704,2,0,1
view1,2378,15,0,0.9308,0.8701,2,3,0
view1,2379,15,0,0.9428,0.8697,2,3,0
view1,2380,15,0,0.9395,0.8694,1,3,0
view1,2381,15,0,0.9384,0.8686,1,3,0
view1,2382,15,0,0.9337,0.8679,1,3,0
view1,2383,15,0,0.9294,0.8662,1,3,0
view1,2384,15,0,0.8836,0.8647,0,3,1
view1,2385,15,0,0.8936,0.863,0,3,1
view1,2386,15,0,0.9434,0.8618,2,3,0
view1,2387,15,0,0.9524,0.8607,1,3,0
view1,2388,15,0,0.8812,0.8579,0,3,1
view1,2389,15,0,0.8729,0.8553,0,3,1
view1,2390,15,0,0.866,0.8525,0,3,1
view1,2391,15,0,0.9336,0.8515,2,3,0
view1,2392,15,0,0.9397,0.8504,2,3,0
view1,2393,15,0,0.9412,0.8501,1,3,0
view1,2394,15,0,0.9343,0.8495,1,3,0
view1,2395,15,0,0.9507,0.8491,1,3,0
view1,2396,15,0,0.9452,0.8486,2,3,0
view1,2397,15,0,0.9433,0.8482,1,3,0
view1,2398,15,0,0.9381,0.8476,1,3,0
view1,2399,15,0,0.9415,0.8473,1,3,0
view1,2400,16,1,0.0,0.85,2,0,0
view1,2401,16,0,0.9851,0.85,2,2,0
view1,2402,16,0,0.9773,0.9773,1,2,0
view1,2403,16,0,0.9745,0.9745,1,2,0
view1,2404,16,1,0.9718,0.9722,2,2,0
view1,2405,16,0,0.9848,0.9728,1,2,0
view1,2406,16,0,0.9704,0.9681,1,2,0
view1,2407,16,1,0.9482,0.9546,0,2,1
view1,2408,16,0,0.9671,0.9545,2,0,1
view1,2409,16,0,0.9608,0.9537,3,2,0
view1,2410,16,0,0.9599,0.9511,1,2,0
view1,2411,16,0,0.9619,0.9504,1,2,0
view1,2412,16,0,0.9606,0.9493,1,2,0
view1,2413,16,0,0.9638,0.9489,2,2,0
view1,2414,16,0,0.9617,0.9471,1,2,0
view1,2415,16,0,0.9558,0.9448,2,2,0
view1,2416,16,0,0.9524,0.9401,2,2,0
view1,2417,16,0,0.9525,0.9373,1,2,0
view1,2418,16,0,0.959,0.9359,1,2,0
view1,2419,16,0,0.9578,0.9344,1,2,0
view1,2420,16,0,0.9488,0.9315,3,2,0
view1,2421,16,0,0.9532,0.9296,2,2,0
view1,2422,16,0,0.9472,0.9268,3,2,0
view1,2423,16,0,0.9461,0.9249,2,2,0
view1,2424,16,0,0.9401,0.9226,3,2,0
view1,2425,16,0,0.9456,0.921,1,2,0
view1,2426,16,1,0.9032,0.9172,0,2,1
view1,2427,16,0,0.9672,0.9169,2,0,1
view1,2428,16,0,0.9338,0.9136,2,0,1
view1,2429,16,0,0.9631,0.9136,3,0,1
view1,2430,16,0,0.9474,0.9131,3,0,1
view1,2431,16,0,0.9401,0.9123,2,0,1
view1,2432,16,0,0.9351,0.9116,2,2,0
view1,2433,16,0,0.9378,0.9101,2,2,0
view1,2434,16,0,0.9402,0.9094,3,2,0
view1,2435,16,0,0.936,0.9085,3,2,0
view1,2436,16,0,0.9368,0.9076,2,2,0
view1,2437,16,0,0.941,0.9072,2,2,0
view1,2438,16,0,0.9379,0.9068,1,2,0
view1,2439,16,0,0.9353,0.9063,3,2,0
view1,2440,16,0,0.9484,0.9065,4,2,0
view1,2441,16,0,0.9411,0.9063,3,2,0
view1,2442,16,0,0.9386,0.9062,3,2,0
view1,2443,16,0,0.9397,0.906,2,2,0
view1,2444,16,0,0.9343,0.9051,3,2,0
view1,2445,16,0,0.946,0.9045,4,2,0
view1,2446,16,0,0.9465,0.9043,6,2,0
view1,2447,16,0,0.945,0.9039,4,2,0
view1,2448,16,0,0.943,0.9033,3,2,0
view1,2449,16,0,0.9417,0.9026,3,2,0
view1,2450,16,0,0.9336,0.9018,2,2,0
view1,2451,16,0,0.9303,0.9008,4,2,0
view1,2452,16,0,0.9393,0.9005,3,2,0
view1,2453,16,0,0.9354,0.8998,3,2,0
view1,2454,16,0,0.9288,0.8989,5,2,0
view1,2455,16,0,0.9209,0.8975,3,2,0
view1,2456,16,0,0.915,0.8959,4,2,0
view1,2457,16,0,0.9027,0.8929,1,2,0
view1,2458,16,0,0.9003,0.8899,4,2,0
view1,2459,16,0,0.9117,0.8881,5,2,0
view1,2460,16,0,0.906,0.8861,3,2,0
view1,2461,16,0,0.9165,0.8851,3,2,0
view1,2462,16,0,0.9225,0.8843,3,2,0
view1,2463,16,0,0.9071,0.8828,2,2,0
view1,2464,16,0,0.9084,0.8813,2,2,0
view1,2465,16,0,0.9226,0.8809,1,2,0
view1,2466,16,0,0.9186,0.8801,4,2,0
view1,2467,16,0,0.8997,0.8785,1,2,0
view1,2468,16,0,0.9126,0.8774,1,2,0
view1,2469,16,0,0.9252,0.8768,2,2,0
view1,2470,16,0,0.9194,0.8763,1,2,0
view1,2471,16,0,0.9254,0.8758,1,2,0
view1,2472,16,0,0.9194,0.8752,3,2,0
view1,2473,16,0,0.9139,0.8744,1,2,0
view1,2474,16,1,0.836,0.872,0,0,1
view1,2475,16,0,0.9734,0.871,2,0,1
view1,2476,16,0,0.9609,0.8705,3,0,1
view1,2477,16,0,0.9513,0.8699,2,0,1
view1,2478,16,0,0.9328,0.8694,3,0,1
view1,2479,16,0,0.9183,0.8687,3,2,0
view1,2480,16,0,0.9215,0.8682,2,2,0
view1,2481,16,0,0.9275,0.8679,2,2,0
view1,2482,16,0,0.9213,0.8673,3,0,1
view1,2483,16,0,0.8966,0.8652,3,0,1
view1,2484,16,0,0.92,0.8643,3,0,1
view1,2485,16,0,0.8978,0.861,0,0,1
view1,2486,16,0,0.8997,0.8595,2,2,0
view1,2487,16,0,0.9141,0.8588,3,2,0
view1,2488,16,0,0.9261,0.8587,2,2,0
view1,2489,16,0,0.9343,0.8586,4,2,0
view1,2490,16,0,0.9201,0.8579,3,2,0
view1,2491,16,0,0.9302,0.8576,4,2,0
view1,2492,16,0,0.9275,0.8572,2,2,0
view1,2493,16,0,0.9136,0.8563,5,2,0
view1,2494,16,0,0.9185,0.8559,4,2,0
view1,2495,16,0,0.9097,0.855,3,2,0
view1,2496,16,0,0.9145,0.8546,2,2,0
view1,2497,16,0,0.9133,0.8539,4,2,0
view1,2498,16,0,0.916,0.8531,2,2,0
view1,2499,16,0,0.9162,0.8522,1,2,0
view1,2500,16,0,0.9093,0.8515,1,2,0
view1,2501,16,0,0.903,0.8501,2,2,0
view1,2502,16,0,0.8718,0.8487,0,0,1
view1,2503,16,0,0.8988,0.8475,1,2,0
view1,2504,16,0,0.8475,0.8458,0,0,1
view1,2505,16,0,0.9252,0.8452,1,2,0
view1,2506,16,0,0.9251,0.8445,1,2,0
view1,2507,16,0,0.9313,0.8442,3,2,0
view1,2508,16,0,0.93,0.844,2,2,0
view1,2509,16,0,0.9255,0.8437,3,2,0
view1,2510,16,0,0.9267,0.8433,2,2,0
view1,2511,16,0,0.9217,0.8428,1,2,0
view1,2512,16,0,0.9189,0.8423,1,2,0
view1,2513,16,1,0.8332,0.8406,0,0,1
view1,2514,16,0,0.9543,0.8392,0,0,1
view1,2515,16,0,0.9654,0.8376,0,0,1
view1,2516,16,0,0.9339,0.8363,0,0,1
view1,2517,16,0,0.9294,0.8347,0,0,1
view1,2518,16,0,0.9048,0.8339,1,2,0
view1,2519,16,0,0.9141,0.8332,1,0,1
view1,2520,16,0,0.9196,0.833,1,2,0
view1,2521,16,0,0.9275,0.833,2,2,0
view1,2522,16,0,0.9232,0.8328,2,2,0
view1,2523,16,0,0.9276,0.8327,3,2,0
view1,2524,16,0,0.9303,0.8326,3,2,0
view1,2525,16,0,0.9153,0.8323,3,2,0
view1,2526,16,0,0.8829,0.8308,3,0,1
view1,2527,16,0,0.9103,0.8303,2,2,0
view1,2528,16,0,0.8954,0.8294,3,2,0
view1,2529,16,0,0.9105,0.829,3,2,0
view1,2530,16,0,0.9102,0.8286,2,2,0
view1,2531,16,0,0.9069,0.8282,1,2,0
view1,2532,16,0,0.9172,0.8279,2,2,0
view1,2533,16,0,0.9061,0.8274,4,2,0
view1,2534,16,0,0.9025,0.8266,1,2,0
view1,2535,16,0,0.9018,0.826,4,2,0
view1,2536,16,0,0.9111,0.8257,2,2,0
view1,2537,16,0,0.9047,0.8253,4,2,0
view1,2538,16,0,0.8937,0.8246,3,2,0
view1,2539,16,0,0.8928,0.824,3,2,0
view1,2540,16,0,0.897,0.8234,3,2,0
view1,2541,16,0,0.8975,0.8228,3,2,0
view1,2542,16,0,0.8889,0.8219,2,2,0
view1,2543,16,0,0.9215,0.8218,3,2,0
view1,2544,16,0,0.8911,0.821,3,2,0
view1,2545,16,0,0.9062,0.8207,3,2,0
view1,2546,16,0,0.9108,0.8205,1,2,0
view1,2547,16,0,0.9078,0.8204,2,2,0
view1,2548,16,0,0.906,0.8202,3,2,0
view1,2549,16,0,0.8952,0.82,1,2,0
view1,2550,17,1,0.0,0.85,1,0,0
view1,2551,17,0,0.9828,0.85,2,1,0
view1,2552,17,0,0.9752,0.9752,1,1,0
view1,2553,17,1,0.963,0.9655,1,1,0
view1,2554,17,0,0.9831,0.9587,3,1,0
view1,2555,17,0,0.982,0.9575,2,1,0
view1,2556,17,0,0.9789,0.9571,4,1,0
view1,2557,17,0,0.9702,0.9573,2,1,0
view1,2558,17,0,0.9763,0.956,4,1,0
view1,2559,17,0,0.9691,0.956,3,1,0
view1,2560,17,0,0.9677,0.9549,3,1,0
view1,2561,17,0,0.9691,0.9549,3,1,0
view1,2562,17,0,0.969,0.9552,2,1,0
view1,2563,17,0,0.9704,0.9558,3,1,0
view1,2564,17,0,0.9643,0.9558,3,1,0
view1,2565,17,0,0.9643,0.9559,3,1,0
view1,2566,17,0,0.9641,0.9549,3,1,0
view1,2567,17,0,0.9596,0.9539,2,1,0
view1,2568,17,0,0.9595,0.9529,2,1,0
view1,2569,17,0,0.9597,0.9519,2,1,0
view1,2570,17,0,0.9581,0.9511,1,1,0
view1,2571,17,0,0.9524,0.9497,2,1,0
view1,2572,17,0,0.9526,0.9487,2,1,0
view1,2573,17,0,0.9485,0.9478,3,1,0
view1,2574,17,0,0.9548,0.9478,3,1,0
view1,2575,17,0,0.9588,0.9479,2,1,0
view1,2576,17,0,0.9534,0.9477,3,1,0
view1,2577,17,0,0.9555,0.9477,2,1,0
view1,2578,17,0,0.9514,0.9474,2,1,0
view1,2579,17,0,0.9541,0.947,2,1,0
view1,2580,17,0,0.9499,0.9466,3,1,0
view1,2581,17,0,0.9576,0.9467,1,1,0
view1,2582,17,0,0.9558,0.9468,1,1,0
view1,2583,17,0,0.9541,0.9468,2,1,0
view1,2584,17,0,0.9491,0.9465,1,1,0
view1,2585,17,0,0.953,0.9459,3,1,0
view1,2586,17,0,0.9463,0.9454,2,1,0
view1,2587,17,0,0.9468,0.9449,2,1,0
view1,2588,17,1,0.9369,0.9435,2,1,0
view1,2589,17,0,0.9862,0.9424,2,2,0
view1,2590,17,0,0.9793,0.9419,3,2,0
view1,2591,17,0,0.9739,0.9418,3,2,0
view1,2592,17,0,0.9666,0.942,2,2,0
view1,2593,17,0,0.9624,0.942,2,2,0
view1,2594,17,0,0.9535,0.9416,2,2,0
view1,2595,17,1,0.9393,0.9407,3,1,0
view1,2596,17,0,0.9865,0.9397,3,3,0
view1,2597,17,0,0.9828,0.939,3,3,0
view1,2598,17,0,0.9766,0.9385,3,3,0
view1,2599,17,0,0.9791,0.9381,1,3,0
view1,2600,17,0,0.9661,0.9379,3,3,0
view1,2601,17,0,0.9709,0.9375,1,3,0
view1,2602,17,0,0.9652,0.9375,1,3,0
view1,2603,17,0,0.9707,0.9377,1,3,0
view1,2604,17,0,0.9632,0.9369,1,3,0
view1,2605,17,0,0.9721,0.9367,1,3,0
view1,2606,17,0,0.9737,0.9357,1,3,0
view1,2607,17,0,0.9746,0.9356,2,3,0
view1,2608,17,0,0.9649,0.9352,2,3,0
view1,2609,17,0,0.9578,0.935,3,3,0
view1,2610,17,0,0.9638,0.9348,3,3,0
view1,2611,17,0,0.9611,0.9346,3,3,0
view1,2612,17,0,0.9636,0.9346,3,3,0
view1,2613,17,0,0.9699,0.9346,3,3,0
view1,2614,17,0,0.9704,0.9344,1,3,0
view1,2615,17,0,0.9661,0.9343,3,3,0
view1,2616,17,0,0.9675,0.9344,1,3,0
view1,2617,17,0,0.9636,0.9337,1,3,0
view1,2618,17,0,0.9567,0.9333,1,3,0
view1,2619,17,0,0.9382,0.9297,0,3,1
view1,2620,17,0,0.9697,0.9298,2,3,0
view1,2621,17,0,0.9661,0.9298,2,3,0
view1,2622,17,0,0.9664,0.9298,3,3,0
view1,2623,17,0,0.961,0.9295,4,3,0
view1,2624,17,0,0.9654,0.9294,4,3,0
view1,2625,17,0,0.9659,0.9289,3,3,0
view1,2626,17,0,0.9647,0.9287,5,3,0
view1,2627,17,0,0.9516,0.9285,2,3,0
view1,2628,17,0,0.9477,0.9278,2,3,0
view1,2629,17,0,0.9595,0.9277,3,3,0
view1,2630,17,0,0.9517,0.9276,2,3,0
view1,2631,17,0,0.9537,0.9276,2,3,0
view1,2632,17,0,0.9627,0.9276,2,3,0
view1,2633,17,0,0.9544,0.9275,2,3,0
view1,2634,17,0,0.9497,0.9275,3,3,0
view1,2635,17,0,0.9412,0.9274,2,3,0
view1,2636,17,0,0.9481,0.9273,1,3,0
view1,2637,17,0,0.9408,0.9272,1,1,0
view1,2638,17,0,0.9454,0.9273,1,2,0
view1,2639,17,0,0.9507,0.9274,4,1,0
view1,2640,17,0,0.9476,0.9274,2,1,0
view1,2641,17,0,0.9445,0.9272,1,1,0
view1,2642,17,0,0.9535,0.9272,2,1,0
view1,2643,17,0,0.9437,0.9271,2,1,0
view1,2644,17,0,0.9457,0.927,1,1,0
view1,2645,17,1,0.923,0.9264,2,1,0
view1,2646,17,0,0.971,0.9263,2,2,0
view1,2647,17,0,0.9761,0.9258,3,2,0
view1,2648,17,0,0.9515,0.9254,2,2,0
view1,2649,17,0,0.9511,0.9252,2,2,0
view1,2650,17,0,0.9514,0.9251,4,2,0
view1,2651,17,0,0.9405,0.9245,3,2,0
view1,2652,17,0,0.9484,0.9241,1,2,0
view1,2653,17,0,0.9392,0.9239,1,2,0
view1,2654,17,0,0.9366,0.9236,3,2,0
view1,2655,17,0,0.9422,0.9235,3,2,0
view1,2656,17,0,0.9304,0.9231,2,1,0
view1,2657,17,0,0.9391,0.923,2,1,0
view1,2658,17,0,0.9281,0.9226,1,2,0
view1,2659,17,0,0.9355,0.9225,1,1,0
view1,2660,17,0,0.929,0.9221,3,2,0
view1,2661,17,0,0.9256,0.9218,3,1,0
view1,2662,17,0,0.9369,0.9217,3,1,0
view1,2663,17,0,0.9329,0.9214,3,1,0
view1,2664,17,0,0.9369,0.9214,4,1,0
view1,2665,17,0,0.9299,0.9211,4,2,0
view1,2666,17,0,0.9316,0.9207,1,2,0
view1,2667,17,0,0.9352,0.9206,3,2,0
view1,2668,17,0,0.9411,0.9204,1,2,0
view1,2669,17,0,0.9402,0.9201,3,2,0
view1,2670,17,0,0.94,0.92,3,2,0
view1,2671,17,0,0.9353,0.9198,2,2,0
view1,2672,17,0,0.9405,0.9196,3,2,0
view1,2673,17,0,0.9464,0.9197,3,2,0
view1,2674,17,0,0.9307,0.9195,3,3,0
view1,2675,17,0,0.9371,0.9193,3,2,0
view1,2676,17,0,0.9413,0.9191,2,1,0
view1,2677,17,0,0.9468,0.919,3,1,0
view1,2678,17,0,0.9379,0.919,3,1,0
view1,2679,17,0,0.9258,0.9188,3,2,0
view1,2680,17,0,0.9333,0.9187,2,1,0
view1,2681,17,0,0.9376,0.9187,3,2,0
view1,2682,17,0,0.9444,0.9188,3,2,0
view1,2683,17,0,0.9474,0.9188,3,2,0
view1,2684,17,0,0.9399,0.9187,3,1,0
view1,2685,17,0,0.9354,0.9187,3,1,0
view1,2686,17,0,0.9426,0.9187,2,3,0
view1,2687,17,0,0.9378,0.9187,3,1,0
view1,2688,17,0,0.9362,0.9187,1,1,0
view1,2689,17,0,0.9272,0.9185,1,2,0
view1,2690,17,0,0.931,0.9184,3,1,0
view1,2691,17,0,0.9306,0.9183,3,1,0
view1,2692,17,0,0.9463,0.9183,3,1,0
view1,2693,17,0,0.9415,0.9183,1,2,0
view1,2694,17,0,0.9359,0.9183,2,1,0
view1,2695,17,0,0.9361,0.9183,3,1,0
view1,2696,17,0,0.9339,0.9182,2,2,0
view1,2697,17,0,0.9298,0.9182,2,1,0
view1,2698,17,0,0.9345,0.9181,2,2,0
view1,2699,17,0,0.9404,0.9182,3,1,0
view1,2700,18,1,0.0,0.85,2,0,0
view1,2701,18,0,0.9879,0.85,3,2,0
view1,2702,18,0,0.979,0.979,2,2,0
view1,2703,18,0,0.9851,0.9803,3,2,0
view1,2704,18,0,0.9816,0.98,3,2,0
view1,2705,18,0,0.9798,0.9794,3,2,0
view1,2706,18,0,0.9789,0.9787,3,2,0
view1,2707,18,0,0.9807,0.9787,2,2,0
view1,2708,18,1,0.9757,0.9775,2,2,0
view1,2709,18,0,0.9902,0.9762,2,2,0
view1,2710,18,0,0.9854,0.9754,2,2,0
view1,2711,18,0,0.9809,0.9739,2,2,0
view1,2712,18,0,0.9783,0.9719,3,2,0
view1,2713,18,0,0.9764,0.9701,3,2,0
view1,2714,18,0,0.9721,0.9677,2,2,0
view1,2715,18,0,0.967,0.9656,2,2,0
view1,2716,18,0,0.9657,0.9636,3,2,0
view1,2717,18,1,0.9599,0.9611,2,2,0
view1,2718,18,0,0.9811,0.9615,2,2,0
view1,2719,18,0,0.9814,0.9607,3,2,0
view1,2720,18,0,0.9735,0.9605,2,2,0
view1,2721,18,0,0.9733,0.9595,2,2,0
view1,2722,18,0,0.9655,0.9572,4,2,0
view1,2723,18,0,0.9649,0.9548,2,2,0
view1,2724,18,0,0.9701,0.9538,3,2,0
view1,2725,18,0,0.9665,0.9525,3,2,0
view1,2726,18,0,0.9651,0.9506,2,2,0
view1,2727,18,0,0.9643,0.9497,2,2,0
view1,2728,18,0,0.9637,0.9489,2,2,0
view1,2729,18,0,0.9566,0.9475,2,2,0
view1,2730,18,1,0.9424,0.9451,2,2,0
view1,2731,18,0,0.9876,0.9426,3,2,0
view1,2732,18,0,0.9824,0.942,3,2,0
view1,2733,18,0,0.9686,0.9403,2,2,0
view1,2734,18,0,0.9637,0.9395,3,2,0
view1,2735,18,0,0.9615,0.939,2,2,0
view1,2736,18,0,0.9572,0.9383,3,2,0
view1,2737,18,0,0.9542,0.9369,3,2,0
view1,2738,18,0,0.9551,0.9356,3,2,0
view1,2739,18,0,0.9547,0.9345,3,2,0
view1,2740,18,0,0.9632,0.9328,3,2,0
view1,2741,18,0,0.9543,0.9316,3,2,0
view1,2742,18,0,0.9491,0.9307,2,2,0
view1,2743,18,0,0.9438,0.9296,2,2,0
view1,2744,18,0,0.9464,0.9275,2,2,0
view1,2745,18,0,0.9459,0.9262,3,2,0
view1,2746,18,0,0.9237,0.9226,3,2,0
view1,2747,18,0,0.9383,0.9205,3,2,0
view1,2748,18,0,0.9255,0.918,2,2,0
view1,2749,18,1,0.9052,0.9142,2,2,0
view1,2750,18,0,0.9765,0.912,3,2,0
view1,2751,18,0,0.9708,0.9106,3,2,0
view1,2752,18,0,0.9615,0.9092,2,2,0
view1,2753,18,0,0.9617,0.9076,2,2,0
view1,2754,18,0,0.9553,0.9072,4,2,0
view1,2755,18,0,0.9463,0.9048,3,2,0
view1,2756,18,0,0.9456,0.9038,5,2,0
view1,2757,18,0,0.9392,0.9034,2,2,0
view1,2758,18,0,0.9251,0.9025,2,2,0
view1,2759,18,0,0.9248,0.9014,1,2,0
view1,2760,18,0,0.9164,0.9007,2,2,0
view1,2761,18,0,0.9039,0.8994,1,2,0
view1,2762,18,0,0.9099,0.8986,2,2,0
view1,2763,18,0,0.9228,0.8984,1,2,0
view1,2764,18,0,0.9309,0.8981,2,2,0
view1,2765,18,0,0.9255,0.8976,2,2,0
view1,2766,18,0,0.9253,0.8972,2,2,0
view1,2767,18,0,0.9187,0.8962,2,2,0
view1,2768,18,0,0.9263,0.8956,2,2,0
view1,2769,18,0,0.9239,0.8951,2,2,0
view1,2770,18,0,0.905,0.8941,1,2,0
view1,2771,18,0,0.9081,0.8932,2,2,0
view1,2772,18,0,0.9106,0.8927,1,2,0
view1,2773,18,0,0.9094,0.892,1,2,0
view1,2774,18,1,0.8899,0.8906,3,2,0
view1,2775,18,0,0.9689,0.8904,4,3,0
view1,2776,18,0,0.9556,0.8904,2,3,0
view1,2777,18,0,0.9458,0.8903,3,3,0
view1,2778,18,0,0.9382,0.8899,4,3,0
view1,2779,18,0,0.942,0.8892,2,3,0
view1,2780,18,0,0.9408,0.889,2,3,0
view1,2781,18,0,0.9304,0.8886,3,3,0
view1,2782,18,0,0.9221,0.8878,3,3,0
view1,2783,18,0,0.9252,0.8873,2,2,0
view1,2784,18,0,0.9156,0.8865,1,2,0
view1,2785,18,0,0.9226,0.8859,2,2,0
view1,2786,18,1,0.8479,0.8788,0,2,1
view1,2787,18,0,0.984,0.8723,0,0,1
view1,2788,18,0,0.9661,0.8724,2,0,1
view1,2789,18,0,0.9536,0.8726,1,0,1
view1,2790,18,0,0.946,0.8728,3,0,1
view1,2791,18,0,0.9606,0.8728,1,0,1
view1,2792,18,0,0.9479,0.8723,1,0,1
view1,2793,18,0,0.9474,0.8719,2,0,1
view1,2794,18,0,0.9317,0.872,2,0,1
view1,2795,18,0,0.9459,0.8717,5,0,1
view1,2796,18,0,0.9224,0.8712,3,0,1
view1,2797,18,0,0.9263,0.8707,2,0,1
view1,2798,18,0,0.9277,0.8704,3,0,1
view1,2799,18,0,0.9194,0.87,2,2,0
view1,2800,18,0,0.9281,0.87,2,2,0
view1,2801,18,0,0.9262,0.8699,1,2,0
view1,2802,18,0,0.9211,0.8698,3,2,0
view1,2803,18,0,0.9077,0.8693,2,2,0
view1,2804,18,0,0.9204,0.869,2,2,0
view1,2805,18,0,0.9191,0.8688,2,2,0
view1,2806,18,0,0.9062,0.8683,2,2,0
view1,2807,18,0,0.9298,0.8682,3,2,0
view1,2808,18,0,0.9179,0.8676,2,2,0
view1,2809,18,0,0.9032,0.867,4,2,0
view1,2810,18,0,0.9261,0.8668,2,2,0
view1,2811,18,0,0.9287,0.8667,4,2,0
view1,2812,18,0,0.9189,0.8665,4,2,0
view1,2813,18,0,0.9333,0.8666,3,2,0
view1,2814,18,0,0.9344,0.8666,3,2,0
view1,2815,18,0,0.9331,0.8665,4,2,0
view1,2816,18,0,0.9371,0.8664,2,2,0
view1,2817,18,0,0.9323,0.8663,2,2,0
view1,2818,18,0,0.9359,0.8663,3,2,0
view1,2819,18,0,0.9354,0.8663,2,2,0
view1,2820,18,0,0.9243,0.8662,3,2,0
view1,2821,18,0,0.9273,0.8659,3,2,0
view1,2822,18,0,0.912,0.8652,3,2,0
view1,2823,18,0,0.9085,0.8645,3,2,0
view1,2824,18,0,0.9149,0.8638,3,2,0
view1,2825,18,0,0.9165,0.8632,4,2,0
view1,2826,18,0,0.9304,0.8628,3,2,0
view1,2827,18,0,0.931,0.8626,3,2,0
view1,2828,18,0,0.9136,0.8623,3,2,0
view1,2829,18,0,0.9112,0.8616,3,2,0
view1,2830,18,0,0.9274,0.8612,3,2,0
view1,2831,18,0,0.9269,0.8604,1,2,0
view1,2832,18,0,0.9359,0.86,3,2,0
view1,2833,18,0,0.9359,0.8599,3,2,0
view1,2834,18,0,0.9305,0.8598,1,2,0
view1,2835,18,0,0.9386,0.8597,3,2,0
view1,2836,18,0,0.9367,0.8597,3,2,0
view1,2837,18,0,0.9306,0.8597,4,2,0
view1,2838,18,0,0.9283,0.8596,4,2,0
view1,2839,18,0,0.9341,0.8598,3,2,0
view1,2840,18,0,0.9217,0.8599,3,2,0
view1,2841,18,0,0.9192,0.86,3,2,0
view1,2842,18,0,0.9252,0.8601,2,2,0
view1,2843,18,0,0.9247,0.8602,3,2,0
view1,2844,18,0,0.9141,0.8602,2,2,0
view1,2845,18,0,0.9147,0.8602,3,2,0
view1,2846,18,0,0.8987,0.8599,2,2,0
view1,2847,18,0,0.88,0.8595,1,2,0
view1,2848,18,0,0.9074,0.8595,3,2,0
view1,2849,18,0,0.9113,0.8594,2,2,0
view1,2850,19,1,0.0,0.85,2,0,0
view1,2851,19,0,0.9865,0.85,2,2,0
view1,2852,19,0,0.9739,0.9739,1,2,0
view1,2853,19,0,0.9718,0.9709,2,2,0
view1,2854,19,0,0.9686,0.9685,2,2,0
view1,2855,19,0,0.9722,0.9685,2,2,0
view1,2856,19,0,0.9761,0.9692,1,2,0
view1,2857,19,0,0.9684,0.9682,2,2,0
view1,2858,19,1,0.9644,0.9665,2,2,0
view1,2859,19,0,0.9817,0.9667,1,2,0
view1,2860,19,0,0.9798,0.9646,3,2,0
view1,2861,19,0,0.9754,0.9623,4,2,0
view1,2862,19,0,0.9578,0.9569,2,2,0
view1,2863,19,0,0.9649,0.9549,3,2,0
view1,2864,19,0,0.9653,0.9525,2,2,0
view1,2865,19,0,0.9606,0.9506,3,2,0
view1,2866,19,1,0.9464,0.947,3,2,0
view1,2867,19,0,0.9761,0.9472,4,3,0
view1,2868,19,0,0.9698,0.9463,4,3,0
view1,2869,19,0,0.9732,0.9452,5,3,0
view1,2870,19,0,0.9673,0.9415,1,3,0
view1,2871,19,0,0.9718,0.9405,3,3,0
view1,2872,19,0,0.9547,0.9379,3,3,0
view1,2873,19,0,0.9487,0.9342,2,3,0
view1,2874,19,0,0.9465,0.9321,5,3,0
view1,2875,19,0,0.9527,0.9307,5,3,0
view1,2876,19,0,0.9527,0.9298,2,3,0
view1,2877,19,0,0.9445,0.9284,4,3,0
view1,2878,19,0,0.9454,0.928,2,3,0
view1,2879,19,0,0.931,0.927,2,3,0
view1,2880,19,0,0.9306,0.9259,1,3,0
view1,2881,19,0,0.9296,0.9248,1,3,0
view1,2882,19,1,0.9164,0.9225,1,3,0
view1,2883,19,0,0.9702,0.9094,0,1,1
view1,2884,19,0,0.9651,0.9004,0,1,1
view1,2885,19,0,0.9819,0.8998,2,1,0
view1,2886,19,0,0.9461,0.8927,0,1,1
view1,2887,19,0,0.9719,0.8932,3,1,0
view1,2888,19,0,0.9659,0.893,3,1,0
view1,2889,19,0,0.9725,0.8937,4,1,0
view1,2890,19,0,0.9592,0.8938,3,1,0
view1,2891,19,0,0.9586,0.8943,2,1,0
view1,2892,19,0,0.9578,0.8948,4,1,0
view1,2893,19,0,0.963,0.895,4,1,0
view1,2894,19,0,0.9612,0.8948,4,1,0
view1,2895,19,0,0.9531,0.8946,4,1,0
view1,2896,19,0,0.9533,0.8943,3,1,0
view1,2897,19,0,0.9541,0.8945,2,1,0
view1,2898,19,0,0.9506,0.8945,3,1,0
view1,2899,19,0,0.9487,0.8946,2,1,0
view1,2900,19,0,0.9452,0.8951,3,3,0
view1,2901,19,0,0.9441,0.8954,1,3,0
view1,2902,19,0,0.9333,0.8944,3,1,0
view1,2903,19,0,0.9391,0.8947,2,3,0
view1,2904,19,0,0.9211,0.8943,2,1,0
view1,2905,19,0,0.9415,0.8945,1,3,0
view1,2906,19,0,0.95,0.895,1,3,0
view1,2907,19,0,0.9364,0.8953,2,3,0
view1,2908,19,0,0.9431,0.8956,1,3,0
view1,2909,19,0,0.9322,0.8958,2,1,0
view1,2910,19,0,0.9397,0.8961,1,3,0
view1,2911,19,0,0.9444,0.8965,2,1,0
view1,2912,19,0,0.953,0.897,1,3,0
view1,2913,19,0,0.9411,0.8974,2,2,0
view1,2914,19,0,0.9464,0.8978,1,2,0
view1,2915,19,0,0.9446,0.8981,1,2,0
view1,2916,19,0,0.9451,0.8984,1,2,0
view1,2917,19,0,0.9354,0.8986,2,2,0
view1,2918,19,0,0.9399,0.8986,1,2,0
view1,2919,19,0,0.9432,0.8988,1,2,0
view1,2920,19,0,0.941,0.899,2,2,0
view1,2921,19,1,0.8825,0.8965,0,2,1
view1,2922,19,0,0.9742,0.8967,2,0,1
view1,2923,19,0,0.9657,0.8939,0,0,1
view1,2924,19,0,0.9654,0.8903,0,0,1
view1,2925,19,0,0.9547,0.8868,0,0,1
view1,2926,19,0,0.9597,0.8842,0,0,1
view1,2927,19,0,0.9528,0.8844,1,0,1
view1,2928,19,0,0.9494,0.8826,0,0,1
view1,2929,19,0,0.9467,0.8831,1,0,1
view1,2930,19,0,0.9128,0.8794,0,0,1
view1,2931,19,0,0.9177,0.8763,0,0,1
view1,2932,19,0,0.9435,0.8765,1,0,1
view1,2933,19,0,0.9195,0.8734,0,0,1
view1,2934,19,0,0.9249,0.8736,1,0,1
view1,2935,19,0,0.9365,0.8717,0,0,1
view1,2936,19,0,0.9231,0.8693,0,0,1
view1,2937,19,0,0.9409,0.868,0,0,1
view1,2938,19,0,0.937,0.8684,1,2,0
view1,2939,19,0,0.9362,0.8688,1,2,0
view1,2940,19,0,0.9512,0.8673,0,0,1
view1,2941,19,0,0.9126,0.8646,0,0,1
view1,2942,19,0,0.9327,0.8649,1,0,1
view1,2943,19,0,0.9247,0.8633,0,0,1
view1,2944,19,0,0.9327,0.8621,0,0,1
view1,2945,19,0,0.9305,0.8623,1,2,0
view1,2946,19,0,0.9337,0.8627,1,2,0
view1,2947,19,0,0.9386,0.8629,2,2,0
view1,2948,19,0,0.9242,0.8629,3,2,0
view1,2949,19,0,0.9253,0.863,1,2,0
view1,2950,19,0,0.9452,0.8633,1,2,0
view1,2951,19,0,0.9475,0.8636,3,2,0
view1,2952,19,0,0.9572,0.864,1,2,0
view1,2953,19,0,0.9433,0.8643,2,2,0
view1,2954,19,0,0.9455,0.8647,2,2,0
view1,2955,19,0,0.9424,0.8649,1,2,0
view1,2956,19,0,0.9413,0.8651,2,2,0
view1,2957,19,0,0.9338,0.8651,3,2,0
view1,2958,19,0,0.9422,0.8653,1,2,0
view1,2959,19,0,0.9408,0.8654,1,2,0
view1,2960,19,0,0.9339,0.8653,1,2,0
view1,2961,19,0,0.9345,0.8653,2,2,0
view1,2962,19,0,0.932,0.8651,1,2,0
view1,2963,19,0,0.9376,0.8652,1,2,0
view1,2964,19,1,0.8618,0.8635,0,2,1
view1,2965,19,0,0.9506,0.8634,1,0,1
view1,2966,19,0,0.9461,0.8625,0,0,1
view1,2967,19,0,0.9293,0.8625,2,2,0
view1,2968,19,0,0.9426,0.8626,1,0,1
view1,2969,19,0,0.9391,0.8628,1,0,1
view1,2970,19,0,0.952,0.863,1,3,0
view1,2971,19,0,0.9352,0.8631,2,3,0
view1,2972,19,0,0.9406,0.8633,1,3,0
view1,2973,19,0,0.9449,0.8635,1,3,0
view1,2974,19,0,0.9128,0.8629,0,0,1
view1,2975,19,0,0.9418,0.863,1,3,0
view1,2976,19,0,0.9357,0.8632,2,3,0
view1,2977,19,0,0.93,0.8634,1,3,0
view1,2978,19,0,0.9247,0.8635,3,3,0
view1,2979,19,0,0.9394,0.8638,2,3,0
view1,2980,19,0,0.9416,0.8639,2,3,0
view1,2981,19,0,0.9411,0.8639,2,3,0
view1,2982,19,0,0.9309,0.8637,3,3,0
view1,2983,19,0,0.928,0.8635,2,3,0
view1,2984,19,0,0.9362,0.8633,2,3,0
view1,2985,19,0,0.9446,0.8628,1,3,0
view1,2986,19,0,0.9371,0.8628,2,3,0
view1,2987,19,0,0.9432,0.8627,2,3,0
view1,2988,19,0,0.9366,0.8626,4,3,0
view1,2989,19,0,0.9347,0.8626,4,3,0
view1,2990,19,0,0.9284,0.8625,2,3,0
view1,2991,19,0,0.9378,0.8624,4,3,0
view1,2992,19,0,0.9318,0.8622,2,3,0
view1,2993,19,0,0.9195,0.862,4,3,0
view1,2994,19,0,0.9208,0.8617,4,1,0
view1,2995,19,0,0.9138,0.8615,5,3,0
view1,2996,19,0,0.9189,0.8615,3,2,0
view1,2997,19,0,0.9251,0.8614,3,2,0
view1,2998,19,0,0.921,0.8614,3,2,0
view1,2999,19,0,0.9223,0.8614,3,3,0
view1,3000,20,1,0.0,0.85,2,0,0
view1,3001,20,0,0.9795,0.85,4,2,0
view1,3002,20,0,0.9808,0.9795,3,2,0
view1,3003,20,1,0.9741,0.9752,3,2,0
view1,3004,20,0,0.9802,0.9708,2,3,0
view1,3005,20,0,0.9731,0.9656,2,3,0
view1,3006,20,0,0.9712,0.9633,2,3,0
view1,3007,20,0,0.966,0.9609,3,3,0
view1,3008,20,0,0.9677,0.9603,3,3,0
view1,3009,20,0,0.963,0.9585,3,3,0
view1,3010,20,0,0.9683,0.9585,3,3,0
view1,3011,20,0,0.966,0.9585,3,3,0
view1,3012,20,0,0.9647,0.9581,3,3,0
view1,3013,20,0,0.9571,0.9553,3,3,0
view1,3014,20,0,0.9625,0.9542,3,3,0
view1,3015,20,0,0.9684,0.9542,2,3,0
view1,3016,20,0,0.9631,0.9544,4,3,0
view1,3017,20,0,0.9673,0.9545,4,3,0
view1,3018,20,0,0.9595,0.9538,4,3,0
view1,3019,20,0,0.964,0.9539,3,3,0
view1,3020,20,0,0.9653,0.9537,3,3,0
view1,3021,20,0,0.9624,0.9534,4,3,0
view1,3022,20,0,0.9645,0.953,4,3,0
view1,3023,20,0,0.9648,0.9526,4,3,0
view1,3024,20,0,0.9664,0.9527,4,3,0
view1,3025,20,0,0.9612,0.9523,4,3,0
view1,3026,20,0,0.9529,0.9514,5,3,0
view1,3027,20,1,0.9506,0.9506,5,3,0
view1,3028,20,0,0.9915,0.9494,4,5,0
view1,3029,20,0,0.9824,0.9469,4,5,0
view1,3030,20,0,0.9833,0.9455,4,5,0
view1,3031,20,0,0.9758,0.9445,5,5,0
view1,3032,20,0,0.9727,0.9436,3,5,0
view1,3033,20,0,0.9723,0.943,4,5,0
view1,3034,20,0,0.966,0.9424,4,5,0
view1,3035,20,0,0.9701,0.9418,3,5,0
view1,3036,20,0,0.9639,0.9416,4,5,0
view1,3037,20,0,0.9725,0.9415,4,5,0
view1,3038,20,0,0.9733,0.9412,3,5,0
view1,3039,20,0,0.9687,0.9407,4,5,0
view1,3040,20,0,0.9719,0.9401,4,5,0
view1,3041,20,0,0.9707,0.94,4,5,0
view1,3042,20,0,0.9664,0.9398,3,5,0
view1,3043,20,0,0.9675,0.9397,6,5,0
view1,3044,20,0,0.9707,0.9394,4,5,0
view1,3045,20,0,0.9621,0.9392,4,5,0
view1,3046,20,0,0.9671,0.9392,4,5,0
view1,3047,20,0,0.9613,0.9388,4,5,0
view1,3048,20,0,0.9584,0.9383,2,5,0
view1,3049,20,0,0.9621,0.9373,3,5,0
view1,3050,20,0,0.9615,0.9369,2,5,0
view1,3051,20,0,0.9607,0.9367,3,5,0
view1,3052,20,0,0.9596,0.9367,3,5,0
view1,3053,20,0,0.9587,0.9362,4,5,0
view1,3054,20,0,0.9624,0.936,4,5,0
view1,3055,20,0,0.9652,0.936,4,5,0
view1,3056,20,0,0.9576,0.9362,4,5,0
view1,3057,20,0,0.9546,0.9363,3,5,0
view1,3058,20,0,0.9542,0.9362,4,5,0
view1,3059,20,0,0.9475,0.9362,4,5,0
view1,3060,20,0,0.949,0.9362,4,3,0
view1,3061,20,0,0.952,0.936,4,5,0
view1,3062,20,0,0.9538,0.9359,3,5,0
view1,3063,20,0,0.9541,0.9359,4,5,0
view1,3064,20,0,0.9504,0.9358,4,5,0
view1,3065,20,0,0.9453,0.9356,4,5,0
view1,3066,20,0,0.9369,0.9347,4,5,0
view1,3067,20,1,0.9337,0.934,4,5,0
view1,3068,20,0,0.9855,0.9337,2,4,0
view1,3069,20,0,0.982,0.9332,3,4,0
view1,3070,20,0,0.9733,0.933,4,4,0
view1,3071,20,0,0.9587,0.933,4,4,0
view1,3072,20,0,0.9461,0.9327,4,4,0
view1,3073,20,0,0.9531,0.9326,4,4,0
view1,3074,20,0,0.9612,0.9323,4,4,0
view1,3075,20,0,0.9549,0.9323,2,4,0
view1,3076,20,0,0.9494,0.9324,3,5,0
view1,3077,20,0,0.9406,0.9322,4,4,0
view1,3078,20,0,0.9355,0.9318,3,3,0
view1,3079,20,0,0.9402,0.9317,3,5,0
view1,3080,20,0,0.9354,0.9315,3,5,0
view1,3081,20,0,0.9376,0.9314,4,3,0
view1,3082,20,0,0.9349,0.9311,3,2,0
view1,3083,20,1,0.9305,0.9307,3,4,0
view1,3084,20,0,0.9807,0.9306,4,3,0
view1,3085,20,0,0.9783,0.9305,3,3,0
view1,3086,20,0,0.9644,0.9302,4,3,0
view1,3087,20,0,0.9553,0.9296,4,3,0
view1,3088,20,0,0.9622,0.9294,4,3,0
view1,3089,20,0,0.9631,0.9294,4,3,0
view1,3090,20,0,0.954,0.9294,4,3,0
view1,3091,20,0,0.9557,0.9294,3,4,0
view1,3092,20,0,0.952,0.9291,3,4,0
view1,3093,20,0,0.9468,0.9288,3,3,0
view1,3094,20,0,0.9534,0.9287,3,3,0
view1,3095,20,0,0.95,0.9285,3,3,0
view1,3096,20,0,0.9542,0.9285,2,3,0
view1,3097,20,0,0.944,0.9284,3,3,0
view1,3098,20,0,0.9404,0.9282,3,5,0
view1,3099,20,0,0.9346,0.9279,2,3,0
view1,3100,20,0,0.9479,0.9279,2,3,0
view1,3101,20,0,0.9489,0.9279,3,4,0
view1,3102,20,0,0.9605,0.928,1,4,0
view1,3103,20,0,0.946,0.9276,1,4,0
view1,3104,20,0,0.9537,0.9275,3,5,0
view1,3105,20,0,0.9494,0.9275,2,3,0
view1,3106,20,0,0.9478,0.9273,2,5,0
view1,3107,20,0,0.9392,0.927,3,5,0
view1,3108,20,0,0.9287,0.9262,1,3,0
view1,3109,20,0,0.9424,0.9259,4,3,0
view1,3110,20,0,0.9377,0.9257,1,3,0
view1,3111,20,0,0.9488,0.9256,3,3,0
view1,3112,20,0,0.9453,0.9254,3,3,0
view1,3113,20,0,0.9413,0.9252,3,3,0
view1,3114,20,0,0.9345,0.925,2,3,0
view1,3115,20,0,0.9365,0.9247,3,3,0
view1,3116,20,0,0.9286,0.9244,3,4,0
view1,3117,20,0,0.93,0.9238,2,4,0
view1,3118,20,0,0.9277,0.9232,1,4,0
view1,3119,20,0,0.9314,0.923,3,4,0
view1,3120,20,0,0.9384,0.9229,3,4,0
view1,3121,20,0,0.9369,0.9227,3,4,0
view1,3122,20,0,0.9377,0.9223,2,4,0
view1,3123,20,0,0.9445,0.9221,3,4,0
view1,3124,20,0,0.9363,0.9217,2,4,0
view1,3125,20,0,0.94,0.9215,2,4,0
view1,3126,20,0,0.9272,0.9208,2,4,0
view1,3127,20,0,0.937,0.9203,3,4,0
view1,3128,20,0,0.9356,0.9199,3,4,0
view1,3129,20,0,0.9409,0.9196,3,4,0
view1,3130,20,0,0.9355,0.9192,3,4,0
view1,3131,20,0,0.9259,0.9185,3,4,0
view1,3132,20,0,0.9301,0.9182,3,4,0
view1,3133,20,0,0.9287,0.9179,2,4,0
view1,3134,20,0,0.9352,0.9176,3,4,0
view1,3135,20,0,0.9355,0.9174,2,4,0
view1,3136,20,0,0.9314,0.9171,2,4,0
view1,3137,20,0,0.9209,0.9166,2,4,0
view1,3138,20,0,0.9252,0.9162,4,4,0
view1,3139,20,0,0.9242,0.9157,4,4,0
view1,3140,20,0,0.9324,0.9155,2,4,0
view1,3141,20,0,0.9308,0.9154,2,3,0
view1,3142,20,0,0.93,0.9152,4,3,0
view1,3143,20,0,0.9327,0.915,2,3,0
view1,3144,20,0,0.9199,0.9145,4,3,0
view1,3145,20,0,0.9244,0.914,5,3,0
view1,3146,20,0,0.9226,0.9134,4,3,0
view1,3147,20,0,0.92,0.9127,4,3,0
view1,3148,20,0,0.9166,0.9122,3,3,0
view1,3149,20,0,0.9186,0.9117,3,3,0
view1,3150,21,1,0.0,0.85,4,0,0
view1,3151,21,0,0.9832,0.85,3,4,0
view1,3152,21,0,0.9821,0.9821,4,4,0
view1,3153,21,1,0.9775,0.9785,3,4,0
view1,3154,21,0,0.982,0.977,3,3,0
view1,3155,21,0,0.9803,0.9734,3,3,0
view1,3156,21,0,0.9821,0.973,3,3,0
view1,3157,21,0,0.9793,0.9723,4,3,0
view1,3158,21,1,0.969,0.969,3,3,0
view1,3159,21,0,0.9825,0.9631,2,3,0
view1,3160,21,0,0.9678,0.961,3,3,0
view1,3161,21,0,0.9617,0.9558,1,3,0
view1,3162,21,0,0.9632,0.9548,3,3,0
view1,3163,21,0,0.9513,0.9498,3,3,0
view1,3164,21,0,0.951,0.9471,4,3,0
view1,3165,21,0,0.9483,0.9438,3,3,0
view1,3166,21,0,0.9534,0.9424,2,3,0
view1,3167,21,1,0.9328,0.9378,3,3,0
view1,3168,21,0,0.9864,0.9338,3,3,0
view1,3169,21,0,0.9808,0.9326,4,3,0
view1,3170,21,0,0.975,0.9316,4,3,0
view1,3171,21,0,0.977,0.9302,3,3,0
view1,3172,21,0,0.9718,0.9281,3,3,0
view1,3173,21,0,0.9674,0.9266,3,3,0
view1,3174,21,0,0.958,0.9249,3,3,0
view1,3175,21,0,0.9619,0.9238,4,3,0
view1,3176,21,0,0.9643,0.9232,4,3,0
view1,3177,21,0,0.9602,0.9219,4,3,0
view1,3178,21,0,0.9442,0.9185,3,3,0
view1,3179,21,0,0.9516,0.9161,4,3,0
view1,3180,21,0,0.9634,0.9154,4,3,0
view1,3181,21,0,0.9475,0.9142,2,3,0
view1,3182,21,0,0.9579,0.9139,4,3,0
view1,3183,21,0,0.9582,0.9135,3,3,0
view1,3184,21,0,0.9506,0.9131,2,3,0
view1,3185,21,0,0.9455,0.9124,3,3,0
view1,3186,21,0,0.9435,0.9121,3,3,0
view1,3187,21,0,0.9319,0.9113,3,3,0
view1,3188,21,0,0.9429,0.9103,3,3,0
view1,3189,21,0,0.9377,0.9082,3,3,0
view1,3190,21,0,0.9289,0.9071,3,3,0
view1,3191,21,0,0.9432,0.9062,3,3,0
view1,3192,21,0,0.9423,0.9054,4,3,0
view1,3193,21,0,0.9473,0.9047,3,3,0
view1,3194,21,0,0.9461,0.9035,3,3,0
view1,3195,21,0,0.9485,0.9021,3,3,0
view1,3196,21,0,0.9457,0.901,3,3,0
view1,3197,21,0,0.9483,0.8997,3,3,0
view1,3198,21,0,0.9477,0.8989,3,3,0
view1,3199,21,0,0.9408,0.8976,2,3,0
view1,3200,21,0,0.9406,0.8969,3,3,0
view1,3201,21,0,0.9415,0.8963,3,3,0
view1,3202,21,0,0.934,0.8954,4,3,0
view1,3203,21,0,0.9414,0.8945,3,3,0
view1,3204,21,0,0.9364,0.8933,3,3,0
view1,3205,21,0,0.9352,0.8919,5,3,0
view1,3206,21,0,0.9326,0.8903,3,3,0
view1,3207,21,0,0.9457,0.8898,3,3,0
view1,3208,21,0,0.9393,0.8892,3,3,0
view1,3209,21,0,0.9463,0.8893,3,3,0
view1,3210,21,0,0.9445,0.8892,3,3,0
view1,3211,21,0,0.9323,0.8886,3,3,0
view1,3212,21,0,0.9323,0.8881,3,3,0
view1,3213,21,0,0.9367,0.8877,3,3,0
view1,3214,21,0,0.9443,0.8875,3,3,0
view1,3215,21,0,0.9381,0.8871,3,3,0
view1,3216,21,0,0.9264,0.8871,2,3,0
view1,3217,21,0,0.9374,0.8867,3,3,0
view1,3218,21,0,0.9253,0.8866,3,3,0
view1,3219,21,0,0.9399,0.8864,3,3,0
view1,3220,21,0,0.9375,0.8862,4,3,0
view1,3221,21,0,0.9327,0.8858,3,3,0
view1,3222,21,0,0.9329,0.8856,4,3,0
view1,3223,21,0,0.9364,0.8854,4,3,0
view1,3224,21,0,0.9347,0.8853,3,3,0
view1,3225,21,0,0.939,0.8854,5,3,0
view1,3226,21,0,0.9458,0.8854,2,3,0
view1,3227,21,0,0.9433,0.8854,3,3,0
view1,3228,21,0,0.9283,0.8854,3,3,0
view1,3229,21,0,0.9303,0.8854,4,3,0
view1,3230,21,0,0.9262,0.8854,3,3,0
view1,3231,21,0,0.9184,0.8851,3,3,0
view1,3232,21,0,0.9271,0.8851,3,3,0
view1,3233,21,0,0.9373,0.8851,3,3,0
view1,3234,21,0,0.922,0.8853,3,3,0
view1,3235,21,0,0.92,0.8854,3,3,0
view1,3236,21,0,0.9304,0.8856,3,3,0
view1,3237,21,0,0.9265,0.8857,3,3,0
view1,3238,21,0,0.9349,0.886,3,3,0
view1,3239,21,0,0.9337,0.8862,4,4,0
view1,3240,21,0,0.9414,0.8865,3,4,0
view1,3241,21,0,0.9355,0.8868,3,4,0
view1,3242,21,0,0.9548,0.8871,4,4,0
view1,3243,21,0,0.9376,0.8873,4,4,0
view1,3244,21,0,0.9427,0.8876,4,4,0
view1,3245,21,0,0.9374,0.8878,4,4,0
view1,3246,21,0,0.9388,0.8881,3,4,0
view1,3247,21,0,0.9315,0.8883,4,3,0
view1,3248,21,0,0.9329,0.8885,4,4,0
view1,3249,21,0,0.9221,0.8886,4,4,0
view1,3250,21,0,0.9174,0.8887,4,4,0
view1,3251,21,0,0.9201,0.8887,4,4,0
view1,3252,21,0,0.9234,0.8888,4,4,0
view1,3253,21,0,0.9285,0.889,4,4,0
view1,3254,21,0,0.9315,0.8891,5,4,0
view1,3255,21,0,0.9334,0.8893,4,4,0
view1,3256,21,0,0.9231,0.8893,3,4,0
view1,3257,21,0,0.9247,0.8894,4,4,0
view1,3258,21,0,0.9241,0.8895,4,3,0
view1,3259,21,0,0.9262,0.8897,4,4,0
view1,3260,21,0,0.9253,0.8898,4,3,0
view1,3261,21,0,0.9328,0.8899,4,4,0
view1,3262,21,0,0.9274,0.8901,4,3,0
view1,3263,21,0,0.9279,0.8902,4,4,0
view1,3264,21,0,0.9307,0.8904,4,4,0
view1,3265,21,0,0.929,0.8906,4,4,0
view1,3266,21,0,0.9268,0.8907,4,3,0
view1,3267,21,0,0.9229,0.8908,3,4,0
view1,3268,21,0,0.9333,0.8909,3,4,0
view1,3269,21,0,0.9302,0.8911,4,4,0
view1,3270,21,0,0.9282,0.8912,3,3,0
view1,3271,21,0,0.9229,0.8913,3,4,0
view1,3272,21,0,0.9369,0.8915,3,4,0
view1,3273,21,0,0.9291,0.8916,3,3,0
view1,3274,21,0,0.9202,0.8916,3,4,0
view1,3275,21,0,0.916,0.8917,3,4,0
view1,3276,21,0,0.9094,0.8914,3,3,0
view1,3277,21,0,0.9103,0.8912,3,3,0
view1,3278,21,0,0.9106,0.8911,3,3,0
view1,3279,21,0,0.9173,0.891,3,3,0
view1,3280,21,0,0.9194,0.8908,3,3,0
view1,3281,21,0,0.9218,0.8907,3,3,0
view1,3282,21,0,0.9253,0.8907,4,3,0
view1,3283,21,0,0.9153,0.8908,3,4,0
view1,3284,21,0,0.9172,0.8905,3,3,0
view1,3285,21,0,0.9202,0.8904,3,3,0
view1,3286,21,0,0.9216,0.8903,3,3,0
view1,3287,21,0,0.923,0.8903,3,3,0
view1,3288,21,0,0.9196,0.8903,3,3,0
view1,3289,21,0,0.9064,0.8902,3,3,0
view1,3290,21,0,0.922,0.8901,3,3,0
view1,3291,21,0,0.9229,0.8901,3,3,0
view1,3292,21,0,0.9196,0.89,3,3,0
view1,3293,21,0,0.9099,0.8899,3,3,0
view1,3294,21,0,0.9088,0.8898,3,4,0
view1,3295,21,0,0.9079,0.8896,1,3,0
view1,3296,21,0,0.9301,0.8897,2,3,0
view1,3297,21,0,0.9232,0.8897,2,3,0
view1,3298,21,0,0.9228,0.8897,3,3,0
view1,3299,21,0,0.9209,0.8897,3,3,0
view1,3300,22,1,0.0,0.85,4,0,0
view1,3301,22,0,0.9835,0.85,4,4,0
view1,3302,22,0,0.9793,0.9793,3,4,0
view1,3303,22,1,0.974,0.9751,4,4,0
view1,3304,22,0,0.9834,0.9721,4,4,0
view1,3305,22,0,0.9846,0.9733,3,4,0
view1,3306,22,0,0.981,0.9732,4,4,0
view1,3307,22,0,0.9763,0.9726,3,4,0
view1,3308,22,0,0.9742,0.9723,3,4,0
view1,3309,22,0,0.9735,0.9706,2,4,0
view1,3310,22,1,0.9643,0.9681,3,4,0
view1,3311,22,0,0.9814,0.9663,4,3,0
view1,3312,22,0,0.9809,0.9623,4,3,0
view1,3313,22,0,0.9778,0.9581,4,3,0
view1,3314,22,0,0.9785,0.9573,2,3,0
view1,3315,22,0,0.9722,0.9551,3,3,0
view1,3316,22,0,0.9763,0.9545,2,3,0
view1,3317,22,0,0.966,0.9534,4,3,0
view1,3318,22,0,0.9661,0.951,2,3,0
view1,3319,22,0,0.9602,0.9494,3,3,0
view1,3320,22,0,0.9593,0.9469,3,3,0
view1,3321,22,1,0.9414,0.9415,4,3,0
view1,3322,22,0,0.9776,0.9399,4,4,0
view1,3323,22,0,0.9744,0.9392,4,4,0
view1,3324,22,0,0.9665,0.9389,1,4,0
view1,3325,22,0,0.9585,0.9387,2,4,0
view1,3326,22,0,0.9694,0.9374,3,4,0
view1,3327,22,0,0.9596,0.936,2,4,0
view1,3328,22,0,0.9561,0.9357,2,3,0
view1,3329,22,0,0.9565,0.9357,3,4,0
view1,3330,22,0,0.9477,0.935,3,4,0
view1,3331,22,0,0.9511,0.9345,3,3,0
view1,3332,22,0,0.9556,0.9342,4,3,0
view1,3333,22,0,0.9505,0.9337,3,3,0
view1,3334,22,0,0.9472,0.9328,2,3,0
view1,3335,22,1,0.9276,0.9306,3,3,0
view1,3336,22,0,0.965,0.9277,4,3,0
view1,3337,22,0,0.9755,0.9252,1,3,0
view1,3338,22,0,0.957,0.9216,4,3,0
view1,3339,22,0,0.9643,0.9201,4,3,0
view1,3340,22,0,0.9674,0.9185,4,3,0
view1,3341,22,0,0.9715,0.9175,4,3,0
view1,3342,22,0,0.962,0.9164,2,3,0
view1,3343,22,0,0.9579,0.915,2,3,0
view1,3344,22,0,0.9598,0.9143,2,3,0
view1,3345,22,0,0.9519,0.9141,4,3,0
view1,3346,22,0,0.9554,0.9126,3,3,0
view1,3347,22,0,0.9509,0.9111,3,3,0
view1,3348,22,0,0.9465,0.9107,2,3,0
view1,3349,22,0,0.9515,0.9104,3,3,0
view1,3350,22,0,0.9436,0.9097,2,3,0
view1,3351,22,0,0.9328,0.9091,3,3,0
view1,3352,22,0,0.9533,0.9086,3,3,0
view1,3353,22,0,0.9506,0.9083,2,3,0
view1,3354,22,0,0.9483,0.9081,3,3,0
view1,3355,22,0,0.9519,0.9081,3,3,0
view1,3356,22,0,0.9601,0.9083,2,3,0
view1,3357,22,0,0.9487,0.908,2,3,0
view1,3358,22,0,0.9469,0.9076,2,3,0
view1,3359,22,0,0.9578,0.9075,2,3,0
view1,3360,22,0,0.9518,0.9072,2,3,0
view1,3361,22,0,0.9541,0.9065,3,3,0
view1,3362,22,0,0.9507,0.9057,2,3,0
view1,3363,22,0,0.9494,0.9053,2,3,0
view1,3364,22,0,0.935,0.9044,2,3,0
view1,3365,22,0,0.9286,0.904,1,3,0
view1,3366,22,0,0.9309,0.9037,2,3,0
view1,3367,22,0,0.9367,0.9033,3,3,0
view1,3368,22,0,0.9217,0.9029,3,3,0
view1,3369,22,0,0.9273,0.9029,2,3,0
view1,3370,22,0,0.9381,0.9028,1,3,0
view1,3371,22,0,0.9357,0.903,1,3,0
view1,3372,22,1,0.8865,0.9008,0,3,1
view1,3373,22,0,0.9516,0.9012,1,3,0
view1,3374,22,0,0.9497,0.9015,1,0,1
view1,3375,22,0,0.9481,0.9019,2,0,1
view1,3376,22,0,0.9395,0.9021,1,3,0
view1,3377,22,0,0.952,0.9024,1,3,0
view1,3378,22,0,0.9443,0.9026,2,3,0
view1,3379,22,0,0.9397,0.9025,2,3,0
view1,3380,22,0,0.931,0.9012,0,0,1
view1,3381,22,0,0.9523,0.9015,1,3,0
view1,3382,22,0,0.9494,0.9017,2,3,0
view1,3383,22,0,0.9423,0.9019,1,3,0
view1,3384,22,0,0.9041,0.9006,0,0,1
view1,3385,22,0,0.9515,0.9007,1,3,0
view1,3386,22,0,0.9469,0.9007,1,3,0
view1,3387,22,0,0.9017,0.8989,0,3,1
view1,3388,22,0,0.9536,0.899,1,4,0
view1,3389,22,0,0.9069,0.8977,0,3,1
view1,3390,22,0,0.9377,0.8978,1,3,0
view1,3391,22,0,0.9318,0.8977,1,3,0
view1,3392,22,0,0.939,0.8977,2,4,0
view1,3393,22,0,0.9357,0.8976,1,4,0
view1,3394,22,0,0.9297,0.8974,1,4,0
view1,3395,22,0,0.934,0.8971,2,4,0
view1,3396,22,1,0.8854,0.8956,0,4,1
view1,3397,22,0,0.9591,0.8957,1,0,1
view1,3398,22,0,0.9487,0.8935,0,0,1
view1,3399,22,0,0.9502,0.892,0,0,1
view1,3400,22,0,0.9431,0.8903,0,0,1
view1,3401,22,0,0.9424,0.8903,1,4,0
view1,3402,22,0,0.9546,0.8904,1,4,0
view1,3403,22,0,0.9432,0.8905,1,4,0
view1,3404,22,0,0.941,0.8904,1,4,0
view1,3405,22,0,0.9424,0.8905,1,4,0
view1,3406,22,0,0.9422,0.8904,1,0,1
view1,3407,22,0,0.9502,0.8905,1,4,0
view1,3408,22,0,0.9299,0.8897,0,0,1
view1,3409,22,0,0.9491,0.8898,1,4,0
view1,3410,22,0,0.9308,0.8897,2,4,0
view1,3411,22,0,0.9399,0.8896,1,4,0
view1,3412,22,0,0.9107,0.8879,0,0,1
view1,3413,22,0,0.9426,0.8879,2,4,0
view1,3414,22,0,0.9423,0.8879,1,4,0
view1,3415,22,0,0.9488,0.8878,2,4,0
view1,3416,22,0,0.9313,0.8875,2,4,0
view1,3417,22,0,0.9307,0.8873,1,4,0
view1,3418,22,0,0.9289,0.8871,3,4,0
view1,3419,22,0,0.9328,0.887,1,4,0
view1,3420,22,0,0.9065,0.8866,3,4,0
view1,3421,22,0,0.8956,0.886,4,3,0
view1,3422,22,0,0.9003,0.8854,3,3,0
view1,3423,22,0,0.9047,0.8851,2,3,0
view1,3424,22,0,0.9178,0.885,3,3,0
view1,3425,22,0,0.915,0.8847,2,3,0
view1,3426,22,0,0.9167,0.8842,2,3,0
view1,3427,22,0,0.9064,0.8837,1,3,0
view1,3428,22,0,0.9134,0.8834,1,4,0
view1,3429,22,0,0.9138,0.8832,2,3,0
view1,3430,22,0,0.931,0.8833,1,3,0
view1,3431,22,0,0.9299,0.8833,2,4,0
view1,3432,22,0,0.9303,0.8832,4,4,0
view1,3433,22,0,0.9357,0.8832,2,4,0
view1,3434,22,0,0.9276,0.8831,4,3,0
view1,3435,22,0,0.9334,0.883,4,3,0
view1,3436,22,0,0.9346,0.8828,3,4,0
view1,3437,22,0,0.9264,0.8826,3,3,0
view1,3438,22,0,0.9318,0.8825,4,4,0
view1,3439,22,0,0.9237,0.8823,5,3,0
view1,3440,22,0,0.9203,0.8818,3,3,0
view1,3441,22,0,0.9408,0.8817,3,3,0
view1,3442,22,0,0.9317,0.8814,4,3,0
view1,3443,22,0,0.9311,0.8813,5,3,0
view1,3444,22,0,0.9199,0.881,2,3,0
view1,3445,22,0,0.9307,0.881,2,3,0
view1,3446,22,0,0.927,0.8809,3,3,0
view1,3447,22,0,0.9215,0.8808,3,3,0
view1,3448,22,0,0.9201,0.8805,2,3,0
view1,3449,22,0,0.9053,0.8802,3,3,0
view1,3450,23,1,0.0,0.85,1,0,0
view1,3451,23,0,0.9654,0.85,1,1,0
view1,3452,23,0,0.9651,0.9651,2,1,0
view1,3453,23,1,0.9564,0.9581,1,1,0
view1,3454,23,0,0.9766,0.9393,0,1,1
view1,3455,23,0,0.9752,0.9424,1,1,0
view1,3456,23,0,0.9743,0.9434,3,1,0
view1,3457,23,0,0.9783,0.9449,3,1,0
view1,3458,23,0,0.9722,0.9454,1,1,0
view1,3459,23,0,0.9715,0.9452,2,1,0
view1,3460,23,0,0.9672,0.944,2,1,0
view1,3461,23,0,0.9615,0.942,3,1,0
view1,3462,23,0,0.9537,0.9392,2,1,0
view1,3463,23,0,0.9431,0.9347,3,1,0
view1,3464,23,0,0.9418,0.9309,3,1,0
view1,3465,23,0,0.9358,0.9279,3,1,0
view1,3466,23,0,0.9434,0.9269,2,1,0
view1,3467,23,0,0.9452,0.9258,3,1,0
view1,3468,23,0,0.9347,0.9232,2,1,0
view1,3469,23,0,0.9336,0.9212,2,1,0
view1,3470,23,0,0.9398,0.92,3,1,0
view1,3471,23,0,0.9518,0.9198,3,1,0
view1,3472,23,0,0.9508,0.9196,2,1,0
view1,3473,23,0,0.9523,0.9191,2,1,0
view1,3474,23,0,0.9541,0.919,2,1,0
view1,3475,23,0,0.9533,0.919,2,1,0
view1,3476,23,0,0.9573,0.919,2,1,0
view1,3477,23,0,0.9542,0.9192,1,1,0
view1,3478,23,0,0.9532,0.9194,2,1,0
view1,3479,23,0,0.9435,0.919,2,1,0
view1,3480,23,0,0.9417,0.918,2,1,0
view1,3481,23,0,0.9322,0.9171,2,1,0
view1,3482,23,0,0.9438,0.9169,3,1,0
view1,3483,23,0,0.9415,0.9165,3,1,0
view1,3484,23,0,0.9444,0.9165,3,1,0
view1,3485,23,0,0.9386,0.9161,3,1,0
view1,3486,23,0,0.941,0.9161,3,1,0
view1,3487,23,0,0.9475,0.916,2,1,0
view1,3488,23,0,0.943,0.916,2,1,0
view1,3489,23,0,0.943,0.9161,3,1,0
view1,3490,23,0,0.9459,0.9161,2,1,0
view1,3491,23,0,0.9479,0.9162,3,1,0
view1,3492,23,0,0.9325,0.9153,2,1,0
view1,3493,23,0,0.9427,0.9152,2,1,0
view1,3494,23,0,0.9471,0.9152,3,1,0
view1,3495,23,0,0.9516,0.9152,3,1,0
view1,3496,23,0,0.9488,0.9152,3,1,0
view1,3497,23,0,0.949,0.9154,3,1,0
view1,3498,23,0,0.9498,0.9155,4,1,0
view1,3499,23,0,0.9527,0.9158,3,1,0
view1,3500,23,0,0.9514,0.916,3,1,0
view1,3501,23,0,0.9385,0.9158,4,1,0
view1,3502,23,0,0.9403,0.9157,3,1,0
view1,3503,23,0,0.9547,0.9159,4,1,0
view1,3504,23,0,0.9508,0.916,4,1,0
view1,3505,23,0,0.9553,0.9162,4,1,0
view1,3506,23,0,0.9574,0.9165,4,1,0
view1,3507,23,0,0.9578,0.9166,4,1,0
view1,3508,23,0,0.9568,0.9168,4,1,0
view1,3509,23,0,0.9491,0.9168,4,1,0
view1,3510,23,0,0.9459,0.9168,3,1,0
view1,3511,23,0,0.9478,0.9169,4,1,0
view1,3512,23,0,0.9475,0.917,4,1,0
view1,3513,23,0,0.9426,0.9168,4,1,0
view1,3514,23,0,0.9408,0.9169,4,1,0
view1,3515,23,0,0.9396,0.9168,4,1,0
view1,3516,23,0,0.9373,0.9166,3,1,0
view1,3517,23,0,0.9371,0.9165,4,1,0
view1,3518,23,0,0.9363,0.9164,4,1,0
view1,3519,23,0,0.93,0.9162,4,1,0
view1,3520,23,0,0.9282,0.9157,3,1,0
view1,3521,23,0,0.9449,0.9157,2,1,0
view1,3522,23,0,0.9409,0.9158,4,1,0
view1,3523,23,0,0.9278,0.9153,3,1,0
view1,3524,23,0,0.9352,0.9152,4,1,0
view1,3525,23,0,0.9311,0.915,3,1,0
view1,3526,23,0,0.9181,0.9145,5,1,0
view1,3527,23,1,0.9017,0.9136,5,1,0
view1,3528,23,0,0.9845,0.9131,4,5,0
view1,3529,23,0,0.9772,0.9123,4,5,0
view1,3530,23,0,0.9754,0.9119,4,5,0
view1,3531,23,0,0.9619,0.9117,4,5,0
view1,3532,23,0,0.9546,0.9116,4,5,0
view1,3533,23,0,0.9526,0.9116,2,5,0
view1,3534,23,0,0.9407,0.9115,3,5,0
view1,3535,23,0,0.9266,0.9113,4,5,0
view1,3536,23,0,0.9279,0.9111,4,5,0
view1,3537,23,0,0.9308,0.911,3,5,0
view1,3538,23,0,0.9398,0.9111,2,1,0
view1,3539,23,0,0.9375,0.911,4,1,0
view1,3540,23,0,0.9348,0.9109,3,5,0
view1,3541,23,0,0.9468,0.9109,2,5,0
view1,3542,23,0,0.9371,0.911,2,1,0
view1,3543,23,0,0.9388,0.9111,2,5,0
view1,3544,23,0,0.9362,0.9111,2,5,0
view1,3545,23,0,0.9348,0.9111,3,5,0
view1,3546,23,0,0.9327,0.9112,2,1,0
view1,3547,23,0,0.9376,0.9113,2,1,0
view1,3548,23,0,0.9371,0.9114,2,1,0
view1,3549,23,0,0.9372,0.9115,2,1,0
view1,3550,23,0,0.9286,0.9115,3,1,0
view1,3551,23,0,0.9175,0.9112,2,5,0
view1,3552,23,0,0.925,0.9109,2,5,0
view1,3553,23,0,0.9259,0.9104,2,5,0
view1,3554,23,0,0.9106,0.9098,3,5,0
view1,3555,23,0,0.9293,0.9094,1,5,0
view1,3556,23,0,0.9356,0.9093,3,5,0
view1,3557,23,0,0.9422,0.9089,1,5,0
view1,3558,23,0,0.9339,0.9085,1,5,0
view1,3559,23,0,0.932,0.9081,2,5,0
view1,3560,23,0,0.9257,0.9078,2,5,0
view1,3561,23,0,0.9392,0.9076,2,5,0
view1,3562,23,0,0.9327,0.9072,3,5,0
view1,3563,23,0,0.9239,0.9067,3,5,0
view1,3564,23,0,0.9361,0.9065,2,5,0
view1,3565,23,0,0.9334,0.9062,2,5,0
view1,3566,23,0,0.9247,0.906,2,5,0
view1,3567,23,0,0.9165,0.9058,2,1,0
view1,3568,23,0,0.9185,0.9055,3,1,0
view1,3569,23,0,0.924,0.9052,3,5,0
view1,3570,23,0,0.9219,0.9051,4,5,0
view1,3571,23,0,0.9253,0.905,2,5,0
view1,3572,23,0,0.9379,0.905,4,5,0
view1,3573,23,0,0.9363,0.905,3,5,0
view1,3574,23,0,0.9337,0.9049,3,5,0
view1,3575,23,0,0.9276,0.9049,3,1,0
view1,3576,23,0,0.9448,0.9048,2,5,0
view1,3577,23,0,0.9485,0.9047,3,5,0
view1,3578,23,0,0.9335,0.9045,3,5,0
view1,3579,23,0,0.9442,0.9045,4,5,0
view1,3580,23,0,0.9389,0.9045,4,5,0
view1,3581,23,0,0.9319,0.9045,3,5,0
view1,3582,23,0,0.9275,0.9046,4,1,0
view1,3583,23,0,0.9286,0.9046,4,1,0
view1,3584,23,0,0.9229,0.9046,4,1,0
view1,3585,23,0,0.9212,0.9045,4,1,0
view1,3586,23,0,0.9218,0.9046,3,5,0
view1,3587,23,0,0.9295,0.9046,4,1,0
view1,3588,23,0,0.9258,0.9046,4,5,0
view1,3589,23,0,0.9184,0.9045,4,5,0
view1,3590,23,0,0.9284,0.9046,3,1,0
view1,3591,23,0,0.9287,0.9047,5,1,0
view1,3592,23,0,0.9261,0.9047,5,1,0
view1,3593,23,0,0.9359,0.9049,3,1,0
view1,3594,23,0,0.9363,0.905,3,5,0
view1,3595,23,0,0.9372,0.9051,4,1,0
view1,3596,23,0,0.9391,0.9052,3,5,0
view1,3597,23,0,0.9317,0.9054,3,1,0
view1,3598,23,0,0.9296,0.9054,3,1,0
view1,3599,23,0,0.9329,0.9056,3,5,0
view1,3600,24,1,0.0,0.85,3,0,0
view1,3601,24,0,0.9818,0.85,4,3,0
view1,3602,24,0,0.9729,0.9729,2,3,0
view1,3603,24,1,0.9655,0.9667,3,3,0
view1,3604,24,0,0.968,0.9592,2,3,0
view1,3605,24,0,0.9668,0.9599,3,3,0
view1,3606,24,0,0.965,0.9593,2,3,0
view1,3607,24,0,0.9599,0.9579,4,3,0
view1,3608,24,1,0.9458,0.9519,3,3,0
view1,3609,24,0,0.9852,0.9507,4,3,0
view1,3610,24,0,0.9803,0.9495,4,3,0
view1,3611,24,0,0.9669,0.9463,4,3,0
view1,3612,24,0,0.9649,0.9437,2,3,0
view1,3613,24,0,0.9621,0.943,3,3,0
view1,3614,24,0,0.9584,0.9417,3,3,0
view1,3615,24,0,0.9462,0.9389,2,3,0
view1,3616,24,0,0.9566,0.9376,3,3,0
view1,3617,24,0,0.9567,0.9371,2,3,0
view1,3618,24,0,0.9519,0.9365,1,3,0
view1,3619,24,0,0.9396,0.9356,2,3,0
view1,3620,24,1,0.9214,0.9313,3,3,0
view1,3621,24,0,0.985,0.9295,3,3,0
view1,3622,24,0,0.96,0.9249,3,3,0
view1,3623,24,0,0.9759,0.9229,3,3,0
view1,3624,24,0,0.9758,0.9208,3,3,0
view1,3625,24,0,0.9486,0.9144,2,3,0
view1,3626,24,0,0.957,0.9121,2,3,0
view1,3627,24,0,0.9536,0.9103,2,3,0
view1,3628,24,0,0.9503,0.9096,3,3,0
view1,3629,24,0,0.9547,0.9098,3,3,0
view1,3630,24,0,0.9333,0.9086,3,3,0
view1,3631,24,0,0.9447,0.9089,3,3,0
view1,3632,24,0,0.9384,0.9091,3,3,0
view1,3633,24,0,0.949,0.9099,2,3,0
view1,3634,24,0,0.9468,0.91,2,3,0
view1,3635,24,0,0.9331,0.9099,2,3,0
view1,3636,24,0,0.9346,0.9099,2,3,0
view1,3637,24,0,0.9253,0.9096,3,3,0
view1,3638,24,0,0.9229,0.9095,3,3,0
view1,3639,24,0,0.9364,0.9093,2,3,0
view1,3640,24,0,0.9356,0.9092,1,3,0
view1,3641,24,0,0.9244,0.9088,3,3,0
view1,3642,24,0,0.9306,0.9088,2,3,0
view1,3643,24,0,0.9292,0.9084,3,3,0
view1,3644,24,0,0.9214,0.9079,1,3,0
view1,3645,24,0,0.9215,0.9076,1,3,0
view1,3646,24,1,0.8808,0.9051,2,3,0
view1,3647,24,0,0.9658,0.9036,1,2,0
view1,3648,24,0,0.9167,0.8936,0,2,1
view1,3649,24,0,0.9643,0.893,1,2,0
view1,3650,24,0,0.9316,0.8931,2,2,0
view1,3651,24,1,0.8721,0.8857,0,2,1
view1,3652,24,0,0.9736,0.886,2,0,1
view1,3653,24,0,0.9538,0.8863,1,2,0
view1,3654,24,0,0.9454,0.8821,0,0,1
view1,3655,24,0,0.9623,0.882,1,2,0
view1,3656,24,0,0.9419,0.882,2,2,0
view1,3657,24,0,0.9271,0.882,2,2,0
view1,3658,24,0,0.9393,0.8822,2,2,0
view1,3659,24,0,0.9436,0.8817,2,2,0
view1,3660,24,0,0.9379,0.8819,4,2,0
view1,3661,24,0,0.9361,0.8823,3,2,0
view1,3662,24,0,0.9354,0.8823,3,2,0
view1,3663,24,0,0.9307,0.8823,3,2,0
view1,3664,24,0,0.9189,0.8822,3,3,0
view1,3665,24,0,0.9296,0.8822,3,3,0
view1,3666,24,0,0.9294,0.8824,2,3,0
view1,3667,24,0,0.9382,0.8826,3,3,0
view1,3668,24,0,0.9367,0.8826,3,3,0
view1,3669,24,0,0.9315,0.8827,2,3,0
view1,3670,24,0,0.9284,0.8827,3,3,0
view1,3671,24,0,0.9377,0.8828,2,3,0
view1,3672,24,0,0.9357,0.8826,2,3,0
view1,3673,24,0,0.9392,0.8821,2,3,0
view1,3674,24,0,0.9173,0.8813,3,3,0
view1,3675,24,0,0.9155,0.8803,2,3,0
view1,3676,24,0,0.9292,0.8795,3,3,0
view1,3677,24,0,0.9224,0.879,2,3,0
view1,3678,24,0,0.9118,0.8781,2,3,0
view1,3679,24,0,0.9178,0.8774,3,3,0
view1,3680,24,0,0.9178,0.8765,3,3,0
view1,3681,24,0,0.9107,0.8753,2,3,0
view1,3682,24,0,0.9018,0.8734,1,3,0
view1,3683,24,0,0.9157,0.8722,1,3,0
view1,3684,24,0,0.9164,0.871,1,3,0
view1,3685,24,0,0.9204,0.8701,1,3,0
view1,3686,24,0,0.9262,0.8694,1,3,0
view1,3687,24,0,0.9128,0.8679,1,3,0
view1,3688,24,0,0.9125,0.8666,1,3,0
view1,3689,24,0,0.9281,0.8659,1,3,0
view1,3690,24,0,0.9199,0.8649,2,3,0
view1,3691,24,0,0.9019,0.8634,2,3,0
view1,3692,24,0,0.9112,0.8626,1,3,0
view1,3693,24,0,0.9078,0.8613,1,3,0
view1,3694,24,0,0.9025,0.86,2,3,0
view1,3695,24,0,0.9025,0.8586,2,3,0
view1,3696,24,0,0.9063,0.8575,1,3,0
view1,3697,24,0,0.9093,0.8567,1,3,0
view1,3698,24,0,0.9075,0.8557,1,3,0
view1,3699,24,0,0.9049,0.8548,1,3,0
view1,3700,24,0,0.9046,0.8539,1,3,0
view1,3701,24,0,0.9098,0.8532,1,3,0
view1,3702,24,0,0.8993,0.8522,2,3,0
view1,3703,24,0,0.9147,0.8518,2,3,0
view1,3704,24,0,0.9099,0.8509,2,3,0
view1,3705,24,0,0.9078,0.8501,2,3,0
view1,3706,24,0,0.9221,0.8495,1,3,0
view1,3707,24,0,0.9274,0.8493,1,3,0
view1,3708,24,0,0.9167,0.8485,4,3,0
view1,3709,24,0,0.9249,0.8481,2,3,0
view1,3710,24,0,0.9256,0.8477,1,3,0
view1,3711,24,0,0.8611,0.8459,0,3,1
view1,3712,24,0,0.9263,0.8456,3,3,0
view1,3713,24,0,0.919,0.8455,2,3,0
view1,3714,24,0,0.9111,0.8451,2,3,0
view1,3715,24,0,0.9271,0.845,2,3,0
view1,3716,24,0,0.9222,0.8446,1,3,0
view1,3717,24,0,0.9066,0.8441,3,3,0
view1,3718,24,0,0.9059,0.8433,2,3,0
view1,3719,24,0,0.9324,0.8432,3,3,0
view1,3720,24,0,0.9323,0.8433,4,3,0
view1,3721,24,0,0.9357,0.8432,3,3,0
view1,3722,24,0,0.9284,0.8433,3,3,0
view1,3723,24,0,0.9315,0.8431,3,3,0
view1,3724,24,0,0.93,0.8431,3,3,0
view1,3725,24,0,0.9162,0.8428,3,3,0
view1,3726,24,0,0.9102,0.8423,3,3,0
view1,3727,24,0,0.9137,0.842,2,3,0
view1,3728,24,0,0.9188,0.8417,2,3,0
view1,3729,24,0,0.9243,0.8414,2,3,0
view1,3730,24,0,0.9284,0.8414,3,3,0
view1,3731,24,0,0.9252,0.8414,2,3,0
view1,3732,24,0,0.9345,0.8415,1,3,0
view1,3733,24,0,0.9361,0.8416,2,3,0
view1,3734,24,0,0.9251,0.8416,2,3,0
view1,3735,24,0,0.923,0.8416,2,3,0
view1,3736,24,0,0.944,0.8417,3,3,0
view1,3737,24,0,0.9433,0.8418,2,3,0
view1,3738,24,0,0.9439,0.8418,2,3,0
view1,3739,24,0,0.945,0.8419,2,3,0
view1,3740,24,0,0.9436,0.842,2,3,0
view1,3741,24,0,0.9482,0.8422,3,3,0
view1,3742,24,0,0.9506,0.8423,3,3,0
view1,3743,24,0,0.9534,0.8425,1,3,0
view1,3744,24,0,0.9528,0.8426,1,3,0
view1,3745,24,0,0.9396,0.8425,2,3,0
view1,3746,24,0,0.9443,0.8424,3,3,0
view1,3747,24,0,0.9479,0.8424,1,3,0
view1,3748,24,0,0.9371,0.8423,1,3,0
view1,3749,24,0,0.9404,0.8422,1,3,0
view1,3750,25,1,0.0,0.85,1,0,0
view1,3751,25,0,0.9808,0.85,2,1,0
view1,3752,25,0,0.9791,0.9791,1,1,0
view1,3753,25,1,0.9736,0.9748,1,1,0
view1,3754,25,0,0.9821,0.9681,1,1,0
view1,3755,25,0,0.9831,0.9668,2,1,0
view1,3756,25,0,0.9796,0.9643,2,1,0
view1,3757,25,0,0.967,0.9585,2,1,0
view1,3758,25,0,0.9689,0.956,4,1,0
view1,3759,25,0,0.9741,0.9559,2,1,0
view1,3760,25,0,0.9698,0.9546,1,1,0
view1,3761,25,0,0.9565,0.9508,2,1,0
view1,3762,25,0,0.9588,0.9487,2,1,0
view1,3763,25,0,0.95,0.946,3,1,0
view1,3764,25,0,0.9505,0.9437,2,1,0
view1,3765,25,0,0.9513,0.9423,2,1,0
view1,3766,25,1,0.9374,0.9392,1,1,0
view1,3767,25,0,0.9862,0.9382,2,1,0
view1,3768,25,0,0.9799,0.9377,2,1,0
view1,3769,25,0,0.9627,0.9374,2,1,0
view1,3770,25,0,0.9524,0.9366,2,1,0
view1,3771,25,1,0.9334,0.9342,2,1,0
view1,3772,25,0,0.9845,0.9302,2,2,0
view1,3773,25,0,0.9737,0.9275,2,2,0
view1,3774,25,0,0.9589,0.9251,2,2,0
view1,3775,25,0,0.963,0.9231,3,2,0
view1,3776,25,0,0.9642,0.9219,2,2,0
view1,3777,25,0,0.9664,0.9208,2,2,0
view1,3778,25,0,0.9605,0.9191,2,2,0
view1,3779,25,0,0.9679,0.918,1,2,0
view1,3780,25,0,0.9638,0.9177,3,2,0
view1,3781,25,0,0.965,0.917,4,2,0
view1,3782,25,0,0.9679,0.9169,3,2,0
view1,3783,25,0,0.9596,0.917,2,2,0
view1,3784,25,0,0.9554,0.9175,3,2,0
view1,3785,25,0,0.9524,0.9179,3,1,0
view1,3786,25,0,0.9524,0.9181,4,1,0
view1,3787,25,0,0.9135,0.9126,0,1,1
view1,3788,25,0,0.9459,0.9129,2,1,0
view1,3789,25,0,0.944,0.9132,4,2,0
view1,3790,25,0,0.9375,0.9134,1,2,0
view1,3791,25,0,0.9505,0.9137,3,2,0
view1,3792,25,0,0.9437,0.9138,1,2,0
view1,3793,25,0,0.9523,0.9138,3,2,0
view1,3794,25,0,0.9457,0.9138,2,2,0
view1,3795,25,0,0.9407,0.914,1,2,0
view1,3796,25,0,0.94,0.9142,2,2,0
view1,3797,25,0,0.945,0.9143,1,2,0
view1,3798,25,0,0.9286,0.914,3,2,0
view1,3799,25,0,0.9357,0.9141,2,2,0
view1,3800,25,0,0.9387,0.914,4,1,0
view1,3801,25,0,0.9398,0.9138,4,1,0
view1,3802,25,0,0.9262,0.9135,4,2,0
view1,3803,25,0,0.9225,0.9128,2,2,0
view1,3804,25,0,0.9248,0.9123,2,2,0
view1,3805,25,0,0.9148,0.9112,2,2,0
view1,3806,25,0,0.9276,0.9104,1,2,0
view1,3807,25,0,0.9182,0.9096,2,2,0
view1,3808,25,0,0.9243,0.9091,3,2,0
view1,3809,25,0,0.9233,0.9086,2,2,0
view1,3810,25,0,0.9114,0.9076,1,2,0
view1,3811,25,1,0.828,0.8984,0,2,1
view1,3812,25,0,0.9543,0.8978,1,0,1
view1,3813,25,0,0.9317,0.8967,1,0,1
view1,3814,25,0,0.9472,0.8966,1,0,1
view1,3815,25,0,0.93,0.8967,3,0,1
view1,3816,25,0,0.9298,0.8968,1,2,0
view1,3817,25,0,0.9314,0.8971,2,0,1
view1,3818,25,0,0.9257,0.8972,2,1,0
view1,3819,25,0,0.9273,0.8973,2,1,0
view1,3820,25,0,0.928,0.8971,2,1,0
view1,3821,25,0,0.9195,0.8969,2,1,0
view1,3822,25,0,0.9175,0.8965,2,1,0
view1,3823,25,0,0.9185,0.8961,2,1,0
view1,3824,25,0,0.9182,0.8959,2,1,0
view1,3825,25,0,0.9242,0.8959,2,1,0
view1,3826,25,0,0.9171,0.8954,2,1,0
view1,3827,25,0,0.9092,0.8906,0,0,1
view1,3828,25,0,0.9112,0.8905,3,2,0
view1,3829,25,0,0.9184,0.8906,2,0,1
view1,3830,25,0,0.9168,0.89,2,2,0
view1,3831,25,0,0.903,0.8897,3,1,0
view1,3832,25,0,0.9093,0.8894,3,2,0
view1,3833,25,0,0.9186,0.8891,4,0,1
view1,3834,25,0,0.9251,0.8892,2,0,1
view1,3835,25,0,0.941,0.8892,2,0,1
view1,3836,25,0,0.9176,0.8893,1,2,0
view1,3837,25,0,0.9098,0.8866,0,0,1
view1,3838,25,0,0.9347,0.8865,1,2,0
view1,3839,25,0,0.926,0.8864,1,2,0
view1,3840,25,0,0.8879,0.8848,0,2,1
view1,3841,25,1,0.8723,0.8829,0,2,1
view1,3842,25,0,0.9699,0.8828,1,0,1
view1,3843,25,0,0.9647,0.8814,0,0,1
view1,3844,25,0,0.9669,0.8802,0,0,1
view1,3845,25,0,0.9651,0.8786,0,0,1
view1,3846,25,0,0.9494,0.8788,1,0,1
view1,3847,25,0,0.9525,0.879,2,0,1
view1,3848,25,0,0.9299,0.8789,2,0,1
view1,3849,25,0,0.9338,0.8788,1,1,0
view1,3850,25,0,0.9396,0.8789,1,0,1
view1,3851,25,0,0.9504,0.879,1,0,1
view1,3852,25,0,0.9348,0.879,2,1,0
view1,3853,25,0,0.9287,0.8783,2,1,0
view1,3854,25,0,0.9246,0.8781,1,2,0
view1,3855,25,0,0.9407,0.8781,1,2,0
view1,3856,25,0,0.9318,0.8781,1,1,0
view1,3857,25,0,0.9363,0.8781,1,0,1
view1,3858,25,0,0.929,0.878,2,1,0
view1,3859,25,0,0.9413,0.8781,2,1,0
view1,3860,25,0,0.9365,0.8781,2,2,0
view1,3861,25,0,0.9322,0.8781,3,1,0
view1,3862,25,0,0.9377,0.8781,2,1,0
view1,3863,25,0,0.9353,0.878,1,1,0
view1,3864,25,0,0.9388,0.8778,1,1,0
view1,3865,25,0,0.9308,0.8772,4,1,0
view1,3866,25,0,0.9331,0.8769,1,1,0
view1,3867,25,0,0.9262,0.8765,1,1,0
view1,3868,25,0,0.9235,0.876,1,1,0
view1,3869,25,0,0.9148,0.8754,1,1,0
view1,3870,25,0,0.9295,0.8752,2,1,0
view1,3871,25,0,0.9152,0.8748,2,1,0
view1,3872,25,0,0.9094,0.8745,1,1,0
view1,3873,25,0,0.9168,0.8741,1,1,0
view1,3874,25,0,0.9098,0.8736,1,1,0
view1,3875,25,0,0.9098,0.8734,1,1,0
view1,3876,25,0,0.8818,0.8717,0,0,1
view1,3877,25,0,0.9052,0.8716,1,1,0
view1,3878,25,0,0.9109,0.8715,2,1,0
view1,3879,25,0,0.908,0.8715,3,2,0
view1,3880,25,0,0.8928,0.8711,2,1,0
view1,3881,25,0,0.8953,0.8708,1,1,0
view1,3882,25,0,0.9167,0.8708,2,1,0
view1,3883,25,0,0.8902,0.8704,1,1,0
view1,3884,25,0,0.8983,0.8702,1,1,0
view1,3885,25,0,0.8939,0.8701,1,1,0
view1,3886,25,0,0.9083,0.8701,1,1,0
view1,3887,25,0,0.9117,0.8702,1,1,0
view1,3888,25,0,0.9128,0.8702,1,1,0
view1,3889,25,0,0.8935,0.869,0,0,1
view1,3890,25,0,0.8853,0.8681,0,0,1
view1,3891,25,0,0.8878,0.8671,0,0,1
view1,3892,25,0,0.922,0.8672,2,1,0
view1,3893,25,0,0.9291,0.8674,1,1,0
view1,3894,25,0,0.9289,0.8676,3,1,0
view1,3895,25,0,0.9241,0.8677,2,1,0
view1,3896,25,0,0.9271,0.8679,2,1,0
view1,3897,25,0,0.9283,0.868,3,1,0
view1,3898,25,0,0.9298,0.8681,2,1,0
view1,3899,25,0,0.9254,0.8682,2,1,0
view1,3900,26,1,0.0,0.85,2,0,0
view1,3901,26,0,0.9861,0.85,2,2,0
view1,3902,26,0,0.9825,0.9825,2,2,0
view1,3903,26,1,0.9775,0.9785,1,2,0
view1,3904,26,0,0.9901,0.9782,1,1,0
view1,3905,26,0,0.9821,0.978,1,1,0
view1,3906,26,0,0.9751,0.9751,1,2,0
view1,3907,26,1,0.9468,0.96,2,1,0
view1,3908,26,0,0.9814,0.9565,2,2,0
view1,3909,26,0,0.9812,0.9536,3,2,0
view1,3910,26,0,0.9785,0.952,2,2,0
view1,3911,26,1,0.6464,0.8105,0,2,1
