view,frame_idx,shot_id,accepted,max_redund_score,epsilon_used,num_persons_t,num_persons_j,fallback_triggered
view3,0,0,1,0.0,0.85,0,0,0
view3,1,0,0,0.988,0.85,0,0,1
view3,2,0,0,0.9787,0.9787,0,0,1
view3,3,0,0,0.9848,0.98,0,0,1
view3,4,0,0,0.9879,0.9811,0,0,1
view3,5,0,1,0.98,0.98,0,0,1
view3,6,0,0,0.9807,0.9754,0,0,1
view3,7,0,0,0.9815,0.975,0,0,1
view3,8,0,0,0.9747,0.9711,0,0,1
view3,9,0,1,0.9534,0.9624,0,0,1
view3,10,0,0,0.9745,0.9436,0,0,1
view3,11,0,0,0.9518,0.9221,0,0,1
view3,12,0,0,0.9494,0.9109,0,0,1
view3,13,0,0,0.9367,0.9,0,0,1
view3,14,0,0,0.955,0.8956,0,0,1
view3,15,0,0,0.9604,0.8943,0,0,1
view3,16,0,0,0.9552,0.8919,0,0,1
view3,17,0,0,0.963,0.891,0,0,1
view3,18,0,0,0.9589,0.8899,0,0,1
view3,19,0,0,0.9571,0.889,0,0,1
view3,20,0,0,0.9566,0.8881,0,0,1
view3,21,0,0,0.9509,0.8864,0,0,1
view3,22,0,0,0.9637,0.8867,0,0,1
view3,23,0,0,0.9621,0.8869,0,0,1
view3,24,0,0,0.95,0.8858,0,0,1
view3,25,0,0,0.9558,0.885,0,0,1
view3,26,0,0,0.9348,0.8822,0,0,1
view3,27,0,0,0.9517,0.8817,0,0,1
view3,28,0,0,0.9617,0.8817,0,0,1
view3,29,0,0,0.9579,0.8817,0,0,1
view3,30,0,0,0.9625,0.8818,0,0,1
view3,31,0,0,0.9441,0.8803,0,0,1
view3,32,0,0,0.9398,0.879,0,0,1
view3,33,0,0,0.9453,0.8776,0,0,1
view3,34,0,0,0.9498,0.8769,0,0,1
view3,35,0,0,0.9393,0.8756,0,0,1
view3,36,0,0,0.9447,0.8747,0,0,1
view3,37,0,0,0.9679,0.8753,0,0,1
view3,38,0,0,0.9616,0.8757,0,0,1
view3,39,0,0,0.9654,0.8763,0,0,1
view3,40,0,0,0.9532,0.8762,0,0,1
view3,41,0,0,0.9615,0.8763,0,0,1
view3,42,0,0,0.9562,0.8762,0,0,1
view3,43,0,0,0.9494,0.8759,0,0,1
view3,44,0,0,0.9436,0.8751,0,0,1
view3,45,0,0,0.9602,0.8753,0,0,1
view3,46,0,0,0.9542,0.875,0,0,1
view3,47,0,0,0.9602,0.8753,0,0,1
view3,48,0,0,0.9616,0.8754,0,0,1
view3,49,0,0,0.9515,0.8751,0,0,1
view3,50,0,0,0.9316,0.8739,0,0,1
view3,51,0,0,0.9346,0.8731,0,0,1
view3,52,0,0,0.9395,0.8727,0,0,1
view3,53,0,0,0.9541,0.8729,0,0,1
view3,54,0,0,0.9442,0.8726,0,0,1
view3,55,0,0,0.9472,0.8722,0,0,1
view3,56,0,0,0.9449,0.8717,0,0,1
view3,57,0,0,0.9579,0.8718,0,0,1
view3,58,0,0,0.9492,0.8718,0,0,1
view3,59,0,0,0.9534,0.8717,0,0,1
view3,60,0,0,0.9566,0.8718,0,0,1
view3,61,0,0,0.9461,0.8716,0,0,1
view3,62,0,0,0.9577,0.8717,0,0,1
view3,63,0,0,0.9641,0.8721,0,0,1
view3,64,0,0,0.9557,0.8722,0,0,1
view3,65,0,0,0.96,0.8724,0,0,1
view3,66,0,0,0.9622,0.8726,0,0,1
view3,67,0,0,0.9494,0.8725,0,0,1
view3,68,0,0,0.9553,0.8726,0,0,1
view3,69,0,0,0.9642,0.8728,0,0,1
view3,70,0,0,0.9634,0.8731,0,0,1
view3,71,0,0,0.9445,0.8728,0,0,1
view3,72,0,0,0.957,0.8728,0,0,1
view3,73,0,0,0.9533,0.8728,0,0,1
view3,74,0,0,0.9557,0.8728,0,0,1
view3,75,0,0,0.9437,0.8726,0,0,1
view3,76,0,0,0.9473,0.8725,0,0,1
view3,77,0,0,0.9619,0.8728,0,0,1
view3,78,0,0,0.9542,0.873,0,0,1
view3,79,0,0,0.945,0.8728,0,0,1
view3,80,0,0,0.9648,0.873,0,0,1
view3,81,0,0,0.9605,0.8731,0,0,1
view3,82,0,0,0.9578,0.8731,0,0,1
view3,83,0,0,0.9407,0.8727,0,0,1
view3,84,0,0,0.9449,0.8725,0,0,1
view3,85,0,0,0.965,0.8726,0,0,1
view3,86,0,0,0.9607,0.8727,0,0,1
view3,87,0,0,0.9539,0.8728,0,0,1
view3,88,0,0,0.9608,0.873,0,0,1
view3,89,0,0,0.953,0.8731,0,0,1
view3,90,0,0,0.9571,0.8732,0,0,1
view3,91,0,0,0.9548,0.8732,0,0,1
view3,92,0,0,0.964,0.8734,0,0,1
view3,93,0,0,0.9632,0.8735,0,0,1
view3,94,0,0,0.9646,0.8737,0,0,1
view3,95,0,0,0.955,0.8737,0,0,1
view3,96,0,0,0.9515,0.8737,0,0,1
view3,97,0,0,0.945,0.8736,0,0,1
view3,98,0,0,0.9347,0.8731,0,0,1
view3,99,0,0,0.9469,0.8728,0,0,1
view3,100,0,0,0.9384,0.8725,0,0,1
view3,101,0,0,0.9537,0.8724,0,0,1
view3,102,0,0,0.9362,0.8721,0,0,1
view3,103,0,0,0.9377,0.8718,0,0,1
view3,104,0,0,0.9267,0.8711,0,0,1
view3,105,0,0,0.9282,0.8705,0,0,1
view3,106,0,0,0.9524,0.8704,0,0,1
view3,107,0,0,0.946,0.8703,0,0,1
view3,108,0,0,0.9607,0.8704,0,0,1
view3,109,0,0,0.9611,0.8706,0,0,1
view3,110,0,0,0.9631,0.8707,0,0,1
view3,111,0,0,0.9601,0.8708,0,0,1
view3,112,0,0,0.9561,0.8709,0,0,1
view3,113,0,0,0.9658,0.8711,0,0,1
view3,114,0,0,0.9638,0.8712,0,0,1
view3,115,0,0,0.9582,0.8713,0,0,1
view3,116,0,0,0.9525,0.8713,0,0,1
view3,117,0,0,0.9554,0.8714,0,0,1
view3,118,0,0,0.9486,0.8713,0,0,1
view3,119,0,0,0.9456,0.8712,0,0,1
view3,120,0,0,0.9554,0.8713,0,0,1
view3,121,0,0,0.9503,0.8713,0,0,1
view3,122,0,0,0.9544,0.8714,0,0,1
view3,123,0,0,0.9511,0.8714,0,0,1
view3,124,0,0,0.957,0.8715,0,0,1
view3,125,0,0,0.9561,0.8716,0,0,1
view3,126,0,0,0.9609,0.8717,0,0,1
view3,127,0,0,0.9501,0.8717,0,0,1
view3,128,0,0,0.9413,0.8716,0,0,1
view3,129,0,0,0.9551,0.8716,0,0,1
view3,130,0,0,0.9552,0.8716,0,0,1
view3,131,0,0,0.939,0.8714,0,0,1
view3,132,0,0,0.9463,0.8714,0,0,1
view3,133,0,0,0.9498,0.8714,0,0,1
view3,134,0,0,0.9545,0.8715,0,0,1
view3,135,0,0,0.956,0.8716,0,0,1
view3,136,0,0,0.9498,0.8715,0,0,1
view3,137,0,0,0.951,0.8715,0,0,1
view3,138,0,0,0.9508,0.8715,0,0,1
view3,139,0,0,0.9499,0.8714,0,0,1
view3,140,0,0,0.9483,0.8713,0,0,1
view3,141,0,0,0.9598,0.8714,0,0,1
view3,142,0,0,0.9566,0.8714,0,0,1
view3,143,0,0,0.9545,0.8715,0,0,1
view3,144,0,0,0.9557,0.8715,0,0,1
view3,145,0,0,0.9521,0.8714,0,0,1
view3,146,0,0,0.9497,0.8713,0,0,1
view3,147,0,0,0.9481,0.8712,0,0,1
view3,148,0,0,0.9291,0.8707,0,0,1
view3,149,0,0,0.936,0.8705,0,0,1
view3,150,0,0,0.9176,0.8699,1,0,1
view3,151,0,0,0.9299,0.8696,0,0,1
view3,152,0,0,0.9328,0.8694,0,0,1
view3,153,0,0,0.9418,0.8693,0,0,1
view3,154,0,0,0.9353,0.8692,1,0,1
view3,155,0,0,0.9389,0.869,1,0,1
view3,156,0,0,0.9318,0.8687,0,0,1
view3,157,0,0,0.8828,0.8677,1,0,1
view3,158,0,0,0.8998,0.867,1,0,1
view3,159,0,0,0.9196,0.8665,1,0,1
view3,160,0,0,0.9312,0.8663,1,0,1
view3,161,0,0,0.9316,0.866,1,0,1
view3,162,0,0,0.9261,0.8658,1,0,1
view3,163,0,0,0.9379,0.8657,1,0,1
view3,164,0,0,0.9281,0.8655,1,0,1
view3,165,0,0,0.9199,0.8653,1,0,1
view3,166,0,0,0.8981,0.8647,1,0,1
view3,167,0,0,0.9122,0.8644,1,0,1
view3,168,0,0,0.9085,0.8639,1,0,1
view3,169,0,0,0.8796,0.8632,1,0,1
view3,170,0,0,0.8688,0.8622,1,0,1
view3,171,0,1,0.8604,0.8611,1,0,1
view3,172,0,0,0.9911,0.8603,1,1,0
view3,173,0,0,0.9899,0.859,1,1,0
view3,174,0,0,0.9889,0.8577,1,1,0
view3,175,0,0,0.9893,0.8569,1,1,0
view3,176,0,0,0.9838,0.8555,1,1,0
view3,177,0,0,0.9847,0.8541,1,1,0
view3,178,0,0,0.9824,0.8526,1,1,0
view3,179,0,0,0.9814,0.8512,1,1,0
view3,180,0,0,0.9828,0.8505,1,1,0
view3,181,0,0,0.9794,0.8498,1,1,0
view3,182,0,0,0.9812,0.8485,1,1,0
view3,183,0,0,0.981,0.8477,1,1,0
view3,184,0,0,0.9796,0.8462,1,1,0
view3,185,0,0,0.981,0.845,1,1,0
view3,186,0,0,0.9824,0.8441,1,1,0
view3,187,0,0,0.9777,0.8429,1,1,0
view3,188,0,0,0.9784,0.8417,1,1,0
view3,189,0,0,0.9764,0.8404,1,1,0
view3,190,0,0,0.977,0.8392,1,1,0
view3,191,0,0,0.9744,0.8379,1,1,0
view3,192,0,0,0.9753,0.837,1,1,0
view3,193,0,0,0.9719,0.8359,1,1,0
view3,194,0,0,0.9668,0.8345,1,1,0
view3,195,0,0,0.9652,0.833,1,1,0
view3,196,0,0,0.9587,0.8307,1,1,0
view3,197,0,0,0.96,0.8289,1,1,0
view3,198,0,0,0.9613,0.8275,1,1,0
view3,199,0,0,0.967,0.8262,1,1,0
view3,200,0,0,0.9658,0.8248,1,1,0
view3,201,0,0,0.9629,0.8234,1,1,0
view3,202,0,0,0.9655,0.8221,1,1,0
view3,203,0,0,0.9549,0.82,1,1,0
view3,204,0,0,0.9573,0.8185,1,1,0
view3,205,0,0,0.9599,0.8169,1,1,0
view3,206,0,0,0.9542,0.8148,1,1,0
view3,207,0,0,0.9483,0.8126,1,1,0
view3,208,0,0,0.9527,0.8107,1,1,0
view3,209,0,0,0.9498,0.8087,1,1,0
view3,210,0,0,0.9475,0.8069,1,1,0
view3,211,0,0,0.9421,0.8049,1,1,0
view3,212,0,0,0.9399,0.8027,1,1,0
view3,213,0,0,0.9317,0.8,1,1,0
view3,214,0,0,0.9395,0.7981,1,1,0
view3,215,0,0,0.9303,0.7963,1,1,0
view3,216,0,0,0.9276,0.7941,1,1,0
view3,217,0,0,0.9214,0.7913,1,1,0
view3,218,0,0,0.928,0.7892,1,1,0
view3,219,0,0,0.9278,0.7867,1,1,0
view3,220,0,0,0.9202,0.7839,1,1,0
view3,221,0,0,0.9122,0.7806,1,1,0
view3,222,0,0,0.8995,0.7769,1,1,0
view3,223,0,0,0.9132,0.774,1,1,0
view3,224,0,0,0.9161,0.7713,1,1,0
view3,225,0,0,0.8975,0.7683,1,1,0
view3,226,0,0,0.901,0.7651,1,1,0
view3,227,0,0,0.9079,0.7624,1,1,0
view3,228,0,0,0.8923,0.759,1,1,0
view3,229,0,0,0.9108,0.7564,1,1,0
view3,230,0,0,0.8968,0.7534,1,1,0
view3,231,0,0,0.8881,0.75,1,1,0
view3,232,0,0,0.9085,0.7475,1,1,0
view3,233,0,0,0.9115,0.7452,1,1,0
view3,234,0,0,0.9294,0.7438,1,1,0
view3,235,0,0,0.9121,0.7417,1,1,0
view3,236,0,0,0.902,0.7396,1,1,0
view3,237,0,0,0.9076,0.7378,1,1,0
view3,238,0,0,0.9193,0.7364,1,1,0
view3,239,0,0,0.9362,0.7357,1,1,0
view3,240,0,0,0.9054,0.7354,0,1,1
view3,241,0,0,0.95,0.735,1,1,0
view3,242,0,0,0.9533,0.7346,1,1,0
view3,243,0,0,0.9094,0.7344,0,1,1
view3,244,0,0,0.9347,0.7334,1,1,0
view3,245,0,0,0.9406,0.7325,1,1,0
view3,246,0,0,0.9222,0.7312,1,1,0
view3,247,0,0,0.936,0.7304,1,1,0
view3,248,0,0,0.9392,0.7297,1,1,0
view3,249,0,0,0.945,0.7292,1,1,0
view3,250,1,1,0.0,0.85,1,0,0
view3,251,1,0,0.9868,0.85,1,1,0
view3,252,1,0,0.9883,0.9868,2,1,0
view3,253,1,1,0.9823,0.9832,1,1,0
view3,254,1,0,0.9875,0.9794,1,1,0
view3,255,1,0,0.9858,0.9757,1,1,0
view3,256,1,0,0.9799,0.9704,1,1,0
view3,257,1,0,0.9765,0.9667,1,1,0
view3,258,1,1,0.9178,0.9301,0,1,1
view3,259,1,0,0.9754,0.9323,1,0,1
view3,260,1,0,0.9761,0.917,0,0,1
view3,261,1,0,0.9719,0.9044,0,0,1
view3,262,1,0,0.9707,0.892,0,0,1
view3,263,1,0,0.9614,0.8771,0,0,1
view3,264,1,0,0.9649,0.8792,1,0,1
view3,265,1,0,0.9676,0.8706,0,0,1
view3,266,1,0,0.9687,0.8736,1,0,1
view3,267,1,0,0.9666,0.8763,1,0,1
view3,268,1,0,0.9617,0.8782,1,0,1
view3,269,1,0,0.9665,0.8799,1,0,1
view3,270,1,0,0.958,0.8811,1,0,1
view3,271,1,0,0.9732,0.8829,1,0,1
view3,272,1,0,0.9706,0.8845,1,0,1
view3,273,1,0,0.9686,0.8858,1,0,1
view3,274,1,0,0.9626,0.8867,1,0,1
view3,275,1,0,0.9574,0.8798,0,0,1
view3,276,1,0,0.9523,0.8736,0,0,1
view3,277,1,0,0.9578,0.8692,0,0,1
view3,278,1,0,0.9517,0.8643,0,0,1
view3,279,1,0,0.9489,0.8592,0,0,1
view3,280,1,0,0.9517,0.8559,0,0,1
view3,281,1,0,0.9492,0.8522,0,0,1
view3,282,1,0,0.9565,0.8497,0,0,1
view3,283,1,0,0.9601,0.8477,0,0,1
view3,284,1,0,0.9561,0.8456,0,0,1
view3,285,1,0,0.958,0.8446,0,0,1
view3,286,1,0,0.9612,0.846,1,0,1
view3,287,1,0,0.9623,0.8451,0,0,1
view3,288,1,0,0.9543,0.8464,1,0,1
view3,289,1,0,0.9593,0.8478,1,0,1
view3,290,1,0,0.9544,0.8491,1,0,1
view3,291,1,0,0.9649,0.8505,1,0,1
view3,292,1,0,0.964,0.852,1,1,0
view3,293,1,0,0.9682,0.8535,1,0,1
view3,294,1,0,0.9648,0.8549,1,0,1
view3,295,1,0,0.9694,0.8563,1,0,1
view3,296,1,0,0.9663,0.8576,1,1,0
view3,297,1,0,0.9707,0.8589,1,1,0
view3,298,1,0,0.9623,0.8602,1,1,0
view3,299,1,0,0.9734,0.8614,1,0,1
view3,300,1,0,0.9788,0.8625,1,0,1
view3,301,1,0,0.9746,0.8637,1,1,0
view3,302,1,0,0.971,0.8649,1,1,0
view3,303,1,0,0.968,0.866,1,1,0
view3,304,1,0,0.9733,0.867,1,1,0
view3,305,1,0,0.9725,0.8681,1,1,0
view3,306,1,0,0.9716,0.8691,1,0,1
view3,307,1,0,0.9743,0.8701,1,1,0
view3,308,1,0,0.9671,0.871,1,1,0
view3,309,1,0,0.9668,0.8718,1,1,0
view3,310,1,0,0.9665,0.8726,1,1,0
view3,311,1,0,0.9641,0.8733,1,1,0
view3,312,1,0,0.9183,0.8734,0,1,1
view3,313,1,0,0.9746,0.8741,1,1,0
view3,314,1,0,0.973,0.8749,1,1,0
view3,315,1,0,0.973,0.8756,1,1,0
view3,316,1,0,0.9693,0.8764,1,1,0
view3,317,1,0,0.9683,0.8771,1,1,0
view3,318,1,0,0.9676,0.8777,1,1,0
view3,319,1,0,0.9675,0.8784,1,1,0
view3,320,1,0,0.9591,0.879,1,1,0
view3,321,1,0,0.967,0.8796,1,1,0
view3,322,1,0,0.9614,0.8801,1,1,0
view3,323,1,0,0.9606,0.8806,1,1,0
view3,324,1,0,0.9563,0.8809,1,1,0
view3,325,1,0,0.95,0.881,1,1,0
view3,326,1,0,0.9508,0.8811,1,1,0
view3,327,1,0,0.9527,0.8814,1,1,0
view3,328,1,0,0.9554,0.8817,1,1,0
view3,329,1,0,0.9518,0.8819,1,1,0
view3,330,1,0,0.9588,0.8821,1,1,0
view3,331,1,0,0.9555,0.8824,1,1,0
view3,332,1,0,0.9569,0.8827,1,1,0
view3,333,1,0,0.9603,0.8831,1,1,0
view3,334,1,0,0.9582,0.8834,1,1,0
view3,335,1,0,0.9518,0.8838,1,1,0
view3,336,1,0,0.9601,0.8841,1,1,0
view3,337,1,0,0.9652,0.8845,1,1,0
view3,338,1,0,0.9674,0.8849,1,1,0
view3,339,1,0,0.9612,0.8852,1,1,0
view3,340,1,0,0.9559,0.8855,1,1,0
view3,341,1,0,0.9605,0.8858,1,1,0
view3,342,1,0,0.954,0.8861,1,1,0
view3,343,1,0,0.9551,0.8864,1,1,0
view3,344,1,0,0.9408,0.8864,1,1,0
view3,345,1,0,0.9524,0.8865,1,1,0
view3,346,1,0,0.9511,0.8866,1,1,0
view3,347,1,0,0.951,0.8868,1,1,0
view3,348,1,0,0.9426,0.8869,1,1,0
view3,349,1,0,0.9456,0.8869,1,1,0
view3,350,1,0,0.943,0.887,1,1,0
view3,351,1,0,0.9238,0.8868,1,1,0
view3,352,1,0,0.9365,0.8868,1,1,0
view3,353,1,0,0.9305,0.8867,1,1,0
view3,354,1,0,0.8895,0.886,0,0,1
view3,355,1,0,0.9447,0.8861,1,1,0
view3,356,1,0,0.9344,0.886,1,1,0
view3,357,1,0,0.9425,0.8859,1,1,0
view3,358,1,0,0.9427,0.8858,1,1,0
view3,359,1,0,0.9432,0.8858,1,1,0
view3,360,1,0,0.9541,0.8858,1,1,0
view3,361,1,0,0.9459,0.8855,1,1,0
view3,362,1,0,0.9421,0.8853,1,1,0
view3,363,1,0,0.9523,0.8853,1,1,0
view3,364,1,0,0.9514,0.8851,1,1,0
view3,365,1,0,0.9585,0.8849,1,1,0
view3,366,1,0,0.9584,0.8848,1,1,0
view3,367,1,0,0.9506,0.8845,1,1,0
view3,368,1,0,0.945,0.8842,1,1,0
view3,369,1,0,0.9501,0.884,1,1,0
view3,370,1,0,0.9549,0.884,1,1,0
view3,371,1,0,0.9487,0.8837,1,1,0
view3,372,1,0,0.9403,0.883,1,1,0
view3,373,1,0,0.9317,0.8819,2,1,0
view3,374,1,0,0.9345,0.8809,2,1,0
view3,375,1,0,0.9446,0.8801,2,1,0
view3,376,1,0,0.94,0.8795,3,1,0
view3,377,1,0,0.9347,0.8785,2,1,0
view3,378,1,0,0.9392,0.8779,2,1,0
view3,379,1,0,0.949,0.8775,2,1,0
view3,380,1,0,0.9495,0.877,2,1,0
view3,381,1,0,0.9469,0.8763,2,1,0
view3,382,1,0,0.9511,0.8758,2,1,0
view3,383,1,0,0.9503,0.8753,2,1,0
view3,384,1,0,0.9544,0.8747,2,1,0
view3,385,1,0,0.9609,0.8744,2,1,0
view3,386,1,0,0.9536,0.8738,2,1,0
view3,387,1,0,0.9558,0.8732,2,1,0
view3,388,1,0,0.9522,0.8727,2,1,0
view3,389,1,0,0.9355,0.8716,2,1,0
view3,390,1,0,0.9421,0.8709,2,1,0
view3,391,1,0,0.9321,0.8704,2,1,0
view3,392,1,0,0.9379,0.8699,2,1,0
view3,393,1,0,0.9239,0.8691,2,1,0
view3,394,1,0,0.9408,0.8689,2,1,0
view3,395,1,0,0.9383,0.8686,2,1,0
view3,396,1,0,0.9422,0.8685,2,1,0
view3,397,1,0,0.9486,0.8684,2,1,0
view3,398,1,0,0.9419,0.8683,2,1,0
view3,399,1,0,0.9445,0.8681,2,1,0
view3,400,1,0,0.947,0.8679,2,1,0
view3,401,1,0,0.9518,0.8677,2,1,0
view3,402,1,0,0.9506,0.8675,2,1,0
view3,403,1,0,0.9549,0.8674,2,1,0
view3,404,1,0,0.9483,0.867,2,1,0
view3,405,1,0,0.9507,0.8668,2,1,0
view3,406,1,0,0.9532,0.8667,2,1,0
view3,407,1,0,0.9501,0.8667,2,1,0
view3,408,1,0,0.9511,0.8667,2,1,0
view3,409,1,0,0.9478,0.8667,2,1,0
view3,410,1,0,0.9419,0.8665,2,1,0
view3,411,1,0,0.9535,0.8664,2,1,0
view3,412,1,0,0.9408,0.8662,2,1,0
view3,413,1,0,0.9318,0.8661,2,1,0
view3,414,1,0,0.9355,0.866,2,1,0
view3,415,1,0,0.9324,0.8659,3,1,0
view3,416,1,0,0.934,0.8659,1,1,0
view3,417,1,0,0.9342,0.8658,2,1,0
view3,418,1,0,0.9296,0.8655,1,1,0
view3,419,1,0,0.9342,0.8654,1,1,0
view3,420,1,0,0.9323,0.8652,1,1,0
view3,421,1,0,0.9426,0.8651,1,1,0
view3,422,1,0,0.9355,0.8649,1,1,0
view3,423,1,0,0.9355,0.8645,1,1,0
view3,424,1,0,0.9316,0.8641,1,1,0
view3,425,1,0,0.9349,0.8639,1,1,0
view3,426,1,0,0.9281,0.8635,1,1,0
view3,427,1,0,0.9337,0.8631,2,1,0
view3,428,1,0,0.9139,0.8623,3,1,0
view3,429,1,0,0.9244,0.8618,2,1,0
view3,430,1,0,0.9315,0.8614,2,1,0
view3,431,1,0,0.924,0.8608,2,1,0
view3,432,1,0,0.9307,0.8602,2,1,0
view3,433,1,0,0.9277,0.8597,2,1,0
view3,434,1,0,0.9351,0.859,2,1,0
view3,435,1,0,0.922,0.8578,2,1,0
view3,436,1,0,0.9189,0.8567,2,1,0
view3,437,1,0,0.9182,0.8557,2,1,0
view3,438,1,0,0.9162,0.8547,2,1,0
view3,439,1,0,0.9259,0.8537,2,1,0
view3,440,1,0,0.9292,0.8528,2,1,0
view3,441,1,0,0.9308,0.8519,2,1,0
view3,442,1,0,0.9286,0.8511,2,1,0
view3,443,1,0,0.9135,0.85,2,1,0
view3,444,1,0,0.9271,0.8491,2,1,0
view3,445,1,0,0.9194,0.8481,2,1,0
view3,446,1,0,0.9186,0.847,2,1,0
view3,447,1,0,0.9142,0.8461,2,1,0
view3,448,1,0,0.9192,0.8451,2,1,0
view3,449,1,0,0.924,0.8444,2,1,0
view3,450,1,0,0.9399,0.8441,2,1,0
view3,451,1,0,0.9436,0.8438,2,1,0
view3,452,1,0,0.9444,0.8437,2,1,0
view3,453,1,0,0.9395,0.8435,2,1,0
view3,454,1,0,0.9407,0.8433,2,1,0
view3,455,1,0,0.9427,0.8431,2,1,0
view3,456,1,0,0.947,0.843,2,1,0
view3,457,1,0,0.9458,0.8429,2,1,0
view3,458,1,0,0.9359,0.8427,2,1,0
view3,459,1,0,0.9349,0.8424,2,1,0
view3,460,1,0,0.9441,0.8423,2,1,0
view3,461,1,0,0.9399,0.8422,2,1,0
view3,462,1,0,0.9419,0.8422,2,1,0
view3,463,1,0,0.95,0.8423,2,1,0
view3,464,1,0,0.9423,0.8423,2,1,0
view3,465,1,0,0.9623,0.8424,2,1,0
view3,466,1,0,0.9647,0.8426,2,1,0
view3,467,1,0,0.9622,0.8427,2,1,0
view3,468,1,0,0.9651,0.8428,2,1,0
view3,469,1,0,0.9678,0.8429,2,1,0
view3,470,1,0,0.9654,0.843,2,1,0
view3,471,1,0,0.9604,0.8431,2,1,0
view3,472,1,0,0.9607,0.8433,2,1,0
view3,473,1,0,0.9633,0.8434,2,1,0
view3,474,1,0,0.9641,0.8437,2,1,0
view3,475,1,0,0.962,0.8438,2,1,0
view3,476,1,0,0.962,0.844,2,1,0
view3,477,1,0,0.9642,0.8443,2,1,0
view3,478,1,0,0.9619,0.8445,2,1,0
view3,479,1,0,0.9487,0.8447,2,1,0
view3,480,1,0,0.9465,0.8448,2,1,0
view3,481,1,0,0.9583,0.8451,2,1,0
view3,482,1,0,0.9532,0.8452,2,1,0
view3,483,1,0,0.946,0.8453,2,1,0
view3,484,1,0,0.9395,0.8454,2,1,0
view3,485,1,0,0.9361,0.8455,2,1,0
view3,486,1,0,0.9413,0.8455,2,1,0
view3,487,1,0,0.943,0.8456,2,1,0
view3,488,1,0,0.9361,0.8457,2,1,0
view3,489,1,0,0.9332,0.8458,2,1,0
view3,490,1,0,0.9409,0.8459,2,1,0
view3,491,1,0,0.9427,0.8461,1,1,0
view3,492,1,0,0.9464,0.8463,2,1,0
view3,493,1,0,0.9512,0.8464,1,1,0
view3,494,1,0,0.9503,0.8466,1,1,0
view3,495,1,0,0.9569,0.8469,1,1,0
view3,496,1,0,0.9559,0.8471,1,1,0
view3,497,1,0,0.9526,0.8473,1,1,0
view3,498,1,0,0.9546,0.8475,1,1,0
view3,499,1,0,0.948,0.8477,1,1,0
view3,500,2,1,0.0,0.85,1,0,0
view3,501,2,0,0.9948,0.85,2,1,0
view3,502,2,0,0.992,0.992,2,1,0
view3,503,2,1,0.986,0.9873,2,1,0
view3,504,2,0,0.9937,0.9868,2,2,0
view3,505,2,0,0.989,0.9842,2,2,0
view3,506,2,0,0.99,0.9838,1,2,0
view3,507,2,0,0.9897,0.9836,1,2,0
view3,508,2,0,0.987,0.9828,1,2,0
view3,509,2,0,0.9851,0.9823,2,2,0
view3,510,2,0,0.9864,0.9823,2,1,0
view3,511,2,0,0.9875,0.9818,2,2,0
view3,512,2,0,0.9845,0.9816,2,1,0
view3,513,2,0,0.983,0.9808,2,1,0
view3,514,2,0,0.9795,0.9793,2,1,0
view3,515,2,0,0.9841,0.979,2,1,0
view3,516,2,0,0.984,0.979,2,1,0
view3,517,2,0,0.9806,0.9788,2,1,0
view3,518,2,1,0.9779,0.9783,2,2,0
view3,519,2,0,0.9943,0.9774,2,2,0
view3,520,2,0,0.9928,0.9768,2,2,0
view3,521,2,0,0.9875,0.976,2,2,0
view3,522,2,0,0.9875,0.9758,2,2,0
view3,523,2,0,0.9832,0.9744,2,2,0
view3,524,2,0,0.9823,0.9733,3,2,0
view3,525,2,0,0.9778,0.9714,2,2,0
view3,526,2,0,0.9808,0.9705,2,2,0
view3,527,2,0,0.9795,0.9696,3,2,0
view3,528,2,1,0.9666,0.9681,2,2,0
view3,529,2,0,0.994,0.9673,2,2,0
view3,530,2,0,0.9923,0.9663,2,2,0
view3,531,2,0,0.9886,0.9656,2,2,0
view3,532,2,0,0.9887,0.9652,2,2,0
view3,533,2,0,0.9883,0.9643,2,2,0
view3,534,2,0,0.9854,0.9638,2,2,0
view3,535,2,0,0.985,0.9634,2,2,0
view3,536,2,0,0.9878,0.9631,2,2,0
view3,537,2,0,0.9868,0.9626,2,2,0
view3,538,2,0,0.9803,0.9621,3,2,0
view3,539,2,0,0.9828,0.9616,2,2,0
view3,540,2,0,0.9802,0.9612,2,2,0
view3,541,2,0,0.981,0.9605,2,2,0
view3,542,2,0,0.9805,0.9601,2,2,0
view3,543,2,0,0.9776,0.9593,2,2,0
view3,544,2,0,0.977,0.9588,2,2,0
view3,545,2,0,0.9715,0.958,2,2,0
view3,546,2,0,0.9694,0.9572,2,2,0
view3,547,2,0,0.9648,0.9564,2,2,0
view3,548,2,0,0.9634,0.9556,2,2,0
view3,549,2,0,0.9616,0.9549,2,2,0
view3,550,2,0,0.9625,0.9543,2,2,0
view3,551,2,0,0.9583,0.9535,2,2,0
view3,552,2,0,0.9558,0.9527,2,2,0
view3,553,2,0,0.9545,0.9518,2,2,0
view3,554,2,1,0.9442,0.9503,2,2,0
view3,555,2,0,0.9889,0.9487,2,2,0
view3,556,2,0,0.9847,0.9478,2,2,0
view3,557,2,0,0.9793,0.9462,2,2,0
view3,558,2,0,0.978,0.9456,2,2,0
view3,559,2,0,0.9761,0.9448,2,2,0
view3,560,2,0,0.9718,0.9438,2,2,0
view3,561,2,0,0.9691,0.9432,2,2,0
view3,562,2,0,0.9657,0.9426,2,2,0
view3,563,2,0,0.9686,0.9419,2,2,0
view3,564,2,0,0.9648,0.9416,2,2,0
view3,565,2,0,0.9684,0.9413,2,2,0
view3,566,2,0,0.9453,0.9405,2,2,0
view3,567,2,0,0.9457,0.94,2,2,0
view3,568,2,0,0.9501,0.9394,2,2,0
view3,569,2,0,0.9576,0.939,2,2,0
view3,570,2,0,0.9464,0.9383,2,2,0
view3,571,2,0,0.9422,0.9377,2,2,0
view3,572,2,1,0.935,0.9369,2,2,0
view3,573,2,0,0.9888,0.936,2,2,0
view3,574,2,0,0.9761,0.9348,2,2,0
view3,575,2,0,0.9759,0.9338,2,2,0
view3,576,2,0,0.9729,0.9331,2,2,0
view3,577,2,0,0.9676,0.9324,2,2,0
view3,578,2,0,0.9677,0.9315,2,2,0
view3,579,2,0,0.9626,0.931,2,2,0
view3,580,2,0,0.9516,0.9304,2,2,0
view3,581,2,0,0.9549,0.9295,2,2,0
view3,582,2,0,0.9518,0.9288,2,2,0
view3,583,2,0,0.9454,0.9281,2,2,0
view3,584,2,0,0.949,0.9275,2,2,0
view3,585,2,0,0.9498,0.927,2,2,0
view3,586,2,0,0.9547,0.9266,2,2,0
view3,587,2,0,0.9435,0.9259,2,2,0
view3,588,2,0,0.9437,0.9253,2,2,0
view3,589,2,0,0.9462,0.925,2,2,0
view3,590,2,0,0.9466,0.9247,2,2,0
view3,591,2,0,0.9478,0.9242,2,2,0
view3,592,2,0,0.9483,0.9235,2,2,0
view3,593,2,0,0.9554,0.9232,2,2,0
view3,594,2,0,0.9531,0.9229,2,2,0
view3,595,2,0,0.9469,0.9226,1,2,0
view3,596,2,0,0.9449,0.9223,2,2,0
view3,597,2,0,0.9427,0.9219,2,2,0
view3,598,2,0,0.9418,0.9218,2,2,0
view3,599,2,0,0.946,0.9217,2,2,0
view3,600,2,0,0.9425,0.9216,2,2,0
view3,601,2,0,0.9538,0.9215,2,2,0
view3,602,2,0,0.9603,0.9215,2,2,0
view3,603,2,0,0.9605,0.9216,2,2,0
view3,604,2,0,0.96,0.9217,2,2,0
view3,605,2,0,0.9583,0.9219,2,2,0
view3,606,2,0,0.9578,0.9221,2,2,0
view3,607,2,0,0.9539,0.9223,2,2,0
view3,608,2,0,0.9562,0.9224,2,2,0
view3,609,2,0,0.9599,0.9224,2,2,0
view3,610,2,0,0.9618,0.9224,2,2,0
view3,611,2,0,0.9647,0.9225,2,2,0
view3,612,2,0,0.9644,0.9225,2,2,0
view3,613,2,0,0.9625,0.9226,2,2,0
view3,614,2,0,0.9627,0.9227,2,2,0
view3,615,2,0,0.9512,0.9227,2,2,0
view3,616,2,0,0.956,0.9228,2,2,0
view3,617,2,0,0.9499,0.9226,2,2,0
view3,618,2,0,0.949,0.9226,2,2,0
view3,619,2,0,0.952,0.9226,2,2,0
view3,620,2,0,0.9548,0.9226,2,2,0
view3,621,2,0,0.958,0.9227,2,2,0
view3,622,2,0,0.9485,0.9227,2,2,0
view3,623,2,0,0.9491,0.9228,2,2,0
view3,624,2,0,0.9545,0.9229,2,2,0
view3,625,2,0,0.9547,0.923,2,2,0
view3,626,2,0,0.9541,0.923,2,2,0
view3,627,2,0,0.9546,0.9231,2,2,0
view3,628,2,0,0.9555,0.9232,2,2,0
view3,629,2,0,0.9498,0.9232,2,2,0
view3,630,2,0,0.9555,0.9232,2,2,0
view3,631,2,0,0.9619,0.9232,2,2,0
view3,632,2,0,0.9558,0.9233,2,2,0
view3,633,2,0,0.9604,0.9234,2,2,0
view3,634,2,0,0.9584,0.9235,2,2,0
view3,635,2,0,0.9543,0.9234,3,2,0
view3,636,2,0,0.9544,0.9234,2,2,0
view3,637,2,0,0.9548,0.9235,2,2,0
view3,638,2,0,0.9507,0.9235,1,2,0
view3,639,2,0,0.9456,0.9234,1,2,0
view3,640,2,0,0.9452,0.9234,1,2,0
view3,641,2,0,0.9527,0.9234,1,2,0
view3,642,2,0,0.9592,0.9235,1,2,0
view3,643,2,0,0.9552,0.9235,1,2,0
view3,644,2,0,0.9557,0.9236,1,2,0
view3,645,2,0,0.955,0.9237,1,2,0
view3,646,2,0,0.9542,0.9238,1,2,0
view3,647,2,0,0.949,0.9238,1,2,0
view3,648,2,0,0.9508,0.9238,1,2,0
view3,649,2,0,0.9515,0.9239,1,2,0
view3,650,2,0,0.9463,0.9239,1,2,0
view3,651,2,0,0.9531,0.9239,1,2,0
view3,652,2,0,0.9515,0.9239,1,2,0
view3,653,2,0,0.9555,0.9239,1,2,0
view3,654,2,0,0.9554,0.924,1,2,0
view3,655,2,0,0.9518,0.924,2,2,0
view3,656,2,0,0.9581,0.9241,2,2,0
view3,657,2,0,0.9616,0.9242,2,2,0
view3,658,2,0,0.9595,0.9243,2,2,0
view3,659,2,0,0.9594,0.9244,2,2,0
view3,660,2,0,0.9539,0.9245,2,2,0
view3,661,2,0,0.9599,0.9245,2,2,0
view3,662,2,0,0.9495,0.9245,2,2,0
view3,663,2,0,0.9495,0.9246,2,2,0
view3,664,2,0,0.9575,0.9246,2,2,0
view3,665,2,0,0.9577,0.9246,2,2,0
view3,666,2,0,0.956,0.9246,2,2,0
view3,667,2,0,0.9535,0.9245,2,2,0
view3,668,2,0,0.9525,0.9245,2,2,0
view3,669,2,0,0.9513,0.9246,2,2,0
view3,670,2,0,0.9587,0.9247,2,2,0
view3,671,2,0,0.9548,0.9248,2,2,0
view3,672,2,0,0.9546,0.9248,2,2,0
view3,673,2,0,0.9577,0.9249,2,2,0
view3,674,2,0,0.9556,0.925,2,2,0
view3,675,2,0,0.9567,0.9251,2,2,0
view3,676,2,0,0.9548,0.9252,2,2,0
view3,677,2,0,0.953,0.9252,2,2,0
view3,678,2,0,0.9554,0.9253,2,2,0
view3,679,2,0,0.9554,0.9254,2,2,0
view3,680,2,0,0.9482,0.9254,2,2,0
view3,681,2,0,0.9446,0.9253,2,2,0
view3,682,2,0,0.9483,0.9254,2,2,0
view3,683,2,0,0.9524,0.9254,2,2,0
view3,684,2,0,0.939,0.9253,2,2,0
view3,685,2,0,0.9356,0.9251,2,2,0
view3,686,2,0,0.9399,0.925,2,2,0
view3,687,2,0,0.9396,0.925,2,2,0
view3,688,2,0,0.9382,0.9249,2,2,0
view3,689,2,0,0.9375,0.9248,2,2,0
view3,690,2,0,0.9421,0.9247,2,2,0
view3,691,2,0,0.9429,0.9246,2,2,0
view3,692,2,0,0.9458,0.9245,2,2,0
view3,693,2,0,0.9391,0.9243,2,2,0
view3,694,2,0,0.9363,0.924,2,2,0
view3,695,2,0,0.9271,0.9236,2,2,0
view3,696,2,0,0.9286,0.9232,2,2,0
view3,697,2,0,0.939,0.923,2,2,0
view3,698,2,0,0.9521,0.9229,2,2,0
view3,699,2,0,0.9496,0.9229,2,2,0
view3,700,2,0,0.9632,0.923,2,2,0
view3,701,2,0,0.9507,0.923,2,1,0
view3,702,2,0,0.9507,0.923,2,2,0
view3,703,2,0,0.9619,0.9231,2,1,0
view3,704,2,0,0.9535,0.9231,2,2,0
view3,705,2,0,0.9509,0.9231,2,2,0
view3,706,2,0,0.9599,0.9231,3,2,0
view3,707,2,0,0.9529,0.9231,3,2,0
view3,708,2,0,0.9517,0.9231,3,2,0
view3,709,2,0,0.9464,0.923,3,2,0
view3,710,2,0,0.9552,0.9229,2,2,0
view3,711,2,0,0.9529,0.9229,3,2,0
view3,712,2,0,0.959,0.923,2,2,0
view3,713,2,0,0.9585,0.9231,2,2,0
view3,714,2,0,0.9488,0.9231,2,2,0
view3,715,2,0,0.9509,0.9232,2,1,0
view3,716,2,0,0.9542,0.9232,2,2,0
view3,717,2,0,0.9609,0.9233,2,1,0
view3,718,2,0,0.9531,0.9233,2,1,0
view3,719,2,0,0.9646,0.9234,2,2,0
view3,720,2,0,0.9502,0.9234,2,1,0
view3,721,2,0,0.9561,0.9235,2,1,0
view3,722,2,0,0.9594,0.9235,2,1,0
view3,723,2,0,0.953,0.9235,3,1,0
view3,724,2,0,0.9606,0.9236,3,1,0
view3,725,2,0,0.9625,0.9237,3,1,0
view3,726,2,0,0.9613,0.9237,3,1,0
view3,727,2,0,0.957,0.9238,3,2,0
view3,728,2,0,0.9567,0.9238,3,2,0
view3,729,2,0,0.9479,0.9238,3,2,0
view3,730,2,0,0.9399,0.9237,3,2,0
view3,731,2,0,0.9377,0.9236,3,2,0
view3,732,2,0,0.941,0.9236,3,2,0
view3,733,2,0,0.9377,0.9235,3,2,0
view3,734,2,0,0.9509,0.9235,3,2,0
view3,735,2,0,0.9578,0.9235,3,2,0
view3,736,2,0,0.9625,0.9235,4,2,0
view3,737,2,0,0.9571,0.9235,3,2,0
view3,738,2,0,0.9599,0.9235,3,1,0
view3,739,2,0,0.9576,0.9236,3,1,0
view3,740,2,0,0.958,0.9236,3,2,0
view3,741,2,0,0.9553,0.9236,3,2,0
view3,742,2,0,0.956,0.9236,4,1,0
view3,743,2,0,0.9553,0.9237,3,1,0
view3,744,2,0,0.9465,0.9237,3,2,0
view3,745,2,0,0.9455,0.9237,3,2,0
view3,746,2,0,0.9533,0.9237,3,2,0
view3,747,2,0,0.9418,0.9237,3,2,0
view3,748,2,0,0.9368,0.9237,3,1,0
view3,749,2,0,0.9464,0.9237,3,1,0
view3,750,3,1,0.0,0.85,3,0,0
view3,751,3,0,0.9895,0.85,3,3,0
view3,752,3,0,0.9761,0.9761,3,3,0
view3,753,3,0,0.9749,0.9735,3,3,0
view3,754,3,1,0.9586,0.9638,3,3,0
view3,755,3,0,0.9891,0.9594,3,3,0
view3,756,3,0,0.9809,0.9578,3,3,0
view3,757,3,0,0.9778,0.9567,3,3,0
view3,758,3,0,0.9739,0.9565,3,3,0
view3,759,3,0,0.9732,0.9551,3,3,0
view3,760,3,0,0.9713,0.9557,3,3,0
view3,761,3,0,0.9604,0.955,3,3,0
view3,762,3,0,0.9637,0.9531,3,3,0
view3,763,3,0,0.9539,0.9517,3,3,0
view3,764,3,1,0.9474,0.9478,3,3,0
view3,765,3,0,0.9871,0.947,4,3,0
view3,766,3,0,0.9666,0.9449,3,3,0
view3,767,3,0,0.967,0.9436,3,3,0
view3,768,3,0,0.9607,0.9422,3,3,0
view3,769,3,0,0.9632,0.9411,3,3,0
view3,770,3,0,0.961,0.9408,3,3,0
view3,771,3,0,0.9524,0.9395,3,3,0
view3,772,3,0,0.9701,0.9398,3,3,0
view3,773,3,0,0.9709,0.9397,3,3,0
view3,774,3,0,0.9767,0.9396,3,3,0
view3,775,3,0,0.9701,0.9396,3,3,0
view3,776,3,0,0.9759,0.9391,3,3,0
view3,777,3,0,0.9693,0.9386,3,3,0
view3,778,3,0,0.9648,0.9381,3,3,0
view3,779,3,0,0.9509,0.9375,3,3,0
view3,780,3,0,0.9362,0.9359,3,3,0
view3,781,3,0,0.9366,0.9351,3,3,0
view3,782,3,1,0.9339,0.9342,3,3,0
view3,783,3,0,0.9876,0.9333,3,3,0
view3,784,3,0,0.9805,0.9321,3,3,0
view3,785,3,0,0.9775,0.9299,3,3,0
view3,786,3,0,0.9751,0.9287,3,3,0
view3,787,3,0,0.9725,0.9276,3,3,0
view3,788,3,0,0.9634,0.9261,4,3,0
view3,789,3,0,0.956,0.9241,3,3,0
view3,790,3,0,0.9616,0.9228,3,3,0
view3,791,3,0,0.952,0.9203,3,3,0
view3,792,3,0,0.9478,0.9179,3,3,0
view3,793,3,0,0.9401,0.9151,3,3,0
view3,794,3,0,0.9399,0.9125,3,3,0
view3,795,3,0,0.9301,0.91,3,3,0
view3,796,3,0,0.9304,0.9071,3,3,0
view3,797,3,0,0.9383,0.9055,3,3,0
view3,798,3,0,0.935,0.9035,3,3,0
view3,799,3,0,0.93,0.9011,3,3,0
view3,800,3,0,0.9256,0.8987,3,3,0
view3,801,3,0,0.9282,0.8965,3,3,0
view3,802,3,0,0.9453,0.8963,3,3,0
view3,803,3,0,0.9443,0.896,3,3,0
view3,804,3,0,0.939,0.8957,3,3,0
view3,805,3,0,0.9293,0.895,3,3,0
view3,806,3,0,0.9341,0.895,3,3,0
view3,807,3,0,0.9279,0.8949,3,3,0
view3,808,3,0,0.9185,0.8945,3,3,0
view3,809,3,0,0.9304,0.8941,3,3,0
view3,810,3,0,0.9288,0.8936,3,3,0
view3,811,3,0,0.9308,0.8928,3,3,0
view3,812,3,0,0.9279,0.8918,3,3,0
view3,813,3,0,0.9269,0.8909,3,3,0
view3,814,3,0,0.9239,0.8898,3,3,0
view3,815,3,0,0.91,0.8883,3,3,0
view3,816,3,0,0.9184,0.8872,3,3,0
view3,817,3,0,0.9235,0.8863,3,3,0
view3,818,3,0,0.9176,0.8854,3,3,0
view3,819,3,0,0.9068,0.8844,3,3,0
view3,820,3,0,0.9112,0.8834,3,3,0
view3,821,3,0,0.9125,0.8826,2,3,0
view3,822,3,0,0.8975,0.8815,2,3,0
view3,823,3,0,0.9213,0.8812,2,3,0
view3,824,3,0,0.9026,0.8808,2,3,0
view3,825,3,0,0.9089,0.8805,2,3,0
view3,826,3,0,0.9002,0.8802,2,3,0
view3,827,3,1,0.8752,0.8792,2,3,0
view3,828,3,0,0.9792,0.8782,2,2,0
view3,829,3,0,0.9609,0.8766,1,2,0
view3,830,3,0,0.941,0.876,1,2,0
view3,831,3,0,0.9308,0.8756,1,2,0
view3,832,3,0,0.915,0.8751,1,2,0
view3,833,3,0,0.9315,0.8748,1,2,0
view3,834,3,0,0.9402,0.8745,1,2,0
view3,835,3,0,0.9431,0.8741,1,2,0
view3,836,3,0,0.9469,0.8739,1,2,0
view3,837,3,0,0.9462,0.8738,2,2,0
view3,838,3,0,0.932,0.8733,3,2,0
view3,839,3,0,0.941,0.8733,2,2,0
view3,840,3,0,0.9364,0.873,3,2,0
view3,841,3,0,0.932,0.8726,3,2,0
view3,842,3,0,0.9351,0.8721,2,2,0
view3,843,3,0,0.9309,0.8715,2,2,0
view3,844,3,0,0.9307,0.8714,3,2,0
view3,845,3,0,0.9412,0.8716,2,2,0
view3,846,3,0,0.9288,0.8715,2,2,0
view3,847,3,0,0.9211,0.8713,2,2,0
view3,848,3,0,0.9229,0.871,2,2,0
view3,849,3,0,0.9163,0.8707,2,2,0
view3,850,3,0,0.9182,0.8706,1,2,0
view3,851,3,0,0.9244,0.8708,2,2,0
view3,852,3,0,0.9171,0.8709,3,2,0
view3,853,3,0,0.9162,0.8709,3,2,0
view3,854,3,0,0.9159,0.871,2,2,0
view3,855,3,0,0.9148,0.8711,1,3,0
view3,856,3,0,0.917,0.8713,1,2,0
view3,857,3,0,0.9138,0.8714,2,3,0
view3,858,3,0,0.9118,0.8714,1,3,0
view3,859,3,0,0.9146,0.8716,2,3,0
view3,860,3,0,0.9228,0.8719,1,3,0
view3,861,3,0,0.9254,0.8721,1,3,0
view3,862,3,0,0.9214,0.8721,1,3,0
view3,863,3,0,0.9194,0.8723,1,3,0
view3,864,3,0,0.9153,0.8725,1,3,0
view3,865,3,0,0.9106,0.8727,1,3,0
view3,866,3,0,0.9108,0.8728,1,3,0
view3,867,3,0,0.9187,0.873,1,3,0
view3,868,3,0,0.9287,0.8731,1,3,0
view3,869,3,0,0.9221,0.8733,1,3,0
view3,870,3,0,0.9305,0.8735,1,3,0
view3,871,3,0,0.9195,0.8736,2,3,0
view3,872,3,0,0.9164,0.8737,2,3,0
view3,873,3,0,0.9178,0.8737,2,3,0
view3,874,3,0,0.9166,0.8739,2,3,0
view3,875,3,0,0.913,0.8739,2,3,0
view3,876,3,0,0.9218,0.8741,2,3,0
view3,877,3,0,0.9199,0.8743,2,3,0
view3,878,3,0,0.9228,0.8745,2,3,0
view3,879,3,0,0.9102,0.8746,1,3,0
view3,880,3,0,0.9114,0.8747,1,3,0
view3,881,3,0,0.92,0.8748,2,3,0
view3,882,3,0,0.9183,0.8749,2,3,0
view3,883,3,0,0.9165,0.875,2,3,0
view3,884,3,0,0.9181,0.8752,2,3,0
view3,885,3,0,0.9194,0.8753,2,3,0
view3,886,3,0,0.9225,0.8755,2,3,0
view3,887,3,0,0.9195,0.8756,2,3,0
view3,888,3,0,0.9281,0.8758,1,3,0
view3,889,3,0,0.9354,0.876,2,3,0
view3,890,3,0,0.929,0.8762,1,3,0
view3,891,3,0,0.9305,0.8764,2,3,0
view3,892,3,0,0.9286,0.8765,2,3,0
view3,893,3,0,0.9129,0.8766,2,3,0
view3,894,3,0,0.9272,0.8768,2,3,0
view3,895,3,0,0.937,0.8769,2,3,0
view3,896,3,0,0.9377,0.8771,2,3,0
view3,897,3,0,0.9318,0.8773,2,3,0
view3,898,3,0,0.9354,0.8774,2,3,0
view3,899,3,0,0.9368,0.8776,2,3,0
view3,900,3,0,0.9274,0.8777,2,3,0
view3,901,3,0,0.9347,0.8779,2,3,0
view3,902,3,0,0.935,0.878,2,3,0
view3,903,3,0,0.9408,0.8782,2,3,0
view3,904,3,0,0.9439,0.8783,2,3,0
view3,905,3,0,0.9439,0.8784,2,3,0
view3,906,3,0,0.9546,0.8785,2,3,0
view3,907,3,0,0.9459,0.8787,2,3,0
view3,908,3,0,0.9496,0.8788,2,3,0
view3,909,3,0,0.9437,0.8789,2,3,0
view3,910,3,0,0.9488,0.8791,2,3,0
view3,911,3,0,0.9449,0.8792,2,3,0
view3,912,3,0,0.9379,0.8793,2,3,0
view3,913,3,0,0.9509,0.8794,2,3,0
view3,914,3,0,0.9462,0.8795,2,3,0
view3,915,3,0,0.9433,0.8797,2,3,0
view3,916,3,0,0.9429,0.8797,2,3,0
view3,917,3,0,0.9429,0.8798,2,3,0
view3,918,3,0,0.9488,0.88,2,3,0
view3,919,3,0,0.9387,0.8801,3,3,0
view3,920,3,0,0.9474,0.8802,3,3,0
view3,921,3,0,0.9444,0.8804,3,3,0
view3,922,3,0,0.9469,0.8805,3,3,0
view3,923,3,0,0.9532,0.8807,3,3,0
view3,924,3,0,0.956,0.8808,2,3,0
view3,925,3,0,0.9561,0.881,3,3,0
view3,926,3,0,0.9522,0.8811,3,3,0
view3,927,3,0,0.9562,0.8813,3,3,0
view3,928,3,0,0.9514,0.8814,3,3,0
view3,929,3,0,0.9575,0.8815,3,3,0
view3,930,3,0,0.9485,0.8817,2,3,0
view3,931,3,0,0.9535,0.8818,3,3,0
view3,932,3,0,0.955,0.882,3,3,0
view3,933,3,0,0.9519,0.8821,3,3,0
view3,934,3,0,0.9533,0.8823,3,3,0
view3,935,3,0,0.96,0.8825,2,3,0
view3,936,3,0,0.9554,0.8826,3,3,0
view3,937,3,0,0.9536,0.8827,3,3,0
view3,938,3,0,0.9544,0.8828,3,3,0
view3,939,3,0,0.9502,0.883,3,3,0
view3,940,3,0,0.9508,0.883,3,3,0
view3,941,3,0,0.9565,0.8832,3,3,0
view3,942,3,0,0.9543,0.8833,3,3,0
view3,943,3,0,0.954,0.8834,3,3,0
view3,944,3,0,0.953,0.8835,3,3,0
view3,945,3,0,0.9462,0.8836,3,3,0
view3,946,3,0,0.9432,0.8838,3,3,0
view3,947,3,0,0.9371,0.8839,3,3,0
view3,948,3,0,0.9343,0.884,3,3,0
view3,949,3,0,0.9374,0.8841,3,3,0
view3,950,3,0,0.9492,0.8843,3,3,0
view3,951,3,0,0.9405,0.8844,3,3,0
view3,952,3,0,0.9296,0.8845,3,3,0
view3,953,3,0,0.9305,0.8845,3,3,0
view3,954,3,0,0.9311,0.8845,3,3,0
view3,955,3,0,0.927,0.8846,3,3,0
view3,956,3,0,0.9335,0.8846,3,3,0
view3,957,3,0,0.9268,0.8847,3,3,0
view3,958,3,0,0.9238,0.8847,3,3,0
view3,959,3,0,0.9304,0.8848,3,3,0
view3,960,3,0,0.9218,0.8848,3,3,0
view3,961,3,0,0.9345,0.8849,3,3,0
view3,962,3,0,0.9346,0.885,3,3,0
view3,963,3,0,0.9274,0.885,3,3,0
view3,964,3,0,0.9221,0.8851,3,3,0
view3,965,3,0,0.9147,0.8851,3,3,0
view3,966,3,0,0.9213,0.8852,3,3,0
view3,967,3,0,0.9172,0.8852,3,3,0
view3,968,3,0,0.9142,0.8853,3,3,0
view3,969,3,0,0.9102,0.8853,4,2,0
view3,970,3,0,0.9172,0.8854,3,3,0
view3,971,3,0,0.9069,0.8854,3,3,0
view3,972,3,0,0.9044,0.8853,2,3,0
view3,973,3,0,0.9093,0.8852,2,3,0
view3,974,3,0,0.8971,0.8851,2,3,0
view3,975,3,0,0.9039,0.885,2,3,0
view3,976,3,0,0.8967,0.8849,3,3,0
view3,977,3,0,0.904,0.8849,2,3,0
view3,978,3,0,0.9097,0.8848,2,3,0
view3,979,3,0,0.9082,0.8846,2,3,0
view3,980,3,0,0.9059,0.8845,2,3,0
view3,981,3,0,0.9181,0.8844,2,3,0
view3,982,3,0,0.9124,0.8842,2,3,0
view3,983,3,0,0.9047,0.884,2,3,0
view3,984,3,0,0.9103,0.8839,2,3,0
view3,985,3,0,0.9088,0.8838,2,3,0
view3,986,3,0,0.9138,0.8837,2,3,0
view3,987,3,0,0.9222,0.8836,2,3,0
view3,988,3,0,0.9231,0.8835,2,3,0
view3,989,3,0,0.9222,0.8834,2,3,0
view3,990,3,0,0.9263,0.8833,2,3,0
view3,991,3,0,0.9247,0.8833,2,3,0
view3,992,3,0,0.9267,0.8831,2,3,0
view3,993,3,0,0.9299,0.883,2,3,0
view3,994,3,0,0.9426,0.883,2,3,0
view3,995,3,0,0.9352,0.883,2,3,0
view3,996,3,0,0.9325,0.883,2,3,0
view3,997,3,0,0.9336,0.8831,2,3,0
view3,998,3,0,0.928,0.8831,2,3,0
view3,999,3,0,0.9368,0.8832,2,3,0
view3,1000,4,1,0.0,0.85,2,0,0
view3,1001,4,0,0.9846,0.85,2,2,0
view3,1002,4,0,0.9856,0.9846,1,2,0
view3,1003,4,1,0.9822,0.9827,1,2,0
view3,1004,4,0,0.9782,0.9757,1,1,0
view3,1005,4,0,0.9848,0.9751,1,1,0
view3,1006,4,0,0.9797,0.9736,1,1,0
view3,1007,4,0,0.9842,0.9729,1,1,0
view3,1008,4,0,0.9811,0.9726,1,1,0
view3,1009,4,0,0.9791,0.9731,1,1,0
view3,1010,4,0,0.9751,0.9725,1,2,0
view3,1011,4,1,0.9711,0.9711,2,2,0
view3,1012,4,0,0.9863,0.9699,2,2,0
view3,1013,4,0,0.9805,0.9666,3,2,0
view3,1014,4,0,0.9775,0.9653,3,2,0
view3,1015,4,1,0.9556,0.9564,3,2,0
view3,1016,4,0,0.9808,0.9555,3,3,0
view3,1017,4,0,0.9789,0.9507,3,3,0
view3,1018,4,0,0.9762,0.9481,3,3,0
view3,1019,4,0,0.9654,0.9427,3,3,0
view3,1020,4,0,0.9661,0.9377,3,3,0
view3,1021,4,0,0.9556,0.9331,3,3,0
view3,1022,4,0,0.9582,0.931,3,3,0
view3,1023,4,0,0.9496,0.9302,3,3,0
view3,1024,4,0,0.9297,0.9279,3,2,0
view3,1025,4,0,0.9269,0.9257,3,2,0
view3,1026,4,0,0.9492,0.925,3,3,0
view3,1027,4,0,0.9461,0.924,3,3,0
view3,1028,4,0,0.9492,0.9235,3,3,0
view3,1029,4,0,0.9514,0.9233,3,3,0
view3,1030,4,0,0.9444,0.9233,3,3,0
view3,1031,4,0,0.9497,0.9235,3,2,0
view3,1032,4,0,0.944,0.9235,3,2,0
view3,1033,4,0,0.9481,0.9235,3,2,0
view3,1034,4,0,0.9357,0.9225,3,2,0
view3,1035,4,0,0.9228,0.9212,3,2,0
view3,1036,4,1,0.8978,0.9176,3,2,0
view3,1037,4,0,0.9625,0.9167,3,3,0
view3,1038,4,0,0.9609,0.9162,3,3,0
view3,1039,4,0,0.9607,0.916,3,3,0
view3,1040,4,0,0.9704,0.9141,3,3,0
view3,1041,4,0,0.9533,0.9137,3,3,0
view3,1042,4,0,0.9418,0.9131,3,3,0
view3,1043,4,0,0.9394,0.9129,3,3,0
view3,1044,4,0,0.9542,0.912,3,3,0
view3,1045,4,0,0.9338,0.9116,3,3,0
view3,1046,4,0,0.9339,0.9116,3,3,0
view3,1047,4,0,0.9274,0.9112,3,2,0
view3,1048,4,0,0.9285,0.9107,3,3,0
view3,1049,4,0,0.9139,0.9098,3,3,0
view3,1050,4,0,0.9133,0.9088,3,3,0
view3,1051,4,0,0.916,0.9082,3,3,0
view3,1052,4,0,0.9128,0.9075,4,2,0
view3,1053,4,0,0.9076,0.9065,3,3,0
view3,1054,4,0,0.9065,0.9056,3,2,0
view3,1055,4,0,0.9084,0.9046,3,3,0
view3,1056,4,0,0.9095,0.9038,3,3,0
view3,1057,4,0,0.9176,0.9035,2,2,0
view3,1058,4,0,0.9156,0.9032,2,2,0
view3,1059,4,0,0.9155,0.9029,3,2,0
view3,1060,4,0,0.9095,0.9023,3,2,0
view3,1061,4,0,0.9082,0.9017,2,2,0
view3,1062,4,0,0.9179,0.9014,1,2,0
view3,1063,4,0,0.9268,0.9012,2,3,0
view3,1064,4,0,0.9287,0.9012,3,2,0
view3,1065,4,0,0.9192,0.9009,2,2,0
view3,1066,4,0,0.9344,0.9009,2,2,0
view3,1067,4,0,0.9388,0.9008,2,2,0
view3,1068,4,0,0.9391,0.9008,2,2,0
view3,1069,4,0,0.9487,0.9009,2,2,0
view3,1070,4,0,0.9417,0.901,2,2,0
view3,1071,4,0,0.9448,0.901,2,2,0
view3,1072,4,0,0.9434,0.9007,2,1,0
view3,1073,4,0,0.9492,0.9006,2,1,0
view3,1074,4,0,0.9393,0.9005,2,2,0
view3,1075,4,0,0.9322,0.9002,2,2,0
view3,1076,4,0,0.9301,0.8999,2,2,0
view3,1077,4,0,0.9229,0.8993,2,2,0
view3,1078,4,0,0.9167,0.8986,2,2,0
view3,1079,4,0,0.9135,0.8978,2,2,0
view3,1080,4,0,0.9209,0.897,2,2,0
view3,1081,4,0,0.9328,0.8968,2,2,0
view3,1082,4,0,0.9381,0.8967,2,2,0
view3,1083,4,0,0.939,0.8967,2,2,0
view3,1084,4,0,0.9387,0.8966,2,2,0
view3,1085,4,0,0.9352,0.8966,2,2,0
view3,1086,4,0,0.9365,0.8965,2,2,0
view3,1087,4,0,0.9427,0.8966,2,2,0
view3,1088,4,0,0.9405,0.8967,2,2,0
view3,1089,4,0,0.9423,0.8966,3,1,0
view3,1090,4,0,0.9398,0.8968,2,1,0
view3,1091,4,0,0.9478,0.897,3,2,0
view3,1092,4,0,0.9454,0.8971,3,1,0
view3,1093,4,0,0.9419,0.8971,4,2,0
view3,1094,4,0,0.9425,0.8972,4,2,0
view3,1095,4,0,0.9475,0.8973,3,2,0
view3,1096,4,0,0.9524,0.8973,3,2,0
view3,1097,4,0,0.9471,0.8975,3,2,0
view3,1098,4,0,0.9329,0.8976,3,2,0
view3,1099,4,0,0.9405,0.8976,3,2,0
view3,1100,4,0,0.944,0.8977,3,2,0
view3,1101,4,0,0.9334,0.8978,3,2,0
view3,1102,4,0,0.9296,0.8979,3,2,0
view3,1103,4,0,0.9309,0.898,2,2,0
view3,1104,4,0,0.9485,0.8981,2,2,0
view3,1105,4,0,0.94,0.8983,2,2,0
view3,1106,4,0,0.9437,0.8984,2,2,0
view3,1107,4,0,0.9416,0.8985,2,2,0
view3,1108,4,0,0.9313,0.8986,1,2,0
view3,1109,4,0,0.9338,0.8987,2,2,0
view3,1110,4,0,0.9342,0.8989,2,2,0
view3,1111,4,0,0.9322,0.899,2,2,0
view3,1112,4,0,0.9312,0.899,2,2,0
view3,1113,4,0,0.9296,0.8991,2,2,0
view3,1114,4,0,0.9315,0.8991,2,2,0
view3,1115,4,0,0.9246,0.8991,2,2,0
view3,1116,4,0,0.928,0.8992,1,2,0
view3,1117,4,0,0.9192,0.8992,3,2,0
view3,1118,4,0,0.9223,0.8992,3,3,0
view3,1119,4,0,0.9313,0.8992,3,3,0
view3,1120,4,0,0.9371,0.899,3,3,0
view3,1121,4,0,0.9172,0.899,3,3,0
view3,1122,4,0,0.9213,0.8989,3,3,0
view3,1123,4,0,0.9099,0.8988,3,2,0
view3,1124,4,0,0.8998,0.8985,3,2,0
view3,1125,4,0,0.9049,0.8984,3,3,0
view3,1126,4,0,0.9143,0.8983,3,3,0
view3,1127,4,0,0.926,0.8984,3,3,0
view3,1128,4,0,0.9198,0.8983,3,3,0
view3,1129,4,0,0.9118,0.8982,4,3,0
view3,1130,4,0,0.9161,0.8982,4,2,0
view3,1131,4,0,0.9165,0.8981,3,3,0
view3,1132,4,0,0.917,0.8981,3,2,0
view3,1133,4,0,0.9229,0.898,3,2,0
view3,1134,4,0,0.9245,0.8979,2,2,0
view3,1135,4,0,0.9272,0.8979,2,2,0
view3,1136,4,0,0.9131,0.8977,2,2,0
view3,1137,4,0,0.9147,0.8975,2,2,0
view3,1138,4,0,0.9124,0.8973,2,2,0
view3,1139,4,0,0.9232,0.8973,2,2,0
view3,1140,4,0,0.9172,0.8972,2,2,0
view3,1141,4,0,0.9204,0.8971,3,2,0
view3,1142,4,0,0.92,0.897,3,2,0
view3,1143,4,0,0.9273,0.897,3,2,0
view3,1144,4,0,0.9324,0.897,3,2,0
view3,1145,4,0,0.9259,0.897,2,2,0
view3,1146,4,0,0.9271,0.897,2,2,0
view3,1147,4,0,0.9264,0.8969,2,2,0
view3,1148,4,0,0.9161,0.8968,2,2,0
view3,1149,4,0,0.9154,0.8967,2,2,0
view3,1150,4,0,0.9287,0.8967,3,2,0
view3,1151,4,0,0.9336,0.8967,3,2,0
view3,1152,4,0,0.9319,0.8968,3,2,0
view3,1153,4,0,0.9401,0.8968,3,2,0
view3,1154,4,0,0.9316,0.8969,3,2,0
view3,1155,4,0,0.9339,0.897,3,2,0
view3,1156,4,0,0.9281,0.897,3,2,0
view3,1157,4,0,0.919,0.897,3,2,0
view3,1158,4,0,0.9128,0.897,3,2,0
view3,1159,4,0,0.9272,0.897,3,2,0
view3,1160,4,0,0.9225,0.897,3,2,0
view3,1161,4,0,0.9236,0.897,3,3,0
view3,1162,4,0,0.9168,0.897,3,3,0
view3,1163,4,0,0.9239,0.897,4,3,0
view3,1164,4,0,0.9267,0.897,4,3,0
view3,1165,4,0,0.9129,0.8969,4,2,0
view3,1166,4,0,0.9127,0.8969,4,2,0
view3,1167,4,0,0.9155,0.8968,4,2,0
view3,1168,4,0,0.9223,0.8968,4,2,0
view3,1169,4,0,0.9195,0.8967,4,3,0
view3,1170,4,0,0.9283,0.8968,4,2,0
view3,1171,4,0,0.9179,0.8968,4,2,0
view3,1172,4,0,0.9199,0.8968,4,2,0
view3,1173,4,0,0.9216,0.8968,4,2,0
view3,1174,4,0,0.9241,0.8968,4,2,0
view3,1175,4,0,0.9208,0.8968,4,2,0
view3,1176,4,0,0.9283,0.8968,4,2,0
view3,1177,4,0,0.9217,0.8968,4,2,0
view3,1178,4,0,0.9264,0.8968,4,2,0
view3,1179,4,0,0.9222,0.8968,4,2,0
view3,1180,4,0,0.9309,0.8968,4,2,0
view3,1181,4,0,0.9261,0.8968,4,2,0
view3,1182,4,0,0.9203,0.8967,4,2,0
view3,1183,4,0,0.9245,0.8967,4,2,0
view3,1184,4,0,0.9249,0.8967,4,2,0
view3,1185,4,0,0.9115,0.8965,4,2,0
view3,1186,4,0,0.9196,0.8965,4,2,0
view3,1187,4,0,0.9187,0.8964,4,2,0
view3,1188,4,0,0.9108,0.8962,4,2,0
view3,1189,4,0,0.914,0.8961,5,2,0
view3,1190,4,0,0.9223,0.8961,4,2,0
view3,1191,4,0,0.9225,0.8961,4,2,0
view3,1192,4,0,0.9118,0.8959,4,2,0
view3,1193,4,0,0.9234,0.8959,4,2,0
view3,1194,4,0,0.9169,0.8958,4,2,0
view3,1195,4,0,0.9184,0.8957,4,2,0
view3,1196,4,0,0.9175,0.8957,4,2,0
view3,1197,4,0,0.9265,0.8957,4,2,0
view3,1198,4,0,0.917,0.8956,4,2,0
view3,1199,4,0,0.904,0.8954,4,2,0
view3,1200,4,0,0.9032,0.8951,4,2,0
view3,1201,4,0,0.9279,0.895,4,2,0
view3,1202,4,0,0.9275,0.8949,4,2,0
view3,1203,4,0,0.9255,0.8949,4,2,0
view3,1204,4,0,0.9233,0.8948,5,2,0
view3,1205,4,0,0.9217,0.8948,3,2,0
view3,1206,4,0,0.9226,0.8947,3,2,0
view3,1207,4,0,0.9203,0.8947,3,2,0
view3,1208,4,0,0.9111,0.8946,3,2,0
view3,1209,4,0,0.9222,0.8946,3,2,0
view3,1210,4,0,0.9143,0.8945,3,2,0
view3,1211,4,0,0.918,0.8945,3,2,0
view3,1212,4,0,0.9251,0.8945,3,2,0
view3,1213,4,0,0.9316,0.8945,3,2,0
view3,1214,4,0,0.9289,0.8945,4,2,0
view3,1215,4,0,0.9315,0.8946,3,2,0
view3,1216,4,0,0.9213,0.8946,4,2,0
view3,1217,4,0,0.9326,0.8946,4,2,0
view3,1218,4,0,0.9354,0.8947,4,2,0
view3,1219,4,0,0.9308,0.8947,4,2,0
view3,1220,4,0,0.9304,0.8947,4,2,0
view3,1221,4,0,0.9272,0.8948,4,2,0
view3,1222,4,0,0.9152,0.8947,4,2,0
view3,1223,4,0,0.9188,0.8946,4,2,0
view3,1224,4,0,0.9264,0.8946,4,2,0
view3,1225,4,0,0.9298,0.8946,4,2,0
view3,1226,4,0,0.9258,0.8946,4,2,0
view3,1227,4,0,0.9262,0.8946,4,2,0
view3,1228,4,0,0.9179,0.8946,4,2,0
view3,1229,4,0,0.9092,0.8945,4,2,0
view3,1230,4,0,0.924,0.8945,4,3,0
view3,1231,4,0,0.9225,0.8946,4,2,0
view3,1232,4,0,0.9178,0.8946,3,2,0
view3,1233,4,0,0.9238,0.8946,4,2,0
view3,1234,4,0,0.9285,0.8946,4,2,0
view3,1235,4,0,0.9247,0.8946,4,2,0
view3,1236,4,0,0.9163,0.8946,5,2,0
view3,1237,4,0,0.9267,0.8947,3,2,0
view3,1238,4,0,0.9239,0.8947,3,2,0
view3,1239,4,0,0.9229,0.8947,3,2,0
view3,1240,4,0,0.915,0.8947,3,2,0
view3,1241,4,0,0.9173,0.8947,3,2,0
view3,1242,4,0,0.9202,0.8946,4,2,0
view3,1243,4,0,0.9189,0.8946,4,2,0
view3,1244,4,0,0.9167,0.8946,5,2,0
view3,1245,4,0,0.9097,0.8944,4,2,0
view3,1246,4,0,0.9093,0.8943,4,2,0
view3,1247,4,0,0.9163,0.8943,4,2,0
view3,1248,4,0,0.9016,0.8941,4,2,0
view3,1249,4,0,0.9081,0.894,4,2,0
view3,1250,5,1,0.0,0.85,4,0,0
view3,1251,5,0,0.9695,0.85,4,4,0
view3,1252,5,0,0.9509,0.9509,4,4,0
view3,1253,5,0,0.9632,0.9535,4,4,0
view3,1254,5,0,0.9596,0.9541,4,4,0
view3,1255,5,0,0.9545,0.953,4,4,0
view3,1256,5,1,0.9487,0.9506,3,4,0
view3,1257,5,0,0.9765,0.9386,3,3,0
view3,1258,5,0,0.9782,0.9378,3,3,0
view3,1259,5,0,0.9735,0.9369,3,3,0
view3,1260,5,0,0.9738,0.937,3,3,0
view3,1261,5,0,0.9734,0.9377,3,3,0
view3,1262,5,0,0.9778,0.9383,3,3,0
view3,1263,5,0,0.976,0.9393,3,3,0
view3,1264,5,0,0.9646,0.9392,3,3,0
view3,1265,5,0,0.9488,0.9358,3,3,0
view3,1266,5,0,0.9473,0.9337,3,3,0
view3,1267,5,0,0.9594,0.9331,3,3,0
view3,1268,5,0,0.9566,0.9326,5,3,0
view3,1269,5,0,0.9618,0.933,4,3,0
view3,1270,5,0,0.9659,0.9332,5,3,0
view3,1271,5,0,0.9449,0.9321,4,3,0
view3,1272,5,0,0.9528,0.9311,3,3,0
view3,1273,5,0,0.9547,0.9311,4,3,0
view3,1274,5,0,0.9457,0.9309,4,3,0
view3,1275,5,0,0.9399,0.9305,5,3,0
view3,1276,5,0,0.93,0.9295,4,3,0
view3,1277,5,0,0.9478,0.9295,4,3,0
view3,1278,5,0,0.9504,0.9298,4,3,0
view3,1279,5,0,0.9501,0.9299,4,3,0
view3,1280,5,0,0.9362,0.9292,4,3,0
view3,1281,5,0,0.9524,0.9294,4,3,0
view3,1282,5,0,0.9483,0.9296,4,3,0
view3,1283,5,0,0.9519,0.93,4,4,0
view3,1284,5,0,0.9541,0.9303,3,4,0
view3,1285,5,0,0.9591,0.9308,4,4,0
view3,1286,5,0,0.9607,0.9311,4,4,0
view3,1287,5,0,0.9507,0.9312,4,4,0
view3,1288,5,0,0.9569,0.9314,4,4,0
view3,1289,5,0,0.9561,0.9316,4,4,0
view3,1290,5,0,0.9566,0.9315,4,4,0
view3,1291,5,0,0.9434,0.931,4,4,0
view3,1292,5,0,0.9476,0.9306,4,4,0
view3,1293,5,0,0.9438,0.9297,4,4,0
view3,1294,5,0,0.9513,0.9295,4,4,0
view3,1295,5,0,0.9453,0.929,4,4,0
view3,1296,5,0,0.9449,0.9286,4,4,0
view3,1297,5,0,0.9449,0.9282,4,4,0
view3,1298,5,0,0.9475,0.9281,5,4,0
view3,1299,5,0,0.9414,0.9279,4,4,0
view3,1300,5,0,0.9459,0.9279,4,4,0
view3,1301,5,0,0.9427,0.9279,4,4,0
view3,1302,5,0,0.9479,0.928,4,4,0
view3,1303,5,0,0.9439,0.9279,4,4,0
view3,1304,5,0,0.9428,0.9279,4,4,0
view3,1305,5,0,0.9401,0.9277,4,4,0
view3,1306,5,0,0.9403,0.9275,4,4,0
view3,1307,5,0,0.9325,0.9272,3,4,0
view3,1308,5,0,0.9304,0.9269,3,4,0
view3,1309,5,0,0.9347,0.9267,3,4,0
view3,1310,5,0,0.9397,0.9266,2,4,0
view3,1311,5,0,0.94,0.9265,3,4,0
view3,1312,5,0,0.9297,0.9262,3,4,0
view3,1313,5,0,0.9387,0.926,3,4,0
view3,1314,5,0,0.942,0.926,3,4,0
view3,1315,5,0,0.9446,0.926,3,4,0
view3,1316,5,0,0.94,0.9257,3,4,0
view3,1317,5,0,0.9373,0.9255,4,4,0
view3,1318,5,0,0.9442,0.9254,4,4,0
view3,1319,5,0,0.9441,0.9253,3,4,0
view3,1320,5,0,0.9511,0.9254,3,4,0
view3,1321,5,0,0.9295,0.9252,4,4,0
view3,1322,5,0,0.9347,0.9252,4,4,0
view3,1323,5,0,0.9353,0.9251,4,4,0
view3,1324,5,0,0.9397,0.925,4,4,0
view3,1325,5,0,0.9422,0.9249,4,4,0
view3,1326,5,0,0.9431,0.9249,4,4,0
view3,1327,5,0,0.9422,0.9248,4,4,0
view3,1328,5,0,0.9381,0.9248,4,4,0
view3,1329,5,0,0.9421,0.9246,4,4,0
view3,1330,5,0,0.9432,0.9245,4,4,0
view3,1331,5,0,0.9437,0.9244,4,4,0
view3,1332,5,0,0.9565,0.9245,4,4,0
view3,1333,5,0,0.9548,0.9246,4,4,0
view3,1334,5,0,0.9513,0.9248,4,3,0
view3,1335,5,0,0.9506,0.925,4,3,0
view3,1336,5,0,0.9497,0.9251,4,3,0
view3,1337,5,0,0.9345,0.9251,4,3,0
view3,1338,5,0,0.9366,0.9251,4,3,0
view3,1339,5,0,0.9382,0.925,4,3,0
view3,1340,5,0,0.9413,0.9248,4,3,0
view3,1341,5,0,0.9499,0.9249,4,3,0
view3,1342,5,0,0.9515,0.9249,4,3,0
view3,1343,5,0,0.9449,0.9249,4,3,0
view3,1344,5,0,0.939,0.9249,4,3,0
view3,1345,5,0,0.9375,0.9247,3,3,0
view3,1346,5,0,0.9336,0.9245,3,3,0
view3,1347,5,1,0.9234,0.9241,3,3,0
view3,1348,5,0,0.9883,0.9238,3,3,0
view3,1349,5,0,0.9795,0.9234,3,3,0
view3,1350,5,0,0.9717,0.9232,3,3,0
view3,1351,5,0,0.9685,0.9231,3,3,0
view3,1352,5,0,0.9676,0.9229,3,3,0
view3,1353,5,0,0.9638,0.9229,3,3,0
view3,1354,5,0,0.9605,0.9229,3,3,0
view3,1355,5,0,0.9589,0.923,4,3,0
view3,1356,5,0,0.953,0.9231,3,3,0
view3,1357,5,0,0.9567,0.9232,4,3,0
view3,1358,5,0,0.9576,0.9233,4,3,0
view3,1359,5,0,0.9613,0.9232,4,3,0
view3,1360,5,0,0.9538,0.9231,4,3,0
view3,1361,5,0,0.9427,0.9229,4,3,0
view3,1362,5,1,0.9091,0.9215,4,3,0
view3,1363,5,0,0.9543,0.9215,4,3,0
view3,1364,5,0,0.9541,0.9215,4,3,0
view3,1365,5,0,0.9483,0.9215,3,3,0
view3,1366,5,0,0.9583,0.9215,3,3,0
view3,1367,5,0,0.949,0.9214,3,3,0
view3,1368,5,0,0.9507,0.9213,4,3,0
view3,1369,5,0,0.9567,0.9211,3,3,0
view3,1370,5,0,0.9565,0.9209,4,3,0
view3,1371,5,0,0.9535,0.9205,3,3,0
view3,1372,5,0,0.939,0.9198,4,3,0
view3,1373,5,0,0.9431,0.9195,5,3,0
view3,1374,5,0,0.9444,0.919,4,3,0
view3,1375,5,0,0.953,0.9186,4,3,0
view3,1376,5,0,0.9452,0.9184,4,3,0
view3,1377,5,0,0.9498,0.9181,5,3,0
view3,1378,5,0,0.946,0.9178,4,3,0
view3,1379,5,0,0.9337,0.9174,4,3,0
view3,1380,5,0,0.9271,0.9169,4,3,0
view3,1381,5,0,0.9356,0.9165,3,3,0
view3,1382,5,0,0.9447,0.916,3,3,0
view3,1383,5,0,0.9413,0.9155,3,3,0
view3,1384,5,0,0.9449,0.9152,3,3,0
view3,1385,5,0,0.9364,0.9147,3,3,0
view3,1386,5,0,0.9479,0.9143,3,3,0
view3,1387,5,0,0.947,0.9139,3,3,0
view3,1388,5,0,0.9298,0.9133,3,3,0
view3,1389,5,0,0.9308,0.9127,3,3,0
view3,1390,5,0,0.9261,0.912,3,3,0
view3,1391,5,0,0.9393,0.9116,3,3,0
view3,1392,5,0,0.9386,0.9112,4,3,0
view3,1393,5,0,0.9275,0.9105,3,3,0
view3,1394,5,0,0.9163,0.9093,4,3,0
view3,1395,5,0,0.9241,0.9085,4,3,0
view3,1396,5,0,0.9145,0.9075,4,3,0
view3,1397,5,0,0.9226,0.9067,2,3,0
view3,1398,5,0,0.9177,0.906,2,3,0
view3,1399,5,0,0.9239,0.9055,2,3,0
view3,1400,5,0,0.9218,0.9049,2,3,0
view3,1401,5,0,0.9193,0.9045,2,3,0
view3,1402,5,0,0.9196,0.9041,2,3,0
view3,1403,5,0,0.919,0.9036,2,3,0
view3,1404,5,0,0.9133,0.9033,2,4,0
view3,1405,5,0,0.9081,0.9029,2,3,0
view3,1406,5,0,0.9094,0.9025,3,3,0
view3,1407,5,0,0.9085,0.9021,3,4,0
view3,1408,5,0,0.915,0.9018,3,3,0
view3,1409,5,0,0.9185,0.9016,4,3,0
view3,1410,5,0,0.9192,0.9014,3,4,0
view3,1411,5,0,0.921,0.9013,3,4,0
view3,1412,5,0,0.921,0.901,3,3,0
view3,1413,5,0,0.9189,0.9009,3,4,0
view3,1414,5,0,0.9187,0.9007,3,4,0
view3,1415,5,0,0.9183,0.9005,3,4,0
view3,1416,5,0,0.9233,0.9003,3,4,0
view3,1417,5,0,0.9289,0.9002,3,4,0
view3,1418,5,0,0.9226,0.9,3,4,0
view3,1419,5,0,0.9215,0.8998,3,4,0
view3,1420,5,0,0.9233,0.8995,3,4,0
view3,1421,5,0,0.9255,0.8993,3,4,0
view3,1422,5,0,0.9253,0.8991,3,4,0
view3,1423,5,0,0.9208,0.8988,3,4,0
view3,1424,5,0,0.9235,0.8985,4,4,0
view3,1425,5,0,0.9214,0.8981,3,4,0
view3,1426,5,0,0.9256,0.8979,3,4,0
view3,1427,5,0,0.9248,0.8977,3,4,0
view3,1428,5,0,0.9208,0.8974,3,4,0
view3,1429,5,0,0.9274,0.8972,3,4,0
view3,1430,5,0,0.925,0.897,3,4,0
view3,1431,5,0,0.9296,0.8968,3,4,0
view3,1432,5,0,0.9294,0.8966,3,4,0
view3,1433,5,0,0.9266,0.8963,3,4,0
view3,1434,5,0,0.918,0.896,4,4,0
view3,1435,5,0,0.9228,0.8957,4,4,0
view3,1436,5,0,0.9226,0.8955,3,4,0
view3,1437,5,0,0.9226,0.8952,3,4,0
view3,1438,5,0,0.91,0.8948,3,4,0
view3,1439,5,0,0.9166,0.8944,3,4,0
view3,1440,5,0,0.9226,0.8941,4,4,0
view3,1441,5,0,0.9206,0.8938,5,4,0
view3,1442,5,0,0.9199,0.8936,4,4,0
view3,1443,5,0,0.9229,0.8933,4,4,0
view3,1444,5,0,0.9291,0.893,4,4,0
view3,1445,5,0,0.9308,0.8927,4,4,0
view3,1446,5,0,0.9275,0.8924,4,4,0
view3,1447,5,0,0.9232,0.8921,4,4,0
view3,1448,5,0,0.9164,0.8919,4,4,0
view3,1449,5,0,0.9212,0.8915,4,4,0
view3,1450,5,0,0.9138,0.8913,4,4,0
view3,1451,5,0,0.9151,0.891,4,4,0
view3,1452,5,0,0.9171,0.8908,5,4,0
view3,1453,5,0,0.9081,0.8905,4,4,0
view3,1454,5,0,0.9138,0.8903,4,4,0
view3,1455,5,0,0.9001,0.8899,4,4,0
view3,1456,5,0,0.905,0.8895,4,4,0
view3,1457,5,0,0.91,0.8892,4,4,0
view3,1458,5,0,0.9023,0.8887,4,4,0
view3,1459,5,0,0.9202,0.8885,4,4,0
view3,1460,5,0,0.9182,0.8885,4,4,0
view3,1461,5,0,0.9209,0.8884,3,4,0
view3,1462,5,0,0.9267,0.8884,4,4,0
view3,1463,5,0,0.9291,0.8884,4,4,0
view3,1464,5,0,0.9268,0.8884,4,4,0
view3,1465,5,0,0.9279,0.8885,3,4,0
view3,1466,5,0,0.9199,0.8884,4,4,0
view3,1467,5,0,0.9285,0.8885,4,4,0
view3,1468,5,0,0.9154,0.8884,4,4,0
view3,1469,5,0,0.9069,0.8883,4,3,0
view3,1470,5,0,0.9104,0.8881,3,3,0
view3,1471,5,0,0.9087,0.888,3,4,0
view3,1472,5,0,0.9127,0.8879,3,4,0
view3,1473,5,0,0.9122,0.8878,3,4,0
view3,1474,5,0,0.915,0.8877,3,4,0
view3,1475,5,0,0.9232,0.8876,3,3,0
view3,1476,5,0,0.9321,0.8877,3,3,0
view3,1477,5,0,0.9361,0.8877,3,3,0
view3,1478,5,0,0.9334,0.8877,3,3,0
view3,1479,5,0,0.9308,0.8877,3,3,0
view3,1480,5,0,0.9398,0.8877,3,3,0
view3,1481,5,0,0.9328,0.8876,3,3,0
view3,1482,5,0,0.9238,0.8876,3,3,0
view3,1483,5,0,0.922,0.8875,3,3,0
view3,1484,5,0,0.9124,0.8873,2,3,0
view3,1485,5,0,0.9135,0.8872,2,3,0
view3,1486,5,0,0.9125,0.887,2,3,0
view3,1487,5,0,0.9133,0.8868,2,3,0
view3,1488,5,0,0.9048,0.8866,2,3,0
view3,1489,5,0,0.9101,0.8863,2,3,0
view3,1490,5,0,0.9052,0.886,2,3,0
view3,1491,5,0,0.9071,0.8857,2,3,0
view3,1492,5,0,0.9081,0.8853,2,3,0
view3,1493,5,0,0.9186,0.8851,2,3,0
view3,1494,5,0,0.9217,0.8849,2,3,0
view3,1495,5,0,0.9156,0.8847,2,3,0
view3,1496,5,0,0.9232,0.8846,3,3,0
view3,1497,5,0,0.9162,0.8845,3,3,0
view3,1498,5,0,0.9135,0.8843,3,3,0
view3,1499,5,0,0.9184,0.8842,2,3,0
view3,1500,6,1,0.0,0.85,4,0,0
view3,1501,6,0,0.9878,0.85,4,4,0
view3,1502,6,0,0.971,0.971,3,4,0
view3,1503,6,0,0.9723,0.9694,2,4,0
view3,1504,6,1,0.9652,0.9657,4,4,0
view3,1505,6,0,0.9858,0.9647,5,4,0
view3,1506,6,0,0.9708,0.9604,4,4,0
view3,1507,6,0,0.9656,0.9572,4,4,0
view3,1508,6,0,0.9633,0.9547,4,4,0
view3,1509,6,0,0.9588,0.9512,4,4,0
view3,1510,6,0,0.9637,0.9483,4,4,0
view3,1511,6,0,0.9485,0.9444,4,4,0
view3,1512,6,0,0.9459,0.941,4,4,0
view3,1513,6,0,0.9443,0.9375,4,4,0
view3,1514,6,0,0.943,0.9344,4,4,0
view3,1515,6,0,0.9352,0.9317,4,4,0
view3,1516,6,0,0.9441,0.9303,4,4,0
view3,1517,6,0,0.9438,0.9289,4,4,0
view3,1518,6,0,0.9486,0.9284,4,4,0
view3,1519,6,0,0.9429,0.9279,4,4,0
view3,1520,6,0,0.9434,0.927,4,4,0
view3,1521,6,0,0.951,0.9272,4,4,0
view3,1522,6,0,0.9443,0.9266,4,4,0
view3,1523,6,0,0.9437,0.9262,4,4,0
view3,1524,6,0,0.9422,0.9256,4,4,0
view3,1525,6,0,0.9316,0.9239,4,4,0
view3,1526,6,0,0.9349,0.9228,4,4,0
view3,1527,6,0,0.9415,0.9225,4,4,0
view3,1528,6,0,0.9379,0.9219,4,4,0
view3,1529,6,0,0.9399,0.9213,4,4,0
view3,1530,6,0,0.9393,0.9211,4,4,0
view3,1531,6,0,0.9403,0.9208,4,4,0
view3,1532,6,0,0.9278,0.9198,4,4,0
view3,1533,6,0,0.927,0.9185,5,4,0
view3,1534,6,0,0.9321,0.9176,4,4,0
view3,1535,6,0,0.9224,0.9165,4,4,0
view3,1536,6,0,0.9246,0.9158,5,4,0
view3,1537,6,0,0.922,0.9148,4,4,0
view3,1538,6,0,0.916,0.9135,4,4,0
view3,1539,6,1,0.9115,0.912,4,4,0
view3,1540,6,0,0.9915,0.9106,4,4,0
view3,1541,6,0,0.9879,0.9099,4,4,0
view3,1542,6,0,0.985,0.9092,4,4,0
view3,1543,6,0,0.9804,0.9087,4,4,0
view3,1544,6,0,0.9779,0.9084,4,4,0
view3,1545,6,0,0.9761,0.9083,4,4,0
view3,1546,6,0,0.9667,0.9075,4,4,0
view3,1547,6,0,0.968,0.9074,4,4,0
view3,1548,6,0,0.9538,0.9075,4,4,0
view3,1549,6,0,0.9608,0.9077,4,4,0
view3,1550,6,0,0.9569,0.9077,4,4,0
view3,1551,6,0,0.9593,0.9078,4,4,0
view3,1552,6,0,0.9518,0.9079,4,4,0
view3,1553,6,0,0.9491,0.908,4,4,0
view3,1554,6,0,0.9493,0.9077,4,4,0
view3,1555,6,0,0.9483,0.9072,4,4,0
view3,1556,6,0,0.9377,0.9064,4,4,0
view3,1557,6,0,0.9459,0.9059,4,4,0
view3,1558,6,0,0.9449,0.9052,4,4,0
view3,1559,6,0,0.9428,0.9041,4,4,0
view3,1560,6,0,0.9428,0.9033,4,4,0
view3,1561,6,0,0.938,0.9025,4,4,0
view3,1562,6,0,0.9399,0.9018,4,4,0
view3,1563,6,0,0.9422,0.9012,4,4,0
view3,1564,6,0,0.9419,0.9003,4,4,0
view3,1565,6,0,0.951,0.8998,4,4,0
view3,1566,6,0,0.9417,0.8989,4,4,0
view3,1567,6,0,0.9452,0.8985,4,4,0
view3,1568,6,0,0.9451,0.898,4,4,0
view3,1569,6,0,0.9459,0.8974,4,4,0
view3,1570,6,0,0.9411,0.8973,4,4,0
view3,1571,6,0,0.9341,0.897,4,4,0
view3,1572,6,0,0.931,0.8969,4,4,0
view3,1573,6,0,0.9309,0.8969,4,4,0
view3,1574,6,0,0.9367,0.897,4,4,0
view3,1575,6,0,0.9402,0.8971,4,4,0
view3,1576,6,0,0.9333,0.8971,6,4,0
view3,1577,6,0,0.9309,0.8972,4,4,0
view3,1578,6,0,0.9325,0.8973,5,4,0
view3,1579,6,0,0.9226,0.8971,4,4,0
view3,1580,6,0,0.9231,0.8968,4,4,0
view3,1581,6,0,0.9235,0.8965,4,4,0
view3,1582,6,0,0.9272,0.8962,4,4,0
view3,1583,6,0,0.9293,0.896,4,4,0
view3,1584,6,0,0.9379,0.8958,4,4,0
view3,1585,6,0,0.9372,0.8957,3,4,0
view3,1586,6,0,0.939,0.8954,3,4,0
view3,1587,6,0,0.92,0.8949,3,4,0
view3,1588,6,0,0.9197,0.8944,3,4,0
view3,1589,6,0,0.9382,0.8943,3,4,0
view3,1590,6,0,0.9325,0.8942,2,4,0
view3,1591,6,0,0.9332,0.8941,2,4,0
view3,1592,6,0,0.937,0.894,2,4,0
view3,1593,6,0,0.9347,0.8939,2,4,0
view3,1594,6,0,0.9392,0.894,2,4,0
view3,1595,6,0,0.9356,0.8941,2,4,0
view3,1596,6,0,0.9313,0.8942,3,4,0
view3,1597,6,0,0.9402,0.8942,4,4,0
view3,1598,6,0,0.9301,0.8941,4,4,0
view3,1599,6,0,0.9267,0.894,3,4,0
view3,1600,6,0,0.9292,0.8938,3,4,0
view3,1601,6,0,0.9355,0.8937,3,4,0
view3,1602,6,0,0.9433,0.8937,3,4,0
view3,1603,6,0,0.9424,0.8938,3,4,0
view3,1604,6,0,0.9421,0.8939,4,4,0
view3,1605,6,0,0.9369,0.894,3,4,0
view3,1606,6,0,0.9276,0.894,3,4,0
view3,1607,6,0,0.9076,0.8938,3,4,0
view3,1608,6,1,0.8906,0.8933,4,4,0
view3,1609,6,0,0.9825,0.8926,3,4,0
view3,1610,6,0,0.97,0.8924,4,4,0
view3,1611,6,0,0.965,0.8924,4,4,0
view3,1612,6,0,0.9504,0.8923,4,4,0
view3,1613,6,0,0.9403,0.8923,4,4,0
view3,1614,6,0,0.9448,0.8924,4,4,0
view3,1615,6,0,0.9438,0.8924,4,4,0
view3,1616,6,0,0.9357,0.8924,4,4,0
view3,1617,6,0,0.9264,0.8925,3,4,0
view3,1618,6,0,0.9354,0.8925,3,4,0
view3,1619,6,0,0.9299,0.8924,3,4,0
view3,1620,6,0,0.9313,0.8924,3,4,0
view3,1621,6,0,0.9239,0.8924,4,4,0
view3,1622,6,0,0.9355,0.8925,3,4,0
view3,1623,6,0,0.9385,0.8926,3,4,0
view3,1624,6,0,0.9345,0.8926,3,4,0
view3,1625,6,0,0.9338,0.8925,3,4,0
view3,1626,6,0,0.9301,0.8925,3,4,0
view3,1627,6,0,0.9303,0.8923,4,4,0
view3,1628,6,0,0.9367,0.8923,4,4,0
view3,1629,6,0,0.9391,0.8924,4,4,0
view3,1630,6,0,0.9281,0.8925,4,4,0
view3,1631,6,0,0.9213,0.8926,4,4,0
view3,1632,6,0,0.9289,0.8927,4,4,0
view3,1633,6,0,0.9312,0.8928,4,4,0
view3,1634,6,0,0.9337,0.8929,4,4,0
view3,1635,6,0,0.9343,0.893,4,4,0
view3,1636,6,0,0.9348,0.8931,4,4,0
view3,1637,6,0,0.9346,0.8933,4,4,0
view3,1638,6,0,0.9449,0.8934,4,4,0
view3,1639,6,0,0.9388,0.8935,4,4,0
view3,1640,6,0,0.942,0.8937,4,4,0
view3,1641,6,0,0.9365,0.8939,4,4,0
view3,1642,6,0,0.9351,0.8941,4,4,0
view3,1643,6,0,0.945,0.8943,4,4,0
view3,1644,6,0,0.9395,0.8945,4,4,0
view3,1645,6,0,0.9338,0.8946,4,4,0
view3,1646,6,0,0.9306,0.8948,4,4,0
view3,1647,6,0,0.9236,0.8949,4,4,0
view3,1648,6,0,0.9216,0.895,4,4,0
view3,1649,6,0,0.9255,0.8951,4,4,0
view3,1650,6,0,0.9145,0.895,4,4,0
view3,1651,6,0,0.9185,0.8951,4,4,0
view3,1652,6,0,0.9124,0.895,4,4,0
view3,1653,6,0,0.9103,0.8947,4,4,0
view3,1654,6,0,0.9157,0.8945,4,4,0
view3,1655,6,0,0.9306,0.8944,3,4,0
view3,1656,6,0,0.9069,0.8942,3,4,0
view3,1657,6,0,0.9223,0.8941,3,4,0
view3,1658,6,0,0.9219,0.8941,3,4,0
view3,1659,6,0,0.9262,0.894,4,4,0
view3,1660,6,0,0.9176,0.894,4,4,0
view3,1661,6,0,0.9293,0.894,4,4,0
view3,1662,6,0,0.9068,0.8939,4,4,0
view3,1663,6,0,0.9213,0.894,4,4,0
view3,1664,6,0,0.9339,0.8941,4,4,0
view3,1665,6,0,0.9387,0.8942,4,4,0
view3,1666,6,0,0.9446,0.8943,4,4,0
view3,1667,6,0,0.9412,0.8943,4,4,0
view3,1668,6,0,0.941,0.8944,4,4,0
view3,1669,6,0,0.9395,0.8944,4,4,0
view3,1670,6,0,0.9475,0.8944,4,4,0
view3,1671,6,0,0.9363,0.8944,4,4,0
view3,1672,6,0,0.9448,0.8942,4,4,0
view3,1673,6,0,0.9447,0.8941,4,4,0
view3,1674,6,0,0.9364,0.894,4,4,0
view3,1675,6,0,0.9361,0.8938,4,4,0
view3,1676,6,0,0.9457,0.8936,4,4,0
view3,1677,6,0,0.934,0.8933,4,4,0
view3,1678,6,0,0.932,0.8931,3,4,0
view3,1679,6,0,0.9349,0.8929,3,4,0
view3,1680,6,0,0.9214,0.8924,3,4,0
view3,1681,6,0,0.9271,0.8922,3,4,0
view3,1682,6,0,0.9226,0.8917,4,4,0
view3,1683,6,0,0.9067,0.8913,4,4,0
view3,1684,6,0,0.8985,0.891,4,4,0
view3,1685,6,0,0.8907,0.8907,4,4,0
view3,1686,6,1,0.8848,0.8903,4,4,0
view3,1687,6,0,0.9828,0.8895,4,4,0
view3,1688,6,0,0.9774,0.889,4,4,0
view3,1689,6,0,0.9664,0.8888,4,4,0
view3,1690,6,0,0.9689,0.8886,4,4,0
view3,1691,6,0,0.9695,0.8882,3,4,0
view3,1692,6,0,0.9595,0.888,4,4,0
view3,1693,6,0,0.9456,0.8877,5,4,0
view3,1694,6,0,0.9485,0.8875,4,4,0
view3,1695,6,0,0.9413,0.8873,4,4,0
view3,1696,6,0,0.9387,0.8869,4,4,0
view3,1697,6,0,0.9412,0.8863,4,4,0
view3,1698,6,0,0.9361,0.886,4,4,0
view3,1699,6,0,0.9479,0.8858,3,4,0
view3,1700,6,0,0.9324,0.8856,3,4,0
view3,1701,6,0,0.9314,0.8855,3,4,0
view3,1702,6,0,0.9392,0.8853,3,4,0
view3,1703,6,0,0.9285,0.885,4,4,0
view3,1704,6,0,0.9232,0.8847,3,4,0
view3,1705,6,0,0.924,0.8844,3,4,0
view3,1706,6,0,0.9294,0.8842,3,4,0
view3,1707,6,0,0.9323,0.8842,2,4,0
view3,1708,6,0,0.9403,0.8842,3,4,0
view3,1709,6,0,0.938,0.8842,3,4,0
view3,1710,6,0,0.9233,0.8841,4,4,0
view3,1711,6,0,0.913,0.8839,3,4,0
view3,1712,6,0,0.9111,0.8837,3,4,0
view3,1713,6,0,0.9166,0.8836,3,4,0
view3,1714,6,0,0.9052,0.8833,3,4,0
view3,1715,6,0,0.9004,0.883,3,4,0
view3,1716,6,0,0.9108,0.8828,3,4,0
view3,1717,6,0,0.9089,0.8825,2,4,0
view3,1718,6,0,0.8969,0.8822,3,4,0
view3,1719,6,0,0.8943,0.8818,3,4,0
view3,1720,6,0,0.9005,0.8815,3,4,0
view3,1721,6,0,0.8993,0.8811,4,4,0
view3,1722,6,0,0.8997,0.8808,4,4,0
view3,1723,6,0,0.8807,0.8801,5,4,0
view3,1724,6,0,0.9091,0.8799,3,4,0
view3,1725,6,0,0.912,0.8797,3,4,0
view3,1726,6,0,0.9049,0.8794,3,4,0
view3,1727,6,0,0.9022,0.8792,3,4,0
view3,1728,6,0,0.8941,0.8789,3,4,0
view3,1729,6,0,0.8885,0.8785,3,4,0
view3,1730,6,0,0.9123,0.8783,3,4,0
view3,1731,6,0,0.9118,0.878,3,4,0
view3,1732,6,0,0.9252,0.8778,3,4,0
view3,1733,6,0,0.9305,0.8776,3,4,0
view3,1734,6,0,0.9375,0.8775,3,4,0
view3,1735,6,0,0.9313,0.8774,4,4,0
view3,1736,6,0,0.937,0.8773,4,4,0
view3,1737,6,0,0.9338,0.8773,4,4,0
view3,1738,6,0,0.9356,0.8773,4,4,0
view3,1739,6,0,0.93,0.8773,3,4,0
view3,1740,6,0,0.9238,0.8773,3,4,0
view3,1741,6,0,0.9238,0.8774,3,4,0
view3,1742,6,0,0.9231,0.8774,3,4,0
view3,1743,6,0,0.9271,0.8774,3,4,0
view3,1744,6,0,0.9294,0.8774,3,4,0
view3,1745,6,0,0.9284,0.8774,3,4,0
view3,1746,6,0,0.9279,0.8774,3,4,0
view3,1747,6,0,0.9243,0.8775,3,4,0
view3,1748,6,0,0.9283,0.8776,3,4,0
view3,1749,6,0,0.9258,0.8776,3,4,0
view3,1750,7,1,0.0,0.85,3,0,0
view3,1751,7,0,0.9859,0.85,4,3,0
view3,1752,7,0,0.9847,0.9847,4,3,0
view3,1753,7,1,0.9746,0.9767,4,3,0
view3,1754,7,0,0.9887,0.9736,4,4,0
view3,1755,7,0,0.9809,0.9704,4,4,0
view3,1756,7,0,0.9774,0.9693,5,4,0
view3,1757,7,0,0.9728,0.9674,5,4,0
view3,1758,7,0,0.9641,0.9605,4,4,0
view3,1759,7,0,0.9631,0.9561,4,4,0
view3,1760,7,0,0.9535,0.952,4,4,0
view3,1761,7,1,0.9443,0.9467,4,4,0
view3,1762,7,0,0.9822,0.943,4,4,0
view3,1763,7,0,0.9726,0.9377,4,4,0
view3,1764,7,0,0.9668,0.9364,4,4,0
view3,1765,7,0,0.9629,0.9364,4,4,0
view3,1766,7,0,0.9521,0.9343,4,4,0
view3,1767,7,0,0.9559,0.9351,4,4,0
view3,1768,7,0,0.9514,0.9354,4,4,0
view3,1769,7,0,0.9478,0.9349,4,4,0
view3,1770,7,0,0.9429,0.934,4,4,0
view3,1771,7,0,0.9435,0.9333,4,3,0
view3,1772,7,0,0.9511,0.9332,4,3,0
view3,1773,7,0,0.9518,0.9332,4,3,0
view3,1774,7,0,0.9424,0.9322,4,4,0
view3,1775,7,0,0.9478,0.9314,3,3,0
view3,1776,7,1,0.9259,0.9281,4,4,0
view3,1777,7,0,0.9787,0.9264,3,4,0
view3,1778,7,0,0.9692,0.9257,3,4,0
view3,1779,7,0,0.9603,0.9254,3,4,0
view3,1780,7,0,0.9422,0.9253,4,4,0
view3,1781,7,0,0.9332,0.9244,3,4,0
view3,1782,7,0,0.9451,0.9245,3,4,0
view3,1783,7,0,0.9339,0.9242,3,4,0
view3,1784,7,0,0.9286,0.9236,3,4,0
view3,1785,7,1,0.9209,0.9223,3,4,0
view3,1786,7,0,0.9842,0.9209,2,3,0
view3,1787,7,0,0.9778,0.9186,3,3,0
view3,1788,7,0,0.9783,0.9167,2,3,0
view3,1789,7,0,0.9727,0.9154,2,3,0
view3,1790,7,0,0.9693,0.9136,2,3,0
view3,1791,7,0,0.966,0.9119,3,3,0
view3,1792,7,0,0.9676,0.9104,3,3,0
view3,1793,7,0,0.9693,0.9099,2,3,0
view3,1794,7,0,0.9682,0.9096,2,3,0
view3,1795,7,0,0.9646,0.9093,3,3,0
view3,1796,7,0,0.9669,0.9092,3,3,0
view3,1797,7,0,0.9623,0.9091,3,3,0
view3,1798,7,0,0.9642,0.909,3,3,0
view3,1799,7,0,0.9596,0.9087,3,3,0
view3,1800,7,0,0.9592,0.9085,3,3,0
view3,1801,7,0,0.9466,0.9075,3,3,0
view3,1802,7,0,0.948,0.9066,3,3,0
view3,1803,7,0,0.9592,0.9059,3,3,0
view3,1804,7,0,0.95,0.9053,3,3,0
view3,1805,7,0,0.9345,0.9037,3,3,0
view3,1806,7,0,0.9505,0.9028,3,3,0
view3,1807,7,0,0.9491,0.9022,3,3,0
view3,1808,7,0,0.9431,0.9016,3,3,0
view3,1809,7,0,0.9258,0.8997,3,3,0
view3,1810,7,0,0.919,0.8977,3,4,0
view3,1811,7,0,0.9285,0.8967,3,3,0
view3,1812,7,0,0.932,0.8958,4,3,0
view3,1813,7,0,0.9281,0.8949,3,3,0
view3,1814,7,0,0.9398,0.8945,4,3,0
view3,1815,7,0,0.9401,0.8941,4,3,0
view3,1816,7,0,0.9322,0.8936,4,4,0
view3,1817,7,0,0.9349,0.8935,4,4,0
view3,1818,7,0,0.936,0.8933,4,3,0
view3,1819,7,0,0.9377,0.8931,4,4,0
view3,1820,7,0,0.934,0.8927,4,4,0
view3,1821,7,0,0.9304,0.8922,4,3,0
view3,1822,7,0,0.9326,0.8917,4,3,0
view3,1823,7,0,0.9376,0.8915,4,3,0
view3,1824,7,0,0.9336,0.8911,4,3,0
view3,1825,7,0,0.9277,0.8908,4,4,0
view3,1826,7,0,0.9261,0.8906,4,4,0
view3,1827,7,0,0.9252,0.8904,4,4,0
view3,1828,7,0,0.9186,0.89,4,3,0
view3,1829,7,0,0.9357,0.89,4,4,0
view3,1830,7,0,0.9309,0.89,3,4,0
view3,1831,7,0,0.9291,0.8899,4,4,0
view3,1832,7,0,0.9293,0.8898,4,3,0
view3,1833,7,0,0.9203,0.8894,4,4,0
view3,1834,7,0,0.9189,0.889,4,4,0
view3,1835,7,0,0.9264,0.8889,4,4,0
view3,1836,7,0,0.9323,0.8889,4,3,0
view3,1837,7,0,0.9361,0.8889,3,4,0
view3,1838,7,0,0.9368,0.889,4,4,0
view3,1839,7,0,0.9422,0.8892,4,3,0
view3,1840,7,0,0.9461,0.8893,4,3,0
view3,1841,7,0,0.9383,0.8892,4,3,0
view3,1842,7,0,0.9426,0.8893,4,3,0
view3,1843,7,0,0.9456,0.8894,4,3,0
view3,1844,7,0,0.9435,0.8894,5,3,0
view3,1845,7,0,0.9424,0.8894,4,3,0
view3,1846,7,0,0.9405,0.8894,4,3,0
view3,1847,7,0,0.9427,0.8894,3,3,0
view3,1848,7,0,0.9418,0.8893,4,3,0
view3,1849,7,0,0.9426,0.8892,4,3,0
view3,1850,7,0,0.9491,0.8893,4,3,0
view3,1851,7,0,0.9463,0.8892,4,3,0
view3,1852,7,0,0.943,0.889,4,3,0
view3,1853,7,0,0.9463,0.889,3,3,0
view3,1854,7,0,0.9461,0.8891,4,3,0
view3,1855,7,0,0.9445,0.8891,4,3,0
view3,1856,7,0,0.9383,0.8889,4,3,0
view3,1857,7,0,0.9454,0.8889,4,3,0
view3,1858,7,0,0.9492,0.8888,4,3,0
view3,1859,7,0,0.9528,0.889,4,3,0
view3,1860,7,0,0.9531,0.8892,4,3,0
view3,1861,7,0,0.9484,0.8894,4,3,0
view3,1862,7,0,0.9467,0.8896,4,3,0
view3,1863,7,0,0.9486,0.8897,4,3,0
view3,1864,7,0,0.9464,0.8899,4,3,0
view3,1865,7,0,0.9387,0.89,3,3,0
view3,1866,7,0,0.9396,0.8901,3,3,0
view3,1867,7,0,0.9323,0.89,3,3,0
view3,1868,7,0,0.9395,0.8901,4,3,0
view3,1869,7,0,0.939,0.8903,4,3,0
view3,1870,7,0,0.9431,0.8904,4,3,0
view3,1871,7,0,0.9469,0.8905,4,3,0
view3,1872,7,0,0.9486,0.8907,4,3,0
view3,1873,7,0,0.9451,0.8908,4,3,0
view3,1874,7,0,0.9487,0.8909,4,3,0
view3,1875,7,0,0.9479,0.891,4,3,0
view3,1876,7,0,0.9453,0.891,4,3,0
view3,1877,7,0,0.9445,0.8911,4,3,0
view3,1878,7,0,0.948,0.8912,4,3,0
view3,1879,7,0,0.9391,0.8914,4,3,0
view3,1880,7,0,0.9381,0.8914,4,3,0
view3,1881,7,0,0.9411,0.8914,3,3,0
view3,1882,7,0,0.9347,0.8914,3,3,0
view3,1883,7,0,0.9317,0.8915,3,3,0
view3,1884,7,0,0.9345,0.8915,3,3,0
view3,1885,7,0,0.936,0.8916,3,3,0
view3,1886,7,0,0.9349,0.8916,3,3,0
view3,1887,7,0,0.9348,0.8915,4,3,0
view3,1888,7,0,0.9354,0.8916,4,3,0
view3,1889,7,0,0.9357,0.8917,4,3,0
view3,1890,7,0,0.9348,0.8918,4,3,0
view3,1891,7,0,0.9207,0.8919,3,3,0
view3,1892,7,0,0.9346,0.892,4,4,0
view3,1893,7,0,0.9248,0.8922,4,4,0
view3,1894,7,0,0.9285,0.8923,4,4,0
view3,1895,7,0,0.9392,0.8924,4,3,0
view3,1896,7,0,0.9416,0.8925,5,3,0
view3,1897,7,0,0.9357,0.8926,4,3,0
view3,1898,7,0,0.925,0.8926,4,3,0
view3,1899,7,0,0.9256,0.8926,5,3,0
view3,1900,7,0,0.9185,0.8926,3,3,0
view3,1901,7,0,0.9116,0.8925,4,3,0
view3,1902,7,0,0.9087,0.8925,4,3,0
view3,1903,7,0,0.912,0.8925,3,4,0
view3,1904,7,0,0.9104,0.8924,3,4,0
view3,1905,7,0,0.9148,0.8924,4,4,0
view3,1906,7,0,0.9136,0.8924,4,4,0
view3,1907,7,0,0.9305,0.8925,4,4,0
view3,1908,7,0,0.9293,0.8926,4,4,0
view3,1909,7,0,0.9349,0.8927,4,4,0
view3,1910,7,0,0.9418,0.8927,4,4,0
view3,1911,7,0,0.9354,0.8928,4,4,0
view3,1912,7,0,0.9358,0.8929,4,4,0
view3,1913,7,0,0.9415,0.893,4,4,0
view3,1914,7,0,0.9424,0.8931,4,4,0
view3,1915,7,0,0.9222,0.8931,4,4,0
view3,1916,7,0,0.9416,0.8931,4,4,0
view3,1917,7,0,0.9335,0.8932,3,4,0
view3,1918,7,0,0.9425,0.8932,4,3,0
view3,1919,7,0,0.9503,0.8933,4,3,0
view3,1920,7,0,0.9406,0.8933,4,3,0
view3,1921,7,0,0.9455,0.8933,4,3,0
view3,1922,7,0,0.9349,0.8933,4,4,0
view3,1923,7,0,0.9464,0.8932,4,3,0
view3,1924,7,0,0.9451,0.8931,4,3,0
view3,1925,7,0,0.939,0.893,4,3,0
view3,1926,7,0,0.9507,0.893,4,3,0
view3,1927,7,0,0.9502,0.893,4,3,0
view3,1928,7,0,0.9457,0.893,2,3,0
view3,1929,7,0,0.9478,0.893,4,3,0
view3,1930,7,0,0.9458,0.893,4,3,0
view3,1931,7,0,0.9415,0.893,3,3,0
view3,1932,7,0,0.9346,0.8929,3,3,0
view3,1933,7,0,0.9243,0.8928,3,3,0
view3,1934,7,0,0.9103,0.8925,3,3,0
view3,1935,7,0,0.9127,0.8923,3,3,0
view3,1936,7,0,0.9188,0.8922,3,3,0
view3,1937,7,0,0.9208,0.8921,3,3,0
view3,1938,7,0,0.9325,0.8921,2,3,0
view3,1939,7,0,0.9371,0.8921,2,3,0
view3,1940,7,0,0.9391,0.8921,2,3,0
view3,1941,7,0,0.9337,0.8921,2,3,0
view3,1942,7,0,0.9363,0.8921,2,3,0
view3,1943,7,0,0.9263,0.8921,2,3,0
view3,1944,7,0,0.9398,0.8922,2,3,0
view3,1945,7,0,0.9387,0.8922,2,3,0
view3,1946,7,0,0.9471,0.8923,2,3,0
view3,1947,7,0,0.9416,0.8924,3,3,0
view3,1948,7,0,0.9484,0.8925,2,3,0
view3,1949,7,0,0.947,0.8926,3,3,0
view3,1950,7,0,0.9478,0.8927,3,3,0
view3,1951,7,0,0.9439,0.8928,3,3,0
view3,1952,7,0,0.9234,0.8928,4,3,0
view3,1953,7,0,0.9297,0.8928,3,3,0
view3,1954,7,0,0.9289,0.8928,2,3,0
view3,1955,7,0,0.9265,0.8928,2,3,0
view3,1956,7,0,0.9383,0.8928,2,3,0
view3,1957,7,0,0.9432,0.8929,2,3,0
view3,1958,7,0,0.9332,0.8929,2,3,0
view3,1959,7,0,0.9385,0.8929,2,3,0
view3,1960,7,0,0.939,0.8929,2,3,0
view3,1961,7,0,0.955,0.893,2,3,0
view3,1962,7,0,0.9532,0.893,2,3,0
view3,1963,7,0,0.9449,0.8931,2,3,0
view3,1964,7,0,0.9355,0.8931,2,3,0
view3,1965,7,0,0.9316,0.8931,2,3,0
view3,1966,7,0,0.9315,0.8931,2,3,0
view3,1967,7,0,0.9326,0.8932,3,3,0
view3,1968,7,0,0.9286,0.8932,3,3,0
view3,1969,7,0,0.9369,0.8932,3,3,0
view3,1970,7,0,0.9396,0.8933,3,3,0
view3,1971,7,0,0.9437,0.8934,3,3,0
view3,1972,7,0,0.9365,0.8935,3,3,0
view3,1973,7,0,0.9404,0.8935,3,3,0
view3,1974,7,0,0.9301,0.8935,3,3,0
view3,1975,7,0,0.9387,0.8935,3,3,0
view3,1976,7,0,0.9404,0.8936,3,3,0
view3,1977,7,0,0.944,0.8936,3,3,0
view3,1978,7,0,0.9463,0.8936,3,3,0
view3,1979,7,0,0.9474,0.8937,3,3,0
view3,1980,7,0,0.9378,0.8937,3,3,0
view3,1981,7,0,0.9485,0.8937,3,3,0
view3,1982,7,0,0.9266,0.8937,2,3,0
view3,1983,7,0,0.9401,0.8938,3,3,0
view3,1984,7,0,0.9277,0.8937,3,3,0
view3,1985,7,0,0.9213,0.8937,3,4,0
view3,1986,7,0,0.9209,0.8937,3,3,0
view3,1987,7,0,0.9366,0.8937,4,3,0
view3,1988,7,0,0.9263,0.8937,2,4,0
view3,1989,7,0,0.9391,0.8937,4,3,0
view3,1990,7,0,0.9245,0.8937,3,3,0
view3,1991,7,0,0.9338,0.8937,3,4,0
view3,1992,7,0,0.9245,0.8937,2,4,0
view3,1993,7,0,0.9201,0.8937,3,3,0
view3,1994,7,0,0.9164,0.8937,3,4,0
view3,1995,7,0,0.9208,0.8937,3,4,0
view3,1996,7,0,0.9169,0.8936,3,4,0
view3,1997,7,0,0.9258,0.8935,3,4,0
view3,1998,7,0,0.9239,0.8934,3,4,0
view3,1999,7,0,0.9338,0.8933,3,4,0
view3,2000,8,1,0.0,0.85,3,0,0
view3,2001,8,0,0.9837,0.85,3,3,0
view3,2002,8,0,0.9685,0.9685,3,3,0
view3,2003,8,1,0.9564,0.9584,3,3,0
view3,2004,8,0,0.9864,0.9577,3,3,0
view3,2005,8,0,0.9757,0.9555,3,3,0
view3,2006,8,0,0.9711,0.952,3,3,0
view3,2007,8,0,0.9621,0.9502,2,3,0
view3,2008,8,0,0.9565,0.9481,3,3,0
view3,2009,8,0,0.9492,0.9456,3,3,0
view3,2010,8,0,0.9465,0.9432,2,3,0
view3,2011,8,0,0.9483,0.9414,3,3,0
view3,2012,8,1,0.9296,0.9372,3,3,0
view3,2013,8,0,0.989,0.9359,3,3,0
view3,2014,8,0,0.9879,0.934,3,3,0
view3,2015,8,0,0.9834,0.9313,3,3,0
view3,2016,8,0,0.9809,0.9281,3,3,0
view3,2017,8,0,0.981,0.9271,2,3,0
view3,2018,8,0,0.9811,0.9266,2,3,0
view3,2019,8,0,0.9765,0.9265,2,3,0
view3,2020,8,0,0.9753,0.9249,2,3,0
view3,2021,8,0,0.9788,0.9252,3,3,0
view3,2022,8,0,0.9767,0.9251,2,3,0
view3,2023,8,0,0.9743,0.9246,2,3,0
view3,2024,8,0,0.9672,0.9245,2,3,0
view3,2025,8,0,0.9692,0.9241,2,3,0
view3,2026,8,0,0.9709,0.9239,2,3,0
view3,2027,8,0,0.9707,0.9238,2,3,0
view3,2028,8,0,0.9727,0.9233,2,3,0
view3,2029,8,0,0.9726,0.9231,2,3,0
view3,2030,8,0,0.9735,0.9228,2,3,0
view3,2031,8,0,0.9718,0.9221,2,3,0
view3,2032,8,0,0.9674,0.9217,2,3,0
view3,2033,8,0,0.9706,0.9208,2,3,0
view3,2034,8,0,0.973,0.92,2,3,0
view3,2035,8,0,0.9746,0.9196,2,3,0
view3,2036,8,0,0.977,0.919,2,3,0
view3,2037,8,0,0.9761,0.9191,2,3,0
view3,2038,8,0,0.975,0.9192,2,3,0
view3,2039,8,0,0.9739,0.9189,2,3,0
view3,2040,8,0,0.9729,0.9186,2,3,0
view3,2041,8,0,0.9682,0.9188,2,3,0
view3,2042,8,0,0.9607,0.9187,2,3,0
view3,2043,8,0,0.963,0.9182,2,3,0
view3,2044,8,0,0.9702,0.918,3,3,0
view3,2045,8,0,0.9636,0.918,2,3,0
view3,2046,8,0,0.9668,0.9178,2,3,0
view3,2047,8,0,0.9695,0.9179,2,3,0
view3,2048,8,0,0.9669,0.9178,3,3,0
view3,2049,8,0,0.9567,0.9177,3,3,0
view3,2050,8,0,0.9603,0.9176,2,3,0
view3,2051,8,0,0.959,0.9177,3,3,0
view3,2052,8,0,0.9548,0.9179,3,3,0
view3,2053,8,0,0.9624,0.9178,4,3,0
view3,2054,8,0,0.9713,0.9177,4,3,0
view3,2055,8,0,0.9654,0.9176,4,3,0
view3,2056,8,0,0.9581,0.9177,4,3,0
view3,2057,8,0,0.9625,0.9178,3,3,0
view3,2058,8,0,0.9461,0.9179,3,3,0
view3,2059,8,0,0.9392,0.918,5,3,0
view3,2060,8,0,0.9424,0.9181,4,3,0
view3,2061,8,0,0.9305,0.9181,4,3,0
view3,2062,8,0,0.9436,0.9181,4,3,0
view3,2063,8,0,0.933,0.9178,4,3,0
view3,2064,8,0,0.9297,0.9176,4,3,0
view3,2065,8,1,0.912,0.9166,4,3,0
view3,2066,8,0,0.9795,0.9164,4,4,0
view3,2067,8,0,0.9522,0.9159,4,4,0
view3,2068,8,0,0.9474,0.9151,4,4,0
view3,2069,8,0,0.9554,0.9146,4,4,0
view3,2070,8,0,0.9551,0.9133,4,4,0
view3,2071,8,0,0.9497,0.9125,4,4,0
view3,2072,8,0,0.9372,0.9111,4,4,0
view3,2073,8,0,0.9384,0.9102,4,4,0
view3,2074,8,0,0.9434,0.91,4,4,0
view3,2075,8,0,0.9402,0.9095,3,4,0
view3,2076,8,0,0.9528,0.9091,4,4,0
view3,2077,8,0,0.9559,0.9087,3,4,0
view3,2078,8,0,0.9429,0.9082,3,4,0
view3,2079,8,0,0.9523,0.9079,4,4,0
view3,2080,8,0,0.9536,0.9074,4,4,0
view3,2081,8,0,0.9458,0.9066,4,4,0
view3,2082,8,0,0.9468,0.9061,4,4,0
view3,2083,8,0,0.9356,0.9051,4,4,0
view3,2084,8,0,0.9351,0.904,4,4,0
view3,2085,8,0,0.9242,0.9025,4,4,0
view3,2086,8,0,0.9198,0.9013,4,4,0
view3,2087,8,0,0.9237,0.9004,4,4,0
view3,2088,8,0,0.9216,0.8998,4,4,0
view3,2089,8,0,0.9284,0.8992,4,4,0
view3,2090,8,0,0.9267,0.8985,4,4,0
view3,2091,8,0,0.9432,0.8981,4,4,0
view3,2092,8,0,0.9156,0.8976,4,4,0
view3,2093,8,0,0.922,0.8972,5,4,0
view3,2094,8,0,0.9268,0.8967,4,4,0
view3,2095,8,0,0.92,0.8963,4,4,0
view3,2096,8,0,0.9298,0.8961,3,4,0
view3,2097,8,0,0.9286,0.8959,3,4,0
view3,2098,8,0,0.9248,0.8958,3,3,0
view3,2099,8,0,0.927,0.8958,3,3,0
view3,2100,8,0,0.9169,0.8955,3,4,0
view3,2101,8,0,0.9227,0.8953,3,4,0
view3,2102,8,0,0.908,0.8949,3,4,0
view3,2103,8,0,0.9092,0.8944,3,4,0
view3,2104,8,0,0.9188,0.8942,3,3,0
view3,2105,8,0,0.9042,0.8936,3,4,0
view3,2106,8,0,0.9086,0.8932,3,3,0
view3,2107,8,0,0.9092,0.8929,3,3,0
view3,2108,8,0,0.9067,0.8923,4,3,0
view3,2109,8,0,0.9088,0.892,4,4,0
view3,2110,8,0,0.9081,0.8915,4,3,0
view3,2111,8,0,0.9094,0.8912,4,3,0
view3,2112,8,0,0.9202,0.8908,4,4,0
view3,2113,8,0,0.9116,0.8902,4,4,0
view3,2114,8,0,0.8987,0.8896,4,3,0
view3,2115,8,0,0.9091,0.8891,4,4,0
view3,2116,8,0,0.9068,0.8885,4,4,0
view3,2117,8,0,0.9149,0.8882,4,4,0
view3,2118,8,0,0.9093,0.8878,5,4,0
view3,2119,8,0,0.9047,0.8873,4,4,0
view3,2120,8,0,0.8891,0.8866,4,4,0
view3,2121,8,0,0.9084,0.8864,4,3,0
view3,2122,8,0,0.8975,0.886,4,3,0
view3,2123,8,0,0.9085,0.8858,4,3,0
view3,2124,8,0,0.8991,0.8854,4,3,0
view3,2125,8,0,0.8987,0.8851,4,3,0
view3,2126,8,0,0.9038,0.8848,4,3,0
view3,2127,8,0,0.9038,0.8845,4,4,0
view3,2128,8,0,0.8907,0.8841,4,3,0
view3,2129,8,0,0.8944,0.8838,4,3,0
view3,2130,8,0,0.9083,0.8837,4,4,0
view3,2131,8,0,0.9189,0.8836,4,4,0
view3,2132,8,0,0.9104,0.8834,4,4,0
view3,2133,8,0,0.904,0.8832,5,4,0
view3,2134,8,0,0.9185,0.8832,4,3,0
view3,2135,8,0,0.9293,0.8832,4,4,0
view3,2136,8,0,0.9258,0.8832,4,3,0
view3,2137,8,0,0.9391,0.8833,4,3,0
view3,2138,8,0,0.9458,0.8834,4,3,0
view3,2139,8,0,0.9466,0.8835,4,3,0
view3,2140,8,0,0.9503,0.8835,4,3,0
view3,2141,8,0,0.9523,0.8836,4,3,0
view3,2142,8,0,0.9572,0.8837,4,3,0
view3,2143,8,0,0.9579,0.8838,4,3,0
view3,2144,8,0,0.9545,0.8838,2,3,0
view3,2145,8,0,0.9567,0.8839,3,3,0
view3,2146,8,0,0.9572,0.884,3,3,0
view3,2147,8,0,0.9599,0.884,3,3,0
view3,2148,8,0,0.9524,0.8841,3,3,0
view3,2149,8,0,0.9504,0.8841,3,3,0
view3,2150,8,0,0.9531,0.8841,3,3,0
view3,2151,8,0,0.9558,0.8841,3,3,0
view3,2152,8,0,0.9564,0.8841,3,3,0
view3,2153,8,0,0.9533,0.8841,3,3,0
view3,2154,8,0,0.9527,0.8841,3,3,0
view3,2155,8,0,0.959,0.8842,3,3,0
view3,2156,8,0,0.9548,0.8842,3,3,0
view3,2157,8,0,0.9536,0.8843,3,3,0
view3,2158,8,0,0.9577,0.8844,3,3,0
view3,2159,8,0,0.9533,0.8845,3,3,0
view3,2160,8,0,0.9526,0.8845,3,3,0
view3,2161,8,0,0.9574,0.8847,4,3,0
view3,2162,8,0,0.9491,0.8848,3,3,0
view3,2163,8,0,0.9469,0.8849,3,3,0
view3,2164,8,0,0.9491,0.885,3,3,0
view3,2165,8,0,0.9441,0.8851,3,3,0
view3,2166,8,0,0.9534,0.8852,4,3,0
view3,2167,8,0,0.9469,0.8853,4,3,0
view3,2168,8,0,0.9427,0.8854,4,3,0
view3,2169,8,0,0.9519,0.8855,4,3,0
view3,2170,8,0,0.9493,0.8856,4,3,0
view3,2171,8,0,0.9491,0.8858,3,3,0
view3,2172,8,0,0.9486,0.8859,3,3,0
view3,2173,8,0,0.957,0.886,4,3,0
view3,2174,8,0,0.95,0.8861,4,3,0
view3,2175,8,0,0.9492,0.8862,4,3,0
view3,2176,8,0,0.9417,0.8863,4,3,0
view3,2177,8,0,0.9291,0.8863,4,3,0
view3,2178,8,0,0.9379,0.8863,4,3,0
view3,2179,8,0,0.9316,0.8863,4,3,0
view3,2180,8,0,0.9364,0.8864,4,3,0
view3,2181,8,0,0.9337,0.8865,3,3,0
view3,2182,8,0,0.9299,0.8866,4,3,0
view3,2183,8,0,0.9324,0.8866,4,3,0
view3,2184,8,0,0.9383,0.8867,4,3,0
view3,2185,8,0,0.9374,0.8868,4,3,0
view3,2186,8,0,0.9321,0.8868,4,3,0
view3,2187,8,0,0.9284,0.8869,4,3,0
view3,2188,8,0,0.9278,0.887,4,3,0
view3,2189,8,0,0.9296,0.8871,4,3,0
view3,2190,8,0,0.9255,0.8872,4,3,0
view3,2191,8,0,0.9189,0.8872,4,3,0
view3,2192,8,0,0.9303,0.8873,4,3,0
view3,2193,8,0,0.932,0.8874,4,3,0
view3,2194,8,0,0.935,0.8875,4,3,0
view3,2195,8,0,0.9358,0.8876,4,3,0
view3,2196,8,0,0.944,0.8877,4,3,0
view3,2197,8,0,0.9392,0.8878,4,3,0
view3,2198,8,0,0.9369,0.8879,4,3,0
view3,2199,8,0,0.9512,0.888,4,3,0
view3,2200,8,0,0.9401,0.8881,4,3,0
view3,2201,8,0,0.9355,0.8882,3,3,0
view3,2202,8,0,0.9323,0.8882,4,3,0
view3,2203,8,0,0.924,0.8882,4,4,0
view3,2204,8,0,0.9168,0.8882,4,3,0
view3,2205,8,0,0.9128,0.8881,4,4,0
view3,2206,8,0,0.9094,0.888,4,4,0
view3,2207,8,0,0.9047,0.8878,5,4,0
view3,2208,8,0,0.8948,0.8874,4,4,0
view3,2209,8,0,0.8994,0.887,4,4,0
view3,2210,8,0,0.9094,0.8867,4,4,0
view3,2211,8,0,0.9075,0.8864,4,4,0
view3,2212,8,0,0.9131,0.8862,4,4,0
view3,2213,8,0,0.9205,0.8861,4,4,0
view3,2214,8,0,0.9098,0.8859,4,4,0
view3,2215,8,0,0.9196,0.8857,4,4,0
view3,2216,8,0,0.9214,0.8856,3,4,0
view3,2217,8,0,0.9198,0.8854,4,4,0
view3,2218,8,0,0.9193,0.8851,4,4,0
view3,2219,8,0,0.9114,0.8849,4,3,0
view3,2220,8,0,0.925,0.8848,4,3,0
view3,2221,8,0,0.9253,0.8847,3,3,0
view3,2222,8,0,0.9267,0.8847,3,3,0
view3,2223,8,0,0.9298,0.8847,3,3,0
view3,2224,8,0,0.9234,0.8847,3,3,0
view3,2225,8,0,0.9408,0.8848,3,3,0
view3,2226,8,0,0.9368,0.8847,3,3,0
view3,2227,8,0,0.9367,0.8847,3,3,0
view3,2228,8,0,0.9496,0.8847,3,3,0
view3,2229,8,0,0.9469,0.8847,3,3,0
view3,2230,8,0,0.9247,0.8847,3,3,0
view3,2231,8,0,0.924,0.8847,3,3,0
view3,2232,8,0,0.9365,0.8847,3,3,0
view3,2233,8,0,0.9387,0.8847,2,3,0
view3,2234,8,0,0.9399,0.8847,4,3,0
view3,2235,8,0,0.9505,0.8847,3,3,0
view3,2236,8,0,0.9499,0.8848,3,3,0
view3,2237,8,0,0.9402,0.8848,4,3,0
view3,2238,8,0,0.9324,0.8848,4,3,0
view3,2239,8,0,0.9255,0.8846,4,3,0
view3,2240,8,0,0.9343,0.8846,4,3,0
view3,2241,8,0,0.9356,0.8845,4,3,0
view3,2242,8,0,0.9449,0.8845,4,3,0
view3,2243,8,0,0.9541,0.8846,4,3,0
view3,2244,8,0,0.9539,0.8847,5,3,0
view3,2245,8,0,0.9484,0.8848,4,3,0
view3,2246,8,0,0.9414,0.8849,4,3,0
view3,2247,8,0,0.9266,0.8849,3,3,0
view3,2248,8,0,0.9411,0.8849,4,3,0
view3,2249,8,0,0.9337,0.8848,4,3,0
view3,2250,9,1,0.0,0.85,3,0,0
view3,2251,9,0,0.9887,0.85,4,3,0
view3,2252,9,0,0.9794,0.9794,4,3,0
view3,2253,9,1,0.9733,0.9741,5,3,0
view3,2254,9,0,0.9816,0.9745,3,5,0
view3,2255,9,0,0.9723,0.9716,3,5,0
view3,2256,9,0,0.9704,0.9689,3,5,0
view3,2257,9,0,0.9687,0.9668,3,5,0
view3,2258,9,0,0.9643,0.9638,3,5,0
view3,2259,9,1,0.9594,0.9607,3,5,0
view3,2260,9,0,0.9878,0.9541,3,3,0
view3,2261,9,0,0.9825,0.9527,3,3,0
view3,2262,9,0,0.9847,0.9529,3,3,0
view3,2263,9,0,0.9827,0.9532,3,3,0
view3,2264,9,0,0.9727,0.9514,3,3,0
view3,2265,9,0,0.9778,0.9514,3,3,0
view3,2266,9,0,0.977,0.9517,3,3,0
view3,2267,9,0,0.9652,0.9504,3,3,0
view3,2268,9,0,0.9518,0.9483,4,3,0
view3,2269,9,0,0.9558,0.9462,3,3,0
view3,2270,9,0,0.9558,0.9455,4,3,0
view3,2271,9,1,0.9402,0.9433,5,3,0
view3,2272,9,0,0.9938,0.9414,4,5,0
view3,2273,9,0,0.9819,0.939,4,5,0
view3,2274,9,0,0.9784,0.9387,4,5,0
view3,2275,9,0,0.9736,0.9373,5,5,0
view3,2276,9,0,0.9666,0.9357,4,5,0
view3,2277,9,0,0.9664,0.9347,4,5,0
view3,2278,9,0,0.9635,0.933,4,5,0
view3,2279,9,0,0.9588,0.931,4,5,0
view3,2280,9,0,0.9564,0.9287,4,5,0
view3,2281,9,0,0.9457,0.9261,4,5,0
view3,2282,9,0,0.9582,0.9255,4,5,0
view3,2283,9,0,0.948,0.9244,4,5,0
view3,2284,9,0,0.9519,0.9235,4,5,0
view3,2285,9,0,0.9481,0.9226,4,5,0
view3,2286,9,0,0.9536,0.922,4,5,0
view3,2287,9,0,0.9548,0.9208,3,5,0
view3,2288,9,0,0.9463,0.9185,4,5,0
view3,2289,9,0,0.9492,0.9174,4,5,0
view3,2290,9,0,0.9158,0.9129,4,5,0
view3,2291,9,0,0.9153,0.9091,4,5,0
view3,2292,9,0,0.9371,0.9074,4,5,0
view3,2293,9,0,0.9315,0.905,4,5,0
view3,2294,9,0,0.9318,0.9034,4,5,0
view3,2295,9,0,0.9411,0.9024,4,5,0
view3,2296,9,0,0.9295,0.9007,4,5,0
view3,2297,9,0,0.9283,0.8991,4,5,0
view3,2298,9,0,0.9266,0.8977,4,5,0
view3,2299,9,0,0.9407,0.8975,4,5,0
view3,2300,9,0,0.9429,0.8973,4,5,0
view3,2301,9,0,0.9346,0.8965,4,5,0
view3,2302,9,0,0.9323,0.8959,4,5,0
view3,2303,9,0,0.9351,0.895,5,5,0
view3,2304,9,0,0.9453,0.8947,4,5,0
view3,2305,9,0,0.9437,0.8943,4,5,0
view3,2306,9,0,0.9414,0.8942,4,5,0
view3,2307,9,0,0.9479,0.8943,4,5,0
view3,2308,9,0,0.9485,0.8945,4,5,0
view3,2309,9,0,0.9388,0.8945,4,5,0
view3,2310,9,0,0.94,0.8945,4,5,0
view3,2311,9,0,0.9402,0.8946,4,5,0
view3,2312,9,0,0.9431,0.8945,5,5,0
view3,2313,9,0,0.9231,0.8936,5,5,0
view3,2314,9,0,0.9103,0.8924,4,5,0
view3,2315,9,0,0.9378,0.8924,4,5,0
view3,2316,9,0,0.937,0.8921,4,5,0
view3,2317,9,0,0.9305,0.8915,5,5,0
view3,2318,9,0,0.9388,0.8912,4,5,0
view3,2319,9,0,0.9296,0.8903,4,5,0
view3,2320,9,0,0.9369,0.8899,4,5,0
view3,2321,9,0,0.9347,0.8894,4,5,0
view3,2322,9,0,0.9339,0.889,4,5,0
view3,2323,9,0,0.9293,0.8887,4,5,0
view3,2324,9,0,0.9139,0.8881,4,5,0
view3,2325,9,0,0.924,0.888,4,5,0
view3,2326,9,0,0.9136,0.8879,5,5,0
view3,2327,9,0,0.9049,0.8875,4,5,0
view3,2328,9,0,0.9073,0.8871,3,5,0
view3,2329,9,0,0.9253,0.8873,3,5,0
view3,2330,9,0,0.9188,0.8873,3,5,0
view3,2331,9,0,0.9149,0.887,3,5,0
view3,2332,9,0,0.9229,0.8872,3,5,0
view3,2333,9,0,0.9276,0.8874,3,5,0
view3,2334,9,0,0.9301,0.8877,3,3,0
view3,2335,9,0,0.9312,0.8879,3,3,0
view3,2336,9,0,0.937,0.8882,3,3,0
view3,2337,9,0,0.9255,0.8883,3,3,0
view3,2338,9,0,0.912,0.8883,3,3,0
view3,2339,9,0,0.9274,0.8884,4,3,0
view3,2340,9,0,0.9228,0.8886,4,3,0
view3,2341,9,0,0.9318,0.8888,4,3,0
view3,2342,9,0,0.931,0.889,4,3,0
view3,2343,9,0,0.9375,0.8892,3,3,0
view3,2344,9,0,0.9294,0.8893,4,3,0
view3,2345,9,0,0.9236,0.8894,4,5,0
view3,2346,9,0,0.9139,0.8894,4,3,0
view3,2347,9,0,0.9161,0.8895,3,3,0
view3,2348,9,0,0.9239,0.8896,3,5,0
view3,2349,9,0,0.9275,0.8898,3,5,0
view3,2350,9,0,0.9299,0.8899,3,5,0
view3,2351,9,0,0.93,0.8901,3,5,0
view3,2352,9,0,0.9349,0.8904,3,3,0
view3,2353,9,0,0.9413,0.8906,3,5,0
view3,2354,9,0,0.9359,0.8908,3,5,0
view3,2355,9,0,0.9367,0.891,2,3,0
view3,2356,9,0,0.9452,0.8913,3,5,0
view3,2357,9,0,0.9411,0.8916,3,5,0
view3,2358,9,0,0.9426,0.8918,3,3,0
view3,2359,9,0,0.9424,0.8921,3,3,0
view3,2360,9,0,0.9413,0.8923,3,3,0
view3,2361,9,0,0.9356,0.8925,3,3,0
view3,2362,9,0,0.9341,0.8927,3,3,0
view3,2363,9,0,0.9345,0.8929,3,3,0
view3,2364,9,0,0.9146,0.8929,4,5,0
view3,2365,9,0,0.9317,0.8931,4,3,0
view3,2366,9,0,0.9379,0.8932,4,5,0
view3,2367,9,0,0.9349,0.8934,4,5,0
view3,2368,9,0,0.9306,0.8935,3,5,0
view3,2369,9,0,0.9213,0.8935,4,5,0
view3,2370,9,0,0.9311,0.8936,4,5,0
view3,2371,9,0,0.9333,0.8936,4,5,0
view3,2372,9,0,0.9217,0.8935,4,5,0
view3,2373,9,0,0.9204,0.8931,4,5,0
view3,2374,9,0,0.9197,0.8929,4,5,0
view3,2375,9,0,0.9057,0.8923,4,5,0
view3,2376,9,0,0.8957,0.8916,3,5,0
view3,2377,9,0,0.9177,0.8914,4,5,0
view3,2378,9,0,0.9084,0.8912,4,5,0
view3,2379,9,0,0.9144,0.891,4,5,0
view3,2380,9,0,0.9065,0.8905,4,5,0
view3,2381,9,0,0.9144,0.8901,4,5,0
view3,2382,9,0,0.9277,0.8902,4,5,0
view3,2383,9,0,0.9146,0.8899,4,5,0
view3,2384,9,0,0.9312,0.89,4,5,0
view3,2385,9,0,0.9291,0.89,4,5,0
view3,2386,9,0,0.9302,0.8902,4,5,0
view3,2387,9,0,0.9374,0.8903,4,5,0
view3,2388,9,0,0.9272,0.8904,4,5,0
view3,2389,9,0,0.9291,0.8905,3,5,0
view3,2390,9,0,0.9265,0.8906,2,3,0
view3,2391,9,0,0.9299,0.8907,3,3,0
view3,2392,9,0,0.9395,0.8909,3,3,0
view3,2393,9,0,0.943,0.8911,2,3,0
view3,2394,9,0,0.9467,0.8912,3,3,0
view3,2395,9,0,0.9473,0.8914,4,3,0
view3,2396,9,0,0.946,0.8916,3,5,0
view3,2397,9,0,0.945,0.8917,3,5,0
view3,2398,9,0,0.9409,0.8918,3,5,0
view3,2399,9,0,0.9334,0.8918,3,5,0
view3,2400,9,0,0.9339,0.8918,3,5,0
view3,2401,9,0,0.9422,0.8919,3,5,0
view3,2402,9,0,0.9373,0.892,2,5,0
view3,2403,9,0,0.9363,0.8921,2,5,0
view3,2404,9,0,0.9333,0.8922,2,5,0
view3,2405,9,0,0.9305,0.8923,2,5,0
view3,2406,9,0,0.9317,0.8924,3,5,0
view3,2407,9,0,0.9276,0.8925,2,5,0
view3,2408,9,0,0.9298,0.8926,3,5,0
view3,2409,9,0,0.9427,0.8927,3,5,0
view3,2410,9,0,0.9365,0.8928,4,5,0
view3,2411,9,0,0.9361,0.8929,3,5,0
view3,2412,9,0,0.9413,0.893,4,5,0
view3,2413,9,0,0.9371,0.8931,3,5,0
view3,2414,9,0,0.935,0.8932,4,5,0
view3,2415,9,0,0.9346,0.8933,4,3,0
view3,2416,9,0,0.9307,0.8934,3,5,0
view3,2417,9,0,0.9351,0.8935,4,3,0
view3,2418,9,0,0.9354,0.8936,4,5,0
view3,2419,9,0,0.9322,0.8937,4,3,0
view3,2420,9,0,0.9301,0.8938,3,3,0
view3,2421,9,0,0.9262,0.8939,4,3,0
view3,2422,9,0,0.9272,0.8939,4,3,0
view3,2423,9,0,0.9266,0.894,4,5,0
view3,2424,9,0,0.9369,0.8941,4,5,0
view3,2425,9,0,0.9339,0.8941,4,5,0
view3,2426,9,0,0.9371,0.8942,4,5,0
view3,2427,9,0,0.9336,0.8943,4,5,0
view3,2428,9,0,0.9322,0.8943,4,5,0
view3,2429,9,0,0.9309,0.8944,3,5,0
view3,2430,9,0,0.9246,0.8943,3,5,0
view3,2431,9,0,0.923,0.8942,3,5,0
view3,2432,9,0,0.9303,0.8942,3,5,0
view3,2433,9,0,0.9204,0.8942,3,5,0
view3,2434,9,0,0.9198,0.8941,3,5,0
view3,2435,9,0,0.9222,0.8941,3,5,0
view3,2436,9,0,0.9337,0.8941,3,5,0
view3,2437,9,0,0.9175,0.8939,3,5,0
view3,2438,9,0,0.9185,0.8937,3,5,0
view3,2439,9,0,0.9253,0.8936,3,5,0
view3,2440,9,0,0.9282,0.8935,3,5,0
view3,2441,9,0,0.927,0.8935,3,5,0
view3,2442,9,0,0.9286,0.8935,2,5,0
view3,2443,9,0,0.9232,0.8935,3,5,0
view3,2444,9,0,0.9269,0.8934,3,5,0
view3,2445,9,0,0.9194,0.8933,4,5,0
view3,2446,9,0,0.9387,0.8934,3,5,0
view3,2447,9,0,0.9184,0.8933,3,5,0
view3,2448,9,0,0.9302,0.8932,3,5,0
view3,2449,9,0,0.932,0.8933,3,5,0
view3,2450,9,0,0.93,0.8934,3,3,0
view3,2451,9,0,0.9317,0.8934,3,3,0
view3,2452,9,0,0.946,0.8936,3,3,0
view3,2453,9,0,0.9413,0.8937,3,5,0
view3,2454,9,0,0.9448,0.8938,3,3,0
view3,2455,9,0,0.9436,0.8939,3,3,0
view3,2456,9,0,0.9512,0.894,3,3,0
view3,2457,9,0,0.9516,0.8941,3,3,0
view3,2458,9,0,0.9505,0.8942,3,3,0
view3,2459,9,0,0.9413,0.8943,3,3,0
view3,2460,9,0,0.9378,0.8944,3,3,0
view3,2461,9,0,0.9418,0.8945,3,3,0
view3,2462,9,0,0.9374,0.8946,2,3,0
view3,2463,9,0,0.9473,0.8947,2,5,0
view3,2464,9,0,0.9514,0.8949,2,3,0
view3,2465,9,0,0.9478,0.895,2,5,0
view3,2466,9,0,0.9475,0.8951,2,5,0
view3,2467,9,0,0.9475,0.8952,3,5,0
view3,2468,9,0,0.942,0.8953,3,5,0
view3,2469,9,0,0.9446,0.8954,3,5,0
view3,2470,9,0,0.9446,0.8955,3,5,0
view3,2471,9,0,0.9442,0.8956,2,5,0
view3,2472,9,0,0.9472,0.8957,2,5,0
view3,2473,9,0,0.953,0.8958,3,5,0
view3,2474,9,0,0.957,0.8959,3,5,0
view3,2475,9,0,0.9591,0.896,3,5,0
view3,2476,9,0,0.9521,0.8961,3,5,0
view3,2477,9,0,0.9538,0.8962,3,5,0
view3,2478,9,0,0.9565,0.8963,3,5,0
view3,2479,9,0,0.9516,0.8964,3,3,0
view3,2480,9,0,0.9465,0.8965,3,5,0
view3,2481,9,0,0.9442,0.8966,3,3,0
view3,2482,9,0,0.9522,0.8967,3,3,0
view3,2483,9,0,0.9529,0.8968,3,3,0
view3,2484,9,0,0.9511,0.8969,3,3,0
view3,2485,9,0,0.9527,0.897,3,5,0
view3,2486,9,0,0.9537,0.8971,3,5,0
view3,2487,9,0,0.9534,0.8972,3,5,0
view3,2488,9,0,0.9451,0.8973,3,5,0
view3,2489,9,0,0.9457,0.8974,3,3,0
view3,2490,9,0,0.9452,0.8975,5,3,0
view3,2491,9,0,0.9365,0.8975,5,3,0
view3,2492,9,0,0.9351,0.8976,4,3,0
view3,2493,9,0,0.9416,0.8977,4,3,0
view3,2494,9,0,0.9353,0.8977,4,3,0
view3,2495,9,0,0.9345,0.8978,3,3,0
view3,2496,9,0,0.9382,0.8979,4,5,0
view3,2497,9,0,0.9465,0.898,5,5,0
view3,2498,9,0,0.9407,0.898,4,5,0
view3,2499,9,0,0.9418,0.8981,4,5,0
view3,2500,10,1,0.0,0.85,4,0,0
view3,2501,10,0,0.981,0.85,4,4,0
view3,2502,10,0,0.979,0.979,4,4,0
view3,2503,10,1,0.9729,0.9742,4,4,0
view3,2504,10,0,0.9829,0.9629,4,4,0
view3,2505,10,0,0.976,0.9586,4,4,0
view3,2506,10,0,0.9691,0.9525,4,4,0
view3,2507,10,0,0.9644,0.9505,4,4,0
view3,2508,10,0,0.952,0.9438,4,4,0
view3,2509,10,0,0.9526,0.9404,4,4,0
view3,2510,10,0,0.9533,0.9381,4,4,0
view3,2511,10,0,0.9451,0.9355,4,4,0
view3,2512,10,0,0.9414,0.9327,3,4,0
view3,2513,10,0,0.9554,0.9327,4,4,0
view3,2514,10,0,0.9382,0.9305,4,4,0
view3,2515,10,0,0.9306,0.9275,4,4,0
view3,2516,10,1,0.9206,0.9242,4,4,0
view3,2517,10,0,0.98,0.923,3,4,0
view3,2518,10,0,0.9787,0.9234,3,4,0
view3,2519,10,0,0.9738,0.9238,3,4,0
view3,2520,10,0,0.9756,0.9228,3,4,0
view3,2521,10,0,0.9686,0.9214,4,4,0
view3,2522,10,0,0.9745,0.9197,4,4,0
view3,2523,10,0,0.9781,0.9197,3,4,0
view3,2524,10,0,0.975,0.9192,4,4,0
view3,2525,10,0,0.971,0.9179,4,4,0
view3,2526,10,0,0.9679,0.9172,4,4,0
view3,2527,10,0,0.9712,0.9162,4,4,0
view3,2528,10,0,0.9678,0.9152,4,4,0
view3,2529,10,0,0.9644,0.9143,4,4,0
view3,2530,10,0,0.9604,0.9135,4,4,0
view3,2531,10,0,0.9491,0.9128,4,4,0
view3,2532,10,0,0.9519,0.912,3,4,0
view3,2533,10,0,0.9375,0.9114,3,4,0
view3,2534,10,0,0.9295,0.9102,3,4,0
view3,2535,10,0,0.9376,0.909,3,4,0
view3,2536,10,0,0.935,0.908,3,4,0
view3,2537,10,0,0.9385,0.9075,3,4,0
view3,2538,10,0,0.9378,0.9072,3,4,0
view3,2539,10,0,0.9267,0.9067,3,4,0
view3,2540,10,0,0.9367,0.9065,3,4,0
view3,2541,10,0,0.9445,0.9062,3,4,0
view3,2542,10,0,0.9418,0.9055,3,4,0
view3,2543,10,0,0.9413,0.9051,3,4,0
view3,2544,10,0,0.931,0.9049,3,4,0
view3,2545,10,0,0.9216,0.9048,4,4,0
view3,2546,10,0,0.932,0.905,4,4,0
view3,2547,10,0,0.9322,0.905,3,4,0
view3,2548,10,0,0.9107,0.9044,3,4,0
view3,2549,10,1,0.893,0.9028,3,4,0
view3,2550,10,0,0.9825,0.9023,3,3,0
view3,2551,10,0,0.9835,0.9014,3,3,0
view3,2552,10,0,0.9616,0.9013,3,3,0
view3,2553,10,0,0.9406,0.9014,3,3,0
view3,2554,10,0,0.9333,0.9015,4,3,0
view3,2555,10,0,0.9326,0.9017,4,4,0
view3,2556,10,0,0.9418,0.9018,3,4,0
view3,2557,10,0,0.9402,0.9016,4,4,0
view3,2558,10,0,0.9514,0.9016,4,4,0
view3,2559,10,0,0.9488,0.9014,4,4,0
view3,2560,10,0,0.9497,0.9013,4,4,0
view3,2561,10,0,0.9438,0.9012,3,4,0
view3,2562,10,0,0.9429,0.9011,3,4,0
view3,2563,10,0,0.9522,0.9009,4,4,0
view3,2564,10,0,0.9496,0.9009,4,4,0
view3,2565,10,0,0.9506,0.9005,4,4,0
view3,2566,10,0,0.9531,0.8999,4,4,0
view3,2567,10,0,0.9494,0.8998,3,4,0
view3,2568,10,0,0.9509,0.8995,4,4,0
view3,2569,10,0,0.9448,0.8989,3,4,0
view3,2570,10,0,0.9463,0.8985,3,4,0
view3,2571,10,0,0.9465,0.8979,3,4,0
view3,2572,10,0,0.9437,0.8974,3,4,0
view3,2573,10,0,0.9487,0.897,3,4,0
view3,2574,10,0,0.943,0.8966,2,4,0
view3,2575,10,0,0.9388,0.896,2,4,0
view3,2576,10,0,0.9276,0.8954,2,4,0
view3,2577,10,0,0.9233,0.895,2,4,0
view3,2578,10,0,0.9242,0.8946,2,4,0
view3,2579,10,0,0.9275,0.8941,2,4,0
view3,2580,10,0,0.924,0.8934,2,4,0
view3,2581,10,0,0.9296,0.8927,2,4,0
view3,2582,10,0,0.9284,0.8921,2,4,0
view3,2583,10,0,0.9286,0.8915,2,4,0
view3,2584,10,0,0.9297,0.8909,2,4,0
view3,2585,10,0,0.9248,0.8902,2,4,0
view3,2586,10,0,0.9312,0.8899,2,4,0
view3,2587,10,0,0.9319,0.8897,1,4,0
view3,2588,10,0,0.9274,0.8895,1,4,0
view3,2589,10,0,0.9313,0.8891,2,4,0
view3,2590,10,0,0.929,0.8885,1,4,0
view3,2591,10,0,0.9196,0.8881,1,4,0
view3,2592,10,0,0.9228,0.8875,1,4,0
view3,2593,10,0,0.9203,0.8868,1,4,0
view3,2594,10,0,0.9227,0.8866,1,4,0
view3,2595,10,0,0.9284,0.8863,1,4,0
view3,2596,10,0,0.9317,0.886,1,4,0
view3,2597,10,0,0.9299,0.8859,1,4,0
view3,2598,10,0,0.9308,0.8858,1,4,0
view3,2599,10,0,0.9339,0.8855,1,4,0
view3,2600,10,0,0.9304,0.8854,2,4,0
view3,2601,10,0,0.9376,0.8854,4,4,0
view3,2602,10,0,0.9482,0.8854,2,4,0
view3,2603,10,0,0.9428,0.8853,3,4,0
view3,2604,10,0,0.9351,0.8853,4,4,0
view3,2605,10,0,0.9329,0.8854,3,4,0
view3,2606,10,0,0.9253,0.8854,4,4,0
view3,2607,10,0,0.9331,0.8856,4,4,0
view3,2608,10,0,0.9359,0.8855,4,4,0
view3,2609,10,0,0.9473,0.8854,4,4,0
view3,2610,10,0,0.9455,0.8853,3,4,0
view3,2611,10,0,0.941,0.8853,4,4,0
view3,2612,10,0,0.9372,0.8854,3,4,0
view3,2613,10,0,0.9445,0.8855,4,4,0
view3,2614,10,0,0.9377,0.8857,4,4,0
view3,2615,10,0,0.9272,0.8858,3,4,0
view3,2616,10,0,0.9236,0.8859,4,4,0
view3,2617,10,0,0.9221,0.886,3,4,0
view3,2618,10,0,0.9244,0.8862,3,4,0
view3,2619,10,0,0.9218,0.8863,4,3,0
view3,2620,10,0,0.9144,0.8863,4,3,0
view3,2621,10,0,0.9257,0.8864,4,3,0
view3,2622,10,0,0.9271,0.8865,3,3,0
view3,2623,10,0,0.9241,0.8865,4,3,0
view3,2624,10,0,0.9324,0.8865,4,3,0
view3,2625,10,0,0.9341,0.8867,4,3,0
view3,2626,10,0,0.9299,0.8866,4,3,0
view3,2627,10,0,0.9182,0.8866,4,3,0
view3,2628,10,0,0.9108,0.8866,4,3,0
view3,2629,10,0,0.9027,0.8863,4,3,0
view3,2630,10,0,0.91,0.8862,4,3,0
view3,2631,10,0,0.9264,0.8863,4,3,0
view3,2632,10,0,0.9152,0.8864,4,3,0
view3,2633,10,0,0.9137,0.8864,4,3,0
view3,2634,10,0,0.9172,0.8866,5,4,0
view3,2635,10,0,0.92,0.8866,5,3,0
view3,2636,10,0,0.9132,0.8867,4,4,0
view3,2637,10,0,0.9112,0.8868,5,4,0
view3,2638,10,0,0.9107,0.8868,5,4,0
view3,2639,10,0,0.9061,0.8866,4,4,0
view3,2640,10,0,0.9025,0.8866,4,4,0
view3,2641,10,0,0.893,0.8863,4,4,0
view3,2642,10,0,0.8922,0.8861,4,4,0
view3,2643,10,0,0.9033,0.8861,4,4,0
view3,2644,10,0,0.904,0.8859,4,3,0
view3,2645,10,0,0.901,0.8855,4,3,0
view3,2646,10,0,0.903,0.8851,4,3,0
view3,2647,10,1,0.8793,0.8845,3,3,0
view3,2648,10,0,0.9875,0.884,3,3,0
view3,2649,10,0,0.9742,0.8836,3,3,0
view3,2650,10,0,0.9741,0.8832,3,3,0
view3,2651,10,0,0.9684,0.8829,3,3,0
view3,2652,10,0,0.9749,0.8826,4,3,0
view3,2653,10,0,0.9666,0.8823,4,3,0
view3,2654,10,0,0.9566,0.882,3,3,0
view3,2655,10,0,0.957,0.8818,2,3,0
view3,2656,10,0,0.9557,0.8815,4,3,0
view3,2657,10,0,0.9448,0.8812,3,3,0
view3,2658,10,0,0.9308,0.8808,2,3,0
view3,2659,10,0,0.9226,0.8807,2,3,0
view3,2660,10,0,0.9121,0.8807,3,3,0
view3,2661,10,0,0.9086,0.8806,3,4,0
view3,2662,10,0,0.9091,0.8805,2,4,0
view3,2663,10,0,0.9017,0.8804,2,4,0
view3,2664,10,0,0.9031,0.8801,2,4,0
view3,2665,10,0,0.9184,0.8799,2,4,0
view3,2666,10,0,0.9082,0.8793,2,4,0
view3,2667,10,0,0.9203,0.8791,2,4,0
view3,2668,10,0,0.9144,0.8789,2,4,0
view3,2669,10,0,0.9043,0.8783,3,4,0
view3,2670,10,0,0.902,0.878,2,4,0
view3,2671,10,0,0.908,0.8778,3,4,0
view3,2672,10,0,0.91,0.8775,2,4,0
view3,2673,10,0,0.9064,0.8769,3,4,0
view3,2674,10,0,0.911,0.8765,4,4,0
view3,2675,10,0,0.9127,0.8765,3,4,0
view3,2676,10,0,0.9162,0.8764,3,4,0
view3,2677,10,0,0.9038,0.8763,3,3,0
view3,2678,10,0,0.9108,0.8762,3,3,0
view3,2679,10,0,0.9136,0.8762,2,4,0
view3,2680,10,0,0.9247,0.8763,3,4,0
view3,2681,10,0,0.9163,0.8764,3,4,0
view3,2682,10,0,0.9132,0.8763,3,4,0
view3,2683,10,0,0.9089,0.8762,5,4,0
view3,2684,10,0,0.9096,0.8761,3,4,0
view3,2685,10,0,0.8955,0.8759,4,4,0
view3,2686,10,0,0.9017,0.8757,3,3,0
view3,2687,10,0,0.8925,0.8754,4,4,0
view3,2688,10,0,0.8996,0.8753,4,3,0
view3,2689,10,0,0.8945,0.875,4,4,0
view3,2690,10,0,0.9136,0.8749,4,4,0
view3,2691,10,0,0.9169,0.875,4,4,0
view3,2692,10,0,0.9189,0.8751,5,4,0
view3,2693,10,0,0.9096,0.875,3,4,0
view3,2694,10,0,0.9173,0.875,3,3,0
view3,2695,10,0,0.9203,0.8751,3,4,0
view3,2696,10,0,0.9169,0.8752,3,4,0
view3,2697,10,0,0.9227,0.8753,3,4,0
view3,2698,10,0,0.9156,0.8754,3,3,0
view3,2699,10,0,0.9101,0.8754,3,3,0
view3,2700,10,0,0.9077,0.8755,3,4,0
view3,2701,10,0,0.9126,0.8755,3,3,0
view3,2702,10,0,0.9193,0.8756,3,3,0
view3,2703,10,0,0.9147,0.8756,3,3,0
view3,2704,10,0,0.9182,0.8757,3,3,0
view3,2705,10,0,0.9164,0.8757,3,3,0
view3,2706,10,0,0.9251,0.8758,3,3,0
view3,2707,10,0,0.9225,0.8759,3,3,0
view3,2708,10,0,0.9183,0.8759,3,4,0
view3,2709,10,0,0.9162,0.876,3,4,0
view3,2710,10,0,0.9141,0.876,3,3,0
view3,2711,10,0,0.9129,0.8761,3,4,0
view3,2712,10,0,0.9157,0.8762,3,4,0
view3,2713,10,0,0.9107,0.8762,3,4,0
view3,2714,10,0,0.9029,0.8762,3,3,0
view3,2715,10,0,0.9124,0.8762,4,4,0
view3,2716,10,0,0.9086,0.8763,3,4,0
view3,2717,10,0,0.9082,0.8763,3,4,0
view3,2718,10,0,0.9183,0.8763,3,3,0
view3,2719,10,0,0.9131,0.8764,3,3,0
view3,2720,10,0,0.9087,0.8764,3,3,0
view3,2721,10,0,0.9111,0.8764,3,3,0
view3,2722,10,0,0.9123,0.8764,2,3,0
view3,2723,10,0,0.9161,0.8765,3,4,0
view3,2724,10,0,0.9091,0.8765,3,3,0
view3,2725,10,0,0.9078,0.8765,3,3,0
view3,2726,10,0,0.9151,0.8765,3,3,0
view3,2727,10,0,0.9064,0.8766,3,3,0
view3,2728,10,0,0.9137,0.8766,3,4,0
view3,2729,10,0,0.9047,0.8767,3,4,0
view3,2730,10,0,0.9141,0.8767,3,4,0
view3,2731,10,0,0.9172,0.8768,3,4,0
view3,2732,10,0,0.915,0.8769,3,4,0
view3,2733,10,0,0.9085,0.8769,3,4,0
view3,2734,10,0,0.9144,0.877,3,4,0
view3,2735,10,0,0.9138,0.8771,3,4,0
view3,2736,10,0,0.9178,0.8772,3,4,0
view3,2737,10,0,0.9245,0.8773,4,4,0
view3,2738,10,0,0.9226,0.8773,3,4,0
view3,2739,10,0,0.9253,0.8774,3,4,0
view3,2740,10,0,0.9262,0.8775,3,4,0
view3,2741,10,0,0.9335,0.8775,3,4,0
view3,2742,10,0,0.9229,0.8776,3,4,0
view3,2743,10,0,0.9422,0.8777,3,4,0
view3,2744,10,0,0.9335,0.8777,3,4,0
view3,2745,10,0,0.9351,0.8777,3,4,0
view3,2746,10,0,0.9424,0.8776,3,4,0
view3,2747,10,0,0.9427,0.8776,3,4,0
view3,2748,10,0,0.9446,0.8775,3,4,0
view3,2749,10,0,0.9446,0.8775,3,4,0
view3,2750,11,1,0.0,0.85,3,0,0
view3,2751,11,0,0.9886,0.85,3,3,0
view3,2752,11,0,0.983,0.983,3,3,0
view3,2753,11,1,0.9779,0.9788,3,3,0
view3,2754,11,0,0.989,0.9768,2,3,0
view3,2755,11,0,0.9822,0.9709,3,3,0
view3,2756,11,0,0.9811,0.9677,3,3,0
view3,2757,11,0,0.9747,0.9647,3,3,0
view3,2758,11,0,0.9738,0.9621,4,3,0
view3,2759,11,0,0.9657,0.9575,4,3,0
view3,2760,11,0,0.9658,0.9543,4,3,0
view3,2761,11,0,0.961,0.9511,3,3,0
view3,2762,11,0,0.9605,0.9488,3,3,0
view3,2763,11,0,0.9445,0.9436,3,3,0
view3,2764,11,1,0.9375,0.9385,3,3,0
view3,2765,11,0,0.9767,0.9371,3,3,0
view3,2766,11,0,0.9709,0.9346,3,3,0
view3,2767,11,0,0.9669,0.9332,4,3,0
view3,2768,11,0,0.9586,0.9323,3,3,0
view3,2769,11,0,0.9523,0.932,2,3,0
view3,2770,11,0,0.9476,0.9316,3,3,0
view3,2771,11,0,0.9506,0.9315,3,3,0
view3,2772,11,0,0.9487,0.931,3,3,0
view3,2773,11,0,0.9486,0.9303,4,3,0
view3,2774,11,0,0.9386,0.9289,3,3,0
view3,2775,11,0,0.944,0.9278,3,3,0
view3,2776,11,0,0.9436,0.9271,3,3,0
view3,2777,11,1,0.9193,0.9245,3,3,0
view3,2778,11,0,0.9895,0.9224,3,3,0
view3,2779,11,0,0.9759,0.9208,3,3,0
view3,2780,11,0,0.9682,0.9192,3,3,0
view3,2781,11,0,0.9655,0.9171,3,3,0
view3,2782,11,0,0.9478,0.9157,2,3,0
view3,2783,11,0,0.9258,0.914,2,3,0
view3,2784,11,0,0.925,0.9127,2,3,0
view3,2785,11,0,0.9317,0.912,3,3,0
view3,2786,11,0,0.9346,0.9116,2,3,0
view3,2787,11,0,0.9384,0.9114,3,3,0
view3,2788,11,0,0.9407,0.9113,3,3,0
view3,2789,11,0,0.9433,0.9112,3,3,0
view3,2790,11,0,0.9473,0.9114,3,3,0
view3,2791,11,0,0.9477,0.9115,3,3,0
view3,2792,11,0,0.9512,0.9116,3,3,0
view3,2793,11,0,0.9428,0.9114,3,3,0
view3,2794,11,0,0.9478,0.9109,3,3,0
view3,2795,11,0,0.9453,0.9107,4,3,0
view3,2796,11,0,0.9388,0.9103,3,3,0
view3,2797,11,0,0.9431,0.91,3,3,0
view3,2798,11,0,0.9503,0.91,3,3,0
view3,2799,11,0,0.9498,0.9099,3,3,0
view3,2800,11,0,0.9508,0.9097,3,3,0
view3,2801,11,0,0.9454,0.9095,2,3,0
view3,2802,11,0,0.9464,0.9092,3,3,0
view3,2803,11,0,0.9471,0.9091,3,3,0
view3,2804,11,0,0.9514,0.9091,3,3,0
view3,2805,11,0,0.9538,0.9093,3,3,0
view3,2806,11,0,0.9423,0.9095,3,3,0
view3,2807,11,0,0.9492,0.9096,3,3,0
view3,2808,11,0,0.9476,0.9094,3,3,0
view3,2809,11,0,0.9546,0.9095,4,3,0
view3,2810,11,0,0.9547,0.9096,3,3,0
view3,2811,11,0,0.9523,0.9095,4,3,0
view3,2812,11,0,0.9459,0.9091,3,3,0
view3,2813,11,0,0.949,0.9089,4,3,0
view3,2814,11,0,0.9574,0.9089,3,3,0
view3,2815,11,0,0.9609,0.9089,4,3,0
view3,2816,11,0,0.9574,0.9086,3,3,0
view3,2817,11,0,0.959,0.9084,4,3,0
view3,2818,11,0,0.9594,0.9083,4,3,0
view3,2819,11,0,0.9581,0.9083,3,3,0
view3,2820,11,0,0.9528,0.9081,3,3,0
view3,2821,11,0,0.9622,0.9079,3,3,0
view3,2822,11,0,0.9645,0.9079,3,3,0
view3,2823,11,0,0.9537,0.908,3,3,0
view3,2824,11,0,0.9584,0.908,3,3,0
view3,2825,11,0,0.953,0.9081,3,3,0
view3,2826,11,0,0.9517,0.9081,3,3,0
view3,2827,11,0,0.9498,0.9081,3,3,0
view3,2828,11,0,0.9524,0.9082,3,3,0
view3,2829,11,0,0.949,0.9083,4,3,0
view3,2830,11,0,0.9481,0.9084,4,3,0
view3,2831,11,0,0.9523,0.9084,3,3,0
view3,2832,11,0,0.9458,0.9084,3,3,0
view3,2833,11,0,0.9484,0.9084,3,3,0
view3,2834,11,0,0.9492,0.9084,3,3,0
view3,2835,11,0,0.9481,0.9084,3,3,0
view3,2836,11,0,0.9487,0.9084,3,3,0
view3,2837,11,0,0.9532,0.9082,3,3,0
view3,2838,11,0,0.9482,0.9082,4,3,0
view3,2839,11,0,0.9564,0.9082,3,3,0
view3,2840,11,0,0.9481,0.9081,3,3,0
view3,2841,11,0,0.9543,0.9081,3,3,0
view3,2842,11,0,0.9532,0.9081,4,3,0
view3,2843,11,0,0.9532,0.9081,3,3,0
view3,2844,11,0,0.951,0.9082,4,3,0
view3,2845,11,0,0.9558,0.9083,3,3,0
view3,2846,11,0,0.9554,0.9084,3,3,0
view3,2847,11,0,0.9459,0.9085,3,3,0
view3,2848,11,0,0.9432,0.9084,3,3,0
view3,2849,11,0,0.9393,0.9085,3,3,0
view3,2850,11,0,0.9474,0.9086,3,3,0
view3,2851,11,0,0.9446,0.9087,3,3,0
view3,2852,11,0,0.9412,0.9087,3,3,0
view3,2853,11,0,0.9415,0.9086,3,3,0
view3,2854,11,0,0.9377,0.9086,3,3,0
view3,2855,11,0,0.9382,0.9085,3,3,0
view3,2856,11,0,0.9466,0.9086,3,3,0
view3,2857,11,0,0.9367,0.9085,3,3,0
view3,2858,11,0,0.9433,0.9086,2,3,0
view3,2859,11,0,0.9362,0.9085,2,3,0
view3,2860,11,1,0.9067,0.908,2,3,0
view3,2861,11,0,0.9742,0.9078,2,2,0
view3,2862,11,0,0.9554,0.908,2,2,0
view3,2863,11,0,0.9469,0.9081,2,3,0
view3,2864,11,0,0.938,0.9082,3,3,0
view3,2865,11,0,0.9395,0.9082,2,3,0
view3,2866,11,0,0.9429,0.9082,2,3,0
view3,2867,11,0,0.9514,0.9083,2,3,0
view3,2868,11,0,0.9484,0.9081,2,3,0
view3,2869,11,0,0.9466,0.908,2,3,0
view3,2870,11,0,0.9445,0.9077,2,3,0
view3,2871,11,0,0.938,0.9074,2,3,0
view3,2872,11,0,0.9489,0.9073,3,3,0
view3,2873,11,0,0.944,0.9073,2,3,0
view3,2874,11,0,0.9448,0.9072,2,3,0
view3,2875,11,0,0.9499,0.907,3,3,0
view3,2876,11,0,0.9518,0.9068,5,3,0
view3,2877,11,0,0.9464,0.9067,5,3,0
view3,2878,11,0,0.9369,0.9066,3,3,0
view3,2879,11,0,0.9414,0.9062,3,3,0
view3,2880,11,0,0.9273,0.9057,4,3,0
view3,2881,11,1,0.903,0.9049,2,3,0
view3,2882,11,0,0.981,0.904,2,2,0
view3,2883,11,0,0.9657,0.9037,2,2,0
view3,2884,11,0,0.9648,0.9034,3,2,0
view3,2885,11,0,0.9575,0.903,2,2,0
view3,2886,11,0,0.9549,0.9027,5,2,0
view3,2887,11,0,0.9524,0.9026,5,2,0
view3,2888,11,0,0.9479,0.9023,4,2,0
view3,2889,11,0,0.9444,0.9021,4,3,0
view3,2890,11,0,0.95,0.9018,3,2,0
view3,2891,11,0,0.9408,0.9015,3,3,0
view3,2892,11,0,0.9403,0.9014,4,3,0
view3,2893,11,0,0.9441,0.9009,3,2,0
view3,2894,11,0,0.9415,0.9008,3,3,0
view3,2895,11,0,0.9429,0.9008,3,3,0
view3,2896,11,0,0.9353,0.9009,3,3,0
view3,2897,11,0,0.9461,0.901,3,2,0
view3,2898,11,0,0.9493,0.901,3,2,0
view3,2899,11,0,0.9466,0.9011,3,2,0
view3,2900,11,0,0.9434,0.9011,3,2,0
view3,2901,11,0,0.9353,0.9009,3,2,0
view3,2902,11,0,0.9449,0.9009,3,2,0
view3,2903,11,0,0.9481,0.9009,3,2,0
view3,2904,11,0,0.9323,0.9008,2,2,0
view3,2905,11,0,0.9284,0.9007,3,3,0
view3,2906,11,0,0.9291,0.9007,3,3,0
view3,2907,11,0,0.9323,0.9007,3,3,0
view3,2908,11,0,0.9234,0.9007,3,3,0
view3,2909,11,0,0.9342,0.9007,3,3,0
view3,2910,11,0,0.9317,0.9006,3,3,0
view3,2911,11,0,0.9237,0.9004,3,3,0
view3,2912,11,0,0.9317,0.9004,3,3,0
view3,2913,11,0,0.9285,0.9003,3,3,0
view3,2914,11,0,0.9197,0.8999,3,3,0
view3,2915,11,0,0.9242,0.8996,3,3,0
view3,2916,11,0,0.9328,0.8991,3,3,0
view3,2917,11,0,0.9353,0.8988,3,3,0
view3,2918,11,0,0.9439,0.8985,4,3,0
view3,2919,11,0,0.9458,0.8983,4,3,0
view3,2920,11,0,0.9342,0.8978,4,3,0
view3,2921,11,0,0.9403,0.8974,4,3,0
view3,2922,11,0,0.9499,0.8971,4,3,0
view3,2923,11,0,0.9484,0.8969,2,3,0
view3,2924,11,0,0.9469,0.8966,1,3,0
view3,2925,11,0,0.9554,0.8964,3,3,0
view3,2926,11,0,0.9474,0.8962,1,3,0
view3,2927,11,0,0.9435,0.8959,1,3,0
view3,2928,11,0,0.9521,0.8957,2,3,0
view3,2929,11,0,0.9458,0.8954,2,3,0
view3,2930,11,0,0.9467,0.8952,2,3,0
view3,2931,11,0,0.9534,0.895,2,3,0
view3,2932,11,0,0.9384,0.8948,1,3,0
view3,2933,11,0,0.9397,0.8946,1,3,0
view3,2934,11,0,0.9301,0.8943,1,3,0
view3,2935,11,0,0.9351,0.894,1,3,0
view3,2936,11,0,0.9126,0.8936,1,3,0
view3,2937,11,1,0.8728,0.8907,0,3,1
view3,2938,11,0,0.9755,0.8907,1,0,1
view3,2939,11,0,0.9531,0.8906,2,0,1
view3,2940,11,0,0.9539,0.8905,2,0,1
view3,2941,11,0,0.9562,0.8905,2,0,1
view3,2942,11,0,0.9506,0.8905,2,3,0
view3,2943,11,0,0.9377,0.8903,3,3,0
view3,2944,11,0,0.9366,0.8902,2,3,0
view3,2945,11,0,0.9401,0.8901,2,3,0
view3,2946,11,0,0.9358,0.8899,2,3,0
view3,2947,11,0,0.9309,0.8897,4,3,0
view3,2948,11,0,0.9388,0.8896,3,3,0
view3,2949,11,0,0.9398,0.8894,5,3,0
view3,2950,11,0,0.9437,0.8892,5,3,0
view3,2951,11,0,0.9338,0.8889,4,3,0
view3,2952,11,0,0.9404,0.8886,4,3,0
view3,2953,11,0,0.9264,0.8883,4,3,0
view3,2954,11,0,0.9352,0.8882,4,3,0
view3,2955,11,0,0.9206,0.8878,4,3,0
view3,2956,11,0,0.9272,0.8876,4,3,0
view3,2957,11,0,0.9202,0.8872,4,3,0
view3,2958,11,0,0.9261,0.8867,4,3,0
view3,2959,11,0,0.9357,0.8865,4,3,0
view3,2960,11,0,0.9381,0.8861,4,3,0
view3,2961,11,0,0.944,0.8858,4,3,0
view3,2962,11,0,0.9384,0.8856,4,3,0
view3,2963,11,0,0.9381,0.8853,4,3,0
view3,2964,11,0,0.9279,0.8846,4,3,0
view3,2965,11,0,0.9364,0.8842,4,3,0
view3,2966,11,0,0.9289,0.8836,4,3,0
view3,2967,11,0,0.9288,0.8831,4,3,0
view3,2968,11,0,0.9221,0.8826,4,3,0
view3,2969,11,0,0.9242,0.882,4,3,0
view3,2970,11,0,0.9381,0.8817,4,3,0
view3,2971,11,0,0.931,0.8812,4,3,0
view3,2972,11,0,0.9399,0.8808,4,3,0
view3,2973,11,0,0.9389,0.8804,4,3,0
view3,2974,11,0,0.9388,0.8801,4,3,0
view3,2975,11,0,0.9383,0.8798,4,3,0
view3,2976,11,0,0.9352,0.8795,4,3,0
view3,2977,11,0,0.9416,0.8793,4,3,0
view3,2978,11,0,0.9464,0.8792,3,3,0
view3,2979,11,0,0.9447,0.879,4,3,0
view3,2980,11,0,0.9414,0.8788,4,3,0
view3,2981,11,0,0.9467,0.8787,4,3,0
view3,2982,11,0,0.9433,0.8786,4,3,0
view3,2983,11,0,0.9392,0.8785,4,3,0
view3,2984,11,0,0.9447,0.8785,4,3,0
view3,2985,11,0,0.9348,0.8784,4,3,0
view3,2986,11,0,0.9237,0.8783,4,3,0
view3,2987,11,0,0.9295,0.8782,4,3,0
view3,2988,11,0,0.9238,0.878,4,3,0
view3,2989,11,0,0.9226,0.8778,3,3,0
view3,2990,11,0,0.911,0.8774,4,2,0
view3,2991,11,0,0.9196,0.8772,3,3,0
view3,2992,11,0,0.9224,0.8769,4,2,0
view3,2993,11,0,0.9145,0.8765,4,2,0
view3,2994,11,0,0.9168,0.8761,4,2,0
view3,2995,11,0,0.9177,0.8756,4,2,0
view3,2996,11,0,0.9184,0.8752,3,2,0
view3,2997,11,0,0.9226,0.8749,3,2,0
view3,2998,11,0,0.9262,0.8747,3,2,0
view3,2999,11,0,0.928,0.8746,3,2,0
view3,3000,12,1,0.0,0.85,3,0,0
view3,3001,12,0,0.9798,0.85,3,3,0
view3,3002,12,0,0.975,0.975,3,3,0
view3,3003,12,1,0.9639,0.9662,3,3,0
view3,3004,12,0,0.9747,0.9651,3,3,0
view3,3005,12,0,0.9769,0.9664,3,3,0
view3,3006,12,0,0.9736,0.9635,3,3,0
view3,3007,12,0,0.973,0.9631,3,3,0
view3,3008,12,0,0.9636,0.9596,3,3,0
view3,3009,12,0,0.9619,0.9569,3,3,0
view3,3010,12,0,0.9583,0.9544,3,3,0
view3,3011,12,1,0.9472,0.9515,3,3,0
view3,3012,12,0,0.9802,0.9505,3,3,0
view3,3013,12,0,0.9774,0.9498,3,3,0
view3,3014,12,0,0.9752,0.9497,3,3,0
view3,3015,12,0,0.9737,0.9491,3,3,0
view3,3016,12,0,0.9716,0.9488,3,3,0
view3,3017,12,0,0.9658,0.9482,3,3,0
view3,3018,12,0,0.9635,0.9479,3,3,0
view3,3019,12,0,0.9513,0.9466,3,3,0
view3,3020,12,0,0.9535,0.9456,3,3,0
view3,3021,12,0,0.9493,0.9441,3,3,0
view3,3022,12,0,0.9505,0.9431,3,3,0
view3,3023,12,0,0.958,0.9425,3,3,0
view3,3024,12,0,0.95,0.9415,2,3,0
view3,3025,12,0,0.9523,0.9405,2,3,0
view3,3026,12,0,0.9447,0.9392,2,3,0
view3,3027,12,0,0.9572,0.9387,2,3,0
view3,3028,12,0,0.9497,0.9379,2,3,0
view3,3029,12,0,0.9618,0.9377,2,3,0
view3,3030,12,0,0.9571,0.9375,2,3,0
view3,3031,12,0,0.9635,0.9372,2,3,0
view3,3032,12,0,0.9586,0.937,2,3,0
view3,3033,12,0,0.9596,0.937,2,3,0
view3,3034,12,0,0.9558,0.9368,2,3,0
view3,3035,12,0,0.9594,0.9366,2,3,0
view3,3036,12,0,0.9538,0.936,2,3,0
view3,3037,12,0,0.9542,0.9358,2,3,0
view3,3038,12,0,0.945,0.9354,3,3,0
view3,3039,12,0,0.9414,0.9348,3,3,0
view3,3040,12,0,0.9401,0.9343,3,3,0
view3,3041,12,0,0.9508,0.9341,4,3,0
view3,3042,12,0,0.9531,0.9341,4,3,0
view3,3043,12,0,0.9398,0.9338,3,3,0
view3,3044,12,0,0.9446,0.9338,3,3,0
view3,3045,12,0,0.9376,0.9334,3,3,0
view3,3046,12,0,0.9429,0.9333,3,3,0
view3,3047,12,0,0.9435,0.9332,4,3,0
view3,3048,12,0,0.9485,0.9332,4,3,0
view3,3049,12,0,0.9541,0.9334,4,3,0
view3,3050,12,0,0.9526,0.9334,4,3,0
view3,3051,12,0,0.9529,0.9334,4,3,0
view3,3052,12,0,0.9466,0.9334,4,3,0
view3,3053,12,0,0.9429,0.9333,4,3,0
view3,3054,12,0,0.9335,0.9329,4,3,0
view3,3055,12,1,0.924,0.9319,4,3,0
view3,3056,12,0,0.9854,0.9311,4,4,0
view3,3057,12,0,0.9838,0.93,4,4,0
view3,3058,12,0,0.9775,0.9292,5,4,0
view3,3059,12,0,0.9701,0.9273,4,4,0
view3,3060,12,0,0.9571,0.9241,4,4,0
view3,3061,12,0,0.964,0.922,4,4,0
view3,3062,12,0,0.9631,0.9212,4,4,0
view3,3063,12,0,0.9604,0.9204,4,4,0
view3,3064,12,0,0.9673,0.9196,4,4,0
view3,3065,12,0,0.9671,0.9188,4,4,0
view3,3066,12,0,0.967,0.9184,4,4,0
view3,3067,12,0,0.9692,0.9182,4,4,0
view3,3068,12,0,0.966,0.9179,4,4,0
view3,3069,12,0,0.9638,0.9175,3,4,0
view3,3070,12,0,0.9562,0.9175,4,4,0
view3,3071,12,0,0.955,0.9173,4,4,0
view3,3072,12,0,0.9441,0.9169,4,4,0
view3,3073,12,0,0.944,0.9166,4,4,0
view3,3074,12,0,0.9414,0.9162,4,4,0
view3,3075,12,0,0.927,0.9154,4,4,0
view3,3076,12,0,0.9308,0.9145,4,4,0
view3,3077,12,0,0.9342,0.9139,4,4,0
view3,3078,12,0,0.9364,0.9135,4,4,0
view3,3079,12,0,0.9368,0.9132,3,4,0
view3,3080,12,0,0.9316,0.9127,4,4,0
view3,3081,12,0,0.9177,0.9121,5,4,0
view3,3082,12,0,0.9273,0.9115,4,4,0
view3,3083,12,0,0.9236,0.9106,4,4,0
view3,3084,12,0,0.9365,0.9103,3,4,0
view3,3085,12,0,0.9377,0.9098,4,4,0
view3,3086,12,0,0.9158,0.909,4,4,0
view3,3087,12,0,0.923,0.9084,4,4,0
view3,3088,12,0,0.9168,0.9078,3,4,0
view3,3089,12,0,0.9181,0.9072,3,4,0
view3,3090,12,0,0.927,0.9067,3,4,0
view3,3091,12,0,0.9191,0.9064,3,4,0
view3,3092,12,0,0.9103,0.9057,3,3,0
view3,3093,12,1,0.9044,0.905,3,4,0
view3,3094,12,0,0.9881,0.9042,3,3,0
view3,3095,12,0,0.9796,0.9038,3,3,0
view3,3096,12,0,0.9824,0.9033,4,3,0
view3,3097,12,0,0.9767,0.9027,4,3,0
view3,3098,12,0,0.9807,0.9018,3,3,0
view3,3099,12,0,0.9777,0.9008,3,3,0
view3,3100,12,0,0.9735,0.8998,3,3,0
view3,3101,12,0,0.9706,0.8986,3,3,0
view3,3102,12,0,0.9701,0.8977,3,3,0
view3,3103,12,0,0.9678,0.8971,3,3,0
view3,3104,12,0,0.9602,0.8966,3,3,0
view3,3105,12,0,0.9511,0.8958,4,3,0
view3,3106,12,0,0.962,0.8955,4,3,0
view3,3107,12,0,0.9483,0.8951,4,3,0
view3,3108,12,0,0.9474,0.8948,4,3,0
view3,3109,12,0,0.9345,0.894,3,3,0
view3,3110,12,0,0.9354,0.8936,3,3,0
view3,3111,12,0,0.9373,0.8933,4,3,0
view3,3112,12,0,0.9402,0.8931,5,3,0
view3,3113,12,0,0.9338,0.8931,3,3,0
view3,3114,12,0,0.9465,0.8929,3,3,0
view3,3115,12,0,0.9353,0.8929,3,4,0
view3,3116,12,0,0.9327,0.8927,3,4,0
view3,3117,12,0,0.9196,0.8921,3,4,0
view3,3118,12,0,0.9164,0.8913,3,4,0
view3,3119,12,0,0.9258,0.8908,2,4,0
view3,3120,12,0,0.9113,0.8899,2,4,0
view3,3121,12,0,0.9206,0.8893,3,4,0
view3,3122,12,0,0.9205,0.8889,4,4,0
view3,3123,12,0,0.9315,0.8887,3,4,0
view3,3124,12,0,0.929,0.8884,3,4,0
view3,3125,12,0,0.9255,0.8881,3,4,0
view3,3126,12,0,0.9237,0.8877,3,4,0
view3,3127,12,0,0.9277,0.8875,3,4,0
view3,3128,12,0,0.9264,0.8872,3,4,0
view3,3129,12,0,0.9101,0.8866,3,4,0
view3,3130,12,0,0.9124,0.8863,3,4,0
view3,3131,12,0,0.9185,0.8861,3,4,0
view3,3132,12,0,0.9331,0.8862,3,3,0
view3,3133,12,0,0.9391,0.8861,3,3,0
view3,3134,12,0,0.9348,0.8862,3,3,0
view3,3135,12,0,0.9351,0.8861,3,3,0
view3,3136,12,0,0.9428,0.886,3,3,0
view3,3137,12,0,0.955,0.886,3,3,0
view3,3138,12,0,0.9483,0.8859,3,3,0
view3,3139,12,0,0.9447,0.8857,3,3,0
view3,3140,12,0,0.9466,0.8854,3,3,0
view3,3141,12,0,0.9485,0.885,4,3,0
view3,3142,12,0,0.9449,0.8847,4,3,0
view3,3143,12,0,0.9513,0.8844,4,3,0
view3,3144,12,0,0.9476,0.8842,4,3,0
view3,3145,12,0,0.9302,0.8838,3,3,0
view3,3146,12,0,0.9371,0.8837,4,3,0
view3,3147,12,0,0.9386,0.8837,4,3,0
view3,3148,12,0,0.935,0.8837,3,3,0
view3,3149,12,0,0.9168,0.8835,5,4,0
view3,3150,12,0,0.9207,0.8832,5,3,0
view3,3151,12,0,0.9263,0.8832,4,4,0
view3,3152,12,0,0.9342,0.8831,4,4,0
view3,3153,12,0,0.9219,0.8827,4,4,0
view3,3154,12,0,0.9258,0.8825,4,4,0
view3,3155,12,0,0.927,0.8823,3,4,0
view3,3156,12,0,0.9467,0.8823,4,4,0
view3,3157,12,0,0.9419,0.8823,3,4,0
view3,3158,12,0,0.9423,0.8824,4,4,0
view3,3159,12,0,0.9451,0.8825,3,4,0
view3,3160,12,0,0.9411,0.8826,3,4,0
view3,3161,12,0,0.9423,0.8827,3,4,0
view3,3162,12,0,0.9515,0.8828,3,4,0
view3,3163,12,0,0.9463,0.8829,4,4,0
view3,3164,12,0,0.9486,0.8829,4,4,0
view3,3165,12,0,0.9468,0.8829,5,4,0
view3,3166,12,0,0.9453,0.8829,4,4,0
view3,3167,12,0,0.9491,0.883,4,4,0
view3,3168,12,0,0.9422,0.8829,4,4,0
view3,3169,12,0,0.9496,0.883,3,4,0
view3,3170,12,0,0.9502,0.883,4,4,0
view3,3171,12,0,0.95,0.8831,5,4,0
view3,3172,12,0,0.9513,0.8831,4,4,0
view3,3173,12,0,0.9464,0.8831,4,4,0
view3,3174,12,0,0.9472,0.8831,4,4,0
view3,3175,12,0,0.9509,0.883,4,4,0
view3,3176,12,0,0.9455,0.883,4,4,0
view3,3177,12,0,0.9575,0.883,4,4,0
view3,3178,12,0,0.9525,0.8829,4,4,0
view3,3179,12,0,0.951,0.8829,4,4,0
view3,3180,12,0,0.9444,0.8828,4,4,0
view3,3181,12,0,0.9469,0.8827,4,4,0
view3,3182,12,0,0.9522,0.8826,3,4,0
view3,3183,12,0,0.9483,0.8826,4,4,0
view3,3184,12,0,0.9523,0.8824,4,4,0
view3,3185,12,0,0.9571,0.8824,4,4,0
view3,3186,12,0,0.9545,0.8824,5,4,0
view3,3187,12,0,0.9546,0.8825,4,4,0
view3,3188,12,0,0.9563,0.8825,4,4,0
view3,3189,12,0,0.9441,0.8825,4,4,0
view3,3190,12,0,0.9487,0.8825,5,4,0
view3,3191,12,0,0.9465,0.8825,4,4,0
view3,3192,12,0,0.9452,0.8825,5,4,0
view3,3193,12,0,0.9432,0.8824,4,4,0
view3,3194,12,0,0.9417,0.8823,4,4,0
view3,3195,12,0,0.9488,0.8822,4,4,0
view3,3196,12,0,0.9467,0.8821,4,4,0
view3,3197,12,0,0.9382,0.882,4,4,0
view3,3198,12,0,0.9357,0.8819,4,4,0
view3,3199,12,0,0.9271,0.8817,4,4,0
view3,3200,12,0,0.9281,0.8816,5,4,0
view3,3201,12,0,0.925,0.8815,3,4,0
view3,3202,12,0,0.9332,0.8814,4,4,0
view3,3203,12,0,0.9249,0.8812,3,4,0
view3,3204,12,0,0.9321,0.8812,4,4,0
view3,3205,12,0,0.9392,0.8812,4,4,0
view3,3206,12,0,0.9442,0.8812,5,4,0
view3,3207,12,0,0.941,0.8812,4,4,0
view3,3208,12,0,0.9396,0.8811,4,4,0
view3,3209,12,0,0.9386,0.8811,3,4,0
view3,3210,12,0,0.9293,0.8809,5,4,0
view3,3211,12,0,0.9325,0.8809,4,4,0
view3,3212,12,0,0.9276,0.8808,4,4,0
view3,3213,12,0,0.9309,0.8809,4,4,0
view3,3214,12,0,0.9289,0.8809,4,4,0
view3,3215,12,0,0.9223,0.8809,4,4,0
view3,3216,12,0,0.9236,0.881,4,4,0
view3,3217,12,0,0.9285,0.881,4,4,0
view3,3218,12,0,0.9213,0.8811,4,4,0
view3,3219,12,0,0.9186,0.8812,4,4,0
view3,3220,12,0,0.9108,0.8812,3,3,0
view3,3221,12,0,0.925,0.8812,3,4,0
view3,3222,12,0,0.9151,0.8812,2,3,0
view3,3223,12,0,0.9212,0.8813,2,4,0
view3,3224,12,0,0.9145,0.8813,3,4,0
view3,3225,12,0,0.9197,0.8813,3,4,0
view3,3226,12,0,0.9253,0.8814,3,3,0
view3,3227,12,0,0.9206,0.8815,3,3,0
view3,3228,12,0,0.912,0.8815,3,4,0
view3,3229,12,0,0.9079,0.8815,3,4,0
view3,3230,12,0,0.9155,0.8815,3,3,0
view3,3231,12,0,0.9132,0.8814,3,4,0
view3,3232,12,0,0.9218,0.8814,4,4,0
view3,3233,12,0,0.9292,0.8814,3,3,0
view3,3234,12,0,0.9365,0.8813,3,3,0
view3,3235,12,0,0.9329,0.8813,3,3,0
view3,3236,12,0,0.9361,0.8812,3,3,0
view3,3237,12,0,0.9302,0.8811,3,3,0
view3,3238,12,0,0.9418,0.881,3,3,0
view3,3239,12,0,0.9482,0.881,3,3,0
view3,3240,12,0,0.9462,0.8808,3,3,0
view3,3241,12,0,0.9398,0.8807,4,3,0
view3,3242,12,0,0.9371,0.8804,3,3,0
view3,3243,12,0,0.9415,0.8803,3,3,0
view3,3244,12,0,0.935,0.8801,4,3,0
view3,3245,12,0,0.9378,0.8801,4,3,0
view3,3246,12,0,0.9372,0.88,4,3,0
view3,3247,12,0,0.9454,0.88,5,3,0
view3,3248,12,0,0.9432,0.8799,5,3,0
view3,3249,12,0,0.9433,0.8799,5,3,0
view3,3250,13,1,0.0,0.85,4,0,0
view3,3251,13,0,0.9916,0.85,4,4,0
view3,3252,13,0,0.9869,0.9869,4,4,0
view3,3253,13,0,0.9869,0.9862,4,4,0
view3,3254,13,1,0.9826,0.9838,4,4,0
view3,3255,13,0,0.9898,0.9828,4,4,0
view3,3256,13,0,0.9912,0.9828,4,4,0
view3,3257,13,0,0.9873,0.9827,4,4,0
view3,3258,13,0,0.9835,0.9815,4,4,0
view3,3259,13,1,0.978,0.9796,4,4,0
view3,3260,13,0,0.9926,0.9774,4,4,0
view3,3261,13,0,0.9759,0.9702,4,4,0
view3,3262,13,0,0.979,0.9678,4,4,0
view3,3263,13,0,0.9826,0.9676,4,4,0
view3,3264,13,0,0.9823,0.9679,4,4,0
view3,3265,13,0,0.9796,0.9679,3,4,0
view3,3266,13,0,0.9752,0.9672,4,4,0
view3,3267,13,0,0.9697,0.9666,4,4,0
view3,3268,13,0,0.9734,0.9664,3,4,0
view3,3269,13,1,0.9467,0.9614,4,4,0
view3,3270,13,0,0.9748,0.9605,4,4,0
view3,3271,13,0,0.9738,0.9599,4,4,0
view3,3272,13,0,0.9741,0.9596,4,4,0
view3,3273,13,0,0.9722,0.9598,4,4,0
view3,3274,13,0,0.9719,0.9599,4,4,0
view3,3275,13,0,0.9676,0.9597,4,4,0
view3,3276,13,0,0.9675,0.9591,4,4,0
view3,3277,13,0,0.9619,0.9577,4,4,0
view3,3278,13,0,0.9642,0.957,4,4,0
view3,3279,13,0,0.9569,0.956,4,4,0
view3,3280,13,1,0.9519,0.9547,4,4,0
view3,3281,13,0,0.9838,0.954,4,4,0
view3,3282,13,0,0.982,0.9523,3,4,0
view3,3283,13,0,0.9797,0.9517,3,4,0
view3,3284,13,0,0.9706,0.9511,3,4,0
view3,3285,13,0,0.9613,0.9495,3,4,0
view3,3286,13,0,0.9609,0.9484,2,4,0
view3,3287,13,0,0.9633,0.9477,3,4,0
view3,3288,13,0,0.9591,0.9468,2,4,0
view3,3289,13,0,0.9565,0.9457,3,4,0
view3,3290,13,0,0.9621,0.945,2,4,0
view3,3291,13,0,0.9591,0.9446,4,4,0
view3,3292,13,0,0.9587,0.9439,3,4,0
view3,3293,13,0,0.9648,0.9439,4,4,0
view3,3294,13,0,0.9606,0.9438,4,4,0
view3,3295,13,0,0.9619,0.9436,4,4,0
view3,3296,13,0,0.9593,0.9436,4,4,0
view3,3297,13,0,0.956,0.9432,4,4,0
view3,3298,13,0,0.9605,0.943,4,4,0
view3,3299,13,0,0.954,0.9427,4,4,0
view3,3300,13,0,0.9643,0.9429,4,4,0
view3,3301,13,0,0.9614,0.943,4,4,0
view3,3302,13,0,0.9699,0.9432,4,4,0
view3,3303,13,0,0.9644,0.9433,4,4,0
view3,3304,13,0,0.9584,0.9433,4,4,0
view3,3305,13,0,0.9644,0.9435,4,4,0
view3,3306,13,0,0.9622,0.9436,4,4,0
view3,3307,13,0,0.9613,0.9436,4,4,0
view3,3308,13,0,0.9639,0.9437,4,4,0
view3,3309,13,0,0.9549,0.9437,4,4,0
view3,3310,13,0,0.9515,0.9435,5,4,0
view3,3311,13,0,0.9597,0.9436,4,4,0
view3,3312,13,0,0.9615,0.9437,4,4,0
view3,3313,13,0,0.9545,0.9436,4,4,0
view3,3314,13,1,0.941,0.9429,4,4,0
view3,3315,13,0,0.9839,0.9425,4,4,0
view3,3316,13,0,0.972,0.942,4,4,0
view3,3317,13,0,0.9548,0.94,4,4,0
view3,3318,13,0,0.9561,0.9382,4,4,0
view3,3319,13,0,0.945,0.9361,4,4,0
view3,3320,13,0,0.9433,0.9345,5,4,0
view3,3321,13,0,0.9536,0.9337,4,4,0
view3,3322,13,0,0.9591,0.9335,4,4,0
view3,3323,13,0,0.9631,0.9332,3,4,0
view3,3324,13,0,0.9613,0.9329,4,4,0
view3,3325,13,0,0.9432,0.9318,4,4,0
view3,3326,13,0,0.9473,0.9309,4,4,0
view3,3327,13,0,0.95,0.9301,4,4,0
view3,3328,13,0,0.9522,0.9295,3,4,0
view3,3329,13,0,0.9486,0.9289,4,4,0
view3,3330,13,0,0.943,0.9281,3,4,0
view3,3331,13,0,0.9393,0.9271,3,4,0
view3,3332,13,0,0.937,0.9262,3,4,0
view3,3333,13,0,0.934,0.9254,3,4,0
view3,3334,13,0,0.9454,0.9249,3,4,0
view3,3335,13,0,0.9408,0.9239,3,4,0
view3,3336,13,0,0.9465,0.9235,3,4,0
view3,3337,13,0,0.949,0.9233,3,4,0
view3,3338,13,0,0.9512,0.9229,3,4,0
view3,3339,13,0,0.9573,0.9228,3,4,0
view3,3340,13,0,0.955,0.9227,3,4,0
view3,3341,13,0,0.9547,0.9225,3,4,0
view3,3342,13,0,0.954,0.9224,3,4,0
view3,3343,13,0,0.9495,0.9221,3,4,0
view3,3344,13,0,0.9385,0.9218,3,4,0
view3,3345,13,0,0.9302,0.9212,4,4,0
view3,3346,13,0,0.9302,0.9208,3,4,0
view3,3347,13,0,0.93,0.9203,4,4,0
view3,3348,13,0,0.9384,0.92,4,4,0
view3,3349,13,0,0.9364,0.9197,3,4,0
view3,3350,13,0,0.9339,0.9194,5,4,0
view3,3351,13,0,0.9387,0.919,3,4,0
view3,3352,13,0,0.9306,0.9187,4,4,0
view3,3353,13,0,0.9375,0.9185,4,4,0
view3,3354,13,0,0.9376,0.9183,4,4,0
view3,3355,13,0,0.9409,0.9182,4,4,0
view3,3356,13,0,0.9378,0.918,4,4,0
view3,3357,13,0,0.9396,0.9178,5,4,0
view3,3358,13,0,0.9425,0.9177,5,4,0
view3,3359,13,0,0.9447,0.9176,5,4,0
view3,3360,13,0,0.9412,0.9176,4,4,0
view3,3361,13,0,0.9442,0.9177,4,4,0
view3,3362,13,0,0.9409,0.9176,4,4,0
view3,3363,13,0,0.9346,0.9175,4,4,0
view3,3364,13,0,0.9251,0.9171,4,4,0
view3,3365,13,0,0.9311,0.9171,4,4,0
view3,3366,13,0,0.9315,0.917,4,4,0
view3,3367,13,0,0.9395,0.9169,4,4,0
view3,3368,13,0,0.9332,0.9168,4,4,0
view3,3369,13,0,0.9314,0.9168,4,4,0
view3,3370,13,0,0.9265,0.9166,3,4,0
view3,3371,13,0,0.9338,0.9166,3,4,0
view3,3372,13,0,0.9308,0.9165,3,4,0
view3,3373,13,0,0.9336,0.9164,3,4,0
view3,3374,13,0,0.9294,0.9163,4,4,0
view3,3375,13,0,0.9352,0.9163,4,4,0
view3,3376,13,0,0.94,0.9163,4,4,0
view3,3377,13,0,0.9376,0.9163,4,4,0
view3,3378,13,0,0.9296,0.9161,4,4,0
view3,3379,13,0,0.9317,0.9159,4,4,0
view3,3380,13,0,0.9332,0.9157,4,4,0
view3,3381,13,0,0.9353,0.9156,4,4,0
view3,3382,13,0,0.923,0.9153,3,4,0
view3,3383,13,0,0.9239,0.9152,3,4,0
view3,3384,13,0,0.9289,0.9152,4,4,0
view3,3385,13,1,0.9106,0.9147,4,4,0
view3,3386,13,0,0.9833,0.9147,4,4,0
view3,3387,13,0,0.9727,0.9145,3,4,0
view3,3388,13,0,0.9643,0.9144,4,4,0
view3,3389,13,0,0.9455,0.9144,4,4,0
view3,3390,13,0,0.9348,0.9144,4,4,0
view3,3391,13,0,0.9227,0.9142,4,4,0
view3,3392,13,0,0.9212,0.9139,3,4,0
view3,3393,13,1,0.9118,0.9133,3,4,0
view3,3394,13,0,0.9696,0.9131,3,3,0
view3,3395,13,0,0.9452,0.9129,2,3,0
view3,3396,13,0,0.9451,0.9126,2,3,0
view3,3397,13,0,0.9444,0.9124,2,3,0
view3,3398,13,0,0.9329,0.9122,2,3,0
view3,3399,13,0,0.9298,0.9119,2,4,0
view3,3400,13,0,0.9298,0.9116,2,4,0
view3,3401,13,0,0.9328,0.9115,2,4,0
view3,3402,13,0,0.9304,0.9114,4,4,0
view3,3403,13,0,0.9235,0.9112,3,4,0
view3,3404,13,0,0.9249,0.9109,4,4,0
view3,3405,13,0,0.9305,0.9106,4,4,0
view3,3406,13,0,0.9244,0.9103,3,4,0
view3,3407,13,0,0.9285,0.9101,5,4,0
view3,3408,13,0,0.9265,0.9099,3,4,0
view3,3409,13,0,0.9348,0.9098,4,3,0
view3,3410,13,0,0.9343,0.9096,4,3,0
view3,3411,13,0,0.9203,0.9092,3,3,0
view3,3412,13,0,0.9253,0.909,5,3,0
view3,3413,13,0,0.9245,0.9087,4,3,0
view3,3414,13,0,0.9242,0.9084,4,3,0
view3,3415,13,0,0.9252,0.9082,4,3,0
view3,3416,13,0,0.9294,0.908,4,3,0
view3,3417,13,0,0.9293,0.9079,4,3,0
view3,3418,13,0,0.9294,0.9078,4,4,0
view3,3419,13,0,0.9402,0.9078,4,4,0
view3,3420,13,0,0.9348,0.9077,4,4,0
view3,3421,13,0,0.9286,0.9075,5,4,0
view3,3422,13,0,0.9453,0.9075,5,4,0
view3,3423,13,0,0.9351,0.9074,4,4,0
view3,3424,13,0,0.9325,0.9072,4,4,0
view3,3425,13,0,0.9312,0.9069,4,4,0
view3,3426,13,0,0.9261,0.9066,4,4,0
view3,3427,13,0,0.9239,0.9061,4,4,0
view3,3428,13,0,0.9287,0.9058,4,4,0
view3,3429,13,0,0.9365,0.9058,4,4,0
view3,3430,13,0,0.9313,0.9056,4,4,0
view3,3431,13,0,0.9411,0.9055,4,4,0
view3,3432,13,0,0.9412,0.9053,4,4,0
view3,3433,13,0,0.9364,0.9051,4,4,0
view3,3434,13,0,0.9279,0.9048,3,4,0
view3,3435,13,0,0.9175,0.9047,3,4,0
view3,3436,13,0,0.9275,0.9046,3,4,0
view3,3437,13,0,0.9241,0.9044,3,4,0
view3,3438,13,0,0.9283,0.9043,3,4,0
view3,3439,13,0,0.9157,0.904,3,4,0
view3,3440,13,0,0.9258,0.904,3,4,0
view3,3441,13,0,0.9276,0.9039,3,4,0
view3,3442,13,0,0.9241,0.9039,3,4,0
view3,3443,13,0,0.9232,0.9039,3,4,0
view3,3444,13,0,0.9282,0.9039,3,4,0
view3,3445,13,0,0.9271,0.9039,4,4,0
view3,3446,13,0,0.9309,0.9039,4,4,0
view3,3447,13,0,0.9258,0.9039,4,4,0
view3,3448,13,0,0.9284,0.9039,4,4,0
view3,3449,13,0,0.9262,0.9038,4,4,0
view3,3450,13,0,0.9322,0.9039,4,4,0
view3,3451,13,0,0.9311,0.9039,4,4,0
view3,3452,13,0,0.9252,0.9038,4,4,0
view3,3453,13,0,0.9359,0.9038,3,4,0
view3,3454,13,0,0.9342,0.9037,4,4,0
view3,3455,13,0,0.9306,0.9036,4,4,0
view3,3456,13,0,0.9262,0.9034,4,4,0
view3,3457,13,0,0.9338,0.9034,4,4,0
view3,3458,13,0,0.9343,0.9033,4,4,0
view3,3459,13,0,0.9227,0.9031,4,4,0
view3,3460,13,0,0.9197,0.9029,4,4,0
view3,3461,13,0,0.9232,0.9026,4,4,0
view3,3462,13,0,0.9131,0.9024,4,4,0
view3,3463,13,0,0.9146,0.9022,4,4,0
view3,3464,13,0,0.9124,0.902,4,4,0
view3,3465,13,0,0.9143,0.9018,4,4,0
view3,3466,13,0,0.9056,0.9015,3,4,0
view3,3467,13,0,0.9085,0.9012,3,4,0
view3,3468,13,0,0.9046,0.9009,3,4,0
view3,3469,13,1,0.8978,0.9005,3,4,0
view3,3470,13,0,0.9889,0.9003,3,3,0
view3,3471,13,0,0.9754,0.9,3,3,0
view3,3472,13,0,0.9654,0.8995,3,3,0
view3,3473,13,0,0.971,0.8993,3,3,0
view3,3474,13,0,0.9666,0.899,3,3,0
view3,3475,13,0,0.9647,0.8988,3,3,0
view3,3476,13,0,0.9613,0.8986,3,3,0
view3,3477,13,0,0.9543,0.8982,3,3,0
view3,3478,13,0,0.953,0.8979,3,3,0
view3,3479,13,0,0.9441,0.8975,3,3,0
view3,3480,13,0,0.9598,0.8974,3,3,0
view3,3481,13,0,0.9477,0.8971,3,3,0
view3,3482,13,0,0.9541,0.8968,3,3,0
view3,3483,13,0,0.9462,0.8965,3,3,0
view3,3484,13,0,0.9549,0.8963,3,3,0
view3,3485,13,0,0.9577,0.8962,3,3,0
view3,3486,13,0,0.949,0.8959,3,3,0
view3,3487,13,0,0.9489,0.8956,3,3,0
view3,3488,13,0,0.9374,0.8952,3,3,0
view3,3489,13,0,0.9436,0.895,3,3,0
view3,3490,13,0,0.946,0.8947,3,3,0
view3,3491,13,0,0.9434,0.8945,3,3,0
view3,3492,13,0,0.933,0.8942,3,3,0
view3,3493,13,0,0.9251,0.8939,3,3,0
view3,3494,13,0,0.9333,0.8938,3,3,0
view3,3495,13,0,0.9224,0.8936,3,3,0
view3,3496,13,0,0.9279,0.8935,3,3,0
view3,3497,13,0,0.9419,0.8934,2,3,0
view3,3498,13,0,0.9422,0.8933,3,3,0
view3,3499,13,0,0.9425,0.8931,2,3,0
view3,3500,14,1,0.0,0.85,3,0,0
view3,3501,14,0,0.9868,0.85,3,3,0
view3,3502,14,0,0.9804,0.9804,2,3,0
view3,3503,14,1,0.9746,0.9756,2,3,0
view3,3504,14,0,0.9876,0.973,2,2,0
view3,3505,14,0,0.976,0.9649,2,2,0
view3,3506,14,0,0.9767,0.9623,2,2,0
view3,3507,14,0,0.9678,0.9573,2,2,0
view3,3508,14,0,0.959,0.9533,2,2,0
view3,3509,14,0,0.9632,0.9521,2,2,0
view3,3510,14,0,0.9513,0.9488,2,2,0
view3,3511,14,1,0.9408,0.9441,2,2,0
view3,3512,14,0,0.9868,0.9405,3,2,0
view3,3513,14,0,0.9685,0.9377,2,2,0
view3,3514,14,0,0.9787,0.937,3,2,0
view3,3515,14,0,0.9792,0.9361,3,2,0
view3,3516,14,0,0.9789,0.9353,3,2,0
view3,3517,14,0,0.9734,0.9348,3,2,0
view3,3518,14,0,0.9771,0.9333,3,2,0
view3,3519,14,0,0.9742,0.9311,4,2,0
view3,3520,14,0,0.9725,0.9286,3,2,0
view3,3521,14,0,0.959,0.9258,3,2,0
view3,3522,14,0,0.9681,0.9239,3,2,0
view3,3523,14,0,0.963,0.9209,4,2,0
view3,3524,14,0,0.964,0.9185,3,2,0
view3,3525,14,0,0.959,0.9167,3,2,0
view3,3526,14,0,0.96,0.9143,4,2,0
view3,3527,14,0,0.9652,0.9131,4,2,0
view3,3528,14,0,0.9608,0.9126,4,2,0
view3,3529,14,0,0.9572,0.9116,3,2,0
view3,3530,14,0,0.9584,0.911,3,2,0
view3,3531,14,0,0.962,0.9107,3,2,0
view3,3532,14,0,0.9567,0.9106,3,2,0
view3,3533,14,0,0.9532,0.91,3,2,0
view3,3534,14,0,0.9465,0.9097,3,2,0
view3,3535,14,0,0.9484,0.9098,3,2,0
view3,3536,14,0,0.9418,0.9094,3,2,0
view3,3537,14,0,0.9402,0.9085,3,2,0
view3,3538,14,0,0.9112,0.9062,3,2,0
view3,3539,14,0,0.9185,0.9042,3,2,0
view3,3540,14,0,0.9077,0.9025,3,2,0
view3,3541,14,0,0.9066,0.9003,3,2,0
view3,3542,14,1,0.8944,0.8974,3,2,0
view3,3543,14,0,0.9816,0.8962,3,3,0
view3,3544,14,0,0.9772,0.8954,3,3,0
view3,3545,14,0,0.97,0.8952,3,3,0
view3,3546,14,0,0.9631,0.8946,3,3,0
view3,3547,14,0,0.9486,0.8944,2,3,0
view3,3548,14,0,0.9473,0.8935,3,3,0
view3,3549,14,0,0.9577,0.8929,3,3,0
view3,3550,14,0,0.9536,0.8922,3,3,0
view3,3551,14,0,0.9482,0.8918,2,3,0
view3,3552,14,0,0.9398,0.8914,2,3,0
view3,3553,14,0,0.9526,0.8908,2,3,0
view3,3554,14,0,0.9489,0.8905,2,3,0
view3,3555,14,0,0.9393,0.8899,2,3,0
view3,3556,14,0,0.9388,0.8896,2,3,0
view3,3557,14,0,0.9343,0.8895,2,3,0
view3,3558,14,0,0.9058,0.8888,3,3,0
view3,3559,14,0,0.9156,0.8885,3,3,0
view3,3560,14,0,0.922,0.8883,3,2,0
view3,3561,14,0,0.9146,0.8879,2,2,0
view3,3562,14,0,0.9199,0.8875,3,2,0
view3,3563,14,0,0.9241,0.8871,3,2,0
view3,3564,14,0,0.924,0.8866,4,2,0
view3,3565,14,0,0.9096,0.8858,4,2,0
view3,3566,14,0,0.8968,0.8846,4,2,0
view3,3567,14,0,0.8973,0.8834,3,2,0
view3,3568,14,0,0.892,0.8821,3,2,0
view3,3569,14,0,0.897,0.8806,4,2,0
view3,3570,14,0,0.8949,0.8796,4,2,0
view3,3571,14,0,0.8804,0.8778,4,2,0
view3,3572,14,0,0.893,0.8767,3,2,0
view3,3573,14,0,0.8858,0.875,4,2,0
view3,3574,14,0,0.8978,0.874,4,2,0
view3,3575,14,0,0.8911,0.873,4,2,0
view3,3576,14,0,0.9013,0.8722,4,2,0
view3,3577,14,0,0.9059,0.8715,4,2,0
view3,3578,14,0,0.9135,0.8711,4,2,0
view3,3579,14,0,0.9095,0.8704,4,2,0
view3,3580,14,0,0.9169,0.87,3,2,0
view3,3581,14,0,0.923,0.8697,3,2,0
view3,3582,14,0,0.9426,0.8696,3,2,0
view3,3583,14,0,0.9483,0.8695,3,2,0
view3,3584,14,0,0.9331,0.8695,3,2,0
view3,3585,14,0,0.9242,0.8695,3,2,0
view3,3586,14,0,0.9305,0.8697,3,2,0
view3,3587,14,0,0.9282,0.87,3,2,0
view3,3588,14,0,0.9239,0.8701,4,2,0
view3,3589,14,0,0.9416,0.8704,3,2,0
view3,3590,14,0,0.9232,0.8706,3,2,0
view3,3591,14,0,0.9399,0.8708,3,2,0
view3,3592,14,0,0.9065,0.8709,3,2,0
view3,3593,14,0,0.8734,0.8702,3,3,0
view3,3594,14,0,0.8928,0.87,3,3,0
view3,3595,14,0,0.8854,0.8696,3,3,0
view3,3596,14,0,0.8767,0.869,3,3,0
view3,3597,14,0,0.8699,0.8682,3,3,0
view3,3598,14,1,0.867,0.8675,3,3,0
view3,3599,14,0,0.9884,0.8663,3,3,0
view3,3600,14,0,0.9816,0.8653,3,3,0
view3,3601,14,0,0.9755,0.8645,4,3,0
view3,3602,14,0,0.9741,0.8633,3,3,0
view3,3603,14,0,0.9596,0.8622,3,3,0
view3,3604,14,0,0.9575,0.8614,3,3,0
view3,3605,14,0,0.9482,0.8606,3,3,0
view3,3606,14,0,0.9563,0.8597,3,3,0
view3,3607,14,0,0.9525,0.859,3,3,0
view3,3608,14,0,0.9517,0.8583,3,3,0
view3,3609,14,0,0.9493,0.8575,3,3,0
view3,3610,14,0,0.9449,0.8572,4,3,0
view3,3611,14,0,0.9496,0.8571,3,3,0
view3,3612,14,0,0.9273,0.8567,4,3,0
view3,3613,14,0,0.931,0.8564,4,3,0
view3,3614,14,0,0.9491,0.8562,4,3,0
view3,3615,14,0,0.9462,0.856,4,3,0
view3,3616,14,0,0.9549,0.8557,4,3,0
view3,3617,14,0,0.9446,0.8548,4,3,0
view3,3618,14,0,0.9465,0.8538,4,3,0
view3,3619,14,0,0.9474,0.8531,4,3,0
view3,3620,14,0,0.9446,0.8526,4,3,0
view3,3621,14,0,0.947,0.8522,4,3,0
view3,3622,14,0,0.9427,0.8521,4,3,0
view3,3623,14,0,0.9465,0.8522,4,3,0
view3,3624,14,0,0.9466,0.8523,4,3,0
view3,3625,14,0,0.9529,0.8524,4,3,0
view3,3626,14,0,0.9513,0.8526,4,3,0
view3,3627,14,0,0.9382,0.8528,4,3,0
view3,3628,14,0,0.9387,0.8531,4,3,0
view3,3629,14,0,0.9444,0.8533,4,3,0
view3,3630,14,0,0.9293,0.8536,4,3,0
view3,3631,14,0,0.9335,0.8539,4,3,0
view3,3632,14,0,0.9218,0.8541,4,3,0
view3,3633,14,0,0.9268,0.8544,4,3,0
view3,3634,14,0,0.9255,0.8546,3,3,0
view3,3635,14,0,0.9304,0.8548,3,3,0
view3,3636,14,0,0.9243,0.855,3,3,0
view3,3637,14,0,0.9271,0.8552,3,3,0
view3,3638,14,0,0.9354,0.8555,3,2,0
view3,3639,14,0,0.9281,0.8556,3,2,0
view3,3640,14,0,0.9325,0.8558,3,2,0
view3,3641,14,0,0.9259,0.856,3,2,0
view3,3642,14,0,0.9294,0.8561,3,2,0
view3,3643,14,0,0.9202,0.8563,3,2,0
view3,3644,14,0,0.9228,0.8565,3,2,0
view3,3645,14,0,0.9276,0.8567,3,2,0
view3,3646,14,0,0.9281,0.8569,2,2,0
view3,3647,14,0,0.9333,0.8572,2,2,0
view3,3648,14,0,0.938,0.8574,2,2,0
view3,3649,14,0,0.9342,0.8576,3,2,0
view3,3650,14,0,0.9316,0.8578,2,2,0
view3,3651,14,0,0.9241,0.858,2,2,0
view3,3652,14,0,0.9159,0.8582,2,2,0
view3,3653,14,0,0.9263,0.8584,3,3,0
view3,3654,14,0,0.9239,0.8586,2,3,0
view3,3655,14,0,0.9231,0.8588,2,2,0
view3,3656,14,0,0.9231,0.859,5,2,0
view3,3657,14,0,0.9235,0.8591,3,2,0
view3,3658,14,0,0.9146,0.8592,3,2,0
view3,3659,14,0,0.9257,0.8593,3,2,0
view3,3660,14,0,0.9353,0.8595,3,2,0
view3,3661,14,0,0.9246,0.8596,3,2,0
view3,3662,14,0,0.9292,0.8598,3,3,0
view3,3663,14,0,0.9253,0.8599,3,2,0
view3,3664,14,0,0.9264,0.8601,3,3,0
view3,3665,14,0,0.9215,0.8602,3,3,0
view3,3666,14,0,0.9316,0.8604,3,3,0
view3,3667,14,0,0.9335,0.8606,3,2,0
view3,3668,14,0,0.9296,0.8607,3,2,0
view3,3669,14,0,0.9319,0.8609,3,3,0
view3,3670,14,0,0.9351,0.8611,3,2,0
view3,3671,14,0,0.9298,0.8613,3,2,0
view3,3672,14,0,0.9337,0.8614,2,2,0
view3,3673,14,0,0.9244,0.8616,3,2,0
view3,3674,14,0,0.9175,0.8618,4,2,0
view3,3675,14,0,0.9238,0.8619,3,2,0
view3,3676,14,0,0.9201,0.8621,3,2,0
view3,3677,14,0,0.9148,0.8622,3,2,0
view3,3678,14,0,0.9194,0.8623,3,3,0
view3,3679,14,0,0.922,0.8624,3,3,0
view3,3680,14,0,0.9295,0.8625,3,3,0
view3,3681,14,0,0.9219,0.8626,3,3,0
view3,3682,14,0,0.9283,0.8627,3,3,0
view3,3683,14,0,0.9233,0.8628,2,3,0
view3,3684,14,0,0.9316,0.8629,3,3,0
view3,3685,14,0,0.9267,0.8631,3,3,0
view3,3686,14,0,0.9425,0.8632,3,3,0
view3,3687,14,0,0.9545,0.8633,3,3,0
view3,3688,14,0,0.9602,0.8633,3,3,0
view3,3689,14,0,0.9602,0.8633,3,3,0
view3,3690,14,0,0.9503,0.8633,3,3,0
view3,3691,14,0,0.9477,0.8633,3,3,0
view3,3692,14,0,0.9526,0.8633,3,3,0
view3,3693,14,0,0.9508,0.8632,3,3,0
view3,3694,14,0,0.948,0.8632,3,3,0
view3,3695,14,0,0.9464,0.8632,3,3,0
view3,3696,14,0,0.9411,0.8631,3,3,0
view3,3697,14,0,0.9365,0.8632,3,3,0
view3,3698,14,0,0.9348,0.8633,3,3,0
view3,3699,14,0,0.9412,0.8634,3,3,0
view3,3700,14,0,0.9362,0.8635,3,3,0
view3,3701,14,0,0.9229,0.8635,3,3,0
view3,3702,14,0,0.92,0.8635,3,3,0
view3,3703,14,0,0.9349,0.8636,3,3,0
view3,3704,14,0,0.9277,0.8636,3,3,0
view3,3705,14,0,0.9224,0.8636,3,3,0
view3,3706,14,0,0.9296,0.8636,2,3,0
view3,3707,14,0,0.9193,0.8636,2,3,0
view3,3708,14,0,0.9215,0.8637,2,3,0
view3,3709,14,0,0.9178,0.8637,2,3,0
view3,3710,14,0,0.9325,0.8637,2,3,0
view3,3711,14,0,0.9218,0.8638,2,3,0
view3,3712,14,0,0.9235,0.8638,2,3,0
view3,3713,14,0,0.9284,0.8638,2,3,0
view3,3714,14,0,0.9274,0.8639,2,3,0
view3,3715,14,0,0.9214,0.864,3,3,0
view3,3716,14,0,0.9177,0.8639,3,3,0
view3,3717,14,0,0.923,0.8638,4,3,0
view3,3718,14,0,0.9224,0.8637,5,3,0
view3,3719,14,0,0.9275,0.8637,4,3,0
view3,3720,14,0,0.9355,0.8636,4,3,0
view3,3721,14,0,0.9322,0.8635,4,3,0
view3,3722,14,0,0.9248,0.8634,4,3,0
view3,3723,14,0,0.9184,0.8634,4,3,0
view3,3724,14,0,0.9074,0.8634,4,3,0
view3,3725,14,0,0.9209,0.8634,4,3,0
view3,3726,14,0,0.908,0.8635,3,3,0
view3,3727,14,0,0.9166,0.8635,3,2,0
view3,3728,14,0,0.9201,0.8635,3,2,0
view3,3729,14,0,0.9193,0.8636,3,2,0
view3,3730,14,0,0.9295,0.8636,3,3,0
view3,3731,14,0,0.9281,0.8636,4,3,0
view3,3732,14,0,0.9242,0.8636,4,3,0
view3,3733,14,0,0.9304,0.8635,4,3,0
view3,3734,14,0,0.9306,0.8635,4,3,0
view3,3735,14,0,0.9434,0.8634,4,3,0
view3,3736,14,0,0.9377,0.8634,4,3,0
view3,3737,14,0,0.9317,0.8634,4,3,0
view3,3738,14,0,0.9476,0.8634,4,3,0
view3,3739,14,0,0.9426,0.8633,4,3,0
view3,3740,14,0,0.9487,0.8633,4,3,0
view3,3741,14,0,0.9464,0.8632,4,3,0
view3,3742,14,0,0.9415,0.8631,4,3,0
view3,3743,14,0,0.9334,0.8629,3,3,0
view3,3744,14,0,0.9381,0.8628,4,3,0
view3,3745,14,0,0.9381,0.8626,4,3,0
view3,3746,14,0,0.9333,0.8624,4,3,0
view3,3747,14,0,0.9208,0.8623,5,3,0
view3,3748,14,0,0.9092,0.8623,4,3,0
view3,3749,14,0,0.9174,0.8622,3,3,0
view3,3750,15,1,0.0,0.85,4,0,0
view3,3751,15,0,0.98,0.85,4,4,0
view3,3752,15,0,0.9808,0.98,4,4,0
view3,3753,15,1,0.9765,0.9772,2,4,0
view3,3754,15,0,0.9792,0.9688,3,2,0
view3,3755,15,0,0.9757,0.9667,2,2,0
view3,3756,15,0,0.9748,0.9668,2,2,0
view3,3757,15,0,0.9704,0.965,3,2,0
view3,3758,15,0,0.9704,0.964,3,2,0
view3,3759,15,0,0.9603,0.9581,3,2,0
view3,3760,15,0,0.962,0.9558,3,2,0
view3,3761,15,0,0.9649,0.9548,3,2,0
view3,3762,15,0,0.9648,0.9541,3,2,0
view3,3763,15,0,0.9662,0.954,3,2,0
view3,3764,15,0,0.9667,0.9541,3,2,0
view3,3765,15,0,0.9643,0.9537,3,2,0
view3,3766,15,0,0.9638,0.9533,3,2,0
view3,3767,15,0,0.961,0.9519,3,2,0
view3,3768,15,0,0.953,0.9498,3,2,0
view3,3769,15,0,0.9525,0.948,4,2,0
view3,3770,15,0,0.9602,0.9476,3,2,0
view3,3771,15,0,0.9585,0.947,4,2,0
view3,3772,15,0,0.9504,0.9461,4,2,0
view3,3773,15,0,0.9535,0.9453,4,2,0
view3,3774,15,0,0.958,0.9452,3,2,0
view3,3775,15,0,0.9559,0.945,3,2,0
view3,3776,15,0,0.9495,0.9441,3,2,0
view3,3777,15,0,0.9484,0.9433,3,2,0
view3,3778,15,0,0.9436,0.9423,3,2,0
view3,3779,15,0,0.9441,0.9412,4,2,0
view3,3780,15,0,0.9459,0.9404,3,2,0
view3,3781,15,0,0.9502,0.94,3,2,0
view3,3782,15,0,0.9515,0.9395,4,2,0
view3,3783,15,0,0.9454,0.9388,4,2,0
view3,3784,15,0,0.9406,0.9377,4,2,0
view3,3785,15,0,0.946,0.9372,4,2,0
view3,3786,15,0,0.9445,0.9367,4,2,0
view3,3787,15,0,0.9399,0.936,5,2,0
view3,3788,15,0,0.9465,0.9357,4,2,0
view3,3789,15,0,0.9439,0.9352,4,2,0
view3,3790,15,0,0.9414,0.9348,4,2,0
view3,3791,15,0,0.9423,0.9345,4,2,0
view3,3792,15,0,0.9438,0.9342,4,2,0
view3,3793,15,1,0.9329,0.9335,4,2,0
view3,3794,15,0,0.9925,0.9326,4,4,0
view3,3795,15,0,0.9882,0.9322,4,4,0
view3,3796,15,0,0.9856,0.9317,4,4,0
view3,3797,15,0,0.9855,0.9312,4,4,0
view3,3798,15,0,0.9833,0.9304,4,4,0
view3,3799,15,0,0.9776,0.9298,4,4,0
view3,3800,15,0,0.9725,0.9295,4,4,0
view3,3801,15,0,0.9696,0.9291,4,4,0
view3,3802,15,0,0.97,0.9285,4,4,0
view3,3803,15,0,0.9706,0.9278,4,4,0
view3,3804,15,0,0.9686,0.9272,4,4,0
view3,3805,15,0,0.9611,0.9262,4,4,0
view3,3806,15,0,0.9642,0.9254,4,4,0
view3,3807,15,0,0.9615,0.9249,4,4,0
view3,3808,15,0,0.9621,0.9244,4,4,0
view3,3809,15,0,0.9645,0.9241,4,4,0
view3,3810,15,0,0.9603,0.9238,4,4,0
view3,3811,15,0,0.9585,0.9236,4,4,0
view3,3812,15,0,0.9639,0.9229,4,4,0
view3,3813,15,0,0.964,0.9223,4,4,0
view3,3814,15,0,0.9544,0.9213,4,4,0
view3,3815,15,0,0.9559,0.9206,4,4,0
view3,3816,15,0,0.9533,0.9201,4,4,0
view3,3817,15,0,0.9488,0.9196,4,4,0
view3,3818,15,0,0.9423,0.919,4,4,0
view3,3819,15,0,0.9428,0.9184,4,4,0
view3,3820,15,0,0.9403,0.9177,4,4,0
view3,3821,15,0,0.9524,0.9172,4,4,0
view3,3822,15,0,0.9524,0.9168,3,4,0
view3,3823,15,0,0.9438,0.916,3,4,0
view3,3824,15,0,0.9466,0.9155,3,4,0
view3,3825,15,0,0.9411,0.9149,3,4,0
view3,3826,15,0,0.945,0.9145,3,4,0
view3,3827,15,0,0.9399,0.914,4,4,0
view3,3828,15,0,0.933,0.9132,3,4,0
view3,3829,15,0,0.931,0.9124,3,4,0
view3,3830,15,0,0.9315,0.9115,3,4,0
view3,3831,15,0,0.9261,0.9106,3,4,0
view3,3832,15,0,0.9237,0.91,3,4,0
view3,3833,15,1,0.9047,0.9087,3,4,0
view3,3834,15,0,0.9772,0.9081,3,3,0
view3,3835,15,0,0.9734,0.9075,3,3,0
view3,3836,15,0,0.9734,0.9069,3,3,0
view3,3837,15,0,0.969,0.9062,2,3,0
view3,3838,15,0,0.9711,0.9055,3,3,0
view3,3839,15,0,0.9711,0.9047,2,3,0
view3,3840,15,0,0.9683,0.9038,3,3,0
view3,3841,15,0,0.9664,0.903,2,3,0
view3,3842,15,0,0.963,0.902,2,3,0
view3,3843,15,0,0.96,0.9012,2,3,0
view3,3844,15,0,0.9591,0.9003,2,3,0
view3,3845,15,0,0.9555,0.8991,2,3,0
view3,3846,15,0,0.9492,0.8982,2,3,0
view3,3847,15,0,0.951,0.897,2,3,0
view3,3848,15,0,0.949,0.8963,2,3,0
view3,3849,15,0,0.9511,0.8956,2,3,0
view3,3850,15,0,0.9435,0.8949,2,3,0
view3,3851,15,0,0.9476,0.8943,3,3,0
view3,3852,15,0,0.9464,0.8938,3,3,0
view3,3853,15,0,0.9438,0.8932,4,3,0
view3,3854,15,0,0.95,0.893,2,3,0
view3,3855,15,0,0.9487,0.8928,3,3,0
view3,3856,15,0,0.9363,0.8926,3,3,0
view3,3857,15,0,0.935,0.8923,3,3,0
view3,3858,15,0,0.9204,0.8919,2,3,0
view3,3859,15,0,0.9303,0.8918,2,3,0
view3,3860,15,0,0.9302,0.8917,3,4,0
view3,3861,15,0,0.9223,0.8914,2,3,0
view3,3862,15,0,0.9281,0.8914,2,3,0
view3,3863,15,0,0.9276,0.8913,2,4,0
view3,3864,15,0,0.9278,0.8913,2,4,0
view3,3865,15,0,0.9186,0.891,2,3,0
view3,3866,15,0,0.9286,0.891,2,4,0
view3,3867,15,0,0.9227,0.8909,2,4,0
view3,3868,15,0,0.9182,0.8908,2,4,0
view3,3869,15,0,0.92,0.8907,2,4,0
view3,3870,15,0,0.9222,0.8906,2,4,0
view3,3871,15,0,0.9281,0.8906,2,4,0
view3,3872,15,0,0.922,0.8904,2,4,0
view3,3873,15,0,0.9318,0.8905,2,4,0
view3,3874,15,0,0.9386,0.8906,3,4,0
view3,3875,15,0,0.9346,0.8906,2,4,0
view3,3876,15,0,0.9317,0.8906,3,4,0
view3,3877,15,0,0.9185,0.8904,3,4,0
view3,3878,15,0,0.9242,0.8903,2,4,0
view3,3879,15,0,0.9304,0.8903,2,4,0
view3,3880,15,0,0.9412,0.8904,2,4,0
view3,3881,15,0,0.9278,0.8904,2,4,0
view3,3882,15,0,0.9235,0.8902,3,4,0
view3,3883,15,0,0.9334,0.8902,2,4,0
view3,3884,15,0,0.9411,0.8903,3,4,0
view3,3885,15,0,0.9413,0.8902,3,4,0
view3,3886,15,0,0.9441,0.8902,3,4,0
view3,3887,15,0,0.9498,0.8903,3,4,0
view3,3888,15,0,0.9394,0.8904,3,4,0
view3,3889,15,0,0.9388,0.8904,3,4,0
view3,3890,15,0,0.9418,0.8905,3,4,0
view3,3891,15,0,0.9465,0.8905,3,4,0
view3,3892,15,0,0.9493,0.8906,3,4,0
view3,3893,15,0,0.9495,0.8908,3,4,0
view3,3894,15,0,0.9515,0.8908,3,4,0
view3,3895,15,0,0.9449,0.8909,3,4,0
view3,3896,15,0,0.9457,0.8908,3,4,0
view3,3897,15,0,0.9435,0.8908,3,4,0
view3,3898,15,0,0.9461,0.8908,3,4,0
view3,3899,15,0,0.9445,0.8907,3,4,0
view3,3900,15,0,0.9469,0.8907,3,4,0
view3,3901,15,0,0.945,0.8907,3,4,0
view3,3902,15,0,0.9511,0.8908,3,4,0
view3,3903,15,0,0.9558,0.8909,3,4,0
view3,3904,15,0,0.9556,0.891,3,4,0
view3,3905,15,0,0.9509,0.891,4,4,0
view3,3906,15,0,0.94,0.8909,4,4,0
view3,3907,15,0,0.9558,0.8909,4,4,0
view3,3908,15,0,0.9466,0.8909,3,4,0
view3,3909,15,0,0.9599,0.891,4,4,0
view3,3910,15,0,0.9557,0.8911,4,4,0
view3,3911,15,0,0.9494,0.8912,4,4,0
view3,3912,15,0,0.9491,0.8913,4,4,0
view3,3913,15,1,0.6702,0.8788,0,4,1
