frame_idx,track_id,x1,y1,x2,y2,confidence,Q_i,D_i,phi_i,theta_i,vq_score
150,-1,0.07,33.33,23.55,158.48,0.541,0.2705,5.9312,31.2362,0.0,0.1673
155,-1,0.11,23.94,23.87,163.97,0.269,0.1345,5.577,31.2934,0.0,0.0831
158,-1,0.05,0.56,30.94,171.7,0.5669,0.2834,5.1113,30.9356,0.0,0.1755
159,4153,1.18,0.34,30.89,164.84,0.8306,0.4153,5.4864,30.7023,0.0,0.2575
160,4153,1.71,0.29,31.59,165.26,0.6567,0.3283,5.4558,30.6175,0.0,0.2036
161,4153,1.58,0.17,32.02,167.81,0.7778,0.3889,5.3087,30.648,17.831,0.2349
162,4153,3.02,0.34,34.01,169.54,0.5098,0.2549,5.1985,30.4288,20.9521,0.1526
164,4153,7.75,0.52,39.14,166.59,0.6909,0.3454,5.3171,29.6085,142.6574,0.1001
165,4153,12.85,0.41,46.57,169.06,0.8862,0.4431,5.1267,28.6961,30.7311,0.2565
166,4153,14.16,0.27,50.03,169.87,0.8711,0.4355,5.0638,28.3442,0.0,0.273
167,4153,13.99,0.3,52.09,171.1,0.8945,0.4472,4.9923,28.2305,0.0,0.2809
168,4153,16.96,0.39,57.87,171.17,0.8804,0.4402,4.9533,27.541,0.0,0.2796
169,4153,16.7,0.41,60.7,174.0,0.8906,0.4453,4.8034,27.4275,20.0588,0.2829
170,4153,17.31,0.22,64.38,176.16,0.9009,0.4505,4.6853,27.163,23.407,0.2903
171,4153,15.86,0.14,64.9,177.23,0.9194,0.4597,4.64,27.2765,0.0,0.3115
172,4153,17.2,0.1,68.09,177.69,0.8979,0.449,4.6024,26.935,0.0,0.3069
173,4153,18.51,0.17,71.68,180.25,0.9062,0.4531,4.4729,26.6503,24.2066,0.3046
174,4153,18.76,0.2,72.59,179.24,0.9009,0.4505,4.5122,26.5153,0.0,0.3138
175,4153,20.29,0.11,74.98,179.09,0.9072,0.4536,4.5048,26.1958,0.0,0.3168
176,4153,20.64,0.07,75.82,178.35,0.8975,0.4487,4.5328,26.0691,0.0,0.3119
177,4153,22.16,0.05,77.32,177.58,0.9106,0.4553,4.5561,25.7936,0.0,0.3154
178,4153,22.91,0.04,78.06,177.64,0.8901,0.4451,4.5482,25.6756,0.0,0.3089
179,4153,24.95,0.03,80.59,179.14,0.915,0.4575,4.4668,25.3707,0.0,0.3228
180,4153,26.15,0.12,82.35,181.63,0.9175,0.4587,4.3521,25.2472,22.7053,0.319
181,4153,27.44,0.06,85.06,187.45,0.9097,0.4548,4.1116,25.2298,22.8009,0.3308
182,4153,28.55,0.13,86.41,190.55,0.8721,0.436,3.9916,25.2145,23.6003,0.3233
183,4153,30.24,0.15,88.31,192.79,0.8882,0.4441,3.9031,25.0705,0.0,0.3471
184,4153,32.82,0.62,90.63,193.33,0.9009,0.4505,3.8705,24.7213,0.0,0.3544
185,4153,37.0,0.24,94.9,192.46,0.9014,0.4507,3.8756,23.9985,0.0,0.3551
186,4153,39.86,0.19,97.8,191.98,0.9023,0.4511,3.8757,23.5094,0.0,0.3559
187,4153,43.72,0.07,102.48,192.41,0.8931,0.4466,3.8377,22.8603,0.0,0.3552
188,4153,45.49,0.03,104.91,193.45,0.8989,0.4495,3.7919,22.603,0.0,0.3605
189,4153,46.59,0.11,105.99,193.63,0.8906,0.4453,3.7802,22.4436,0.0,0.358
190,4153,49.23,0.41,110.48,199.21,0.9038,0.4519,3.5866,22.3349,27.5319,0.3581
191,4153,50.51,0.62,113.49,205.78,0.8628,0.4314,3.3881,22.5972,27.0971,0.3535
192,4153,51.41,0.7,114.92,208.43,0.8677,0.4339,3.3119,22.6784,0.0,0.3757
193,4153,52.76,0.27,116.48,210.21,0.8721,0.436,3.2594,22.6429,0.0,0.3807
194,4153,55.43,0.46,118.72,210.83,0.8794,0.4397,3.2331,22.3534,0.0,0.3857
195,4153,57.02,0.26,119.48,210.62,0.8604,0.4302,3.2334,22.1638,0.0,0.3775
196,4153,57.87,0.19,119.29,210.1,0.8721,0.436,3.2453,22.0627,0.0,0.3821
197,4153,60.51,0.16,120.01,204.86,0.8755,0.4377,3.3768,21.2837,151.3226,0.2307
198,4153,64.01,0.15,122.73,201.95,0.8843,0.4421,3.4451,20.5283,0.0,0.3771
199,4153,67.09,0.51,125.66,201.21,0.8994,0.4497,3.4538,20.0023,0.0,0.3835
200,4153,68.92,0.28,128.89,205.77,0.8853,0.4426,3.317,20.1147,29.088,0.3668
201,4153,71.67,0.19,131.53,204.61,0.7847,0.3923,3.3381,19.5968,0.0,0.3409
202,4153,75.42,0.25,135.87,204.31,0.8657,0.4329,3.3314,18.9811,0.0,0.377
203,4153,78.01,0.18,139.89,206.5,0.8203,0.4102,3.2611,18.7762,0.0,0.3613
204,4153,81.9,0.06,145.53,208.24,0.8892,0.4446,3.2002,18.3469,0.0,0.3956
205,4153,85.87,0.01,151.28,209.15,0.915,0.4575,3.1622,17.8325,0.0,0.4098
206,4153,88.3,0.18,156.31,213.36,0.8711,0.4355,3.0487,17.959,34.8946,0.3705
207,4153,91.77,0.52,161.63,214.92,0.9092,0.4546,3.0007,17.6785,0.0,0.4171
208,4153,98.34,0.28,171.65,217.14,0.8628,0.4314,2.9312,17.1465,59.7889,0.3288
209,4153,101.68,0.28,179.27,223.27,0.8867,0.4434,2.7888,17.6526,38.1261,0.3878
210,4153,100.0,0.19,178.69,224.93,0.8818,0.4409,2.7569,18.0238,0.0,0.4186
211,4153,102.89,0.62,183.42,226.14,0.9194,0.4597,2.726,17.9228,0.0,0.4384
212,4153,100.52,0.59,181.09,225.62,0.8647,0.4324,2.7404,18.0193,0.0,0.4114
213,4153,99.96,0.31,181.07,226.65,0.9077,0.4538,2.7204,18.2153,0.0,0.4329
214,4153,103.79,0.11,188.34,235.09,0.8779,0.439,2.553,19.2506,37.9938,0.3967
215,4153,106.79,0.03,191.77,236.24,0.8467,0.4234,2.5282,19.2534,0.0,0.4139
216,4153,109.89,0.09,195.16,239.26,0.8647,0.4324,2.4721,19.6053,0.0,0.4224
217,4153,114.08,0.03,198.2,239.61,0.8433,0.4217,2.4623,19.4955,0.0,0.4115
218,4153,117.68,0.09,198.03,233.59,0.8442,0.4221,2.5658,18.3431,145.1051,0.2705
219,4153,121.75,0.31,200.27,233.14,0.7949,0.3975,2.5712,18.1303,0.0,0.3871
220,4153,125.72,0.29,201.38,229.4,0.7822,0.3911,2.6387,17.3516,0.0,0.3779
221,4153,126.35,0.1,204.02,241.02,0.543,0.2715,2.4315,19.4227,35.1872,0.2473
222,4153,132.25,0.3,206.83,235.71,0.7319,0.3659,2.5198,18.3465,0.0,0.3588
223,4153,144.7,0.25,200.87,172.03,0.5718,0.2859,4.3075,5.9366,158.4292,0.1212
224,4153,144.22,0.06,219.96,232.78,0.7568,0.3784,2.57,17.695,33.8316,0.3475
225,4153,150.66,0.01,232.17,248.99,0.3372,0.1686,2.3034,20.7776,41.2153,0.1466
226,4153,158.4,0.35,241.72,250.85,0.8013,0.4007,2.2809,21.3348,0.0,0.3798
227,4153,164.35,0.13,251.28,255.79,0.834,0.417,2.2165,22.4832,0.0,0.3907
228,4153,167.81,0.04,255.87,252.47,0.5469,0.2735,2.269,22.104,0.0,0.2583
229,4153,169.26,0.01,261.51,257.57,0.7139,0.3569,2.2008,23.1402,0.0,0.3331
230,4153,169.75,0.0,264.9,260.12,0.8667,0.4334,2.1684,23.6631,0.0,0.402
231,4153,169.4,0.0,267.49,263.34,0.8755,0.4377,2.1271,24.249,0.0,0.4031
232,4153,168.62,0.0,269.17,265.81,0.811,0.4055,2.0957,24.6736,0.0,0.3713
233,4153,168.3,0.0,271.37,268.36,0.7114,0.3557,2.0647,25.1334,0.0,0.3238
234,4153,188.08,0.0,261.18,190.14,0.6929,0.3464,3.6664,12.9867,155.1225,0.1741
235,4153,176.61,0.0,273.16,248.46,0.7056,0.3528,2.349,22.2185,35.9394,0.3146
236,-1,207.0,0.0,263.81,147.66,0.3979,0.1989,5.8437,11.2816,0.0,0.1314
237,4153,176.79,0.48,279.9,266.25,0.7808,0.3904,2.1052,25.2813,39.9484,0.327
238,4153,179.4,0.79,282.84,270.02,0.5186,0.2593,2.0628,26.0392,0.0,0.2354
239,4153,183.04,0.86,285.34,271.52,0.6372,0.3186,2.0501,26.4635,0.0,0.2884
240,4153,212.02,0.83,283.86,189.66,0.6953,0.3477,3.7536,16.3879,155.5433,0.1689
241,4153,226.89,0.53,285.8,154.26,0.5078,0.2539,5.4756,15.4693,162.5699,0.0816
242,4153,217.25,0.73,305.79,240.42,0.7227,0.3614,2.5718,24.4,33.7747,0.3268
243,4153,219.48,6.79,310.14,261.17,0.3381,0.3381,2.2611,27.4588,37.9164,0.2908
244,4153,222.19,3.46,314.86,268.68,0.6699,0.335,2.1721,28.7826,0.0,0.3065
245,4153,227.73,7.19,319.44,273.01,0.5088,0.5088,2.1332,29.7953,0.0,0.4615
246,4153,233.82,3.04,327.88,275.12,0.7769,0.3885,2.1308,30.7227,0.0,0.3512
247,4153,243.25,1.38,339.32,271.18,0.4941,0.247,2.2171,31.2636,126.9763,0.1434
248,4153,245.08,0.69,342.42,268.42,0.7964,0.3982,2.2624,31.2013,0.0,0.3664
249,4153,246.65,0.4,347.48,272.39,0.9116,0.4558,2.2233,31.9731,0.0,0.4159
250,4153,248.56,10.66,347.54,270.26,0.8315,0.8315,2.2547,31.8401,0.0,0.7626
251,4153,246.24,4.05,350.35,272.42,0.8843,0.4421,2.2277,32.0993,0.0,0.4036
252,4153,244.94,1.61,351.69,273.77,0.8818,0.4409,2.2106,32.2481,0.0,0.4012
253,4153,244.24,0.64,353.19,274.74,0.8525,0.4263,2.1999,32.3931,0.0,0.3871
254,4153,243.3,0.25,353.52,274.94,0.8218,0.4109,2.1962,32.3848,0.0,0.373
255,4153,243.32,0.1,356.6,281.48,0.667,0.3335,2.1226,33.2454,0.0,0.2985
259,-1,317.25,23.34,360.0,203.34,0.2487,0.1244,3.8067,31.3187,0.0,0.0966
267,-1,328.5,0.84,360.0,288.0,0.4834,0.2417,2.233,38.1236,0.0,0.2159
271,-1,330.75,1.41,360.0,286.31,0.3604,0.1802,2.2583,38.0906,0.0,0.1616
272,-1,332.44,8.72,360.0,272.53,0.283,0.1415,2.4386,37.0484,0.0,0.1308
272,-1,333.0,26.02,360.0,183.38,0.233,0.1165,4.5818,31.5783,0.0,0.0784
277,-1,335.25,30.09,360.0,166.64,0.2255,0.1128,5.4158,31.2866,0.0,0.0697
288,-1,325.12,25.45,360.0,216.28,0.2698,0.1349,3.4707,32.5848,0.0,0.1104
289,-1,318.38,14.34,360.0,219.66,0.3477,0.1739,3.3649,32.3431,0.0,0.1448
290,4164,315.2,4.22,357.77,213.92,0.6343,0.3171,3.4932,31.6234,0.0,0.2595
291,4164,312.77,1.53,354.86,207.65,0.354,0.177,3.6475,30.8816,151.7178,0.0826
292,4164,310.62,0.06,352.56,203.33,0.5049,0.2525,3.7597,30.3208,151.4011,0.1144
293,4164,308.92,0.33,350.5,198.25,0.668,0.334,3.9063,29.7731,153.986,0.1453
295,4164,309.77,0.0,351.36,193.38,0.4426,0.2213,4.0766,29.6519,157.3614,0.0914
296,4164,306.66,0.0,349.85,194.28,0.6069,0.3034,4.0292,29.3546,0.0,0.2286
297,4164,302.79,0.0,347.96,195.11,0.7583,0.3791,3.9812,28.9699,0.0,0.2885
298,4164,302.14,0.0,348.91,195.66,0.8638,0.4319,3.9636,29.021,0.0,0.3295
299,4164,299.92,0.0,350.22,204.73,0.7671,0.3836,3.6759,29.467,24.916,0.295
300,4164,297.31,0.0,350.7,211.22,0.7334,0.3667,3.4875,29.7242,25.9878,0.29
301,4164,296.96,0.0,349.95,202.37,0.7847,0.3923,3.736,29.0922,155.1219,0.1804
302,4164,295.69,0.0,349.41,199.28,0.8516,0.4258,3.8259,28.7798,0.0,0.333
303,4164,294.88,0.0,349.62,197.86,0.8003,0.4002,3.8694,28.655,0.0,0.3108
304,4164,293.82,0.0,349.04,195.56,0.4312,0.2156,3.9397,28.4055,0.0,0.1656
305,4164,292.02,0.0,348.33,196.23,0.895,0.4475,3.9092,28.2547,0.0,0.3456
306,4164,290.69,0.0,347.39,195.56,0.9102,0.4551,3.924,28.0471,0.0,0.3509
307,4164,289.52,0.0,346.28,194.96,0.8901,0.4451,3.9367,27.8419,0.0,0.3426
308,4164,288.19,0.18,344.96,194.75,0.8618,0.4309,3.9351,27.6298,0.0,0.3321
309,4164,287.42,0.07,344.08,194.6,0.8794,0.4397,3.9349,27.4962,0.0,0.339
310,4164,285.96,0.0,342.38,194.28,0.8433,0.4217,3.9355,27.2378,0.0,0.3254
311,4164,284.46,0.0,340.53,194.27,0.8677,0.4339,3.9252,26.9816,0.0,0.3357
312,4164,282.89,0.0,338.69,194.56,0.7334,0.3667,3.9047,26.7377,0.0,0.2849
313,4164,281.16,0.0,336.62,194.69,0.6982,0.3491,3.8886,26.4541,0.0,0.2723
314,4164,279.41,0.0,334.42,194.74,0.8125,0.4062,3.8748,26.1535,0.0,0.3179
315,4164,275.45,0.02,330.3,193.47,0.3657,0.1829,3.8929,25.449,0.0,0.143
316,4164,272.6,0.0,323.5,174.35,0.6416,0.3208,4.6184,23.6489,158.637,0.1143
317,4164,268.31,0.06,322.77,185.85,0.4561,0.2281,4.121,23.8209,22.491,0.1665
318,4164,267.88,0.18,318.9,171.26,0.7808,0.3904,4.7343,22.7327,159.6831,0.1339
319,4164,265.86,0.71,320.61,186.45,0.8647,0.4324,4.0847,23.4831,22.7019,0.3179
320,4164,262.43,1.53,318.06,190.97,0.6724,0.3362,3.9052,23.293,25.5968,0.2531
321,4164,262.87,1.86,317.65,191.84,0.8535,0.4268,3.8754,23.355,0.0,0.3368
322,4164,262.41,1.61,316.16,191.6,0.8086,0.4043,3.8782,23.1831,0.0,0.3191
323,-1,266.62,1.34,309.38,95.91,0.3452,0.1726,17.3523,23.0126,0.0,0.1105
324,4164,259.52,1.63,311.19,187.08,0.7163,0.3582,4.0165,22.2409,148.3191,0.1575
325,4164,260.36,1.35,307.1,169.11,0.625,0.3125,4.7783,20.9784,160.0984,0.1065
326,4164,259.61,0.85,304.72,163.22,0.8506,0.4253,5.0822,20.4798,160.43,0.1328
327,4164,257.38,0.29,302.13,160.77,0.8228,0.4114,5.2081,19.9719,153.5792,0.1289
328,4164,255.62,0.18,300.75,162.18,0.79,0.395,5.1157,19.735,0.0,0.2556
329,4164,255.0,0.05,299.42,159.48,0.71,0.355,5.2689,19.4758,160.4954,0.1116
330,4164,254.24,0.1,298.47,159.52,0.5815,0.2908,5.2609,19.3224,0.0,0.1884
331,4164,252.79,0.12,296.02,155.09,0.8486,0.4243,5.5297,18.8549,160.8025,0.1338
332,4164,249.9,0.13,294.2,158.09,0.8647,0.4324,5.3214,18.498,20.4915,0.2717
333,4164,247.13,0.13,292.17,158.86,0.8843,0.4421,5.2592,18.0807,0.0,0.2875
334,4164,244.12,0.13,290.14,159.77,0.8779,0.439,5.1891,17.6466,0.0,0.2857
335,4164,241.51,0.13,288.22,159.97,0.896,0.448,5.1641,17.2361,0.0,0.292
336,-1,247.22,0.14,289.12,84.66,0.4253,0.2127,27.0897,20.8981,0.0,0.1371
337,4164,237.63,0.26,285.05,160.05,0.8853,0.4426,5.1396,16.5868,0.0,0.289
338,4164,234.51,1.0,282.88,160.51,0.8882,0.4441,5.0983,16.1129,0.0,0.2903
339,4164,233.37,0.71,282.21,159.93,0.8564,0.4282,5.1276,15.922,0.0,0.28
340,4164,231.82,1.36,280.8,159.45,0.8262,0.4131,5.1482,15.6273,0.0,0.2703
341,4164,230.65,1.99,279.51,158.71,0.7456,0.3728,5.1863,15.3691,0.0,0.2441
342,4164,228.12,1.86,277.52,158.92,0.5293,0.2646,5.1621,14.9521,0.0,0.1734
343,4164,225.81,1.9,275.66,159.19,0.8867,0.4434,5.1356,14.57,0.0,0.2908
344,4164,224.96,1.46,274.34,156.14,0.8921,0.4461,5.3182,14.2518,160.8368,0.1441
345,4164,224.09,0.54,273.24,154.15,0.9038,0.4519,5.4427,14.0023,160.2238,0.1462
346,4164,222.67,0.39,273.12,159.05,0.8975,0.4487,5.1304,14.0279,18.3928,0.2871
347,4164,223.08,0.25,271.85,153.6,0.708,0.354,5.4735,13.7566,162.5768,0.1146
348,4164,221.68,0.21,269.71,152.61,0.4302,0.2151,5.5321,13.3894,0.0,0.1415
349,4164,220.39,0.11,267.36,150.58,0.7441,0.372,5.666,12.9906,157.0323,0.1208
350,4164,219.03,0.07,265.61,151.16,0.8452,0.4226,5.6172,12.7004,0.0,0.2783
351,4164,217.16,0.07,262.88,150.75,0.8467,0.4234,5.6357,12.2429,0.0,0.279
352,4164,216.12,0.0,260.82,149.69,0.4668,0.2334,5.7053,11.9177,0.0,0.1539
353,4164,205.1,0.04,251.74,150.16,0.5342,0.2671,5.6299,9.9462,71.7133,0.1156
354,4164,209.49,0.07,254.88,149.15,0.4971,0.2485,5.7181,10.6691,136.7818,0.0814
355,4164,201.36,0.09,248.11,149.17,0.7026,0.3513,5.6886,9.1901,80.3644,0.1352
356,4164,197.71,0.0,245.96,150.78,0.4446,0.2223,5.5629,8.6574,30.0511,0.1374
357,4164,202.17,0.34,249.15,149.18,0.4282,0.2141,5.6911,9.3746,145.4887,0.0704
358,4164,196.91,0.1,245.01,150.07,0.8228,0.4114,5.6107,8.4614,52.6268,0.2189
359,4164,194.6,0.11,243.22,150.24,0.8315,0.4158,5.5922,8.0582,0.0,0.2758
360,4164,193.84,0.67,242.03,150.12,0.7271,0.3635,5.5979,7.86,0.0,0.2412
361,4164,191.98,0.51,240.53,150.83,0.8594,0.4297,5.5427,7.5502,0.0,0.2852
362,4164,191.13,1.84,239.51,151.01,0.8779,0.439,5.5275,7.3713,0.0,0.2914
363,4164,191.41,2.26,239.26,149.32,0.8442,0.4221,5.6482,7.3155,163.2436,0.1396
364,4164,192.17,2.22,239.78,148.87,0.8545,0.4273,5.683,7.4309,0.0,0.2836
365,4164,191.63,1.92,239.04,147.22,0.834,0.417,5.8052,7.2645,162.3396,0.1379
366,4164,190.93,1.33,239.19,148.86,0.8477,0.4239,5.6812,7.247,16.7913,0.2754
367,4164,191.22,1.57,238.41,146.05,0.8037,0.4018,5.8947,7.1417,163.7995,0.1329
368,4164,191.42,1.57,238.31,145.17,0.8564,0.4282,5.965,7.1436,0.0,0.2844
369,4164,190.19,1.43,235.18,140.47,0.6416,0.3208,6.3612,6.7359,163.3592,0.1062
370,4164,188.54,0.71,233.0,139.91,0.8013,0.4007,6.4072,6.3633,0.0,0.2663
371,4164,187.01,0.54,230.21,138.71,0.8135,0.4068,6.514,5.9674,150.6195,0.1348
372,4164,186.13,0.3,228.08,137.41,0.7598,0.3799,6.6362,5.7228,158.0471,0.126
373,4164,183.41,0.72,224.14,137.62,0.8101,0.4051,6.6079,5.054,0.0,0.2695
374,4164,179.84,0.7,220.1,138.01,0.7153,0.3577,6.5625,4.2837,65.0211,0.1692
375,4164,178.22,0.78,218.07,138.43,0.8203,0.4102,6.5189,3.901,0.0,0.2731
376,4164,177.82,0.54,216.67,137.58,0.6577,0.3288,6.5998,3.7823,0.0,0.219
376,4178,4.19,10.55,42.24,162.48,0.7568,0.3784,5.5615,29.5608,0.0,0.2358
377,4164,174.71,0.44,213.28,137.24,0.7964,0.3982,6.6286,3.1959,0.0,0.2653
377,4178,6.01,10.44,44.26,162.1,0.3887,0.3887,5.5671,29.256,0.0,0.2426
378,4164,171.42,0.69,210.35,137.7,0.8545,0.4273,6.5799,2.5871,0.0,0.2847
378,4178,8.47,12.06,46.95,162.54,0.8125,0.8125,5.5164,28.8621,0.0,0.508
379,4164,167.89,1.25,207.77,138.31,0.8735,0.4368,6.5184,1.9916,0.0,0.2911
379,4178,8.73,12.02,48.41,164.7,0.7754,0.7754,5.3799,28.771,17.8583,0.4726
380,4164,165.63,1.56,206.41,138.14,0.8779,0.439,6.5336,1.7288,0.0,0.2926
380,4178,10.86,13.31,51.3,164.78,0.5361,0.5361,5.3531,28.3781,0.0,0.3359
381,4164,161.85,2.51,203.96,137.9,0.8916,0.4458,6.5555,1.3905,0.0,0.2972
381,4178,10.88,14.03,53.04,167.76,0.8203,0.8203,5.1778,28.3098,18.2957,0.5003
382,4164,161.82,3.33,204.62,137.69,0.8584,0.4292,6.576,1.4579,0.0,0.2861
382,4178,10.47,14.74,54.66,171.49,0.8506,0.8506,4.9763,28.3164,18.8615,0.5206
383,4164,159.33,3.86,203.4,137.34,0.8618,0.4309,6.6099,1.3991,0.0,0.2872
383,4178,9.53,14.88,55.51,173.95,0.6646,0.6646,4.8546,28.3984,19.5068,0.4166
384,4164,157.81,4.1,203.31,137.83,0.8838,0.4419,6.562,1.2751,0.0,0.2946
384,4178,8.79,14.8,56.37,175.36,0.3269,0.3269,4.7866,28.4347,0.0,0.2141
385,4164,155.13,4.55,201.98,137.93,0.9126,0.4563,6.5523,1.2842,0.0,0.3042
385,4178,8.29,14.1,57.57,176.47,0.8574,0.8574,4.7319,28.4177,0.0,0.5678
386,4164,152.98,4.24,201.46,138.16,0.9082,0.4541,6.5304,1.3311,0.0,0.3027
386,4178,7.85,12.51,58.66,176.55,0.8853,0.8853,4.7256,28.3699,0.0,0.5871
387,4164,151.33,3.84,201.13,137.93,0.9077,0.4538,6.5529,1.4705,0.0,0.3025
387,4178,7.91,10.59,59.99,176.52,0.8315,0.8315,4.7216,28.2606,0.0,0.5522
388,4164,150.88,3.21,201.9,137.99,0.9097,0.4548,6.547,1.4428,0.0,0.3032
388,4178,8.3,9.4,61.54,177.01,0.8965,0.8965,4.6915,28.1265,0.0,0.5993
389,4164,149.12,2.65,200.19,137.27,0.7822,0.3911,6.618,1.7685,0.0,0.2607
389,4178,9.1,8.4,63.0,176.69,0.8608,0.8608,4.6975,27.9384,0.0,0.5751
390,4164,148.15,2.38,199.03,137.05,0.8604,0.4302,6.6403,1.9454,0.0,0.2867
390,4178,10.1,7.75,64.46,176.24,0.8804,0.8804,4.7087,27.7293,0.0,0.5874
391,4164,146.26,2.1,196.5,137.02,0.7568,0.3784,6.6448,2.2819,0.0,0.2522
391,4178,13.91,6.59,69.63,176.22,0.9014,0.9014,4.6756,27.0182,0.0,0.6071
392,4164,145.42,1.9,194.87,136.93,0.835,0.4175,6.6548,2.4951,0.0,0.2782
392,4178,16.17,6.16,73.13,176.37,0.8877,0.8877,4.6473,26.5641,0.0,0.6023
393,4164,142.79,1.32,190.55,136.25,0.6504,0.3252,6.7269,3.1707,128.9235,0.1082
393,4178,17.66,5.74,75.78,176.95,0.8433,0.8433,4.6059,26.2547,0.0,0.5775
394,4164,140.21,0.91,186.53,136.69,0.8237,0.4118,6.687,3.734,0.0,0.2743
394,4178,17.78,5.23,78.52,181.76,0.8667,0.8667,4.3881,26.2311,21.3543,0.5989
395,4164,138.45,0.95,183.52,137.38,0.7671,0.3836,6.6223,4.1374,0.0,0.2554
395,4178,19.17,5.05,81.78,184.3,0.7349,0.7349,4.2697,25.982,25.0173,0.5137
396,4164,136.92,1.2,180.25,137.37,0.8062,0.4031,6.6277,4.6046,0.0,0.2683
396,4178,21.6,5.46,84.92,185.05,0.835,0.835,4.222,25.5768,0.0,0.616
397,4164,135.69,0.93,177.61,137.83,0.8159,0.4079,6.5865,4.959,0.0,0.2715
397,4178,23.47,5.63,87.15,185.29,0.8745,0.8745,4.1994,25.2622,0.0,0.6485
398,4164,134.74,0.6,175.32,137.96,0.8306,0.4153,6.5774,5.2732,0.0,0.2763
398,4178,24.77,5.89,88.57,185.34,0.7861,0.7861,4.1887,25.0473,0.0,0.5845
399,4164,132.48,0.62,172.28,137.68,0.8413,0.4207,6.611,5.8123,0.0,0.2797
399,4178,25.73,6.65,90.13,187.9,0.8755,0.8755,4.0844,24.9881,23.5296,0.639
400,4164,129.34,1.01,169.1,137.72,0.8721,0.436,6.6154,6.4392,0.0,0.2898
400,4178,27.38,7.5,92.54,190.49,0.8369,0.8369,3.9787,24.8195,25.8379,0.6182
401,4164,127.8,1.34,167.49,137.4,0.8682,0.4341,6.6513,6.7656,0.0,0.2884
401,4178,30.17,7.83,95.87,192.36,0.8867,0.8867,3.8958,24.4545,0.0,0.6952
402,4164,124.63,1.61,164.98,137.33,0.8745,0.4373,6.6669,7.3333,0.0,0.2903
402,4178,31.57,7.86,97.51,193.4,0.9009,0.9009,3.8519,24.284,0.0,0.7119
403,4164,120.12,2.13,161.74,136.98,0.8877,0.4439,6.7148,8.1164,116.4863,0.1465
403,4178,32.72,7.69,99.66,195.77,0.8931,0.8931,3.7648,24.1894,0.0,0.7163
404,4164,118.72,2.46,161.52,136.9,0.8657,0.4329,6.7257,8.28,0.0,0.2871
404,4178,34.71,7.72,101.96,198.0,0.8735,0.8735,3.6826,24.0188,0.0,0.7106
405,4164,120.06,2.54,163.47,137.1,0.8779,0.439,6.6998,7.9463,0.0,0.2912
405,4178,37.3,6.99,104.88,199.36,0.876,0.876,3.6262,23.6979,0.0,0.7198
406,4164,120.76,2.66,164.54,136.63,0.8877,0.4439,6.7441,7.7882,0.0,0.2945
406,4178,38.15,5.61,105.73,200.19,0.8867,0.8867,3.5968,23.6329,0.0,0.7322
407,4164,120.73,2.61,165.01,136.63,0.8838,0.4419,6.7433,7.7446,0.0,0.2933
407,4178,39.96,4.08,107.37,200.18,0.895,0.4475,3.5883,23.3676,0.0,0.3703
408,4164,118.11,3.1,163.33,136.87,0.8828,0.4414,6.7266,8.162,0.0,0.2928
408,4178,40.96,2.67,107.74,199.84,0.8901,0.4451,3.595,23.2348,0.0,0.368
409,4164,118.02,3.32,163.95,137.25,0.8818,0.4409,6.6876,8.096,0.0,0.2925
409,4178,42.43,1.41,108.51,199.39,0.8745,0.4373,3.6029,23.0259,0.0,0.3613
410,4164,116.98,3.4,163.34,136.74,0.8813,0.4406,6.7417,8.2778,0.0,0.2922
410,4178,45.53,0.58,111.55,199.83,0.8486,0.4243,3.5744,22.5899,0.0,0.3527
411,4164,115.67,2.92,162.9,136.96,0.876,0.438,6.7227,8.4437,0.0,0.2904
411,4178,48.37,0.19,114.18,199.86,0.8931,0.4466,3.5603,22.1722,0.0,0.3724
412,4164,115.06,2.31,162.3,137.28,0.8584,0.4292,6.6929,8.5531,0.0,0.2845
412,4178,52.08,0.15,118.23,200.03,0.9092,0.4546,3.5371,21.5918,0.0,0.3811
413,4164,114.23,2.5,161.27,137.68,0.8003,0.4002,6.6568,8.7256,0.0,0.2652
413,4178,56.42,0.25,123.33,200.06,0.8965,0.4482,3.5149,20.8727,0.0,0.3778
414,4164,112.53,2.43,159.18,137.32,0.6885,0.3443,6.6998,9.1128,0.0,0.2281
414,4178,61.27,0.21,129.88,201.34,0.9028,0.4514,3.4534,20.1356,0.0,0.3848
415,4164,110.78,2.17,156.43,136.67,0.4697,0.2349,6.7743,9.5784,0.0,0.1555
415,4178,65.33,0.49,136.71,205.95,0.9043,0.4521,3.3041,19.8305,34.9496,0.3676
416,4178,69.29,1.62,142.69,207.95,0.916,0.458,3.2334,19.3617,0.0,0.4046
417,4178,72.08,2.07,147.24,209.05,0.8921,0.4461,3.1926,18.9938,0.0,0.3968
418,4178,74.11,2.89,151.74,213.11,0.8843,0.4421,3.0819,19.0858,33.4523,0.3753
419,4178,75.33,2.65,154.98,215.89,0.8818,0.4409,3.0097,19.1788,0.0,0.4028
420,4178,76.44,2.01,158.2,220.57,0.8979,0.449,2.8988,19.5706,32.0477,0.3936
421,4178,78.16,1.86,160.58,222.68,0.9043,0.4521,2.8482,19.6395,0.0,0.4224
422,4178,79.25,0.98,162.4,224.51,0.9058,0.4529,2.8062,19.7467,0.0,0.4255
423,4178,79.46,0.28,162.92,225.7,0.9038,0.4519,2.781,19.8829,0.0,0.426
424,4178,81.32,0.48,163.89,225.26,0.8726,0.4363,2.7864,19.6678,0.0,0.4112
425,4178,83.26,1.02,164.67,225.1,0.8628,0.4314,2.7862,19.5015,0.0,0.4067
426,4178,86.24,0.5,166.71,225.72,0.8525,0.4263,2.7676,19.3392,0.0,0.403
427,4178,88.78,0.3,167.93,225.54,0.8423,0.4212,2.7669,19.1246,0.0,0.3984
428,4178,93.95,0.23,173.17,225.51,0.8931,0.4466,2.7563,18.6255,0.0,0.4235
428,4189,95.59,2.73,114.92,32.09,0.5547,0.2773,10.0,90.0,0.0,0.0
429,4178,96.98,0.31,174.56,225.91,0.7485,0.3743,2.7439,18.4919,0.0,0.3556
429,4189,94.56,3.2,119.45,41.11,0.224,0.112,10.0,90.0,0.0,0.0
430,4178,104.85,0.06,183.16,229.36,0.7739,0.387,2.6619,18.4085,55.3351,0.3164
430,4189,96.1,3.18,118.17,36.61,0.2081,0.1041,10.0,90.0,0.0,0.0
430,4164,84.77,3.07,130.74,149.7,0.4707,0.2354,5.7733,14.5935,36.7948,0.1387
431,4178,107.25,0.34,185.71,233.02,0.6816,0.3408,2.5897,18.8674,0.0,0.3306
431,4164,84.17,3.1,129.25,151.97,0.5708,0.2854,5.6156,14.8347,18.9622,0.1819
432,4178,111.74,0.27,191.52,236.94,0.8506,0.4253,2.513,19.2447,0.0,0.4166
432,4164,87.33,2.93,131.06,149.1,0.2037,0.1018,5.81,14.3076,157.8244,0.0329
433,4178,115.42,0.43,195.05,237.84,0.8423,0.4212,2.4934,19.2226,0.0,0.413
433,4164,86.38,2.4,128.49,147.95,0.75,0.375,5.9071,14.6326,155.0753,0.1209
434,4178,118.16,0.4,197.41,235.45,0.7822,0.3911,2.5326,18.6806,0.0,0.3825
434,4164,85.92,1.64,128.28,151.49,0.7832,0.3916,5.6473,14.7503,16.9667,0.2511
435,4178,123.92,0.12,204.3,237.15,0.8701,0.435,2.4977,18.7519,0.0,0.4272
435,4164,84.69,0.8,126.76,152.9,0.7271,0.3635,5.5564,15.043,0.0,0.2382
436,4178,126.98,0.1,207.21,236.73,0.8228,0.4114,2.5032,18.5908,0.0,0.4041
436,4164,83.68,0.58,124.96,153.6,0.8296,0.4148,5.5163,15.3268,0.0,0.2716
437,4178,135.9,30.17,209.21,238.84,0.8135,0.8135,2.4646,18.8692,0.0,0.7951
437,4164,82.0,0.13,122.7,154.57,0.8237,0.4118,5.4622,15.7242,0.0,0.2694
438,4178,136.73,10.62,217.68,236.64,0.8413,0.8413,2.5014,18.4165,0.0,0.8268
438,4164,80.54,0.06,119.99,154.37,0.834,0.417,5.4873,16.1126,0.0,0.2725
439,4178,138.22,3.85,224.52,239.6,0.8862,0.4431,2.4506,18.9573,0.0,0.4322
439,4164,79.3,0.04,117.52,153.52,0.7739,0.387,5.5554,16.4421,0.0,0.2527
440,4178,139.29,1.2,229.83,242.45,0.8965,0.4482,2.4039,19.4979,0.0,0.4339
440,4164,77.18,0.04,114.99,154.19,0.8203,0.4102,5.5238,16.8932,0.0,0.2675
441,4178,139.55,0.18,232.84,243.52,0.79,0.395,2.3869,19.7093,0.0,0.3813
441,4164,76.99,0.14,113.54,151.19,0.8145,0.4073,5.7378,16.9889,163.2614,0.1298
442,4178,139.23,0.0,234.71,244.9,0.9048,0.4524,2.3651,19.9693,0.0,0.4352
442,4164,76.85,0.19,113.19,152.82,0.7305,0.3653,5.6239,17.0636,17.2327,0.2327
443,4178,139.17,0.0,236.39,245.74,0.876,0.438,2.3521,20.1322,0.0,0.4204
443,4164,75.9,0.02,112.19,153.6,0.8555,0.4278,5.5762,17.2615,0.0,0.2787
444,4178,138.43,0.0,233.28,242.16,0.7939,0.397,2.4089,19.4574,0.0,0.3846
444,4164,76.02,0.06,111.24,149.26,0.8286,0.4143,5.8907,17.2691,163.9019,0.1319
445,4178,142.26,0.0,237.88,244.44,0.7305,0.3653,2.3735,19.9335,0.0,0.3518
445,4164,71.74,0.17,108.42,152.46,0.8394,0.4197,5.6804,17.9772,25.8528,0.259
446,4178,148.62,0.0,243.96,246.01,0.833,0.4165,2.352,20.3615,0.0,0.3996
446,4164,68.46,0.12,106.72,155.2,0.8125,0.4062,5.5093,18.4914,24.0507,0.2521
447,4178,152.26,0.0,246.71,246.67,0.833,0.4165,2.344,20.5783,0.0,0.399
447,4164,67.08,0.2,105.92,154.49,0.8745,0.4373,5.5639,18.6764,0.0,0.2838
448,4178,158.95,0.0,251.28,247.16,0.7485,0.3743,2.3415,20.8791,0.0,0.3581
448,4164,65.12,0.14,105.32,157.07,0.8711,0.4355,5.4031,18.9696,20.0819,0.2737
449,4178,168.68,0.0,257.06,246.48,0.8027,0.4013,2.3611,21.1391,0.0,0.3849
449,4164,64.96,0.12,105.29,155.63,0.9062,0.4531,5.497,18.9528,0.0,0.2939
450,4178,174.11,0.0,259.66,247.03,0.8203,0.4102,2.3582,21.4627,0.0,0.3929
450,4164,64.5,0.11,105.13,155.51,0.8965,0.4482,5.507,19.0067,0.0,0.2907
451,4178,181.79,0.05,264.56,247.2,0.8135,0.4068,2.3656,21.8953,0.0,0.3897
451,4164,63.13,0.11,104.34,155.83,0.8691,0.4345,5.4931,19.2109,0.0,0.2816
452,4178,188.04,0.03,268.34,247.43,0.8564,0.4282,2.3711,22.2908,0.0,0.4102
452,4164,63.0,0.12,104.77,157.88,0.8804,0.4402,5.3605,19.2334,17.6004,0.2784
453,4178,193.04,0.22,271.27,247.03,0.8125,0.4062,2.3852,22.5324,0.0,0.3897
453,4164,62.46,0.12,104.82,160.76,0.8921,0.4461,5.1868,19.3608,18.4073,0.2814
454,4178,200.2,0.02,278.49,247.32,0.8384,0.4192,2.3965,23.1742,0.0,0.4021
454,4164,61.86,0.21,104.33,161.47,0.8838,0.4419,5.1486,19.4817,0.0,0.2862
455,4178,205.82,0.0,285.22,247.23,0.8359,0.4179,2.413,23.7142,0.0,0.4013
455,4164,60.19,0.34,103.71,165.59,0.8682,0.4341,4.9257,19.8344,20.2042,0.2762
456,4178,207.02,0.4,287.23,247.08,0.8931,0.4466,2.4195,23.8421,0.0,0.4291
456,4164,58.86,0.12,103.05,167.49,0.8853,0.4426,4.8318,20.0878,0.0,0.296
457,4178,211.7,0.1,294.54,247.1,0.8921,0.4461,2.4356,24.4229,0.0,0.4289
457,4164,57.27,0.12,102.2,168.73,0.8906,0.4453,4.776,20.3555,0.0,0.3009
458,4178,214.71,0.0,300.57,246.73,0.9004,0.4502,2.4547,24.8264,0.0,0.4336
458,4164,55.26,0.13,100.86,169.62,0.8862,0.4431,4.7417,20.6878,0.0,0.3011
459,4178,213.04,0.0,301.2,246.94,0.9116,0.4558,2.4498,24.8018,0.0,0.4387
459,4164,53.37,0.04,99.52,170.19,0.8916,0.4458,4.7234,20.9944,0.0,0.3038
460,4178,214.82,0.0,305.95,247.39,0.9058,0.4529,2.4525,25.1972,0.0,0.4357
460,4164,51.52,0.09,98.07,170.28,0.9009,0.4505,4.7293,21.2849,0.0,0.3063
461,4178,210.44,0.0,302.47,245.88,0.8921,0.4461,2.4648,24.5899,0.0,0.4305
461,4164,49.44,0.03,96.33,170.36,0.9077,0.4538,4.7375,21.6189,0.0,0.3078
462,4178,210.5,0.14,303.41,246.23,0.8359,0.4179,2.4607,24.6886,0.0,0.403
462,4164,47.92,0.09,95.28,170.81,0.9038,0.4519,4.7236,21.8596,0.0,0.3071
463,4178,216.16,0.03,309.99,243.75,0.8262,0.4131,2.5203,25.0032,0.0,0.3991
463,4164,45.91,0.03,92.62,168.09,0.7627,0.3814,4.8758,22.1532,157.6841,0.124
464,4178,214.6,0.0,309.03,244.68,0.8252,0.4126,2.5009,24.9893,0.0,0.3997
464,4164,45.09,0.09,92.55,169.81,0.8843,0.4421,4.7913,22.2963,0.0,0.2961
465,4178,219.77,0.0,314.43,245.59,0.8062,0.4031,2.5031,25.6763,0.0,0.3897
465,4164,42.99,0.03,90.57,170.43,0.8745,0.4373,4.774,22.6702,0.0,0.2934
466,4178,248.3,0.0,322.82,197.11,0.5571,0.2786,3.6782,23.003,154.5915,0.1346
466,4164,41.82,0.1,89.36,170.65,0.8921,0.4461,4.7711,22.8817,0.0,0.2993
467,4178,253.61,0.0,335.01,224.75,0.5039,0.252,3.0035,26.6937,31.8251,0.2135
467,4164,41.02,0.03,88.57,170.7,0.8853,0.4426,4.774,23.0189,0.0,0.2967
468,4178,247.62,0.07,331.94,234.35,0.8306,0.4153,2.7885,27.058,32.4945,0.3625
468,4164,40.21,0.1,87.72,170.7,0.8701,0.435,4.7796,23.1597,0.0,0.2911
469,4178,250.4,0.02,335.58,240.51,0.8506,0.4253,2.6886,28.0959,37.7943,0.3682
469,4164,39.58,0.12,87.31,171.52,0.8828,0.4414,4.7429,23.2801,0.0,0.2974
470,4178,258.36,0.09,341.35,239.21,0.8726,0.4363,2.7422,28.8076,0.0,0.4042
470,4164,38.83,0.13,86.5,171.35,0.8545,0.4273,4.7565,23.4052,0.0,0.287
471,4178,264.58,0.12,348.7,250.79,0.8555,0.4278,2.5738,30.7588,40.5416,0.3693
471,4164,38.22,0.14,86.1,172.19,0.8442,0.4221,4.7191,23.5237,0.0,0.2855
472,4178,269.87,0.22,352.67,255.37,0.8779,0.439,2.5221,31.7356,0.0,0.4158
472,4164,37.54,0.14,85.97,174.35,0.8989,0.4495,4.6197,23.6815,0.0,0.3098
473,4178,274.87,0.17,354.21,250.59,0.8594,0.4297,2.6131,31.6608,0.0,0.4019
473,4164,37.34,0.14,85.94,174.96,0.9014,0.4507,4.5924,23.7271,0.0,0.3123
474,4178,279.24,0.15,358.26,253.06,0.8193,0.4097,2.593,32.3763,0.0,0.3833
474,4164,36.96,0.23,85.88,176.28,0.895,0.4475,4.534,23.8225,0.0,0.3134
475,4178,281.82,0.05,359.68,252.01,0.7686,0.3843,2.6195,32.5134,0.0,0.3581
475,4164,36.8,0.18,85.9,177.03,0.896,0.448,4.5011,23.8684,0.0,0.3157
476,4178,282.68,0.01,359.26,249.42,0.8608,0.4304,2.6632,32.3097,0.0,0.3988
476,4164,36.55,0.15,85.79,177.57,0.8979,0.449,4.4785,23.9233,0.0,0.3177
477,4178,285.86,0.09,360.0,244.02,0.8101,0.4051,2.766,32.0771,148.0746,0.2351
477,4164,36.7,0.05,85.87,177.19,0.9014,0.4507,4.4945,23.8866,0.0,0.318
478,4178,286.98,0.21,360.0,241.37,0.8403,0.4202,2.8167,31.9228,0.0,0.3812
478,4164,36.71,0.11,85.82,176.83,0.8979,0.449,4.5105,23.8733,0.0,0.3158
479,4178,287.03,0.54,360.0,243.74,0.5117,0.2559,2.774,32.1243,0.0,0.2334
479,4164,36.25,0.13,86.45,181.13,0.8804,0.4402,4.3264,24.0681,21.5431,0.31
480,4178,286.96,0.2,360.0,247.78,0.6929,0.3464,2.7033,32.4639,0.0,0.319
480,4164,36.11,0.14,87.5,186.4,0.8735,0.4368,4.1164,24.2816,22.4528,0.3187
481,4178,283.61,0.07,360.0,274.41,0.6665,0.3332,2.2993,34.6887,36.5992,0.2827
481,4164,36.13,0.23,88.05,189.3,0.8574,0.4287,4.0082,24.4085,22.9896,0.3184
482,4178,287.05,1.18,360.0,254.65,0.7793,0.3896,2.5905,33.0675,146.6623,0.234
482,4164,36.55,0.18,88.79,191.28,0.8657,0.4329,3.935,24.4401,0.0,0.3371
483,4178,288.75,0.42,360.0,249.04,0.395,0.1975,2.6863,32.6779,0.0,0.1822
483,4164,37.14,0.06,89.17,191.26,0.8804,0.4402,3.9328,24.3621,0.0,0.343
484,4178,292.65,10.24,360.0,239.87,0.7739,0.387,2.8592,32.1486,149.2448,0.2197
484,4164,39.37,0.11,88.11,177.74,0.8086,0.4043,4.4544,23.505,158.8865,0.153
485,4178,296.1,21.26,360.0,239.34,0.7031,0.3515,2.8783,32.3191,0.0,0.3157
485,4164,41.02,0.03,88.27,170.3,0.7256,0.3628,4.7949,23.0287,160.019,0.1212
486,4178,299.14,26.68,360.0,239.65,0.6167,0.3084,2.8805,32.5313,0.0,0.2766
486,4164,40.95,0.1,91.23,180.17,0.8306,0.4153,4.3362,23.2375,21.413,0.2928
487,4178,302.93,29.38,360.0,229.93,0.6953,0.3477,3.0854,32.0316,151.14,0.187
487,4164,40.2,0.04,92.63,187.7,0.8403,0.4202,4.0406,23.6165,22.8705,0.3111
488,4164,41.3,0.1,92.23,180.75,0.8252,0.4126,4.3081,23.1566,158.2205,0.1645
489,4164,41.77,0.13,92.14,177.35,0.8467,0.4234,4.4509,22.9496,158.8429,0.1609
489,4178,312.15,33.07,360.0,218.75,0.5176,0.2588,3.368,31.8699,152.7991,0.1296
490,4164,40.84,0.14,93.21,184.33,0.8828,0.4414,4.1637,23.3145,22.313,0.3205
491,4164,40.18,0.05,93.99,189.46,0.8906,0.4453,3.9732,23.6202,23.2694,0.3333
491,4178,316.39,38.03,360.0,224.77,0.6377,0.3189,3.2382,32.5434,30.5099,0.2561
492,4164,39.79,0.11,94.14,191.49,0.8921,0.4461,3.9029,23.7726,0.0,0.35
493,4164,40.55,0.13,93.97,187.27,0.8726,0.4363,4.0514,23.4534,156.9144,0.1886
494,4164,40.42,0.04,94.63,189.4,0.8735,0.4368,3.9728,23.5457,0.0,0.3389
495,4164,39.99,0.01,95.1,192.38,0.8794,0.4397,3.8693,23.7406,23.8361,0.3345
496,4164,39.17,0.09,95.89,198.73,0.9116,0.4558,3.6643,24.1977,25.033,0.3574
497,4164,39.14,0.12,95.66,198.28,0.9058,0.4529,3.6789,24.1841,0.0,0.3685
498,4164,39.36,0.04,95.1,195.09,0.8843,0.4421,3.7811,23.9787,155.7491,0.2065
499,4164,38.51,0.11,95.77,201.05,0.8916,0.4458,3.5963,24.4336,25.4817,0.3529
500,4164,37.51,0.22,96.1,206.44,0.8989,0.4495,3.444,24.912,26.6178,0.3631
501,4164,38.05,0.17,95.52,201.99,0.8813,0.4406,3.5704,24.5602,154.4053,0.2176
502,4164,37.21,0.15,95.88,206.74,0.9141,0.4571,3.4371,24.9751,26.6217,0.3695
503,4164,36.49,0.15,95.74,208.84,0.8862,0.4431,3.3826,25.2119,0.0,0.3769
504,4164,35.89,0.14,95.91,211.61,0.9009,0.4505,3.3113,25.4771,0.0,0.3871
504,4198,328.12,42.13,359.48,202.5,0.6309,0.3155,3.8684,32.0006,0.0,0.2419
505,4164,34.76,0.23,95.65,214.91,0.8745,0.4373,3.2321,25.8622,0.0,0.38
506,4164,33.68,0.18,95.55,218.49,0.8838,0.4419,3.1493,26.2626,0.0,0.3884
507,4164,33.08,0.16,95.03,218.88,0.8945,0.4472,3.1429,26.3754,0.0,0.3934
508,4164,32.45,0.05,94.41,218.95,0.9048,0.4524,3.1443,26.4684,0.0,0.3977
509,4164,31.67,0.11,93.58,219.0,0.9004,0.4502,3.1471,26.5845,0.0,0.3955
509,4198,324.04,2.14,360.0,205.25,0.4873,0.2437,3.7722,31.8936,0.0,0.1901
510,4164,30.85,0.13,92.91,219.6,0.9038,0.4519,3.1369,26.7408,0.0,0.3974
510,4198,323.97,3.49,360.0,202.54,0.7964,0.3982,3.8544,31.749,0.0,0.3064
511,4164,30.19,0.14,92.81,221.62,0.918,0.459,3.0926,26.973,0.0,0.4061
511,4198,323.03,0.04,360.0,201.59,0.7925,0.3962,3.8808,31.6353,0.0,0.3037
512,4164,29.67,0.23,92.1,220.49,0.9097,0.4548,3.1213,26.9568,0.0,0.4007
512,4198,322.36,0.0,360.0,201.05,0.7778,0.3889,3.8955,31.5611,0.0,0.2974
513,4164,28.95,0.18,91.63,220.74,0.9219,0.461,3.1185,27.0607,0.0,0.4061
513,4198,320.84,0.0,359.82,201.4,0.8628,0.4314,3.8785,31.4589,0.0,0.331
514,4164,27.79,0.15,90.85,221.25,0.9062,0.4531,3.1117,27.2386,0.0,0.3994
514,4198,319.64,0.0,359.27,203.38,0.8125,0.4062,3.8111,31.4375,0.0,0.3154
515,4164,27.46,0.15,90.84,221.77,0.9116,0.4558,3.1008,27.3076,0.0,0.4024
515,4198,319.73,0.0,359.27,202.4,0.8184,0.4092,3.8416,31.3929,0.0,0.316
516,4164,28.08,0.14,91.57,220.72,0.8901,0.4451,3.1213,27.1228,0.0,0.3919
516,4198,318.93,0.0,358.66,202.29,0.7075,0.3538,3.8401,31.2878,0.0,0.2734
517,4164,29.39,0.14,92.76,218.06,0.9116,0.4558,3.1769,26.7176,0.0,0.3984
517,4198,318.27,0.0,358.08,201.23,0.7051,0.3525,3.8689,31.1455,0.0,0.2713
518,4164,30.15,0.14,94.06,217.49,0.8853,0.4426,3.1852,26.5242,0.0,0.3867
518,4198,317.91,0.0,358.0,200.64,0.7778,0.3889,3.8861,31.0841,0.0,0.2984
519,4164,32.6,0.05,97.72,218.1,0.9082,0.4541,3.1558,26.1517,0.0,0.3989
519,4198,318.28,0.72,358.24,199.49,0.6909,0.3454,3.925,31.0695,0.0,0.2633
520,4164,34.32,0.11,100.0,216.83,0.9062,0.4531,3.1761,25.7574,0.0,0.3972
520,4198,318.24,1.72,358.16,198.41,0.7471,0.3735,3.9597,31.0074,0.0,0.2831
521,4164,36.52,0.22,103.95,218.2,0.8726,0.4363,3.1292,25.4543,0.0,0.3856
521,4198,318.7,2.64,358.81,199.51,0.6934,0.3467,3.9278,31.141,0.0,0.264
522,4164,37.22,0.08,105.84,217.4,0.9072,0.4536,3.1419,25.1986,0.0,0.4004
522,4198,317.55,3.23,357.42,195.38,0.7104,0.3552,4.0563,30.7586,155.3756,0.1464
523,4164,37.46,0.12,107.94,219.23,0.9072,0.4536,3.094,25.2111,0.0,0.4033
523,4198,318.02,4.17,358.26,197.48,0.7456,0.3728,3.99,30.9534,0.0,0.281
524,4164,37.99,0.04,109.9,219.26,0.8945,0.4472,3.0876,25.0424,0.0,0.3982
524,4198,313.57,5.58,354.28,193.06,0.6816,0.6816,4.1117,30.1313,146.9932,0.2772
525,4164,38.85,0.66,111.76,218.43,0.8867,0.4434,3.1006,24.7732,0.0,0.3942
525,4198,314.17,6.91,354.64,190.64,0.6167,0.6167,4.2025,30.0914,0.0,0.449
526,4164,38.24,0.62,111.82,217.44,0.8853,0.4426,3.1249,24.7145,0.0,0.3923
526,4198,310.62,8.0,352.18,192.23,0.6514,0.6514,4.1232,29.7204,0.0,0.4819
527,4164,37.59,0.32,112.19,218.0,0.8945,0.4472,3.1124,24.7886,0.0,0.397
527,4198,306.56,8.5,349.58,192.66,0.5972,0.5972,4.0844,29.2469,0.0,0.4457
528,4164,36.37,0.2,111.85,218.58,0.8892,0.4446,3.1025,24.9532,0.0,0.395
528,4198,309.09,8.51,352.09,190.6,0.7612,0.7612,4.1763,29.5242,0.0,0.5581
529,4164,37.29,0.16,112.8,217.86,0.8906,0.4453,3.115,24.7534,0.0,0.3951
529,4198,306.37,7.86,350.8,192.48,0.7251,0.7251,4.0944,29.3147,0.0,0.54
530,4164,39.5,0.89,115.17,218.7,0.8252,0.4126,3.0853,24.5198,0.0,0.368
530,4198,304.31,7.25,349.94,192.83,0.8506,0.8506,4.0719,29.1144,0.0,0.6365
531,4164,40.07,0.33,116.61,220.22,0.9009,0.4505,3.0463,24.5359,0.0,0.4041
531,4198,304.32,6.47,350.38,191.86,0.8306,0.8306,4.1078,29.1005,0.0,0.6176
532,4164,41.44,0.11,117.63,218.75,0.9004,0.4502,3.0746,24.2222,0.0,0.4025
532,4198,305.03,5.91,350.28,184.34,0.791,0.791,4.3958,28.8071,158.758,0.2948
533,4164,42.75,0.03,119.6,220.88,0.9092,0.4546,3.0194,24.2196,0.0,0.4098
533,4198,302.95,5.9,347.76,179.52,0.8403,0.8403,4.5813,28.2615,156.5239,0.2936
534,4164,43.77,0.0,121.31,223.89,0.8989,0.4495,2.948,24.3584,0.0,0.4093
534,4198,300.4,5.91,345.66,178.18,0.8608,0.8608,4.6229,27.8487,0.0,0.5839
535,4164,45.52,0.0,122.0,222.25,0.8882,0.4441,2.9785,24.0189,0.0,0.403
535,4198,298.17,5.64,343.23,173.41,0.8184,0.8184,4.8272,27.3124,157.5418,0.2612
536,4164,46.08,0.0,122.56,223.82,0.8828,0.4414,2.9423,24.116,0.0,0.4025
536,4198,294.91,5.74,341.44,174.65,0.8228,0.8228,4.7484,26.9526,0.0,0.5463
537,4164,47.63,0.0,123.31,223.48,0.8721,0.436,2.9449,23.9271,0.0,0.3977
537,4198,292.67,6.16,340.05,174.41,0.8691,0.8691,4.746,26.6535,0.0,0.578
538,4164,48.52,0.0,123.87,224.81,0.8711,0.4355,2.9138,23.9804,0.0,0.399
538,4198,290.79,5.85,339.18,174.67,0.8496,0.8496,4.7234,26.4419,0.0,0.5681
539,4164,50.51,0.0,124.67,224.09,0.8813,0.4406,2.9235,23.7176,0.0,0.4034
539,4198,289.62,6.12,338.67,175.09,0.79,0.79,4.6975,26.3222,0.0,0.5312
540,4164,51.7,0.36,125.03,224.82,0.895,0.4475,2.9051,23.6998,0.0,0.4108
540,4198,290.99,6.22,339.78,175.3,0.4834,0.4834,4.6969,26.5294,0.0,0.3248
541,4164,53.77,0.41,125.97,224.99,0.8828,0.4414,2.8957,23.5251,0.0,0.4059
541,4198,289.56,6.83,338.13,175.23,0.7939,0.7939,4.6888,26.2791,0.0,0.5349
542,4164,54.79,0.52,125.99,225.32,0.8813,0.4406,2.8869,23.4965,0.0,0.4057
542,4198,279.19,7.15,329.96,175.14,0.8818,0.8818,4.6265,24.7652,67.3935,0.4238
543,4164,54.09,0.19,124.8,225.52,0.8853,0.4426,2.8863,23.641,0.0,0.4075
543,4198,274.37,7.55,327.0,175.33,0.8604,0.8604,4.5911,24.1301,0.0,0.5955
544,4164,56.68,0.06,126.16,225.3,0.8477,0.4239,2.8834,23.3624,0.0,0.3906
544,4198,269.42,7.98,323.97,175.61,0.8516,0.8516,4.5517,23.478,0.0,0.5951
545,4164,57.64,0.29,125.95,224.93,0.7422,0.3711,2.8897,23.271,0.0,0.3418
545,4198,265.56,8.51,321.46,174.34,0.8755,0.8755,4.5889,22.8856,0.0,0.6087
546,4164,59.77,0.1,126.88,224.87,0.8594,0.4297,2.8853,23.0685,0.0,0.3962
546,4198,262.53,9.17,319.88,174.73,0.8726,0.8726,4.5562,22.5138,0.0,0.6112
547,4164,61.13,0.03,126.76,223.63,0.8779,0.439,2.9092,22.8419,0.0,0.4035
547,4198,260.28,9.6,318.81,175.54,0.896,0.896,4.5091,22.2714,0.0,0.6337
548,4164,62.1,0.1,126.73,223.99,0.876,0.438,2.8998,22.8246,0.0,0.4032
548,4198,260.97,10.22,319.3,174.84,0.8555,0.8555,4.5444,22.3377,0.0,0.6009
549,4164,62.9,0.03,126.8,224.5,0.8867,0.4434,2.8875,22.8303,0.0,0.4089
549,4198,259.72,10.81,315.95,166.46,0.8506,0.8506,4.942,21.5901,159.8385,0.2702
550,4164,63.29,0.38,126.28,224.31,0.7964,0.3982,2.8917,22.8157,0.0,0.367
550,4198,258.65,11.5,315.9,167.79,0.8159,0.8159,4.8685,21.5425,0.0,0.5392
551,4164,64.4,0.32,126.48,222.75,0.8755,0.4377,2.9225,22.545,0.0,0.4019
551,4198,258.02,11.92,316.04,168.58,0.835,0.835,4.8262,21.5309,0.0,0.5566
552,4164,65.23,0.3,127.46,224.12,0.8647,0.4324,2.8901,22.5947,0.0,0.3988
552,4198,258.19,12.63,316.77,169.47,0.7832,0.7832,4.7841,21.6449,0.0,0.5263
553,4164,66.59,0.11,129.0,224.17,0.8945,0.4472,2.8839,22.4176,0.0,0.4131
553,4198,257.71,12.88,316.6,169.08,0.8691,0.8691,4.8017,21.5727,0.0,0.5821
554,4164,69.17,0.03,131.93,223.07,0.8936,0.4468,2.8976,21.9349,0.0,0.4123
554,4198,256.7,13.24,315.97,169.61,0.9004,0.9004,4.7698,21.4523,0.0,0.6071
555,4164,70.95,0.1,134.71,223.86,0.8994,0.4497,2.8731,21.7509,0.0,0.4167
555,4198,256.1,13.63,315.32,169.46,0.8901,0.8901,4.7733,21.3376,0.0,0.6
556,4164,72.61,0.77,137.23,224.25,0.8545,0.4273,2.8581,21.545,0.0,0.3969
556,4198,254.56,13.68,313.5,169.23,0.8828,0.8828,4.7742,21.0357,0.0,0.5955
557,4164,73.52,0.28,139.41,224.77,0.8931,0.4466,2.8423,21.4264,0.0,0.4159
557,4198,253.84,13.21,310.81,163.84,0.8931,0.8931,5.0485,20.5292,159.9911,0.2788
558,4164,74.49,0.47,140.99,223.85,0.8423,0.4212,2.8575,21.1515,0.0,0.3916
558,4198,252.08,12.92,307.06,158.99,0.896,0.896,5.3144,19.8877,158.9171,0.2809
559,4164,75.54,0.82,142.86,224.24,0.8574,0.4287,2.8448,21.0293,0.0,0.3995
559,4198,249.03,11.57,303.07,157.06,0.8691,0.8691,5.412,19.2007,142.4196,0.2736
560,4164,76.09,0.3,144.3,224.67,0.8701,0.435,2.8328,20.9699,0.0,0.4061
560,4198,247.5,10.04,301.39,156.31,0.8682,0.8682,5.4498,18.8899,0.0,0.5632
561,4164,77.45,0.19,145.92,224.45,0.8628,0.4314,2.8329,20.7656,0.0,0.4029
561,4198,245.2,9.29,298.5,156.08,0.8584,0.8584,5.448,18.4089,0.0,0.5576
562,4164,78.87,0.25,147.02,222.7,0.8711,0.4355,2.8658,20.3778,0.0,0.4052
562,4198,242.49,8.55,294.92,156.14,0.8296,0.8296,5.4243,17.8308,0.0,0.5398
563,4164,79.17,0.45,147.75,225.01,0.7139,0.3569,2.8162,20.6381,0.0,0.3343
563,4198,240.92,8.19,292.41,155.93,0.8574,0.8574,5.4254,17.4476,0.0,0.5585
564,4164,80.37,0.25,148.88,225.23,0.8838,0.4419,2.8083,20.5363,0.0,0.4144
564,4198,239.4,7.88,290.31,156.82,0.8076,0.8076,5.3575,17.1353,0.0,0.5265
565,4164,82.78,0.18,151.26,225.68,0.8853,0.4426,2.7925,20.3323,0.0,0.4162
565,4198,236.45,7.86,286.66,156.73,0.7939,0.7939,5.3441,16.5176,0.0,0.5183
566,4164,84.51,0.24,152.83,225.66,0.8433,0.4217,2.7884,20.1483,0.0,0.3968
566,4198,234.7,7.78,284.02,156.44,0.8252,0.8252,5.3501,16.0979,0.0,0.5393
567,4164,87.31,0.17,154.7,223.33,0.8975,0.4487,2.8302,19.5539,0.0,0.4204
567,4198,233.54,8.13,281.82,156.08,0.8535,0.8535,5.3639,15.7714,0.0,0.5583
568,4164,89.93,0.15,156.24,220.48,0.9038,0.4519,2.8854,18.9064,0.0,0.4206
568,4198,230.11,8.74,277.82,156.16,0.8618,0.8618,5.3389,15.0721,0.0,0.5647
569,4164,90.03,0.04,156.75,221.29,0.9072,0.4536,2.8672,18.9931,0.0,0.4232
569,4198,225.45,9.34,273.14,155.93,0.8828,0.8828,5.3298,14.1772,0.0,0.5796
570,4164,92.94,0.47,159.73,222.53,0.8691,0.4345,2.8336,18.8662,0.0,0.4074
570,4198,223.91,10.69,271.35,155.87,0.9023,0.9023,5.3255,13.8574,0.0,0.5928
571,4164,94.97,0.35,160.93,219.85,0.9038,0.4519,2.8871,18.2884,0.0,0.421
571,4198,220.21,11.76,268.39,156.43,0.8467,0.8467,5.2743,13.24,0.0,0.557
572,4164,97.13,1.99,160.88,213.42,0.7363,0.3681,3.0302,17.1953,150.0949,0.2139
572,4198,217.17,13.28,266.33,157.3,0.8682,0.8682,5.2087,12.7858,0.0,0.5716
573,4164,97.68,0.72,160.97,210.26,0.8813,0.4406,3.1058,16.6829,0.0,0.3989
573,4198,216.33,14.11,264.52,153.07,0.8306,0.8306,5.4762,12.3811,161.6605,0.2704
574,4164,98.28,0.24,161.45,209.34,0.8882,0.4441,3.1273,16.4827,0.0,0.4009
574,4198,213.66,14.25,260.38,147.32,0.7778,0.7778,5.8771,11.5962,160.8866,0.254
575,4164,98.93,0.16,161.47,206.79,0.8647,0.4324,3.1913,16.0622,0.0,0.3869
575,4198,212.7,12.72,258.68,145.04,0.79,0.79,6.0524,11.316,161.4916,0.2582
576,4164,99.5,0.23,161.7,205.9,0.8237,0.4118,3.2135,15.8823,0.0,0.3674
576,4198,210.36,11.22,255.5,143.89,0.8315,0.8315,6.1355,10.7668,140.938,0.2723
577,4164,99.62,0.07,161.88,205.99,0.9004,0.4502,3.2108,15.8779,0.0,0.4018
577,4198,208.1,10.29,252.7,143.7,0.8442,0.8442,6.1407,10.2635,0.0,0.5583
578,4164,99.43,0.1,162.11,207.48,0.8979,0.449,3.1722,16.0985,0.0,0.4028
578,4198,206.74,10.11,250.67,143.49,0.7456,0.7456,6.1515,9.9257,0.0,0.4933
579,4164,99.7,0.02,162.06,206.31,0.8843,0.4421,3.2021,15.9104,0.0,0.3951
579,4198,199.02,9.51,243.66,142.06,0.8203,0.8203,6.2468,8.457,119.3062,0.2705
580,4164,100.21,0.0,161.93,204.03,0.8818,0.4409,3.262,15.5484,0.0,0.3907
580,4198,200.01,9.47,244.28,143.16,0.8052,0.8052,6.1547,8.6116,0.0,0.5338
581,4164,100.05,0.45,161.9,205.19,0.6699,0.335,3.2313,15.732,0.0,0.2981
581,4198,200.1,9.66,242.93,140.72,0.7417,0.7417,6.3668,8.5092,164.4231,0.2445
582,4164,100.0,0.35,161.92,205.56,0.8433,0.4217,3.2216,15.7889,0.0,0.3758
582,4198,196.12,9.64,239.53,141.62,0.6899,0.6899,6.2737,7.7538,44.613,0.3916
583,4164,99.73,0.3,162.04,207.21,0.8667,0.4334,3.1788,16.0446,0.0,0.3885
583,4198,193.03,9.92,237.06,143.11,0.6724,0.6724,6.136,7.1784,28.7135,0.4189
584,4164,99.66,0.2,161.93,207.58,0.8682,0.4341,3.1696,16.1107,0.0,0.3897
584,4198,189.69,9.4,234.03,143.04,0.3711,0.3711,6.133,6.5327,0.0,0.2466
585,4164,99.86,0.06,161.61,205.79,0.9165,0.4582,3.2161,15.8499,0.0,0.4087
585,4198,186.23,9.37,231.19,143.5,0.8369,0.8369,6.0861,5.8899,0.0,0.5565
586,4164,99.79,0.11,161.43,205.68,0.8877,0.4439,3.2193,15.8484,0.0,0.3957
586,4198,183.41,9.94,229.04,143.6,0.8306,0.8306,6.072,5.383,0.0,0.5525
587,4164,99.12,0.03,161.05,206.68,0.9048,0.4524,3.1945,16.0594,0.0,0.4046
587,4198,180.54,10.61,227.08,143.75,0.8779,0.8779,6.0545,4.8895,0.0,0.5842
588,4164,98.88,0.19,159.94,203.82,0.79,0.395,3.2718,15.72,0.0,0.3494
588,4198,179.55,10.93,226.82,143.72,0.6816,0.6816,6.0557,4.7619,0.0,0.4536
589,4164,97.92,0.06,158.03,200.69,0.8853,0.4426,3.3621,15.4526,0.0,0.3864
589,4198,178.72,11.02,226.64,143.49,0.8076,0.8076,6.074,4.6594,0.0,0.5375
590,4164,97.0,0.3,156.47,198.99,0.5117,0.2559,3.4141,15.3787,0.0,0.2216
590,4198,176.32,13.74,224.92,143.83,0.8359,0.8359,6.0419,4.2369,0.0,0.5565
591,4164,96.1,0.29,155.33,198.76,0.8584,0.4292,3.4236,15.4838,0.0,0.3712
591,4198,175.15,11.24,225.66,143.51,0.8535,0.8535,6.0682,4.194,0.0,0.5682
592,4164,95.9,0.19,153.84,194.04,0.8604,0.4302,3.5688,14.9753,154.3767,0.2206
592,4198,174.01,10.33,225.84,143.11,0.7407,0.7407,6.101,4.0985,0.0,0.4932
593,4164,95.66,0.25,152.91,191.17,0.6196,0.3098,3.6626,14.6959,0.0,0.2584
593,4198,172.54,9.04,225.24,141.95,0.5698,0.5698,6.1988,3.9052,159.5185,0.1895
594,4164,94.69,0.18,152.16,191.58,0.8135,0.4068,3.6518,14.8733,0.0,0.3397
594,4198,170.43,8.48,222.79,139.57,0.8062,0.8062,6.4092,3.5341,159.5497,0.2682
595,4164,93.94,0.24,151.36,191.12,0.8516,0.4258,3.6692,14.9313,0.0,0.3546
595,4198,168.17,8.14,219.36,137.33,0.5747,0.5747,6.6194,3.1454,157.1206,0.1913
596,4164,93.46,0.36,151.03,191.75,0.7441,0.372,3.6498,15.0683,0.0,0.3107
596,4198,169.75,8.09,219.92,136.28,0.6792,0.6792,6.7258,3.4383,160.4255,0.226
597,4164,93.43,0.41,150.59,190.16,0.771,0.3855,3.703,14.9109,0.0,0.3193
597,4198,167.16,8.01,216.34,135.54,0.563,0.563,6.7979,2.9777,131.7249,0.1874
598,4164,93.1,0.24,150.04,188.76,0.3621,0.181,3.7517,14.8119,0.0,0.1488
598,4198,165.03,7.97,213.66,136.51,0.8003,0.8003,6.6964,2.4637,33.5987,0.4887
599,4164,94.39,0.08,147.99,176.2,0.606,0.303,4.2309,13.5435,158.1,0.1293
599,4198,163.14,7.93,210.9,135.46,0.5786,0.5786,6.802,2.2744,148.3633,0.1927
600,4164,92.6,0.11,148.87,185.82,0.8584,0.4292,3.8574,14.606,23.9094,0.3346
600,4198,158.37,7.86,206.96,136.25,0.8145,0.8145,6.719,1.6865,54.4479,0.4292
601,4164,91.24,0.22,148.53,189.06,0.79,0.395,3.7469,15.1048,25.5413,0.3119
601,4198,153.32,7.81,202.2,136.2,0.811,0.811,6.724,1.67,92.7679,0.2702
602,4164,91.34,0.17,148.74,190.17,0.8125,0.4062,3.709,15.2099,0.0,0.336
602,4198,151.73,8.15,200.63,136.56,0.8467,0.8467,6.6881,1.721,0.0,0.5643
603,4164,91.69,0.15,148.93,190.79,0.8638,0.4319,3.6875,15.2419,0.0,0.3585
603,4198,151.02,8.43,199.96,136.81,0.8516,0.8516,6.6633,1.7465,0.0,0.5676
604,4164,91.99,0.23,148.58,189.92,0.8804,0.4402,3.7165,15.1434,0.0,0.3637
604,4198,149.11,8.83,197.63,136.5,0.8384,0.8384,6.6955,2.0597,0.0,0.5588
605,4164,92.32,0.17,148.54,189.6,0.8657,0.4329,3.7268,15.084,0.0,0.3571
605,4198,148.1,9.13,196.09,136.16,0.8003,0.8003,6.7307,2.2905,0.0,0.5333
606,4164,92.19,0.06,148.51,190.79,0.8931,0.4466,3.6873,15.2359,0.0,0.3706
606,4198,147.78,9.17,195.43,136.51,0.8604,0.8604,6.6957,2.3146,0.0,0.5734
607,4164,92.57,0.01,148.47,190.32,0.8843,0.4421,3.7024,15.1547,0.0,0.3661
607,4198,147.64,9.53,194.61,136.74,0.8369,0.8369,6.673,2.3589,0.0,0.5577
608,4164,93.01,0.09,148.45,189.87,0.8691,0.4345,3.7168,15.0699,0.0,0.3591
608,4198,148.09,9.99,194.31,136.6,0.8433,0.8433,6.6869,2.3654,0.0,0.562
609,4164,93.51,0.21,148.5,189.61,0.8145,0.4073,3.7247,14.9976,0.0,0.3361
609,4198,148.58,10.63,194.01,136.65,0.8203,0.8203,6.6818,2.3439,0.0,0.5466
610,4164,93.84,0.35,148.75,191.1,0.8657,0.4329,3.6741,15.1309,0.0,0.3601
610,4198,146.91,10.87,192.15,136.58,0.8477,0.8477,6.6904,2.6397,0.0,0.5648
611,4164,94.16,0.22,148.66,190.92,0.7529,0.3765,3.6797,15.0921,0.0,0.3129
611,4198,148.91,11.16,193.39,136.42,0.7627,0.7627,6.7051,2.3972,0.0,0.5082
612,4164,95.32,0.17,148.43,186.67,0.8394,0.4197,3.8234,14.5233,155.7212,0.2013
612,4198,149.56,11.05,193.51,136.51,0.7739,0.7739,6.6957,2.3254,0.0,0.5157
613,4164,96.01,0.15,148.29,184.32,0.8125,0.4062,3.9072,14.216,0.0,0.3259
613,4198,150.08,11.07,193.36,136.59,0.7739,0.7739,6.6875,2.286,0.0,0.5157
614,4164,96.38,0.14,148.67,184.96,0.8252,0.4126,3.8826,14.228,0.0,0.3323
614,4198,149.61,11.12,191.61,135.23,0.7515,0.7515,6.8278,2.6429,162.3054,0.2502
615,4164,96.58,0.14,148.84,185.87,0.6836,0.3418,3.8492,14.302,0.0,0.2768
615,4198,148.57,11.23,189.44,134.63,0.7212,0.7212,6.8925,2.971,0.0,0.4805
616,4164,98.68,0.14,148.93,179.07,0.8262,0.4131,4.1036,13.3862,157.0137,0.1833
616,4198,147.35,11.1,185.98,130.58,0.6592,0.6592,7.3526,3.8883,165.1528,0.2192
617,4164,98.96,0.04,149.84,182.17,0.8584,0.4292,3.9804,13.6199,23.2996,0.3288
617,4198,145.66,11.14,182.97,129.12,0.7393,0.7393,7.5351,4.4415,157.2959,0.2457
618,4164,100.35,0.01,149.99,178.21,0.8862,0.4431,4.1339,13.0715,157.0149,0.195
618,4198,143.72,11.01,180.64,130.02,0.647,0.647,7.4273,4.652,31.4168,0.399
619,4164,100.93,0.0,150.16,177.2,0.8745,0.4373,4.1742,12.9055,0.0,0.336
619,4198,143.96,11.0,180.2,130.84,0.7471,0.7471,7.3286,4.5669,0.0,0.4973
620,4164,101.62,0.0,149.17,171.42,0.8779,0.439,4.4277,12.3813,158.9867,0.1764
620,4198,142.4,11.16,178.62,132.15,0.6968,0.6968,7.1785,4.6848,20.6765,0.4488
621,4164,101.74,0.18,149.28,172.24,0.8794,0.4397,4.3897,12.4344,0.0,0.3255
621,4198,140.79,11.06,176.17,132.93,0.644,0.644,7.0943,4.969,0.0,0.4285
622,4164,102.02,0.06,149.07,170.9,0.8813,0.4406,4.4513,12.3094,0.0,0.3226
622,4198,138.61,10.83,173.19,132.36,0.6489,0.6489,7.1643,5.4923,0.0,0.4316
623,4164,101.66,0.02,148.87,172.79,0.8726,0.4363,4.3657,12.5269,0.0,0.3243
623,4198,137.97,10.51,171.8,131.63,0.6396,0.6396,7.2508,5.7435,0.0,0.4253
624,4164,102.41,0.0,147.53,165.34,0.8647,0.4324,4.7268,11.9722,160.2161,0.1567
624,4198,138.81,10.44,171.66,130.2,0.5649,0.5649,7.4202,5.8157,166.6494,0.1873
625,4164,102.79,0.0,147.47,164.07,0.8496,0.4248,4.793,11.8544,0.0,0.2919
625,4198,138.19,10.73,169.94,129.58,0.4785,0.4785,7.4993,6.0853,0.0,0.3181
626,4164,102.38,0.09,147.62,167.43,0.8516,0.4258,4.6204,12.1218,20.2833,0.2935
627,4164,103.01,0.12,147.07,163.21,0.8618,0.4309,4.8396,11.814,160.6069,0.1498
627,4198,137.02,10.55,168.01,128.8,0.2561,0.2561,7.6015,6.4379,154.6127,0.0848
628,4164,102.75,0.04,146.22,161.56,0.8394,0.4197,4.9326,11.8151,0.0,0.2806
628,4198,136.36,11.3,166.89,129.69,0.6826,0.6826,7.4923,6.5134,18.2007,0.4422
629,4164,102.86,0.01,145.98,160.45,0.8564,0.4282,4.9959,11.7633,0.0,0.2827
629,4198,136.97,10.91,167.75,130.62,0.5527,0.5527,7.3769,6.2957,16.0435,0.3602
630,4164,102.97,0.0,145.81,159.52,0.834,0.417,5.05,11.7183,0.0,0.2751
630,4198,136.71,10.95,167.5,130.5,0.646,0.646,7.392,6.353,0.0,0.4293
631,4164,103.2,0.0,146.23,159.98,0.8296,0.4148,5.0219,11.6814,0.0,0.2737
631,4198,135.98,10.93,167.0,130.97,0.7832,0.7832,7.3374,6.4254,0.0,0.5205
632,4164,103.18,0.0,146.11,159.27,0.8228,0.4114,5.0637,11.6566,0.0,0.2714
632,4198,134.62,10.41,165.55,130.08,0.6982,0.6982,7.4489,6.7603,157.7777,0.2311
633,4164,102.89,0.0,145.97,159.79,0.8013,0.4007,5.034,11.7251,0.0,0.2643
633,4198,134.3,10.22,165.61,130.34,0.6133,0.6133,7.4176,6.7622,0.0,0.4074
634,4164,102.41,0.18,145.54,160.21,0.833,0.4165,5.0114,11.8342,0.0,0.2747
634,4198,131.45,10.06,160.25,123.21,0.4436,0.4436,8.4037,8.1739,167.0952,0.1464
635,4164,102.21,0.16,145.4,160.4,0.8545,0.4273,5.0012,11.8769,0.0,0.2818
635,4198,131.76,9.3,161.65,126.31,0.6758,0.6758,7.9497,7.7139,12.4021,0.4432
636,4164,101.67,0.15,145.82,163.48,0.7104,0.3552,4.8298,12.0725,19.4435,0.2355
636,4198,130.88,9.03,160.19,123.77,0.3381,0.3381,8.3199,8.1705,167.5065,0.1116
637,4164,101.86,0.06,146.33,163.73,0.627,0.3135,4.815,12.0237,0.0,0.2144
638,4164,102.16,0.02,146.58,162.53,0.811,0.4055,4.8792,11.8958,0.0,0.274
639,4164,101.84,0.0,147.48,166.37,0.7544,0.3772,4.675,12.1036,19.9861,0.2574
640,4164,101.95,0.28,147.22,163.93,0.8604,0.4302,4.8025,11.946,160.5007,0.1516
641,4164,101.1,0.19,146.7,163.73,0.8384,0.4192,4.8158,12.0599,0.0,0.2867
642,4164,100.78,0.07,146.51,163.11,0.8594,0.4297,4.8502,12.0675,0.0,0.2919
643,4164,100.72,0.02,146.01,160.27,0.8647,0.4324,5.0104,11.9531,161.2448,0.141
644,4164,99.91,0.19,145.59,160.52,0.8555,0.4278,4.9984,12.0831,0.0,0.2821
645,4164,99.89,0.16,145.52,159.69,0.8882,0.4441,5.0466,12.0474,0.0,0.2928
646,4164,100.1,0.15,145.39,158.09,0.8862,0.4431,5.1416,11.9604,0.0,0.2922
647,4164,100.59,0.24,144.94,154.33,0.8262,0.4131,5.3784,11.8021,162.4268,0.1348
648,4164,99.17,0.18,143.94,154.07,0.8721,0.436,5.4006,12.028,0.0,0.2875
649,4164,100.54,0.15,145.15,153.82,0.8735,0.4368,5.4117,11.7691,0.0,0.2881
650,4164,101.53,0.15,145.79,153.2,0.8818,0.4409,5.4498,11.5902,0.0,0.2909
651,4164,102.39,0.14,146.48,153.28,0.8101,0.4051,5.4412,11.4416,0.0,0.2674
652,4164,104.1,0.14,148.43,153.8,0.8628,0.4314,5.3991,11.1024,0.0,0.2849
653,4164,107.13,0.14,152.54,153.65,0.8711,0.4355,5.3953,10.3998,0.0,0.288
654,4164,107.84,0.23,154.29,153.24,0.8755,0.4377,5.4181,10.1437,0.0,0.2896
655,4164,106.65,0.36,154.68,153.01,0.5273,0.2636,5.435,10.2137,0.0,0.1744
656,4164,110.62,0.32,160.24,153.79,0.7656,0.3828,5.3664,9.3104,56.0711,0.1971
656,4212,96.27,11.25,124.51,144.11,0.4688,0.4688,6.2004,14.0409,0.0,0.3079
657,4164,110.14,0.76,161.35,152.97,0.5498,0.2749,5.42,9.2146,0.0,0.1821
658,4164,113.67,0.84,165.63,153.61,0.8101,0.4051,5.365,8.4758,0.0,0.2686
658,4212,94.56,10.36,122.93,144.26,0.5039,0.5039,6.1971,14.3592,0.0,0.3307
659,4164,115.31,0.96,167.48,153.03,0.8394,0.4197,5.3984,8.1066,0.0,0.2784
659,4212,94.01,9.68,122.5,144.5,0.667,0.667,6.1797,14.454,0.0,0.4376
660,4164,117.48,1.28,170.06,153.1,0.8052,0.4026,5.387,7.6437,0.0,0.2672
660,4212,93.05,9.28,121.67,144.98,0.354,0.354,6.1449,14.6276,0.0,0.2322
661,4164,117.2,1.86,170.06,153.32,0.8525,0.4263,5.3728,7.6821,0.0,0.2829
661,4212,93.66,8.96,122.86,145.93,0.6738,0.6738,6.0619,14.4578,0.0,0.4421
662,4164,117.98,2.08,171.58,153.51,0.895,0.4475,5.3571,7.4669,0.0,0.2971
662,4212,93.83,9.06,123.5,145.58,0.8442,0.8442,6.088,14.3779,0.0,0.554
663,4164,119.64,1.87,173.49,153.12,0.8828,0.4414,5.3784,7.0973,0.0,0.2931
663,4212,93.04,9.02,123.45,145.53,0.8452,0.8452,6.0945,14.4588,0.0,0.5545
664,4164,117.47,1.88,170.74,148.04,0.8794,0.4397,5.7445,7.3941,162.1081,0.1453
664,4212,92.24,9.02,123.39,144.94,0.8667,0.8667,6.1456,14.5398,0.0,0.5685
665,4164,119.87,1.79,172.96,146.41,0.8564,0.4282,5.863,6.8976,152.2338,0.1417
665,4212,90.71,8.91,122.92,145.28,0.8745,0.8745,6.1233,14.7335,0.0,0.5734
666,4164,123.99,1.84,176.29,145.09,0.8135,0.4068,5.9582,6.1271,137.074,0.1348
666,4212,89.19,8.9,122.31,145.02,0.8467,0.8467,6.151,14.9375,0.0,0.5549
667,4164,125.79,1.58,177.77,145.38,0.8433,0.4217,5.931,5.796,0.0,0.2804
667,4212,86.6,8.81,121.4,147.65,0.8677,0.8677,5.95,15.2887,19.6925,0.5513
668,4164,127.64,1.38,178.92,145.15,0.8423,0.4212,5.946,5.4884,0.0,0.2801
668,4212,84.84,8.69,121.34,150.76,0.8369,0.8369,5.7219,15.5028,17.5578,0.5348
669,4164,130.31,1.4,180.61,145.18,0.8638,0.4319,5.939,5.0442,0.0,0.2874
669,4212,83.72,8.93,121.16,151.92,0.8726,0.8726,5.6429,15.6474,0.0,0.571
670,4164,132.64,1.41,181.82,145.31,0.8403,0.4202,5.9251,4.6844,0.0,0.2796
670,4212,82.96,9.03,121.39,153.63,0.876,0.876,5.5262,15.7342,17.5153,0.5595
671,4164,135.15,1.41,182.9,145.11,0.877,0.4385,5.938,4.3155,0.0,0.2919
671,4212,82.35,9.16,121.29,154.07,0.8813,0.8813,5.4985,15.8119,0.0,0.5764
672,4164,137.2,1.41,183.57,145.14,0.8394,0.4197,5.9333,4.0378,0.0,0.2795
672,4212,81.4,9.59,120.91,155.31,0.8169,0.8169,5.4202,15.9692,0.0,0.5341
673,4164,139.15,1.6,184.06,145.17,0.8433,0.4217,5.9289,3.7886,0.0,0.2808
673,4212,80.62,9.75,120.48,156.12,0.8682,0.8682,5.3711,16.1055,0.0,0.5674
674,4164,141.18,1.57,184.69,144.92,0.8384,0.4192,5.9471,3.5134,0.0,0.2792
674,4212,80.2,9.91,120.49,157.69,0.8125,0.8125,5.2732,16.1917,0.0,0.5309
675,4164,143.88,1.47,186.23,144.75,0.8184,0.4092,5.958,3.0773,0.0,0.2726
675,4212,79.61,10.06,120.05,158.26,0.8052,0.8052,5.2409,16.3066,0.0,0.526
676,4164,147.04,1.71,188.27,144.04,0.7847,0.3923,6.0131,2.5395,0.0,0.2614
676,4212,79.11,9.93,120.01,159.92,0.8535,0.8535,5.1424,16.4149,0.0,0.5574
677,4164,150.89,1.71,192.04,144.26,0.8843,0.4421,5.9917,1.7571,0.0,0.2947
677,4212,77.51,9.79,118.4,161.25,0.8237,0.8237,5.0735,16.7626,0.0,0.5375
678,4164,152.83,1.47,193.76,143.38,0.8682,0.4341,6.0634,1.3858,0.0,0.2894
678,4212,77.14,9.43,116.2,154.73,0.8271,0.8271,5.4842,16.7964,162.6887,0.2639
679,4164,155.29,1.71,197.0,144.32,0.8555,0.4278,5.9844,0.7962,41.8657,0.2488
679,4212,75.7,8.85,115.59,158.91,0.8604,0.8604,5.2248,17.1061,18.8898,0.5455
680,4164,157.97,2.1,200.78,144.59,0.8628,0.4314,5.9618,0.1769,0.0,0.2876
680,4212,74.41,8.55,114.41,160.24,0.811,0.811,5.1523,17.3792,0.0,0.5283
681,4164,159.11,2.59,203.03,145.07,0.8877,0.4439,5.923,0.3115,0.0,0.2959
681,4212,73.06,7.88,112.94,160.54,0.7598,0.7598,5.1428,17.649,0.0,0.4946
682,4164,159.51,2.87,204.13,144.79,0.8745,0.4373,5.9457,0.4084,0.0,0.2915
682,4212,71.38,6.99,111.02,160.26,0.6387,0.6387,5.1699,17.9696,0.0,0.4154
683,4164,159.52,3.25,204.88,144.6,0.8682,0.4341,5.9611,0.4694,0.0,0.2894
683,4212,69.68,6.19,109.37,160.86,0.6104,0.6104,5.1445,18.2961,0.0,0.3966
684,4164,160.16,3.95,205.69,142.57,0.8818,0.4409,6.1305,0.6702,163.6089,0.147
684,4212,68.09,5.8,107.37,160.06,0.7642,0.7642,5.2027,18.597,0.0,0.4962
685,4164,160.86,3.85,207.82,143.6,0.8608,0.4304,6.044,0.8971,0.0,0.2869
685,4212,66.9,5.11,106.07,159.91,0.8369,0.8369,5.2194,18.8189,0.0,0.543
686,4164,162.05,4.16,209.81,143.24,0.8667,0.4334,6.0748,1.2305,0.0,0.2889
686,4212,65.8,5.05,104.91,160.31,0.833,0.833,5.2026,19.0365,0.0,0.5401
687,4164,162.2,4.1,211.09,144.05,0.8867,0.4434,6.0078,1.3676,0.0,0.2955
687,4212,64.2,4.85,103.32,160.44,0.8062,0.4031,5.205,19.3292,0.0,0.2612
688,4164,162.01,3.03,212.26,144.73,0.8237,0.4118,5.9525,1.476,0.0,0.2745
688,4212,62.59,4.98,101.97,161.4,0.8516,0.4258,5.1579,19.6261,0.0,0.2756
689,4164,160.82,3.29,211.13,144.62,0.8647,0.4324,5.9608,1.2363,0.0,0.2882
689,4212,60.45,4.76,100.31,161.75,0.8564,0.4282,5.1498,19.9781,0.0,0.2769
690,4164,160.61,2.9,210.89,144.2,0.8477,0.4239,5.995,1.1842,0.0,0.2825
690,4212,58.69,5.05,99.21,162.33,0.7925,0.7925,5.1256,20.2522,0.0,0.512
691,4164,162.15,3.03,211.71,141.31,0.7627,0.3814,6.2417,1.5298,163.651,0.1271
691,4212,55.49,5.64,97.64,164.2,0.833,0.833,5.0357,20.738,0.0,0.5373
692,4164,164.83,2.99,214.33,141.1,0.8477,0.4239,6.2622,2.0595,0.0,0.2825
692,4212,53.24,6.14,96.71,165.91,0.8564,0.8564,4.9529,21.0788,0.0,0.5572
693,4164,166.15,3.06,215.65,142.16,0.5688,0.2844,6.1704,2.2743,0.0,0.1895
693,4212,51.62,6.8,96.19,167.55,0.8726,0.8726,4.8732,21.3277,0.0,0.5766
694,4164,168.0,2.79,217.31,142.66,0.8394,0.4197,6.1292,2.6177,0.0,0.2797
694,4212,50.78,7.51,96.34,168.8,0.8804,0.8804,4.8112,21.4372,0.0,0.5888
695,4164,171.73,2.8,220.01,141.51,0.8384,0.4192,6.2329,3.3031,142.2238,0.1395
695,4212,48.92,7.97,95.82,171.83,0.8818,0.8818,4.6693,21.7716,22.1279,0.5841
696,4164,174.79,2.01,222.27,141.08,0.7612,0.3806,6.2749,3.8555,0.0,0.2534
696,4212,48.53,8.32,96.52,174.7,0.8682,0.8682,4.5342,21.8787,20.5803,0.5934
697,4164,178.11,2.42,224.73,141.99,0.8423,0.4212,6.1997,4.4198,44.3085,0.2404
697,4212,47.48,8.54,96.29,176.76,0.8877,0.8877,4.4461,22.0903,0.0,0.6356
698,4164,182.14,2.32,227.77,143.65,0.8516,0.4258,6.0651,5.1237,34.7811,0.2579
698,4212,46.64,9.08,96.21,179.25,0.9102,0.9102,4.3421,22.2993,22.1616,0.6415
699,4164,185.69,2.21,229.54,141.73,0.4065,0.2032,6.2355,5.6848,155.8845,0.0674
699,4212,45.23,8.46,95.74,180.53,0.8945,0.8945,4.2945,22.5268,0.0,0.6577
700,4164,187.75,2.27,230.64,142.3,0.8467,0.4234,6.1896,5.9978,0.0,0.2815
700,4212,43.15,8.03,94.51,180.96,0.9043,0.9043,4.2869,22.8258,0.0,0.6652
701,4164,189.15,2.33,231.4,143.03,0.7886,0.3943,6.1297,6.2107,0.0,0.2621
701,4212,41.38,7.76,93.43,180.98,0.9038,0.9038,4.2947,23.0631,0.0,0.6634
702,4164,192.95,2.45,235.31,143.58,0.8086,0.4043,6.0937,6.9911,0.0,0.2685
702,4212,38.09,7.11,90.64,180.57,0.8862,0.8862,4.3304,23.5436,0.0,0.6453
703,4164,194.78,2.59,237.75,144.07,0.8184,0.4092,6.0591,7.4232,0.0,0.2717
703,4212,35.15,6.95,88.58,181.85,0.8745,0.8745,4.2937,24.0212,0.0,0.6401
704,4164,197.75,2.92,241.61,144.25,0.8506,0.4253,6.0549,8.1134,0.0,0.2821
704,4212,33.41,7.35,87.55,182.85,0.8892,0.8892,4.2622,24.2997,0.0,0.654
705,4164,197.62,3.17,241.37,143.29,0.7471,0.3735,6.1346,8.0772,0.0,0.2478
705,4212,31.88,7.05,86.31,182.17,0.8745,0.8745,4.2984,24.4894,0.0,0.6386
706,4164,200.0,3.23,245.57,144.6,0.8604,0.4302,6.0366,8.7395,40.203,0.2513
706,4212,29.97,6.75,84.72,181.23,0.8755,0.8755,4.3481,24.7266,0.0,0.633
707,4164,200.93,3.53,247.71,144.82,0.834,0.417,6.0241,9.0486,0.0,0.2763
707,4212,25.7,6.54,82.21,182.13,0.8711,0.8711,4.3336,25.319,0.0,0.6302
707,4217,2.37,16.2,34.06,157.27,0.6494,0.3247,5.9494,30.2504,0.0,0.2017
708,4164,199.36,3.37,246.93,144.7,0.8423,0.4212,6.0297,8.8122,0.0,0.2791
708,4212,22.35,5.91,79.54,181.53,0.8892,0.8892,4.3785,25.774,0.0,0.637
708,4217,5.86,16.8,37.26,155.39,0.8052,0.8052,6.0481,29.713,145.3631,0.2331
709,4164,199.08,3.76,248.21,145.4,0.8818,0.4409,5.9746,8.916,0.0,0.2922
709,4212,20.57,6.23,78.04,181.73,0.8838,0.8838,4.3814,26.0456,0.0,0.6322
709,4217,7.7,17.33,39.28,154.65,0.6929,0.6929,6.0821,29.4051,0.0,0.4322
710,4164,198.69,4.44,248.49,145.47,0.8369,0.4184,5.9688,8.9055,0.0,0.2773
710,4212,18.92,5.71,78.26,186.33,0.833,0.833,4.2034,26.3815,22.7529,0.5933
711,4164,198.45,4.44,248.74,145.77,0.876,0.438,5.9448,8.9087,0.0,0.2902
711,4212,18.51,5.42,78.59,190.33,0.7285,0.7285,4.0555,26.5985,22.9312,0.5325
711,4217,8.33,16.59,41.02,155.53,0.5571,0.5571,6.007,29.2299,0.0,0.3478
712,4164,198.25,4.32,248.67,145.41,0.8384,0.4192,5.9732,8.8789,0.0,0.2778
712,4212,14.9,5.23,75.26,191.01,0.7725,0.7725,4.0539,27.1716,0.0,0.584
713,4164,197.17,3.92,248.25,145.17,0.8169,0.4084,5.9899,8.7268,0.0,0.2707
713,4212,12.1,5.34,73.88,196.28,0.7808,0.7808,3.887,27.7824,26.3367,0.5794
714,4164,195.91,3.21,247.93,145.54,0.7808,0.3904,5.9574,8.5703,0.0,0.2588
714,4212,9.25,5.75,72.04,199.07,0.8711,0.8711,3.812,28.295,0.0,0.684
715,4164,198.86,3.4,250.26,145.22,0.791,0.3955,5.9924,9.0986,0.0,0.262
715,4212,7.71,6.56,70.67,200.27,0.8584,0.8584,3.7836,28.5807,0.0,0.6766
716,4164,201.15,3.17,251.96,144.62,0.6851,0.3426,6.0488,9.496,0.0,0.2268
716,4212,8.45,6.96,71.16,200.84,0.7847,0.7847,3.7621,28.5239,0.0,0.6209
717,4164,203.58,2.83,253.94,144.77,0.8413,0.4207,6.0451,9.9374,0.0,0.2783
717,4212,7.34,6.66,71.29,205.24,0.8496,0.8496,3.6336,28.8655,25.7069,0.658
718,4164,205.71,2.52,255.43,144.55,0.7925,0.3962,6.0705,10.2978,0.0,0.262
718,4212,6.91,6.36,71.18,207.95,0.8477,0.8477,3.5583,29.0778,0.0,0.6925
719,4164,208.76,2.24,257.74,144.27,0.7964,0.3982,6.1051,10.8305,0.0,0.2631
719,4212,6.41,5.6,70.78,209.12,0.8442,0.8442,3.5286,29.2184,0.0,0.6926
720,4164,211.79,1.7,260.0,144.03,0.791,0.3955,6.137,11.3547,0.0,0.2611
720,4212,6.66,4.39,67.85,198.68,0.7515,0.3757,3.8462,28.7744,156.15,0.1676
721,4164,215.17,1.66,262.21,143.99,0.7612,0.3806,6.1535,11.9066,0.0,0.251
721,4212,4.61,3.37,68.39,208.19,0.8564,0.4282,3.5671,29.4567,25.9841,0.3344
722,4164,218.49,1.54,264.6,144.63,0.8384,0.4192,6.114,12.4687,0.0,0.2762
722,4212,2.37,2.36,66.92,212.89,0.8296,0.4148,3.4514,30.0233,29.2776,0.326
723,4164,221.89,0.85,266.94,144.59,0.8271,0.4135,6.1319,13.0306,0.0,0.2722
723,4212,1.71,0.79,66.5,214.3,0.834,0.417,3.4181,30.1921,0.0,0.3471
723,4222,41.85,13.78,84.89,153.23,0.5601,0.5601,5.8211,22.7981,0.0,0.3588
724,4164,224.51,0.94,268.57,144.58,0.7964,0.3982,6.144,13.4451,0.0,0.2618
724,4212,0.0,0.11,64.51,215.14,0.791,0.3955,3.4077,30.5034,0.0,0.3294
724,4222,45.63,14.43,89.64,156.52,0.6909,0.6909,5.5625,22.1064,22.8764,0.4256
725,4164,226.35,1.0,270.24,146.8,0.8101,0.4051,5.9733,13.797,20.7874,0.2573
725,4212,0.59,0.0,65.16,215.58,0.8101,0.4051,3.3928,30.4474,0.0,0.3382
725,4222,48.55,14.68,92.73,156.76,0.5391,0.5391,5.5243,21.5817,0.0,0.3468
726,4164,228.68,0.85,271.88,145.6,0.4292,0.2146,6.0805,14.1741,154.5449,0.0694
726,4212,0.0,0.06,63.52,216.6,0.6309,0.3155,3.3738,30.6687,0.0,0.264
726,4222,50.5,15.37,94.75,156.94,0.7422,0.7422,5.4981,21.2338,0.0,0.478
727,4164,230.02,0.89,273.37,146.8,0.79,0.395,5.992,14.4546,0.0,0.2592
727,4212,0.0,0.0,60.82,216.57,0.7793,0.3896,3.3826,30.8511,0.0,0.3254
727,4222,52.7,15.76,97.68,157.76,0.7871,0.7871,5.4271,20.7957,0.0,0.5076
728,4164,231.03,0.45,274.78,148.36,0.8638,0.4319,5.8775,14.7025,20.9935,0.2737
728,4212,0.0,0.23,59.6,216.86,0.8584,0.4292,3.3791,30.9535,0.0,0.3585
728,4222,53.65,15.87,99.36,158.21,0.8394,0.8394,5.3895,20.5717,0.0,0.5418
729,4164,232.26,0.38,276.18,148.67,0.8755,0.4377,5.8614,14.9586,0.0,0.2869
729,4212,0.0,0.16,57.2,216.74,0.8506,0.4253,3.3893,31.1089,0.0,0.3545
729,4222,53.54,16.18,100.29,159.79,0.8804,0.8804,5.2891,20.5394,17.9792,0.5539
730,4164,233.35,0.29,276.33,145.72,0.8545,0.4273,6.0969,15.0533,164.3002,0.1375
730,4212,0.0,0.05,56.28,222.19,0.8628,0.4314,3.2601,31.5355,28.1414,0.3494
730,4222,54.5,15.9,101.94,158.7,0.8921,0.8921,5.3471,20.277,0.0,0.5763
731,4164,236.1,0.23,281.35,151.67,0.8184,0.4092,5.6672,15.8637,20.5143,0.259
731,4212,0.0,0.01,57.12,229.79,0.8682,0.4341,3.0882,32.0181,28.9511,0.36
731,4222,54.39,15.11,103.03,158.45,0.8994,0.8994,5.3594,20.1827,0.0,0.5812
732,4164,237.33,0.22,284.76,157.15,0.8745,0.4373,5.3147,16.4348,19.7208,0.277
732,4212,0.0,0.1,55.96,224.57,0.834,0.417,3.2062,31.7211,152.0377,0.218
732,4222,53.45,14.72,103.24,159.47,0.8726,0.8726,5.2989,20.2751,0.0,0.5637
733,4164,238.01,0.58,286.1,157.97,0.8359,0.4179,5.2693,16.6487,0.0,0.2728
733,4212,0.0,0.06,56.31,231.57,0.8262,0.4131,3.0531,32.2005,29.3074,0.3438
733,4222,54.95,14.1,104.83,158.7,0.8892,0.8892,5.3359,19.9771,0.0,0.575
734,4164,237.61,0.73,284.56,154.38,0.8906,0.4453,5.4944,16.3669,161.8637,0.1424
734,4212,0.0,0.0,54.9,224.83,0.8252,0.4126,3.2034,31.8089,152.0092,0.2157
734,4222,56.79,13.59,106.66,157.64,0.8618,0.8618,5.3899,19.6188,0.0,0.5579
735,4164,238.55,1.07,286.41,156.85,0.8667,0.4334,5.3418,16.6939,20.842,0.2734
735,4212,0.0,0.01,54.76,231.85,0.8013,0.4007,3.0516,32.3199,29.4335,0.3333
735,4222,59.87,13.3,109.94,159.01,0.8677,0.8677,5.2839,19.0792,32.3131,0.5178
736,4164,238.97,0.73,287.14,157.01,0.8804,0.4402,5.3349,16.8058,0.0,0.2872
736,4212,0.0,0.04,55.25,244.02,0.7974,0.3987,2.8148,33.2181,31.3612,0.3408
736,4222,61.89,12.83,111.56,158.68,0.8867,0.8867,5.2926,18.7385,0.0,0.5755
737,4164,239.48,1.16,287.5,156.12,0.896,0.448,5.3942,16.8618,0.0,0.2922
737,4212,0.0,0.06,54.13,240.59,0.6899,0.3449,2.8809,33.0179,0.0,0.3089
737,4222,63.13,12.38,112.8,160.31,0.8726,0.8726,5.1864,18.5622,20.8012,0.5476
738,4164,240.18,1.14,288.68,156.68,0.8901,0.4451,5.3639,17.0524,0.0,0.2902
738,4212,0.0,0.0,54.14,252.06,0.5527,0.2763,2.6791,33.9305,32.7125,0.2395
738,4222,65.56,12.86,114.53,160.63,0.8608,0.8608,5.1549,18.1933,0.0,0.5595
739,4164,240.9,0.95,290.06,157.05,0.8945,0.4472,5.3466,17.2579,0.0,0.2915
739,4212,0.0,0.0,54.38,260.02,0.5747,0.2873,2.5524,34.5785,33.9404,0.2521
739,4222,67.52,12.68,115.94,161.3,0.8838,0.8838,5.1058,17.9086,0.0,0.5749
740,4164,242.79,0.78,291.09,151.99,0.8052,0.4026,5.6944,17.4147,163.11,0.128
740,4212,0.0,0.0,53.54,260.32,0.6133,0.3066,2.55,34.6505,0.0,0.2865
740,4222,71.9,12.9,120.14,161.26,0.9023,0.9023,5.0836,17.1198,0.0,0.5882
741,4164,243.73,1.0,292.08,149.55,0.8789,0.4395,5.8788,17.5596,163.2786,0.1397
741,4212,0.0,0.13,49.35,235.05,0.7754,0.3877,3.0015,32.8964,150.397,0.2118
741,4222,76.4,13.08,124.97,161.5,0.8989,0.8989,5.0444,16.2676,0.0,0.5873
742,4164,244.58,0.99,294.67,153.63,0.9028,0.4514,5.5972,17.9443,18.817,0.2856
742,4212,0.0,0.4,50.59,224.77,0.3469,0.1734,3.2174,32.0875,151.6461,0.0902
742,4222,80.58,13.52,129.55,161.4,0.8838,0.8838,5.0275,15.4497,0.0,0.5786
743,4164,246.85,0.98,297.48,154.94,0.876,0.438,5.525,18.4406,0.0,0.2845
743,4212,0.0,0.12,47.04,218.83,0.4092,0.2046,3.3685,31.9293,153.0979,0.1024
743,4222,83.81,13.87,133.18,161.34,0.8838,0.8838,5.014,14.8068,0.0,0.5794
744,4164,248.97,0.98,299.41,154.05,0.771,0.3855,5.5983,18.7942,0.0,0.2501
744,4222,86.98,14.75,136.68,161.5,0.8789,0.8789,4.9892,14.19,0.0,0.5783
745,4164,251.49,1.17,301.3,152.68,0.4504,0.2252,5.7082,19.1734,154.7003,0.0709
745,4222,88.75,14.9,139.08,162.85,0.8843,0.8843,4.9044,13.8685,0.0,0.5922
745,4212,0.0,0.0,47.12,232.2,0.3577,0.1789,3.066,32.8304,29.2837,0.1482
746,4164,253.78,0.96,303.15,152.34,0.8584,0.4292,5.7468,19.5458,0.0,0.2779
746,4222,89.35,14.57,140.43,164.09,0.647,0.647,4.8327,13.7555,0.0,0.4396
746,4212,0.0,0.04,48.51,250.29,0.4341,0.217,2.7231,34.1147,32.1687,0.187
747,4164,254.87,1.07,304.62,155.09,0.8037,0.4018,5.5658,19.8272,19.3041,0.2524
747,4222,90.06,13.89,141.75,164.73,0.8755,0.8755,4.7943,13.6049,0.0,0.5995
748,4164,257.02,1.11,306.84,158.25,0.8076,0.4038,5.3762,20.2925,22.1294,0.2509
748,4222,90.5,13.17,141.72,163.01,0.8052,0.8052,4.886,13.4676,0.0,0.5417
749,4164,258.34,1.12,307.61,158.89,0.7739,0.387,5.3435,20.4959,0.0,0.2498
749,4222,93.5,12.43,145.0,164.47,0.8003,0.8003,4.7943,12.9697,35.6312,0.4987
749,4212,0.0,0.34,55.26,261.09,0.7217,0.3609,2.5341,34.6203,34.0223,0.3173
750,4164,260.43,0.94,307.3,152.46,0.877,0.4385,5.7772,20.5253,163.5962,0.1369
750,4222,95.77,11.7,146.9,164.64,0.8413,0.8413,4.7771,12.5946,0.0,0.5791
750,4212,0.0,0.47,55.86,262.92,0.3208,0.1604,2.5055,34.7434,0.0,0.1508
751,4164,261.76,0.87,307.05,148.45,0.877,0.4385,6.0815,20.5778,164.3773,0.1368
751,4222,97.28,11.14,147.82,164.69,0.8286,0.8286,4.7698,12.3733,0.0,0.5714
751,4212,0.0,0.51,54.44,270.38,0.6953,0.3477,2.403,35.4639,36.1511,0.2993
752,4164,262.76,0.85,307.66,148.11,0.877,0.4385,6.1145,20.7203,0.0,0.2829
752,4222,98.79,10.66,148.93,165.16,0.8423,0.8423,4.7402,12.1636,0.0,0.5844
752,4212,0.0,0.5,55.25,273.32,0.7754,0.3877,2.3615,35.6787,0.0,0.3563
753,4164,263.67,1.21,307.99,147.25,0.8252,0.4126,6.1883,20.8264,0.0,0.2661
753,4222,101.47,10.68,151.15,165.23,0.8628,0.8628,4.7277,11.7183,0.0,0.6005
753,4212,0.0,0.46,56.9,275.83,0.355,0.1775,2.3248,35.8157,0.0,0.1622
754,4164,264.16,1.35,309.17,151.17,0.834,0.417,5.8919,21.0106,16.7972,0.2628
754,4222,103.68,10.32,152.88,164.23,0.8555,0.8555,4.7733,11.2835,0.0,0.5907
754,4212,0.0,4.09,57.7,279.55,0.4834,0.2417,2.2756,36.1074,0.0,0.219
755,4164,264.6,1.4,310.2,154.76,0.8403,0.4202,5.6431,21.1955,17.4614,0.2642
755,4222,107.2,9.92,157.19,165.23,0.8882,0.8882,4.7079,10.643,0.0,0.6216
755,4212,0.97,1.77,60.87,285.77,0.54,0.27,2.191,36.4684,0.0,0.2413
756,4164,265.64,1.42,310.74,154.28,0.8735,0.4368,5.6818,21.3277,0.0,0.2812
756,4222,109.36,9.87,159.6,165.32,0.8882,0.8882,4.6962,10.2365,0.0,0.6234
756,4212,1.09,0.87,61.87,287.87,0.3276,0.1638,2.1641,36.608,0.0,0.1457
756,4229,0.0,0.25,38.58,269.63,0.5439,0.272,2.4515,36.2361,0.0,0.2527
757,4164,266.87,1.98,311.51,154.73,0.8931,0.4466,5.6585,21.513,0.0,0.2873
757,4222,112.51,9.77,164.21,167.66,0.896,0.896,4.567,9.7628,33.467,0.5952
757,4212,1.18,0.49,62.48,288.0,0.79,0.395,2.1611,36.5866,0.0,0.3512
758,4164,267.44,2.19,312.35,157.58,0.8794,0.4397,5.4752,21.6936,18.1822,0.2754
758,4222,114.68,10.29,167.22,168.91,0.8628,0.8628,4.4995,9.4479,0.0,0.6289
758,4212,1.44,0.32,63.14,288.0,0.8574,0.4287,2.1591,36.5429,0.0,0.3811
759,4164,267.96,2.54,313.12,160.67,0.8882,0.4441,5.2881,21.8816,18.59,0.2777
759,4222,118.06,10.87,171.54,169.73,0.8721,0.8721,4.4513,8.9027,0.0,0.6417
759,4212,0.0,0.24,57.84,277.75,0.625,0.3125,2.298,35.9391,143.2956,0.1801
760,4164,269.31,2.86,314.21,161.64,0.8745,0.4373,5.2391,22.1211,0.0,0.2808
760,4222,120.68,10.82,175.6,173.35,0.7871,0.7871,4.2792,8.8459,27.5654,0.5675
760,4212,5.31,0.29,50.99,204.97,0.385,0.1925,3.7125,30.4504,155.1991,0.0884
761,4164,269.91,3.34,314.46,162.35,0.8584,0.4292,5.2006,22.2151,0.0,0.2755
761,4222,120.67,11.72,175.91,174.06,0.8525,0.8525,4.2479,8.9213,0.0,0.6504
761,4229,9.15,0.01,54.18,287.61,0.7104,0.3552,2.1663,36.5663,40.0159,0.2884
762,4164,270.81,3.61,315.01,162.04,0.8677,0.4339,5.2239,22.3325,0.0,0.2784
762,4222,121.62,11.88,177.07,174.75,0.8608,0.8608,4.2161,8.8663,0.0,0.6604
762,4229,9.64,0.0,55.97,288.0,0.5649,0.2824,2.1569,36.4939,0.0,0.2511
762,4212,10.95,0.0,52.35,172.3,0.4746,0.2373,4.943,28.4835,160.5419,0.0713
763,4164,271.04,3.99,316.74,168.83,0.8525,0.4263,4.8591,22.723,19.8228,0.2727
763,4222,120.84,11.57,175.33,174.34,0.8442,0.8442,4.2362,8.9899,0.0,0.6453
763,4229,11.12,0.0,59.13,288.0,0.7192,0.3596,2.147,36.2735,0.0,0.3194
763,4212,12.6,0.0,57.07,171.93,0.4167,0.2084,4.9356,27.9725,0.0,0.1326
764,4164,271.58,3.94,317.98,171.72,0.834,0.417,4.7212,22.9877,21.2866,0.273
764,4222,121.66,11.55,175.29,174.8,0.8721,0.8721,4.2156,8.9976,0.0,0.669
764,4229,12.85,0.0,61.54,280.27,0.7485,0.3743,2.2298,35.3426,0.0,0.3378
765,4164,272.39,3.82,319.62,174.71,0.8369,0.4184,4.5882,23.322,22.6772,0.2798
765,4222,124.33,11.08,178.09,176.05,0.8394,0.8394,4.1576,8.7984,0.0,0.6506
765,4229,14.24,0.0,66.19,285.8,0.8638,0.4319,2.151,35.5783,0.0,0.3849
766,4164,272.8,3.22,320.55,175.81,0.8525,0.4263,4.5426,23.4837,0.0,0.2984
766,4222,125.34,10.44,178.85,176.14,0.8228,0.8228,4.1523,8.6942,0.0,0.6384
766,4229,14.36,0.0,69.03,287.77,0.9014,0.4507,2.1222,35.6298,0.0,0.3999
767,4164,273.77,2.8,321.76,175.62,0.8184,0.4092,4.5583,23.6571,0.0,0.2854
767,4222,125.15,10.01,178.05,175.77,0.7939,0.7939,4.1687,8.7041,0.0,0.6142
767,4229,14.65,0.0,72.0,288.0,0.9194,0.4597,2.1129,35.4991,0.0,0.4075
768,4164,277.28,2.36,325.26,176.49,0.8574,0.4287,4.5426,24.2777,0.0,0.2993
768,4222,128.1,9.48,180.19,175.79,0.8423,0.8423,4.1636,8.3747,0.0,0.6525
768,4229,14.92,0.36,74.92,288.0,0.9136,0.4568,2.1064,35.3495,0.0,0.4048
769,4164,278.92,1.55,326.97,176.69,0.8657,0.4329,4.545,24.5626,0.0,0.3018
769,4222,130.18,9.19,181.72,176.89,0.8677,0.8677,4.1151,8.328,0.0,0.6778
769,4229,16.25,0.13,74.72,265.26,0.7627,0.3814,2.3907,33.0497,144.19,0.2281
770,4164,279.78,0.87,328.04,176.9,0.8804,0.4402,4.5422,24.7304,0.0,0.3069
770,4222,133.51,8.81,180.99,165.1,0.7007,0.7007,4.6556,6.3608,159.7748,0.2643
770,4229,13.7,0.23,77.69,280.35,0.9146,0.4573,2.1929,34.5121,38.0439,0.3794
771,4164,281.37,0.34,329.66,177.3,0.8989,0.4495,4.5354,25.0106,0.0,0.3134
771,4222,135.25,8.3,183.86,172.66,0.8394,0.8394,4.291,7.2085,22.3718,0.6157
771,4229,12.1,0.08,79.4,285.54,0.7871,0.3936,2.1312,35.0251,0.0,0.3504
772,4164,282.84,0.05,331.09,177.6,0.8862,0.4431,4.5321,25.2601,0.0,0.3089
772,4222,137.41,8.3,185.87,176.42,0.8486,0.8486,4.1272,7.624,24.9906,0.6355
772,4229,10.9,0.4,80.54,287.52,0.9146,0.4573,2.1086,35.2264,0.0,0.4055
773,4164,283.83,0.0,332.02,177.67,0.8843,0.4421,4.5357,25.4191,0.0,0.3079
773,4222,139.44,8.59,188.26,181.27,0.8618,0.8618,3.9323,8.3025,25.2555,0.6668
773,4229,9.97,0.33,81.56,288.0,0.915,0.4575,2.103,35.2704,0.0,0.4053
774,4164,284.46,0.0,332.68,177.84,0.8711,0.4355,4.5327,25.531,0.0,0.3033
774,4222,141.52,8.89,190.5,183.92,0.8608,0.8608,3.8319,8.6412,29.5183,0.6674
774,4229,11.43,0.12,84.2,288.0,0.8125,0.4062,2.0948,35.0789,0.0,0.3597
775,4164,285.39,0.0,333.53,177.32,0.8369,0.4184,4.562,25.6533,0.0,0.2897
775,4222,146.31,9.29,194.76,184.91,0.7568,0.7568,3.7931,8.5789,0.0,0.6235
775,4229,8.98,0.04,83.25,288.0,0.8384,0.4192,2.1016,35.2376,0.0,0.3713
776,4164,287.03,0.01,333.96,171.54,0.8027,0.4013,4.8412,25.6015,160.6386,0.1291
776,4222,150.22,9.35,198.79,186.35,0.7754,0.7754,3.7406,8.7226,0.0,0.6441
776,4229,9.33,0.01,84.29,288.0,0.7871,0.3936,2.0988,35.1727,0.0,0.3485
777,4164,287.35,0.05,335.54,175.21,0.8628,0.4314,4.6721,25.8904,21.2276,0.2823
777,4222,151.78,9.75,200.12,186.48,0.8477,0.8477,3.7357,8.7161,0.0,0.7048
777,4229,7.25,0.0,83.36,288.0,0.8135,0.4068,2.1049,35.3134,0.0,0.3604
778,4164,287.94,0.07,336.32,174.8,0.8403,0.4202,4.6962,25.9858,0.0,0.283
778,4222,152.76,9.62,200.61,186.12,0.8145,0.8145,3.7481,8.6311,0.0,0.6759
778,4229,6.67,0.0,83.79,288.0,0.8657,0.4329,2.1052,35.3204,0.0,0.3835
779,4164,288.41,0.08,337.4,176.02,0.8789,0.4395,4.6454,26.1578,0.0,0.2987
779,4222,152.71,9.85,200.13,186.22,0.7202,0.7202,3.7447,8.6555,0.0,0.5979
779,4229,7.7,0.0,85.82,288.0,0.8608,0.4304,2.099,35.1773,0.0,0.3812
780,4164,289.1,0.09,338.7,177.02,0.8403,0.4202,4.6072,26.357,0.0,0.2875
780,4222,154.87,9.29,201.51,185.2,0.7319,0.7319,3.7803,8.4277,0.0,0.6043
781,4164,289.45,0.28,339.76,179.05,0.8726,0.4363,4.5225,26.5521,0.0,0.3033
781,4222,156.76,8.43,203.05,184.97,0.709,0.709,3.7884,8.3733,0.0,0.5847
781,4229,7.68,0.06,86.92,288.0,0.459,0.2295,2.0969,35.1269,0.0,0.2032
782,4164,289.01,0.08,341.41,185.62,0.8691,0.4345,4.2565,26.9423,22.223,0.3063
782,4222,157.97,8.11,203.56,182.54,0.7974,0.7974,3.8769,7.8847,0.0,0.6485
782,4229,7.75,0.1,87.64,288.0,0.7612,0.3806,2.0953,35.0901,0.0,0.337
783,4164,294.47,0.1,339.27,151.95,0.5283,0.2641,6.0911,26.2229,164.3571,0.079
783,4229,8.93,0.48,89.05,288.0,0.7925,0.3962,2.0902,34.9695,0.0,0.3508
784,4164,290.68,0.11,344.2,181.89,0.8413,0.4207,4.422,27.1214,21.2368,0.2879
784,4229,17.51,0.43,87.44,241.38,0.5342,0.2671,2.7382,29.9616,147.6159,0.1577
784,4222,161.1,7.68,207.09,185.12,0.709,0.709,3.7836,8.4445,36.6545,0.5384
785,4164,290.64,0.2,346.13,189.11,0.877,0.4385,4.1459,27.6059,22.9392,0.3141
785,4229,15.9,0.19,95.37,273.06,0.7695,0.3847,2.2434,32.7779,37.1799,0.3251
785,4222,164.61,8.1,210.14,184.99,0.7778,0.7778,3.7893,8.5099,0.0,0.6412
786,4164,291.35,0.15,347.55,191.93,0.8394,0.4197,4.0513,27.913,0.0,0.3166
786,4229,17.94,0.12,101.09,282.62,0.8101,0.4051,2.1112,33.4184,39.5586,0.3308
786,4222,166.47,8.34,211.69,184.65,0.7974,0.7974,3.8022,8.5106,0.0,0.656
787,4164,293.15,0.04,347.96,186.48,0.791,0.3955,4.2601,27.8128,158.2248,0.1556
787,4229,21.43,0.09,106.62,286.45,0.7026,0.3513,2.0508,33.4224,0.0,0.3109
787,4222,171.99,9.22,207.68,141.85,0.5747,0.5747,6.1964,2.0714,164.6578,0.1914
788,4164,293.26,0.09,350.1,193.97,0.7871,0.3936,3.9952,28.3575,23.8264,0.2882
788,4229,25.1,0.07,111.89,287.89,0.8506,0.4253,2.019,33.1847,0.0,0.3749
788,4222,169.08,10.04,212.74,172.84,0.46,0.46,4.2736,6.3214,21.7134,0.3394
789,4164,294.12,0.02,351.86,197.34,0.8813,0.4406,3.8911,28.7357,26.2607,0.3257
789,4229,27.69,0.06,115.85,288.0,0.8755,0.4377,2.0065,32.91,0.0,0.3855
789,4222,169.46,9.92,215.41,181.49,0.8145,0.8145,3.9208,8.0766,23.82,0.6344
790,4164,294.9,0.09,353.85,201.86,0.8979,0.449,3.7574,29.1962,26.3051,0.3392
790,4229,29.87,0.05,119.61,288.0,0.9038,0.4519,1.9965,32.6526,0.0,0.3978
790,4222,170.19,11.22,216.84,184.51,0.8433,0.8433,3.8102,8.7226,25.5027,0.6653
791,4164,296.03,0.2,355.9,204.8,0.8789,0.4395,3.6795,29.5999,0.0,0.3512
791,4229,33.83,0.04,125.13,288.0,0.8726,0.4363,1.9811,32.2487,0.0,0.3837
791,4222,172.18,11.72,219.59,184.99,0.7598,0.7598,3.795,8.9749,0.0,0.6255
792,4164,297.28,0.16,358.0,206.4,0.9038,0.4519,3.6437,29.9355,0.0,0.3629
792,4229,37.11,0.04,129.98,288.0,0.8721,0.436,1.9683,31.9096,0.0,0.3832
792,4222,172.47,12.92,220.62,185.84,0.8496,0.8496,3.7654,9.182,0.0,0.7026
793,4164,298.13,0.14,359.09,207.19,0.8477,0.4239,3.6272,30.1209,0.0,0.3411
793,4229,40.25,0.03,135.17,288.0,0.8892,0.4446,1.9557,31.5697,0.0,0.3904
793,4222,174.75,13.91,224.27,186.02,0.8677,0.8677,3.7621,9.4498,0.0,0.7178
794,4164,299.46,0.23,359.52,203.65,0.7808,0.3904,3.7363,30.0384,155.4776,0.1784
794,4229,43.69,0.03,141.16,288.0,0.8965,0.4482,1.9421,31.1951,0.0,0.3933
794,4222,174.01,14.92,223.99,186.21,0.7925,0.7925,3.7549,9.442,0.0,0.6563
795,4164,302.33,0.17,359.08,190.88,0.7925,0.3962,4.1669,29.5543,157.7737,0.1589
795,4229,50.02,0.03,149.89,288.0,0.8701,0.435,1.9215,30.6212,0.0,0.3813
795,4222,175.68,15.84,225.7,183.27,0.7349,0.7349,3.8624,9.0605,153.3628,0.3534
796,4164,300.33,0.24,360.0,203.72,0.7847,0.3923,3.7386,30.1391,24.5711,0.298
796,4229,56.21,0.02,159.37,288.0,0.8433,0.4217,1.9019,30.0599,0.0,0.3691
796,4222,176.31,16.35,227.72,184.53,0.835,0.835,3.8181,9.4087,0.0,0.6845
797,4164,300.66,0.18,360.0,206.33,0.8203,0.4102,3.6629,30.3135,0.0,0.3279
797,4229,59.37,0.02,166.21,287.98,0.8882,0.4441,1.8905,29.7201,0.0,0.3885
797,4222,177.36,17.27,229.6,185.72,0.7104,0.7104,3.7776,9.759,0.0,0.586
798,4164,301.3,0.15,360.0,207.19,0.7939,0.397,3.6402,30.4095,0.0,0.3184
798,4229,64.46,0.02,175.07,288.0,0.8667,0.4334,1.8755,29.2829,0.0,0.3788
798,4222,178.7,17.68,231.67,185.39,0.2966,0.2966,3.7916,9.8743,0.0,0.2441
799,4164,303.57,0.05,359.07,189.21,0.646,0.323,4.2331,29.57,158.0047,0.1267
799,4229,67.43,0.02,182.07,288.0,0.8384,0.4192,1.8658,28.9916,0.0,0.3662
799,4222,180.9,17.54,234.19,182.44,0.4746,0.4746,3.9028,9.6424,151.4516,0.2254
800,4164,307.42,0.1,355.7,160.4,0.4805,0.2402,5.6431,28.7088,163.1023,0.0702
800,4229,74.05,0.01,191.48,288.0,0.8901,0.4451,1.8519,28.5668,0.0,0.3885
800,4222,180.93,16.8,234.68,181.86,0.222,0.222,3.925,9.579,0.0,0.1788
801,4164,304.23,0.13,357.34,176.95,0.7871,0.3936,4.739,29.0085,19.8198,0.2518
801,4229,76.33,0.01,196.78,288.0,0.8516,0.4258,1.846,28.3857,0.0,0.3716
801,4222,184.97,16.32,236.88,174.08,0.2673,0.2673,4.2455,8.8103,156.9337,0.1149
802,4164,306.35,0.23,356.63,164.82,0.7139,0.3569,5.3734,28.783,162.3832,0.1043
802,4229,78.79,0.01,201.3,288.0,0.4922,0.2461,1.8411,28.2309,0.0,0.2147
802,4222,193.77,14.98,242.06,164.57,0.3877,0.3877,4.714,8.8091,156.5639,0.1425
803,4164,301.96,0.07,359.57,190.73,0.8433,0.4217,4.1728,29.5563,22.3002,0.2988
803,4229,81.48,0.01,206.06,288.0,0.6577,0.3288,1.8362,28.0784,0.0,0.2868
803,4222,193.47,14.09,242.34,165.81,0.5312,0.5312,4.65,8.929,0.0,0.3768
804,4164,300.58,0.11,360.0,200.05,0.7988,0.3994,3.8525,29.9535,23.9093,0.2982
804,4229,82.38,0.01,208.17,288.0,0.8867,0.4434,1.8344,28.0207,0.0,0.3867
804,4222,196.21,12.56,244.75,165.07,0.7695,0.7695,4.6947,9.3109,0.0,0.5409
805,4164,299.38,0.04,360.0,202.81,0.7925,0.3962,3.763,30.0194,0.0,0.3118
805,4229,83.31,0.01,209.72,287.92,0.8789,0.4395,1.8337,27.9623,0.0,0.3833
805,4222,203.0,12.5,243.67,140.77,0.5908,0.5908,6.3689,8.8734,165.0177,0.1946
806,4164,303.37,0.1,358.25,182.09,0.7129,0.3564,4.5125,29.1975,159.2778,0.1269
806,4229,84.89,0.01,212.28,287.84,0.8804,0.4402,1.8323,27.8766,0.0,0.384
806,4222,204.68,12.35,249.41,155.01,0.79,0.79,5.2953,9.8475,18.5732,0.5091
807,4164,297.68,0.22,357.9,200.62,0.8423,0.4212,3.818,29.6222,24.0018,0.3167
807,4229,85.98,0.01,214.13,287.8,0.8535,0.4268,1.8311,27.821,0.0,0.3722
807,4222,206.37,13.86,251.47,159.24,0.2394,0.2394,5.042,10.4305,20.6528,0.1532
808,4164,293.55,0.26,356.4,207.26,0.8677,0.4339,3.6024,29.6084,25.7772,0.3368
808,4229,86.69,0.0,215.51,287.97,0.8628,0.4314,1.8283,27.8141,0.0,0.3762
808,4222,208.53,12.05,255.54,164.89,0.5,0.5,4.7396,11.3896,22.8692,0.3343
809,4164,291.52,0.19,356.19,210.73,0.8555,0.4278,3.4997,29.671,26.1226,0.3375
809,4229,89.19,0.0,218.05,287.47,0.8433,0.4217,1.8311,27.6582,0.0,0.368
809,4222,210.34,12.01,256.13,163.18,0.7686,0.7686,4.8349,11.4911,0.0,0.5242
810,4164,289.42,0.16,355.89,215.08,0.8711,0.4355,3.3789,29.7958,26.8246,0.3497
810,4229,91.03,0.0,219.91,287.84,0.7886,0.3943,1.8256,27.6649,0.0,0.3438
810,4222,218.32,11.77,252.0,116.16,0.5371,0.5371,9.7506,12.5157,170.1091,0.1748
811,4164,288.56,0.15,354.85,211.95,0.8286,0.4143,3.4543,29.4492,0.0,0.3437
811,4229,113.01,0.0,237.6,287.97,0.6982,0.3491,1.8143,27.3621,88.7858,0.1903
812,4164,289.31,0.23,355.61,209.67,0.4072,0.2036,3.52,29.4044,0.0,0.1672
812,4229,108.22,0.0,232.54,288.0,0.7847,0.3923,1.8152,27.4066,0.0,0.3418
813,4164,289.37,0.27,355.8,207.42,0.4658,0.2329,3.5831,29.277,0.0,0.1894
813,4229,125.46,0.37,245.05,288.0,0.7163,0.3582,1.8141,27.3701,90.9607,0.1926
814,4164,286.23,0.28,354.62,209.84,0.7334,0.3667,3.5031,29.1266,0.0,0.3022
814,4229,125.77,0.14,244.33,288.0,0.7217,0.3609,1.814,27.3689,0.0,0.3144
815,4164,282.62,0.56,352.85,212.27,0.8657,0.4329,3.4225,28.9113,0.0,0.3616
815,4229,142.55,8.0,255.82,288.0,0.6768,0.3384,1.8199,27.5607,93.5032,0.1821
815,4222,223.23,13.97,267.39,151.75,0.5449,0.5449,5.5899,13.2942,17.8579,0.3496
816,4164,280.65,0.39,352.9,213.79,0.8477,0.4239,3.3777,28.8837,0.0,0.3567
816,4229,150.9,2.94,264.56,288.0,0.8169,0.4084,1.8269,27.7825,0.0,0.3561
816,4222,225.9,14.41,270.08,154.11,0.5498,0.5498,5.442,13.8717,26.8917,0.3414
817,4164,279.34,0.69,352.71,214.13,0.8789,0.4395,3.3647,28.8028,0.0,0.3707
817,4229,152.87,1.07,263.75,288.0,0.8584,0.4292,1.8274,27.8003,0.0,0.3742
817,4222,228.31,14.54,272.02,155.44,0.5527,0.5527,5.3656,14.3275,0.0,0.3627
818,4164,282.61,0.44,355.31,211.79,0.7583,0.3791,3.4423,29.0511,0.0,0.3156
818,4229,162.87,0.36,273.39,288.0,0.6611,0.3306,1.8386,28.1545,0.0,0.2884
818,4222,229.63,14.71,274.97,163.7,0.3049,0.3049,4.8864,15.0679,20.1238,0.1982
819,4164,281.45,0.43,355.42,212.98,0.8359,0.4179,3.4081,29.0598,0.0,0.3498
819,4229,171.78,8.81,277.63,288.0,0.811,0.4055,1.8479,28.4445,0.0,0.3539
820,4164,278.68,0.15,353.75,214.22,0.7627,0.3814,3.3635,28.836,0.0,0.3217
820,4229,173.32,3.81,279.79,287.46,0.8535,0.4268,1.8564,28.4516,0.0,0.3729
820,4222,234.3,14.43,277.91,161.33,0.5498,0.5498,5.0374,15.6645,151.1666,0.1765
821,4164,276.53,0.23,352.31,214.65,0.7153,0.3577,3.3424,28.6154,0.0,0.3029
821,4229,177.27,5.99,281.91,287.8,0.8442,0.4221,1.8578,28.6558,0.0,0.3687
822,4164,276.43,0.26,351.93,213.48,0.8169,0.4084,3.3708,28.4957,0.0,0.3445
822,4229,180.75,10.92,282.51,287.94,0.8779,0.439,1.8599,28.7839,0.0,0.3834
823,4164,275.72,0.27,351.03,213.37,0.8262,0.4131,3.3691,28.3739,0.0,0.3487
823,4229,185.5,4.32,288.6,287.99,0.8101,0.4051,1.8693,29.093,0.0,0.354
824,4164,276.61,0.18,351.06,213.39,0.8467,0.4234,3.3712,28.4404,0.0,0.3571
824,4229,191.12,9.63,291.91,288.0,0.8867,0.4434,1.8781,29.3609,0.0,0.3876
825,4164,277.04,0.06,351.13,215.69,0.7964,0.3982,3.3145,28.6457,0.0,0.3387
825,4229,194.85,5.87,296.93,288.0,0.8486,0.4243,1.8874,29.6368,0.0,0.3711
826,4164,278.48,0.75,349.82,211.73,0.4727,0.2364,3.416,28.3646,153.3844,0.1192
826,4229,198.65,2.05,302.76,288.0,0.8477,0.4239,1.8983,29.9567,0.0,0.371
827,4164,277.16,0.36,349.0,217.93,0.3657,0.1829,3.2542,28.6758,27.5891,0.1501
827,4229,200.51,0.6,305.87,288.0,0.7769,0.3885,1.9042,30.128,0.0,0.3401
828,4164,277.06,0.31,346.86,216.26,0.3486,0.1743,3.2887,28.3918,0.0,0.149
828,4229,202.03,0.06,308.28,288.0,0.8086,0.4043,1.909,30.2663,0.0,0.3541
829,4229,208.78,0.0,318.43,288.0,0.8145,0.4073,1.931,30.8886,0.0,0.3571
830,4229,212.19,0.0,324.06,288.0,0.7754,0.3877,1.9436,31.2382,0.0,0.3402
831,4229,212.22,0.0,325.98,288.0,0.8184,0.4092,1.9464,31.315,0.0,0.3591
832,4229,214.68,0.0,330.95,288.0,0.687,0.3435,1.9573,31.6121,0.0,0.3017
833,4229,222.34,23.41,333.58,288.0,0.2886,0.1443,1.973,32.0344,0.0,0.1268
834,4229,223.21,8.14,343.4,287.81,0.4036,0.2018,1.9922,32.4624,0.0,0.1776
836,4229,226.48,1.89,351.39,287.98,0.5059,0.253,2.0091,32.9692,0.0,0.2228
837,4252,239.45,16.99,271.97,48.8,0.5312,0.5312,10.0,90.0,0.0,0.0
837,4229,230.46,0.42,356.3,288.0,0.7627,0.3814,2.0243,33.3632,0.0,0.3362
838,-1,238.78,16.7,271.69,141.61,0.6406,0.6406,6.4526,15.1326,0.0,0.4197
838,-1,263.81,0.14,304.88,144.0,0.2878,0.1439,6.45,20.5499,0.0,0.0929
839,4229,240.15,0.0,360.0,287.74,0.7393,0.3696,2.0513,33.9361,0.0,0.3265
840,4256,218.16,0.96,302.77,230.4,0.4407,0.2203,2.752,22.9853,0.0,0.2071
840,4229,246.07,0.64,360.0,287.82,0.6807,0.3403,2.0615,34.2146,0.0,0.3008
841,4256,216.16,7.69,297.91,228.93,0.2274,0.2274,2.7695,22.3889,0.0,0.2135
841,4229,252.32,2.22,360.0,287.85,0.2114,0.1057,2.073,34.5048,0.0,0.0935
842,4256,213.77,2.65,296.99,227.67,0.6768,0.3384,2.7892,22.0282,0.0,0.3171
843,4256,212.89,1.24,297.04,228.18,0.7305,0.3653,2.7777,22.0464,0.0,0.3428
843,4229,263.82,0.47,360.0,287.89,0.6968,0.3484,2.095,35.0421,0.0,0.3085
844,4256,212.88,0.39,297.97,229.11,0.8027,0.4013,2.7608,22.2232,0.0,0.3775
844,4229,268.41,0.07,360.0,287.95,0.5737,0.2868,2.1035,35.2625,0.0,0.2541
844,4252,232.63,16.39,264.79,48.55,0.4456,0.4456,10.0,90.0,0.0,0.0
845,4256,211.97,0.42,297.53,229.55,0.876,0.438,2.75,22.2028,0.0,0.4126
845,4229,271.18,0.0,360.0,287.97,0.7559,0.378,2.1088,35.3943,0.0,0.335
845,4261,236.86,16.22,252.4,34.48,0.4243,0.4243,10.0,90.0,0.0,0.0
846,4256,211.52,0.65,297.19,229.61,0.8608,0.4304,2.7476,22.165,0.0,0.4056
846,4229,274.62,0.25,360.0,287.98,0.8721,0.436,2.1157,35.5568,0.0,0.3866
846,4261,235.5,16.17,250.8,34.12,0.4514,0.4514,10.0,90.0,0.0,0.0
847,4256,209.72,0.09,295.31,229.15,0.7393,0.3696,2.7509,21.891,0.0,0.3484
847,4229,278.18,0.02,360.0,287.79,0.7305,0.3653,2.1252,35.7058,0.0,0.3241
848,4256,214.32,0.47,297.82,227.08,0.4045,0.2023,2.8033,22.033,0.0,0.1891
848,4229,282.87,8.11,360.0,287.91,0.4551,0.2276,2.1335,35.939,0.0,0.202
849,-1,302.06,21.09,359.44,288.0,0.272,0.136,2.1723,36.8324,0.0,0.121
850,4256,206.97,0.19,290.0,228.53,0.7769,0.3885,2.751,21.3481,0.0,0.3666
851,4256,202.77,0.0,284.45,229.37,0.8027,0.4013,2.7209,20.9311,0.0,0.3807
852,4256,199.98,0.0,280.1,229.1,0.6001,0.3,2.7167,20.5143,0.0,0.285
852,4252,217.49,16.77,247.8,48.98,0.5332,0.5332,10.0,90.0,0.0,0.0
852,4229,295.11,30.39,360.0,287.85,0.4854,0.2427,2.1602,36.5142,0.0,0.2158
853,4256,199.2,0.0,277.59,229.28,0.7822,0.3911,2.7091,20.3713,0.0,0.372
853,4252,217.07,16.8,245.58,48.86,0.4243,0.4243,10.0,90.0,0.0,0.0
854,4256,198.74,0.07,275.09,229.07,0.4961,0.248,2.7095,20.1896,0.0,0.236
854,4229,295.55,9.26,360.0,288.0,0.3711,0.1855,2.1594,36.5491,0.0,0.165
855,4256,198.33,1.08,272.29,228.52,0.6792,0.3396,2.7163,19.9454,0.0,0.323
856,4256,193.68,0.73,266.53,227.84,0.2012,0.1006,2.7177,19.336,0.0,0.0958
857,4264,218.59,0.22,258.41,124.0,0.3711,0.1855,8.4066,12.5229,0.0,0.1222
858,4256,189.32,0.34,261.46,228.43,0.6851,0.3426,2.6964,19.0029,0.0,0.3274
859,4264,214.11,0.21,252.09,118.13,0.3767,0.1883,9.3564,11.9808,165.6499,0.0614
860,4256,180.38,0.47,251.97,227.71,0.8237,0.4118,2.694,18.14,0.0,0.3944
861,4256,176.68,0.14,248.34,227.35,0.2605,0.1303,2.6955,17.8185,0.0,0.1248
862,4256,172.14,0.4,244.61,227.42,0.6934,0.3467,2.6886,17.5659,0.0,0.3326
863,4256,167.75,0.12,241.83,228.01,0.8271,0.4135,2.6729,17.4681,0.0,0.3977
864,4256,168.39,0.39,242.79,227.3,0.585,0.2925,2.6876,17.3839,0.0,0.2807
865,4256,166.33,0.13,241.98,227.78,0.9023,0.4511,2.6767,17.3934,0.0,0.4336
866,4256,166.69,0.03,242.96,227.23,0.9038,0.4519,2.6881,17.3298,0.0,0.4337
867,4256,167.76,0.36,244.06,227.2,0.9004,0.4502,2.6899,17.3837,0.0,0.4319
868,4256,168.02,0.58,244.79,227.85,0.834,0.417,2.6778,17.5276,0.0,0.4007
869,4256,167.75,0.2,244.81,228.93,0.8755,0.4377,2.6569,17.7134,0.0,0.4217
870,4256,164.18,0.24,241.35,228.41,0.8628,0.4314,2.6631,17.4371,0.0,0.4154
871,4256,162.54,0.35,237.47,220.59,0.8193,0.4097,2.8186,15.8754,147.0485,0.2505
871,4264,199.58,15.68,235.97,131.69,0.749,0.749,7.2826,8.1234,18.669,0.4837
872,4256,161.05,0.3,233.62,213.47,0.8691,0.4345,2.9746,14.4257,148.2925,0.2576
872,4264,197.49,16.12,234.0,133.32,0.8291,0.8291,7.0897,7.6338,20.1347,0.5334
873,4256,158.33,0.57,230.35,214.67,0.7725,0.3862,2.9446,14.5242,0.0,0.3592
873,4264,196.81,16.26,232.58,133.39,0.728,0.728,7.0784,7.4264,0.0,0.4833
874,4256,158.04,0.48,228.01,210.09,0.8306,0.4153,3.052,13.6044,149.7398,0.2424
874,4264,194.15,16.58,229.71,133.47,0.4377,0.4377,7.0608,6.8874,0.0,0.2907
875,4256,154.92,0.44,222.22,205.22,0.8184,0.4092,3.1725,12.5215,143.3934,0.2329
875,4264,192.61,17.15,228.16,134.3,0.7139,0.7139,6.9656,6.5371,26.0537,0.4502
876,4256,152.11,0.52,216.97,202.35,0.8184,0.4092,3.2477,11.8744,0.0,0.3655
876,4264,191.78,17.04,227.57,135.42,0.3469,0.3469,6.8448,6.3327,16.0933,0.226
877,4256,147.62,0.46,210.74,201.0,0.7754,0.3877,3.2842,11.5743,0.0,0.3445
877,4264,190.81,17.15,226.81,135.9,0.7056,0.7056,6.7927,6.1367,0.0,0.4691
878,4256,144.38,0.15,207.59,205.67,0.7808,0.3904,3.1594,12.5182,33.4072,0.3315
878,4264,190.59,17.36,225.94,134.01,0.7402,0.7402,6.9911,6.1472,165.687,0.2453
879,4256,143.31,0.23,203.86,200.1,0.6318,0.3159,3.3104,11.4675,150.7937,0.1744
880,4256,140.56,0.26,200.18,199.45,0.8296,0.4148,3.3301,11.4308,0.0,0.3661
880,4264,187.6,16.45,224.08,136.45,0.4243,0.4243,6.7291,5.5242,19.1421,0.2744
881,4256,139.51,0.17,198.26,198.99,0.7002,0.3501,3.344,11.3956,0.0,0.3084
881,4264,186.29,15.57,223.47,136.88,0.3311,0.3311,6.6836,5.3117,0.0,0.2203
882,4256,133.96,0.52,193.41,200.65,0.7583,0.3791,3.3008,11.9583,0.0,0.3359
883,4256,130.38,0.55,190.47,200.86,0.8838,0.4419,3.298,12.1911,0.0,0.3916
884,4256,128.71,0.38,189.04,199.76,0.9004,0.4502,3.3305,12.0913,0.0,0.397
885,4256,123.36,0.22,184.87,199.95,0.8794,0.4397,3.3309,12.4882,0.0,0.3875
886,4256,121.61,0.35,183.64,200.15,0.8726,0.4363,3.3273,12.6491,0.0,0.3846
886,4264,175.41,13.47,212.53,138.33,0.4514,0.4514,6.5225,3.1004,60.936,0.2233
887,4256,117.22,0.3,180.62,200.91,0.8945,0.4472,3.3116,13.1138,0.0,0.395
887,4264,173.34,13.35,209.84,139.43,0.4717,0.4717,6.4159,2.5628,31.6478,0.2909
888,4256,115.47,0.1,179.8,200.66,0.8936,0.4468,3.3206,13.1936,0.0,0.394
889,4256,114.64,0.12,179.34,198.91,0.8994,0.4497,3.3715,12.9624,0.0,0.3936
889,4264,171.25,13.61,206.58,138.87,0.3604,0.3604,6.466,2.1163,0.0,0.2402
890,4256,111.99,0.12,178.13,199.49,0.8892,0.4446,3.3582,13.2563,0.0,0.3898
891,4256,111.07,0.13,178.2,199.35,0.8965,0.4482,3.363,13.2777,0.0,0.3927
891,4264,168.74,14.52,203.39,140.53,0.7485,0.7485,6.3109,1.438,27.9128,0.4699
892,4256,112.49,0.41,179.07,196.06,0.917,0.4585,3.4575,12.6161,0.0,0.3963
892,4264,166.43,14.24,201.03,141.41,0.7612,0.7612,6.2314,0.9347,0.0,0.5074
893,4256,112.82,0.14,179.25,194.28,0.9209,0.4605,3.5113,12.2976,0.0,0.3948
893,4264,166.18,13.9,200.04,140.56,0.7671,0.7671,6.307,0.9545,0.0,0.5114
894,4256,111.36,0.51,177.84,194.96,0.9136,0.4568,3.493,12.567,0.0,0.3927
894,4264,164.59,13.61,198.32,140.59,0.8218,0.8218,6.304,0.7631,0.0,0.5478
895,4256,110.11,0.18,176.47,194.49,0.8931,0.4466,3.51,12.6407,0.0,0.3828
895,4264,161.59,13.86,195.73,140.97,0.835,0.835,6.2699,0.6819,0.0,0.5566
896,4256,107.5,0.71,173.36,193.7,0.8584,0.4292,3.5403,12.8568,0.0,0.3661
896,4264,158.64,14.1,193.17,140.73,0.7568,0.7568,6.292,1.0786,0.0,0.5045
897,4256,105.29,0.25,171.31,193.14,0.9126,0.4563,3.5625,13.0367,0.0,0.3877
897,4264,158.56,14.3,193.15,141.0,0.8584,0.8584,6.2679,1.0531,0.0,0.5722
898,4256,102.36,0.08,168.3,193.15,0.8574,0.4287,3.5691,13.4205,0.0,0.3637
898,4264,156.02,14.55,191.15,141.01,0.8804,0.8804,6.268,1.4566,0.0,0.5868
899,4256,98.85,0.58,163.94,192.52,0.7769,0.3885,3.599,13.8601,0.0,0.3278
899,4264,157.17,14.34,192.12,140.63,0.8296,0.8296,6.3015,1.3022,0.0,0.553
900,4256,94.39,0.3,158.5,191.85,0.8525,0.4263,3.6341,14.4677,0.0,0.3573
900,4264,156.94,14.14,191.6,139.32,0.7114,0.7114,6.4217,1.5225,164.6286,0.237
901,4256,91.71,0.38,154.56,191.71,0.79,0.395,3.6484,14.932,0.0,0.3301
901,4264,155.95,14.48,190.75,139.7,0.8193,0.8193,6.387,1.6297,0.0,0.5461
902,4256,89.72,0.32,151.55,192.24,0.9038,0.4519,3.639,15.3665,0.0,0.3779
902,4264,153.67,14.4,188.34,139.76,0.8286,0.8286,6.383,2.0461,0.0,0.5522
903,4256,88.75,0.11,149.34,191.25,0.8843,0.4421,3.6764,15.487,0.0,0.3674
903,4264,152.39,14.02,186.83,139.5,0.8413,0.8413,6.4083,2.3294,0.0,0.5606
904,4256,86.64,0.31,146.26,191.92,0.8647,0.4324,3.663,15.9578,0.0,0.3598
904,4264,151.32,13.78,185.47,139.68,0.8037,0.8037,6.3928,2.5473,0.0,0.5355
905,4256,85.04,0.1,143.76,192.1,0.8779,0.439,3.6642,16.2907,0.0,0.3649
905,4264,150.53,13.52,185.06,142.07,0.8638,0.8638,6.1795,2.5419,15.8824,0.5646
906,4256,84.13,0.4,141.83,192.18,0.8159,0.4079,3.6666,16.5173,0.0,0.3389
906,4264,149.79,13.29,184.52,143.61,0.8413,0.8413,6.0493,2.6434,17.012,0.5483
907,4256,83.05,0.42,139.79,192.03,0.8486,0.4243,3.677,16.7413,0.0,0.3517
907,4264,148.87,13.04,183.75,145.11,0.7925,0.7925,5.9275,2.825,18.3515,0.5146
908,4256,82.31,0.24,137.85,190.68,0.8135,0.4068,3.7266,16.8062,0.0,0.3344
908,4264,148.27,13.75,182.7,144.75,0.7612,0.7612,5.9575,2.9891,0.0,0.5071
909,4256,81.04,0.45,136.05,191.87,0.8838,0.4419,3.6929,17.171,0.0,0.365
909,4264,145.98,14.14,180.73,146.35,0.7319,0.7319,5.8332,3.4561,26.388,0.4621
910,4256,79.86,0.16,134.56,192.32,0.8735,0.4368,3.6832,17.4263,0.0,0.3612
910,4264,145.31,14.38,180.25,147.86,0.7949,0.7949,5.7185,3.6278,17.7564,0.5168
911,4256,79.02,0.23,133.43,192.5,0.8657,0.4329,3.6812,17.5987,0.0,0.3579
911,4264,144.86,14.96,179.43,146.66,0.7129,0.7129,5.8108,3.7107,0.0,0.4748
912,4256,78.38,0.36,132.54,192.01,0.791,0.3955,3.7002,17.6686,0.0,0.326
912,4264,144.68,14.96,179.04,145.8,0.6958,0.6958,5.8784,3.747,0.0,0.4634
913,4256,78.59,0.4,132.46,191.0,0.7129,0.3564,3.7333,17.5568,0.0,0.2923
913,4264,144.14,15.24,178.51,146.02,0.8506,0.8506,5.8619,3.8607,0.0,0.5664
914,4256,77.98,0.33,132.05,192.2,0.8525,0.4263,3.6957,17.7577,0.0,0.3515
914,4264,143.46,15.62,178.68,150.18,0.7393,0.7393,5.5516,4.0921,17.0775,0.4814
915,4256,76.78,0.39,130.65,192.48,0.8647,0.4324,3.6917,17.9901,0.0,0.3566
915,4264,143.04,15.39,178.42,151.35,0.8203,0.8203,5.4701,4.2376,0.0,0.5461
916,4256,76.04,1.06,129.12,189.98,0.7739,0.387,3.7795,17.9264,0.0,0.3147
916,4264,142.83,14.74,178.24,151.78,0.6782,0.6782,5.4408,4.3068,0.0,0.4515
917,4256,74.58,0.76,126.76,186.23,0.2379,0.119,3.9191,17.8939,155.0473,0.0549
917,4264,142.63,14.59,177.8,151.54,0.7007,0.7007,5.4578,4.35,0.0,0.4665
918,4256,73.17,0.64,126.29,188.41,0.6992,0.3496,3.8456,18.241,0.0,0.281
918,4264,142.55,13.41,177.89,151.98,0.686,0.686,5.4277,4.3819,0.0,0.4567
919,4256,71.95,0.32,124.21,184.22,0.8413,0.4207,4.0046,18.1527,156.1944,0.1891
919,4264,142.29,12.88,177.65,152.31,0.8555,0.8555,5.4056,4.4548,0.0,0.5695
920,4256,70.19,0.19,121.28,179.64,0.8442,0.4221,4.1945,18.1957,156.5346,0.179
920,4264,142.37,12.59,177.05,149.46,0.626,0.626,5.6053,4.317,163.0891,0.2081
921,4256,68.2,0.05,120.99,186.27,0.834,0.417,3.9448,18.899,23.9937,0.3172
921,4264,141.98,12.48,177.11,151.51,0.834,0.834,5.4609,4.4762,17.3749,0.5425
922,4256,66.21,0.56,117.62,183.53,0.7793,0.3896,4.0596,19.1299,152.3196,0.1716
922,4264,141.56,12.38,176.7,152.08,0.8423,0.8423,5.4226,4.5968,0.0,0.5606
922,4268,313.7,0.0,352.98,274.27,0.5264,0.2632,2.3534,35.8617,0.0,0.2414
923,4256,64.93,0.75,114.73,179.11,0.7886,0.3943,4.2454,19.1696,157.0756,0.1638
923,4264,141.3,11.86,176.64,152.74,0.7017,0.7017,5.3783,4.6775,0.0,0.467
923,4268,307.4,0.66,348.62,285.02,0.6226,0.3113,2.1952,36.296,38.6161,0.2558
924,4256,64.1,0.54,112.71,175.79,0.8013,0.4007,4.3941,19.2046,157.9976,0.1585
924,4264,141.03,12.2,176.18,152.42,0.834,0.834,5.4004,4.7221,0.0,0.5551
924,4268,303.74,0.23,342.23,257.79,0.8013,0.4007,2.5389,33.2854,144.7244,0.2431
925,4256,64.39,15.35,109.42,176.02,0.5806,0.5806,4.3921,19.4782,0.0,0.4231
925,4264,140.45,11.71,175.73,152.66,0.8306,0.8306,5.3851,4.838,0.0,0.5527
925,4268,303.12,0.49,341.62,249.16,0.7627,0.3814,2.6744,32.4519,146.9507,0.2255
926,4256,64.16,21.03,108.26,177.26,0.543,0.543,4.3422,19.6728,0.0,0.3991
926,4264,139.75,11.93,175.14,153.01,0.8193,0.8193,5.3628,4.9869,0.0,0.5452
926,4268,301.2,0.36,340.9,245.71,0.7456,0.3728,2.7269,31.9952,0.0,0.3426
927,4256,62.22,7.39,109.91,177.53,0.6909,0.6909,4.3314,19.7142,0.0,0.5087
927,4264,138.64,11.99,174.93,154.98,0.8086,0.8086,5.2356,5.2713,19.0461,0.5232
927,4268,297.97,0.52,339.43,243.11,0.6187,0.3094,2.7611,31.4852,0.0,0.2834
928,4256,61.64,2.72,109.65,174.7,0.7114,0.3557,4.4574,19.62,159.1037,0.1374
928,4264,137.66,12.11,174.84,157.74,0.7988,0.7988,5.0659,5.6298,18.9589,0.5168
928,4268,293.44,1.37,337.39,242.35,0.8076,0.4038,2.7585,31.0174,0.0,0.3706
929,4264,136.3,12.53,173.85,159.14,0.6968,0.6968,4.9853,5.9812,0.0,0.4646
929,4268,290.57,1.95,337.41,244.4,0.8135,0.4068,2.7153,31.0281,0.0,0.3757
930,4264,134.9,13.34,173.06,160.38,0.8413,0.8413,4.916,6.3034,0.0,0.5686
930,4268,291.46,2.05,339.66,240.77,0.7822,0.3911,2.7878,30.8955,0.0,0.3576
931,4264,132.69,13.55,171.52,161.01,0.7656,0.7656,4.884,6.6948,0.0,0.5205
931,4268,288.42,1.88,338.57,236.35,0.8564,0.4282,2.8604,30.2499,0.0,0.3882
931,4256,61.52,21.55,105.54,177.05,0.5815,0.5815,4.3658,20.1208,0.0,0.425
932,4264,131.42,14.19,170.86,161.68,0.8452,0.8452,4.8487,6.9328,0.0,0.5785
932,4268,288.48,2.0,339.47,231.07,0.8271,0.4135,2.9673,29.8578,150.1574,0.2316
932,4256,60.83,22.43,105.22,177.39,0.7188,0.7188,4.354,20.2274,0.0,0.5263
933,4264,129.34,14.34,169.67,163.93,0.6909,0.6909,4.7305,7.4565,24.477,0.4628
933,4268,285.26,1.84,335.89,224.33,0.8467,0.4234,3.0931,28.845,146.4121,0.2312
933,4256,58.21,9.74,106.17,177.3,0.7256,0.7256,4.3625,20.3652,0.0,0.5303
934,4264,128.43,14.39,169.95,167.24,0.7129,0.7129,4.5621,7.8937,20.5886,0.4995
934,4268,282.81,1.68,332.66,217.26,0.877,0.4385,3.2415,27.8801,149.1188,0.232
934,4256,56.57,3.57,105.3,172.99,0.7202,0.3601,4.5623,20.3465,159.2933,0.1336
935,4264,126.64,13.94,168.63,169.02,0.8228,0.8228,4.4788,8.3609,0.0,0.6028
935,4268,279.17,1.91,328.9,212.99,0.8867,0.4434,3.3276,27.0175,0.0,0.3783
935,4256,56.9,16.56,102.36,171.01,0.3235,0.3235,4.664,20.4769,157.9677,0.1155
936,4264,126.01,13.13,168.25,169.57,0.8369,0.8369,4.4537,8.5092,0.0,0.6158
936,4268,276.0,2.27,325.74,209.25,0.8135,0.4068,3.4081,26.2654,0.0,0.3435
936,4256,56.69,21.26,101.11,169.51,0.3381,0.3381,4.742,20.5361,0.0,0.2299
937,4264,125.3,12.26,167.77,170.0,0.8647,0.8647,4.4347,8.6568,0.0,0.6384
937,4268,272.91,2.59,322.99,206.85,0.8013,0.4007,3.4576,25.6484,0.0,0.3363
937,4256,53.9,7.4,102.97,171.4,0.6748,0.6748,4.6524,20.7033,0.0,0.4666
938,4264,124.29,11.75,167.06,170.59,0.8452,0.8452,4.4091,8.8662,0.0,0.6267
938,4268,267.93,2.8,320.69,213.71,0.8892,0.4446,3.2594,25.6884,28.8834,0.3665
938,4256,54.65,18.26,101.26,172.41,0.5303,0.5303,4.6072,20.8347,0.0,0.3698
939,4264,121.28,10.27,164.18,170.4,0.8467,0.8467,4.4246,9.3185,0.0,0.6257
939,4268,262.63,2.96,316.76,213.37,0.8921,0.4461,3.2453,24.9991,0.0,0.3878
939,4256,52.57,6.09,102.03,169.83,0.4941,0.4941,4.7359,20.8297,160.0926,0.1713
940,4264,119.87,9.8,162.57,170.2,0.8545,0.8545,4.4377,9.5444,0.0,0.6298
940,4268,257.16,3.2,312.86,212.81,0.8467,0.4234,3.237,24.2776,0.0,0.3693
940,4256,51.5,1.96,101.82,168.92,0.8525,0.4263,4.7854,20.9023,0.0,0.287
941,4264,118.65,9.35,161.34,170.09,0.8486,0.8486,4.4459,9.7365,0.0,0.6244
941,4268,251.68,3.38,309.26,211.75,0.9023,0.4511,3.2428,23.5261,0.0,0.394
941,4256,50.69,0.3,101.3,168.5,0.8711,0.4355,4.8109,21.0009,0.0,0.2917
942,4264,118.26,9.1,160.87,170.11,0.8691,0.8691,4.4461,9.8108,0.0,0.6394
942,4268,245.43,3.91,305.23,211.45,0.9062,0.4531,3.2277,22.7604,0.0,0.3974
942,4256,49.76,0.0,101.04,171.13,0.8252,0.4126,4.684,21.2176,20.8808,0.2741
943,4264,117.41,9.02,159.82,169.72,0.8628,0.8628,4.4669,9.9294,0.0,0.6322
943,4268,243.78,4.28,305.01,212.36,0.8804,0.4402,3.201,22.72,0.0,0.3877
943,4256,48.9,0.0,99.94,170.77,0.8452,0.4226,4.7076,21.3712,0.0,0.2885
944,4264,115.73,9.0,158.44,171.3,0.8638,0.8638,4.3974,10.3555,0.0,0.6406
944,4268,239.37,4.41,302.23,212.2,0.8936,0.4468,3.1899,22.1946,0.0,0.3947
944,4256,48.35,0.0,98.79,169.35,0.7695,0.3847,4.7834,21.458,0.0,0.2587
945,4264,114.09,9.09,157.53,174.56,0.8721,0.8721,4.2555,10.9252,23.6188,0.6384
945,4268,236.27,5.3,300.26,212.2,0.8994,0.8994,3.1796,21.8379,0.0,0.7964
945,4256,47.14,0.0,98.51,173.73,0.835,0.4175,4.5769,21.7808,21.0432,0.2827
946,4264,113.0,9.23,157.16,178.53,0.8535,0.8535,4.0916,11.5056,23.1017,0.6438
946,4268,235.06,5.71,299.27,210.76,0.8545,0.8545,3.2111,21.5268,0.0,0.7536
946,4256,46.27,0.0,97.95,175.47,0.8745,0.4373,4.502,21.9871,0.0,0.3099
947,4264,111.71,9.56,156.51,182.48,0.8525,0.8525,3.9403,12.1426,24.2349,0.6574
947,4268,235.55,6.41,299.14,209.52,0.8423,0.8423,3.2433,21.4189,0.0,0.7394
947,4256,46.09,0.0,97.06,173.56,0.8594,0.4297,4.5926,21.9865,0.0,0.2994
948,4264,111.09,10.16,155.81,183.78,0.8647,0.8647,3.8936,12.4066,0.0,0.6973
948,4268,231.69,7.04,295.86,210.98,0.8906,0.8906,3.1923,21.074,0.0,0.7885
948,4256,46.41,0.0,95.75,167.91,0.8101,0.4051,4.8731,21.8326,160.7633,0.1322
949,4264,110.67,11.03,154.61,182.11,0.8394,0.8394,3.9582,12.3197,0.0,0.6698
949,4268,232.21,6.88,295.28,207.74,0.8813,0.8813,3.2751,20.7117,0.0,0.7712
949,4256,46.09,0.0,95.21,167.54,0.8901,0.4451,4.8952,21.8931,0.0,0.2922
950,4264,110.34,11.74,154.32,183.9,0.877,0.877,3.8922,12.5896,0.0,0.7072
950,4268,231.2,6.43,294.82,209.85,0.8936,0.8936,3.2178,20.8402,0.0,0.7886
950,4256,46.37,0.0,94.38,163.5,0.9014,0.4507,5.1166,21.8028,161.6058,0.1395
951,4264,109.18,12.01,154.29,189.89,0.8677,0.8677,3.684,13.456,25.0195,0.6956
951,4268,230.13,5.89,293.44,210.66,0.8892,0.8892,3.1927,20.7598,0.0,0.7878
951,4256,46.48,0.0,94.22,162.38,0.8901,0.4451,5.1809,21.7733,0.0,0.2861
952,4264,108.29,11.74,153.5,191.38,0.8691,0.8691,3.6371,13.7744,0.0,0.729
952,4268,229.63,5.21,291.88,208.39,0.8701,0.8701,3.2466,20.358,0.0,0.7654
952,4256,46.62,0.0,94.1,161.44,0.896,0.448,5.2359,21.7447,0.0,0.288
953,4264,107.39,11.08,152.62,191.89,0.8682,0.8682,3.6229,13.9674,0.0,0.7297
953,4268,229.1,4.48,288.82,198.98,0.8921,0.4461,3.5002,19.0688,153.2599,0.2297
953,4256,47.28,0.0,94.72,161.31,0.9023,0.4511,5.239,21.6287,0.0,0.2902
954,4264,106.42,10.09,152.52,195.33,0.8755,0.8755,3.516,14.5083,26.3017,0.7174
954,4268,226.11,3.91,284.96,195.46,0.8975,0.4487,3.5937,18.1783,143.9291,0.2263
954,4256,47.83,0.0,95.43,161.48,0.8989,0.4495,5.2246,21.5228,0.0,0.2892
955,4264,105.65,9.35,151.85,194.95,0.8101,0.8101,3.5296,14.5543,0.0,0.6902
955,4268,223.65,3.24,282.05,193.49,0.9058,0.4529,3.6456,17.5577,0.0,0.3767
955,4256,48.28,0.0,95.75,161.02,0.8555,0.4278,5.2491,21.4421,0.0,0.2753
956,4264,105.12,8.97,151.7,195.92,0.7583,0.7583,3.5008,14.7328,0.0,0.6488
956,4268,220.78,1.58,278.96,192.46,0.8813,0.4406,3.6677,16.9872,0.0,0.3656
956,4256,49.13,0.0,96.53,160.69,0.7124,0.3562,5.2631,21.2892,0.0,0.2294
957,4264,103.97,8.29,150.62,195.78,0.8638,0.8638,3.5081,14.866,0.0,0.7381
957,4268,219.26,1.16,276.94,192.16,0.8916,0.4458,3.6711,16.6813,0.0,0.3699
957,4256,51.09,0.0,98.93,160.59,0.8027,0.4013,5.254,20.9006,0.0,0.2588
958,4264,103.42,7.57,150.01,194.57,0.8203,0.8203,3.547,14.7846,0.0,0.6967
958,4268,213.08,0.83,271.49,191.74,0.7739,0.387,3.6647,15.7452,0.0,0.322
958,4256,53.33,0.07,101.79,160.11,0.8525,0.4263,5.2654,20.4332,0.0,0.2752
959,4264,102.75,6.84,149.75,195.16,0.8477,0.8477,3.53,14.9276,0.0,0.7217
959,4268,207.82,0.72,267.52,192.02,0.9072,0.4536,3.6408,15.0888,0.0,0.3794
959,4256,54.13,0.0,103.22,160.42,0.8677,0.4339,5.2393,20.2428,0.0,0.2803
960,4264,100.99,6.39,148.26,196.27,0.8369,0.8369,3.5007,15.3003,0.0,0.7153
960,4268,205.4,0.51,266.14,192.37,0.9004,0.4502,3.6238,14.8542,0.0,0.3777
960,4256,54.67,0.03,104.16,160.37,0.8965,0.4482,5.2374,20.1088,0.0,0.2897
961,4264,98.08,5.96,146.21,198.13,0.7886,0.7886,3.4524,15.8887,0.0,0.6784
961,4268,203.69,0.72,265.13,192.27,0.8862,0.4431,3.623,14.6447,0.0,0.372
961,4256,54.78,0.24,104.47,160.75,0.7847,0.3923,5.2134,20.0824,0.0,0.2536
962,4264,96.48,6.54,145.8,202.75,0.8906,0.8906,3.3235,16.6349,28.0182,0.7456
962,4268,201.72,0.34,264.06,193.11,0.8931,0.4466,3.5917,14.5366,0.0,0.3768
962,4256,54.78,0.05,104.68,161.37,0.833,0.4165,5.1762,20.0825,0.0,0.2692
963,4264,95.0,7.14,145.39,207.32,0.8203,0.8203,3.2042,17.3756,28.8386,0.6969
963,4268,200.9,0.58,263.18,192.16,0.7925,0.3962,3.6198,14.2915,0.0,0.333
963,4256,55.61,0.35,105.19,161.52,0.8506,0.4253,5.163,19.9673,0.0,0.275
964,4264,91.53,7.92,142.9,209.39,0.834,0.834,3.1602,18.0395,0.0,0.7469
964,4268,201.51,1.25,263.25,191.65,0.7441,0.372,3.6372,14.2733,0.0,0.3118
964,4256,55.18,0.19,103.6,160.56,0.4561,0.2281,5.2262,20.1189,0.0,0.1474
965,4264,90.2,9.24,142.19,210.94,0.833,0.833,3.1246,18.3785,0.0,0.7495
965,4268,198.09,1.41,260.01,192.24,0.8315,0.4158,3.6091,13.8832,0.0,0.3502
965,4256,57.18,0.23,105.07,161.05,0.8359,0.4179,5.1859,19.8226,0.0,0.2704
966,4264,89.79,10.03,142.19,211.93,0.8535,0.8535,3.101,18.5377,0.0,0.7703
966,4268,197.53,2.12,258.96,192.11,0.8901,0.4451,3.6112,13.7544,0.0,0.3749
966,4256,57.94,0.15,104.86,161.43,0.8594,0.4297,5.1618,19.7851,0.0,0.278
967,4264,88.15,10.69,141.82,217.03,0.8701,0.8701,2.9841,19.3553,30.5807,0.7572
967,4268,195.14,3.24,256.64,192.18,0.8735,0.4368,3.603,13.444,0.0,0.3685
967,4256,59.27,0.12,105.15,161.58,0.8604,0.4302,5.1479,19.6445,0.0,0.2785
968,4264,87.01,10.39,142.26,223.12,0.8135,0.8135,2.852,20.2394,31.0139,0.7198
968,4268,194.73,3.47,255.99,192.33,0.8794,0.4397,3.5969,13.3944,0.0,0.3714
968,4256,60.77,0.12,105.55,161.27,0.8359,0.4179,5.1599,19.4636,0.0,0.2707
969,4268,193.1,4.01,254.01,192.21,0.8535,0.4268,3.5964,13.1387,0.0,0.3606
969,4256,63.19,0.11,106.98,160.87,0.7319,0.3659,5.1712,19.1031,0.0,0.2372
970,4268,192.43,3.93,253.67,192.56,0.8735,0.4368,3.584,13.1239,0.0,0.3698
970,4256,64.35,0.02,107.03,158.03,0.2108,0.1054,5.3395,18.9091,161.6117,0.0332
970,4264,79.11,9.22,137.07,231.39,0.8193,0.8193,2.7058,22.1263,41.6459,0.7077
971,4268,191.35,3.43,252.08,191.59,0.8604,0.4302,3.6121,12.8091,0.0,0.3628
971,4270,74.58,0.08,106.18,72.03,0.5469,0.2735,78.6514,22.4379,0.0,0.1754
971,4264,77.01,8.69,135.66,232.78,0.7861,0.7861,2.6848,22.5119,0.0,0.7468
972,4268,192.34,3.24,252.83,189.93,0.8584,0.4292,3.6685,12.6817,0.0,0.3588
972,4270,78.86,0.13,106.67,63.15,0.5117,0.2559,10.0,90.0,0.0,0.0
972,4264,75.86,7.37,134.84,233.34,0.8423,0.8423,2.6773,22.698,0.0,0.8006
973,4268,191.19,3.53,250.84,188.57,0.8794,0.4397,3.7106,12.2766,0.0,0.3654
973,4264,74.92,3.9,134.4,233.41,0.8628,0.4314,2.6782,22.785,0.0,0.4099
974,4268,190.68,2.99,249.72,187.43,0.8086,0.4043,3.7478,12.003,0.0,0.3341
974,4264,73.5,3.47,132.82,233.38,0.8184,0.4092,2.6834,22.951,0.0,0.3884
975,4268,190.55,2.59,248.6,185.54,0.7964,0.3982,3.8128,11.647,0.0,0.3258
975,4264,72.17,1.92,131.53,233.04,0.8062,0.4031,2.694,23.056,0.0,0.3819
976,4268,189.69,1.98,245.36,179.24,0.8052,0.4026,4.0451,10.4781,155.8552,0.1832
976,4264,71.01,1.23,130.39,232.77,0.896,0.448,2.7028,23.1536,0.0,0.4239
977,4268,188.84,3.64,242.52,175.59,0.8184,0.4092,4.1906,9.7153,155.0996,0.1786
977,4264,70.05,0.96,129.95,235.21,0.8647,0.4324,2.6597,23.5511,0.0,0.4111
978,4268,188.39,3.5,241.35,174.22,0.8574,0.4287,4.2475,9.4127,0.0,0.3269
978,4264,69.04,0.86,129.32,236.84,0.8867,0.4434,2.6327,23.856,0.0,0.4229
979,4268,185.49,2.5,238.28,175.09,0.8384,0.4192,4.2039,9.09,0.0,0.3222
979,4264,67.72,0.83,129.46,242.94,0.8892,0.4446,2.5286,24.7176,34.4017,0.4034
980,4268,185.09,2.41,237.14,175.66,0.8452,0.4226,4.1783,9.0612,0.0,0.3263
980,4264,66.69,1.91,130.01,251.62,0.8721,0.436,2.3903,25.8885,35.6246,0.3879
981,4268,181.99,2.75,231.75,167.7,0.7671,0.3836,4.532,7.3348,156.6329,0.1507
982,4268,178.24,2.6,228.62,169.7,0.8145,0.4073,4.4304,7.1218,35.9941,0.2755
982,4264,67.06,5.06,127.48,241.07,0.3452,0.3452,2.5646,24.6179,146.4593,0.2167
983,4268,175.63,3.01,226.8,173.45,0.8296,0.4148,4.2572,7.4294,24.5907,0.3039
983,4264,66.28,5.69,130.53,258.26,0.8862,0.8862,2.2923,26.7674,36.5724,0.7718
984,4268,173.85,2.89,225.21,174.52,0.8545,0.4273,4.2086,7.4168,0.0,0.3287
984,4264,66.79,6.21,133.72,269.83,0.8413,0.8413,2.1317,28.1559,38.6346,0.7054
985,4268,169.11,3.21,221.2,174.77,0.8745,0.4373,4.1932,7.025,0.0,0.3374
985,4264,67.75,5.73,135.67,273.62,0.8369,0.8369,2.0807,28.5476,0.0,0.7562
986,4268,164.84,2.96,218.05,174.89,0.7861,0.3931,4.1851,6.7496,0.0,0.3038
986,4264,72.5,5.22,136.23,251.26,0.6479,0.6479,2.3779,25.2449,143.8292,0.4008
987,4268,159.65,3.42,214.29,175.05,0.8779,0.439,4.1757,6.5222,0.0,0.3399
987,4264,79.02,3.32,142.88,239.53,0.8804,0.4402,2.5497,22.9515,140.6698,0.2789
988,4268,154.68,3.78,211.24,175.22,0.8979,0.449,4.1673,6.4282,0.0,0.3482
988,4264,76.3,1.66,143.03,246.12,0.6826,0.3413,2.4435,24.0122,35.9226,0.3072
989,4268,152.97,3.54,210.87,174.18,0.8545,0.4273,4.2115,6.2006,0.0,0.3289
989,4264,76.83,0.79,146.55,252.46,0.75,0.375,2.3398,24.7263,36.7413,0.3307
990,4268,150.81,4.2,210.65,175.29,0.8936,0.4468,4.1641,6.4157,0.0,0.3467
990,4264,74.94,0.35,149.94,271.7,0.811,0.4055,2.0768,27.4308,39.3265,0.3368
991,4268,150.12,4.62,211.33,175.35,0.8755,0.4377,4.1615,6.4278,0.0,0.3399
991,4264,74.42,0.18,151.37,279.86,0.8677,0.4339,1.9793,28.5636,0.0,0.3861
992,4268,149.34,5.34,212.11,176.03,0.8794,0.8794,4.133,6.566,0.0,0.686
992,4264,74.96,0.1,153.4,285.35,0.8828,0.4414,1.9155,29.2567,0.0,0.3882
993,4268,147.68,5.79,211.33,175.27,0.6069,0.6069,4.1649,6.4107,0.0,0.4709
993,4264,76.82,0.07,154.58,282.56,0.9062,0.4531,1.9427,28.7575,0.0,0.4008
994,4268,146.96,5.39,212.4,176.11,0.6748,0.6748,4.1297,6.5809,0.0,0.5267
994,4264,77.48,0.88,155.79,285.92,0.7832,0.3916,1.904,29.1783,0.0,0.3439
995,4268,149.43,5.23,215.19,175.5,0.7656,0.7656,4.1554,6.4738,0.0,0.595
995,4264,76.65,0.54,154.99,288.0,0.8394,0.4197,1.8837,29.5273,0.0,0.367
996,4268,147.92,4.33,214.73,175.83,0.834,0.417,4.1414,6.5293,0.0,0.3248
996,4264,80.46,0.32,152.24,262.07,0.6816,0.3408,2.1917,25.7293,142.0658,0.2019
997,4268,147.27,2.96,214.71,175.22,0.7925,0.3962,4.167,6.4029,0.0,0.3074
997,4264,83.61,0.41,152.28,247.48,0.8638,0.4319,2.4004,23.4364,144.2188,0.2703
998,4268,149.14,2.45,215.84,173.04,0.6567,0.3283,4.2612,5.9779,0.0,0.2506
998,4264,84.96,0.54,155.09,253.29,0.6982,0.3491,2.307,24.1266,0.0,0.33
999,4268,148.13,1.23,215.64,175.11,0.6602,0.3301,4.1718,6.389,0.0,0.2558
999,4264,87.41,0.4,160.05,260.95,0.2949,0.1474,2.1905,24.9981,39.999,0.1253
1000,4268,143.47,0.32,211.4,175.8,0.6069,0.3034,4.1428,6.5386,0.0,0.2363
1000,4264,89.1,0.43,158.4,248.52,0.7178,0.3589,2.3707,23.0949,144.2937,0.2235
1001,4268,132.38,0.0,200.32,172.37,0.5049,0.2525,4.2966,6.4532,128.3032,0.1073
1001,4264,89.37,1.3,162.26,264.62,0.7407,0.3704,2.1373,25.4107,38.5633,0.3136
1002,4264,100.11,0.78,177.67,272.17,0.7778,0.3889,2.0199,25.8074,56.6591,0.2927
1003,4264,102.24,0.76,181.95,274.25,0.7363,0.3681,1.9905,25.9826,0.0,0.3307
1004,4264,99.08,0.47,179.46,274.99,0.7939,0.397,1.9858,26.2354,0.0,0.3561
1005,4264,99.67,0.35,179.84,275.21,0.7041,0.352,1.9825,26.2465,0.0,0.3157
1006,4264,101.92,0.13,181.13,273.39,0.8052,0.4026,2.0015,25.8721,0.0,0.3624
1007,4264,107.22,0.69,186.26,273.38,0.5698,0.2849,1.9948,25.6379,0.0,0.2564
1008,4264,110.32,0.53,192.23,282.51,0.8135,0.4068,1.8861,26.9401,45.1087,0.3188
1009,4264,114.79,0.19,198.73,286.73,0.7598,0.3799,1.8361,27.4534,0.0,0.332
1010,4264,116.15,0.06,201.2,288.0,0.8193,0.4097,1.8214,27.6089,0.0,0.357
1011,4264,119.16,0.01,205.32,288.0,0.7822,0.3911,1.819,27.5314,0.0,0.3408
1012,4264,121.3,0.0,207.69,287.73,0.8271,0.4135,1.8205,27.446,0.0,0.3606
1013,4264,122.19,0.0,209.78,285.86,0.583,0.2915,1.8393,27.1187,0.0,0.2551
1014,4264,126.34,0.0,214.95,286.85,0.4707,0.2354,1.827,27.2173,0.0,0.2055
1014,4268,96.27,6.52,154.26,162.94,0.6206,0.6206,4.8534,11.7546,129.9119,0.2147
1015,4264,137.97,0.0,230.1,288.0,0.7139,0.3569,1.8139,27.3637,86.0895,0.2001
1015,4268,96.26,7.49,151.42,163.39,0.6655,0.6655,4.8343,12.049,0.0,0.4535
1016,4264,139.51,0.0,233.72,288.0,0.7832,0.3916,1.8143,27.3792,0.0,0.3412
1016,4268,97.43,7.69,150.56,162.66,0.7568,0.7568,4.8735,11.974,0.0,0.5118
1016,4285,143.45,0.35,171.95,81.62,0.4253,0.2127,30.8645,13.3874,0.0,0.1398
1017,4264,141.13,0.0,237.84,288.0,0.7627,0.3814,1.8151,27.4052,0.0,0.3323
1017,4268,98.54,7.47,150.06,161.27,0.7974,0.7974,4.9497,11.8329,0.0,0.5313
1018,4264,141.24,0.0,239.99,287.54,0.3774,0.1887,1.8203,27.3435,0.0,0.1646
1018,4268,100.18,6.33,151.59,161.26,0.7925,0.7925,4.9443,11.5338,0.0,0.5289
1018,4285,144.82,0.29,173.24,81.06,0.2612,0.1306,31.9647,13.4059,171.9267,0.0423
1019,4268,102.29,6.74,153.99,161.93,0.7871,0.7871,4.8986,11.1521,0.0,0.5304
1019,4288,141.65,0.79,177.42,174.6,0.4534,0.2267,4.2064,7.534,0.0,0.1745
1020,4268,99.81,6.14,150.51,162.11,0.7871,0.7871,4.8994,11.7218,0.0,0.5298
1020,4288,138.91,0.41,175.39,177.37,0.7559,0.378,4.0937,8.2672,29.373,0.2801
1020,4264,143.95,0.08,246.34,288.0,0.5244,0.2622,1.8175,27.4833,0.0,0.2285
1021,4268,98.3,6.29,148.68,164.91,0.6699,0.6699,4.7547,12.2146,23.3025,0.4452
1021,4288,142.76,0.27,175.9,160.76,0.7671,0.3836,4.8858,5.4611,160.6082,0.1331
1022,4268,97.59,6.25,147.38,165.59,0.811,0.811,4.723,12.4463,0.0,0.5643
1022,4288,146.53,0.14,179.4,158.36,0.7363,0.3681,5.0192,4.5765,147.6439,0.1223
1022,4264,150.56,0.17,253.36,282.87,0.5049,0.2525,1.8762,26.7989,0.0,0.2224
1023,4268,94.98,6.23,143.87,165.29,0.834,0.834,4.7505,12.9895,0.0,0.5766
1023,4288,146.75,0.2,179.22,155.95,0.7871,0.3936,5.1653,4.272,161.777,0.1308
1023,4264,181.0,0.24,259.06,211.14,0.7939,0.397,3.0611,15.6863,150.4391,0.23
1024,4268,92.05,6.78,139.94,165.74,0.8184,0.8184,4.7411,13.6501,0.0,0.5661
1024,4288,147.14,0.44,179.94,156.78,0.7886,0.3943,5.1134,4.2816,0.0,0.2625
1024,4264,194.39,0.34,263.13,181.29,0.4092,0.2046,3.9935,12.4366,156.3849,0.0941
1025,4268,90.83,6.8,137.77,165.34,0.8286,0.8286,4.7691,13.9379,0.0,0.5698
1025,4288,147.54,0.32,180.84,157.61,0.8193,0.4097,5.0624,4.2861,0.0,0.2727
1025,4264,196.64,0.36,264.76,174.12,0.7139,0.3569,4.2936,11.9622,157.9694,0.15
1026,4268,90.44,6.43,136.09,162.77,0.8564,0.8564,4.9117,13.9855,160.0577,0.2871
1026,4288,147.34,0.09,181.61,160.45,0.8535,0.4268,4.8967,4.6458,19.2082,0.282
1026,4264,198.81,0.56,271.24,182.4,0.396,0.198,3.9698,13.5534,26.5364,0.1504
1027,4268,88.05,6.28,133.35,161.61,0.8555,0.8555,4.9882,14.4069,0.0,0.5627
1027,4288,148.78,0.1,182.61,157.17,0.8369,0.4184,5.0873,3.996,160.2738,0.1391
1027,4264,203.5,0.33,274.84,174.91,0.8574,0.4287,4.2875,13.4869,156.4085,0.1797
1028,4268,84.37,6.69,130.02,161.1,0.8564,0.8564,5.034,15.0392,0.0,0.5612
1028,4288,150.13,0.01,184.39,158.6,0.8433,0.4217,5.0005,3.9822,0.0,0.2808
1028,4264,207.98,0.24,279.46,171.25,0.6992,0.3496,4.4692,13.9812,151.2361,0.1378
1029,4268,82.6,7.13,128.55,160.82,0.8711,0.8711,5.0582,15.3298,0.0,0.5704
1029,4288,151.35,0.17,185.38,157.1,0.8159,0.4079,5.089,3.6018,0.0,0.2717
1029,4264,212.75,0.3,284.31,168.51,0.7378,0.3689,4.6204,14.6535,147.4311,0.1376
1030,4268,81.63,7.66,127.8,160.55,0.8711,0.8711,5.0782,15.4791,0.0,0.5702
1030,4288,152.26,0.05,186.92,159.43,0.835,0.4175,4.9502,3.8257,21.097,0.2715
1030,4264,215.24,0.12,289.67,172.47,0.7778,0.3889,4.4494,15.6253,30.1517,0.2655
1031,4268,81.94,8.04,128.22,160.65,0.8452,0.8452,5.0706,15.4151,0.0,0.5533
1031,4288,153.2,0.0,188.13,159.76,0.8369,0.4184,4.9305,3.7651,0.0,0.2825
1031,4264,219.97,0.15,294.67,170.59,0.8086,0.4043,4.5597,16.3703,141.0594,0.153
1032,4268,81.26,8.46,127.72,161.07,0.8516,0.8516,5.0493,15.5427,0.0,0.5574
1032,4288,154.27,0.08,189.66,160.29,0.8535,0.4268,4.8996,3.7336,0.0,0.2899
1032,4264,209.65,0.06,314.64,246.21,0.668,0.334,2.4769,25.2252,34.8022,0.3024
1033,4268,82.5,8.8,128.48,160.77,0.7974,0.7974,5.0615,15.3435,0.0,0.5221
1033,4288,155.08,0.11,190.86,160.33,0.7988,0.3994,4.8968,3.6547,0.0,0.2715
1033,4264,210.42,0.28,323.42,272.86,0.7695,0.3847,2.1145,29.1801,40.0263,0.3187
1034,4268,82.62,9.19,128.39,160.95,0.8467,0.8467,5.0511,15.3483,0.0,0.5544
1034,4288,155.34,0.12,191.46,159.99,0.8574,0.4287,4.9159,3.5562,0.0,0.2903
1034,4264,213.82,0.47,328.75,285.19,0.667,0.3335,1.9834,31.1334,44.1325,0.2631
1035,4268,82.09,9.52,127.7,161.03,0.8442,0.8442,5.0495,15.4655,0.0,0.5526
1035,4288,155.47,0.03,192.15,160.81,0.8701,0.435,4.8694,3.6823,0.0,0.2973
1035,4264,231.25,0.37,320.54,215.92,0.8369,0.4184,3.121,23.2989,151.4066,0.2329
1036,4268,80.91,9.54,126.37,160.5,0.8584,0.8584,5.0866,15.6777,0.0,0.5616
1036,4288,156.73,0.1,194.09,160.76,0.8608,0.4304,4.8715,3.5724,0.0,0.294
1036,4264,241.92,0.22,320.33,186.34,0.8306,0.4153,4.0207,21.4979,157.0388,0.183
1037,4268,80.04,9.63,125.44,160.5,0.8394,0.8394,5.0913,15.8455,0.0,0.549
1037,4288,157.73,0.12,196.1,161.12,0.8306,0.4153,4.851,3.5762,0.0,0.2848
1037,4264,233.94,0.07,340.34,257.74,0.7285,0.3643,2.3864,29.3087,36.0418,0.3199
1038,4268,79.07,9.75,124.41,160.6,0.7778,0.7778,5.0907,16.0356,0.0,0.5084
1038,4288,158.73,0.13,198.39,162.94,0.8721,0.436,4.7514,3.9039,25.7365,0.2904
1038,4264,231.32,0.36,344.58,279.16,0.7188,0.3594,2.1064,31.859,39.2924,0.2954
1039,4268,77.71,9.23,123.13,160.55,0.8506,0.8506,5.1007,16.2789,0.0,0.5557
1039,4288,160.2,0.04,201.78,166.22,0.8667,0.4334,4.5814,4.5687,24.8307,0.2993
1039,4264,234.07,0.15,350.77,287.8,0.6885,0.3443,2.0231,33.2554,0.0,0.3036
1040,4268,76.41,9.21,121.85,160.16,0.8271,0.8271,5.1305,16.5037,0.0,0.54
1040,4288,160.71,0.01,203.78,168.01,0.8755,0.4377,4.4933,4.9515,0.0,0.3209
1040,4264,234.27,1.65,351.49,288.0,0.8237,0.4118,2.0225,33.3189,0.0,0.3631
1041,4268,75.1,9.2,120.59,159.28,0.8535,0.8535,5.19,16.7107,0.0,0.557
1041,4288,161.27,0.0,205.19,168.13,0.8931,0.4466,4.4877,4.9986,0.0,0.3276
1041,4264,237.22,2.13,354.64,288.0,0.8745,0.4373,2.0334,33.5907,0.0,0.3857
1042,4268,74.51,9.1,119.84,157.64,0.8638,0.8638,5.2941,16.7818,161.4732,0.2757
1042,4288,161.64,0.0,205.84,166.3,0.8882,0.4441,4.5778,4.6442,0.0,0.3206
1042,4264,240.35,0.82,358.58,288.0,0.916,0.458,2.0462,33.9091,0.0,0.4043
1043,4268,74.01,9.06,118.89,154.8,0.8604,0.8604,5.4809,16.8392,162.5653,0.2745
1043,4288,166.13,0.0,212.98,168.94,0.8525,0.4263,4.4515,5.4809,43.6185,0.2755
1043,4264,243.92,0.3,360.0,288.0,0.8647,0.4324,2.0554,34.1357,0.0,0.3819
1044,4268,73.72,8.94,118.44,152.34,0.8486,0.8486,5.6509,16.8558,163.2277,0.2707
1044,4288,167.4,0.45,215.81,168.62,0.8721,0.436,4.4682,5.5849,0.0,0.3209
1044,4264,259.23,0.37,360.0,288.0,0.2247,0.1124,2.0847,34.8399,0.0,0.0994
1045,4268,73.17,8.62,118.42,152.3,0.8467,0.8467,5.6555,16.9086,0.0,0.5523
1045,4288,167.43,0.17,217.57,169.31,0.8647,0.4324,4.4361,5.7909,0.0,0.32
1045,4264,265.74,0.4,360.0,288.0,0.7529,0.3765,2.0976,35.1428,0.0,0.3334
1046,4268,72.9,8.4,118.64,152.32,0.8691,0.8691,5.6543,16.9136,0.0,0.5669
1046,4288,167.47,0.06,219.2,171.13,0.8682,0.4341,4.3523,6.1984,0.0,0.326
1046,4264,265.75,0.41,360.0,288.0,0.7441,0.372,2.0976,35.1433,0.0,0.3295
1047,4268,72.89,8.25,118.78,151.61,0.8574,0.8574,5.7041,16.8888,0.0,0.5593
1047,4288,167.7,0.02,221.34,174.94,0.791,0.3955,4.1854,7.0003,23.157,0.295
1047,4264,270.49,0.14,360.0,285.93,0.668,0.334,2.1307,35.1586,0.0,0.2972
1048,4268,72.96,8.08,119.27,151.83,0.877,0.877,5.6867,16.8401,0.0,0.5721
1048,4288,168.23,0.18,222.71,176.73,0.8745,0.4373,4.1114,7.4104,0.0,0.3421
1048,4264,274.33,0.04,360.0,287.9,0.6816,0.3408,2.116,35.5353,0.0,0.3022
1049,4268,73.46,8.2,119.8,151.29,0.8525,0.8525,5.7221,16.7341,0.0,0.5563
1049,4288,166.84,0.34,220.86,176.74,0.877,0.4385,4.1095,7.2782,0.0,0.3432
1049,4264,281.55,0.0,360.0,288.0,0.2153,0.1076,2.1298,35.8853,0.0,0.0955
1050,4268,73.8,8.35,120.35,151.67,0.8359,0.8359,5.6922,16.6568,0.0,0.5456
1050,4288,167.06,0.22,220.94,176.98,0.8735,0.4368,4.0998,7.3348,0.0,0.3424
1050,4264,289.92,4.78,360.0,287.62,0.4609,0.2304,2.1517,36.2457,0.0,0.2049
1051,4268,74.28,8.49,120.98,152.11,0.8101,0.8101,5.6577,16.5603,0.0,0.5289
1051,4288,168.91,0.08,223.19,177.04,0.8628,0.4314,4.0992,7.5177,0.0,0.3382
1052,4268,75.11,8.85,121.62,152.2,0.8467,0.8467,5.647,16.4236,0.0,0.553
1052,4288,169.36,0.12,223.67,177.86,0.8721,0.436,4.0663,7.7079,0.0,0.3437
1053,4268,75.95,9.15,122.28,152.16,0.8467,0.8467,5.6453,16.2814,0.0,0.5531
1053,4288,170.04,0.13,223.81,177.31,0.8965,0.4482,4.089,7.6453,0.0,0.352
1054,4268,77.34,9.45,123.33,151.69,0.8159,0.8159,5.6713,16.0421,0.0,0.5333
1054,4288,172.44,0.14,225.73,176.8,0.8989,0.4495,4.1123,7.7636,0.0,0.3515
1055,4268,78.3,9.74,123.75,151.24,0.8779,0.8779,5.6994,15.9033,0.0,0.5741
1055,4288,174.05,0.14,226.78,176.21,0.8677,0.4339,4.1383,7.8013,0.0,0.3377
1056,4268,80.83,10.76,125.83,150.25,0.8677,0.8677,5.7577,15.4488,0.0,0.568
1056,4288,175.88,0.05,228.1,175.69,0.877,0.4385,4.1621,7.8896,0.0,0.3399
1056,4294,320.32,47.7,354.23,154.29,0.5117,0.5117,6.1161,29.5205,0.0,0.319
1057,4268,82.61,11.0,127.46,149.89,0.8423,0.8423,5.7744,15.1178,0.0,0.5518
1057,4288,177.77,0.48,229.92,177.71,0.8726,0.4363,4.0813,8.438,0.0,0.3427
1058,4268,84.23,11.8,128.66,149.58,0.8413,0.8413,5.7894,14.8432,0.0,0.5515
1058,4288,180.14,0.27,231.63,176.79,0.8628,0.4314,4.122,8.5356,0.0,0.3365
1059,4268,85.78,11.72,130.09,149.67,0.835,0.835,5.7745,14.5584,0.0,0.5477
1059,4288,181.87,0.19,233.03,176.89,0.8555,0.4278,4.1204,8.7497,0.0,0.3337
1060,4268,87.16,11.84,130.98,148.78,0.8525,0.8525,5.8348,14.3274,0.0,0.5595
1060,4288,183.49,0.16,234.35,176.91,0.8682,0.4341,4.1221,8.9449,0.0,0.3385
1061,4268,87.76,11.99,130.98,147.34,0.8296,0.8296,5.9436,14.2535,163.4746,0.268
1061,4288,185.36,0.24,235.89,177.93,0.8682,0.4341,4.0835,9.3253,0.0,0.3405
1062,4268,88.08,11.38,131.21,146.82,0.8711,0.8711,5.983,14.196,0.0,0.5719
1062,4288,186.59,0.27,236.78,178.49,0.8682,0.4341,4.063,9.5512,0.0,0.3416
1063,4268,89.77,11.45,131.9,145.24,0.8584,0.8584,6.1037,13.9568,159.9946,0.2777
1063,4288,189.42,0.09,239.46,177.94,0.8618,0.4309,4.0906,9.8549,0.0,0.3374
1064,4268,91.03,10.98,132.42,143.83,0.8667,0.8667,6.2166,13.782,161.4626,0.2806
1064,4288,189.94,0.12,241.29,183.76,0.8433,0.4217,3.8686,10.8559,24.3315,0.3297
1065,4268,93.08,11.01,133.23,140.7,0.8525,0.8525,6.4858,13.5198,163.5098,0.2763
1065,4288,190.83,0.5,241.57,183.17,0.8555,0.4278,3.8916,10.8474,0.0,0.3458
1066,4268,95.72,11.12,134.69,137.87,0.8403,0.8403,6.7449,13.1608,162.0871,0.2727
1066,4288,191.79,0.27,241.86,181.06,0.8315,0.4158,3.9725,10.6306,0.0,0.3317
1067,4268,97.1,11.37,135.62,136.44,0.7988,0.7988,6.8832,12.9661,161.7029,0.2595
1067,4288,193.18,0.19,243.24,181.34,0.8218,0.4109,3.9648,10.8652,0.0,0.3282
1068,4268,98.21,11.53,136.5,135.72,0.7407,0.7407,6.9527,12.7905,0.0,0.4877
1068,4288,196.41,0.06,248.01,186.16,0.8701,0.435,3.7968,12.0974,31.3818,0.3354
1069,4268,100.96,11.75,139.11,136.07,0.7266,0.7266,6.9012,12.2603,0.0,0.4789
1069,4288,198.52,0.02,251.4,189.15,0.876,0.438,3.7003,12.8938,33.4866,0.34
1070,4268,103.55,11.73,141.34,135.5,0.7793,0.7793,6.9481,11.8059,0.0,0.514
1070,4288,196.51,0.0,250.62,192.01,0.8535,0.4268,3.6028,13.1111,0.0,0.3603
1071,4268,106.08,11.79,143.79,135.41,0.811,0.811,6.9448,11.3222,0.0,0.5354
1071,4288,195.89,0.0,252.81,199.21,0.8647,0.4324,3.3855,14.2745,26.9509,0.3612
1072,4268,107.86,12.12,145.36,135.51,0.8296,0.8296,6.926,10.9913,0.0,0.548
1072,4288,196.92,0.0,253.2,198.92,0.8604,0.4302,3.3955,14.3174,0.0,0.3744
1073,4268,108.97,12.33,146.12,135.49,0.7544,0.7544,6.9236,10.8087,0.0,0.4985
1073,4288,197.99,0.36,252.94,195.96,0.8184,0.4092,3.4841,13.9309,0.0,0.3515
1074,4268,110.14,12.63,147.04,135.83,0.7241,0.7241,6.883,10.5929,0.0,0.4786
1074,4288,199.33,0.41,253.47,194.38,0.8931,0.4466,3.5348,13.824,0.0,0.3806
1075,4268,112.01,13.0,149.02,136.13,0.835,0.835,6.843,10.2049,0.0,0.5523
1075,4288,200.33,0.24,253.83,192.35,0.835,0.4175,3.6005,13.6285,0.0,0.3523
1076,4268,113.97,13.95,151.38,136.35,0.8086,0.8086,6.8109,9.7722,0.0,0.5352
1076,4288,198.53,0.18,253.26,193.69,0.8584,0.4292,3.5551,13.659,0.0,0.3648
1077,4268,115.31,13.71,153.78,136.82,0.8037,0.8037,6.7552,9.3878,0.0,0.5322
1077,4288,203.13,0.15,257.14,191.95,0.8315,0.4158,3.6213,13.9951,0.0,0.3495
1078,4268,116.57,14.43,155.86,136.69,0.8184,0.8184,6.7617,9.0613,0.0,0.5422
1078,4288,205.23,0.51,259.31,192.94,0.7686,0.3843,3.5954,14.4267,0.0,0.3241
1079,4268,116.56,14.62,156.63,136.41,0.8076,0.8076,6.7886,8.9956,0.0,0.5351
1079,4288,206.71,0.19,262.69,200.71,0.8525,0.4263,3.3687,15.8053,28.3847,0.3544
1080,4268,117.41,14.99,158.56,136.42,0.833,0.833,6.7822,8.7202,0.0,0.5521
1080,4288,211.06,0.16,265.2,195.93,0.8228,0.4114,3.5192,15.6443,150.5259,0.2133
1081,4268,118.3,15.12,160.84,136.43,0.8647,0.8647,6.7753,8.4061,0.0,0.5734
1081,4288,213.05,0.05,266.87,196.22,0.584,0.292,3.516,15.9425,0.0,0.2487
1082,4268,115.83,14.74,158.97,136.3,0.8252,0.8252,6.7967,8.8402,0.0,0.5469
1082,4288,217.72,0.1,270.14,194.08,0.8755,0.4377,3.5951,16.2651,0.0,0.368
1083,4268,117.19,15.1,161.47,136.49,0.8594,0.8594,6.77,8.4514,0.0,0.5698
1083,4288,221.3,0.22,272.78,193.06,0.8506,0.4253,3.6382,16.6181,0.0,0.3548
1084,4268,117.7,14.39,163.27,136.66,0.8452,0.8452,6.7486,8.2163,0.0,0.5606
1084,4288,223.99,0.17,275.06,193.22,0.8467,0.4234,3.6419,17.0161,0.0,0.3527
1085,4268,119.65,13.65,165.81,136.36,0.8628,0.8628,6.7712,7.7831,0.0,0.5726
1085,4288,225.15,0.15,276.0,193.37,0.8545,0.4273,3.641,17.1938,0.0,0.3559
1086,4268,121.23,13.65,167.33,135.6,0.8027,0.8027,6.8443,7.51,0.0,0.5328
1086,4288,227.79,0.14,279.56,198.44,0.7256,0.3628,3.496,18.2169,31.0846,0.2912
1087,4268,125.24,13.36,169.97,133.18,0.6807,0.6807,7.0944,6.9955,157.0811,0.2252
1087,4288,231.17,0.42,281.16,190.67,0.4912,0.2456,3.7511,17.7925,155.0871,0.1188
1088,4268,130.23,13.02,173.56,132.32,0.7231,0.7231,7.179,6.2402,126.2625,0.2396
1088,4288,226.53,0.24,275.43,180.83,0.354,0.177,4.088,16.0289,153.9253,0.0782
1089,4268,132.74,12.46,175.2,132.72,0.7686,0.7686,7.1282,5.8195,0.0,0.5111
1089,4288,225.04,0.08,275.73,182.71,0.384,0.192,4.0128,16.0976,0.0,0.1508
1090,4268,134.67,12.32,175.81,132.37,0.7793,0.7793,7.1647,5.6129,0.0,0.5183
1090,4288,232.81,0.21,289.17,199.12,0.7515,0.3757,3.5041,19.3902,31.6315,0.2997
1091,4268,136.21,12.45,175.87,131.79,0.8076,0.8076,7.2295,5.5184,0.0,0.5372
1091,4288,240.77,0.26,301.61,204.5,0.7627,0.3814,3.393,21.4628,55.5844,0.2719
1092,4268,138.96,12.23,178.01,132.15,0.7456,0.7456,7.1826,5.043,0.0,0.4961
1092,4288,244.21,0.46,308.82,207.41,0.647,0.3235,3.3375,22.5329,0.0,0.2791
1093,4268,141.19,12.66,179.77,132.9,0.6289,0.6289,7.0937,4.6123,33.0452,0.3847
1093,4288,246.08,0.72,313.97,209.58,0.4639,0.2319,3.2963,23.2535,0.0,0.201
1094,4268,143.02,13.01,180.05,129.94,0.8057,0.8057,7.4383,4.7663,166.2759,0.2676
1094,4288,246.87,1.28,318.01,211.36,0.8638,0.4319,3.2616,23.772,0.0,0.3758
1095,4268,144.33,13.29,180.88,130.19,0.8125,0.8125,7.4059,4.5622,0.0,0.5408
1095,4288,246.08,0.66,320.6,213.91,0.8965,0.4482,3.2021,24.144,0.0,0.3932
1095,4297,304.11,15.44,359.3,195.33,0.6177,0.3089,4.0172,29.9152,0.0,0.2327
1096,4268,147.19,13.3,184.66,132.08,0.7725,0.7725,7.1777,3.7911,25.0968,0.4901
1096,4288,245.69,0.51,322.56,214.27,0.8921,0.4461,3.1969,24.2898,0.0,0.3914
1096,4297,307.63,15.88,360.0,197.53,0.291,0.1455,3.958,30.3325,0.0,0.1106
1097,4268,150.05,13.53,187.14,129.82,0.7686,0.7686,7.4424,3.7405,160.3031,0.2557
1097,4288,245.43,0.46,324.66,215.62,0.9102,0.4551,3.1684,24.5491,0.0,0.4008
1097,4297,306.53,16.04,358.8,187.18,0.7642,0.3821,4.3204,29.6828,157.9485,0.1453
1098,4268,152.13,13.9,189.36,128.74,0.79,0.79,7.5749,3.6687,153.0566,0.2628
1098,4288,243.98,0.53,325.34,216.63,0.791,0.3955,3.1426,24.5925,0.0,0.3497
1098,4297,306.67,16.94,360.0,192.12,0.583,0.2915,4.1409,30.0009,23.0342,0.207
1099,4268,152.36,14.23,190.21,129.47,0.7153,0.7153,7.4828,3.4834,0.0,0.4764
1099,4288,244.01,0.55,327.02,217.69,0.8535,0.4268,3.1215,24.8147,0.0,0.3783
1100,4268,153.17,14.48,191.34,129.2,0.6665,0.6665,7.5157,3.4343,0.0,0.4439
1100,4288,243.97,0.56,328.12,217.58,0.8975,0.4487,3.1265,24.8777,0.0,0.3974
1100,4297,307.02,17.39,359.71,192.19,0.4668,0.2334,4.1386,30.0086,0.0,0.172
1101,4268,154.04,15.06,193.3,129.67,0.6494,0.6494,7.4563,3.2213,0.0,0.4326
1101,4288,244.19,0.57,325.91,209.07,0.2274,0.1137,3.333,23.9387,152.4027,0.0599
1102,4268,154.44,15.51,194.03,129.49,0.7725,0.7725,7.4782,3.2106,0.0,0.5146
1102,4288,245.08,0.47,329.88,214.47,0.7964,0.3982,3.2076,24.7845,31.6031,0.3287
1102,4297,310.47,15.44,360.0,190.72,0.3208,0.1604,4.2056,30.2173,0.0,0.1167
1103,4268,154.45,16.04,194.86,130.18,0.8306,0.8306,7.3934,3.0472,0.0,0.5533
1103,4288,248.59,0.26,329.09,202.24,0.5547,0.2773,3.5404,23.9167,154.3504,0.1385
1104,4268,153.5,16.19,194.16,129.88,0.7847,0.7847,7.4304,3.1687,0.0,0.5227
1104,4288,253.69,0.17,338.38,211.34,0.6206,0.3103,3.3281,25.7336,36.08,0.2459
1105,4268,155.01,16.26,195.83,129.22,0.3811,0.3811,7.5112,3.1818,0.0,0.2539
1105,4288,259.09,0.23,346.25,214.95,0.9048,0.4524,3.2712,26.9815,0.0,0.3895
1106,4268,157.0,15.83,197.38,128.88,0.6216,0.6216,7.5532,3.1624,0.0,0.4141
1106,4288,260.72,0.26,349.45,216.51,0.8789,0.4395,3.2456,27.4489,0.0,0.3793
1107,4288,262.57,0.08,351.44,217.25,0.6909,0.3454,3.2378,27.7774,0.0,0.2982
1108,4288,265.47,0.29,354.89,221.65,0.8535,0.4268,3.1513,28.5716,0.0,0.3724
1108,4268,163.86,15.02,203.05,128.17,0.6689,0.6689,7.6441,3.3315,117.3809,0.2226
1109,4288,267.53,0.28,355.05,221.18,0.6621,0.3311,3.1679,28.6851,0.0,0.288
1110,4288,272.1,0.09,358.69,225.65,0.3667,0.1834,3.0894,29.598,0.0,0.161
1110,4268,167.86,14.55,206.1,128.36,0.7051,0.7051,7.6215,3.521,77.8128,0.2842
1111,4288,278.52,0.21,360.0,227.94,0.8237,0.4118,3.0605,30.2923,0.0,0.3623
1111,4268,169.41,13.7,206.85,128.17,0.7285,0.7285,7.6469,3.6582,0.0,0.4852
1112,4288,282.55,9.17,360.0,229.78,0.8359,0.4179,3.0324,30.7014,0.0,0.3688
1112,4268,173.05,12.85,205.85,113.37,0.3167,0.3167,10.1491,6.5693,170.4611,0.1049
1113,4288,287.03,3.76,360.0,225.27,0.6011,0.3005,3.142,30.6481,150.7282,0.1606
1114,4288,288.87,1.82,360.0,224.39,0.8037,0.4018,3.1668,30.7047,0.0,0.3473
1114,4268,174.49,11.71,210.82,125.07,0.8159,0.8159,8.0733,4.6768,12.3588,0.5367
1115,4288,291.14,1.18,360.0,226.16,0.8027,0.4013,3.1338,30.9862,0.0,0.3483
1115,4268,177.73,12.3,210.53,113.46,0.6807,0.6807,10.1366,6.8933,170.4195,0.2253
1116,4288,293.27,3.43,360.0,223.66,0.8477,0.4239,3.1958,30.9439,0.0,0.3644
1116,4268,180.62,12.82,210.86,103.94,0.4844,0.4844,12.754,8.7902,172.3183,0.1596
1117,4288,294.58,2.99,360.0,219.49,0.7964,0.3982,3.2972,30.7364,152.7249,0.2045
1117,4268,177.6,13.3,212.31,120.28,0.5117,0.5117,8.8218,5.7527,10.9133,0.3372
1117,4307,271.86,14.8,313.28,150.3,0.4873,0.4873,6.0034,22.0509,0.0,0.313
1118,4288,294.95,1.41,360.0,218.28,0.877,0.4385,3.3277,30.6781,0.0,0.3697
1118,4268,177.52,13.69,213.62,126.22,0.7104,0.7104,7.9163,4.8532,12.2034,0.4674
1118,4307,269.9,15.31,310.72,148.06,0.5361,0.5361,6.1593,21.6321,157.0654,0.1661
1119,4288,295.22,0.82,360.0,217.84,0.8701,0.435,3.3393,30.6664,0.0,0.3661
1119,4268,179.36,13.74,215.76,127.6,0.5581,0.5581,7.7338,4.9337,21.5177,0.3584
1119,4307,264.22,15.6,311.9,169.34,0.7515,0.7515,4.7944,21.7399,19.5239,0.4894
1120,4288,295.83,0.88,360.0,217.86,0.8604,0.4302,3.3406,30.7093,0.0,0.3619
1120,4268,179.13,14.06,214.9,128.54,0.7822,0.7822,7.6108,4.7216,14.349,0.5124
1120,4307,262.46,15.98,311.87,173.44,0.8306,0.8306,4.5903,21.7654,20.4082,0.562
1121,4288,296.09,0.63,360.0,218.06,0.8979,0.449,3.3364,30.7406,0.0,0.3779
1121,4268,179.57,14.19,215.05,129.31,0.7349,0.7349,7.5141,4.663,0.0,0.4891
1121,4307,261.55,16.79,311.55,174.78,0.8413,0.8413,4.5249,21.7249,0.0,0.5942
1122,4288,296.3,0.17,360.0,217.77,0.9062,0.4531,3.3442,30.7352,0.0,0.3809
1122,4268,180.9,14.35,216.43,129.15,0.7612,0.7612,7.5366,4.8978,0.0,0.5065
1122,4307,260.63,17.55,311.02,174.7,0.8794,0.8794,4.5241,21.5971,0.0,0.6215
1123,4288,296.54,0.28,360.0,217.39,0.8843,0.4421,3.3543,30.7259,0.0,0.3711
1123,4268,184.49,14.97,221.16,128.99,0.75,0.75,7.5655,5.6053,104.2078,0.2488
1123,4307,259.65,18.58,309.85,172.3,0.7544,0.7544,4.6288,21.297,157.2201,0.2716
1124,4288,296.92,2.1,360.0,217.34,0.8789,0.4395,3.3567,30.7484,0.0,0.3687
1124,4268,187.0,15.49,224.53,128.38,0.5508,0.5508,7.6505,6.1781,135.224,0.1825
1124,4307,258.67,18.84,309.0,169.64,0.833,0.833,4.7524,21.0192,158.6315,0.2867
1125,4288,297.23,1.85,360.0,217.15,0.8677,0.4339,3.3623,30.7568,0.0,0.3636
1125,4268,189.85,15.78,227.69,128.52,0.7178,0.7178,7.6409,6.6944,0.0,0.4769
1125,4307,255.98,19.01,307.87,170.98,0.7871,0.7871,4.6748,20.7464,0.0,0.5418
1126,4288,299.05,13.3,360.0,217.64,0.8169,0.4084,3.3556,30.9135,0.0,0.3425
1126,4268,186.97,16.11,225.32,128.5,0.8135,0.8135,7.6361,6.2318,0.0,0.5407
1126,4307,255.41,18.39,309.76,173.55,0.8804,0.8804,4.5572,20.9838,21.59,0.5989
1127,4288,301.09,21.85,360.0,217.83,0.8135,0.4068,3.357,31.0647,0.0,0.3408
1127,4268,188.22,16.53,227.33,128.37,0.8271,0.8271,7.6573,6.532,0.0,0.5496
1127,4307,254.11,17.59,307.17,165.97,0.8862,0.8862,4.9215,20.3086,159.8972,0.2863
1128,4288,302.42,23.27,360.0,218.1,0.6094,0.3047,3.3544,31.1727,0.0,0.2553
1128,4268,188.29,16.69,227.1,128.67,0.7334,0.7334,7.6186,6.4881,0.0,0.4874
1128,4307,251.67,16.71,302.9,158.22,0.8413,0.8413,5.3469,19.4546,160.2308,0.2644
1129,4288,304.72,19.85,360.0,217.16,0.7065,0.3533,3.3847,31.2667,0.0,0.2945
1129,4268,186.42,16.75,225.47,128.21,0.7939,0.7939,7.673,6.2273,0.0,0.5277
1129,4307,248.64,15.95,298.98,155.13,0.8506,0.8506,5.5231,18.7468,153.2034,0.2685
1130,4288,308.32,22.17,360.0,217.28,0.625,0.3125,3.3927,31.518,0.0,0.2599
1130,4268,187.42,16.95,227.34,128.57,0.8076,0.8076,7.6305,6.4421,0.0,0.5367
1130,4307,246.85,15.2,296.84,154.12,0.8394,0.8394,5.5781,18.3644,0.0,0.5454
1131,4288,312.06,22.89,360.0,214.51,0.6343,0.3171,3.4749,31.5975,0.0,0.2603
1131,4268,187.66,16.44,228.31,128.69,0.5947,0.5947,7.6169,6.5377,0.0,0.3952
1131,4307,244.43,14.64,293.6,153.48,0.8506,0.8506,5.6036,17.8283,0.0,0.5535
1132,4288,316.61,23.56,360.0,211.6,0.5059,0.253,3.5668,31.7335,0.0,0.2044
1132,4268,194.5,16.27,233.72,127.51,0.6826,0.6826,7.7901,7.7512,134.7866,0.2255
1132,4307,242.02,14.19,290.66,153.17,0.8403,0.8403,5.6081,17.3245,0.0,0.5475
1133,4288,320.19,22.43,360.0,209.4,0.5498,0.2749,3.6392,31.853,0.0,0.2193
1133,4268,193.33,15.88,232.77,127.05,0.6406,0.6406,7.8479,7.6008,0.0,0.4252
1133,4307,238.2,13.93,286.44,153.17,0.8604,0.8604,5.5836,16.5718,0.0,0.5617
1134,4268,193.35,15.55,232.59,125.01,0.5059,0.5059,8.1319,7.7837,168.1626,0.1671
1134,4307,235.86,14.03,283.13,151.97,0.7847,0.7847,5.6505,16.0151,0.0,0.513
1134,4311,203.82,15.69,232.68,124.2,0.3694,0.3694,8.2707,8.7961,0.0,0.2448
1135,4307,232.15,13.52,279.46,152.48,0.8604,0.8604,5.5938,15.3251,0.0,0.5634
1135,4311,204.76,15.08,233.92,124.72,0.7905,0.7905,8.1987,8.9448,0.0,0.5238
1136,4307,229.31,13.42,277.1,154.92,0.8369,0.8369,5.4151,14.891,22.7191,0.5269
1136,4311,206.35,14.39,235.66,124.68,0.7969,0.7969,8.2118,9.2494,0.0,0.5278
1137,4307,226.7,13.51,274.05,154.28,0.8745,0.8745,5.4427,14.3334,0.0,0.5739
1137,4311,207.25,13.77,236.6,124.07,0.7563,0.7563,8.306,9.4684,0.0,0.5008
1138,4307,224.61,14.0,271.76,153.75,0.8545,0.8545,5.467,13.8991,0.0,0.5613
1138,4311,207.94,13.64,236.82,121.98,0.6353,0.6353,8.6318,9.7362,168.697,0.2087
1139,4307,219.53,14.17,267.75,155.06,0.8726,0.8726,5.3589,13.065,42.0735,0.4992
1139,4311,207.95,13.02,237.01,121.87,0.7549,0.7549,8.65,9.7641,0.0,0.4996
1140,4307,214.71,14.23,263.96,154.43,0.8682,0.8682,5.3808,12.2127,0.0,0.5723
1140,4311,208.23,12.68,237.13,120.88,0.603,0.603,8.8134,9.8922,168.9512,0.198
1141,4307,211.05,14.66,261.59,154.85,0.8657,0.8657,5.3406,11.6434,0.0,0.5712
1141,4311,208.11,12.29,236.95,119.68,0.6689,0.6689,9.0175,9.9826,169.1801,0.2196
1142,4307,208.17,14.56,259.81,153.9,0.835,0.835,5.3935,11.1557,0.0,0.5514
1142,4311,209.19,12.36,238.77,121.28,0.3821,0.3821,8.7535,10.0843,15.1287,0.2484
1143,4307,205.77,13.29,258.83,153.07,0.5889,0.5889,5.4422,10.7967,0.0,0.3891
1143,4311,207.22,12.02,241.76,136.29,0.2101,0.2101,6.8052,9.2143,14.0668,0.1371
1144,4307,204.39,12.98,258.95,153.7,0.5273,0.5273,5.3977,10.6958,0.0,0.3485
1144,4315,318.42,23.51,358.38,192.32,0.4358,0.2179,4.1705,30.7513,0.0,0.1592
1145,4307,203.11,12.43,259.03,154.03,0.7871,0.7871,5.3736,10.591,0.0,0.5203
1146,4307,202.6,13.99,258.89,153.88,0.8594,0.8594,5.3823,10.5218,0.0,0.5681
1146,4315,311.26,3.43,355.79,190.47,0.6826,0.3413,4.2023,29.9539,0.0,0.2486
1147,4307,202.03,14.31,258.67,152.9,0.833,0.833,5.4462,10.4089,0.0,0.5508
1147,4315,309.4,0.42,355.13,190.85,0.6782,0.3391,4.1792,29.7845,0.0,0.2482
1148,4307,197.11,14.15,254.48,152.35,0.5137,0.5137,5.4672,9.4942,0.0,0.3401
1148,4315,309.4,0.0,356.02,191.22,0.5264,0.2632,4.1689,29.8673,0.0,0.193
1149,4307,197.08,14.63,254.23,152.52,0.6226,0.6226,5.4551,9.4728,0.0,0.4122
1149,4315,308.12,0.0,355.45,191.76,0.7861,0.3931,4.1428,29.7553,0.0,0.2897
1150,4307,192.83,13.99,250.15,152.41,0.7559,0.7559,5.4489,8.6479,0.0,0.5011
1150,4315,308.45,0.0,356.08,191.11,0.5059,0.253,4.1697,29.7964,0.0,0.1855
1151,4307,188.58,13.38,245.28,152.28,0.7793,0.7793,5.4442,7.7431,0.0,0.5172
1151,4315,308.22,0.0,356.0,190.2,0.6792,0.3396,4.202,29.732,0.0,0.2476
1151,4268,224.24,13.65,264.25,127.78,0.5137,0.5137,7.9055,13.3902,0.0,0.3378
1152,4307,188.48,13.06,243.23,152.14,0.7139,0.7139,5.4508,7.5248,0.0,0.4739
1152,4315,307.86,0.0,355.96,190.06,0.7026,0.3513,4.2057,29.696,0.0,0.256
1152,4268,224.29,13.99,263.05,128.05,0.731,0.731,7.8658,13.2687,0.0,0.4808
1153,4307,185.03,12.82,238.25,152.19,0.7739,0.7739,5.4366,6.6969,0.0,0.5142
1153,4315,307.82,0.0,356.27,189.64,0.7642,0.3821,4.2223,29.6972,0.0,0.2776
1153,4268,222.88,13.83,261.29,128.7,0.8164,0.8164,7.7705,12.9377,26.8089,0.5081
1154,4307,183.95,12.3,235.57,151.94,0.7441,0.7441,5.4493,6.3145,0.0,0.4946
1154,4315,307.37,0.0,356.13,188.94,0.5708,0.2854,4.2464,29.6222,0.0,0.2065
1154,4268,221.61,13.63,260.15,128.48,0.8311,0.8311,7.7917,12.7195,0.0,0.5473
1155,4307,184.34,12.1,234.34,152.31,0.6333,0.6333,5.4231,6.2521,0.0,0.4209
1155,4315,307.5,0.0,356.58,188.31,0.5698,0.2849,4.2724,29.6379,0.0,0.2051
1155,4268,220.85,13.09,259.89,129.08,0.7026,0.7026,7.711,12.5939,0.0,0.4628
1156,4307,183.1,12.13,231.53,151.99,0.6299,0.6299,5.4405,5.838,0.0,0.4188
1156,4315,306.91,0.0,356.68,189.39,0.686,0.343,4.2298,29.6489,0.0,0.2489
1156,4268,221.38,13.68,260.03,129.07,0.8042,0.8042,7.7143,12.6581,0.0,0.5296
1157,4307,178.54,12.05,226.74,152.06,0.7988,0.7988,5.4269,4.9346,0.0,0.5315
1157,4315,306.16,0.0,356.15,188.7,0.6514,0.3257,4.2511,29.5228,0.0,0.2356
1157,4268,222.01,13.26,260.51,129.52,0.6758,0.6758,7.6603,12.7432,0.0,0.445
1158,4307,175.07,11.94,223.15,152.46,0.834,0.834,5.3942,4.2939,0.0,0.5552
1158,4315,306.4,0.0,356.58,188.07,0.8667,0.4334,4.2775,29.5452,0.0,0.3119
1158,4268,223.05,13.06,261.14,129.54,0.6929,0.6929,7.6628,12.9014,0.0,0.4561
1159,4307,173.68,12.08,221.5,152.62,0.8657,0.8657,5.3813,4.0256,0.0,0.5764
1159,4315,306.75,0.0,357.26,188.03,0.7769,0.3885,4.2828,29.6205,0.0,0.2792
1159,4268,226.73,12.8,263.97,129.73,0.7485,0.7485,7.6592,13.5127,0.0,0.4921
1160,4307,170.28,13.93,218.01,152.49,0.8828,0.8828,5.3858,3.3919,0.0,0.588
1160,4315,306.28,0.0,357.41,188.77,0.7739,0.387,4.2535,29.6289,0.0,0.2796
1160,4268,228.45,13.17,264.66,129.75,0.7241,0.7241,7.6645,13.7408,0.0,0.4758
1161,4307,166.1,14.43,214.74,152.44,0.8735,0.8735,5.3857,2.7581,0.0,0.582
1161,4315,304.96,0.0,356.38,189.24,0.7642,0.3821,4.2273,29.4743,0.0,0.2776
1161,4268,229.78,13.13,265.28,129.56,0.6069,0.6069,7.695,13.9336,0.0,0.3986
1162,4307,164.11,14.7,213.77,152.43,0.8794,0.8794,5.3853,2.5277,0.0,0.586
1162,4315,303.91,0.0,355.83,190.91,0.8359,0.4179,4.1599,29.4314,0.0,0.3075
1162,4268,230.38,13.26,265.89,131.06,0.7925,0.7925,7.5128,13.991,14.0333,0.5126
1163,4307,162.98,15.08,213.24,152.24,0.8701,0.8701,5.3976,2.3785,0.0,0.5798
1163,4315,302.12,0.0,354.07,190.99,0.8062,0.4031,4.1444,29.1701,0.0,0.2977
1163,4268,231.82,12.85,267.05,131.16,0.4495,0.4495,7.5093,14.2348,0.0,0.2951
1164,4307,162.74,15.12,213.8,152.17,0.8237,0.8237,5.4024,2.3916,0.0,0.5489
1164,4315,301.23,0.0,352.9,190.27,0.8315,0.4158,4.1634,28.9816,0.0,0.3062
1164,4268,232.44,12.92,267.54,131.05,0.811,0.811,7.5263,14.3442,0.0,0.5322
1165,4307,161.78,15.2,213.57,152.33,0.8989,0.8989,5.3912,2.3303,0.0,0.599
1165,4315,298.22,0.0,350.34,191.48,0.877,0.4385,4.1001,28.6211,0.0,0.3271
1165,4268,234.73,13.56,269.67,130.95,0.8477,0.8477,7.5536,14.7669,0.0,0.5558
1166,4307,161.37,14.97,213.7,152.3,0.8584,0.8584,5.3932,2.3063,0.0,0.572
1166,4315,296.3,0.0,348.36,191.38,0.8877,0.4439,4.0903,28.3217,0.0,0.332
1166,4268,235.81,13.68,270.93,130.9,0.8228,0.8228,7.5678,14.99,0.0,0.5392
1166,4319,0.0,2.47,37.91,160.54,0.7612,0.3806,5.7239,30.1833,0.0,0.2365
1167,4307,160.24,14.31,212.99,152.29,0.8433,0.8433,5.3934,2.1821,0.0,0.562
1167,4315,295.91,0.0,344.37,175.38,0.791,0.3955,4.729,27.2912,159.6276,0.1315
1167,4268,236.27,13.57,272.39,134.13,0.8218,0.8218,7.1976,15.0768,14.1201,0.5302
1167,4319,0.0,0.81,37.6,161.22,0.8086,0.4043,5.682,30.2179,0.0,0.2512
1168,4307,158.59,14.41,211.11,152.66,0.8403,0.8403,5.3677,2.0423,0.0,0.56
1168,4315,294.13,0.0,344.58,183.79,0.7974,0.3987,4.3579,27.5044,21.3328,0.2758
1168,4268,236.31,13.43,273.0,135.79,0.8403,0.8403,7.0194,15.1004,14.0666,0.5421
1168,4319,0.0,0.01,38.1,159.41,0.8838,0.4419,5.7966,30.1516,163.1099,0.1274
1169,4307,157.37,14.01,208.89,151.22,0.8359,0.8359,5.4652,1.6194,154.052,0.2785
1169,4315,290.18,0.0,341.72,187.24,0.7808,0.3904,4.1993,27.1366,25.7093,0.2747
1169,4268,236.53,13.34,273.49,136.36,0.8555,0.8555,6.9618,15.1566,0.0,0.5604
1169,4319,0.62,0.0,39.37,158.28,0.834,0.417,5.8627,29.9905,0.0,0.2594
1170,4307,155.04,13.48,205.4,149.93,0.791,0.791,5.5554,1.2213,142.924,0.2636
1170,4315,289.33,0.0,338.56,177.13,0.6621,0.3311,4.6026,26.3686,158.8285,0.1164
1170,4268,237.26,13.48,274.26,136.56,0.811,0.811,6.9459,15.2958,0.0,0.5311
1170,4319,3.01,0.0,42.39,159.36,0.8901,0.4451,5.7645,29.5885,27.8626,0.2602
1171,4307,153.62,13.07,202.52,148.89,0.8286,0.8286,5.6306,1.082,0.0,0.5524
1171,4315,290.22,0.0,337.05,167.88,0.8203,0.4102,5.0536,25.999,161.1977,0.1229
1171,4268,237.92,13.52,275.02,136.93,0.8525,0.8525,6.9124,15.4243,0.0,0.5581
1171,4319,4.77,0.01,44.1,156.99,0.8433,0.4217,5.9071,29.2854,159.1483,0.1226
1172,4307,149.65,12.74,197.93,150.75,0.8516,0.8516,5.499,1.8873,38.2395,0.5067
1172,4315,287.73,0.0,337.52,178.83,0.8228,0.4114,4.5179,26.2264,20.6372,0.2778
1172,4268,237.41,13.58,274.7,137.05,0.8545,0.8545,6.8973,15.3431,0.0,0.5595
1172,4319,6.53,0.2,47.21,159.19,0.79,0.395,5.7359,28.9358,20.0194,0.2389
1173,4307,146.35,12.36,193.53,151.82,0.8525,0.8525,5.4275,2.621,50.6323,0.4641
1173,4315,286.73,0.0,337.08,183.48,0.8545,0.4273,4.3184,26.3198,21.4894,0.299
1173,4268,237.72,14.04,274.95,137.4,0.834,0.834,6.8635,15.3906,0.0,0.546
1173,4319,7.43,0.37,49.31,160.1,0.7739,0.387,5.6629,28.7147,0.0,0.2421
1174,4307,144.19,12.69,190.14,152.6,0.8228,0.8228,5.3771,3.177,0.0,0.5481
1174,4315,284.97,0.0,335.08,184.38,0.833,0.4165,4.2699,26.0653,0.0,0.3041
1174,4268,238.18,14.35,275.56,138.77,0.8369,0.8369,6.7304,15.4724,15.5586,0.5376
1174,4319,10.23,0.26,53.69,159.67,0.9038,0.4519,5.6574,28.1392,0.0,0.2835
1175,4307,142.62,12.44,188.12,152.99,0.8638,0.8638,5.3529,3.5302,0.0,0.5753
1175,4315,283.87,0.0,333.35,183.98,0.8745,0.4373,4.2763,25.8206,0.0,0.3191
1175,4268,237.61,14.33,275.37,140.05,0.8359,0.8359,6.6049,15.3853,14.728,0.5381
1175,4319,9.81,0.79,54.85,160.84,0.8804,0.4402,5.5797,28.1008,0.0,0.2762
1176,4307,138.12,12.89,182.91,153.04,0.8618,0.8618,5.3559,4.4128,0.0,0.5737
1176,4315,284.01,0.0,331.87,179.74,0.8516,0.4258,4.446,25.5125,158.3779,0.1595
1176,4268,237.59,13.76,275.8,141.25,0.8506,0.8506,6.4946,15.4144,15.0748,0.5471
1176,4319,9.29,0.62,55.98,161.65,0.8794,0.4397,5.5265,28.0673,0.0,0.2759
1177,4307,133.54,12.34,178.61,152.97,0.8628,0.8628,5.3678,5.2449,0.0,0.574
1177,4315,283.86,0.0,330.22,175.4,0.8804,0.4402,4.6318,25.1804,158.9252,0.1544
1177,4268,237.76,13.34,276.12,141.55,0.8647,0.8647,6.4688,15.4593,0.0,0.566
1177,4319,9.29,1.3,57.77,163.64,0.8125,0.4062,5.3984,27.9651,17.9699,0.2484
1178,4307,130.38,13.83,175.46,152.84,0.9014,0.9014,5.3826,5.8434,0.0,0.5994
1178,4315,283.07,0.0,328.08,170.98,0.8745,0.4373,4.8329,24.7707,158.9587,0.1421
1178,4268,238.0,12.69,276.39,141.45,0.8628,0.8628,6.4795,15.5086,0.0,0.5647
1178,4319,8.42,1.94,58.89,166.8,0.8657,0.4329,5.2162,28.0179,18.1334,0.2645
1179,4307,128.89,14.21,174.23,152.41,0.8877,0.8877,5.4144,6.0819,0.0,0.5901
1179,4315,282.17,0.0,326.59,169.0,0.8701,0.435,4.9246,24.5032,0.0,0.2813
1179,4268,238.1,12.08,277.0,142.96,0.8604,0.8604,6.3468,15.5698,15.6546,0.5524
1179,4319,8.06,2.08,60.04,168.16,0.8555,0.4278,5.1384,27.99,0.0,0.2685
1180,4307,125.5,14.43,171.82,152.06,0.8789,0.8789,5.4448,6.6313,0.0,0.584
1180,4315,280.37,0.0,324.49,167.47,0.8726,0.4363,4.9904,24.1257,0.0,0.2787
1180,4268,238.18,11.51,276.98,142.41,0.8618,0.8618,6.3956,15.5773,0.0,0.564
1180,4319,7.94,2.41,61.57,171.42,0.6958,0.3479,4.962,27.9698,18.9382,0.2139
1181,4307,121.65,15.06,169.5,152.31,0.8989,0.8989,5.4354,7.2508,0.0,0.5969
1181,4315,278.74,0.0,323.16,168.46,0.8691,0.4345,4.9277,23.9091,0.0,0.2815
1181,4268,238.21,11.15,276.92,142.08,0.8535,0.8535,6.4249,15.5758,0.0,0.5586
1181,4319,8.14,1.43,62.34,170.6,0.7769,0.3885,5.0,27.8691,0.0,0.244
1182,4307,121.39,15.95,169.94,151.74,0.8979,0.8979,5.4742,7.2068,0.0,0.5962
1182,4315,276.81,0.06,321.95,170.64,0.8394,0.4197,4.8057,23.7227,21.554,0.2691
1182,4268,238.1,10.73,277.0,142.53,0.8384,0.8384,6.3847,15.5711,0.0,0.5487
1182,4319,8.67,0.86,63.58,171.54,0.8735,0.4368,4.9449,27.7569,0.0,0.2776
1183,4307,118.79,16.65,168.9,152.47,0.9062,0.9062,5.4292,7.5989,0.0,0.6015
1183,4315,276.99,0.01,321.06,165.45,0.7925,0.3962,5.0747,23.4852,161.2085,0.1211
1183,4268,237.66,10.34,276.66,142.55,0.8496,0.8496,6.3805,15.4965,0.0,0.5561
1183,4319,8.71,0.37,63.02,170.02,0.8647,0.4324,5.0249,27.7533,0.0,0.2717
1184,4307,117.46,16.81,169.04,152.83,0.916,0.916,5.4066,7.7328,0.0,0.6079
1184,4315,276.05,0.0,320.36,165.2,0.8682,0.4341,5.0825,23.3376,0.0,0.2776
1184,4268,237.55,10.25,276.45,142.31,0.8496,0.8496,6.4008,15.4669,0.0,0.5561
1184,4319,10.12,0.09,65.23,172.36,0.8618,0.4309,4.8915,27.5366,21.1881,0.2675
1185,4307,116.46,16.3,169.31,152.78,0.9014,0.9014,5.4109,7.8022,0.0,0.5982
1185,4315,274.11,0.27,319.53,168.24,0.8779,0.439,4.9098,23.2017,19.8243,0.2774
1185,4268,237.77,9.97,276.65,142.15,0.8496,0.8496,6.4164,15.5077,0.0,0.5561
1185,4319,11.68,0.08,66.74,173.04,0.8394,0.4197,4.8459,27.3145,0.0,0.2728
1186,4307,115.03,15.65,168.76,152.57,0.9009,0.9009,5.4279,7.9875,0.0,0.5977
1186,4315,273.25,0.28,319.06,168.56,0.8745,0.4373,4.8886,23.0998,0.0,0.2863
1186,4268,236.58,9.76,275.57,141.94,0.8477,0.8477,6.428,15.2916,0.0,0.5551
1186,4319,13.3,0.08,68.06,173.27,0.8564,0.4282,4.8233,27.0878,0.0,0.2799
1187,4307,113.0,15.08,167.11,152.59,0.8892,0.8892,5.432,8.3508,0.0,0.5897
1187,4315,272.41,0.47,318.85,170.01,0.8813,0.4406,4.8112,23.0643,0.0,0.2931
1187,4268,234.44,9.92,273.87,141.99,0.8638,0.8638,6.4116,14.9231,0.0,0.5662
1187,4319,15.54,0.0,70.33,173.7,0.8638,0.4319,4.7852,26.7415,0.0,0.2849
1188,4307,111.33,14.42,165.32,152.22,0.8628,0.8628,5.4624,8.6769,0.0,0.5719
1188,4315,272.35,0.63,318.87,169.74,0.876,0.438,4.8247,23.0506,0.0,0.2906
1188,4268,230.58,10.17,270.89,142.0,0.8882,0.8882,6.3902,14.2641,0.0,0.583
1188,4319,17.68,0.0,72.18,173.18,0.8877,0.4439,4.7952,26.4024,0.0,0.2926
1189,4307,109.19,13.89,162.66,152.17,0.8628,0.8628,5.4736,9.1486,0.0,0.5715
1189,4315,272.52,0.78,319.15,170.11,0.8701,0.435,4.8076,23.103,0.0,0.2896
1189,4268,227.44,10.14,268.86,142.13,0.8838,0.8838,6.3637,13.7626,0.0,0.5807
1189,4319,18.01,0.0,71.83,171.57,0.8169,0.4084,4.8743,26.3493,0.0,0.265
1190,4307,106.42,13.25,159.12,152.71,0.8594,0.8594,5.4477,9.7896,0.0,0.5688
1190,4315,273.49,0.28,319.89,169.52,0.8564,0.4282,4.8432,23.226,0.0,0.2829
1190,4268,224.66,10.45,267.32,142.59,0.8862,0.8862,6.3111,13.3404,0.0,0.5828
1190,4319,22.31,0.0,76.68,172.15,0.9028,0.4514,4.8112,25.6244,0.0,0.2975
1191,4307,103.35,13.06,154.48,152.92,0.8628,0.8628,5.4477,10.5537,0.0,0.5703
1191,4315,273.05,0.09,319.56,169.67,0.8369,0.4184,4.833,23.1662,0.0,0.277
1191,4268,222.16,10.28,266.2,142.95,0.8882,0.8882,6.27,12.9859,0.0,0.5846
1191,4319,24.98,0.0,79.78,172.35,0.7583,0.3791,4.7803,25.1582,0.0,0.2519
1192,4307,100.74,12.95,149.98,152.81,0.8218,0.8218,5.4691,11.2459,0.0,0.5426
1192,4315,272.77,0.11,319.23,169.46,0.8794,0.4397,4.8415,23.1064,0.0,0.2907
1192,4268,220.05,10.72,265.34,144.09,0.8843,0.8843,6.1649,12.6936,22.4918,0.5599
1192,4319,26.94,0.06,81.55,170.84,0.7627,0.3814,4.8412,24.7956,0.0,0.2506
1193,4307,98.7,13.05,146.24,152.76,0.8535,0.8535,5.4846,11.8086,0.0,0.563
1193,4315,272.73,0.31,319.08,169.29,0.8691,0.4345,4.8495,23.084,0.0,0.2868
1193,4268,218.31,11.34,264.36,144.42,0.8735,0.8735,6.1304,12.4272,0.0,0.5755
1193,4319,31.82,0.0,88.65,174.25,0.8203,0.4102,4.6346,23.9311,29.7206,0.2637
1194,4307,97.45,13.09,143.44,152.28,0.8608,0.8608,5.5263,12.1897,0.0,0.5674
1194,4315,272.63,0.57,318.79,168.4,0.8516,0.4258,4.8938,23.0182,0.0,0.2786
1194,4268,217.19,11.57,263.79,144.63,0.8853,0.8853,6.1088,12.2615,0.0,0.5835
1194,4319,32.13,0.0,81.64,150.9,0.542,0.271,6.0464,23.8936,164.2943,0.0826
1195,4307,96.46,12.95,141.34,152.38,0.8608,0.8608,5.5263,12.493,0.0,0.5671
1195,4315,272.65,0.48,318.75,168.17,0.8433,0.4217,4.9056,23.0082,0.0,0.2752
1195,4268,214.92,11.75,262.17,144.88,0.8818,0.8818,6.0787,11.8793,0.0,0.5816
1195,4319,34.89,0.08,90.93,169.03,0.8838,0.4419,4.8709,23.2759,19.5423,0.2817
1196,4307,93.64,13.65,137.77,152.78,0.8403,0.8403,5.5138,13.1232,0.0,0.5529
1196,4315,271.54,0.91,317.47,168.28,0.7695,0.3847,4.8916,22.808,0.0,0.252
1196,4268,213.74,12.19,261.4,145.43,0.8135,0.8135,6.0292,11.6892,0.0,0.5367
1196,4319,36.66,0.11,95.4,175.52,0.5391,0.2696,4.5381,23.0171,21.4311,0.1829
1197,4307,87.44,14.19,132.35,153.22,0.8423,0.8423,5.5125,14.2535,89.9565,0.2723
1197,4315,271.46,0.98,317.15,168.42,0.7808,0.3904,4.883,22.7788,0.0,0.2562
1197,4268,212.99,12.09,260.94,145.62,0.8813,0.8813,6.0111,11.5708,0.0,0.5816
1197,4319,39.21,0.21,99.74,179.18,0.7075,0.3538,4.3568,22.6219,25.2177,0.2459
1198,4307,87.68,14.33,132.56,152.73,0.8584,0.8584,5.5448,14.1983,0.0,0.5635
1198,4315,271.17,0.73,316.58,168.39,0.8423,0.4212,4.8816,22.7041,0.0,0.2765
1198,4268,212.65,12.03,261.09,145.96,0.8647,0.8647,5.9834,11.5541,0.0,0.5706
1198,4319,41.42,0.07,103.41,182.12,0.8657,0.4329,4.2187,22.2967,26.4429,0.3078
1199,4307,88.79,14.91,133.52,152.54,0.8594,0.8594,5.5526,13.9949,0.0,0.5644
1199,4315,271.06,0.81,316.12,168.57,0.8735,0.4368,4.8704,22.6619,0.0,0.2875
1199,4268,212.08,11.15,260.93,145.71,0.8843,0.8843,6.0017,11.4804,0.0,0.5836
1199,4319,42.13,0.02,103.76,181.19,0.8564,0.4282,4.253,22.1542,0.0,0.3176
1200,4307,88.58,14.92,133.2,152.66,0.8433,0.8433,5.5457,14.0487,0.0,0.5538
1200,4315,268.55,0.75,313.82,168.46,0.835,0.4175,4.8598,22.2447,0.0,0.2758
1200,4268,210.93,10.83,259.65,145.6,0.8604,0.8604,6.0051,11.2395,0.0,0.5681
1200,4319,43.89,0.27,105.96,182.7,0.8433,0.4217,4.1813,21.9144,0.0,0.317
1201,4307,88.54,15.15,133.19,152.33,0.7925,0.7925,5.5686,14.0457,0.0,0.5204
1201,4315,269.82,0.73,314.66,168.14,0.8647,0.4324,4.8834,22.4143,0.0,0.2841
1201,4268,203.1,10.53,253.65,145.73,0.8594,0.8594,5.9658,9.8654,76.4704,0.3492
1201,4319,44.79,0.37,106.98,183.51,0.8755,0.4377,4.1442,21.8053,0.0,0.3313
1202,4307,87.48,15.21,132.51,152.48,0.8125,0.8125,5.5627,14.2164,0.0,0.5334
1202,4315,270.35,0.72,314.8,168.22,0.8545,0.4273,4.8815,22.4748,0.0,0.2808
1202,4268,206.34,10.39,256.37,145.77,0.7441,0.7441,5.9746,10.4597,0.0,0.4919
1202,4319,45.12,0.41,107.05,183.49,0.8608,0.4304,4.1438,21.7708,0.0,0.3258
1203,4307,85.39,15.23,130.34,152.82,0.668,0.668,5.5504,14.6325,0.0,0.4381
1203,4315,268.14,0.62,312.84,168.43,0.8618,0.4309,4.8567,22.1238,0.0,0.2849
1203,4268,205.3,10.46,254.6,146.06,0.8359,0.8359,5.9457,10.1821,0.0,0.5529
1203,4319,45.91,0.15,107.36,182.33,0.8135,0.4068,4.1862,21.6068,0.0,0.3058
1204,4315,269.03,0.49,313.46,168.43,0.8564,0.4282,4.8617,22.2539,0.0,0.2827
1204,4268,204.26,10.01,252.79,145.98,0.8564,0.8564,5.9464,9.8973,0.0,0.5667
1204,4319,55.08,0.23,114.56,168.87,0.6782,0.3391,4.7385,19.465,156.1411,0.1184
1205,4315,267.4,0.72,312.0,168.43,0.8545,0.4273,4.8514,21.9874,0.0,0.2829
1205,4268,203.02,10.04,250.82,146.12,0.8271,0.8271,5.9291,9.5779,0.0,0.5476
1205,4319,57.13,0.17,115.28,160.37,0.7861,0.3931,5.1937,18.8842,161.354,0.124
1206,4315,267.86,0.9,312.27,168.34,0.8052,0.4026,4.8585,22.047,0.0,0.2662
1206,4268,201.61,9.85,248.88,146.64,0.8608,0.8608,5.882,9.2481,0.0,0.5701
1206,4319,54.01,0.15,118.43,178.13,0.9048,0.4524,4.3052,19.7247,21.6322,0.324
1207,4315,267.01,0.97,311.56,168.31,0.8516,0.4258,4.8548,21.911,0.0,0.2819
1207,4268,200.48,10.16,247.35,148.3,0.8193,0.8193,5.7503,9.0079,20.0209,0.5263
1207,4319,59.47,0.14,120.98,164.83,0.8721,0.436,4.9172,18.3197,159.654,0.1428
1208,4315,268.35,1.08,312.65,168.58,0.8027,0.4013,4.8491,22.1312,0.0,0.2658
1208,4268,198.65,10.02,245.31,149.85,0.7964,0.7964,5.6298,8.6583,24.481,0.504
1208,4319,62.58,0.14,123.12,159.05,0.8618,0.4309,5.2326,17.6269,159.7091,0.1369
1209,4315,268.91,0.94,313.05,169.05,0.8359,0.4179,4.8283,22.232,0.0,0.2778
1209,4268,197.13,9.79,243.79,151.81,0.7964,0.7964,5.4868,8.4211,20.7372,0.5109
1209,4319,64.93,0.04,125.53,156.81,0.7124,0.3562,5.3576,17.1192,153.4105,0.1135
1210,4315,267.1,0.98,311.52,169.23,0.8228,0.4114,4.8081,21.9514,0.0,0.2749
1210,4268,196.44,9.61,242.67,152.26,0.8442,0.8442,5.4532,8.2601,0.0,0.5599
1210,4319,63.27,0.01,133.3,182.35,0.8135,0.4068,4.075,17.9678,22.6551,0.3043
1211,4315,268.13,0.9,312.22,168.93,0.8394,0.4197,4.829,22.0887,0.0,0.2791
1211,4268,193.36,9.54,239.81,152.78,0.8667,0.8667,5.4095,7.698,0.0,0.5752
1211,4319,63.97,0.08,137.13,191.84,0.9058,0.4529,3.7256,18.4275,24.7533,0.3573
1212,4315,269.42,0.87,313.09,169.0,0.8647,0.4324,4.8327,22.2774,0.0,0.2871
1212,4268,191.82,9.73,237.91,151.84,0.8618,0.8618,5.4687,7.316,0.0,0.5722
1212,4319,64.94,0.03,139.65,198.01,0.8525,0.4263,3.5242,18.777,26.1413,0.3459
1213,4315,269.06,0.95,312.43,168.84,0.8169,0.4084,4.8374,22.1834,0.0,0.2711
1213,4268,188.06,10.43,234.35,151.46,0.835,0.835,5.4857,6.5754,0.0,0.5548
1213,4319,70.84,0.27,144.89,197.47,0.7422,0.3711,3.5194,17.8792,0.0,0.3147
1214,4315,269.94,1.07,312.66,168.22,0.5972,0.2986,4.8729,22.2554,0.0,0.1967
1214,4268,185.99,10.61,232.66,151.67,0.8403,0.8403,5.4668,6.215,0.0,0.5586
1214,4319,72.44,0.1,147.22,200.95,0.5029,0.2515,3.4103,17.9874,28.6675,0.2066
1215,4315,270.14,1.12,312.42,168.17,0.8477,0.4239,4.8754,22.2501,0.0,0.2791
1215,4268,184.7,10.83,231.91,152.85,0.876,0.876,5.3845,6.0816,0.0,0.5824
1215,4319,74.3,0.03,139.71,178.39,0.4717,0.2359,4.1946,16.1665,157.9169,0.1008
1216,4315,270.13,1.13,312.14,168.72,0.8369,0.4184,4.8461,22.246,0.0,0.2772
1216,4268,183.99,10.85,231.62,154.02,0.8745,0.8745,5.3062,6.0611,0.0,0.5814
1216,4319,78.28,0.49,147.98,194.29,0.7627,0.3814,3.5985,16.7307,26.2292,0.307
1216,4307,52.94,14.24,100.15,168.45,0.7832,0.7832,4.81,20.9028,44.8677,0.4488
1217,4315,270.09,1.04,311.71,168.74,0.8789,0.4395,4.8435,22.2063,0.0,0.2913
1217,4268,183.28,10.85,231.32,155.75,0.8735,0.8735,5.1945,6.0949,18.6843,0.5653
1217,4319,80.59,0.46,150.44,199.5,0.5234,0.2617,3.4329,16.9965,27.8004,0.2153
1217,4307,53.06,15.04,98.73,168.61,0.7441,0.7441,4.806,21.0229,0.0,0.4988
1218,4315,270.0,1.01,311.25,168.47,0.8657,0.4329,4.8555,22.1486,0.0,0.2863
1218,4268,182.47,10.11,230.94,157.21,0.8745,0.8745,5.1033,6.1096,0.0,0.5813
1218,4319,83.92,0.17,152.69,201.74,0.501,0.2505,3.3601,16.8872,0.0,0.2182
1218,4307,53.01,15.6,98.01,169.94,0.7988,0.7988,4.7416,21.1461,0.0,0.5421
1219,4315,269.85,1.09,310.83,168.64,0.8677,0.4339,4.8449,22.1059,0.0,0.2876
1219,4268,181.59,9.19,229.8,157.29,0.8516,0.8516,5.0965,5.9335,0.0,0.5662
1219,4319,86.85,0.15,153.84,202.34,0.667,0.3335,3.3372,16.6873,0.0,0.2916
1219,4307,52.37,16.09,97.09,172.72,0.835,0.835,4.6122,21.4063,21.518,0.5612
1220,4315,267.39,1.12,308.81,169.83,0.8516,0.4258,4.7701,21.7668,0.0,0.2868
1220,4268,180.95,8.47,228.85,157.66,0.8657,0.8657,5.0728,5.826,0.0,0.5756
1220,4319,89.51,0.23,154.68,203.03,0.8667,0.4334,3.313,16.5454,0.0,0.3804
1220,4307,51.18,16.09,95.98,175.3,0.8467,0.8467,4.5006,21.7285,23.3636,0.5777
1221,4315,267.99,1.04,309.31,170.46,0.8608,0.4304,4.7424,21.8879,0.0,0.2914
1221,4268,180.48,8.01,227.9,157.77,0.833,0.833,5.0649,5.7106,0.0,0.554
1221,4319,94.27,0.63,157.78,202.66,0.8452,0.4226,3.3123,15.9809,0.0,0.3714
1221,4307,51.01,15.72,96.17,176.61,0.8516,0.8516,4.4424,21.7937,0.0,0.6108
1222,4315,268.23,1.28,309.15,169.95,0.791,0.3955,4.768,21.8736,0.0,0.2664
1222,4268,180.27,7.38,227.28,157.61,0.8296,0.8296,5.0738,5.621,0.0,0.5517
1222,4319,99.45,0.33,161.7,201.15,0.7656,0.3828,3.3424,15.1872,0.0,0.3353
1222,4307,49.05,14.93,94.03,176.61,0.811,0.811,4.4548,22.141,0.0,0.5797
1223,4315,268.62,1.28,309.09,168.91,0.8535,0.4268,4.8213,21.8601,0.0,0.2844
1223,4268,179.69,6.51,226.53,157.99,0.8262,0.8262,5.0499,5.5435,0.0,0.5495
1223,4319,100.55,0.11,161.0,201.24,0.7974,0.3987,3.3394,15.1752,0.0,0.3494
1223,4307,47.9,13.89,92.9,177.3,0.8667,0.8667,4.4316,22.3686,0.0,0.6217
1224,4315,268.54,1.37,308.75,168.8,0.8486,0.4243,4.8256,21.8194,0.0,0.2826
1224,4268,178.84,6.65,225.11,158.02,0.8125,0.8125,5.0463,5.35,0.0,0.5405
1224,4319,109.29,0.13,160.26,168.87,0.5488,0.2744,4.5182,10.5048,159.1093,0.1076
1224,4307,49.38,13.13,90.11,159.43,0.8062,0.8062,5.3615,21.7999,162.3656,0.2495
1225,4315,268.67,1.32,308.48,167.83,0.7671,0.3836,4.8749,21.7697,0.0,0.253
1225,4268,176.49,6.8,222.24,157.64,0.8608,0.8608,5.0651,4.864,0.0,0.5728
1225,4319,114.09,0.13,160.31,151.92,0.8135,0.4068,5.4866,8.8877,162.5071,0.134
1225,4307,50.15,12.12,87.73,144.31,0.7485,0.7485,6.479,21.7521,165.2764,0.2317
1226,4315,267.98,1.1,307.91,168.39,0.834,0.417,4.8419,21.6821,0.0,0.277
1226,4268,177.97,6.69,223.67,157.58,0.8086,0.8086,5.0708,5.1032,0.0,0.538
1226,4319,114.28,0.33,163.01,164.42,0.3425,0.1713,4.731,9.4084,19.8117,0.1162
1226,4307,46.43,11.13,90.06,166.26,0.8384,0.8384,4.9792,22.2635,19.0161,0.5252
1227,4315,267.04,1.21,307.1,168.98,0.811,0.4055,4.8062,21.5539,0.0,0.2714
1227,4268,174.65,6.38,220.22,157.82,0.8535,0.8535,5.0518,4.5699,0.0,0.5681
1227,4319,117.15,0.49,164.51,162.24,0.5449,0.2725,4.842,8.8238,152.58,0.0955
1227,4307,44.94,10.98,90.08,173.1,0.8296,0.8296,4.6401,22.6577,20.532,0.554
1228,4315,266.98,1.07,307.07,169.58,0.8506,0.4253,4.7757,21.5706,0.0,0.2863
1228,4268,173.44,5.8,218.76,157.71,0.8555,0.8555,5.0567,4.3445,0.0,0.5695
1228,4319,118.86,0.36,165.33,160.56,0.686,0.343,4.9324,8.4528,0.0,0.2305
1228,4307,43.94,10.48,89.63,175.88,0.8384,0.8384,4.517,22.9071,21.837,0.5708
1229,4315,266.87,0.92,306.8,169.24,0.8252,0.4126,4.7915,21.5237,0.0,0.2769
1229,4268,171.62,5.41,217.05,157.85,0.8145,0.8145,5.0464,4.0961,0.0,0.5423
1229,4319,123.48,0.31,169.3,158.87,0.6899,0.3449,5.0191,7.5218,134.3004,0.114
1229,4307,43.17,10.12,88.93,177.01,0.8252,0.8252,4.4715,23.0845,0.0,0.5863
1230,4315,266.52,1.05,306.66,170.42,0.833,0.4165,4.7312,21.5307,0.0,0.2829
1230,4268,171.98,5.64,217.12,158.44,0.8535,0.8535,5.0117,4.212,0.0,0.5682
1230,4319,130.91,0.2,184.91,183.6,0.4407,0.2203,3.852,9.2526,25.7269,0.1724
1230,4307,42.55,10.18,88.16,177.38,0.8413,0.8413,4.4598,23.2186,0.0,0.5988
1231,4315,266.92,1.28,306.46,167.52,0.7988,0.3994,4.8787,21.4303,160.7437,0.1304
1231,4268,171.93,5.92,216.87,159.03,0.8452,0.8452,4.9769,4.2767,0.0,0.5653
1231,4319,128.24,0.51,186.93,194.78,0.7964,0.3982,3.4785,11.2779,26.0782,0.3302
1231,4307,41.82,10.03,87.39,177.66,0.8496,0.8496,4.4523,23.3572,0.0,0.6052
1232,4315,267.14,1.28,306.71,166.41,0.709,0.3545,4.9386,21.4296,0.0,0.2311
1232,4268,172.58,5.3,217.31,159.43,0.8516,0.8516,4.9543,4.413,0.0,0.5721
1232,4319,128.17,0.47,189.24,198.31,0.7363,0.3681,3.3722,11.8368,27.7282,0.3086
1232,4307,40.03,10.26,86.66,182.95,0.8369,0.8369,4.2403,23.8381,22.9957,0.5967
1233,4315,268.47,1.09,308.57,165.26,0.8252,0.4126,5.0113,21.6673,0.0,0.2653
1233,4268,173.02,4.98,217.35,159.75,0.7886,0.3943,4.9362,4.4942,0.0,0.2658
1233,4319,130.84,1.08,194.79,201.06,0.5361,0.2681,3.2902,12.0842,0.0,0.2378
1233,4307,39.19,10.36,86.47,186.47,0.8477,0.8477,4.1075,24.1205,23.1351,0.6186
1234,4315,268.43,1.11,308.3,161.94,0.6123,0.3061,5.1976,21.5351,161.7022,0.0949
1234,4268,173.61,4.58,217.37,160.05,0.6768,0.3384,4.9194,4.5817,0.0,0.2289
1234,4307,38.72,10.77,85.98,188.04,0.7188,0.7188,4.0523,24.2906,0.0,0.5488
1235,4315,266.26,1.03,307.17,166.35,0.7886,0.3943,4.9404,21.3908,19.4664,0.2494
1235,4268,178.2,4.26,221.58,158.48,0.4551,0.2276,5.0159,5.0512,136.6244,0.0756
1235,4307,38.26,11.12,86.01,191.33,0.8555,0.8555,3.9364,24.5279,23.688,0.6419
1236,4315,266.39,0.99,305.83,159.2,0.644,0.322,5.3462,21.0622,162.0856,0.1002
1236,4307,37.2,11.53,84.91,192.34,0.8535,0.8535,3.908,24.7625,0.0,0.6671
1236,4319,155.47,1.0,207.82,161.63,0.791,0.3955,4.8226,3.6399,158.6716,0.1409
1237,4315,267.34,1.08,305.75,152.46,0.5557,0.2778,5.7972,21.0061,163.6432,0.0865
1237,4307,36.05,12.61,83.6,193.39,0.8628,0.8628,3.8796,25.0227,0.0,0.6771
1237,4319,159.55,0.76,210.22,155.19,0.3496,0.1748,5.2032,2.5117,159.9557,0.0582
1238,4315,264.79,0.82,305.6,162.61,0.5244,0.2622,5.1371,20.9967,18.315,0.1646
1238,4307,34.73,13.21,82.95,197.03,0.8159,0.8159,3.7661,25.415,25.8413,0.6247
1238,4319,161.87,0.63,212.47,154.61,0.7271,0.3635,5.2411,2.6341,0.0,0.2422
1239,4315,264.11,0.83,305.52,165.64,0.791,0.3955,4.966,21.0321,18.8995,0.2496
1239,4307,32.92,13.53,82.09,201.38,0.8647,0.8647,3.6394,25.9185,26.9511,0.673
1239,4319,159.92,0.65,217.72,178.9,0.8135,0.4068,4.0188,7.3689,22.991,0.3125
1240,4315,263.46,0.83,305.33,167.93,0.834,0.417,4.8426,21.0459,19.3855,0.2696
1240,4307,31.19,13.38,81.04,203.72,0.8433,0.8433,3.5784,26.2936,0.0,0.693
1240,4319,160.92,0.68,223.34,192.71,0.8271,0.4135,3.5331,10.223,26.4207,0.34
1241,4315,263.1,0.83,304.67,167.14,0.6689,0.3345,4.8804,20.9254,0.0,0.2209
1241,4307,30.45,12.85,80.85,205.63,0.8477,0.8477,3.5264,26.5012,0.0,0.702
1241,4319,159.35,2.98,215.65,176.57,0.5029,0.2515,4.1124,6.847,156.6692,0.113
1242,4315,262.76,1.02,304.27,167.75,0.5659,0.2829,4.8463,20.8847,0.0,0.1882
1242,4307,30.24,11.55,80.89,205.65,0.8628,0.8628,3.5263,26.5152,0.0,0.7145
1242,4319,158.08,4.84,212.4,170.72,0.562,0.281,4.3662,5.5872,157.287,0.117
1243,4315,261.79,1.18,303.13,167.5,0.4795,0.2397,4.8526,20.6897,0.0,0.1594
1243,4307,29.65,10.04,80.75,206.12,0.8604,0.8604,3.5151,26.6034,0.0,0.7136
1243,4319,156.66,2.24,211.48,168.62,0.2043,0.1022,4.4644,5.123,156.3744,0.0412
1244,4315,260.88,1.34,302.16,168.05,0.7422,0.3711,4.8183,20.5471,0.0,0.2485
1244,4307,30.67,9.19,80.33,198.26,0.8779,0.8779,3.7466,26.0087,155.3234,0.4097
1244,4319,164.08,3.35,221.67,167.68,0.7627,0.3814,4.5147,5.5311,108.1013,0.1512
1245,4315,259.51,1.39,298.21,153.6,0.7695,0.3847,5.6611,19.6385,162.7053,0.1208
1245,4307,30.24,8.5,81.51,203.23,0.8906,0.8906,3.594,26.2944,25.3463,0.7014
1245,4319,164.67,4.78,224.7,167.43,0.582,0.291,4.5285,5.6733,0.0,0.2118
1246,4315,257.97,1.51,299.11,163.66,0.7769,0.3885,5.0342,19.8495,18.6971,0.2444
1246,4307,30.31,7.97,82.43,204.86,0.8877,0.8877,3.5442,26.3383,0.0,0.7334
1246,4319,150.64,5.66,208.84,167.64,0.8218,0.8218,4.5111,4.8548,87.9257,0.3364
1246,4268,191.36,0.36,238.08,160.8,0.5547,0.2773,4.9107,7.8894,71.9367,0.1235
1247,4315,253.34,2.1,295.99,167.18,0.8506,0.4253,4.8215,19.2976,24.7636,0.2727
1247,4307,30.54,6.87,83.63,206.17,0.8892,0.8892,3.5033,26.3292,0.0,0.7395
1247,4319,146.05,6.06,202.57,166.79,0.7656,0.7656,4.554,4.8238,113.4146,0.2998
1248,4315,249.64,2.23,293.42,168.36,0.8779,0.439,4.7431,18.7926,0.0,0.2999
1248,4307,31.81,6.18,85.1,203.59,0.8726,0.8726,3.569,25.9349,0.0,0.7189
1248,4319,144.42,6.27,200.11,167.61,0.8262,0.8262,4.5146,5.1006,0.0,0.6032
1248,4268,189.17,0.12,236.93,160.43,0.5469,0.2735,4.9277,7.5534,0.0,0.1841
1249,4315,249.21,2.65,293.19,168.43,0.8306,0.4153,4.7378,18.7371,0.0,0.2841
1249,4307,33.71,5.75,88.78,205.88,0.877,0.877,3.4887,25.6919,0.0,0.7325
1249,4319,143.68,6.33,198.43,167.46,0.811,0.811,4.5226,5.1543,0.0,0.5912
1250,4315,248.42,2.9,292.73,169.45,0.7754,0.3877,4.6834,18.6756,0.0,0.268
1250,4307,34.94,6.15,91.13,207.35,0.8931,0.8931,3.4387,25.5428,0.0,0.7522
1250,4319,143.25,6.32,197.25,167.22,0.8433,0.8433,4.5349,5.1699,0.0,0.6134
1250,4268,187.92,0.0,251.78,200.32,0.6216,0.3108,3.3441,13.9212,27.4875,0.2611
1251,4315,247.71,3.17,291.93,169.27,0.7949,0.3975,4.6881,18.5322,0.0,0.2746
1251,4307,35.36,5.5,92.58,207.69,0.9014,0.9014,3.4245,25.4324,0.0,0.7612
1251,4319,143.87,6.02,197.2,167.05,0.8545,0.8545,4.5431,5.1155,0.0,0.6206
1251,4268,186.54,0.31,256.28,209.3,0.5962,0.2981,3.109,15.5251,29.2689,0.2576
1252,4315,248.2,3.64,292.06,169.45,0.7378,0.3689,4.681,18.5965,0.0,0.2552
1252,4307,35.49,5.63,93.38,208.15,0.9038,0.9038,3.4097,25.4014,0.0,0.7651
1252,4319,144.14,6.17,196.63,166.52,0.8452,0.8452,4.5694,5.0275,0.0,0.6109
1252,4268,186.59,0.1,259.55,212.76,0.667,0.3335,3.0283,16.251,0.0,0.3056
1253,4315,248.89,3.63,292.44,169.69,0.8203,0.4102,4.6721,18.7037,0.0,0.2841
1253,4307,35.27,5.88,93.68,208.19,0.9023,0.9023,3.4084,25.3988,0.0,0.7639
1253,4319,144.67,6.12,196.59,166.62,0.8545,0.8545,4.5643,5.0269,0.0,0.6182
1253,4268,187.81,0.37,262.79,215.33,0.8779,0.439,2.9729,16.887,0.0,0.405
1254,4315,249.34,4.08,292.45,169.02,0.7139,0.3569,4.7065,18.7113,0.0,0.2456
1254,4307,35.08,6.17,93.83,207.89,0.9028,0.9028,3.4166,25.3773,0.0,0.7634
1254,4319,145.26,6.27,196.58,167.03,0.8477,0.8477,4.5438,5.0824,0.0,0.6156
1254,4268,191.25,0.66,266.06,214.02,0.8203,0.4102,3.0107,17.0313,0.0,0.3762
1255,4315,250.97,4.24,293.29,168.2,0.6001,0.3,4.7546,18.892,0.0,0.2045
1255,4307,34.88,6.66,94.04,207.93,0.9048,0.9048,3.4155,25.3798,0.0,0.7652
1255,4319,145.84,6.13,196.63,167.38,0.8555,0.8555,4.5264,5.126,0.0,0.6232
1255,4268,193.63,0.41,268.76,213.71,0.8286,0.4143,3.0239,17.2615,0.0,0.3791
1256,4307,36.6,7.41,95.54,208.1,0.8965,0.8965,3.4026,25.157,0.0,0.7603
1256,4319,146.23,6.16,196.31,167.42,0.8555,0.8555,4.5244,5.1312,0.0,0.6234
1256,4268,199.35,0.13,275.47,214.1,0.6611,0.3306,3.0304,18.0314,0.0,0.3018
1257,4307,37.06,7.7,95.77,207.21,0.9014,0.9014,3.4249,25.0329,0.0,0.762
1257,4319,146.94,6.07,196.21,167.16,0.835,0.835,4.537,5.0598,0.0,0.6071
1257,4268,206.6,0.12,283.49,213.04,0.9141,0.4571,3.0773,18.8181,0.0,0.4137
1258,4307,37.99,7.63,96.27,205.92,0.9038,0.9038,3.4566,24.8213,0.0,0.7607
1258,4319,147.61,5.65,196.16,166.98,0.8594,0.8594,4.5457,5.0038,0.0,0.6239
1258,4268,212.69,0.21,290.11,211.87,0.895,0.4475,3.1258,19.4896,0.0,0.4016
1259,4307,38.44,8.07,96.43,205.33,0.8994,0.8994,3.4715,24.7279,0.0,0.7554
1259,4319,147.83,5.3,195.63,166.81,0.8433,0.8433,4.5542,4.9818,0.0,0.6113
1259,4268,216.88,0.24,295.0,212.06,0.9043,0.4521,3.1367,20.121,0.0,0.4046
1260,4307,38.58,7.95,96.48,205.0,0.8779,0.8779,3.4802,24.6869,0.0,0.7364
1260,4319,148.39,5.26,195.51,166.66,0.8701,0.8701,4.5616,4.9378,0.0,0.6299
1260,4268,222.27,0.17,300.23,210.39,0.8477,0.4239,3.1974,20.6544,0.0,0.3754
1261,4307,39.18,8.65,96.71,204.87,0.8921,0.8921,3.4817,24.6143,0.0,0.7483
1261,4319,148.51,5.24,195.19,167.26,0.8604,0.8604,4.5319,5.0602,0.0,0.6262
1261,4268,229.77,0.14,297.28,174.86,0.8647,0.4324,4.3937,17.7397,158.8427,0.1722
1262,4307,39.15,9.1,96.65,205.19,0.8979,0.8979,3.473,24.6471,0.0,0.7541
1262,4319,148.68,5.14,194.95,167.68,0.8701,0.8701,4.5114,5.1435,0.0,0.6356
1262,4268,232.35,0.13,296.79,161.59,0.835,0.4175,5.0679,17.2409,161.4557,0.1329
1263,4307,38.27,9.64,95.88,205.5,0.8843,0.8843,3.4686,24.7953,0.0,0.7429
1263,4319,148.91,5.29,194.71,167.74,0.8525,0.8525,4.5085,5.1554,0.0,0.6231
1263,4268,226.95,0.62,303.88,194.68,0.7964,0.3982,3.6589,19.6373,25.061,0.3165
1264,4307,36.72,9.65,94.93,206.16,0.8989,0.8989,3.4567,25.0346,0.0,0.7561
1264,4319,149.11,5.53,194.32,167.3,0.8604,0.8604,4.5301,5.077,0.0,0.6264
1264,4268,226.49,0.33,306.75,205.11,0.8315,0.4158,3.3569,20.8492,27.3443,0.3437
1265,4307,35.6,10.02,94.11,205.67,0.8945,0.8945,3.4754,25.1394,0.0,0.7499
1265,4319,149.3,6.27,193.88,167.04,0.8604,0.8604,4.5429,5.0357,0.0,0.6249
1265,4268,226.8,0.21,307.5,209.01,0.8721,0.436,3.2557,21.3365,28.1775,0.3649
1266,4307,34.75,10.15,93.81,205.47,0.915,0.915,3.484,25.2091,0.0,0.7659
1266,4319,149.46,6.63,193.82,167.78,0.8711,0.8711,4.5066,5.1745,0.0,0.6369
1266,4268,227.16,0.16,307.32,210.71,0.9043,0.4521,3.2127,21.532,0.0,0.3987
1267,4307,32.76,10.01,92.39,205.39,0.895,0.895,3.4953,25.4565,0.0,0.7473
1267,4319,149.74,7.14,193.58,167.32,0.8525,0.8525,4.5291,5.0847,0.0,0.6207
1267,4268,227.2,0.14,306.45,211.35,0.8921,0.4461,3.1949,21.543,0.0,0.3943
1268,4307,31.03,10.04,90.1,204.34,0.8828,0.8828,3.5359,25.6755,0.0,0.7318
1268,4319,149.9,7.7,193.62,168.07,0.8677,0.8677,4.4925,5.2225,0.0,0.636
1268,4268,228.53,0.32,306.47,211.87,0.8618,0.4309,3.1847,21.6946,0.0,0.3814
1269,4307,28.89,9.21,88.01,204.96,0.8862,0.8862,3.5298,26.0369,0.0,0.7345
1269,4319,149.99,8.08,193.25,166.87,0.8608,0.8608,4.5513,5.001,0.0,0.6243
1269,4268,230.31,0.3,306.92,211.88,0.8804,0.4402,3.1889,21.8525,0.0,0.3892
1270,4307,27.09,9.45,85.02,204.27,0.8843,0.8843,3.5628,26.3422,0.0,0.7284
1270,4319,149.84,8.22,192.92,166.69,0.835,0.835,4.5604,4.9837,0.0,0.6046
1270,4268,232.22,0.1,307.58,211.61,0.8525,0.4263,3.2009,22.0049,0.0,0.3761
1270,4345,236.62,0.92,254.33,30.58,0.4707,0.2354,10.0,90.0,0.0,0.0
1271,4307,26.07,9.45,83.43,204.85,0.8916,0.8916,3.5536,26.5777,0.0,0.7349
1271,4319,149.8,7.79,192.97,166.72,0.8564,0.8564,4.5589,4.9891,0.0,0.6202
1271,4268,233.13,0.12,307.34,210.69,0.8306,0.4153,3.2254,21.9551,0.0,0.3651
1271,4345,236.71,0.9,254.33,30.3,0.2766,0.1383,10.0,90.0,0.0,0.0
1272,4307,25.28,9.54,81.64,204.79,0.8867,0.8867,3.5626,26.7643,0.0,0.7294
1272,4319,149.77,7.81,192.82,166.36,0.8677,0.8677,4.5769,4.927,0.0,0.6264
1272,4268,234.31,0.04,307.59,210.09,0.7925,0.3962,3.2436,21.9944,0.0,0.3474
1272,4346,220.44,1.27,257.23,153.84,0.667,0.3335,5.4176,12.0961,0.0,0.2199
1273,4307,23.72,9.2,79.26,205.13,0.8745,0.8745,3.5642,27.0791,0.0,0.7185
1273,4319,149.9,8.09,193.0,166.79,0.8423,0.8423,4.5554,4.9978,0.0,0.6104
1273,4268,243.7,0.19,305.11,174.61,0.2316,0.1158,4.4618,19.6236,159.1424,0.0447
1273,4346,217.55,0.62,254.41,152.44,0.499,0.2495,5.4999,11.4966,141.7321,0.0815
1274,4307,22.79,9.44,77.63,205.08,0.8711,0.8711,3.573,27.2642,0.0,0.7142
1274,4319,149.74,8.19,192.91,167.14,0.8315,0.8315,4.5381,5.0737,0.0,0.6045
1274,4268,244.89,0.05,301.99,157.7,0.4619,0.2309,5.3546,18.7414,162.2107,0.0729
1274,4346,214.98,1.28,251.78,151.53,0.6479,0.324,5.5521,10.9611,0.0,0.214
1274,4345,235.18,1.23,254.04,32.24,0.363,0.1815,10.0,90.0,0.0,0.0
1275,4307,23.15,10.09,77.17,205.15,0.8647,0.8647,3.5713,27.2764,0.0,0.7091
1275,4319,149.66,8.04,193.27,168.58,0.8086,0.8086,4.4681,5.3405,0.0,0.5952
1275,4268,258.87,0.01,303.21,118.89,0.4456,0.2228,9.6424,20.508,169.9621,0.0696
1275,4346,211.59,1.18,249.48,153.09,0.7378,0.3689,5.4341,10.4518,30.352,0.227
1275,4345,234.25,1.23,253.57,32.45,0.2268,0.1134,10.0,90.0,0.0,0.0
1276,4307,22.61,10.7,76.09,205.08,0.876,0.876,3.578,27.3907,0.0,0.7174
1276,4319,149.55,8.07,193.49,169.49,0.8477,0.8477,4.4249,5.5126,0.0,0.6288
1276,4268,251.33,0.32,314.91,174.49,0.6362,0.3181,4.5173,21.1231,20.8,0.2185
1276,4346,209.65,1.35,248.32,153.22,0.7271,0.3635,5.4197,10.1527,0.0,0.2405
1277,4307,23.7,11.3,76.42,205.06,0.8813,0.8813,3.5744,27.2849,0.0,0.7224
1277,4319,149.57,7.98,193.51,169.64,0.8076,0.8076,4.4178,5.5404,0.0,0.5998
1277,4268,255.09,0.31,313.68,160.08,0.4485,0.2243,5.2805,20.7789,162.1516,0.0699
1277,4346,208.71,1.31,248.42,153.86,0.7627,0.3814,5.3756,10.095,0.0,0.2523
1278,4307,23.85,11.99,75.58,203.18,0.8296,0.8296,3.631,27.2075,0.0,0.6739
1278,4319,149.25,7.85,193.11,169.32,0.7471,0.7471,4.4331,5.5022,0.0,0.5534
1278,4268,258.1,0.3,313.86,150.33,0.8193,0.4097,5.9492,20.8783,164.0331,0.1276
1278,4346,206.99,2.07,247.68,153.89,0.7974,0.3987,5.3692,9.8557,0.0,0.2638
1279,4307,23.77,12.33,75.35,204.07,0.8477,0.8477,3.6059,27.2907,0.0,0.6913
1279,4319,148.81,7.89,192.53,168.72,0.835,0.835,4.4619,5.4226,0.0,0.6153
1279,4268,259.74,0.3,314.71,146.71,0.6279,0.314,6.2435,21.074,164.447,0.0977
1279,4346,205.63,2.44,247.34,153.7,0.8711,0.4355,5.3788,9.6816,0.0,0.2883
1280,4307,23.28,12.64,74.71,204.59,0.8516,0.8516,3.5942,27.4094,0.0,0.6955
1280,4319,148.72,7.81,192.61,168.86,0.8228,0.8228,4.4552,5.4497,0.0,0.6071
1280,4268,255.95,0.39,320.78,175.93,0.5098,0.2549,4.4843,22.0907,20.9556,0.1756
1280,4346,203.78,2.76,246.61,153.25,0.8906,0.4453,5.4044,9.4105,0.0,0.2949
1281,4307,23.01,12.56,74.11,203.58,0.8384,0.8384,3.6261,27.4053,0.0,0.6812
1281,4319,148.5,7.5,192.47,168.63,0.7305,0.7305,4.4663,5.4189,0.0,0.5379
1281,4268,255.78,0.25,323.26,186.05,0.3513,0.1757,4.0781,22.8542,23.1103,0.1294
1281,4346,202.05,3.25,246.19,152.98,0.8403,0.4202,5.4189,9.1885,0.0,0.2783
1282,4307,23.17,12.7,74.04,202.64,0.8691,0.8691,3.6535,27.3361,0.0,0.7031
1282,4319,148.38,7.38,191.71,165.39,0.7471,0.7471,4.6267,4.8449,159.6795,0.2853
1282,4268,256.61,0.1,324.62,189.62,0.6123,0.3061,3.9545,23.2616,24.9743,0.2289
1282,4346,200.75,2.94,246.25,152.32,0.8555,0.4278,5.4615,9.0408,0.0,0.2834
1283,4307,23.84,12.09,74.76,201.73,0.8906,0.8906,3.6766,27.1727,0.0,0.7181
1283,4319,147.53,7.24,191.87,168.46,0.7178,0.7178,4.475,5.4467,20.9462,0.5119
1283,4268,256.85,0.12,324.75,192.25,0.8525,0.4263,3.8644,23.4692,0.0,0.337
1283,4346,200.1,3.2,246.93,152.73,0.8203,0.4102,5.4337,9.0595,0.0,0.2717
1284,4307,25.05,12.04,76.29,200.37,0.8989,0.8989,3.7097,26.8785,0.0,0.7215
1284,4319,147.38,7.28,192.14,169.51,0.7422,0.7422,4.425,5.6401,0.0,0.5505
1284,4268,257.68,0.14,324.66,192.15,0.8818,0.4409,3.8699,23.5211,0.0,0.3482
1284,4346,200.12,2.82,248.15,152.52,0.6958,0.3479,5.45,9.1735,0.0,0.2305
1285,4307,25.45,12.11,76.63,198.1,0.9028,0.9028,3.7782,26.6762,0.0,0.7169
1285,4319,146.98,7.11,192.59,172.4,0.8525,0.8525,4.2927,6.1885,21.6049,0.6271
1285,4268,259.36,0.05,324.34,188.32,0.8564,0.4282,4.008,23.3758,156.9866,0.1877
1285,4346,200.79,2.48,249.71,152.81,0.8604,0.4302,5.4341,9.404,0.0,0.2849
1286,4307,25.82,11.39,76.83,194.27,0.9072,0.9072,3.9013,26.3958,156.0566,0.4038
1286,4319,146.71,7.14,192.9,174.69,0.835,0.835,4.1927,6.6271,0.0,0.6447
1286,4268,260.62,0.2,324.96,189.0,0.8555,0.4278,3.9889,23.5705,0.0,0.3309
1286,4346,197.91,2.44,247.52,152.55,0.8101,0.4051,5.4433,8.8949,0.0,0.2684
1287,4307,25.89,11.2,77.07,192.39,0.9102,0.9102,3.9644,26.2605,0.0,0.7012
1287,4319,146.07,6.88,192.82,176.19,0.7988,0.7988,4.1298,6.9391,0.0,0.6233
1287,4268,261.62,0.26,325.6,190.56,0.458,0.229,3.9385,23.8027,0.0,0.1786
1287,4346,196.57,2.33,245.89,149.09,0.8394,0.4197,5.6827,8.4887,161.6746,0.1384
1288,4307,26.18,10.29,77.38,189.39,0.8745,0.8745,4.0687,26.0431,156.841,0.3705
1288,4319,145.5,6.32,192.75,176.37,0.4688,0.4688,4.1225,6.9942,0.0,0.3662
1288,4268,262.69,0.19,326.16,191.71,0.7305,0.3653,3.9033,24.0079,0.0,0.2864
1288,4346,194.97,2.19,245.51,150.9,0.5186,0.2593,5.5495,8.3446,18.8289,0.1673
1289,4307,26.42,10.14,77.51,186.63,0.8818,0.8818,4.1698,25.8648,157.4734,0.3621
1289,4319,144.49,5.64,192.24,177.51,0.7656,0.7656,4.0763,7.2627,0.0,0.6026
1289,4268,265.06,0.16,326.53,187.75,0.7305,0.3653,4.0518,23.9755,156.8529,0.1574
1289,4346,195.23,1.68,245.32,148.5,0.6841,0.3421,5.7233,8.2838,163.4515,0.1128
1290,4307,26.48,10.0,77.78,184.9,0.9106,0.9106,4.2352,25.749,0.0,0.6698
1290,4319,144.17,4.93,192.36,178.02,0.8628,0.4314,4.0558,7.3669,0.0,0.3407
1290,4268,266.51,0.05,327.41,187.24,0.8535,0.4268,4.0776,24.1321,0.0,0.3246
1290,4346,194.19,1.11,243.66,146.11,0.7471,0.3735,5.9022,7.9724,161.3373,0.1233
1291,4307,27.74,9.76,79.8,183.66,0.8916,0.8916,4.2732,25.4245,0.0,0.652
1291,4319,142.63,4.39,191.03,178.46,0.8496,0.4248,4.0392,7.5498,0.0,0.3364
1291,4268,267.71,0.11,328.58,187.74,0.8721,0.436,4.0663,24.352,0.0,0.3321
1291,4346,192.92,1.25,241.74,145.04,0.8135,0.4068,5.9828,7.6415,0.0,0.27
1292,4307,28.38,9.58,81.38,183.35,0.7612,0.7612,4.2783,25.2308,0.0,0.5565
1292,4319,141.69,3.82,190.57,178.97,0.8564,0.4282,4.0195,7.6973,0.0,0.3402
1292,4268,269.01,0.04,328.83,183.62,0.6758,0.3379,4.2279,24.2434,158.0645,0.1375
1292,4346,190.43,0.79,238.24,144.48,0.6621,0.3311,6.0196,7.0328,0.0,0.2199
1293,4307,27.89,9.15,81.86,183.58,0.8975,0.8975,4.2692,25.2432,0.0,0.6572
1293,4319,139.72,3.25,189.27,179.32,0.8789,0.4395,4.0071,7.8899,0.0,0.3498
1293,4268,268.73,0.01,329.96,186.57,0.8804,0.4402,4.117,24.4763,23.0836,0.3204
1293,4346,188.32,0.5,235.4,144.77,0.7832,0.3916,5.9892,6.5317,0.0,0.2602
1294,4307,28.46,8.71,83.12,184.27,0.8779,0.8779,4.236,25.1318,0.0,0.647
1294,4319,138.93,2.67,188.98,179.62,0.8618,0.4309,3.9959,7.9895,0.0,0.3436
1294,4268,270.43,0.0,331.75,185.8,0.8779,0.439,4.157,24.7131,0.0,0.3286
1294,4346,185.87,0.49,231.98,145.55,0.7925,0.3962,5.919,5.9412,0.0,0.2635
1295,4307,27.82,8.55,83.02,184.57,0.8862,0.8862,4.2266,25.2068,0.0,0.6541
1295,4319,138.29,2.37,188.6,179.52,0.8193,0.4097,4.0003,8.0141,0.0,0.3264
1295,4268,272.05,0.37,333.69,185.93,0.7129,0.3564,4.1632,25.0056,0.0,0.2663
1295,4346,184.5,0.22,229.38,145.03,0.5879,0.2939,5.9562,5.5322,0.0,0.1955
1296,4307,28.01,8.78,83.46,184.25,0.896,0.896,4.2371,25.1396,0.0,0.6602
1296,4319,137.46,2.36,187.92,179.46,0.8682,0.4341,4.0034,8.0687,0.0,0.3457
1296,4268,273.13,0.13,335.35,185.95,0.9189,0.4595,4.1712,25.2256,0.0,0.3425
1296,4346,183.46,0.3,227.19,145.13,0.8027,0.4013,5.9446,5.2038,0.0,0.267
1297,4307,27.33,8.97,82.59,184.26,0.9092,0.9092,4.2417,25.2644,0.0,0.6691
1297,4319,138.32,2.46,188.94,179.61,0.8628,0.4314,3.9966,8.0149,0.0,0.3439
1297,4268,274.42,0.14,336.59,183.61,0.8657,0.4329,4.2705,25.3058,157.1843,0.1725
1297,4346,182.6,0.44,225.1,145.56,0.833,0.4165,5.9073,4.9078,0.0,0.2772
1298,4307,28.95,8.95,84.23,184.01,0.9028,0.9028,4.241,24.9897,0.0,0.6651
1298,4319,139.29,2.6,190.01,179.46,0.8677,0.4339,4.0015,7.9033,0.0,0.3456
1298,4268,276.54,0.05,338.21,180.18,0.8862,0.4431,4.4235,25.4413,157.8854,0.1674
1298,4346,181.57,0.49,222.71,144.8,0.7456,0.3728,5.965,4.5508,0.0,0.2481
1299,4307,29.14,8.85,84.46,183.94,0.9023,0.9023,4.2424,24.9523,0.0,0.6646
1299,4319,140.12,2.48,191.09,179.39,0.8853,0.4426,4.0034,7.8156,0.0,0.3525
1299,4268,278.92,0.2,340.22,177.95,0.9121,0.4561,4.5349,25.6976,155.77,0.1653
1299,4346,181.43,0.51,221.5,145.46,0.811,0.4055,5.9108,4.4199,0.0,0.2699
1300,4307,29.81,8.92,85.24,183.47,0.8604,0.8604,4.2564,24.8109,0.0,0.6324
1300,4319,140.7,2.63,191.81,179.53,0.8818,0.4409,3.9973,7.7934,0.0,0.3515
1300,4268,281.01,0.07,341.82,175.62,0.6758,0.3379,4.653,25.9014,157.5732,0.117
1300,4346,179.94,1.17,218.89,145.07,0.7974,0.3987,5.9386,3.996,0.0,0.2655
1301,4307,28.84,8.94,83.97,183.78,0.8677,0.8677,4.2513,25.0076,0.0,0.638
1301,4319,141.15,2.69,192.37,179.76,0.8804,0.4402,3.9879,7.8008,0.0,0.3515
1301,4268,282.37,0.02,343.21,176.28,0.9014,0.4507,4.6327,26.1494,0.0,0.3072
1301,4346,179.02,1.87,216.89,144.65,0.6968,0.3484,5.9703,3.6932,0.0,0.232
1302,4307,29.44,8.77,84.51,183.82,0.8555,0.8555,4.246,24.9179,0.0,0.6298
1302,4319,141.79,2.82,193.22,180.02,0.8726,0.4363,3.9772,7.7994,0.0,0.349
1302,4268,283.84,0.0,344.25,175.98,0.8359,0.4179,4.6556,26.3398,0.0,0.2834
1302,4346,178.65,0.89,215.72,143.85,0.5205,0.2602,6.0348,3.5331,0.0,0.1733
1303,4307,28.94,8.71,83.56,183.86,0.8892,0.8892,4.2491,25.0366,0.0,0.654
1303,4319,142.74,2.68,194.92,181.59,0.8604,0.4302,3.9162,8.0193,0.0,0.3476
1303,4268,282.15,0.09,342.58,175.32,0.7529,0.3765,4.6737,26.0436,0.0,0.2546
1303,4346,178.66,2.25,215.06,144.58,0.7695,0.3847,5.9744,3.4683,0.0,0.2563
1304,4307,29.92,8.87,84.38,183.98,0.8818,0.8818,4.2386,24.898,0.0,0.6501
1304,4319,143.73,3.1,196.95,183.84,0.8545,0.4273,3.8318,8.3782,0.0,0.3499
1304,4268,282.37,0.03,342.94,176.78,0.8564,0.4282,4.609,26.1473,0.0,0.2932
1304,4346,176.34,2.48,212.96,145.25,0.8135,0.4068,5.9174,3.0238,0.0,0.271
1305,4307,30.86,9.12,85.14,183.48,0.8628,0.8628,4.2529,24.7348,0.0,0.6348
1305,4319,144.4,3.26,198.57,185.78,0.8677,0.4339,3.7618,8.7093,0.0,0.3592
1305,4268,282.61,0.1,342.75,176.41,0.6704,0.3352,4.626,26.1367,0.0,0.2288
1305,4346,176.17,3.03,212.88,145.32,0.6084,0.3042,5.9117,2.9995,0.0,0.2027
1306,4307,29.94,9.13,83.94,183.77,0.8931,0.8931,4.2482,24.9209,0.0,0.6572
1306,4319,146.37,3.51,201.77,187.05,0.8013,0.4007,3.7165,8.8736,0.0,0.3341
1306,4268,284.35,0.03,340.21,162.77,0.4707,0.2354,5.3298,25.6409,162.1225,0.0707
1307,4307,29.52,9.04,83.08,183.14,0.895,0.895,4.2774,24.9916,0.0,0.655
1307,4319,146.64,3.88,202.74,187.69,0.8296,0.4148,3.6944,8.9851,0.0,0.347
1307,4268,282.22,0.2,340.75,171.69,0.8169,0.4084,4.8412,25.7686,19.3656,0.2597
1308,4307,29.17,9.28,82.47,183.48,0.8979,0.8979,4.267,25.0862,0.0,0.6581
1308,4319,145.7,3.84,202.81,190.49,0.8701,0.435,3.6011,9.553,0.0,0.3692
1308,4268,280.58,0.35,339.91,174.58,0.6978,0.3489,4.6928,25.6713,20.468,0.2281
1309,4307,29.09,9.47,82.26,183.89,0.8843,0.8843,4.2517,25.1306,0.0,0.6499
1309,4319,148.5,3.27,205.34,185.63,0.791,0.3955,3.7653,8.5292,152.6474,0.1955
1309,4268,279.39,0.32,339.08,175.9,0.7544,0.3772,4.6245,25.5587,0.0,0.258
1310,4307,29.2,9.63,82.01,183.59,0.8828,0.8828,4.264,25.1265,0.0,0.6473
1310,4319,148.77,3.23,205.96,184.46,0.8252,0.4126,3.8069,8.2878,0.0,0.3393
1310,4268,277.59,0.49,337.39,175.66,0.8101,0.4051,4.6231,25.2645,0.0,0.2775
1311,4307,29.0,9.69,81.88,184.69,0.8779,0.8779,4.2218,25.2099,0.0,0.6485
1311,4319,148.81,2.94,208.23,191.45,0.8843,0.4421,3.5692,9.6789,25.7715,0.3624
1311,4268,275.7,0.64,335.81,175.48,0.8594,0.4297,4.6191,24.9731,0.0,0.2949
1312,4307,28.59,9.9,81.21,184.19,0.8691,0.8691,4.2449,25.2704,0.0,0.6392
1312,4319,148.6,1.1,210.01,196.96,0.8745,0.4373,3.3997,10.7737,26.8035,0.3666
1312,4268,274.67,0.79,335.16,175.59,0.8647,0.4324,4.6082,24.8397,0.0,0.2975
1313,4307,28.01,10.35,80.61,184.37,0.8682,0.8682,4.2417,25.3742,0.0,0.6387
1313,4319,149.66,2.75,210.95,199.6,0.8628,0.4314,3.3235,11.2964,0.0,0.3812
1313,4268,273.83,0.85,334.64,175.73,0.7886,0.3943,4.5971,24.7337,0.0,0.272
1314,4307,26.93,10.79,79.96,184.81,0.8667,0.8667,4.2301,25.535,0.0,0.6386
1314,4319,150.83,2.77,211.97,200.94,0.8262,0.4131,3.2859,11.5647,0.0,0.367
1314,4268,273.44,1.33,334.17,175.59,0.686,0.343,4.6005,24.6571,0.0,0.2365
1315,4307,29.65,10.96,83.2,184.79,0.8262,0.8262,4.2116,25.0572,0.0,0.6117
1315,4319,151.2,1.86,211.82,199.56,0.8101,0.4051,3.3247,11.2924,0.0,0.3579
1315,4268,272.78,1.51,333.41,175.44,0.6758,0.3379,4.6025,24.5337,0.0,0.233
1316,4307,28.7,10.92,83.27,184.78,0.8838,0.8838,4.2148,25.1273,0.0,0.6539
1316,4319,152.67,0.87,213.33,200.81,0.8535,0.4268,3.2897,11.5512,0.0,0.3789
1316,4268,271.89,2.41,332.03,174.74,0.7612,0.3806,4.6269,24.3166,0.0,0.2614
1317,4307,28.0,10.81,83.33,184.78,0.8877,0.8877,4.2169,25.1785,0.0,0.6564
1317,4319,151.65,0.41,212.48,201.34,0.8442,0.4221,3.2749,11.6476,0.0,0.3756
1317,4268,272.57,2.75,329.03,162.52,0.6548,0.3274,5.2542,23.7046,161.7255,0.0999
1318,4307,26.54,11.23,82.37,184.97,0.8726,0.8726,4.2173,25.382,0.0,0.6447
1318,4319,154.63,0.42,215.35,200.85,0.8813,0.4406,3.289,11.5867,0.0,0.3913
1318,4268,268.81,3.53,328.42,171.7,0.8794,0.4397,4.7482,23.6347,19.7922,0.2869
1319,4307,25.55,11.47,81.74,185.04,0.8877,0.8877,4.2198,25.5149,0.0,0.6553
1319,4319,156.31,0.35,216.97,200.89,0.8618,0.4309,3.2884,11.6277,0.0,0.3827
1319,4268,269.13,3.8,328.79,173.03,0.8423,0.4212,4.6865,23.7459,0.0,0.2865
1320,4307,23.5,11.56,80.21,185.81,0.8701,0.8701,4.2018,25.8394,0.0,0.6437
1320,4319,157.98,0.32,218.7,200.97,0.8667,0.4334,3.2869,11.6871,0.0,0.3849
1320,4268,267.11,4.08,327.15,173.93,0.8721,0.436,4.6318,23.4768,0.0,0.3001
1321,4307,24.73,11.03,81.57,186.65,0.8369,0.8369,4.1613,25.6782,0.0,0.624
1321,4319,160.61,0.51,220.98,200.59,0.8306,0.4153,3.2986,11.6937,0.0,0.3682
1321,4268,265.9,4.18,325.83,173.8,0.8203,0.4102,4.6294,23.2586,0.0,0.2826
1321,4346,147.84,1.99,182.3,140.42,0.584,0.292,6.329,3.1572,0.0,0.1945
1322,4307,24.09,10.92,81.44,188.36,0.8584,0.8584,4.1,25.8315,0.0,0.6467
1322,4319,162.35,0.31,223.07,200.42,0.8657,0.4329,3.3046,11.7378,0.0,0.3834
1322,4268,265.77,3.27,324.59,170.67,0.8394,0.4197,4.7753,23.0134,159.4886,0.1413
1322,4346,143.76,1.86,179.24,143.04,0.6548,0.3274,6.1046,3.8076,25.7468,0.2072
1323,4307,25.38,10.97,82.5,189.45,0.8862,0.8862,4.0528,25.7075,0.0,0.6735
1323,4319,167.15,0.05,227.41,200.88,0.8555,0.4278,3.2953,12.0557,0.0,0.3792
1323,4268,264.43,2.64,322.21,167.62,0.8862,0.4431,4.9178,22.581,156.8061,0.1412
1323,4346,140.75,1.56,177.12,143.49,0.7378,0.3689,6.071,4.3291,0.0,0.2456
1324,4307,23.45,10.8,80.96,190.41,0.8979,0.8979,4.0293,26.0338,0.0,0.6844
1324,4319,169.79,0.05,230.54,203.81,0.8618,0.4309,3.2181,12.7764,0.0,0.3861
1324,4268,263.31,1.83,319.38,161.81,0.8013,0.4007,5.2262,22.0534,160.4326,0.1238
1324,4346,138.13,1.36,175.35,143.39,0.8086,0.4043,6.0835,4.7785,0.0,0.2691
1325,4307,24.4,10.64,81.7,191.13,0.8721,0.8721,3.9985,25.9432,0.0,0.6686
1325,4319,171.37,0.0,233.24,207.85,0.8794,0.4397,3.1156,13.6574,32.2376,0.3769
1325,4268,261.88,1.15,316.77,157.58,0.9077,0.4538,5.471,21.593,160.2369,0.1407
1325,4346,135.71,0.89,173.66,140.87,0.8477,0.4239,6.3066,5.236,161.2001,0.1407
1326,4307,23.75,10.3,80.82,192.13,0.8657,0.8657,3.9684,26.1205,0.0,0.6667
1326,4319,173.28,0.31,235.41,210.27,0.9004,0.4502,3.0579,14.2325,0.0,0.4121
1326,4268,259.58,0.71,314.26,156.27,0.7988,0.3994,5.5385,21.1389,0.0,0.2573
1326,4346,134.07,1.75,173.0,140.39,0.876,0.438,6.3525,5.4813,0.0,0.2913
1327,4307,22.61,10.18,79.14,192.67,0.8618,0.8618,3.9585,26.3705,0.0,0.6643
1327,4319,174.46,0.35,237.5,214.38,0.8804,0.4402,2.9624,15.0844,0.0,0.408
1327,4268,257.94,0.65,313.1,157.91,0.8921,0.4461,5.4226,20.9257,20.377,0.2783
1327,4346,132.06,1.95,172.68,142.61,0.8813,0.4406,6.1591,5.676,17.5413,0.2862
1328,4307,23.35,9.94,78.96,193.41,0.8745,0.8745,3.9314,26.3707,0.0,0.6773
1328,4319,176.72,0.28,240.03,215.72,0.8828,0.4414,2.9348,15.488,0.0,0.4105
1328,4268,256.57,0.54,311.47,157.07,0.9077,0.4538,5.4657,20.6388,0.0,0.2929
1328,4346,131.15,2.31,172.75,142.79,0.8608,0.4304,6.1447,5.7598,0.0,0.2862
1329,4307,24.15,9.76,78.75,193.76,0.8735,0.8735,3.9177,26.346,0.0,0.6781
1329,4319,178.26,0.25,241.3,214.43,0.8721,0.436,2.9663,15.3614,0.0,0.4037
1329,4268,255.91,0.51,309.6,153.43,0.7139,0.3569,5.7006,20.3405,161.9509,0.1116
1329,4346,130.43,2.28,173.16,144.16,0.8745,0.4373,6.03,5.7862,15.8934,0.2852
1330,4307,24.77,9.61,78.3,193.78,0.8853,0.8853,3.9165,26.3341,0.0,0.6875
1330,4319,180.15,0.25,242.37,211.83,0.8262,0.4131,3.0295,15.02,0.0,0.3792
1330,4268,258.81,0.41,305.32,129.47,0.8062,0.4031,7.989,20.3237,167.8983,0.126
1330,4346,132.02,2.74,174.91,145.14,0.8647,0.4324,5.9464,5.4506,0.0,0.2876
1331,4307,25.42,9.46,77.92,193.86,0.877,0.877,3.913,26.3181,0.0,0.6815
1331,4319,181.9,0.62,243.08,209.13,0.5029,0.2515,3.0973,14.6541,0.0,0.2287
1331,4268,258.18,0.43,304.88,128.5,0.8525,0.4263,8.1132,20.2535,166.0235,0.1333
1331,4346,132.72,3.56,175.6,145.59,0.8677,0.4339,5.9089,5.3138,0.0,0.2886
1332,4307,26.1,9.22,77.67,193.78,0.8711,0.8711,3.9144,26.2801,0.0,0.6768
1332,4319,183.3,0.86,247.5,219.63,0.7964,0.3982,2.8587,16.6995,32.0654,0.3533
1332,4268,255.85,0.39,306.1,138.39,0.8286,0.4143,6.9502,19.9675,13.7567,0.2639
1332,4346,131.09,2.93,175.37,148.92,0.8403,0.4202,5.6566,5.585,17.4553,0.273
1333,4307,26.71,9.32,77.36,193.82,0.8735,0.8735,3.9121,26.2594,0.0,0.679
1333,4319,184.49,1.12,249.67,222.67,0.8467,0.4234,2.797,17.3518,0.0,0.4002
1333,4268,253.92,0.29,307.11,147.43,0.8604,0.4302,6.1325,19.8662,15.5111,0.273
1333,4346,129.87,2.88,174.9,150.33,0.8745,0.4373,5.5567,5.8118,19.9301,0.282
1334,4307,27.16,9.17,77.09,194.01,0.8496,0.8496,3.9051,26.2569,0.0,0.6612
1334,4319,186.17,0.95,253.0,226.35,0.8779,0.439,2.7265,18.1731,0.0,0.4184
1334,4268,253.69,0.61,305.96,145.64,0.8286,0.4143,6.2738,19.7322,163.3002,0.13
1334,4346,129.46,2.4,175.15,151.31,0.8745,0.4373,5.4881,5.8754,0.0,0.2907
1335,4307,27.77,9.21,76.96,193.98,0.8711,0.8711,3.9046,26.2181,0.0,0.6781
1335,4319,186.22,0.34,254.37,228.9,0.8618,0.4309,2.6778,18.6561,0.0,0.4131
1335,4268,253.34,0.75,305.32,145.69,0.8062,0.4031,6.2658,19.642,0.0,0.2609
1335,4346,129.14,2.21,175.24,151.84,0.8789,0.4395,5.4518,5.9264,0.0,0.2922
1336,4307,28.36,9.05,76.99,193.76,0.8691,0.8691,3.9102,26.157,0.0,0.676
1336,4319,186.6,0.1,255.32,229.44,0.8315,0.4158,2.6686,18.799,0.0,0.399
1336,4268,253.83,0.94,304.16,141.5,0.7583,0.3791,6.6323,19.584,165.4233,0.1191
1336,4346,128.74,1.77,175.25,152.2,0.8735,0.4368,5.4277,5.9849,0.0,0.2904
1337,4307,28.53,9.08,76.53,193.49,0.8555,0.8555,3.9202,26.1631,0.0,0.6643
1337,4319,188.02,0.56,256.67,229.57,0.8003,0.4002,2.6687,18.9323,0.0,0.3839
1337,4268,254.37,1.35,303.83,140.07,0.791,0.3955,6.7686,19.6116,165.8969,0.1242
1337,4346,128.47,1.14,175.29,152.22,0.8804,0.4402,5.4266,6.0085,0.0,0.2927
1338,4307,29.17,9.09,76.89,193.56,0.8794,0.8794,3.9147,26.09,0.0,0.6836
1338,4319,189.0,0.37,257.72,229.73,0.8262,0.4131,2.6675,19.0422,0.0,0.3963
1338,4268,254.2,1.35,303.56,140.75,0.7568,0.3784,6.7018,19.567,0.0,0.245
1338,4346,128.31,0.63,175.37,152.02,0.8794,0.4397,5.4403,6.005,0.0,0.2923
1339,4307,30.35,9.1,78.15,193.49,0.8867,0.8867,3.9096,25.8969,0.0,0.6904
1339,4319,191.18,0.12,259.7,229.92,0.4648,0.2324,2.6678,19.2488,0.0,0.2229
1339,4268,253.58,1.4,304.08,145.84,0.5991,0.2995,6.2495,19.5512,15.2703,0.1904
1339,4346,128.64,0.71,175.38,151.18,0.8608,0.4304,5.4978,5.9269,0.0,0.2862
1340,4307,31.37,9.11,79.33,193.45,0.9058,0.9058,3.9043,25.7237,0.0,0.7063
1340,4319,194.27,0.02,261.95,229.57,0.8506,0.4253,2.6799,19.4268,0.0,0.407
1340,4268,252.67,1.79,304.06,151.24,0.8101,0.4051,5.8254,19.5117,16.2701,0.2569
1340,4346,127.92,0.48,174.65,151.21,0.8423,0.4212,5.4973,6.0715,0.0,0.28
1341,4307,32.19,8.93,80.4,193.34,0.9116,0.9116,3.9023,25.5701,0.0,0.7114
1341,4319,200.77,0.08,266.98,229.56,0.6875,0.3438,2.6928,19.9636,0.0,0.328
1341,4268,253.43,2.11,304.08,152.76,0.7104,0.3552,5.7191,19.6052,17.4601,0.2245
1341,4346,127.98,0.39,174.82,151.3,0.8403,0.4202,5.4908,6.0533,0.0,0.2793
1342,4307,33.48,8.58,82.35,193.67,0.9072,0.9072,3.8815,25.3386,0.0,0.711
1342,4319,205.68,0.29,270.39,228.59,0.8145,0.4073,2.7216,20.2314,0.0,0.3868
1342,4268,253.29,2.33,304.21,157.93,0.5088,0.2544,5.3748,19.712,17.6258,0.1606
1342,4346,125.45,0.36,171.73,151.32,0.8682,0.4341,5.4958,6.6094,0.0,0.2884
1343,4307,35.7,8.73,85.42,193.32,0.8921,0.8921,3.8776,24.9032,0.0,0.7006
1343,4319,211.49,0.28,274.42,228.37,0.6782,0.3391,2.7387,20.7165,0.0,0.321
1343,4268,256.93,2.87,299.49,133.87,0.5889,0.2944,7.4133,19.53,167.0025,0.0925
1343,4346,123.69,0.36,169.18,151.23,0.8237,0.4118,5.5075,7.0321,0.0,0.2735
1344,4307,38.03,8.89,88.99,193.09,0.9092,0.9092,3.8682,24.4253,0.0,0.7162
1344,4319,217.7,0.27,278.24,222.13,0.5215,0.2607,2.8806,20.4076,144.7841,0.1551
1344,4268,258.48,3.47,297.01,123.69,0.4072,0.2036,8.7791,19.7312,168.9424,0.0639
1344,4346,121.89,0.18,166.16,150.53,0.8433,0.4217,5.5631,7.4834,0.0,0.2799
1345,4307,40.78,9.41,93.48,193.38,0.9097,0.9097,3.838,23.8748,0.0,0.7215
1345,4319,221.1,0.27,282.16,225.16,0.7168,0.3584,2.8283,21.2511,0.0,0.3346
1345,4268,258.33,3.66,296.88,127.9,0.22,0.11,8.1572,19.5652,11.7933,0.0704
1345,4346,120.91,0.11,163.43,148.49,0.8237,0.4118,5.7165,7.7933,158.8465,0.136
1346,4307,44.6,9.52,99.47,193.48,0.8677,0.8677,3.8077,23.1068,0.0,0.6932
1346,4319,224.52,0.55,286.46,227.02,0.8721,0.436,2.8026,21.956,0.0,0.4079
1346,4346,120.65,0.09,162.1,149.21,0.6558,0.3279,5.6658,7.9709,0.0,0.2175
1347,4307,46.44,9.93,103.02,193.15,0.8965,0.8965,3.8043,22.6552,0.0,0.7175
1347,4319,226.24,0.19,289.11,228.27,0.8804,0.4402,2.7846,22.3792,0.0,0.4124
1347,4346,120.28,0.18,160.92,150.32,0.8252,0.4126,5.588,8.1584,0.0,0.2737
1348,4307,49.66,10.46,108.37,193.58,0.916,0.916,3.7679,22.0072,0.0,0.7389
1348,4319,230.53,0.15,295.5,229.46,0.8975,0.4487,2.7791,23.1728,0.0,0.42
1348,4346,120.08,0.13,159.6,149.16,0.8413,0.4207,5.6742,8.2766,0.0,0.279
1349,4307,50.8,11.02,111.28,193.55,0.9102,0.9102,3.7587,21.6831,0.0,0.736
1349,4319,234.15,0.41,301.63,230.08,0.8218,0.4109,2.7842,23.8443,0.0,0.3836
1349,4346,118.46,0.02,157.47,148.16,0.8555,0.4278,5.7544,8.6291,0.0,0.2836
1350,4307,53.38,11.79,115.97,193.91,0.9165,0.9165,3.7291,21.1351,0.0,0.7458
1350,4319,236.81,0.7,307.42,231.03,0.9136,0.4568,2.7812,24.479,0.0,0.426
1350,4346,117.4,0.0,156.45,149.09,0.7988,0.3994,5.6888,8.8572,0.0,0.2647
1351,4307,54.81,12.07,119.38,194.79,0.9102,0.9102,3.6892,20.8267,0.0,0.7461
1351,4319,237.08,0.25,310.84,232.47,0.9209,0.4605,2.7603,24.875,0.0,0.4302
1351,4346,114.83,0.06,154.43,149.81,0.8574,0.4287,5.6442,9.332,0.0,0.2839
1352,4307,55.26,12.45,121.35,194.93,0.9189,0.9189,3.6791,20.6481,0.0,0.7548
1352,4319,234.16,0.91,308.44,229.95,0.8828,0.4414,2.7993,24.2511,0.0,0.4108
1352,4346,113.82,0.18,153.78,150.08,0.79,0.395,5.6276,9.5039,0.0,0.2615
1353,4307,55.54,12.95,122.9,195.25,0.9028,0.9028,3.6647,20.5323,0.0,0.7435
1353,4319,234.55,0.42,312.61,234.45,0.8877,0.4439,2.7213,25.0597,0.0,0.4168
1353,4346,112.77,0.14,153.38,151.11,0.8193,0.4097,5.557,9.6764,0.0,0.2712
1354,4307,55.12,13.04,123.45,194.44,0.9058,0.9058,3.6903,20.4505,0.0,0.743
1354,4319,235.76,0.33,317.01,236.84,0.8901,0.4451,2.6877,25.6778,0.0,0.4193
1354,4346,111.15,0.03,153.14,155.01,0.8638,0.4319,5.2981,10.0051,18.4616,0.2783
1354,4366,256.75,3.35,275.82,49.5,0.3503,0.1752,10.0,90.0,0.0,0.0
1355,4307,55.96,11.76,125.35,194.22,0.8994,0.8994,3.6911,20.2147,0.0,0.7381
1355,4319,233.94,0.11,318.19,237.36,0.8853,0.4426,2.677,25.6998,0.0,0.4176
1355,4346,110.33,0.0,152.69,155.19,0.877,0.4385,5.2888,10.1366,0.0,0.2901
1355,4366,257.37,3.21,276.58,49.55,0.3167,0.1583,10.0,90.0,0.0,0.0
1356,4307,56.64,10.52,126.82,194.13,0.8813,0.8813,3.6891,20.0368,0.0,0.7238
1356,4319,234.92,0.03,320.83,237.7,0.8745,0.4373,2.6777,25.9565,0.0,0.4122
1356,4346,110.1,0.0,152.7,155.79,0.8711,0.4355,5.251,10.1855,0.0,0.2881
1356,4367,249.56,2.81,278.23,157.56,0.3867,0.1933,5.3053,16.9784,0.0,0.1261
1357,4307,56.9,10.15,127.45,194.28,0.8931,0.8931,3.6823,19.98,0.0,0.7344
1357,4319,236.9,0.0,320.23,228.36,0.7598,0.3799,2.8594,24.9903,149.2528,0.2232
1357,4346,109.82,0.16,152.43,156.0,0.8574,0.4287,5.2387,10.2487,0.0,0.2835
1357,4367,249.73,2.59,277.49,151.58,0.627,0.3135,5.7028,16.7841,163.2727,0.1
1358,4307,58.28,9.64,128.79,193.97,0.8667,0.8667,3.6862,19.7372,0.0,0.7127
1358,4319,237.7,0.0,323.11,232.92,0.2949,0.1474,2.7769,25.7269,0.0,0.1371
1358,4346,109.22,0.14,152.43,159.01,0.833,0.4165,5.0564,10.4655,18.7743,0.268
1358,4367,249.84,3.08,277.65,150.46,0.6216,0.3108,5.7847,16.7918,0.0,0.2028
1359,4307,61.1,9.36,131.05,194.03,0.8496,0.8496,3.6732,19.3423,0.0,0.7007
1359,4319,243.25,0.0,327.5,228.94,0.4795,0.2397,2.876,25.9316,142.0433,0.1398
1359,4346,109.31,0.23,151.16,154.07,0.8306,0.4153,5.3661,10.3378,162.3848,0.1362
1359,4367,250.51,3.12,278.57,149.53,0.8218,0.4109,5.8586,16.9288,0.0,0.268
1360,4307,64.93,9.16,133.58,193.69,0.8252,0.8252,3.6706,18.8098,0.0,0.6817
1360,4319,262.3,0.26,341.88,224.97,0.8052,0.4026,3.0361,27.7589,129.2032,0.2242
1360,4346,110.25,0.26,151.16,152.11,0.7256,0.3628,5.4961,10.1752,162.1502,0.119
1360,4367,249.9,3.34,278.65,150.06,0.7925,0.3962,5.8175,16.8859,0.0,0.2585
1361,4307,68.65,7.98,137.34,198.1,0.8135,0.8135,3.5188,18.6806,30.2197,0.6519
1361,4319,259.23,0.37,341.48,234.09,0.5137,0.2569,2.8407,28.3741,30.9296,0.2227
1361,4346,109.82,0.18,150.31,151.66,0.8237,0.4118,5.5296,10.2871,0.0,0.2724
1361,4367,250.91,3.6,280.24,150.52,0.7305,0.3653,5.7918,17.1363,0.0,0.2381
1362,4307,71.55,6.53,139.62,201.5,0.5049,0.5049,3.4098,18.6681,30.2699,0.4119
1362,4319,262.17,0.68,344.65,237.34,0.8931,0.4466,2.793,29.0699,0.0,0.4104
1362,4346,109.73,0.24,149.69,151.21,0.7808,0.3904,5.5624,10.3439,0.0,0.2582
1362,4367,249.18,3.4,278.95,147.69,0.7778,0.3889,5.9966,16.8205,161.5537,0.1241
1363,4307,74.92,8.0,141.2,204.8,0.7822,0.7822,3.3095,18.6957,30.9675,0.6469
1363,4319,268.13,0.62,349.91,239.31,0.8843,0.4421,2.7829,29.9542,0.0,0.4058
1363,4346,110.34,0.27,149.88,151.42,0.7075,0.3538,5.5462,10.2711,0.0,0.2339
1363,4367,247.87,3.9,279.14,150.91,0.8555,0.4278,5.7504,16.7534,16.5235,0.2732
1364,4307,79.25,3.9,145.6,207.24,0.5649,0.2824,3.2301,18.3922,0.0,0.2501
1364,4319,274.97,0.59,355.21,240.59,0.8594,0.4297,2.7888,30.8216,0.0,0.3929
1364,4346,109.26,0.74,148.34,150.48,0.4312,0.2156,5.6176,10.504,0.0,0.1425
1364,4367,246.99,3.41,279.63,152.37,0.8384,0.4192,5.6451,16.7419,16.7758,0.2676
1365,4307,84.35,1.53,150.26,207.68,0.71,0.355,3.2035,17.7994,0.0,0.316
1365,4319,278.39,0.77,358.36,245.47,0.8413,0.4207,2.7179,31.6527,0.0,0.3876
1365,4346,104.97,0.45,144.11,147.42,0.4854,0.2427,5.8624,11.2894,155.484,0.0793
1365,4367,246.6,3.59,279.49,149.16,0.8477,0.4239,5.877,16.6429,163.669,0.1354
1366,4307,92.35,0.45,158.21,206.89,0.8052,0.4026,3.2013,16.6728,0.0,0.3593
1366,4319,282.59,0.28,360.0,251.32,0.8184,0.4092,2.6333,32.5155,0.0,0.3805
1366,4367,245.83,3.12,279.32,146.81,0.5591,0.2796,6.0566,16.5328,163.7623,0.0893
1367,4307,98.86,5.02,163.45,205.07,0.7949,0.7949,3.2341,15.6927,0.0,0.7072
1367,4319,285.26,0.1,360.0,256.44,0.8667,0.4334,2.5581,33.1245,0.0,0.4065
1367,4367,244.69,3.77,278.79,145.79,0.8452,0.4226,6.1338,16.3694,0.0,0.276
1368,4307,102.29,1.88,168.81,203.86,0.8975,0.4487,3.2562,14.9955,0.0,0.3984
1368,4319,286.12,0.3,360.0,254.42,0.8604,0.4302,2.5919,32.9939,0.0,0.4018
1368,4367,242.6,3.91,278.01,147.15,0.7822,0.3911,6.0153,16.1051,20.4743,0.2474
1369,4307,103.65,0.91,171.71,203.58,0.8828,0.4414,3.2591,14.7112,0.0,0.3919
1369,4319,287.94,0.1,360.0,254.18,0.8506,0.4253,2.6001,33.0771,0.0,0.3966
1369,4367,240.59,4.15,277.67,150.58,0.8384,0.4192,5.7479,15.9218,16.935,0.268
1370,4307,107.26,6.66,174.83,202.17,0.8691,0.8691,3.2907,14.1181,0.0,0.7687
1370,4319,289.32,0.03,360.0,250.8,0.8486,0.4243,2.6583,32.8628,0.0,0.3927
1370,4367,239.44,4.33,277.23,150.67,0.8628,0.4314,5.7367,15.7723,0.0,0.2822
1371,4307,107.66,6.46,176.85,201.32,0.8667,0.8667,3.3118,13.8511,0.0,0.7645
1371,4319,290.67,0.0,360.0,249.35,0.7832,0.3916,2.6859,32.8176,0.0,0.3611
1371,4367,240.03,4.2,277.39,147.35,0.7778,0.3889,5.9897,15.8034,164.1476,0.1247
1372,4307,107.21,7.22,177.61,201.47,0.8721,0.8721,3.3074,13.8589,0.0,0.7698
1372,4319,290.85,0.27,360.0,253.97,0.791,0.3955,2.6105,33.2259,0.0,0.3681
1372,4367,240.08,4.34,277.11,145.35,0.8237,0.4118,6.1501,15.7701,164.4189,0.1321
1372,4346,96.93,0.08,134.98,142.61,0.3621,0.181,6.2989,12.9607,153.9251,0.0588
1373,4307,107.64,7.7,179.12,201.62,0.8369,0.8369,3.3014,13.7814,0.0,0.7394
1373,4319,291.94,0.09,360.0,253.1,0.5737,0.2868,2.6272,33.2133,0.0,0.2664
1373,4367,238.35,4.1,276.15,146.97,0.6919,0.3459,6.0108,15.522,18.8907,0.2202
1373,4346,101.12,0.17,130.68,101.13,0.2037,0.1018,14.1266,15.4852,173.1257,0.0327
1374,4307,108.12,7.77,180.64,201.77,0.3345,0.3345,3.2954,13.703,0.0,0.2959
1374,4319,292.41,0.03,360.0,253.17,0.5371,0.2686,2.6272,33.2465,0.0,0.2493
1374,4367,237.54,3.55,276.37,150.47,0.8359,0.4179,5.7432,15.5066,16.489,0.2678
1374,4346,95.69,0.12,136.24,141.24,0.6758,0.3379,6.4209,12.9675,14.8563,0.2186
1375,4307,108.29,7.89,181.54,202.1,0.8101,0.8101,3.2853,13.7036,0.0,0.7176
1375,4319,292.89,0.0,360.0,253.54,0.6396,0.3198,2.6224,33.306,0.0,0.2971
1375,4367,235.74,2.88,275.4,152.9,0.791,0.3955,5.5635,15.2896,18.5533,0.2521
1375,4346,94.33,0.08,138.18,156.38,0.667,0.3335,5.2749,13.1319,17.8801,0.2141
1376,4307,109.81,6.16,183.6,201.75,0.7808,0.7808,3.2919,13.468,0.0,0.6912
1376,4319,292.8,0.0,360.0,258.74,0.5889,0.2944,2.5407,33.7531,0.0,0.2763
1376,4367,235.23,2.35,275.07,153.64,0.7925,0.3962,5.5107,15.2271,0.0,0.2595
1376,4346,94.91,0.08,138.86,159.66,0.6724,0.3362,5.0726,13.15,18.6557,0.2153
1377,4307,111.12,6.25,184.68,201.34,0.8608,0.8608,3.3012,13.2836,0.0,0.7612
1377,4319,292.61,0.0,360.0,274.0,0.4426,0.2213,2.3247,35.1128,36.4923,0.1882
1377,4367,234.67,1.87,274.43,153.54,0.8618,0.4309,5.5142,15.1105,0.0,0.2823
1377,4346,95.55,0.0,139.39,162.53,0.835,0.4175,4.9067,13.1869,19.2672,0.2721
1378,4307,112.57,5.82,184.62,199.32,0.2451,0.2451,3.357,12.8732,0.0,0.215
1378,4367,232.93,1.51,272.8,153.3,0.8638,0.4319,5.5215,14.7835,0.0,0.2832
1378,4346,96.72,0.05,139.81,162.26,0.8052,0.4026,4.9183,13.023,0.0,0.2693
1379,4307,113.12,5.38,185.03,199.96,0.7334,0.7334,3.338,12.9366,0.0,0.6452
1379,4367,231.64,1.1,271.75,153.57,0.8584,0.4292,5.497,14.5667,0.0,0.2815
1379,4346,97.72,0.08,140.2,161.92,0.6074,0.3037,4.9344,12.8739,0.0,0.2026
1380,4307,115.75,5.03,187.28,200.67,0.8804,0.8804,3.3143,12.8368,0.0,0.7775
1380,4367,231.41,0.95,271.5,153.85,0.8159,0.4079,5.4769,14.5281,0.0,0.2676
1380,4346,98.69,0.09,140.88,162.13,0.8433,0.4217,4.9193,12.7308,0.0,0.2822
1381,4307,117.51,5.28,188.29,201.22,0.8789,0.8789,3.297,12.8146,0.0,0.7782
1381,4367,231.08,0.53,271.16,154.13,0.8442,0.4221,5.4565,14.4716,0.0,0.2769
1381,4346,99.52,0.1,141.45,161.84,0.8525,0.4263,4.9326,12.5831,0.0,0.2846
1382,4307,118.53,5.28,188.6,201.33,0.8555,0.8555,3.293,12.779,0.0,0.758
1382,4367,230.58,0.38,270.52,153.85,0.8369,0.4184,5.4723,14.3551,0.0,0.2746
1382,4346,100.07,0.29,141.99,162.27,0.8657,0.4329,4.9065,12.5055,0.0,0.2905
1383,4307,118.9,5.38,188.42,201.47,0.8296,0.8296,3.289,12.7961,0.0,0.7355
1383,4367,229.52,0.24,269.35,153.55,0.8218,0.4109,5.4867,14.1335,0.0,0.2698
1383,4346,100.55,0.37,142.21,161.34,0.7793,0.3896,4.9571,12.3868,0.0,0.259
1384,4307,119.39,6.63,188.11,201.61,0.8271,0.8271,3.285,12.8137,0.0,0.7337
1384,4367,228.52,0.1,268.44,153.62,0.6802,0.3401,5.4772,13.9522,0.0,0.2234
1384,4346,101.28,0.21,142.96,160.54,0.7485,0.3743,4.9997,12.2033,0.0,0.2467
1385,4307,119.37,6.18,188.22,202.22,0.8657,0.8657,3.2682,12.9188,0.0,0.7697
1385,4367,227.91,0.06,267.64,152.71,0.687,0.3435,5.5355,13.7931,0.0,0.2257
1385,4346,101.59,0.06,143.57,160.72,0.8159,0.4079,4.9876,12.1261,0.0,0.2696
1386,4307,119.84,6.09,188.8,203.38,0.8467,0.8467,3.2361,13.0848,0.0,0.7563
1386,4367,225.9,0.05,266.01,153.01,0.7026,0.3513,5.506,13.4499,0.0,0.231
1386,4346,101.75,0.1,143.94,161.01,0.771,0.3855,4.97,12.0922,0.0,0.2557
1387,4307,119.43,5.42,188.6,204.18,0.8677,0.8677,3.2151,13.2517,0.0,0.7773
1387,4367,224.79,0.24,265.06,152.65,0.8193,0.4097,5.5257,13.2416,0.0,0.2695
1387,4346,102.05,0.02,144.38,160.7,0.8306,0.4153,4.9862,12.0051,0.0,0.2746
1388,4307,119.31,5.16,188.4,204.1,0.3674,0.3674,3.2174,13.2498,0.0,0.329
1388,4367,222.09,0.13,263.14,152.8,0.8037,0.4018,5.5045,12.7984,0.0,0.2646
1388,4346,102.48,0.0,144.87,160.44,0.5957,0.2979,4.9994,11.9037,0.0,0.1965
1389,4307,118.12,5.53,187.6,205.91,0.8369,0.8369,3.1712,13.6503,0.0,0.7541
1389,4367,219.75,0.09,261.77,153.22,0.7822,0.3911,5.4676,12.4505,0.0,0.2577
1389,4346,102.71,0.08,144.88,159.56,0.7319,0.3659,5.0499,11.8335,0.0,0.2414
1390,4307,116.2,5.21,186.25,206.96,0.7925,0.7925,3.1464,13.966,0.0,0.7164
1390,4367,215.88,0.18,259.12,153.1,0.2207,0.1104,5.4614,11.8131,0.0,0.0728
1390,4346,102.58,0.76,144.9,160.77,0.6094,0.3047,4.9802,11.9098,0.0,0.2018
1391,4307,116.89,4.9,186.87,207.99,0.7017,0.3508,3.1193,14.0963,0.0,0.3184
1391,4367,213.74,0.4,257.95,152.4,0.4504,0.2252,5.502,11.469,0.0,0.1486
1391,4346,105.41,0.37,143.12,139.93,0.2666,0.1333,6.4991,11.3524,165.2963,0.0436
1392,4307,116.93,4.14,186.74,208.27,0.7612,0.3806,3.1123,14.1494,0.0,0.3457
1392,4367,210.98,0.39,256.59,152.6,0.233,0.1165,5.4799,11.0721,0.0,0.0769
1392,4346,110.49,0.16,138.93,97.02,0.6943,0.3472,15.9138,14.6098,173.8902,0.112
1393,4307,117.05,4.04,186.6,208.72,0.8496,0.4248,3.1011,14.2299,0.0,0.3864
1393,4367,207.89,0.58,254.88,152.96,0.3433,0.1716,5.4461,10.6138,0.0,0.1135
1393,4346,112.32,0.08,137.68,81.07,0.5469,0.2735,32.446,16.7132,176.9932,0.0873
1394,4307,117.52,4.1,186.61,208.88,0.8193,0.4097,3.0968,14.2399,0.0,0.3729
1394,4367,203.99,0.47,253.0,153.93,0.6934,0.3467,5.3707,10.0841,0.0,0.2293
1394,4346,112.42,0.12,137.5,75.96,0.4177,0.2089,48.1785,17.4537,177.9771,0.0664
1395,4307,117.19,4.41,185.84,208.73,0.8135,0.4068,3.1013,14.2558,0.0,0.37
1395,4367,201.59,0.7,252.41,154.48,0.5981,0.299,5.3294,9.8151,0.0,0.1979
1395,4346,113.56,0.1,136.74,65.88,0.3408,0.1704,848.3061,18.9284,179.8849,0.0537
1396,4307,117.41,4.9,185.69,208.66,0.8525,0.4263,3.103,14.2406,0.0,0.3876
1396,4367,198.8,0.79,251.79,156.9,0.5234,0.2617,5.1705,9.6035,21.2053,0.1673
1396,4346,114.01,0.07,136.82,61.57,0.5352,0.2676,10.0,90.0,0.0,0.0
1397,4307,117.02,5.56,184.98,208.61,0.7583,0.7583,3.105,14.275,0.0,0.6893
1397,4367,200.22,1.47,253.8,157.81,0.2234,0.1117,5.1207,9.9834,0.0,0.0739
1397,4346,113.18,0.01,136.09,60.05,0.4668,0.2334,10.0,90.0,0.0,0.0
1398,4307,116.56,5.99,184.41,208.58,0.8584,0.8584,3.1065,14.3108,0.0,0.7801
1398,4367,199.2,0.71,254.23,159.81,0.7949,0.3975,5.0014,10.0475,18.8555,0.2558
1398,4346,114.82,0.05,138.29,59.14,0.562,0.281,10.0,90.0,0.0,0.0
1399,4367,199.13,0.52,254.72,160.73,0.498,0.249,4.9493,10.1474,0.0,0.1664
1399,4346,116.22,0.03,136.81,49.61,0.4688,0.2344,10.0,90.0,0.0,0.0
1400,4367,197.26,0.35,253.34,161.43,0.7422,0.3711,4.9046,9.8917,0.0,0.2503
1400,4346,117.84,0.03,137.98,45.93,0.2494,0.1247,10.0,90.0,0.0,0.0
1400,4307,111.64,5.77,179.26,208.77,0.4971,0.4971,3.1096,14.7744,0.0,0.4512
1401,4367,195.87,0.38,252.45,162.31,0.8369,0.4184,4.8524,9.7454,0.0,0.2852
1401,4307,109.81,5.33,177.01,208.57,0.6909,0.6909,3.1181,14.9298,0.0,0.6262
1402,4367,193.73,0.39,250.49,162.62,0.8296,0.4148,4.8294,9.3926,0.0,0.2841
1402,4307,107.74,6.67,173.64,208.5,0.8262,0.8262,3.1249,15.1828,0.0,0.7477
1403,4367,194.56,0.4,250.77,162.16,0.7671,0.3836,4.8562,9.458,0.0,0.2613
1403,4307,104.33,5.86,169.01,207.91,0.7949,0.7949,3.1479,15.5042,0.0,0.7166
1404,4367,192.55,0.22,248.85,161.87,0.6733,0.3367,4.8666,9.0732,0.0,0.229
1404,4307,102.68,5.37,166.5,208.25,0.6123,0.6123,3.1438,15.7836,0.0,0.552
1405,4367,190.32,0.15,246.71,161.0,0.8525,0.4263,4.9091,8.6009,0.0,0.2877
1406,4367,187.54,0.22,243.65,159.72,0.6001,0.3,4.9745,7.9582,0.0,0.2001
1406,4307,98.8,5.91,160.87,208.06,0.4834,0.4834,3.1596,16.2945,0.0,0.4344
1407,4367,184.63,0.16,241.29,160.72,0.8921,0.4461,4.9111,7.5634,0.0,0.3014
1407,4389,122.45,0.1,151.37,55.56,0.6133,0.3066,10.0,90.0,0.0,0.0
1407,4307,97.68,6.13,158.28,207.82,0.8315,0.8315,3.1703,16.4784,0.0,0.7458
1408,4367,182.76,0.13,239.43,159.79,0.5469,0.2735,4.9599,7.1415,0.0,0.1831
1408,4389,121.46,0.05,150.96,56.69,0.4902,0.2451,10.0,90.0,0.0,0.0
1408,4307,100.16,6.2,151.93,176.11,0.7793,0.7793,4.2183,12.7116,158.05,0.3346
1409,4367,181.76,0.22,238.77,160.73,0.7925,0.3962,4.9046,7.0821,0.0,0.2682
1409,4389,120.38,0.09,150.37,57.71,0.5601,0.2801,10.0,90.0,0.0,0.0
1409,4307,101.0,7.02,149.48,163.68,0.6807,0.6807,4.8135,11.8078,160.5475,0.239
1410,4367,180.06,0.25,237.36,160.98,0.7056,0.3528,4.8873,6.8334,0.0,0.2397
1410,4389,119.63,0.1,149.68,57.78,0.373,0.1865,10.0,90.0,0.0,0.0
1410,4307,94.83,7.58,152.16,194.47,0.4082,0.4082,3.5594,15.2265,25.6815,0.3323
1411,4367,179.81,0.27,236.55,158.75,0.5273,0.2636,5.0142,6.519,160.6595,0.0873
1411,4389,113.99,0.13,151.27,72.03,0.2037,0.1018,76.099,17.1997,0.0,0.0664
1411,4307,96.04,7.86,148.45,174.05,0.4814,0.4814,4.32,13.1648,158.5197,0.1999
1412,4367,179.95,0.18,236.89,159.3,0.6724,0.3362,4.9826,6.6144,0.0,0.2242
1412,4389,111.95,0.23,151.46,76.75,0.3074,0.1537,44.647,16.5653,2.2454,0.1003
1412,4307,85.12,6.88,145.26,197.09,0.5332,0.5332,3.5052,16.7512,27.4541,0.4342
1412,4391,114.0,0.14,152.18,158.46,0.3157,0.1578,5.0813,10.0017,0.0,0.1044
1413,4367,179.82,0.52,236.91,160.71,0.5205,0.2602,4.9018,6.7453,0.0,0.1763
1413,4307,81.5,7.55,144.02,204.73,0.6494,0.6494,3.2955,18.0309,29.0777,0.5426
1413,4391,112.73,0.14,151.29,160.12,0.5786,0.2893,4.9877,10.3082,0.0,0.1918
1414,4367,180.14,0.28,237.38,161.89,0.8203,0.4102,4.8369,6.9379,0.0,0.2814
1414,4307,77.45,8.45,141.61,207.69,0.8994,0.8994,3.228,18.8425,0.0,0.796
1414,4391,112.46,0.14,150.3,157.06,0.833,0.4165,5.1719,10.2521,161.6097,0.1366
1415,4367,180.25,0.28,238.02,164.83,0.8252,0.4126,4.6807,7.3321,20.1888,0.2831
1415,4307,76.68,9.62,141.68,209.59,0.8853,0.8853,3.1806,19.1261,0.0,0.7887
1415,4391,112.32,0.14,149.8,155.3,0.8159,0.4079,5.2834,10.229,162.0269,0.1338
1416,4367,186.96,0.23,232.02,122.52,0.5698,0.2849,8.4941,7.4674,168.6801,0.0942
1416,4307,75.27,10.89,140.96,209.51,0.8828,0.8828,3.1862,19.2601,0.0,0.7856
1416,4391,111.76,0.24,149.89,157.86,0.8184,0.4092,5.125,10.401,18.5205,0.2635
1417,4367,182.42,0.68,237.32,151.31,0.5254,0.2627,5.4929,6.3045,17.2121,0.1707
1417,4307,71.42,11.55,138.46,209.58,0.8228,0.8228,3.1953,19.7021,0.0,0.7305
1417,4391,111.55,0.08,149.6,156.87,0.8467,0.4234,5.1864,10.3975,0.0,0.2799
1418,4367,180.07,0.45,241.71,172.5,0.6538,0.3269,4.315,8.5866,21.5663,0.2389
1418,4307,69.8,12.43,137.84,209.36,0.8657,0.8657,3.2049,19.8302,0.0,0.7672
1418,4391,111.43,0.12,149.97,158.38,0.8486,0.4243,5.0942,10.4535,0.0,0.2805
1419,4367,179.53,0.26,242.23,178.06,0.8145,0.4073,4.0788,9.3789,22.6357,0.3093
1419,4307,69.45,10.34,138.88,208.85,0.9014,0.9014,3.2167,19.7219,0.0,0.7976
1419,4391,111.19,0.04,149.95,158.75,0.8657,0.4329,5.0726,10.4991,0.0,0.2862
1420,4367,180.8,0.18,240.45,170.79,0.7671,0.3836,4.3922,8.3167,158.7976,0.1576
1420,4307,67.61,9.53,137.6,207.87,0.8979,0.8979,3.2476,19.8248,0.0,0.7907
1420,4391,111.35,0.01,150.19,158.31,0.8403,0.4202,5.0982,10.4362,0.0,0.2778
1421,4367,181.6,0.15,239.49,166.35,0.4504,0.2252,4.6059,7.7434,159.7184,0.0862
1421,4307,64.86,8.39,135.16,206.71,0.8906,0.8906,3.2877,20.0603,0.0,0.7791
1421,4391,111.16,0.0,150.46,159.75,0.8433,0.4217,5.0131,10.5123,0.0,0.2787
1422,4367,183.63,0.14,237.05,152.24,0.668,0.334,5.4302,6.4442,162.5996,0.1106
1422,4307,61.59,8.04,130.28,203.17,0.8618,0.8618,3.4001,20.2707,146.299,0.4533
1422,4391,111.5,0.09,151.1,160.57,0.8618,0.4309,4.9643,10.4709,0.0,0.2869
1423,4367,183.8,0.14,236.18,147.89,0.7544,0.3772,5.7404,6.2007,163.4081,0.125
1423,4307,57.52,7.82,124.69,201.42,0.8618,0.8618,3.4699,20.8169,0.0,0.7316
1423,4391,111.77,0.12,151.4,160.4,0.8677,0.4339,4.973,10.4063,0.0,0.2884
1424,4367,179.38,0.23,239.04,169.58,0.7256,0.3628,4.4459,7.9411,20.9258,0.2595
1424,4307,49.87,7.83,115.46,201.04,0.8638,0.8638,3.5189,22.0634,113.6046,0.4374
1424,4391,111.9,0.04,151.77,160.79,0.8608,0.4304,4.9499,10.3844,0.0,0.2875
1425,4367,179.53,0.17,237.98,164.91,0.7974,0.3987,4.6758,7.2792,159.8714,0.1491
1425,4307,45.08,7.56,109.08,201.64,0.8701,0.8701,3.5282,22.967,0.0,0.7278
1425,4391,112.08,0.1,152.15,161.3,0.8755,0.4377,4.9202,10.3658,0.0,0.2941
1426,4367,180.0,0.24,235.88,154.8,0.6748,0.3374,5.256,6.1424,161.9773,0.1118
1426,4307,42.11,7.83,104.52,201.96,0.8618,0.8618,3.5376,23.5666,0.0,0.7186
1426,4391,111.99,0.04,152.17,161.3,0.8711,0.4355,4.9203,10.3724,0.0,0.2926
1427,4367,178.35,0.18,236.38,159.46,0.8604,0.4302,4.9712,6.4424,18.957,0.2798
1427,4307,40.47,8.03,101.47,201.98,0.8804,0.8804,3.5489,23.9245,0.0,0.7321
1427,4391,111.88,0.01,152.25,161.66,0.8828,0.4414,4.9002,10.3998,0.0,0.2977
1428,4367,177.09,0.24,236.13,161.21,0.876,0.438,4.8704,6.4953,20.584,0.2893
1428,4307,38.69,8.48,98.02,200.22,0.8013,0.8013,3.6147,24.1843,0.0,0.6588
1428,4391,112.05,0.09,152.45,161.6,0.8638,0.4319,4.903,10.3611,0.0,0.2912
1429,4367,174.56,0.18,236.45,169.24,0.8735,0.4368,4.4555,7.3457,21.0005,0.312
1429,4307,34.01,9.02,92.87,200.39,0.8965,0.8965,3.636,24.9475,0.0,0.7328
1429,4391,112.19,0.12,152.62,161.38,0.8594,0.4297,4.9148,10.317,0.0,0.289
1430,4367,173.03,0.15,236.63,175.24,0.833,0.4165,4.1852,8.1588,22.1808,0.3112
1430,4307,30.82,8.94,89.65,200.74,0.8647,0.8647,3.6432,25.4601,0.0,0.7049
1430,4391,112.09,0.14,152.56,161.48,0.8574,0.4287,4.9094,10.3388,0.0,0.2887
1431,4367,172.28,0.23,237.07,180.34,0.6689,0.3345,3.9783,8.9679,23.1382,0.2582
1431,4307,27.62,9.75,86.58,200.4,0.8931,0.8931,3.6712,25.9111,0.0,0.7237
1431,4391,112.13,0.14,152.65,161.6,0.8604,0.4302,4.9025,10.3349,0.0,0.2901
1432,4367,171.45,0.17,236.91,184.43,0.8027,0.4013,3.8246,9.6061,24.0615,0.317
1432,4307,27.95,10.79,86.78,201.03,0.8906,0.8906,3.6507,25.915,0.0,0.7241
1432,4391,112.38,0.14,152.9,161.36,0.8726,0.4363,4.9151,10.2716,0.0,0.2935
1433,4367,175.41,0.15,233.15,161.51,0.395,0.1975,4.8496,6.1384,160.6784,0.0694
1433,4307,25.83,11.55,85.16,201.45,0.9009,0.9009,3.6488,26.2261,0.0,0.732
1433,4391,112.59,0.14,152.98,160.71,0.8608,0.4304,4.9514,10.2005,0.0,0.2875
1434,4367,171.82,0.14,234.4,177.04,0.5254,0.2627,4.1076,8.2424,22.5095,0.1988
1434,4307,25.8,13.13,85.2,201.79,0.9023,0.9023,3.6386,26.249,0.0,0.7343
1434,4391,112.71,0.14,153.05,160.45,0.8584,0.4292,4.9659,10.1655,0.0,0.2858
1435,4367,174.41,0.14,230.65,157.59,0.7725,0.3862,5.0729,5.4,161.4491,0.1282
1435,4307,25.54,13.62,85.09,201.55,0.896,0.896,3.6468,26.2601,0.0,0.7282
1435,4391,112.98,0.14,153.22,160.17,0.8423,0.4212,4.9812,10.1057,0.0,0.2796
1436,4367,168.7,0.33,233.68,184.78,0.5957,0.2979,3.8081,9.3754,24.0644,0.2359
1436,4307,23.35,13.97,82.35,199.96,0.896,0.896,3.7094,26.5234,0.0,0.7201
1436,4391,113.33,0.14,153.58,160.44,0.8477,0.4239,4.9646,10.0566,0.0,0.2824
1437,4367,172.84,0.31,230.0,162.21,0.4187,0.2094,4.8066,5.7676,160.5212,0.0748
1437,4307,21.49,13.71,79.54,195.71,0.8794,0.8794,3.8585,26.6072,155.0521,0.3959
1437,4391,113.49,0.14,153.69,160.36,0.8506,0.4253,4.9687,10.0258,0.0,0.2831
1438,4367,173.2,0.2,228.08,156.28,0.8271,0.4135,5.1498,4.9315,161.5334,0.1373
1438,4307,18.1,12.94,76.31,193.75,0.8452,0.8452,3.9447,26.9975,0.0,0.6517
1438,4391,113.5,0.14,153.58,159.95,0.8394,0.4197,4.9924,10.0084,0.0,0.2781
1439,4367,173.51,0.25,226.87,152.97,0.8218,0.4109,5.3616,4.5382,162.2063,0.1365
1439,4307,15.83,12.45,72.5,187.99,0.8618,0.8618,4.1703,27.1561,156.8593,0.3509
1439,4391,113.25,0.05,153.6,160.73,0.8403,0.4202,4.9481,10.0816,0.0,0.2808
1440,4367,172.62,0.18,226.35,155.38,0.8618,0.4309,5.2044,4.6347,18.6941,0.2792
1440,4307,13.12,11.88,68.93,185.58,0.8843,0.8843,4.2841,27.5267,152.6222,0.3458
1440,4391,113.35,0.01,153.68,160.65,0.8594,0.4297,4.9524,10.0593,0.0,0.287
1441,4367,170.38,0.15,225.3,159.55,0.8564,0.4282,4.9508,4.8598,20.1251,0.279
1441,4307,11.81,11.01,67.02,184.37,0.8906,0.8906,4.3433,27.7213,0.0,0.6376
1441,4391,113.5,0.09,153.78,160.44,0.8452,0.4226,4.964,10.0217,0.0,0.2816
1442,4367,164.03,0.05,228.23,189.89,0.4082,0.2041,3.6271,9.9126,25.1295,0.166
1442,4307,10.52,10.4,65.5,183.98,0.8608,0.8608,4.369,27.9217,0.0,0.6129
1442,4391,114.02,0.12,154.09,159.98,0.8496,0.4248,4.989,9.9131,0.0,0.2817
1443,4367,164.96,0.1,223.77,173.65,0.7212,0.3606,4.2408,6.7505,158.003,0.1559
1443,4307,9.92,9.8,64.45,184.17,0.8711,0.8711,4.3673,28.0575,0.0,0.6201
1443,4391,113.91,0.04,153.96,159.81,0.8496,0.4248,4.9992,9.9247,0.0,0.2811
1444,4367,159.97,0.22,222.88,186.92,0.8252,0.4126,3.7237,9.0661,25.0124,0.3307
1444,4307,10.45,9.77,64.38,184.19,0.8657,0.8657,4.3649,28.0228,0.0,0.6166
1444,4391,113.75,0.01,154.01,160.49,0.8594,0.4297,4.9603,9.98,0.0,0.2866
1445,4367,158.61,0.17,221.77,187.52,0.8853,0.4426,3.7023,9.1228,0.0,0.3698
1445,4307,10.72,9.95,63.87,183.5,0.8203,0.8203,4.3937,28.0116,0.0,0.5812
1445,4391,113.83,0.0,153.98,160.1,0.8584,0.4292,4.9826,9.9493,0.0,0.285
1445,4397,289.86,56.14,355.66,251.27,0.4504,0.2252,2.6413,32.6819,0.0,0.2091
1446,4367,159.58,0.15,217.74,168.74,0.833,0.4165,4.4605,5.3797,159.0585,0.1682
1446,4307,9.48,10.31,62.82,183.75,0.8682,0.8682,4.3918,28.199,0.0,0.6149
1446,4391,113.48,0.09,153.69,160.23,0.8584,0.4292,4.9762,10.0182,0.0,0.2853
1446,4397,286.59,15.44,360.0,252.27,0.5688,0.2844,2.6276,32.8317,0.0,0.2644
1447,4367,151.19,0.33,222.03,207.74,0.5796,0.2898,3.1072,12.965,28.7099,0.252
1447,4307,9.74,11.19,62.63,182.47,0.8286,0.8286,4.4441,28.1399,0.0,0.5812
1447,4391,113.28,0.12,153.64,160.65,0.8506,0.4253,4.9526,10.0697,0.0,0.284
1447,4397,286.92,0.0,360.0,252.22,0.7832,0.3916,2.6292,32.8465,0.0,0.364
1448,4367,148.68,0.39,220.63,210.53,0.6187,0.3094,3.0377,13.4743,0.0,0.2843
1448,4307,10.22,12.28,63.02,182.87,0.8062,0.8062,4.4244,28.0893,0.0,0.5677
1448,4391,113.01,0.14,153.35,160.91,0.8384,0.4192,4.9387,10.1398,0.0,0.2807
1448,4397,287.6,0.0,360.0,250.78,0.6299,0.315,2.6544,32.7606,0.0,0.2918
1449,4367,148.43,0.42,219.73,206.1,0.771,0.3855,3.1483,12.6032,151.4067,0.2206
1449,4307,11.56,13.52,64.08,183.71,0.8135,0.8135,4.3813,27.9394,0.0,0.5778
1449,4391,113.24,0.14,153.46,160.91,0.8394,0.4197,4.9382,10.1079,0.0,0.2811
1450,4367,147.13,0.61,222.53,219.65,0.5688,0.2844,2.8299,15.2344,31.0441,0.255
1450,4307,11.88,14.63,63.98,183.68,0.6318,0.6318,4.3817,27.9211,0.0,0.4488
1450,4391,113.97,0.14,153.99,160.35,0.5747,0.2873,4.968,9.9518,0.0,0.1914
1450,4397,287.91,0.0,360.0,250.16,0.4971,0.2485,2.6655,32.725,0.0,0.2299
1451,4367,146.65,0.5,221.81,218.8,0.5972,0.2986,2.8481,15.0647,0.0,0.2813
1451,4307,11.02,15.69,63.13,186.68,0.8125,0.8125,4.2691,28.1863,23.2857,0.5667
1451,4391,112.94,0.24,152.98,160.51,0.603,0.3015,4.9622,10.1543,0.0,0.2009
1451,4397,290.06,0.0,360.0,249.11,0.6123,0.3061,2.6884,32.7611,0.0,0.2822
1452,4367,151.48,0.19,216.78,185.03,0.8555,0.4278,3.7868,8.4272,155.8226,0.2102
1452,4307,15.6,16.16,64.93,175.64,0.6567,0.6567,4.7138,27.2362,158.7187,0.2197
1452,4391,113.54,0.27,153.37,160.1,0.5796,0.2898,4.9841,10.0342,0.0,0.1923
1452,4397,290.79,0.0,360.0,248.45,0.3904,0.1952,2.7014,32.748,0.0,0.1796
1452,4401,320.71,0.22,359.91,251.66,0.4141,0.2071,2.7241,34.7516,0.0,0.1886
1453,4367,149.84,0.25,215.04,183.24,0.3914,0.1957,3.8512,8.0398,0.0,0.1598
1453,4307,16.05,16.32,67.16,183.26,0.7939,0.7939,4.3725,27.3311,21.2521,0.5482
1453,4391,113.35,0.38,153.2,160.51,0.7227,0.3614,4.9611,10.0951,0.0,0.2409
1453,4397,291.64,0.0,360.0,248.79,0.811,0.4055,2.6978,32.8271,0.0,0.3732
1454,4367,147.43,0.18,210.82,173.13,0.6187,0.3094,4.2571,5.9772,157.2008,0.1332
1454,4307,18.27,16.27,69.93,184.36,0.8013,0.8013,4.3108,26.9906,0.0,0.5787
1454,4391,112.67,0.6,152.62,161.03,0.5698,0.2849,4.9337,10.2482,0.0,0.1909
1454,4397,291.71,0.0,360.0,248.44,0.8145,0.4073,2.7039,32.8016,0.0,0.3745
1455,4367,143.91,0.15,207.0,168.17,0.7832,0.3916,4.4861,5.0493,154.818,0.1569
1455,4307,22.74,15.87,70.47,170.02,0.6704,0.6704,4.9398,26.0251,160.2849,0.2062
1455,4391,113.39,0.5,153.29,161.32,0.603,0.3015,4.9151,10.1379,0.0,0.2028
1455,4397,292.78,0.0,360.0,249.6,0.7822,0.3911,2.687,32.9629,0.0,0.3604
1456,4367,138.87,0.24,201.57,161.07,0.4436,0.2218,4.8568,4.0429,156.6535,0.078
1456,4307,22.61,14.53,70.87,171.89,0.7363,0.7363,4.8446,26.0647,0.0,0.4812
1456,4391,113.61,0.27,153.78,162.73,0.4775,0.2387,4.836,10.1736,0.0,0.1631
1456,4397,292.66,0.0,360.0,249.22,0.791,0.3955,2.6931,32.9237,0.0,0.3641
1457,4367,136.75,0.17,202.67,166.44,0.8193,0.4097,4.5739,5.0684,20.4938,0.2872
1457,4307,22.67,13.97,71.13,174.15,0.8101,0.8101,4.734,26.1186,19.7876,0.5253
1457,4391,112.82,0.37,152.44,161.59,0.543,0.2715,4.9023,10.2894,0.0,0.1831
1457,4397,290.2,0.0,360.0,249.1,0.8052,0.4026,2.6889,32.7685,0.0,0.3711
1458,4367,135.17,0.34,201.34,163.31,0.7925,0.3962,4.7363,4.6422,158.5144,0.1456
1458,4307,26.06,12.92,72.26,166.2,0.8296,0.8296,5.1228,25.491,160.3587,0.2496
1458,4391,112.45,0.41,151.8,161.7,0.6582,0.3291,4.8978,10.3913,0.0,0.2221
1458,4397,288.33,0.0,360.0,249.53,0.8442,0.4221,2.6771,32.6953,0.0,0.3898
1459,4367,142.86,0.21,201.09,140.02,0.5283,0.2641,6.3584,1.8433,164.8313,0.088
1459,4307,28.01,12.61,73.24,163.11,0.8628,0.8628,5.2864,25.1662,159.5356,0.2603
1459,4391,113.15,0.42,152.4,161.47,0.6724,0.3362,4.9085,10.254,0.0,0.2264
1459,4397,284.13,0.0,356.48,249.77,0.7456,0.3728,2.6541,32.2624,0.0,0.346
1460,4367,138.78,0.26,205.9,162.35,0.3711,0.1855,4.7852,4.0862,19.5589,0.1253
1460,4307,29.13,12.12,74.03,162.52,0.8608,0.8608,5.3135,24.9923,0.0,0.547
1460,4391,113.23,0.24,152.26,161.19,0.625,0.3125,4.9243,10.2403,0.0,0.2098
1460,4397,284.02,0.0,355.69,249.57,0.8574,0.4287,2.6553,32.1917,0.0,0.3979
1461,4367,131.66,0.28,199.43,158.75,0.4036,0.2018,4.9934,4.2433,144.8288,0.0673
1461,4307,29.79,11.86,73.97,161.24,0.8584,0.8584,5.3877,24.9121,0.0,0.5456
1461,4391,113.01,0.08,151.53,159.31,0.3711,0.1855,5.0338,10.2086,161.0035,0.0609
1461,4397,279.4,0.0,351.54,249.18,0.8745,0.4373,2.6408,31.6402,0.0,0.4074
1461,4407,132.01,0.59,200.54,244.15,0.397,0.1985,2.3799,19.9594,0.0,0.1913
1462,4367,128.31,0.38,198.13,159.92,0.7725,0.3862,4.9283,4.7504,0.0,0.2608
1462,4307,30.79,11.67,74.69,161.49,0.8486,0.8486,5.3657,24.7733,0.0,0.5397
1462,4391,112.78,0.02,151.5,160.29,0.4121,0.2061,4.9775,10.2945,0.0,0.1369
1462,4397,277.12,0.0,350.22,249.28,0.8608,0.4304,2.6306,31.4373,0.0,0.4018
1462,4408,115.44,0.13,143.76,77.88,0.4551,0.2276,40.6547,16.6303,0.0,0.1485
1463,4367,129.88,0.23,197.71,151.6,0.5137,0.2569,5.4487,3.6793,162.6124,0.0854
1463,4307,31.96,11.79,75.19,160.98,0.6802,0.6802,5.3899,24.6211,0.0,0.4329
1463,4391,112.15,0.18,150.46,159.91,0.4727,0.2364,5.0022,10.4284,0.0,0.1563
1463,4397,276.44,0.0,350.38,248.81,0.8936,0.4468,2.6372,31.3631,0.0,0.4169
1463,4408,116.88,0.14,144.8,76.48,0.4272,0.2136,45.7564,16.7024,177.0644,0.0682
1464,4367,133.17,0.17,198.49,143.08,0.6162,0.3081,6.0953,2.9204,163.9471,0.1026
1464,4307,33.2,10.44,76.07,160.76,0.7949,0.7949,5.3948,24.4371,0.0,0.5062
1464,4391,111.97,0.15,149.64,158.84,0.3425,0.1713,5.0665,10.4595,0.0,0.1132
1464,4397,276.22,0.0,349.84,244.48,0.877,0.4385,2.7093,30.9192,0.0,0.4055
1464,4408,117.06,0.14,145.0,76.14,0.4207,0.2104,47.1969,16.7334,177.577,0.0671
1465,4367,132.04,0.15,196.8,137.79,0.2024,0.1012,6.5768,3.4483,165.0823,0.0337
1465,4307,34.8,11.25,76.6,160.44,0.7974,0.7974,5.406,24.2495,0.0,0.5081
1465,4391,115.53,0.14,145.54,123.38,0.224,0.112,8.4481,10.898,168.613,0.0367
1465,4397,275.83,0.0,350.31,243.94,0.8994,0.4497,2.7189,30.8748,0.0,0.4153
1465,4408,116.22,0.46,144.18,76.23,0.4121,0.2061,46.8282,16.8118,20.0288,0.1303
1465,4407,131.93,0.43,197.86,232.28,0.5283,0.2641,2.584,17.8366,146.5186,0.1689
1466,4307,38.54,11.76,80.06,160.74,0.8506,0.8506,5.3595,23.6431,0.0,0.5433
1466,4391,111.96,0.14,147.7,149.6,0.4055,0.2028,5.6771,10.2796,16.7168,0.1312
1466,4397,274.95,0.03,350.92,246.77,0.9014,0.4507,2.6694,31.118,0.0,0.4189
1466,4408,115.67,0.26,144.06,77.0,0.4824,0.2412,43.7326,16.7328,2.4794,0.1573
1466,4407,132.34,0.31,198.44,230.2,0.7886,0.3943,2.6223,17.4377,0.0,0.3818
1467,4307,42.52,12.14,84.02,160.71,0.7847,0.7847,5.3311,22.9598,0.0,0.5024
1467,4391,111.01,0.14,147.78,157.34,0.501,0.2505,5.1617,10.6483,18.3262,0.1613
1467,4397,274.17,0.0,351.01,248.25,0.9028,0.4514,2.6428,31.2142,0.0,0.421
1467,4408,114.89,0.13,143.52,77.52,0.3408,0.1704,41.8731,16.7296,3.8958,0.1111
1467,4407,129.18,0.57,195.95,228.5,0.7847,0.3923,2.6566,17.2221,0.0,0.3783
1468,4307,46.64,13.31,88.16,160.82,0.8545,0.8545,5.294,22.2457,0.0,0.5485
1468,4391,111.23,0.14,147.32,157.36,0.3711,0.1855,5.161,10.6724,0.0,0.1226
1468,4397,273.13,0.0,350.18,248.0,0.8975,0.4487,2.6426,31.0801,0.0,0.4187
1468,4408,114.51,0.14,143.63,78.88,0.363,0.1815,37.6455,16.5419,2.6144,0.1184
1468,4407,126.33,0.76,194.7,230.25,0.6167,0.3084,2.625,17.6238,0.0,0.2984
1468,4367,122.44,0.49,197.94,158.96,0.6084,0.3042,4.9876,5.0964,19.2427,0.1972
1469,4307,49.79,13.84,91.74,160.8,0.8037,0.8037,5.271,21.656,0.0,0.5169
1469,4391,110.38,0.14,146.44,160.17,0.3711,0.1855,4.9972,10.9921,19.892,0.1189
1469,4397,272.09,0.01,349.27,248.4,0.8882,0.4441,2.6314,31.0024,0.0,0.4152
1469,4408,114.11,0.28,143.19,79.08,0.3408,0.1704,37.103,16.5613,6.3449,0.1109
1469,4367,119.4,0.01,197.43,161.18,0.7871,0.3936,4.8636,5.6602,24.5254,0.257
1470,4307,52.05,14.79,94.18,160.82,0.8442,0.8442,5.2533,21.2425,0.0,0.5437
1470,4397,273.24,0.03,350.22,250.62,0.8286,0.4143,2.5996,31.3353,0.0,0.3887
1470,4408,113.92,0.19,143.27,79.9,0.2344,0.1172,34.9985,16.4464,2.7999,0.0765
1470,4407,121.08,0.46,191.3,231.22,0.8545,0.4273,2.6109,17.9948,0.0,0.414
1471,4307,53.43,15.98,96.03,161.23,0.8477,0.8477,5.2179,20.9684,0.0,0.5464
1471,4397,272.91,0.14,348.53,247.76,0.8755,0.4377,2.6423,30.9468,0.0,0.4087
1471,4407,115.69,0.31,191.91,247.49,0.8804,0.4402,2.3375,20.9836,36.5082,0.3921
1472,4307,55.14,16.41,98.43,161.03,0.8101,0.8101,5.2157,20.5978,0.0,0.5228
1472,4397,273.65,0.19,347.07,242.39,0.8525,0.4263,2.7335,30.4029,0.0,0.3934
1472,4407,113.06,0.0,190.51,247.62,0.8804,0.4402,2.3377,21.0979,0.0,0.4208
1472,4408,108.75,0.75,145.07,100.64,0.3174,0.1587,14.216,13.8347,6.8783,0.1039
1473,4307,55.45,16.18,99.42,160.97,0.8711,0.8711,5.2149,20.4802,0.0,0.5624
1473,4397,272.8,1.15,345.54,243.4,0.8853,0.4426,2.71,30.3517,0.0,0.41
1473,4407,111.51,0.0,190.99,251.65,0.7939,0.397,2.2774,21.8165,0.0,0.3757
1473,4408,108.59,0.45,147.86,110.96,0.2451,0.1226,10.8891,12.4434,8.8982,0.0802
1473,4367,114.44,0.05,189.69,151.66,0.2561,0.128,5.4645,5.9411,159.8744,0.0425
1474,4307,55.5,15.43,100.08,160.59,0.8467,0.8467,5.2351,20.4058,0.0,0.5468
1474,4397,273.33,2.35,344.83,243.8,0.708,0.354,2.7025,30.3782,0.0,0.3282
1474,4367,114.91,0.31,188.58,146.07,0.8677,0.4339,5.8763,5.8117,163.8589,0.1439
1475,4307,57.36,14.86,101.18,156.18,0.8203,0.8203,5.5005,20.0281,161.4186,0.2569
1475,4397,273.76,3.54,343.54,242.68,0.9072,0.4536,2.7202,30.221,0.0,0.4197
1475,4407,107.92,0.43,191.92,266.94,0.7188,0.3594,2.07,24.4518,39.6419,0.3005
1476,4307,59.26,14.36,101.25,148.88,0.8564,0.8564,6.0127,19.7369,163.8357,0.2687
1476,4397,274.29,3.99,342.09,239.57,0.8794,0.4397,2.7742,29.8751,0.0,0.4041
1476,4407,103.61,0.59,189.8,272.82,0.8608,0.4304,2.0015,25.5485,0.0,0.3878
1477,4307,61.97,13.97,104.34,150.88,0.8384,0.8384,5.8409,19.2292,23.5985,0.52
1477,4397,273.24,4.23,340.96,242.85,0.8867,0.4434,2.71,30.0482,0.0,0.4111
1477,4407,105.68,0.91,189.44,267.52,0.7334,0.3667,2.0654,24.6464,0.0,0.3343
1478,4307,63.79,13.53,104.81,147.42,0.8037,0.8037,6.0976,18.9851,163.1883,0.2533
1478,4397,273.33,4.41,339.83,241.76,0.8813,0.4406,2.7269,29.8815,0.0,0.4078
1478,4407,105.13,0.53,189.26,271.58,0.2637,0.1318,2.0159,25.3264,0.0,0.1191
1478,4367,109.66,0.08,186.45,153.14,0.5947,0.2974,5.3734,6.8074,19.9455,0.1916
1479,4307,66.92,13.01,106.85,145.79,0.8135,0.8135,6.2113,18.4999,150.084,0.2572
1479,4397,273.07,3.91,338.81,241.65,0.8921,0.4461,2.7259,29.7927,0.0,0.413
1479,4407,103.54,0.38,186.82,271.2,0.2822,0.1411,2.0229,25.3516,0.0,0.1276
1479,4367,107.36,0.0,184.26,154.08,0.6895,0.3448,5.317,7.2976,0.0,0.2289
1480,4307,67.7,13.01,107.64,149.95,0.7393,0.7393,5.8785,18.3867,16.1883,0.4705
1480,4397,271.17,3.24,335.81,237.44,0.9072,0.4536,2.7915,29.0894,0.0,0.4169
1480,4407,106.43,0.76,178.41,230.63,0.6084,0.3042,2.6403,18.7398,147.2144,0.1917
1481,4307,70.98,13.11,107.99,142.99,0.5527,0.5527,6.4323,18.0151,164.3905,0.1752
1481,4397,272.02,2.8,332.88,221.91,0.9092,0.4546,3.1056,27.5384,150.8685,0.2492
1481,4407,98.33,0.37,181.39,269.24,0.3857,0.1928,2.0542,25.2903,39.8215,0.1603
1481,4367,94.09,0.05,187.5,193.82,0.563,0.2815,3.5358,12.8309,25.9996,0.2308
1482,4307,73.45,13.68,108.24,139.15,0.6074,0.6074,6.78,17.7851,164.706,0.1928
1482,4397,272.24,2.43,330.92,211.3,0.9116,0.4558,3.3579,26.5307,152.682,0.2357
1482,4407,95.2,0.27,180.19,277.44,0.7832,0.3916,1.9597,26.6988,0.0,0.3495
1483,4307,75.43,13.84,108.73,137.01,0.5352,0.5352,6.9864,17.5815,163.72,0.1701
1483,4397,269.73,2.2,329.03,210.41,0.8853,0.4426,3.3696,26.1413,0.0,0.3762
1483,4407,95.32,0.48,174.56,255.61,0.8076,0.4038,2.2433,23.3848,142.7621,0.2443
1484,4397,267.82,2.03,328.2,211.42,0.915,0.4575,3.3362,26.0255,0.0,0.391
1484,4407,87.1,0.44,173.59,277.65,0.8564,0.4282,1.9692,27.1228,42.0181,0.3455
1485,4397,267.34,2.15,327.0,205.6,0.9038,0.4519,3.4881,25.4349,153.2719,0.2271
1485,4407,82.97,0.44,172.14,285.31,0.8701,0.435,1.8891,28.4363,0.0,0.3821
1486,4397,265.85,2.49,326.73,207.08,0.9028,0.4514,3.4425,25.4217,0.0,0.3801
1486,4407,79.42,0.24,170.73,288.0,0.8359,0.4179,1.8652,28.9733,0.0,0.3651
1487,4397,264.95,2.9,326.4,206.58,0.8882,0.4441,3.453,25.2907,0.0,0.3735
1487,4407,74.84,0.15,168.04,288.0,0.4678,0.2339,1.8721,29.1828,0.0,0.2044
1487,4367,81.35,0.91,162.48,158.7,0.7271,0.3635,5.1083,12.1481,159.9415,0.1185
1488,4397,264.93,3.99,326.05,203.67,0.8677,0.4339,3.5338,25.0338,0.0,0.3605
1488,4407,71.69,0.11,166.47,288.0,0.5029,0.2515,1.8768,29.3245,0.0,0.2198
1488,4367,76.93,0.69,160.65,155.12,0.6851,0.3426,5.344,12.5989,158.3467,0.1114
1489,4397,264.64,4.96,326.19,203.63,0.9043,0.4521,3.5345,25.0194,0.0,0.3756
1489,4407,65.93,0.09,162.77,288.0,0.6968,0.3484,1.8868,29.6213,0.0,0.3047
1489,4367,70.54,0.61,156.55,152.75,0.4707,0.2354,5.5262,13.5397,147.6382,0.0763
1490,4397,264.61,6.06,326.32,203.14,0.8965,0.8965,3.5489,24.989,0.0,0.7431
1490,4407,59.75,0.08,158.53,288.0,0.6074,0.3037,1.8987,29.9672,0.0,0.2658
1490,4367,62.0,0.63,153.9,158.1,0.6646,0.3323,5.2079,14.7759,26.862,0.2059
1491,4397,264.38,6.46,327.02,205.3,0.9048,0.9048,3.4887,25.1927,0.0,0.7568
1491,4407,61.32,0.25,149.44,244.39,0.585,0.2925,2.4837,24.1986,145.6101,0.1858
1492,4397,264.19,7.53,327.06,205.78,0.9048,0.9048,3.4749,25.2195,0.0,0.7584
1492,4367,52.63,0.56,149.76,161.46,0.8867,0.4434,5.044,16.1714,41.9411,0.2519
1493,4397,263.84,8.01,327.02,206.48,0.9062,0.9062,3.4545,25.2464,0.0,0.762
1493,4407,57.75,0.0,140.92,217.54,0.6094,0.3047,3.0237,21.4131,150.4494,0.1748
1494,4397,263.44,8.45,326.85,207.07,0.8838,0.8838,3.4368,25.2518,0.0,0.7453
1494,4407,50.96,0.05,144.15,237.02,0.6479,0.324,2.6348,24.0636,33.2793,0.291
1494,4367,46.0,0.38,148.66,166.49,0.2554,0.1277,4.7903,17.1084,25.4022,0.0827
1495,4397,263.04,8.41,326.42,206.58,0.9048,0.9048,3.4481,25.1508,0.0,0.7618
1495,4407,40.89,0.0,147.59,270.23,0.501,0.2505,2.144,28.7344,39.0173,0.2097
1495,4367,39.66,0.19,147.04,172.95,0.835,0.4175,4.4957,18.1708,25.0557,0.2864
1496,4397,262.2,8.47,325.86,207.26,0.915,0.915,3.4258,25.1026,0.0,0.7732
1496,4367,37.56,0.31,146.17,174.16,0.8921,0.4461,4.4483,18.5036,0.0,0.3225
1497,4397,262.47,8.66,325.85,207.08,0.8745,0.8745,3.4314,25.1071,0.0,0.7384
1497,4367,35.5,0.35,145.86,176.97,0.7407,0.3704,4.3311,18.8838,23.8549,0.2627
1498,4397,260.87,9.47,324.23,207.22,0.8735,0.8735,3.4193,24.8808,0.0,0.7394
1498,4367,35.34,0.36,146.37,177.99,0.5244,0.2622,4.2869,18.9196,0.0,0.195
1498,4418,125.7,0.13,153.35,61.39,0.5796,0.2898,10.0,90.0,0.0,0.0
1498,4407,37.63,0.24,145.64,272.38,0.4551,0.2276,2.1248,29.2455,0.0,0.2065
1499,4397,258.9,9.38,322.4,206.45,0.9121,0.9121,3.4307,24.5354,0.0,0.7715
1499,4367,34.92,0.44,147.67,181.91,0.8906,0.4453,4.1253,19.1148,22.399,0.3294
1499,4418,125.69,0.06,152.67,59.78,0.5039,0.252,10.0,90.0,0.0,0.0
1500,4397,257.99,9.99,320.82,203.48,0.8994,0.8994,3.5075,24.1032,0.0,0.7524
1500,4367,34.2,0.38,148.07,185.46,0.8755,0.4377,3.9908,19.4073,23.2581,0.3306
1500,4418,125.47,0.09,152.66,60.19,0.2289,0.1144,10.0,90.0,0.0,0.0
1500,4419,124.92,0.17,153.63,155.0,0.5659,0.2829,5.2756,8.6179,0.0,0.1876
1501,4397,257.25,10.77,319.93,202.57,0.9028,0.9028,3.5295,23.9057,0.0,0.7531
1501,4367,33.23,0.36,147.51,189.15,0.8564,0.4282,3.862,19.8272,24.6741,0.3289
1501,4418,123.76,0.07,151.25,60.33,0.2056,0.1028,10.0,90.0,0.0,0.0
1501,4419,123.14,0.26,152.51,158.22,0.3293,0.1646,5.0807,9.0848,20.5105,0.1056
1502,4397,256.62,11.23,319.26,201.88,0.9175,0.9175,3.5463,23.7508,0.0,0.7636
1502,4367,33.66,0.34,146.89,191.78,0.8721,0.436,3.7728,20.0626,0.0,0.3532
1503,4397,256.03,11.38,318.5,200.91,0.9048,0.9048,3.5713,23.5691,0.0,0.7504
1503,4407,35.53,0.77,143.92,283.12,0.8125,0.4062,2.0035,30.7873,41.6139,0.3261
1503,4419,126.86,0.37,156.82,156.96,0.6724,0.3362,5.1454,8.2384,128.0696,0.1109
1504,4397,255.95,11.14,317.56,197.3,0.9004,0.9004,3.6784,23.2039,154.5444,0.4345
1504,4419,129.35,0.45,160.91,158.35,0.7515,0.3757,5.0529,7.7149,38.1169,0.2227
1504,4367,34.55,0.46,144.33,193.19,0.771,0.3855,3.73,20.3171,0.0,0.3143
1505,4397,255.62,10.19,317.95,198.34,0.8882,0.8882,3.6464,23.2899,0.0,0.7283
1505,4419,122.14,0.27,154.09,157.6,0.7656,0.3828,5.1171,8.9904,115.2647,0.126
1505,4367,32.42,0.48,140.43,196.54,0.7822,0.3911,3.6371,21.0842,34.886,0.2996
1506,4397,255.8,9.65,317.84,196.42,0.9082,0.9082,3.7064,23.1461,0.0,0.7377
1506,4419,119.73,0.18,152.1,156.93,0.7939,0.397,5.1648,9.3724,0.0,0.2629
1506,4367,31.43,0.47,138.77,201.03,0.8442,0.4221,3.508,21.6913,27.5563,0.3394
1506,4423,142.48,12.85,185.18,132.16,0.4727,0.4727,7.1716,4.1183,0.0,0.3147
1507,4397,256.55,9.06,317.55,191.52,0.8789,0.8789,3.8687,22.8206,156.2367,0.4026
1507,4419,118.3,0.13,151.12,156.89,0.6875,0.3438,5.1711,9.602,0.0,0.2276
1507,4423,139.67,15.2,187.99,150.65,0.3831,0.3831,5.5146,3.5943,17.1352,0.2495
1507,4407,35.56,0.55,141.54,288.0,0.6187,0.3094,1.9533,31.5022,0.0,0.2716
1508,4397,256.92,8.55,316.64,186.34,0.895,0.895,4.0517,22.4251,156.9901,0.3889
1508,4419,117.25,0.2,150.67,157.84,0.8027,0.4013,5.1156,9.7993,0.0,0.2656
1508,4423,142.56,16.51,190.61,151.55,0.6001,0.6001,5.449,3.1655,0.0,0.3998
1508,4367,27.79,0.67,134.58,206.89,0.8145,0.4073,3.3618,22.8219,33.3951,0.3274
1509,4397,258.11,8.27,316.8,181.84,0.8804,0.8804,4.2292,22.2587,158.0903,0.3621
1509,4419,118.68,0.22,152.81,157.05,0.4072,0.2036,5.158,9.4119,0.0,0.1348
1509,4423,128.67,5.13,183.47,157.26,0.3999,0.3999,5.0952,5.6135,36.3354,0.24
1509,4367,27.35,0.55,130.67,206.52,0.5176,0.2588,3.3818,23.109,0.0,0.2214
1509,4407,33.1,0.47,136.2,288.0,0.4102,0.2051,1.965,31.8187,0.0,0.1802
1510,4397,258.19,7.31,316.31,179.03,0.9028,0.9028,4.3434,22.0649,158.3273,0.3579
1510,4419,116.64,0.22,151.52,159.22,0.771,0.3855,5.0331,9.8596,23.8041,0.2442
1510,4423,139.15,12.07,187.58,146.11,0.7656,0.7656,5.8519,3.4475,160.6625,0.2547
1510,4367,26.99,0.58,125.94,201.63,0.6836,0.3418,3.5315,23.0598,152.9341,0.1718
1510,4407,30.25,0.4,131.24,287.44,0.2422,0.1211,1.9832,32.0744,0.0,0.1066
1511,4397,257.41,6.21,315.64,178.09,0.9038,0.9038,4.3789,21.8916,0.0,0.6557
1511,4419,115.74,0.49,151.23,160.67,0.8423,0.4212,4.9514,10.0663,0.0,0.2813
1511,4423,143.62,15.1,189.1,140.77,0.8315,0.8315,6.2958,2.8829,162.676,0.2768
1511,4367,25.02,0.65,121.01,198.51,0.4045,0.2023,3.6422,23.3342,149.2972,0.0985
1511,4407,25.49,0.36,124.5,288.0,0.4387,0.2193,1.9957,32.6307,0.0,0.1931
1512,4397,257.11,6.66,315.05,177.92,0.8647,0.8647,4.3836,21.8073,0.0,0.6269
1512,4419,115.69,0.22,151.23,158.97,0.8442,0.4221,5.0499,9.9618,0.0,0.2793
1512,4423,146.15,15.43,190.58,138.8,0.7114,0.7114,6.4751,2.6215,159.2496,0.2369
1512,4367,20.56,0.65,116.52,200.69,0.5322,0.2661,3.5996,24.1923,0.0,0.2193
1512,4407,22.33,0.32,123.21,288.0,0.5283,0.2641,2.0031,32.823,0.0,0.2326
1513,4397,255.89,4.96,314.46,178.69,0.8564,0.4282,4.3454,21.6967,0.0,0.3127
1513,4419,115.6,0.11,151.73,160.09,0.8218,0.4109,4.984,9.9939,0.0,0.2727
1513,4423,145.6,15.34,190.13,138.59,0.8477,0.8477,6.4955,2.7328,0.0,0.5648
1513,4367,15.62,0.62,111.72,200.38,0.6226,0.3113,3.6351,24.9117,0.0,0.2545
1513,4407,12.65,0.29,115.58,288.0,0.3345,0.1673,2.0332,33.5867,0.0,0.1475
1514,4397,255.46,4.81,313.69,177.91,0.8516,0.4258,4.3751,21.5521,0.0,0.3094
1514,4419,115.58,0.34,151.94,159.95,0.8545,0.4273,4.9917,9.9668,0.0,0.2832
1514,4423,147.59,14.96,191.95,138.17,0.8442,0.8442,6.5338,2.4223,0.0,0.5625
1514,4407,10.42,0.63,114.22,288.0,0.8218,0.4109,2.0397,33.7479,0.0,0.3626
1515,4397,254.9,4.67,312.9,177.69,0.9077,0.4538,4.3806,21.4256,0.0,0.3296
1515,4419,115.63,0.15,152.46,160.44,0.8555,0.4278,4.9627,9.9456,0.0,0.2852
1515,4423,148.44,14.81,192.84,139.15,0.8125,0.8125,6.44,2.169,0.0,0.5415
1515,4407,6.69,0.55,111.14,288.0,0.9141,0.4571,2.0522,34.0561,0.0,0.4036
1516,4397,254.59,4.63,312.36,178.03,0.8965,0.4482,4.3635,21.3723,0.0,0.3266
1516,4419,115.77,0.44,152.84,160.43,0.8608,0.4304,4.9624,9.896,0.0,0.287
1516,4423,150.84,14.31,194.99,140.59,0.8496,0.8496,6.3061,1.6181,26.4962,0.5365
1516,4407,4.99,0.32,110.22,288.0,0.8867,0.4434,2.0571,34.1754,0.0,0.3916
1517,4397,254.22,4.72,311.7,178.39,0.8867,0.4434,4.3452,21.3053,0.0,0.3242
1517,4419,115.51,0.46,152.94,161.07,0.8667,0.4334,4.9263,9.955,0.0,0.291
1517,4423,152.44,13.65,196.34,141.78,0.8315,0.8315,6.1997,1.2417,23.4443,0.5314
1517,4407,4.06,0.4,109.91,288.0,0.9219,0.461,2.0594,34.232,0.0,0.4073
1518,4397,254.0,4.49,311.2,178.57,0.895,0.4475,4.3355,21.2545,0.0,0.3278
1518,4419,115.34,0.37,152.79,160.1,0.8584,0.4292,4.9821,9.9191,0.0,0.285
1518,4423,153.91,13.96,197.39,143.42,0.8252,0.8252,6.059,0.9033,19.4235,0.5344
1518,4407,3.96,0.8,110.52,288.0,0.9043,0.4521,2.0584,34.2087,0.0,0.3995
1519,4397,253.93,4.78,310.66,178.49,0.9014,0.4507,4.3372,21.1982,0.0,0.3301
1519,4419,115.27,0.15,152.95,160.09,0.8628,0.4314,4.9825,9.91,0.0,0.2865
1519,4423,155.13,12.43,198.54,144.76,0.8193,0.8193,5.9484,0.67,20.8276,0.5283
1519,4407,2.65,0.37,110.02,288.0,0.8262,0.4131,2.0618,34.2915,0.0,0.365
1520,4397,253.61,5.28,309.85,178.86,0.8931,0.8931,4.3184,21.1238,0.0,0.6566
1520,4419,115.08,0.15,153.08,160.92,0.8545,0.4273,4.9353,9.9717,0.0,0.2864
1520,4423,156.71,13.61,199.07,145.8,0.8076,0.8076,5.8651,0.5709,0.0,0.5384
1520,4407,2.42,0.2,110.55,288.0,0.7964,0.3982,2.0613,34.2777,0.0,0.3519
1521,4397,253.69,6.21,309.2,178.75,0.8906,0.8906,4.3214,21.0691,0.0,0.6545
1521,4419,114.82,0.25,153.15,161.88,0.8618,0.4309,4.8818,10.0573,0.0,0.2918
1521,4423,159.88,14.16,201.63,145.98,0.8525,0.8525,5.8508,0.4362,0.0,0.5683
1521,4407,2.02,0.13,110.65,288.0,0.9229,0.4615,2.0618,34.2915,0.0,0.4078
1522,4397,253.58,7.13,308.39,178.45,0.8867,0.8867,4.3314,20.9736,0.0,0.6506
1522,4419,114.76,0.28,153.15,161.4,0.8638,0.4319,4.9087,10.0286,0.0,0.291
1522,4423,161.93,14.49,203.15,146.02,0.7988,0.7988,5.8479,0.668,0.0,0.5325
1522,4407,0.88,0.1,109.62,288.0,0.7319,0.3659,2.066,34.3909,0.0,0.3234
1523,4397,253.52,7.85,307.76,178.18,0.8892,0.8892,4.3408,20.8993,0.0,0.6514
1523,4419,114.48,0.2,153.23,162.14,0.8638,0.4319,4.8679,10.1003,0.0,0.2933
1523,4423,164.45,15.15,205.23,146.01,0.7075,0.7075,5.8494,1.0787,0.0,0.4716
1523,4407,0.37,0.26,109.06,288.0,0.9058,0.4529,2.068,34.44,0.0,0.4004
1524,4397,252.98,8.3,306.77,178.0,0.8701,0.8701,4.3442,20.7587,0.0,0.6373
1524,4419,114.57,0.17,153.35,161.76,0.8726,0.4363,4.8886,10.0533,0.0,0.2951
1524,4423,165.98,15.23,206.45,146.17,0.8628,0.8628,5.8375,1.3548,0.0,0.5751
1524,4407,0.31,0.14,108.91,288.0,0.895,0.4475,2.0684,34.4497,0.0,0.3956
1525,4397,252.35,8.55,305.93,178.24,0.8882,0.8882,4.3298,20.6475,0.0,0.6525
1525,4419,114.58,0.25,153.35,161.24,0.8721,0.436,4.9176,10.0155,0.0,0.2933
1525,4423,167.62,15.4,207.96,146.4,0.8516,0.8516,5.8205,1.6774,0.0,0.5676
1525,4407,0.0,0.08,107.63,288.0,0.835,0.4175,2.0714,34.5228,0.0,0.3691
1526,4397,252.41,9.39,305.35,177.78,0.876,0.876,4.3479,20.5762,0.0,0.6415
1526,4419,114.54,0.18,153.3,160.66,0.8691,0.4345,4.9505,9.9839,0.0,0.2904
1526,4423,167.94,15.86,208.73,149.25,0.8496,0.8496,5.607,2.0269,17.1815,0.5536
1526,4407,0.0,0.25,105.99,288.0,0.9062,0.4531,2.0746,34.5984,0.0,0.4007
1527,4397,252.53,10.06,304.89,177.44,0.8818,0.8818,4.3615,20.5274,0.0,0.6443
1527,4419,114.46,0.25,153.36,160.81,0.8735,0.4368,4.942,9.996,0.0,0.2923
1527,4423,168.96,15.93,209.87,150.86,0.8682,0.8682,5.4932,2.3965,20.5624,0.5601
1527,4407,0.0,0.49,104.32,288.0,0.8994,0.4497,2.0778,34.6755,0.0,0.3978
1528,4397,252.45,10.49,304.5,177.89,0.8804,0.8804,4.341,20.5135,0.0,0.6457
1528,4419,114.13,0.28,153.03,159.94,0.8667,0.4334,4.9929,10.0002,0.0,0.2871
1528,4423,171.03,16.16,211.48,151.53,0.8296,0.8296,5.4483,2.7853,0.0,0.5527
1528,4407,0.0,0.2,103.55,288.0,0.8901,0.4451,2.0793,34.7111,0.0,0.3937
1529,4397,252.5,10.74,303.75,176.48,0.8867,0.8867,4.3997,20.372,0.0,0.6436
1529,4419,114.38,0.29,153.47,160.17,0.8584,0.4292,4.9785,9.9502,0.0,0.2852
1529,4423,172.64,15.94,212.65,151.58,0.8135,0.8135,5.4461,3.0319,0.0,0.542
1529,4407,0.0,0.28,103.85,288.0,0.9229,0.4615,2.0787,34.6973,0.0,0.4082
1530,4397,252.48,10.34,303.16,175.41,0.876,0.876,4.4451,20.2595,0.0,0.6307
1530,4419,114.42,0.2,153.7,160.35,0.8701,0.435,4.9678,9.9367,0.0,0.2897
1530,4423,173.76,15.67,213.22,151.47,0.8135,0.8135,5.4546,3.1709,0.0,0.5419
1530,4407,0.0,0.3,104.43,288.0,0.9102,0.4551,2.0776,34.6704,0.0,0.4025
1531,4397,252.58,9.91,302.68,174.37,0.8882,0.8882,4.4907,20.1698,0.0,0.6343
1531,4419,114.41,0.16,153.81,160.23,0.8638,0.4319,4.9745,9.9193,0.0,0.2873
1531,4423,174.61,15.1,213.65,151.4,0.8218,0.8218,5.4601,3.2797,0.0,0.5474
1531,4407,0.0,0.13,104.59,288.0,0.8184,0.4092,2.0773,34.663,0.0,0.3619
1532,4397,252.41,9.36,302.18,173.81,0.8975,0.8975,4.5143,20.0818,0.0,0.6383
1532,4419,114.41,0.15,153.94,160.37,0.8745,0.4373,4.9663,9.9164,0.0,0.2913
1532,4423,175.14,15.13,213.51,151.35,0.8403,0.8403,5.4637,3.3105,0.0,0.5597
1532,4407,0.16,0.06,105.16,288.0,0.4668,0.2334,2.0759,34.6293,0.0,0.2064
1533,4397,252.78,9.06,301.78,172.04,0.8901,0.8901,4.5965,19.9875,0.0,0.6234
1533,4419,114.47,0.05,154.22,160.98,0.876,0.438,4.931,9.9262,0.0,0.2938
1533,4423,175.71,14.52,213.74,151.68,0.8052,0.8052,5.4415,3.4145,0.0,0.5363
1533,4407,13.08,0.03,93.98,207.56,0.833,0.4165,3.4845,26.9542,153.7844,0.2079
1534,4397,253.5,9.03,301.26,168.49,0.8804,0.8804,4.7707,19.8368,160.3436,0.303
1534,4419,114.22,0.01,154.13,161.21,0.8608,0.4304,4.9186,9.9741,0.0,0.2894
1534,4423,176.94,13.67,214.95,151.98,0.8169,0.8169,5.4224,3.6653,0.0,0.544
1534,4407,18.6,0.01,89.9,173.13,0.6426,0.3213,4.7291,24.8791,160.0517,0.1088
1535,4397,254.2,8.83,300.29,162.68,0.8677,0.8677,5.0812,19.5833,161.3834,0.2725
1535,4419,114.37,0.09,154.04,159.91,0.8477,0.4239,4.9926,9.8802,0.0,0.2809
1535,4423,178.38,13.16,216.2,151.88,0.8237,0.8237,5.4309,3.9052,0.0,0.5485
1535,4407,19.65,0.22,89.43,161.01,0.3469,0.1734,5.3804,24.4589,162.3042,0.0526
1535,4429,10.42,0.45,97.66,241.43,0.4814,0.2407,2.73,29.7743,0.0,0.2227
1536,4397,255.02,8.85,299.2,155.63,0.8701,0.8701,5.5119,19.3603,162.7573,0.2736
1536,4419,114.64,0.12,153.98,158.2,0.8618,0.4309,5.0928,9.7535,161.4417,0.1416
1536,4423,179.77,13.04,217.6,152.29,0.8516,0.8516,5.405,4.2002,0.0,0.567
1536,4429,21.97,0.08,87.07,177.24,0.8394,0.4197,4.5378,25.0023,159.3109,0.1527
1537,4397,254.12,8.76,297.92,153.32,0.8574,0.8574,5.6609,19.1158,160.9684,0.27
1537,4419,114.68,0.23,154.02,158.02,0.8647,0.4324,5.1035,9.7352,0.0,0.2862
1537,4423,181.03,12.82,218.8,152.06,0.8594,0.8594,5.4224,4.4137,0.0,0.5721
1537,4407,18.72,0.0,91.63,158.9,0.7949,0.3975,5.5063,24.3057,161.5641,0.1207
1538,4397,253.51,8.54,297.58,153.71,0.8618,0.8618,5.6307,19.0359,0.0,0.5588
1538,4419,114.54,0.08,154.28,159.46,0.877,0.4385,5.0181,9.8123,0.0,0.2902
1538,4423,182.79,12.9,221.23,154.0,0.8779,0.8779,5.2967,4.9639,25.8477,0.5549
1538,4407,8.96,0.0,100.29,197.43,0.4697,0.2349,3.778,26.0876,24.4263,0.1798
1539,4397,251.97,8.46,296.35,153.73,0.8657,0.8657,5.62,18.7825,0.0,0.5618
1539,4419,114.58,0.12,154.28,159.26,0.8647,0.4324,5.0297,9.7957,0.0,0.2861
1539,4423,183.77,13.43,222.85,156.38,0.8721,0.8721,5.148,5.4168,20.8732,0.561
1539,4407,13.01,0.0,97.51,174.13,0.8315,0.4158,4.6746,24.7514,159.8238,0.1439
1540,4397,250.88,8.43,295.69,154.01,0.7739,0.7739,5.5951,18.6272,0.0,0.5024
1540,4419,114.6,0.04,154.38,159.38,0.8711,0.4355,5.0225,9.792,0.0,0.2883
1540,4423,184.26,13.63,223.82,157.91,0.8804,0.8804,5.0563,5.6983,0.0,0.5855
1540,4407,13.62,0.0,95.54,162.6,0.6602,0.3301,5.2851,24.4902,162.1348,0.1001
1541,4397,250.09,8.42,295.11,153.8,0.8359,0.8359,5.6049,18.4971,0.0,0.5429
1541,4419,114.45,0.2,154.47,160.63,0.8638,0.4319,4.9505,9.8805,0.0,0.2886
1541,4423,184.75,14.17,224.72,160.03,0.8574,0.8574,4.9336,6.0448,20.0909,0.5602
1541,4407,13.2,0.0,96.09,159.96,0.5815,0.2908,5.444,24.4178,162.4974,0.0882
1542,4397,249.78,8.33,295.14,154.15,0.8691,0.8691,5.5801,18.4783,0.0,0.5645
1542,4419,114.44,0.16,154.46,160.45,0.8638,0.4319,4.9608,9.8701,0.0,0.2881
1542,4423,185.28,14.75,225.18,160.72,0.8271,0.8271,4.8954,6.206,0.0,0.5613
1542,4407,12.08,0.0,96.55,159.52,0.4226,0.2113,5.4741,24.4643,0.0,0.1345
1542,4432,9.97,0.45,97.64,238.95,0.4524,0.2262,2.7761,29.5695,0.0,0.2081
1543,4397,250.86,8.57,295.87,153.77,0.8203,0.8203,5.612,18.6372,0.0,0.5325
1543,4419,114.42,0.15,154.47,160.38,0.8496,0.4248,4.9648,9.8663,0.0,0.2831
1543,4423,185.72,15.34,225.4,160.86,0.7964,0.7964,4.8881,6.2777,0.0,0.5412
1543,4407,7.81,0.0,100.07,173.72,0.5283,0.2641,4.7033,24.9529,20.0634,0.173
1543,4432,2.16,0.08,103.7,276.47,0.2437,0.1218,2.2111,33.404,37.9402,0.1019
1544,4397,250.73,8.85,295.59,153.85,0.8101,0.8101,5.6052,18.6011,0.0,0.526
1544,4419,114.4,0.05,154.49,160.54,0.8721,0.436,4.9557,9.8772,0.0,0.2911
1544,4423,186.18,15.84,225.67,161.52,0.8013,0.8013,4.8519,6.4139,0.0,0.5483
1544,4407,7.4,0.0,96.94,165.5,0.4922,0.2461,5.1381,24.9714,161.6475,0.0744
1544,4432,0.0,0.0,104.48,288.0,0.3857,0.1928,2.0775,34.6681,39.9063,0.1556
1545,4397,250.4,8.96,295.43,154.48,0.8525,0.8525,5.5608,18.5687,0.0,0.5535
1545,4419,114.46,0.11,154.42,160.04,0.8594,0.4297,4.9844,9.8445,0.0,0.2853
1545,4423,187.84,16.11,225.88,156.75,0.8218,0.8218,5.1317,6.0972,161.4355,0.2724
1545,4407,7.57,0.0,93.88,157.56,0.7861,0.3931,5.6294,25.0321,163.1818,0.1187
1546,4397,250.33,9.18,295.14,154.94,0.8101,0.8101,5.5287,18.5454,0.0,0.526
1546,4419,114.45,0.22,154.53,160.78,0.8394,0.4197,4.9419,9.8852,0.0,0.281
1546,4423,188.34,16.21,228.06,164.65,0.7847,0.7847,4.6882,7.1573,20.2926,0.5375
1546,4407,6.2,0.0,93.97,158.98,0.8159,0.4079,5.5429,25.1657,0.0,0.2591
1547,4397,249.02,9.08,293.74,154.67,0.8594,0.8594,5.538,18.2902,0.0,0.5585
1547,4419,114.48,0.17,154.62,161.06,0.8647,0.4324,4.9259,9.8935,0.0,0.2904
1547,4423,189.47,15.97,229.71,167.68,0.7949,0.7949,4.538,7.7536,22.7048,0.5559
1547,4407,6.37,0.0,93.26,155.87,0.5049,0.2525,5.7503,25.1572,163.5166,0.0762
1547,4432,3.17,1.78,95.25,251.97,0.3877,0.1938,2.5735,31.3544,146.505,0.1179
1548,4397,248.66,9.41,293.1,154.68,0.7939,0.7939,5.5341,18.1982,0.0,0.516
1548,4419,114.43,0.15,154.54,160.97,0.8403,0.4202,4.9312,9.8993,0.0,0.2819
1548,4423,190.69,15.14,231.32,169.01,0.8003,0.8003,4.4765,8.1445,0.0,0.5867
1548,4407,4.02,0.0,92.63,158.87,0.7031,0.3515,5.5647,25.4578,19.696,0.2161
1549,4397,246.88,9.72,291.19,154.34,0.8574,0.8574,5.5452,17.8497,0.0,0.5578
1549,4419,114.45,0.05,154.65,161.49,0.8486,0.4243,4.9018,9.924,0.0,0.2863
1549,4423,191.55,14.81,232.21,169.29,0.8203,0.8203,4.4649,8.3175,0.0,0.6025
1549,4407,4.07,0.0,93.6,160.19,0.7227,0.3614,5.4771,25.3987,0.0,0.2293
1550,4397,244.88,10.12,289.22,154.22,0.8843,0.8843,5.5409,17.4787,0.0,0.5759
1550,4419,114.5,0.01,154.46,160.57,0.876,0.438,4.9539,9.8727,0.0,0.2925
1550,4423,192.02,14.41,232.7,169.16,0.8433,0.8433,4.4721,8.3774,0.0,0.6186
1550,4407,2.89,0.0,90.48,157.28,0.2561,0.128,5.6824,25.7028,161.5465,0.0385
1550,4432,7.55,1.13,88.79,219.81,0.4854,0.2427,3.2027,28.6499,151.916,0.1292
1551,4397,243.09,10.89,287.34,153.83,0.8594,0.8594,5.556,17.1282,0.0,0.5602
1551,4419,114.54,0.0,154.56,160.96,0.8594,0.4297,4.9315,9.8865,0.0,0.2883
1551,4423,192.88,13.7,232.68,164.46,0.8296,0.8296,4.7075,7.9036,160.1166,0.3063
1551,4407,3.46,0.0,88.78,153.75,0.5566,0.2783,5.9313,25.7461,164.0039,0.0836
1551,4432,0.0,0.11,96.13,268.94,0.2983,0.1492,2.3289,33.1368,36.4242,0.1279
1552,4397,241.27,11.38,285.59,153.51,0.8901,0.8901,5.567,16.7874,0.0,0.5808
1552,4419,114.72,0.0,154.61,160.37,0.8525,0.4263,4.9647,9.8243,0.0,0.2841
1552,4423,192.43,12.69,233.18,167.09,0.8315,0.8315,4.5737,8.2012,20.4074,0.5814
1552,4407,4.47,0.0,88.11,150.95,0.3328,0.1664,6.1376,25.6887,164.2837,0.05
1552,4432,0.0,0.0,97.88,282.76,0.3914,0.1957,2.1508,34.4396,38.4269,0.161
1553,4397,240.12,11.84,284.54,154.06,0.8804,0.8804,5.5231,16.5932,0.0,0.5747
1553,4419,114.79,0.0,154.25,158.47,0.8555,0.4278,5.076,9.7296,161.4767,0.1405
1553,4423,192.41,12.13,233.54,168.23,0.8423,0.8423,4.5181,8.3632,0.0,0.6127
1553,4407,3.66,0.0,90.52,158.25,0.626,0.313,5.6152,25.6521,16.8485,0.1939
1553,4432,0.0,0.0,97.78,285.93,0.4397,0.2198,2.1141,34.7674,0.0,0.1955
1554,4397,239.2,12.28,283.41,153.53,0.8574,0.8574,5.553,16.3887,0.0,0.56
1554,4419,114.75,0.0,154.47,159.43,0.8442,0.4221,5.0192,9.7725,0.0,0.2794
1554,4423,192.12,11.56,233.71,169.56,0.8413,0.8413,4.4543,8.5151,0.0,0.619
1554,4432,0.0,0.0,95.98,288.0,0.7471,0.3735,2.0941,35.0626,0.0,0.3307
1555,4397,236.57,12.53,280.86,153.26,0.8013,0.8013,5.5565,15.8941,0.0,0.524
1555,4419,114.64,0.09,154.54,160.26,0.8516,0.4258,4.9712,9.8309,0.0,0.2834
1555,4423,191.82,10.89,233.73,170.23,0.8516,0.8516,4.4225,8.5765,0.0,0.6301
1555,4432,0.0,0.0,97.03,288.0,0.3328,0.1664,2.0921,35.0137,0.0,0.1473
1556,4397,234.74,13.01,278.96,153.07,0.8369,0.8369,5.5589,15.5366,0.0,0.5477
1556,4419,114.98,0.12,154.38,158.07,0.8394,0.4197,5.0994,9.6751,161.4984,0.1379
1556,4423,194.56,10.99,231.76,149.66,0.7471,0.7471,5.6178,6.8911,163.1617,0.2472
1556,4407,0.71,0.0,78.86,146.8,0.6772,0.3386,6.5362,26.7411,164.294,0.1008
1557,4397,233.4,12.41,277.69,152.64,0.8252,0.8252,5.5813,15.2791,0.0,0.5404
1557,4419,114.72,0.04,154.52,159.76,0.8584,0.4292,5.0,9.7921,0.0,0.2841
1557,4423,195.65,10.91,231.05,140.41,0.7808,0.7808,6.3686,6.8714,165.053,0.2584
1557,4432,1.51,0.32,97.08,288.0,0.7422,0.3711,2.089,34.9411,0.0,0.3285
1558,4397,234.2,13.04,277.68,151.84,0.8193,0.8193,5.6393,15.3377,0.0,0.5365
1558,4419,114.74,0.01,154.45,159.38,0.8545,0.4273,5.0221,9.7721,0.0,0.2828
1558,4423,189.14,10.87,231.05,162.76,0.8647,0.8647,4.7922,7.2608,19.6476,0.5813
1558,4432,5.12,0.78,98.84,286.26,0.7642,0.3821,2.0982,34.5113,0.0,0.3392
1559,4397,234.87,12.68,277.6,150.99,0.8525,0.8525,5.7015,15.3782,0.0,0.5582
1559,4419,114.68,0.0,154.49,159.6,0.8545,0.4273,5.0094,9.7882,0.0,0.2828
1559,4423,186.8,11.21,231.27,171.34,0.8296,0.8296,4.3639,8.1538,21.3669,0.6016
1559,4432,7.94,0.91,100.19,283.43,0.6592,0.3296,2.1227,34.0195,0.0,0.2942
1560,4397,233.78,12.14,275.82,148.07,0.8604,0.8604,5.9105,15.063,161.6883,0.2769
1560,4419,114.86,0.09,154.67,159.88,0.8628,0.4314,4.9926,9.7726,0.0,0.2859
1560,4423,188.45,11.54,233.07,172.67,0.6919,0.6919,4.3072,8.5907,0.0,0.5226
1560,4432,11.5,0.89,103.16,281.6,0.6909,0.3454,2.1315,33.5156,0.0,0.3093
1560,4407,7.71,0.0,85.51,148.81,0.5215,0.2607,6.3028,25.6194,32.0987,0.152
1561,4397,232.69,12.16,274.03,145.87,0.8574,0.8574,6.0761,14.7696,160.8115,0.2764
1561,4419,114.99,0.12,154.68,159.42,0.8564,0.4282,5.019,9.7293,0.0,0.2834
1561,4423,184.32,11.58,230.54,175.58,0.8193,0.8193,4.175,8.5464,30.7845,0.5948
1561,4407,6.45,0.0,79.47,145.11,0.6084,0.3042,6.6512,26.2136,162.8008,0.091
1562,4397,231.4,12.26,272.25,144.04,0.8433,0.8433,6.219,14.4692,159.4669,0.2722
1562,4419,114.8,0.04,154.64,160.0,0.8496,0.4248,4.9858,9.7891,0.0,0.2819
1562,4423,183.08,12.34,229.76,177.18,0.7334,0.7334,4.1068,8.664,0.0,0.5735
1562,4407,7.08,0.0,77.27,144.12,0.4197,0.2099,6.7481,26.3427,0.0,0.1326
1563,4397,230.94,11.99,271.47,142.37,0.8306,0.8306,6.3601,14.353,163.7178,0.2682
1563,4419,114.5,0.2,154.48,160.58,0.8228,0.4114,4.9533,9.8715,0.0,0.2748
1563,4423,181.0,12.82,227.78,176.73,0.6021,0.6021,4.1222,8.3427,0.0,0.4697
1563,4407,10.62,0.0,81.69,148.5,0.5898,0.2949,6.3322,25.6937,17.592,0.1823
1564,4397,230.12,12.03,270.42,142.02,0.7769,0.7769,6.3857,14.174,0.0,0.51
1564,4419,114.38,0.07,154.52,161.08,0.8574,0.4287,4.9251,9.9136,0.0,0.2879
1564,4423,178.69,13.37,227.09,182.19,0.7515,0.7515,3.9053,9.0881,24.1635,0.5856
1564,4407,12.86,0.0,81.33,145.16,0.4756,0.2378,6.6056,25.5245,164.5672,0.0715
1564,4432,21.87,0.58,115.03,281.38,0.5537,0.2768,2.093,32.4472,0.0,0.2474
1565,4397,228.21,12.09,267.95,142.26,0.7925,0.7925,6.3518,13.7484,0.0,0.5208
1565,4419,114.23,0.02,154.46,161.18,0.8496,0.4248,4.9198,9.9402,0.0,0.2856
1565,4423,177.67,13.12,226.63,184.39,0.7871,0.7871,3.8234,9.397,0.0,0.6447
1565,4407,14.56,0.0,82.89,147.24,0.2532,0.1266,6.4115,25.2566,16.7646,0.0786
1565,4432,23.59,0.33,117.44,279.74,0.7285,0.3643,2.1049,32.0684,0.0,0.3265
1566,4397,226.6,12.06,265.77,142.25,0.6074,0.6074,6.3421,13.3799,0.0,0.3994
1566,4419,114.28,0.01,154.61,161.58,0.8677,0.4339,4.8971,9.95,0.0,0.293
1566,4423,177.36,12.2,226.6,185.17,0.396,0.396,3.7951,9.5182,0.0,0.3258
1566,4407,15.4,0.0,84.25,150.8,0.627,0.3135,6.1167,25.0943,15.7051,0.1952
1566,4432,25.56,0.24,120.96,279.46,0.7515,0.3757,2.0987,31.7822,0.0,0.3369
1567,4397,225.2,12.07,263.6,142.04,0.4639,0.4639,6.3511,13.033,0.0,0.3053
1567,4419,113.97,0.0,154.34,161.54,0.8574,0.4287,4.9002,10.0012,0.0,0.2893
1567,4423,176.69,10.38,226.09,185.76,0.7939,0.7939,3.7735,9.5682,0.0,0.6554
1567,4407,14.87,0.0,83.99,155.64,0.7393,0.3696,5.7694,25.2183,16.7168,0.2295
1568,4397,224.26,12.29,262.55,143.39,0.7285,0.7285,6.228,12.8332,17.8635,0.4679
1568,4419,113.95,0.0,154.33,161.52,0.8628,0.4314,4.9014,10.0026,0.0,0.2911
1568,4423,174.5,9.22,224.02,185.74,0.8286,0.8286,3.7717,9.3779,0.0,0.6844
1568,4407,17.16,0.0,84.71,155.29,0.5747,0.2873,5.7805,24.96,0.0,0.1826
1568,4432,29.45,0.2,125.92,277.81,0.5708,0.2854,2.1032,31.1808,0.0,0.2566
1569,4397,222.73,12.48,260.46,143.55,0.834,0.834,6.205,12.4782,0.0,0.5494
1569,4419,114.19,0.0,154.55,161.51,0.8594,0.4297,4.9012,9.959,0.0,0.29
1569,4423,174.0,8.88,223.28,186.4,0.8296,0.8296,3.7479,9.4474,0.0,0.6878
1569,4407,19.75,0.0,86.66,156.59,0.2991,0.1495,5.6729,24.597,25.1386,0.0905
1569,4432,31.89,0.14,129.81,276.83,0.668,0.334,2.1044,30.7738,0.0,0.3007
1570,4397,222.15,12.92,259.39,144.18,0.8271,0.8271,6.1477,12.316,0.0,0.5451
1570,4419,114.12,0.0,154.42,161.12,0.8779,0.439,4.9234,9.9501,0.0,0.2949
1570,4423,173.53,8.39,222.06,184.49,0.833,0.833,3.8147,9.0286,0.0,0.6835
1570,4407,22.23,0.02,89.28,159.64,0.7847,0.3923,5.455,24.2227,19.8366,0.2423
1570,4432,29.5,0.12,126.68,274.89,0.4072,0.2036,2.1372,30.7936,0.0,0.1842
1571,4397,218.97,13.25,256.1,143.04,0.7695,0.7695,6.2288,11.6804,136.2288,0.2512
1571,4419,114.17,0.09,154.48,161.35,0.8608,0.4304,4.9103,9.956,0.0,0.2899
1571,4423,172.19,8.31,220.39,185.26,0.8618,0.8618,3.7857,9.055,0.0,0.7105
1571,4407,24.06,0.0,90.21,161.15,0.3821,0.191,5.3515,24.0222,20.6902,0.1177
1571,4432,33.99,0.1,131.96,273.8,0.6548,0.3274,2.1344,30.2084,0.0,0.2966
1572,4397,219.46,12.67,255.89,141.17,0.8193,0.8193,6.3945,11.7201,165.1103,0.2674
1572,4419,114.09,0.03,154.43,161.43,0.8721,0.436,4.906,9.9738,0.0,0.294
1572,4423,171.14,8.29,219.07,185.51,0.8555,0.8555,3.7758,9.0175,0.0,0.7065
1572,4407,26.67,0.02,91.73,161.6,0.8169,0.4084,5.3085,23.6811,0.0,0.2608
1573,4397,215.66,13.05,253.18,142.5,0.8477,0.8477,6.2611,11.0666,32.093,0.5167
1573,4419,114.16,0.01,154.4,161.09,0.8813,0.4406,4.925,9.9461,0.0,0.296
1573,4423,169.41,8.84,216.81,185.75,0.8413,0.8413,3.7657,8.9346,0.0,0.6959
1573,4407,27.52,0.0,99.02,182.27,0.2466,0.1233,4.2679,23.8135,21.7612,0.0878
1573,4432,39.19,0.04,137.47,271.17,0.6187,0.3094,2.1501,29.3886,0.0,0.2816
1574,4397,213.39,12.98,252.0,143.38,0.8506,0.8506,6.1776,10.7208,0.0,0.5621
1574,4419,114.16,0.1,154.22,160.58,0.8701,0.435,4.9542,9.9278,0.0,0.2905
1574,4423,166.66,8.51,214.04,186.73,0.8618,0.8618,3.7296,8.9759,0.0,0.717
1574,4407,34.57,0.03,98.41,164.35,0.7056,0.3528,5.0961,22.5045,160.8851,0.1086
1575,4397,210.59,12.89,250.63,144.0,0.8882,0.8882,6.1164,10.3052,0.0,0.5874
1575,4419,114.1,0.13,154.13,160.86,0.877,0.4385,4.9386,9.961,0.0,0.2937
1575,4423,164.37,8.21,212.1,189.83,0.8584,0.8584,3.6237,9.497,29.5192,0.6887
1575,4407,38.64,0.07,101.7,164.35,0.7988,0.3994,5.0704,21.8655,0.0,0.2567
1576,4397,208.81,12.75,250.04,144.06,0.8384,0.8384,6.1065,10.0689,0.0,0.5546
1576,4419,113.97,0.23,153.92,160.87,0.8442,0.4221,4.9385,9.9936,0.0,0.2827
1576,4423,160.96,8.01,209.02,192.63,0.8237,0.8237,3.5323,9.9612,36.3832,0.6527
1576,4407,41.33,0.0,104.48,167.49,0.7974,0.3987,4.8829,21.4996,22.4476,0.2527
1577,4397,203.5,12.05,246.59,142.79,0.7456,0.7456,6.197,9.1958,131.0502,0.2453
1577,4419,113.78,0.18,153.62,160.69,0.8726,0.4363,4.9495,10.0273,0.0,0.2916
1577,4423,156.24,8.12,204.93,193.57,0.8228,0.8228,3.5023,10.0985,0.0,0.7086
1577,4407,42.84,0.06,110.26,183.61,0.8062,0.4031,4.1366,21.7012,22.4543,0.2954
1578,4397,204.1,11.55,247.64,142.08,0.8423,0.8423,6.2618,9.366,0.0,0.5578
1578,4419,113.79,0.25,153.61,160.99,0.8394,0.4197,4.9325,10.0477,0.0,0.2814
1578,4423,153.36,8.27,202.51,194.34,0.8228,0.8228,3.4786,10.2598,0.0,0.7111
1578,4407,47.05,0.08,116.57,192.85,0.5918,0.2959,3.7779,21.5049,25.9073,0.2287
1578,4432,48.37,0.0,145.88,270.13,0.3225,0.1613,2.1368,28.4669,0.0,0.1469
1579,4397,204.55,11.02,247.95,140.56,0.8125,0.8125,6.3993,9.4597,164.8463,0.2672
1579,4419,113.91,0.28,153.59,160.55,0.8169,0.4084,4.9573,10.0084,0.0,0.2726
1579,4423,151.46,8.51,200.11,189.98,0.8184,0.8184,3.6174,9.4187,152.3432,0.42
1579,4407,51.87,0.1,120.38,192.98,0.3184,0.1592,3.7525,20.8272,0.0,0.1291
1579,4432,46.11,0.0,144.03,271.53,0.4485,0.2243,2.1252,28.8317,0.0,0.2038
1580,4397,202.53,10.91,244.79,138.42,0.8052,0.8052,6.59,8.9859,157.0398,0.2651
1580,4419,114.14,0.1,153.77,159.64,0.8237,0.4118,5.009,9.9099,0.0,0.2725
1580,4423,147.98,9.17,197.83,191.98,0.8203,0.8203,3.5536,9.8846,0.0,0.701
1580,4407,60.29,0.01,121.3,170.58,0.4312,0.2156,4.6208,18.4904,159.0164,0.0791
1580,4432,46.21,0.0,144.45,271.62,0.5059,0.253,2.1233,28.8208,0.0,0.2298
1581,4397,200.75,10.72,241.92,136.88,0.8062,0.8062,6.733,8.5694,154.2624,0.2657
1581,4419,114.1,0.03,153.69,158.36,0.833,0.4165,5.0846,9.8422,0.0,0.2756
1581,4423,141.12,9.79,193.37,193.07,0.8931,0.8931,3.5223,10.3233,0.0,0.7666
1581,4407,64.62,0.18,122.8,162.29,0.5566,0.2783,5.0377,17.5833,159.7846,0.0884
1581,4432,46.69,0.0,145.08,272.03,0.6538,0.3269,2.1166,28.8266,0.0,0.2967
1582,4397,199.3,10.18,239.69,136.7,0.8101,0.8101,6.7445,8.2109,0.0,0.5373
1582,4419,114.12,0.01,154.37,159.94,0.8433,0.4217,4.9907,9.8747,0.0,0.2795
1582,4423,137.89,10.21,192.31,193.64,0.8921,0.8921,3.5061,10.5477,0.0,0.7674
1582,4407,68.71,0.05,125.07,155.94,0.5928,0.2964,5.4036,16.786,159.9476,0.0946
1582,4432,49.53,0.0,146.93,271.72,0.2458,0.1229,2.1137,28.5833,0.0,0.1116
1583,4397,198.75,10.03,238.25,136.8,0.7754,0.7754,6.7309,8.0098,0.0,0.5144
1583,4419,113.05,0.0,153.11,159.8,0.6074,0.3037,5.0026,10.0857,0.0,0.2009
1583,4423,135.43,10.0,192.78,197.53,0.8667,0.8667,3.3897,11.3438,27.5074,0.7256
1583,4407,71.84,0.1,129.84,159.46,0.7378,0.3689,5.1628,16.1599,23.9868,0.2305
1584,4397,198.25,9.4,237.0,136.63,0.8145,0.8145,6.745,7.8427,0.0,0.5405
1584,4423,133.75,9.73,193.11,199.15,0.8931,0.8931,3.3434,11.6888,0.0,0.7865
1584,4432,57.14,0.0,152.03,269.49,0.5918,0.2959,2.1242,27.7441,0.0,0.2697
1585,4397,196.94,9.31,235.17,136.59,0.8101,0.8101,6.7438,7.5331,0.0,0.5377
1585,4423,132.66,8.98,193.67,200.1,0.7598,0.7598,3.3167,11.8833,0.0,0.6716
1585,4432,67.29,0.17,152.23,243.79,0.708,0.354,2.4811,23.6735,144.4495,0.2252
1586,4397,193.96,9.1,232.24,136.78,0.8037,0.8037,6.7153,6.9395,0.0,0.5338
1586,4423,134.81,8.33,196.48,200.14,0.8433,0.8433,3.3136,11.7599,0.0,0.7459
1586,4432,69.34,0.24,158.2,262.14,0.8228,0.4114,2.1969,25.9468,38.0139,0.3519
1587,4397,192.0,9.54,230.22,136.77,0.7886,0.7886,6.7105,6.5459,0.0,0.524
1587,4423,136.66,7.62,192.89,181.58,0.4351,0.4351,3.9197,8.2881,156.5432,0.2062
1587,4432,72.82,0.36,161.86,269.05,0.224,0.112,2.0985,26.6799,41.4039,0.0927
1587,4407,86.46,0.19,147.08,163.37,0.5088,0.2544,4.8636,13.3648,47.6413,0.1443
1588,4397,188.19,9.72,226.89,137.06,0.7393,0.7393,6.672,5.826,0.0,0.4916
1588,4432,85.38,0.41,175.26,267.88,0.5146,0.2573,2.0869,25.6184,86.5253,0.1541
1589,4397,186.05,9.58,224.8,136.07,0.6196,0.6196,6.7668,5.4656,148.1211,0.2056
1589,4432,86.74,0.14,175.7,267.88,0.3999,0.1999,2.0853,25.5627,0.0,0.1824
1589,4407,97.09,0.14,159.97,163.15,0.4785,0.2392,4.8303,11.161,82.5575,0.094
1590,4397,181.5,10.18,221.2,136.83,0.7808,0.7808,6.6812,4.6259,51.4152,0.4217
1590,4432,89.72,0.23,178.04,269.72,0.8594,0.4297,2.0577,25.6923,0.0,0.3902
1591,4397,179.29,9.95,220.12,137.12,0.8516,0.8516,6.6492,4.2883,0.0,0.5669
1591,4432,92.38,0.26,179.38,269.3,0.8486,0.4243,2.0596,25.5129,0.0,0.3856
1592,4397,180.33,10.14,221.35,136.96,0.8135,0.8135,6.6672,4.5186,0.0,0.5415
1592,4432,102.48,0.09,190.87,270.14,0.8594,0.4297,2.034,25.1138,0.0,0.3895
1593,4397,178.85,10.65,220.49,136.91,0.5679,0.5679,6.67,4.2959,0.0,0.3781
1593,4432,99.77,0.03,186.28,269.43,0.6362,0.3181,2.0474,25.1641,0.0,0.2888
1594,4397,179.43,10.45,221.41,136.76,0.7964,0.7964,6.6864,4.4508,0.0,0.5301
1594,4432,111.91,0.0,201.52,269.89,0.8574,0.4287,2.0266,24.7002,83.5722,0.2617
1595,4397,179.04,10.61,221.36,136.75,0.7886,0.7886,6.687,4.409,0.0,0.525
1595,4432,117.86,1.66,210.67,269.87,0.7778,0.3889,2.0215,24.5001,0.0,0.3524
1596,4397,179.09,8.23,222.37,136.85,0.2568,0.2568,6.678,4.5045,0.0,0.1709
1596,4432,118.5,1.92,215.4,270.13,0.8159,0.4079,2.0169,24.4922,0.0,0.3694
1597,4397,180.77,8.97,223.57,136.84,0.3381,0.3381,6.6818,4.7845,0.0,0.225
1597,4432,119.65,0.71,220.43,270.68,0.833,0.4165,2.0089,24.5378,0.0,0.3767
1597,4419,83.21,7.18,133.18,200.38,0.7822,0.7822,3.4324,18.159,31.5756,0.6334
1598,4397,178.86,3.18,223.51,136.57,0.251,0.1255,6.707,4.6113,0.0,0.0835
1598,4432,119.63,0.25,224.22,271.81,0.8701,0.435,1.9946,24.7069,0.0,0.3925
1598,4438,125.94,0.08,147.58,32.39,0.5908,0.2954,10.0,90.0,0.0,0.0
1598,4419,78.39,7.6,132.04,204.89,0.7163,0.7163,3.3172,19.1097,33.2693,0.586
1599,4397,166.16,0.99,213.42,136.56,0.4678,0.2339,6.6918,2.5295,88.1841,0.0804
1599,4432,120.31,0.07,227.71,270.93,0.7305,0.3653,2.0047,24.5379,0.0,0.3301
1599,4438,122.88,0.07,148.81,38.64,0.6333,0.3166,10.0,90.0,0.0,0.0
1599,4419,80.07,8.65,134.3,200.4,0.7485,0.7485,3.4355,18.3092,150.6724,0.393
1600,4432,120.03,0.01,229.9,269.47,0.8574,0.4287,2.0222,24.2818,0.0,0.3887
1600,4438,112.1,0.07,157.76,68.61,0.5908,0.2954,154.2479,17.5137,0.0,0.1924
1600,4419,75.55,7.94,134.2,202.84,0.7949,0.7949,3.3747,18.9232,0.0,0.6879
1601,4432,118.94,0.0,231.79,270.77,0.8906,0.4453,2.0063,24.501,0.0,0.4026
1601,4438,108.12,0.11,160.96,80.37,0.3398,0.1699,33.7781,15.6927,2.8898,0.1111
1601,4419,73.7,9.67,136.35,207.72,0.8735,0.8735,3.2428,19.4684,27.6945,0.737
1602,4432,120.05,0.0,233.38,267.63,0.8608,0.4304,2.0447,23.9564,0.0,0.3919
1602,4438,106.48,0.25,161.85,85.44,0.2466,0.1233,25.1746,14.9582,3.8904,0.0807
1602,4419,72.48,8.41,139.08,210.63,0.603,0.603,3.166,19.7143,0.0,0.5377
1603,4432,120.23,0.0,234.7,266.53,0.7363,0.3681,2.0585,23.7641,0.0,0.3361
1603,4419,71.26,8.72,140.44,212.03,0.8013,0.8013,3.1312,19.8764,0.0,0.718
1603,4423,109.9,0.26,159.18,160.73,0.8486,0.4243,4.9446,9.8724,0.0,0.2839
1604,4432,123.88,0.0,238.48,265.66,0.7583,0.3791,2.0694,23.6103,0.0,0.3468
1604,4419,69.4,9.48,140.13,213.22,0.7778,0.7778,3.106,20.1678,0.0,0.6991
1604,4442,176.12,9.24,189.4,31.99,0.457,0.457,10.0,90.0,0.0,0.0
1604,4423,110.0,0.43,157.58,160.59,0.647,0.3235,4.9549,10.0036,0.0,0.216
1605,4432,127.87,0.0,240.8,261.52,0.645,0.3225,2.1235,22.9039,0.0,0.2978
1605,4419,67.86,9.66,139.7,213.58,0.8906,0.8906,3.1008,20.3435,0.0,0.8007
1605,4442,175.49,8.89,189.45,32.75,0.4495,0.4495,10.0,90.0,0.0,0.0
1605,4423,109.92,0.1,157.11,162.21,0.8628,0.4314,4.8651,10.1686,0.0,0.2931
1606,4432,132.94,0.0,244.93,260.45,0.708,0.354,2.139,22.7627,0.0,0.3278
1606,4419,64.87,9.17,137.33,213.83,0.8901,0.8901,3.1043,20.7334,0.0,0.7992
1606,4442,174.18,8.94,188.23,32.9,0.2386,0.2386,10.0,90.0,0.0,0.0
1606,4423,110.74,0.0,157.8,161.07,0.8516,0.4258,4.9262,9.9466,0.0,0.2859
1606,4407,173.32,0.01,234.27,157.3,0.3025,0.1512,5.0925,5.5934,0.0,0.1006
1607,4432,138.28,0.0,248.84,260.54,0.8384,0.4192,2.1397,22.8561,0.0,0.3881
1607,4419,61.17,8.41,133.8,213.3,0.8979,0.8979,3.1303,21.1629,0.0,0.8023
1607,4442,173.18,8.81,187.14,32.43,0.4016,0.4016,10.0,90.0,0.0,0.0
1607,4423,110.46,0.0,157.28,160.67,0.8467,0.4234,4.9501,9.994,0.0,0.2829
1608,4432,151.77,0.0,261.7,260.24,0.6289,0.3145,2.1539,23.1958,96.5741,0.1867
1608,4419,56.5,7.47,129.32,213.03,0.8306,0.8306,3.1545,21.7644,0.0,0.7384
1608,4423,110.57,0.15,156.98,159.8,0.8628,0.4314,5.0003,9.9543,0.0,0.2854
1609,4419,52.48,7.01,124.73,212.13,0.8755,0.8755,3.1941,22.2713,0.0,0.7727
1609,4423,110.73,0.0,157.31,160.45,0.8804,0.4402,4.9622,9.9509,0.0,0.2935
1609,4397,157.33,8.35,199.86,139.31,0.7695,0.7695,6.4213,1.0077,48.1385,0.4276
1609,4407,195.57,0.08,258.17,153.52,0.5981,0.299,5.3921,9.7497,124.3835,0.0982
1610,4419,47.67,6.65,119.09,212.39,0.8813,0.8813,3.2098,23.0391,0.0,0.7745
1610,4423,110.57,0.0,158.01,164.08,0.8682,0.4341,4.7617,10.1689,19.6539,0.2925
1610,4397,153.87,8.97,195.0,138.02,0.7153,0.7153,6.5449,1.681,139.2236,0.2383
1610,4432,168.5,0.0,276.9,259.74,0.8037,0.4018,2.1818,23.9034,100.1354,0.2394
1611,4419,43.99,6.7,115.26,215.49,0.8789,0.8789,3.1506,23.8804,0.0,0.7776
1611,4423,111.38,0.0,158.19,161.75,0.8779,0.439,4.8865,9.8991,160.2314,0.1508
1611,4397,152.18,9.1,192.89,138.03,0.7627,0.7627,6.5451,1.9668,0.0,0.5083
1611,4432,181.49,0.0,287.1,258.69,0.8413,0.4207,2.2174,24.5074,106.0956,0.252
1612,4419,40.42,6.72,111.91,220.31,0.8882,0.8882,3.0538,24.8418,37.2031,0.735
1612,4423,112.49,0.0,158.84,159.46,0.8691,0.4345,5.0141,9.5749,159.7153,0.1428
1612,4397,149.57,9.09,190.1,136.63,0.6279,0.6279,6.6851,2.5828,151.5245,0.2091
1612,4432,190.97,0.0,294.99,259.35,0.8394,0.4197,2.2273,25.2748,0.0,0.391
1613,4419,40.15,6.82,111.81,222.75,0.8384,0.8384,3.0004,25.1137,0.0,0.756
1613,4423,112.88,0.28,159.35,159.84,0.8726,0.4363,4.9907,9.5155,0.0,0.2894
1613,4397,149.39,9.89,189.9,136.87,0.6187,0.6187,6.6613,2.5862,0.0,0.4123
1613,4432,192.4,0.35,296.46,263.42,0.562,0.281,2.1754,25.9891,0.0,0.2594
1614,4419,37.29,6.68,107.25,221.24,0.8682,0.8682,3.0504,25.4656,0.0,0.7764
1614,4423,112.83,0.05,160.88,165.6,0.8745,0.4373,4.6748,9.8343,20.0461,0.2995
1614,4397,149.32,10.55,189.96,137.34,0.6724,0.6724,6.6147,2.5335,0.0,0.448
1614,4432,195.45,0.71,297.99,264.22,0.8691,0.4345,2.1703,26.2879,0.0,0.4005
1615,4419,34.16,6.9,104.9,228.62,0.8843,0.8843,2.9047,26.5622,33.3313,0.757
1615,4423,113.02,0.0,161.8,169.03,0.8745,0.4373,4.503,10.064,20.8081,0.3087
1615,4397,150.48,10.71,190.61,136.02,0.3774,0.3774,6.7462,2.5451,162.9089,0.1257
1615,4432,198.91,0.48,298.22,259.88,0.8169,0.4084,2.2336,25.8147,0.0,0.3804
1616,4419,32.27,7.08,103.57,235.56,0.7407,0.7407,2.7754,27.472,33.0741,0.6457
1616,4423,118.31,0.13,168.9,170.25,0.7075,0.3538,4.4296,9.1582,57.7352,0.2063
1616,4432,203.63,0.12,305.09,264.85,0.7988,0.3994,2.1814,27.0116,0.0,0.3679
1617,4419,31.54,7.78,102.59,240.17,0.8853,0.8853,2.6944,28.0538,0.0,0.8277
1617,4423,121.15,0.1,173.04,169.31,0.6133,0.3066,4.4661,8.4827,0.0,0.2251
1617,4432,205.88,0.0,308.17,262.82,0.5479,0.274,2.2158,26.9637,0.0,0.2536
1618,4419,31.12,7.96,101.07,240.77,0.8506,0.8506,2.6879,28.2343,0.0,0.7956
1618,4423,124.43,0.01,179.79,173.56,0.668,0.334,4.2626,8.3069,30.6563,0.2388
1618,4432,208.69,0.0,313.28,265.18,0.8618,0.4309,2.1954,27.638,0.0,0.397
1619,4419,30.68,7.94,99.2,239.07,0.8516,0.8516,2.7234,28.2013,0.0,0.7925
1619,4423,120.32,0.0,176.25,175.41,0.7544,0.3772,4.19,9.1106,0.0,0.2906
1619,4432,209.2,0.0,315.98,266.99,0.8721,0.436,2.1763,28.0239,0.0,0.4002
1620,4419,30.74,8.2,97.86,236.93,0.8076,0.8076,2.7656,28.0643,0.0,0.7473
1620,4423,117.88,0.05,172.33,172.23,0.8691,0.4345,4.3354,9.1603,152.0012,0.1815
1620,4432,209.83,0.0,317.51,266.92,0.9058,0.4529,2.1803,28.1115,0.0,0.4158
1621,4419,29.05,8.48,96.08,239.55,0.8618,0.8618,2.7252,28.5425,0.0,0.801
1621,4423,116.01,0.09,170.76,175.7,0.8711,0.4355,4.188,9.8704,24.8292,0.322
1621,4432,209.29,0.0,317.99,267.25,0.9077,0.4538,2.176,28.1525,0.0,0.4163
1622,4419,26.88,8.4,94.84,246.2,0.8535,0.8535,2.6165,29.4202,34.9795,0.7522
1622,4423,116.4,0.2,170.54,175.78,0.8813,0.4406,4.1844,9.8681,0.0,0.3395
1622,4432,208.21,0.0,317.82,267.17,0.9038,0.4519,2.1752,28.0858,0.0,0.4146
1623,4419,25.34,8.37,93.92,252.04,0.8525,0.8525,2.5264,30.1608,0.0,0.811
1623,4423,117.33,0.15,171.32,176.79,0.8804,0.4402,4.1403,9.8752,0.0,0.3417
1623,4432,223.44,0.32,320.59,239.67,0.3269,0.1635,2.6208,25.4958,146.4778,0.101
1624,4419,24.26,7.9,92.83,254.77,0.8916,0.8916,2.4884,30.5647,0.0,0.8489
1624,4423,117.94,0.04,171.54,177.33,0.8843,0.4421,4.1172,9.8882,0.0,0.3446
1624,4432,216.25,0.09,320.71,255.12,0.8525,0.4263,2.3593,27.0359,35.977,0.3756
1625,4419,23.35,6.43,92.02,255.73,0.8906,0.8906,2.4774,30.7601,0.0,0.8462
1625,4423,118.85,0.0,172.03,177.69,0.8745,0.4373,4.101,9.8371,0.0,0.3418
1625,4432,215.78,0.01,324.41,261.75,0.8525,0.4263,2.2696,28.0426,0.0,0.3965
1626,4419,22.29,5.13,91.16,256.91,0.8862,0.8862,2.4636,30.9882,0.0,0.8397
1626,4423,120.4,0.35,173.22,178.26,0.8477,0.4239,4.0751,9.7244,0.0,0.3328
1626,4432,218.67,0.0,329.9,264.98,0.915,0.4575,2.2392,28.8569,0.0,0.4227
1627,4419,21.6,4.36,90.03,256.0,0.8994,0.4497,2.4813,30.9975,0.0,0.4272
1627,4423,121.43,0.12,173.76,177.99,0.8413,0.4207,4.0845,9.5766,0.0,0.3298
1627,4432,223.44,0.0,337.53,267.13,0.895,0.4475,2.2314,29.7254,0.0,0.4118
1628,4419,21.2,3.98,89.31,255.19,0.8906,0.4453,2.4961,30.9788,0.0,0.4239
1628,4423,122.63,0.03,174.47,177.67,0.8159,0.4079,4.0956,9.3988,0.0,0.3193
1628,4432,228.58,0.0,344.48,268.2,0.9243,0.4622,2.2386,30.4497,0.0,0.4248
1629,4419,20.06,3.3,88.4,256.0,0.9014,0.4507,2.4881,31.1757,0.0,0.4283
1629,4423,121.9,0.0,173.99,177.53,0.8486,0.4243,4.1025,9.4616,0.0,0.3317
1629,4432,234.56,0.0,350.16,266.72,0.8608,0.4304,2.2799,30.87,0.0,0.3974
1629,4450,125.69,10.87,140.6,33.26,0.4131,0.4131,10.0,90.0,0.0,0.0
1630,4419,18.59,2.86,87.01,256.99,0.8906,0.4453,2.4793,31.4352,0.0,0.4223
1630,4423,119.17,0.17,171.96,175.97,0.8721,0.436,4.1719,9.5818,0.0,0.3368
1630,4432,239.76,0.07,355.51,266.96,0.9204,0.4602,2.297,31.4398,0.0,0.4252
1631,4419,17.79,2.06,86.18,256.29,0.8965,0.4482,2.4935,31.4573,0.0,0.4259
1631,4423,117.41,0.15,171.33,176.01,0.8394,0.4197,4.1727,9.7637,0.0,0.3241
1631,4432,245.64,0.01,360.0,268.24,0.9224,0.4612,2.3004,32.1141,0.0,0.4254
1632,4419,16.39,1.77,84.8,256.33,0.9062,0.4531,2.499,31.6178,0.0,0.4306
1632,4423,122.18,0.05,174.99,172.68,0.6523,0.3261,4.308,8.6889,146.158,0.1376
1632,4432,249.57,0.0,360.0,268.7,0.9058,0.4529,2.3022,32.3662,0.0,0.4175
1632,4451,103.44,11.76,140.88,140.09,0.5117,0.5117,6.4944,11.765,0.0,0.3376
1633,4419,14.41,1.4,83.37,258.52,0.9072,0.4536,2.4734,32.0227,0.0,0.429
1633,4423,124.29,0.29,177.72,176.09,0.8076,0.4038,4.1563,8.832,26.107,0.2993
1633,4432,254.35,0.0,360.0,268.1,0.8818,0.4409,2.3202,32.5536,0.0,0.4072
1633,4451,102.52,11.25,139.9,138.87,0.4941,0.4941,6.6147,11.9703,162.7653,0.1611
1634,4419,13.95,1.46,82.67,258.01,0.9058,0.4529,2.4836,32.0379,0.0,0.4289
1634,4423,124.92,0.1,177.52,172.45,0.7153,0.3577,4.3133,8.2722,158.4112,0.1507
1634,4432,258.28,0.0,360.0,268.41,0.9048,0.4524,2.3242,32.7909,0.0,0.4178
1634,4451,100.67,11.61,138.38,139.24,0.583,0.583,6.588,12.2947,0.0,0.3842
1635,4419,11.49,1.31,84.06,274.98,0.9014,0.4507,2.251,33.7688,37.5011,0.3793
1635,4423,130.67,0.4,183.71,175.34,0.811,0.4055,4.178,7.928,41.3255,0.2798
1635,4432,261.45,0.08,360.0,268.79,0.9277,0.4638,2.3258,32.9951,0.0,0.4281
1635,4451,99.44,11.97,137.88,140.55,0.75,0.75,6.4697,12.4469,18.0461,0.4818
1636,4419,10.46,1.62,84.22,282.35,0.8076,0.4038,2.1621,34.5523,0.0,0.3619
1636,4423,133.77,0.7,187.34,177.53,0.8877,0.4439,4.0828,7.9276,36.3583,0.32
1636,4432,263.67,0.21,360.0,268.63,0.9204,0.4602,2.3326,33.0955,0.0,0.425
1636,4451,98.81,11.94,138.14,141.75,0.8516,0.8516,6.3618,12.4722,15.2823,0.551
1637,4419,11.07,2.3,81.43,269.0,0.8125,0.4062,2.3358,33.3331,143.8898,0.2397
1637,4423,133.81,0.44,187.59,177.8,0.8467,0.4234,4.0717,7.9603,0.0,0.3333
1637,4432,264.63,0.07,360.0,268.65,0.9141,0.4571,2.3344,33.1479,0.0,0.4222
1637,4451,99.01,11.97,139.19,142.89,0.7988,0.7988,6.2583,12.3434,16.6499,0.5152
1638,4419,10.2,1.46,83.48,282.19,0.7256,0.3628,2.1661,34.5845,38.2829,0.2993
1638,4423,135.64,0.25,189.84,177.33,0.8433,0.4217,4.0886,7.6798,0.0,0.3311
1638,4432,265.1,0.02,360.0,269.48,0.9106,0.4553,2.3242,33.2547,0.0,0.4198
1638,4451,99.06,10.99,140.03,142.59,0.6748,0.6748,6.2821,12.2572,0.0,0.4447
1639,4419,12.1,2.98,82.21,272.07,0.8237,0.4118,2.2911,33.542,142.9918,0.2402
1639,4423,136.33,0.27,191.15,178.07,0.9097,0.4548,4.0576,7.7237,0.0,0.359
1639,4432,265.92,0.19,360.0,268.85,0.918,0.459,2.3345,33.2354,0.0,0.4238
1639,4451,91.8,10.94,132.91,143.6,0.6851,0.6851,6.2328,13.6598,74.2062,0.2841
1640,4419,12.84,4.16,77.59,247.67,0.7754,0.3877,2.6629,31.421,147.3874,0.2311
1640,4423,138.78,0.28,194.73,178.34,0.9009,0.4505,4.0441,7.5326,0.0,0.3564
1640,4432,266.48,0.06,360.0,268.78,0.9058,0.4529,2.3366,33.2579,0.0,0.4183
1640,4451,95.63,10.33,137.47,143.67,0.8003,0.8003,6.2043,12.8416,0.0,0.5269
1641,4419,11.88,4.22,76.32,242.54,0.8838,0.4419,2.7575,31.0936,0.0,0.4056
1641,4423,139.98,0.09,196.64,177.41,0.8945,0.4472,4.0804,7.2472,0.0,0.3518
1641,4432,267.52,0.11,360.0,268.56,0.918,0.459,2.3418,33.291,0.0,0.4242
1641,4451,92.9,9.66,135.14,143.86,0.4036,0.4036,6.2016,13.3355,0.0,0.2654
1642,4419,7.18,3.48,79.81,272.7,0.8779,0.439,2.2985,33.9807,36.8817,0.3729
1642,4423,140.55,0.02,198.38,179.37,0.9028,0.4514,4.0013,7.5528,0.0,0.3597
1642,4432,267.92,0.13,360.0,268.37,0.9077,0.4538,2.3453,33.2934,0.0,0.4197
1642,4451,88.63,8.93,130.08,143.92,0.7319,0.7319,6.2224,14.2412,101.6035,0.2365
1643,4419,6.67,1.26,82.2,283.28,0.8838,0.4419,2.163,34.9258,38.2267,0.3639
1643,4423,142.6,0.0,202.28,182.5,0.8628,0.4314,3.88,8.0235,31.0249,0.33
1643,4432,269.47,0.04,360.0,268.39,0.9014,0.4507,2.3484,33.3771,0.0,0.4168
1643,4451,85.37,8.78,126.36,144.48,0.7988,0.7988,6.1954,14.9144,0.0,0.5236
1644,4419,4.94,0.71,81.89,287.47,0.8667,0.4334,2.1185,35.4382,0.0,0.3845
1644,4423,143.78,0.0,204.95,185.33,0.876,0.438,3.7765,8.5228,28.5318,0.3441
1644,4432,271.23,0.2,360.0,265.79,0.9048,0.4524,2.3881,33.2189,0.0,0.421
1644,4451,84.1,8.66,124.45,144.49,0.7231,0.7231,6.2041,15.2195,0.0,0.4736
1645,4419,5.48,0.51,83.52,288.0,0.9038,0.4519,2.1081,35.3888,0.0,0.4005
1645,4423,142.34,0.0,203.34,185.83,0.895,0.4475,3.7594,8.6689,0.0,0.3706
1645,4432,272.4,0.16,360.0,266.1,0.8862,0.4431,2.3864,33.3114,0.0,0.4121
1645,4451,84.57,8.8,124.29,145.03,0.7422,0.7422,6.1581,15.1909,0.0,0.4862
1646,4419,6.54,0.08,85.82,288.0,0.8506,0.4253,2.1014,35.2315,0.0,0.3767
1646,4423,142.53,0.0,202.95,185.25,0.8921,0.4461,3.78,8.5574,0.0,0.3683
1646,4432,273.93,0.33,360.0,263.16,0.8945,0.4472,2.4314,33.1136,0.0,0.4189
1646,4451,83.69,8.76,122.25,144.67,0.7886,0.7886,6.197,15.4696,0.0,0.5162
1647,4419,12.2,0.0,91.87,288.0,0.7671,0.3836,2.0783,34.6871,0.0,0.3393
1647,4423,143.21,0.17,203.2,185.37,0.8755,0.4377,3.7755,8.5655,0.0,0.3617
1647,4432,276.92,0.4,360.0,261.3,0.8853,0.4426,2.4652,33.1024,0.0,0.4166
1647,4451,82.82,8.94,120.27,144.33,0.8101,0.8101,6.2345,15.7413,0.0,0.5299
1648,4419,12.67,0.0,93.6,288.0,0.8003,0.4002,2.074,34.5855,0.0,0.3539
1648,4423,145.8,0.15,205.13,185.39,0.8818,0.4409,3.7741,8.5078,0.0,0.3644
1648,4432,278.16,0.33,360.0,259.69,0.8735,0.4368,2.4919,33.0214,0.0,0.4128
1648,4451,82.1,8.74,118.72,144.75,0.7529,0.7529,6.2063,15.958,0.0,0.4923
1649,4419,13.11,0.0,95.46,288.0,0.8594,0.4297,2.0696,34.4796,0.0,0.3799
1649,4423,147.54,0.05,206.13,185.19,0.8818,0.4409,3.7809,8.4421,0.0,0.364
1649,4432,279.39,0.4,360.0,255.56,0.8701,0.435,2.5579,32.7117,0.0,0.4087
1649,4451,81.02,8.6,116.83,144.43,0.7583,0.7583,6.2427,16.2398,0.0,0.4954
1650,4419,18.27,0.0,101.07,288.0,0.8618,0.4309,2.0494,33.9875,0.0,0.3805
1650,4423,149.55,0.11,208.03,186.02,0.7378,0.3689,3.7513,8.5883,0.0,0.306
1650,4432,280.65,0.23,360.0,253.29,0.8867,0.4434,2.5968,32.5787,0.0,0.4144
1650,4451,79.84,8.39,115.12,144.16,0.5146,0.5146,6.2751,16.5134,0.0,0.336
1651,4419,18.79,0.44,103.09,288.0,0.877,0.4385,2.0447,33.8724,0.0,0.3871
1651,4423,150.73,0.13,208.98,186.13,0.8901,0.4451,3.7475,8.607,0.0,0.3694
1651,4432,281.8,0.27,360.0,253.33,0.8838,0.4419,2.5989,32.6486,0.0,0.4128
1651,4451,79.74,8.65,114.43,144.47,0.6802,0.6802,6.2514,16.5883,0.0,0.444
1652,4419,18.19,0.11,104.85,288.0,0.8901,0.4451,2.0426,33.82,0.0,0.3928
1652,4423,151.76,0.14,210.5,188.65,0.8877,0.4439,3.6611,9.1162,0.0,0.3733
1652,4432,283.75,0.28,360.0,245.92,0.8677,0.4339,2.7273,32.1123,148.0552,0.254
1652,4451,78.83,8.47,113.29,144.21,0.811,0.811,6.2803,16.7817,0.0,0.5292
1653,4419,20.35,0.0,108.99,288.0,0.8618,0.4309,2.0312,33.537,0.0,0.3801
1653,4423,152.74,0.14,211.15,187.65,0.8755,0.4377,3.695,8.9212,0.0,0.3662
1653,4432,284.68,0.19,360.0,242.51,0.8989,0.4495,2.7901,31.8776,0.0,0.4095
1653,4451,80.15,20.21,111.85,144.2,0.4785,0.4785,6.2815,16.793,0.0,0.3122
1654,4419,24.44,0.0,115.73,288.0,0.8315,0.4158,2.0122,33.0573,0.0,0.3663
1654,4423,155.67,0.42,213.18,186.49,0.8804,0.4402,3.7355,8.7256,0.0,0.366
1654,4432,286.24,0.34,360.0,241.05,0.8062,0.4031,2.8207,31.8507,0.0,0.3656
1655,4419,30.24,0.0,123.95,288.0,0.7544,0.3772,1.9888,32.4509,0.0,0.3319
1655,4423,157.49,0.52,214.44,186.03,0.8828,0.4414,3.752,8.6715,0.0,0.366
1655,4432,287.32,0.21,360.0,241.24,0.8701,0.435,2.82,31.9328,0.0,0.3945
1656,4419,33.41,0.0,129.86,288.0,0.8545,0.4273,1.9743,32.0681,0.0,0.3756
1656,4423,159.55,0.47,216.03,185.66,0.8384,0.4192,3.7657,8.6576,0.0,0.3469
1656,4432,289.91,0.72,360.0,237.73,0.6177,0.3089,2.8926,31.8056,0.0,0.2772
1657,4419,35.71,0.0,134.18,288.0,0.8477,0.4239,1.9641,31.7945,0.0,0.3724
1657,4423,161.41,0.26,217.49,186.07,0.8296,0.4148,3.7521,8.8057,0.0,0.3439
1657,4432,290.7,0.45,360.0,235.45,0.8052,0.4026,2.939,31.6726,0.0,0.359
1658,4419,38.01,0.0,137.91,288.0,0.9038,0.4519,1.955,31.5496,0.0,0.3968
1658,4423,162.91,0.18,218.44,185.94,0.8564,0.4282,3.7574,8.8376,0.0,0.3547
1658,4432,292.07,0.44,360.0,230.45,0.6851,0.3426,3.0442,31.3704,150.8132,0.1868
1659,4419,40.92,0.0,141.12,288.0,0.8647,0.4324,1.9461,31.3056,0.0,0.3794
1659,4423,164.29,0.15,219.17,185.42,0.8838,0.4419,3.7764,8.7917,0.0,0.365
1659,4432,293.16,0.34,360.0,227.64,0.8516,0.4258,3.1071,31.229,0.0,0.3708
1660,4419,44.18,0.0,142.88,285.52,0.6885,0.3443,1.9658,30.7878,0.0,0.3036
1660,4423,164.93,0.14,220.33,189.22,0.8901,0.4451,3.6465,9.5744,25.6908,0.3603
1660,4432,293.98,0.3,360.0,226.98,0.8306,0.4153,3.1237,31.2336,0.0,0.3607
1661,4419,48.26,0.0,146.81,286.87,0.8574,0.4287,1.9401,30.6532,0.0,0.3767
1661,4423,165.74,0.14,221.21,191.28,0.8789,0.4395,3.5796,10.0166,0.0,0.374
1661,4432,294.65,0.1,360.0,225.69,0.7754,0.3877,3.1541,31.1828,0.0,0.3352
1662,4419,53.68,0.0,150.4,283.66,0.8423,0.4212,1.9632,29.8831,0.0,0.3723
1662,4423,166.8,0.23,221.99,191.95,0.8735,0.4368,3.5589,10.1964,0.0,0.3728
1662,4432,295.7,0.21,360.0,224.64,0.8555,0.4278,3.1805,31.1759,0.0,0.3683
1663,4419,58.14,0.0,155.02,286.53,0.8394,0.4197,1.9205,29.9423,0.0,0.3686
1663,4423,166.88,0.63,224.18,202.44,0.8608,0.4304,3.2509,12.2566,27.7981,0.3675
1663,4432,296.11,0.16,360.0,224.99,0.8804,0.4402,3.1738,31.2282,0.0,0.3794
1663,4451,53.2,8.83,90.29,153.74,0.7627,0.7627,5.7197,21.3304,46.5677,0.4116
1664,4419,62.73,0.0,158.81,287.6,0.7939,0.397,1.8991,29.8011,0.0,0.3476
1664,4423,168.29,0.33,223.94,196.56,0.8369,0.4184,3.4184,11.1725,153.4797,0.2251
1664,4432,296.57,0.24,360.0,224.72,0.8423,0.4212,3.1812,31.2392,0.0,0.3625
1664,4451,50.96,8.05,88.85,154.4,0.791,0.791,5.6879,21.6677,0.0,0.5087
1665,4419,70.73,0.0,162.18,278.07,0.3711,0.1855,1.9918,28.0591,132.3235,0.1039
1665,4423,169.58,0.49,226.12,201.74,0.8516,0.4258,3.272,12.2503,28.9462,0.361
1665,4432,296.63,0.54,360.0,224.78,0.7871,0.3936,3.1801,31.2474,0.0,0.3388
1665,4451,49.46,7.5,88.6,154.9,0.8271,0.8271,5.6604,21.8309,0.0,0.5316
1666,4419,86.08,0.92,156.68,212.2,0.687,0.3435,3.079,17.9052,150.8584,0.1969
1666,4423,170.84,0.36,227.01,201.98,0.8789,0.4395,3.2664,12.3592,0.0,0.3911
1666,4432,297.08,0.66,360.0,225.23,0.8296,0.4148,3.1712,31.3095,0.0,0.3575
1666,4451,47.57,7.41,87.96,155.25,0.8711,0.8711,5.6463,22.0599,0.0,0.5595
1667,4419,94.25,0.36,157.91,187.86,0.4932,0.2466,3.7688,14.0207,155.0501,0.1202
1667,4423,172.11,0.22,227.2,199.26,0.8535,0.4268,3.3432,11.899,0.0,0.3757
1667,4432,297.53,0.61,360.0,225.26,0.8252,0.4126,3.1718,31.3414,0.0,0.3556
1667,4451,45.82,7.31,87.49,155.35,0.8691,0.8691,5.648,22.2567,0.0,0.5578
1668,4419,97.1,0.09,184.91,258.22,0.8442,0.4221,2.1969,23.442,38.1496,0.3634
1668,4423,173.02,0.07,228.05,200.39,0.8711,0.4355,3.3121,12.167,0.0,0.3851
1668,4432,298.12,0.22,360.0,225.5,0.6934,0.3467,3.1682,31.3975,0.0,0.2989
1668,4451,43.93,7.2,86.84,155.17,0.8818,0.8818,5.6701,22.4761,0.0,0.5655
1669,4419,101.87,0.01,193.61,270.91,0.8013,0.4007,2.0233,25.1944,43.3296,0.3261
1669,4423,173.2,0.11,229.57,206.88,0.7256,0.3628,3.1392,13.4206,28.7351,0.3137
1669,4432,299.36,0.44,360.0,221.9,0.8286,0.4143,3.2541,31.225,0.0,0.3526
1669,4451,40.92,7.45,84.91,155.82,0.8735,0.8735,5.6456,22.9179,0.0,0.5593
1670,4419,104.13,0.0,199.45,283.53,0.71,0.355,1.8745,27.0864,43.5155,0.2799
1670,4423,175.05,0.03,230.49,204.19,0.8271,0.4135,3.2109,13.018,0.0,0.3708
1670,4432,299.66,0.43,360.0,220.58,0.7847,0.3923,3.2861,31.154,0.0,0.3324
1670,4451,38.55,7.39,83.68,156.5,0.8701,0.8701,5.6144,23.242,0.0,0.5565
1671,4419,109.52,0.0,205.78,288.0,0.8037,0.4018,1.8222,27.6338,0.0,0.3503
1671,4423,177.27,0.0,232.76,205.84,0.8359,0.4179,3.1702,13.4773,0.0,0.3768
1671,4432,299.85,0.8,360.0,220.51,0.8677,0.4339,3.2883,31.1619,0.0,0.3674
1671,4451,35.49,7.56,82.13,159.22,0.8657,0.8657,5.4571,23.6926,23.7363,0.5284
1672,4419,113.38,0.0,211.59,288.0,0.7988,0.3994,1.8189,27.5266,0.0,0.3481
1672,4423,177.84,0.0,235.29,215.75,0.7925,0.3962,2.9318,15.3696,30.5601,0.3504
1672,4432,300.24,0.75,360.0,221.46,0.8169,0.4084,3.267,31.2534,0.0,0.3469
1672,4451,33.02,7.64,80.73,160.88,0.8667,0.8667,5.3698,24.06,0.0,0.5527
1673,4419,115.71,0.0,211.69,281.43,0.8828,0.4414,1.888,26.4366,0.0,0.39
1673,4423,180.14,0.0,235.54,209.01,0.8442,0.4221,3.0934,14.2558,150.9,0.2437
1673,4432,300.9,0.45,360.0,221.29,0.8828,0.4414,3.2729,31.2858,0.0,0.3745
1673,4451,29.12,7.59,78.3,162.03,0.877,0.877,5.3256,24.6229,0.0,0.5581
1674,4419,118.27,0.0,214.1,277.79,0.4121,0.2061,1.9272,25.7907,0.0,0.1835
1674,4423,182.46,0.27,236.89,207.33,0.6489,0.3245,3.1382,14.1043,0.0,0.2936
1674,4432,301.92,0.43,360.0,215.67,0.7231,0.3615,3.4137,30.9792,153.479,0.1798
1674,4451,29.42,7.77,78.9,162.07,0.8867,0.8867,5.3197,24.548,0.0,0.5644
1675,4419,123.33,0.0,222.87,285.56,0.7515,0.3757,1.8398,26.9844,52.1456,0.2806
1675,4423,185.61,0.1,237.43,198.11,0.3738,0.1869,3.3921,12.6791,153.0679,0.1008
1675,4432,303.47,0.33,360.0,212.64,0.7739,0.387,3.4971,30.8928,0.0,0.3172
1675,4451,28.02,7.85,78.23,162.6,0.8628,0.8628,5.2965,24.7351,0.0,0.5488
1676,4419,130.22,0.0,231.66,288.0,0.8403,0.4202,1.8136,27.355,0.0,0.366
1676,4432,305.06,0.29,360.0,210.82,0.8359,0.4179,3.551,30.8906,0.0,0.3396
1676,4451,26.06,7.98,77.02,162.68,0.8423,0.8423,5.3044,25.0028,0.0,0.5352
1677,4419,134.01,0.0,236.97,288.0,0.8135,0.4068,1.8141,27.3715,0.0,0.3544
1677,4432,305.16,0.37,360.0,209.83,0.7485,0.3743,3.5785,30.8377,0.0,0.3028
1677,4451,27.38,8.04,78.62,163.42,0.8262,0.8262,5.2496,24.7767,0.0,0.5254
1678,4419,135.71,0.0,239.46,288.0,0.7778,0.3889,1.8146,27.3869,0.0,0.3388
1678,4432,306.61,0.4,360.0,210.64,0.5698,0.2849,3.5608,30.9873,0.0,0.231
1678,4451,27.01,8.43,79.42,167.36,0.8525,0.8525,5.0287,24.8518,18.7206,0.527
1679,4419,137.48,0.0,242.06,288.0,0.8516,0.4258,1.8152,27.4082,0.0,0.371
1679,4432,305.14,0.51,360.0,209.87,0.6353,0.3176,3.5773,30.8387,0.0,0.2571
1679,4451,27.3,8.13,80.3,169.38,0.8794,0.8794,4.9184,24.8192,19.2346,0.5524
1680,4419,140.64,0.0,245.93,288.0,0.8359,0.4179,1.8166,27.4537,0.0,0.3642
1680,4432,303.71,0.17,359.44,209.35,0.3621,0.181,3.5854,30.6685,0.0,0.1464
1680,4451,27.24,8.38,80.67,171.49,0.8638,0.8638,4.811,24.8669,19.4861,0.5544
1681,4419,142.88,0.0,249.0,288.0,0.7515,0.3757,1.818,27.4971,0.0,0.3274
1681,4432,302.8,0.14,358.57,208.17,0.2622,0.1311,3.6127,30.4728,0.0,0.1056
1681,4451,27.01,8.67,80.85,174.1,0.8359,0.8359,4.6854,24.9694,20.0948,0.5493
1682,4419,147.41,0.0,254.8,288.0,0.7231,0.3615,1.8213,27.6038,0.0,0.3151
1682,4432,300.29,0.41,357.03,209.27,0.6982,0.3491,3.5692,30.2549,0.0,0.2835
1682,4451,26.46,8.6,80.58,176.15,0.8477,0.8477,4.5937,25.1196,0.0,0.5843
1683,4419,159.25,0.0,265.25,287.24,0.2323,0.1162,1.8394,27.8114,0.0,0.1014
1683,4432,298.13,0.14,355.83,208.79,0.4187,0.2094,3.572,29.9883,0.0,0.1701
1683,4451,26.34,8.11,80.39,176.79,0.8486,0.8486,4.5659,25.1717,0.0,0.588
1683,4460,184.76,0.18,225.59,76.65,0.5215,0.2607,44.5869,14.4839,0.0,0.1711
1683,4423,193.84,0.24,249.77,193.93,0.5918,0.2959,3.538,13.1678,132.2536,0.1537
1684,4419,163.79,0.0,269.93,287.49,0.7515,0.3757,1.8423,28.0241,0.0,0.3281
1684,4432,296.6,0.41,355.36,209.2,0.8403,0.4202,3.5544,29.8727,0.0,0.3425
1684,4451,25.01,7.74,78.63,176.8,0.8052,0.8052,4.5762,25.4239,0.0,0.5563
1684,4460,186.62,0.1,228.82,79.09,0.4475,0.2238,36.6619,14.2288,3.9402,0.1467
1685,4419,169.45,0.0,276.63,288.0,0.8262,0.4131,1.8454,28.3672,0.0,0.3605
1685,4432,295.73,0.51,355.52,209.75,0.8062,0.4031,3.5371,29.8574,0.0,0.3295
1685,4451,24.13,7.24,77.24,176.2,0.8203,0.8203,4.6114,25.5838,0.0,0.5626
1685,4460,185.17,0.12,238.93,101.09,0.7104,0.3552,13.8754,10.8915,7.1654,0.2337
1686,4419,180.25,0.0,286.81,288.0,0.8369,0.4184,1.8626,28.8957,0.0,0.3655
1686,4432,297.32,0.55,357.41,209.8,0.7671,0.3836,3.5465,30.1057,0.0,0.3128
1686,4451,22.24,6.5,75.45,176.29,0.8169,0.8169,4.6204,25.8857,0.0,0.5586
1686,4460,185.87,0.04,244.85,111.1,0.6479,0.324,10.7561,9.844,9.5585,0.2129
1687,4419,189.32,0.18,294.19,287.27,0.7939,0.397,1.8863,29.2707,0.0,0.3476
1687,4432,295.73,0.19,356.63,209.65,0.7725,0.3862,3.5433,29.9294,0.0,0.3154
1687,4451,21.66,6.22,74.49,176.11,0.7974,0.7974,4.6342,26.0031,0.0,0.5436
1687,4460,188.2,0.05,248.86,114.18,0.499,0.2495,10.0639,9.9285,14.027,0.1626
1687,4423,194.28,0.08,245.38,170.6,0.3389,0.1694,4.4216,9.7634,158.8178,0.0687
1688,4419,199.88,0.16,293.86,254.22,0.7114,0.3557,2.31,24.8518,143.5645,0.2171
1688,4432,298.37,0.43,359.07,209.61,0.6289,0.3145,3.5602,30.2843,0.0,0.2557
1688,4451,21.46,5.94,74.05,175.81,0.8677,0.8677,4.6503,26.0431,0.0,0.5896
1688,4460,190.11,0.05,251.84,115.9,0.3989,0.1994,9.7181,10.1207,17.5729,0.1288
1688,4423,192.33,0.08,249.46,188.47,0.3999,0.1999,3.7137,12.2462,24.7124,0.16
1689,4419,201.2,0.25,301.75,272.69,0.7598,0.3799,2.0743,27.8728,41.1383,0.3124
1689,4432,300.19,0.15,360.0,209.8,0.5776,0.2888,3.5636,30.4888,0.0,0.2345
1689,4451,20.84,5.93,73.25,175.95,0.8271,0.8271,4.649,26.1631,0.0,0.5619
1689,4460,191.39,0.06,253.17,115.54,0.4197,0.2099,9.7979,10.3762,0.0,0.1388
1689,4423,192.32,0.0,251.45,192.31,0.4036,0.2018,3.5893,12.9371,26.3676,0.1638
1690,4419,207.42,0.37,308.88,276.56,0.4863,0.2432,2.045,28.9358,0.0,0.2183
1690,4432,301.38,0.04,360.0,209.88,0.6226,0.3113,3.5651,30.577,0.0,0.2527
1690,4451,20.17,6.03,72.28,176.07,0.8486,0.8486,4.6495,26.2998,0.0,0.5761
1690,4423,193.65,0.04,252.86,189.39,0.647,0.3235,3.6881,12.6945,153.5237,0.1618
1691,4419,210.77,0.14,314.42,284.0,0.4932,0.2466,1.9718,30.2841,0.0,0.218
1691,4432,298.72,0.56,359.34,210.67,0.6816,0.3408,3.5331,30.3937,0.0,0.2782
1691,4451,19.26,5.43,71.38,176.08,0.8359,0.8359,4.6557,26.4456,0.0,0.5665
1691,4423,193.85,0.0,254.58,191.88,0.4187,0.2094,3.6086,13.178,0.0,0.1766
1691,4460,194.03,0.72,256.0,115.76,0.4055,0.2028,9.7681,10.8085,0.0,0.134
1692,4419,227.49,0.14,310.62,219.13,0.5342,0.2671,3.019,22.7138,150.6163,0.1527
1692,4432,300.35,0.2,360.0,210.51,0.7515,0.3757,3.5446,30.5438,0.0,0.306
1692,4451,16.68,4.65,69.36,176.26,0.8496,0.4248,4.6644,26.8206,0.0,0.287
1692,4423,192.66,0.05,256.99,203.07,0.6523,0.3261,3.2784,14.9174,27.5352,0.2763
1693,4419,229.05,0.45,318.09,232.9,0.4619,0.2309,2.7506,24.8771,34.1612,0.2028
1693,4432,299.66,0.62,359.93,210.18,0.626,0.313,3.5513,30.4703,0.0,0.2547
1693,4451,15.85,4.27,68.86,176.3,0.896,0.448,4.6675,26.9281,0.0,0.3023
1693,4423,195.57,0.0,256.68,188.56,0.7515,0.3757,3.7232,12.9751,155.4416,0.186
1694,4419,225.57,0.54,325.6,261.71,0.7568,0.3784,2.2882,28.5799,37.0681,0.3269
1694,4432,300.36,0.22,360.0,210.06,0.5796,0.2898,3.557,30.5167,0.0,0.2356
1694,4451,15.42,3.77,68.88,176.67,0.8936,0.4468,4.6522,26.9746,0.0,0.3024
1694,4423,196.34,0.0,258.16,187.5,0.3469,0.1734,3.7626,12.9929,0.0,0.1428
1694,4460,197.89,1.29,260.72,117.07,0.3269,0.1635,9.5338,11.4111,34.1052,0.0985
1695,4419,225.12,0.57,331.6,278.93,0.8262,0.4131,2.0768,30.959,40.4801,0.3372
1695,4432,301.5,0.26,360.0,210.4,0.584,0.292,3.5512,30.6172,0.0,0.2375
1695,4451,15.03,3.77,68.86,177.16,0.8945,0.4472,4.6314,27.0258,0.0,0.3039
1695,4423,193.29,0.0,267.04,227.71,0.5293,0.2646,2.7204,19.3212,32.2252,0.2383
1695,4460,192.87,1.03,270.3,146.95,0.3398,0.1699,5.8824,10.5161,16.2423,0.1101
1696,4419,228.82,0.76,337.44,285.8,0.7241,0.362,2.0137,32.2079,0.0,0.32
1696,4432,302.94,0.08,360.0,210.06,0.6123,0.3061,3.5651,30.6969,0.0,0.2484
1696,4451,14.49,3.97,69.82,182.05,0.8921,0.4461,4.4183,27.1919,21.1251,0.3055
1696,4423,196.97,0.05,267.54,217.47,0.7886,0.3943,2.94,17.9475,149.7022,0.2333
1697,4419,244.79,0.38,334.11,226.53,0.5571,0.2786,2.9435,26.2192,149.989,0.1597
1697,4432,308.28,0.2,360.0,210.13,0.3201,0.16,3.5802,31.0726,0.0,0.1293
1697,4451,14.11,3.87,70.52,185.25,0.8711,0.4355,4.288,27.3109,21.6974,0.3052
1697,4423,197.06,0.18,272.4,234.49,0.8003,0.4002,2.6026,20.8036,33.7533,0.3635
1698,4419,251.61,0.42,333.59,200.86,0.4272,0.2136,3.6006,24.3794,154.7258,0.1047
1698,4432,314.56,0.07,360.0,209.88,0.4141,0.2071,3.6073,31.4926,0.0,0.1663
1698,4451,13.94,4.02,70.78,187.09,0.8584,0.4292,4.2165,27.3914,0.0,0.3149
1698,4423,198.07,0.23,274.99,242.37,0.7847,0.3923,2.47,22.1763,35.7877,0.3564
1699,4419,259.67,0.43,339.75,192.68,0.5342,0.2671,3.9009,24.9044,153.1152,0.1199
1699,4451,14.71,4.09,71.53,186.75,0.8628,0.4314,4.2243,27.2571,0.0,0.3163
1699,4423,201.41,0.16,274.79,232.54,0.7544,0.3772,2.6464,20.8301,147.1676,0.2359
1700,4419,261.58,0.43,344.99,198.33,0.4932,0.2466,3.7373,25.8281,30.1946,0.1866
1700,4451,14.39,4.21,72.47,190.99,0.8916,0.4458,4.0655,27.424,22.7348,0.3245
1700,4423,201.36,0.51,276.68,242.24,0.8506,0.4253,2.4779,22.3789,34.828,0.388
1701,4419,268.35,0.24,353.52,202.38,0.5254,0.2627,3.6585,27.2505,55.4912,0.1744
1701,4451,14.76,4.45,73.27,192.47,0.8667,0.4334,4.0094,27.4138,0.0,0.3299
1701,4423,202.34,0.63,277.07,243.43,0.7769,0.3885,2.4599,22.6201,0.0,0.3764
1702,4419,267.97,0.73,360.0,222.55,0.7065,0.3533,3.151,29.161,29.2846,0.2926
1702,4451,16.04,4.82,75.22,193.08,0.9004,0.4502,3.9778,27.2005,0.0,0.3449
1702,4423,202.12,0.5,276.8,246.74,0.8755,0.4377,2.4059,23.0968,0.0,0.4206
1703,4419,274.71,0.55,356.81,195.75,0.5889,0.2944,3.8965,27.5634,156.3767,0.1303
1703,4451,14.06,4.87,73.75,195.1,0.8726,0.4363,3.9203,27.5769,0.0,0.3372
1703,4423,202.71,0.36,275.39,243.07,0.7349,0.3674,2.4642,22.5069,0.0,0.3564
1704,4419,279.28,0.37,356.33,183.11,0.7212,0.3606,4.3744,27.2322,158.7608,0.137
1704,4451,12.72,4.62,72.88,196.01,0.8921,0.4461,3.8972,27.7956,0.0,0.3458
1704,4423,203.14,0.4,273.45,238.24,0.5898,0.2949,2.5443,21.7082,0.0,0.2862
1705,4419,267.88,0.5,360.0,254.57,0.7642,0.3821,2.5467,31.9635,33.8348,0.3388
1705,4451,12.65,4.06,73.35,196.21,0.8906,0.4453,3.8893,27.7769,0.0,0.3457
1705,4423,201.73,0.32,271.59,240.74,0.6953,0.3477,2.4976,21.9385,0.0,0.3391
1706,4419,265.82,0.71,360.0,276.89,0.6577,0.3288,2.2297,34.0287,37.4701,0.2756
1706,4451,11.11,3.11,72.22,196.79,0.8638,0.4319,3.8788,28.0107,0.0,0.3356
1706,4423,201.9,0.47,271.63,246.49,0.7041,0.352,2.4037,22.827,0.0,0.3383
1707,4419,267.36,0.29,360.0,286.66,0.6167,0.3084,2.116,35.0836,39.5339,0.2504
1707,4451,11.07,2.3,72.67,196.6,0.8838,0.4419,3.8837,27.9691,0.0,0.3432
1707,4423,203.86,1.17,270.45,241.28,0.3057,0.1529,2.4896,22.0653,0.0,0.1489
1708,4419,270.08,0.46,360.0,288.0,0.8794,0.4397,2.1063,35.3457,0.0,0.3896
1708,4451,11.37,1.44,73.77,196.49,0.8745,0.4373,3.8828,27.8577,0.0,0.3397
1708,4423,205.1,1.17,270.95,245.44,0.3416,0.1708,2.4233,22.7751,0.0,0.1646
1709,4419,272.35,0.35,360.0,288.0,0.8604,0.4302,2.1109,35.4521,0.0,0.3813
1709,4451,11.32,1.22,74.65,197.33,0.9121,0.4561,3.8528,27.844,0.0,0.3562
1709,4423,206.38,0.43,270.66,245.29,0.8203,0.4102,2.4269,22.7955,0.0,0.3955
1710,4419,273.66,0.49,360.0,288.0,0.7056,0.3528,2.1135,35.5136,0.0,0.3127
1710,4451,10.85,1.33,74.7,197.34,0.9121,0.4561,3.8538,27.8761,0.0,0.3561
1710,4423,207.63,0.32,270.86,247.92,0.8218,0.4109,2.3869,23.2561,0.0,0.3936
1711,4419,276.61,0.18,360.0,288.0,0.5518,0.2759,2.1196,35.6524,0.0,0.2447
1711,4451,10.4,1.29,74.56,196.94,0.917,0.4585,3.8687,27.8971,0.0,0.3571
1711,4423,209.69,0.1,271.14,247.93,0.4609,0.2304,2.3894,23.359,0.0,0.2208
1712,4451,9.82,1.65,74.19,197.13,0.9038,0.4519,3.8655,27.9793,0.0,0.352
1712,4423,211.1,0.11,270.97,247.86,0.7456,0.3728,2.392,23.4028,0.0,0.3572
1713,4451,8.92,1.43,73.3,196.9,0.9106,0.4553,3.8788,28.1001,0.0,0.3537
1713,4423,211.59,0.12,270.16,247.49,0.7988,0.3994,2.3974,23.3334,0.0,0.383
1713,4475,297.56,0.68,357.86,183.38,0.3425,0.1713,4.4354,28.776,0.0,0.12
1714,4451,8.55,1.63,72.86,196.88,0.9028,0.4514,3.8821,28.1596,0.0,0.3504
1714,4423,211.76,0.03,269.64,248.59,0.8384,0.4192,2.3798,23.4827,0.0,0.4009
1714,4475,286.38,0.15,360.0,264.19,0.3469,0.1734,2.445,33.8867,34.9445,0.1519
1715,4451,8.53,1.71,72.8,196.85,0.9004,0.4502,3.8833,28.1639,0.0,0.3494
1715,4423,212.16,0.09,269.25,248.13,0.8359,0.4179,2.387,23.4143,0.0,0.4002
1715,4475,286.56,0.5,360.0,237.37,0.4727,0.2364,2.8907,31.567,149.2871,0.1336
1716,4451,7.53,2.4,71.14,197.01,0.9058,0.4529,3.8867,28.3716,0.0,0.351
1716,4423,212.47,0.2,268.9,246.88,0.8594,0.4297,2.4066,23.2253,0.0,0.4127
1716,4475,288.68,0.42,358.88,214.99,0.3621,0.181,3.3878,29.9456,153.1868,0.0912
1717,4451,8.58,2.48,72.01,197.05,0.8916,0.4458,3.8792,28.2305,0.0,0.3461
1717,4423,211.86,0.16,268.35,246.93,0.8315,0.4158,2.4044,23.1818,0.0,0.3993
1718,4451,9.14,2.97,72.17,196.96,0.8711,0.4355,3.8798,28.1716,0.0,0.3382
1718,4423,211.76,0.14,268.37,245.15,0.8452,0.4226,2.4327,22.9109,0.0,0.4077
1718,4475,290.93,2.1,357.4,204.65,0.2791,0.1396,3.6725,29.3318,155.0402,0.0653
1719,4451,9.8,2.88,72.63,196.54,0.8882,0.4441,3.8899,28.0639,0.0,0.3444
1719,4423,211.1,0.41,267.85,242.96,0.877,0.4385,2.4671,22.5286,0.0,0.4254
1720,4451,10.02,2.84,72.81,196.84,0.8892,0.4446,3.8788,28.051,0.0,0.3455
1720,4423,210.62,0.8,267.5,241.0,0.8286,0.4143,2.4988,22.1956,0.0,0.404
1720,4475,288.38,1.17,360.0,274.79,0.7056,0.3528,2.305,34.9685,36.7475,0.299
1721,4451,10.28,2.74,72.92,196.85,0.876,0.438,3.8773,28.0239,0.0,0.3404
1721,4423,210.53,0.29,267.27,236.89,0.8691,0.4345,2.5694,21.5618,0.0,0.4204
1722,4451,10.32,2.42,72.8,196.75,0.8975,0.4487,3.8808,28.0242,0.0,0.3486
1722,4423,209.6,0.37,266.57,234.23,0.8892,0.4446,2.6152,21.083,0.0,0.4278
1722,4475,288.54,2.12,360.0,288.0,0.3567,0.1784,2.1444,36.2161,38.7945,0.1453
1723,4451,11.01,2.3,73.28,196.8,0.8882,0.4441,3.8754,27.9393,0.0,0.3454
1723,4423,209.85,0.5,266.47,229.13,0.8545,0.4273,2.7114,20.3249,0.0,0.4063
1723,4475,284.5,2.75,360.0,288.0,0.4397,0.2198,2.1359,36.0247,0.0,0.1952
1724,4451,11.43,2.44,73.23,196.35,0.8813,0.4406,3.889,27.8857,0.0,0.342
1724,4423,206.17,0.17,263.98,227.45,0.8877,0.4439,2.7368,19.7591,0.0,0.4211
1724,4475,290.42,3.61,360.0,233.82,0.5918,0.2959,2.9706,31.5261,150.1057,0.1641
1725,4451,11.7,2.68,73.16,196.63,0.8667,0.4334,3.8791,27.8868,0.0,0.3369
1725,4423,205.54,0.14,264.23,226.6,0.8218,0.4109,2.7532,19.6106,0.0,0.3891
1725,4475,292.19,2.78,355.45,209.77,0.3311,0.1656,3.5255,29.6036,153.8391,0.0805
1726,4451,11.83,2.58,73.07,196.83,0.8745,0.4373,3.8725,27.8953,0.0,0.3403
1726,4423,204.0,0.32,263.59,225.39,0.8564,0.4282,2.7749,19.3159,0.0,0.4045
1726,4475,292.8,2.59,354.6,203.39,0.6187,0.3094,3.7069,29.1886,155.1011,0.1434
1727,4451,12.15,2.36,73.0,196.9,0.8394,0.4197,3.8694,27.8805,0.0,0.3268
1727,4423,198.82,0.2,260.49,225.56,0.8901,0.4451,2.7621,18.9346,0.0,0.4215
1727,4475,292.95,2.12,354.77,200.3,0.6548,0.3274,3.8023,29.0307,0.0,0.2568
1728,4451,13.13,2.19,73.59,196.65,0.8516,0.4258,3.8725,27.7481,0.0,0.3316
1728,4423,195.55,0.06,259.22,225.94,0.8975,0.4487,2.7496,18.7812,0.0,0.4259
1728,4475,298.97,1.72,359.74,198.59,0.2991,0.1495,3.8929,29.7394,140.3452,0.0654
1729,4451,13.57,2.77,73.6,196.08,0.8252,0.4126,3.8898,27.6813,0.0,0.3204
1729,4423,194.18,0.01,258.96,224.82,0.8628,0.4314,2.7705,18.5267,0.0,0.4084
1729,4475,295.42,1.36,357.19,199.18,0.7065,0.3533,3.8536,29.3258,0.0,0.2744
1730,4451,13.6,2.43,73.67,195.96,0.8628,0.4314,3.8935,27.6668,0.0,0.3348
1730,4423,190.29,0.09,256.9,225.37,0.8921,0.4461,2.7535,18.348,0.0,0.4234
1730,4475,293.18,1.32,356.04,199.99,0.4397,0.2198,3.8169,29.1229,0.0,0.172
1731,4451,13.1,2.59,72.9,196.1,0.8423,0.4212,3.8929,27.7706,0.0,0.3268
1731,4423,188.28,0.21,256.2,225.52,0.8145,0.4073,2.7479,18.2554,0.0,0.387
1731,4475,293.74,1.23,356.89,199.25,0.6807,0.3403,3.8449,29.1847,0.0,0.2649
1732,4451,13.32,1.9,73.27,196.24,0.7847,0.3923,3.8864,27.7342,0.0,0.3048
1732,4423,185.57,0.35,255.39,227.0,0.8677,0.4339,2.7152,18.3541,0.0,0.414
1732,4475,284.36,0.93,360.0,254.34,0.5273,0.2636,2.5889,32.8859,33.4108,0.2319
1733,4451,13.84,2.85,73.63,196.2,0.8452,0.4226,3.8849,27.6656,0.0,0.3285
1733,4423,182.43,0.12,253.57,227.76,0.8877,0.4439,2.696,18.2857,0.0,0.4248
1733,4475,285.09,0.9,360.0,276.79,0.5078,0.2539,2.2721,34.9882,37.2106,0.2137
1734,4451,13.99,3.02,73.56,196.19,0.8467,0.4234,3.885,27.659,0.0,0.329
1734,4423,180.3,0.22,252.08,227.14,0.8574,0.4287,2.7052,18.0438,0.0,0.4099
1734,4475,277.86,0.81,360.0,282.28,0.5312,0.2656,2.1889,35.1542,0.0,0.2384
1735,4451,14.37,3.27,73.48,195.9,0.8027,0.4013,3.8936,27.6196,0.0,0.3115
1735,4423,178.08,0.07,250.25,227.01,0.8862,0.4431,2.7046,17.8744,0.0,0.4239
1735,4475,272.74,0.71,359.63,284.04,0.3748,0.1874,2.1566,35.0608,0.0,0.1675
1736,4451,14.92,3.93,73.23,195.05,0.8062,0.4031,3.9209,27.5483,0.0,0.3115
1736,4423,176.92,0.02,249.82,228.74,0.8608,0.4304,2.6698,18.118,0.0,0.4135
1736,4475,270.05,0.63,357.06,281.24,0.6621,0.3311,2.179,34.5276,0.0,0.2974
1737,4451,16.03,5.38,73.1,193.61,0.7627,0.7627,3.9665,27.3927,0.0,0.5851
1737,4423,178.19,0.09,251.02,230.05,0.6953,0.3477,2.6466,18.4286,0.0,0.3349
1737,4475,269.37,0.55,357.19,282.09,0.5361,0.2681,2.1678,34.5861,0.0,0.2404
1738,4451,17.24,5.55,73.6,192.79,0.8423,0.8423,3.9892,27.2165,0.0,0.644
1738,4423,175.03,0.12,248.55,230.91,0.8203,0.4102,2.6263,18.3905,0.0,0.3963
1738,4475,268.95,0.5,358.18,285.89,0.6714,0.3357,2.1244,34.9953,0.0,0.2987
1738,4483,290.11,0.45,352.94,198.31,0.4736,0.2368,3.8502,28.5729,0.0,0.1846
1739,4451,18.45,5.22,74.28,191.57,0.8384,0.8384,4.0256,27.0042,0.0,0.6374
1739,4423,174.58,0.04,247.7,228.92,0.8306,0.4153,2.6632,18.0018,0.0,0.3995
1739,4475,270.17,0.45,358.42,282.1,0.6738,0.3369,2.1718,34.6855,0.0,0.3022
1740,4451,19.83,4.9,75.33,190.56,0.8574,0.4287,4.0536,26.7614,0.0,0.3246
1740,4423,173.0,0.47,245.17,224.25,0.8794,0.4397,2.7527,17.0488,0.0,0.4184
1740,4475,276.05,0.4,360.0,286.47,0.5195,0.2597,2.1359,35.4759,0.0,0.2311
1740,4483,290.52,0.3,353.44,198.28,0.3784,0.1892,3.8541,28.6386,0.0,0.1473
1741,4451,21.49,4.87,76.49,189.17,0.8545,0.4273,4.0947,26.4671,0.0,0.3215
1741,4423,170.95,0.45,243.54,223.9,0.8804,0.4402,2.7574,16.8717,0.0,0.4188
1741,4475,269.07,0.36,356.85,280.52,0.4341,0.217,2.1853,34.3973,0.0,0.1953
1742,4451,23.84,4.48,78.53,187.36,0.8506,0.4253,4.1473,26.0264,0.0,0.3175
1742,4423,168.88,0.35,240.61,220.15,0.8921,0.4461,2.8328,16.0486,0.0,0.4205
1742,4475,265.84,0.31,354.17,277.54,0.5381,0.2691,2.2097,33.8051,0.0,0.2435
1743,4451,25.68,3.39,80.51,185.4,0.8975,0.4487,4.2095,25.6212,0.0,0.3318
1743,4423,166.76,0.21,237.96,216.33,0.8975,0.4487,2.9139,15.2159,0.0,0.4187
1743,4475,272.49,0.27,359.44,275.47,0.6558,0.3279,2.2605,34.1956,0.0,0.2985
1744,4451,27.99,3.45,83.39,184.79,0.8545,0.4273,4.2163,25.1751,0.0,0.316
1744,4423,163.83,0.73,233.6,211.56,0.8584,0.4292,3.0209,14.1366,143.8331,0.252
1744,4475,277.43,0.24,360.0,268.65,0.4243,0.2122,2.3623,33.8223,143.7232,0.1256
1745,4451,29.48,2.73,85.78,183.94,0.8916,0.4458,4.2371,24.8186,0.0,0.3288
1745,4423,159.77,0.54,229.05,210.31,0.8638,0.4319,3.0476,13.7009,0.0,0.3963
1745,4475,274.91,0.3,359.14,271.78,0.6523,0.3261,2.3129,33.9453,0.0,0.2995
1746,4451,31.34,4.14,88.48,183.84,0.8052,0.4026,4.2265,24.4449,0.0,0.2979
1746,4423,157.81,1.69,226.29,209.82,0.7988,0.3994,3.058,13.5174,0.0,0.366
1746,4475,269.08,0.22,354.85,272.72,0.3523,0.1762,2.2789,33.5163,0.0,0.1612
1747,4451,31.69,4.86,89.97,183.74,0.8135,0.4068,4.2247,24.2904,0.0,0.3012
1747,4423,155.37,0.8,223.21,208.95,0.7822,0.3911,3.078,13.2636,0.0,0.3575
1747,4475,268.52,0.18,354.54,272.47,0.6206,0.3103,2.2804,33.4467,0.0,0.2841
1747,4483,281.54,0.28,354.32,229.62,0.3208,0.1604,3.0179,30.2527,29.3984,0.1352
1748,4451,32.93,6.16,92.46,183.46,0.8003,0.8003,4.2241,23.972,0.0,0.5933
1748,4423,153.81,0.37,221.19,208.87,0.7407,0.3704,3.0793,13.2033,0.0,0.3385
1748,4475,269.55,0.15,354.62,273.35,0.7065,0.3533,2.2713,33.5915,0.0,0.3228
1749,4451,33.63,6.92,94.82,183.47,0.8574,0.8574,4.2143,23.723,0.0,0.6373
1749,4423,154.66,11.9,218.25,209.08,0.561,0.561,3.0737,13.2223,0.0,0.5131
1749,4475,263.78,0.13,349.45,273.36,0.6943,0.3472,2.2486,33.0366,0.0,0.3168
1750,4451,35.01,7.38,97.53,183.78,0.877,0.877,4.1897,23.4062,0.0,0.6554
1750,4423,153.6,11.78,217.63,211.81,0.5186,0.5186,3.0072,13.7367,0.0,0.4786
1750,4475,261.64,0.11,347.11,273.6,0.708,0.354,2.2365,32.8355,0.0,0.3227
1751,4451,33.35,8.1,97.2,183.73,0.8779,0.8779,4.1976,23.5661,0.0,0.6548
1751,4423,153.34,14.9,215.88,210.74,0.7124,0.7124,3.0327,13.5145,0.0,0.6552
1751,4475,259.87,0.1,345.69,272.82,0.8262,0.4131,2.2401,32.5927,0.0,0.3771
1752,4451,32.67,8.54,97.97,183.82,0.8755,0.8755,4.1938,23.5638,0.0,0.6534
1752,4423,151.05,6.0,216.45,213.39,0.7202,0.7202,2.9696,14.0178,0.0,0.668
1752,4475,261.27,0.09,347.36,273.52,0.8394,0.4197,2.2373,32.8211,0.0,0.3827
1753,4451,33.77,9.35,100.17,183.68,0.8853,0.8853,4.1893,23.2858,0.0,0.6619
1753,4423,150.08,2.23,215.02,210.78,0.8545,0.4273,3.0313,13.5008,0.0,0.393
1753,4475,253.77,0.63,338.28,272.92,0.7598,0.3799,2.2126,31.9278,0.0,0.3462
1754,4451,35.6,10.38,102.26,183.55,0.8618,0.8618,4.1827,22.9566,0.0,0.6457
1754,4423,149.61,0.66,213.97,210.24,0.8203,0.4102,3.0443,13.3909,0.0,0.3767
1754,4475,243.94,0.28,327.78,271.92,0.8193,0.4097,2.188,30.8175,0.0,0.3733
1754,4483,296.33,0.62,348.51,166.93,0.7163,0.3582,5.1761,27.3958,161.7797,0.106
1755,4451,34.04,11.13,101.63,183.71,0.8594,0.8594,4.183,23.1457,0.0,0.6435
1755,4423,149.51,0.17,212.89,209.59,0.8477,0.4239,3.0602,13.2616,0.0,0.3884
1755,4475,235.89,0.51,320.12,270.96,0.8125,0.4062,2.1733,29.9512,0.0,0.3705
1755,4483,294.88,0.34,347.21,167.65,0.5322,0.2661,5.1254,27.1942,0.0,0.1676
1756,4451,35.78,12.13,103.43,184.15,0.7754,0.7754,4.1554,22.8811,0.0,0.5839
1756,4423,149.21,0.0,211.74,210.01,0.8682,0.4341,3.0499,13.3417,0.0,0.3984
1756,4475,232.99,0.78,317.69,270.96,0.7939,0.397,2.1645,29.7011,0.0,0.3618
1756,4483,297.71,0.35,340.66,129.97,0.5928,0.2964,8.3344,26.6832,168.3099,0.0883
1757,4451,35.55,12.86,103.51,183.57,0.8691,0.8691,4.1784,22.8591,0.0,0.6519
1757,4423,148.83,0.05,210.19,210.1,0.7832,0.3916,3.0477,13.3592,0.0,0.3595
1757,4475,223.4,0.78,309.33,270.12,0.7793,0.3896,2.1472,28.774,0.0,0.3553
1757,4483,299.06,0.24,336.63,105.42,0.4065,0.2032,13.6662,27.215,172.8052,0.0602
1758,4451,35.95,13.21,104.15,183.37,0.8931,0.8931,4.1832,22.7616,0.0,0.6695
1758,4423,148.15,0.0,208.4,210.15,0.6934,0.3467,3.0465,13.373,0.0,0.3183
1758,4475,211.16,0.31,299.6,271.19,0.8286,0.4143,2.1028,27.9761,0.0,0.3762
1758,4483,291.77,0.27,341.77,139.28,0.6538,0.3269,7.206,26.1816,13.3324,0.2038
1759,4451,38.26,12.85,106.9,182.55,0.8843,0.8843,4.2007,22.2948,0.0,0.6617
1759,4423,148.29,0.22,207.05,209.26,0.4756,0.2378,3.0684,13.2032,0.0,0.2177
1759,4475,212.26,1.61,300.92,271.96,0.7192,0.3596,2.0965,28.1813,0.0,0.326
1759,4483,283.9,0.43,346.29,177.53,0.7017,0.3508,4.593,26.5686,20.3825,0.2333
1760,4451,39.44,12.32,107.71,180.95,0.8906,0.8906,4.2591,22.0351,0.0,0.66
1760,4423,147.64,0.08,205.11,208.74,0.771,0.3855,3.0814,13.1134,0.0,0.3523
1760,4475,212.79,2.29,301.49,272.05,0.8076,0.4038,2.0968,28.2389,0.0,0.3661
1760,4483,280.59,0.48,347.14,192.57,0.7808,0.3904,3.9922,27.0947,23.0967,0.288
1761,4451,40.88,11.44,108.61,179.23,0.9028,0.9028,4.3232,21.7404,0.0,0.6619
1761,4423,146.68,0.03,202.77,207.73,0.7163,0.3582,3.107,12.9388,0.0,0.3261
1761,4475,203.66,1.98,294.96,272.27,0.7583,0.3791,2.0741,27.6457,0.0,0.3432
1761,4483,278.75,0.48,346.58,199.43,0.8037,0.4018,3.7589,27.3187,24.3438,0.3075
1762,4451,42.36,10.54,109.4,177.68,0.895,0.895,4.3823,21.4624,0.0,0.6497
1762,4423,146.44,0.12,201.3,207.64,0.7695,0.3847,3.1096,12.9362,0.0,0.3502
1762,4475,194.48,2.32,283.46,263.51,0.4016,0.2008,2.1619,25.5843,123.6035,0.1183
1762,4483,276.74,0.55,344.57,201.7,0.7769,0.3885,3.6772,27.164,0.0,0.3132
1763,4451,44.09,9.92,110.05,175.81,0.8735,0.8735,4.4569,21.1589,0.0,0.626
1763,4423,146.44,0.91,199.65,206.51,0.7285,0.3643,3.1386,12.7329,0.0,0.3303
1763,4475,195.69,1.96,288.35,269.12,0.8369,0.4184,2.0962,26.6433,0.0,0.3811
1763,4483,275.02,0.75,342.5,202.79,0.8862,0.4431,3.6336,26.9547,0.0,0.3601
1764,4451,46.29,9.31,110.08,171.12,0.8169,0.8169,4.6674,20.7337,158.996,0.2909
1764,4423,145.05,0.37,197.34,205.17,0.7559,0.378,3.1739,12.5182,0.0,0.341
1764,4475,192.37,2.76,281.67,260.06,0.5098,0.2549,2.2042,24.9181,136.5809,0.152
1764,4483,273.98,1.54,340.67,203.27,0.6841,0.3421,3.6111,26.7741,0.0,0.2792
1765,4451,48.46,8.7,110.68,168.17,0.8691,0.8691,4.8054,20.3606,157.8204,0.2941
1765,4423,144.77,0.36,195.76,202.17,0.8584,0.4292,3.2545,11.9635,0.0,0.3829
1765,4475,190.36,1.92,280.46,259.78,0.4302,0.2151,2.2047,24.7563,0.0,0.2
1765,4483,273.42,1.66,339.1,202.42,0.7515,0.3757,3.63,26.5565,0.0,0.3059
1766,4451,49.22,8.11,110.33,167.51,0.834,0.834,4.8381,20.2968,0.0,0.5567
1766,4423,144.45,0.36,194.74,201.16,0.8442,0.4221,3.2826,11.7901,0.0,0.3751
1766,4475,184.53,0.68,275.62,261.58,0.5156,0.2578,2.1697,24.6617,0.0,0.2386
1766,4483,273.6,1.6,337.82,200.62,0.8306,0.4153,3.6808,26.3506,0.0,0.3355
1767,4451,51.01,7.7,111.04,166.94,0.8667,0.8667,4.86,20.0526,0.0,0.5765
1767,4423,144.54,0.08,194.25,200.07,0.8252,0.4126,3.3131,11.5858,0.0,0.3651
1767,4475,182.18,0.21,273.11,264.51,0.7832,0.3916,2.1265,24.9649,0.0,0.3599
1767,4483,274.19,1.01,336.88,197.91,0.8262,0.4131,3.7637,26.1434,0.0,0.3294
1768,4451,52.63,7.47,111.67,167.06,0.8726,0.8726,4.8469,19.8583,0.0,0.5823
1768,4423,143.84,0.0,193.39,200.63,0.8135,0.4068,3.2979,11.7238,0.0,0.3607
1768,4475,180.57,0.04,269.65,264.25,0.7822,0.3911,2.1255,24.7694,0.0,0.3596
1768,4483,274.31,0.6,335.88,197.09,0.8657,0.4329,3.7872,26.0227,0.0,0.3439
1769,4451,54.87,7.11,112.81,166.32,0.8359,0.8359,4.8754,19.5273,0.0,0.5551
1769,4423,142.32,0.0,192.16,204.04,0.7515,0.3757,3.2059,12.4359,0.0,0.3374
1769,4475,178.04,0.16,263.49,257.01,0.7227,0.3614,2.2165,23.3457,136.3824,0.2174
1769,4483,275.69,0.43,335.8,195.73,0.811,0.4055,3.8351,26.0352,0.0,0.3196
1770,4451,57.31,6.61,114.8,166.64,0.8296,0.8296,4.8454,19.1458,0.0,0.5549
1770,4423,142.45,0.04,191.81,203.3,0.541,0.2705,3.2257,12.2983,0.0,0.2423
1770,4475,173.93,0.02,259.94,261.88,0.6279,0.314,2.1442,23.9319,0.0,0.2901
1770,4483,276.35,0.27,334.6,192.88,0.584,0.292,3.9287,25.8171,0.0,0.2267
1771,4451,59.5,7.17,115.79,166.24,0.6836,0.6836,4.857,18.844,0.0,0.4565
1771,4423,142.29,0.0,191.05,202.48,0.644,0.322,3.2482,12.1606,0.0,0.2875
1771,4475,168.48,0.0,253.88,261.37,0.8315,0.4158,2.1436,23.5715,0.0,0.3844
1771,4483,277.15,0.11,332.92,187.42,0.7671,0.3836,4.1208,25.4322,157.1911,0.1604
1772,4451,61.52,7.58,117.02,166.69,0.6514,0.6514,4.8241,18.5724,0.0,0.4382
1772,4423,141.93,0.15,190.01,201.25,0.5137,0.2569,3.2824,11.9567,0.0,0.2282
1772,4475,169.44,0.33,244.94,227.7,0.5273,0.2636,2.6817,17.5456,147.318,0.1653
1772,4483,276.45,0.05,327.62,170.63,0.5234,0.2617,4.8249,24.1681,159.8664,0.0857
1773,4451,65.01,7.74,120.26,166.7,0.8594,0.8594,4.8047,17.9676,0.0,0.5813
1773,4423,140.15,0.12,188.21,202.11,0.6714,0.3357,3.2601,12.2088,0.0,0.2991
1773,4475,154.14,0.09,237.74,249.21,0.5972,0.2986,2.3025,20.9218,39.8463,0.2611
1773,4483,276.48,0.12,326.37,166.9,0.7378,0.3689,5.0135,23.9379,160.6405,0.1124
1774,4451,67.94,8.18,122.52,166.17,0.7949,0.7949,4.8182,17.4737,0.0,0.537
1774,4423,139.77,0.21,187.46,200.4,0.4167,0.2084,3.3079,11.9149,0.0,0.1844
1774,4475,144.63,0.01,233.37,261.18,0.6504,0.3252,2.1292,22.8909,43.0609,0.2714
1774,4483,274.88,0.24,322.92,158.95,0.6021,0.301,5.4562,23.2934,161.3224,0.0922
1775,4451,71.98,8.53,126.67,167.12,0.7686,0.7686,4.7475,16.7784,0.0,0.5274
1775,4423,135.95,1.08,185.15,202.66,0.2338,0.1169,3.2484,12.5182,0.0,0.1043
1775,4475,136.64,0.07,226.11,258.38,0.4688,0.2344,2.1655,22.3406,0.0,0.2181
1775,4483,278.15,0.43,321.37,141.98,0.3503,0.1752,6.7684,23.2831,165.8725,0.0536
1776,4451,74.62,9.13,129.01,167.21,0.8433,0.8433,4.7304,16.331,0.0,0.5812
1776,4475,126.69,0.01,219.03,258.92,0.7808,0.3904,2.1591,22.4732,0.0,0.3628
1776,4483,272.99,0.74,318.14,145.38,0.583,0.2915,6.4253,22.549,19.733,0.1812
1777,4451,76.49,9.35,130.54,167.54,0.8384,0.8384,4.7053,16.0402,0.0,0.581
1777,4475,120.29,2.02,217.24,269.12,0.7334,0.3667,2.0284,24.2907,42.6943,0.3004
1777,4483,277.3,1.03,318.84,133.24,0.3081,0.154,7.6775,23.0713,167.4766,0.0472
1778,4451,78.93,9.43,132.49,166.56,0.8359,0.8359,4.7447,15.5856,0.0,0.5755
1778,4475,119.02,3.24,214.82,260.75,0.876,0.438,2.1367,22.883,140.8289,0.2593
1778,4483,274.31,1.14,323.92,162.9,0.5806,0.2903,5.2194,23.4268,18.2206,0.1807
1779,4451,81.15,9.55,134.28,165.84,0.8315,0.8315,4.7725,15.1785,0.0,0.5699
1779,4475,119.2,3.42,216.97,258.89,0.835,0.4175,2.1613,22.5372,0.0,0.388
1779,4483,273.58,1.35,324.36,170.73,0.6177,0.3089,4.7983,23.657,19.5932,0.1996
1779,4489,136.34,0.04,158.36,24.11,0.3721,0.186,10.0,90.0,0.0,0.0
1780,4451,83.38,9.22,136.2,164.83,0.8594,0.8594,4.816,14.7409,0.0,0.5846
1780,4475,117.71,1.24,217.65,258.47,0.5728,0.2864,2.1672,22.4713,0.0,0.2664
1780,4483,262.66,1.43,315.75,172.73,0.6758,0.3379,4.6364,22.0818,46.3608,0.1985
1781,4451,82.6,8.91,134.27,163.54,0.8315,0.8315,4.8916,14.9236,0.0,0.557
1781,4475,115.67,2.65,216.47,257.57,0.9072,0.4536,2.1804,22.3464,0.0,0.4229
1781,4483,259.58,1.74,311.13,160.26,0.7925,0.3962,5.2763,20.9562,160.8339,0.1233
1782,4451,84.2,8.79,135.24,162.88,0.6782,0.6782,4.9218,14.6517,0.0,0.4519
1782,4475,113.24,1.88,216.57,259.09,0.8062,0.4031,2.1602,22.6372,0.0,0.3745
1782,4483,256.87,1.94,308.54,155.23,0.7559,0.378,5.5772,20.3641,160.2046,0.1181
1783,4451,84.71,7.62,134.82,161.73,0.7363,0.7363,4.9858,14.5875,0.0,0.4844
1783,4475,110.66,0.75,215.37,258.26,0.5225,0.2612,2.1727,22.5389,0.0,0.2432
1783,4483,254.07,2.58,306.7,153.61,0.8027,0.4013,5.6711,19.9154,149.5109,0.1258
1783,4423,135.93,6.35,175.01,152.8,0.4678,0.4678,5.3803,5.3489,162.4174,0.1553
1784,4451,85.87,7.0,134.51,160.57,0.7334,0.7334,5.0501,14.4546,0.0,0.4812
1784,4475,106.96,0.23,210.99,256.55,0.7471,0.3735,2.1994,22.3598,0.0,0.3492
1784,4483,252.74,2.8,306.28,152.46,0.8135,0.4068,5.7456,19.7378,0.0,0.2632
1785,4451,87.62,6.58,134.84,159.98,0.5889,0.5889,5.0795,14.2329,0.0,0.3866
1785,4475,102.12,0.03,205.09,255.91,0.6841,0.3421,2.2133,22.4449,0.0,0.3203
1785,4483,252.1,3.44,306.41,152.25,0.8218,0.4109,5.7588,19.6882,0.0,0.2659
1786,4475,94.58,0.0,197.21,255.85,0.8125,0.4062,2.2232,22.7875,0.0,0.3807
1786,4483,251.62,3.2,306.27,150.69,0.811,0.4055,5.8699,19.6104,163.2278,0.1273
1787,4475,88.36,0.0,189.44,256.22,0.7559,0.378,2.2281,23.2367,0.0,0.354
1787,4483,250.95,4.14,306.65,153.23,0.8135,0.4068,5.6864,19.6212,16.658,0.2576
1788,4475,86.11,0.13,184.5,256.54,0.8076,0.4038,2.2295,23.5108,0.0,0.3781
1788,4483,251.11,4.66,307.03,154.47,0.8604,0.4302,5.603,19.6927,0.0,0.2784
1789,4475,84.24,0.57,178.69,255.56,0.6738,0.3369,2.2503,23.6094,0.0,0.3163
1789,4483,251.88,5.03,307.3,154.39,0.8701,0.8701,5.612,19.7855,0.0,0.5629
1790,4475,82.33,0.37,174.14,256.49,0.811,0.4055,2.2432,23.9831,0.0,0.3799
1790,4483,258.45,4.93,307.19,138.22,0.6802,0.3401,6.9833,20.3035,166.2667,0.1063
1791,4475,79.8,0.67,168.13,255.55,0.8135,0.4068,2.2654,24.1555,0.0,0.3822
1791,4483,253.14,3.93,306.73,151.8,0.75,0.375,5.7959,19.8052,16.4262,0.2375
1791,4423,122.13,0.0,173.25,190.74,0.5195,0.2597,3.6208,11.5377,25.7926,0.2106
1792,4475,79.43,0.22,164.02,250.91,0.7007,0.3503,2.3387,23.6268,0.0,0.333
1792,4483,251.84,3.61,307.03,157.86,0.708,0.354,5.3838,19.8339,17.527,0.2235
1792,4423,119.04,0.0,169.2,185.36,0.2401,0.1201,3.8113,11.1288,152.4788,0.0583
1793,4475,76.14,0.62,158.58,252.73,0.75,0.375,2.3216,24.2667,0.0,0.355
1793,4483,250.25,2.75,307.92,166.08,0.8486,0.4243,4.906,20.0375,19.1405,0.2718
1793,4423,124.15,1.29,166.81,157.86,0.2437,0.1218,5.0813,7.612,161.4402,0.0403
1794,4475,72.2,0.86,153.21,254.17,0.8477,0.4239,2.3118,24.882,0.0,0.4001
1794,4483,250.47,1.88,306.39,161.39,0.8062,0.4031,5.1631,19.7533,161.3275,0.1265
1794,4423,116.21,0.1,167.45,188.59,0.8296,0.4148,3.7037,11.9078,24.9341,0.3324
1795,4475,68.86,1.32,148.79,254.91,0.8062,0.4031,2.3111,25.3354,0.0,0.38
1795,4483,250.4,1.16,305.09,157.75,0.7725,0.3862,5.3794,19.5257,161.8405,0.1213
1795,4423,112.71,0.0,166.09,197.67,0.7334,0.3667,3.4221,13.5918,27.5414,0.3043
1796,4475,67.58,2.89,146.24,254.64,0.8804,0.4402,2.3202,25.4729,0.0,0.4154
1796,4483,247.75,0.61,302.25,157.27,0.8813,0.4406,5.3918,19.0148,0.0,0.2858
1796,4423,111.5,0.0,165.64,201.7,0.835,0.4175,3.3087,14.3163,27.9444,0.3519
1797,4475,67.39,5.06,144.73,254.26,0.8535,0.8535,2.3282,25.4989,0.0,0.8062
1797,4483,246.84,0.6,300.42,155.04,0.835,0.4175,5.5279,18.7118,159.2771,0.1318
1797,4423,111.71,0.0,165.87,201.73,0.8262,0.4131,3.3074,14.2962,0.0,0.3644
1798,4475,68.12,6.15,144.25,252.53,0.811,0.811,2.3536,25.2462,0.0,0.7693
1798,4483,244.27,0.6,297.92,154.55,0.8853,0.4426,5.5442,18.2351,0.0,0.2877
1798,4423,111.31,0.0,165.19,202.14,0.771,0.3855,3.2972,14.4214,0.0,0.3405
1799,4475,67.86,6.72,143.4,252.64,0.8369,0.8369,2.3535,25.3141,0.0,0.7938
1799,4483,242.12,0.33,296.01,154.09,0.8403,0.4202,5.5623,17.85,0.0,0.2734
1799,4423,111.27,0.0,165.25,202.55,0.8384,0.4192,3.2859,14.4846,0.0,0.3708
1800,4475,67.28,6.83,140.57,246.06,0.833,0.833,2.4608,24.5757,144.9904,0.5258
1800,4483,240.94,0.14,295.55,154.57,0.8516,0.4258,5.5248,17.7083,0.0,0.2771
1800,4423,111.28,0.0,164.87,201.31,0.8369,0.4184,3.3206,14.3114,0.0,0.3683
1801,4475,64.0,6.65,138.32,250.95,0.8003,0.8003,2.3921,25.5176,0.0,0.7628
1801,4483,239.23,0.17,294.15,154.47,0.8916,0.4458,5.5219,17.4172,0.0,0.2904
1801,4423,111.2,0.0,164.89,201.56,0.8403,0.4202,3.3137,14.3538,0.0,0.3702
1802,4475,59.01,5.93,125.46,228.71,0.6929,0.6929,2.8108,23.6642,147.8776,0.4138
1802,4483,238.88,0.19,293.03,151.09,0.8584,0.4292,5.7527,17.2159,162.8651,0.1367
1802,4423,111.66,0.0,165.02,200.92,0.8496,0.4248,3.3309,14.2203,0.0,0.3734
1803,4475,58.06,5.32,125.77,233.7,0.6851,0.6851,2.7153,24.3069,0.0,0.6452
1803,4483,237.99,0.2,292.92,152.8,0.8892,0.4446,5.6283,17.152,17.0922,0.2833
1803,4423,115.24,0.57,167.9,201.88,0.6943,0.3472,3.2976,14.015,0.0,0.3068
1804,4475,59.75,4.88,110.82,172.98,0.75,0.375,4.5379,19.5882,159.4619,0.1409
1804,4483,237.96,0.21,293.01,153.17,0.8931,0.4466,5.6028,17.1649,0.0,0.2911
1804,4423,112.91,0.18,164.91,199.41,0.8701,0.435,3.3726,13.9193,0.0,0.3802
1805,4475,49.89,3.87,111.85,211.88,0.7559,0.378,3.2335,23.3467,28.2785,0.3156
1805,4483,238.25,0.5,293.21,153.31,0.9102,0.4551,5.5947,17.2135,0.0,0.2966
1805,4423,112.18,0.13,164.56,200.9,0.834,0.417,3.3314,14.2137,0.0,0.3665
1806,4475,44.84,3.26,110.36,227.07,0.8789,0.4395,2.9017,25.3478,31.6849,0.38
1806,4483,238.72,0.71,293.18,152.44,0.8726,0.4363,5.6565,17.2378,0.0,0.2843
1806,4423,111.18,0.13,163.25,201.13,0.8442,0.4221,3.3275,14.3823,0.0,0.3711
1807,4475,42.66,3.19,108.57,231.79,0.8691,0.4345,2.8151,26.1057,0.0,0.4015
1807,4483,239.11,1.16,293.2,152.2,0.8755,0.4377,5.6746,17.2718,0.0,0.2853
1807,4423,111.49,0.23,163.21,201.08,0.8252,0.4126,3.3286,14.3589,0.0,0.3627
1808,4475,41.38,3.35,106.62,233.18,0.8789,0.4395,2.7948,26.4583,0.0,0.4068
1808,4483,240.03,1.33,293.8,152.31,0.8638,0.4319,5.6717,17.4156,0.0,0.2813
1808,4423,111.79,0.28,163.15,201.56,0.8682,0.4341,3.3149,14.4195,0.0,0.3824
1809,4475,40.06,3.15,104.05,231.73,0.8813,0.4406,2.8313,26.553,0.0,0.4057
1809,4483,241.16,1.58,294.4,152.44,0.8804,0.4402,5.668,17.5792,0.0,0.2866
1809,4423,112.34,0.3,163.48,201.61,0.8535,0.4268,3.3126,14.377,0.0,0.3761
1810,4475,38.77,3.35,101.24,228.35,0.8604,0.4302,2.9081,26.473,0.0,0.3918
1810,4483,242.16,1.67,294.65,151.94,0.8203,0.4102,5.7073,17.6869,0.0,0.267
1810,4423,112.54,0.23,163.45,201.87,0.8594,0.4297,3.3052,14.4079,0.0,0.3791
1811,4475,37.18,4.46,99.38,229.64,0.8638,0.4319,2.8895,26.8272,0.0,0.394
1811,4483,243.17,2.08,294.87,151.57,0.605,0.3025,5.7378,17.7952,0.0,0.1968
1811,4423,113.94,1.04,164.37,202.21,0.7832,0.3916,3.2934,14.3312,0.0,0.3461
1812,4475,35.19,4.96,97.31,230.75,0.791,0.3955,2.8763,27.2008,0.0,0.3611
1812,4483,243.77,2.51,294.75,151.53,0.75,0.375,5.7422,17.8392,0.0,0.244
1812,4423,116.2,3.95,165.15,200.91,0.8125,0.4062,3.3264,13.9566,0.0,0.3575
1813,4475,33.2,5.34,95.2,231.06,0.7778,0.7778,2.8794,27.4966,0.0,0.7092
1813,4483,244.35,2.38,294.54,150.59,0.7642,0.3821,5.8117,17.8598,0.0,0.2486
1813,4423,115.79,1.41,164.39,196.74,0.8423,0.4212,3.4482,13.3664,153.6494,0.2237
1814,4475,31.86,6.68,93.53,230.23,0.8433,0.8433,2.903,27.6119,0.0,0.766
1814,4483,244.89,2.98,294.71,151.83,0.8667,0.4334,5.7242,17.9443,0.0,0.2819
1814,4423,116.41,0.46,164.82,192.17,0.811,0.4055,3.5883,12.6008,154.3735,0.2082
1814,4501,143.15,7.9,176.8,144.62,0.3452,0.3452,5.976,4.1169,0.0,0.2298
1815,4475,30.21,8.03,91.69,231.75,0.6567,0.6567,2.8806,27.9834,0.0,0.5978
1815,4483,245.35,3.76,294.51,152.11,0.791,0.3955,5.7052,17.973,0.0,0.2572
1815,4423,119.52,0.67,167.37,187.83,0.7739,0.387,3.7262,11.5876,150.6476,0.1921
1815,4501,143.11,7.88,177.58,148.24,0.3364,0.3364,5.6937,4.1318,16.6767,0.2193
1816,4475,29.66,8.52,89.25,225.61,0.8647,0.8647,3.0147,27.6092,150.4648,0.4843
1816,4483,245.71,4.33,294.26,152.13,0.8701,0.435,5.7041,17.9836,0.0,0.2829
1816,4423,115.5,0.18,164.25,190.67,0.835,0.4175,3.6386,12.4686,39.0856,0.3197
1816,4501,143.97,8.84,176.74,142.91,0.4456,0.4456,6.1175,4.0433,164.4664,0.1482
1817,4475,27.91,8.59,88.27,229.75,0.8818,0.8818,2.9345,28.168,0.0,0.7959
1817,4483,245.99,4.63,294.38,153.44,0.8564,0.4282,5.6139,18.0443,0.0,0.2784
1817,4423,115.22,0.1,163.87,189.12,0.8237,0.4118,3.6908,12.2826,0.0,0.3433
1817,4501,145.74,9.18,178.39,143.4,0.6094,0.6094,6.0734,3.6888,0.0,0.4058
1818,4475,27.51,7.96,87.88,229.69,0.7793,0.7793,2.9376,28.2142,0.0,0.703
1818,4483,246.76,4.54,294.7,153.38,0.7861,0.3931,5.6215,18.144,0.0,0.2555
1818,4423,116.88,0.36,165.05,186.97,0.8101,0.4051,3.7612,11.781,0.0,0.3341
1818,4501,149.04,9.79,181.66,143.68,0.6714,0.6714,6.0455,3.0136,0.0,0.4473
1819,4475,24.92,8.73,85.24,229.84,0.8433,0.8433,2.9472,28.5701,0.0,0.7588
1819,4483,247.74,4.32,295.05,153.07,0.8477,0.4239,5.6473,18.2611,0.0,0.2755
1819,4423,115.79,0.37,164.21,188.91,0.8027,0.4013,3.6968,12.1922,0.0,0.3343
1819,4501,151.3,8.9,183.57,140.87,0.5669,0.5669,6.2856,2.6636,161.2297,0.1888
1820,4475,28.28,9.01,75.89,175.9,0.6074,0.6074,4.6151,25.3437,159.7317,0.2142
1820,4483,247.56,4.13,294.61,153.32,0.8452,0.4226,5.628,18.2084,0.0,0.2747
1820,4423,114.73,0.19,162.97,188.9,0.7139,0.3569,3.6997,12.3423,0.0,0.2971
1820,4501,152.67,8.82,185.11,140.73,0.667,0.667,6.2967,2.3826,0.0,0.4445
1821,4475,23.04,8.98,80.6,210.22,0.811,0.811,3.4222,27.3991,26.6247,0.6523
1821,4483,247.65,3.96,294.46,152.86,0.8086,0.4043,5.6597,18.1944,0.0,0.2628
1821,4423,113.02,0.31,160.94,187.15,0.8203,0.4102,3.7641,12.3476,0.0,0.3379
1821,4501,152.49,8.8,185.42,142.76,0.7471,0.7471,6.1191,2.2866,15.5295,0.4888
1822,4475,19.9,9.26,79.31,216.22,0.8574,0.8574,3.2811,28.1699,30.1988,0.6955
1822,4483,247.56,4.35,293.96,152.59,0.8735,0.4368,5.6767,18.135,0.0,0.2839
1822,4423,112.77,0.27,160.26,184.64,0.7861,0.3931,3.8543,12.07,0.0,0.3192
1822,4501,152.34,8.37,185.32,142.37,0.7515,0.7515,6.1526,2.3224,0.0,0.5008
1823,4475,17.54,9.27,77.51,216.32,0.8657,0.8657,3.29,28.4683,0.0,0.7396
1823,4483,248.38,4.31,294.41,152.48,0.8618,0.4309,5.6886,18.2506,0.0,0.28
1823,4423,112.5,0.25,159.84,183.72,0.8516,0.4258,3.8888,11.9973,0.0,0.3439
1823,4501,152.07,8.04,185.38,143.47,0.7754,0.7754,6.0594,2.3222,0.0,0.5167
1824,4475,17.01,9.08,76.94,213.81,0.667,0.667,3.3559,28.3569,0.0,0.5642
1824,4483,249.21,4.38,294.41,151.24,0.8584,0.4292,5.78,18.3077,0.0,0.2789
1824,4423,111.83,0.34,158.87,182.76,0.7988,0.3994,3.9266,11.9926,0.0,0.3205
1824,4501,152.14,8.31,185.54,143.79,0.7769,0.7769,6.0326,2.2964,0.0,0.5177
1825,4475,16.86,8.62,76.51,210.13,0.7642,0.7642,3.4536,28.1309,0.0,0.6369
1825,4483,250.14,4.31,294.16,148.62,0.8237,0.4118,5.9783,18.3393,164.1179,0.1303
1825,4423,110.91,0.29,157.81,182.71,0.8218,0.4109,3.931,12.1341,0.0,0.3294
1825,4501,151.9,7.55,185.6,143.92,0.7695,0.7695,6.0219,2.3146,0.0,0.5128
1826,4475,16.44,8.35,76.51,209.49,0.8862,0.8862,3.472,28.1158,0.0,0.7365
1826,4483,250.79,4.28,294.51,149.15,0.8228,0.4114,5.9411,18.4371,0.0,0.2672
1826,4423,109.95,0.45,156.48,182.9,0.7886,0.3943,3.9269,12.3305,0.0,0.3162
1826,4501,152.68,7.94,186.76,143.97,0.8013,0.8013,6.0169,2.1151,0.0,0.534
1827,4475,16.27,8.06,76.86,209.07,0.8818,0.8818,3.4829,28.0733,0.0,0.7317
1827,4483,251.43,4.36,294.6,149.54,0.8296,0.4148,5.914,18.5087,0.0,0.2694
1827,4423,109.71,0.43,156.08,182.73,0.8037,0.4018,3.9342,12.3577,0.0,0.3219
1827,4501,153.79,8.17,188.19,142.49,0.7334,0.7334,6.1404,1.8799,159.8162,0.2443
1828,4475,16.02,8.04,76.96,208.27,0.8877,0.8877,3.5052,28.0282,0.0,0.734
1828,4483,252.23,4.57,294.06,147.0,0.811,0.4055,6.1129,18.5112,164.446,0.1282
1828,4423,108.84,0.23,155.09,182.59,0.8574,0.4287,3.942,12.4821,0.0,0.3429
1828,4501,154.51,8.35,190.05,143.81,0.834,0.834,6.0282,1.5892,21.3682,0.5368
1829,4475,15.79,7.94,76.91,207.32,0.895,0.895,3.5323,27.9827,0.0,0.7369
1829,4483,251.51,4.46,292.78,145.96,0.771,0.3855,6.1903,18.3208,0.0,0.2505
1829,4423,108.08,0.62,154.26,183.03,0.79,0.395,3.9277,12.6577,0.0,0.3166
1829,4501,155.48,8.41,192.41,144.31,0.8159,0.8159,5.9861,1.2478,0.0,0.5439
1830,4475,15.51,8.08,77.03,207.45,0.8916,0.8916,3.5291,28.0033,0.0,0.7345
1830,4483,251.72,4.51,292.39,145.21,0.8403,0.4202,6.252,18.3017,0.0,0.273
1830,4423,107.02,0.4,153.46,183.3,0.8506,0.4253,3.9202,12.8332,0.0,0.3412
1830,4501,156.33,8.34,194.61,144.21,0.8184,0.8184,5.9936,0.9334,0.0,0.5456
1831,4475,15.2,7.95,77.28,208.16,0.8882,0.8882,3.5096,28.0566,0.0,0.7338
1831,4483,249.79,4.81,290.5,145.33,0.8525,0.4263,6.2284,17.9469,0.0,0.2773
1831,4423,105.97,0.59,152.55,183.24,0.8403,0.4202,3.9253,12.9769,0.0,0.3367
1831,4501,156.68,8.08,195.9,143.01,0.8101,0.8101,6.0933,0.7904,161.2849,0.27
1832,4475,14.82,8.0,76.86,207.6,0.9102,0.9102,3.5275,28.0759,0.0,0.7498
1832,4483,249.19,5.13,289.48,144.0,0.8135,0.8135,6.3355,17.7941,161.8526,0.2582
1832,4423,105.28,0.3,152.09,182.66,0.8789,0.4395,3.9487,12.9975,0.0,0.3508
1832,4501,157.37,8.08,197.43,141.35,0.8125,0.8125,6.2364,0.7641,161.8149,0.2708
1833,4475,14.45,7.55,76.47,207.49,0.8804,0.8804,3.5327,28.1234,0.0,0.7245
1833,4483,247.42,5.12,288.03,144.27,0.8296,0.8296,6.301,17.4932,0.0,0.5403
1833,4423,104.47,0.28,151.59,182.46,0.7456,0.3728,3.9582,13.0767,0.0,0.2971
1833,4501,156.49,7.94,197.94,142.46,0.7778,0.7778,6.1398,0.6551,0.0,0.5185
1834,4475,14.64,7.19,76.66,207.09,0.8965,0.8965,3.5428,28.0685,0.0,0.7367
1834,4483,245.98,4.84,287.0,144.2,0.8027,0.4013,6.2985,17.2616,0.0,0.2615
1834,4423,103.96,0.27,151.94,182.96,0.8828,0.4414,3.9396,13.1475,0.0,0.3528
1834,4501,155.56,7.86,197.93,142.69,0.835,0.835,6.1203,0.7222,0.0,0.5566
1835,4475,15.43,7.25,77.92,208.06,0.9043,0.9043,3.5099,27.9868,0.0,0.7473
1835,4483,243.66,4.82,285.24,144.2,0.7441,0.372,6.2846,16.8779,0.0,0.2427
1835,4423,101.95,0.45,150.31,183.53,0.7847,0.3923,3.9238,13.4986,0.0,0.3143
1835,4501,154.57,8.02,197.56,142.41,0.8296,0.8296,6.1445,0.8736,0.0,0.553
1836,4475,15.64,6.53,78.71,208.44,0.9038,0.9038,3.4965,27.941,0.0,0.7486
1836,4483,242.31,4.95,284.17,143.33,0.7456,0.3728,6.3515,16.65,0.0,0.2433
1836,4423,100.77,0.53,149.7,183.75,0.7695,0.3847,3.9184,13.6645,0.0,0.3084
1836,4501,153.86,8.15,197.15,141.8,0.8604,0.8604,6.1975,1.03,0.0,0.5736
1837,4475,15.96,6.07,79.38,208.77,0.8936,0.8936,3.4846,27.8927,0.0,0.7417
1837,4483,239.39,5.02,282.13,143.62,0.8228,0.8228,6.31,16.1799,0.0,0.5377
1837,4423,100.31,0.74,149.64,183.56,0.8574,0.4287,3.9263,13.6838,0.0,0.3431
1837,4501,153.23,8.44,196.76,141.71,0.8584,0.8584,6.2056,1.1328,0.0,0.5722
1838,4475,16.84,6.18,80.29,209.26,0.876,0.876,3.4662,27.7984,0.0,0.7294
1838,4483,239.93,4.95,282.77,142.91,0.7642,0.3821,6.3758,16.2931,0.0,0.2496
1838,4423,100.72,13.47,147.69,183.96,0.7378,0.7378,3.9139,13.8506,0.0,0.5916
1838,4501,152.5,8.63,196.13,141.41,0.8564,0.8564,6.2322,1.2857,0.0,0.5709
1839,4475,18.82,6.14,82.22,209.45,0.8789,0.8789,3.45,27.5299,0.0,0.7344
1839,4483,237.24,4.69,281.13,143.68,0.7456,0.3728,6.2946,15.8804,0.0,0.2438
1839,4423,98.02,5.24,147.22,183.35,0.7808,0.7808,3.9416,14.0344,0.0,0.6229
1839,4501,150.91,8.43,194.4,141.2,0.8516,0.8516,6.2517,1.6176,0.0,0.5676
1840,4475,19.93,6.22,82.97,209.62,0.9048,0.9048,3.4402,27.408,0.0,0.7575
1840,4483,236.31,5.17,280.49,143.75,0.7964,0.7964,6.2836,15.7307,0.0,0.521
1840,4423,97.22,2.45,147.65,183.51,0.8145,0.4073,3.9363,14.0814,0.0,0.3252
1840,4501,149.71,8.26,193.03,141.23,0.8062,0.8062,6.2499,1.865,0.0,0.5373
1841,4475,20.46,6.26,83.01,209.68,0.9062,0.9062,3.437,27.3713,0.0,0.7592
1841,4483,235.76,5.31,280.15,143.84,0.8027,0.8027,6.2731,15.6458,0.0,0.5252
1841,4423,96.83,1.37,148.15,183.95,0.8657,0.4329,3.9197,14.1211,0.0,0.3466
1841,4501,148.19,8.05,190.99,140.82,0.7847,0.7847,6.2879,2.2395,0.0,0.5229
1842,4475,21.01,6.37,82.99,209.79,0.8975,0.8975,3.4326,27.3412,0.0,0.7525
1842,4483,234.53,5.08,279.43,143.97,0.876,0.876,6.2559,15.4595,0.0,0.5734
1842,4423,94.69,0.59,146.5,184.48,0.8701,0.435,3.9065,14.4809,0.0,0.3489
1842,4501,147.35,8.11,189.75,140.82,0.7793,0.7793,6.2889,2.4446,0.0,0.5193
1843,4475,21.95,6.41,83.25,209.74,0.8936,0.8936,3.4306,27.2507,0.0,0.7497
1843,4483,234.38,4.85,279.48,143.89,0.7456,0.3728,6.2624,15.45,0.0,0.244
1843,4423,93.56,0.3,145.69,184.88,0.8184,0.4092,3.8951,14.6789,0.0,0.3286
1843,4501,146.93,8.09,189.04,140.78,0.8228,0.8228,6.2931,2.5588,0.0,0.5483
1844,4475,23.17,6.43,83.77,209.99,0.8867,0.8867,3.4191,27.1437,0.0,0.7455
1844,4483,233.66,4.53,278.74,143.91,0.7769,0.3885,6.2562,15.3102,0.0,0.2544
1844,4423,92.73,0.11,144.92,184.47,0.8423,0.4212,3.9128,14.763,0.0,0.3372
1844,4501,146.44,8.18,188.21,140.67,0.8306,0.8306,6.3037,2.6956,0.0,0.5534
1845,4475,25.18,7.18,84.64,210.09,0.8818,0.8818,3.4086,26.9431,0.0,0.7431
1845,4483,232.54,4.41,277.5,143.55,0.8594,0.4297,6.2799,15.0843,0.0,0.2815
1845,4501,145.94,8.58,187.31,140.64,0.8384,0.8384,6.3072,2.8364,0.0,0.5586
1846,4475,26.83,7.1,85.16,209.37,0.8711,0.8711,3.4218,26.7308,0.0,0.733
1846,4483,232.58,4.32,277.75,143.65,0.8594,0.4297,6.2721,15.112,0.0,0.2815
1846,4501,145.63,8.73,186.76,140.63,0.8101,0.8101,6.3086,2.9226,0.0,0.5397
1846,4423,91.76,0.06,144.09,184.14,0.7886,0.3943,3.9281,14.8732,0.0,0.3148
1847,4475,28.03,7.43,85.34,209.48,0.8735,0.8735,3.4151,26.639,0.0,0.736
1847,4483,233.3,3.98,278.68,143.75,0.8306,0.4153,6.2686,15.2701,0.0,0.272
1847,4501,145.25,9.49,186.29,140.77,0.8296,0.8296,6.2965,3.0009,0.0,0.5527
1847,4423,92.77,14.34,142.02,184.53,0.7568,0.7568,3.9156,14.9994,0.0,0.6054
1848,4475,30.7,7.84,86.55,209.51,0.8604,0.8604,3.4039,26.3593,0.0,0.7269
1848,4483,233.37,3.86,278.92,143.78,0.8452,0.4226,6.267,15.2998,0.0,0.2767
1848,4501,145.34,10.0,186.48,140.88,0.8394,0.8394,6.2865,2.9679,0.0,0.5592
1848,4423,92.94,19.7,141.25,184.29,0.5796,0.5796,3.9255,15.0229,0.0,0.4628
1849,4475,32.61,7.52,87.18,209.25,0.8506,0.8506,3.404,26.154,0.0,0.719
1849,4483,235.35,3.53,280.62,144.08,0.8755,0.4377,6.2528,15.6515,0.0,0.2864
1849,4501,144.98,10.19,186.24,140.92,0.8467,0.8467,6.2833,3.0264,0.0,0.5641
1849,4423,92.56,21.54,141.08,184.59,0.7051,0.7051,3.9154,15.0984,0.0,0.5639
1850,4475,33.84,7.87,87.13,209.06,0.8594,0.8594,3.406,26.0529,0.0,0.7265
1850,4483,234.46,3.3,279.04,142.99,0.834,0.417,6.3392,15.4168,0.0,0.273
1850,4501,144.93,10.02,186.46,141.08,0.7974,0.7974,6.2689,3.0026,0.0,0.5312
1850,4423,91.91,21.48,140.9,184.32,0.5962,0.5962,3.9268,15.1377,0.0,0.4759
1851,4475,35.66,7.53,87.55,207.5,0.8647,0.8647,3.4421,25.7652,0.0,0.7274
1851,4483,233.23,3.29,277.86,142.86,0.8667,0.4334,6.3431,15.1864,0.0,0.2839
1851,4501,144.98,9.65,187.24,141.98,0.8574,0.8574,6.1892,2.8868,0.0,0.5712
1851,4423,90.8,12.16,142.61,183.85,0.8691,0.8691,3.9432,15.0408,0.0,0.6919
1852,4475,38.2,6.93,89.76,208.12,0.8691,0.8691,3.4128,25.4657,0.0,0.7352
1852,4483,232.65,3.45,277.0,142.21,0.8813,0.4406,6.3961,15.0507,0.0,0.2887
1852,4501,145.2,9.46,188.1,142.41,0.8394,0.8394,6.1514,2.7653,0.0,0.5593
1852,4423,88.5,4.31,142.39,184.23,0.8394,0.4197,3.9336,15.2843,0.0,0.3345
1853,4475,39.93,6.89,91.1,207.71,0.8618,0.8618,3.416,25.2066,0.0,0.7292
1853,4483,232.24,3.58,276.71,142.58,0.8594,0.4297,6.3611,14.982,0.0,0.2816
1853,4501,145.37,9.34,189.1,143.13,0.8545,0.8545,6.0894,2.6318,0.0,0.5694
1853,4423,87.25,1.29,141.51,184.02,0.8638,0.4319,3.9453,15.4367,0.0,0.3435
1854,4475,42.16,6.6,94.0,208.31,0.8296,0.8296,3.3868,24.8792,0.0,0.7059
1854,4483,231.17,3.66,275.7,142.49,0.8843,0.4421,6.3628,14.7824,0.0,0.2899
1854,4501,145.1,9.59,189.46,143.67,0.8755,0.8755,6.0441,2.6174,0.0,0.5834
1854,4423,86.75,0.14,140.78,183.29,0.8535,0.4268,3.9748,15.4655,0.0,0.3377
1855,4475,45.42,6.68,98.67,208.54,0.8584,0.8584,3.3609,24.3169,0.0,0.7345
1855,4483,229.04,3.64,273.73,142.33,0.8931,0.4466,6.3647,14.388,0.0,0.293
1855,4501,144.72,9.78,189.55,143.96,0.8813,0.8813,6.0203,2.6463,0.0,0.5872
1855,4423,86.42,0.0,140.23,183.85,0.8584,0.4292,3.9555,15.5925,0.0,0.3406
1856,4475,48.78,6.52,103.79,208.81,0.8813,0.8813,3.3335,23.7198,0.0,0.7585
1856,4483,227.83,3.24,272.69,142.27,0.8735,0.4368,6.3634,14.1708,0.0,0.2867
1856,4501,144.58,10.12,189.87,144.34,0.8931,0.8931,5.9889,2.6287,0.0,0.5951
1856,4423,86.17,0.0,139.44,183.42,0.8647,0.4324,3.9736,15.6361,0.0,0.3421
1857,4475,53.69,6.65,110.99,209.47,0.8789,0.8789,3.2885,22.8995,0.0,0.7634
1857,4483,226.62,3.54,271.61,142.11,0.8853,0.4426,6.371,13.9499,0.0,0.2907
1857,4501,144.45,10.25,190.12,144.38,0.8901,0.8901,5.9856,2.6167,0.0,0.5931
1857,4423,86.3,0.0,139.06,183.72,0.8667,0.4334,3.9628,15.6857,0.0,0.3435
1858,4475,56.61,8.0,116.59,212.5,0.9106,0.9106,3.1933,22.5935,37.2044,0.7414
1858,4483,227.26,3.63,272.04,142.01,0.8677,0.4339,6.383,14.0541,0.0,0.2849
1858,4501,144.28,10.3,190.29,144.48,0.8862,0.8862,5.9774,2.6174,0.0,0.5905
1858,4423,88.12,0.0,139.59,182.73,0.8618,0.4309,3.9957,15.3963,0.0,0.3398
1859,4475,58.74,9.44,121.74,215.87,0.8101,0.8101,3.097,22.4461,35.2039,0.6758
1859,4483,226.81,3.27,271.27,141.89,0.8306,0.4153,6.3902,13.9366,0.0,0.2728
1859,4501,144.08,10.12,190.35,144.33,0.8921,0.8921,5.9897,2.6307,0.0,0.5944
1859,4423,89.61,0.0,139.12,178.83,0.8306,0.4153,4.1469,14.9465,157.3196,0.181
1860,4475,60.89,11.46,126.8,218.6,0.8818,0.8818,3.0199,22.2659,0.0,0.7988
1860,4483,227.99,3.55,270.6,137.38,0.8101,0.4051,6.8205,14.0409,166.0032,0.131
1860,4501,143.89,9.4,190.68,144.73,0.8931,0.8931,5.9571,2.6198,0.0,0.5951
1860,4423,90.9,0.0,138.91,176.61,0.8486,0.4243,4.2368,14.6584,0.0,0.3214
1861,4475,61.91,13.23,129.7,220.26,0.8237,0.8237,2.9754,22.2012,0.0,0.7511
1861,4483,229.46,3.43,271.28,136.95,0.7642,0.3821,6.8709,14.2561,0.0,0.2508
1861,4501,144.2,10.15,190.98,144.78,0.8779,0.8779,5.9527,2.5579,0.0,0.585
1861,4423,91.4,0.0,138.18,175.25,0.834,0.417,4.2954,14.5629,0.0,0.3127
1862,4475,62.23,13.33,132.77,223.82,0.6934,0.6934,2.8923,22.4119,0.0,0.6397
1862,4483,228.58,3.38,270.17,139.76,0.3621,0.181,6.5882,14.0204,14.9625,0.1169
1862,4501,144.23,9.97,191.19,144.6,0.8813,0.8813,5.9672,2.5312,0.0,0.5872
1862,4423,91.1,0.0,137.75,177.2,0.5234,0.2617,4.2139,14.792,0.0,0.199
1863,4475,62.29,9.94,135.71,225.41,0.8608,0.8608,2.8538,22.4204,0.0,0.7985
1863,4483,230.54,3.46,270.27,138.36,0.7456,0.3728,6.7296,14.2384,163.4712,0.1204
1863,4501,144.01,9.81,191.12,144.34,0.8882,0.8882,5.9886,2.5589,0.0,0.5918
1863,4423,94.01,0.0,138.85,174.7,0.54,0.27,4.313,14.2315,151.8869,0.112
1864,4475,62.75,10.29,137.86,226.33,0.8413,0.8413,2.8305,22.3751,0.0,0.7831
1864,4483,231.89,3.63,270.12,137.65,0.7031,0.3515,6.8039,14.3655,0.0,0.2307
1864,4501,144.04,10.0,191.21,144.15,0.8794,0.8794,6.0041,2.5458,0.0,0.586
1865,4475,63.36,12.35,139.37,227.28,0.895,0.895,2.8076,22.3671,0.0,0.8358
1865,4483,232.31,3.74,269.79,138.43,0.7656,0.3828,6.7267,14.3616,0.0,0.2512
1865,4501,144.0,10.37,191.26,144.26,0.8779,0.8779,5.995,2.5452,0.0,0.585
1866,4475,65.59,12.67,142.27,227.87,0.8994,0.8994,2.7874,22.1362,0.0,0.8428
1866,4483,230.63,4.06,268.17,140.26,0.7769,0.3885,6.5413,14.0197,18.1068,0.2487
1866,4501,143.71,10.51,191.18,144.67,0.8906,0.8906,5.9618,2.5863,0.0,0.5934
1867,4475,66.73,10.83,144.21,227.77,0.8818,0.8818,2.7845,21.941,0.0,0.8271
1867,4483,233.56,4.18,269.75,138.37,0.8062,0.4031,6.7363,14.479,160.2685,0.1301
1867,4501,143.55,10.45,191.2,144.63,0.8794,0.8794,5.9651,2.6002,0.0,0.586
1868,4475,69.03,9.94,146.53,228.06,0.8608,0.8608,2.7715,21.71,0.0,0.8093
1868,4483,235.31,4.36,270.69,137.74,0.7271,0.3635,6.8074,14.7473,0.0,0.2384
1868,4501,143.52,10.42,191.35,144.62,0.8818,0.8818,5.9659,2.5878,0.0,0.5876
1868,4509,88.03,0.04,118.74,43.72,0.626,0.313,10.0,90.0,0.0,0.0
1869,4475,72.24,8.49,149.16,228.04,0.8853,0.8853,2.7631,21.3724,0.0,0.8339
1869,4483,234.25,4.59,270.14,139.47,0.811,0.4055,6.6329,14.5679,15.279,0.2612
1869,4501,143.39,10.43,191.35,144.52,0.877,0.877,5.9741,2.6002,0.0,0.5844
1869,4509,87.04,0.09,119.26,45.97,0.4148,0.2074,10.0,90.0,0.0,0.0
1870,4475,74.74,7.76,150.56,227.36,0.8892,0.8892,2.7709,21.0576,0.0,0.8373
1870,4483,233.75,4.75,270.21,140.68,0.8506,0.4253,6.5177,14.5138,14.6889,0.2744
1870,4501,143.32,10.43,191.33,144.38,0.8594,0.8594,5.9855,2.6084,0.0,0.5726
1870,4509,86.08,0.08,120.06,48.52,0.4282,0.2141,10.0,90.0,0.0,0.0
1871,4475,76.16,6.75,151.75,229.56,0.8555,0.8555,2.7239,21.2219,0.0,0.8106
1871,4483,233.91,5.03,270.82,141.28,0.8584,0.8584,6.4649,14.5832,0.0,0.563
1871,4501,143.18,10.43,191.29,144.33,0.8682,0.8682,5.9897,2.6266,0.0,0.5785
1871,4509,84.19,0.08,121.3,53.25,0.3364,0.1682,10.0,90.0,0.0,0.0
1872,4475,78.2,6.28,153.88,234.42,0.8657,0.8657,2.6267,21.6979,0.0,0.8306
1872,4483,236.8,5.0,273.41,140.34,0.8169,0.8169,6.5687,15.1174,147.1053,0.2629
1872,4501,143.1,10.52,191.31,144.49,0.8701,0.8701,5.9767,2.6339,0.0,0.5798
1872,4509,81.99,0.03,123.09,59.47,0.6621,0.3311,10.0,90.0,0.0,0.0
1873,4475,80.71,5.93,156.84,242.1,0.8306,0.8306,2.4856,22.5603,35.3861,0.7567
1873,4483,236.54,5.03,274.07,141.7,0.8193,0.8193,6.4449,15.1454,15.1078,0.5273
1873,4501,143.06,10.55,191.32,144.37,0.8721,0.8721,5.9865,2.6361,0.0,0.5811
1873,4509,79.01,0.01,126.37,69.56,0.6001,0.3,122.7604,21.0854,0.0,0.1933
1874,4475,82.76,6.35,158.12,244.64,0.7822,0.7822,2.4398,22.7892,0.0,0.7556
1874,4483,237.69,5.11,275.45,141.8,0.7485,0.7485,6.4438,15.3871,0.0,0.4901
1874,4501,143.26,10.66,191.49,144.32,0.7832,0.7832,5.9904,2.5978,0.0,0.5219
1874,4509,76.92,0.04,128.41,77.08,0.498,0.249,44.317,20.1743,2.2032,0.1608
1875,4475,86.19,4.88,162.87,249.21,0.8252,0.4126,2.3584,23.1371,0.0,0.3937
1875,4483,238.86,4.85,276.89,142.1,0.8423,0.4212,6.4251,15.6349,0.0,0.2756
1875,4501,144.86,10.6,192.82,144.49,0.8159,0.8159,5.9751,2.2982,0.0,0.5437
1875,4509,76.65,0.02,130.15,81.45,0.3208,0.1604,32.2034,19.5598,3.0351,0.1038
1875,4423,84.03,0.0,124.26,156.64,0.6011,0.3005,5.3183,15.4444,159.9617,0.0966
1876,4475,91.14,4.23,168.38,250.54,0.8516,0.4258,2.3273,22.9374,0.0,0.4048
1876,4483,238.88,4.73,277.64,144.53,0.8193,0.4097,6.2164,15.7043,15.6807,0.2629
1876,4501,146.82,9.83,194.38,144.55,0.7671,0.7671,5.9687,1.9375,0.0,0.5113
1876,4509,76.57,0.0,130.86,84.08,0.4036,0.2018,27.6288,19.2136,3.5247,0.1307
1876,4423,83.69,0.0,123.83,155.68,0.5498,0.2749,5.3818,15.4881,0.0,0.1799
1877,4475,96.9,6.1,174.55,252.06,0.7886,0.7886,2.2936,22.7603,0.0,0.7464
1877,4483,239.39,4.64,278.11,143.55,0.7925,0.3962,6.3031,15.7976,0.0,0.2592
1877,4501,149.82,9.55,196.4,144.85,0.5391,0.5391,5.9427,1.4287,0.0,0.3593
1877,4509,76.79,0.09,130.37,84.54,0.4629,0.2314,26.9615,19.1811,3.8392,0.1498
1877,4423,83.27,0.0,123.22,154.6,0.5557,0.2778,5.4553,15.5557,0.0,0.1818
1878,4475,99.31,7.75,174.33,247.41,0.8618,0.8618,2.3623,21.93,0.0,0.8252
1878,4483,239.07,5.02,278.77,147.56,0.771,0.771,5.9745,15.8451,15.9889,0.4943
1878,4501,151.1,9.51,196.62,144.68,0.7754,0.7754,5.956,1.2714,0.0,0.5169
1878,4509,77.08,0.12,129.62,84.53,0.233,0.1165,26.9812,19.2156,0.0,0.0755
1878,4423,82.75,0.0,123.23,157.09,0.7041,0.352,5.2962,15.6762,18.0538,0.2246
1879,4475,105.17,7.84,183.0,255.21,0.7334,0.7334,2.2348,22.7755,45.2212,0.6161
1879,4483,238.86,4.61,279.09,148.78,0.6353,0.3176,5.8808,15.8678,0.0,0.2077
1879,4501,144.24,8.99,190.83,144.43,0.3794,0.3794,5.9812,2.5657,100.4165,0.1263
1879,4423,82.36,0.0,122.54,157.3,0.645,0.3225,5.286,15.7845,0.0,0.2109
1880,4475,108.74,8.23,184.54,249.65,0.6343,0.6343,2.313,21.7044,0.0,0.6035
1880,4483,238.82,4.54,279.31,149.77,0.7847,0.3923,5.8071,15.8975,0.0,0.2566
1880,4423,82.58,0.06,122.73,157.79,0.7793,0.3896,5.2544,15.7621,0.0,0.2549
1881,4475,112.63,7.46,187.52,244.57,0.6646,0.6646,2.3876,20.655,0.0,0.6404
1881,4483,239.25,4.7,279.1,147.18,0.6929,0.3464,6.0059,15.8905,164.1855,0.1111
1881,4423,82.24,0.1,122.14,158.93,0.7886,0.3943,5.1873,15.8887,0.0,0.2578
1882,4475,114.7,5.95,190.92,247.0,0.6958,0.6958,2.3461,20.9429,0.0,0.6662
1882,4483,239.27,4.95,279.14,147.45,0.7656,0.3828,5.9849,15.8984,0.0,0.2503
1882,4423,82.66,0.02,122.45,160.12,0.8218,0.4109,5.1145,15.865,0.0,0.2687
1883,4475,120.19,4.93,190.42,224.9,0.5234,0.2617,2.7342,16.9033,147.8562,0.1625
1883,4483,239.52,4.83,278.88,145.31,0.7598,0.3799,6.1572,15.8852,164.5184,0.1218
1883,4423,82.06,0.09,121.03,159.65,0.8286,0.4143,5.1477,16.0355,0.0,0.2708
1884,4475,124.6,4.35,192.49,216.64,0.3132,0.1566,2.906,15.2225,147.4563,0.0941
1884,4483,239.64,5.13,278.73,143.78,0.7202,0.7202,6.286,15.8803,164.8125,0.2309
1884,4423,83.12,0.02,121.85,159.85,0.8193,0.4097,5.1308,15.8677,0.0,0.2679
1884,4501,134.65,4.61,185.06,144.02,0.314,0.157,6.0253,4.1395,104.6638,0.0522
1885,4475,127.32,3.2,194.58,213.69,0.8423,0.4212,2.971,14.5505,0.0,0.3902
1885,4483,239.57,5.03,279.14,144.94,0.8193,0.8193,6.1889,15.9137,0.0,0.5357
1885,4423,83.82,0.0,122.18,158.63,0.7832,0.3916,5.2012,15.7264,0.0,0.2562
1886,4475,129.71,1.95,198.03,216.5,0.7822,0.3911,2.9045,14.9405,0.0,0.3656
1886,4483,239.32,4.6,279.69,146.85,0.7822,0.3911,6.0341,15.9509,15.9111,0.2507
1886,4423,83.78,0.0,121.5,156.77,0.7725,0.3862,5.3182,15.732,162.1767,0.1239
1887,4475,131.76,0.76,205.03,233.67,0.5059,0.253,2.5567,17.9959,34.4969,0.2321
1887,4483,239.92,4.21,279.73,143.18,0.8228,0.4114,6.3421,16.0029,164.9944,0.1318
1887,4423,83.2,0.08,120.35,156.18,0.7671,0.3836,5.3605,15.8769,0.0,0.2508
1888,4475,134.27,0.05,213.57,255.33,0.8286,0.4143,2.2087,21.8294,38.5356,0.3582
1888,4483,239.86,3.82,280.39,144.61,0.8027,0.4013,6.2214,16.0596,15.8591,0.2573
1888,4423,82.21,0.12,118.65,155.97,0.8145,0.4073,5.3814,16.1238,0.0,0.2662
1888,4513,144.2,9.32,170.35,53.3,0.6494,0.6494,10.0,90.0,0.0,0.0
1889,4475,139.37,0.0,215.49,246.95,0.7627,0.3814,2.3321,20.3035,141.3528,0.2378
1889,4483,240.27,3.45,280.57,142.0,0.8306,0.4153,6.4507,16.1199,165.2297,0.133
1889,4423,83.12,0.13,119.83,157.03,0.7559,0.378,5.3082,15.959,0.0,0.2471
1889,4513,143.58,9.55,174.02,60.87,0.6299,0.6299,10.0,90.0,0.0,0.0
1890,4475,142.64,0.1,221.47,256.77,0.8193,0.4097,2.1878,22.0584,41.1202,0.3489
1890,4483,239.55,3.08,281.86,147.91,0.8193,0.4097,5.9582,16.1873,16.0438,0.2624
1890,4423,83.97,0.04,121.76,160.6,0.8604,0.4302,5.0848,15.8262,19.1857,0.2734
1890,4513,143.48,9.54,177.03,66.3,0.5391,0.5391,495.476,16.0676,0.0,0.3524
1891,4475,150.47,0.0,232.01,265.29,0.8086,0.4043,2.0764,23.6352,52.4212,0.3176
1891,4483,240.23,2.94,281.74,143.69,0.8496,0.4248,6.3054,16.2226,164.9096,0.136
1891,4423,85.27,0.01,124.19,162.87,0.8159,0.4079,4.9465,15.5778,22.4645,0.2596
1891,4501,137.61,8.81,183.41,142.59,0.4668,0.4668,6.1445,4.0158,162.9335,0.1552
1892,4475,151.46,0.0,232.87,266.71,0.7642,0.3821,2.0588,23.8942,0.0,0.3487
1892,4483,240.18,2.71,282.36,144.99,0.8594,0.4297,6.1969,16.2777,15.9605,0.2752
1892,4423,83.87,0.0,122.58,161.98,0.8711,0.4355,5.0039,15.8169,0.0,0.2849
1892,4501,139.03,9.29,182.72,141.93,0.4717,0.4717,6.201,3.9535,0.0,0.3141
1893,4475,158.04,0.2,240.01,264.58,0.4082,0.2041,2.09,23.6805,0.0,0.1872
1893,4483,240.67,2.31,282.43,142.52,0.8271,0.4135,6.4116,16.3322,165.144,0.1323
1893,4423,83.3,0.0,122.09,162.64,0.8477,0.4239,4.9695,15.9441,0.0,0.2789
1893,4501,140.75,9.51,183.12,141.76,0.3149,0.3149,6.2141,3.7417,0.0,0.2097
1893,4513,136.56,10.35,188.17,99.45,0.4863,0.4863,14.4982,9.767,6.695,0.3207
1894,4475,158.44,1.88,242.2,269.98,0.7129,0.3564,2.0232,24.6293,0.0,0.323
1894,4483,239.89,2.21,282.29,144.46,0.8306,0.4153,6.2403,16.2426,15.3925,0.2664
1894,4423,83.33,0.0,122.31,163.44,0.8423,0.4212,4.9246,15.9575,0.0,0.2796
1894,4501,141.58,9.54,183.07,141.29,0.6699,0.6699,6.2549,3.6758,0.0,0.4461
1895,4475,161.33,2.16,246.27,271.04,0.2114,0.1057,2.0131,24.9079,0.0,0.0956
1895,4483,239.52,2.24,282.11,145.19,0.8369,0.4184,6.1773,16.1919,0.0,0.2734
1895,4423,82.12,0.18,120.2,161.51,0.7612,0.3806,5.0413,16.18,157.68,0.1218
1895,4501,142.16,9.58,183.12,141.08,0.7456,0.7456,6.2731,3.6188,0.0,0.4966
1896,4475,164.25,0.71,253.46,276.76,0.4141,0.2071,1.9505,26.0169,0.0,0.1849
1896,4483,239.15,2.54,281.71,145.74,0.8203,0.4102,6.1295,16.1207,0.0,0.2681
1896,4423,81.03,0.16,118.83,162.8,0.8452,0.4226,4.975,16.4618,0.0,0.2774
1896,4501,143.0,9.43,183.87,140.96,0.8252,0.8252,6.2826,3.4625,0.0,0.5496
1897,4483,237.71,1.57,281.54,149.84,0.8452,0.4226,5.8052,16.0047,16.4132,0.2705
1897,4423,80.1,0.15,117.74,165.41,0.8506,0.4253,4.8386,16.7664,21.2229,0.277
1897,4501,143.46,9.41,184.52,141.58,0.8477,0.8477,6.2269,3.3293,0.0,0.5647
1898,4483,236.16,1.58,280.48,151.73,0.7598,0.3799,5.6606,15.788,18.9636,0.2416
1898,4423,79.74,0.14,116.35,163.9,0.8496,0.4248,4.9243,16.8564,0.0,0.2814
1898,4501,143.83,9.37,185.3,142.66,0.8506,0.8506,6.1325,3.1859,0.0,0.5666
1899,4483,232.81,1.31,278.04,153.27,0.5649,0.2824,5.5373,15.2705,29.0843,0.1731
1899,4423,79.09,0.14,116.55,171.11,0.8086,0.4043,4.5588,17.2702,20.57,0.2787
1899,4501,145.04,9.45,187.35,143.73,0.8286,0.8286,6.0404,2.8399,0.0,0.5521
1900,4423,78.99,0.14,116.4,173.86,0.8359,0.4179,4.4323,17.4611,21.1386,0.2945
1900,4501,146.01,9.29,189.21,144.31,0.8789,0.8789,5.991,2.5495,0.0,0.5856
1900,4475,177.28,0.54,268.64,274.74,0.4912,0.2456,1.992,26.3084,106.0807,0.1386
1901,4423,78.97,0.14,116.19,175.44,0.8394,0.4197,4.3627,17.5844,0.0,0.3089
1901,4501,145.98,9.22,189.77,144.35,0.8638,0.8638,5.9874,2.4953,0.0,0.5756
1901,4475,178.3,1.25,271.62,273.58,0.6538,0.3269,2.0089,26.2324,0.0,0.2943
1902,4423,79.65,0.14,115.44,170.22,0.877,0.4385,4.6027,17.2679,159.6744,0.1628
1902,4501,145.99,9.38,190.3,144.63,0.8818,0.8818,5.9643,2.4423,0.0,0.5876
1902,4475,193.28,1.3,285.28,272.73,0.7241,0.362,2.0457,26.9836,104.4549,0.2063
1903,4423,79.91,0.14,115.01,167.95,0.8657,0.4329,4.715,17.1591,160.1536,0.1543
1903,4501,145.35,9.62,190.18,144.64,0.8701,0.8701,5.9639,2.5203,0.0,0.5798
1904,4423,81.01,0.14,116.3,167.93,0.7964,0.3982,4.7099,16.9422,0.0,0.2751
1904,4501,144.93,9.43,190.33,144.64,0.8584,0.8584,5.964,2.548,0.0,0.572
1904,4475,202.32,0.59,294.99,274.94,0.3149,0.1575,2.0402,27.9757,0.0,0.1417
1905,4423,80.57,0.14,115.79,167.63,0.8486,0.4243,4.7275,17.0123,0.0,0.2921
1905,4501,145.14,9.35,190.87,144.63,0.835,0.835,5.9645,2.471,0.0,0.5564
1905,4514,235.87,2.07,258.91,46.42,0.6792,0.3396,10.0,90.0,0.0,0.0
1905,4483,229.43,0.46,279.65,150.84,0.5537,0.2768,5.7028,15.052,161.9746,0.0891
1906,4423,80.53,0.14,116.32,169.55,0.8394,0.4197,4.6307,17.0723,0.0,0.2943
1906,4501,145.19,9.42,191.22,144.81,0.8604,0.8604,5.9497,2.4322,0.0,0.5733
1906,4514,234.05,0.92,261.31,53.32,0.4243,0.2122,10.0,90.0,0.0,0.0
1906,4483,231.84,0.28,289.74,165.88,0.2063,0.1032,4.8123,16.7364,21.5582,0.0675
1906,4475,212.19,0.31,306.36,281.7,0.4883,0.2442,1.9886,29.7193,68.3919,0.1654
1907,4423,79.82,0.14,116.39,172.58,0.8594,0.4297,4.4886,17.3082,21.0686,0.2997
1907,4501,145.37,9.37,191.59,144.78,0.8657,0.8657,5.9519,2.3754,0.0,0.5769
1907,4514,235.31,0.52,262.03,51.47,0.3398,0.1699,10.0,90.0,0.0,0.0
1907,4475,216.51,0.23,310.94,286.28,0.7407,0.3704,1.9499,30.6722,0.0,0.3259
1908,4423,79.86,0.14,116.49,170.67,0.8618,0.4309,4.5779,17.1811,0.0,0.3051
1908,4501,145.28,9.58,191.67,144.95,0.8594,0.8594,5.9381,2.379,0.0,0.5727
1908,4514,234.46,0.42,266.31,61.12,0.2161,0.108,10.0,90.0,0.0,0.0
1909,4423,79.81,0.14,117.45,172.51,0.8506,0.4253,4.4893,17.2109,0.0,0.3061
1909,4501,145.12,9.68,191.63,145.01,0.8779,0.8779,5.9334,2.4006,0.0,0.585
1909,4483,220.11,0.55,274.04,158.56,0.5166,0.2583,5.1559,13.8522,141.3446,0.0836
1909,4475,226.74,0.55,318.69,278.33,0.5391,0.2696,2.0661,30.3871,133.3631,0.1518
1910,4423,79.48,0.14,117.48,170.79,0.8423,0.4212,4.5707,17.1337,0.0,0.2986
1910,4501,144.89,9.72,191.58,145.12,0.8677,0.8677,5.9247,2.4313,0.0,0.5782
1910,4483,219.23,0.46,270.61,154.65,0.5381,0.2691,5.3916,13.298,159.5904,0.0873
1910,4475,233.19,2.06,323.06,274.33,0.4971,0.2485,2.1315,30.3748,0.0,0.225
1911,4423,79.11,0.14,118.66,174.47,0.8711,0.4355,4.3992,17.2914,21.1336,0.3089
1911,4501,144.84,10.01,191.51,144.88,0.8721,0.8721,5.9441,2.4394,0.0,0.5811
1911,4483,218.98,0.33,267.94,150.05,0.6406,0.3203,5.7023,12.8997,162.3073,0.1041
1911,4475,231.24,3.33,323.72,277.94,0.5962,0.2981,2.0857,30.759,0.0,0.2677
1912,4423,80.4,0.14,121.47,175.66,0.8843,0.4421,4.3372,17.0131,0.0,0.3274
1912,4501,145.05,10.11,191.79,145.07,0.877,0.877,5.9285,2.3924,0.0,0.5844
1912,4483,217.81,0.36,266.98,154.26,0.7939,0.397,5.4055,12.7989,17.7246,0.2551
1912,4475,232.35,4.79,326.35,277.87,0.8516,0.4258,2.0926,30.9185,0.0,0.3825
1913,4423,80.84,0.14,122.77,173.78,0.8882,0.4441,4.4162,16.7314,0.0,0.3244
1913,4501,144.95,10.27,191.69,144.85,0.8677,0.8677,5.9464,2.4092,0.0,0.5782
1913,4483,210.38,0.64,260.89,156.08,0.5205,0.2602,5.2592,11.5596,44.7871,0.1466
1913,4475,238.19,4.74,335.49,275.61,0.8271,0.4135,2.1454,31.3421,0.0,0.3739
1914,4423,81.22,0.14,123.88,170.79,0.8945,0.4472,4.5508,16.4059,158.5444,0.1698
1914,4501,144.99,10.67,191.75,144.96,0.8433,0.8433,5.9374,2.4007,0.0,0.562
1914,4483,212.86,0.54,262.48,155.86,0.811,0.4055,5.2814,11.9434,0.0,0.2674
1914,4475,239.29,4.68,342.95,283.74,0.8525,0.4263,2.0642,32.6769,0.0,0.379
1915,4423,80.91,0.14,124.55,169.56,0.8853,0.4426,4.609,16.2989,0.0,0.3122
1915,4501,145.12,10.98,191.84,144.99,0.8535,0.8535,5.9349,2.3787,0.0,0.5688
1915,4483,211.33,0.49,261.02,158.01,0.8618,0.4309,5.1421,11.75,21.0672,0.2747
1915,4475,240.17,7.31,344.29,280.67,0.8794,0.8794,2.1037,32.4297,0.0,0.7872
1916,4423,81.72,0.14,127.39,171.15,0.8804,0.4402,4.5243,16.0699,0.0,0.3157
1916,4501,145.17,10.65,192.04,144.91,0.8506,0.8506,5.9412,2.3517,0.0,0.5668
1916,4483,209.98,0.64,258.94,157.16,0.8193,0.4097,5.1872,11.3809,0.0,0.2704
1916,4475,263.18,7.92,342.64,204.14,0.5649,0.5649,3.5608,26.1788,154.4787,0.2774
1917,4423,81.57,0.05,129.26,173.5,0.8901,0.4451,4.4122,16.0747,21.752,0.3152
1917,4501,145.06,10.06,192.24,145.07,0.8413,0.8413,5.9283,2.3454,0.0,0.5606
1917,4483,209.06,0.41,257.75,157.11,0.8159,0.4079,5.1863,11.1756,0.0,0.2694
1917,4475,244.36,4.91,348.06,257.83,0.5859,0.2929,2.4205,30.3031,35.0823,0.2588
1918,4423,81.27,0.01,130.73,175.59,0.8901,0.4451,4.3172,16.1229,0.0,0.3314
1918,4501,145.29,10.04,192.59,145.21,0.8496,0.8496,5.9168,2.289,0.0,0.5662
1918,4483,206.21,0.4,254.89,156.99,0.8252,0.4126,5.183,10.6202,0.0,0.2727
1919,4423,81.11,0.09,131.84,176.46,0.8965,0.4482,4.2778,16.106,0.0,0.3361
1919,4501,145.59,10.01,192.88,145.36,0.8564,0.8564,5.9046,2.2324,0.0,0.5707
1919,4483,202.18,0.49,251.84,159.46,0.8618,0.4309,5.0227,10.0813,28.6191,0.2675
1919,4475,247.0,4.28,359.06,279.88,0.4446,0.2223,2.1534,33.3667,41.3488,0.1813
1920,4423,80.75,0.03,132.53,177.14,0.8906,0.4453,4.2482,16.13,0.0,0.3357
1920,4501,145.86,10.18,193.0,145.42,0.8184,0.8184,5.8996,2.1943,0.0,0.5454
1920,4483,196.96,0.42,247.86,160.66,0.8218,0.4109,4.9393,9.2968,48.5073,0.2292
1921,4423,80.32,0.1,133.05,178.21,0.8965,0.4482,4.2034,16.207,0.0,0.3405
1921,4501,145.68,10.06,192.76,145.06,0.8442,0.8442,5.9286,2.2286,0.0,0.5626
1921,4483,194.43,0.38,246.1,161.11,0.8076,0.4038,4.9077,8.9325,0.0,0.2725
1922,4423,80.51,0.13,133.59,177.48,0.9038,0.4519,4.2322,16.0859,0.0,0.3416
1922,4501,145.5,9.08,192.77,144.92,0.8262,0.8262,5.9399,2.2434,0.0,0.5506
1922,4483,194.05,0.55,245.74,161.08,0.79,0.395,4.9084,8.8618,0.0,0.2666
1923,4423,81.52,0.23,135.61,178.39,0.9092,0.4546,4.1881,15.8987,0.0,0.3465
1923,4501,145.99,9.46,192.95,144.78,0.8037,0.8037,5.951,2.1724,0.0,0.5356
1923,4483,195.37,0.7,245.79,159.57,0.7305,0.3653,4.9965,8.8753,0.0,0.2422
1924,4423,80.66,0.08,136.1,182.23,0.8882,0.4441,4.0361,16.2604,22.9909,0.3355
1924,4501,146.51,9.91,193.05,144.63,0.8296,0.8296,5.9628,2.1068,0.0,0.5529
1924,4483,192.84,0.66,243.77,162.53,0.8394,0.4197,4.8239,8.6917,23.2532,0.2767
1925,4423,81.13,0.12,138.21,186.78,0.876,0.438,3.8626,16.4753,24.1639,0.3396
1925,4501,147.09,9.66,193.43,144.58,0.8203,0.8203,5.9665,2.0077,0.0,0.5467
1925,4483,191.52,0.45,242.01,160.58,0.7964,0.3982,4.9283,8.2445,155.6188,0.1352
1926,4423,80.72,0.04,137.75,187.03,0.8794,0.4397,3.8554,16.5702,0.0,0.3541
1926,4501,147.94,10.36,194.05,145.11,0.8486,0.8486,5.9231,1.867,0.0,0.5656
1926,4483,189.31,0.56,240.78,164.0,0.8062,0.4031,4.7369,8.2484,21.5093,0.2721
1926,4475,287.42,37.41,360.0,287.5,0.5747,0.2873,2.1478,36.1155,89.9523,0.1597
1927,4423,81.44,0.1,138.49,187.53,0.8901,0.4451,3.835,16.5021,0.0,0.3597
1927,4501,148.36,10.41,194.17,145.04,0.8584,0.8584,5.9286,1.8101,0.0,0.5721
1927,4483,186.5,0.68,239.08,167.02,0.8184,0.4092,4.5771,8.1907,24.2622,0.2824
1928,4423,81.82,0.04,139.36,190.17,0.8701,0.435,3.7418,16.6727,0.0,0.3569
1928,4501,149.11,10.68,194.54,144.82,0.834,0.834,5.9459,1.6907,0.0,0.5559
1928,4483,185.24,0.36,238.55,168.43,0.6162,0.3081,4.5061,8.2133,0.0,0.2246
1929,4423,83.08,0.1,139.84,188.65,0.876,0.438,3.7904,16.3771,0.0,0.3567
1929,4501,149.77,11.06,194.84,144.65,0.8394,0.8394,5.9593,1.5892,0.0,0.5595
1929,4483,184.77,0.14,238.47,168.75,0.8062,0.4031,4.4902,8.209,0.0,0.2948
1930,4423,85.33,0.31,141.82,187.83,0.8818,0.4409,3.811,15.9559,0.0,0.3582
1930,4501,150.85,11.62,195.78,144.96,0.8413,0.8413,5.9337,1.3899,0.0,0.5608
1930,4483,185.46,0.15,239.17,168.84,0.7974,0.3987,4.4873,8.3308,0.0,0.2917
1931,4423,86.87,0.3,144.16,190.54,0.9072,0.4536,3.7117,15.9451,28.0354,0.3568
1931,4501,151.06,11.52,195.74,144.89,0.835,0.835,5.9393,1.3706,0.0,0.5566
1931,4483,184.83,0.34,238.23,168.66,0.7642,0.3821,4.4943,8.1835,0.0,0.2792
1932,4423,87.62,0.29,145.2,191.9,0.8945,0.4472,3.6638,15.9616,0.0,0.3721
1932,4501,151.03,11.11,195.44,144.77,0.8359,0.8359,5.9491,1.4013,0.0,0.5572
1932,4483,185.5,0.31,232.61,151.95,0.5361,0.2681,5.447,6.1766,162.4117,0.0888
1933,4423,88.12,0.48,145.77,192.75,0.8921,0.4461,3.6345,15.9788,0.0,0.3728
1933,4501,151.93,10.95,195.87,144.81,0.8384,0.8384,5.9455,1.2665,0.0,0.5589
1933,4483,185.89,0.16,228.74,140.36,0.6758,0.3379,6.3572,5.6539,164.805,0.1121
1934,4423,89.58,0.45,146.79,192.3,0.8711,0.4355,3.6449,15.7397,0.0,0.3636
1934,4501,152.3,10.51,195.98,144.83,0.8159,0.8159,5.9437,1.2181,0.0,0.5439
1934,4483,182.37,0.15,227.84,153.32,0.6514,0.3257,5.3468,5.4954,17.8074,0.2114
1935,4423,91.0,0.35,147.91,192.27,0.8882,0.4441,3.6418,15.5459,0.0,0.3711
1935,4501,152.54,9.61,195.89,144.19,0.8062,0.8062,5.9958,1.1913,0.0,0.5374
1935,4483,178.03,0.15,222.6,150.5,0.585,0.2925,5.5311,4.382,147.8583,0.0972
1936,4423,92.41,0.49,148.88,191.77,0.8838,0.4419,3.6542,15.3084,0.0,0.3687
1936,4501,153.93,9.61,196.4,143.58,0.8062,0.8062,6.0458,0.9989,0.0,0.5374
1936,4483,175.7,0.33,222.45,160.95,0.6289,0.3145,4.8729,5.2381,19.3185,0.2086
1937,4423,94.2,0.36,149.22,187.0,0.8828,0.4414,3.8123,14.5867,155.1081,0.2123
1937,4501,154.44,9.2,196.58,144.37,0.8403,0.8403,5.9805,0.9273,0.0,0.5602
1937,4483,176.82,0.22,222.29,161.49,0.6807,0.3403,4.8435,5.3845,0.0,0.2335
1938,4423,95.31,0.12,151.08,189.66,0.8394,0.4197,3.7161,14.6728,0.0,0.3471
1938,4501,154.44,8.61,195.7,144.07,0.4534,0.4534,6.0053,1.0148,0.0,0.3022
1938,4483,168.84,0.26,212.75,150.41,0.3887,0.1943,5.5259,2.5826,158.4119,0.0647
1939,4423,96.27,0.04,152.0,189.34,0.7598,0.3799,3.724,14.493,0.0,0.3139
1939,4483,165.23,0.28,213.75,162.25,0.7832,0.3916,4.7917,4.2265,19.6244,0.264
1940,4423,97.32,0.19,152.14,186.42,0.8359,0.4179,3.8232,14.0529,0.0,0.34
1940,4483,160.96,0.29,210.73,166.09,0.7656,0.3828,4.589,4.6931,26.9376,0.2619
1941,4423,98.21,0.16,153.21,187.26,0.8804,0.4402,3.7907,14.0036,0.0,0.3601
1941,4483,159.06,0.2,209.21,167.11,0.8086,0.4043,4.5377,4.8212,0.0,0.294
1942,4423,98.41,0.14,154.79,192.88,0.8691,0.4345,3.6005,14.5788,25.3833,0.3521
1942,4483,155.45,0.07,206.19,166.55,0.8125,0.4062,4.5649,4.6347,0.0,0.294
1943,4423,99.4,0.14,155.5,192.41,0.8618,0.4309,3.6132,14.3967,0.0,0.3624
1943,4483,151.52,0.21,202.95,165.36,0.7544,0.3772,4.6251,4.4247,0.0,0.2699
1944,4423,99.07,0.23,157.43,202.01,0.8979,0.449,3.3243,15.6044,27.0929,0.3777
1944,4483,148.43,0.07,202.08,167.84,0.7793,0.3896,4.5022,4.9909,25.9198,0.2721
1945,4423,100.36,0.26,158.34,201.95,0.9116,0.4558,3.3232,15.4566,0.0,0.4003
1945,4501,160.15,0.43,204.83,145.55,0.7671,0.3836,5.885,0.6037,56.2416,0.1989
1946,4423,101.07,0.28,159.69,205.53,0.9023,0.4511,3.2238,15.8536,0.0,0.4019
1946,4501,161.85,0.38,208.58,153.33,0.6353,0.3176,5.3234,2.1991,18.7283,0.2061
1947,4423,102.9,0.19,160.79,203.01,0.8813,0.4406,3.2878,15.3035,0.0,0.3892
1947,4501,162.28,0.99,207.87,150.68,0.4717,0.2359,5.5034,1.7263,162.8068,0.0786
1948,4423,103.6,0.16,161.5,203.99,0.8945,0.4472,3.2596,15.3652,0.0,0.3966
1949,4423,104.15,0.14,162.52,207.19,0.8867,0.4434,3.1736,15.7599,0.0,0.398
1949,4501,153.68,1.95,204.56,164.11,0.6069,0.3034,4.6895,4.1363,21.6478,0.2075
1950,4423,104.93,0.05,163.02,208.09,0.8721,0.436,3.1492,15.8267,0.0,0.3928
1950,4501,149.13,1.08,199.66,163.52,0.4465,0.2233,4.7215,4.1731,0.0,0.1569
1951,4423,106.22,0.1,163.7,207.82,0.8555,0.4278,3.1539,15.6759,0.0,0.3852
1951,4501,150.79,0.93,202.5,163.81,0.6704,0.3352,4.7056,4.1287,0.0,0.2363
1951,4524,155.8,0.26,180.51,32.5,0.457,0.2285,10.0,90.0,0.0,0.0
1952,4423,108.29,0.12,165.65,208.32,0.5786,0.2893,3.1369,15.5372,0.0,0.2612
1952,4524,154.68,0.06,179.52,32.6,0.3328,0.1664,10.0,90.0,0.0,0.0
1953,4423,110.44,0.41,168.18,210.13,0.687,0.3435,3.0871,15.5867,0.0,0.3124
1953,4501,153.58,1.63,203.91,157.75,0.2903,0.1452,5.045,2.8398,160.3619,0.0483
1954,4423,113.2,0.24,172.57,213.92,0.8262,0.4131,2.9897,15.8755,36.8666,0.3533
1954,4501,167.46,5.87,213.39,149.42,0.835,0.835,5.5963,2.4172,152.752,0.2781
1955,4423,114.98,0.18,174.15,210.72,0.6289,0.3145,3.063,15.1849,0.0,0.2872
1955,4501,174.88,7.53,219.89,146.53,0.7686,0.7686,5.8202,3.6115,143.9178,0.2557
1956,4423,112.48,0.15,174.11,220.56,0.8618,0.4309,2.8408,16.9634,31.2821,0.3842
1956,4501,177.06,8.46,221.9,145.07,0.708,0.708,5.9387,4.0093,154.0771,0.2354
1957,4423,111.34,0.05,173.8,225.38,0.8525,0.4263,2.7422,17.8389,0.0,0.4057
1957,4501,175.09,8.83,219.72,144.97,0.7178,0.7178,5.9436,3.5836,0.0,0.4781
1958,4423,111.43,0.1,173.97,227.18,0.8477,0.4239,2.7062,18.1341,0.0,0.4052
1958,4501,177.43,8.86,222.54,145.08,0.8516,0.8516,5.9387,4.1127,0.0,0.567
1959,4423,113.66,0.31,176.3,227.98,0.8838,0.4419,2.687,18.1023,0.0,0.4236
1959,4501,178.82,9.24,224.63,145.54,0.8477,0.8477,5.9049,4.4741,0.0,0.5643
1960,4423,115.83,0.11,176.54,219.74,0.8818,0.4409,2.8538,16.5939,148.7672,0.267
1960,4501,180.05,10.1,226.64,145.75,0.8711,0.8711,5.8912,4.8076,0.0,0.5797
1961,4423,117.57,0.03,176.9,213.66,0.8906,0.4453,2.9886,15.4597,149.8044,0.2625
1961,4501,180.26,10.65,228.25,148.11,0.8628,0.8628,5.7115,5.0508,17.8499,0.5602
1962,4423,119.07,0.01,179.71,216.99,0.8604,0.4302,2.9093,15.8734,0.0,0.4013
1962,4501,179.62,10.1,229.08,150.03,0.8555,0.8555,5.5714,5.1498,17.0124,0.5567
1963,4423,119.64,0.09,180.29,216.63,0.8853,0.4426,2.9166,15.7679,0.0,0.4125
1963,4501,179.68,9.85,230.11,151.41,0.8721,0.8721,5.4755,5.3312,0.0,0.5801
1964,4423,120.62,0.21,182.96,221.95,0.877,0.4385,2.7989,16.5848,32.4906,0.3921
1964,4501,179.71,10.2,230.76,152.31,0.8525,0.8525,5.4146,5.4524,0.0,0.567
1965,4423,123.48,0.35,186.0,219.88,0.8916,0.4458,2.8392,16.0304,0.0,0.4199
1965,4501,180.66,9.85,232.01,152.46,0.8516,0.8516,5.4066,5.6751,0.0,0.5663
1966,4423,127.69,0.31,193.38,224.98,0.8828,0.4414,2.7274,16.6583,42.8591,0.3826
1966,4501,181.62,9.44,233.09,152.69,0.8525,0.8525,5.3932,5.8874,0.0,0.5668
1967,4423,129.1,0.94,196.46,227.33,0.835,0.4175,2.6791,16.9985,0.0,0.4015
1967,4501,182.78,8.88,234.1,152.59,0.8086,0.8086,5.4022,6.0924,0.0,0.5375
1968,4423,133.04,1.83,203.87,230.12,0.7964,0.3982,2.6221,17.3367,0.0,0.3857
1968,4501,185.7,8.47,236.36,152.91,0.6387,0.6387,5.3866,6.6159,0.0,0.4244
1969,4423,134.22,0.69,208.71,232.42,0.7949,0.3975,2.5781,17.7,0.0,0.387
1969,4501,188.6,8.13,237.93,152.29,0.7227,0.7227,5.4338,7.0215,0.0,0.48
1970,4423,133.97,0.25,211.65,232.7,0.8027,0.4013,2.5725,17.7298,0.0,0.3911
1970,4501,188.01,8.71,236.58,152.42,0.7949,0.7949,5.4226,6.8373,0.0,0.528
1971,4423,137.45,0.63,217.68,234.77,0.7612,0.3806,2.5342,18.0675,0.0,0.3726
1971,4501,190.39,8.95,238.39,152.28,0.8013,0.8013,5.4374,7.2425,0.0,0.5321
1972,4423,139.9,0.23,222.74,238.37,0.8145,0.4073,2.4714,18.7304,0.0,0.3985
1972,4501,196.27,8.94,243.3,152.41,0.8135,0.8135,5.4437,8.3117,93.7196,0.2683
1972,4483,105.43,0.61,150.47,154.93,0.7739,0.387,5.3186,10.8175,0.0,0.2557
1973,4423,141.89,0.16,225.83,239.5,0.8145,0.4073,2.4526,18.9514,0.0,0.3973
1973,4501,198.43,8.75,244.72,152.73,0.5806,0.5806,5.4275,8.6777,0.0,0.3849
1973,4483,105.46,0.37,149.36,158.02,0.6494,0.3247,5.1277,11.0638,18.7787,0.2087
1974,4423,143.14,0.05,228.76,242.63,0.8735,0.4368,2.4012,19.5443,0.0,0.4226
1974,4501,201.26,8.3,247.02,152.48,0.7598,0.7598,5.4527,9.173,0.0,0.5033
1974,4483,105.07,0.21,147.82,155.91,0.4951,0.2475,5.2617,11.1504,160.9072,0.081
1975,4423,143.83,0.0,231.46,247.08,0.8779,0.439,2.3312,20.3724,0.0,0.4199
1975,4501,202.81,8.4,247.83,152.29,0.7886,0.7886,5.4696,9.3985,0.0,0.5222
1975,4483,103.66,0.14,146.86,157.89,0.5303,0.2651,5.1437,11.4693,21.681,0.1687
1976,4423,144.2,0.0,231.85,245.23,0.8994,0.4497,2.3602,20.0433,0.0,0.4322
1976,4501,204.99,8.63,249.75,152.58,0.8052,0.8052,5.457,9.8124,0.0,0.5329
1976,4483,102.97,0.03,147.16,158.91,0.7793,0.3896,5.0833,11.5578,0.0,0.2571
1977,4423,144.65,0.0,232.4,244.52,0.8931,0.4466,2.3716,19.9221,0.0,0.43
1977,4501,205.93,8.71,250.23,151.95,0.8452,0.8452,5.5027,9.9307,0.0,0.5592
1977,4483,102.47,0.08,147.82,158.18,0.4932,0.2466,5.1266,11.5056,0.0,0.1627
1978,4423,144.88,0.0,234.23,249.46,0.8818,0.4409,2.2955,20.8285,0.0,0.4193
1978,4501,207.59,8.9,251.19,151.71,0.7349,0.7349,5.5241,10.1813,0.0,0.4861
1978,4483,100.33,0.11,146.46,157.43,0.8203,0.4102,5.1791,11.8053,0.0,0.2705
1979,4423,146.19,0.0,235.96,250.92,0.8735,0.4368,2.2743,21.1157,0.0,0.4138
1979,4501,208.57,9.18,251.45,151.99,0.7544,0.7544,5.5071,10.312,0.0,0.4989
1979,4483,98.24,0.02,144.7,155.55,0.9092,0.4546,5.3048,12.0974,156.8456,0.1482
1980,4423,146.95,0.0,238.61,256.93,0.8779,0.439,2.1887,22.2107,0.0,0.4099
1980,4501,209.17,9.4,251.38,151.26,0.644,0.644,5.5588,10.3424,0.0,0.4258
1980,4483,96.21,0.09,143.13,154.86,0.6567,0.3283,5.357,12.4199,0.0,0.2163
1981,4423,148.17,0.0,238.38,254.58,0.8721,0.436,2.2221,21.8078,0.0,0.4095
1981,4501,215.32,9.55,256.87,151.45,0.5508,0.5508,5.5689,11.4916,95.2872,0.1799
1981,4483,94.7,0.21,142.09,154.24,0.6816,0.3408,5.4033,12.6456,0.0,0.2244
1982,4423,150.74,0.0,241.57,257.36,0.8638,0.4319,2.1846,22.3613,0.0,0.4029
1982,4501,217.91,9.69,258.73,150.6,0.561,0.561,5.6388,11.9071,0.0,0.37
1982,4483,93.26,0.25,141.18,153.46,0.8193,0.4097,5.4606,12.849,0.0,0.2697
1983,4423,154.69,0.17,243.91,254.86,0.8779,0.439,2.2219,22.0122,0.0,0.412
1983,4501,221.11,10.02,261.72,150.65,0.4121,0.4121,5.6493,12.513,0.0,0.2715
1983,4483,91.53,0.27,139.79,152.62,0.8394,0.4197,5.5249,13.1277,0.0,0.2761
1984,4423,156.02,0.15,245.76,258.27,0.876,0.438,2.1754,22.6526,0.0,0.4078
1984,4501,223.54,10.23,264.25,151.33,0.6226,0.6226,5.6126,13.0104,0.0,0.4097
1984,4483,90.57,0.28,139.04,151.96,0.8125,0.4062,5.5747,13.2768,0.0,0.2672
1985,4423,160.78,0.24,248.52,253.24,0.8423,0.4212,2.2498,21.9164,0.0,0.397
1985,4501,225.9,8.54,267.33,152.24,0.2422,0.2422,5.5622,13.558,0.0,0.1592
1985,4483,89.92,0.47,138.68,152.47,0.7642,0.3821,5.5418,13.3869,0.0,0.2513
1986,4423,164.05,0.36,250.93,253.28,0.7988,0.3994,2.2521,22.04,0.0,0.3765
1986,4501,229.26,10.12,270.31,152.58,0.4006,0.4006,5.5547,14.1765,0.0,0.263
1986,4483,90.37,0.54,139.15,152.69,0.8101,0.4051,5.5244,13.3036,0.0,0.2664
1987,4423,167.37,0.13,254.05,256.05,0.8262,0.4131,2.2161,22.6558,0.0,0.3868
1987,4501,233.52,11.47,273.69,152.89,0.3123,0.3123,5.5534,14.915,0.0,0.2047
1987,4483,91.06,0.75,139.65,152.6,0.7168,0.3584,5.5278,13.1862,0.0,0.2358
1988,4423,170.0,0.04,256.84,259.47,0.79,0.395,2.172,23.3581,0.0,0.3669
1988,4501,232.85,4.7,274.62,153.19,0.2316,0.1158,5.5336,14.9468,0.0,0.0759
1988,4483,91.79,0.92,140.28,152.95,0.667,0.3335,5.5006,13.0639,0.0,0.2195
1988,4543,93.36,1.28,139.9,81.82,0.4436,0.2218,31.1363,17.6907,0.0,0.1444
1989,4423,173.67,0.01,261.51,267.0,0.7656,0.3828,2.0787,24.8004,44.7681,0.3125
1989,4483,92.6,1.26,140.88,153.37,0.7319,0.3659,5.4689,12.9392,0.0,0.2409
1989,4543,93.91,1.6,140.69,82.6,0.2429,0.1215,29.6992,17.4991,4.1743,0.079
1990,4423,177.84,0.0,265.12,269.45,0.6704,0.3352,2.0536,25.3936,0.0,0.3045
1990,4483,93.76,1.85,141.6,153.35,0.644,0.322,5.4659,12.7568,0.0,0.212
1990,4543,94.97,2.08,141.49,82.7,0.2401,0.1201,29.506,17.3618,25.6896,0.0743
1990,4545,335.26,15.86,359.99,190.97,0.3469,0.1734,4.2895,32.0225,0.0,0.1233
1991,4423,195.31,0.18,262.39,194.09,0.7754,0.3877,3.55,14.1099,154.3886,0.2003
1991,4483,94.96,2.26,142.26,152.51,0.4187,0.2094,5.5187,12.5529,0.0,0.1379
1991,4543,95.77,2.49,141.87,82.44,0.4629,0.2314,29.947,17.318,171.608,0.0737
1991,4545,336.56,16.32,360.0,191.84,0.3933,0.1966,4.2623,32.1506,0.0,0.1404
1992,4423,186.95,0.05,272.91,252.79,0.709,0.3545,2.2931,23.2699,36.6372,0.3118
1992,4483,95.36,2.87,142.21,152.67,0.7529,0.3765,5.507,12.5232,0.0,0.248
1992,4501,235.45,0.8,277.49,153.22,0.3108,0.1554,5.5465,15.4679,0.0,0.1017
1993,4423,187.88,0.19,273.13,255.0,0.6621,0.3311,2.2621,23.6594,0.0,0.3113
1993,4483,96.1,3.28,142.36,151.9,0.6387,0.3194,5.558,12.4163,0.0,0.2104
1993,4545,334.36,16.87,358.92,190.39,0.3523,0.1762,4.3036,31.8588,0.0,0.1249
1994,4423,188.4,0.25,272.41,254.79,0.8228,0.4114,2.2649,23.6192,0.0,0.387
1994,4483,96.49,3.43,142.42,151.89,0.7988,0.3994,5.5577,12.3723,0.0,0.2632
1994,4545,332.98,16.75,357.37,187.39,0.4668,0.2334,4.4077,31.5313,155.4893,0.0847
1995,4423,196.43,0.09,286.58,269.89,0.6548,0.3274,2.0854,26.7194,48.8169,0.2604
1995,4483,97.17,3.19,142.65,150.78,0.6738,0.3369,5.6339,12.2572,0.0,0.222
1995,4545,334.21,16.9,356.05,168.97,0.4055,0.2028,5.2622,30.9638,161.91,0.058
1995,4543,97.49,3.38,143.36,83.24,0.2949,0.1474,28.5603,16.9991,7.3016,0.0958
1996,4423,199.94,0.03,294.92,279.3,0.499,0.2495,1.9864,28.5068,48.5425,0.1942
1996,4483,97.96,3.02,142.39,147.66,0.668,0.334,5.8637,12.1521,163.6755,0.1088
1996,4545,330.07,16.73,353.65,175.85,0.4158,0.4158,4.8817,30.6535,19.7147,0.2563
1996,4543,97.85,3.29,143.1,82.42,0.2966,0.1483,29.9471,17.1031,176.7284,0.0472
1997,4423,202.28,0.01,298.45,278.16,0.8516,0.4258,2.0065,28.5579,0.0,0.3805
1997,4483,98.11,2.84,143.1,150.08,0.7583,0.3791,5.6811,12.1066,16.7596,0.2446
1997,4545,327.62,16.77,351.74,173.73,0.4951,0.4951,4.9664,30.2651,0.0,0.3098
1998,4423,202.44,0.0,300.46,279.15,0.5332,0.2666,1.9977,28.7768,0.0,0.2378
1998,4483,98.92,2.58,143.07,147.27,0.2108,0.1054,5.89,11.9865,163.6098,0.0344
1998,4545,331.76,16.59,356.22,175.02,0.4302,0.2151,4.9399,30.9473,0.0,0.1349
1998,4543,98.65,2.91,143.37,81.49,0.3242,0.1621,31.679,17.1601,176.3572,0.0516
1999,4423,202.12,0.0,302.66,283.25,0.6504,0.3252,1.9537,29.4161,0.0,0.2875
1999,4483,99.58,2.57,144.1,148.84,0.2546,0.1273,5.7667,11.8418,17.9391,0.0819
1999,4545,326.79,16.51,352.14,174.71,0.3157,0.3157,4.9164,30.2606,0.0,0.1996
1999,4543,99.52,2.8,143.6,80.42,0.4551,0.2276,33.9363,17.2367,176.6915,0.0724
1999,4501,229.57,0.05,275.7,154.23,0.4854,0.2427,5.4577,14.7634,42.5471,0.1378
2000,4423,202.08,0.0,303.76,281.59,0.8403,0.4202,1.9736,29.2246,0.0,0.3728
2000,4483,99.85,2.47,143.89,147.2,0.4121,0.2061,5.8914,11.8136,163.8602,0.0672
2000,4545,324.46,16.87,350.4,172.86,0.5796,0.5796,4.9906,29.8997,0.0,0.3614
2000,4543,99.77,2.67,143.91,80.62,0.4397,0.2198,33.4816,17.1735,4.8348,0.143
2001,4423,197.07,0.0,297.32,279.14,0.7441,0.372,1.9877,28.4674,0.0,0.3316
2001,4483,99.92,2.62,144.29,148.65,0.8574,0.4287,5.7797,11.7866,16.4673,0.2769
2001,4545,323.99,17.09,349.47,163.68,0.6436,0.6436,5.4881,29.5749,162.4369,0.1866
2002,4423,202.19,0.0,305.74,283.81,0.687,0.3435,1.9514,29.6074,0.0,0.3034
2002,4483,100.78,3.18,144.06,145.17,0.7964,0.3982,6.0504,11.69,164.1465,0.13
2003,4423,200.42,0.0,306.8,286.78,0.7754,0.3877,1.9183,29.99,0.0,0.3403
2003,4483,101.35,3.49,143.9,142.35,0.8647,0.4324,6.288,11.6519,164.7524,0.1411
2004,4423,197.48,0.0,300.12,279.37,0.8052,0.4026,1.9888,28.6145,0.0,0.3588
2004,4483,101.5,3.6,144.26,142.74,0.8423,0.4212,6.2528,11.5996,0.0,0.2779
2004,4545,321.74,17.55,349.25,170.65,0.5059,0.5059,5.0872,29.544,18.4795,0.3066
2005,4423,203.23,0.0,306.63,279.15,0.8682,0.4341,2.0064,29.0382,0.0,0.3873
2005,4483,101.94,3.73,144.65,142.08,0.6655,0.3327,6.3086,11.5213,0.0,0.2196
2006,4423,206.5,3.89,311.19,284.77,0.7285,0.3643,1.9533,30.0993,0.0,0.3213
2006,4483,102.3,4.05,145.24,142.79,0.7559,0.378,6.2442,11.4235,0.0,0.2495
2007,4423,210.41,1.57,316.38,284.15,0.8604,0.4302,1.9723,30.3665,0.0,0.3803
2007,4483,103.08,3.86,145.92,141.82,0.8779,0.439,6.3259,11.285,0.0,0.2898
2007,4545,322.2,19.01,349.53,165.49,0.3496,0.3496,5.3737,29.4781,162.3955,0.1014
2008,4423,209.85,5.66,312.84,283.47,0.3389,0.1694,1.9743,30.1166,0.0,0.1499
2008,4483,103.82,4.0,146.45,140.78,0.8369,0.4184,6.4165,11.1694,0.0,0.2763
2008,4545,324.08,19.57,350.39,156.51,0.6245,0.6245,5.9569,29.5393,164.0715,0.1811
2008,4501,253.02,9.16,298.69,155.44,0.5342,0.5342,5.5161,19.1275,99.4277,0.1682
2009,4423,214.7,3.07,318.52,286.77,0.6978,0.3489,1.9526,30.9607,0.0,0.3069
2009,4483,104.48,3.81,146.99,139.71,0.8218,0.4109,6.5127,11.0654,0.0,0.2714
2009,4545,323.0,19.66,350.86,159.94,0.4282,0.4282,5.7232,29.5401,16.5742,0.261
2010,4423,218.32,1.13,319.26,279.85,0.2344,0.1172,2.0364,30.2449,0.0,0.1046
2010,4483,105.23,3.78,147.6,138.92,0.5039,0.252,6.5844,10.9446,0.0,0.1664
2010,4545,323.47,19.97,350.18,149.52,0.5137,0.5137,6.481,29.4129,165.1482,0.1492
2010,4501,257.93,9.67,306.62,158.98,0.6133,0.6133,5.3332,20.373,38.1412,0.3524
2011,4423,226.43,6.43,325.1,284.47,0.6895,0.3448,2.005,31.4158,0.0,0.3052
2011,4483,105.51,3.91,148.16,140.19,0.5283,0.2641,6.4629,10.8406,15.2324,0.1714
2011,4545,319.48,19.7,349.49,159.66,0.5947,0.5947,5.7181,29.1553,16.5856,0.3631
2011,4501,259.58,9.6,310.47,158.29,0.22,0.22,5.3952,20.8467,0.0,0.1419
2012,4423,237.12,8.6,331.92,284.31,0.6245,0.3123,2.035,32.1525,0.0,0.2769
2012,4483,107.68,4.6,147.4,130.26,0.2705,0.1353,7.5187,11.0247,167.1682,0.0443
2012,4545,319.78,19.15,350.53,159.87,0.7769,0.7769,5.7108,29.2631,0.0,0.4849
2013,4423,241.9,8.41,334.18,282.99,0.8442,0.8442,2.062,32.3118,0.0,0.7513
2013,4483,109.88,4.34,146.45,117.94,0.5908,0.2954,9.3839,11.7739,169.6804,0.0964
2013,4545,317.87,17.82,350.05,161.1,0.6387,0.6387,5.621,29.0972,0.0,0.3989
2014,4423,247.08,3.98,338.74,283.76,0.8262,0.4131,2.0703,32.8421,0.0,0.3674
2014,4483,111.09,4.48,146.04,111.3,0.6143,0.3071,10.8028,12.3512,171.0038,0.1
2015,4423,253.28,1.39,343.45,282.55,0.7671,0.3836,2.1041,33.2119,0.0,0.3424
2015,4483,111.36,5.11,146.59,111.61,0.4158,0.4158,10.7245,12.2505,0.0,0.274
2015,4543,107.78,5.09,149.81,80.43,0.269,0.269,33.7545,16.3444,109.6548,0.086
2015,4501,250.57,9.47,298.76,155.03,0.6021,0.6021,5.5354,18.9012,125.0738,0.1899
2016,4423,257.06,6.14,342.7,275.77,0.7007,0.7007,2.1915,32.6194,0.0,0.635
2016,4483,109.46,5.04,148.75,124.6,0.7793,0.7793,8.2723,11.0718,11.6219,0.5094
2017,4423,262.17,2.22,348.82,273.98,0.8867,0.4434,2.2361,32.9879,0.0,0.4039
2017,4483,109.48,5.56,149.37,127.58,0.7319,0.7319,7.8525,10.8152,12.234,0.4781
2018,4423,263.37,0.69,350.76,274.36,0.8184,0.4092,2.2376,33.1853,0.0,0.3726
2018,4483,109.7,5.9,150.28,131.43,0.7378,0.7378,7.3653,10.4955,13.0531,0.4814
2019,4423,263.98,0.13,352.64,279.44,0.8594,0.4297,2.1795,33.833,0.0,0.3871
2019,4483,110.38,6.11,150.47,131.67,0.6802,0.6802,7.3349,10.3999,0.0,0.4497
2019,4501,250.18,9.35,298.14,155.74,0.4951,0.4951,5.4851,18.8245,0.0,0.3212
2020,4423,264.53,0.0,352.71,279.7,0.8442,0.4221,2.1776,33.89,0.0,0.3801
2020,4483,111.27,5.95,150.89,132.11,0.625,0.625,7.2804,10.2522,0.0,0.4133
2020,4501,251.23,10.08,298.23,155.64,0.3459,0.3459,5.4954,18.9265,0.0,0.2244
2021,4423,263.15,0.0,352.29,285.26,0.8843,0.4421,2.1084,34.3792,0.0,0.3933
2021,4483,112.62,6.17,151.02,130.38,0.2532,0.2532,7.4828,10.1972,165.8678,0.0831
2021,4501,251.92,10.12,298.3,153.92,0.4863,0.4863,5.6134,18.9603,163.0481,0.1533
2021,4543,112.2,6.41,151.04,79.47,0.4648,0.4648,36.0076,16.1592,171.2577,0.1488
2022,4423,263.49,0.0,351.83,284.49,0.8184,0.4092,2.1171,34.2935,0.0,0.3646
2022,4483,113.39,5.54,153.47,137.71,0.8252,0.8252,6.671,9.5829,14.4904,0.5375
2022,4501,252.13,10.15,298.18,153.09,0.2227,0.2227,5.671,18.9533,0.0,0.1444
2023,4423,265.78,0.13,352.23,280.45,0.668,0.334,2.1701,34.0047,0.0,0.3003
2023,4483,114.65,5.13,154.48,139.04,0.8135,0.8135,6.5376,9.3249,18.1658,0.5252
2023,4501,254.39,9.97,301.34,154.09,0.2095,0.2095,5.6205,19.4665,0.0,0.1357
2024,4423,266.33,0.44,352.52,281.13,0.8486,0.4243,2.1636,34.1152,0.0,0.3809
2024,4483,115.56,5.01,154.41,138.38,0.7363,0.7363,6.5992,9.2566,0.0,0.4877
2025,4423,265.55,0.1,353.0,285.74,0.7671,0.3836,2.109,34.5752,0.0,0.341
2025,4483,116.43,5.19,154.92,139.98,0.8403,0.8403,6.4451,9.0846,15.7325,0.5462
2026,4423,261.97,0.0,350.54,287.46,0.8584,0.4292,2.0778,34.4726,0.0,0.3799
2026,4483,117.54,5.95,154.83,138.63,0.7832,0.7832,6.5704,9.0115,164.3056,0.2578
2027,4423,262.79,0.0,351.34,287.36,0.8413,0.4207,2.082,34.537,0.0,0.3725
2027,4483,117.92,5.63,154.6,137.84,0.8545,0.8545,6.6468,9.0173,0.0,0.5661
2028,4423,264.07,0.0,352.07,286.73,0.8818,0.4409,2.093,34.5648,0.0,0.391
2028,4483,118.86,5.46,154.52,136.5,0.6733,0.6733,6.7791,8.9737,165.0534,0.2217
2029,4423,264.21,0.0,351.85,286.65,0.8862,0.4431,2.0938,34.5527,0.0,0.393
2029,4483,118.75,5.21,153.51,134.35,0.8252,0.8252,7.0071,9.1673,166.0722,0.2716
2030,4423,264.6,0.0,351.72,286.41,0.8989,0.4495,2.097,34.54,0.0,0.3989
2030,4483,120.07,5.21,154.15,134.6,0.7129,0.7129,6.9762,8.9644,0.0,0.4724
2031,4423,264.47,0.0,351.03,286.86,0.8936,0.4468,2.0903,34.5485,0.0,0.3961
2031,4483,119.98,5.25,152.9,131.72,0.8638,0.8638,7.3019,9.2353,166.6788,0.2842
2032,4423,264.86,0.04,350.35,285.44,0.8745,0.4373,2.1059,34.3871,0.0,0.3888
2032,4483,120.3,5.55,152.5,130.91,0.835,0.835,7.398,9.2884,0.0,0.553
2033,4423,266.44,0.08,350.84,284.79,0.8882,0.4441,2.1175,34.4172,0.0,0.3955
2033,4483,121.91,5.15,153.55,130.24,0.7974,0.7974,7.4736,9.0738,0.0,0.5283
2034,4423,267.68,0.19,350.22,280.91,0.8945,0.4472,2.1644,34.0466,0.0,0.4017
2034,4483,122.94,5.46,155.07,134.3,0.8525,0.8525,7.0011,8.6063,14.108,0.5566
2035,4423,267.99,0.24,349.44,278.97,0.9028,0.4514,2.1869,33.8242,0.0,0.4071
2035,4483,123.24,5.3,155.23,135.54,0.7847,0.7847,6.8683,8.507,14.0361,0.5124
2036,4423,270.74,12.4,346.09,268.55,0.6602,0.6602,2.3193,32.7291,143.3606,0.3893
2036,4483,123.75,5.15,155.32,135.18,0.6235,0.6235,6.905,8.463,0.0,0.4134
2037,4423,270.52,16.66,345.62,271.54,0.7686,0.7686,2.2781,32.9978,0.0,0.7045
2037,4483,124.41,5.97,155.21,133.41,0.4148,0.4148,7.0957,8.4925,166.2827,0.1368
2037,4543,123.23,6.51,156.31,71.72,0.384,0.384,79.4833,16.5515,0.0,0.2507
2038,4423,270.36,17.55,344.85,268.84,0.6724,0.6724,2.312,32.6741,0.0,0.6201
2038,4483,125.69,6.28,157.19,135.82,0.6235,0.6235,6.8312,8.0604,16.3036,0.4053
2038,4543,123.69,6.6,156.76,73.94,0.2407,0.2407,59.0031,16.1424,1.6742,0.1573
2039,4423,268.27,6.45,345.34,265.8,0.8467,0.8467,2.3501,32.2799,0.0,0.7862
2039,4483,126.15,5.89,158.28,136.75,0.7227,0.7227,6.7334,7.8699,0.0,0.4795
2040,4423,267.72,2.28,344.55,258.87,0.9072,0.4536,2.4465,31.5048,0.0,0.4281
2040,4483,125.99,5.55,158.8,138.39,0.4854,0.4854,6.5711,7.7783,14.5397,0.3169
2040,4543,124.18,5.83,156.43,72.36,0.3408,0.3408,72.25,16.3964,178.6466,0.109
2041,4423,268.0,0.78,344.87,254.14,0.9092,0.4546,2.5197,31.0655,0.0,0.4317
2041,4483,126.03,5.0,159.03,137.57,0.3989,0.3989,6.6506,7.7776,0.0,0.2647
2041,4543,124.32,5.16,156.4,72.23,0.3721,0.3721,73.6059,16.4129,178.5371,0.119
2042,4423,265.77,0.15,344.22,257.73,0.9092,0.4546,2.4586,31.2633,0.0,0.4301
2042,4483,126.82,4.56,160.34,137.06,0.7026,0.3513,6.6977,7.5871,0.0,0.2332
2043,4423,265.76,0.0,343.9,254.56,0.9023,0.4511,2.5062,30.9251,0.0,0.4294
2043,4483,126.58,4.49,158.19,129.16,0.3032,0.1516,7.5892,8.2658,167.2973,0.05
2043,4543,124.71,4.77,157.16,73.84,0.3416,0.1708,59.677,16.0929,1.7165,0.1116
2044,4423,265.2,0.07,342.95,252.22,0.9106,0.4553,2.5396,30.6041,0.0,0.4318
2044,4483,129.01,5.04,162.56,134.42,0.7114,0.7114,6.9643,7.2745,15.8657,0.4633
2044,4543,120.59,5.56,163.73,102.93,0.3904,0.3904,13.2079,11.3447,7.3343,0.2567
2045,4423,264.25,0.05,341.74,251.71,0.8794,0.4397,2.543,30.4286,0.0,0.417
2045,4483,130.21,5.28,164.64,135.69,0.7217,0.7217,6.8251,6.8868,21.3131,0.4629
2046,4423,263.58,0.0,340.98,252.71,0.8677,0.4339,2.524,30.4478,0.0,0.4125
2046,4483,130.5,6.16,165.22,135.95,0.6001,0.6001,6.7969,6.7883,0.0,0.3987
2046,4543,120.92,6.88,166.45,115.38,0.4272,0.4272,9.801,9.4316,9.8759,0.2808
2047,4423,263.61,0.23,340.34,251.56,0.8657,0.4329,2.5409,30.296,0.0,0.4108
2047,4483,128.61,6.63,162.54,134.83,0.4873,0.4873,6.9211,7.2936,152.4256,0.1611
2048,4423,263.81,0.06,340.12,250.81,0.8755,0.4377,2.5529,30.2188,0.0,0.4148
2048,4483,130.11,6.15,164.85,135.84,0.7832,0.7832,6.8094,6.8685,26.6752,0.4925
2049,4423,264.16,0.29,340.36,250.96,0.791,0.3955,2.5518,30.2681,0.0,0.3748
2049,4483,130.01,5.6,164.86,135.52,0.5957,0.5957,6.8427,6.8934,0.0,0.3957
2049,4543,124.23,6.73,169.26,121.62,0.4629,0.4629,8.6509,8.1948,12.1632,0.3036
2050,4423,261.86,0.48,338.89,250.13,0.458,0.229,2.557,29.9656,0.0,0.2171
2050,4483,130.2,4.74,164.77,135.31,0.7822,0.3911,6.8645,6.8945,0.0,0.2598
2051,4423,263.71,0.1,340.12,249.68,0.7075,0.3538,2.571,30.0988,0.0,0.3345
2051,4483,131.99,4.18,165.95,134.62,0.6768,0.3384,6.9331,6.6429,0.0,0.2248
2052,4423,259.86,0.33,333.96,248.9,0.5659,0.2829,2.5622,29.4365,0.0,0.2684
2052,4483,135.24,4.25,169.12,136.12,0.791,0.3955,6.7676,5.9306,29.2811,0.2461
2052,4559,311.2,5.93,345.57,187.88,0.4736,0.4736,4.2622,29.0705,0.0,0.3424
2053,4423,264.09,0.06,339.81,249.96,0.5352,0.2676,2.5666,30.1311,0.0,0.2532
2053,4483,136.41,3.73,170.18,136.22,0.6646,0.3323,6.7546,5.7067,0.0,0.221
2053,4559,312.55,4.37,348.37,194.15,0.459,0.2295,4.049,29.674,24.8369,0.165
2053,4561,251.97,20.81,275.66,49.91,0.6704,0.6704,10.0,90.0,0.0,0.0
2054,4423,258.36,0.8,331.87,248.53,0.7739,0.387,2.5607,29.1892,0.0,0.3674
2054,4483,138.54,4.04,171.99,136.53,0.8076,0.4038,6.7185,5.3035,0.0,0.2686
2054,4559,311.6,3.86,347.64,193.92,0.5244,0.2622,4.0511,29.5387,0.0,0.1966
2055,4423,253.54,1.36,326.67,250.54,0.8013,0.4007,2.5078,28.8301,0.0,0.3837
2055,4483,139.86,3.15,173.2,136.5,0.7847,0.3923,6.7187,5.0587,0.0,0.2611
2055,4559,309.49,2.28,347.37,199.93,0.6636,0.3318,3.8439,29.6771,23.8689,0.2484
2055,4561,245.88,21.2,268.22,48.77,0.4707,0.4707,10.0,90.0,0.0,0.0
2056,4423,254.48,0.46,326.16,249.46,0.7808,0.3904,2.526,28.7362,0.0,0.373
2056,4483,140.73,3.83,173.54,136.72,0.8384,0.4192,6.6953,4.9273,0.0,0.279
2056,4559,311.42,2.19,349.82,201.34,0.6196,0.3098,3.8143,30.0714,0.0,0.2416
2057,4423,257.92,0.4,321.2,219.58,0.3132,0.1566,3.0963,25.5564,150.9987,0.0868
2057,4483,141.53,4.01,173.71,136.52,0.6768,0.3384,6.7144,4.8457,0.0,0.2252
2057,4559,311.74,1.32,349.92,197.18,0.272,0.136,3.949,29.8807,156.6109,0.0584
2057,4561,240.98,21.5,264.27,50.07,0.4456,0.4456,10.0,90.0,0.0,0.0
2058,4423,257.76,0.48,317.35,207.29,0.6841,0.3421,3.3924,24.1489,152.5523,0.1774
2058,4483,141.92,3.89,173.62,136.9,0.7559,0.378,6.6759,4.7924,0.0,0.2515
2058,4559,310.48,1.44,349.73,199.9,0.6362,0.3181,3.856,29.9186,0.0,0.2465
2058,4561,239.78,21.08,262.94,49.16,0.2524,0.2524,10.0,90.0,0.0,0.0
2059,4423,254.11,0.32,313.47,205.77,0.647,0.3235,3.4156,23.4572,0.0,0.2751
2059,4483,143.72,3.62,175.2,136.3,0.4639,0.2319,6.733,4.5061,0.0,0.1544
2059,4559,309.09,1.41,348.29,194.54,0.6021,0.301,4.0233,29.4321,155.5704,0.1266
2059,4561,235.7,20.03,259.71,48.92,0.5254,0.5254,10.0,90.0,0.0,0.0
2060,4423,249.07,0.07,315.4,232.93,0.7822,0.3911,2.7841,25.9573,31.4468,0.344
2060,4483,144.5,3.61,176.0,136.48,0.8359,0.4179,6.7134,4.3418,0.0,0.2782
2060,4559,305.69,1.53,347.15,199.73,0.7305,0.3653,3.8369,29.3731,24.4359,0.2736
2061,4423,248.31,0.26,316.84,242.67,0.8145,0.4073,2.6082,27.0824,33.3816,0.3641
2061,4483,146.07,3.94,177.38,136.41,0.8237,0.4118,6.7179,4.0665,0.0,0.2742
2061,4559,305.45,1.31,348.39,201.4,0.709,0.3545,3.788,29.5397,0.0,0.2783
2061,4570,214.16,15.69,265.09,152.77,0.5806,0.5806,5.493,12.217,0.0,0.3827
2062,4423,247.5,0.61,314.63,240.51,0.8271,0.4135,2.6399,26.6591,0.0,0.3912
2062,4483,146.78,4.29,178.07,136.06,0.6782,0.3391,6.7523,3.9634,0.0,0.2258
2062,4559,304.73,1.15,348.77,201.05,0.8062,0.4031,3.7977,29.4952,0.0,0.3159
2062,4570,207.58,15.11,259.12,153.16,0.7349,0.7349,5.4403,11.0051,68.558,0.33
2063,4423,247.44,0.29,310.68,226.92,0.6689,0.3345,2.8909,24.8968,148.7362,0.1952
2063,4483,148.83,4.29,180.58,136.11,0.3293,0.1646,6.7437,3.5381,0.0,0.1097
2063,4559,304.52,1.2,349.63,201.05,0.7393,0.3696,3.7999,29.5424,0.0,0.2896
2063,4570,201.27,14.68,251.62,148.29,0.7974,0.7974,5.76,9.5128,151.4106,0.2621
2064,4423,246.46,0.08,309.51,228.01,0.8193,0.4097,2.8642,24.8772,0.0,0.3771
2064,4483,149.69,4.48,180.61,133.99,0.2659,0.133,6.9659,3.6813,165.9551,0.0442
2064,4559,304.49,0.95,350.68,201.57,0.8159,0.4079,3.7871,29.6458,0.0,0.3201
2064,4570,199.17,15.52,251.11,152.31,0.4282,0.4282,5.4676,9.3637,17.8533,0.2767
2064,4572,150.43,4.47,177.4,79.79,0.3184,0.1592,34.7634,13.3772,0.0,0.1047
2065,4423,245.91,0.37,308.98,230.29,0.7871,0.3936,2.8163,25.0617,0.0,0.3646
2065,4483,152.5,4.27,184.96,135.2,0.5981,0.299,6.8327,2.9407,37.02,0.1791
2065,4559,304.91,0.5,352.13,201.92,0.811,0.4055,3.7825,29.8007,0.0,0.3183
2065,4570,196.11,15.92,249.58,155.24,0.8286,0.8286,5.2668,9.042,21.5405,0.5297
2066,4423,245.85,0.11,308.36,230.42,0.8359,0.4179,2.8124,25.0333,0.0,0.3875
2066,4483,153.56,4.42,187.05,135.6,0.668,0.334,6.7896,2.6387,0.0,0.2225
2066,4559,305.49,0.71,353.39,202.29,0.8237,0.4118,3.7772,29.9542,0.0,0.3234
2066,4570,192.57,16.92,247.33,157.33,0.8564,0.8564,5.1278,8.6039,27.9535,0.5344
2067,4423,246.46,0.2,307.04,225.64,0.8496,0.4248,2.9081,24.4563,0.0,0.389
2067,4483,154.51,4.62,189.42,136.27,0.8218,0.4109,6.7197,2.2939,0.0,0.2738
2067,4559,304.53,0.8,353.93,206.59,0.7871,0.3936,3.6483,30.1729,25.0911,0.3031
2067,4570,192.49,16.89,247.76,157.38,0.7925,0.7925,5.1253,8.6405,0.0,0.5253
2068,4423,246.02,0.05,304.5,219.16,0.8159,0.4079,3.0432,23.5541,149.4719,0.2311
2068,4483,154.63,4.5,190.82,136.43,0.8037,0.4018,6.7029,2.1602,0.0,0.2678
2068,4559,304.93,1.03,355.58,208.82,0.8506,0.4253,3.5917,30.4515,0.0,0.3438
2068,4570,190.15,16.4,245.91,157.15,0.8433,0.8433,5.1334,8.2261,0.0,0.5593
2069,4423,245.03,0.09,303.91,223.0,0.8545,0.4273,2.955,23.8661,0.0,0.3892
2069,4483,154.33,4.74,191.59,136.63,0.8125,0.4062,6.6826,2.097,0.0,0.2707
2069,4559,304.3,1.22,356.24,211.2,0.8413,0.4207,3.5265,30.5998,0.0,0.3435
2069,4570,187.62,15.53,243.33,157.23,0.8237,0.8237,5.1218,7.7461,0.0,0.5466
2070,4423,243.54,0.11,301.72,222.01,0.8618,0.4309,2.9692,23.513,0.0,0.392
2070,4483,153.08,4.64,191.43,136.84,0.8496,0.4248,6.6621,2.1701,0.0,0.2831
2070,4559,302.57,1.3,356.13,215.56,0.8394,0.4197,3.4067,30.7517,26.5384,0.3346
2070,4570,184.29,14.38,239.5,157.04,0.8477,0.8477,5.1247,7.057,0.0,0.563
2071,4423,242.68,0.12,299.6,218.13,0.8506,0.4253,3.05,22.8831,0.0,0.383
2071,4483,151.67,5.02,190.55,136.91,0.8296,0.8296,6.656,2.3394,0.0,0.5528
2071,4559,301.53,2.43,355.37,216.26,0.8584,0.4292,3.3836,30.6747,0.0,0.3586
2071,4570,181.0,12.89,235.25,157.13,0.8584,0.8584,5.111,6.3629,0.0,0.5705
2072,4423,238.91,0.31,296.15,217.73,0.8882,0.4441,3.045,22.3506,0.0,0.4007
2072,4483,152.87,5.26,192.32,136.89,0.8628,0.8628,6.6569,2.1122,0.0,0.575
2072,4559,301.47,2.96,355.83,218.3,0.8818,0.4409,3.3341,30.8391,0.0,0.3711
2072,4570,177.4,11.97,230.27,156.96,0.7065,0.7065,5.1133,5.5671,0.0,0.4699
2073,4423,238.54,0.2,295.07,214.26,0.8701,0.435,3.1236,21.8614,0.0,0.3884
2073,4483,152.37,4.69,192.21,136.69,0.8506,0.4253,6.6771,2.1859,0.0,0.2834
2073,4559,301.38,3.9,357.18,224.0,0.8477,0.4239,3.2033,31.3193,28.6966,0.3462
2073,4570,174.84,12.19,226.82,159.11,0.7847,0.7847,4.9804,5.282,29.5604,0.49
2074,4423,234.87,0.34,291.93,212.91,0.8442,0.4221,3.1431,21.2399,0.0,0.3763
2074,4483,152.5,4.24,192.52,136.2,0.7656,0.3828,6.7264,2.2249,0.0,0.2551
2074,4559,301.38,4.9,357.66,225.92,0.8516,0.4258,3.1614,31.4882,0.0,0.3673
2074,4570,170.46,12.57,221.74,160.65,0.771,0.771,4.8861,4.7566,46.6642,0.4442
2075,4423,233.5,0.58,291.26,213.77,0.8975,0.4487,3.1185,21.1986,0.0,0.4016
2075,4559,299.52,5.18,356.39,227.87,0.8818,0.4409,3.1098,31.4256,0.0,0.3835
2075,4570,163.92,6.62,216.96,161.77,0.7847,0.7847,4.8186,4.2347,59.6326,0.4121
2076,4423,228.54,0.3,287.73,213.39,0.8965,0.4482,3.1121,20.5776,0.0,0.4021
2076,4559,299.68,4.82,356.87,229.18,0.8145,0.4073,3.0834,31.5644,0.0,0.3555
2076,4570,160.08,11.85,211.4,161.81,0.8442,0.8442,4.8137,3.846,0.0,0.5831
2076,4483,154.31,3.72,194.2,135.86,0.4387,0.2193,6.76,2.05,0.0,0.1462
2077,4423,226.62,0.28,286.77,213.39,0.8789,0.4395,3.107,20.3839,0.0,0.3947
2077,4559,300.42,4.49,357.86,229.8,0.8721,0.436,3.0751,31.7223,0.0,0.3809
2077,4570,154.94,13.24,206.51,161.97,0.8789,0.8789,4.8039,3.6969,0.0,0.6083
2078,4423,222.6,0.19,284.46,213.98,0.8906,0.4453,3.082,20.0361,0.0,0.4018
2078,4559,301.24,3.9,358.8,230.42,0.8076,0.4038,3.0669,31.8817,0.0,0.353
2078,4570,150.27,14.69,202.67,162.01,0.8936,0.8936,4.8021,3.7723,0.0,0.6187
2079,4423,217.67,0.15,281.37,213.49,0.8965,0.4482,3.0805,19.4502,0.0,0.405
2079,4559,301.82,3.95,359.27,230.4,0.8604,0.4302,3.0703,31.9477,0.0,0.3758
2079,4570,148.2,14.96,202.06,163.21,0.876,0.876,4.7378,4.0725,0.0,0.6139
2080,4423,217.88,0.04,282.58,213.8,0.8867,0.4434,3.0754,19.5822,0.0,0.4008
2080,4559,302.25,4.33,359.59,230.52,0.896,0.448,3.0699,32.0048,0.0,0.3913
2080,4570,147.1,15.34,203.29,167.17,0.8608,0.8608,4.5349,4.8592,20.5506,0.608
2081,4423,215.77,0.1,281.67,214.41,0.877,0.4385,3.0561,19.4671,0.0,0.3976
2081,4559,302.29,4.29,359.82,231.24,0.8979,0.449,3.0555,32.0752,0.0,0.3929
2081,4570,144.97,14.92,202.87,169.09,0.8618,0.8618,4.4426,5.299,0.0,0.6374
2082,4423,215.72,0.21,282.02,212.7,0.8647,0.4324,3.0974,19.2636,0.0,0.3898
2082,4559,302.38,4.18,359.83,230.73,0.8726,0.4363,3.0665,32.044,0.0,0.3812
2082,4570,143.73,15.13,202.69,170.9,0.835,0.835,4.3586,5.6921,0.0,0.6267
2082,4483,175.62,2.26,212.74,121.66,0.5908,0.2954,8.5929,5.4304,161.4303,0.098
2083,4423,212.89,0.07,280.07,212.83,0.8286,0.4143,3.0868,18.9726,0.0,0.3744
2083,4559,302.56,4.22,360.0,230.86,0.8921,0.4461,3.0647,32.076,0.0,0.3898
2083,4570,146.56,13.82,200.63,157.02,0.5498,0.5498,5.0904,2.9841,161.5226,0.183
2083,4483,176.27,2.87,217.11,132.82,0.7529,0.3765,7.0977,4.128,13.8442,0.247
2084,4423,210.85,0.11,278.59,213.08,0.9004,0.4502,3.0754,18.7824,0.0,0.4077
2084,4559,302.55,3.59,360.0,230.95,0.895,0.4475,3.0628,32.082,0.0,0.3911
2084,4570,138.9,12.63,196.56,166.77,0.8228,0.8228,4.5589,5.309,23.7071,0.5726
2084,4483,178.65,3.17,217.16,121.37,0.7607,0.3804,8.6466,5.9188,168.8348,0.1261
2085,4423,209.27,0.22,277.1,211.61,0.8901,0.4451,3.1064,18.39,0.0,0.4015
2085,4559,302.43,3.44,359.98,230.49,0.9014,0.4507,3.0721,32.0392,0.0,0.3934
2085,4570,136.87,12.22,195.0,169.5,0.7139,0.7139,4.4285,5.9728,24.9302,0.5069
2085,4483,177.31,1.66,220.85,134.68,0.7949,0.3975,6.8987,4.3626,13.9199,0.2607
2086,4423,206.3,0.45,275.52,213.04,0.8979,0.449,3.0652,18.3027,0.0,0.4075
2086,4559,302.65,3.39,359.98,229.73,0.8965,0.4482,3.0888,31.9977,0.0,0.3904
2086,4570,134.28,11.33,191.34,169.71,0.8516,0.8516,4.4218,6.3402,0.0,0.6317
2086,4483,177.7,2.14,222.96,139.5,0.8076,0.4038,6.4218,4.2781,15.3736,0.264
2087,4423,204.43,0.53,273.02,209.12,0.8813,0.4406,3.1552,17.4862,0.0,0.3954
2087,4559,302.6,2.81,360.0,229.87,0.8638,0.4319,3.0857,32.006,0.0,0.3763
2087,4570,129.9,11.37,185.84,171.32,0.7988,0.7988,4.3536,7.1991,54.3007,0.4884
2087,4483,177.82,2.66,223.3,140.38,0.8286,0.4143,6.3413,4.2892,0.0,0.2758
2088,4423,203.17,0.47,271.65,207.37,0.8916,0.4458,3.1962,17.0771,0.0,0.3979
2088,4559,302.1,2.78,360.0,235.1,0.8638,0.4319,2.9768,32.3636,29.8712,0.363
2088,4570,126.83,10.93,180.92,170.8,0.8486,0.8486,4.3835,7.6581,0.0,0.633
2088,4483,176.15,3.47,221.66,143.56,0.7974,0.3987,6.0615,3.8866,17.378,0.2594
2089,4423,203.34,0.44,273.26,209.75,0.8647,0.4324,3.1382,17.5211,0.0,0.3889
2089,4559,305.16,2.22,360.0,233.92,0.7739,0.387,3.0089,32.4678,0.0,0.3405
2089,4570,122.23,9.85,175.22,170.1,0.7778,0.7778,4.4255,8.326,0.0,0.5754
2089,4483,177.17,3.28,221.85,142.18,0.7642,0.3821,6.1799,4.0268,163.4196,0.1271
2090,4423,202.75,0.16,272.02,206.47,0.8828,0.4414,3.2195,16.9488,0.0,0.3927
2090,4559,302.74,2.01,360.0,237.95,0.8169,0.4084,2.9226,32.6214,0.0,0.364
2090,4570,120.13,9.63,171.87,169.81,0.8608,0.8608,4.4448,8.7189,0.0,0.6343
2090,4483,177.19,3.69,221.26,143.9,0.7793,0.3896,6.0338,3.9511,15.8921,0.2545
2091,4423,202.21,0.33,272.0,208.15,0.8735,0.4368,3.1753,17.1479,0.0,0.391
2091,4559,302.69,1.93,360.0,235.13,0.8755,0.4377,2.9778,32.403,0.0,0.3871
2091,4570,115.74,9.47,166.71,169.86,0.8726,0.8726,4.4536,9.5057,0.0,0.6413
2091,4483,177.52,4.19,219.34,141.3,0.6792,0.3396,6.2552,3.8285,164.0494,0.1129
2092,4423,201.59,0.2,271.75,208.8,0.8804,0.4402,3.1576,17.1854,0.0,0.3951
2092,4559,302.12,2.0,359.62,234.26,0.7642,0.3821,2.9926,32.2774,0.0,0.3373
2092,4570,111.24,9.7,162.29,170.78,0.811,0.811,4.4222,10.3544,0.0,0.5987
2092,4483,178.72,4.52,218.93,140.06,0.7041,0.352,6.3675,3.9527,164.4365,0.1171
2093,4423,200.38,0.07,270.68,208.6,0.7725,0.3862,3.1596,17.0166,0.0,0.3466
2093,4559,302.33,2.31,359.61,233.54,0.7163,0.3582,3.0077,32.2358,0.0,0.3155
2093,4570,104.13,10.35,156.37,171.3,0.8882,0.8882,4.4173,11.5234,88.1981,0.3684
2093,4483,180.38,4.55,219.54,139.01,0.6479,0.324,6.467,4.2274,159.2567,0.1077
2094,4423,198.79,0.2,268.52,207.23,0.8477,0.4239,3.1897,16.5903,0.0,0.379
2094,4559,300.32,2.53,360.0,255.08,0.6416,0.3208,2.6161,33.8631,33.2053,0.2802
2094,4570,101.32,10.8,154.5,171.1,0.8779,0.8779,4.434,11.9121,0.0,0.6452
2094,4483,180.96,4.18,219.56,138.7,0.627,0.3135,6.4968,4.3026,0.0,0.2087
2095,4423,196.57,0.34,264.96,202.44,0.8477,0.4239,3.3099,15.5417,147.9301,0.2316
2095,4559,304.38,2.16,360.0,266.12,0.7227,0.3614,2.4597,35.0317,36.2117,0.3143
2095,4570,96.76,11.81,151.64,171.56,0.9023,0.9023,4.4253,12.6034,0.0,0.6634
2095,4483,181.42,4.27,219.45,138.89,0.304,0.152,6.4791,4.3277,0.0,0.1012
2096,4423,193.92,2.84,260.83,201.13,0.8564,0.4282,3.338,14.9299,0.0,0.3755
2096,4559,302.01,0.75,360.0,265.21,0.5757,0.2878,2.4671,34.825,0.0,0.2694
2096,4570,92.61,12.93,150.11,174.23,0.9136,0.9136,4.3153,13.3342,31.7383,0.6387
2097,4423,191.49,1.41,257.48,198.52,0.7778,0.3889,3.4058,14.1872,0.0,0.338
2097,4559,301.84,0.92,360.0,259.2,0.4233,0.2117,2.5556,34.2984,0.0,0.1978
2097,4570,89.43,13.82,149.37,175.95,0.9082,0.9082,4.2479,13.8269,0.0,0.6878
2098,4423,189.16,1.81,253.67,196.09,0.8486,0.4243,3.4709,13.446,0.0,0.3655
2098,4559,307.5,0.63,360.0,254.6,0.5479,0.274,2.6418,34.233,0.0,0.2529
2098,4570,87.72,13.87,150.03,177.23,0.9043,0.9043,4.1959,14.0338,0.0,0.6908
2099,4423,188.31,0.74,252.01,194.86,0.8813,0.4406,3.5056,13.1061,0.0,0.3777
2099,4559,309.23,0.16,360.0,264.75,0.6851,0.3426,2.4911,35.1765,35.1003,0.3005
2099,4570,85.81,13.7,150.5,178.98,0.8604,0.8604,4.1267,14.3199,0.0,0.6649
2100,4423,188.23,6.89,249.8,196.23,0.7939,0.7939,3.4616,13.182,0.0,0.6851
2100,4559,308.52,0.35,360.0,270.84,0.686,0.343,2.4037,35.6593,0.0,0.3172
2100,4570,83.24,13.16,149.14,179.33,0.8882,0.8882,4.1198,14.6837,0.0,0.6867
2101,4423,188.49,15.63,246.96,196.43,0.7568,0.7568,3.453,13.0646,0.0,0.6541
2101,4559,309.17,0.06,360.0,270.94,0.6309,0.3155,2.4039,35.702,0.0,0.2916
2101,4570,81.15,11.94,148.38,179.71,0.8394,0.8394,4.1099,14.9591,0.0,0.6497
2102,4423,186.01,5.63,247.34,198.37,0.8828,0.8828,3.3937,13.2581,0.0,0.7698
2102,4559,310.01,0.33,360.0,268.28,0.75,0.375,2.4427,35.5183,0.0,0.3489
2102,4570,78.19,10.92,145.47,179.36,0.8506,0.8506,4.1353,15.4241,0.0,0.6549
2103,4423,184.63,2.03,245.97,197.77,0.8701,0.435,3.4087,13.0119,0.0,0.3786
2103,4559,311.4,0.44,360.0,255.97,0.7319,0.3659,2.6298,34.567,146.9694,0.2161
2103,4570,75.58,10.62,142.17,179.66,0.8994,0.8994,4.1352,15.9524,0.0,0.6918
2104,4423,183.72,0.62,244.66,197.46,0.8804,0.4402,3.4158,12.843,0.0,0.3828
2104,4559,312.17,0.39,360.0,250.02,0.7778,0.3889,2.7295,34.1329,0.0,0.3547
2104,4570,74.11,9.87,139.92,179.47,0.8701,0.8701,4.1506,16.2533,0.0,0.667
2105,4423,182.97,0.09,243.78,198.76,0.8813,0.4406,3.3764,12.9742,0.0,0.3854
2105,4559,310.59,0.38,360.0,252.99,0.8442,0.4221,2.6759,34.279,0.0,0.3878
2105,4570,71.04,9.13,135.68,179.83,0.8477,0.8477,4.1518,16.9065,0.0,0.6488
2106,4423,183.06,0.37,242.8,197.05,0.8877,0.4439,3.4256,12.6435,0.0,0.3855
2106,4559,309.94,0.47,360.0,255.57,0.8062,0.4031,2.6325,34.4515,0.0,0.3724
2106,4570,67.4,8.58,130.63,180.87,0.8618,0.8618,4.1297,17.7284,0.0,0.6609
2107,4423,182.24,0.02,241.92,197.52,0.8779,0.439,3.4103,12.6354,0.0,0.3821
2107,4559,308.02,2.08,360.0,260.89,0.8184,0.4092,2.5452,34.7848,0.0,0.3824
2107,4570,63.1,8.66,125.29,183.55,0.811,0.811,4.0479,18.7492,46.8773,0.5437
2108,4423,181.67,0.0,240.47,196.42,0.8555,0.4278,3.4413,12.3485,0.0,0.3708
2108,4559,307.86,1.03,360.0,267.13,0.7739,0.387,2.4537,35.3053,0.0,0.3608
2108,4570,59.55,8.88,121.01,186.48,0.7925,0.7925,3.9575,19.6282,39.8431,0.5618
2109,4423,180.96,0.0,239.58,196.95,0.8076,0.4038,3.4242,12.3595,0.0,0.3509
2109,4559,304.44,0.36,358.1,265.53,0.7529,0.3765,2.4637,34.8814,0.0,0.3521
2109,4570,57.92,9.16,118.96,190.51,0.8384,0.8384,3.8243,20.2516,27.0636,0.6425
2110,4423,180.07,0.19,238.29,197.53,0.7861,0.3931,3.4054,12.3546,0.0,0.3426
2110,4559,300.2,0.09,355.09,264.65,0.8877,0.4439,2.4591,34.4118,0.0,0.4155
2110,4570,56.29,9.36,116.68,192.56,0.8594,0.8594,3.7647,20.7349,0.0,0.6959
2111,4423,179.14,0.0,237.01,197.76,0.7456,0.3728,3.397,12.2922,0.0,0.3254
2111,4559,296.69,0.0,352.54,260.28,0.8794,0.4397,2.5089,33.6904,0.0,0.4146
2111,4570,53.06,9.63,112.83,194.04,0.8818,0.8818,3.7333,21.4202,0.0,0.7165
2112,4423,177.36,0.12,233.59,194.33,0.7334,0.3667,3.4962,11.4565,147.8143,0.1933
2112,4559,292.68,0.0,351.34,264.27,0.8535,0.4268,2.4384,33.7659,0.0,0.3992
2112,4570,50.53,9.56,109.84,194.18,0.8618,0.8618,3.7424,21.8689,0.0,0.6984
2112,4586,223.47,1.72,247.68,31.98,0.3469,0.1734,10.0,90.0,0.0,0.0
2113,4423,177.98,0.0,233.72,192.66,0.686,0.343,3.5489,11.1973,0.0,0.2929
2113,4559,288.53,0.0,349.91,266.57,0.8711,0.4355,2.3932,33.6793,0.0,0.405
2113,4570,48.22,10.64,107.3,194.74,0.8535,0.8535,3.7365,22.2966,0.0,0.6915
2113,4586,224.55,1.97,248.08,31.33,0.3442,0.1721,10.0,90.0,0.0,0.0
2114,4423,175.54,0.22,229.43,187.02,0.5049,0.2525,3.7308,9.8926,151.591,0.1256
2114,4559,285.03,0.0,348.8,266.4,0.8574,0.4287,2.3853,33.4166,0.0,0.3985
2114,4570,46.56,10.87,106.24,197.85,0.8564,0.8564,3.6452,22.757,0.0,0.7034
2114,4586,226.43,2.48,249.58,31.31,0.3259,0.163,10.0,90.0,0.0,0.0
2115,4423,175.6,0.13,228.28,183.23,0.7832,0.3916,3.8654,9.1732,155.9616,0.1881
2115,4559,287.57,0.15,352.38,266.48,0.8086,0.4043,2.3979,33.7516,0.0,0.3761
2115,4570,45.79,11.04,105.7,199.64,0.8667,0.8667,3.594,23.004,0.0,0.7173
2115,4586,227.69,2.61,251.65,32.37,0.397,0.1985,10.0,90.0,0.0,0.0
2116,4423,174.72,0.01,226.6,180.56,0.8062,0.4031,3.9644,8.5795,154.2792,0.1885
2116,4559,288.71,0.59,353.67,262.95,0.8545,0.4273,2.4536,33.5551,0.0,0.4009
2116,4570,45.38,10.83,105.53,200.91,0.8979,0.8979,3.5576,23.1534,0.0,0.7472
2116,4586,227.86,2.88,253.47,34.59,0.214,0.107,10.0,90.0,0.0,0.0
2116,4588,216.4,1.43,276.07,148.7,0.3933,0.1966,5.816,13.4176,0.0,0.1293
2117,4423,174.23,0.0,226.62,182.28,0.8296,0.4148,3.8988,8.8599,0.0,0.3358
2117,4559,283.38,0.2,350.3,260.74,0.8647,0.4324,2.4661,32.8711,0.0,0.4073
2117,4570,44.7,10.11,104.97,201.25,0.896,0.896,3.5507,23.2764,0.0,0.7462
2117,4588,215.78,2.72,275.61,150.29,0.7739,0.387,5.6958,13.3385,17.1355,0.2488
2118,4423,174.12,0.05,225.71,178.2,0.8262,0.4131,4.0563,8.0922,157.0418,0.1883
2118,4559,280.8,0.06,350.06,261.77,0.6934,0.3467,2.4446,32.8136,0.0,0.3257
2118,4570,42.05,9.09,101.98,201.15,0.8647,0.8647,3.5679,23.6984,0.0,0.7173
2118,4588,215.1,3.14,275.7,152.45,0.8423,0.4212,5.5417,13.3284,17.0902,0.2708
2119,4423,173.78,0.27,225.78,179.64,0.8262,0.4131,3.9991,8.3312,0.0,0.3291
2119,4559,283.79,0.0,352.3,254.25,0.7241,0.362,2.5707,32.4036,146.1916,0.2192
2119,4570,39.82,9.54,99.0,200.78,0.8921,0.8921,3.5924,24.0665,0.0,0.7363
2119,4588,216.12,3.87,277.26,154.14,0.8452,0.4226,5.4337,13.6229,22.3908,0.2671
2120,4423,173.88,0.08,225.64,177.79,0.8594,0.4297,4.0727,8.005,0.0,0.3382
2120,4559,276.82,0.0,347.94,252.99,0.7422,0.3711,2.5644,31.6351,0.0,0.3495
2120,4570,36.82,8.88,95.46,200.87,0.833,0.833,3.607,24.5721,0.0,0.6849
2120,4588,212.57,3.58,272.57,151.79,0.8315,0.4158,5.574,12.7637,145.6103,0.1352
2121,4423,172.84,0.38,225.25,179.49,0.8647,0.4324,4.0041,8.2337,0.0,0.3442
2121,4559,281.83,0.17,353.12,250.95,0.8506,0.4253,2.6211,32.0367,0.0,0.3968
2121,4570,30.24,8.82,88.25,200.32,0.8452,0.8452,3.6615,25.5803,0.0,0.6867
2121,4588,213.08,3.14,273.37,152.4,0.833,0.4165,5.5348,12.9061,0.0,0.2742
2122,4423,172.62,0.49,224.64,177.27,0.8486,0.4243,4.0925,7.8005,0.0,0.3329
2122,4559,274.93,0.24,350.73,259.59,0.8516,0.4258,2.4651,32.3176,35.8415,0.375
2122,4570,27.57,8.89,84.86,200.72,0.8574,0.8574,3.6666,26.067,0.0,0.695
2122,4588,214.93,3.08,275.94,153.95,0.6504,0.3252,5.4402,13.3759,30.7361,0.1986
2123,4423,171.62,0.63,223.89,176.76,0.8677,0.4339,4.1124,7.6249,0.0,0.3393
2123,4559,273.24,0.08,351.69,262.98,0.8486,0.4243,2.414,32.6066,0.0,0.3971
2123,4570,26.41,8.46,82.99,200.29,0.8691,0.8691,3.6884,26.2663,0.0,0.7015
2123,4588,215.03,2.56,276.33,154.29,0.8789,0.4395,5.4189,13.4331,0.0,0.289
2124,4423,170.58,0.96,223.22,176.89,0.8745,0.4373,4.1062,7.5674,0.0,0.3423
2124,4559,272.02,0.02,351.89,263.71,0.8628,0.4314,2.4014,32.6227,0.0,0.403
2124,4570,24.79,7.93,80.96,199.45,0.8086,0.8086,3.7249,26.4859,0.0,0.6482
2124,4588,215.62,1.61,276.68,153.82,0.8101,0.4051,5.4524,13.5098,0.0,0.2663
2125,4423,169.88,1.46,222.78,176.79,0.8945,0.4472,4.1097,7.4973,0.0,0.35
2125,4559,268.73,0.0,350.51,265.27,0.8892,0.4446,2.3694,32.5262,0.0,0.4136
2125,4570,22.35,8.02,78.18,200.13,0.8726,0.8726,3.7195,26.9236,0.0,0.6992
2125,4588,218.24,1.82,278.94,154.47,0.8535,0.4268,5.4211,13.9972,0.0,0.2803
2126,4423,169.97,2.02,222.88,176.6,0.8916,0.4458,4.1176,7.4715,0.0,0.3484
2126,4559,268.21,0.0,351.55,265.38,0.8413,0.4207,2.3689,32.565,0.0,0.3913
2126,4570,19.82,8.15,75.37,201.02,0.8867,0.8867,3.7083,27.3806,0.0,0.7107
2126,4588,222.04,1.71,281.08,150.84,0.2069,0.1035,5.6865,14.481,160.1249,0.0334
2127,4423,169.7,2.32,222.73,176.28,0.8867,0.4434,4.1307,7.3945,0.0,0.3457
2127,4559,271.18,0.08,352.1,255.85,0.8608,0.4304,2.5163,31.8238,145.9455,0.2644
2127,4570,15.62,8.02,71.96,204.02,0.605,0.605,3.6418,28.1361,0.0,0.4891
2127,4588,225.64,1.39,283.85,149.45,0.2917,0.1459,5.8057,15.0693,148.6864,0.0469
2127,4591,250.04,2.19,276.91,89.32,0.6567,0.3283,21.6522,19.7233,0.0,0.2125
2128,4423,169.51,2.89,222.63,176.28,0.8818,0.4409,4.1305,7.3814,0.0,0.3438
2128,4559,268.53,0.21,349.79,254.25,0.8555,0.4278,2.53,31.387,0.0,0.4052
2128,4570,11.84,7.79,69.03,207.35,0.8574,0.8574,3.5666,28.8392,0.0,0.7
2128,4588,229.84,1.28,287.77,149.31,0.5869,0.2934,5.8398,15.8419,0.0,0.1919
2129,4423,168.34,3.47,221.31,176.12,0.9092,0.4546,4.136,7.2432,0.0,0.3542
2129,4559,265.38,0.26,348.55,258.45,0.8433,0.4217,2.4563,31.5547,0.0,0.3984
2129,4570,8.06,7.89,66.03,209.88,0.8828,0.8828,3.5173,29.4883,0.0,0.7249
2129,4588,237.45,1.24,291.54,141.3,0.7271,0.3635,6.5421,16.8944,163.3651,0.116
2130,4423,167.62,3.77,220.58,176.27,0.9023,0.4511,4.1291,7.2107,0.0,0.352
2130,4559,265.14,0.28,348.69,260.02,0.6577,0.3288,2.4329,31.7066,0.0,0.3095
2130,4570,6.69,8.21,64.86,210.44,0.9058,0.9058,3.5098,29.7043,0.0,0.7442
2130,4588,238.91,1.13,292.88,141.57,0.8125,0.4062,6.5271,17.1563,0.0,0.2648
2131,4423,167.14,3.97,220.0,176.34,0.8965,0.4482,4.1258,7.1815,0.0,0.3499
2131,4559,262.94,0.1,346.11,257.74,0.9204,0.4602,2.4564,31.212,0.0,0.4353
2131,4570,5.81,8.61,64.25,211.44,0.8838,0.8838,3.4874,29.8742,0.0,0.7283
2131,4588,243.96,1.24,295.69,137.37,0.5312,0.2656,6.9638,17.931,163.0154,0.0842
2132,4423,166.45,4.59,219.05,176.39,0.8877,0.4439,4.1231,7.1283,0.0,0.3467
2132,4559,259.64,0.03,347.3,273.65,0.8701,0.435,2.2322,32.7498,37.3677,0.3667
2132,4570,4.44,8.68,63.9,215.37,0.8745,0.4373,3.3904,30.2549,0.0,0.3655
2132,4588,248.67,1.47,294.88,123.1,0.3611,0.1805,8.8135,18.6834,169.0728,0.057
2133,4423,165.67,4.82,217.95,175.96,0.7456,0.3728,4.1402,6.9789,0.0,0.2903
2133,4559,260.33,0.0,349.13,280.77,0.8779,0.439,2.1494,33.6246,0.0,0.3939
2133,4570,5.04,8.88,62.6,208.02,0.7686,0.7686,3.5885,29.8271,154.5451,0.3669
2133,4588,250.57,1.86,294.11,116.78,0.5234,0.2617,9.957,19.0785,170.311,0.0824
2134,4423,165.46,4.89,215.83,169.56,0.834,0.417,4.4229,5.6808,158.6171,0.1704
2134,4559,258.75,0.0,347.77,283.78,0.8535,0.4268,2.1083,33.804,0.0,0.3804
2134,4570,4.08,9.34,62.28,209.95,0.8237,0.4118,3.539,30.0385,0.0,0.3364
2134,4588,247.85,1.75,297.85,136.69,0.5244,0.2622,7.0585,18.5008,13.6252,0.1678
2135,4423,163.84,5.28,215.12,173.78,0.8735,0.8735,4.2315,6.4063,22.576,0.6477
2135,4559,255.19,0.0,345.13,287.33,0.791,0.3955,2.0562,33.8992,0.0,0.3497
2135,4570,1.5,9.41,61.84,216.94,0.8975,0.4487,3.3658,30.7038,28.1941,0.3582
2135,4588,246.99,1.71,298.81,145.64,0.7456,0.3728,6.2222,18.4596,15.3467,0.2377
2136,4423,162.49,4.86,213.81,174.21,0.8667,0.4334,4.2122,6.414,0.0,0.3335
2136,4559,251.13,0.17,341.37,288.0,0.7627,0.3814,2.0345,33.6194,0.0,0.3364
2136,4570,1.25,9.07,61.05,213.14,0.8486,0.4243,3.4661,30.5254,153.8682,0.2086
2136,4588,246.78,1.7,299.25,151.83,0.7227,0.3614,5.7456,18.5391,16.5732,0.2296
2137,4423,161.37,4.5,211.75,171.04,0.8701,0.435,4.3521,5.7085,156.2972,0.1819
2137,4559,245.71,0.06,336.88,287.33,0.8369,0.4184,2.0244,33.1023,0.0,0.3693
2137,4570,0.0,8.47,60.83,216.24,0.8647,0.4324,3.3909,30.8286,0.0,0.3606
2137,4588,250.73,1.6,296.0,132.66,0.6772,0.3386,7.5121,18.6698,167.2171,0.1069
2138,4423,160.29,4.83,210.2,170.33,0.8745,0.4373,4.3842,5.5093,0.0,0.3267
2138,4559,249.3,2.69,339.21,287.8,0.8062,0.4031,2.0296,33.4186,0.0,0.3556
2138,4570,0.13,7.88,62.25,219.21,0.8555,0.4278,3.3129,30.9228,0.0,0.3611
2138,4588,252.46,2.09,296.03,130.12,0.668,0.334,7.832,18.8932,167.4339,0.1053
2139,4423,158.98,4.29,209.86,174.11,0.8877,0.4439,4.215,6.2396,22.416,0.3303
2139,4559,245.41,1.01,335.85,285.95,0.8369,0.4184,2.0374,32.8854,0.0,0.3703
2139,4570,0.09,7.47,62.87,220.49,0.8745,0.4373,3.2805,30.9717,0.0,0.371
2139,4588,253.4,2.31,296.6,131.01,0.563,0.2815,7.7265,19.0078,16.9041,0.1785
2140,4423,159.24,3.62,208.12,166.47,0.8608,0.4304,4.5693,4.6765,159.4971,0.1677
2140,4559,243.71,0.36,335.28,287.79,0.8477,0.4239,2.0131,32.9963,0.0,0.3735
2140,4570,0.0,6.86,63.19,221.12,0.8867,0.4434,3.2649,31.0001,0.0,0.377
2140,4588,252.08,2.48,299.15,145.49,0.6143,0.3071,6.2546,18.9604,15.3327,0.1956
2141,4423,159.08,3.08,207.25,163.33,0.896,0.448,4.7309,4.0253,159.9801,0.165
2141,4559,247.94,0.12,338.78,288.0,0.5566,0.2783,2.0242,33.3615,0.0,0.2454
2141,4570,0.0,6.82,60.32,220.11,0.7422,0.3711,3.2974,31.1231,0.0,0.3138
2141,4588,252.79,2.27,300.68,150.3,0.6021,0.301,5.8831,19.2018,16.8794,0.1908
2142,4423,158.39,2.03,206.5,162.22,0.835,0.4175,4.7904,3.7786,0.0,0.2897
2142,4559,250.51,0.03,339.74,286.05,0.4844,0.2422,2.0522,33.3008,0.0,0.2145
2142,4570,0.0,6.71,58.82,220.51,0.8013,0.4007,3.2923,31.2512,0.0,0.3389
2142,4588,252.21,2.55,301.51,157.35,0.5747,0.2873,5.3989,19.3551,17.5791,0.1817
2143,4423,157.41,0.99,205.89,162.98,0.8853,0.4426,4.7493,3.9156,0.0,0.3096
2143,4559,245.57,0.0,335.97,287.67,0.6187,0.3094,2.0188,33.0947,0.0,0.2728
2143,4570,0.0,6.77,54.83,220.63,0.7598,0.3799,3.3013,31.5264,0.0,0.3206
2143,4588,250.46,2.65,300.95,162.66,0.4207,0.2104,5.0727,19.3059,18.6301,0.1326
2144,4423,157.05,0.98,205.16,162.37,0.8667,0.4334,4.7821,3.7827,0.0,0.3012
2144,4559,243.8,0.0,334.88,288.0,0.7886,0.3943,2.0103,33.0069,0.0,0.3473
2144,4570,0.0,6.53,50.05,219.9,0.7642,0.3821,3.3332,31.7973,0.0,0.3205
2145,4423,158.12,0.81,206.18,161.06,0.8306,0.4153,4.8542,3.535,0.0,0.2847
2145,4559,245.2,0.35,336.17,288.0,0.7871,0.3936,2.0149,33.125,0.0,0.3468
2145,4570,0.0,6.62,47.33,219.96,0.7598,0.3799,3.34,31.9826,0.0,0.3181
2146,4423,157.47,0.47,205.8,161.73,0.8594,0.4297,4.8171,3.6601,0.0,0.2967
2146,4559,243.55,0.12,335.22,288.0,0.8862,0.4431,2.0104,33.0109,0.0,0.3903
2146,4570,0.0,6.48,43.63,220.52,0.7598,0.3799,3.3378,32.2645,0.0,0.3179
2147,4423,156.75,0.54,205.44,163.59,0.8677,0.4339,4.7168,4.0321,20.5681,0.296
2147,4559,242.45,0.4,334.74,288.0,0.8535,0.4268,2.0077,32.9418,0.0,0.3759
2147,4570,0.0,6.61,41.68,221.08,0.8076,0.4038,3.3303,32.4292,0.0,0.3381
2148,4423,156.71,0.76,204.74,162.0,0.8867,0.4434,4.8022,3.703,0.0,0.3069
2148,4559,241.33,0.33,334.31,288.0,0.8667,0.4334,2.0051,32.8743,0.0,0.3816
2148,4570,0.0,6.67,39.93,221.64,0.6816,0.3408,3.3223,32.5803,0.0,0.2856
2149,4423,156.95,0.57,204.65,161.05,0.7988,0.3994,4.8546,3.5091,0.0,0.2738
2149,4559,241.31,0.11,334.0,285.38,0.5312,0.2656,2.0336,32.5551,0.0,0.2352
2149,4570,0.0,6.88,39.07,221.46,0.8403,0.4202,3.3293,32.6254,0.0,0.3516
2150,4423,156.71,0.42,204.24,161.09,0.8677,0.4339,4.8524,3.5148,0.0,0.2975
2150,4559,242.31,0.03,335.83,287.2,0.8184,0.4092,2.0182,32.8909,0.0,0.361
2150,4570,0.0,7.15,38.09,221.18,0.7642,0.3821,3.339,32.6721,0.0,0.3192
2151,4423,156.84,0.73,204.09,161.03,0.8647,0.4324,4.8557,3.5025,0.0,0.2963
2151,4559,241.76,0.0,334.98,284.16,0.9092,0.4546,2.0498,32.4771,0.0,0.4036
2151,4570,0.0,7.25,37.9,220.87,0.7886,0.3943,3.3471,32.6651,0.0,0.329
2152,4423,157.09,1.23,204.05,160.94,0.8726,0.4363,4.8607,3.4847,0.0,0.2987
2152,4559,241.07,0.0,335.19,285.79,0.8975,0.4487,2.0306,32.6448,0.0,0.397
2152,4570,0.0,7.57,37.23,220.55,0.8159,0.4079,3.3569,32.6891,0.0,0.3398
2153,4423,157.31,1.52,203.95,160.74,0.8647,0.4324,4.8719,3.4441,0.0,0.2954
2153,4559,240.57,0.17,334.8,285.28,0.9048,0.4524,2.0348,32.5461,0.0,0.4007
2153,4570,0.0,8.15,36.62,220.61,0.7725,0.3862,3.3573,32.7331,0.0,0.3217
2154,4423,157.8,1.72,204.27,160.68,0.8403,0.4202,4.8753,3.436,0.0,0.2868
2154,4559,241.18,0.06,335.0,283.59,0.8433,0.4217,2.0553,32.3859,0.0,0.3748
2154,4570,0.0,8.19,36.6,224.34,0.7378,0.3689,3.2692,32.9709,0.0,0.3113
2155,4423,158.1,1.89,204.3,160.67,0.876,0.438,4.8759,3.4362,0.0,0.299
2155,4559,239.34,0.29,334.03,285.65,0.7422,0.3711,2.0273,32.5009,0.0,0.3283
2155,4570,0.0,8.94,36.05,222.96,0.7939,0.397,3.303,32.9184,0.0,0.3332
2156,4423,158.66,2.51,204.63,161.06,0.8657,0.4329,4.8541,3.5235,0.0,0.2967
2156,4559,239.3,0.1,334.34,286.52,0.8403,0.4202,2.018,32.6145,0.0,0.3711
2156,4570,0.0,9.68,36.02,220.73,0.8423,0.4212,3.3563,32.78,0.0,0.3507
2157,4423,160.48,3.3,206.51,161.22,0.8237,0.4118,4.8456,3.6121,0.0,0.2828
2157,4559,238.72,0.03,333.95,287.11,0.6836,0.3418,2.0099,32.6412,0.0,0.3015
2157,4570,0.0,10.52,36.21,218.56,0.8423,0.4212,3.4089,32.6336,0.0,0.348
2158,4423,161.17,3.5,207.6,162.78,0.8721,0.436,4.7606,3.9634,0.0,0.3043
2158,4559,243.58,0.01,337.02,285.2,0.8101,0.4051,2.0447,32.77,0.0,0.359
2158,4570,0.0,11.01,37.3,215.78,0.8618,0.4309,3.4758,32.3931,0.0,0.3525
2159,4423,161.16,3.29,207.33,162.16,0.8237,0.4118,4.7941,3.8332,0.0,0.2856
2159,4559,240.48,0.0,334.49,286.88,0.7642,0.3821,2.0163,32.7147,0.0,0.3373
2159,4570,0.98,11.18,38.41,211.84,0.8218,0.4109,3.5733,32.0207,0.0,0.3313
2160,4423,162.35,3.02,206.95,156.81,0.7671,0.3836,5.1025,2.803,161.5303,0.1277
2160,4559,240.02,0.09,333.58,285.93,0.7349,0.3674,2.0245,32.5438,0.0,0.3249
2160,4570,3.75,11.14,40.91,210.2,0.7769,0.3885,3.601,31.5649,0.0,0.3123
2161,4423,162.24,2.53,207.36,158.94,0.7939,0.397,4.9756,3.2267,18.9135,0.2586
2161,4559,240.95,0.03,334.85,286.03,0.7861,0.3931,2.0272,32.6523,0.0,0.3476
2161,4570,4.65,10.36,42.65,208.51,0.8467,0.4234,3.6397,31.2849,0.0,0.3385
2162,4423,163.23,2.26,207.95,157.59,0.8594,0.4297,5.0557,3.022,0.0,0.2863
2162,4559,244.2,0.01,336.46,286.25,0.4707,0.2354,2.0331,32.8931,0.0,0.2081
2162,4570,5.58,10.34,43.72,203.6,0.8169,0.8169,3.7766,30.8704,154.5673,0.367
2163,4423,164.02,2.34,208.11,155.88,0.8394,0.4197,5.1604,2.7436,161.1536,0.1397
2163,4559,243.54,0.18,336.35,287.44,0.6655,0.3327,2.0185,32.9956,0.0,0.2935
2163,4570,7.41,10.42,46.94,202.18,0.8594,0.8594,3.803,30.4338,0.0,0.6706
2164,4423,164.66,2.28,208.19,154.14,0.7949,0.3975,5.271,2.4695,161.7934,0.1324
2164,4559,245.09,0.07,336.36,287.52,0.6665,0.3332,2.0203,33.0736,0.0,0.2939
2164,4570,9.04,11.77,49.8,200.03,0.79,0.79,3.8551,29.9944,0.0,0.612
2165,4423,165.75,1.88,207.91,148.82,0.834,0.417,5.6374,1.7202,163.1812,0.1389
2165,4559,241.69,0.58,333.29,287.91,0.5776,0.2888,2.005,32.8351,0.0,0.2544
2165,4570,10.57,12.73,53.19,199.67,0.8618,0.8618,3.8501,29.6178,0.0,0.6691
2166,4423,165.89,0.88,208.61,150.37,0.8003,0.4002,5.5262,1.9858,17.7119,0.2604
2166,4559,245.17,0.68,336.27,285.73,0.354,0.177,2.0402,32.8683,0.0,0.1567
2166,4570,12.23,13.27,57.31,199.4,0.8755,0.8755,3.8396,29.1806,0.0,0.6821
2167,4423,165.91,0.99,208.51,150.68,0.8076,0.4038,5.5044,2.0224,0.0,0.2691
2167,4559,238.7,0.25,328.61,284.98,0.7178,0.3589,2.0246,32.156,0.0,0.3178
2167,4570,14.14,13.17,61.03,197.01,0.8286,0.8286,3.8981,28.6321,0.0,0.6404
2168,4423,166.24,1.22,208.31,148.88,0.8076,0.4038,5.6333,1.8026,163.2008,0.1345
2168,4559,245.53,0.08,337.51,284.52,0.4436,0.2218,2.0567,32.802,0.0,0.1969
2168,4570,12.78,13.49,62.29,198.15,0.8452,0.8452,3.8614,28.7031,0.0,0.6572
2169,4423,165.62,1.31,207.83,150.01,0.8682,0.4341,5.5515,1.8559,0.0,0.2893
2169,4559,235.79,0.02,325.86,284.91,0.6494,0.3247,2.0162,31.9018,0.0,0.2874
2169,4570,12.67,13.42,65.31,201.61,0.8931,0.8931,3.7436,28.6897,24.9421,0.6807
2169,4594,226.46,0.08,314.95,180.34,0.4065,0.2032,4.1979,19.3438,0.0,0.1534
2170,4423,165.78,1.35,207.81,149.35,0.8691,0.4345,5.5988,1.7797,0.0,0.2896
2170,4559,234.37,0.0,323.87,286.55,0.7305,0.3653,1.9925,31.9548,0.0,0.3221
2170,4570,13.31,13.56,67.71,201.63,0.8735,0.8735,3.7334,28.4677,0.0,0.6946
2170,4597,305.14,0.08,344.88,138.04,0.6377,0.3189,7.4287,27.5381,0.0,0.2005
2171,4423,165.38,1.84,206.56,147.44,0.8701,0.435,5.7397,1.418,162.0744,0.145
2171,4559,231.59,0.0,318.95,285.87,0.8062,0.4031,1.988,31.5479,0.0,0.3557
2171,4570,14.01,13.23,69.22,197.38,0.8691,0.8691,3.8599,28.0521,154.7204,0.3878
2171,4597,305.21,0.13,347.62,147.5,0.2561,0.128,6.5399,27.752,15.0633,0.079
2172,4423,165.02,1.55,206.1,146.38,0.8525,0.4263,5.8208,1.2447,0.0,0.2841
2172,4559,232.79,0.0,318.07,284.12,0.7075,0.3538,2.0079,31.3442,0.0,0.3133
2172,4570,13.14,13.19,70.32,199.65,0.9038,0.9038,3.7869,28.1683,0.0,0.713
2172,4597,303.33,0.25,351.27,167.39,0.218,0.109,5.1918,28.1837,18.3895,0.0665
2173,4423,162.68,1.44,204.02,146.95,0.8667,0.4334,5.7761,0.9188,0.0,0.2889
2173,4559,233.42,0.0,316.91,284.77,0.709,0.3545,1.9998,31.4025,0.0,0.3136
2173,4570,13.98,12.34,71.72,196.42,0.8994,0.8994,3.8833,27.8116,0.0,0.6989
2173,4597,307.27,0.29,351.8,155.23,0.7271,0.3635,5.9717,28.3132,164.1046,0.1067
2174,4423,161.14,1.78,202.43,146.91,0.8555,0.4278,5.7788,0.7027,0.0,0.2852
2174,4559,232.84,0.0,314.96,285.48,0.7612,0.3806,1.9881,31.3854,0.0,0.3361
2174,4570,15.05,12.1,73.37,194.94,0.8965,0.8965,3.9237,27.5216,0.0,0.6925
2174,4597,308.42,0.15,351.01,146.46,0.6377,0.3189,6.6639,28.278,165.597,0.0936
2175,4423,159.75,1.81,201.17,146.92,0.8853,0.4426,5.7779,0.6085,0.0,0.2951
2175,4559,233.29,0.0,314.57,286.4,0.7822,0.3911,1.9781,31.5029,0.0,0.3447
2175,4570,15.37,11.73,74.16,194.42,0.9004,0.9004,3.9376,27.4078,0.0,0.6941
2175,4597,304.47,0.25,356.56,179.6,0.6782,0.3391,4.6175,29.0596,20.4514,0.222
2176,4423,159.43,2.04,200.53,145.83,0.8618,0.4309,5.8626,0.3767,0.0,0.2873
2176,4559,233.64,0.0,313.95,286.75,0.7515,0.3757,1.9738,31.5355,0.0,0.3309
2176,4570,14.28,11.31,73.65,193.61,0.8779,0.8779,3.9704,27.4841,0.0,0.6728
2176,4597,305.12,0.46,360.0,191.29,0.6323,0.3161,4.1653,29.8483,23.1172,0.2235
2177,4423,156.66,2.03,198.12,145.35,0.8535,0.4268,5.9009,0.6048,0.0,0.2845
2177,4559,229.98,0.0,310.52,287.62,0.6167,0.3084,1.9538,31.358,0.0,0.2709
2177,4570,15.89,10.68,75.06,191.37,0.8901,0.8901,4.0385,27.1302,0.0,0.6749
2177,4597,304.96,0.45,360.0,195.21,0.6992,0.3496,4.0267,30.0227,23.0483,0.2535
2178,4423,153.09,2.28,195.69,146.5,0.8745,0.4373,5.8115,1.2641,39.6877,0.2579
2178,4559,231.76,0.0,311.14,287.39,0.7769,0.3885,1.9598,31.4251,0.0,0.3415
2178,4570,17.42,10.83,75.7,187.02,0.8794,0.8794,4.1907,26.7346,156.6133,0.3567
2178,4597,304.49,0.63,360.0,196.26,0.7441,0.372,3.9895,30.0405,0.0,0.2815
2179,4423,150.31,2.93,193.67,147.13,0.895,0.4475,5.7644,1.7697,0.0,0.2983
2179,4559,230.19,0.0,308.88,285.71,0.7041,0.352,1.9726,31.0573,0.0,0.3105
2179,4570,17.3,10.7,75.19,184.39,0.8779,0.8779,4.2948,26.6552,158.4012,0.3441
2179,4597,303.19,0.61,359.81,196.77,0.7559,0.378,3.9672,29.9575,0.0,0.2872
2180,4423,149.32,3.36,193.31,147.95,0.8818,0.4409,5.703,1.9632,0.0,0.2938
2180,4559,236.29,0.18,313.32,283.77,0.5776,0.2888,2.0099,31.2478,0.0,0.256
2180,4570,17.56,10.66,75.46,183.95,0.8594,0.8594,4.3105,26.5926,0.0,0.6216
2180,4597,302.8,0.41,359.66,196.69,0.8677,0.4339,3.968,29.914,0.0,0.3297
2181,4423,149.78,3.51,193.92,148.35,0.8906,0.4453,5.6728,1.9009,0.0,0.2968
2181,4559,237.56,0.44,315.53,286.49,0.8218,0.4109,1.9851,31.731,0.0,0.3622
2181,4570,18.27,10.27,76.17,184.03,0.8843,0.8843,4.3024,26.4844,0.0,0.6408
2181,4597,302.67,0.34,359.9,197.42,0.6152,0.3076,3.9442,29.9594,0.0,0.2347
2182,4423,150.05,3.1,193.75,146.75,0.8711,0.4355,5.7936,1.7603,163.6349,0.1451
2182,4559,239.33,1.46,316.57,284.73,0.75,0.375,2.009,31.6333,0.0,0.3319
2182,4570,19.81,9.94,77.35,183.74,0.8745,0.8745,4.3047,26.2554,0.0,0.634
2182,4597,301.18,0.31,358.82,197.21,0.686,0.343,3.9424,29.761,0.0,0.262
2183,4423,149.93,2.85,193.81,147.45,0.8682,0.4341,5.7402,1.8174,0.0,0.2893
2183,4559,237.63,0.54,313.55,282.94,0.6782,0.3391,2.0217,31.2113,0.0,0.3011
2183,4570,20.73,9.64,77.98,183.68,0.8804,0.8804,4.3019,26.1296,0.0,0.6389
2183,4597,302.21,0.29,359.7,196.83,0.8628,0.4314,3.9615,29.881,0.0,0.3282
2184,4423,150.14,2.66,194.0,147.72,0.8818,0.4409,5.7197,1.8024,0.0,0.2939
2184,4559,236.83,0.19,312.02,282.46,0.7808,0.3904,2.0235,31.0523,0.0,0.3469
2184,4570,21.41,9.44,78.51,183.98,0.8545,0.8545,4.2858,26.0481,0.0,0.6221
2184,4597,303.93,0.29,360.0,196.23,0.6479,0.324,3.9885,29.9981,0.0,0.2452
2185,4423,150.04,2.21,193.75,147.09,0.8667,0.4334,5.7676,1.7849,0.0,0.2888
2185,4559,237.99,0.53,313.54,284.9,0.7964,0.3982,2.0002,31.4691,0.0,0.3521
2185,4570,22.48,9.27,79.6,184.13,0.8711,0.8711,4.2727,25.8838,0.0,0.6361
2185,4597,305.92,0.38,360.0,195.65,0.4368,0.2184,4.015,30.1145,0.0,0.1645
2186,4423,147.6,1.76,191.83,146.2,0.8486,0.4243,5.8379,2.164,0.0,0.2828
2186,4559,237.32,0.19,313.2,286.57,0.8555,0.4278,1.9802,31.6339,0.0,0.3769
2186,4570,22.57,9.69,79.42,183.66,0.8628,0.8628,4.2916,25.8678,0.0,0.6279
2186,4597,310.57,0.32,360.0,195.48,0.6807,0.3403,4.0372,30.4447,0.0,0.2549
2187,4423,147.77,1.9,191.92,145.22,0.8452,0.4226,5.9152,2.1044,0.0,0.2816
2187,4559,234.61,0.06,310.9,287.38,0.835,0.4175,1.9638,31.5295,0.0,0.3671
2187,4570,19.74,10.22,75.11,183.32,0.8359,0.8359,4.3295,26.4184,0.0,0.6029
2187,4597,312.92,0.2,360.0,195.3,0.4302,0.2151,4.0517,30.6065,0.0,0.1606
2188,4423,146.69,2.02,191.1,145.05,0.8794,0.4397,5.9297,2.2949,0.0,0.293
2188,4559,233.83,0.01,309.62,287.41,0.6895,0.3448,1.9604,31.4498,0.0,0.3031
2188,4570,21.45,10.7,76.65,183.88,0.9004,0.9004,4.296,26.1876,0.0,0.654
2188,4597,313.92,0.16,360.0,195.22,0.7305,0.3653,4.058,30.6751,0.0,0.2723
2189,4423,146.14,2.16,190.81,144.72,0.8828,0.4414,5.9567,2.3756,0.0,0.2941
2189,4559,224.88,1.53,302.04,287.87,0.6934,0.3467,1.932,30.8605,0.0,0.3041
2189,4570,22.33,11.07,77.2,183.46,0.8701,0.8701,4.3079,26.0538,0.0,0.6309
2189,4597,315.48,0.33,360.0,194.82,0.6548,0.3274,4.0774,30.7692,0.0,0.2432
2190,4423,145.2,2.24,189.99,144.14,0.8843,0.4421,6.0049,2.552,0.0,0.2946
2190,4559,223.52,0.56,301.11,286.74,0.7188,0.3594,1.9411,30.6246,0.0,0.3159
2190,4570,22.88,11.3,76.79,180.8,0.896,0.896,4.4165,25.9183,158.7355,0.3383
2190,4597,315.19,0.12,360.0,194.95,0.4302,0.2151,4.0719,30.7543,0.0,0.1599
2191,4423,144.12,1.27,189.15,143.61,0.8818,0.4409,6.0498,2.7502,0.0,0.2938
2191,4559,216.88,0.2,296.2,287.6,0.8169,0.4084,1.9168,30.3112,0.0,0.3581
2191,4570,24.31,11.11,77.81,178.7,0.9165,0.9165,4.4976,25.628,0.0,0.6423
2191,4597,311.88,0.03,360.0,194.66,0.7393,0.3696,4.07,30.5008,0.0,0.2752
2192,4423,142.66,1.41,186.98,141.84,0.8804,0.4402,6.203,3.153,158.8787,0.1465
2192,4559,212.2,0.06,292.74,287.93,0.7861,0.3931,1.9032,30.0683,0.0,0.3441
2192,4570,25.05,11.22,78.56,177.95,0.916,0.916,4.5252,25.4749,0.0,0.639
2192,4597,315.48,0.0,360.0,194.29,0.5698,0.2849,4.0958,30.7447,0.0,0.2109
2193,4423,141.31,1.29,185.51,142.26,0.8628,0.4314,6.1685,3.4296,0.0,0.2873
2193,4559,208.76,0.01,290.08,288.0,0.8384,0.4192,1.8953,29.8697,0.0,0.3668
2193,4570,25.9,11.26,79.43,177.33,0.8936,0.8936,4.5467,25.3087,0.0,0.6212
2193,4597,311.47,0.27,360.0,194.19,0.5205,0.2602,4.0849,30.4488,0.0,0.1933
2194,4423,139.49,1.29,182.8,141.27,0.8657,0.4329,6.2585,3.9156,146.9915,0.1439
2194,4559,206.3,0.0,287.23,284.18,0.8135,0.4068,1.9303,29.1538,0.0,0.3587
2194,4570,28.81,10.9,83.18,177.51,0.8862,0.8862,4.5158,24.7728,0.0,0.6208
2194,4597,310.28,0.37,359.25,194.11,0.5718,0.2859,4.0808,30.3036,0.0,0.2126
2194,4603,323.58,0.48,360.0,192.91,0.5215,0.2607,4.1743,31.2677,0.0,0.1899
2195,4423,138.08,1.34,180.34,140.54,0.8203,0.4102,6.3272,4.3301,0.0,0.273
2195,4559,197.49,0.0,281.34,286.26,0.8477,0.4239,1.8922,28.9811,0.0,0.3718
2195,4570,30.54,10.76,85.5,177.23,0.8779,0.8779,4.5144,24.4277,0.0,0.6159
2195,4603,323.63,0.11,360.0,192.93,0.6943,0.3472,4.1738,31.2721,0.0,0.2529
2196,4423,136.5,1.32,177.75,140.61,0.8394,0.4197,6.3249,4.7492,0.0,0.2793
2196,4559,199.15,0.0,283.26,286.29,0.8013,0.4007,1.8955,29.0953,0.0,0.3515
2196,4570,33.35,11.17,89.28,177.16,0.915,0.915,4.4956,23.8802,0.0,0.6454
2196,4603,323.21,0.1,359.92,193.05,0.6533,0.3266,4.1677,31.2414,0.0,0.2382
2197,4423,134.64,1.03,174.6,140.47,0.7456,0.3728,6.3428,5.2598,0.0,0.248
2197,4559,189.28,0.0,276.68,287.24,0.8237,0.4118,1.8696,28.753,0.0,0.3603
2197,4570,34.94,11.61,91.8,177.34,0.9102,0.9102,4.4743,23.5474,0.0,0.6453
2197,4603,322.6,0.21,359.42,193.4,0.5918,0.2959,4.1511,31.1768,0.0,0.2165
2198,4423,134.0,1.16,172.71,140.58,0.7861,0.3931,6.3357,5.5127,0.0,0.2614
2198,4559,188.83,0.0,277.22,285.55,0.8789,0.4395,1.8876,28.5043,0.0,0.3858
2198,4570,36.99,11.59,95.23,177.34,0.9097,0.9097,4.4567,23.0905,0.0,0.6481
2198,4603,321.53,0.35,358.53,193.61,0.6714,0.3357,4.1364,31.0449,0.0,0.2464
2199,4423,132.21,1.07,170.12,140.63,0.8423,0.4212,6.3364,5.9544,0.0,0.28
2199,4559,188.06,0.0,277.15,283.51,0.8745,0.4373,1.9089,28.1762,0.0,0.3855
2199,4570,38.42,11.95,97.92,177.36,0.9219,0.9219,4.4428,22.7465,0.0,0.6592
2199,4603,321.14,0.4,358.26,193.28,0.6372,0.3186,4.1457,30.9825,0.0,0.2335
2200,4423,130.61,0.43,168.27,140.62,0.8452,0.4226,6.3418,6.3034,0.0,0.2809
2200,4559,187.68,0.0,277.6,282.0,0.8618,0.4309,1.9255,27.9519,0.0,0.3811
2200,4570,38.44,11.99,99.1,177.2,0.9072,0.9072,4.4461,22.6378,0.0,0.6485
2200,4603,321.77,0.13,359.01,193.35,0.7065,0.3533,4.1483,31.0852,0.0,0.2587
2201,4423,125.54,0.57,164.01,140.99,0.7725,0.3862,6.3217,7.2385,80.3528,0.1493
2201,4559,186.86,0.0,277.32,280.61,0.876,0.438,1.94,27.7113,0.0,0.3885
2201,4570,39.09,13.02,100.36,177.62,0.9023,0.9023,4.4219,22.4986,0.0,0.6482
2201,4603,322.42,0.22,359.66,193.47,0.6919,0.3459,4.1488,31.1843,0.0,0.2532
2202,4423,124.59,0.9,163.42,141.15,0.8535,0.4268,6.3097,7.3913,0.0,0.2833
2202,4559,186.01,0.0,276.8,279.17,0.8677,0.4339,1.9549,27.4542,0.0,0.386
2202,4570,40.22,12.29,102.18,177.42,0.8916,0.8916,4.4215,22.24,0.0,0.6411
2202,4603,322.7,0.26,359.87,193.13,0.6206,0.3103,4.1627,31.2046,0.0,0.2265
2203,4423,121.79,0.94,161.6,140.93,0.8701,0.435,6.3368,7.8605,0.0,0.2887
2203,4559,184.36,0.0,274.72,277.16,0.8711,0.4355,1.9746,27.0413,0.0,0.3892
2203,4570,40.97,12.66,103.4,178.29,0.9082,0.9082,4.3781,22.1199,0.0,0.6585
2203,4603,322.58,0.27,359.79,193.19,0.7305,0.3653,4.1598,31.1928,0.0,0.2668
2204,4423,118.9,1.23,159.81,140.53,0.8882,0.4441,6.381,8.3376,0.0,0.2945
2204,4559,176.09,0.0,267.53,276.99,0.8545,0.4273,1.9641,26.6037,0.0,0.3816
2204,4570,41.22,12.7,103.69,177.51,0.9106,0.9106,4.41,22.0329,0.0,0.6565
2204,4603,323.17,0.09,360.0,192.84,0.6807,0.3403,4.1753,31.2351,0.0,0.2479
2205,4423,120.3,1.21,161.82,140.72,0.8618,0.4309,6.3579,7.9917,0.0,0.2859
2205,4559,177.04,0.55,264.68,266.14,0.7925,0.3962,2.0943,24.8305,140.6346,0.2305
2205,4570,41.4,12.34,104.1,177.22,0.9136,0.9136,4.4208,21.9679,0.0,0.6575
2205,4603,322.98,0.11,360.0,193.08,0.7363,0.3681,4.166,31.2319,0.0,0.2686
2206,4423,117.91,0.87,160.78,140.7,0.9082,0.4541,6.3656,8.3368,0.0,0.3011
2206,4559,177.28,0.29,260.18,254.38,0.8237,0.4118,2.2507,22.7951,142.1366,0.2502
2206,4570,41.29,11.64,104.39,177.12,0.9048,0.9048,4.4246,21.9474,0.0,0.6508
2206,4603,322.49,0.12,359.71,193.08,0.7363,0.3681,4.1631,31.1757,0.0,0.2688
2207,4423,113.63,1.12,158.5,141.25,0.8843,0.4421,6.3279,8.987,0.0,0.293
2207,4559,174.64,0.1,255.36,250.64,0.7871,0.3936,2.3003,21.9607,0.0,0.3736
2207,4570,44.4,12.03,106.27,175.42,0.8931,0.8931,4.4846,21.4352,0.0,0.6362
2207,4603,322.06,0.32,359.43,193.36,0.7363,0.3681,4.1505,31.1369,0.0,0.2695
2208,4423,112.89,1.58,158.92,141.28,0.8618,0.4309,6.3259,9.0187,0.0,0.2855
2208,4559,171.35,0.22,248.91,244.47,0.8159,0.4079,2.3894,20.6483,135.9043,0.2572
2208,4570,45.95,11.52,106.88,173.66,0.8843,0.8843,4.5581,21.1615,0.0,0.6218
2208,4603,322.75,0.2,359.98,192.81,0.5767,0.2883,4.1748,31.2021,0.0,0.2101
2209,4423,113.7,1.95,160.26,140.74,0.8931,0.4466,6.3705,8.8107,0.0,0.2959
2209,4559,167.92,0.17,243.84,240.63,0.8726,0.4363,2.4473,19.7682,0.0,0.4247
2209,4570,49.3,11.05,109.2,173.3,0.8433,0.8433,4.5578,20.6543,0.0,0.5939
2209,4603,322.41,0.44,359.67,193.26,0.6577,0.3288,4.1563,31.175,0.0,0.2404
2210,4423,113.84,2.03,161.13,140.91,0.9062,0.4531,6.3533,8.7069,0.0,0.3003
2210,4559,163.37,0.05,238.87,240.13,0.7124,0.3562,2.451,19.4736,0.0,0.3471
2210,4570,53.21,10.41,111.7,173.09,0.8726,0.8726,4.5489,20.0874,0.0,0.6165
2210,4603,321.79,0.16,359.3,193.43,0.6299,0.315,4.1466,31.1111,0.0,0.2307
2211,4423,114.03,2.11,161.32,138.97,0.8931,0.4466,6.5323,8.7061,165.277,0.1471
2211,4559,158.6,0.01,236.42,248.76,0.8682,0.4341,2.3104,20.8863,38.5573,0.3821
2211,4570,54.99,10.36,112.03,172.85,0.8843,0.8843,4.554,19.8911,0.0,0.6245
2211,4603,322.0,0.42,359.47,193.02,0.7441,0.372,4.1626,31.1204,0.0,0.2717
2212,4423,112.7,2.58,161.76,142.6,0.9009,0.4505,6.2049,8.7403,15.5187,0.2931
2212,4559,154.29,0.0,232.87,252.54,0.8711,0.4355,2.2517,21.4542,0.0,0.4111
2212,4570,56.62,10.81,112.11,172.96,0.8525,0.8525,4.544,19.7477,0.0,0.6035
2212,4603,320.74,0.43,358.64,193.34,0.6333,0.3166,4.1435,30.9837,0.0,0.2322
2213,4423,109.77,2.5,159.79,143.39,0.8496,0.4248,6.1464,9.2285,0.0,0.2814
2213,4559,152.1,0.64,228.62,246.63,0.8604,0.4302,2.3391,20.3342,0.0,0.412
2213,4570,58.91,10.61,113.2,172.93,0.8667,0.8667,4.5359,19.4509,0.0,0.6149
2213,4603,319.16,0.43,357.58,193.45,0.5962,0.2981,4.1299,30.7975,0.0,0.2193
2214,4423,107.99,2.18,159.03,144.61,0.8628,0.4314,6.0494,9.483,22.9565,0.2742
2214,4559,149.89,0.23,226.07,244.43,0.8882,0.4441,2.3729,19.8977,0.0,0.4277
2214,4570,61.61,10.82,115.04,172.84,0.8555,0.8555,4.5275,19.0483,0.0,0.6086
2214,4603,320.91,0.15,359.31,193.5,0.626,0.313,4.1409,31.0515,0.0,0.2296
2215,4423,108.55,1.6,159.71,144.14,0.8608,0.4304,6.0859,9.358,0.0,0.285
2215,4559,145.19,0.08,221.37,242.54,0.7515,0.3757,2.4022,19.505,0.0,0.3637
2215,4570,66.45,10.71,119.71,172.81,0.8203,0.8203,4.5035,18.2102,0.0,0.5875
2215,4603,321.19,0.04,359.62,193.33,0.6406,0.3203,4.1491,31.0865,0.0,0.2345
2216,4423,109.15,1.65,158.91,141.17,0.7988,0.3994,6.3429,9.3955,164.9953,0.1313
2216,4559,138.44,0.02,216.26,243.22,0.8638,0.4319,2.3911,19.6258,0.0,0.4173
2216,4570,67.75,11.79,119.54,172.82,0.6792,0.6792,4.5001,18.1112,0.0,0.4869
2216,4603,320.68,0.01,359.24,193.54,0.5708,0.2854,4.1384,31.0316,0.0,0.2094
2217,4559,132.73,0.0,212.19,242.78,0.8701,0.435,2.3992,19.5915,0.0,0.4208
2217,4570,74.81,11.27,126.74,172.83,0.7544,0.7544,4.4641,16.851,73.9919,0.3639
2217,4603,321.09,0.09,359.62,193.25,0.6733,0.3367,4.1516,31.0757,0.0,0.2464
2218,4559,130.0,0.0,211.73,245.1,0.8945,0.4472,2.3626,20.0368,0.0,0.43
2218,4570,79.49,11.54,131.92,172.94,0.7568,0.7568,4.4362,15.9845,0.0,0.5517
2218,4603,321.46,0.02,359.92,193.23,0.562,0.281,4.1548,31.1232,0.0,0.2055
2218,4423,99.95,1.34,148.6,145.0,0.5293,0.2646,6.0558,11.3228,41.3436,0.1527
2219,4559,130.06,0.0,212.22,242.85,0.9004,0.4502,2.3985,19.6241,0.0,0.4354
2219,4570,81.07,4.75,135.91,172.99,0.8477,0.4239,4.4216,15.4944,0.0,0.3101
2219,4603,320.91,0.0,359.61,193.78,0.5156,0.2578,4.1321,31.0857,0.0,0.1894
2220,4559,126.81,0.0,210.57,242.41,0.9175,0.4587,2.4067,19.5897,0.0,0.4442
2220,4570,81.83,2.05,137.66,172.74,0.7695,0.3847,4.4275,15.254,0.0,0.2813
2220,4603,321.73,0.18,360.0,194.17,0.3425,0.1713,4.1228,31.1903,0.0,0.1259
2221,4559,125.19,0.0,211.01,244.43,0.9146,0.4573,2.3744,19.9679,0.0,0.4405
2221,4570,83.07,0.75,140.02,173.01,0.7939,0.397,4.4077,14.9551,0.0,0.2915
2221,4603,322.15,0.25,360.0,193.57,0.501,0.2505,4.1455,31.1937,0.0,0.1835
2222,4559,124.14,0.36,210.85,244.01,0.7939,0.397,2.3815,19.9053,0.0,0.3828
2222,4570,83.72,9.49,138.44,172.94,0.833,0.833,4.4128,15.0321,0.0,0.6111
2222,4603,322.49,0.83,360.0,194.65,0.2568,0.1284,4.1088,31.2664,0.0,0.0946
2223,4559,123.5,0.23,211.45,244.25,0.9248,0.4624,2.3776,19.9491,0.0,0.4456
2223,4570,82.78,13.98,136.19,172.45,0.8564,0.8564,4.4419,15.2792,0.0,0.6246
2223,4603,322.52,0.31,360.0,193.47,0.3459,0.1729,4.1504,31.2159,0.0,0.1265
2223,4597,308.51,0.33,358.62,194.4,0.251,0.1255,4.0622,30.1421,0.0,0.0937
2224,4559,123.21,0.08,211.52,242.32,0.9219,0.461,2.4088,19.6026,0.0,0.4464
2224,4570,81.43,14.39,134.7,172.56,0.8125,0.8125,4.443,15.5392,0.0,0.5921
2224,4603,322.99,0.38,360.0,193.02,0.3694,0.1847,4.1682,31.23,0.0,0.1347
2224,4597,308.33,0.28,358.77,194.15,0.4321,0.216,4.0707,30.1279,0.0,0.1611
2225,4559,122.78,0.03,211.68,241.42,0.8921,0.4461,2.4237,19.4426,0.0,0.433
2225,4570,83.38,14.9,137.32,172.97,0.834,0.834,4.4145,15.1636,0.0,0.6114
2225,4603,322.75,0.13,360.0,193.13,0.3611,0.1805,4.1634,31.2175,0.0,0.1318
2226,4559,116.86,0.0,206.51,240.93,0.8545,0.4273,2.4354,19.5143,0.0,0.4154
2226,4570,84.24,12.64,137.69,170.71,0.6299,0.6299,4.5164,14.8923,158.2978,0.2435
2226,4603,321.87,0.6,359.69,193.73,0.2854,0.1427,4.1377,31.1584,0.0,0.1047
2227,4559,113.94,0.0,204.25,240.77,0.8594,0.4297,2.4401,19.5796,0.0,0.418
2227,4603,322.35,0.77,360.0,193.59,0.2878,0.1439,4.1455,31.209,0.0,0.1054
2227,4597,307.63,0.62,358.5,193.56,0.4766,0.2383,4.0879,30.0287,0.0,0.1772
2228,4559,110.15,0.0,200.86,240.36,0.8369,0.4184,2.4503,19.6567,0.0,0.4076
2228,4603,323.17,0.28,360.0,193.26,0.3364,0.1682,4.1603,31.2535,0.0,0.1228
2228,4597,307.3,0.68,358.69,193.49,0.4727,0.2364,4.0899,30.0151,0.0,0.1757
2229,4559,104.36,1.02,195.55,240.14,0.8052,0.4026,2.4603,19.8938,0.0,0.3925
2229,4603,323.36,0.74,360.0,193.32,0.2861,0.1431,4.1589,31.2698,0.0,0.1045
2229,4597,306.83,0.51,358.74,194.31,0.626,0.313,4.0598,30.0236,0.0,0.2339
2229,4423,85.29,0.35,133.07,153.52,0.5,0.25,5.4958,14.3981,35.3895,0.1487
2230,4559,103.89,0.38,194.47,239.8,0.6436,0.3218,2.467,19.8775,0.0,0.314
2230,4597,306.87,0.54,358.92,193.59,0.6489,0.3245,4.0856,30.0052,0.0,0.2414
2230,4423,84.75,0.3,129.93,152.88,0.4805,0.2402,5.5491,14.7343,0.0,0.1575
2231,4559,102.82,0.14,191.99,240.06,0.8433,0.4217,2.465,20.0237,0.0,0.4112
2231,4597,307.51,0.46,359.5,193.41,0.6113,0.3056,4.0963,30.0862,0.0,0.2269
2231,4423,82.3,0.74,126.31,153.03,0.7217,0.3609,5.5552,15.3163,0.0,0.2363
2232,4559,101.75,4.97,186.61,240.09,0.6104,0.3052,2.469,20.2251,0.0,0.2977
2232,4597,307.26,0.43,359.45,193.81,0.6162,0.3081,4.0812,30.0831,0.0,0.2293
2232,4423,80.83,1.1,123.75,151.68,0.6406,0.3203,5.6607,15.6713,154.7173,0.1028
2233,4559,100.29,10.65,181.07,240.4,0.6196,0.6196,2.4693,20.5075,0.0,0.604
2233,4423,80.88,1.42,122.86,151.71,0.3503,0.1752,5.661,15.7516,0.0,0.1146
2233,4603,321.71,0.09,359.39,193.48,0.4824,0.2412,4.1448,31.1141,0.0,0.1767
2234,4559,99.99,11.7,178.13,240.44,0.7227,0.7227,2.4713,20.6265,0.0,0.7045
2234,4423,79.22,1.44,120.52,151.53,0.7227,0.3614,5.6854,16.1272,0.0,0.2362
2234,4597,306.83,0.3,359.32,194.0,0.4648,0.2324,4.0726,30.0512,0.0,0.1733
2235,4423,78.85,1.45,119.31,150.15,0.4148,0.2074,5.7901,16.2544,162.1597,0.0664
2235,4612,144.17,14.43,171.62,160.23,0.4873,0.4873,4.9179,5.6268,0.0,0.3294
2235,4597,305.91,0.18,358.97,194.71,0.3433,0.1716,4.0435,29.9924,0.0,0.1287
2235,4603,321.41,0.12,359.25,193.17,0.363,0.1815,4.1542,31.0686,0.0,0.1328
2236,4423,78.05,1.54,118.25,152.23,0.6206,0.3103,5.6461,16.4646,18.8134,0.1971
2236,4612,146.04,15.23,172.67,155.95,0.4932,0.4932,5.1703,4.8983,160.7109,0.1638
2236,4603,320.83,0.32,358.99,193.47,0.3877,0.1938,4.1405,31.0213,0.0,0.1422
2236,4559,97.57,13.99,172.77,240.94,0.5908,0.5908,2.4697,20.9924,0.0,0.5753
2237,4423,79.36,1.29,118.92,155.04,0.5459,0.273,5.4493,16.341,17.8291,0.1739
2237,4612,150.32,16.31,176.66,153.31,0.4844,0.4844,5.334,3.8956,148.645,0.1611
2237,4603,320.18,0.39,358.6,193.49,0.4102,0.2051,4.136,30.947,0.0,0.1506
2237,4559,94.03,4.65,170.34,240.86,0.6582,0.3291,2.4767,21.2101,0.0,0.3206
2237,4597,303.56,0.36,357.27,194.23,0.5215,0.2607,4.0459,29.6713,0.0,0.1956
2238,4423,79.97,1.11,118.24,155.18,0.4177,0.2089,5.4403,16.3512,0.0,0.1364
2238,4603,320.27,0.42,358.88,194.05,0.2502,0.1251,4.1176,30.999,0.0,0.0922
2238,4559,91.24,1.77,166.82,240.01,0.4775,0.2387,2.4974,21.3319,0.0,0.2332
2238,4597,301.21,0.32,356.08,193.91,0.5566,0.2783,4.0447,29.3939,0.0,0.209
2239,4559,87.81,0.31,163.23,240.03,0.6665,0.3332,2.5047,21.6361,0.0,0.3252
2239,4597,298.81,0.4,355.0,193.8,0.5581,0.2791,4.0365,29.1301,0.0,0.2101
2239,4618,87.04,0.78,112.48,32.7,0.5659,0.2829,10.0,90.0,0.0,0.0
2239,4612,153.45,17.06,180.81,153.4,0.5962,0.5962,5.324,3.277,0.0,0.3971
2240,4559,87.49,0.0,162.18,240.58,0.7471,0.3735,2.4969,21.7813,0.0,0.3645
2240,4597,296.52,0.33,354.15,193.58,0.7251,0.3625,4.0334,28.885,0.0,0.2734
2240,4618,85.76,0.98,111.3,33.01,0.2878,0.1439,10.0,90.0,0.0,0.0
2240,4612,154.1,17.48,182.36,152.5,0.7378,0.7378,5.3828,2.9858,0.0,0.4915
2240,4423,78.95,1.07,115.98,154.74,0.3442,0.1721,5.4789,16.6477,0.0,0.1123
2241,4559,85.92,0.0,159.36,240.69,0.7559,0.378,2.5,21.9939,0.0,0.3688
2241,4597,294.72,0.31,353.71,193.31,0.6104,0.3052,4.0351,28.7036,0.0,0.2302
2241,4618,84.47,0.83,110.23,33.11,0.363,0.1815,10.0,90.0,0.0,0.0
2241,4612,154.18,17.73,183.67,153.08,0.6738,0.6738,5.3435,2.9454,0.0,0.4489
2241,4423,79.29,1.56,114.02,148.28,0.4321,0.216,5.9461,16.6901,164.0336,0.069
2242,4559,84.76,0.0,157.19,240.35,0.79,0.395,2.5097,22.0944,0.0,0.3848
2242,4597,292.8,0.2,353.35,193.3,0.6899,0.3449,4.0277,28.5321,0.0,0.2607
2242,4612,153.65,18.13,179.15,131.44,0.3784,0.3784,7.2511,3.8051,166.7383,0.1259
2242,4423,78.06,1.25,111.99,147.96,0.5146,0.2573,5.9814,16.9941,0.0,0.1678
2243,4559,83.53,0.0,155.39,241.05,0.8101,0.4051,2.5015,22.34,0.0,0.3948
2243,4597,291.77,0.26,353.67,193.21,0.6113,0.3056,4.0284,28.474,0.0,0.231
2243,4612,147.82,17.71,179.39,149.53,0.7285,0.7285,5.5946,3.5571,17.1344,0.4744
2243,4423,77.05,0.48,110.94,150.39,0.5254,0.2627,5.8041,17.215,18.1834,0.1668
2244,4559,81.55,0.39,152.87,240.94,0.8027,0.4013,2.509,22.5359,0.0,0.3907
2244,4597,290.36,0.28,353.66,193.37,0.6934,0.3467,4.0181,28.3756,0.0,0.2626
2244,4612,149.4,17.37,182.89,151.49,0.8237,0.8237,5.4536,3.2386,26.5791,0.5197
2244,4423,75.18,0.47,108.49,151.95,0.3647,0.1824,5.7051,17.6424,29.4168,0.1109
2244,4618,79.52,0.34,105.18,32.62,0.5352,0.2676,10.0,90.0,0.0,0.0
2245,4559,79.1,0.34,150.54,241.07,0.8228,0.4114,2.5129,22.7856,0.0,0.4
2245,4597,288.2,0.56,352.83,193.34,0.6909,0.3454,4.0091,28.1486,0.0,0.2623
2245,4612,149.98,16.6,185.22,152.93,0.7847,0.7847,5.3546,3.1423,23.9998,0.5001
2245,4618,78.44,0.17,104.06,32.51,0.4226,0.2113,10.0,90.0,0.0,0.0
2246,4559,77.93,0.71,149.62,240.93,0.8271,0.4135,2.5181,22.8678,0.0,0.4017
2246,4597,286.66,0.3,352.47,192.31,0.3811,0.1905,4.0387,27.9504,0.0,0.144
2246,4612,149.74,16.31,186.29,153.08,0.8169,0.8169,5.3443,3.0921,0.0,0.5442
2246,4618,77.88,0.07,103.56,32.61,0.3694,0.1847,10.0,90.0,0.0,0.0
2247,4559,76.59,0.3,148.67,240.49,0.8638,0.4319,2.5286,22.9182,0.0,0.4189
2247,4597,287.83,0.85,354.37,192.67,0.6523,0.3261,4.0364,28.2017,0.0,0.2464
2247,4612,152.95,15.84,190.08,153.02,0.5264,0.5264,5.3456,2.5474,0.0,0.3508
2247,4618,75.36,0.04,100.37,32.17,0.3831,0.1915,10.0,90.0,0.0,0.0
2248,4559,75.75,0.0,147.96,239.4,0.8564,0.4282,2.5495,22.8408,0.0,0.4142
2248,4597,294.39,0.59,360.0,192.81,0.5215,0.2607,4.0731,29.1239,0.0,0.1951
2248,4612,156.15,14.96,193.57,152.52,0.79,0.79,5.3772,2.0474,0.0,0.5265
2249,4559,74.65,0.0,146.68,237.77,0.8516,0.4258,2.5813,22.7325,0.0,0.4102
2249,4597,290.23,0.58,357.15,193.42,0.8184,0.4092,4.0277,28.6306,0.0,0.3092
2249,4612,159.2,15.0,196.68,152.4,0.8003,0.8003,5.3844,1.7798,0.0,0.5334
2249,4423,68.02,0.7,100.11,151.38,0.4639,0.2319,5.798,19.0693,121.2048,0.0731
2250,4559,69.45,0.0,142.5,238.46,0.8296,0.4148,2.5827,23.3236,0.0,0.3989
2250,4597,289.06,0.58,356.71,193.66,0.8296,0.4148,4.014,28.5222,0.0,0.3143
2250,4612,161.81,15.27,199.27,152.25,0.5737,0.5737,5.3944,1.7014,0.0,0.3824
2251,4559,71.52,0.0,143.33,234.18,0.7407,0.3704,2.6554,22.5812,0.0,0.3532
2251,4597,289.06,0.2,357.6,194.86,0.8384,0.4192,3.9759,28.652,0.0,0.3196
2251,4612,164.59,15.22,202.07,152.46,0.8101,0.8101,5.3807,1.8708,0.0,0.5399
2251,4423,63.57,0.15,95.01,146.86,0.5352,0.2676,6.18,19.8984,160.4566,0.0839
2252,4559,66.01,0.0,138.62,232.56,0.8076,0.4038,2.7015,22.9396,0.0,0.3823
2252,4597,288.51,0.25,357.4,194.94,0.8574,0.4287,3.9707,28.6002,0.0,0.3272
2252,4612,168.0,15.47,205.84,153.09,0.7217,0.7217,5.34,2.3503,0.0,0.4809
2253,4559,65.23,0.0,137.13,230.85,0.8535,0.4268,2.7378,22.8487,0.0,0.4021
2253,4597,288.06,0.17,357.58,195.8,0.8369,0.4184,3.9409,28.6262,0.0,0.321
2253,4612,169.4,15.75,207.39,152.94,0.7988,0.7988,5.3508,2.5228,0.0,0.5323
2254,4559,63.65,0.0,133.53,226.22,0.8306,0.4153,2.8386,22.5722,146.9506,0.2475
2254,4597,287.68,0.24,357.79,196.58,0.833,0.4165,3.9144,28.656,0.0,0.3209
2254,4612,170.7,16.06,208.91,153.06,0.8237,0.8237,5.3438,2.7459,0.0,0.5488
2255,4559,61.38,0.0,130.0,223.11,0.8442,0.4221,2.9139,22.5561,0.0,0.388
2255,4597,287.41,0.45,357.72,196.13,0.8901,0.4451,3.9282,28.6061,0.0,0.3422
2255,4612,174.88,16.82,213.46,153.19,0.7861,0.7861,5.3392,3.4723,0.0,0.5236
2256,4559,59.32,0.02,125.86,219.0,0.8936,0.4468,3.0156,22.4792,147.0154,0.2558
2256,4597,286.6,0.34,356.94,195.76,0.8608,0.4304,3.9352,28.4673,0.0,0.3307
2256,4612,178.4,17.58,217.93,152.95,0.8237,0.8237,5.36,4.1611,0.0,0.5484
2257,4559,57.3,0.06,122.24,216.59,0.8828,0.4414,3.082,22.5897,0.0,0.3959
2257,4597,287.06,0.49,357.85,196.17,0.9014,0.4507,3.9261,28.5919,0.0,0.3467
2257,4612,177.34,17.68,217.17,152.67,0.8657,0.8657,5.3775,3.9686,0.0,0.5764
2258,4559,55.51,0.17,119.5,216.34,0.8813,0.4406,3.097,22.8732,0.0,0.394
2258,4597,285.9,0.26,356.48,195.58,0.9072,0.4536,3.9374,28.3707,0.0,0.3485
2258,4612,178.88,18.2,219.43,152.55,0.8584,0.8584,5.3882,4.3098,0.0,0.5715
2259,4559,54.71,0.03,117.95,216.5,0.8936,0.4468,3.098,23.0522,0.0,0.3993
2259,4597,285.19,0.46,355.41,195.54,0.8901,0.4451,3.9329,28.2352,0.0,0.3424
2259,4612,179.46,18.89,220.69,152.69,0.8062,0.8062,5.3801,4.4936,0.0,0.5366
2260,4559,52.73,0.07,115.46,215.87,0.8262,0.4131,3.1222,23.2951,0.0,0.3676
2260,4597,284.42,0.16,354.14,194.77,0.8496,0.4248,3.9521,28.0395,0.0,0.3259
2260,4612,179.78,18.83,221.84,152.65,0.7769,0.7769,5.384,4.6289,0.0,0.5171
2261,4559,50.38,0.28,113.06,215.51,0.8516,0.4258,3.1409,23.5891,0.0,0.3776
2261,4597,283.2,0.23,352.76,195.04,0.8237,0.4118,3.9345,27.8584,0.0,0.3172
2261,4612,179.85,18.55,222.56,152.16,0.8594,0.8594,5.4177,4.6666,0.0,0.572
2262,4559,46.19,0.08,109.92,215.8,0.8877,0.4439,3.1501,24.1312,0.0,0.3924
2262,4597,281.31,0.17,350.72,194.58,0.9097,0.4548,3.9373,27.5353,0.0,0.3505
2262,4612,180.81,17.95,224.0,151.98,0.7861,0.7861,5.4319,4.8839,0.0,0.5231
2263,4559,43.41,0.19,108.28,216.14,0.8931,0.4466,3.1519,24.4743,0.0,0.3944
2263,4597,279.9,0.14,349.58,195.16,0.9062,0.4531,3.9096,27.3749,0.0,0.351
2263,4612,184.34,17.53,226.47,147.45,0.6216,0.6216,5.7635,5.2626,160.8392,0.2063
2264,4559,41.56,0.24,107.26,214.9,0.5718,0.2859,3.1883,24.5573,0.0,0.251
2264,4597,278.76,0.14,348.33,195.09,0.8745,0.4373,3.9044,27.1893,0.0,0.3393
2264,4612,186.81,16.92,228.38,143.65,0.6602,0.6602,6.071,5.6622,162.3671,0.219
2265,4559,39.78,0.26,106.82,215.5,0.8877,0.4439,3.1789,24.7708,0.0,0.3901
2265,4597,276.5,0.23,346.4,195.53,0.8052,0.4026,3.8766,26.8962,0.0,0.3142
2265,4612,191.98,16.39,234.51,143.78,0.7671,0.7671,6.0745,6.8112,92.1004,0.2539
2266,4559,39.43,0.73,107.27,215.85,0.8628,0.4314,3.1703,24.7969,0.0,0.3796
2266,4597,275.5,0.17,345.88,196.72,0.9136,0.4568,3.8329,26.8526,0.0,0.3592
2266,4612,192.22,16.16,234.55,143.53,0.8027,0.8027,6.0958,6.8401,0.0,0.5332
2267,4559,39.81,1.38,108.11,216.11,0.8535,0.4268,3.1613,24.7359,0.0,0.3761
2267,4597,274.04,0.15,344.88,197.63,0.917,0.4585,3.7962,26.7223,0.0,0.3629
2267,4612,194.44,16.05,236.0,141.46,0.7104,0.7104,6.2797,7.2301,160.7106,0.2349
2268,4559,38.78,1.06,108.16,216.6,0.8423,0.4212,3.1518,24.8514,0.0,0.3715
2268,4597,273.21,0.05,344.58,198.89,0.9121,0.4561,3.7529,26.7169,0.0,0.3636
2268,4612,197.93,15.97,239.55,144.0,0.8013,0.8013,6.0726,7.9235,26.6879,0.5032
2269,4559,36.99,1.31,107.37,216.8,0.7778,0.3889,3.1531,25.051,0.0,0.3428
2269,4597,273.05,0.01,345.12,201.58,0.9253,0.4627,3.6715,26.9217,0.0,0.3737
2269,4612,201.78,15.96,242.81,144.58,0.8125,0.8125,6.0365,8.6409,0.0,0.5386
2270,4559,36.08,1.3,107.01,215.41,0.8101,0.4051,3.1893,25.01,0.0,0.3552
2270,4597,272.75,0.09,345.99,206.18,0.9282,0.4641,3.5393,27.2793,26.0433,0.3669
2270,4612,203.42,15.97,243.7,144.36,0.834,0.834,6.0591,8.8947,0.0,0.5527
2270,4627,67.16,0.14,110.93,163.52,0.5107,0.2554,4.9958,18.4802,0.0,0.166
2271,4559,34.05,0.46,106.21,214.9,0.8711,0.4355,3.2084,25.1631,0.0,0.3806
2271,4597,272.24,0.12,346.12,209.37,0.9136,0.4568,3.4505,27.4807,0.0,0.3817
2271,4612,205.37,16.09,245.13,143.73,0.8452,0.8452,6.1178,9.2339,0.0,0.5598
2271,4627,66.05,0.03,110.67,166.25,0.8013,0.4007,4.8524,18.7162,20.2973,0.2596
2272,4559,31.74,0.14,104.94,213.61,0.8359,0.4179,3.2488,25.3013,0.0,0.3629
2272,4597,272.68,0.13,346.61,211.66,0.8838,0.4419,3.3924,27.7168,0.0,0.3724
2272,4612,207.9,16.12,247.62,143.04,0.771,0.771,6.186,9.7383,0.0,0.5103
2272,4627,65.52,0.0,111.2,169.98,0.5679,0.2839,4.6634,18.8913,20.1051,0.1912
2273,4559,28.77,0.03,102.76,212.11,0.8711,0.4355,3.2993,25.5394,0.0,0.3749
2273,4597,272.41,0.04,346.53,214.51,0.8936,0.4468,3.3185,27.9079,0.0,0.3807
2273,4612,210.3,16.34,250.48,142.14,0.7769,0.7769,6.2749,10.2682,144.1181,0.2548
2273,4627,66.63,0.4,112.1,168.82,0.8384,0.4192,4.715,18.6552,0.0,0.2881
2274,4559,23.07,0.0,98.56,212.98,0.8735,0.4368,3.3024,26.3233,0.0,0.3749
2274,4597,272.83,0.19,345.56,211.98,0.7725,0.3862,3.3816,27.6765,0.0,0.3261
2274,4612,210.77,16.59,251.62,142.1,0.8184,0.8184,6.2818,10.4288,0.0,0.5411
2274,4627,68.58,0.24,114.61,168.9,0.8433,0.4217,4.6987,18.2612,0.0,0.291
2275,4559,17.08,0.06,93.49,210.99,0.8486,0.4243,3.3828,26.9582,0.0,0.359
2275,4597,272.28,0.16,346.4,218.62,0.8486,0.4243,3.2175,28.2119,28.1205,0.3502
2275,4612,211.18,16.8,252.21,141.92,0.3218,0.3218,6.2999,10.5296,0.0,0.2127
2275,4627,68.6,0.08,115.31,169.47,0.8667,0.4334,4.6686,18.226,0.0,0.3008
2276,4559,15.22,0.1,92.59,211.86,0.8467,0.4234,3.3677,27.2237,0.0,0.3587
2276,4597,273.53,0.06,346.38,216.96,0.916,0.458,3.2606,28.1661,0.0,0.3935
2276,4612,212.27,17.32,253.58,142.14,0.7114,0.7114,6.2859,10.7723,0.0,0.4701
2276,4627,68.97,0.12,116.59,171.57,0.8677,0.4339,4.563,18.1923,21.1326,0.2976
2277,4559,12.94,0.11,89.49,210.15,0.8545,0.4273,3.4274,27.4811,0.0,0.3584
2277,4597,274.32,0.11,346.01,215.41,0.9263,0.4632,3.2999,28.075,0.0,0.3956
2277,4612,212.75,17.29,254.44,141.73,0.8286,0.8286,6.3251,10.9084,0.0,0.5474
2277,4627,69.39,0.04,117.93,173.63,0.8813,0.4406,4.463,18.1568,21.7279,0.3076
2278,4559,8.04,0.21,84.56,209.16,0.8682,0.4341,3.4819,28.1177,0.0,0.3602
2278,4597,274.87,0.03,346.47,216.52,0.9004,0.4502,3.2753,28.2316,0.0,0.3858
2278,4612,212.78,17.66,254.77,141.73,0.7671,0.7671,6.3259,10.9441,0.0,0.5067
2278,4627,69.78,0.01,118.46,173.22,0.8691,0.4345,4.4793,18.0512,0.0,0.3127
2279,4559,4.57,0.16,81.12,209.65,0.8931,0.4466,3.4888,28.6474,0.0,0.3695
2279,4597,273.75,0.1,345.41,217.56,0.9038,0.4519,3.2441,28.161,0.0,0.3892
2279,4612,212.9,17.66,255.22,141.92,0.79,0.79,6.3104,10.9991,0.0,0.5218
2279,4627,70.36,0.09,119.28,173.38,0.8818,0.4409,4.4684,17.9376,0.0,0.318
2280,4559,1.23,0.42,77.96,212.74,0.877,0.4385,3.4258,29.3202,0.0,0.3656
2280,4597,272.74,0.03,344.49,217.63,0.9062,0.4531,3.2373,28.0323,0.0,0.3908
2280,4612,212.85,17.52,255.74,142.47,0.8086,0.8086,6.2631,11.042,0.0,0.5341
2280,4627,70.77,0.03,120.01,173.87,0.8701,0.435,4.4433,17.8673,0.0,0.3153
2281,4559,0.0,0.61,74.97,211.97,0.8667,0.4334,3.4586,29.5645,0.0,0.3592
2281,4597,273.34,0.01,345.03,218.18,0.9082,0.4541,3.2271,28.1553,0.0,0.3922
2281,4612,214.59,17.02,257.43,141.85,0.7974,0.7974,6.3256,11.3856,0.0,0.5264
2281,4627,71.59,0.01,120.86,173.55,0.8828,0.4414,4.4536,17.7005,0.0,0.3195
2282,4559,0.0,0.31,74.43,211.69,0.8711,0.4355,3.4676,29.5837,0.0,0.3604
2282,4597,272.44,0.0,344.17,217.98,0.9058,0.4529,3.2272,28.0171,0.0,0.3913
2282,4612,215.89,16.74,258.62,141.34,0.7949,0.7949,6.3772,11.6357,0.0,0.5245
2282,4627,72.53,0.09,121.91,174.05,0.8843,0.4421,4.4261,17.5568,0.0,0.3217
2283,4559,0.0,0.19,74.17,214.0,0.8892,0.4446,3.408,29.7578,0.0,0.3712
2283,4597,273.25,0.46,344.56,217.59,0.896,0.448,3.2398,28.0695,0.0,0.3862
2283,4612,216.77,16.7,259.15,140.51,0.7456,0.7456,6.4562,11.7834,0.0,0.4918
2283,4627,73.38,0.03,122.77,174.31,0.8779,0.439,4.4103,17.4233,0.0,0.3204
2284,4559,0.3,0.52,72.71,210.81,0.877,0.4385,3.4954,29.6255,0.0,0.3612
2284,4597,273.23,0.26,344.31,217.42,0.9097,0.4548,3.2431,28.0372,0.0,0.392
2284,4612,218.74,16.64,260.96,140.86,0.668,0.668,6.4335,12.1512,0.0,0.4403
2284,4627,74.31,0.01,123.65,174.47,0.8804,0.4402,4.3988,17.2747,0.0,0.3221
2285,4559,0.89,0.84,72.41,211.36,0.8711,0.4355,3.4798,29.6413,0.0,0.3597
2285,4597,273.11,0.09,343.98,218.07,0.9189,0.4595,3.2263,28.0577,0.0,0.397
2285,4612,221.24,16.58,262.76,139.14,0.7256,0.7256,6.6056,12.5947,159.2212,0.236
2285,4627,75.33,0.0,124.56,174.41,0.8916,0.4458,4.3968,17.1012,0.0,0.3265
2286,4559,0.86,1.04,71.15,211.39,0.8965,0.4482,3.4829,29.734,0.0,0.3698
2286,4597,272.42,0.12,342.57,217.37,0.8843,0.4421,3.2375,27.8555,0.0,0.3816
2286,4612,222.56,16.6,264.08,140.0,0.7739,0.7739,6.5313,12.8407,0.0,0.5095
2286,4627,76.29,0.0,125.56,174.93,0.8906,0.4453,4.3691,16.9643,0.0,0.3279
2287,4559,1.36,1.21,70.52,211.31,0.896,0.448,3.4854,29.7379,0.0,0.3695
2287,4597,272.33,0.13,341.59,216.8,0.9058,0.4529,3.2485,27.735,0.0,0.3904
2287,4612,223.12,17.05,264.4,140.33,0.6123,0.6123,6.5029,12.9227,0.0,0.403
2287,4627,77.43,0.09,126.32,173.99,0.8936,0.4468,4.4064,16.7332,0.0,0.3269
2288,4559,2.11,1.93,69.58,209.34,0.8965,0.4482,3.5393,29.6233,0.0,0.3666
2288,4597,270.97,0.04,339.6,216.57,0.9062,0.4531,3.2452,27.4819,0.0,0.391
2288,4612,223.63,17.03,264.87,140.46,0.75,0.75,6.4935,13.0169,0.0,0.4936
2288,4627,78.18,0.12,126.97,173.99,0.9043,0.4521,4.4032,16.6098,0.0,0.3311
2289,4559,2.36,2.19,69.12,209.53,0.877,0.4385,3.5348,29.6504,0.0,0.3589
2289,4597,271.06,0.1,338.74,217.12,0.8979,0.449,3.2299,27.4728,0.0,0.3884
2289,4612,223.43,16.91,264.6,140.7,0.687,0.687,6.4701,12.9685,0.0,0.4522
2289,4627,78.93,0.14,127.99,175.46,0.8892,0.4446,4.3342,16.5575,0.0,0.3297
2290,4559,2.0,2.94,67.99,210.55,0.8813,0.4406,3.5116,29.8213,0.0,0.3618
2290,4597,271.35,0.22,338.01,217.78,0.8945,0.4472,3.2129,27.4963,0.0,0.3879
2290,4612,223.34,16.73,264.42,140.61,0.7017,0.7017,6.4776,12.9431,0.0,0.4619
2290,4627,79.55,0.05,128.8,176.56,0.8853,0.4426,4.2836,16.5134,0.0,0.3313
2291,4559,2.52,3.68,67.35,210.01,0.8794,0.4397,3.5266,29.795,0.0,0.3601
2291,4597,271.86,0.17,337.09,217.09,0.811,0.4055,3.2284,27.4109,0.0,0.3509
2291,4612,223.14,17.07,263.7,140.31,0.4883,0.4883,6.5029,12.8565,0.0,0.3215
2291,4627,79.73,0.02,129.58,179.55,0.876,0.438,4.1574,16.6628,22.3,0.3242
2292,4559,3.34,3.95,67.16,209.44,0.8882,0.4441,3.5402,29.714,0.0,0.363
2292,4597,270.84,0.25,335.02,216.82,0.7871,0.3936,3.2269,27.1723,0.0,0.3409
2292,4612,221.25,16.76,262.37,141.22,0.7598,0.7598,6.4109,12.5324,0.0,0.5005
2292,4627,80.55,0.0,129.8,177.72,0.8892,0.4446,4.2303,16.4285,0.0,0.336
2293,4559,4.42,4.22,67.53,209.51,0.833,0.4165,3.5339,29.6159,0.0,0.3409
2293,4597,270.45,0.09,333.52,216.52,0.8315,0.4158,3.2292,27.0147,0.0,0.3602
2293,4612,219.01,16.58,260.4,141.47,0.8027,0.8027,6.3776,12.117,0.0,0.5292
2293,4627,80.5,0.0,130.65,182.18,0.8667,0.4334,4.0496,16.7263,22.7735,0.3264
2294,4559,4.96,3.85,67.36,208.43,0.896,0.448,3.5625,29.5204,0.0,0.3651
2294,4597,268.14,0.12,330.71,217.15,0.7686,0.3843,3.201,26.7089,0.0,0.3347
2294,4612,218.59,16.65,259.93,141.2,0.6621,0.6621,6.3997,12.0319,0.0,0.4366
2294,4627,80.79,0.0,131.07,183.83,0.876,0.438,3.9854,16.8118,0.0,0.345
2295,4559,5.06,2.67,67.17,207.66,0.8853,0.4426,3.5843,29.478,0.0,0.3596
2295,4597,267.58,0.04,329.01,216.82,0.8452,0.4226,3.2032,26.5221,0.0,0.3682
2295,4612,217.86,16.46,259.0,140.95,0.667,0.667,6.4182,11.871,0.0,0.4399
2295,4627,81.49,0.09,131.15,182.68,0.8657,0.4329,4.0273,16.6449,0.0,0.3387
2296,4559,4.82,3.06,65.7,205.52,0.8818,0.4409,3.6508,29.4675,0.0,0.3542
2296,4597,263.2,0.1,324.33,215.85,0.8037,0.4018,3.2042,25.7995,0.0,0.3508
2296,4612,217.67,16.56,258.56,140.72,0.5371,0.5371,6.4376,11.8115,0.0,0.3543
2296,4627,82.44,0.03,131.55,181.46,0.8745,0.4373,4.0716,16.4253,0.0,0.3397
2297,4559,5.57,3.11,65.74,203.89,0.877,0.4385,3.6961,29.312,0.0,0.3499
2297,4597,259.06,0.31,320.65,216.32,0.8892,0.4446,3.174,25.2916,0.0,0.3904
2297,4612,217.26,16.9,257.99,141.06,0.7769,0.7769,6.4043,11.7113,0.0,0.5125
2297,4627,82.59,0.1,132.51,186.07,0.8794,0.4397,3.8964,16.7512,23.5901,0.3394
2298,4559,6.05,3.32,64.97,200.77,0.8794,0.4397,3.7917,29.1499,0.0,0.3454
2298,4597,256.55,0.11,318.74,216.59,0.8862,0.4431,3.1572,25.0066,0.0,0.3904
2298,4612,217.33,17.0,257.74,141.04,0.7988,0.7988,6.4056,11.6938,0.0,0.527
2298,4627,82.99,0.13,133.13,188.51,0.8838,0.4419,3.8081,16.9054,0.0,0.3585
2299,4559,7.69,3.2,64.88,194.66,0.8813,0.4406,3.9853,28.6989,156.2331,0.1885
2299,4597,256.97,0.13,319.08,216.78,0.8413,0.4207,3.1545,25.0778,0.0,0.3707
2299,4612,217.2,16.83,257.43,140.95,0.7515,0.7515,6.4127,11.6514,0.0,0.4958
2299,4627,83.85,0.05,133.27,186.84,0.8735,0.4368,3.8648,16.6609,0.0,0.3512
2300,4559,8.57,3.34,65.19,192.8,0.896,0.448,4.0455,28.5131,0.0,0.3376
2300,4597,252.94,0.14,315.82,216.95,0.9072,0.4536,3.1337,24.5846,0.0,0.4016
2300,4612,217.37,16.84,257.29,140.73,0.8003,0.8003,6.4329,11.6567,0.0,0.528
2300,4627,84.82,0.11,133.73,185.68,0.8789,0.4395,3.9037,16.4325,0.0,0.3512
2301,4559,9.74,3.3,64.9,187.09,0.8965,0.4482,4.2516,28.1676,157.7909,0.1764
2301,4597,250.87,0.23,314.12,216.54,0.876,0.438,3.135,24.2812,0.0,0.388
2301,4612,218.07,16.98,257.53,140.55,0.7822,0.7822,6.4517,11.7514,0.0,0.516
2301,4627,84.93,0.04,134.96,191.43,0.8818,0.4409,3.7022,16.9063,24.6819,0.3505
2302,4559,10.49,3.18,65.06,184.48,0.8877,0.4439,4.3506,27.9799,0.0,0.317
2302,4597,252.77,0.17,315.4,216.66,0.7725,0.3862,3.1393,24.5151,0.0,0.3417
2302,4612,218.7,16.99,257.44,140.11,0.6245,0.6245,6.4937,11.81,0.0,0.4119
2302,4627,85.42,0.2,135.76,194.29,0.8794,0.4397,3.6075,17.1157,0.0,0.3683
2303,4559,10.74,3.23,65.19,183.51,0.9028,0.4514,4.3884,27.9083,0.0,0.3202
2303,4597,250.14,0.06,312.84,216.8,0.877,0.4385,3.1244,24.167,0.0,0.3892
2303,4612,217.56,16.5,256.37,140.37,0.8052,0.8052,6.4642,11.589,0.0,0.5313
2303,4627,86.1,0.07,136.35,194.99,0.8818,0.4409,3.5832,17.0972,0.0,0.3707
2304,4559,10.27,3.15,64.76,182.57,0.8975,0.4487,4.4302,27.9381,0.0,0.3158
2304,4597,251.26,0.2,313.39,216.66,0.8936,0.4468,3.1314,24.2694,0.0,0.396
2304,4612,215.29,16.15,253.91,140.7,0.4092,0.4092,6.4226,11.1179,0.0,0.2702
2304,4627,86.67,0.21,136.96,196.3,0.8867,0.4434,3.5407,17.157,0.0,0.3753
2305,4559,9.4,3.12,64.23,182.68,0.877,0.4385,4.4308,28.0512,0.0,0.3084
2305,4597,251.69,0.35,313.14,216.05,0.8901,0.4451,3.1462,24.2217,0.0,0.3936
2305,4612,213.51,16.44,251.69,140.64,0.627,0.627,6.4189,10.7225,0.0,0.4144
2305,4627,87.01,0.17,137.76,198.97,0.8906,0.4453,3.4588,17.3836,0.0,0.3816
2306,4559,8.52,3.67,63.56,182.22,0.8882,0.4441,4.4556,28.152,0.0,0.3108
2306,4597,252.29,0.68,313.26,216.19,0.8657,0.4329,3.1445,24.2859,0.0,0.3829
2306,4612,213.2,15.74,251.07,140.48,0.5166,0.5166,6.4315,10.6324,0.0,0.3414
2306,4627,87.99,0.25,137.73,194.98,0.8745,0.4373,3.5778,16.8498,154.1868,0.2224
2306,4629,192.75,15.26,248.58,140.02,0.3794,0.3794,6.4279,8.351,0.0,0.2516
2307,4559,7.2,4.07,62.85,182.68,0.8677,0.4339,4.4439,28.3276,0.0,0.3041
2307,4597,252.44,0.53,313.09,216.34,0.876,0.438,3.1409,24.2992,0.0,0.3876
2307,4612,212.89,15.34,250.33,140.66,0.3477,0.3477,6.4127,10.5258,0.0,0.2298
2307,4627,88.2,0.27,138.56,197.74,0.8853,0.4426,3.4918,17.0931,0.0,0.3776
2307,4629,192.14,15.26,248.07,140.32,0.3694,0.3694,6.3983,8.2329,0.0,0.245
2308,4559,6.55,4.21,62.96,183.28,0.9004,0.4502,4.4212,28.394,0.0,0.3168
2308,4597,252.36,0.38,312.49,216.02,0.8726,0.4363,3.147,24.2202,0.0,0.3859
2308,4612,209.08,15.19,245.81,140.35,0.2444,0.2444,6.4233,9.7014,0.0,0.1618
2308,4627,88.71,0.28,138.97,197.36,0.8828,0.4414,3.5016,16.9808,0.0,0.376
2308,4629,189.21,15.45,245.17,141.02,0.5679,0.5679,6.3251,7.6344,0.0,0.3769
2309,4559,6.83,4.54,63.73,183.65,0.8882,0.4441,4.4022,28.3287,0.0,0.3137
2309,4597,251.7,0.32,311.46,216.18,0.8701,0.435,3.1394,24.1178,0.0,0.3853
2309,4627,89.01,0.29,139.52,198.28,0.8804,0.4402,3.4728,17.0283,0.0,0.3767
2309,4629,188.51,15.19,244.28,140.92,0.7769,0.7769,6.3316,7.4758,0.0,0.5157
2310,4559,7.32,4.38,65.13,184.48,0.8433,0.4217,4.3618,28.2188,0.0,0.3003
2310,4597,250.31,0.3,309.67,215.69,0.8262,0.4131,3.1441,23.8465,0.0,0.3659
2310,4627,89.85,0.29,140.63,198.78,0.8525,0.4263,3.4548,16.9479,0.0,0.3658
2310,4629,188.54,14.78,244.26,141.07,0.7441,0.7441,6.3181,7.4743,0.0,0.494
2311,4559,7.11,4.59,65.29,183.98,0.8584,0.4292,4.3821,28.2011,0.0,0.3045
2311,4597,248.68,0.19,306.81,211.87,0.8467,0.4234,3.2277,23.1476,0.0,0.3709
2311,4627,91.39,0.29,140.43,189.88,0.8638,0.4319,3.7325,15.8106,155.2948,0.2115
2311,4629,189.11,15.23,244.2,140.72,0.644,0.644,6.3505,7.5317,0.0,0.4275
2311,4612,208.75,15.37,244.47,139.83,0.5176,0.5176,6.468,9.5435,0.0,0.3427
2312,4559,10.13,4.94,69.46,184.01,0.8384,0.4192,4.355,27.6464,0.0,0.2996
2312,4597,246.05,0.25,304.07,213.34,0.8237,0.4118,3.1796,22.9148,0.0,0.3637
2312,4627,91.52,0.29,141.98,194.52,0.8638,0.4319,3.579,16.2157,25.5408,0.35
2312,4612,207.22,15.04,242.95,140.43,0.7769,0.7769,6.4066,9.2289,0.0,0.5146
2313,4559,10.59,5.73,70.26,183.39,0.8628,0.8628,4.3756,27.521,0.0,0.6145
2313,4597,243.97,0.18,299.2,204.04,0.8564,0.4282,3.4074,21.4764,151.003,0.2237
2313,4627,91.73,0.1,143.46,198.04,0.8862,0.4431,3.469,16.5192,26.42,0.3643
2313,4612,206.1,15.0,241.74,140.64,0.8252,0.8252,6.3829,8.9925,0.0,0.5468
2314,4559,11.37,6.95,71.52,183.83,0.8145,0.8145,4.3506,27.3815,0.0,0.5831
2314,4597,239.92,0.15,293.92,200.31,0.8525,0.4263,3.4937,20.4091,137.5805,0.2188
2314,4627,92.04,0.12,144.12,197.9,0.8862,0.4431,3.4716,16.4326,0.0,0.3797
2314,4612,205.91,15.1,241.28,140.44,0.7271,0.7271,6.4,8.9306,0.0,0.4818
2315,4559,11.78,7.96,72.25,183.84,0.7822,0.7822,4.3461,27.293,0.0,0.5606
2315,4597,237.82,0.14,290.65,196.74,0.8828,0.4414,3.5894,19.6492,147.3663,0.2216
2315,4627,94.53,0.32,146.3,193.27,0.8193,0.4097,3.6066,15.5239,151.2883,0.2077
2315,4612,206.63,15.49,242.07,140.73,0.8003,0.8003,6.3764,9.0773,0.0,0.5302
2316,4559,12.99,8.41,74.24,183.76,0.6665,0.6665,4.3381,27.039,0.0,0.4789
2316,4597,236.59,0.04,288.73,195.48,0.835,0.4175,3.6218,19.2826,0.0,0.3472
2316,4627,95.38,0.3,148.01,193.26,0.9009,0.4505,3.6029,15.3348,0.0,0.3789
2316,4612,206.39,15.57,241.63,140.48,0.8003,0.8003,6.3979,9.0131,0.0,0.5302
2317,4559,13.34,8.76,75.29,183.19,0.8638,0.8638,4.3563,26.9031,0.0,0.6188
2317,4597,238.38,0.01,282.72,161.01,0.3904,0.1952,5.0792,16.4767,161.3274,0.0624
2317,4627,97.75,0.2,151.84,193.53,0.8892,0.4446,3.5851,14.9203,0.0,0.3753
2317,4612,205.91,15.16,241.15,140.19,0.625,0.625,6.4227,8.9219,0.0,0.4141
2318,4559,11.97,9.43,74.65,184.11,0.8862,0.8862,4.3262,27.1028,0.0,0.638
2318,4597,240.11,0.0,281.39,147.44,0.4072,0.2036,5.9952,16.1918,164.1371,0.0652
2318,4627,98.77,0.07,154.47,194.93,0.8936,0.4468,3.5361,14.8455,0.0,0.3801
2318,4612,206.0,14.65,241.5,140.69,0.6582,0.6582,6.3778,8.9577,0.0,0.4361
2319,4559,11.14,9.85,73.8,182.79,0.8994,0.8994,4.3855,27.1749,0.0,0.6402
2319,4597,236.0,0.0,278.7,149.47,0.6611,0.3306,5.8192,15.5671,26.236,0.205
2319,4627,98.98,0.2,156.12,196.47,0.9146,0.4573,3.4865,14.9246,0.0,0.392
2319,4612,205.87,15.62,241.08,140.93,0.543,0.543,6.355,8.8991,0.0,0.3598
2320,4559,8.1,10.46,69.9,181.74,0.8813,0.8813,4.4539,27.6724,0.0,0.6181
2320,4597,237.85,0.38,279.14,144.6,0.6772,0.3386,6.212,15.7492,164.5384,0.1086
2320,4627,100.91,0.07,159.8,197.24,0.9082,0.4541,3.456,14.6562,0.0,0.3913
2320,4612,205.53,15.62,240.71,140.83,0.6899,0.6899,6.3627,8.8294,0.0,0.4572
2321,4559,8.01,10.95,68.69,178.93,0.9043,0.9043,4.5793,27.6611,159.5872,0.3177
2321,4627,101.54,0.02,161.49,196.68,0.916,0.458,3.4698,14.4249,0.0,0.394
2321,4612,206.04,16.32,240.88,140.0,0.7866,0.7866,6.4399,8.9113,0.0,0.5212
2322,4559,6.91,10.55,67.07,177.62,0.8862,0.8862,4.6479,27.8248,0.0,0.5982
2322,4627,102.14,0.0,163.52,197.56,0.8867,0.4434,3.4403,14.3813,0.0,0.3831
2322,4612,205.73,16.32,240.37,139.27,0.7422,0.7422,6.5066,8.844,0.0,0.4919
2322,4632,207.4,0.45,279.39,195.36,0.5137,0.2569,3.5533,16.337,0.0,0.2173
2323,4559,5.61,10.01,65.23,176.79,0.8467,0.8467,4.6977,28.0406,0.0,0.5655
2323,4627,104.46,0.18,168.12,200.02,0.9062,0.4531,3.3608,14.3204,0.0,0.3964
2323,4612,205.72,16.81,240.48,140.21,0.6372,0.6372,6.4192,8.8354,0.0,0.4223
2323,4632,201.9,0.43,272.14,189.81,0.3999,0.1999,3.7117,14.7231,142.5628,0.0988
2323,4597,235.6,0.0,277.78,147.83,0.2698,0.1349,5.9401,15.4223,17.3888,0.0863
2324,4559,5.1,9.52,61.88,169.3,0.8423,0.8423,5.0822,28.109,161.4367,0.2477
2324,4627,105.06,0.25,170.77,202.41,0.9077,0.4538,3.2905,14.5014,0.0,0.4012
2324,4612,205.09,16.71,239.31,139.17,0.7026,0.7026,6.5129,8.6764,0.0,0.4657
2324,4632,197.61,0.2,268.64,190.85,0.5879,0.2939,3.6655,14.2774,0.0,0.2452
2325,4559,4.94,9.03,59.99,164.61,0.8525,0.4263,5.3508,28.1553,162.3488,0.1253
2325,4627,105.37,0.18,172.88,205.32,0.8989,0.4495,3.2098,14.8294,0.0,0.4019
2325,4612,204.24,16.76,237.65,137.85,0.7295,0.7295,6.6353,8.4608,159.917,0.2405
2325,4597,227.12,0.0,270.81,151.42,0.7334,0.3667,5.6315,13.993,31.2793,0.2231
2326,4559,4.47,8.85,59.15,164.31,0.8584,0.4292,5.374,28.2524,0.0,0.2691
2326,4627,105.73,0.16,174.62,207.87,0.9072,0.4536,3.1418,15.1318,0.0,0.4095
2326,4612,203.75,16.4,235.73,134.55,0.7202,0.7202,6.9694,8.3488,165.2485,0.2375
2326,4597,225.14,0.0,268.36,149.09,0.563,0.2815,5.7894,13.5232,156.8361,0.0912
2327,4559,4.6,8.78,58.45,162.56,0.8369,0.4184,5.4808,28.2613,162.7669,0.1229
2327,4627,105.78,0.15,175.35,209.36,0.8936,0.4468,3.1037,15.3361,0.0,0.4055
2327,4612,202.9,16.19,234.96,137.85,0.4844,0.4844,6.6281,8.0593,14.6648,0.3161
2327,4597,223.99,0.0,266.7,148.0,0.6094,0.3047,5.8646,13.2355,0.0,0.2004
2328,4559,4.59,8.75,58.12,162.56,0.8315,0.4158,5.4823,28.2882,0.0,0.2606
2328,4627,106.13,0.05,175.65,209.52,0.8828,0.4414,3.0991,15.3304,0.0,0.4009
2328,4597,219.95,0.0,263.08,148.0,0.3123,0.1562,5.8457,12.4877,0.0,0.1029
2328,4632,191.07,0.17,258.9,180.42,0.3091,0.1545,4.0169,11.7468,150.7194,0.0707
2329,4559,4.82,8.65,57.98,161.96,0.8721,0.436,5.5185,28.2694,0.0,0.2734
2329,4627,108.14,0.11,177.57,209.72,0.9072,0.4536,3.0905,15.1744,0.0,0.4126
2329,4632,191.36,0.0,263.45,188.64,0.7544,0.3772,3.7238,13.1668,25.8236,0.2998
2330,4559,5.16,8.61,57.86,161.42,0.8574,0.8574,5.5509,28.2417,0.0,0.5376
2330,4627,110.12,0.13,179.3,209.76,0.9072,0.4536,3.0863,15.0093,0.0,0.413
2330,4632,193.32,0.37,267.4,192.89,0.2487,0.1244,3.5918,14.1528,31.1396,0.099
2330,4597,213.25,0.0,256.74,146.05,0.5601,0.2801,5.9678,11.184,129.81,0.0916
2331,4559,5.34,8.5,58.0,161.56,0.833,0.833,5.5407,28.219,0.0,0.5223
2331,4627,112.6,0.14,182.71,212.42,0.8516,0.4258,3.0171,15.2107,0.0,0.3915
2331,4632,198.91,0.53,272.77,193.73,0.2759,0.1379,3.5806,15.0369,0.0,0.1165
2331,4597,209.91,0.17,254.22,146.4,0.5601,0.2801,5.9275,10.6059,0.0,0.1851
2332,4559,5.99,8.55,58.52,161.65,0.8574,0.8574,5.5299,28.1277,0.0,0.5378
2332,4627,113.27,0.23,181.96,210.53,0.8979,0.449,3.0626,14.8869,0.0,0.4102
2332,4632,194.85,0.23,269.81,194.31,0.686,0.343,3.5524,14.617,0.0,0.2912
2333,4559,8.37,8.48,61.21,161.27,0.7178,0.7178,5.5308,27.716,0.0,0.4511
2333,4627,115.33,0.55,185.9,218.3,0.8711,0.4355,2.8786,16.0163,32.0755,0.3858
2333,4632,193.48,0.21,265.94,187.02,0.645,0.3225,3.7859,13.2888,154.0172,0.1568
2334,4559,9.79,8.63,63.02,161.44,0.8433,0.8433,5.506,27.46,0.0,0.5305
2334,4627,117.03,0.3,184.92,212.22,0.8779,0.439,3.017,14.9146,150.4936,0.2574
2334,4632,189.47,1.26,263.07,189.73,0.6982,0.3491,3.6842,13.1551,34.5931,0.2704
2335,4559,12.09,8.69,66.04,161.54,0.833,0.833,5.4766,27.0324,0.0,0.525
2335,4627,119.24,0.2,186.41,211.52,0.8867,0.4434,3.0312,14.654,0.0,0.4071
2335,4632,187.24,0.52,260.06,187.54,0.8101,0.4051,3.7521,12.4892,0.0,0.3342
2336,4559,13.23,9.18,67.52,161.24,0.5186,0.5186,5.4837,26.8136,0.0,0.3271
2336,4627,121.15,0.35,187.41,210.68,0.8525,0.4263,3.0496,14.4003,0.0,0.3905
2336,4632,186.8,2.96,257.49,184.85,0.5938,0.2969,3.8435,11.9073,0.0,0.2416
2337,4559,15.43,9.18,70.65,161.34,0.7163,0.7163,5.4548,26.3805,0.0,0.4527
2337,4627,121.98,0.22,189.65,217.88,0.8677,0.4339,2.8814,15.6043,30.9872,0.3858
2337,4632,184.33,1.14,253.47,180.54,0.7559,0.378,3.9972,10.8542,151.0808,0.1743
2337,4636,233.88,16.48,252.91,147.38,0.5273,0.5273,5.9026,12.8483,0.0,0.3471
2338,4559,16.19,9.08,72.35,162.05,0.7886,0.7886,5.4013,26.1937,0.0,0.4987
2338,4627,123.22,0.17,189.81,216.97,0.8315,0.4158,2.9008,15.3976,0.0,0.3886
2338,4632,181.65,0.84,250.47,181.72,0.396,0.198,3.9457,10.6184,0.0,0.1587
2338,4597,191.88,0.15,236.9,143.76,0.4658,0.2329,6.0793,7.0435,112.2791,0.077
2339,4559,18.04,9.51,74.71,161.78,0.7026,0.7026,5.4,25.841,0.0,0.445
2339,4627,124.62,0.06,191.73,221.84,0.8779,0.439,2.794,16.1953,32.591,0.3929
2339,4632,180.05,0.35,247.47,180.5,0.5918,0.2959,3.9878,10.1276,0.0,0.2357
2339,4636,229.47,16.3,248.78,145.86,0.6177,0.6177,6.0018,11.9981,135.1733,0.2014
2340,4559,19.72,10.04,76.41,161.41,0.7305,0.7305,5.4085,25.5528,0.0,0.4632
2340,4627,125.84,0.01,192.27,222.82,0.8403,0.4202,2.7728,16.3307,0.0,0.3992
2340,4632,179.59,0.36,247.1,182.89,0.7686,0.3843,3.8962,10.4283,0.0,0.3106
2340,4636,229.09,16.51,249.22,147.96,0.5469,0.5469,5.8376,12.0243,16.2773,0.3533
2341,4559,21.22,10.14,77.78,160.92,0.7871,0.7871,5.4265,25.3032,0.0,0.4996
2341,4627,129.2,0.0,192.61,214.29,0.8359,0.4179,2.9571,14.6644,149.3698,0.2486
2341,4632,177.63,0.65,244.03,183.61,0.5679,0.2839,3.865,10.2223,0.0,0.2308
2341,4636,227.29,16.17,248.29,147.51,0.4551,0.4551,5.8659,11.7501,0.0,0.3002
2342,4559,23.75,10.08,80.03,159.82,0.7471,0.7471,5.475,24.8796,0.0,0.475
2342,4627,129.87,0.09,195.1,223.51,0.8086,0.4043,2.7556,16.3043,31.9828,0.3646
2342,4597,184.96,0.0,229.78,142.36,0.3408,0.1704,6.18,5.6259,121.6961,0.0565
2343,4559,25.23,9.77,81.75,160.73,0.8306,0.8306,5.4058,24.6298,0.0,0.5285
2343,4627,131.96,0.03,195.26,218.89,0.8203,0.4102,2.852,15.3988,0.0,0.386
2343,4597,179.79,0.0,232.31,172.3,0.5234,0.2617,4.3153,7.8678,21.5047,0.1915
2343,4636,229.16,16.16,251.22,148.8,0.3416,0.3416,5.779,12.2395,34.6348,0.205
2344,4559,26.56,9.56,82.83,160.8,0.8516,0.8516,5.3919,24.4279,0.0,0.5423
2344,4627,134.93,0.38,192.92,201.36,0.4233,0.2117,3.2809,12.0799,152.5939,0.1175
2344,4597,177.73,0.0,231.16,180.05,0.4844,0.2422,3.9892,8.8937,23.415,0.1865
2344,4636,230.74,16.27,253.78,150.03,0.7148,0.7148,5.698,12.6654,0.0,0.4707
2345,4559,27.71,9.29,83.64,161.03,0.8564,0.8564,5.3702,24.2672,0.0,0.5457
2345,4627,135.1,0.22,195.88,213.25,0.6768,0.3384,2.9776,14.2622,29.8961,0.2984
2345,4636,232.17,16.14,256.25,151.59,0.5391,0.5391,5.5958,13.0774,27.6167,0.3343
2345,4640,184.98,0.45,227.33,101.87,0.3567,0.1784,13.54,10.1015,0.0,0.118
2346,4559,28.86,9.1,84.21,160.48,0.8516,0.8516,5.3969,24.1086,0.0,0.543
2346,4627,137.37,0.72,199.7,220.55,0.6724,0.3362,2.8132,15.5405,33.1929,0.2998
2346,4636,232.96,16.14,258.03,153.65,0.6372,0.6372,5.4606,13.3788,20.8439,0.4051
2347,4559,29.77,8.65,84.31,158.98,0.8535,0.8535,5.4862,23.99,0.0,0.5444
2347,4627,144.69,0.46,211.27,230.05,0.8467,0.4234,2.6206,17.1834,43.0111,0.3723
2347,4636,233.66,15.98,259.56,154.13,0.8037,0.8037,5.4339,13.6072,0.0,0.5283
2348,4559,30.91,8.77,83.83,155.44,0.8413,0.8413,5.716,23.8685,163.119,0.2564
2348,4627,147.79,0.62,216.64,233.66,0.8574,0.4287,2.5541,17.8598,0.0,0.4187
2348,4636,234.29,15.75,261.05,155.49,0.7769,0.7769,5.3501,13.8525,0.0,0.5104
2349,4559,31.76,8.62,83.92,154.03,0.8516,0.8516,5.8098,23.7666,0.0,0.5437
2349,4627,149.18,0.42,220.06,236.64,0.8945,0.4472,2.5017,18.43,0.0,0.4395
2349,4636,235.4,16.2,262.73,156.81,0.7612,0.7612,5.273,14.1634,0.0,0.4998
2350,4559,33.47,8.88,84.78,152.88,0.8516,0.8516,5.881,23.5299,0.0,0.5441
2350,4627,150.3,0.15,223.5,240.27,0.877,0.4385,2.4403,19.1242,0.0,0.4269
2351,4559,35.05,9.16,85.67,152.48,0.8496,0.8496,5.8997,23.3114,0.0,0.5433
2351,4627,152.34,0.05,226.69,241.41,0.8853,0.4426,2.4223,19.3731,0.0,0.4297
2351,4636,237.71,16.17,264.74,152.37,0.7656,0.7656,5.5767,14.4479,161.9028,0.2471
2352,4559,36.24,8.87,86.49,152.28,0.8423,0.8423,5.9059,23.1347,0.0,0.539
2352,4627,153.76,0.19,228.92,242.68,0.9009,0.4505,2.4023,19.6393,0.0,0.4358
2352,4636,238.55,16.1,265.84,151.39,0.7695,0.7695,5.6506,14.6133,0.0,0.5047
2353,4559,37.97,8.86,87.58,151.57,0.8535,0.8535,5.9464,22.8811,0.0,0.5466
2353,4627,155.49,0.25,231.36,244.0,0.8403,0.4202,2.3821,19.9251,0.0,0.4052
2353,4636,238.73,15.76,267.06,151.44,0.7056,0.7056,5.6508,14.7484,0.0,0.4627
2354,4559,39.17,8.87,88.39,151.81,0.8555,0.8555,5.9204,22.7084,0.0,0.5482
2354,4627,153.5,0.45,229.61,245.35,0.8745,0.4373,2.3597,20.1266,0.0,0.4202
2354,4636,240.1,15.12,268.4,148.1,0.8076,0.8076,5.9051,14.9579,163.2297,0.2601
2355,4559,40.23,8.98,88.79,151.08,0.8467,0.8467,5.9685,22.5725,0.0,0.5428
2355,4627,155.52,0.81,233.35,252.32,0.8496,0.4248,2.2554,21.4349,39.7655,0.3684
2355,4636,242.16,14.84,267.85,130.91,0.3748,0.3748,7.5782,15.2985,167.3507,0.1205
2356,4559,40.84,9.36,89.01,151.21,0.8306,0.8306,5.9555,22.5011,0.0,0.5327
2356,4627,156.35,0.3,235.69,258.47,0.8262,0.4131,2.1692,22.5512,0.0,0.3844
2356,4636,241.77,14.54,270.05,140.96,0.835,0.835,6.5162,15.2663,14.8044,0.5376
2357,4559,41.47,9.6,89.41,151.47,0.8677,0.8677,5.932,22.4137,0.0,0.5566
2357,4627,157.41,0.11,237.16,261.3,0.8262,0.4131,2.1318,23.0726,0.0,0.3818
2357,4636,242.18,14.36,270.63,139.24,0.8203,0.8203,6.6817,15.3778,165.4566,0.2636
2358,4559,41.53,9.69,89.34,151.58,0.877,0.877,5.9239,22.4158,0.0,0.5626
2358,4627,157.87,0.03,237.17,261.65,0.8618,0.4309,2.1273,23.1389,0.0,0.3979
2358,4636,242.79,14.36,271.44,137.5,0.7925,0.7925,6.8586,15.5376,165.4523,0.2545
2359,4559,41.65,9.35,89.43,151.64,0.8628,0.8628,5.9186,22.3981,0.0,0.5535
2359,4636,245.14,14.35,273.69,130.95,0.5361,0.5361,7.6058,16.1266,167.0077,0.1717
2359,4632,163.87,0.39,224.23,165.94,0.5078,0.2539,4.6021,5.3473,0.0,0.1824
2360,4559,42.1,9.66,89.55,151.31,0.8916,0.8916,5.9407,22.3443,0.0,0.5721
2360,4636,245.5,14.16,276.5,139.59,0.6792,0.6792,6.6787,16.2481,14.7295,0.4363
2360,4627,158.33,0.62,234.29,253.67,0.7407,0.3704,2.2369,21.7194,142.3061,0.2251
2361,4559,42.25,10.83,89.37,151.57,0.8228,0.8228,5.9216,22.3499,0.0,0.5279
2361,4636,248.01,13.59,280.59,141.54,0.7441,0.7441,6.5187,16.8563,29.773,0.4527
2361,4627,159.41,0.78,235.78,255.85,0.6968,0.3484,2.2067,22.1356,0.0,0.3262
2362,4559,42.8,10.14,89.89,151.49,0.8369,0.8369,5.9232,22.2549,0.0,0.5372
2362,4636,248.72,13.37,282.17,142.59,0.7627,0.7627,6.4318,17.0674,0.0,0.4973
2362,4627,158.88,0.64,235.14,256.03,0.6909,0.3454,2.2037,22.1512,0.0,0.3233
2363,4559,43.47,10.16,90.31,151.66,0.833,0.833,5.9063,22.1609,0.0,0.5348
2363,4636,248.16,13.21,284.07,150.81,0.7441,0.7441,5.774,17.2416,16.6106,0.4746
2363,4627,158.64,0.74,235.03,256.92,0.8101,0.4051,2.1912,22.3019,0.0,0.3783
2364,4559,44.55,10.44,90.85,151.36,0.8545,0.8545,5.9219,22.0146,0.0,0.5489
2364,4636,249.51,13.54,285.33,147.92,0.811,0.811,6.0005,17.4524,163.3751,0.2579
2364,4627,159.77,0.55,236.28,256.41,0.6738,0.3369,2.1991,22.2451,0.0,0.315
2364,4632,151.27,0.0,204.91,159.74,0.384,0.192,4.9287,3.2602,136.5237,0.0657
2365,4559,45.79,10.36,91.63,151.16,0.7227,0.7227,5.9287,21.8337,0.0,0.4645
2365,4636,250.58,13.68,288.32,152.55,0.5957,0.5957,5.671,17.8916,18.71,0.377
2365,4627,168.78,0.45,244.28,259.92,0.4941,0.247,2.158,23.1336,0.0,0.2292
2365,4632,152.37,0.0,203.09,158.02,0.4766,0.2383,5.0291,2.921,160.955,0.0793
2366,4559,46.91,10.21,92.14,150.26,0.7939,0.7939,5.9896,21.6796,0.0,0.5105
2366,4636,253.95,13.8,294.07,155.26,0.4534,0.4534,5.5158,18.7863,34.8077,0.2672
2366,4627,175.9,0.38,248.82,259.0,0.4065,0.2032,2.1771,23.2291,0.0,0.189
2366,4632,152.97,0.0,202.81,161.83,0.6841,0.3421,4.8117,3.6907,19.4731,0.2299
2366,4640,188.19,0.0,243.78,136.01,0.6011,0.3005,6.8028,7.5438,0.0,0.1995
2367,4559,47.99,10.08,92.42,148.62,0.7793,0.7793,6.1107,21.5444,162.647,0.2416
2367,4636,255.33,14.33,296.67,155.0,0.4456,0.4456,5.5463,19.1446,0.0,0.2889
2367,4627,179.64,0.33,250.3,257.7,0.4111,0.2056,2.1984,23.1404,0.0,0.1918
2367,4632,156.89,0.0,197.99,131.95,0.4377,0.2188,7.1833,2.5341,166.6843,0.0729
2367,4640,189.36,0.0,244.22,135.73,0.3831,0.1915,6.8344,7.715,0.0,0.1271
2368,4559,49.32,10.75,92.72,146.62,0.8271,0.8271,6.2652,21.3874,163.1042,0.2567
2368,4636,250.75,14.35,293.99,162.5,0.7192,0.7192,5.0614,18.6981,19.5915,0.4529
2368,4627,182.18,0.29,251.05,257.38,0.7334,0.3667,2.2051,23.1734,0.0,0.3424
2368,4632,155.08,0.04,201.47,152.81,0.6899,0.3449,5.3569,1.8473,17.6188,0.2245
2369,4559,50.37,10.84,93.2,145.41,0.8433,0.8433,6.3602,21.2467,0.0,0.5431
2369,4636,250.49,15.17,292.74,162.03,0.7227,0.7227,5.0836,18.5443,0.0,0.4693
2369,4627,188.19,0.26,255.77,257.06,0.7441,0.372,2.2177,23.4263,0.0,0.3478
2369,4632,150.13,0.04,199.12,160.15,0.645,0.3225,4.9062,3.4993,21.2169,0.2115
2370,4559,51.59,10.86,94.25,145.09,0.7559,0.7559,6.3781,21.0429,0.0,0.4871
2370,4636,253.9,15.5,296.34,162.41,0.7671,0.7671,5.0833,19.1918,0.0,0.4972
2370,4627,192.07,0.5,259.3,257.58,0.6646,0.3323,2.2166,23.7412,0.0,0.3104
2370,4632,146.6,0.0,197.65,165.32,0.7422,0.3711,4.629,4.6681,22.2866,0.2561
2371,4559,52.56,10.59,95.02,144.62,0.7598,0.7598,6.4113,20.886,0.0,0.4899
2371,4636,255.29,16.08,297.55,161.86,0.4941,0.4941,5.123,19.4072,0.0,0.32
2371,4627,193.46,0.4,259.2,256.29,0.7441,0.372,2.2359,23.5769,0.0,0.3486
2371,4632,144.49,0.0,196.46,166.58,0.7778,0.3889,4.5664,5.0316,0.0,0.2813
2372,4559,53.63,10.46,95.84,144.18,0.7217,0.7217,6.4418,20.7157,0.0,0.4656
2372,4636,255.66,16.29,297.71,161.41,0.395,0.395,5.1507,19.4402,0.0,0.2558
2372,4627,201.11,0.25,268.59,257.19,0.8052,0.4026,2.2396,24.3174,0.0,0.3767
2372,4632,141.86,0.0,195.0,167.48,0.7808,0.3904,4.5234,5.3724,0.0,0.2845
2373,4559,56.58,10.34,99.29,144.05,0.7769,0.7769,6.4272,20.1373,0.0,0.5021
2373,4636,258.75,16.46,297.32,147.78,0.3032,0.3032,6.0861,19.416,164.3936,0.0953
2373,4627,206.01,0.55,275.84,257.15,0.2458,0.1229,2.2534,24.7824,0.0,0.1151
2373,4632,140.2,0.0,193.74,165.57,0.6074,0.3037,4.6199,5.1732,0.0,0.2174
2373,4640,201.03,0.35,257.98,142.66,0.6104,0.3052,6.2258,10.0885,31.7601,0.1867
2374,4559,58.3,9.85,101.61,144.2,0.6226,0.6226,6.3982,19.7699,0.0,0.4028
2374,4636,257.75,16.41,300.75,162.26,0.5859,0.5859,5.118,19.9284,18.642,0.3687
2374,4627,209.47,0.66,282.3,258.43,0.7231,0.3615,2.2471,25.3788,0.0,0.3377
2374,4632,138.54,0.03,193.12,166.65,0.7861,0.3931,4.5666,5.4828,0.0,0.2841
2375,4559,59.79,10.23,103.78,144.1,0.7769,0.7769,6.3927,19.4356,0.0,0.5032
2375,4636,260.29,16.58,303.22,161.62,0.4216,0.4216,5.1713,20.3555,0.0,0.2723
2375,4627,213.44,0.31,290.35,259.1,0.7051,0.3525,2.2531,25.9919,0.0,0.3291
2375,4632,137.35,0.07,192.59,166.84,0.3242,0.1621,4.558,5.6101,0.0,0.1174
2376,4559,59.93,10.25,103.91,144.26,0.6816,0.6816,6.3778,19.4109,0.0,0.4415
2376,4636,262.82,15.9,307.94,169.79,0.647,0.647,4.7547,21.2943,22.1895,0.4218
2376,4627,216.9,0.17,296.35,257.67,0.8442,0.4221,2.2862,26.2203,0.0,0.3956
2376,4632,135.78,0.0,191.83,167.62,0.8237,0.4118,4.5208,5.8745,0.0,0.3002
2377,4559,63.34,10.82,108.02,144.62,0.4746,0.4746,6.3185,18.7199,0.0,0.308
2377,4636,264.53,15.47,310.79,173.91,0.7393,0.7393,4.5716,21.8723,24.135,0.4958
2377,4627,217.36,0.11,299.72,257.4,0.8237,0.4118,2.2956,26.3621,0.0,0.3863
2377,4632,133.54,0.0,190.38,167.89,0.7256,0.3628,4.5097,6.1386,0.0,0.2649
2378,4559,64.6,10.76,109.9,144.67,0.5254,0.5254,6.3027,18.4295,0.0,0.3413
2378,4636,267.12,14.84,313.78,176.1,0.8125,0.8125,4.4897,22.4518,0.0,0.5764
2378,4627,216.74,0.46,301.67,257.75,0.8853,0.4426,2.2925,26.4722,0.0,0.4149
2378,4632,131.74,0.0,189.3,167.78,0.7422,0.3711,4.5168,6.3022,0.0,0.2706
2378,4650,62.6,10.74,94.95,144.62,0.5166,0.5166,6.3712,19.985,0.0,0.334
2379,4559,65.06,10.94,110.7,144.7,0.8403,0.8403,6.2956,18.3128,0.0,0.546
2379,4636,269.18,14.41,315.69,176.06,0.7251,0.7251,4.504,22.7845,0.0,0.5125
2379,4627,207.92,0.21,292.5,257.42,0.3184,0.1592,2.2723,25.6053,0.0,0.1492
2379,4632,130.94,0.0,188.77,166.41,0.6504,0.3252,4.5854,6.1788,0.0,0.2341
2379,4640,218.94,0.7,276.11,143.75,0.458,0.229,6.2193,13.6363,90.8799,0.0742
2380,4559,65.37,11.19,111.13,144.72,0.8237,0.8237,6.2912,18.2441,0.0,0.5353
2380,4636,271.39,13.7,317.73,175.78,0.8013,0.8013,4.5301,23.1282,0.0,0.5629
2380,4627,212.02,0.39,299.03,258.41,0.7964,0.3982,2.2726,26.2211,0.0,0.3725
2380,4632,138.77,0.16,187.84,141.69,0.4785,0.2392,6.2182,3.4651,164.5321,0.0796
2380,4640,222.29,0.78,279.06,143.38,0.3252,0.1626,6.2688,14.2475,0.0,0.1067
2381,4636,276.11,13.7,317.43,155.61,0.4524,0.4524,5.6572,22.8595,163.2737,0.139
2381,4627,212.49,0.17,302.97,261.84,0.8755,0.4377,2.2311,26.8926,0.0,0.4063
2381,4632,132.88,0.63,188.4,159.49,0.4036,0.2018,4.9563,5.0903,19.1844,0.1317
2381,4650,65.83,11.79,97.8,143.63,0.5757,0.5757,6.4335,19.4302,0.0,0.3729
2382,4636,283.54,13.62,313.78,109.52,0.3943,0.3943,12.0387,23.9383,171.9429,0.1201
2382,4627,213.14,0.09,305.48,261.93,0.8667,0.4334,2.2344,27.0481,0.0,0.4022
2382,4632,137.99,0.24,186.08,139.09,0.5439,0.272,6.4561,3.8279,165.1952,0.0904
2382,4559,67.57,12.04,113.65,144.88,0.7422,0.7422,6.2608,17.8051,0.0,0.483
2383,4636,277.94,13.61,322.75,158.75,0.6689,0.6689,5.4801,23.5377,17.4059,0.4172
2383,4627,212.22,0.05,304.63,258.69,0.627,0.3135,2.2769,26.5267,0.0,0.2932
2383,4632,132.76,1.15,187.83,158.44,0.6704,0.3352,5.018,5.0158,18.821,0.2171
2383,4559,65.98,11.97,112.14,144.76,0.709,0.709,6.282,18.0937,0.0,0.461
2384,4627,211.96,0.04,306.64,261.27,0.8135,0.4068,2.2434,26.9577,0.0,0.3781
2384,4632,135.15,0.54,183.18,139.46,0.7559,0.378,6.4264,4.3809,165.1723,0.1256
2384,4559,65.02,11.78,111.4,144.81,0.7393,0.7393,6.2838,18.2517,0.0,0.4805
2385,4627,212.9,0.03,310.49,265.47,0.8677,0.4339,2.1936,27.7407,0.0,0.3995
2385,4632,130.75,1.05,184.34,155.24,0.4736,0.2368,5.2178,5.155,18.1788,0.1536
2385,4559,68.1,11.01,115.18,143.57,0.5859,0.5859,6.3659,17.6121,135.7408,0.1861
2385,4636,280.04,12.12,328.52,173.78,0.2727,0.2727,4.6878,24.6616,21.1546,0.1787
2386,4627,212.43,0.02,311.54,266.49,0.811,0.4055,2.181,27.9031,0.0,0.3725
2386,4632,129.62,1.13,185.76,161.42,0.6333,0.3166,4.8514,5.8065,19.3111,0.2109
2386,4559,68.53,10.77,116.71,143.99,0.8315,0.8315,6.3226,17.4285,0.0,0.5416
2387,4627,213.15,0.02,313.85,266.85,0.791,0.3955,2.1808,28.0869,0.0,0.3631
2387,4632,128.9,0.52,186.01,162.39,0.8628,0.4314,4.7985,5.9672,0.0,0.2984
2387,4559,70.94,10.87,118.94,143.23,0.8193,0.8193,6.3726,16.9934,0.0,0.5343
2388,4627,213.92,0.02,315.76,267.33,0.8442,0.4221,2.1785,28.2713,0.0,0.3872
2388,4632,127.63,0.46,185.29,163.09,0.8755,0.4377,4.7624,6.2142,0.0,0.3048
2388,4559,72.34,10.86,119.95,141.77,0.8594,0.8594,6.4946,16.7712,160.3303,0.2743
2389,4627,217.64,0.02,321.09,267.94,0.8062,0.4031,2.1843,28.7647,0.0,0.3696
2389,4632,127.07,0.34,184.79,162.76,0.791,0.3955,4.781,6.2568,0.0,0.2744
2389,4559,74.52,10.98,121.04,139.13,0.791,0.791,6.7317,16.4838,162.8264,0.2528
2390,4627,219.87,0.01,323.63,267.69,0.8101,0.4051,2.1951,28.9551,0.0,0.3717
2390,4632,126.3,0.3,184.11,162.86,0.8721,0.436,4.7768,6.386,0.0,0.3028
2390,4559,75.18,11.1,121.13,137.73,0.8125,0.8125,6.8679,16.431,165.3357,0.2598
2391,4627,223.24,0.01,327.3,267.56,0.8271,0.4135,2.2082,29.2724,0.0,0.3799
2391,4632,124.33,0.28,182.21,162.96,0.8779,0.439,4.7748,6.7149,0.0,0.3048
2391,4559,77.33,11.09,122.55,136.82,0.7334,0.7334,6.9485,16.1078,0.0,0.4793
2392,4627,225.18,0.01,330.46,272.41,0.562,0.281,2.1544,30.1113,0.0,0.2554
2392,4632,122.17,0.28,179.69,162.6,0.8667,0.4334,4.7987,7.0679,0.0,0.2994
2392,4559,79.75,10.86,124.18,137.02,0.8037,0.8037,6.9138,15.7205,0.0,0.5258
2393,4627,231.0,0.01,335.82,274.86,0.8657,0.4329,2.1427,30.9305,0.0,0.3917
2393,4632,120.79,0.18,177.92,162.34,0.8555,0.4278,4.8161,7.3115,0.0,0.2945
2393,4559,82.27,10.4,125.88,136.93,0.79,0.79,6.9088,15.3205,0.0,0.5173
2394,4627,235.37,0.01,339.98,276.31,0.6426,0.3213,2.1398,31.5025,0.0,0.2901
2394,4632,118.42,0.24,174.32,161.85,0.7627,0.3814,4.8496,7.7889,0.0,0.2607
2394,4559,84.01,10.14,126.55,136.36,0.6836,0.6836,6.9598,15.1012,0.0,0.4479
2394,4636,283.6,1.36,330.73,151.42,0.7041,0.352,6.0426,24.5907,164.2869,0.1067
2395,4627,246.02,0.01,346.05,269.62,0.8159,0.4079,2.2553,31.5658,136.0297,0.2385
2395,4632,116.48,0.17,171.02,161.92,0.8315,0.4158,4.852,8.266,0.0,0.2839
2395,4559,85.59,10.18,127.07,136.3,0.8237,0.8237,6.9592,14.9018,0.0,0.5399
2396,4627,254.45,0.01,351.99,269.34,0.7871,0.3936,2.2873,32.271,0.0,0.3621
2396,4632,115.11,0.05,167.82,161.83,0.8286,0.4143,4.8629,8.6733,0.0,0.2822
2396,4559,87.34,10.27,127.87,136.58,0.7686,0.7686,6.9218,14.6522,0.0,0.5041
2397,4627,260.77,0.19,355.61,267.64,0.8882,0.4441,2.3307,32.6133,0.0,0.4107
2397,4632,111.56,0.1,162.52,162.06,0.8169,0.4084,4.8626,9.5046,0.0,0.2779
2397,4559,88.41,10.1,127.75,136.84,0.8013,0.8013,6.8919,14.5561,0.0,0.5256
2398,4627,262.79,0.17,360.0,280.03,0.8237,0.4118,2.1848,34.1949,40.3167,0.3382
2398,4632,109.27,0.21,158.62,161.58,0.8564,0.4282,4.8986,10.0432,0.0,0.2891
2398,4559,89.94,10.6,127.79,136.4,0.7759,0.7759,6.9324,14.4141,0.0,0.5091
2399,4627,264.53,0.07,360.0,285.71,0.8726,0.4363,2.1212,34.8541,0.0,0.3882
2399,4632,108.82,0.07,156.97,161.76,0.8203,0.4102,4.892,10.2518,0.0,0.2772
2399,4559,90.7,10.46,127.61,136.48,0.6909,0.6909,6.9223,14.3568,0.0,0.4534
2400,4627,266.96,0.03,360.0,281.63,0.7168,0.3584,2.1741,34.5594,0.0,0.3217
2400,4632,106.38,0.11,154.02,162.09,0.835,0.4175,4.8826,10.7775,0.0,0.2824
2400,4559,92.94,10.55,128.95,136.38,0.6851,0.6851,6.9215,14.0145,0.0,0.4499
2401,4627,268.69,5.11,360.0,276.62,0.8218,0.4109,2.2391,34.1456,0.0,0.373
2401,4632,104.17,0.03,151.75,162.03,0.8237,0.4118,4.8937,11.1923,0.0,0.2778
2401,4559,94.87,10.08,130.23,135.47,0.6934,0.6934,7.0074,13.726,0.0,0.4557
2402,4627,269.44,6.76,360.0,274.0,0.811,0.4055,2.274,33.9248,0.0,0.3703
2402,4632,100.75,0.19,148.89,161.71,0.833,0.4165,4.923,11.7612,0.0,0.279
2403,4627,270.32,9.04,359.07,270.67,0.7319,0.3659,2.3175,33.5955,0.0,0.3367
2403,4632,97.16,0.06,146.46,161.4,0.8467,0.4234,4.952,12.3092,0.0,0.2817
2404,4627,270.13,6.66,359.75,270.55,0.7725,0.3862,2.3202,33.6092,0.0,0.3555
2404,4632,95.8,0.11,146.08,162.02,0.8359,0.4179,4.9207,12.5079,0.0,0.2797
2405,4627,270.3,8.37,359.7,270.69,0.7642,0.3821,2.3186,33.6291,0.0,0.3515
2405,4632,90.64,0.41,142.95,162.8,0.9126,0.4563,4.8947,13.328,0.0,0.3065
2406,4627,269.36,4.69,360.0,282.16,0.373,0.1865,2.1727,34.7289,38.2552,0.1539
2406,4632,90.91,0.52,144.35,162.54,0.8916,0.4458,4.9055,13.1575,0.0,0.2989
2407,4627,270.15,5.84,360.0,282.55,0.7886,0.3943,2.1696,34.806,0.0,0.3534
2407,4632,88.31,0.56,143.66,163.36,0.8989,0.4495,4.8675,13.5105,0.0,0.3034
2408,4627,269.79,3.74,360.0,286.52,0.8052,0.4026,2.1225,35.1842,0.0,0.3578
2408,4632,89.26,0.3,146.26,165.51,0.8638,0.4319,4.7457,13.3106,23.6051,0.2867
2409,4627,270.72,4.92,360.0,285.05,0.8271,0.4135,2.1414,35.0819,0.0,0.3687
2409,4632,86.57,0.47,145.8,168.9,0.8506,0.4253,4.5815,13.8258,22.8639,0.292
2409,4640,279.45,9.01,334.85,169.26,0.4312,0.4312,4.9316,24.973,0.0,0.278
2410,4627,270.45,1.71,360.0,287.19,0.6978,0.3489,2.1162,35.2822,0.0,0.3097
2410,4632,87.73,0.63,148.14,171.74,0.8555,0.4278,4.44,13.7251,23.2873,0.3014
2410,4640,281.0,9.28,335.4,179.9,0.5332,0.5332,4.441,25.5617,21.3864,0.3656
2411,4627,271.75,6.21,360.0,288.0,0.7925,0.3962,2.1096,35.424,0.0,0.3512
2411,4632,86.76,0.51,148.26,173.71,0.7695,0.3847,4.3525,13.9601,0.0,0.2859
2411,4640,282.23,9.02,335.18,182.97,0.5068,0.5068,4.3173,25.7864,22.2444,0.3546
2412,4627,273.37,2.19,360.0,285.12,0.6279,0.314,2.146,35.2154,0.0,0.28
2412,4632,86.41,0.18,148.55,174.89,0.8584,0.4292,4.3007,14.065,0.0,0.3219
2412,4640,284.15,9.27,338.62,192.88,0.2815,0.2815,3.9656,26.7312,24.7259,0.2079
2412,4559,120.83,8.42,154.44,132.9,0.4775,0.4775,7.1613,8.9417,105.7514,0.1572
2413,4627,276.07,3.37,360.0,280.43,0.5361,0.2681,2.2075,34.8866,0.0,0.2415
2413,4632,85.91,0.33,147.83,174.93,0.7334,0.3667,4.3013,14.1744,0.0,0.2749
2413,4640,283.64,10.17,339.38,201.87,0.6235,0.6235,3.6772,27.3025,25.0305,0.483
2413,4559,123.73,9.7,156.04,133.56,0.6792,0.6792,7.0788,8.4703,37.1155,0.4045
2414,4632,85.04,0.21,146.73,174.54,0.8037,0.4018,4.3221,14.3131,0.0,0.3001
2414,4640,283.89,11.33,340.54,210.71,0.5908,0.5908,3.4318,28.0149,26.8365,0.4731
2414,4559,124.82,10.04,156.36,134.57,0.6768,0.6768,6.9661,8.2831,16.1384,0.44
2415,4632,83.47,0.16,145.6,175.37,0.7227,0.3614,4.2912,14.6173,0.0,0.2712
2415,4640,284.16,12.49,340.63,214.26,0.2344,0.2344,3.341,28.3015,0.0,0.1988
2415,4559,124.72,9.45,156.67,137.27,0.6733,0.6733,6.6866,8.153,14.2646,0.4397
2415,4627,282.82,12.88,360.0,279.58,0.2837,0.1419,2.2323,35.1387,0.0,0.1282
2416,4632,86.43,0.19,141.59,149.81,0.625,0.3125,5.7323,13.3872,163.4653,0.1013
2416,4640,288.54,12.85,338.08,187.55,0.5322,0.5322,4.1698,26.7411,157.7267,0.2173
2416,4559,126.79,10.31,158.07,135.06,0.5527,0.5527,6.9072,7.8991,162.1999,0.1825
2417,4632,81.8,0.05,135.94,144.86,0.7349,0.3674,6.1461,14.3359,159.8325,0.1187
2417,4640,290.84,12.27,337.03,172.55,0.5776,0.5776,4.8173,26.1969,160.4926,0.1868
2417,4559,126.8,10.11,158.85,135.59,0.7686,0.7686,6.8502,7.7972,0.0,0.51
2417,4627,290.49,16.65,360.0,284.8,0.3584,0.1792,2.1858,36.008,0.0,0.1603
2418,4632,80.21,0.01,122.8,109.48,0.5371,0.2686,11.5134,17.1226,171.5349,0.0855
2418,4640,288.9,10.89,337.75,180.18,0.7285,0.7285,4.4647,26.3959,20.8727,0.4964
2418,4559,126.78,10.91,159.43,136.2,0.7393,0.7393,6.7863,7.7155,0.0,0.4906
2419,4632,70.82,0.0,132.0,158.01,0.7939,0.397,5.2476,16.0028,18.0037,0.253
2419,4640,288.21,9.78,339.79,188.51,0.561,0.561,4.1386,26.8978,22.7479,0.4037
2419,4559,127.45,10.8,161.08,135.92,0.8496,0.8496,6.8112,7.4984,0.0,0.564
2420,4632,67.3,0.0,129.17,159.41,0.7168,0.3584,5.18,16.6428,0.0,0.2339
2420,4640,288.14,8.99,338.85,183.83,0.7861,0.7861,4.3153,26.5877,157.9937,0.3061
2420,4559,127.56,10.36,162.11,135.9,0.7378,0.7378,6.8114,7.3869,0.0,0.4898
2420,4664,335.35,25.31,359.9,185.68,0.5981,0.299,4.4956,31.822,0.0,0.2045
2421,4632,63.13,0.0,128.97,170.59,0.7832,0.3916,4.5925,17.5559,21.0138,0.2676
2421,4640,289.02,8.3,339.79,180.95,0.7256,0.7256,4.4398,26.6011,158.8376,0.2705
2421,4559,128.74,10.86,164.04,135.8,0.791,0.791,6.8168,7.085,0.0,0.5253
2422,4632,61.24,0.0,128.64,175.48,0.8486,0.4243,4.374,18.0481,22.15,0.3009
2422,4640,287.1,7.21,342.32,194.98,0.8203,0.8203,3.9155,27.36,23.705,0.6118
2422,4559,129.66,10.84,165.87,136.13,0.8516,0.8516,6.7787,6.7982,0.0,0.5657
2422,4664,336.52,31.02,359.75,182.71,0.3657,0.1829,4.6237,31.7929,159.8127,0.061
2423,4632,61.28,0.0,128.28,174.6,0.8989,0.4495,4.4137,18.02,0.0,0.3274
2423,4640,288.62,6.63,339.48,173.82,0.8818,0.8818,4.7568,26.2603,160.1166,0.2922
2423,4559,129.88,11.04,166.22,134.95,0.8403,0.8403,6.9007,6.8033,165.6715,0.2781
2424,4632,59.99,0.08,127.06,175.82,0.6724,0.3362,4.3662,18.3167,0.0,0.2469
2424,4640,283.27,6.03,343.55,204.8,0.8608,0.8608,3.6023,27.7769,25.4017,0.6735
2424,4559,130.41,11.21,167.66,135.99,0.771,0.771,6.7894,6.555,18.5093,0.499
2425,4632,63.02,0.21,119.96,146.2,0.5449,0.2725,6.1452,17.6451,164.5335,0.0865
2425,4640,281.4,5.65,346.02,220.71,0.8403,0.8403,3.1918,28.9784,28.315,0.6942
2425,4559,131.96,11.24,170.3,136.29,0.8125,0.8125,6.7529,6.1275,0.0,0.5401
2426,4632,63.24,0.11,116.61,133.94,0.7515,0.3757,7.3365,18.0364,166.946,0.1191
2426,4640,278.99,5.5,344.04,221.48,0.8867,0.8867,3.1622,28.7399,0.0,0.772
2426,4559,131.74,11.28,171.08,136.77,0.8203,0.8203,6.7037,6.0478,0.0,0.5453
2427,4632,58.27,1.01,122.36,164.15,0.5938,0.2969,4.9537,18.2753,18.9922,0.1894
2427,4640,274.94,5.1,341.53,224.81,0.8403,0.8403,3.0704,28.5706,0.0,0.7423
2427,4559,131.16,11.31,171.03,137.13,0.8159,0.8159,6.6685,6.0926,0.0,0.5424
2428,4632,56.45,1.04,123.66,174.81,0.5957,0.2979,4.4287,18.8589,21.1229,0.2093
2428,4640,270.96,5.13,339.34,227.97,0.811,0.811,2.9871,28.4333,0.0,0.7257
2428,4559,129.67,10.9,169.97,138.19,0.8218,0.8218,6.568,6.3009,22.6947,0.525
2429,4632,59.45,0.42,118.37,152.13,0.834,0.417,5.7113,18.1883,163.4113,0.1321
2429,4640,266.3,4.98,337.25,233.59,0.7441,0.372,2.8571,28.5082,32.4904,0.3199
2429,4559,129.4,11.21,169.95,139.6,0.7925,0.7925,6.4347,6.2823,14.9237,0.5178
2430,4632,55.85,0.14,120.89,171.15,0.791,0.3955,4.6068,18.9495,20.3853,0.269
2430,4640,269.47,5.65,336.09,218.23,0.5591,0.5591,3.1924,27.2692,151.9157,0.3004
2430,4559,129.92,11.3,170.37,140.45,0.75,0.75,6.3554,6.1649,0.0,0.4986
2431,4632,53.95,0.14,121.8,182.49,0.8237,0.4118,4.1198,19.7329,22.6071,0.3043
2431,4640,266.55,6.03,335.4,225.19,0.7793,0.7793,3.0258,27.6289,29.478,0.6614
2431,4559,131.51,10.64,171.45,140.07,0.7808,0.7808,6.3867,5.9052,0.0,0.5192
2432,4632,58.49,0.05,116.62,155.13,0.8037,0.4018,5.5142,18.4962,162.8156,0.127
2432,4640,260.04,6.9,333.5,238.08,0.833,0.833,2.7491,28.3129,32.1066,0.7297
2432,4559,132.04,10.69,171.61,140.37,0.7847,0.7847,6.3584,5.8274,0.0,0.5218
2433,4632,55.07,0.21,120.04,177.03,0.583,0.2915,4.3449,19.4271,21.4518,0.2075
2433,4640,253.26,7.69,329.7,244.93,0.7568,0.7568,2.6054,28.3811,36.3769,0.6667
2433,4559,133.3,10.38,172.31,140.19,0.7334,0.7334,6.3724,5.6344,0.0,0.4878
2434,4632,59.3,0.17,115.35,150.75,0.5361,0.2681,5.8216,18.4607,163.6701,0.0848
2434,4640,258.39,8.91,331.41,238.62,0.7886,0.7886,2.7309,28.1357,146.6053,0.4704
2434,4559,135.05,10.04,173.34,140.2,0.6558,0.6558,6.3683,5.3535,0.0,0.4362
2435,4632,64.57,0.1,109.55,115.71,0.4514,0.2257,10.1845,19.2404,170.4935,0.071
2435,4640,258.58,9.11,328.16,232.01,0.75,0.75,2.8496,27.2768,147.6262,0.4372
2435,4559,136.95,9.98,174.66,140.2,0.668,0.668,6.3648,5.0285,0.0,0.4445
2436,4632,64.9,0.08,109.0,110.43,0.4756,0.2378,11.4299,19.5646,171.5212,0.0747
2436,4640,257.75,9.0,326.34,231.62,0.6602,0.6602,2.8514,27.0675,0.0,0.6052
2436,4559,138.7,9.77,176.06,140.47,0.7407,0.7407,6.337,4.702,0.0,0.493
2437,4632,64.28,0.07,109.25,110.06,0.7822,0.3911,11.5304,19.6194,171.0306,0.1228
2437,4640,247.38,7.75,321.41,246.05,0.8594,0.8594,2.5582,27.6764,35.2103,0.7675
2437,4559,139.24,9.9,175.95,140.47,0.7871,0.7871,6.3366,4.6585,0.0,0.5239
2438,4632,64.51,0.07,108.06,103.12,0.6323,0.3161,13.7351,20.1696,172.9427,0.0989
2438,4640,247.79,6.2,321.84,246.15,0.6851,0.6851,2.5582,27.7362,0.0,0.6535
2438,4559,141.09,9.96,177.49,140.36,0.8027,0.8027,6.3434,4.3202,0.0,0.5344
2439,4632,63.59,0.07,108.12,102.8,0.4727,0.2364,13.8625,20.2642,169.4553,0.0739
2439,4640,241.93,4.39,318.71,252.25,0.8618,0.4309,2.4436,27.934,38.1375,0.3803
2439,4559,143.64,9.7,180.29,140.41,0.8076,0.8076,6.3343,3.7797,0.0,0.5378
2440,4632,61.1,0.07,108.7,107.82,0.5176,0.2588,12.1862,20.08,8.2296,0.1664
2440,4640,238.5,3.25,315.87,253.41,0.8486,0.4243,2.4145,27.7332,0.0,0.4032
2440,4559,145.63,9.68,182.46,140.05,0.8667,0.8667,6.364,3.3795,0.0,0.5773
2441,4632,47.87,0.12,120.04,168.62,0.6533,0.3266,4.7562,19.6066,19.7772,0.2157
2441,4640,236.64,2.91,313.97,254.65,0.709,0.3545,2.3892,27.6841,0.0,0.3357
2441,4559,146.34,9.76,183.24,139.81,0.8286,0.8286,6.3851,3.2441,0.0,0.552
2442,4632,53.17,0.09,113.76,137.87,0.5391,0.2696,6.9661,19.1632,166.2465,0.0849
2442,4640,235.43,1.33,312.04,252.91,0.8193,0.4097,2.41,27.3046,0.0,0.3895
2442,4559,147.24,9.71,184.3,139.91,0.8306,0.8306,6.3746,3.0449,0.0,0.5533
2443,4632,56.92,0.08,109.39,115.72,0.4397,0.2198,10.2269,19.9237,170.5343,0.0689
2443,4640,233.42,0.46,310.05,255.07,0.8076,0.4038,2.3708,27.3634,0.0,0.3818
2443,4559,150.0,9.5,187.76,140.13,0.8403,0.8403,6.351,2.4222,0.0,0.5599
2444,4632,51.05,0.02,114.81,142.2,0.7612,0.3806,6.5527,19.2288,14.6148,0.2426
2444,4640,237.09,0.0,304.79,223.67,0.7075,0.3538,2.9267,23.4783,149.6611,0.2059
2444,4559,152.54,9.31,191.19,140.3,0.8315,0.8315,6.333,1.839,0.0,0.5542
2445,4632,49.63,0.09,116.0,149.5,0.8203,0.4102,5.9465,19.2753,16.0436,0.2604
2445,4640,230.43,0.0,304.97,251.88,0.7627,0.3814,2.4055,26.5416,35.2522,0.3398
2445,4559,155.03,9.49,194.73,140.41,0.8452,0.8452,6.3213,1.287,0.0,0.5634
2446,4632,43.13,0.12,121.95,182.72,0.7739,0.387,4.1386,20.6445,22.4435,0.2844
2446,4640,227.52,0.0,305.44,267.77,0.8062,0.4031,2.1777,28.4778,37.9855,0.3411
2446,4559,156.32,9.8,196.92,140.58,0.8052,0.8052,6.3053,0.9897,0.0,0.5368
2447,4632,42.7,0.14,121.89,187.57,0.8013,0.4007,3.9579,21.0238,23.4694,0.3028
2447,4640,224.53,0.0,304.37,279.0,0.7319,0.3659,2.0337,29.7734,39.9845,0.2986
2447,4559,157.56,9.87,198.9,140.32,0.7271,0.7271,6.3284,0.8405,0.0,0.4847
2448,4632,42.23,0.14,122.39,194.31,0.8384,0.4192,3.7276,21.5429,24.6179,0.3281
2448,4640,215.46,0.0,297.22,284.59,0.8262,0.4131,1.9488,29.8882,52.0787,0.3114
2448,4559,158.34,10.41,200.31,140.17,0.8159,0.8159,6.3419,0.8005,0.0,0.5439
2449,4632,45.23,0.14,119.88,183.25,0.7808,0.3904,4.1179,20.6775,157.4247,0.1677
2449,4640,216.49,0.0,294.26,270.7,0.7793,0.3896,2.1089,27.908,140.7429,0.2243
2449,4559,158.22,10.68,200.94,140.77,0.8564,0.8564,6.2877,0.6704,0.0,0.5709
2450,4632,45.58,0.14,120.15,186.18,0.833,0.4165,4.0056,20.8296,22.9968,0.3128
2450,4640,210.56,0.0,289.67,274.76,0.7319,0.3659,2.0459,28.0599,0.0,0.3295
2450,4559,158.72,10.81,202.0,141.36,0.833,0.833,6.2352,0.5484,0.0,0.5553
2451,4632,46.13,0.14,119.75,186.74,0.8906,0.4453,3.9846,20.8576,0.0,0.3474
2451,4640,203.13,0.0,284.17,277.12,0.395,0.1975,2.003,27.9286,0.0,0.1767
2451,4559,158.57,10.85,202.26,141.58,0.7305,0.7305,6.2159,0.5054,0.0,0.487
2452,4632,45.85,0.14,120.03,191.65,0.8945,0.4472,3.8124,21.2291,24.1361,0.3458
2452,4640,203.78,0.76,284.24,277.91,0.7529,0.3765,1.9946,28.0679,0.0,0.3363
2452,4559,159.05,10.28,203.21,141.65,0.8027,0.8027,6.2098,0.5367,0.0,0.5351
2453,4632,45.83,0.14,120.27,195.84,0.8892,0.4446,3.6751,21.5528,24.8833,0.3508
2453,4640,201.22,0.67,281.78,280.03,0.7754,0.3877,1.965,28.2063,0.0,0.3447
2453,4559,158.84,9.53,203.68,141.77,0.8252,0.8252,6.1993,0.5272,0.0,0.5501
2454,4632,46.23,0.14,119.68,196.41,0.8584,0.4292,3.6576,21.6157,0.0,0.3529
2454,4640,184.78,0.18,268.93,283.6,0.6196,0.3098,1.8981,27.8803,69.1208,0.2065
2454,4559,159.42,8.35,204.77,141.9,0.8101,0.8101,6.1881,0.6106,0.0,0.5401
2455,4632,46.35,0.32,119.44,198.7,0.5332,0.2666,3.5874,21.8216,0.0,0.2216
2455,4640,192.91,0.28,273.27,274.5,0.6919,0.3459,2.0122,26.8465,135.3695,0.1957
2455,4559,160.42,7.76,206.17,141.67,0.8184,0.8184,6.2084,0.8306,0.0,0.5456
2456,4632,45.79,0.21,119.37,203.25,0.709,0.3545,3.4558,22.2763,26.514,0.2881
2456,4640,191.72,0.04,269.27,263.35,0.5957,0.2979,2.1469,24.9658,140.2589,0.1753
2456,4559,162.24,7.69,207.97,141.48,0.6362,0.6362,6.2258,1.1717,0.0,0.4241
2457,4632,46.02,0.62,118.79,204.33,0.304,0.152,3.4263,22.402,0.0,0.1294
2457,4640,190.51,0.0,265.4,250.24,0.5234,0.2617,2.3275,22.7223,142.9107,0.1617
2457,4559,164.86,7.62,210.53,141.78,0.7939,0.7939,6.2009,1.6481,0.0,0.5292
2458,4632,50.83,0.42,113.46,173.74,0.4524,0.2262,4.5207,20.1753,159.317,0.0852
2458,4640,192.49,0.0,268.28,254.43,0.5566,0.2783,2.2701,23.5612,0.0,0.262
2458,4559,166.26,7.53,211.74,141.98,0.7739,0.7739,6.1844,1.898,0.0,0.5158
2459,4632,46.63,0.33,116.54,196.56,0.5918,0.2959,3.6596,21.8427,25.085,0.2338
2459,4559,168.96,7.67,213.63,141.68,0.8169,0.8169,6.2126,2.3722,0.0,0.5444
2460,4632,44.63,0.66,117.61,208.5,0.6113,0.3056,3.3193,22.9837,27.3496,0.2528
2460,4559,169.98,7.64,213.88,142.4,0.7114,0.7114,6.1507,2.4762,0.0,0.474
2460,4676,48.82,0.07,113.34,113.01,0.4377,0.2188,10.8588,20.4263,0.0,0.1413
2460,4640,190.01,0.0,266.18,257.59,0.3757,0.1878,2.2208,23.9012,0.0,0.1755
2461,4632,44.36,0.52,117.34,210.86,0.7686,0.3843,3.2594,23.2501,0.0,0.335
2461,4559,170.53,6.54,213.9,143.13,0.5273,0.5273,6.0889,2.5191,0.0,0.3514
2461,4640,181.9,0.0,259.36,260.49,0.2494,0.1247,2.1683,23.9046,0.0,0.1156
2462,4632,43.7,0.38,117.25,214.97,0.7925,0.3962,3.1593,23.7091,28.7348,0.334
2462,4640,184.74,0.12,249.05,205.8,0.4736,0.2368,3.1895,14.4982,151.7985,0.1336
2463,4632,43.6,0.23,116.64,215.15,0.8979,0.449,3.1565,23.7769,0.0,0.3969
2463,4640,175.43,0.0,256.41,261.81,0.6523,0.3261,2.1438,23.8688,38.4236,0.2778
2464,4632,43.57,0.08,115.96,214.61,0.8945,0.4472,3.1711,23.7731,0.0,0.3946
2464,4640,168.09,0.0,254.31,278.05,0.4495,0.2248,1.9383,26.311,42.2655,0.1807
2465,4632,43.56,0.11,114.8,212.15,0.8101,0.4051,3.2344,23.615,0.0,0.3541
2465,4640,169.57,0.06,255.36,281.1,0.5449,0.2725,1.9055,26.8474,0.0,0.2411
2466,4632,42.37,0.22,113.74,214.03,0.8516,0.4258,3.1929,23.9577,0.0,0.3742
2466,4640,170.56,0.0,256.58,287.02,0.3701,0.185,1.8432,27.8245,0.0,0.1617
2467,4632,41.56,0.26,112.76,214.38,0.876,0.438,3.1884,24.1184,0.0,0.3851
2467,4640,174.36,0.02,258.51,286.37,0.7568,0.3784,1.8535,27.8328,0.0,0.3312
2468,4632,40.59,0.55,111.6,215.42,0.8975,0.4487,3.168,24.3694,0.0,0.3955
2468,4640,175.11,0.14,257.24,285.1,0.7178,0.3589,1.8666,27.624,0.0,0.315
2469,4632,40.09,0.57,110.7,215.09,0.8403,0.4202,3.1792,24.4363,0.0,0.3696
2469,4640,176.23,0.01,257.14,286.04,0.6001,0.3,1.8573,27.7913,0.0,0.2628
2470,4632,40.19,0.48,110.01,212.66,0.8682,0.4341,3.2403,24.2478,0.0,0.3785
2470,4640,169.15,0.0,251.28,287.66,0.7129,0.3564,1.8329,27.8078,0.0,0.311
2471,4632,38.88,0.26,108.46,212.4,0.8892,0.4446,3.2535,24.4286,0.0,0.3867
2471,4640,174.83,0.04,254.9,284.95,0.7441,0.372,1.8666,27.5487,0.0,0.3266
2472,4632,38.15,0.37,107.68,212.62,0.8608,0.4304,3.2515,24.5572,0.0,0.3743
2472,4640,177.67,0.26,255.58,283.23,0.7559,0.378,1.8873,27.3491,0.0,0.333
2473,4632,41.0,0.22,102.32,183.37,0.7407,0.3704,4.1738,22.496,157.7942,0.1549
2473,4640,178.96,0.07,255.53,282.22,0.2861,0.1431,1.8991,27.2163,0.0,0.1263
2473,4559,189.36,0.28,247.7,181.06,0.4551,0.2276,3.9763,10.8721,28.2863,0.1723
2474,4632,36.91,0.55,103.66,200.45,0.5815,0.2908,3.5976,23.9069,25.6842,0.2303
2474,4559,191.93,0.13,248.55,170.33,0.4746,0.2373,4.4353,9.802,158.9012,0.0958
2475,4632,35.59,0.39,104.27,206.27,0.7808,0.3904,3.4327,24.4342,26.6787,0.3163
2475,4559,192.25,0.0,248.45,166.14,0.2637,0.1318,4.6395,9.389,159.874,0.0497
2475,4678,323.38,0.53,356.69,216.73,0.7515,0.3757,3.4431,32.2741,0.0,0.3091
2475,4640,181.09,0.17,255.71,280.24,0.4331,0.2165,1.9225,26.9549,0.0,0.192
2476,4632,34.27,0.5,103.93,208.91,0.7793,0.3896,3.3657,24.7807,0.0,0.3327
2476,4559,192.61,0.0,248.98,164.15,0.5938,0.2969,4.7437,9.2838,159.9992,0.1078
2476,4678,320.55,0.56,353.44,212.05,0.7256,0.3628,3.5462,31.5806,147.8275,0.1734
2477,4632,35.08,0.46,106.23,212.1,0.7808,0.3904,3.2754,24.8346,0.0,0.338
2477,4559,194.06,0.0,250.88,163.74,0.2917,0.1459,4.7701,9.5509,0.0,0.101
2477,4678,316.42,0.12,349.8,210.71,0.5962,0.2981,3.5577,30.9645,0.0,0.2419
2477,4640,180.34,0.29,255.9,286.54,0.5273,0.2636,1.8539,27.9278,0.0,0.2307
2478,4632,35.53,0.44,107.84,213.74,0.8691,0.4345,3.2295,24.8358,0.0,0.3789
2478,4678,312.85,0.41,346.93,208.94,0.811,0.4055,3.5861,30.4075,0.0,0.3282
2478,4640,181.52,0.23,257.32,287.87,0.7739,0.387,1.8417,28.1881,0.0,0.3377
2479,4632,34.96,0.43,108.59,216.25,0.8525,0.4263,3.168,25.056,0.0,0.3749
2479,4678,308.51,0.93,344.12,209.5,0.6167,0.3084,3.5482,29.9389,0.0,0.2515
2479,4640,183.48,0.38,256.3,274.99,0.8525,0.4263,1.9846,26.1944,139.4145,0.2403
2480,4632,33.49,0.52,108.41,219.92,0.6953,0.3477,3.0862,25.5187,0.0,0.3092
2480,4678,304.89,0.9,342.37,209.17,0.7964,0.3982,3.5408,29.538,0.0,0.3257
2480,4640,182.31,0.33,255.96,276.99,0.7886,0.3943,1.9603,26.4754,0.0,0.3521
2481,4632,33.79,0.65,108.42,217.69,0.6899,0.3449,3.1371,25.2852,0.0,0.3046
2481,4678,301.53,0.79,341.29,209.89,0.8052,0.4026,3.5076,29.2699,0.0,0.3314
2481,4640,182.84,0.21,255.27,269.9,0.8901,0.4451,2.0445,25.3413,0.0,0.4037
2482,4632,34.3,0.41,108.47,214.43,0.4863,0.2432,3.2139,24.9419,0.0,0.2124
2482,4678,298.01,0.65,340.48,210.58,0.8306,0.4153,3.4761,29.0086,0.0,0.3439
2482,4640,181.76,0.34,251.78,259.69,0.5322,0.2661,2.1735,23.5632,140.8309,0.1584
2482,4676,33.99,0.14,108.91,129.64,0.5176,0.2588,8.031,21.4738,0.0,0.1665
2483,4632,34.37,0.42,108.08,210.92,0.8804,0.4402,3.3028,24.6469,0.0,0.3797
2483,4678,295.69,0.31,340.78,210.09,0.8467,0.4234,3.4833,28.8316,0.0,0.3504
2483,4640,179.47,0.18,249.72,260.79,0.8433,0.4217,2.1557,23.6346,0.0,0.3905
2484,4632,29.87,0.14,112.89,239.44,0.2869,0.1434,2.6893,27.4507,32.4611,0.127
2484,4678,293.57,0.28,341.63,211.08,0.8296,0.4148,3.4531,28.8093,0.0,0.345
2484,4640,178.98,0.22,247.93,253.64,0.6699,0.335,2.254,22.3833,0.0,0.3156
2484,4676,33.15,0.23,109.33,130.56,0.6187,0.3094,7.9136,21.4901,12.7132,0.1965
2485,4632,28.02,0.04,114.37,251.1,0.2261,0.113,2.4938,28.7448,34.5293,0.1017
2485,4678,291.04,0.27,341.9,210.7,0.8452,0.4226,3.4566,28.6221,0.0,0.3515
2485,4640,178.98,0.41,247.12,248.1,0.7568,0.3784,2.3362,21.4247,0.0,0.3614
2485,4676,32.89,0.24,109.41,129.93,0.8452,0.4226,7.996,21.5201,0.0,0.2719
2486,4678,288.54,0.08,342.22,209.92,0.8423,0.4212,3.4712,28.4121,0.0,0.3497
2486,4640,190.08,1.33,243.19,187.05,0.6416,0.3208,3.7533,11.4799,155.6285,0.1581
2486,4676,32.4,0.28,108.84,129.09,0.8618,0.4309,8.1126,21.6333,166.9907,0.1335
2487,4678,287.48,0.29,343.86,210.11,0.8936,0.4468,3.4677,28.4668,0.0,0.3711
2487,4640,175.76,2.41,244.61,240.85,0.8315,0.4158,2.4486,20.0246,34.878,0.3796
2487,4676,31.64,0.33,108.52,129.56,0.5059,0.253,8.0556,21.7173,0.0,0.1626
2487,4632,26.95,0.51,113.44,254.39,0.5117,0.2559,2.4467,29.222,0.0,0.2432
2488,4678,285.64,0.09,344.57,209.53,0.9023,0.4511,3.4801,28.3455,0.0,0.3742
2488,4640,176.3,4.04,241.36,227.21,0.6558,0.3279,2.6933,17.5564,147.4988,0.2051
2488,4676,31.2,0.34,106.96,127.59,0.6626,0.3313,8.335,21.9413,167.7832,0.1024
2488,4632,26.62,0.82,112.35,256.04,0.2539,0.127,2.4246,29.4835,0.0,0.1202
2489,4678,284.59,0.11,345.23,206.9,0.8657,0.4329,3.5514,28.1369,0.0,0.3551
2489,4640,168.79,4.72,240.49,249.42,0.7822,0.3911,2.3064,21.2534,36.7782,0.3462
2489,4676,30.39,0.24,106.72,128.62,0.2903,0.1452,8.1977,22.0075,13.6097,0.0919
2489,4632,26.52,1.38,111.04,255.77,0.5718,0.2859,2.4314,29.5309,0.0,0.2709
2490,4678,281.94,0.12,344.94,208.46,0.9048,0.4524,3.4995,28.0313,0.0,0.3744
2490,4640,173.42,7.41,238.91,229.07,0.5776,0.5776,2.6541,17.7321,147.3301,0.3641
2490,4676,28.7,0.15,107.58,133.88,0.205,0.1025,7.5393,21.9749,12.9025,0.065
2490,4632,26.1,1.34,110.3,257.55,0.5601,0.2801,2.4071,29.791,0.0,0.2642
2490,4559,210.62,9.16,258.36,151.35,0.6318,0.6318,5.5692,11.1742,158.1778,0.2066
2491,4678,280.35,0.12,345.36,209.24,0.9097,0.4548,3.4749,28.0017,0.0,0.378
2491,4640,169.06,7.79,239.62,248.77,0.8135,0.8135,2.316,21.1279,36.3442,0.7226
2491,4676,18.4,0.29,116.68,173.26,0.8252,0.4126,4.6324,22.6597,20.2933,0.2761
2491,4559,210.32,9.76,257.48,152.25,0.4609,0.4609,5.5044,11.0839,0.0,0.3044
2492,4678,280.14,0.22,346.81,208.62,0.9014,0.4507,3.4954,28.0475,0.0,0.3732
2492,4640,168.41,7.11,237.36,244.35,0.7974,0.7974,2.3835,20.2934,0.0,0.7685
2492,4559,209.82,10.04,256.79,152.56,0.626,0.626,5.4808,10.9768,0.0,0.4135
2492,4632,26.01,1.34,107.8,251.48,0.6318,0.3159,2.505,29.2719,0.0,0.3022
2493,4678,278.61,0.26,346.66,208.39,0.9141,0.4571,3.4968,27.91,0.0,0.3786
2493,4640,165.86,5.68,236.67,251.35,0.4775,0.4775,2.2745,21.4631,37.4172,0.4194
2493,4559,210.45,10.65,257.55,152.7,0.668,0.668,5.474,11.1173,0.0,0.4412
2493,4632,30.37,1.03,101.41,212.68,0.833,0.4165,3.2842,25.5705,152.5338,0.2205
2494,4678,277.72,0.55,346.64,207.38,0.9058,0.4529,3.522,27.7735,0.0,0.3738
2494,4640,166.12,6.23,236.0,246.87,0.8477,0.8477,2.3422,20.6686,0.0,0.8117
2494,4559,211.44,10.7,258.9,153.53,0.8359,0.8359,5.4228,11.3729,0.0,0.5518
2494,4632,31.54,0.73,100.51,201.88,0.4368,0.2184,3.5777,24.6669,154.4067,0.1076
2495,4678,276.83,0.38,346.52,205.99,0.8921,0.4461,3.5581,27.6036,0.0,0.3662
2495,4640,167.66,5.49,221.58,183.46,0.6636,0.6636,3.8492,8.5971,156.0237,0.3205
2495,4559,211.19,11.05,258.84,155.73,0.7974,0.7974,5.2789,11.4252,17.8521,0.5135
2495,4632,36.63,0.61,94.3,157.48,0.6216,0.3108,5.5164,22.5055,162.7962,0.0957
2495,4676,0.05,1.11,130.92,244.99,0.4485,0.2243,2.6171,28.7468,33.31,0.1993
2496,4678,276.1,0.69,346.19,204.45,0.8979,0.449,3.599,27.4205,0.0,0.3663
2496,4640,167.15,5.08,212.18,147.58,0.5264,0.5264,5.7315,2.1206,163.309,0.1753
2496,4559,211.34,11.35,258.89,157.49,0.7612,0.7612,5.1695,11.5221,18.3095,0.4895
2496,4632,37.23,0.55,92.59,142.42,0.5234,0.2617,6.6844,22.466,165.6938,0.0806
2496,4676,1.69,1.23,128.53,248.67,0.4377,0.2188,2.5575,29.1778,0.0,0.2079
2497,4678,274.49,0.24,344.49,202.21,0.9028,0.4514,3.6551,27.0242,0.0,0.3655
2497,4640,158.38,3.39,221.67,204.55,0.647,0.3235,3.1908,12.4346,28.0516,0.2785
2497,4559,211.71,10.98,259.3,158.71,0.8125,0.8125,5.0974,11.6563,0.0,0.5361
2497,4676,2.05,1.16,127.51,256.38,0.8237,0.4118,2.4382,30.0382,35.276,0.3648
2498,4678,272.66,0.08,342.43,201.02,0.9106,0.4553,3.6794,26.6536,0.0,0.3676
2498,4640,154.73,2.71,219.97,211.9,0.7808,0.3904,3.0057,13.7861,31.0458,0.3417
2498,4559,212.34,10.17,260.22,159.35,0.8413,0.8413,5.0625,11.8368,0.0,0.5549
2498,4676,4.22,1.17,125.67,257.59,0.8813,0.4406,2.4194,30.1506,0.0,0.416
2499,4678,270.45,0.11,339.72,200.52,0.8892,0.4446,3.6802,26.2495,0.0,0.3594
2499,4640,150.45,3.24,216.71,218.85,0.5591,0.2796,2.8469,15.0678,34.3336,0.2472
2499,4559,211.87,9.57,260.12,159.94,0.8584,0.8584,5.027,11.8139,0.0,0.5662
2499,4676,5.39,1.2,124.63,261.86,0.8315,0.4158,2.3572,30.6076,0.0,0.3885
2500,4678,269.85,0.21,338.84,200.82,0.7251,0.3625,3.6668,26.1585,0.0,0.2938
2500,4640,148.92,3.18,213.96,217.19,0.4534,0.2267,2.883,14.735,0.0,0.2126
2500,4559,212.16,9.25,260.31,160.15,0.8525,0.8525,5.0157,11.8708,0.0,0.5623
2500,4676,7.27,1.35,123.12,262.64,0.8618,0.4309,2.3455,30.6732,0.0,0.4019
2501,4678,266.8,0.35,334.34,200.87,0.8755,0.4377,3.6438,25.5914,0.0,0.3567
2501,4640,147.45,3.72,211.36,215.64,0.6123,0.3061,2.9177,14.4339,0.0,0.2859
2501,4559,214.35,8.93,262.9,160.77,0.8628,0.8628,4.9895,12.3565,0.0,0.5697
2501,4676,6.34,1.26,121.43,267.88,0.8184,0.4092,2.2787,31.3833,0.0,0.3772
2502,4678,264.94,0.31,330.85,200.55,0.8496,0.4248,3.6385,25.1624,0.0,0.3469
2502,4640,145.25,4.49,208.11,215.67,0.6724,0.3362,2.9172,14.4541,0.0,0.3139
2502,4559,215.88,8.44,264.62,160.62,0.8545,0.8545,5.0047,12.6554,0.0,0.5627
2502,4676,6.95,1.1,122.0,275.7,0.6426,0.3213,2.1758,32.186,38.0476,0.2682
2503,4678,264.33,0.38,328.82,201.1,0.8286,0.4143,3.6148,25.0023,0.0,0.3398
2503,4640,142.37,4.96,204.82,216.16,0.6992,0.3496,2.9069,14.5885,0.0,0.3269
2503,4559,216.66,8.06,265.76,160.64,0.8564,0.8564,5.0076,12.8378,0.0,0.5638
2503,4676,8.6,0.82,121.45,277.86,0.5918,0.2959,2.1473,32.373,0.0,0.2667
2503,4685,22.87,0.14,107.88,145.87,0.4292,0.2146,6.3754,22.385,0.0,0.1377
2504,4678,264.38,0.32,327.15,200.77,0.8682,0.4341,3.6203,24.8546,0.0,0.3559
2504,4640,141.97,5.88,202.85,213.58,0.7217,0.7217,2.9662,14.115,0.0,0.6696
2504,4559,219.26,7.83,268.29,160.17,0.8828,0.8828,5.0457,13.299,0.0,0.5806
2504,4676,10.64,0.76,118.97,272.68,0.7725,0.3862,2.2125,31.819,0.0,0.3521
2505,4678,264.75,0.39,325.83,200.38,0.8252,0.4126,3.6294,24.7532,0.0,0.3378
2505,4640,140.2,7.07,199.12,210.64,0.7695,0.7695,3.0372,13.6192,0.0,0.7072
2505,4559,221.68,7.84,270.7,160.35,0.8789,0.8789,5.046,13.7634,0.0,0.5775
2505,4676,12.78,0.59,116.58,265.36,0.7305,0.3653,2.3097,31.0251,0.0,0.3386
2506,4678,264.0,0.23,323.35,199.78,0.8452,0.4226,3.6388,24.4615,0.0,0.3458
2506,4640,139.25,7.89,197.01,209.86,0.562,0.562,3.057,13.5188,0.0,0.5151
2506,4559,223.56,7.84,272.43,160.13,0.8594,0.8594,5.0671,14.0935,0.0,0.5643
2506,4676,15.31,0.68,115.47,259.03,0.2966,0.1483,2.3965,30.2583,0.0,0.1395
2506,4685,21.58,0.14,109.66,151.15,0.834,0.417,5.9543,22.3785,15.9665,0.2622
2507,4678,260.97,0.26,319.03,198.46,0.8286,0.4143,3.6595,23.7963,0.0,0.3385
2507,4640,139.61,8.93,194.18,200.84,0.5757,0.5757,3.2931,11.8359,152.5151,0.3188
2507,4559,225.52,7.85,274.17,160.69,0.8423,0.8423,5.0433,14.4665,0.0,0.5526
2507,4685,11.65,0.35,118.07,184.64,0.6899,0.3449,4.1648,23.6857,22.385,0.25
2508,4678,254.21,0.37,313.06,199.28,0.8359,0.4179,3.6017,22.8789,0.0,0.3456
2508,4640,138.33,10.44,192.48,202.23,0.5718,0.5718,3.2559,12.1707,0.0,0.5099
2508,4559,227.1,7.76,275.19,160.43,0.8486,0.8486,5.0646,14.6991,0.0,0.5565
2508,4685,7.97,0.41,120.18,196.95,0.8159,0.4079,3.7389,24.6015,24.7851,0.3157
2509,4678,253.68,0.41,312.31,199.42,0.8286,0.4143,3.5943,22.7918,0.0,0.3431
2509,4640,136.67,12.2,191.85,208.56,0.6216,0.6216,3.0917,13.4273,29.3007,0.5404
2509,4559,228.15,7.63,275.77,160.88,0.7754,0.7754,5.0426,14.8714,0.0,0.5083
2509,4676,9.72,0.73,118.01,284.39,0.916,0.458,2.0747,33.208,39.8849,0.3716
2510,4678,252.57,0.42,311.24,199.67,0.8271,0.4135,3.5814,22.6449,0.0,0.3433
2510,4640,134.81,12.64,190.16,210.16,0.8037,0.8037,3.0537,13.8138,0.0,0.7366
2510,4559,229.54,7.96,276.75,161.22,0.8218,0.8218,5.0288,15.108,0.0,0.5384
2510,4676,9.64,0.86,117.88,287.98,0.8657,0.4329,2.0347,33.6163,0.0,0.3819
2511,4678,257.3,0.24,314.76,199.41,0.8076,0.4038,3.6099,23.2585,0.0,0.3331
2511,4640,137.69,12.18,178.51,153.08,0.7124,0.7124,5.357,4.8684,162.3694,0.2366
2511,4559,228.81,8.08,278.29,172.02,0.6807,0.6807,4.475,15.7891,20.9185,0.4779
2511,4676,10.0,1.06,117.55,288.0,0.8442,0.4221,2.0344,33.6172,0.0,0.3724
2511,4685,17.96,1.64,109.94,161.04,0.4407,0.2203,5.3062,22.8505,162.1398,0.0677
2512,4678,245.82,0.08,304.94,198.02,0.8262,0.4131,3.5999,21.4951,87.0856,0.2122
2512,4640,137.45,11.07,172.75,129.08,0.4111,0.4111,7.5592,5.9537,167.2648,0.1363
2512,4559,231.69,7.86,276.58,158.12,0.8193,0.8193,5.2173,15.1699,161.943,0.2636
2512,4676,10.01,1.1,116.84,288.0,0.5947,0.2974,2.0357,33.6486,0.0,0.2623
2512,4685,19.04,1.42,107.65,153.48,0.4609,0.2304,5.8035,22.806,163.6632,0.0708
2513,4678,238.14,0.67,299.47,198.06,0.7686,0.3843,3.5688,20.4813,0.0,0.3214
2513,4640,130.96,9.79,180.53,175.65,0.7778,0.7778,4.167,8.1526,22.1951,0.5831
2513,4559,232.27,8.15,276.09,156.98,0.6343,0.6343,5.2881,15.1391,0.0,0.4155
2513,4676,10.08,0.71,116.33,288.0,0.6934,0.3467,2.0365,33.6683,0.0,0.3059
2513,4685,18.9,1.38,108.36,153.63,0.3372,0.1686,5.7906,22.7584,0.0,0.108
2514,4678,237.17,0.52,298.3,191.48,0.3098,0.1549,3.7736,19.7176,155.081,0.0739
2514,4640,129.37,9.13,174.52,157.62,0.5332,0.5332,5.0812,6.3929,161.2253,0.1766
2514,4559,234.1,7.88,276.12,153.01,0.4121,0.4121,5.5534,15.2046,162.8028,0.1326
2514,4676,9.96,0.71,115.47,288.0,0.353,0.1765,2.0383,33.7123,0.0,0.1557
2514,4685,16.75,1.49,108.87,157.69,0.791,0.3955,5.5232,22.9715,17.8353,0.2469
2515,4678,240.03,0.65,299.62,184.47,0.687,0.3435,4.0324,19.4915,156.7862,0.1523
2515,4640,130.51,8.62,167.98,128.93,0.4609,0.4609,7.5946,7.0147,167.3586,0.1525
2515,4559,235.8,7.77,276.54,150.7,0.498,0.498,5.7221,15.3608,162.5042,0.1601
2515,4676,10.21,0.49,115.05,288.0,0.8843,0.4421,2.0386,33.72,0.0,0.3902
2515,4688,249.87,8.05,272.58,32.36,0.3887,0.3887,10.0,90.0,0.0,0.0
2516,4678,238.24,0.32,301.09,193.82,0.9126,0.4563,3.7054,20.2299,24.707,0.3597
2516,4640,125.45,8.34,168.36,147.73,0.4358,0.4358,5.7602,6.8231,16.6351,0.2834
2516,4685,14.17,1.06,110.82,165.01,0.8467,0.4234,5.0879,23.2121,18.6753,0.2634
2517,4678,232.86,0.29,298.11,196.79,0.8818,0.4409,3.5932,19.8475,34.6281,0.3419
2517,4640,122.13,7.98,166.46,153.27,0.4436,0.4436,5.3743,7.5494,19.5752,0.2859
2517,4685,4.06,0.74,120.04,202.33,0.4121,0.2061,3.5859,25.302,25.5499,0.1629
2518,4678,230.4,0.09,297.32,198.14,0.8853,0.4426,3.5452,19.7285,0.0,0.3723
2518,4640,117.88,7.93,168.36,177.57,0.7178,0.7178,4.1109,10.1578,22.5436,0.5416
2518,4676,5.88,0.62,108.41,288.0,0.7725,0.3862,2.0588,34.2174,0.0,0.3412
2519,4678,232.07,0.02,299.75,198.65,0.8843,0.4421,3.5385,20.0926,0.0,0.372
2519,4640,114.99,8.09,166.06,182.97,0.7974,0.7974,3.9062,11.2706,26.2933,0.6153
2519,4676,6.16,0.54,106.37,288.0,0.5322,0.2661,2.0621,34.2979,0.0,0.2351
2519,4685,5.74,1.14,109.48,185.1,0.7832,0.3916,4.192,24.8836,157.8,0.1606
2520,4678,231.44,0.18,299.49,199.58,0.8906,0.4453,3.509,20.116,0.0,0.3763
2520,4640,111.22,8.44,162.86,186.41,0.834,0.834,3.7898,12.2367,34.1695,0.6363
2520,4676,8.96,0.51,108.01,288.0,0.7515,0.3757,2.0538,34.0952,0.0,0.3319
2520,4685,10.3,1.31,108.74,177.6,0.2759,0.1379,4.4881,24.1973,158.0443,0.0514
2521,4678,229.5,0.24,297.88,199.09,0.8564,0.4282,3.5161,19.7971,0.0,0.3618
2521,4640,113.66,8.47,157.91,157.9,0.4524,0.4524,5.1061,9.4538,161.5857,0.1488
2521,4676,11.95,0.84,110.49,288.0,0.8804,0.4402,2.0437,33.8471,0.0,0.3886
2522,4678,226.1,0.26,295.97,201.03,0.8516,0.4258,3.4486,19.5958,0.0,0.3637
2522,4640,107.83,8.52,157.42,177.38,0.8169,0.8169,4.1452,11.7614,22.7474,0.6108
2522,4676,13.52,0.56,110.63,288.0,0.7861,0.3931,2.0406,33.77,0.0,0.3469
2523,4678,224.06,0.27,294.63,201.39,0.8789,0.4395,3.4316,19.3824,0.0,0.3766
2523,4640,104.68,9.33,155.33,182.83,0.2568,0.2568,3.9385,12.8126,26.2225,0.1966
2523,4676,15.5,0.61,111.39,288.0,0.7114,0.3557,2.0356,33.6468,0.0,0.3138
2523,4691,268.92,11.58,286.94,32.48,0.5659,0.5659,10.0,90.0,0.0,0.0
2524,4678,223.45,0.65,294.08,201.13,0.7671,0.3836,3.4368,19.2684,0.0,0.3285
2524,4640,102.57,10.21,153.36,184.56,0.8076,0.8076,3.8804,13.3346,0.0,0.6517
2524,4676,17.54,0.41,112.28,288.0,0.6196,0.3098,2.0304,33.5156,0.0,0.2732
2524,4685,16.87,0.87,106.31,164.17,0.4263,0.2132,5.1415,23.3419,161.1387,0.0652
2525,4678,224.52,0.79,294.18,200.28,0.75,0.375,3.4636,19.2647,0.0,0.3198
2525,4640,101.86,10.92,152.66,186.3,0.7778,0.7778,3.8199,13.6523,0.0,0.6336
2525,4676,21.55,0.32,115.77,288.0,0.8496,0.4248,2.0172,33.1827,0.0,0.3744
2525,4693,272.25,11.81,292.67,167.74,0.4504,0.4504,4.8401,20.6994,0.0,0.3002
2525,4691,271.93,11.56,290.92,33.59,0.3784,0.3784,10.0,90.0,0.0,0.0
2526,4678,228.01,0.38,295.9,194.0,0.603,0.3015,3.6658,19.0297,154.1613,0.1486
2526,4640,102.13,11.74,152.38,185.68,0.6323,0.6323,3.842,13.578,0.0,0.5133
2526,4676,25.69,0.26,119.96,288.0,0.667,0.3335,2.0029,32.8182,0.0,0.2937
2527,4678,222.52,0.88,291.45,198.19,0.8452,0.4226,3.516,18.6871,33.4917,0.3345
2527,4640,100.12,13.07,150.88,187.64,0.7485,0.7485,3.7781,14.0813,0.0,0.6134
2527,4676,29.53,0.23,124.29,288.0,0.5381,0.2691,1.9894,32.4667,0.0,0.2367
2527,4685,16.71,0.37,109.75,177.32,0.501,0.2505,4.4761,23.5697,20.7967,0.1721
2527,4693,275.78,9.05,298.03,176.81,0.625,0.625,4.4366,21.8881,24.1176,0.4304
2528,4678,218.09,0.5,285.45,197.33,0.7808,0.3904,3.5222,17.809,0.0,0.331
2528,4640,95.51,13.01,147.47,187.57,0.54,0.54,3.793,14.6861,0.0,0.441
2528,4676,24.13,0.66,114.98,284.13,0.3904,0.1952,2.0573,32.6603,0.0,0.1734
2528,4685,20.39,0.4,108.32,173.08,0.3767,0.1883,4.6618,23.1907,158.7478,0.0662
2528,4693,274.31,9.06,297.41,179.05,0.501,0.501,4.3343,21.8322,22.3367,0.354
2529,4678,214.49,0.54,281.46,200.72,0.8384,0.4192,3.4093,17.6439,34.0067,0.3379
2529,4640,91.73,12.97,145.02,187.64,0.7178,0.7178,3.8009,15.1784,0.0,0.585
2529,4676,24.65,0.34,114.74,286.64,0.2056,0.1028,2.0286,32.9356,0.0,0.0908
2529,4685,14.38,0.32,115.49,209.74,0.6934,0.3467,3.3648,25.4592,26.9243,0.283
2529,4693,271.3,8.92,295.57,179.76,0.7725,0.7725,4.2906,21.4642,0.0,0.5702
2530,4678,214.42,0.28,280.1,201.25,0.8013,0.4007,3.3918,17.6056,0.0,0.3468
2530,4640,92.05,12.49,144.88,184.73,0.687,0.687,3.9045,14.8484,156.3779,0.3217
2530,4676,39.8,0.21,133.18,287.57,0.5254,0.2627,1.964,31.6147,70.4551,0.1727
2530,4685,14.27,0.2,120.96,232.03,0.6353,0.3176,2.8448,27.1524,30.8622,0.2764
2530,4693,274.66,8.22,299.77,179.09,0.7612,0.7612,4.3406,22.0624,0.0,0.5558
2531,4678,212.99,0.09,277.98,204.41,0.8159,0.4079,3.2985,17.749,0.0,0.358
2531,4640,92.93,10.62,144.16,177.96,0.5527,0.5527,4.1669,14.1578,157.7491,0.24
2531,4685,25.31,0.07,112.42,193.86,0.7031,0.3515,3.8124,23.6348,155.752,0.163
2531,4693,277.24,7.8,303.76,179.12,0.7515,0.7515,4.3592,22.6146,0.0,0.5459
2532,4678,211.66,0.02,275.53,205.77,0.8516,0.4258,3.2561,17.6672,0.0,0.3762
2532,4693,279.37,6.91,307.41,179.44,0.8027,0.8027,4.3635,23.1131,0.0,0.5818
2532,4676,51.97,0.15,148.5,288.0,0.7583,0.3791,1.9208,30.6005,74.0471,0.2406
2533,4678,206.56,0.36,270.64,208.67,0.8779,0.439,3.1663,17.408,42.6424,0.3546
2533,4693,281.1,6.23,310.73,179.3,0.8271,0.8271,4.3853,23.5248,0.0,0.5963
2533,4676,52.75,0.1,150.98,288.0,0.6772,0.3386,1.9165,30.4809,0.0,0.2967
2534,4678,201.14,0.31,265.59,209.74,0.8804,0.4402,3.1253,16.9199,0.0,0.3971
2534,4693,284.56,5.81,316.18,179.01,0.8535,0.8535,4.4264,24.2453,0.0,0.6092
2534,4676,54.55,0.08,154.33,288.0,0.7231,0.3615,1.91,30.2952,0.0,0.3167
2535,4678,198.04,0.38,261.9,207.26,0.8574,0.4287,3.1796,16.1523,0.0,0.3842
2535,4693,287.69,5.68,321.51,178.48,0.7007,0.7007,4.4774,24.9134,0.0,0.4942
2535,4676,55.22,0.07,155.84,288.0,0.2983,0.1492,1.9073,30.2178,0.0,0.1306
2535,4685,44.55,0.62,119.96,171.45,0.4514,0.2257,4.6272,20.0394,155.7142,0.0819
2536,4678,194.44,0.32,257.91,204.13,0.835,0.4175,3.2528,15.2363,0.0,0.3707
2536,4693,289.01,5.46,324.98,178.62,0.7671,0.7671,4.4877,25.3095,0.0,0.5393
2536,4676,58.09,0.06,159.42,288.0,0.6416,0.3208,1.8996,29.9935,0.0,0.2808
2536,4685,50.96,0.47,126.85,174.06,0.3767,0.1883,4.4685,19.0156,37.992,0.1222
2537,4678,187.99,0.1,253.14,205.35,0.8584,0.4292,3.2084,14.8012,0.0,0.3839
2537,4693,289.32,5.59,327.13,178.27,0.8843,0.8843,4.5114,25.4936,0.0,0.6184
2537,4676,58.67,0.05,160.42,288.0,0.6113,0.3056,1.8977,29.9397,0.0,0.2675
2537,4685,40.32,0.85,144.04,250.37,0.6836,0.3418,2.4292,26.3614,35.0285,0.3061
2538,4678,186.67,0.3,252.31,205.15,0.8555,0.4278,3.2115,14.6558,0.0,0.3825
2538,4693,289.76,5.94,328.09,171.76,0.8413,0.8413,4.8187,25.3516,160.5622,0.2738
2538,4676,60.28,0.05,162.16,288.0,0.6187,0.3094,1.8939,29.8268,0.0,0.2707
2538,4640,70.07,0.77,124.76,170.4,0.5234,0.2617,4.5947,17.3014,140.2988,0.0974
2539,4678,183.31,0.2,249.52,203.3,0.8838,0.4419,3.255,14.0367,0.0,0.393
2539,4693,288.81,6.28,329.81,176.08,0.8721,0.8721,4.6168,25.5781,20.6068,0.5789
2539,4676,60.28,0.04,162.39,287.69,0.8838,0.4419,1.8969,29.7758,0.0,0.3869
2540,4678,177.19,0.06,245.71,203.71,0.7241,0.362,3.2355,13.6287,0.0,0.3231
2540,4693,287.31,6.79,331.13,182.1,0.8442,0.8442,4.3561,25.8271,21.4356,0.5877
2540,4676,60.05,0.04,162.33,287.73,0.6899,0.3449,1.8968,29.7911,0.0,0.302
2540,4640,69.71,0.0,128.71,176.86,0.645,0.3225,4.2936,17.3979,21.9163,0.2327
2541,4678,178.13,0.1,247.39,203.4,0.4368,0.2184,3.246,13.6965,0.0,0.1946
2541,4693,286.98,7.26,331.65,179.77,0.8486,0.8486,4.4542,25.7355,0.0,0.5994
2541,4676,60.9,0.03,163.07,287.93,0.7271,0.3635,1.8929,29.7662,0.0,0.3181
2542,4678,172.05,0.03,244.47,206.35,0.5039,0.252,3.1613,13.817,42.8553,0.2049
2542,4693,285.62,7.92,333.3,187.48,0.8184,0.8184,4.147,26.1343,22.4933,0.59
2542,4676,61.34,0.03,163.24,287.81,0.7139,0.3569,1.8934,29.7291,0.0,0.3124
2542,4640,75.68,0.0,136.63,173.47,0.385,0.1925,4.4102,15.9418,133.0886,0.0768
2543,4678,175.18,0.09,247.74,204.49,0.8169,0.4084,3.2147,13.7639,0.0,0.3656
2543,4693,284.93,8.35,334.67,191.14,0.8413,0.8413,4.0161,26.3873,23.4062,0.6189
2543,4676,61.79,0.02,163.09,287.95,0.5718,0.2859,1.8916,29.7389,0.0,0.2502
2543,4640,80.3,0.0,144.84,174.1,0.6782,0.3391,4.3546,14.858,63.7177,0.1885
2544,4678,169.44,0.21,244.26,206.75,0.8975,0.4487,3.1491,13.7777,0.0,0.4056
2544,4693,286.25,8.69,338.01,193.34,0.8027,0.8027,3.9545,26.8721,0.0,0.6181
2544,4676,66.95,0.02,167.86,288.0,0.4629,0.2314,1.8803,29.4277,0.0,0.2024
2544,4640,83.72,0.02,152.11,175.25,0.686,0.343,4.2835,14.0207,53.1003,0.2123
2545,4678,171.5,0.07,246.66,207.03,0.8467,0.4234,3.145,14.003,0.0,0.3827
2545,4693,286.54,9.01,340.52,195.86,0.8701,0.8701,3.8787,27.2321,0.0,0.678
2545,4676,72.24,0.02,173.35,288.0,0.3684,0.1842,1.8695,29.1034,0.0,0.161
2545,4640,86.34,0.06,159.42,177.74,0.7725,0.3862,4.1608,13.4058,38.0818,0.2698
2546,4678,171.62,0.02,247.31,208.24,0.5352,0.2676,3.1149,14.247,0.0,0.2429
2546,4693,286.49,8.49,339.36,186.77,0.7441,0.7441,4.1967,26.6414,157.5928,0.3014
2546,4676,75.13,0.02,176.42,288.0,0.667,0.3335,1.8639,28.9342,0.0,0.2913
2546,4640,87.27,0.08,164.23,179.51,0.6494,0.3247,4.0797,13.1128,0.0,0.2535
2547,4678,171.59,0.18,247.03,208.03,0.8027,0.4013,3.12,14.1976,0.0,0.3641
2547,4693,287.22,7.62,340.72,183.41,0.3066,0.3066,4.3354,26.643,158.3863,0.1185
2547,4676,78.47,0.39,180.55,288.0,0.8169,0.4084,1.8573,28.7326,0.0,0.3567
2547,4640,87.99,0.18,170.59,185.27,0.2037,0.1018,3.8508,13.2188,26.5571,0.079
2548,4678,171.2,0.25,246.5,208.4,0.4514,0.2257,3.11,14.2261,0.0,0.205
2548,4693,286.54,6.09,343.13,187.95,0.3477,0.3477,4.165,26.9989,23.1472,0.2485
2548,4676,88.42,0.34,179.19,245.44,0.811,0.4055,2.3987,21.8236,144.3232,0.2552
2549,4678,168.95,0.09,244.63,208.9,0.5728,0.2864,3.0947,14.1574,0.0,0.2608
2549,4693,291.25,4.79,347.83,184.47,0.3887,0.1943,4.3319,27.5636,152.5409,0.0747
2549,4676,83.74,0.31,185.75,274.11,0.644,0.322,2.0031,26.3313,40.3275,0.264
2549,4699,308.1,4.44,351.26,185.34,0.5186,0.2593,4.3707,29.1564,0.0,0.1837
2550,4678,167.82,0.21,243.18,209.26,0.3794,0.1897,3.0842,14.129,0.0,0.173
2550,4693,291.52,3.83,349.15,184.3,0.585,0.2925,4.3443,27.6794,0.0,0.2094
2550,4676,84.19,0.31,183.83,262.57,0.4814,0.2407,2.1491,24.5558,141.6535,0.1419
2551,4678,165.56,0.07,240.13,208.82,0.6323,0.3161,3.0919,13.8698,0.0,0.2881
2551,4640,91.35,0.4,174.49,178.38,0.3943,0.1971,4.1036,11.8291,154.2769,0.0879
2551,4699,310.21,3.22,355.14,191.69,0.7407,0.3704,4.1517,29.8837,25.662,0.2602
2552,4678,162.63,0.02,235.97,208.83,0.7363,0.3681,3.088,13.6589,0.0,0.3358
2552,4640,87.44,0.31,173.25,177.42,0.6655,0.3327,4.1502,12.1358,0.0,0.2571
2552,4699,312.48,2.7,358.08,193.71,0.7769,0.3885,4.0984,30.36,0.0,0.2879
2553,4678,160.42,0.19,231.9,209.1,0.7129,0.3564,3.0786,13.5489,0.0,0.3256
2553,4699,313.55,2.35,359.43,194.38,0.5806,0.2903,4.0837,30.5675,0.0,0.2156
2553,4676,81.01,0.04,182.53,265.29,0.626,0.313,2.1174,25.1238,0.0,0.2872
2554,4678,158.27,0.25,227.37,208.55,0.6982,0.3491,3.0899,13.3025,0.0,0.3185
2554,4699,314.47,1.56,360.0,195.78,0.8237,0.4118,4.0408,30.7415,0.0,0.3079
2554,4640,77.08,0.32,162.36,177.55,0.585,0.2925,4.1796,13.9202,100.4566,0.1266
2555,4678,156.23,0.18,223.69,209.44,0.7612,0.3806,3.0662,13.3771,0.0,0.3484
2555,4699,315.15,1.01,360.0,196.59,0.7832,0.3916,4.0158,30.8292,0.0,0.294
2555,4640,67.06,0.25,168.03,217.8,0.8286,0.4143,2.9593,19.1541,30.0647,0.3627
2556,4678,152.22,0.06,217.53,209.86,0.7075,0.3538,3.0541,13.3472,0.0,0.3244
2556,4699,315.05,0.54,360.0,195.77,0.8413,0.4207,4.0432,30.7828,0.0,0.3143
2556,4640,73.79,0.14,163.4,195.25,0.6826,0.3413,3.5503,16.0319,154.2744,0.1753
2557,4678,150.14,2.89,212.6,209.46,0.4961,0.248,3.0634,13.2369,0.0,0.2272
2557,4699,315.1,0.58,360.0,202.4,0.791,0.3955,3.8282,31.1177,24.1876,0.2949
2557,4640,78.94,0.1,161.91,183.46,0.7739,0.387,3.9448,14.3983,156.1985,0.1794
2558,4678,148.74,1.07,209.69,208.64,0.7051,0.3525,3.0836,13.075,0.0,0.3221
2558,4699,315.39,0.7,360.0,207.6,0.7686,0.3843,3.6744,31.4202,25.1588,0.2932
2558,4640,81.88,0.09,161.94,178.8,0.8228,0.4114,4.1208,13.6734,156.156,0.1815
2559,4678,147.36,0.57,207.03,209.07,0.708,0.354,3.0731,13.1698,0.0,0.3238
2559,4699,315.56,0.58,360.0,213.85,0.8574,0.4287,3.5033,31.7954,26.1828,0.3352
2559,4640,82.37,0.09,159.35,173.05,0.4282,0.2141,4.3695,13.3179,158.6094,0.0874
2559,4676,71.34,0.0,175.94,286.33,0.3567,0.1784,1.8855,28.8097,45.5854,0.1385
2560,4678,144.42,0.19,203.44,209.97,0.7334,0.3667,3.0517,13.3878,0.0,0.3364
2560,4699,315.85,0.27,360.0,217.9,0.8052,0.4026,3.4005,32.0638,26.949,0.3192
2560,4640,83.83,0.0,158.25,168.64,0.2274,0.1137,4.5752,12.9297,159.5221,0.0434
2560,4676,72.34,0.15,172.65,287.68,0.7349,0.3674,1.8734,29.0742,0.0,0.3213
2561,4678,143.25,1.16,200.84,209.66,0.6152,0.3076,3.06,13.3667,0.0,0.2819
2561,4699,316.52,1.08,360.0,218.62,0.6021,0.301,3.3847,32.1538,0.0,0.2501
2561,4676,72.01,0.0,170.14,288.0,0.7422,0.3711,1.8728,29.2044,0.0,0.3243
2562,4678,144.17,0.7,200.19,209.9,0.75,0.375,3.054,13.41,0.0,0.3439
2562,4699,317.66,0.86,360.0,215.46,0.4177,0.2089,3.468,32.0349,0.0,0.1713
2562,4676,70.16,0.0,166.6,288.0,0.6538,0.3269,1.8783,29.3673,0.0,0.2858
2563,4678,143.65,0.52,198.39,209.62,0.5352,0.2676,3.0614,13.3845,0.0,0.2451
2563,4699,317.34,0.22,360.0,219.23,0.4668,0.2334,3.3722,32.2468,0.0,0.1943
2563,4676,70.93,0.12,162.98,280.2,0.5796,0.2898,1.9664,28.3336,0.0,0.2576
2563,4640,78.5,0.06,153.31,168.42,0.3503,0.1752,4.6061,13.843,0.0,0.1243
2564,4678,143.86,0.27,197.48,209.23,0.5679,0.2839,3.0711,13.3187,0.0,0.2598
2564,4699,317.56,0.36,360.0,228.2,0.627,0.3135,3.1649,32.8499,28.5686,0.2563
2564,4640,75.14,0.08,151.29,173.17,0.7471,0.3735,4.3936,14.6721,24.8166,0.2637
2565,4678,144.0,0.36,196.85,210.0,0.6123,0.3061,3.0523,13.474,0.0,0.2808
2565,4699,318.77,0.78,360.0,227.38,0.5601,0.2801,3.1866,32.8721,0.0,0.2395
2565,4676,77.83,0.79,158.98,253.87,0.4263,0.2132,2.3023,24.3479,143.3217,0.1302
2566,4678,143.63,0.11,195.69,209.37,0.5273,0.2636,3.0682,13.375,0.0,0.2413
2566,4640,83.16,0.03,156.59,170.64,0.627,0.3135,4.4838,13.2931,127.0324,0.1233
2567,4640,77.59,0.19,152.69,176.52,0.4226,0.2113,4.2397,14.6101,28.6122,0.1514
2567,4699,320.25,0.97,360.0,230.65,0.4814,0.2407,3.1199,33.1889,0.0,0.2077
2568,4640,83.42,0.25,155.4,173.1,0.5708,0.2854,4.3726,13.5761,145.7793,0.1164
2568,4699,321.92,1.07,360.0,222.88,0.4824,0.2412,3.2987,32.7808,152.6939,0.1223
2568,4678,138.62,0.34,190.62,206.88,0.5186,0.2593,3.1338,13.0923,0.0,0.2351
2569,4699,322.66,0.79,360.0,223.54,0.2081,0.1041,3.2855,32.8714,0.0,0.0876
2569,4676,97.17,0.0,171.46,211.08,0.7139,0.3569,3.0742,16.2556,148.8468,0.2059
2570,4640,89.27,0.37,162.05,167.37,0.6235,0.3118,4.621,11.9977,149.8351,0.1174
2571,4640,83.3,0.98,155.21,165.42,0.2101,0.1051,4.7444,13.0293,135.833,0.0377
2572,4699,319.33,0.69,360.0,278.26,0.5312,0.2656,2.3312,36.8505,36.3693,0.2247
2572,4676,86.25,0.0,185.6,277.44,0.7378,0.3689,1.9624,26.7883,40.9147,0.2992
2573,-1,329.06,0.56,360.0,217.97,0.2783,0.1391,3.4404,32.947,0.0,0.1142
2573,-1,80.72,0.28,164.53,170.3,0.2186,0.1093,4.4897,12.776,0.0,0.0794
2574,4640,84.3,0.52,157.19,165.04,0.4036,0.2018,4.7584,12.7297,0.0,0.1394
2574,4676,88.67,0.0,190.49,287.43,0.3074,0.1537,1.8476,28.1631,44.1424,0.1198
2575,4640,83.84,0.15,158.15,166.92,0.396,0.198,4.6607,12.8121,0.0,0.1393
2576,4640,87.1,0.86,172.06,188.57,0.4736,0.2368,3.7343,13.5916,25.6148,0.1879
2576,4693,313.18,0.7,360.0,223.82,0.4485,0.2243,3.2504,32.2703,0.0,0.1903
2576,4676,86.08,0.88,186.75,285.78,0.3408,0.1704,1.8696,28.0529,0.0,0.1494
2577,4640,74.97,0.24,173.26,226.06,0.5757,0.2878,2.7664,19.6307,32.1518,0.2573
2577,4699,319.14,6.21,360.0,288.0,0.4341,0.217,2.2116,37.6754,37.9159,0.1783
2578,4676,77.77,0.98,175.36,287.91,0.6494,0.3247,1.8634,28.8772,0.0,0.2837
2579,4676,78.3,0.79,173.31,288.0,0.7739,0.387,1.8638,28.9325,0.0,0.338
2579,4699,322.44,7.52,360.0,248.39,0.5244,0.2622,2.7847,34.6067,148.4038,0.1494
2580,4676,78.65,0.7,170.57,288.0,0.5737,0.2868,1.866,28.9995,0.0,0.2506
2581,4678,100.49,0.26,147.68,168.35,0.4475,0.2238,4.5782,12.3585,153.3746,0.0854
2582,4678,97.72,0.27,148.08,166.98,0.3767,0.1883,4.6505,12.4692,0.0,0.1329
2582,4699,327.08,2.62,360.0,237.4,0.4678,0.2339,3.0013,34.0828,150.4655,0.1269
2583,4699,327.97,2.21,360.0,234.23,0.3442,0.1721,3.0677,33.9184,0.0,0.1493
2583,4676,78.19,0.68,166.8,288.0,0.5547,0.2773,1.8701,29.1209,0.0,0.2424
2584,4699,324.82,27.99,358.34,232.23,0.542,0.271,3.0951,33.481,0.0,0.2345
2584,4676,80.77,0.5,167.04,288.0,0.4775,0.2387,1.8674,29.0395,0.0,0.2086
2585,4676,82.04,0.44,166.28,288.0,0.6123,0.3061,1.8669,29.025,0.0,0.2675
2586,4676,83.74,0.39,166.46,288.0,0.5264,0.2632,1.8651,28.9719,0.0,0.2299
2586,4699,322.99,41.2,355.21,227.56,0.4121,0.2061,3.1809,32.8476,0.0,0.1764
2587,4676,90.98,0.34,156.99,226.12,0.7334,0.3667,2.7655,19.6531,148.3951,0.2244
2587,4699,323.28,44.8,354.76,217.92,0.2815,0.2815,3.4068,32.2115,153.1894,0.1392
2588,4676,92.01,0.55,152.0,199.3,0.458,0.229,3.4185,16.0609,153.558,0.1216
2589,4676,90.78,0.39,150.51,192.2,0.8076,0.4038,3.6402,15.3602,154.798,0.203
2590,4676,94.4,0.23,148.83,171.46,0.4475,0.2238,4.4391,13.0507,158.9377,0.0894
2591,4676,95.18,0.25,148.32,164.73,0.543,0.2715,4.7707,12.5238,160.3305,0.0966
2592,4676,94.1,0.24,147.88,163.13,0.646,0.323,4.8594,12.5639,0.0,0.2188
2593,4676,89.31,0.13,148.24,174.2,0.8145,0.4073,4.326,13.7806,22.1167,0.2942
2594,4676,89.32,0.28,149.38,174.47,0.7456,0.3728,4.312,13.704,0.0,0.2792
2595,4676,87.7,0.24,149.32,175.63,0.8013,0.4007,4.2649,13.9514,0.0,0.3024
2596,4676,85.54,0.5,149.29,178.87,0.6602,0.3301,4.1339,14.4341,23.9541,0.2452
2597,4676,84.53,0.4,149.91,180.08,0.8252,0.4126,4.0861,14.5818,0.0,0.3209
2598,4676,82.9,0.27,149.29,179.71,0.8286,0.4143,4.105,14.7353,0.0,0.3211
2599,4640,58.82,0.65,173.51,287.74,0.7886,0.3943,1.8857,29.4684,0.0,0.345
2600,4676,81.99,0.3,150.2,178.6,0.8169,0.4084,4.1497,14.6322,0.0,0.3142
2601,4739,327.39,0.96,359.31,252.45,0.3831,0.1915,2.727,35.1618,0.0,0.1741
2601,4676,80.04,0.08,151.64,182.04,0.7949,0.3975,4.0147,15.0013,23.1512,0.302
2602,4739,324.23,0.55,357.37,260.63,0.212,0.106,2.5832,35.5139,33.4853,0.0924
2602,4676,77.28,0.11,149.89,180.22,0.7754,0.3877,4.0941,15.2048,0.0,0.3008
2603,4739,323.57,66.59,349.01,259.23,0.4045,0.4045,2.5818,34.9001,0.0,0.3758
2603,4676,74.77,0.0,149.78,182.14,0.5,0.25,4.0242,15.6021,0.0,0.1961
2603,4640,60.0,2.88,169.83,288.0,0.2998,0.1499,1.8856,29.585,0.0,0.1311
2604,4676,73.28,0.04,150.05,182.69,0.5303,0.2651,4.0055,15.755,0.0,0.2086
2604,4640,60.55,1.28,168.25,288.0,0.4834,0.2417,1.8867,29.6181,0.0,0.2114
2604,4699,312.24,65.24,352.07,259.02,0.4514,0.4514,2.5645,34.4211,0.0,0.4212
2605,4676,72.64,0.0,151.14,182.72,0.4971,0.2485,4.0035,15.7205,0.0,0.1956
2605,4640,60.71,0.75,166.99,288.0,0.4766,0.2383,1.8879,29.6537,0.0,0.2084
2605,4746,141.95,12.93,194.41,138.04,0.3684,0.3684,6.5479,2.7228,0.0,0.2455
2605,4699,310.83,82.31,352.09,263.18,0.4639,0.4639,2.4987,34.699,0.0,0.4363
2606,4676,73.14,0.0,154.55,184.22,0.3372,0.1686,3.9398,15.5439,0.0,0.1342
2606,4640,61.64,0.52,167.26,288.0,0.7334,0.3667,1.8866,29.6149,0.0,0.3207
2606,4746,125.75,6.32,182.02,139.16,0.2302,0.2302,6.4654,5.4507,78.4331,0.0918
2606,4699,304.91,66.79,353.0,265.95,0.5547,0.5547,2.4467,34.6684,0.0,0.5179
2607,4676,72.86,0.02,156.35,184.79,0.5029,0.2515,3.916,15.4774,0.0,0.2009
2607,4640,62.18,0.41,167.19,288.0,0.5557,0.2778,1.8861,29.5998,0.0,0.243
2607,4746,139.18,13.8,192.07,139.44,0.7583,0.7583,6.4182,3.1013,81.9325,0.2879
2607,4699,301.52,60.09,354.63,273.41,0.2295,0.2295,2.3405,35.2418,36.0252,0.196
2608,4676,71.93,0.0,155.86,181.03,0.314,0.157,4.061,15.2279,157.1522,0.0702
2608,4746,144.97,15.95,196.73,140.01,0.4351,0.4351,6.3602,2.0539,66.3182,0.2032
2609,4746,148.35,16.38,199.86,141.61,0.7441,0.7441,6.2147,1.3092,31.4975,0.4595
2609,4640,61.37,0.35,165.93,288.0,0.8564,0.4282,1.8884,29.6667,0.0,0.3746
2610,4746,150.81,16.3,201.02,140.59,0.8296,0.8296,6.3046,1.0952,0.0,0.553
2610,4640,67.44,0.25,162.65,256.72,0.2153,0.1076,2.269,25.051,142.9461,0.0651
2610,4676,83.44,0.0,166.66,180.63,0.5059,0.253,4.0377,13.3471,83.7324,0.1237
2611,4746,151.36,15.65,201.15,141.42,0.646,0.646,6.2305,0.936,0.0,0.4306
2611,4640,59.29,0.19,132.75,205.88,0.7598,0.3799,3.3254,20.5446,152.1499,0.2034
2611,4676,89.41,0.08,166.98,170.2,0.395,0.1975,4.4752,11.7811,158.0248,0.0783
2611,4699,300.98,10.34,360.0,272.59,0.4756,0.2378,2.3625,35.4187,0.0,0.2188
2612,4746,151.26,15.42,199.98,141.6,0.5508,0.5508,6.2149,1.028,0.0,0.3672
2612,4640,57.13,0.34,122.17,189.47,0.626,0.313,3.8543,19.9704,155.4702,0.1459
2612,4676,92.07,0.15,165.35,160.73,0.5479,0.274,4.9641,10.9692,160.9972,0.091
2612,4757,94.79,0.0,162.95,288.0,0.5796,0.2898,1.8584,28.7663,0.0,0.2531
2612,4699,298.47,20.09,360.0,271.58,0.2878,0.1439,2.3702,35.198,0.0,0.1326
2613,4746,152.51,14.64,200.59,142.22,0.4006,0.4006,6.1607,0.7991,0.0,0.2671
2613,4640,57.95,0.28,121.09,189.62,0.6992,0.3496,3.8497,20.0038,0.0,0.2797
2613,4676,93.81,0.27,169.27,165.76,0.4639,0.2319,4.6827,10.8048,22.0022,0.1574
2613,4757,97.69,0.0,166.04,288.0,0.4092,0.2046,1.8533,28.6117,0.0,0.1786
2613,4699,304.89,11.02,360.0,266.54,0.5273,0.2636,2.4549,35.0953,0.0,0.2461
2614,4746,154.5,14.26,200.88,140.83,0.7192,0.7192,6.2826,0.8073,160.6782,0.2397
2614,4640,56.5,0.25,116.29,187.6,0.396,0.198,3.9361,20.354,0.0,0.156
2614,4676,96.58,0.23,170.88,161.85,0.7212,0.3606,4.8843,10.1026,157.7251,0.1239
2614,4757,95.65,0.0,164.6,288.0,0.3877,0.1938,1.8562,28.7005,0.0,0.1693
2614,4699,306.49,3.87,360.0,266.1,0.6655,0.3327,2.465,35.1435,0.0,0.311
2615,4746,156.57,13.73,201.62,140.28,0.6523,0.6523,6.332,0.788,0.0,0.4348
2615,4640,56.8,0.14,113.15,183.46,0.5469,0.2735,4.0971,20.2872,156.9804,0.1184
2615,4676,97.53,0.22,171.44,159.3,0.222,0.111,5.0272,9.7879,160.3196,0.0365
2615,4757,98.38,0.0,167.79,288.0,0.8271,0.4135,1.8514,28.551,0.0,0.361
2615,4699,305.8,1.2,360.0,275.51,0.7104,0.3552,2.3351,35.9254,36.2803,0.3019
2616,4746,158.3,13.48,202.52,141.58,0.5293,0.5293,6.2159,0.5052,21.2652,0.3408
2616,4676,97.47,0.22,172.52,160.33,0.7256,0.3628,4.966,9.7595,0.0,0.2418
2616,4757,95.23,0.0,165.72,288.0,0.3167,0.1583,1.8556,28.6824,0.0,0.1383
2616,4699,304.17,2.03,360.0,282.2,0.6235,0.3118,2.2471,36.4378,0.0,0.2809
2617,4746,160.82,12.78,204.8,143.83,0.606,0.606,6.0244,0.5795,22.4816,0.3886
2617,4757,96.65,0.0,167.98,288.0,0.8594,0.4297,1.8526,28.5891,0.0,0.3751
2617,4699,300.15,0.0,359.8,270.36,0.5215,0.2607,2.3901,35.167,143.0425,0.1541
2618,4746,164.33,13.7,207.64,145.03,0.7285,0.7285,5.9277,1.2499,39.5045,0.4301
2618,4757,95.96,0.0,168.4,288.0,0.4932,0.2466,1.8528,28.5959,0.0,0.2153
2618,4699,300.05,0.91,360.0,282.04,0.7598,0.3799,2.2398,36.2203,37.5851,0.316
2618,4640,58.57,0.0,113.28,184.59,0.5439,0.272,4.0491,20.2085,0.0,0.2102
2618,4676,96.32,0.0,173.65,162.81,0.7964,0.3982,4.8277,9.9415,19.4215,0.2651
2619,4746,168.08,14.24,210.83,145.47,0.8369,0.8369,5.8947,1.9689,0.0,0.5578
2619,4757,94.57,0.0,168.3,288.0,0.2114,0.1057,1.854,28.6334,0.0,0.0923
2619,4699,298.01,0.0,359.7,281.28,0.5371,0.2686,2.2439,36.0356,0.0,0.2423
2619,4676,95.59,0.0,173.15,160.76,0.8369,0.4184,4.9434,9.9063,160.4999,0.1406
2620,4746,172.16,13.88,215.21,145.99,0.8359,0.8359,5.8577,2.8443,69.5904,0.3755
2620,4757,96.67,0.38,170.97,288.0,0.6489,0.3245,1.8502,28.5151,0.0,0.2832
2620,4699,304.62,0.42,360.0,269.67,0.4045,0.2023,2.4105,35.3525,144.6741,0.12
2620,4676,93.31,0.0,176.33,172.3,0.4854,0.2427,4.3581,10.8426,21.3104,0.1756
2620,4640,59.22,0.0,111.27,182.36,0.3425,0.1713,4.1384,20.1663,0.0,0.1303
2621,4746,176.71,14.48,219.81,144.96,0.8125,0.8125,5.9456,3.7585,129.8132,0.2703
2621,4757,95.84,0.52,170.79,288.0,0.2415,0.1207,1.851,28.5397,0.0,0.1054
2621,4699,299.64,0.0,357.88,265.28,0.603,0.3015,2.4554,34.5883,0.0,0.2819
2621,4676,93.84,0.0,175.29,168.98,0.7002,0.3501,4.5135,10.5519,159.3533,0.1374
2621,4640,59.67,0.0,110.07,182.57,0.5186,0.2593,4.1321,20.2436,0.0,0.1975
2622,4746,178.64,15.08,221.75,143.52,0.8486,0.8486,6.067,4.1509,155.4779,0.2821
2622,4699,304.78,0.0,360.0,269.15,0.3469,0.1734,2.4181,35.3157,0.0,0.1609
2622,4676,95.33,0.0,175.0,164.81,0.8306,0.4153,4.7206,10.0697,159.8689,0.1518
2622,4640,60.57,0.0,108.28,176.94,0.6514,0.3257,4.3656,19.9605,158.7198,0.1296
2622,4765,289.56,0.08,356.22,155.73,0.3389,0.1694,5.8736,27.2522,0.0,0.1067
2623,4746,180.48,15.98,224.54,143.9,0.8296,0.8296,6.0395,4.6235,0.0,0.5522
2623,4699,296.43,0.0,357.97,281.5,0.3381,0.1691,2.2339,35.8922,37.8101,0.1405
2623,4676,96.04,0.0,174.4,160.41,0.8252,0.4126,4.9607,9.7227,161.054,0.1377
2623,4640,60.62,0.0,108.07,179.64,0.2554,0.1277,4.2523,20.1398,21.9423,0.0922
2623,4765,290.51,0.24,356.23,153.39,0.248,0.124,6.0454,27.3021,164.2749,0.0367
2623,4757,95.46,1.46,171.59,288.0,0.353,0.1765,1.8507,28.5294,0.0,0.1541
2624,4746,180.89,16.38,226.24,144.78,0.8677,0.8677,5.9694,4.8418,0.0,0.5774
2624,4699,297.44,0.0,359.71,286.16,0.5332,0.2666,2.1842,36.4556,0.0,0.238
2624,4676,96.18,0.02,174.73,160.36,0.7822,0.3911,4.9628,9.6752,0.0,0.2608
2624,4640,60.66,0.0,107.77,181.61,0.5591,0.2796,4.1734,20.2894,0.0,0.2114
2624,4766,69.15,0.13,92.37,97.4,0.4785,0.2392,16.36,21.4988,0.0,0.154
2624,4757,93.95,0.51,172.82,288.0,0.5527,0.2763,1.8509,28.5363,0.0,0.2412
2625,4746,181.43,16.99,228.0,145.75,0.8789,0.8789,5.8939,5.0868,0.0,0.5848
2625,4699,293.32,0.0,356.91,287.93,0.4534,0.2267,2.1488,36.2897,0.0,0.2014
2625,4640,60.32,0.0,107.14,183.24,0.687,0.3435,4.112,20.4803,0.0,0.2624
2625,4757,99.37,0.17,180.12,287.83,0.8286,0.4143,1.8432,28.2176,0.0,0.3616
2626,4746,180.93,15.9,228.83,145.74,0.2213,0.2213,5.895,5.1202,0.0,0.1472
2626,4699,296.08,0.0,358.84,285.24,0.2532,0.1266,2.1902,36.2631,0.0,0.1132
2626,4640,60.33,0.0,106.27,182.69,0.499,0.2495,4.1357,20.5152,0.0,0.1898
2626,4757,101.45,0.05,184.08,287.94,0.6772,0.3386,1.8381,28.1089,0.0,0.2954
2626,4676,96.25,0.0,174.63,158.71,0.8003,0.4002,5.0589,9.5693,0.0,0.2649
2626,4766,69.07,0.14,90.82,89.91,0.3066,0.1533,21.4898,22.2263,175.4766,0.0473
2627,4746,180.53,16.43,229.58,147.29,0.7656,0.7656,5.7749,5.1875,16.5508,0.4988
2627,4699,295.8,0.0,358.76,284.7,0.22,0.11,2.1958,36.1957,0.0,0.0985
2627,4640,60.51,0.0,106.19,183.45,0.6919,0.3459,4.1059,20.5582,0.0,0.2645
2627,4757,101.44,0.0,185.34,287.99,0.6289,0.3145,1.8368,28.0918,0.0,0.2743
2627,4676,95.38,0.0,177.09,165.76,0.8423,0.4212,4.6684,9.9593,20.0495,0.2888
2628,4746,181.44,16.42,230.89,147.41,0.8125,0.8125,5.7681,5.4153,0.0,0.5405
2628,4699,292.08,0.0,356.55,286.85,0.5972,0.2986,2.1579,36.1116,0.0,0.2659
2628,4640,60.34,0.0,105.53,183.38,0.7739,0.387,4.1108,20.6228,0.0,0.2956
2628,4757,98.77,0.36,182.7,288.0,0.8306,0.4153,1.8401,28.2016,0.0,0.3623
2629,4746,183.21,16.57,232.43,146.97,0.8286,0.8286,5.8053,5.7399,0.0,0.551
2629,4699,281.76,0.0,349.45,287.26,0.7686,0.3843,2.117,35.325,0.0,0.3411
2629,4640,60.57,0.0,105.4,183.38,0.8062,0.4031,4.1106,20.6144,0.0,0.3079
2629,4757,103.73,0.12,189.63,288.0,0.8628,0.4314,1.8327,27.9689,0.0,0.3762
2630,4746,186.16,15.6,235.06,146.88,0.8369,0.8369,5.8188,6.3032,0.0,0.5562
2630,4699,276.11,0.0,346.55,285.71,0.7251,0.3625,2.1175,34.7657,0.0,0.3225
2630,4640,60.76,0.0,105.78,184.71,0.7285,0.3643,4.0583,20.6585,0.0,0.2808
2630,4757,106.15,0.03,193.53,288.0,0.8193,0.4097,1.8293,27.8596,0.0,0.3572
2631,4746,188.45,15.81,236.61,147.39,0.835,0.835,5.7846,6.7017,0.0,0.5548
2631,4699,272.38,0.0,345.38,283.41,0.5767,0.2883,2.1345,34.2974,0.0,0.2576
2631,4640,60.67,0.0,105.27,184.29,0.8125,0.4062,4.0758,20.6792,0.0,0.3122
2631,4757,109.79,0.0,198.27,288.0,0.6953,0.3477,1.8252,27.7305,0.0,0.3031
2631,4676,99.79,0.1,183.97,173.79,0.6899,0.3449,4.2735,9.8602,25.2414,0.2507
2632,4746,192.42,14.84,239.15,146.37,0.6982,0.6982,5.8723,7.3418,139.2893,0.2308
2632,4699,269.0,0.0,344.07,282.14,0.8169,0.4084,2.1402,33.9416,0.0,0.3657
2632,4640,60.44,0.0,104.55,183.77,0.7104,0.3552,4.0981,20.7227,0.0,0.2719
2632,4757,111.85,0.0,201.29,288.0,0.8193,0.4097,1.8231,27.6612,0.0,0.3571
2633,4746,197.25,14.31,242.59,146.16,0.8101,0.8101,5.9015,8.1734,0.0,0.5373
2633,4699,269.27,0.0,346.27,281.46,0.4397,0.2198,2.1531,33.9894,0.0,0.1972
2633,4640,60.93,0.0,105.14,184.15,0.4514,0.2257,4.0808,20.6587,0.0,0.1733
2633,4757,113.87,0.0,203.83,288.0,0.8467,0.4234,1.8213,27.6048,0.0,0.369
2633,4765,267.97,0.25,360.0,274.54,0.4016,0.2008,2.264,33.9033,36.9774,0.1696
2634,4746,200.82,14.39,244.97,146.26,0.7939,0.7939,5.9035,8.7727,0.0,0.5262
2634,4699,267.63,0.0,346.84,280.54,0.8184,0.4092,2.162,33.8423,0.0,0.3676
2634,4640,60.93,0.0,105.29,184.67,0.7769,0.3885,4.0606,20.6823,0.0,0.2993
2634,4757,115.73,0.0,206.01,288.0,0.222,0.111,1.8199,27.5596,0.0,0.0967
2634,4676,106.87,0.27,193.17,183.68,0.8564,0.4282,3.8609,10.1302,28.9975,0.3304
2635,4746,204.02,14.61,246.83,145.83,0.811,0.811,5.9466,9.2762,0.0,0.5371
2635,4699,266.05,0.0,347.67,281.58,0.8794,0.4397,2.1481,33.9143,0.0,0.3941
2635,4640,60.86,0.0,105.36,185.15,0.833,0.4165,4.0426,20.7159,0.0,0.3219
2635,4757,118.53,0.0,208.81,288.0,0.3567,0.1784,1.8182,27.5042,0.0,0.1554
2635,4676,108.93,0.3,194.67,189.78,0.8252,0.4126,3.6455,10.9333,25.7271,0.3335
2636,4746,208.65,14.42,250.99,145.2,0.7686,0.7686,6.0142,10.1506,124.4583,0.2522
2636,4699,264.79,0.0,347.73,280.67,0.8647,0.4324,2.1566,33.7615,0.0,0.3882
2636,4640,60.78,0.0,105.17,184.88,0.7964,0.3982,4.0534,20.7194,0.0,0.3071
2636,4757,120.03,0.0,210.21,288.0,0.8789,0.4395,1.8174,27.4789,0.0,0.3829
2637,4746,212.51,14.44,254.73,145.24,0.8369,0.8369,6.0269,10.9067,0.0,0.5529
2637,4699,264.45,0.0,349.03,281.07,0.8667,0.4334,2.1537,33.8496,0.0,0.3889
2637,4640,60.93,0.0,105.24,184.78,0.811,0.4055,4.0566,20.6941,0.0,0.3126
2637,4757,120.85,0.0,211.02,288.0,0.8218,0.4109,1.817,27.4657,0.0,0.358
2638,4746,217.05,15.01,259.93,145.72,0.8594,0.8594,6.0101,11.8722,81.7715,0.3213
2638,4699,263.07,0.0,348.63,280.29,0.876,0.438,2.1595,33.6822,0.0,0.3936
2638,4640,60.94,0.0,105.13,184.37,0.8286,0.4143,4.0724,20.6739,0.0,0.3185
2638,4757,121.33,0.0,211.25,287.45,0.8369,0.4184,1.8225,27.3713,0.0,0.365
2639,4746,218.55,15.22,261.9,145.53,0.8394,0.8394,6.0337,12.2126,0.0,0.5533
2639,4699,262.46,0.0,349.11,280.17,0.8657,0.4329,2.1607,33.6633,0.0,0.3891
2639,4640,60.85,0.0,105.1,184.6,0.8467,0.4234,4.064,20.6999,0.0,0.326
2639,4757,122.43,0.0,212.69,287.79,0.7471,0.3735,1.8184,27.4076,0.0,0.3256
2640,4746,219.86,15.96,263.91,145.92,0.8271,0.8271,6.0104,12.5406,0.0,0.5448
2640,4699,261.62,0.0,349.61,280.97,0.8726,0.4363,2.1504,33.7308,0.0,0.3915
2640,4640,60.6,0.11,104.58,183.94,0.8062,0.4031,4.0911,20.7184,0.0,0.3089
2640,4757,122.94,0.0,213.56,287.93,0.8369,0.4184,1.8167,27.4209,0.0,0.3647
2641,4746,219.4,16.42,264.28,147.27,0.7168,0.7168,5.9035,12.5429,16.0709,0.4628
2641,4699,260.13,0.0,349.18,280.8,0.9058,0.4529,2.1487,33.6206,0.0,0.4064
2641,4640,60.45,0.19,104.36,183.51,0.7847,0.3923,4.1086,20.7201,0.0,0.2997
2641,4757,123.86,0.0,215.04,287.6,0.8555,0.4278,1.8196,27.3524,0.0,0.373
2642,4746,219.04,16.79,263.69,146.48,0.5918,0.5918,5.9632,12.4426,0.0,0.3899
2642,4699,257.34,0.0,347.97,281.95,0.8882,0.4441,2.1274,33.5515,0.0,0.3974
2642,4640,60.29,0.04,104.58,184.57,0.8486,0.4243,4.068,20.7875,0.0,0.3264
2642,4757,125.71,0.0,217.75,287.67,0.876,0.438,1.8182,27.3395,0.0,0.3819
2643,4746,222.12,17.23,261.73,132.93,0.6333,0.6333,7.2545,12.7351,166.8087,0.2059
2643,4699,253.41,0.2,346.0,283.3,0.7349,0.3674,2.1004,33.4191,0.0,0.3276
2643,4640,59.26,0.0,103.23,183.95,0.8086,0.4043,4.0979,20.9431,0.0,0.3093
2643,4757,127.78,0.0,220.62,287.88,0.7974,0.3987,1.8154,27.354,0.0,0.3474
2644,4746,224.13,16.76,262.75,129.64,0.5527,0.5527,7.6585,13.1531,166.6455,0.1794
2644,4699,250.83,0.03,344.84,282.51,0.9268,0.4634,2.1026,33.1579,0.0,0.4137
2644,4640,59.65,0.0,103.97,184.65,0.8003,0.4002,4.0682,20.8968,0.0,0.3077
2644,4757,130.63,0.0,224.16,287.78,0.895,0.4475,1.816,27.3226,0.0,0.39
2645,4746,230.91,17.11,265.53,119.74,0.3157,0.3157,9.1717,14.5811,168.7226,0.1018
2645,4699,248.12,0.0,344.2,284.71,0.876,0.438,2.0711,33.2459,0.0,0.3891
2645,4640,60.04,0.0,104.45,184.54,0.8125,0.4062,4.0701,20.817,0.0,0.3124
2645,4757,134.9,0.0,229.79,287.92,0.8735,0.4368,1.8145,27.3446,0.0,0.3806
2646,4746,234.21,17.31,270.63,128.14,0.2063,0.2063,7.9135,14.9143,13.8939,0.1332
2646,4699,247.12,0.0,344.02,283.59,0.9116,0.4558,2.0818,33.0671,0.0,0.4058
2646,4640,58.76,0.0,103.08,185.06,0.771,0.3855,4.0575,21.0725,0.0,0.2969
2646,4757,139.06,0.0,235.16,287.98,0.8936,0.4468,1.8147,27.3797,0.0,0.3893
2647,4699,251.52,0.0,348.1,284.16,0.8721,0.436,2.0909,33.5224,0.0,0.3881
2647,4640,59.66,0.0,104.24,185.26,0.8184,0.4092,4.0445,20.9158,0.0,0.3159
2647,4757,144.6,0.0,242.53,288.0,0.8604,0.4302,1.8168,27.4579,0.0,0.3749
2648,4699,252.75,0.0,348.66,283.63,0.7861,0.3931,2.1003,33.5483,0.0,0.3503
2648,4640,59.89,0.0,104.36,184.03,0.8506,0.4253,4.0901,20.802,0.0,0.3259
2648,4757,151.94,0.0,251.77,287.45,0.8496,0.4248,1.8275,27.5337,0.0,0.3707
2649,4699,255.63,0.0,350.23,283.23,0.7925,0.3962,2.1134,33.7143,0.0,0.3536
2649,4640,59.54,0.07,103.91,183.75,0.8477,0.4239,4.103,20.8497,0.0,0.324
2649,4757,155.69,0.0,256.82,287.8,0.8359,0.4179,1.8276,27.7069,0.0,0.3645
2650,4699,253.05,0.0,347.18,283.17,0.8525,0.4263,2.1035,33.4433,0.0,0.3802
2650,4640,59.72,0.01,104.37,184.39,0.8203,0.4102,4.0768,20.8399,0.0,0.315
2650,4757,160.24,0.0,262.39,287.93,0.8618,0.4309,1.8312,27.8873,0.0,0.3758
2651,4699,251.58,0.0,344.87,282.68,0.8403,0.4202,2.1021,33.213,0.0,0.375
2651,4640,59.92,0.0,104.78,184.73,0.8618,0.4309,4.0624,20.8127,0.0,0.3318
2651,4757,166.35,0.0,268.19,287.98,0.8369,0.4184,1.8377,28.1165,0.0,0.365
2651,4773,255.68,14.84,280.5,84.74,0.373,0.373,26.9744,20.8781,0.0,0.2405
2652,4699,254.54,0.44,345.07,278.86,0.6333,0.3166,2.1533,32.9465,0.0,0.285
2652,4640,59.99,0.0,104.96,184.58,0.8252,0.4126,4.0674,20.7816,0.0,0.3174
2652,4757,168.78,0.18,269.58,288.0,0.6104,0.3052,1.84,28.198,0.0,0.2663
2652,4773,259.16,13.92,279.06,69.38,0.4475,0.4475,129.5595,22.6637,179.2481,0.1376
2653,4699,252.73,0.15,342.8,280.88,0.3442,0.1721,2.1215,32.9723,0.0,0.1542
2653,4640,59.75,0.0,104.83,184.53,0.8135,0.4068,4.0702,20.8088,0.0,0.3127
2653,4757,174.41,0.07,273.84,288.0,0.4678,0.2339,1.847,28.4173,0.0,0.2041
2654,4699,254.06,0.32,342.67,282.2,0.6343,0.3171,2.1082,33.1735,0.0,0.2834
2654,4640,58.99,0.08,103.59,183.39,0.7695,0.3847,4.1192,20.8981,0.0,0.2932
2654,4757,178.51,0.02,276.52,288.0,0.2861,0.1431,1.8523,28.5807,0.0,0.1249
2654,4774,180.48,0.0,332.86,288.0,0.3425,0.1713,1.9128,30.3747,0.0,0.15
2655,4699,256.44,0.2,343.3,283.72,0.5137,0.2569,2.0962,33.4801,0.0,0.2288
2655,4640,59.39,0.12,104.02,183.33,0.8203,0.4102,4.1193,20.8248,0.0,0.3127
2655,4757,181.9,0.19,278.36,288.0,0.4243,0.2122,1.8567,28.7138,0.0,0.1853
2655,4774,183.99,0.0,336.24,288.0,0.4824,0.2412,1.9217,30.6264,0.0,0.2114
2656,4699,257.51,0.06,342.65,285.22,0.4707,0.2354,2.0797,33.6626,0.0,0.209
2656,4640,59.57,0.04,104.55,184.06,0.8384,0.4192,4.0893,20.8149,0.0,0.3212
2656,4757,186.44,0.44,281.46,287.45,0.2539,0.127,1.8691,28.8376,0.0,0.111
2656,4774,185.74,0.0,337.67,288.0,0.7778,0.3889,1.9259,30.745,0.0,0.3409
2657,4699,258.61,0.01,341.45,285.04,0.4302,0.2151,2.0816,33.6384,0.0,0.1911
2657,4640,59.33,0.01,104.4,183.97,0.8306,0.4153,4.0938,20.8412,0.0,0.318
2657,4757,189.98,0.35,284.59,287.8,0.4397,0.2198,1.8717,29.0789,0.0,0.1922
2657,4774,185.97,0.0,337.39,288.0,0.5869,0.2934,1.9258,30.7431,0.0,0.2572
2658,4640,58.99,0.09,103.94,183.84,0.8218,0.4109,4.1009,20.8991,0.0,0.3142
2658,4774,186.29,0.2,336.9,288.0,0.9028,0.4514,1.9256,30.7367,0.0,0.3957
2659,4640,59.13,0.03,104.33,184.45,0.8306,0.4153,4.0762,20.8964,0.0,0.3189
2659,4774,186.59,0.07,336.43,288.0,0.9238,0.4619,1.9254,30.7304,0.0,0.4049
2660,4640,57.96,0.1,102.68,183.65,0.8271,0.4135,4.1144,21.0771,0.0,0.3153
2660,4774,185.19,0.03,333.99,288.0,0.8745,0.4373,1.9203,30.5876,0.0,0.3832
2661,4640,57.65,0.13,101.99,183.26,0.8423,0.4212,4.1322,21.1347,0.0,0.3201
2661,4774,186.42,0.2,334.03,288.0,0.9238,0.4619,1.922,30.6346,0.0,0.4048
2662,4640,58.73,0.14,103.34,183.67,0.8384,0.4192,4.1098,20.9593,0.0,0.32
2662,4774,188.62,0.07,334.75,288.0,0.9224,0.4612,1.9258,30.7435,0.0,0.4043
2663,4640,59.01,0.14,103.92,184.39,0.8286,0.4143,4.0799,20.9363,0.0,0.3179
2663,4757,215.93,0.29,313.44,287.99,0.9341,0.4671,1.9341,30.9698,104.744,0.2539
2664,4640,58.98,0.05,103.89,183.92,0.8369,0.4184,4.098,20.9095,0.0,0.3201
2664,4757,220.24,0.09,319.41,288.0,0.917,0.4585,1.9485,31.3725,0.0,0.4024
2665,4640,58.4,0.11,103.13,183.55,0.8516,0.4258,4.1158,20.9963,0.0,0.3246
2665,4757,225.67,0.02,325.65,288.0,0.9121,0.4561,1.9659,31.8441,0.0,0.4007
2666,4640,58.89,0.13,103.91,184.16,0.8506,0.4253,4.089,20.9315,0.0,0.3258
2666,4757,229.63,0.0,330.77,288.0,0.8574,0.4287,1.9801,32.2218,0.0,0.377
2667,4640,58.13,0.14,103.0,184.21,0.8394,0.4197,4.0916,21.0737,0.0,0.3213
2667,4757,231.22,0.0,333.94,288.0,0.8779,0.439,1.9877,32.4232,0.0,0.3862
2668,4640,58.82,0.05,104.14,185.15,0.8608,0.4304,4.0511,20.986,0.0,0.3319
2668,4757,236.66,0.0,340.37,288.0,0.7754,0.3877,2.0075,32.9348,0.0,0.3415
2669,4640,58.97,0.01,104.47,184.95,0.8657,0.4329,4.0574,20.9324,0.0,0.3334
2669,4757,240.73,0.0,346.69,288.0,0.647,0.3235,2.0255,33.3926,0.0,0.2852
2670,4640,58.84,0.09,104.23,184.12,0.8384,0.4192,4.0898,20.9063,0.0,0.3211
2670,4757,241.04,0.0,349.21,288.0,0.8574,0.4287,2.0305,33.5187,0.0,0.3781
2671,4640,58.98,0.12,104.42,183.72,0.8477,0.4239,4.1043,20.8518,0.0,0.3239
2671,4757,241.6,0.0,351.8,288.0,0.8052,0.4026,2.0361,33.6598,0.0,0.3552
2672,4640,58.91,0.04,104.68,184.4,0.8564,0.4282,4.0778,20.8822,0.0,0.3287
2672,4757,242.53,0.18,350.81,277.5,0.5718,0.2859,2.158,32.4958,141.5066,0.1626
2673,4640,58.77,0.11,104.53,184.1,0.8413,0.4207,4.09,20.8858,0.0,0.3223
2673,4777,279.76,0.15,355.64,47.76,0.6426,0.3213,10.0,90.0,0.0,0.0
2674,4640,58.68,0.13,104.54,184.18,0.8413,0.4207,4.0871,20.8979,0.0,0.3224
2674,4774,189.56,0.28,319.16,276.97,0.4321,0.216,2.0303,28.6937,131.2469,0.1217
2674,4757,276.68,0.03,359.03,210.75,0.5518,0.2759,3.4634,28.8227,153.6316,0.1371
2675,4640,58.69,0.04,104.57,183.83,0.8545,0.4273,4.1004,20.8709,0.0,0.3267
2675,4774,194.2,0.09,313.72,272.04,0.7407,0.3704,2.0886,27.9787,0.0,0.3356
2675,4757,284.3,0.09,359.73,193.26,0.2766,0.1383,4.0219,28.3706,157.0321,0.0586
2676,4640,58.67,0.01,104.88,184.54,0.8604,0.4302,4.0726,20.8951,0.0,0.3306
2676,4774,199.61,0.4,310.89,268.4,0.7671,0.3836,2.1376,27.5796,0.0,0.3505
2676,4757,273.62,0.0,360.0,258.98,0.8315,0.4158,2.4921,32.7023,34.3672,0.3692
2677,4640,58.69,0.0,105.06,184.71,0.8701,0.435,4.0656,20.8902,0.0,0.3347
2677,4774,200.95,0.33,305.62,261.82,0.5972,0.2986,2.2192,26.4959,0.0,0.277
2678,4640,58.64,0.0,105.11,184.69,0.8608,0.4304,4.0664,20.8888,0.0,0.3311
2678,4774,205.02,0.11,303.52,255.27,0.6724,0.3362,2.3143,25.6702,0.0,0.3168
2678,4757,274.06,0.25,360.0,278.41,0.3867,0.1933,2.2281,34.5901,37.7124,0.1615
2679,4640,57.59,0.09,103.57,183.93,0.8403,0.4202,4.1022,21.0524,0.0,0.321
2679,4774,205.91,0.13,300.15,250.68,0.834,0.417,2.3794,24.9134,0.0,0.3974
2679,4757,276.47,0.57,360.0,285.78,0.2134,0.1067,2.1447,35.4283,0.0,0.0951
2680,4640,58.26,0.03,104.49,184.29,0.8535,0.4268,4.0842,20.9445,0.0,0.3272
2680,4774,207.04,0.23,296.05,240.94,0.8218,0.4109,2.5326,23.4055,145.3645,0.2609
2680,4757,279.19,0.67,360.0,288.0,0.5137,0.2569,2.1249,35.7739,0.0,0.2278
2681,4640,58.41,0.01,104.86,184.52,0.8369,0.4184,4.0741,20.917,0.0,0.3214
2681,4774,205.96,0.27,290.89,235.0,0.8359,0.4179,2.6284,22.2467,142.1788,0.2611
2681,4757,278.25,1.93,360.0,288.0,0.6226,0.3113,2.1229,35.7296,0.0,0.2761
2682,4640,58.42,0.0,104.95,184.61,0.8403,0.4202,4.0704,20.9148,0.0,0.3229
2682,4774,202.6,0.18,288.42,241.92,0.8745,0.4373,2.4995,22.9411,35.6382,0.3984
2682,4757,278.09,3.48,360.0,288.0,0.7515,0.3757,2.1226,35.7221,0.0,0.3333
2683,4640,58.54,0.0,105.33,185.29,0.8413,0.4207,4.0435,20.9204,0.0,0.3248
2683,4774,201.89,0.25,285.78,240.08,0.8525,0.4263,2.5263,22.5103,0.0,0.4139
2683,4757,280.24,10.29,360.0,288.0,0.6665,0.3332,2.127,35.8235,0.0,0.2957
2684,4640,58.55,0.0,105.32,184.71,0.8306,0.4153,4.0653,20.8802,0.0,0.3195
2684,4774,198.07,0.18,279.4,236.4,0.834,0.417,2.5777,21.4723,0.0,0.403
2684,4757,281.05,10.84,360.0,288.0,0.5186,0.2593,2.1287,35.8617,0.0,0.2301
2685,4640,58.59,0.0,105.46,184.77,0.8608,0.4304,4.0626,20.8694,0.0,0.3313
2685,4774,196.35,0.25,276.68,235.43,0.8921,0.4461,2.5898,21.1148,0.0,0.4307
2685,4757,281.01,4.25,360.0,288.0,0.8359,0.4179,2.1286,35.8598,0.0,0.3708
2685,4784,260.67,17.1,300.71,160.54,0.4814,0.4814,5.228,20.1326,0.0,0.3111
2686,4640,58.45,0.0,105.37,184.97,0.8555,0.4278,4.0556,20.9023,0.0,0.3296
2686,4774,195.77,0.27,275.01,233.85,0.8726,0.4363,2.6158,20.7673,0.0,0.4201
2686,4757,285.09,15.53,360.0,288.0,0.4177,0.2089,2.1372,36.0527,0.0,0.1854
2686,4784,263.47,17.14,302.0,154.87,0.7598,0.7598,5.6017,20.3625,162.7018,0.2374
2687,4640,58.32,0.0,105.15,184.68,0.8555,0.4278,4.0675,20.9113,0.0,0.329
2687,4774,194.52,0.37,273.85,235.24,0.7988,0.3994,2.5878,20.8689,0.0,0.386
2687,4757,287.21,15.37,360.0,288.0,0.7251,0.3625,2.1416,36.1531,0.0,0.322
2687,4784,264.43,17.74,303.31,156.3,0.6299,0.6299,5.5146,20.5951,0.0,0.4065
2688,4640,58.39,0.0,105.32,184.94,0.8638,0.4319,4.057,20.9093,0.0,0.3328
2688,4774,193.81,0.32,272.86,234.9,0.8691,0.4345,2.592,20.7385,0.0,0.4198
2688,4757,288.84,15.25,360.0,288.0,0.7393,0.3696,2.1451,36.2303,0.0,0.3283
2688,4784,265.15,17.89,304.66,157.91,0.8384,0.8384,5.4183,20.8162,0.0,0.5407
2689,4640,58.32,0.0,105.2,184.76,0.8638,0.4319,4.0643,20.9127,0.0,0.3323
2689,4774,193.3,0.3,271.37,231.85,0.8369,0.4184,2.6458,20.1722,0.0,0.4018
2689,4757,291.79,19.06,360.0,288.0,0.6982,0.3491,2.1513,36.3703,0.0,0.3102
2689,4784,266.25,18.64,304.94,154.21,0.833,0.833,5.6673,20.8637,163.2624,0.2595
2690,4640,57.34,0.09,103.51,183.66,0.8394,0.4197,4.1134,21.0602,0.0,0.3201
2690,4774,190.84,0.29,269.07,232.29,0.8916,0.4458,2.6325,20.0243,0.0,0.4289
2690,4757,294.58,22.44,360.0,288.0,0.606,0.303,2.1573,36.5029,0.0,0.2693
2690,4784,267.07,18.99,306.49,154.86,0.8618,0.8618,5.6317,21.0868,0.0,0.5553
2691,4640,58.25,0.03,104.66,184.37,0.8721,0.436,4.0807,20.9366,0.0,0.3346
2691,4774,188.2,0.38,265.94,229.06,0.8296,0.4148,2.6876,19.2523,0.0,0.3967
2691,4784,268.05,19.19,309.38,159.04,0.8691,0.8691,5.3746,21.5191,19.9706,0.5418
2692,4640,58.47,0.01,104.97,184.45,0.8618,0.4309,4.0763,20.898,0.0,0.3309
2692,4774,187.69,0.51,265.92,231.2,0.8901,0.4451,2.6463,19.5732,0.0,0.4278
2692,4784,268.88,19.73,311.77,161.31,0.9023,0.9023,5.2484,21.8611,22.8891,0.5562
2693,4640,58.38,0.0,105.02,184.85,0.8535,0.4268,4.0612,20.9288,0.0,0.3285
2693,4774,188.8,1.58,265.1,227.01,0.8755,0.4377,2.7274,18.9127,0.0,0.4166
2693,4784,268.34,20.22,311.5,160.25,0.8423,0.8423,5.309,21.7618,0.0,0.5415
2694,4640,58.0,0.0,104.4,184.54,0.8252,0.4126,4.0756,20.9905,0.0,0.3168
2694,4774,189.05,3.68,264.35,227.19,0.8677,0.4339,2.7233,18.9189,0.0,0.4131
2694,4784,268.58,20.55,314.25,166.09,0.877,0.877,4.986,22.1988,19.8998,0.5472
2695,4640,58.52,0.0,104.87,184.05,0.8608,0.4304,4.0917,20.875,0.0,0.3296
2695,4774,188.54,5.29,263.28,228.63,0.8789,0.8789,2.6936,19.0807,0.0,0.8401
2695,4784,268.7,20.48,315.92,168.39,0.8735,0.8735,4.871,22.4356,21.2737,0.5555
2696,4640,58.44,0.0,104.97,184.7,0.8413,0.4207,4.0669,20.9177,0.0,0.3235
2696,4774,187.66,7.18,261.6,230.33,0.8877,0.8877,2.6585,19.2466,0.0,0.8524
2696,4784,269.06,19.97,318.1,171.45,0.7153,0.7153,4.7263,22.7728,22.1009,0.4669
2697,4640,58.48,0.0,105.15,185.04,0.8574,0.4287,4.0535,20.9229,0.0,0.3305
2697,4774,187.26,8.52,260.38,231.48,0.8818,0.8818,2.6353,19.3672,0.0,0.8493
2697,4784,271.42,18.85,321.33,172.58,0.8838,0.8838,4.6905,23.2928,0.0,0.6017
2698,4640,58.68,0.09,105.02,183.78,0.8574,0.4287,4.1012,20.8309,0.0,0.3278
2698,4774,186.21,9.47,258.12,231.47,0.9072,0.9072,2.6324,19.2317,0.0,0.8743
2698,4784,273.54,18.59,323.76,172.4,0.8638,0.8638,4.7145,23.6684,0.0,0.5845
2699,4640,58.72,0.03,105.16,184.04,0.8574,0.4287,4.0907,20.8335,0.0,0.3284
2699,4774,185.29,9.79,255.83,230.37,0.8813,0.8813,2.6502,18.9223,0.0,0.8478
2699,4784,276.54,17.75,326.92,172.64,0.8477,0.8477,4.7243,24.1933,0.0,0.5715
2700,4640,58.53,0.01,105.04,184.33,0.8423,0.4212,4.0805,20.879,0.0,0.3232
2700,4774,185.12,9.79,253.59,226.7,0.79,0.79,2.7192,18.2133,0.0,0.7537
2700,4784,282.26,16.79,331.93,172.87,0.8433,0.8433,4.7513,25.091,0.0,0.5636
2701,4640,58.45,0.0,105.11,184.81,0.8594,0.4297,4.0623,20.9128,0.0,0.3308
2701,4774,183.55,9.66,251.16,226.2,0.8994,0.8994,2.7257,17.9721,0.0,0.8577
2701,4784,285.17,16.14,334.1,173.2,0.8306,0.8306,4.7538,25.52,0.0,0.554
2702,4640,58.54,0.0,105.21,184.71,0.8574,0.4287,4.0656,20.8902,0.0,0.3298
2702,4774,181.56,8.84,248.58,225.11,0.8789,0.8789,2.7438,17.6133,0.0,0.8366
2702,4784,288.24,15.81,336.51,173.19,0.8145,0.8145,4.7745,25.9663,0.0,0.5401
2703,4640,58.42,0.0,105.11,184.58,0.8486,0.4243,4.0711,20.8995,0.0,0.3261
2703,4774,179.16,7.77,245.64,224.73,0.876,0.876,2.7475,17.3552,0.0,0.8338
2703,4784,290.54,15.14,338.74,173.89,0.7686,0.7686,4.7578,26.3581,0.0,0.5106
2704,4640,58.16,0.0,104.92,184.62,0.8076,0.4038,4.0708,20.9396,0.0,0.3103
2704,4774,176.95,7.08,243.92,227.89,0.8721,0.8721,2.6821,17.7764,0.0,0.837
2704,4784,293.09,14.99,341.07,173.58,0.7769,0.7769,4.7911,26.7398,0.0,0.5119
2705,4640,57.29,0.18,103.39,183.8,0.8218,0.4109,4.1085,21.0837,0.0,0.3136
2705,4774,175.6,5.79,239.63,216.97,0.8867,0.8867,2.9057,15.6583,148.5757,0.5322
2705,4784,295.19,14.57,343.26,173.51,0.7378,0.7378,4.8109,27.0807,0.0,0.4835
2706,4640,57.58,0.16,103.53,183.96,0.8086,0.4043,4.1012,21.0586,0.0,0.309
2706,4774,175.06,4.82,236.68,208.05,0.8965,0.4482,3.1148,13.9376,150.7461,0.2577
2706,4784,295.8,14.33,344.12,174.67,0.8076,0.8076,4.761,27.2376,0.0,0.5343
2707,4640,58.07,0.06,104.32,184.67,0.7974,0.3987,4.0707,21.0002,0.0,0.3064
2707,4774,174.31,3.99,233.63,198.57,0.8682,0.4341,3.3679,12.0863,152.6102,0.236
2707,4784,295.77,14.52,343.08,173.14,0.8296,0.8296,4.8304,27.1002,0.0,0.5415
2708,4640,58.29,0.11,104.39,184.38,0.8262,0.4131,4.081,20.9564,0.0,0.3169
2708,4774,172.69,2.35,231.74,194.66,0.8813,0.4406,3.4819,11.2402,151.4941,0.2333
2708,4784,296.42,14.42,343.71,174.58,0.8184,0.8184,4.7661,27.2512,0.0,0.5408
2709,4640,58.51,0.13,104.55,183.9,0.8452,0.4226,4.0983,20.8923,0.0,0.3233
2709,4774,171.08,1.96,230.31,193.27,0.8892,0.4446,3.5232,10.8681,0.0,0.3813
2709,4784,297.55,14.11,344.42,174.27,0.8193,0.8193,4.788,27.3866,0.0,0.5388
2710,4640,58.68,0.05,104.99,184.47,0.8467,0.4234,4.0749,20.8803,0.0,0.3252
2710,4774,169.87,1.84,229.59,193.17,0.915,0.4575,3.5253,10.7769,0.0,0.3923
2710,4784,298.96,14.1,345.81,175.24,0.8442,0.8442,4.7528,27.6415,0.0,0.5585
2711,4640,58.66,0.02,105.05,184.68,0.8667,0.4334,4.0669,20.8914,0.0,0.3333
2711,4774,169.78,1.9,229.67,193.25,0.8682,0.4341,3.5228,10.7913,0.0,0.3723
2711,4784,299.81,14.47,346.65,177.07,0.834,0.834,4.6746,27.8392,0.0,0.56
2712,4640,58.8,0.0,105.2,184.39,0.8657,0.4329,4.0771,20.8474,0.0,0.3324
2712,4774,169.75,1.75,229.63,193.57,0.8892,0.4446,3.5127,10.8477,0.0,0.3819
2712,4784,302.45,14.62,348.97,175.25,0.5312,0.5312,4.7783,28.1642,154.7338,0.1718
2713,4640,58.66,0.0,105.17,184.65,0.8506,0.4253,4.0677,20.8794,0.0,0.3271
2713,4774,168.87,1.33,228.72,193.5,0.8813,0.4406,3.514,10.7704,0.0,0.3785
2713,4784,302.35,14.77,348.98,176.67,0.876,0.876,4.7117,28.2058,0.0,0.583
2714,4640,58.43,0.0,104.61,183.35,0.8135,0.4068,4.1195,20.8571,0.0,0.31
2714,4774,168.08,1.46,228.37,196.26,0.8838,0.4419,3.4293,11.2461,0.0,0.3843
2714,4784,303.21,14.93,349.84,177.0,0.8286,0.8286,4.7032,28.3513,0.0,0.5521
2715,4640,58.45,0.0,104.83,183.7,0.8237,0.4118,4.1054,20.8605,0.0,0.3147
2715,4774,166.92,1.34,226.41,194.0,0.8564,0.4282,3.4964,10.7219,0.0,0.3688
2715,4784,303.55,14.71,350.79,178.96,0.8062,0.8062,4.6199,28.5217,0.0,0.5457
2716,4640,58.09,0.0,104.44,183.65,0.6514,0.3257,4.1093,20.9196,0.0,0.2487
2716,4774,166.51,2.61,225.74,195.26,0.646,0.323,3.4574,10.9269,0.0,0.2798
2716,4784,308.11,14.19,350.32,157.64,0.4331,0.4331,5.802,28.2942,163.6497,0.1271
2717,4640,57.88,0.0,104.43,183.91,0.8076,0.4038,4.0999,20.9554,0.0,0.3088
2717,4774,167.19,3.19,224.92,191.48,0.8306,0.4153,3.5753,10.2077,154.5551,0.2151
2717,4784,310.0,14.07,351.38,151.55,0.6533,0.6533,6.2559,28.4603,164.7568,0.1914
2718,4640,57.98,0.0,104.63,184.2,0.8062,0.4031,4.088,20.95,0.0,0.3089
2718,4774,166.94,3.5,224.47,191.62,0.8423,0.4212,3.5705,10.2121,0.0,0.3588
2718,4784,307.2,13.74,354.73,173.03,0.5205,0.5205,4.928,28.912,19.2303,0.3207
2719,4640,57.58,0.09,103.87,183.84,0.687,0.3435,4.1049,21.0223,0.0,0.2624
2719,4774,167.03,4.55,223.82,190.78,0.833,0.4165,3.5974,10.0355,0.0,0.3534
2719,4784,307.64,13.18,355.62,175.28,0.79,0.395,4.8241,29.084,20.9131,0.2473
2720,4640,58.03,0.03,104.47,184.08,0.7695,0.3847,4.0929,20.951,0.0,0.2946
2720,4774,168.11,5.51,221.11,178.32,0.7778,0.7778,4.046,7.6326,157.1418,0.3559
2720,4784,311.0,12.91,353.39,153.24,0.4619,0.4619,6.1427,28.7136,164.4352,0.135
2721,4640,58.21,0.01,104.87,184.63,0.7861,0.3931,4.0704,20.9403,0.0,0.3021
2721,4774,166.51,6.63,221.8,188.24,0.8384,0.8384,3.6805,9.474,24.8023,0.6768
2721,4784,306.89,12.67,354.59,170.44,0.7178,0.7178,5.0577,28.8031,18.6127,0.4364
2722,4640,58.18,0.0,105.03,185.31,0.8413,0.4207,4.0445,20.9764,0.0,0.3247
2722,4774,166.21,7.66,221.44,190.82,0.8535,0.8535,3.5948,9.9478,0.0,0.7246
2722,4784,305.71,12.23,354.55,173.08,0.6479,0.6479,4.9187,28.784,19.1006,0.4004
2723,4640,57.96,0.0,104.63,184.82,0.8218,0.4109,4.0645,20.9939,0.0,0.3161
2723,4774,166.29,7.95,221.16,191.86,0.8296,0.8296,3.5612,10.1416,0.0,0.7079
2723,4784,304.92,12.15,354.76,176.11,0.7568,0.7568,4.7705,28.8348,19.6394,0.4817
2724,4640,58.38,0.0,105.02,184.44,0.8193,0.4097,4.0768,20.9007,0.0,0.3145
2724,4774,166.08,8.04,220.06,191.06,0.8413,0.8413,3.5864,9.9524,0.0,0.7152
2724,4784,303.61,11.86,356.17,185.48,0.7964,0.3982,4.3667,29.194,21.473,0.273
2725,4640,58.39,0.0,104.94,184.11,0.8506,0.4253,4.0895,20.884,0.0,0.3259
2725,4774,166.25,7.78,219.08,188.72,0.8369,0.8369,3.6632,9.4799,0.0,0.7033
2725,4784,302.06,11.84,355.57,189.29,0.6416,0.3208,4.212,29.1988,22.0851,0.2261
2726,4640,58.27,0.09,104.78,184.27,0.8535,0.4268,4.0842,20.9182,0.0,0.3272
2726,4774,165.91,6.92,217.86,186.08,0.8403,0.8403,3.7532,8.9278,0.0,0.6965
2726,4784,300.78,12.2,354.86,191.35,0.8076,0.8076,4.1294,29.1461,0.0,0.5981
2727,4640,58.3,0.03,104.8,184.23,0.8145,0.4073,4.0856,20.9113,0.0,0.3122
2727,4774,166.09,6.3,216.77,182.03,0.835,0.835,3.8998,8.1194,156.2814,0.398
2727,4784,298.43,12.53,352.41,188.24,0.6152,0.6152,4.2272,28.6384,150.8587,0.2434
2728,4640,59.27,0.2,106.45,185.43,0.8604,0.4302,4.0334,20.7771,0.0,0.3329
2728,4774,166.26,5.69,215.57,177.26,0.8359,0.8359,4.086,7.168,157.2632,0.3783
2728,4784,294.57,12.86,350.31,190.44,0.7363,0.7363,4.1249,28.2914,28.4386,0.5178
2729,4640,60.48,0.35,108.24,185.6,0.8862,0.4431,4.0193,20.5409,0.0,0.3439
2729,4774,165.25,5.18,214.35,176.11,0.8726,0.8726,4.1326,6.8774,0.0,0.6806
2729,4784,289.97,13.16,347.83,192.31,0.8647,0.8647,4.0342,27.8494,0.0,0.6544
2730,4640,60.92,0.32,109.14,185.47,0.8882,0.4441,4.0207,20.4206,0.0,0.3447
2730,4774,162.96,4.71,211.36,171.42,0.8755,0.4377,4.335,5.8135,155.6485,0.184
2730,4784,284.51,13.47,344.72,193.34,0.8608,0.8608,3.9704,27.2525,0.0,0.6602
2731,4640,59.39,0.49,107.8,184.68,0.7739,0.387,4.0577,20.6024,0.0,0.2983
2731,4774,162.85,4.72,210.71,169.18,0.8721,0.436,4.4387,5.3522,158.7442,0.1774
2731,4784,281.03,13.49,343.68,194.95,0.8892,0.8892,3.9015,26.9999,0.0,0.6907
2732,4640,61.39,0.37,110.29,183.44,0.8628,0.4314,4.0934,20.1411,0.0,0.331
2732,4774,161.19,4.45,209.13,168.05,0.8867,0.4434,4.4921,5.0501,0.0,0.325
2732,4784,278.14,14.42,342.25,195.14,0.8564,0.8564,3.8817,26.6812,0.0,0.6682
2733,4640,61.7,0.32,111.06,182.61,0.7656,0.3828,4.1227,19.9927,0.0,0.2923
2733,4774,160.08,4.82,207.98,167.15,0.8496,0.4248,4.5357,4.8255,0.0,0.309
2733,4784,276.58,15.61,341.5,194.96,0.8423,0.8423,3.8805,26.4935,0.0,0.6578
2734,4640,63.46,0.21,113.53,182.21,0.8535,0.4268,4.1276,19.6088,0.0,0.3259
2734,4774,157.94,5.34,206.35,167.08,0.8608,0.8608,4.5388,4.7604,0.0,0.6258
2734,4784,274.26,16.15,339.71,194.28,0.6162,0.6162,3.8906,26.1361,0.0,0.4809
2735,4640,66.73,0.16,118.33,182.16,0.7168,0.3584,4.1095,18.9245,0.0,0.275
2735,4774,156.3,5.35,205.16,165.99,0.8467,0.8467,4.5929,4.5196,0.0,0.6095
2735,4784,274.2,15.88,339.7,194.15,0.7847,0.7847,3.8947,26.1227,0.0,0.6121
2736,4640,66.13,0.15,118.47,182.15,0.8076,0.4038,4.111,18.9626,0.0,0.3098
2736,4774,155.39,5.35,205.1,166.77,0.8628,0.8628,4.5539,4.6769,0.0,0.6256
2736,4784,268.78,14.75,336.39,197.21,0.8965,0.8965,3.7686,25.646,31.8257,0.6705
2737,4640,65.93,0.14,118.89,182.34,0.8442,0.4221,4.1031,18.958,0.0,0.3242
2737,4774,155.72,5.82,205.44,165.71,0.8638,0.8638,4.6071,4.4614,0.0,0.6202
2737,4784,266.24,12.94,334.97,197.05,0.8892,0.8892,3.7622,25.3309,0.0,0.7111
2738,4640,69.99,0.33,124.99,183.25,0.8027,0.4013,4.044,18.173,0.0,0.3121
2738,4774,154.67,6.09,204.75,165.27,0.835,0.835,4.6295,4.3702,0.0,0.5971
2738,4784,267.48,11.78,335.93,196.29,0.8413,0.8413,3.793,25.4495,0.0,0.6691
2739,4640,71.7,0.12,128.15,182.3,0.8906,0.4453,4.0695,17.6873,0.0,0.3451
2739,4774,156.05,6.28,206.17,166.28,0.8101,0.8101,4.5784,4.5821,0.0,0.5847
2739,4784,266.36,10.79,334.32,196.61,0.8882,0.8882,3.7748,25.2604,0.0,0.7089
2740,4640,71.71,0.04,129.52,182.41,0.8525,0.4263,4.0622,17.58,0.0,0.3308
2740,4774,156.11,6.72,206.09,167.25,0.8452,0.8452,4.5303,4.7801,0.0,0.6154
2740,4784,262.94,10.24,330.89,197.44,0.8711,0.8711,3.7289,24.7891,0.0,0.7016
2741,4640,72.52,0.01,131.73,182.45,0.8638,0.4319,4.054,17.3291,0.0,0.3359
2741,4774,154.94,7.53,204.69,167.65,0.8413,0.8413,4.5107,4.8567,0.0,0.6148
2741,4784,260.12,9.77,327.6,198.09,0.8594,0.8594,3.6917,24.3645,0.0,0.6973
2742,4640,72.87,0.0,133.44,182.85,0.9077,0.4538,4.0342,17.1897,0.0,0.3543
2742,4774,153.5,8.21,202.96,167.45,0.8647,0.8647,4.5205,4.8293,0.0,0.6307
2742,4784,258.76,9.14,326.01,199.6,0.8853,0.8853,3.6373,24.2502,0.0,0.725
2743,4640,73.4,0.0,135.17,183.18,0.8901,0.4451,4.0168,17.0288,0.0,0.3485
2743,4774,152.26,8.08,201.58,167.02,0.8369,0.8369,4.5419,4.7697,0.0,0.6081
2743,4784,258.12,8.91,324.91,201.07,0.8555,0.8555,3.5886,24.2303,0.0,0.7062
2744,4640,71.32,0.0,132.71,183.5,0.8452,0.4226,4.0144,17.4356,0.0,0.3308
2744,4774,151.63,8.2,200.16,165.39,0.8359,0.8359,4.6239,4.4742,0.0,0.5983
2744,4784,257.5,8.84,322.87,199.57,0.8403,0.8403,3.6266,23.9102,0.0,0.69
2745,4640,71.32,0.09,132.11,183.15,0.8638,0.4319,4.029,17.4563,0.0,0.3372
2745,4774,150.41,7.59,198.8,165.55,0.8369,0.8369,4.6162,4.5632,0.0,0.5999
2745,4784,258.68,8.73,321.54,197.2,0.79,0.79,3.6992,23.7179,0.0,0.6414
2746,4640,71.63,0.03,131.79,182.46,0.8101,0.4051,4.0554,17.3998,0.0,0.3149
2746,4774,149.49,7.07,196.95,162.55,0.7583,0.7583,4.7739,4.0587,158.6426,0.275
2746,4784,255.94,8.89,318.31,200.92,0.7378,0.7378,3.5703,23.5485,28.7146,0.5818
2747,4640,72.53,0.01,132.5,183.04,0.8359,0.4179,4.0297,17.313,0.0,0.3264
2747,4774,148.02,6.22,195.59,161.63,0.7949,0.7949,4.8248,3.9955,0.0,0.5479
2747,4784,250.9,8.78,315.31,210.68,0.8086,0.8086,3.282,23.804,28.1878,0.6694
2748,4640,73.27,0.18,132.32,181.77,0.8794,0.4397,4.0774,17.1599,0.0,0.3407
2748,4774,146.74,6.18,194.38,160.38,0.8496,0.8496,4.8953,3.8856,0.0,0.5776
2748,4784,243.29,9.19,308.53,213.44,0.8628,0.8628,3.1808,23.0451,45.9512,0.6739
2749,4640,77.32,0.07,136.91,180.92,0.8135,0.4068,4.0923,16.3585,0.0,0.3149
2749,4774,146.43,6.54,192.91,155.18,0.8555,0.8555,5.2069,3.1302,161.7033,0.2847
2749,4784,239.95,10.1,304.71,212.08,0.4387,0.4387,3.1992,22.3983,0.0,0.3868
2750,4640,78.53,0.02,138.6,179.68,0.8657,0.4329,4.1356,16.0068,0.0,0.3329
2750,4774,145.81,6.68,191.83,152.13,0.8506,0.8506,5.4073,2.8432,161.9783,0.2832
2750,4784,238.14,11.11,301.38,207.87,0.6704,0.6704,3.2961,21.5929,147.0784,0.3601
2751,4640,79.32,0.47,140.03,179.78,0.8901,0.4451,4.1271,15.8267,0.0,0.3429
2751,4774,144.75,7.01,191.01,152.01,0.8794,0.8794,5.4163,2.9877,0.0,0.5859
2751,4784,230.04,11.59,296.54,216.18,0.8843,0.8843,3.0647,21.6017,32.8923,0.7498
2752,4640,79.88,0.17,141.07,179.27,0.896,0.448,4.1444,15.6466,0.0,0.3442
2752,4774,144.09,7.04,190.68,151.65,0.8794,0.8794,5.4413,3.0341,0.0,0.5859
2752,4784,230.03,11.67,295.18,212.09,0.8828,0.8828,3.1602,21.0366,0.0,0.7855
2753,4640,80.39,0.06,141.73,178.34,0.9043,0.4521,4.1799,15.467,0.0,0.3454
2753,4774,142.37,6.49,189.48,151.57,0.8159,0.8159,5.4483,3.2861,0.0,0.5435
2753,4784,228.6,11.7,292.84,209.84,0.8315,0.8315,3.2094,20.5176,0.0,0.7353
2754,4640,80.86,0.76,142.16,178.19,0.9106,0.4553,4.1843,15.3772,0.0,0.3476
2754,4774,141.01,6.28,188.32,151.4,0.8286,0.8286,5.4614,3.5006,0.0,0.5519
2754,4784,226.38,10.96,291.06,211.65,0.8711,0.8711,3.1567,20.4505,0.0,0.7765
2755,4640,81.14,0.56,142.62,177.69,0.8931,0.4466,4.2035,15.2711,0.0,0.3399
2755,4774,138.25,5.92,185.78,151.19,0.8452,0.8452,5.4794,3.9806,0.0,0.5628
2755,4784,220.23,9.48,288.11,219.6,0.8682,0.8682,2.9551,20.8315,32.2388,0.752
2756,4640,81.84,0.3,143.43,177.42,0.8682,0.4341,4.2117,15.1184,0.0,0.33
2756,4774,135.69,5.98,183.59,151.33,0.8584,0.8584,5.4732,4.4454,0.0,0.5714
2756,4784,218.8,8.57,287.52,221.67,0.7271,0.7271,2.9066,20.9738,0.0,0.6716
2757,4640,84.28,0.29,145.21,177.14,0.8638,0.4319,4.2151,14.7319,0.0,0.3284
2757,4774,135.33,5.63,183.19,151.89,0.7471,0.7471,5.4353,4.5581,0.0,0.4973
2757,4784,215.87,7.3,284.58,222.59,0.7974,0.7974,2.8777,20.739,0.0,0.74
2758,4640,86.71,0.1,147.0,177.24,0.8813,0.4406,4.2029,14.3793,0.0,0.336
2758,4774,134.47,6.34,181.68,151.85,0.8306,0.8306,5.44,4.7826,0.0,0.5528
2758,4784,215.8,5.9,282.58,219.4,0.7568,0.7568,2.9436,20.1862,0.0,0.6965
2759,4640,89.55,0.12,148.56,177.01,0.8564,0.4282,4.2045,13.9828,0.0,0.3267
2759,4774,135.52,6.79,181.66,152.23,0.8013,0.8013,5.4132,4.7109,0.0,0.5333
2759,4784,213.65,3.99,280.82,222.35,0.7002,0.3501,2.8738,20.3508,0.0,0.3254
2760,4640,91.44,0.04,148.33,176.66,0.8545,0.4273,4.2161,13.8089,0.0,0.3254
2760,4774,136.54,6.78,181.67,152.58,0.771,0.771,5.3888,4.6394,0.0,0.5132
2760,4784,211.48,3.93,278.0,223.25,0.8135,0.4068,2.8475,20.1857,0.0,0.3796
2761,4640,95.31,0.01,150.67,176.53,0.8262,0.4131,4.2107,13.2688,0.0,0.3152
2761,4774,137.55,6.59,181.48,152.36,0.7456,0.7456,5.403,4.5448,0.0,0.4963
2761,4784,209.5,3.38,274.19,218.12,0.6953,0.3477,2.9504,19.1271,145.0862,0.2045
2762,4640,98.04,0.0,152.14,176.59,0.7871,0.3936,4.2012,12.9203,0.0,0.301
2762,4774,137.93,5.95,181.3,153.4,0.6177,0.6177,5.3334,4.6108,0.0,0.4111
2762,4784,205.78,3.1,271.07,220.92,0.79,0.395,2.8798,19.1381,0.0,0.3677
2763,4640,100.07,0.0,153.06,176.72,0.8193,0.4097,4.1909,12.6861,0.0,0.314
2763,4774,137.88,5.81,180.4,153.35,0.5806,0.5806,5.3374,4.695,0.0,0.3864
2763,4784,199.94,3.01,265.67,222.68,0.7686,0.3843,2.8285,18.8001,0.0,0.3606
2764,4640,101.12,0.0,152.92,176.77,0.7949,0.3975,4.1874,12.6153,0.0,0.3048
2764,4774,138.65,6.69,180.07,152.12,0.7939,0.7939,5.4195,4.556,0.0,0.5284
2764,4784,194.98,3.08,261.36,222.68,0.7871,0.3936,2.818,18.3372,0.0,0.3702
2765,4640,102.79,0.0,153.44,176.8,0.834,0.417,4.1827,12.4363,0.0,0.3202
2765,4774,139.42,7.49,179.89,151.86,0.7832,0.7832,5.4367,4.4804,0.0,0.5213
2765,4784,195.9,3.22,260.08,213.77,0.5972,0.2986,3.015,16.9214,150.5171,0.1743
2766,4640,105.37,0.27,155.02,176.73,0.7656,0.3828,4.1793,12.0852,0.0,0.2943
2766,4774,139.51,7.88,179.31,152.14,0.7393,0.7393,5.418,4.548,0.0,0.4921
2766,4784,186.0,3.21,253.99,221.03,0.7695,0.3847,2.8366,17.3186,40.1428,0.3315
2767,4640,109.53,0.84,158.92,176.52,0.4736,0.2368,4.1764,11.4052,0.0,0.1823
2767,4774,139.56,5.97,179.25,151.89,0.5068,0.5068,5.4351,4.5304,0.0,0.3373
2767,4784,179.11,3.76,249.29,221.27,0.8125,0.4062,2.8217,16.8873,0.0,0.383
2768,4640,115.55,0.59,166.08,176.17,0.604,0.302,4.1741,10.3229,89.4769,0.1332
2768,4788,328.0,25.65,358.7,203.34,0.4026,0.2013,3.8392,31.98,0.0,0.1552
2769,4640,118.16,0.31,169.21,174.18,0.6235,0.3118,4.2524,9.6281,0.0,0.2374
2769,4788,324.17,15.99,356.94,204.87,0.4351,0.2175,3.7736,31.6697,0.0,0.1698
2769,4784,165.34,4.87,238.58,224.56,0.8228,0.4114,2.7382,16.6985,64.6125,0.3142
2770,4640,118.36,0.29,170.99,176.05,0.8667,0.4334,4.1704,9.7238,0.0,0.3348
2770,4788,322.49,18.31,355.05,204.11,0.2966,0.1483,3.7843,31.3798,0.0,0.1157
2770,4784,161.73,6.9,236.81,225.19,0.8838,0.8838,2.723,16.6883,0.0,0.8451
2771,4640,118.01,0.29,171.38,176.76,0.8677,0.4339,4.1408,9.8169,0.0,0.3368
2771,4788,318.66,8.11,353.69,205.26,0.4619,0.4619,3.7325,31.0776,0.0,0.3639
2771,4784,158.34,6.78,235.46,225.78,0.8101,0.8101,2.7094,16.7001,0.0,0.7761
2772,4640,118.69,0.47,172.58,176.85,0.8921,0.4461,4.1351,9.6924,0.0,0.3467
2772,4788,316.56,1.31,354.19,210.36,0.7114,0.3557,3.5818,31.2574,25.3915,0.2757
2772,4784,160.49,7.55,238.47,227.93,0.8486,0.8486,2.6693,17.1998,0.0,0.8168
2773,4640,117.86,0.45,172.02,177.16,0.8677,0.4339,4.1237,9.8358,0.0,0.3378
2773,4788,315.96,0.0,354.35,208.97,0.8535,0.4268,3.6189,31.1453,0.0,0.3426
2773,4784,156.24,6.99,237.17,233.26,0.8906,0.8906,2.5672,18.0689,36.6837,0.8092
2774,4640,118.07,0.44,172.55,177.09,0.8594,0.4297,4.1258,9.7725,0.0,0.3345
2774,4788,315.02,0.0,353.79,205.96,0.8442,0.4221,3.7002,30.8677,0.0,0.3346
2774,4784,154.7,6.13,236.79,233.78,0.8892,0.8892,2.5572,18.1322,0.0,0.8677
2775,4640,115.92,0.25,170.22,174.46,0.8813,0.4406,4.2416,9.7585,153.1082,0.1893
2775,4788,313.91,0.0,353.71,207.54,0.7305,0.3653,3.6506,30.8745,0.0,0.292
2775,4784,153.67,4.77,236.97,234.49,0.8711,0.4355,2.5441,18.2488,0.0,0.4257
2776,4640,114.84,0.27,168.55,170.76,0.896,0.448,4.4104,9.5296,157.9462,0.1825
2776,4788,313.66,0.0,354.37,208.29,0.8535,0.4268,3.6307,30.9468,0.0,0.3422
2776,4784,150.94,2.58,234.78,234.9,0.8604,0.4302,2.5353,18.2539,0.0,0.421
2777,4640,113.91,0.18,167.89,170.23,0.8853,0.4426,4.437,9.6009,0.0,0.3263
2777,4788,314.19,0.0,355.58,209.12,0.7988,0.3994,3.613,31.1165,0.0,0.321
2777,4784,149.69,2.4,231.22,231.89,0.8193,0.4097,2.5886,17.6399,0.0,0.3984
2778,4640,113.24,0.62,167.08,169.4,0.8369,0.4184,4.4781,9.6339,0.0,0.3061
2778,4788,316.46,0.0,357.78,208.47,0.8184,0.4092,3.6458,31.3895,0.0,0.3267
2778,4784,145.84,1.59,226.21,232.37,0.8013,0.4007,2.5782,17.6522,0.0,0.3902
2779,4640,112.31,4.34,165.45,170.99,0.8076,0.4038,4.4069,10.0213,0.0,0.2991
2779,4788,315.64,0.0,357.0,205.69,0.8647,0.4324,3.7207,31.1217,0.0,0.3412
2779,4784,143.24,0.55,223.06,234.65,0.8516,0.4258,2.5365,18.0493,0.0,0.4167
2780,4640,114.22,3.47,166.02,165.98,0.4243,0.2122,4.6464,9.2911,159.1431,0.0798
2780,4788,315.64,0.0,357.54,206.58,0.8145,0.4073,3.6965,31.2091,0.0,0.3226
2780,4784,141.41,0.08,220.32,237.34,0.6602,0.3301,2.4891,18.5391,0.0,0.3239
2781,4640,116.2,6.25,165.32,162.81,0.7363,0.7363,4.8111,8.8855,160.017,0.261
2781,4788,316.09,0.0,358.08,205.79,0.6558,0.3279,3.7229,31.2345,0.0,0.2586
2781,4784,140.8,0.18,217.73,237.6,0.811,0.4055,2.4846,18.587,0.0,0.3976
2782,4788,317.29,0.0,359.52,207.17,0.6782,0.3391,3.6915,31.4949,0.0,0.2686
2782,4784,129.31,0.15,208.64,243.2,0.8691,0.4345,2.3938,19.7272,58.4993,0.3507
2783,4788,317.8,0.0,360.0,207.49,0.7148,0.3574,3.6855,31.5814,0.0,0.2833
2783,4784,123.78,0.05,205.64,251.61,0.8755,0.4377,2.2663,21.3301,40.8476,0.3786
2784,4788,318.35,0.0,359.84,203.8,0.363,0.1815,3.7959,31.409,155.7627,0.0808
2784,4784,126.46,0.0,207.85,257.06,0.8252,0.4126,2.1869,22.2347,0.0,0.3851
2784,4774,129.53,0.6,170.92,144.89,0.3311,0.1656,5.9741,6.1085,0.0,0.1101
2785,4788,317.73,0.0,359.11,202.58,0.2893,0.1447,3.8286,31.25,0.0,0.112
2785,4784,123.78,0.16,201.81,249.36,0.6802,0.3401,2.3011,20.9837,139.6437,0.2102
2785,4774,128.62,0.58,170.09,143.13,0.3577,0.1789,6.1222,6.2853,163.0429,0.0593
2786,4788,318.15,0.0,359.68,203.9,0.5928,0.2964,3.7916,31.389,0.0,0.2309
2786,4784,125.03,0.0,199.12,240.35,0.22,0.11,2.4447,19.3968,145.1333,0.0704
2786,4774,129.57,0.47,172.47,143.26,0.3167,0.1583,6.107,5.9459,0.0,0.1053
2787,4788,317.93,0.0,359.53,204.04,0.5659,0.2829,3.7861,31.3705,0.0,0.2206
2787,4784,124.45,0.21,196.41,235.67,0.8403,0.4202,2.5263,18.6115,0.0,0.4114
2788,4788,318.85,0.0,358.46,193.04,0.4233,0.2117,4.1466,30.8204,157.4728,0.0847
2788,4784,124.34,0.3,197.91,245.47,0.8735,0.4368,2.3623,20.3448,35.7769,0.3922
2788,4796,158.4,0.03,186.97,41.6,0.6299,0.315,10.0,90.0,0.0,0.0
2789,4788,319.81,0.0,358.22,185.11,0.4961,0.248,4.4508,30.5436,158.9889,0.0894
2789,4784,121.94,0.43,199.11,262.9,0.8169,0.4084,2.1122,23.4059,38.8827,0.346
2790,4788,318.01,0.06,357.98,191.36,0.7686,0.3843,4.2024,30.65,22.0251,0.2698
2790,4784,122.76,0.3,197.22,257.99,0.8228,0.4114,2.1786,22.577,0.0,0.3833
2790,4796,157.11,0.03,190.17,48.41,0.5156,0.2578,10.0,90.0,0.0,0.0
2791,4788,318.41,0.07,358.71,192.41,0.7769,0.3885,4.1685,30.7785,0.0,0.2838
2791,4784,122.71,0.26,195.99,257.51,0.835,0.4175,2.1857,22.5139,0.0,0.3894
2791,4796,156.85,0.06,192.75,52.9,0.7041,0.352,10.0,90.0,0.0,0.0
2792,4788,317.48,0.28,358.22,192.66,0.7363,0.3681,4.1543,30.6864,0.0,0.2698
2792,4784,121.4,0.06,193.8,258.18,0.8574,0.4287,2.1779,22.6864,0.0,0.3992
2792,4796,161.87,0.09,189.89,40.32,0.5527,0.2763,10.0,90.0,0.0,0.0
2793,4788,317.57,0.37,358.34,191.86,0.4292,0.2146,4.1839,30.6661,0.0,0.1564
2793,4784,117.79,0.0,192.9,271.38,0.8306,0.4153,2.0097,24.9915,40.9028,0.3414
2793,4796,155.68,0.21,194.95,57.01,0.7026,0.3513,10.0,90.0,0.0,0.0
2794,4788,317.8,0.14,357.45,183.56,0.6387,0.3194,4.5036,30.2788,159.0136,0.1131
2794,4784,115.78,0.32,191.65,277.57,0.7163,0.3582,1.9387,26.0621,0.0,0.3192
2794,4796,161.34,0.68,191.99,43.45,0.5117,0.2559,10.0,90.0,0.0,0.0
2795,4788,314.8,0.0,354.9,179.69,0.5518,0.2759,4.6476,29.7225,154.0144,0.0928
2795,4784,117.91,0.18,189.12,260.59,0.8779,0.439,2.1489,23.2455,141.6473,0.2602
2795,4796,165.28,1.01,191.11,35.64,0.5757,0.2878,10.0,90.0,0.0,0.0
2796,4788,318.48,0.1,354.51,156.4,0.5166,0.2583,5.9572,29.4228,164.0272,0.075
2796,4784,115.49,0.04,189.69,273.68,0.8853,0.4426,1.9849,25.4633,40.7597,0.3621
2797,4788,311.38,0.07,351.78,170.22,0.7725,0.3862,5.0763,28.9278,18.7438,0.2346
2797,4784,112.11,0.0,187.38,278.53,0.8218,0.4109,1.9318,26.3535,0.0,0.3655
2797,4798,161.0,1.12,210.53,155.64,0.5757,0.2878,5.1752,2.6719,0.0,0.1918
2798,4788,310.64,0.15,352.72,172.66,0.4717,0.2359,4.9524,29.0118,19.2162,0.1445
2798,4784,110.14,0.0,185.43,279.78,0.8965,0.4482,1.9199,26.6271,0.0,0.3977
2798,4798,161.97,0.58,211.95,156.86,0.582,0.291,5.1004,3.0072,0.0,0.1939
2798,4800,164.29,1.0,202.68,88.13,0.5869,0.2934,21.8735,11.3712,0.0,0.1937
2799,4788,310.55,0.1,353.34,173.71,0.4331,0.2165,4.9026,29.0839,0.0,0.1381
2799,4784,108.72,0.24,183.08,278.5,0.8184,0.4092,1.9365,26.4963,0.0,0.3641
2799,4798,163.44,0.07,213.02,155.85,0.4197,0.2099,5.1634,2.9672,0.0,0.1398
2799,4800,166.71,0.88,204.4,86.44,0.2605,0.1303,23.6606,11.7365,173.4614,0.0425
2800,4788,310.4,0.18,350.02,154.93,0.5195,0.2597,5.9996,28.417,163.8228,0.0762
2800,4784,106.77,0.26,181.32,281.42,0.8745,0.4373,1.9062,27.0363,0.0,0.3867
2800,4798,164.46,0.46,213.57,155.81,0.5972,0.2986,5.1664,3.0554,0.0,0.1989
2801,4788,312.02,0.02,350.67,147.93,0.3469,0.1734,6.5551,28.5424,165.4608,0.0508
2801,4784,105.18,0.45,179.05,279.32,0.8677,0.4339,1.9321,26.7871,0.0,0.3855
2801,4798,165.16,0.29,213.31,154.06,0.6396,0.3198,5.2778,2.8088,162.0339,0.1065
2802,4784,102.89,0.52,177.51,282.5,0.8682,0.4341,1.8994,27.3716,0.0,0.3831
2802,4798,165.58,0.45,213.75,155.77,0.6919,0.3459,5.1693,3.1318,18.7771,0.2243
2802,4803,308.08,0.08,353.87,95.79,0.3337,0.1668,18.4614,29.6566,0.0,0.1039
2803,4784,100.65,0.55,176.39,286.77,0.8862,0.4431,1.856,28.1082,0.0,0.3876
2803,4798,165.7,0.6,213.49,155.7,0.8052,0.4026,5.1736,3.1116,0.0,0.2682
2803,4803,307.48,0.02,353.26,95.66,0.3381,0.1691,18.5256,29.5731,0.0,0.1054
2803,4788,302.62,0.0,344.31,149.55,0.4912,0.2456,6.3411,27.285,36.8825,0.1382
2804,4784,102.8,0.38,171.53,255.08,0.8647,0.4324,2.2472,23.1572,142.8914,0.262
2804,4798,166.06,0.56,213.4,154.81,0.8296,0.4148,5.2299,2.9911,0.0,0.2763
2804,4788,299.55,0.0,343.41,148.91,0.3621,0.181,6.373,26.9577,0.0,0.1141
2805,4784,99.01,0.31,173.96,277.3,0.625,0.3125,1.9631,26.7378,41.0042,0.2534
2805,4798,166.67,0.65,213.6,153.72,0.8584,0.4292,5.3006,2.8882,0.0,0.286
2805,4788,294.6,0.0,341.38,149.83,0.7217,0.3609,6.2652,26.3903,33.6273,0.2079
2806,4784,99.38,0.19,177.26,284.54,0.7471,0.3735,1.88,27.7735,0.0,0.3283
2806,4798,167.05,0.3,214.06,153.51,0.4707,0.2354,5.3147,2.922,0.0,0.1568
2806,4788,291.38,0.0,340.6,150.21,0.7939,0.397,6.2162,26.0621,0.0,0.2512
2806,4800,176.31,0.46,215.09,88.93,0.3657,0.1829,21.1486,11.6253,19.302,0.1172
2807,4784,94.31,0.06,172.2,287.51,0.8052,0.4026,1.8562,28.4686,0.0,0.3518
2807,4798,168.07,0.36,215.2,154.02,0.8477,0.4239,5.2823,3.1575,0.0,0.2824
2807,4788,289.3,0.53,340.19,149.07,0.7739,0.387,6.2947,25.8472,0.0,0.2451
2808,4784,92.72,0.56,170.15,288.0,0.8306,0.4153,1.854,28.6334,0.0,0.3626
2808,4798,169.94,0.2,216.73,153.84,0.835,0.4175,5.2956,3.4073,0.0,0.2781
2808,4788,287.84,0.82,340.03,147.36,0.7627,0.3814,6.427,25.7031,162.9875,0.1145
2809,4784,94.99,0.47,163.3,252.39,0.7212,0.3606,2.3009,23.2745,143.5405,0.221
2809,4798,172.54,0.23,218.55,153.41,0.7568,0.3784,5.3262,3.7352,0.0,0.252
2809,4788,285.4,1.8,339.0,146.18,0.7471,0.3735,6.5101,25.4084,0.0,0.237
2810,4784,91.63,0.15,165.73,276.48,0.4912,0.2456,1.9857,27.0407,40.6728,0.2
2810,4798,175.07,0.25,220.24,153.63,0.7949,0.3975,5.3144,4.1325,0.0,0.2646
2810,4788,283.12,2.67,338.7,147.84,0.7656,0.3828,6.3583,25.1978,16.8646,0.2376
2810,4640,142.14,7.84,180.95,142.77,0.5029,0.5029,6.1275,3.8017,0.0,0.3349
2811,4784,95.4,0.22,160.66,239.99,0.7871,0.3936,2.4999,21.4131,145.7596,0.2533
2811,4798,176.86,0.35,221.08,153.72,0.8296,0.4148,5.3103,4.3791,0.0,0.2761
2811,4788,281.2,3.2,338.28,148.29,0.8062,0.4031,6.3106,25.0028,0.0,0.2561
2811,4640,144.38,8.5,180.4,141.02,0.6768,0.6768,6.2788,3.6714,163.1336,0.2251
2812,4784,94.46,0.06,169.06,272.55,0.5391,0.2696,2.0267,26.2564,40.0431,0.2222
2812,4798,178.09,0.3,221.51,153.94,0.8062,0.4031,5.2971,4.5509,0.0,0.2683
2812,4788,279.78,3.87,338.57,150.25,0.8721,0.436,6.1499,24.9208,15.5893,0.2718
2813,4784,93.61,0.01,170.77,282.96,0.4312,0.2156,1.9066,27.8322,41.7255,0.172
2813,4798,178.97,0.37,221.54,153.85,0.7847,0.3923,5.3037,4.6262,0.0,0.2611
2813,4788,279.09,4.51,339.31,153.6,0.5649,0.2824,5.9005,24.9597,16.1946,0.1758
2814,4784,93.54,0.35,171.91,287.09,0.7822,0.3911,1.8615,28.4313,0.0,0.3421
2814,4798,179.69,0.49,221.46,153.81,0.7871,0.3936,5.3068,4.6816,0.0,0.2619
2814,4788,275.23,4.94,340.33,167.15,0.6279,0.314,5.0475,25.0111,18.6191,0.194
2815,4784,94.76,0.12,173.83,288.0,0.8745,0.4373,1.8495,28.4921,0.0,0.3817
2815,4798,180.25,0.54,221.44,153.81,0.8159,0.4079,5.3072,4.7315,0.0,0.2715
2815,4788,274.16,5.1,336.79,160.37,0.7754,0.7754,5.4196,24.447,161.0361,0.2353
2816,4784,95.04,0.03,174.43,288.0,0.8359,0.4179,1.8488,28.471,0.0,0.3648
2816,4798,180.86,0.74,221.71,154.36,0.7871,0.3936,5.2722,4.8611,0.0,0.2619
2816,4788,272.29,5.07,335.08,161.75,0.5767,0.5767,5.3219,24.1759,23.3845,0.3518
2817,4784,96.34,0.0,176.25,288.0,0.8789,0.4395,1.8464,28.3977,0.0,0.3835
2817,4798,182.19,1.0,222.88,154.58,0.8252,0.4126,5.26,5.1109,0.0,0.2745
2817,4788,269.47,4.7,334.06,168.04,0.8452,0.4226,4.9555,24.0323,19.149,0.2642
2818,4784,96.89,0.0,176.82,288.0,0.771,0.3855,1.8456,28.372,0.0,0.3364
2818,4798,183.33,1.29,224.11,154.84,0.8135,0.4068,5.2454,5.3527,0.0,0.2706
2818,4788,268.4,4.01,332.66,168.48,0.8535,0.4268,4.9236,23.839,0.0,0.2767
2819,4784,101.79,0.0,183.52,288.0,0.8286,0.4143,1.8376,28.1226,0.0,0.3614
2819,4798,183.98,1.39,224.67,154.2,0.6216,0.3108,5.2877,5.4134,0.0,0.2067
2819,4788,268.79,3.28,331.44,165.47,0.7949,0.3975,5.0816,23.6713,160.9927,0.1213
2820,4784,103.48,0.0,187.02,288.0,0.7568,0.3784,1.8344,28.0217,0.0,0.33
2820,4798,184.5,1.8,225.28,153.95,0.7217,0.3609,5.305,5.5007,0.0,0.24
2820,4788,268.62,2.73,329.19,160.92,0.7627,0.3814,5.3349,23.3397,161.236,0.1167
2821,4784,100.3,0.0,184.31,288.0,0.6934,0.3467,1.8381,28.1368,0.0,0.3024
2821,4798,184.83,1.95,226.06,154.79,0.7808,0.3904,5.2518,5.6706,0.0,0.2596
2821,4788,266.21,1.97,325.85,159.15,0.8433,0.4217,5.4217,22.8017,144.9323,0.1296
2822,4784,104.32,0.0,190.4,288.0,0.75,0.375,1.832,27.9445,0.0,0.327
2822,4798,184.9,1.91,226.9,156.69,0.8506,0.4253,5.1335,5.9158,18.9204,0.2751
2822,4788,264.25,1.78,322.5,156.34,0.8218,0.4109,5.5821,22.2801,155.6148,0.1267
2823,4784,104.23,0.0,190.77,288.0,0.6196,0.3098,1.8318,27.9395,0.0,0.2702
2823,4798,185.01,1.61,227.26,156.01,0.7808,0.3904,5.176,5.8997,0.0,0.2596
2823,4788,262.92,1.73,320.84,156.02,0.8906,0.4453,5.5919,22.0115,0.0,0.286
2824,4784,110.96,0.0,198.86,287.56,0.7378,0.3689,1.829,27.6357,0.0,0.3219
2824,4798,184.93,1.4,227.83,157.23,0.7671,0.3836,5.1015,6.0522,0.0,0.255
2824,4788,261.31,1.71,318.84,155.45,0.7939,0.397,5.6164,21.6826,0.0,0.2553
2825,4784,109.32,0.0,198.28,288.0,0.8516,0.4258,1.8254,27.7371,0.0,0.3712
2825,4798,184.6,1.14,227.56,156.02,0.8423,0.4212,5.1753,5.8903,0.0,0.28
2825,4788,259.09,1.25,316.83,156.35,0.8892,0.4446,5.5409,21.3254,0.0,0.2863
2826,4784,118.06,0.18,185.68,210.4,0.7231,0.3615,3.0596,14.5247,150.9417,0.2102
2826,4798,184.69,1.78,227.38,154.34,0.5352,0.2676,5.2818,5.747,162.135,0.0888
2826,4788,257.59,0.99,314.83,155.03,0.9004,0.4502,5.616,20.9883,0.0,0.2902
2827,4784,112.71,0.05,198.29,266.56,0.8701,0.435,2.0692,24.1814,39.4277,0.3643
2827,4798,183.94,2.12,227.11,155.1,0.8535,0.4268,5.2321,5.7105,0.0,0.2838
2827,4788,256.9,0.63,313.77,154.16,0.8901,0.4451,5.6689,20.8163,0.0,0.287
2828,4784,112.35,0.01,202.49,280.54,0.8818,0.4409,1.9021,26.4368,41.9969,0.3526
2828,4798,181.89,2.42,225.78,155.95,0.8545,0.4273,5.1755,5.4717,0.0,0.2842
2828,4788,256.43,0.87,312.78,153.01,0.9004,0.4502,5.7436,20.6666,0.0,0.2905
2829,4784,113.66,0.0,206.06,286.4,0.7349,0.3674,1.8372,27.3248,0.0,0.3213
2829,4798,181.77,1.79,225.72,155.33,0.5737,0.2868,5.2143,5.3996,0.0,0.1908
2829,4788,256.23,0.79,312.38,152.68,0.876,0.438,5.7648,20.6077,0.0,0.2827
2830,4784,113.94,0.0,207.24,288.0,0.2605,0.1303,1.8201,27.5656,0.0,0.1135
2830,4798,183.95,17.07,223.45,152.96,0.3877,0.3877,5.3681,5.2012,162.4124,0.1287
2830,4788,255.96,0.57,312.53,154.62,0.8862,0.4431,5.6295,20.6291,16.8434,0.2796
2830,4808,135.41,9.32,166.42,80.49,0.5371,0.5371,33.2619,14.0879,0.0,0.3527
2831,4784,119.04,0.0,214.51,288.0,0.7822,0.3911,1.8166,27.4528,0.0,0.3408
2831,4798,184.32,7.98,226.16,153.89,0.2644,0.2644,5.3096,5.5626,0.0,0.1759
2831,4788,255.93,0.87,312.23,155.17,0.8574,0.4287,5.5911,20.6099,0.0,0.2767
2831,4808,136.68,9.24,168.32,81.65,0.3989,0.3989,30.856,13.7567,5.3061,0.2615
2832,4784,121.68,0.0,217.07,284.41,0.5264,0.2632,1.8531,26.8343,0.0,0.2311
2832,4788,259.02,1.5,310.04,140.86,0.6323,0.3161,6.7381,20.5917,165.8072,0.0987
2832,4808,137.86,9.15,169.33,80.73,0.3496,0.3496,32.7085,13.837,175.2473,0.1132
2832,4812,132.79,9.04,173.31,138.61,0.4775,0.4775,6.5194,5.6391,0.0,0.3176
2833,4784,121.73,0.0,218.65,287.5,0.4873,0.2437,1.8204,27.3277,0.0,0.2125
2833,4788,258.27,1.52,311.31,148.13,0.8125,0.4062,6.1097,20.6448,15.6812,0.2571
2833,4812,132.62,8.83,175.08,144.93,0.7075,0.7075,5.9625,5.3705,15.9878,0.4615
2834,4784,123.43,0.0,218.55,281.22,0.3557,0.1779,1.887,26.2915,0.0,0.1572
2834,4788,258.81,1.71,311.12,147.63,0.8647,0.4324,6.1509,20.673,0.0,0.279
2834,4812,133.37,8.96,176.17,146.61,0.8271,0.8271,5.8276,5.2068,18.1482,0.5365
2835,4784,125.82,0.0,220.14,280.19,0.7612,0.3806,1.8978,26.1018,0.0,0.3371
2835,4788,258.9,1.88,311.06,149.15,0.8452,0.4226,6.0314,20.6871,15.8305,0.2673
2835,4812,133.92,9.29,176.42,146.58,0.7925,0.7925,5.8291,5.1249,0.0,0.5273
2836,4784,135.73,0.37,226.29,275.49,0.7642,0.3821,1.9501,25.2867,0.0,0.3419
2836,4788,258.94,2.13,310.52,149.92,0.7964,0.3982,5.9706,20.6494,0.0,0.2569
2836,4812,134.33,9.41,176.41,146.33,0.7822,0.7822,5.8481,5.0792,0.0,0.5204
2837,4784,135.08,0.13,226.68,281.52,0.3276,0.1638,1.8823,26.2928,0.0,0.1447
2837,4788,258.75,2.22,309.83,150.96,0.8413,0.4207,5.8893,20.5818,0.0,0.2715
2837,4812,134.56,9.42,176.33,146.55,0.8159,0.8159,5.8309,5.0684,0.0,0.5429
2838,4784,151.75,0.23,219.95,202.9,0.8535,0.4268,3.2331,12.0051,152.2245,0.2397
2838,4788,259.29,2.3,307.87,145.47,0.7642,0.3821,6.3175,20.4135,164.5872,0.1194
2838,4812,134.28,9.76,175.46,146.48,0.7808,0.7808,5.8375,5.1838,0.0,0.5195
2839,4784,147.5,0.06,234.83,263.53,0.5312,0.2656,2.0991,23.3306,39.1704,0.2243
2839,4788,258.17,2.66,307.39,150.12,0.7861,0.3931,5.9407,20.2998,15.9979,0.2488
2839,4812,133.94,10.14,174.35,146.22,0.7065,0.7065,5.8593,5.3263,0.0,0.47
2840,4788,256.07,2.42,305.05,150.15,0.6123,0.3061,5.9219,19.8979,0.0,0.198
2840,4812,133.75,10.09,173.46,145.99,0.7168,0.7168,5.8785,5.4324,0.0,0.4768
2840,4816,170.87,2.45,188.23,35.64,0.5796,0.2898,10.0,90.0,0.0,0.0
2840,4798,167.86,0.62,217.19,162.01,0.8584,0.4292,4.8071,4.5063,32.72,0.274
2841,4788,254.85,2.88,303.32,150.16,0.8423,0.4212,5.9104,19.6296,0.0,0.2726
2841,4812,133.9,10.53,172.85,145.97,0.6909,0.6909,5.8805,5.4788,0.0,0.4595
2841,4816,170.76,1.74,187.2,32.75,0.355,0.1775,10.0,90.0,0.0,0.0
2841,4798,166.12,0.03,218.89,164.95,0.7739,0.387,4.6511,5.0095,20.0778,0.2676
2842,4788,253.06,3.33,301.07,150.17,0.8359,0.4179,5.8951,19.2607,0.0,0.2708
2842,4812,134.37,11.07,172.79,146.41,0.5889,0.5889,5.8456,5.4445,0.0,0.3917
2842,4798,165.96,0.0,220.15,163.52,0.5767,0.2883,4.7263,4.8225,0.0,0.2024
2843,4788,252.13,3.87,299.8,151.66,0.8145,0.4073,5.778,19.0788,18.6687,0.2569
2843,4812,142.56,10.42,182.92,146.55,0.4534,0.4534,5.8185,3.5868,83.4741,0.168
2843,4798,166.7,0.11,220.81,157.51,0.3904,0.1952,5.0662,3.9624,161.3607,0.0649
2844,4788,249.71,3.88,297.39,152.41,0.8237,0.4118,5.7079,18.6469,0.0,0.2674
2844,4812,145.86,10.73,187.44,145.09,0.3831,0.3831,5.9288,2.755,139.6295,0.1276
2844,4798,166.33,0.0,223.48,162.09,0.4971,0.2485,4.805,4.8135,20.1168,0.1668
2844,4819,166.64,0.7,198.09,34.88,0.3999,0.1999,10.0,90.0,0.0,0.0
2845,4788,248.26,4.34,295.23,152.22,0.6021,0.301,5.7093,18.3109,0.0,0.1956
2845,4812,145.4,3.87,190.18,144.43,0.7114,0.3557,5.981,2.5133,0.0,0.237
2845,4784,160.67,0.4,253.02,279.49,0.8496,0.4248,1.9175,26.3921,54.4635,0.3178
2846,4788,247.29,3.86,293.81,152.33,0.8477,0.4239,5.6936,18.0917,0.0,0.2756
2846,4812,144.48,1.19,191.56,145.47,0.7529,0.3765,5.897,2.483,0.0,0.2508
2846,4784,160.31,0.34,251.55,280.8,0.2128,0.1064,1.9021,26.5755,0.0,0.0942
2846,4798,170.15,0.0,229.33,162.14,0.667,0.3335,4.8081,5.5015,0.0,0.2304
2847,4788,248.21,3.95,293.56,151.62,0.7393,0.3696,5.7464,18.1422,0.0,0.2403
2847,4812,143.82,0.09,192.2,145.13,0.7808,0.3904,5.9241,2.4775,0.0,0.2601
2847,4798,171.24,0.0,232.86,164.32,0.79,0.395,4.695,6.1486,28.4796,0.2627
2848,4788,247.38,3.7,291.02,147.06,0.8262,0.4131,6.0805,17.7787,162.9389,0.1311
2848,4812,142.89,0.0,192.32,145.55,0.8584,0.4292,5.891,2.5696,0.0,0.286
2848,4798,171.28,0.39,236.29,171.2,0.5283,0.2641,4.3615,7.3963,22.0346,0.1914
2849,4788,247.35,3.32,290.06,145.62,0.8442,0.4221,6.1942,17.6792,163.3909,0.1341
2849,4812,141.17,0.0,192.91,150.86,0.7832,0.3916,5.4963,3.0156,17.3022,0.255
2849,4798,174.64,0.27,239.13,168.11,0.7349,0.3674,4.512,7.3922,152.6577,0.1454
2850,4788,247.08,3.46,289.49,146.04,0.8037,0.4018,6.1568,17.6023,0.0,0.2616
2850,4812,138.56,0.0,194.5,163.7,0.8306,0.4153,4.7172,4.9005,19.8449,0.2838
2850,4798,176.14,1.33,239.45,164.53,0.5815,0.2908,4.6937,7.0767,159.6419,0.1081
2850,4784,167.43,0.53,259.5,277.86,0.5049,0.2525,1.943,26.3683,0.0,0.2249
2851,4788,248.24,3.41,290.32,147.52,0.6611,0.3306,6.0445,17.7968,19.5552,0.2087
2851,4812,137.44,0.0,194.62,168.06,0.8755,0.4377,4.4972,5.708,20.8663,0.3109
2851,4798,179.41,2.28,243.53,164.65,0.4766,0.2383,4.6948,7.7013,0.0,0.1678
2851,4784,175.12,1.97,266.76,275.68,0.6538,0.3269,1.978,26.3547,0.0,0.2928
2852,4788,248.78,3.4,289.11,143.91,0.7939,0.397,6.3405,17.7213,164.7714,0.126
2852,4812,136.28,0.0,194.82,173.25,0.8892,0.4446,4.2584,6.6851,21.8778,0.3287
2852,4784,168.71,2.08,263.52,275.89,0.8369,0.4184,1.9689,26.164,0.0,0.3745
2853,4788,250.43,3.77,289.91,144.05,0.7725,0.3862,6.3372,17.9498,0.0,0.2512
2853,4812,135.56,0.0,194.76,176.74,0.8813,0.4406,4.1104,7.3586,22.6352,0.3335
2853,4784,174.78,4.46,267.54,280.8,0.2024,0.1012,1.9201,27.1687,0.0,0.0897
2853,4798,189.81,4.33,253.49,163.96,0.7305,0.3653,4.7561,9.4212,108.7414,0.132
2854,4788,250.96,4.04,289.58,143.52,0.7778,0.3889,6.3839,17.9686,0.0,0.2529
2854,4812,134.76,0.0,193.77,178.12,0.8828,0.4414,4.0551,7.6878,0.0,0.3486
2854,4784,177.86,3.34,269.96,285.05,0.2281,0.114,1.8778,27.9564,0.0,0.1002
2854,4798,193.41,4.94,256.66,161.6,0.4717,0.2359,4.8943,9.8546,150.6791,0.0808
2855,4788,252.77,4.19,289.75,140.39,0.7393,0.3696,6.6763,18.1659,165.4225,0.1171
2855,4812,133.99,0.0,192.37,178.56,0.8818,0.4409,4.0385,7.8621,0.0,0.3491
2855,4784,180.13,4.63,270.71,284.69,0.3452,0.1726,1.884,27.9745,0.0,0.1517
2855,4798,198.29,5.15,260.3,155.96,0.6152,0.6152,5.2427,10.3282,158.7173,0.2017
2856,4788,252.62,4.07,289.55,142.73,0.6772,0.3386,6.4596,18.1217,14.7464,0.2164
2856,4812,133.64,0.0,190.98,177.55,0.8862,0.4431,4.0801,7.7595,0.0,0.3484
2856,4784,183.34,4.26,272.55,282.36,0.6836,0.3418,1.9134,27.748,0.0,0.302
2857,4788,257.93,4.05,284.13,101.31,0.6514,0.3257,14.4064,19.8606,173.245,0.1021
2857,4812,132.6,0.01,190.56,182.67,0.8779,0.439,3.882,8.7483,23.93,0.3438
2857,4784,181.82,1.67,273.56,283.87,0.2415,0.1207,1.8965,27.9644,0.0,0.1063
2857,4798,207.0,3.33,269.02,152.29,0.3877,0.1938,5.5188,11.8887,145.7429,0.0632
2858,4812,132.55,0.16,188.97,180.29,0.7393,0.3696,3.9731,8.3944,0.0,0.2957
2858,4798,210.55,2.07,274.45,153.18,0.7583,0.3791,5.4782,12.7867,0.0,0.2496
2859,4812,131.74,0.05,188.02,182.66,0.8413,0.4207,3.8843,8.8989,0.0,0.3413
2859,4798,207.85,1.44,279.85,173.15,0.6919,0.3459,4.3827,14.153,21.3687,0.2477
2860,4812,131.94,0.01,187.21,181.76,0.811,0.4055,3.9183,8.7679,0.0,0.3272
2860,4798,212.31,0.86,279.6,158.73,0.5459,0.273,5.1405,13.6469,161.6526,0.0884
2861,4812,131.08,0.0,186.28,184.38,0.8618,0.4309,3.8227,9.3164,0.0,0.353
2861,4798,212.45,0.29,285.24,172.55,0.3887,0.1943,4.4302,14.99,21.7227,0.1375
2861,4784,202.18,0.4,284.85,255.83,0.2854,0.1427,2.2783,24.7991,140.5223,0.0865
2862,4812,129.99,0.07,184.51,184.49,0.7822,0.3911,3.8205,9.4729,0.0,0.3205
2862,4798,217.89,0.17,286.01,159.83,0.5059,0.253,5.1036,14.8248,161.3559,0.0815
2862,4784,213.54,0.58,286.78,226.09,0.3208,0.1604,2.8048,21.2043,148.5279,0.0968
2863,4812,127.62,0.24,181.78,184.38,0.542,0.271,3.828,9.7146,0.0,0.2217
2863,4798,223.12,0.78,284.76,141.92,0.2415,0.1207,6.4166,14.8822,165.1526,0.0389
2863,4784,220.18,1.23,284.99,196.05,0.3784,0.1892,3.5643,17.791,154.5007,0.0963
2864,4812,126.92,0.3,180.2,181.97,0.6187,0.3094,3.9187,9.4379,0.0,0.2494
2864,4798,224.6,0.8,287.71,144.54,0.3567,0.1784,6.2025,15.302,20.6922,0.113
2864,4784,211.95,1.33,289.55,235.32,0.5591,0.2796,2.6292,22.5397,32.9001,0.2527
2865,4812,126.0,0.15,179.56,183.04,0.8745,0.4373,3.8799,9.7028,0.0,0.3547
2865,4798,225.87,1.65,289.05,144.76,0.7529,0.3765,6.1921,15.552,0.0,0.2464
2866,4812,125.47,0.1,178.81,182.76,0.8682,0.4341,3.8913,9.7311,0.0,0.3515
2866,4784,216.98,1.36,296.36,245.54,0.6782,0.3391,2.471,24.5657,40.7706,0.3001
2867,4812,125.31,0.18,177.84,179.74,0.8711,0.4355,4.0076,9.317,156.764,0.2009
2867,4784,219.03,2.86,297.39,247.76,0.2012,0.1006,2.4399,25.0237,0.0,0.0966
2867,4798,229.13,2.63,292.15,145.4,0.585,0.2925,6.1588,16.1593,0.0,0.1911
2868,4812,119.89,0.49,174.67,185.09,0.8677,0.4339,3.8148,10.6865,30.6543,0.3351
2868,4784,220.46,3.8,297.15,247.06,0.4197,0.2099,2.4529,24.9902,0.0,0.202
2868,4798,228.38,3.69,291.02,144.83,0.3328,0.1664,6.2002,15.9791,0.0,0.1088
2869,4812,116.62,0.24,173.7,190.19,0.8853,0.4426,3.6435,11.7422,27.24,0.3557
2869,4784,221.07,3.79,296.07,244.98,0.5283,0.2641,2.4859,24.6867,0.0,0.2556
2870,4812,114.76,0.97,173.04,192.29,0.9009,0.4505,3.5778,12.222,0.0,0.3823
2870,4784,221.05,4.16,296.11,249.56,0.8262,0.4131,2.4128,25.304,0.0,0.3951
2871,4812,108.94,0.71,169.07,193.23,0.8667,0.4334,3.5581,12.9615,0.0,0.3685
2871,4784,222.0,5.5,295.8,250.79,0.8555,0.8555,2.3947,25.502,0.0,0.8157
2872,4812,107.46,0.6,168.46,193.16,0.9004,0.4502,3.5627,13.0827,0.0,0.3825
2872,4784,222.8,5.54,295.48,251.12,0.8564,0.8564,2.3903,25.5704,0.0,0.8159
2873,4812,104.92,0.2,167.36,193.64,0.8667,0.4334,3.5518,13.3863,0.0,0.3687
2873,4784,223.69,10.56,293.54,249.63,0.5571,0.5571,2.4118,25.317,0.0,0.5327
2874,4812,104.17,0.04,167.21,193.77,0.8945,0.4472,3.5487,13.4634,0.0,0.3806
2874,4784,222.55,12.37,291.34,249.58,0.75,0.75,2.4076,25.1434,0.0,0.7171
2874,4825,239.29,3.99,269.77,42.28,0.459,0.2295,10.0,90.0,0.0,0.0
2874,4826,143.37,8.22,159.48,32.15,0.4263,0.4263,10.0,90.0,0.0,0.0
2875,4812,103.32,0.27,166.35,193.78,0.8838,0.4419,3.5505,13.576,0.0,0.3759
2875,4784,222.1,15.26,289.53,249.72,0.6177,0.6177,2.4021,25.0508,0.0,0.5903
2875,4825,235.04,2.9,269.83,46.51,0.4397,0.2198,10.0,90.0,0.0,0.0
2875,4826,141.83,8.31,158.27,32.73,0.4397,0.4397,10.0,90.0,0.0,0.0
2876,4812,101.36,0.54,163.89,193.56,0.8433,0.4217,3.5628,13.8374,0.0,0.3578
2876,4825,236.71,3.13,269.82,44.81,0.6133,0.3066,10.0,90.0,0.0,0.0
2876,4826,139.59,8.38,156.33,32.97,0.5352,0.5352,10.0,90.0,0.0,0.0
2877,4812,98.56,0.18,163.45,201.03,0.8125,0.4062,3.3447,15.1159,27.7998,0.3402
2877,4825,229.2,2.68,265.3,47.88,0.6279,0.314,10.0,90.0,0.0,0.0
2877,4826,138.08,8.44,154.69,32.67,0.6074,0.6074,10.0,90.0,0.0,0.0
2878,4812,96.1,0.32,162.48,206.54,0.8486,0.4243,3.2,16.1333,29.6058,0.3607
2878,4825,227.19,2.6,262.62,46.51,0.3398,0.1699,10.0,90.0,0.0,0.0
2878,4826,136.39,8.42,153.07,32.64,0.3091,0.3091,10.0,90.0,0.0,0.0
2879,4812,94.15,0.56,161.12,209.72,0.8667,0.4334,3.1233,16.7988,0.0,0.3912
2879,4826,135.29,8.75,151.73,32.51,0.459,0.459,10.0,90.0,0.0,0.0
2879,4832,136.02,8.47,170.15,140.91,0.4534,0.4534,6.3066,5.5592,0.0,0.3016
2879,4784,217.89,6.34,283.28,239.34,0.3604,0.3604,2.5573,23.0828,141.6524,0.2279
2880,4812,92.51,0.38,159.84,210.69,0.8203,0.4102,3.103,17.1134,0.0,0.3711
2880,4826,134.06,9.0,150.37,32.45,0.4475,0.4475,10.0,90.0,0.0,0.0
2880,4832,134.7,8.66,169.61,143.93,0.4746,0.4746,6.0482,5.7128,16.5229,0.3091
2880,4784,221.73,3.4,274.14,186.15,0.4504,0.2252,3.8761,16.0256,156.1671,0.1059
2880,4825,223.63,2.46,260.7,48.1,0.3738,0.1869,10.0,90.0,0.0,0.0
2881,4812,91.03,0.12,158.67,210.16,0.8618,0.4309,3.1195,17.1943,0.0,0.3889
2881,4826,133.82,8.88,150.3,32.37,0.291,0.291,10.0,90.0,0.0,0.0
2881,4832,132.88,6.57,168.58,144.85,0.3933,0.3933,5.9761,6.0055,0.0,0.2615
2881,4825,217.36,1.95,256.15,49.12,0.3513,0.1757,10.0,90.0,0.0,0.0
2882,4812,87.35,0.12,154.72,210.16,0.8101,0.4051,3.1299,17.6611,0.0,0.3647
2882,4832,132.51,7.65,168.5,147.03,0.6104,0.6104,5.8046,6.0804,16.4598,0.3975
2882,4825,216.35,1.91,255.32,48.82,0.2024,0.1012,10.0,90.0,0.0,0.0
2883,4812,84.93,0.21,149.46,201.98,0.8667,0.4334,3.3568,17.071,151.5631,0.233
2883,4832,132.73,8.35,169.12,148.91,0.7002,0.7002,5.6624,6.0471,16.997,0.4553
2883,4835,214.58,1.56,261.63,109.8,0.4072,0.2036,11.2339,13.6163,0.0,0.1338
2884,4812,82.9,0.34,147.02,201.76,0.7686,0.3843,3.3701,17.3545,0.0,0.3339
2884,4832,132.83,8.51,169.37,149.3,0.5757,0.5757,5.6335,6.0258,0.0,0.3827
2885,4812,81.22,0.21,144.3,198.87,0.8384,0.4192,3.4604,17.3173,0.0,0.3592
2885,4832,133.4,8.67,170.47,150.53,0.7861,0.7861,5.5435,5.9103,0.0,0.5227
2886,4812,79.29,0.25,141.36,196.64,0.834,0.417,3.5356,17.4181,0.0,0.353
2886,4832,133.41,8.84,170.89,151.2,0.75,0.75,5.4961,5.9003,0.0,0.4987
2887,4812,79.16,0.17,141.89,198.14,0.8433,0.4217,3.4897,17.5594,0.0,0.3595
2887,4832,133.0,8.88,170.86,152.25,0.811,0.811,5.4244,6.0004,0.0,0.5392
2887,4839,233.5,1.79,257.0,43.02,0.7056,0.3528,10.0,90.0,0.0,0.0
2887,4784,223.5,23.89,265.37,157.05,0.4065,0.4065,5.2361,13.2893,161.7326,0.1319
2888,4812,77.35,0.24,142.03,204.93,0.8682,0.4341,3.3004,18.4823,27.7113,0.3637
2888,4832,133.24,9.36,171.44,153.15,0.7656,0.7656,5.3631,5.9753,0.0,0.509
2888,4839,233.03,1.6,256.16,42.1,0.5796,0.2898,10.0,90.0,0.0,0.0
2888,4784,216.59,23.14,257.14,152.11,0.214,0.214,5.5263,11.6601,148.5181,0.0699
2889,4812,76.76,0.26,140.53,202.33,0.7568,0.3784,3.3754,18.3202,0.0,0.3278
2889,4832,132.63,9.37,171.01,153.44,0.6704,0.6704,5.345,6.0944,0.0,0.4457
2889,4839,232.61,0.43,255.48,40.36,0.6567,0.3283,10.0,90.0,0.0,0.0
2889,4784,218.1,21.49,265.66,168.73,0.5,0.5,4.5821,13.4638,21.5668,0.3449
2890,4812,75.52,0.46,142.24,212.82,0.7407,0.3704,3.1018,19.5729,28.7619,0.3183
2890,4832,133.56,8.98,172.4,153.13,0.7334,0.7334,5.3631,5.8504,0.0,0.4877
2890,4839,232.53,0.22,254.85,39.09,0.2351,0.1176,10.0,90.0,0.0,0.0
2890,4784,214.34,18.02,272.85,200.72,0.7124,0.7124,3.3949,17.0218,26.7688,0.5915
2891,4812,74.52,0.44,140.74,212.68,0.6738,0.3369,3.1093,19.72,0.0,0.3029
2891,4832,134.23,9.1,173.49,153.15,0.7334,0.7334,5.36,5.6822,0.0,0.4877
2891,4839,231.47,1.48,253.23,39.02,0.606,0.303,10.0,90.0,0.0,0.0
2891,4835,207.55,16.32,263.32,145.22,0.6152,0.6152,6.0366,11.2663,15.7307,0.3985
2892,4812,74.84,0.25,141.78,214.95,0.835,0.4175,3.0529,19.9189,0.0,0.3784
2892,4832,133.63,9.24,172.89,152.57,0.7559,0.7559,5.4,5.7606,0.0,0.5027
2892,4839,230.66,1.81,252.18,38.47,0.5757,0.2878,10.0,90.0,0.0,0.0
2892,4784,211.65,14.44,275.23,215.46,0.8516,0.8516,3.0155,18.9476,29.4547,0.741
2893,4812,72.46,0.27,140.92,222.75,0.6621,0.3311,2.884,21.1335,31.5884,0.2903
2893,4832,133.59,9.08,173.02,152.13,0.6577,0.6577,5.4297,5.7251,0.0,0.4374
2893,4839,230.06,1.32,252.22,38.68,0.4844,0.2422,10.0,90.0,0.0,0.0
2893,4784,212.6,13.42,273.49,206.71,0.6377,0.6377,3.2297,17.7171,152.0875,0.353
2894,4812,76.8,0.09,147.6,225.95,0.644,0.322,2.8006,20.9128,45.2399,0.2703
2894,4832,133.12,9.32,172.77,152.13,0.6992,0.6992,5.4305,5.7953,0.0,0.4649
2894,4784,209.07,5.53,274.49,215.66,0.6909,0.6909,3.0061,18.7739,29.5532,0.6021
2895,4812,73.52,0.11,143.85,227.02,0.6387,0.3194,2.7895,21.4647,0.0,0.2996
2895,4832,132.7,8.85,172.54,152.11,0.7271,0.7271,5.4325,5.8576,0.0,0.4835
2895,4784,206.86,3.76,273.47,218.8,0.5815,0.2908,2.9307,19.028,0.0,0.2688
2896,4812,70.27,0.31,141.03,233.4,0.7559,0.378,2.6753,22.6724,36.6524,0.3345
2896,4832,132.26,9.14,171.95,151.71,0.771,0.771,5.4609,5.936,0.0,0.5126
2896,4784,207.5,2.77,272.99,217.88,0.7822,0.3911,2.9514,18.9057,0.0,0.3605
2897,4812,68.83,0.38,139.85,239.41,0.7808,0.3904,2.571,23.6281,34.7537,0.3526
2897,4832,130.71,9.34,170.49,152.57,0.7378,0.7378,5.4057,6.2785,0.0,0.4904
2897,4784,199.05,2.55,265.85,217.6,0.5459,0.273,2.9376,17.9883,0.0,0.2526
2898,4812,69.81,0.32,141.74,245.65,0.6362,0.3181,2.462,24.3321,34.8942,0.288
2898,4832,130.32,7.18,170.55,153.16,0.5488,0.5488,5.3666,6.3451,0.0,0.3647
2898,4784,197.58,2.45,253.47,170.26,0.7139,0.3569,4.453,10.6924,158.7507,0.143
2899,4812,76.42,0.11,149.75,245.62,0.6279,0.314,2.4423,23.6115,0.0,0.3028
2899,4832,130.4,7.48,170.36,153.65,0.5566,0.5566,5.3343,6.386,0.0,0.3699
2899,4835,196.1,10.64,280.38,217.06,0.6069,0.6069,2.9644,18.5555,29.9667,0.5318
2900,4812,79.95,0.03,154.66,245.19,0.8564,0.4282,2.4385,23.1547,0.0,0.4132
2900,4832,131.63,8.06,170.96,153.73,0.5796,0.5796,5.327,6.2145,0.0,0.3853
2900,4835,195.86,8.93,278.19,219.3,0.6665,0.6665,2.9113,18.7446,0.0,0.6182
2901,4812,79.1,0.28,156.46,252.27,0.8027,0.4013,2.3274,24.1626,36.1455,0.3546
2901,4832,132.04,8.85,171.07,155.78,0.7271,0.7271,5.195,6.3118,18.199,0.4711
2901,4835,198.6,7.47,275.9,213.15,0.7217,0.7217,3.0525,17.8759,150.8774,0.4164
2902,4812,78.2,0.28,155.51,251.52,0.7671,0.3836,2.3409,24.1311,0.0,0.3642
2902,4832,133.61,9.23,171.37,153.03,0.291,0.291,5.3708,5.9387,161.3477,0.0965
2902,4835,199.82,6.93,271.63,202.8,0.5195,0.5195,3.3132,16.2273,152.3301,0.2831
2902,4846,136.83,9.44,158.66,33.78,0.385,0.385,10.0,90.0,0.0,0.0
2903,4812,79.26,0.56,158.3,255.32,0.8525,0.4263,2.2803,24.5331,0.0,0.4009
2903,4832,135.14,8.54,173.73,157.37,0.4216,0.4216,5.0915,5.9175,19.8738,0.2719
2903,4835,202.33,8.71,267.01,187.15,0.396,0.396,3.7957,14.0481,155.7072,0.1916
2903,4846,137.16,9.46,159.7,34.64,0.3149,0.3149,10.0,90.0,0.0,0.0
2904,4812,76.08,0.21,152.12,247.71,0.8574,0.4287,2.4064,23.8192,141.6424,0.2683
2904,4832,135.23,8.56,173.24,158.32,0.7017,0.7017,5.035,6.0452,0.0,0.4665
2904,4846,136.08,8.98,161.89,38.05,0.2466,0.2466,10.0,90.0,0.0,0.0
2905,4812,78.9,0.07,156.88,251.69,0.8262,0.4131,2.3358,24.067,0.0,0.3921
2905,4832,135.9,7.55,173.37,159.13,0.5283,0.5283,4.9866,6.0569,0.0,0.3522
2905,4835,195.54,10.98,261.65,195.65,0.7285,0.7285,3.5012,14.2937,29.7956,0.5916
2906,4812,79.12,0.2,157.55,252.2,0.7778,0.3889,2.3271,24.1049,0.0,0.3686
2906,4832,137.45,7.82,174.08,159.04,0.5166,0.5166,4.9899,5.8508,0.0,0.3442
2906,4835,192.89,11.36,259.41,197.92,0.7139,0.7139,3.4272,14.3046,0.0,0.6183
2907,4812,80.11,0.16,157.43,247.06,0.7939,0.397,2.4051,23.3005,0.0,0.3811
2907,4832,138.68,7.46,174.81,159.35,0.562,0.562,4.9702,5.7167,0.0,0.376
2907,4835,190.68,9.71,257.47,198.24,0.7139,0.7139,3.413,14.095,0.0,0.6198
2908,4812,78.09,0.24,153.78,243.42,0.7886,0.3943,2.4708,23.0215,0.0,0.3823
2908,4832,139.98,6.86,175.93,159.26,0.6084,0.6084,4.9735,5.502,0.0,0.4068
2908,4835,188.41,9.68,254.38,198.38,0.79,0.79,3.403,13.7951,0.0,0.6873
2909,4812,79.5,0.55,157.51,250.71,0.7754,0.3877,2.3492,23.8683,36.9068,0.343
2909,4832,140.78,6.46,176.53,159.39,0.6479,0.6479,4.9649,5.4007,0.0,0.434
2909,4835,183.69,9.99,248.26,196.15,0.8218,0.8218,3.458,12.8228,0.0,0.71
2910,4812,81.25,0.2,162.07,258.26,0.7861,0.3931,2.232,24.7455,38.862,0.338
2910,4832,141.4,6.12,176.59,157.94,0.458,0.458,5.0496,5.1752,0.0,0.3047
2910,4835,178.66,9.32,244.61,198.85,0.7871,0.7871,3.3709,12.8158,41.7239,0.6226
2911,4812,78.52,0.53,156.78,253.88,0.7271,0.3635,2.3039,24.4127,0.0,0.3432
2911,4832,141.46,6.1,176.56,158.3,0.6646,0.6646,5.0281,5.2137,0.0,0.4422
2911,4835,178.12,9.59,243.3,194.94,0.8203,0.8203,3.4854,12.0624,153.1637,0.4331
2912,4812,76.7,0.47,157.54,267.11,0.7583,0.3791,2.1236,26.4111,38.8788,0.3189
2912,4832,142.28,6.28,177.01,157.87,0.6909,0.6909,5.0528,5.0571,0.0,0.4597
2912,4835,173.76,11.52,238.92,193.92,0.6567,0.6567,3.5101,11.463,0.0,0.5639
2913,4812,78.93,0.44,157.18,262.0,0.8076,0.4038,2.1887,25.585,0.0,0.3738
2913,4832,141.47,6.17,176.37,158.25,0.7378,0.7378,5.0312,5.2231,0.0,0.4908
2913,4835,170.92,8.19,237.88,193.22,0.5381,0.5381,3.5293,11.1648,0.0,0.4609
2914,4812,80.21,0.53,158.3,266.12,0.7964,0.3982,2.1316,26.1056,0.0,0.3651
2914,4832,141.5,6.13,176.5,158.11,0.7964,0.7964,5.0394,5.1936,0.0,0.5298
2914,4835,167.87,13.23,234.8,193.78,0.5,0.5,3.508,11.0108,0.0,0.4297
2915,4812,90.41,0.28,145.5,180.08,0.6279,0.314,4.0834,14.4591,157.3725,0.1397
2915,4832,141.56,5.01,177.08,158.23,0.7192,0.7192,5.0318,5.1534,0.0,0.4785
2915,4835,165.76,8.85,235.14,193.21,0.3098,0.3098,3.5248,10.8383,0.0,0.2656
2916,4812,83.01,0.06,157.08,249.23,0.8169,0.4084,2.3682,23.5145,35.6935,0.3644
2916,4832,141.69,5.24,177.36,157.99,0.7627,0.7627,5.0458,5.0911,0.0,0.5075
2916,4835,166.65,13.05,235.56,193.73,0.6807,0.6807,3.5093,10.9838,0.0,0.5849
2917,4812,84.71,0.18,161.22,263.43,0.7363,0.3681,2.1588,25.4306,38.5016,0.3128
2917,4832,141.2,5.06,177.23,158.27,0.7285,0.7285,5.0296,5.1756,0.0,0.4847
2917,4835,165.9,14.55,235.52,194.66,0.5176,0.5176,3.4802,11.1239,0.0,0.4467
2918,4812,91.87,0.06,171.64,273.6,0.7065,0.3533,2.0142,26.4193,46.8806,0.2808
2918,4832,141.59,4.35,178.11,158.92,0.7256,0.3628,4.9904,5.1471,0.0,0.2418
2918,4835,165.13,14.24,235.55,193.68,0.8506,0.8506,3.51,10.9162,0.0,0.7309
2919,4812,97.23,0.01,179.63,279.64,0.7754,0.3877,1.9336,27.0071,0.0,0.3443
2919,4832,141.88,4.0,178.66,160.64,0.4456,0.2228,4.8912,5.2977,0.0,0.1514
2919,4835,165.34,14.27,234.62,190.4,0.6094,0.6094,3.6142,10.2871,154.6152,0.3125
2919,4857,184.87,1.87,208.82,38.41,0.3594,0.1797,10.0,90.0,0.0,0.0
2919,4858,142.27,4.75,169.75,37.02,0.4534,0.2267,10.0,90.0,0.0,0.0
2920,4812,100.05,0.0,184.95,287.06,0.7251,0.3625,1.8476,27.9831,0.0,0.3169
2920,4832,141.52,4.33,177.76,159.63,0.2458,0.1229,4.9496,5.2686,0.0,0.0826
2920,4835,166.67,13.97,235.4,187.56,0.4543,0.4543,3.7105,9.8588,0.0,0.3787
2920,4857,183.73,0.97,208.71,39.1,0.4216,0.2108,10.0,90.0,0.0,0.0
2920,4858,142.01,5.84,169.3,37.91,0.5508,0.5508,10.0,90.0,0.0,0.0
2921,4812,97.65,0.71,181.37,288.0,0.397,0.1985,1.8418,28.2539,0.0,0.1732
2921,4832,140.87,3.82,177.94,164.33,0.2659,0.133,4.6923,5.9356,19.9618,0.0912
2921,4835,163.33,13.65,233.42,190.46,0.8228,0.8228,3.6105,10.176,32.1306,0.6546
2921,4857,182.48,1.31,208.04,40.29,0.6841,0.3421,10.0,90.0,0.0,0.0
2921,4858,141.69,6.62,169.79,39.69,0.6245,0.6245,10.0,90.0,0.0,0.0
2922,4812,98.08,0.26,181.23,288.0,0.7583,0.3791,1.8416,28.2476,0.0,0.3308
2922,4835,170.68,18.53,236.99,182.25,0.214,0.214,3.9043,9.1973,152.7924,0.1017
2922,4857,179.77,1.19,208.29,44.77,0.3269,0.1635,10.0,90.0,0.0,0.0
2922,4858,141.4,6.38,170.1,40.29,0.5254,0.5254,10.0,90.0,0.0,0.0
2923,4812,98.86,0.46,180.16,287.76,0.583,0.2915,1.8443,28.2169,0.0,0.2545
2923,4857,178.17,1.58,207.93,47.3,0.4902,0.2451,10.0,90.0,0.0,0.0
2924,4812,98.12,0.35,178.19,288.0,0.8442,0.4221,1.8437,28.3133,0.0,0.3683
2924,4857,177.16,1.95,207.51,48.8,0.5254,0.2627,10.0,90.0,0.0,0.0
2925,4812,99.2,0.12,177.81,288.0,0.71,0.355,1.8432,28.2978,0.0,0.3098
2925,4857,175.48,2.26,206.29,50.12,0.562,0.281,10.0,90.0,0.0,0.0
2925,4863,162.26,9.13,200.16,48.65,0.4629,0.4629,10.0,90.0,0.0,0.0
2925,4835,159.91,10.02,225.06,171.51,0.5928,0.5928,4.3343,6.1944,149.8259,0.2491
2926,4812,99.76,0.03,175.97,285.56,0.6724,0.3362,1.8698,27.9517,0.0,0.2949
2926,4857,174.41,2.49,205.2,50.74,0.6206,0.3103,10.0,90.0,0.0,0.0
2926,4863,159.05,8.49,197.66,48.65,0.2108,0.2108,10.0,90.0,0.0,0.0
2927,4812,99.93,0.37,175.31,288.0,0.498,0.249,1.8445,28.3373,0.0,0.2173
2927,4857,173.12,2.32,204.08,51.4,0.2583,0.1291,10.0,90.0,0.0,0.0
2928,4812,108.87,0.13,185.57,285.27,0.4688,0.2344,1.8608,27.5204,0.0,0.2056
2929,4812,113.69,0.04,191.01,283.85,0.5098,0.2549,1.8705,27.1197,0.0,0.2242
2930,4812,114.21,0.0,192.34,285.46,0.8555,0.4278,1.8525,27.3484,0.0,0.3749
2931,4812,117.12,6.74,193.77,285.26,0.8101,0.4051,1.8527,27.2535,0.0,0.3551
2932,4812,118.88,12.51,194.0,284.54,0.7471,0.3735,1.8595,27.1106,0.0,0.328
2933,4812,118.75,4.58,195.66,284.57,0.8442,0.4221,1.8586,27.0951,0.0,0.3706
2934,4812,119.35,1.65,197.33,287.23,0.7017,0.3508,1.8297,27.4937,0.0,0.3063
2935,4812,120.79,2.27,197.73,284.34,0.5439,0.272,1.8594,27.0066,0.0,0.2388
2936,4812,124.84,0.75,203.64,287.07,0.7124,0.3562,1.8275,27.344,0.0,0.311
2937,4812,126.19,5.54,205.17,286.58,0.2517,0.1258,1.8319,27.2403,0.0,0.11
2938,4812,128.22,10.0,207.0,286.9,0.2991,0.1495,1.8276,27.2629,0.0,0.1306
2939,4812,133.85,3.61,216.32,287.92,0.8062,0.4031,1.8148,27.3551,0.0,0.3512
2940,4812,143.33,1.24,229.95,288.0,0.6768,0.3384,1.8143,27.3793,0.0,0.2948
2940,4869,110.15,13.39,145.96,184.22,0.3577,0.3577,3.8926,13.2801,0.0,0.2881
2941,4812,140.6,0.33,229.89,287.27,0.8413,0.4207,1.8216,27.2515,0.0,0.367
2942,4812,145.09,0.0,236.28,286.57,0.8027,0.4013,1.8304,27.187,0.0,0.3507
2942,4869,111.81,12.86,148.19,185.48,0.7231,0.7231,3.8413,13.1377,0.0,0.5875
2943,4812,147.21,0.0,241.25,287.49,0.8076,0.4038,1.8224,27.386,0.0,0.3522
2943,4869,111.84,11.92,148.5,185.06,0.4844,0.4844,3.8559,13.0599,0.0,0.3927
2944,4812,151.09,0.0,249.07,287.36,0.6772,0.3386,1.8272,27.4777,0.0,0.2955
2944,4869,113.47,11.63,150.88,185.42,0.6655,0.6655,3.8374,12.8058,0.0,0.5413
2945,4812,152.87,0.0,254.58,287.38,0.7769,0.3885,1.8297,27.57,0.0,0.339
2946,4812,151.61,0.0,256.84,287.93,0.7861,0.3931,1.8244,27.671,0.0,0.3427
2946,4875,163.79,6.15,180.79,32.51,0.4766,0.4766,10.0,90.0,0.0,0.0
2946,4869,113.85,12.28,152.31,185.62,0.3831,0.3831,3.8278,12.6984,0.0,0.3122
2947,4812,148.72,0.0,255.77,288.0,0.79,0.395,1.8221,27.6312,0.0,0.3443
2947,4875,164.2,5.83,181.67,32.74,0.5659,0.5659,10.0,90.0,0.0,0.0
2947,4869,111.05,12.28,150.25,185.5,0.6245,0.6245,3.8387,13.0428,0.0,0.5077
2947,4832,145.91,4.94,183.42,161.48,0.4912,0.2456,4.839,4.7755,0.0,0.1687
2948,4812,147.4,0.0,255.58,287.81,0.8228,0.4114,1.8235,27.5825,0.0,0.3587
2948,4869,105.77,12.47,146.09,189.87,0.8101,0.8101,3.7008,14.2916,36.2961,0.6196
2948,4832,145.94,6.13,185.64,166.14,0.5127,0.5127,4.5921,5.3993,20.7836,0.3578
2949,4812,146.65,0.0,255.88,288.0,0.7393,0.3696,1.8214,27.6075,0.0,0.3222
2949,4869,101.63,13.38,142.48,191.17,0.7939,0.7939,3.6694,15.0259,0.0,0.6611
2949,4832,151.47,6.13,190.98,167.99,0.6133,0.6133,4.4967,5.2435,48.6887,0.3797
2950,4812,147.18,0.0,257.19,288.0,0.7725,0.3862,1.8221,27.6297,0.0,0.3367
2950,4869,97.98,13.91,139.21,192.01,0.8423,0.8423,3.653,15.644,0.0,0.7024
2950,4832,153.8,6.12,193.29,168.2,0.499,0.499,4.4854,5.1418,0.0,0.3662
2950,4879,141.6,3.71,163.85,136.6,0.3381,0.1691,6.7174,5.7975,0.0,0.1124
2951,4812,150.83,0.0,262.12,287.77,0.2323,0.1162,1.8281,27.7086,0.0,0.1013
2951,4869,95.58,14.1,137.13,191.74,0.8618,0.8618,3.6692,15.9517,0.0,0.7164
2951,4832,158.23,6.3,199.15,170.98,0.6724,0.6724,4.3535,5.5429,39.4126,0.4542
2952,4812,153.19,0.0,265.27,287.99,0.5205,0.2602,1.8284,27.8277,0.0,0.2269
2952,4869,91.59,14.44,133.74,190.49,0.8677,0.8677,3.7235,16.3817,0.0,0.7144
2952,4832,160.95,6.83,203.37,172.0,0.6782,0.6782,4.3074,5.7613,0.0,0.5136
2952,4863,136.32,3.13,168.53,40.37,0.564,0.282,10.0,90.0,0.0,0.0
2953,4812,159.25,0.0,271.89,288.0,0.6714,0.3357,1.8354,28.0529,0.0,0.2928
2953,4869,87.55,13.34,130.82,188.49,0.8535,0.8535,3.8044,16.7233,0.0,0.693
2953,4832,163.36,7.02,208.29,174.77,0.8838,0.8838,4.1872,6.4193,34.3258,0.6318
2953,4879,135.25,3.39,157.93,137.28,0.373,0.1865,6.6663,6.9803,72.4981,0.0804
2954,4812,162.93,0.0,274.5,287.72,0.2998,0.1499,1.8423,28.1354,0.0,0.1309
2954,4869,83.57,11.51,128.4,186.52,0.8838,0.8838,3.8865,17.049,0.0,0.7075
2954,4832,164.57,6.81,211.75,175.98,0.8818,0.8818,4.1371,6.7623,0.0,0.6873
2954,4879,131.82,3.2,155.02,136.42,0.5806,0.2903,6.7628,7.6441,139.6394,0.0959
2955,4812,167.62,4.97,277.37,287.95,0.5078,0.2539,1.8451,28.3348,0.0,0.2216
2955,4869,80.0,10.36,126.57,185.68,0.8936,0.8936,3.928,17.4147,0.0,0.7098
2955,4832,164.65,7.0,213.29,176.02,0.8838,0.8838,4.1359,6.8126,0.0,0.6889
2955,4879,130.85,3.04,154.85,136.94,0.6909,0.3454,6.7122,7.7366,0.0,0.2293
2956,4812,174.42,1.82,284.97,288.0,0.314,0.157,1.8559,28.6912,0.0,0.1371
2956,4869,76.19,9.66,124.41,185.19,0.8813,0.8813,3.9587,17.8649,0.0,0.6957
2956,4832,164.47,6.51,214.47,176.0,0.8877,0.8877,4.137,6.8368,0.0,0.6918
2956,4879,129.31,3.14,154.21,137.37,0.7305,0.3653,6.673,7.9378,0.0,0.2423
2957,4812,181.95,0.65,292.26,288.0,0.7656,0.3828,1.8693,29.0976,0.0,0.3345
2957,4869,73.13,10.14,122.95,184.92,0.8691,0.8691,3.9787,18.2171,0.0,0.6832
2957,4832,164.38,6.32,215.54,176.51,0.8779,0.8779,4.1161,6.9645,0.0,0.6866
2957,4879,129.25,3.8,154.98,138.24,0.7441,0.372,6.5865,7.8388,0.0,0.2469
2958,4812,197.28,0.2,304.72,286.58,0.7456,0.3728,1.9141,29.7799,108.1295,0.203
2958,4869,71.85,10.9,123.23,185.2,0.8931,0.8931,3.9706,18.3234,0.0,0.7029
2958,4832,163.54,5.51,215.87,176.49,0.8721,0.8721,4.1168,6.9457,0.0,0.682
2958,4879,128.75,4.1,155.22,137.84,0.7559,0.378,6.6259,7.8772,0.0,0.2508
2959,4812,209.61,0.03,314.89,287.5,0.6621,0.3311,1.9327,30.72,0.0,0.2905
2959,4869,70.83,12.12,123.31,184.76,0.896,0.896,3.989,18.3652,0.0,0.7029
2959,4832,164.15,5.38,217.73,176.73,0.8945,0.8945,4.1077,7.0676,0.0,0.7005
2959,4879,128.77,4.11,156.45,138.49,0.79,0.395,6.5608,7.7324,0.0,0.2621
2960,4812,215.86,0.0,318.41,287.2,0.8545,0.4273,1.9494,31.0575,0.0,0.3755
2960,4869,70.72,13.8,124.37,185.07,0.8867,0.8867,3.9754,18.3118,0.0,0.6973
2960,4832,164.51,4.97,218.56,176.7,0.8916,0.4458,4.1093,7.1011,0.0,0.349
2960,4879,129.14,3.92,157.94,138.77,0.8101,0.4051,6.5309,7.5381,0.0,0.2689
2961,4812,219.18,0.0,319.28,286.9,0.876,0.438,1.9587,31.1848,0.0,0.3853
2961,4869,69.9,14.43,124.65,185.47,0.8867,0.8867,3.9619,18.3897,0.0,0.6988
2961,4832,164.8,5.18,218.8,176.48,0.8936,0.8936,4.1186,7.0772,0.0,0.6985
2961,4879,127.42,3.85,157.52,139.24,0.7871,0.3936,6.4899,7.7398,0.0,0.2612
2962,4812,221.41,0.0,320.07,287.62,0.8594,0.4297,1.9553,31.3972,0.0,0.3775
2962,4869,70.31,14.47,126.12,185.73,0.8779,0.8779,3.9481,18.2559,0.0,0.6937
2962,4832,166.22,4.9,220.08,176.47,0.9023,0.4511,4.1201,7.1734,0.0,0.3525
2962,4879,126.12,3.21,157.5,139.03,0.771,0.3855,6.5119,7.8775,0.0,0.2558
2963,4812,235.17,0.0,336.41,287.89,0.6216,0.3108,1.9995,32.6854,107.6705,0.1701
2963,4869,68.82,14.19,125.61,185.82,0.8682,0.8682,3.9493,18.4288,0.0,0.6856
2963,4832,167.34,4.7,221.19,176.44,0.8989,0.4495,4.1222,7.2557,0.0,0.351
2963,4879,124.32,3.16,157.08,139.55,0.8477,0.4239,6.4668,8.0872,0.0,0.2812
2964,4812,232.51,0.0,333.73,287.99,0.7104,0.3552,1.9896,32.468,0.0,0.3125
2964,4869,68.85,13.43,125.89,184.75,0.8804,0.8804,3.9881,18.3145,0.0,0.6909
2964,4832,168.99,4.35,222.88,176.7,0.8838,0.4419,4.113,7.4456,0.0,0.3456
2964,4879,122.08,2.96,156.13,138.9,0.8442,0.4221,6.5337,8.422,0.0,0.2799
2965,4812,232.94,0.0,334.55,288.0,0.8867,0.4434,1.9915,32.5226,0.0,0.3901
2965,4869,67.99,13.32,125.6,184.9,0.8677,0.8677,3.9851,18.4224,0.0,0.6811
2965,4832,171.77,4.5,225.17,176.59,0.877,0.4385,4.1202,7.6649,0.0,0.3425
2965,4879,120.12,2.88,155.26,138.32,0.8394,0.4197,6.5946,8.7195,0.0,0.2782
2966,4812,235.87,0.0,338.79,288.0,0.8306,0.4153,2.0034,32.8317,0.0,0.3657
2966,4869,66.92,12.81,124.1,181.52,0.8306,0.8306,4.1203,18.3728,156.8727,0.3602
2966,4832,173.8,4.09,226.81,176.54,0.8594,0.4297,4.1245,7.8459,0.0,0.3353
2966,4879,118.29,2.58,154.69,138.28,0.7319,0.3659,6.603,8.9596,0.0,0.2425
2967,4812,232.85,0.0,335.63,287.2,0.8618,0.4309,2.0019,32.4702,0.0,0.3798
2967,4869,64.99,12.89,121.57,179.03,0.8555,0.8555,4.2314,18.5731,153.9184,0.358
2967,4832,176.21,4.41,228.28,176.41,0.8657,0.4329,4.1324,8.0385,0.0,0.3372
2967,4879,116.37,2.7,153.91,137.94,0.8403,0.4202,6.6414,9.2372,0.0,0.2783
2968,4812,233.74,0.0,337.47,287.72,0.8525,0.4263,2.0007,32.6494,0.0,0.3754
2968,4869,63.46,13.4,119.31,176.81,0.8101,0.8101,4.3343,18.7516,154.8331,0.3276
2968,4832,177.93,4.35,229.41,176.82,0.8359,0.4179,4.1174,8.2716,0.0,0.3264
2968,4879,113.87,2.7,152.59,138.32,0.8384,0.4192,6.6122,9.607,0.0,0.2775
2969,4812,236.05,0.0,341.41,287.92,0.9209,0.4605,2.0091,32.9443,0.0,0.4056
2969,4869,59.69,13.68,115.15,176.86,0.7568,0.7568,4.3529,19.4399,0.0,0.5555
2969,4832,179.54,4.24,230.62,177.34,0.7544,0.3772,4.0982,8.5244,0.0,0.2954
2969,4879,109.63,2.71,148.77,137.86,0.3999,0.1999,6.6745,10.4167,122.3489,0.0656
2970,4812,239.06,0.0,346.36,287.99,0.9092,0.4546,2.0221,33.3027,0.0,0.4007
2970,4869,57.16,13.31,112.04,176.72,0.8711,0.8711,4.3742,19.9174,0.0,0.6361
2970,4832,181.32,4.29,232.38,179.37,0.8574,0.4287,4.0195,9.0645,0.0,0.3401
2970,4879,108.33,2.85,148.23,137.82,0.71,0.355,6.6827,10.5994,0.0,0.2346
2970,4886,105.5,3.11,147.23,79.97,0.3469,0.1734,34.8781,16.7035,0.0,0.1132
2971,4812,240.28,0.0,349.75,288.0,0.9238,0.4619,2.0301,33.5089,0.0,0.4074
2971,4869,54.95,13.54,109.1,177.08,0.8052,0.8052,4.3729,20.3807,0.0,0.5873
2971,4832,185.54,4.22,237.53,182.72,0.7441,0.372,3.8992,10.171,38.6974,0.2735
2971,4879,106.93,2.95,147.55,137.76,0.5244,0.2622,6.6934,10.8061,0.0,0.1733
2971,4886,104.74,3.04,146.56,80.01,0.4534,0.2267,34.7981,16.7847,46.7238,0.1241
2972,4812,241.51,0.0,352.61,288.0,0.8667,0.4334,2.0374,33.6921,0.0,0.3824
2972,4869,52.72,13.91,105.87,177.33,0.8433,0.8433,4.3775,20.8619,0.0,0.6138
2972,4832,186.1,4.47,237.11,182.32,0.8228,0.4114,3.9143,10.1182,0.0,0.3317
2972,4879,105.1,3.13,146.1,137.98,0.7695,0.3847,6.6795,11.1244,0.0,0.2541
2973,4812,243.15,0.0,355.14,288.0,0.8994,0.4497,2.045,33.8801,0.0,0.397
2973,4869,51.63,14.32,103.56,176.42,0.7515,0.7515,4.4269,21.1018,0.0,0.5416
2973,4832,187.68,4.2,238.76,183.15,0.7949,0.3975,3.8864,10.4516,0.0,0.3218
2973,4879,103.88,3.29,146.0,140.75,0.7529,0.3765,6.4202,11.2083,15.4218,0.2441
2974,4812,244.68,0.0,357.36,288.0,0.8657,0.4329,2.0519,34.0501,0.0,0.3823
2974,4869,50.49,14.47,101.61,176.66,0.8682,0.8682,4.4255,21.3782,0.0,0.6254
2974,4832,189.68,4.38,240.99,184.27,0.8721,0.436,3.8494,10.8948,0.0,0.355
2974,4879,103.02,2.98,146.17,143.08,0.8125,0.4062,6.2154,11.2592,15.5912,0.2632
2975,4812,235.86,0.0,351.31,288.0,0.3286,0.1643,2.025,33.3815,0.0,0.1449
2975,4869,49.43,14.71,99.96,176.95,0.8413,0.8413,4.4209,21.624,0.0,0.6061
2975,4832,190.35,4.17,241.26,183.75,0.7598,0.3799,3.8694,10.8796,0.0,0.3083
2975,4879,102.91,2.89,146.38,143.32,0.8062,0.4031,6.1946,11.2486,0.0,0.2662
2976,4812,249.92,0.0,360.0,288.0,0.6094,0.3047,2.0668,34.4102,0.0,0.2693
2976,4869,49.05,15.64,98.64,176.61,0.8867,0.8867,4.4408,21.7505,0.0,0.6362
2976,4832,193.45,4.09,245.05,184.17,0.8916,0.4458,3.8614,11.4075,0.0,0.3619
2976,4879,102.19,2.55,146.59,145.97,0.8608,0.4304,5.9769,11.3052,16.0474,0.2786
2977,4812,257.6,0.0,360.0,288.0,0.233,0.1165,2.0815,34.7643,0.0,0.1031
2977,4869,48.16,16.26,97.07,176.59,0.8789,0.8789,4.4491,21.958,0.0,0.6292
2977,4832,195.99,4.16,248.52,184.77,0.8818,0.4409,3.8466,11.9119,0.0,0.3586
2977,4879,101.82,1.69,146.55,146.5,0.8701,0.435,5.9357,11.3499,0.0,0.2872
2978,4869,46.78,16.57,95.23,177.25,0.8657,0.8657,4.4301,22.2641,0.0,0.6214
2978,4832,197.37,4.0,250.95,185.16,0.8877,0.4439,3.8372,12.2368,0.0,0.3614
2978,4879,101.76,1.27,146.72,147.5,0.8252,0.4126,5.8576,11.3497,0.0,0.2724
2979,4869,46.18,17.33,93.91,177.32,0.8794,0.8794,4.4329,22.4294,0.0,0.6306
2979,4832,196.62,4.22,251.71,188.52,0.8628,0.4314,3.7197,12.6966,24.5869,0.3447
2979,4879,101.88,2.4,146.25,147.49,0.8755,0.4377,5.8591,11.3841,0.0,0.289
2979,4888,302.91,2.92,359.71,288.0,0.3674,0.1837,2.1747,36.8858,0.0,0.1635
2980,4869,45.68,17.52,92.98,177.92,0.8867,0.8867,4.4114,22.5803,0.0,0.6381
2980,4832,196.4,4.39,252.73,190.61,0.8237,0.4118,3.6508,13.0441,0.0,0.3451
2980,4879,101.85,2.2,146.39,148.94,0.8647,0.4324,5.7492,11.3948,16.4754,0.2795
2980,4888,302.97,3.54,359.66,288.0,0.4216,0.2108,2.1748,36.8863,0.0,0.1876
2981,4869,45.06,17.29,91.82,177.96,0.8691,0.8691,4.4152,22.7316,0.0,0.6247
2981,4832,195.82,4.28,253.12,192.29,0.876,0.438,3.596,13.2705,0.0,0.3701
2981,4879,102.21,2.67,146.2,148.54,0.7964,0.3982,5.7787,11.3714,0.0,0.2629
2981,4888,306.33,5.45,360.0,288.0,0.2323,0.1162,2.1829,37.0629,0.0,0.1034
2982,4869,44.77,17.1,91.04,177.98,0.8618,0.8618,4.4176,22.8222,0.0,0.619
2982,4832,195.51,4.42,253.62,193.63,0.8818,0.4409,3.5537,13.4761,0.0,0.3749
2982,4879,103.0,3.11,145.73,145.02,0.7285,0.3643,6.0538,11.3051,164.2396,0.1191
2982,4888,307.92,1.57,360.0,288.0,0.7041,0.352,2.1864,37.1388,0.0,0.3135
2983,4869,44.37,16.65,90.02,177.53,0.8594,0.8594,4.4416,22.9184,0.0,0.6143
2983,4832,195.65,3.55,254.54,194.29,0.8711,0.4355,3.5344,13.6406,0.0,0.3714
2983,4879,103.45,3.58,145.25,142.62,0.7754,0.3877,6.2563,11.3096,164.7807,0.1267
2983,4888,310.12,0.28,360.0,287.19,0.4746,0.2373,2.2007,37.1721,0.0,0.2118
2984,4869,44.5,16.47,89.27,176.34,0.8423,0.8423,4.4958,22.9122,0.0,0.596
2984,4832,195.46,2.94,254.69,194.23,0.8452,0.4226,3.5362,13.6293,0.0,0.3602
2984,4879,103.15,3.85,146.24,148.2,0.8701,0.435,5.8022,11.2694,16.3305,0.2814
2984,4888,311.76,3.63,360.0,287.7,0.3416,0.1708,2.1984,37.2958,0.0,0.1523
2985,4869,44.55,16.31,87.79,172.53,0.8369,0.8369,4.6759,22.8604,159.9853,0.2932
2985,4832,195.97,2.35,255.55,194.35,0.8638,0.4319,3.5341,13.7358,0.0,0.3682
2985,4879,103.66,4.22,146.37,147.85,0.8125,0.4062,5.8274,11.2012,0.0,0.2683
2985,4888,313.71,10.77,360.0,287.31,0.5303,0.2651,2.2074,37.355,0.0,0.2367
2986,4869,44.71,15.68,86.71,169.05,0.8516,0.8516,4.8506,22.7996,160.6846,0.2787
2986,4832,195.66,1.94,255.56,194.27,0.8252,0.4126,3.5363,13.7047,0.0,0.3517
2986,4879,104.57,4.34,146.29,144.63,0.7627,0.3814,6.0811,11.093,164.1371,0.1247
2986,4888,314.77,6.01,360.0,287.36,0.4534,0.2267,2.2092,37.4103,0.0,0.2024
2987,4869,44.88,14.97,85.59,164.39,0.8193,0.8193,5.1027,22.7224,161.5722,0.2519
2987,4832,195.78,0.78,255.99,194.48,0.8413,0.4207,3.5304,13.7708,0.0,0.3588
2987,4879,105.02,4.33,146.93,145.25,0.8525,0.4263,6.0279,10.987,0.0,0.2816
2987,4888,316.34,4.96,360.0,287.19,0.3425,0.1713,2.2147,37.4709,0.0,0.153
2988,4869,45.07,14.71,84.89,161.57,0.8818,0.8818,5.2669,22.686,162.1059,0.2712
2988,4832,196.7,0.53,256.7,194.63,0.8701,0.435,3.5278,13.8991,0.0,0.3712
2988,4879,105.6,3.6,147.24,143.02,0.8828,0.4414,6.2123,10.8977,164.2407,0.1445
2988,4888,318.28,10.76,360.0,285.62,0.3584,0.1792,2.2377,37.4285,0.0,0.1606
2989,4869,45.08,14.62,84.58,160.97,0.8315,0.8315,5.3038,22.6964,0.0,0.5329
2989,4832,197.67,0.35,257.39,194.47,0.876,0.438,3.5348,13.9861,0.0,0.3732
2989,4879,105.85,2.9,147.89,142.97,0.8003,0.4002,6.2146,10.8085,0.0,0.2644
2989,4888,319.57,10.01,360.0,286.18,0.2407,0.1203,2.234,37.5392,0.0,0.1078
2990,4869,44.69,13.93,84.02,160.24,0.8804,0.8804,5.3515,22.7605,0.0,0.5641
2990,4832,198.98,0.58,258.31,195.13,0.7822,0.3911,3.5172,14.2273,0.0,0.3341
2990,4879,105.1,2.08,149.54,150.3,0.8794,0.4397,5.6364,10.7917,16.7843,0.2843
2991,4869,44.5,13.86,83.51,159.46,0.8516,0.8516,5.4021,22.8027,0.0,0.5455
2991,4832,201.85,1.04,260.12,194.9,0.8306,0.4153,3.5304,14.5113,0.0,0.3538
2991,4879,106.12,1.64,149.58,145.02,0.8574,0.4287,6.0385,10.6138,164.1062,0.1405
2992,4869,44.23,13.94,83.01,158.85,0.8237,0.8237,5.4431,22.8556,0.0,0.5276
2992,4832,207.93,1.69,264.27,194.42,0.835,0.4175,3.5597,15.1623,0.0,0.3537
2992,4879,106.14,1.24,150.72,147.17,0.8477,0.4239,5.8653,10.5158,16.4991,0.2744
2993,4869,43.62,13.98,82.31,158.86,0.8892,0.8892,5.4475,22.9693,0.0,0.5693
2993,4832,208.08,1.2,264.19,194.4,0.8027,0.4013,3.5605,15.1647,0.0,0.3399
2993,4879,105.8,0.91,152.22,152.38,0.8843,0.4421,5.484,10.5171,17.25,0.2857
2994,4869,43.34,14.28,82.01,159.66,0.8853,0.8853,5.3998,23.0375,0.0,0.5667
2994,4832,213.45,1.85,268.4,194.38,0.8125,0.4062,3.5758,15.8559,0.0,0.3428
2994,4879,105.83,0.7,153.44,155.72,0.8838,0.4419,5.2618,10.5244,18.0497,0.2849
2995,4869,42.79,14.76,81.31,159.9,0.8843,0.8843,5.3898,23.151,0.0,0.5658
2995,4832,217.59,0.99,272.6,195.01,0.8506,0.4253,3.5698,16.5475,0.0,0.3588
2995,4879,106.24,0.36,154.05,155.61,0.8721,0.436,5.2669,10.4205,0.0,0.2883
2996,4869,42.43,15.04,80.88,160.3,0.8862,0.8862,5.3683,23.2284,0.0,0.5669
2996,4832,219.41,1.59,274.18,195.43,0.8584,0.4292,3.5626,16.8497,0.0,0.3622
2996,4879,106.72,0.32,154.59,155.43,0.8735,0.4368,5.2765,10.3135,0.0,0.2888
2997,4869,42.44,15.61,80.53,160.02,0.8682,0.8682,5.3867,23.2511,0.0,0.5553
2997,4832,221.21,1.73,275.55,194.83,0.8359,0.4179,3.5868,17.0196,0.0,0.3513
2997,4879,106.66,0.32,154.84,156.25,0.8794,0.4397,5.2244,10.3332,0.0,0.2908
2998,4869,42.35,16.01,80.22,160.02,0.8296,0.8296,5.3882,23.2856,0.0,0.5305
2998,4832,222.17,2.16,276.57,194.96,0.8218,0.4109,3.5863,17.1839,0.0,0.3453
2998,4879,106.69,0.23,154.85,156.16,0.8682,0.4341,5.2299,10.325,0.0,0.2871
2999,4869,42.29,16.07,79.97,159.86,0.8184,0.8184,5.3993,23.3085,0.0,0.5233
2999,4832,223.79,2.23,278.52,195.0,0.8989,0.4495,3.5915,17.4593,0.0,0.3771
2999,4879,105.77,0.2,154.76,159.33,0.8804,0.4402,5.0395,10.5907,19.0171,0.283
3000,4869,42.33,16.08,79.95,159.82,0.8218,0.8218,5.4017,23.3059,0.0,0.5255
3000,4832,224.27,2.16,279.26,195.19,0.8906,0.4453,3.5879,17.5729,0.0,0.3738
3000,4879,105.39,0.2,154.37,159.58,0.8853,0.4426,5.0262,10.6785,0.0,0.2925
3001,4869,42.33,15.99,79.72,158.89,0.8423,0.8423,5.4606,23.305,0.0,0.5386
3001,4832,224.29,2.13,279.57,195.82,0.8867,0.4434,3.5689,17.6666,0.0,0.3732
3001,4879,105.05,0.11,153.94,159.83,0.8667,0.4334,5.013,10.7664,0.0,0.2864
3002,4869,42.62,16.05,79.74,157.53,0.8452,0.8452,5.5463,23.2503,0.0,0.5406
3002,4832,224.34,2.21,280.63,199.48,0.8877,0.4439,3.461,18.1564,26.748,0.3638
3002,4879,105.05,0.08,153.18,157.76,0.8618,0.4309,5.1372,10.7236,161.5509,0.1411
3003,4869,43.36,16.16,79.76,154.89,0.6982,0.6982,5.7196,23.1375,162.9725,0.214
3003,4832,224.1,2.52,281.93,205.17,0.8721,0.436,3.3033,18.8914,27.5722,0.365
3003,4879,104.45,0.08,152.65,158.52,0.8657,0.4329,5.0935,10.872,0.0,0.286
3004,4869,43.67,16.03,79.9,154.02,0.8594,0.8594,5.7781,23.0852,0.0,0.55
3004,4832,225.27,3.1,284.01,208.05,0.895,0.4475,3.233,19.461,0.0,0.3952
3004,4879,104.11,0.08,152.38,159.43,0.8618,0.4309,5.0408,10.9804,0.0,0.2846
3005,4869,44.33,15.98,80.46,153.72,0.8853,0.8853,5.7942,22.9748,0.0,0.5668
3005,4832,225.65,3.5,285.52,211.32,0.8843,0.4421,3.1536,19.9834,0.0,0.3947
3005,4879,103.39,0.0,151.85,160.77,0.8184,0.4092,4.9657,11.1773,0.0,0.2721
3006,4869,45.17,16.12,80.97,152.52,0.8755,0.8755,5.8744,22.841,0.0,0.5608
3006,4832,226.37,3.74,285.43,206.29,0.8647,0.4324,3.2837,19.4306,152.6245,0.2348
3006,4879,102.27,0.33,151.49,164.86,0.8252,0.4126,4.745,11.5868,20.2061,0.2778
3007,4869,46.71,16.06,81.31,147.13,0.8862,0.8862,6.2821,22.6295,164.3228,0.2727
3007,4832,225.6,4.01,287.43,215.25,0.8853,0.4426,3.0621,20.5872,29.3166,0.3812
3007,4879,101.1,0.56,151.1,169.14,0.8794,0.4397,4.5327,12.0612,21.0825,0.3075
3008,4869,47.92,16.17,82.23,145.34,0.8735,0.8735,6.4231,22.4365,162.094,0.2691
3008,4832,225.47,3.84,288.7,218.9,0.896,0.448,2.9804,21.1137,0.0,0.4093
3008,4879,99.91,0.92,149.97,171.02,0.833,0.4165,4.4477,12.4264,0.0,0.3051
3009,4869,48.89,16.28,83.53,145.78,0.8604,0.8604,6.3758,22.2377,0.0,0.5523
3009,4832,227.07,3.49,290.75,219.42,0.8877,0.4439,2.9751,21.4131,0.0,0.4055
3009,4879,102.5,1.1,145.03,141.78,0.6084,0.3042,6.3329,11.4306,164.9719,0.0994
3010,4869,50.37,16.23,85.21,145.24,0.8584,0.8584,6.4082,21.9572,0.0,0.5515
3010,4832,230.26,2.34,291.46,207.88,0.8877,0.4439,3.2603,20.3155,152.391,0.2417
3010,4879,100.22,0.63,145.64,150.22,0.8804,0.4402,5.6606,11.6537,16.9045,0.2841
3011,4869,51.78,16.11,86.88,144.8,0.8237,0.8237,6.433,21.6833,0.0,0.5297
3011,4832,229.67,0.85,293.8,215.33,0.8862,0.4431,3.0789,21.293,29.4167,0.3798
3011,4879,98.88,0.3,145.7,153.01,0.7212,0.3606,5.4684,11.8512,17.9216,0.232
3012,4869,54.58,16.0,90.48,144.87,0.8657,0.8657,6.4001,21.1124,0.0,0.5578
3012,4832,230.81,0.23,296.2,218.93,0.8584,0.4292,3.0025,21.9532,0.0,0.3901
3012,4879,97.37,0.17,144.71,153.18,0.8486,0.4243,5.4623,12.0997,0.0,0.2797
3013,4869,56.69,16.02,92.98,144.55,0.8496,0.8496,6.4088,20.698,0.0,0.5481
3013,4832,234.79,0.09,297.89,210.38,0.8789,0.4395,3.2174,21.3689,151.5875,0.2409
3013,4879,95.54,0.13,143.96,155.57,0.8838,0.4419,5.3108,12.43,20.5589,0.2818
3014,4869,59.74,16.06,97.19,144.47,0.8604,0.8604,6.3866,20.0412,0.0,0.5562
3014,4832,235.07,0.04,300.44,217.91,0.8682,0.4341,3.0417,22.4013,30.1749,0.3722
3014,4879,94.02,0.11,143.16,156.37,0.8193,0.4097,5.2651,12.6835,0.0,0.2698
3015,4869,60.26,16.14,98.88,144.47,0.8638,0.8638,6.3779,19.8402,0.0,0.5588
3015,4832,238.67,0.03,302.4,211.13,0.8877,0.4439,3.2155,22.0441,151.216,0.2427
3015,4879,91.93,0.2,143.59,163.71,0.7485,0.3743,4.8411,13.2002,19.6215,0.2469
3016,4869,60.74,15.89,100.17,144.59,0.7778,0.7778,6.3607,19.679,0.0,0.5034
3016,4832,239.34,0.04,304.68,216.35,0.8735,0.4368,3.0947,22.8075,30.5352,0.3705
3016,4879,90.19,0.05,142.91,165.72,0.834,0.417,4.7398,13.5467,23.4999,0.2771
3017,4869,60.77,16.26,100.9,144.57,0.8721,0.8721,6.3594,19.6096,0.0,0.5645
3017,4832,240.96,0.05,305.18,210.9,0.9194,0.4597,3.2319,22.3814,152.1663,0.2501
3017,4879,88.39,0.0,141.73,167.38,0.8384,0.4192,4.6613,13.9266,0.0,0.2943
3018,4869,60.65,16.21,101.56,144.58,0.7568,0.7568,6.3565,19.5603,0.0,0.49
3018,4832,241.97,0.06,307.07,212.86,0.8931,0.4466,3.1891,22.7891,0.0,0.3939
3018,4879,88.86,0.0,138.97,154.75,0.7285,0.3643,5.3905,13.5251,162.4924,0.118
3019,4869,60.61,16.82,102.1,144.79,0.8516,0.8516,6.3366,19.5148,0.0,0.5514
3019,4832,242.22,0.0,309.3,218.21,0.9048,0.4524,3.067,23.521,30.3481,0.385
3019,4879,89.03,0.02,136.41,143.48,0.8027,0.4013,6.241,13.589,164.7532,0.13
3020,4869,60.51,16.86,102.4,144.14,0.667,0.667,6.3917,19.496,0.0,0.4319
3020,4832,244.46,0.0,312.86,222.05,0.8916,0.4458,2.9929,24.3209,0.0,0.4033
3020,4879,85.72,0.09,138.84,162.09,0.8667,0.4334,4.9539,14.1347,19.0137,0.2793
3021,4869,60.02,16.32,102.34,143.54,0.6816,0.6816,6.4463,19.5464,0.0,0.4413
3021,4832,245.61,0.4,315.66,226.52,0.8862,0.4431,2.9057,25.0588,0.0,0.4052
3021,4879,82.97,0.02,137.74,166.72,0.8228,0.4114,4.7151,14.7452,21.8945,0.2755
3022,4869,59.2,16.06,101.95,143.89,0.5215,0.5215,6.4204,19.6568,0.0,0.3375
3022,4832,245.96,0.21,318.18,232.04,0.8994,0.4497,2.8006,25.8394,33.0232,0.3925
3022,4879,82.0,0.0,137.16,168.18,0.8315,0.4158,4.645,14.9757,0.0,0.2921
3023,4832,245.51,0.14,319.45,236.57,0.8921,0.4461,2.7165,26.388,0.0,0.4177
3023,4879,80.68,0.26,136.85,172.18,0.8184,0.4092,4.4574,15.388,21.5847,0.2879
3024,4832,244.44,0.3,319.98,240.25,0.9106,0.4553,2.649,26.7661,0.0,0.43
3024,4879,77.87,0.27,135.36,175.85,0.6133,0.3066,4.3033,16.0351,25.5763,0.2189
3025,4832,243.15,0.18,319.86,242.23,0.8901,0.4451,2.6116,26.9066,0.0,0.4224
3025,4879,73.01,0.28,131.99,177.2,0.7583,0.3791,4.264,16.8518,0.0,0.2845
3026,4832,240.02,0.04,318.13,243.09,0.8735,0.4368,2.5876,26.7215,0.0,0.4161
3026,4879,75.06,0.28,133.77,176.38,0.4187,0.2094,4.2902,16.4582,0.0,0.1565
3027,4832,238.13,0.08,317.53,244.16,0.9077,0.4538,2.5648,26.7028,0.0,0.4338
3027,4879,77.67,0.28,134.77,171.93,0.6494,0.3247,4.4803,15.824,157.1161,0.1266
3028,4832,236.39,0.01,317.33,246.15,0.9194,0.4597,2.5281,26.8277,0.0,0.4415
3028,4879,81.75,0.19,131.52,146.18,0.6738,0.3369,6.051,14.7722,164.2501,0.1086
3029,4832,235.3,0.0,317.28,247.29,0.8711,0.4355,2.5074,26.8998,0.0,0.4194
3029,4879,82.93,0.1,131.0,138.86,0.8506,0.4253,6.697,14.7372,165.6659,0.1371
3030,4832,233.49,0.34,315.5,247.19,0.895,0.4475,2.5026,26.688,0.0,0.4315
3030,4879,86.96,0.07,127.21,110.06,0.46,0.23,11.3003,16.1165,171.4216,0.0737
3031,4832,232.14,0.48,314.34,247.26,0.9014,0.4507,2.497,26.5576,0.0,0.4347
3031,4879,87.89,0.07,126.39,100.44,0.4387,0.2193,14.5176,16.9604,173.3024,0.0699
3032,4832,230.6,0.54,312.52,247.69,0.8101,0.4051,2.4842,26.426,0.0,0.3901
3032,4879,82.52,0.12,131.5,127.41,0.7212,0.3606,8.0161,15.0517,12.0065,0.2336
3033,4832,229.64,0.19,311.28,248.07,0.8384,0.4192,2.4743,26.3534,0.0,0.4032
3033,4879,80.38,0.08,133.07,136.6,0.877,0.4385,6.9254,14.8204,13.8603,0.2832
3034,4832,226.12,0.24,308.07,248.99,0.9102,0.4551,2.4484,26.1088,0.0,0.4365
3034,4879,79.06,0.12,133.46,140.75,0.5708,0.2854,6.522,14.8519,14.8387,0.1839
3035,4832,224.4,0.26,306.34,248.92,0.9062,0.4531,2.4439,25.9178,0.0,0.4345
3035,4879,80.19,0.13,133.82,136.65,0.4648,0.2324,6.9184,14.7658,165.7867,0.0749
3036,4832,225.59,0.27,307.03,248.94,0.7612,0.3806,2.4467,26.0194,0.0,0.365
3036,4879,72.6,0.7,140.08,176.67,0.606,0.303,4.2694,16.1456,21.7936,0.2203
3037,4832,224.24,0.64,305.26,247.79,0.9116,0.4558,2.4599,25.7063,0.0,0.4383
3037,4879,77.36,0.43,138.87,156.3,0.7305,0.3653,5.3192,14.6821,162.0727,0.1178
3038,4832,223.09,0.41,304.34,248.15,0.9141,0.4571,2.4508,25.6441,0.0,0.439
3038,4879,75.17,0.34,134.77,151.06,0.5332,0.2666,5.6897,15.1495,161.6457,0.0858
3039,4832,222.6,0.79,303.73,248.16,0.9253,0.4627,2.4489,25.5879,0.0,0.4444
3039,4879,79.41,0.31,139.11,145.65,0.6655,0.3327,6.079,14.2633,159.5053,0.1075
3039,4895,111.82,14.26,127.07,29.5,0.502,0.502,10.0,90.0,0.0,0.0
3040,4832,220.57,0.84,302.99,252.32,0.9175,0.4587,2.3801,25.9945,0.0,0.4359
3040,4879,74.19,0.11,134.49,146.72,0.6807,0.3403,6.0212,15.2162,62.9034,0.1611
3040,4895,112.92,13.86,128.75,29.72,0.5117,0.5117,10.0,90.0,0.0,0.0
3041,4832,219.5,0.77,303.61,258.83,0.9043,0.4521,2.284,26.8397,0.0,0.4229
3041,4879,65.57,0.03,138.38,181.26,0.8394,0.4197,4.1009,17.2569,22.7339,0.3129
3041,4895,114.03,13.69,131.35,31.15,0.4668,0.4668,10.0,90.0,0.0,0.0
3041,4896,112.43,10.55,152.0,136.72,0.353,0.353,6.7752,9.8515,0.0,0.2336
3042,4832,218.78,0.46,304.94,267.97,0.8979,0.449,2.1614,28.0898,38.4319,0.3786
3042,4879,63.51,0.09,138.62,189.9,0.8555,0.4278,3.7886,18.1619,24.5339,0.3343
3042,4895,115.98,13.4,134.46,32.18,0.4055,0.4055,10.0,90.0,0.0,0.0
3042,4896,114.84,12.26,153.84,137.02,0.4941,0.4941,6.7359,9.4222,0.0,0.3272
3043,4832,218.48,0.62,304.97,272.05,0.9009,0.4505,2.1095,28.6236,0.0,0.4086
3043,4879,64.87,0.38,134.54,176.87,0.6406,0.3203,4.2909,17.3127,158.3835,0.1322
3043,4896,116.53,12.82,154.92,136.46,0.7075,0.7075,6.787,9.166,0.0,0.4687
3044,4832,217.96,0.31,304.89,276.65,0.8945,0.4472,2.0529,29.2134,0.0,0.4016
3044,4879,61.16,0.23,134.76,189.04,0.8545,0.4273,3.8314,18.5847,24.4663,0.3312
3044,4896,117.98,12.92,156.0,136.44,0.6426,0.6426,6.784,8.9164,0.0,0.4258
3045,4832,217.72,0.28,305.3,283.17,0.8452,0.4226,1.9781,30.0895,0.0,0.3742
3045,4879,59.98,0.17,134.16,193.2,0.8735,0.4368,3.6957,19.1075,25.6614,0.3447
3045,4896,115.56,12.74,153.52,136.19,0.6772,0.6772,6.8195,9.4093,0.0,0.4484
3046,4832,220.72,0.09,305.86,280.13,0.8218,0.4109,2.0174,29.8278,0.0,0.3663
3046,4879,59.56,0.15,133.49,195.04,0.8921,0.4461,3.6391,19.3674,0.0,0.3699
3046,4896,115.6,12.14,153.9,137.94,0.7988,0.7988,6.643,9.3147,14.391,0.5207
3046,4898,320.75,32.32,359.76,191.48,0.3667,0.1834,4.2148,30.984,0.0,0.1327
3047,4832,224.22,0.11,307.85,282.21,0.7739,0.387,2.0014,30.3229,0.0,0.3436
3047,4879,59.47,0.05,132.91,195.95,0.9043,0.4521,3.612,19.5069,0.0,0.3765
3047,4896,115.67,12.06,154.34,140.93,0.8467,0.8467,6.3608,9.2035,14.9742,0.5512
3047,4898,322.26,7.44,360.0,191.74,0.5498,0.2749,4.2118,31.1219,0.0,0.199
3048,4832,225.91,0.03,307.88,283.28,0.8486,0.4243,1.9919,30.5315,0.0,0.3759
3048,4879,58.78,0.2,132.88,201.06,0.8037,0.4018,3.4604,20.0688,26.4445,0.3282
3048,4896,118.37,11.95,156.55,142.29,0.8145,0.8145,6.231,8.6963,27.4597,0.5093
3048,4898,318.89,0.0,360.0,191.12,0.6226,0.3113,4.2219,30.8509,0.0,0.2251
3049,4832,226.16,0.0,307.18,285.81,0.834,0.417,1.9632,30.8412,0.0,0.3675
3049,4879,58.05,0.25,131.36,202.01,0.8574,0.4287,3.4378,20.3343,0.0,0.3662
3049,4896,119.47,12.26,157.26,142.77,0.8262,0.8262,6.1863,8.5109,0.0,0.5478
3049,4898,318.04,0.0,360.0,192.68,0.5947,0.2974,4.1621,30.8573,0.0,0.2174
3050,4832,226.91,0.0,305.52,282.09,0.7271,0.3635,2.0033,30.3218,0.0,0.3229
3050,4879,55.35,0.09,128.5,203.4,0.7485,0.3743,3.4102,20.8899,0.0,0.3206
3050,4896,121.38,12.61,159.08,142.96,0.8442,0.8442,6.1636,8.1341,0.0,0.56
3050,4898,317.44,0.0,360.0,191.78,0.6621,0.3311,4.1924,30.774,0.0,0.2408
3051,4832,229.18,0.0,305.85,280.93,0.6953,0.3477,2.0203,30.2779,0.0,0.3096
3051,4879,52.32,0.12,126.56,208.09,0.8193,0.4097,3.2937,21.7315,31.7808,0.3361
3051,4896,122.53,13.06,160.5,144.55,0.8594,0.8594,6.0263,7.8728,19.3267,0.5541
3051,4898,317.82,0.0,360.0,191.43,0.6621,0.3311,4.2066,30.7864,0.0,0.2402
3052,4832,227.68,0.0,304.26,282.01,0.606,0.303,2.0035,30.2915,0.0,0.2692
3052,4879,52.33,0.04,124.66,203.98,0.7153,0.3577,3.4088,21.4587,153.3251,0.1868
3052,4896,123.58,13.23,161.65,145.39,0.8667,0.8667,5.9548,7.6549,0.0,0.5752
3052,4898,318.27,0.0,360.0,189.96,0.6196,0.3098,4.2627,30.7563,0.0,0.2225
3053,4832,222.92,0.17,301.17,284.4,0.8145,0.4073,1.9659,30.2943,0.0,0.3597
3053,4879,50.67,0.1,124.04,208.26,0.7739,0.387,3.2981,22.0515,28.7951,0.3204
3053,4896,125.28,13.49,163.18,145.12,0.8237,0.8237,5.9717,7.3265,0.0,0.5469
3053,4898,318.19,0.0,360.0,189.42,0.7529,0.3765,4.2827,30.7278,0.0,0.2694
3054,4832,223.55,0.06,302.19,283.13,0.6504,0.3252,1.9822,30.1907,0.0,0.288
3054,4879,48.81,0.49,123.47,214.18,0.7305,0.3653,3.1541,22.8334,29.426,0.3081
3054,4896,126.54,14.21,164.52,145.82,0.8564,0.8564,5.9119,7.0693,0.0,0.5688
3054,4898,318.26,0.0,360.0,189.51,0.7886,0.3943,4.2796,30.7366,0.0,0.2823
3055,4832,224.3,0.01,303.59,282.3,0.5649,0.2824,1.9945,30.1665,0.0,0.2507
3055,4879,47.23,0.28,122.38,216.27,0.7939,0.397,3.1098,23.2385,0.0,0.3539
3055,4896,127.64,14.38,165.85,146.06,0.8789,0.8789,5.8896,6.826,0.0,0.5839
3055,4898,318.36,0.0,360.0,190.03,0.7559,0.378,4.2604,30.7658,0.0,0.2715
3056,4832,219.75,0.0,301.18,281.76,0.8359,0.4179,1.9911,29.8199,0.0,0.3711
3056,4879,46.83,0.19,118.85,206.0,0.8203,0.4102,3.3783,22.4934,153.215,0.215
3056,4896,129.45,14.44,167.86,146.87,0.8506,0.8506,5.8214,6.4518,0.0,0.5653
3056,4898,318.11,0.0,360.0,189.86,0.7612,0.3806,4.2658,30.7404,0.0,0.2732
3057,4832,217.37,0.0,301.31,283.56,0.8086,0.4043,1.9679,29.9743,0.0,0.3576
3057,4879,46.39,0.44,116.41,197.66,0.7334,0.3667,3.6263,21.9641,154.8411,0.1805
3057,4896,130.51,14.36,168.85,147.15,0.7832,0.7832,5.7974,6.2499,0.0,0.5206
3057,4898,317.8,0.0,360.0,189.24,0.834,0.417,4.288,30.6917,0.0,0.2981
3058,4832,214.46,0.18,301.02,284.67,0.5488,0.2744,1.9515,30.003,0.0,0.2421
3058,4879,43.27,0.25,115.18,200.42,0.8721,0.436,3.5536,22.5351,0.0,0.3637
3058,4896,132.35,14.23,170.35,147.51,0.8779,0.8779,5.7659,5.9204,0.0,0.5837
3058,4898,316.4,0.0,359.75,189.48,0.8486,0.4243,4.2728,30.5809,0.0,0.3043
3058,4900,206.57,0.22,307.55,177.64,0.6416,0.3208,4.2435,16.8086,0.0,0.2417
3059,4832,215.41,0.25,302.41,279.23,0.7725,0.3862,2.0158,29.3578,0.0,0.3448
3059,4879,40.43,0.18,113.24,199.73,0.896,0.448,3.5858,22.8437,0.0,0.3714
3059,4896,133.46,14.17,170.74,147.07,0.8477,0.8477,5.7978,5.7583,0.0,0.5637
3059,4898,314.63,0.0,358.31,189.48,0.8252,0.4126,4.2608,30.3451,0.0,0.2969
3059,4900,207.45,0.16,309.72,179.68,0.2974,0.1487,4.1664,17.227,0.0,0.1134
3060,4832,215.65,0.09,304.06,276.73,0.7739,0.387,2.0476,29.0961,0.0,0.3473
3060,4879,35.72,0.34,111.68,207.24,0.8691,0.4345,3.3877,23.9591,29.7536,0.3515
3060,4896,134.71,13.93,171.64,147.43,0.8252,0.8252,5.768,5.5493,0.0,0.5488
3060,4898,311.34,0.0,355.94,189.3,0.6216,0.3108,4.2467,29.9191,0.0,0.2246
3060,4900,208.95,0.36,311.41,179.93,0.3191,0.1595,4.1636,17.5188,0.0,0.1217
3061,4832,216.12,0.03,306.19,275.79,0.627,0.3135,2.0623,29.0762,0.0,0.282
3061,4879,33.4,0.4,110.22,207.27,0.8262,0.4131,3.3961,24.2409,0.0,0.3516
3061,4896,136.91,13.68,173.69,147.46,0.8169,0.8169,5.7613,5.1203,0.0,0.5435
3061,4898,310.72,0.32,355.96,189.43,0.6626,0.3313,4.2396,29.8803,0.0,0.2398
3061,4900,211.27,0.31,311.69,175.72,0.3794,0.1897,4.346,17.4391,158.2219,0.0769
3062,4832,216.52,0.0,308.29,275.63,0.8516,0.4258,2.0677,29.1584,0.0,0.3833
3062,4879,30.51,0.33,108.51,207.95,0.8496,0.4248,3.3892,24.6384,0.0,0.3615
3062,4896,139.1,13.46,175.8,147.36,0.811,0.811,5.7648,4.6826,0.0,0.5398
3062,4898,313.33,0.04,358.39,188.83,0.6162,0.3081,4.2808,30.2274,0.0,0.221
3063,4832,216.64,0.18,310.78,280.05,0.6187,0.3094,2.0195,29.8512,0.0,0.2758
3063,4879,27.47,0.21,107.48,210.37,0.8657,0.4329,3.3355,25.1428,0.0,0.371
3063,4896,140.9,12.94,177.62,146.56,0.8555,0.8555,5.8231,4.2936,0.0,0.5695
3063,4898,313.51,0.16,358.67,189.91,0.6909,0.3454,4.2419,30.3077,0.0,0.2495
3064,4832,221.16,0.07,315.75,280.96,0.7686,0.3843,2.0227,30.3597,0.0,0.3423
3064,4879,24.23,0.16,105.84,210.79,0.8818,0.4409,3.3368,25.5326,0.0,0.3774
3064,4896,142.11,12.72,179.11,146.9,0.8584,0.8584,5.7947,4.0291,0.0,0.5716
3064,4898,309.39,0.52,354.83,189.67,0.7231,0.3615,4.2217,29.7082,0.0,0.2627
3065,4832,221.69,0.02,317.53,285.01,0.834,0.417,1.9805,30.9739,0.0,0.3683
3065,4879,21.77,0.14,106.21,215.6,0.8755,0.4377,3.2213,26.0945,29.1208,0.3623
3065,4896,143.51,12.17,181.04,147.3,0.876,0.876,5.7616,3.7061,0.0,0.5834
3065,4898,307.54,1.06,352.93,188.65,0.7598,0.3799,4.2463,29.3829,0.0,0.2752
3066,4832,224.58,0.0,318.78,281.26,0.8423,0.4212,2.0288,30.6685,0.0,0.3751
3066,4879,19.88,0.14,103.57,211.6,0.8921,0.4461,3.3329,26.0785,151.4906,0.2327
3066,4896,146.34,12.94,184.42,146.97,0.877,0.877,5.7827,3.068,0.0,0.5842
3066,4898,306.18,1.95,351.06,185.94,0.7778,0.3889,4.3391,29.0213,0.0,0.2773
3067,4832,224.67,0.0,318.91,282.76,0.833,0.4165,2.0121,30.8676,0.0,0.3697
3067,4879,17.46,0.23,102.45,214.14,0.8477,0.4239,3.2777,26.5422,0.0,0.365
3067,4896,148.42,13.33,187.51,147.49,0.8843,0.8843,5.7403,2.5777,0.0,0.5892
3067,4898,304.75,1.46,349.48,183.71,0.6738,0.3369,4.4174,28.6985,0.0,0.237
3068,4832,223.24,0.0,317.96,284.05,0.8184,0.4092,1.9941,30.9325,0.0,0.3622
3068,4879,16.15,0.17,101.11,213.22,0.8979,0.449,3.3077,26.6554,0.0,0.3847
3068,4896,151.11,13.82,191.85,148.98,0.8647,0.8647,5.6268,2.0306,37.1471,0.5178
3068,4898,304.09,1.48,348.33,181.02,0.7407,0.3704,4.523,28.4515,157.5147,0.1321
3069,4832,221.04,0.0,315.12,282.3,0.8403,0.4202,2.0063,30.5013,0.0,0.3731
3069,4879,15.1,0.06,102.08,218.0,0.6636,0.3318,3.1908,27.0589,28.2544,0.276
3069,4896,153.32,14.08,195.31,148.88,0.8682,0.8682,5.6325,1.5419,0.0,0.5787
3069,4898,303.22,1.41,347.11,179.48,0.7871,0.3936,4.5816,28.2305,0.0,0.2687
3070,4832,221.48,0.0,314.96,280.31,0.8535,0.4268,2.0295,30.2564,0.0,0.3806
3070,4879,13.27,0.2,99.62,217.65,0.834,0.417,3.2102,27.3286,0.0,0.362
3070,4896,155.78,14.63,198.75,148.0,0.8647,0.8647,5.6965,0.9973,0.0,0.5764
3070,4898,302.62,1.58,345.89,176.79,0.7319,0.3659,4.6952,27.9898,158.2679,0.1226
3071,4832,222.75,0.0,316.57,278.9,0.8906,0.4453,2.0501,30.1966,0.0,0.3984
3071,4879,12.11,0.07,98.95,220.51,0.7334,0.3667,3.1478,27.6952,0.0,0.321
3071,4896,157.09,14.96,201.93,150.54,0.8555,0.8555,5.5122,1.3497,22.3654,0.5488
3071,4898,303.35,1.38,344.17,166.32,0.6436,0.3218,5.2211,27.5947,161.7068,0.0951
3072,4832,222.12,0.37,314.91,275.3,0.8496,0.4248,2.0895,29.6354,0.0,0.383
3072,4879,11.88,0.11,99.14,223.48,0.7422,0.3711,3.0807,27.9518,0.0,0.3279
3072,4896,157.71,15.63,203.78,151.94,0.8892,0.8892,5.4154,1.6411,22.7324,0.5697
3072,4898,303.23,1.32,343.27,162.84,0.7861,0.3931,5.4179,27.433,162.0066,0.1163
3073,4832,220.28,0.14,314.36,275.81,0.8755,0.4377,2.0798,29.5981,0.0,0.3942
3073,4879,11.53,0.13,97.47,222.08,0.8145,0.4073,3.1172,27.9692,0.0,0.3579
3073,4896,158.04,15.69,205.34,153.1,0.8892,0.8892,5.3376,1.9045,0.0,0.5926
3073,4898,302.89,1.11,342.55,161.49,0.4756,0.2378,5.4952,27.32,0.0,0.1497
3074,4832,219.91,0.05,313.27,274.35,0.8296,0.4148,2.0953,29.3453,0.0,0.3747
3074,4879,11.41,0.13,99.15,229.16,0.7988,0.3994,2.9602,28.4828,29.8763,0.3411
3074,4896,157.66,15.06,206.1,153.62,0.8486,0.8486,5.3034,2.0169,0.0,0.5656
3074,4898,303.13,0.76,341.22,155.03,0.3887,0.1943,5.9161,27.1271,163.6453,0.0577
3075,4832,218.81,0.01,311.4,272.6,0.7456,0.3728,2.1124,28.9876,0.0,0.338
3075,4879,11.46,0.14,99.2,231.5,0.7583,0.3791,2.9123,28.6877,0.0,0.3428
3075,4896,158.11,14.35,207.33,154.07,0.8608,0.8608,5.2743,2.1461,0.0,0.5737
3075,4898,303.18,1.03,340.86,154.38,0.6704,0.3352,5.9608,27.0939,0.0,0.2112
3076,4832,218.94,0.0,311.65,271.68,0.7939,0.397,2.1244,28.8834,0.0,0.3606
3076,4879,11.37,0.14,97.08,228.85,0.7847,0.3923,2.9718,28.5938,0.0,0.3517
3076,4896,157.43,13.73,207.4,154.22,0.8691,0.8691,5.2645,2.1606,0.0,0.5792
3076,4898,302.06,0.75,340.4,158.12,0.7168,0.3584,5.6966,27.018,16.6417,0.2209
3077,4832,212.48,0.0,307.63,274.26,0.833,0.4165,2.0777,28.7798,0.0,0.3759
3077,4879,11.35,0.05,98.89,235.89,0.7031,0.3515,2.8273,29.1188,31.0191,0.3046
3077,4896,158.45,12.64,208.62,154.07,0.8369,0.8369,5.2744,2.1958,0.0,0.5577
3077,4898,301.44,0.66,339.74,159.46,0.6592,0.3296,5.6039,26.9368,0.0,0.2078
3078,4832,211.27,0.0,307.72,275.24,0.7642,0.3821,2.0644,28.8659,0.0,0.3441
3078,4879,11.15,0.19,97.01,234.56,0.8862,0.4431,2.8579,29.128,0.0,0.4033
3078,4896,158.64,13.43,207.89,153.16,0.7925,0.7925,5.334,2.0009,0.0,0.5282
3078,4898,299.8,0.91,338.33,162.18,0.2207,0.1104,5.4216,26.7419,18.3488,0.0678
3079,4832,216.47,0.0,314.8,278.04,0.8477,0.4239,2.0483,29.7458,0.0,0.3797
3079,4879,12.29,0.35,99.02,239.21,0.8413,0.4207,2.7627,29.3641,0.0,0.3879
3079,4896,158.36,12.25,207.66,153.63,0.8286,0.8286,5.303,2.0759,0.0,0.5522
3079,4898,300.21,1.01,337.95,161.2,0.4932,0.2466,5.4815,26.7241,0.0,0.1556
3080,4832,215.43,0.0,314.2,278.91,0.8296,0.4148,2.0358,29.7917,0.0,0.3709
3080,4879,11.91,0.31,99.85,245.31,0.7319,0.3659,2.6536,29.925,32.7671,0.3228
3080,4896,162.24,12.27,210.89,153.7,0.7964,0.7964,5.2997,2.4096,0.0,0.5307
3080,4898,299.62,0.77,336.38,159.1,0.4766,0.2383,5.6042,26.5076,160.2649,0.0711
3081,4832,212.54,0.0,312.58,277.75,0.8506,0.4253,2.043,29.453,0.0,0.3811
3081,4879,12.59,0.39,100.62,248.04,0.8657,0.4329,2.6044,30.1079,0.0,0.4074
3081,4896,168.27,12.52,210.46,135.57,0.6992,0.6992,6.7924,2.5919,165.8081,0.2328
3081,4898,298.46,0.78,335.29,162.0,0.6196,0.3098,5.4139,26.3805,17.7865,0.1908
3082,4832,214.89,0.0,315.59,277.86,0.8433,0.4217,2.0493,29.6892,0.0,0.3779
3082,4879,13.82,0.33,101.22,248.91,0.895,0.4475,2.586,30.0873,0.0,0.4223
3082,4896,168.17,11.9,213.7,147.91,0.8452,0.8452,5.7077,2.3891,16.7353,0.5513
3082,4898,297.2,1.07,333.54,162.36,0.583,0.2915,5.3797,26.1414,0.0,0.1844
3083,4832,211.87,0.0,314.33,280.5,0.8062,0.4031,2.0126,29.8614,0.0,0.3591
3083,4879,14.27,0.3,100.68,248.6,0.8101,0.4051,2.5913,30.0615,0.0,0.382
3083,4896,169.12,11.33,215.13,152.31,0.8525,0.8525,5.396,3.023,18.1332,0.5538
3083,4898,296.08,1.64,332.09,164.19,0.5708,0.2854,5.2617,25.9732,19.5814,0.1752
3084,4832,206.13,0.0,308.28,277.98,0.6943,0.3472,2.0258,29.0541,0.0,0.3106
3084,4879,13.88,0.48,100.08,249.69,0.5361,0.2681,2.5756,30.2285,0.0,0.2532
3084,4896,173.44,11.57,212.7,132.3,0.7993,0.7993,7.1513,3.6061,166.6203,0.2659
3084,4898,294.66,1.95,329.64,161.37,0.4495,0.2248,5.4127,25.5876,157.9112,0.0676
3085,4832,204.72,0.0,307.46,276.35,0.7793,0.3896,2.0421,28.7434,0.0,0.3499
3085,4879,15.14,0.63,100.5,249.11,0.501,0.2505,2.5814,30.0723,0.0,0.2365
3085,4896,172.22,11.0,216.75,151.6,0.7612,0.7612,5.4467,3.3633,17.3972,0.4954
3085,4898,292.63,2.35,327.29,161.81,0.4321,0.216,5.3682,25.2329,0.0,0.1372
3085,4905,17.99,0.15,97.8,135.75,0.5859,0.2929,7.4295,23.7343,0.0,0.187
3086,4832,206.48,0.0,310.13,275.27,0.811,0.4055,2.0608,28.7731,0.0,0.3651
3086,4879,16.51,0.23,101.77,250.1,0.5303,0.2651,2.5596,30.0188,0.0,0.2512
3086,4896,172.73,11.52,218.16,158.52,0.79,0.79,5.0079,4.3552,18.9585,0.5116
3086,4898,291.83,2.5,326.16,163.85,0.604,0.302,5.2405,25.1214,18.6564,0.1865
3086,4905,18.86,0.25,99.59,137.45,0.5156,0.2578,7.2308,23.487,15.1115,0.1618
3087,4832,207.39,0.0,312.44,278.96,0.791,0.3955,2.0216,29.401,0.0,0.3533
3087,4879,18.65,0.08,102.67,247.47,0.4883,0.2442,2.5961,29.5732,0.0,0.2304
3087,4896,174.36,11.84,220.06,163.13,0.8413,0.8413,4.7514,5.2818,21.1027,0.5688
3087,4898,290.65,1.72,324.1,161.75,0.2893,0.1447,5.351,24.7987,156.7127,0.0438
3087,4905,20.88,0.23,100.75,136.01,0.4524,0.2262,7.3708,23.2267,159.702,0.0693
3088,4832,206.98,0.0,312.43,277.39,0.8467,0.4234,2.0394,29.1729,0.0,0.3795
3088,4879,19.41,0.02,105.02,253.45,0.54,0.27,2.4934,30.0131,34.4541,0.2419
3088,4896,176.08,12.7,221.08,164.52,0.8452,0.8452,4.6798,5.6795,0.0,0.5982
3088,4905,22.99,0.17,102.74,135.6,0.4207,0.2104,7.3957,22.8753,0.0,0.1347
3089,4832,206.59,0.0,313.04,277.16,0.8691,0.4345,2.0424,29.1508,0.0,0.3897
3089,4879,20.78,0.0,106.04,252.99,0.5679,0.2839,2.4956,29.8295,0.0,0.2712
3089,4896,177.93,13.31,221.65,163.52,0.8608,0.8608,4.7339,5.703,0.0,0.603
3089,4905,24.82,0.1,102.85,132.31,0.2101,0.1051,7.7702,22.7556,166.7825,0.0323
3090,4832,206.71,0.0,313.96,276.7,0.8701,0.435,2.0493,29.1311,0.0,0.3906
3090,4879,24.08,0.17,106.64,244.52,0.8525,0.4263,2.6257,28.7125,145.4138,0.2596
3090,4896,179.37,13.82,222.5,164.53,0.8574,0.8574,4.6824,6.0135,0.0,0.6063
3091,4832,211.46,0.0,318.36,277.08,0.9072,0.4536,2.0576,29.5593,0.0,0.4072
3091,4879,30.47,0.24,103.02,209.12,0.5498,0.2749,3.3719,25.1431,152.9754,0.1426
3091,4896,180.45,14.02,223.49,166.71,0.8037,0.8037,4.5729,6.4765,22.6072,0.5593
3092,4832,207.01,0.0,315.11,277.41,0.8193,0.4097,2.0429,29.2852,0.0,0.3672
3092,4879,26.84,0.07,108.8,236.75,0.396,0.198,2.7536,27.6068,31.7771,0.1739
3092,4896,181.29,14.27,224.26,168.95,0.8306,0.8306,4.465,6.9199,22.2124,0.5904
3092,4905,26.63,0.0,109.75,140.81,0.6152,0.3076,6.8064,21.8932,14.8377,0.1943
3093,4832,206.92,8.54,312.27,275.31,0.4292,0.4292,2.0638,28.8835,0.0,0.3864
3093,4879,24.85,0.29,109.85,245.75,0.6533,0.3266,2.5965,28.6065,33.6138,0.291
3093,4896,182.96,14.18,225.5,169.76,0.8003,0.8003,4.4289,7.2409,0.0,0.5924
3093,4905,28.98,0.0,108.17,133.56,0.3784,0.1892,7.5724,21.9034,167.202,0.0585
3094,4832,205.0,3.12,314.22,277.72,0.8745,0.4373,2.0353,29.2098,0.0,0.3916
3094,4879,26.05,0.1,112.26,249.97,0.7529,0.3765,2.5199,28.8519,0.0,0.3599
3094,4896,184.11,14.41,226.29,170.56,0.7598,0.7598,4.3931,7.4935,0.0,0.5659
3094,4905,30.31,0.0,109.44,132.95,0.2006,0.1003,7.6318,21.6842,0.0,0.0645
3095,4832,210.5,1.14,319.27,276.28,0.8862,0.4431,2.067,29.4522,0.0,0.3984
3095,4879,27.26,0.22,113.42,250.82,0.7378,0.3689,2.5016,28.8105,0.0,0.3536
3095,4896,185.97,13.77,227.65,169.98,0.561,0.561,4.4228,7.6392,0.0,0.4155
3095,4905,30.79,0.0,111.01,134.39,0.2966,0.1483,7.4537,21.4785,14.4734,0.0939
3096,4832,213.48,0.38,321.27,274.52,0.9014,0.4507,2.0955,29.4355,0.0,0.407
3096,4879,27.33,0.63,113.66,253.47,0.8306,0.4153,2.4596,29.0865,0.0,0.3956
3096,4896,190.2,13.35,226.04,146.09,0.6548,0.6548,5.8744,5.7846,163.8549,0.2172
3097,4832,209.11,0.09,318.37,276.0,0.8901,0.4451,2.0671,29.319,0.0,0.4004
3097,4879,26.87,0.23,116.57,265.92,0.2983,0.1492,2.2754,30.3629,36.7734,0.128
3097,4896,194.26,12.66,226.71,129.28,0.502,0.502,7.5497,6.9344,167.2369,0.1661
3097,4905,29.69,0.0,114.63,143.06,0.7515,0.3757,6.5626,21.1787,14.5305,0.238
3098,4832,212.79,0.0,320.83,273.59,0.8677,0.4339,2.1052,29.2655,0.0,0.3926
3098,4896,192.84,12.23,231.4,151.04,0.8013,0.8013,5.5171,6.7374,17.2189,0.5204
3098,4905,31.55,0.06,113.67,138.45,0.7363,0.3681,7.0,21.1231,166.1046,0.1145
3099,4832,213.5,0.0,321.69,274.64,0.8901,0.4451,2.0947,29.4702,0.0,0.4018
3099,4896,193.05,11.82,234.5,161.02,0.8145,0.8145,4.8961,7.7379,19.5021,0.5362
3099,4905,33.03,0.06,112.5,133.76,0.3657,0.1829,7.5085,21.157,167.1356,0.0568
3099,4879,27.42,0.39,117.8,272.01,0.7769,0.3885,2.1923,30.9764,0.0,0.354
3100,4832,210.5,0.0,320.05,276.16,0.8677,0.4339,2.0696,29.4694,0.0,0.3902
3100,4896,193.19,11.75,236.47,167.79,0.8037,0.8037,4.5437,8.6168,20.8581,0.5641
3100,4879,28.18,0.57,118.28,274.96,0.8789,0.4395,2.1532,31.2597,0.0,0.3979
3101,4832,207.72,0.0,318.44,276.37,0.8691,0.4345,2.0608,29.3129,0.0,0.3906
3101,4896,193.22,11.37,236.81,170.16,0.7988,0.7988,4.4306,8.9242,21.1167,0.5721
3101,4879,28.89,0.62,117.73,274.89,0.8882,0.4441,2.1538,31.244,0.0,0.4021
3102,4832,205.89,0.0,318.41,277.74,0.8657,0.4329,2.042,29.4181,0.0,0.3878
3102,4896,195.87,11.14,240.0,170.83,0.8262,0.8262,4.4063,9.477,0.0,0.6124
3102,4879,29.3,0.59,116.86,274.8,0.7871,0.3936,2.1557,31.2554,0.0,0.3564
3102,4905,30.51,0.09,115.71,145.76,0.2959,0.1479,6.3197,21.0104,15.096,0.0937
3103,4832,211.96,0.05,323.69,276.78,0.895,0.4475,2.0697,29.7671,0.0,0.4021
3103,4896,197.14,11.33,241.62,172.01,0.8237,0.8237,4.3558,9.8493,0.0,0.6158
3103,4879,29.01,0.54,114.99,275.27,0.5859,0.2929,2.1537,31.4128,0.0,0.2651
3103,4905,27.6,0.0,111.17,147.42,0.3831,0.1915,6.2132,21.6824,39.4453,0.1086
3104,4832,211.67,0.0,324.02,277.15,0.8701,0.435,2.0653,29.8166,0.0,0.3906
3104,4896,198.43,11.22,243.72,174.22,0.8467,0.8467,4.262,10.3817,0.0,0.6432
3104,4879,29.29,0.49,113.72,275.58,0.7319,0.3659,2.1516,31.4958,0.0,0.331
3104,4905,28.28,0.02,108.17,144.74,0.2128,0.1064,6.4476,21.8794,164.6722,0.0329
3104,4911,262.21,0.62,276.44,25.0,0.459,0.2295,10.0,90.0,0.0,0.0
3105,4832,210.1,0.0,323.53,277.1,0.8843,0.4421,2.0629,29.7225,0.0,0.397
3105,4896,198.05,11.74,242.39,172.63,0.7568,0.7568,4.33,10.0578,0.0,0.5683
3105,4879,29.02,0.44,111.97,274.17,0.6621,0.3311,2.1727,31.4303,0.0,0.3004
3105,4905,30.53,0.0,110.02,146.4,0.5776,0.2888,6.2895,21.5193,20.2609,0.1799
3105,4911,260.43,0.44,274.9,25.08,0.5195,0.2597,10.0,90.0,0.0,0.0
3106,4832,210.44,0.0,324.05,275.59,0.8564,0.4282,2.0822,29.5631,0.0,0.3858
3106,4896,198.97,12.4,243.07,173.5,0.8037,0.8037,4.2934,10.2885,0.0,0.6072
3106,4879,30.23,0.39,111.64,273.59,0.6982,0.3491,2.1784,31.3212,0.0,0.3172
3106,4905,32.48,0.01,109.23,143.13,0.5107,0.2554,6.5674,21.4118,164.98,0.0792
3107,4832,210.61,0.0,325.48,276.88,0.8667,0.4334,2.0691,29.7988,0.0,0.3894
3107,4896,200.63,12.94,244.14,173.13,0.8218,0.8218,4.3133,10.4685,0.0,0.6186
3107,4879,30.4,0.34,111.09,276.4,0.8394,0.4197,2.1443,31.6625,0.0,0.379
3108,4832,208.71,0.0,324.63,278.95,0.6206,0.3103,2.0407,29.9509,0.0,0.2775
3108,4896,202.91,13.88,246.51,174.96,0.6592,0.6592,4.2396,11.0552,0.0,0.5022
3108,4879,30.86,0.3,110.06,276.51,0.7988,0.3994,2.144,31.7022,0.0,0.3606
3109,4832,212.24,0.0,327.81,277.78,0.8604,0.4302,2.0644,30.0845,0.0,0.3859
3109,4896,202.46,14.42,246.42,176.16,0.7485,0.7485,4.1879,11.1489,0.0,0.5753
3109,4879,31.18,0.27,108.68,274.56,0.8667,0.4334,2.1699,31.5295,0.0,0.393
3110,4832,213.74,0.0,329.41,277.88,0.8545,0.4273,2.0679,30.2311,0.0,0.3833
3110,4896,206.36,15.36,249.78,174.54,0.7231,0.7231,4.2673,11.5635,0.0,0.5478
3110,4879,32.63,0.24,108.92,275.18,0.8433,0.4217,2.1592,31.5194,0.0,0.3818
3111,4832,213.26,0.0,329.72,279.12,0.8618,0.4309,2.053,30.3811,0.0,0.3855
3111,4896,208.08,15.33,251.67,173.85,0.6982,0.6982,4.3029,11.7953,0.0,0.5255
3111,4879,33.68,0.21,108.69,275.03,0.8403,0.4202,2.1596,31.4629,0.0,0.3805
3111,4916,248.04,2.41,273.28,49.06,0.5581,0.2791,10.0,90.0,0.0,0.0
3112,4832,214.17,0.0,330.18,277.55,0.8306,0.4153,2.0736,30.2415,0.0,0.3729
3112,4896,210.49,14.95,254.59,172.26,0.4302,0.4302,4.3823,12.0973,0.0,0.319
3112,4879,35.01,0.18,108.89,274.39,0.7861,0.3931,2.1648,31.3157,0.0,0.3564
3112,4916,245.97,2.59,271.66,50.05,0.4082,0.2041,10.0,90.0,0.0,0.0
3113,4832,214.1,0.0,330.35,277.03,0.8789,0.4395,2.08,30.1802,0.0,0.395
3113,4896,211.04,14.79,255.57,171.07,0.6416,0.6416,4.4395,12.1222,0.0,0.4709
3113,4879,34.52,0.26,107.63,274.41,0.8594,0.4297,2.1676,31.402,0.0,0.3897
3113,4916,245.12,3.17,267.61,44.4,0.4551,0.2276,10.0,90.0,0.0,0.0
3114,4832,213.79,0.0,330.66,277.77,0.8296,0.4148,2.0712,30.2737,0.0,0.3722
3114,4896,212.83,11.56,259.45,170.97,0.5776,0.5776,4.4538,12.6127,0.0,0.4225
3114,4879,34.2,0.18,106.69,274.12,0.8574,0.4287,2.1735,31.4294,0.0,0.3891
3115,4832,214.28,0.0,331.25,277.58,0.8403,0.4202,2.0751,30.2969,0.0,0.3772
3115,4879,33.77,0.14,105.84,273.53,0.8086,0.4043,2.1832,31.4239,0.0,0.3675
3116,4832,219.85,0.27,335.35,276.86,0.8813,0.4406,2.099,30.6371,0.0,0.3966
3116,4879,33.1,0.12,104.96,273.68,0.4932,0.2466,2.1842,31.5163,0.0,0.2241
3116,4905,26.82,0.06,105.73,153.04,0.6167,0.3084,5.8113,22.287,18.5674,0.1925
3116,4896,215.08,12.58,261.91,169.33,0.2744,0.2744,4.54,12.8989,0.0,0.1975
3117,4832,216.56,0.1,332.38,276.21,0.8394,0.4197,2.0968,30.2757,0.0,0.3781
3117,4879,32.39,0.19,104.12,273.63,0.8564,0.4282,2.1876,31.5861,0.0,0.3892
3117,4896,224.64,11.54,266.95,152.79,0.222,0.222,5.5203,13.4133,161.9151,0.072
3118,4832,216.05,0.03,332.14,276.25,0.8721,0.436,2.0952,30.2473,0.0,0.3927
3118,4879,31.71,0.12,103.47,273.23,0.8135,0.4068,2.1951,31.6059,0.0,0.3701
3118,4896,230.91,9.79,271.79,146.39,0.2437,0.2437,6.0227,14.3852,160.7706,0.0787
3118,4916,232.31,3.32,252.35,40.42,0.5815,0.2908,10.0,90.0,0.0,0.0
3119,4832,217.39,0.01,333.09,275.8,0.8306,0.4153,2.1042,30.2936,0.0,0.3745
3119,4879,30.71,0.09,102.88,274.1,0.6733,0.3367,2.1871,31.7815,0.0,0.3058
3119,4896,228.08,9.77,272.93,159.52,0.2966,0.2966,5.1149,14.5401,18.3855,0.1895
3119,4922,238.65,10.17,271.54,49.2,0.4302,0.4302,10.0,90.0,0.0,0.0
3119,4916,229.54,2.95,252.69,46.43,0.457,0.2285,10.0,90.0,0.0,0.0
3119,4905,24.98,0.27,104.06,157.05,0.3398,0.1699,5.5516,22.6616,19.2001,0.1057
3120,4832,215.07,0.0,331.4,276.29,0.8516,0.4258,2.092,30.1759,0.0,0.3834
3120,4879,29.93,0.07,102.57,274.24,0.8564,0.4282,2.1874,31.8504,0.0,0.3889
3120,4922,241.85,10.0,274.82,49.05,0.5889,0.5889,10.0,90.0,0.0,0.0
3120,4916,228.46,2.64,252.72,48.05,0.457,0.2285,10.0,90.0,0.0,0.0
3121,4832,220.78,0.0,335.31,274.53,0.8862,0.4431,2.1288,30.3919,0.0,0.4009
3121,4879,29.28,0.06,102.18,274.1,0.6084,0.3042,2.1911,31.8857,0.0,0.2764
3121,4922,246.07,10.27,278.47,48.62,0.4055,0.4055,10.0,90.0,0.0,0.0
3121,4916,222.7,2.81,257.23,69.68,0.4707,0.2354,117.8007,18.9361,0.0,0.1527
3121,4905,26.05,0.24,101.09,149.04,0.5918,0.2959,6.1325,22.7184,164.5061,0.091
3122,4832,223.03,0.0,336.66,274.8,0.8779,0.439,2.1314,30.5909,0.0,0.397
3122,4879,28.3,0.33,101.72,274.32,0.8608,0.4304,2.191,31.9807,0.0,0.3909
3122,4922,249.09,10.49,281.11,48.44,0.4065,0.4065,10.0,90.0,0.0,0.0
3123,4832,222.69,0.0,336.07,276.21,0.8145,0.4073,2.1127,30.7193,0.0,0.3672
3123,4879,27.81,0.34,101.6,273.56,0.8682,0.4341,2.2017,31.9264,0.0,0.3949
3123,4922,252.44,10.43,284.45,48.57,0.395,0.395,10.0,90.0,0.0,0.0
3124,4832,224.1,0.64,336.11,275.91,0.8647,0.4324,2.1187,30.7494,0.0,0.3901
3124,4879,27.07,0.43,101.64,274.01,0.8452,0.4226,2.1974,32.0106,0.0,0.3841
3124,4922,255.12,10.58,286.58,48.2,0.3684,0.3684,10.0,90.0,0.0,0.0
3125,4832,218.93,0.24,331.91,277.01,0.8691,0.4345,2.0902,30.4601,0.0,0.3908
3125,4879,26.09,0.46,101.12,273.71,0.8677,0.4339,2.204,32.0515,0.0,0.3947
3125,4916,202.36,2.67,265.86,135.03,0.5469,0.2735,6.9804,11.1474,13.695,0.178
3126,4832,216.84,0.09,330.26,277.14,0.8877,0.4439,2.0828,30.3105,0.0,0.3989
3126,4879,25.27,0.93,100.85,274.06,0.7754,0.3877,2.2016,32.1437,0.0,0.3525
3126,4916,198.62,2.4,262.76,143.81,0.4026,0.2013,6.1327,10.3212,16.2558,0.1304
3127,4832,219.8,0.49,332.0,275.89,0.8525,0.4263,2.1052,30.3641,0.0,0.3843
3127,4879,24.6,0.45,100.68,273.36,0.7485,0.3743,2.2121,32.1086,0.0,0.3408
3128,4832,221.35,0.18,332.98,276.25,0.9062,0.4531,2.105,30.5228,0.0,0.4083
3128,4879,24.03,0.36,100.69,272.9,0.8403,0.4202,2.219,32.0862,0.0,0.383
3128,4916,194.13,3.55,255.74,145.94,0.3887,0.1943,5.9361,9.1789,36.0241,0.1163
3129,4832,222.83,0.62,332.25,272.86,0.8804,0.4402,2.1478,30.1405,0.0,0.3997
3129,4879,23.31,0.42,100.76,272.82,0.8901,0.4451,2.2213,32.1098,0.0,0.4058
3129,4916,191.37,3.64,250.45,144.67,0.7529,0.3765,6.0244,8.3623,133.1034,0.1241
3130,4832,220.93,0.22,331.24,276.16,0.8936,0.4468,2.1026,30.4143,0.0,0.4026
3130,4879,22.34,0.25,100.64,273.08,0.6611,0.3306,2.2201,32.1925,0.0,0.3013
3130,4916,188.1,3.79,246.3,145.38,0.7148,0.3574,5.955,7.6175,51.5252,0.1922
3131,4832,221.5,0.08,331.05,276.37,0.8813,0.4406,2.1006,30.4573,0.0,0.3969
3131,4879,20.96,0.09,100.53,275.12,0.2791,0.1396,2.1972,32.4876,0.0,0.1266
3131,4916,185.73,3.87,243.07,144.77,0.8296,0.4148,5.9961,7.0471,0.0,0.2755
3131,4905,22.13,0.02,98.98,148.78,0.7241,0.362,6.1788,23.242,0.0,0.2316
3132,4832,222.0,0.02,330.32,275.24,0.9058,0.4529,2.114,30.3071,0.0,0.409
3132,4879,20.22,0.03,100.64,275.71,0.3999,0.1999,2.191,32.5825,0.0,0.1812
3132,4916,182.8,4.05,239.97,145.27,0.7949,0.3975,5.9475,6.4385,0.0,0.2641
3132,4905,21.31,0.09,99.29,147.81,0.6377,0.3189,6.2588,23.2803,0.0,0.2039
3133,4832,218.89,0.0,327.19,275.37,0.8604,0.4302,2.1025,30.0428,0.0,0.3881
3133,4879,20.04,0.2,101.08,275.37,0.835,0.4175,2.1948,32.5329,0.0,0.3787
3133,4916,178.9,4.24,236.23,145.58,0.8169,0.4084,5.9135,5.6649,0.0,0.2716
3134,4832,220.67,0.36,328.09,275.52,0.8701,0.435,2.1049,30.1814,0.0,0.3925
3134,4879,19.61,0.26,100.95,274.48,0.8169,0.4084,2.207,32.4643,0.0,0.3712
3134,4916,176.86,4.52,233.85,144.43,0.709,0.3545,6.0015,5.2056,147.234,0.1177
3135,4832,222.23,0.5,328.66,275.48,0.9121,0.4561,2.1087,30.2722,0.0,0.4115
3135,4879,18.79,0.19,100.7,275.08,0.8306,0.4153,2.2015,32.582,0.0,0.377
3135,4916,175.58,5.0,232.35,144.1,0.7974,0.7974,6.0258,4.921,0.0,0.5306
3136,4832,222.15,0.18,328.26,276.31,0.8867,0.4434,2.0979,30.3539,0.0,0.3993
3136,4879,19.05,0.25,101.22,274.18,0.7861,0.3931,2.2114,32.4463,0.0,0.3575
3136,4916,174.92,4.9,231.93,144.01,0.8394,0.4197,6.0321,4.8106,0.0,0.2793
3137,4832,221.48,0.06,326.89,275.32,0.8315,0.4158,2.1067,30.1389,0.0,0.3752
3137,4879,18.99,0.28,101.61,274.02,0.7769,0.3885,2.2127,32.4127,0.0,0.3534
3137,4916,172.71,5.2,230.37,144.47,0.8467,0.8467,5.9908,4.4261,0.0,0.5636
3138,4832,217.93,0.01,323.71,275.13,0.8384,0.4192,2.0985,29.8155,0.0,0.3783
3138,4879,18.48,0.29,101.7,276.1,0.8413,0.4207,2.1875,32.658,0.0,0.381
3138,4916,172.14,4.84,230.41,144.55,0.7168,0.3584,5.9838,4.3723,0.0,0.2386
3139,4832,220.24,0.28,325.77,276.83,0.8604,0.4302,2.0848,30.2235,0.0,0.3869
3139,4879,19.12,0.1,102.04,274.01,0.6001,0.3,2.2118,32.3838,0.0,0.273
3139,4916,172.12,4.78,230.75,144.22,0.7007,0.3503,6.0111,4.4038,0.0,0.2332
3139,4922,298.29,9.57,329.4,48.85,0.4397,0.4397,10.0,90.0,0.0,0.0
3139,4905,20.11,0.0,97.52,144.98,0.3804,0.1902,6.5101,23.5279,164.5405,0.0581
3140,4832,216.88,0.1,322.45,275.71,0.8486,0.4243,2.088,29.7883,0.0,0.3823
3140,4879,18.66,0.03,101.78,274.6,0.4092,0.2046,2.2057,32.4832,0.0,0.1859
3140,4916,173.47,5.09,231.89,144.14,0.8394,0.8394,6.02,4.6584,0.0,0.5587
3140,4905,20.47,0.08,98.38,144.71,0.647,0.3235,6.5281,23.4219,0.0,0.2068
3141,4832,214.67,0.03,321.03,276.21,0.8262,0.4131,2.0765,29.6955,0.0,0.3717
3141,4879,19.19,0.38,102.47,274.92,0.8677,0.4339,2.1994,32.4575,0.0,0.3939
3141,4916,171.74,4.71,231.16,144.53,0.8721,0.436,5.9857,4.408,0.0,0.2903
3141,4922,297.63,9.75,335.2,60.31,0.3604,0.3604,10.0,90.0,0.0,0.0
3142,4832,215.38,0.0,322.52,276.49,0.8135,0.4068,2.0765,29.8264,0.0,0.3658
3142,4879,19.5,0.42,102.82,275.04,0.6504,0.3252,2.1966,32.438,0.0,0.2951
3142,4916,169.99,3.84,230.04,144.74,0.8101,0.4051,5.9662,4.1157,0.0,0.2697
3142,4905,20.31,0.09,98.1,144.07,0.6318,0.3159,6.5867,23.4597,0.0,0.2019
3143,4832,214.54,0.0,321.83,276.5,0.8657,0.4329,2.0741,29.7618,0.0,0.3892
3143,4879,19.86,0.34,103.19,275.27,0.8862,0.4431,2.1923,32.4271,0.0,0.4019
3143,4916,169.89,3.41,229.7,144.89,0.833,0.4165,5.9537,4.0719,0.0,0.2773
3143,4922,297.86,10.46,338.8,68.89,0.4475,0.4475,155.929,29.4885,0.0,0.279
3144,4832,214.41,0.0,321.41,275.57,0.7671,0.3836,2.0844,29.6179,0.0,0.3456
3144,4879,20.03,0.21,103.43,275.44,0.8979,0.449,2.1894,32.4255,0.0,0.407
3144,4916,169.54,3.04,229.06,145.01,0.8184,0.4092,5.9432,3.9719,0.0,0.2725
3144,4922,299.02,10.81,340.1,72.06,0.4358,0.4358,83.0987,29.4268,1.3028,0.2718
3145,4832,214.08,0.18,321.4,276.34,0.8359,0.4179,2.0747,29.7028,0.0,0.3759
3145,4879,20.51,0.26,103.99,275.97,0.8916,0.4458,2.1809,32.4325,0.0,0.4037
3145,4916,167.45,1.86,226.98,144.93,0.8496,0.4248,5.9465,3.5443,0.0,0.2829
3145,4922,300.06,11.5,340.63,74.29,0.2153,0.2153,62.5213,29.3789,1.7091,0.1343
3146,4832,214.38,0.06,322.3,278.3,0.8877,0.4439,2.0532,30.0073,0.0,0.3976
3146,4879,20.87,0.28,103.84,274.68,0.9009,0.4505,2.1965,32.2811,0.0,0.409
3146,4916,165.73,2.32,224.25,144.7,0.8564,0.4282,5.9622,3.086,0.0,0.2853
3146,4922,300.94,11.94,340.94,75.99,0.3738,0.3738,52.5839,29.3456,2.0305,0.2331
3147,4832,214.08,0.02,321.6,276.99,0.8506,0.4253,2.0672,29.7955,0.0,0.382
3147,4879,21.08,0.28,104.16,275.67,0.8813,0.4406,2.1832,32.3635,0.0,0.3992
3147,4916,164.29,2.48,221.69,144.58,0.8433,0.4217,5.9696,2.6746,0.0,0.2809
3147,4922,302.32,12.28,340.62,74.91,0.5757,0.5757,58.5646,29.4937,178.2503,0.167
3148,4832,214.82,0.0,322.36,277.05,0.8545,0.4273,2.0687,29.8675,0.0,0.3838
3148,4879,21.07,0.19,103.62,274.65,0.8516,0.4258,2.1969,32.2788,0.0,0.3867
3148,4916,162.77,1.67,219.2,144.53,0.8555,0.4278,5.9716,2.2627,0.0,0.2851
3148,4922,302.33,12.94,343.03,82.38,0.2372,0.2372,32.868,29.1774,3.0706,0.148
3149,4832,222.13,1.76,329.02,274.56,0.5225,0.2612,2.1204,30.1697,0.0,0.2362
3149,4879,21.05,0.06,103.43,273.8,0.7188,0.3594,2.2081,32.1963,0.0,0.327
3149,4916,161.22,1.65,216.01,144.49,0.8262,0.4131,5.973,1.7756,0.0,0.2753
3149,4922,303.8,13.18,344.6,85.88,0.222,0.222,27.2729,29.1859,4.0353,0.1384
3149,4905,21.79,0.09,98.3,142.22,0.6738,0.3369,6.7477,23.3163,163.932,0.1031
3150,4832,218.09,0.65,326.59,276.6,0.8413,0.4207,2.0855,30.1359,0.0,0.3784
3150,4879,21.16,0.11,103.84,275.43,0.7363,0.3681,2.1866,32.349,0.0,0.3337
3150,4916,160.04,1.73,212.35,144.27,0.7441,0.372,5.9894,1.2762,0.0,0.248
3150,4905,15.49,0.1,105.78,175.28,0.373,0.1865,4.5845,23.9086,20.436,0.1254
3151,4832,218.54,0.24,328.15,277.46,0.8306,0.4153,2.0783,30.3327,0.0,0.373
3151,4879,21.61,0.4,104.28,276.14,0.7822,0.3911,2.1761,32.3834,0.0,0.3539
3151,4916,158.48,1.94,208.67,144.37,0.8062,0.4031,5.9802,0.7398,0.0,0.2687
3152,4832,217.73,0.08,327.12,275.55,0.771,0.3855,2.0984,30.0108,0.0,0.3476
3152,4879,21.91,0.15,104.72,276.69,0.7319,0.3659,2.168,32.408,0.0,0.3307
3152,4916,157.72,1.83,205.73,143.84,0.8315,0.4158,6.0234,0.3566,0.0,0.2772
3152,4905,12.6,0.51,108.38,194.62,0.3767,0.1883,3.8347,24.999,24.0748,0.1435
3153,4832,219.06,0.02,329.72,276.32,0.7861,0.3931,2.0952,30.2823,0.0,0.354
3153,4879,22.04,0.05,104.55,276.05,0.5757,0.2878,2.1759,32.3395,0.0,0.2605
3153,4916,155.45,2.22,201.9,144.09,0.7822,0.3911,6.0027,0.2734,0.0,0.2607
3153,4905,14.0,0.88,106.71,194.7,0.6436,0.3218,3.8328,25.0253,0.0,0.2545
3154,4832,219.49,0.0,330.77,275.86,0.8159,0.4079,2.1031,30.2911,0.0,0.3678
3154,4879,21.93,0.01,104.3,275.99,0.5591,0.2796,2.1773,32.3504,0.0,0.2531
3154,4916,151.44,2.76,197.06,143.9,0.7192,0.3596,6.0197,1.1836,99.7911,0.1198
3154,4905,14.53,0.97,106.16,197.92,0.4775,0.2387,3.7293,25.2444,24.6659,0.1848
3155,4832,220.54,0.0,332.48,275.69,0.834,0.417,2.1096,30.3945,0.0,0.3762
3155,4879,21.22,0.0,103.33,276.33,0.4065,0.2032,2.1763,32.4695,0.0,0.1839
3155,4916,149.21,2.49,194.61,144.2,0.8384,0.4192,5.9963,1.6653,0.0,0.2794
3155,4905,15.58,0.88,104.83,197.08,0.6592,0.3296,3.7566,25.2082,0.0,0.2639
3156,4832,218.68,0.0,330.89,275.07,0.8545,0.4273,2.1116,30.1617,0.0,0.3858
3156,4879,22.44,0.36,103.98,274.88,0.8735,0.4368,2.1908,32.219,0.0,0.3963
3156,4916,146.03,2.24,191.74,144.07,0.8677,0.4339,6.0094,2.2868,0.0,0.2891
3157,4832,221.22,0.17,332.96,275.21,0.8452,0.4226,2.1173,30.388,0.0,0.3817
3157,4879,23.09,0.13,104.51,274.05,0.8062,0.4031,2.199,32.0697,0.0,0.3664
3157,4916,143.76,2.05,189.99,144.02,0.8218,0.4109,6.0156,2.6997,0.0,0.2738
3158,4832,219.98,0.06,332.95,276.38,0.8628,0.4314,2.1011,30.4757,0.0,0.3886
3158,4879,22.75,0.23,103.56,272.44,0.876,0.438,2.2219,31.9566,0.0,0.3996
3158,4916,142.64,1.56,189.45,144.23,0.8594,0.4297,5.9992,2.8705,0.0,0.2863
3159,4832,220.57,0.02,334.64,276.46,0.8921,0.4461,2.1038,30.5884,0.0,0.4018
3159,4879,23.09,0.27,102.87,268.67,0.8628,0.4314,2.2717,31.5623,0.0,0.397
3159,4916,142.96,2.2,189.77,144.3,0.8813,0.4406,5.9931,2.8051,0.0,0.2936
3160,4832,221.65,0.09,336.07,276.11,0.835,0.4175,2.1122,30.6597,0.0,0.3765
3160,4879,22.88,0.09,100.27,260.9,0.6978,0.3489,2.3847,30.8723,144.493,0.2108
3160,4916,140.04,2.31,187.71,144.0,0.9009,0.4505,6.0209,3.3155,0.0,0.3
3161,4832,226.54,0.21,340.08,276.16,0.8892,0.4446,2.1265,31.0757,0.0,0.4012
3161,4879,23.43,0.03,100.7,259.91,0.3452,0.1726,2.397,30.7138,0.0,0.1622
3161,4916,138.62,2.53,187.03,143.88,0.877,0.4385,6.0323,3.531,0.0,0.2921
3161,4905,20.2,0.94,101.88,183.04,0.5972,0.2986,4.2511,24.2187,157.9128,0.1206
3162,4832,228.86,0.08,341.26,275.63,0.8667,0.4334,2.139,31.1766,0.0,0.3916
3162,4879,23.32,0.19,99.53,256.78,0.8262,0.4131,2.4458,30.452,0.0,0.3911
3162,4916,136.06,3.26,185.4,143.37,0.8921,0.4461,6.078,3.9624,0.0,0.297
3163,4832,230.66,0.3,343.12,277.75,0.8979,0.449,2.1196,31.5964,0.0,0.404
3163,4879,26.46,0.06,103.72,256.8,0.2917,0.1459,2.4306,30.0493,0.0,0.138
3163,4916,134.15,3.02,184.95,143.69,0.9028,0.4514,6.0532,4.2025,0.0,0.3005
3163,4905,20.35,0.44,103.81,189.44,0.7769,0.3885,4.0033,24.4187,23.02,0.2887
3164,4832,230.73,0.11,341.95,276.88,0.8691,0.4345,2.1282,31.4434,0.0,0.3917
3164,4916,132.91,2.9,184.69,143.34,0.9082,0.4541,6.0838,4.3576,0.0,0.3023
3164,4905,20.31,0.3,103.45,191.83,0.8477,0.4239,3.9206,24.6,0.0,0.3307
3165,4832,232.05,0.03,342.72,276.54,0.9004,0.4502,2.136,31.5019,0.0,0.4062
3165,4916,135.13,2.83,187.03,142.79,0.895,0.4475,6.1265,3.8965,0.0,0.298
3165,4905,20.59,0.24,102.46,191.85,0.9009,0.4505,3.922,24.6573,0.0,0.3514
3166,4832,232.82,0.01,342.67,275.95,0.8477,0.4239,2.1444,31.4674,0.0,0.383
3166,4916,135.07,2.33,187.11,142.12,0.8804,0.4402,6.1841,3.9056,0.0,0.2931
3166,4905,22.63,0.22,102.88,188.93,0.8901,0.4451,4.0175,24.2798,0.0,0.3419
3167,4832,232.97,0.0,341.97,275.53,0.8467,0.4234,2.1486,31.3925,0.0,0.3829
3167,4916,132.64,2.17,185.54,142.66,0.8906,0.4453,6.141,4.3049,0.0,0.2964
3167,4905,23.56,0.2,104.27,190.86,0.895,0.4475,3.9423,24.2159,0.0,0.3483
3168,4832,233.73,0.0,342.43,275.85,0.9136,0.4568,2.1468,31.4875,0.0,0.4129
3168,4916,133.29,1.99,186.11,142.92,0.8843,0.4421,6.1178,4.1771,0.0,0.2944
3168,4905,23.95,0.19,104.97,192.48,0.9009,0.4505,3.8834,24.2352,0.0,0.3541
3169,4832,233.54,0.37,341.72,276.06,0.8516,0.4258,2.1427,31.4692,0.0,0.3846
3169,4916,130.06,1.59,183.58,143.71,0.8125,0.4062,6.0566,4.7609,0.0,0.2704
3169,4905,24.32,0.18,105.17,192.98,0.8843,0.4421,3.8648,24.2236,0.0,0.3487
3170,4832,234.24,0.51,340.81,273.54,0.8745,0.4373,2.1735,31.1668,0.0,0.3972
3170,4916,130.54,1.17,183.5,143.55,0.8506,0.4253,6.0695,4.7205,0.0,0.2831
3170,4905,25.45,0.18,105.48,191.38,0.8574,0.4287,3.9153,24.0036,0.0,0.3354
3171,4832,233.79,0.46,340.0,273.61,0.8618,0.4309,2.1704,31.1144,0.0,0.3913
3171,4916,129.1,0.83,181.2,142.56,0.7026,0.3513,6.1572,5.1102,0.0,0.2337
3171,4905,27.34,0.17,106.99,189.71,0.876,0.438,3.9639,23.6235,0.0,0.3403
3172,4832,233.29,0.17,339.63,274.95,0.8755,0.4377,2.1522,31.2291,0.0,0.3963
3172,4916,128.89,0.84,178.35,136.98,0.7988,0.3994,6.6771,5.6012,165.3117,0.1325
3172,4905,27.68,0.26,108.19,191.76,0.8628,0.4314,3.8882,23.6366,0.0,0.3395
3173,4832,233.87,0.15,340.0,275.84,0.8838,0.4419,2.1429,31.3779,0.0,0.3993
3173,4916,126.36,0.71,174.94,137.03,0.7568,0.3784,6.6797,6.1854,0.0,0.2515
3173,4905,35.53,0.16,103.42,154.51,0.373,0.1865,5.6836,21.7456,163.1847,0.0577
3173,4939,312.95,18.97,343.15,79.89,0.5039,0.5039,38.8326,30.0975,0.0,0.3133
3173,4879,31.71,0.08,107.84,248.49,0.5879,0.2939,2.5413,28.6194,139.7377,0.1824
3174,4832,233.33,0.33,338.09,273.76,0.7026,0.3513,2.1643,31.0185,0.0,0.3188
3174,4916,123.45,0.39,172.75,141.56,0.8145,0.4073,6.2613,6.5568,17.5831,0.2643
3174,4939,313.93,19.42,342.0,75.91,0.396,0.396,53.5076,30.335,178.1603,0.1139
3174,4879,37.11,0.05,104.78,207.88,0.79,0.395,3.384,24.4212,153.1036,0.205
3175,4832,232.68,0.12,336.47,273.16,0.7271,0.3635,2.1679,30.8396,0.0,0.3303
3175,4916,120.69,1.0,169.14,144.07,0.7974,0.3987,6.0556,7.1842,25.3005,0.252
3175,4879,33.89,0.0,112.01,238.55,0.5889,0.2944,2.6989,27.1636,32.2419,0.2607
3175,4905,39.72,0.0,103.27,139.16,0.2791,0.1396,6.9384,21.3162,165.8945,0.0433
3176,4832,228.39,0.22,330.41,273.69,0.7568,0.3784,2.1436,30.4148,0.0,0.3431
3176,4916,119.2,0.97,166.14,144.86,0.7422,0.3711,5.9974,7.6406,0.0,0.2463
3176,4879,35.75,0.27,115.95,241.06,0.7847,0.3923,2.6424,27.0884,0.0,0.3706
3177,4832,231.05,0.17,333.16,273.99,0.7886,0.3943,2.149,30.7041,0.0,0.3574
3177,4916,117.83,0.87,163.71,146.62,0.8262,0.4131,5.8632,8.0401,23.936,0.2622
3177,4879,38.64,0.23,110.01,207.76,0.8726,0.4363,3.3707,23.9129,153.1875,0.2277
3178,4832,228.35,0.24,328.28,271.87,0.8062,0.4031,2.1628,30.0916,0.0,0.3669
3178,4916,117.01,0.56,161.54,147.1,0.8159,0.4079,5.8308,8.3477,0.0,0.2705
3178,4879,40.25,0.13,107.7,190.58,0.9028,0.4514,3.8955,22.5898,156.3444,0.2054
3178,4939,305.92,17.29,344.51,95.72,0.3943,0.3943,18.349,28.8015,5.2932,0.246
3179,4832,224.16,0.27,321.78,271.83,0.8062,0.4031,2.1459,29.5908,0.0,0.3665
3179,4916,116.69,0.72,159.85,147.44,0.8218,0.4109,5.808,8.5549,0.0,0.2724
3179,4879,40.73,0.1,108.13,185.67,0.877,0.4385,4.0699,22.1834,156.9475,0.1897
3180,4832,229.94,0.84,327.88,274.99,0.6943,0.3472,2.126,30.5277,0.0,0.3138
3180,4916,115.6,0.69,157.53,146.82,0.7051,0.3525,5.8616,8.8877,0.0,0.2336
3180,4879,41.44,0.09,109.53,183.59,0.8862,0.4431,4.1433,21.8766,0.0,0.3354
3181,4832,226.14,0.31,322.86,276.36,0.8037,0.4018,2.0951,30.2971,0.0,0.3619
3181,4916,114.82,0.68,155.66,145.54,0.7939,0.397,5.9674,9.1407,158.7103,0.1306
3181,4879,41.34,0.09,110.03,182.48,0.8989,0.4495,4.1857,21.7744,0.0,0.3377
3181,4939,289.69,16.85,355.36,155.79,0.4543,0.2271,5.8661,27.1938,16.2235,0.14
3182,4832,226.63,0.11,321.09,275.03,0.7378,0.3689,2.1092,30.0735,0.0,0.3331
3182,4916,112.3,0.68,153.22,147.09,0.7598,0.3799,5.8544,9.6525,30.4685,0.234
3182,4879,42.04,0.1,111.75,182.09,0.8721,0.436,4.1943,21.5486,0.0,0.3274
3183,4832,227.32,0.12,319.98,272.56,0.7056,0.3528,2.139,29.7448,0.0,0.3203
3183,4916,110.69,0.86,151.23,146.56,0.8315,0.4158,5.9026,10.0054,0.0,0.2751
3183,4879,42.84,0.1,113.66,181.74,0.8584,0.4292,4.2006,21.3003,0.0,0.3221
3183,4939,288.9,17.6,353.5,160.61,0.4766,0.4766,5.5365,27.0571,17.1671,0.2933
3184,4832,228.34,0.22,319.61,273.21,0.8252,0.4126,2.1319,29.8559,0.0,0.3741
3184,4916,110.29,1.49,150.59,146.81,0.8286,0.4143,5.8851,10.1117,0.0,0.2741
3184,4879,42.7,0.11,114.03,180.62,0.8701,0.435,4.2451,21.2122,0.0,0.324
3184,4939,289.23,17.9,351.97,162.81,0.6655,0.6655,5.3969,27.0047,17.5812,0.4091
3185,4832,228.46,0.17,316.62,265.84,0.7363,0.3681,2.222,28.7964,0.0,0.3393
3185,4916,109.76,1.82,150.02,147.17,0.8159,0.4079,5.8594,10.2255,0.0,0.2698
3185,4879,43.25,0.11,116.23,182.05,0.7847,0.3923,4.1801,21.0701,0.0,0.2957
3185,4939,291.42,17.9,349.71,157.83,0.4746,0.4746,5.7098,26.9051,163.2769,0.1411
3186,4832,227.81,0.15,315.86,268.13,0.8262,0.4131,2.1896,29.0188,0.0,0.3787
3186,4916,109.91,1.95,149.76,146.09,0.8228,0.4114,5.9442,10.2252,0.0,0.2721
3186,4879,42.51,0.12,116.16,182.02,0.8901,0.4451,4.1835,21.136,0.0,0.3352
3186,4939,291.23,17.85,348.82,161.81,0.3784,0.3784,5.4523,26.8903,17.3179,0.2329
3187,4832,226.69,0.23,312.78,263.04,0.8755,0.4377,2.2507,28.1722,0.0,0.4059
3187,4916,109.69,2.18,149.31,145.86,0.8037,0.4018,5.9639,10.2901,0.0,0.2657
3187,4879,41.27,0.12,115.49,182.48,0.8965,0.4482,4.1706,21.3249,0.0,0.3382
3187,4939,291.46,17.79,347.49,163.6,0.6816,0.6816,5.3406,26.8399,17.816,0.419
3188,4832,226.04,0.45,309.09,253.25,0.8945,0.4472,2.3842,26.703,143.014,0.2754
3188,4916,108.37,2.07,148.53,147.44,0.8145,0.4073,5.8443,10.5152,19.8135,0.2612
3188,4879,41.12,0.12,116.32,183.76,0.9106,0.4553,4.1188,21.3505,0.0,0.3466
3188,4939,292.43,18.21,346.13,163.28,0.6826,0.6826,5.3578,26.801,0.0,0.4306
3189,4832,223.88,0.35,307.06,253.63,0.9023,0.4511,2.3718,26.5383,0.0,0.4276
3189,4916,108.58,2.12,148.43,147.02,0.811,0.4055,5.8766,10.4991,0.0,0.2681
3189,4879,40.35,0.03,115.89,183.93,0.8843,0.4421,4.1156,21.4612,0.0,0.3367
3190,4832,223.87,0.49,306.54,253.64,0.8721,0.436,2.3708,26.5128,0.0,0.4133
3190,4916,108.48,1.86,148.87,149.73,0.8037,0.4018,5.6722,10.5111,16.6847,0.26
3190,4879,39.57,0.0,115.28,184.06,0.8994,0.4497,4.1144,21.585,0.0,0.3424
3190,4939,291.45,20.15,342.6,163.99,0.6602,0.6602,5.2974,26.4502,0.0,0.4171
3191,4832,223.54,0.36,304.33,246.87,0.9004,0.4502,2.472,25.5007,144.3552,0.2838
3191,4916,108.27,1.39,148.26,148.52,0.7822,0.3911,5.7632,10.5684,0.0,0.2585
3191,4879,40.78,0.08,115.3,179.49,0.8965,0.4482,4.2934,21.1995,157.8787,0.1815
3191,4939,290.85,20.62,339.67,162.93,0.6001,0.6001,5.3449,26.1363,0.0,0.3796
3192,4832,223.73,0.59,301.77,236.56,0.895,0.4475,2.6441,24.0395,146.6875,0.2768
3192,4916,108.13,1.21,148.25,148.97,0.791,0.3955,5.7299,10.5915,0.0,0.2614
3192,4879,39.43,0.11,114.58,180.46,0.8789,0.4395,4.2593,21.4314,0.0,0.3262
3192,4939,289.79,21.59,336.89,163.16,0.7017,0.7017,5.3155,25.8254,0.0,0.4444
3193,4832,222.74,0.49,299.69,232.57,0.8145,0.4073,2.7129,23.3511,0.0,0.3846
3193,4916,106.85,0.96,146.76,148.94,0.7202,0.3601,5.7378,10.8649,0.0,0.2379
3193,4879,39.02,0.13,115.77,183.28,0.8423,0.4212,4.1447,21.5399,22.3091,0.3085
3193,4939,284.5,22.16,331.23,164.02,0.585,0.585,5.2218,24.9371,46.0245,0.3122
3194,4832,219.15,0.35,297.13,234.19,0.8975,0.4487,2.6725,23.2058,0.0,0.4263
3194,4916,105.36,0.58,145.13,148.64,0.4844,0.2422,5.7667,11.1678,0.0,0.1599
3194,4879,38.38,0.13,115.78,183.91,0.8657,0.4329,4.1221,21.6325,0.0,0.3291
3194,4939,282.31,22.3,327.81,161.97,0.6333,0.6333,5.3195,24.4139,148.176,0.1922
3195,4832,219.4,0.4,297.73,236.01,0.8525,0.4263,2.6405,23.4933,0.0,0.4065
3195,4916,104.02,0.45,143.96,150.19,0.4922,0.2461,5.6582,11.4449,21.9384,0.1565
3195,4879,33.81,0.32,122.26,212.25,0.5195,0.2597,3.237,23.7886,27.7712,0.2169
3195,4939,280.84,22.08,325.4,160.56,0.3877,0.3877,5.3893,24.0518,0.0,0.2472
3196,4832,219.61,0.23,297.74,235.84,0.8843,0.4421,2.6439,23.4833,0.0,0.4215
3196,4916,100.43,0.21,139.37,149.94,0.4619,0.2309,5.6945,12.2418,0.0,0.1522
3196,4879,29.53,0.39,127.39,238.06,0.8545,0.4273,2.6855,26.4396,32.4508,0.3795
3196,4939,280.08,21.47,322.86,155.69,0.6689,0.6689,5.6895,23.6735,161.9053,0.2042
3197,4832,220.04,0.07,298.05,236.24,0.8545,0.4273,2.6378,23.5775,0.0,0.4075
3197,4916,100.89,0.08,134.2,129.21,0.3784,0.1892,7.707,12.9846,167.5462,0.0615
3197,4879,32.72,0.24,118.78,208.25,0.8594,0.4297,3.3508,23.7472,153.0943,0.2256
3197,4939,279.17,20.23,322.77,160.22,0.3914,0.3914,5.3933,23.6772,17.4965,0.2439
3198,4832,217.1,0.11,294.8,233.47,0.8735,0.4368,2.6789,22.8619,0.0,0.4149
3198,4916,96.85,0.29,133.78,146.26,0.4331,0.2165,5.9972,13.0905,16.1036,0.1397
3198,4879,33.72,0.17,112.14,188.9,0.6602,0.3301,3.9602,22.642,156.7588,0.1473
3198,4939,277.64,18.65,321.69,162.59,0.4795,0.4795,5.2415,23.5126,19.0514,0.2976
3199,4832,217.16,0.03,294.36,234.0,0.7754,0.3877,2.6685,22.9112,0.0,0.3688
3199,4916,95.67,0.26,132.61,149.28,0.708,0.354,5.7707,13.3533,17.9412,0.2271
3199,4879,34.19,0.25,111.75,185.79,0.6636,0.3318,4.0736,22.4306,157.2054,0.1432
3199,4939,277.81,17.47,321.45,162.0,0.3433,0.3433,5.2759,23.4911,0.0,0.2194
3200,4832,211.85,0.19,289.71,235.18,0.877,0.4385,2.6318,22.5235,0.0,0.4196
3200,4916,94.1,0.25,130.83,150.29,0.6436,0.3218,5.7051,13.695,0.0,0.2115
3200,4879,33.08,0.27,110.35,184.62,0.7217,0.3609,4.1251,22.563,0.0,0.2735
3201,4832,210.3,0.34,287.98,233.45,0.8003,0.4002,2.6589,22.1056,0.0,0.3819
3201,4916,93.29,0.16,129.37,149.46,0.5972,0.2986,5.7718,13.9006,0.0,0.1962
3201,4879,32.83,0.56,109.41,181.94,0.3372,0.1686,4.2335,22.5012,158.0294,0.0692
3202,4832,210.49,0.3,288.55,233.96,0.8442,0.4221,2.6505,22.2179,0.0,0.4032
3202,4916,92.72,0.12,128.44,150.4,0.6714,0.3357,5.7069,14.0611,0.0,0.2204
3202,4879,31.74,0.29,109.81,184.26,0.8369,0.4184,4.1444,22.6955,0.0,0.3159
3202,4939,277.9,16.85,312.87,133.76,0.4148,0.4148,7.5884,22.5956,166.9978,0.1277
3203,4832,210.68,0.1,288.37,232.43,0.8076,0.4038,2.679,22.0052,0.0,0.3844
3203,4916,92.35,0.21,127.34,149.73,0.7202,0.3601,5.7597,14.1916,0.0,0.2364
3203,4879,30.63,0.66,107.61,181.13,0.4216,0.2108,4.2782,22.7871,157.1335,0.0851
3204,4832,213.77,0.22,290.05,231.24,0.7964,0.3982,2.7086,22.1058,0.0,0.3774
3204,4916,91.95,0.24,126.54,150.37,0.7393,0.3696,5.7161,14.3178,0.0,0.2426
3204,4879,29.17,0.33,107.58,183.63,0.8735,0.4368,4.1829,23.0524,0.0,0.3271
3204,4939,276.27,16.67,309.75,130.17,0.4688,0.4688,8.0076,22.2463,165.0661,0.1446
3205,4832,215.36,0.63,291.09,231.58,0.8486,0.4243,2.7061,22.3002,0.0,0.4021
3205,4916,90.93,0.25,125.45,152.45,0.7671,0.3836,5.5742,14.5618,19.4598,0.2443
3205,4879,26.33,0.2,106.87,189.21,0.8682,0.4341,3.9849,23.6819,24.9121,0.3225
3205,4939,275.16,16.08,308.97,132.34,0.564,0.564,7.7246,22.0374,12.9056,0.3575
3206,4832,216.58,0.51,292.01,233.43,0.8608,0.4304,2.6746,22.6703,0.0,0.4093
3206,4916,89.87,0.17,124.04,152.21,0.7612,0.3806,5.5975,14.7929,0.0,0.2495
3206,4879,26.01,0.16,106.86,189.94,0.8145,0.4073,3.96,23.7552,0.0,0.3165
3206,4939,271.66,15.68,307.63,140.68,0.6309,0.6309,6.7996,21.5093,14.2135,0.3995
3207,4832,213.06,0.46,288.01,235.27,0.8184,0.4092,2.6295,22.5096,0.0,0.3917
3207,4916,89.12,0.23,122.93,151.99,0.7949,0.3975,5.6179,14.966,0.0,0.2605
3207,4879,25.8,0.23,107.71,192.05,0.8965,0.4482,3.885,23.8435,0.0,0.3527
3207,4939,271.35,15.95,306.64,140.54,0.583,0.583,6.8074,21.3942,0.0,0.3753
3208,4832,213.94,1.09,286.73,233.76,0.6982,0.3491,2.6566,22.2783,0.0,0.3331
3208,4916,88.07,0.16,121.88,152.73,0.5117,0.2559,5.5722,15.1821,0.0,0.1676
3208,4879,25.38,0.54,107.49,192.1,0.3621,0.181,3.8851,23.8976,0.0,0.1424
3208,4939,269.95,15.78,305.1,140.87,0.4177,0.4177,6.7629,21.1298,0.0,0.2691
3209,4832,214.28,0.86,287.04,234.13,0.7778,0.3889,2.6507,22.3649,0.0,0.3713
3209,4916,87.39,0.04,121.29,153.26,0.7739,0.387,5.5393,15.3149,0.0,0.2534
3209,4879,23.27,0.29,105.18,192.0,0.7964,0.3982,3.9011,24.2407,0.0,0.3121
3209,4939,268.89,16.02,304.39,143.84,0.6899,0.6899,6.483,20.963,14.9004,0.437
3210,4832,213.24,1.15,282.98,231.31,0.7363,0.3681,2.6962,21.6942,0.0,0.3498
3210,4916,86.75,0.0,120.62,152.89,0.771,0.3855,5.5683,15.431,0.0,0.2524
3210,4879,20.81,0.19,101.28,189.91,0.7441,0.372,3.9927,24.612,0.0,0.2867
3210,4939,268.41,16.4,303.92,145.69,0.4006,0.4006,6.3197,20.88,15.1875,0.2536
3211,4832,213.67,1.72,281.79,231.76,0.7793,0.3896,2.6865,21.7159,0.0,0.3707
3211,4916,85.46,0.08,119.64,152.92,0.7988,0.3994,5.5726,15.6471,0.0,0.2613
3211,4879,21.87,0.15,102.35,189.19,0.7925,0.3962,4.012,24.3986,0.0,0.3046
3211,4939,267.92,16.96,302.68,145.63,0.5527,0.5527,6.3178,20.7243,0.0,0.3565
3212,4832,214.97,1.18,281.57,229.34,0.7129,0.3564,2.7345,21.4366,0.0,0.3371
3212,4916,84.59,0.11,119.18,152.91,0.7808,0.3904,5.5771,15.7729,0.0,0.2554
3212,4879,23.99,0.14,91.64,155.88,0.6309,0.3155,5.6825,23.7994,163.3446,0.0962
3212,4939,267.53,16.98,301.76,145.94,0.6772,0.6772,6.2865,20.6072,0.0,0.437
3213,4832,219.72,0.7,286.62,224.15,0.8584,0.4292,2.8541,21.3007,143.2835,0.2561
3213,4916,83.11,0.22,118.37,153.45,0.7349,0.3674,5.5466,16.0014,0.0,0.2402
3213,4879,22.72,0.14,86.4,144.95,0.5078,0.2539,6.5522,24.26,165.2986,0.0772
3213,4939,266.77,17.63,300.26,146.12,0.3091,0.3091,6.2626,20.4038,0.0,0.1996
3214,4832,220.14,0.51,288.42,225.62,0.8076,0.4038,2.8272,21.6277,0.0,0.3767
3214,4916,82.1,0.44,117.86,153.27,0.8442,0.4221,5.5633,16.1409,0.0,0.2759
3214,4879,20.59,0.33,97.74,174.49,0.5381,0.2691,4.6308,24.1193,20.165,0.1793
3214,4939,266.62,19.2,298.9,145.61,0.7295,0.7295,6.2992,20.2655,0.0,0.4713
3215,4832,214.25,0.35,281.33,223.96,0.811,0.4055,2.8415,20.6371,0.0,0.3784
3215,4916,81.36,0.43,117.64,152.82,0.7515,0.3757,5.597,16.2218,0.0,0.2455
3215,4879,18.76,0.4,101.15,185.11,0.8584,0.4292,4.1769,24.5068,22.1697,0.3098
3215,4939,265.49,19.53,297.12,146.13,0.5786,0.5786,6.2445,20.0033,0.0,0.3741
3216,4832,217.3,1.04,283.67,218.33,0.7515,0.3757,2.9715,20.2045,148.5786,0.2192
3216,4916,80.16,0.15,117.16,152.64,0.7192,0.3596,5.6145,16.3766,0.0,0.2349
3216,4879,17.66,0.15,102.43,189.23,0.8813,0.4406,4.023,24.7297,23.0042,0.326
3216,4939,262.32,20.02,293.52,145.19,0.5312,0.5312,6.2971,19.3829,0.0,0.3441
3217,4832,217.62,1.3,283.35,212.29,0.8442,0.4221,3.1126,19.422,151.2876,0.2389
3217,4916,78.98,0.05,116.76,152.56,0.7861,0.3931,5.6247,16.5237,0.0,0.2566
3217,4879,17.21,0.23,102.2,188.51,0.709,0.3545,4.0511,24.741,0.0,0.2703
3217,4939,258.9,20.3,292.6,157.96,0.2108,0.2108,5.3532,19.1692,17.6544,0.1333
3218,4832,215.62,0.82,282.14,210.14,0.8691,0.4345,3.1604,18.9358,0.0,0.3884
3218,4916,73.3,0.19,110.69,152.06,0.5527,0.2763,5.6963,17.6144,121.4249,0.0878
3218,4879,15.74,0.27,102.43,191.26,0.626,0.313,3.9569,25.0048,0.0,0.2424
3219,4832,213.05,0.74,279.23,206.31,0.8667,0.4334,3.2498,18.0797,0.0,0.3829
3219,4916,70.33,0.16,107.59,153.17,0.582,0.291,5.6381,18.1973,0.0,0.1891
3219,4879,14.79,0.28,101.55,190.7,0.8535,0.4268,3.9821,25.1148,0.0,0.329
3220,4832,207.94,0.9,273.64,205.55,0.6001,0.3,3.2535,17.2652,0.0,0.2654
3220,4916,67.82,0.23,104.98,153.68,0.4941,0.247,5.6197,18.6787,0.0,0.1604
3220,4879,6.92,0.28,111.32,233.72,0.6621,0.3311,2.8504,28.406,30.9533,0.2866
3221,4832,205.88,1.24,270.7,203.94,0.5342,0.2671,3.2893,16.7192,0.0,0.2352
3221,4916,65.85,0.26,104.6,162.58,0.3174,0.1587,5.0715,19.1356,18.9473,0.1
3221,4879,4.0,0.28,114.99,253.08,0.6714,0.3357,2.5106,30.2832,34.2704,0.3005
3222,4832,204.6,0.8,269.85,202.11,0.8452,0.4226,3.3365,16.3309,0.0,0.3698
3222,4879,10.44,0.2,105.07,214.13,0.6245,0.3123,3.2894,26.8542,152.5911,0.1641
3223,4832,202.03,0.92,268.34,201.52,0.8818,0.4409,3.3472,15.9805,0.0,0.3854
3223,4879,4.46,0.35,109.32,242.57,0.7544,0.3772,2.6966,29.5357,32.5605,0.3312
3223,4939,254.82,18.6,284.21,138.84,0.3225,0.3225,6.8132,17.8554,164.923,0.1023
3224,4832,198.58,0.59,265.88,201.0,0.8003,0.4002,3.3538,15.5227,0.0,0.3497
3224,4879,9.16,0.31,118.48,252.39,0.7671,0.3836,2.5033,29.7195,36.8327,0.341
3224,4939,253.28,17.43,282.09,136.55,0.6646,0.6646,7.0326,17.5448,161.9862,0.2112
3225,4832,194.24,0.37,262.7,200.87,0.8545,0.4273,3.3479,15.027,0.0,0.3741
3225,4879,11.68,0.56,122.78,256.17,0.6479,0.324,2.4315,29.7453,0.0,0.3068
3225,4939,250.99,17.23,279.43,138.05,0.4648,0.4648,6.8599,17.06,22.4684,0.2913
3226,4832,191.32,0.48,260.88,200.7,0.8306,0.4153,3.347,14.7103,0.0,0.3639
3226,4879,13.76,0.75,125.57,257.43,0.5659,0.2829,2.4032,29.6185,0.0,0.267
3226,4939,251.14,16.59,274.75,116.28,0.3896,0.3896,9.9603,17.4424,170.161,0.1239
3227,4832,189.76,0.9,258.94,200.42,0.8726,0.4363,3.3509,14.4575,0.0,0.3822
3227,4879,14.69,0.28,126.75,256.98,0.6177,0.3089,2.4057,29.4537,0.0,0.2917
3227,4939,247.97,16.51,274.25,129.59,0.543,0.543,7.7895,16.4869,12.3287,0.3504
3228,4832,186.94,1.62,256.3,200.36,0.8262,0.4131,3.3466,14.1284,0.0,0.3623
3228,4879,16.46,0.55,128.04,254.42,0.4717,0.2359,2.4383,28.9987,0.0,0.2241
3228,4939,246.7,16.49,272.98,130.18,0.6074,0.6074,7.7047,16.2305,0.0,0.3969
3229,4832,184.37,1.98,254.55,202.35,0.8262,0.4131,3.2867,14.2016,0.0,0.3656
3229,4879,20.25,0.57,115.58,216.33,0.708,0.354,3.1845,25.6061,151.9039,0.1921
3229,4939,245.64,16.39,272.49,133.11,0.6841,0.6841,7.3464,15.9995,13.2211,0.4412
3230,4832,186.4,2.76,256.44,202.2,0.8516,0.4258,3.2949,14.3937,0.0,0.3762
3230,4879,21.55,0.18,128.79,242.19,0.5669,0.2834,2.6254,27.295,33.2084,0.2528
3230,4939,244.45,16.44,271.53,134.6,0.7056,0.7056,7.1709,15.7601,15.4057,0.4531
3231,4832,185.94,3.05,255.56,201.24,0.8169,0.4084,3.3201,14.1674,0.0,0.3596
3231,4879,24.21,0.14,117.76,211.47,0.8315,0.4158,3.2899,24.7307,152.6698,0.2207
3231,4939,244.56,16.46,271.46,134.91,0.709,0.709,7.1371,15.7569,0.0,0.4638
3232,4832,183.15,3.34,253.67,202.59,0.835,0.4175,3.2781,14.1276,0.0,0.37
3232,4879,25.7,0.04,131.92,240.69,0.4387,0.2193,2.6372,26.6943,33.0664,0.1957
3232,4939,244.98,16.47,271.73,134.56,0.7388,0.7388,7.1779,15.8301,0.0,0.4832
3233,4832,184.8,3.06,254.47,202.74,0.8315,0.4158,3.2764,14.283,0.0,0.3684
3233,4879,30.91,0.0,139.04,244.54,0.373,0.1865,2.5481,26.4279,44.707,0.1608
3233,4939,242.0,16.47,269.11,135.28,0.644,0.644,7.08,15.2828,36.8606,0.3788
3233,4916,46.22,0.44,97.99,192.65,0.7319,0.3659,3.835,23.0359,26.9015,0.2779
3234,4832,181.1,2.58,250.84,202.44,0.8496,0.4248,3.2776,13.8494,0.0,0.3766
3234,4879,32.35,0.0,142.76,249.95,0.4514,0.2257,2.4514,26.8015,0.0,0.2162
3234,4939,240.98,16.19,268.28,134.9,0.5508,0.5508,7.1149,15.1153,0.0,0.3608
3234,4916,44.79,0.31,100.53,191.63,0.5972,0.2986,3.8665,22.8747,0.0,0.2364
3235,4832,179.61,1.93,249.1,201.14,0.9082,0.4541,3.3106,13.4704,0.0,0.4009
3235,4879,35.31,0.0,145.95,251.39,0.4912,0.2456,2.4185,26.6539,0.0,0.2342
3235,4939,240.9,16.06,268.51,135.5,0.5796,0.5796,7.0506,15.1161,0.0,0.3797
3235,4916,45.65,0.25,103.55,190.09,0.5205,0.2602,3.9091,22.4547,0.0,0.2048
3236,4832,182.3,1.31,250.91,200.38,0.8828,0.4414,3.336,13.5771,0.0,0.3881
3236,4939,241.73,15.89,269.31,136.61,0.6792,0.6792,6.9391,15.2491,17.5921,0.4342
3236,4916,46.59,0.23,106.21,190.35,0.8076,0.4038,3.8905,22.1833,0.0,0.319
3237,4832,179.95,0.79,248.54,199.74,0.9062,0.4531,3.3499,13.2261,0.0,0.3978
3237,4939,242.21,15.83,269.69,137.03,0.7485,0.7485,6.8987,15.3235,0.0,0.4901
3237,4916,47.72,0.3,109.26,194.64,0.8677,0.4339,3.736,22.1735,25.6221,0.3374
3238,4832,179.14,0.7,247.48,198.97,0.8794,0.4397,3.3703,13.0027,0.0,0.3849
3238,4939,238.48,15.37,266.79,136.86,0.5669,0.5669,6.8944,14.6928,0.0,0.3718
3238,4916,49.22,0.33,110.81,193.2,0.5117,0.2559,3.7753,21.8185,0.0,0.2062
3238,4879,39.08,0.5,149.2,253.4,0.373,0.1865,2.3765,26.5481,0.0,0.1769
3239,4832,176.89,0.76,244.28,197.2,0.8657,0.4329,3.4173,12.4328,0.0,0.3765
3239,4939,236.73,15.41,265.53,136.14,0.5459,0.5459,6.9595,14.4186,0.0,0.3582
3239,4916,51.57,0.24,112.35,188.7,0.7485,0.3743,3.9192,21.1618,153.728,0.1703
3240,4832,175.7,0.41,241.83,193.39,0.8877,0.4439,3.5302,11.6039,151.4514,0.2319
3240,4939,238.36,15.75,267.12,135.81,0.6724,0.6724,7.0047,14.7341,0.0,0.4409
3240,4916,52.65,0.2,114.81,190.09,0.8779,0.439,3.8617,20.9798,0.0,0.3496
3241,4832,173.26,0.38,237.96,189.92,0.8608,0.4304,3.637,10.697,146.7583,0.2192
3241,4939,238.93,16.11,267.65,135.46,0.731,0.731,7.0455,14.8469,0.0,0.4792
3241,4916,53.5,0.19,116.76,191.97,0.8945,0.4472,3.7909,20.9034,0.0,0.3605
3242,4832,174.0,0.37,238.37,188.59,0.8516,0.4258,3.6823,10.5242,0.0,0.3563
3242,4939,241.05,16.34,267.12,122.75,0.6533,0.6533,8.7123,15.4772,168.9582,0.2099
3242,4916,55.55,0.09,118.97,189.24,0.9102,0.4551,3.8738,20.3404,0.0,0.3623
3243,4832,173.04,0.56,237.07,187.86,0.8359,0.4179,3.7054,10.2857,0.0,0.3485
3243,4939,239.31,16.33,267.63,131.29,0.8438,0.8438,7.5211,14.996,12.7366,0.546
3243,4916,57.8,0.14,121.48,185.54,0.7939,0.397,3.9951,19.6615,151.7315,0.1778
3244,4832,170.98,0.63,233.7,187.08,0.8882,0.4441,3.7286,9.8898,0.0,0.3692
3244,4939,238.57,16.33,267.76,134.09,0.793,0.793,7.1942,14.856,13.3027,0.5127
3244,4916,58.01,0.16,123.6,187.78,0.8384,0.4192,3.9082,19.6449,0.0,0.3324
3245,4832,169.0,0.38,230.77,185.9,0.8755,0.4377,3.7668,9.46,0.0,0.3618
3245,4939,237.83,15.71,267.39,134.46,0.7925,0.7925,7.1495,14.7408,0.0,0.5196
3245,4916,59.51,0.25,125.7,184.99,0.8228,0.4114,4.0012,19.1266,0.0,0.3215
3246,4832,168.64,0.39,229.78,186.35,0.8423,0.4212,3.7503,9.4848,0.0,0.349
3246,4939,237.11,15.28,267.16,135.71,0.7319,0.7319,7.0113,14.6205,14.1722,0.4726
3246,4916,61.15,0.57,125.31,174.19,0.5869,0.2934,4.4399,18.2663,158.8532,0.1148
3246,4973,50.93,0.0,82.55,154.18,0.5371,0.2686,5.7275,22.2223,0.0,0.1724
3247,4832,168.08,0.3,228.66,187.02,0.877,0.4385,3.7261,9.5398,0.0,0.3648
3247,4939,234.87,14.96,265.57,136.22,0.7041,0.7041,6.9454,14.2421,0.0,0.4622
3247,4916,75.56,0.26,131.93,150.04,0.6489,0.3245,5.7707,15.3665,161.6845,0.1043
3247,4973,53.74,0.0,85.17,152.84,0.7485,0.3743,5.8006,21.7233,0.0,0.2406
3248,4832,168.46,0.54,228.13,186.94,0.8584,0.4292,3.7288,9.5192,0.0,0.3569
3248,4939,233.26,14.54,264.65,136.63,0.7456,0.7456,6.895,13.99,0.0,0.4897
3248,4973,54.1,0.0,85.55,152.39,0.4065,0.2032,5.83,21.6515,0.0,0.1307
3248,4879,53.84,1.24,150.17,232.84,0.5688,0.2844,2.6972,23.012,144.8013,0.1746
3249,4832,166.39,0.64,225.96,187.31,0.8755,0.4377,3.714,9.4305,0.0,0.3649
3249,4939,232.32,14.59,264.12,136.92,0.7612,0.7612,6.8608,13.8424,0.0,0.5001
3249,4973,54.11,0.11,85.87,152.92,0.8145,0.4073,5.7908,21.6296,0.0,0.2619
3249,4879,57.14,0.67,148.81,227.73,0.6226,0.3113,2.7933,22.2316,0.0,0.2914
3249,4916,82.72,0.0,136.99,141.78,0.2822,0.1411,6.4065,14.1512,161.007,0.0456
3250,4832,167.64,0.86,226.39,187.11,0.8384,0.4192,3.7216,9.4534,0.0,0.349
3250,4939,231.46,15.31,263.55,137.34,0.7559,0.7559,6.8138,13.696,0.0,0.4968
3250,4973,55.42,0.14,87.75,153.73,0.7529,0.3765,5.7216,21.3587,0.0,0.2423
3250,4879,62.33,0.32,154.36,235.88,0.2869,0.1434,2.6217,22.7146,36.2525,0.1282
3250,4916,85.77,0.0,139.92,137.34,0.5859,0.2929,6.8117,13.6283,162.669,0.0949
3251,4832,167.62,0.85,225.84,187.05,0.7778,0.3889,3.7234,9.4214,0.0,0.3237
3251,4939,231.09,15.98,263.25,137.58,0.6567,0.6567,6.7877,13.6267,0.0,0.4316
3251,4973,55.28,0.15,88.56,156.4,0.8052,0.4026,5.5385,21.3477,17.065,0.2533
3251,4879,69.76,0.38,155.75,226.0,0.7544,0.3772,2.798,20.8563,145.1504,0.2282
3251,4916,89.9,0.0,144.54,135.41,0.2949,0.1474,6.9862,12.8248,145.9586,0.0479
3252,4832,167.25,0.85,224.96,186.5,0.8721,0.436,3.7419,9.2736,0.0,0.3619
3252,4939,230.87,16.08,263.08,137.79,0.811,0.811,6.7655,13.5851,0.0,0.5331
3252,4973,54.78,0.15,88.84,158.3,0.8467,0.4234,5.417,21.4087,17.6282,0.2659
3252,4879,74.53,0.57,156.47,222.57,0.6011,0.3005,2.8612,20.0626,0.0,0.28
3253,4832,167.38,1.13,224.26,185.0,0.8296,0.4148,3.7945,8.972,0.0,0.3415
3253,4939,232.61,16.39,260.87,121.22,0.728,0.728,8.9056,14.2171,169.1601,0.2352
3253,4973,54.47,0.25,88.39,155.54,0.8228,0.4114,5.5991,21.4177,163.1061,0.1277
3253,4879,76.89,0.45,158.99,231.42,0.2075,0.1037,2.6775,21.0649,32.9336,0.0934
3253,4916,90.77,0.0,146.17,136.26,0.584,0.292,6.89,12.5603,21.8034,0.1854
3254,4832,166.72,1.14,223.84,186.98,0.8745,0.4373,3.7245,9.3069,0.0,0.3639
3254,4939,230.58,16.36,261.66,132.6,0.8296,0.8296,7.3176,13.5527,13.0796,0.5382
3254,4973,54.3,0.28,88.58,155.04,0.8467,0.4234,5.6327,21.4067,0.0,0.2725
3254,4879,86.35,0.21,156.87,197.44,0.6733,0.3367,3.4744,15.8742,153.5988,0.1764
3255,4832,167.88,1.05,224.57,187.65,0.8496,0.4248,3.7024,9.4978,0.0,0.3548
3255,4939,229.47,16.49,261.41,136.42,0.834,0.834,6.8957,13.3155,13.9265,0.5404
3255,4973,54.15,0.2,89.42,155.42,0.8394,0.4197,5.6045,21.3525,0.0,0.2702
3255,4879,90.44,0.3,157.84,189.09,0.7949,0.3975,3.7325,14.4619,154.1025,0.1955
3256,4832,167.81,1.66,223.93,187.82,0.8423,0.4212,3.6962,9.5053,0.0,0.3521
3256,4939,228.3,16.88,260.28,137.97,0.8271,0.8271,6.7322,13.0608,16.6409,0.5327
3256,4973,54.2,0.17,90.13,155.17,0.8628,0.4314,5.6185,21.2803,0.0,0.2778
3256,4879,87.02,0.52,164.29,223.22,0.4922,0.2461,2.8208,19.0417,31.0788,0.2193
3256,4916,97.05,0.0,153.69,136.9,0.3025,0.1512,6.7884,11.1952,60.2866,0.0744
3257,4832,169.24,2.82,224.52,188.35,0.8403,0.4202,3.6792,9.6751,0.0,0.3521
3257,4939,226.98,17.14,259.08,138.69,0.8062,0.8062,6.6546,12.8029,0.0,0.5308
3257,4973,54.21,0.15,90.89,155.26,0.8608,0.4304,5.6096,21.2135,0.0,0.2772
3257,4879,92.68,0.33,162.82,203.62,0.876,0.438,3.2815,15.8975,152.2959,0.2408
3258,4832,168.56,3.07,223.4,187.82,0.8423,0.4212,3.6963,9.5128,0.0,0.352
3258,4939,226.5,16.96,258.66,139.03,0.7598,0.7598,6.6193,12.7097,0.0,0.5003
3258,4973,53.79,0.33,91.68,158.1,0.8726,0.4363,5.423,21.2402,17.4195,0.2743
3258,4879,97.82,0.23,161.77,185.22,0.7832,0.3916,3.8512,13.1363,155.8977,0.1871
3259,4832,169.17,2.97,222.9,185.2,0.8296,0.4148,3.7876,9.0251,0.0,0.3419
3259,4939,226.1,16.75,258.4,139.92,0.7334,0.7334,6.533,12.6326,0.0,0.483
3259,4973,53.11,0.22,91.85,158.6,0.8667,0.4334,5.3934,21.2972,0.0,0.279
3259,4916,102.63,0.0,161.2,141.62,0.8818,0.4409,6.3112,9.8131,23.2197,0.2799
3260,4832,168.95,3.2,222.07,184.03,0.8262,0.4131,3.8292,8.7678,0.0,0.3383
3260,4939,225.82,16.74,258.29,140.7,0.6748,0.6748,6.4596,12.5853,0.0,0.4445
3260,4973,52.38,0.17,91.77,159.7,0.8691,0.4345,5.3283,21.3962,0.0,0.2797
3260,4879,103.92,0.0,165.18,177.66,0.8711,0.4355,4.1284,11.4856,153.299,0.1929
3261,4832,168.74,3.66,221.55,183.8,0.7832,0.3916,3.8372,8.6983,0.0,0.3203
3261,4939,225.66,16.48,258.54,142.63,0.7334,0.7334,6.287,12.5799,15.1822,0.4745
3261,4973,51.97,0.06,91.9,160.28,0.8691,0.4345,5.294,21.4361,0.0,0.2797
3261,4916,108.89,0.0,166.31,138.58,0.501,0.2505,6.5698,8.7306,149.5446,0.0825
3262,4832,168.34,4.2,220.96,184.01,0.8628,0.4314,3.8292,8.703,0.0,0.3533
3262,4939,227.22,16.58,260.73,142.88,0.7671,0.7671,6.275,12.946,0.0,0.5049
3262,4973,51.61,0.11,91.82,160.21,0.8691,0.4345,5.2998,21.473,0.0,0.2796
3262,4879,109.11,0.0,169.02,175.59,0.811,0.4055,4.2029,10.5236,132.1763,0.176
3263,4832,169.19,4.01,221.28,183.18,0.876,0.438,3.86,8.5884,0.0,0.3569
3263,4939,228.0,16.62,261.43,141.47,0.7808,0.7808,6.4038,13.0984,163.8619,0.2535
3263,4973,51.44,0.13,91.94,160.25,0.8628,0.4314,5.2976,21.4785,0.0,0.2776
3263,4879,102.62,0.0,175.96,220.99,0.233,0.1165,2.8387,17.3742,30.9368,0.1039
3263,4916,114.44,0.0,169.71,134.53,0.6958,0.3479,6.965,7.9941,159.3514,0.1148
3264,4832,169.65,4.03,221.28,182.6,0.8594,0.4297,3.8817,8.4967,0.0,0.349
3264,4939,228.75,16.82,262.38,140.72,0.7568,0.7568,6.4768,13.2706,0.0,0.4978
3264,4973,51.58,0.14,92.38,160.06,0.8667,0.4334,5.307,21.4223,0.0,0.2789
3264,4916,118.26,0.0,171.52,130.14,0.7456,0.3728,7.4583,7.7228,164.5583,0.1231
3265,4832,169.63,4.68,220.38,180.53,0.8452,0.4226,3.9596,8.0752,0.0,0.339
3265,4939,228.01,17.38,260.8,138.51,0.4436,0.4436,6.6797,13.0738,163.5177,0.144
3265,4973,51.21,0.14,92.12,159.6,0.8604,0.4302,5.3373,21.466,0.0,0.2769
3265,4916,115.81,0.08,177.73,157.55,0.4805,0.2402,5.0968,7.3465,18.4556,0.1554
3266,4832,170.41,4.73,220.4,178.27,0.8286,0.4143,4.0487,7.6878,0.0,0.3275
3266,4939,229.59,17.73,262.84,139.76,0.6802,0.6802,6.5699,13.4077,26.1715,0.424
3266,4973,51.3,0.14,91.88,157.28,0.8608,0.4304,5.4836,21.4247,162.732,0.1336
3266,4916,122.67,0.02,176.47,137.42,0.5098,0.2549,6.6439,6.3821,165.4513,0.0844
3267,4832,170.96,4.84,220.36,176.71,0.834,0.417,4.1124,7.4232,0.0,0.3262
3267,4939,231.53,18.0,265.22,139.9,0.396,0.396,6.5691,13.8252,0.0,0.2602
3267,4973,51.4,0.14,91.72,155.18,0.876,0.438,5.6223,21.388,163.1119,0.1359
3267,4916,126.6,0.0,176.08,127.4,0.5649,0.2824,7.787,6.7857,167.4357,0.0935
3268,4832,171.24,4.77,220.29,175.6,0.8286,0.4143,4.1587,7.2306,0.0,0.3216
3268,4939,232.18,18.7,267.32,142.87,0.8252,0.8252,6.3077,14.0697,16.9898,0.5299
3268,4973,51.06,0.14,91.98,156.73,0.8657,0.4329,5.5198,21.4254,17.2501,0.2721
3268,4916,125.22,0.21,183.3,155.09,0.3337,0.1668,5.2332,5.7499,18.0482,0.1082
3269,4832,172.79,5.21,220.88,173.53,0.8003,0.8003,4.2484,6.9625,0.0,0.6118
3269,4939,233.86,19.03,270.53,144.53,0.8628,0.8628,6.1798,14.5409,28.1327,0.532
3269,4973,51.0,0.14,91.68,154.99,0.8608,0.4304,5.6368,21.4236,163.2168,0.1336
3269,4916,131.77,0.15,181.34,133.27,0.4873,0.2437,7.0605,5.2923,166.3548,0.0809
3270,4832,173.8,5.27,221.44,172.8,0.7871,0.7871,4.2814,6.916,0.0,0.5982
3270,4939,233.9,19.61,271.77,145.24,0.8618,0.8618,6.1245,14.6659,0.0,0.5652
3270,4973,50.55,0.14,91.99,157.51,0.8574,0.4287,5.4712,21.4863,17.3986,0.2693
3270,4916,130.51,0.1,186.59,156.3,0.7056,0.3528,5.1499,5.0765,18.3036,0.2288
3271,4832,174.77,5.1,221.42,169.94,0.7822,0.7822,4.412,6.4826,158.7219,0.3204
3271,4939,231.29,19.82,269.27,145.48,0.834,0.834,6.0903,14.1736,0.0,0.5475
3271,4973,50.58,0.14,91.82,156.05,0.8574,0.4287,5.5668,21.4683,0.0,0.2759
3271,4916,134.86,0.07,191.76,161.54,0.645,0.3225,4.8372,4.9713,25.0269,0.2115
3272,4832,174.91,5.31,221.63,171.37,0.7778,0.7778,4.3463,6.7426,0.0,0.5845
3272,4939,232.01,19.47,272.11,149.53,0.8452,0.8452,5.7848,14.5554,18.28,0.5402
3272,4973,50.25,0.14,92.23,158.66,0.8691,0.4345,5.3986,21.5179,17.5455,0.2729
3272,4916,134.97,0.16,195.96,178.5,0.457,0.2285,4.0387,7.6602,22.9556,0.1749
3273,4832,176.17,5.94,221.98,169.88,0.6406,0.6406,4.416,6.5887,0.0,0.4755
3273,4939,231.41,18.31,272.94,150.67,0.8701,0.8701,5.702,14.596,0.0,0.5707
3273,4973,49.96,0.05,92.23,159.63,0.8638,0.4319,5.3395,21.5673,0.0,0.2779
3273,4916,136.43,0.19,202.91,199.43,0.5342,0.2671,3.3311,11.4515,27.4622,0.2257
3274,4832,179.13,6.17,221.49,157.9,0.5156,0.5156,5.0509,5.0529,161.3403,0.1712
3274,4939,231.61,17.94,273.53,151.07,0.8535,0.8535,5.6754,14.679,0.0,0.5597
3274,4973,50.11,0.01,92.34,159.07,0.8691,0.4345,5.3731,21.5305,0.0,0.2796
3274,4916,138.53,0.56,206.4,207.8,0.6533,0.3266,3.106,12.9966,29.9752,0.2829
3275,4832,182.13,6.61,221.72,148.8,0.3049,0.3049,5.6561,4.6101,163.0853,0.1013
3275,4939,232.53,17.61,275.09,151.55,0.7393,0.7393,5.648,14.9256,0.0,0.4846
3275,4973,50.16,0.09,92.57,159.21,0.8726,0.4363,5.3634,21.5092,0.0,0.2807
3276,4832,185.25,6.8,223.21,144.52,0.2255,0.2255,5.9918,4.9762,162.3655,0.0749
3276,4939,233.08,17.12,276.01,150.97,0.8711,0.8711,5.6934,15.0553,0.0,0.5708
3276,4973,50.17,0.03,93.09,160.1,0.8892,0.4446,5.3071,21.4851,0.0,0.2861
3276,4916,148.34,0.94,205.5,175.32,0.6558,0.3279,4.1631,6.4508,157.5882,0.1452
3277,4832,186.84,6.84,224.15,143.91,0.6177,0.6177,6.0446,5.2334,0.0,0.4109
3277,4939,233.68,16.63,277.59,152.09,0.8843,0.8843,5.6201,15.2847,0.0,0.5791
3277,4973,50.28,0.01,93.59,160.51,0.8862,0.4431,5.2802,21.4422,0.0,0.2852
3277,4916,151.6,1.13,205.92,166.76,0.4863,0.2432,4.5545,4.6815,159.0957,0.0952
3278,4832,188.87,7.04,223.54,134.92,0.5439,0.5439,6.8883,5.69,166.1185,0.1804
3278,4939,235.87,16.47,279.87,152.22,0.833,0.833,5.6236,15.7121,0.0,0.545
3278,4973,50.26,0.09,93.74,160.39,0.8779,0.439,5.2869,21.4276,0.0,0.2825
3278,4916,152.92,1.33,205.98,163.79,0.3694,0.1847,4.7062,4.0684,159.6481,0.0686
3279,4832,190.6,7.29,222.04,122.69,0.4282,0.4282,8.4577,6.9369,168.6334,0.1417
3279,4939,238.04,16.42,281.95,152.42,0.8315,0.8315,5.6219,16.1184,0.0,0.5434
3279,4973,50.5,0.03,94.2,160.23,0.8618,0.4309,5.2941,21.3615,0.0,0.2774
3279,4916,153.64,1.99,205.6,162.4,0.4717,0.2359,4.7805,3.7828,0.0,0.164
3280,4832,190.48,7.27,221.73,120.42,0.541,0.541,8.8248,7.203,169.0189,0.1789
3280,4939,240.02,16.31,284.12,152.38,0.8486,0.8486,5.637,16.5089,0.0,0.5541
3280,4973,50.32,0.01,94.27,160.35,0.8677,0.4339,5.2872,21.3744,0.0,0.2793
3280,4916,155.9,1.49,207.28,161.36,0.543,0.2715,4.8375,3.5837,0.0,0.1867
3281,4832,191.98,7.74,221.82,113.98,0.6094,0.6094,10.0576,8.2401,170.3621,0.201
3281,4939,242.77,16.16,286.39,152.43,0.8262,0.8262,5.6487,16.9813,0.0,0.5388
3281,4973,49.97,0.0,94.1,160.58,0.8574,0.4287,5.2752,21.4265,0.0,0.2759
3281,4916,158.1,1.14,209.58,162.17,0.3784,0.1892,4.7934,3.8172,0.0,0.1312
3282,4832,190.65,7.9,220.47,113.3,0.3914,0.3914,10.2021,8.1672,159.1011,0.1291
3282,4939,245.8,16.2,288.71,150.95,0.835,0.835,5.7711,17.4568,152.9818,0.2655
3282,4973,50.42,0.09,94.37,158.7,0.8647,0.4324,5.3878,21.3147,161.821,0.1343
3282,4916,159.83,1.04,213.49,168.89,0.3225,0.1613,4.4524,5.2886,22.5674,0.1149
3283,4939,249.14,16.15,291.21,151.2,0.8403,0.8403,5.772,18.0041,0.0,0.5465
3283,4973,50.29,0.12,93.47,155.19,0.8296,0.4148,5.6193,21.3313,163.1594,0.1288
3283,4916,164.07,1.16,230.79,207.38,0.6895,0.3448,3.1227,13.2873,29.6716,0.298
3284,4939,250.84,16.22,292.16,151.2,0.8564,0.8564,5.7808,18.2497,0.0,0.5566
3284,4973,50.15,0.14,94.44,158.56,0.8545,0.4273,5.3972,21.329,17.4842,0.2685
3284,4916,164.68,1.06,223.71,182.73,0.7271,0.3635,3.8757,8.4296,156.0876,0.1744
3285,4939,252.18,16.26,293.0,151.37,0.8867,0.8867,5.7758,18.4537,0.0,0.5759
3285,4973,49.8,0.14,94.44,158.98,0.8882,0.4441,5.3723,21.3702,0.0,0.2859
3285,4916,164.95,0.68,234.8,213.32,0.3887,0.1943,2.9804,14.5247,30.2592,0.171
3286,4939,253.45,16.55,293.93,151.79,0.8867,0.8867,5.753,18.6628,0.0,0.5756
3286,4973,49.61,0.14,94.45,159.41,0.8745,0.4373,5.3464,21.3968,0.0,0.2815
3286,4916,165.1,0.77,226.14,189.18,0.8193,0.4097,3.6502,9.7451,154.6114,0.2083
3287,4939,254.33,16.85,294.71,152.68,0.8467,0.8467,5.6954,18.8298,0.0,0.5494
3287,4973,48.92,0.14,92.84,156.42,0.8545,0.4273,5.5448,21.5324,162.4894,0.1325
3287,4916,166.09,0.61,222.64,177.63,0.8101,0.4051,4.0736,7.4848,157.1903,0.1839
3288,4939,255.48,17.42,295.56,152.27,0.8413,0.8413,5.7312,19.0065,0.0,0.5456
3288,4973,48.56,0.14,93.07,158.56,0.876,0.438,5.4079,21.5906,17.5961,0.2749
3288,4916,166.5,0.62,220.79,171.89,0.8286,0.4143,4.3181,6.3649,158.319,0.1749
3289,4939,257.74,18.02,298.78,154.14,0.8657,0.8657,5.6198,19.5393,31.1823,0.5188
3289,4973,49.14,0.05,94.33,159.91,0.8862,0.4431,5.3179,21.4616,0.0,0.2852
3289,4916,170.43,0.51,222.65,163.65,0.2878,0.1439,4.7229,5.2721,159.2306,0.0531
3289,4879,161.78,0.19,239.46,229.96,0.4961,0.248,2.6315,17.6191,0.0,0.2398
3290,4939,258.69,18.6,301.1,157.43,0.8691,0.8691,5.4141,19.9062,20.0779,0.5445
3290,4973,47.93,0.11,92.84,159.86,0.8755,0.4377,5.3305,21.6981,0.0,0.2815
3290,4916,171.41,0.53,224.8,167.02,0.668,0.334,4.5524,6.0064,22.5743,0.2335
3291,4939,259.21,19.84,302.46,159.76,0.8584,0.8584,5.2758,20.1362,19.8063,0.5379
3291,4973,48.04,0.13,91.76,155.85,0.8838,0.4419,5.5898,21.6945,163.0838,0.1369
3291,4916,173.67,0.43,227.32,167.11,0.7949,0.3975,4.551,6.3324,0.0,0.288
3292,4939,259.43,21.13,303.4,162.1,0.833,0.833,5.1412,20.3099,19.2574,0.5225
3292,4973,48.09,0.14,91.48,155.07,0.8867,0.4434,5.6431,21.7005,0.0,0.2851
3292,4916,176.11,0.38,230.46,167.25,0.353,0.1765,4.5482,6.7421,0.0,0.1279
3292,4879,163.13,0.05,240.52,225.99,0.6621,0.3311,2.7095,16.9523,0.0,0.317
3293,4939,259.17,21.89,305.1,167.84,0.8789,0.8789,4.8329,20.6464,19.8113,0.5694
3293,4973,49.02,0.14,93.24,157.03,0.8867,0.4434,5.5032,21.5007,19.0236,0.2772
3293,4916,166.62,3.61,217.4,164.23,0.5649,0.2824,4.6881,4.8313,123.8716,0.1056
3293,4879,163.08,0.02,239.09,220.9,0.7925,0.3962,2.813,15.9856,148.4679,0.2425
3294,4939,259.73,22.26,306.47,169.71,0.8394,0.8394,4.7444,20.8942,0.0,0.5698
3294,4973,48.87,0.14,93.52,157.77,0.8779,0.439,5.4551,21.5053,0.0,0.2824
3294,4916,162.83,5.1,211.49,163.86,0.583,0.583,4.7043,4.3373,0.0,0.4111
3294,4879,166.22,0.59,239.58,209.68,0.7568,0.3784,3.0707,14.0307,150.7975,0.2197
3295,4939,261.83,22.29,309.42,172.02,0.5508,0.5508,4.6476,21.435,31.1241,0.354
3295,4973,48.35,0.14,92.46,155.55,0.8789,0.4395,5.6061,21.5995,162.7595,0.1362
3295,4916,161.02,5.71,207.87,162.43,0.7104,0.7104,4.7795,3.8965,0.0,0.4939
3295,4879,182.28,0.41,244.73,180.75,0.5776,0.2888,3.9776,10.1299,155.7986,0.1341
3296,4939,261.64,21.55,310.36,174.32,0.8525,0.8525,4.5425,21.6083,21.1515,0.5812
3296,4973,48.48,0.14,92.52,154.52,0.8682,0.4341,5.6752,21.5643,0.0,0.2793
3296,4916,158.82,6.0,204.5,160.98,0.7217,0.7217,4.8586,3.5075,0.0,0.4943
3296,4879,174.61,0.13,247.82,210.26,0.499,0.2495,3.0674,14.7428,29.0194,0.2174
3297,4939,264.11,20.42,311.47,167.84,0.7163,0.7163,4.8692,21.6339,160.5611,0.2344
3297,4973,48.08,0.14,91.93,153.68,0.8735,0.4368,5.7371,21.6384,0.0,0.2809
3297,4916,157.81,6.17,202.75,160.47,0.7695,0.7695,4.8871,3.3868,0.0,0.5241
3297,4879,175.5,0.05,251.96,219.6,0.5225,0.2612,2.8567,16.5631,32.0045,0.232
3298,4939,266.2,19.42,313.44,165.58,0.8296,0.8296,5.0027,21.9047,157.8892,0.2566
3298,4973,49.14,0.14,93.8,155.15,0.895,0.4475,5.625,21.4034,20.6252,0.2785
3298,4916,156.79,6.4,201.3,159.93,0.8306,0.8306,4.9178,3.2814,0.0,0.5624
3298,4879,179.42,0.11,252.05,205.63,0.8169,0.4084,3.1919,14.3563,151.829,0.2304
3299,4939,271.78,18.21,318.67,165.36,0.7231,0.7231,5.0523,22.832,118.4259,0.2221
3299,4973,49.75,0.05,95.42,156.83,0.9023,0.4511,5.5055,21.2386,18.9068,0.2824
3299,4916,156.75,5.89,200.88,158.82,0.7627,0.7627,4.9818,3.0574,0.0,0.51
3299,4879,184.71,0.23,255.49,198.64,0.8286,0.4143,3.3927,13.6849,150.1271,0.223
3300,4939,275.4,16.74,322.43,166.65,0.6621,0.6621,5.0087,23.5043,0.0,0.4231
3300,4973,49.42,0.01,96.04,159.13,0.9048,0.4524,5.3587,21.266,17.6173,0.2843
3300,4916,156.89,5.87,200.44,157.6,0.8228,0.8228,5.054,2.8107,0.0,0.5482
3300,4879,186.81,0.36,260.94,210.15,0.7256,0.3628,3.0931,15.917,30.5517,0.3127
3301,4939,277.75,16.0,324.12,166.11,0.7319,0.7319,5.0526,23.8301,0.0,0.4671
3301,4973,51.01,0.0,98.8,160.37,0.8892,0.4446,5.2679,20.9131,0.0,0.2866
3301,4916,156.96,5.65,200.14,156.51,0.8052,0.8052,5.1202,2.5906,0.0,0.5365
3301,4879,194.75,0.32,259.87,183.08,0.6353,0.3176,3.9216,12.4325,156.5038,0.1491
3302,4939,280.28,15.82,325.85,164.95,0.7949,0.7949,5.1324,24.1559,0.0,0.5067
3302,4973,51.35,0.09,99.9,160.65,0.8901,0.4451,5.2462,20.7931,0.0,0.287
3302,4916,157.75,5.65,200.46,155.48,0.8101,0.8101,5.1841,2.3689,0.0,0.5398
3302,4879,197.87,0.2,259.02,171.32,0.8062,0.4031,4.4124,11.2997,158.9097,0.1633
3303,4939,282.06,15.58,327.85,166.91,0.8145,0.8145,5.0391,24.5322,0.0,0.5185
3303,4973,51.79,0.12,101.19,161.11,0.9028,0.4514,5.213,20.6526,0.0,0.2913
3303,4916,157.99,5.54,200.67,156.17,0.8413,0.8413,5.141,2.5073,0.0,0.5606
3303,4879,199.17,0.36,259.09,167.94,0.4207,0.2104,4.5753,11.1086,159.4145,0.0807
3304,4939,284.53,15.04,330.72,167.54,0.7925,0.7925,5.0254,24.9972,0.0,0.5036
3304,4973,52.7,0.14,102.93,160.9,0.9092,0.4546,5.2165,20.4104,0.0,0.2936
3304,4916,158.5,5.59,201.12,156.63,0.8477,0.8477,5.1127,2.5983,0.0,0.5648
3304,4879,194.83,0.31,266.45,205.04,0.7671,0.3836,3.2393,15.9043,27.8,0.3261
3305,4939,287.17,15.12,333.66,167.49,0.8052,0.8052,5.0494,25.458,0.0,0.5107
3305,4973,52.9,0.14,103.89,160.81,0.9014,0.4507,5.218,20.3042,0.0,0.2911
3305,4916,158.88,5.97,201.13,155.72,0.8442,0.8442,5.169,2.4111,0.0,0.5626
3305,4879,194.15,0.21,269.03,218.32,0.6558,0.3279,2.9195,18.0058,30.4241,0.2892
3306,4939,288.92,15.25,335.72,167.72,0.8384,0.8384,5.0519,25.7787,0.0,0.5311
3306,4973,53.0,0.14,104.85,161.32,0.9023,0.4511,5.1844,20.2249,0.0,0.2915
3306,4916,158.8,6.19,201.39,156.33,0.8394,0.8394,5.1312,2.5365,0.0,0.5593
3306,4879,195.75,0.44,271.2,224.2,0.644,0.322,2.7985,19.1014,33.2055,0.2857
3307,4939,289.25,15.59,337.78,173.81,0.8306,0.8306,4.7532,26.1734,20.5401,0.5351
3307,4973,52.9,0.23,105.3,161.5,0.8989,0.4495,5.1727,20.1992,0.0,0.2904
3307,4916,158.25,6.64,201.46,156.77,0.8545,0.8545,5.1042,2.627,0.0,0.5694
3307,4879,201.71,0.35,267.67,194.61,0.8413,0.4207,3.5497,14.9869,154.4064,0.2168
3308,4939,291.55,15.82,341.76,178.19,0.7739,0.7739,4.5751,26.8434,26.2843,0.5053
3308,4973,52.07,0.18,104.7,161.28,0.9004,0.4502,5.1903,20.3201,0.0,0.2908
3308,4916,156.64,7.64,200.49,156.85,0.8818,0.8818,5.0994,2.6596,0.0,0.5876
3308,4879,200.41,0.31,271.9,214.58,0.8159,0.4079,3.0159,17.9542,29.6372,0.3555
3309,4939,294.3,15.91,346.41,180.39,0.7407,0.7407,4.5064,27.516,0.0,0.5146
3309,4973,52.16,0.06,105.35,162.58,0.8994,0.4497,5.1126,20.2951,0.0,0.2905
3309,4916,153.45,8.1,198.06,156.9,0.8789,0.8789,5.0969,2.7933,0.0,0.5856
3309,4879,206.02,0.2,268.09,183.25,0.6899,0.3449,3.9443,13.9715,156.6738,0.1601
3310,4939,293.44,16.23,349.23,189.7,0.8306,0.8306,4.1444,28.0868,22.8396,0.5942
3310,4973,52.75,0.11,105.95,162.32,0.9121,0.4561,5.1236,20.1805,0.0,0.2947
3310,4916,150.75,8.82,196.26,156.84,0.8892,0.8892,5.1014,2.9593,0.0,0.5924
3310,4879,208.88,0.16,266.93,169.11,0.6372,0.3186,4.5484,12.7758,159.5066,0.1228
3311,4939,296.7,16.89,352.38,187.62,0.8516,0.8516,4.2445,28.4761,151.0057,0.3353
3311,4973,53.05,0.04,106.52,162.95,0.8931,0.4466,5.0848,20.1238,0.0,0.2886
3311,4916,148.31,9.26,194.83,156.45,0.8862,0.8862,5.1264,3.092,0.0,0.5904
3311,4879,205.24,0.05,272.79,198.89,0.7305,0.3653,3.4335,16.1486,26.4557,0.3022
3312,4939,297.42,17.71,348.85,177.01,0.7871,0.7871,4.6766,27.8221,159.428,0.266
3312,4973,54.61,0.01,109.44,165.77,0.8965,0.4482,4.9156,19.8281,21.9519,0.2842
3312,4916,146.36,9.5,194.08,156.03,0.8843,0.8843,5.1532,3.1881,0.0,0.5891
3312,4879,203.68,0.01,275.56,214.97,0.7739,0.387,3.0161,18.4178,29.5391,0.337
3313,4939,296.94,17.81,345.7,166.46,0.7305,0.7305,5.1929,27.2071,161.1718,0.2166
3313,4973,55.89,0.0,111.2,166.63,0.8813,0.4406,4.8609,19.5927,0.0,0.2934
3313,4916,145.2,9.67,194.31,155.05,0.8359,0.8359,5.2151,3.0988,0.0,0.5569
3313,4879,209.16,0.0,271.32,183.1,0.8794,0.4397,3.9605,14.4676,156.7497,0.2029
3314,4939,301.04,18.16,348.51,162.19,0.5908,0.5908,5.4705,27.6643,160.6792,0.1744
3314,4973,56.86,0.18,112.33,167.31,0.8813,0.4406,4.8192,19.4349,0.0,0.296
3314,4916,143.52,9.53,194.41,155.25,0.7456,0.7456,5.203,3.2404,0.0,0.4967
3314,4879,206.19,0.0,276.23,209.93,0.7725,0.3862,3.142,17.9113,28.5428,0.3313
3315,4939,302.16,17.92,348.99,156.78,0.7422,0.7422,5.8262,27.7001,163.7335,0.219
3315,4973,58.01,0.16,113.34,167.18,0.8838,0.4419,4.8195,19.237,0.0,0.297
3315,4916,140.41,9.47,192.33,154.96,0.7007,0.7007,5.2238,3.5955,0.0,0.4667
3315,4879,206.48,0.26,277.76,217.33,0.6919,0.3459,2.969,19.0484,30.258,0.3023
3316,4939,300.62,17.14,351.73,166.52,0.6636,0.6636,5.2304,27.9841,18.3077,0.4053
3316,4973,57.52,0.24,111.26,164.51,0.8486,0.4243,4.9692,19.3568,160.1164,0.1352
3316,4916,139.53,9.25,192.97,155.24,0.8701,0.8701,5.2061,3.6507,0.0,0.5795
3316,4879,212.85,0.09,273.43,182.09,0.6768,0.3384,4.009,14.838,157.007,0.1538
3317,4939,301.0,15.67,352.11,162.8,0.4941,0.4941,5.4492,27.961,162.6584,0.1455
3317,4973,59.04,0.18,112.52,164.78,0.8584,0.4292,4.9461,19.1181,0.0,0.2813
3317,4916,139.59,9.15,194.62,155.64,0.7656,0.7656,5.1801,3.5712,0.0,0.5099
3317,4879,216.01,0.22,272.02,166.37,0.8452,0.4226,4.7087,13.6918,160.1475,0.1533
3318,4939,307.38,14.25,357.47,161.72,0.7212,0.3606,5.5681,28.868,140.0167,0.1053
3318,4973,60.36,0.16,113.87,165.99,0.8584,0.4292,4.8733,18.9283,0.0,0.2856
3318,4916,138.78,9.02,195.02,155.61,0.835,0.835,5.1822,3.5984,0.0,0.5561
3318,4879,210.7,0.27,278.22,204.36,0.811,0.4055,3.2966,17.6023,27.356,0.341
3319,4939,303.32,12.24,360.0,187.25,0.4697,0.2349,4.3103,29.5353,21.6521,0.1625
3319,4973,60.86,0.15,113.06,163.84,0.8545,0.4273,4.9904,18.8692,161.1839,0.1353
3319,4916,138.18,8.87,195.54,155.69,0.8813,0.8813,5.1772,3.6155,0.0,0.5869
3319,4879,209.26,0.37,279.91,217.44,0.6665,0.3332,2.9736,19.3594,29.8371,0.2912
3320,4939,304.41,11.68,360.0,178.19,0.8027,0.4013,4.6937,29.2684,160.0214,0.1331
3320,4973,62.06,0.14,113.89,164.5,0.8755,0.4377,4.9482,18.7122,0.0,0.2871
3320,4916,137.78,8.99,196.09,155.92,0.8892,0.8892,5.1628,3.6356,0.0,0.5922
3320,4879,210.64,0.41,280.46,217.65,0.5981,0.299,2.9717,19.5052,0.0,0.2745
3321,4939,308.82,11.4,360.0,168.55,0.7456,0.3728,5.1896,29.3234,161.8347,0.1083
3321,4973,62.9,0.14,114.33,165.03,0.8574,0.4287,4.9158,18.6185,0.0,0.2831
3321,4916,137.6,9.03,196.75,155.82,0.896,0.896,5.1688,3.5855,0.0,0.5967
3321,4879,218.7,0.24,276.72,178.87,0.8394,0.4197,4.1534,15.3028,157.7381,0.1823
3322,4939,312.31,11.69,360.0,166.14,0.5991,0.2995,5.3391,29.5369,160.8291,0.0869
3322,4973,63.9,0.14,114.87,165.5,0.8711,0.4355,4.8861,18.4996,0.0,0.2895
3322,4916,137.27,9.14,197.16,155.79,0.8813,0.8813,5.1707,3.5753,0.0,0.587
3322,4879,221.9,0.17,275.86,165.26,0.5371,0.2686,4.7872,14.5196,160.4477,0.0943
3323,4973,64.64,0.14,114.94,164.83,0.876,0.438,4.9197,18.3983,0.0,0.2892
3323,4916,136.81,9.08,197.51,155.96,0.895,0.895,5.1601,3.6072,0.0,0.5961
3323,4879,217.78,0.64,280.31,194.46,0.4785,0.2392,3.6008,17.079,25.3403,0.1929
3324,4973,65.74,0.14,115.21,163.55,0.8838,0.4419,4.9857,18.2222,0.0,0.2881
3324,4916,136.28,9.24,197.65,156.22,0.9058,0.9058,5.1442,3.6728,0.0,0.6032
3324,4879,217.97,0.35,282.27,202.93,0.8711,0.4355,3.3544,18.2147,27.3455,0.3624
3324,4939,310.78,9.22,360.0,193.41,0.4951,0.2475,4.1098,30.3621,22.6171,0.1768
3325,4973,66.37,0.14,115.49,163.53,0.8755,0.4377,4.9842,18.1388,0.0,0.2855
3325,4916,136.09,9.3,198.09,156.32,0.9043,0.9043,5.1379,3.6683,0.0,0.6022
3325,4879,218.05,0.22,283.15,209.38,0.7642,0.3821,3.1851,19.0702,28.3601,0.3249
3326,4973,67.13,0.14,115.88,163.43,0.8413,0.4207,4.9864,18.0304,0.0,0.2743
3326,4916,135.71,9.04,198.27,156.17,0.8945,0.8945,5.1472,3.6621,0.0,0.5957
3326,4879,220.75,0.17,284.01,206.63,0.5688,0.2844,3.2622,18.9767,0.0,0.2503
3327,4973,67.94,0.14,116.39,163.58,0.8647,0.4324,4.9744,17.9164,0.0,0.2827
3327,4916,135.63,8.94,198.67,156.11,0.895,0.895,5.1508,3.6298,0.0,0.5961
3327,4879,221.86,0.15,284.58,208.6,0.8628,0.4314,3.2139,19.331,0.0,0.3822
3328,4973,68.76,0.14,116.83,163.36,0.8647,0.4324,4.983,17.7928,0.0,0.2823
3328,4916,135.7,9.08,199.11,156.28,0.8975,0.8975,5.1401,3.6161,0.0,0.5977
3328,4879,228.28,0.14,280.57,171.3,0.4746,0.2373,4.5126,15.8972,159.3391,0.0915
3329,4973,69.18,0.14,117.77,166.54,0.8726,0.4363,4.8084,17.8086,19.591,0.2866
3329,4916,135.55,8.95,199.24,156.06,0.9043,0.9043,5.1537,3.5863,0.0,0.6023
3329,4879,230.83,0.14,279.96,159.35,0.644,0.322,5.1495,15.4522,161.7302,0.1035
3330,4973,70.65,0.14,118.82,165.14,0.8604,0.4302,4.8753,17.5159,0.0,0.2873
3330,4916,135.48,8.71,199.46,155.89,0.8975,0.8975,5.1642,3.5511,0.0,0.5978
3330,4879,232.88,0.24,280.86,154.33,0.8755,0.4377,5.4738,15.5705,162.4191,0.1406
3331,4973,70.15,0.14,119.85,171.85,0.8496,0.4248,4.5382,17.8148,20.5567,0.2935
3331,4916,135.46,8.72,199.59,155.73,0.8945,0.8945,5.1741,3.5204,0.0,0.5958
3331,4879,234.54,0.27,281.3,148.42,0.833,0.4165,5.9019,15.663,163.8655,0.1337
3332,4973,71.44,0.23,120.66,170.31,0.8701,0.435,4.606,17.5401,0.0,0.3061
3332,4916,135.54,8.62,199.99,155.95,0.8813,0.8813,5.1602,3.5161,0.0,0.587
3332,4879,235.3,0.19,283.52,151.32,0.8545,0.4273,5.6962,15.9872,19.1692,0.2714
3333,4973,71.17,0.18,121.12,173.84,0.8755,0.4377,4.4409,17.7327,20.9797,0.3079
3333,4916,135.45,8.4,200.26,156.22,0.8994,0.8994,5.1434,3.5419,0.0,0.599
3333,4879,236.4,0.25,285.11,152.41,0.8135,0.4068,5.627,16.2617,0.0,0.2657
3334,4973,71.29,0.15,121.03,174.13,0.8789,0.4395,4.4278,17.7483,0.0,0.3195
3334,4916,135.32,8.51,200.23,156.23,0.8975,0.8975,5.1428,3.555,0.0,0.5978
3334,4879,233.99,0.08,292.97,184.12,0.605,0.3025,4.0155,18.4051,23.2396,0.228
3335,4973,71.77,0.15,121.91,176.24,0.8804,0.4402,4.3316,17.7672,0.0,0.3257
3335,4916,135.44,8.64,200.43,156.14,0.895,0.895,5.1482,3.5187,0.0,0.5961
3335,4879,233.27,0.29,295.84,195.59,0.8394,0.4197,3.6264,19.5884,25.4717,0.335
3336,4973,71.71,0.14,121.79,177.1,0.8657,0.4329,4.2952,17.8414,0.0,0.3223
3336,4916,135.29,8.88,200.15,155.74,0.8726,0.8726,5.1733,3.4928,0.0,0.5812
3336,4879,232.78,0.29,295.84,199.08,0.7363,0.3681,3.5189,19.8905,25.7896,0.2986
3337,4973,72.01,0.14,121.94,177.4,0.8804,0.4402,4.2814,17.8233,0.0,0.3286
3337,4916,135.29,8.97,200.17,155.59,0.8901,0.8901,5.1827,3.4701,0.0,0.5929
3337,4879,234.17,0.38,297.74,199.97,0.2983,0.1492,3.4996,20.2291,0.0,0.1262
3338,4973,72.37,0.14,122.26,177.93,0.8726,0.4363,4.2574,17.8017,0.0,0.3271
3338,4916,135.28,8.91,200.19,155.44,0.8877,0.8877,5.1921,3.4483,0.0,0.5913
3338,4879,238.81,0.23,293.75,171.45,0.4746,0.2373,4.5637,18.0189,159.5163,0.089
3339,4973,72.6,0.14,122.16,177.46,0.8794,0.4397,4.2769,17.7574,0.0,0.3285
3339,4916,135.33,8.98,200.38,155.66,0.8994,0.8994,5.1782,3.4614,0.0,0.5991
3339,4879,234.56,0.36,295.71,191.61,0.7349,0.3674,3.7576,19.3125,24.3542,0.288
3340,4973,72.03,0.14,122.93,183.82,0.8853,0.4426,4.0224,18.2205,22.9592,0.3337
3340,4916,135.54,9.19,200.64,155.84,0.9004,0.9004,5.1667,3.4527,0.0,0.5997
3340,4879,233.57,0.32,297.1,198.73,0.5889,0.2944,3.5337,20.0124,25.8428,0.2381
3341,4973,72.38,0.14,122.81,182.99,0.8818,0.4409,4.0535,18.1347,0.0,0.3423
3341,4916,135.48,9.17,200.46,155.54,0.8906,0.8906,5.1856,3.4274,0.0,0.5932
3341,4879,234.38,0.75,298.9,201.03,0.4524,0.2262,3.4716,20.4379,0.0,0.1922
3342,4973,72.1,0.23,122.97,185.83,0.8867,0.4434,3.9475,18.3767,23.414,0.3381
3342,4916,135.53,9.16,200.65,155.8,0.9014,0.9014,5.1692,3.447,0.0,0.6004
3342,4879,246.42,0.28,300.6,166.5,0.834,0.417,4.8501,19.062,160.6048,0.1397
3343,4973,71.72,0.36,123.1,189.08,0.8828,0.4414,3.8324,18.6774,24.0807,0.3424
3343,4916,135.51,8.97,200.8,155.9,0.8862,0.8862,5.1629,3.452,0.0,0.5903
3343,4879,241.82,0.38,304.1,190.88,0.5796,0.2898,3.8184,20.5078,24.056,0.2243
3344,4973,71.51,0.22,122.82,189.54,0.8779,0.439,3.8176,18.7579,0.0,0.3541
3344,4916,135.52,8.81,200.89,155.66,0.896,0.896,5.1779,3.41,0.0,0.5968
3344,4879,241.29,0.41,305.7,195.49,0.8359,0.4179,3.6697,20.9801,25.3337,0.3301
3345,4973,71.79,0.17,122.33,187.08,0.8711,0.4355,3.9044,18.5607,0.0,0.3464
3345,4916,135.31,8.75,200.9,155.94,0.8979,0.8979,5.1605,3.4651,0.0,0.5981
3345,4879,253.13,0.15,307.99,163.55,0.6919,0.3459,5.0533,20.2058,161.307,0.1082
3346,4973,71.49,0.15,122.19,188.13,0.8657,0.4329,3.8681,18.6869,0.0,0.3463
3346,4916,134.89,8.72,200.64,156.23,0.895,0.895,5.1428,3.5564,0.0,0.5961
3346,4879,248.74,0.14,310.25,180.9,0.8184,0.4092,4.2219,20.869,21.9496,0.2964
3347,4973,71.41,0.14,121.97,187.75,0.8779,0.439,3.8822,18.6787,0.0,0.3503
3347,4916,134.83,8.53,200.67,156.25,0.9023,0.9023,5.1416,3.5615,0.0,0.601
3347,4879,249.93,0.23,313.79,186.36,0.7471,0.3735,4.0239,21.62,25.6969,0.2766
3348,4973,71.73,0.23,121.63,185.16,0.8677,0.4339,3.976,18.4628,0.0,0.341
3348,4916,134.74,8.55,200.58,156.25,0.9028,0.9028,5.1417,3.5746,0.0,0.6013
3348,4879,252.81,0.17,316.68,184.62,0.6289,0.3145,4.105,21.98,0.0,0.2395
3348,4999,335.24,8.49,357.87,201.54,0.7378,0.3689,3.918,32.337,0.0,0.2801
3349,4973,71.44,0.27,121.98,187.68,0.8862,0.4431,3.8846,18.6694,0.0,0.3535
3349,4916,134.69,8.37,200.56,156.16,0.8945,0.8945,5.1473,3.5667,0.0,0.5958
3349,4879,254.71,0.05,319.47,186.64,0.8584,0.4292,4.0423,22.4952,0.0,0.3301
3349,4999,335.85,8.79,358.08,197.77,0.3259,0.163,4.0439,32.2186,157.1632,0.0667
3350,4973,71.46,0.28,122.26,188.79,0.8975,0.4487,3.8449,18.7411,0.0,0.3603
3350,4916,134.76,8.21,200.46,155.57,0.8901,0.8901,5.1841,3.4852,0.0,0.5929
3350,4879,256.02,0.01,321.39,188.1,0.8125,0.4062,3.998,22.8532,0.0,0.3145
3350,4999,336.06,8.76,358.11,195.32,0.2006,0.1003,4.1286,32.1271,0.0,0.0734
3351,4973,71.89,0.28,122.28,187.05,0.8867,0.4434,3.9054,18.554,0.0,0.3526
3351,4916,134.72,8.34,200.45,155.71,0.8994,0.8994,5.1753,3.5086,0.0,0.599
3351,4879,260.76,0.09,325.41,188.42,0.6909,0.3454,4.0115,23.5811,0.0,0.2662
3351,4999,335.32,8.85,358.03,199.7,0.373,0.1865,3.978,32.2667,23.1932,0.1351
3352,4973,72.42,0.29,123.06,187.2,0.8804,0.4402,3.8971,18.4594,0.0,0.3507
3352,4916,134.63,8.11,200.57,155.96,0.8931,0.8931,5.1597,3.5418,0.0,0.5948
3352,4879,263.32,0.03,327.16,188.31,0.8726,0.4363,4.0281,23.9206,0.0,0.3349
3352,4999,326.79,8.11,357.3,262.28,0.5527,0.2763,2.5645,35.7827,33.6669,0.2411
3353,4973,72.47,0.29,123.52,188.17,0.8867,0.4434,3.8616,18.5021,0.0,0.3552
3353,4916,134.8,8.03,200.79,155.86,0.895,0.895,5.1658,3.4988,0.0,0.5961
3353,4879,269.44,0.1,324.38,160.46,0.5322,0.2661,5.3476,22.9848,162.3391,0.0817
3354,4973,73.41,0.29,124.67,187.03,0.8877,0.4439,3.8974,18.2315,0.0,0.3537
3354,4916,134.81,8.0,200.88,155.92,0.9014,0.9014,5.162,3.5,0.0,0.6004
3354,4879,267.79,0.03,328.14,178.74,0.7051,0.3525,4.4223,23.8361,21.3,0.2441
3354,4999,322.37,8.5,356.18,286.04,0.5195,0.2597,2.2334,37.4778,37.3331,0.2149
3355,4973,73.91,0.28,126.14,188.26,0.8838,0.4419,3.8496,18.1796,0.0,0.355
3355,4916,134.83,7.9,200.94,155.85,0.9004,0.9004,5.1663,3.4841,0.0,0.5997
3355,4879,268.1,0.19,329.73,185.38,0.71,0.355,4.1595,24.3396,22.8647,0.2566
3355,4999,321.12,8.15,355.72,288.0,0.7153,0.3577,2.2064,37.5653,0.0,0.3189
3356,4973,74.21,0.28,126.56,186.67,0.8975,0.4487,3.9045,17.9793,0.0,0.3574
3356,4916,134.9,7.95,201.09,156.01,0.9004,0.9004,5.1562,3.4912,0.0,0.5997
3356,4879,269.13,0.07,330.46,186.71,0.8394,0.4197,4.1146,24.5565,0.0,0.3167
3356,4999,319.87,4.9,355.67,288.0,0.6362,0.3181,2.2034,37.5031,0.0,0.2836
3357,4973,75.21,0.28,128.06,185.95,0.9062,0.4531,3.9251,17.7104,0.0,0.3598
3357,4916,134.64,7.79,200.87,155.98,0.8936,0.8936,5.1583,3.5218,0.0,0.5952
3357,4879,269.56,0.02,330.57,187.63,0.8477,0.4239,4.082,24.6528,0.0,0.3216
3357,4999,318.2,10.86,354.34,288.0,0.3442,0.1721,2.1967,37.3596,0.0,0.1534
3358,4973,76.59,0.28,131.51,189.77,0.8828,0.4414,3.7807,17.6709,26.6823,0.3434
3358,4916,134.69,7.73,200.82,155.68,0.8828,0.8828,5.177,3.4791,0.0,0.588
3358,4879,270.21,0.0,330.64,187.48,0.8394,0.4197,4.0898,24.7016,0.0,0.3179
3358,4999,315.09,5.46,353.05,288.0,0.3372,0.1686,2.1869,37.1493,0.0,0.1502
3359,4973,77.05,0.19,133.37,191.56,0.8828,0.4414,3.716,17.6626,0.0,0.3629
3359,4916,134.69,7.9,200.65,155.48,0.8779,0.8779,5.1896,3.4636,0.0,0.5847
3359,4879,271.7,0.09,331.52,187.74,0.7642,0.3821,4.0875,24.9057,0.0,0.2894
3359,4999,318.01,3.69,352.98,258.03,0.3784,0.1892,2.5964,34.7125,146.6088,0.1125
3360,4973,78.59,0.16,135.26,188.54,0.8828,0.4414,3.8115,17.0904,0.0,0.3577
3360,4916,134.67,8.06,200.78,156.06,0.8975,0.8975,5.1534,3.5377,0.0,0.5978
3360,4879,272.22,0.21,331.71,188.17,0.8486,0.4243,4.0738,24.9869,0.0,0.322
3361,4973,79.93,0.24,138.32,190.05,0.8936,0.4468,3.7513,16.8913,0.0,0.3658
3361,4916,134.76,8.02,200.92,156.09,0.8975,0.8975,5.1514,3.5252,0.0,0.5978
3361,4879,272.45,0.17,331.73,188.48,0.8237,0.4118,4.0633,25.0246,0.0,0.3131
3362,4973,80.27,0.17,140.04,191.16,0.8853,0.4426,3.7103,16.845,0.0,0.3649
3362,4916,134.65,8.01,200.75,156.1,0.8936,0.8936,5.1509,3.5471,0.0,0.5952
3362,4879,273.13,0.15,332.16,188.75,0.8262,0.4131,4.0569,25.1283,0.0,0.3143
3362,4999,311.67,1.72,349.35,258.21,0.7964,0.3982,2.5688,34.1682,0.0,0.3716
3363,4973,80.64,0.24,141.12,190.82,0.9038,0.4519,3.7189,16.6957,0.0,0.3721
3363,4916,134.85,7.92,200.81,155.73,0.895,0.895,5.1738,3.4751,0.0,0.5961
3363,4879,273.45,0.24,332.19,188.73,0.8027,0.4013,4.0587,25.1549,0.0,0.3053
3363,4999,306.55,0.96,347.87,263.95,0.7485,0.3743,2.4672,34.3025,35.8278,0.3273
3364,4973,80.93,0.27,142.31,191.79,0.9077,0.4538,3.6842,16.6844,0.0,0.3758
3364,4916,134.89,7.88,200.92,155.78,0.8931,0.8931,5.1706,3.4712,0.0,0.5949
3364,4879,273.91,0.73,332.24,188.59,0.8003,0.4002,4.0653,25.1872,0.0,0.304
3364,4999,301.37,0.7,346.99,273.51,0.6318,0.3159,2.3216,34.8487,36.4239,0.2689
3365,4973,81.25,0.09,143.32,192.61,0.9058,0.4529,3.6551,16.6714,0.0,0.3768
3365,4916,134.84,7.77,200.79,155.42,0.8906,0.8906,5.1933,3.4335,0.0,0.5932
3365,4879,274.96,0.46,332.69,187.77,0.7925,0.3962,4.1002,25.2597,0.0,0.2991
3365,4999,295.11,0.57,345.38,281.99,0.7256,0.3628,2.1979,35.2546,38.5144,0.2997
3366,4973,81.57,0.03,144.64,195.03,0.8975,0.4487,3.5754,16.8188,0.0,0.378
3366,4916,134.88,7.92,200.87,155.57,0.8789,0.8789,5.1838,3.4457,0.0,0.5854
3366,4879,277.2,0.35,335.04,188.0,0.6836,0.3418,4.1062,25.6359,0.0,0.2574
3367,4973,82.73,0.0,145.33,193.71,0.8901,0.4451,3.6137,16.5289,0.0,0.3728
3367,4916,134.88,7.89,200.91,155.53,0.895,0.895,5.1863,3.4371,0.0,0.5961
3367,4879,277.6,0.31,334.82,191.22,0.3767,0.1883,3.9907,25.8329,23.3022,0.1395
3367,4999,282.0,0.83,338.28,284.71,0.6177,0.3089,2.1243,34.5509,0.0,0.2752
3368,4973,85.64,0.64,148.81,194.85,0.9062,0.4531,3.5671,16.1847,0.0,0.3826
3368,4916,134.82,8.06,200.81,155.52,0.9014,0.9014,5.187,3.4476,0.0,0.6004
3368,4879,275.68,0.2,331.59,190.94,0.4167,0.2084,3.9847,25.4131,0.0,0.1604
3368,4999,281.25,0.91,341.66,286.98,0.5908,0.2954,2.1035,34.9069,0.0,0.2621
3369,4973,85.84,0.42,148.36,193.87,0.8989,0.4495,3.5983,16.0869,0.0,0.3778
3369,4916,134.72,7.94,201.08,156.26,0.895,0.895,5.1408,3.5413,0.0,0.5961
3369,4999,281.72,0.92,345.05,288.0,0.5547,0.2773,2.0996,35.1909,0.0,0.2456
3370,4973,86.2,0.89,147.99,193.57,0.8867,0.4434,3.6078,16.0522,0.0,0.3721
3370,4916,134.11,7.71,199.89,155.24,0.8682,0.8682,5.2054,3.533,0.0,0.5782
3370,4999,277.67,0.86,344.14,288.0,0.6323,0.3161,2.0898,34.9597,0.0,0.2798
3371,4973,87.81,0.42,148.63,192.51,0.8804,0.4402,3.638,15.7591,0.0,0.3679
3371,4916,134.71,7.71,200.47,155.04,0.8789,0.8789,5.2175,3.415,0.0,0.5854
3371,4999,275.95,0.78,344.01,284.44,0.6875,0.3438,2.1268,34.5081,0.0,0.3065
3372,4973,89.47,0.52,149.61,193.59,0.8804,0.4402,3.5992,15.6917,0.0,0.3702
3372,4916,134.77,7.62,200.5,154.87,0.877,0.877,5.2283,3.385,0.0,0.5842
3372,4999,273.12,0.87,343.78,285.03,0.7334,0.3667,2.114,34.4241,0.0,0.3264
3373,4973,90.62,0.18,149.47,192.51,0.7949,0.3975,3.6321,15.4867,0.0,0.3326
3373,4916,134.68,7.78,200.57,155.37,0.8789,0.8789,5.1966,3.4551,0.0,0.5854
3373,4999,268.91,1.24,341.48,281.78,0.4854,0.2427,2.1392,33.7756,0.0,0.2174
3374,4973,91.73,0.24,149.79,193.02,0.8628,0.4314,3.6135,15.4426,0.0,0.3622
3374,4916,134.99,7.93,201.05,155.84,0.8657,0.8657,5.1668,3.4629,0.0,0.5766
3374,4999,251.7,0.77,329.96,285.55,0.79,0.395,2.0426,32.8575,58.5656,0.2868
3374,5006,305.77,0.07,339.53,55.73,0.396,0.198,10.0,90.0,0.0,0.0
3375,4973,92.81,0.08,149.93,193.02,0.8296,0.4148,3.6116,15.3529,0.0,0.3484
3375,4916,135.15,7.89,201.18,155.93,0.8467,0.8467,5.1611,3.4549,0.0,0.564
3375,4999,256.25,1.12,335.11,286.0,0.5332,0.2666,2.0548,33.3455,0.0,0.2361
3375,5006,302.83,0.07,341.1,63.33,0.6826,0.3413,10.0,90.0,0.0,0.0
3376,4973,93.67,0.2,150.2,193.76,0.8218,0.4109,3.5864,15.3619,0.0,0.3465
3376,4916,133.53,7.88,198.59,155.31,0.8721,0.8721,5.2019,3.69,0.0,0.5808
3376,4999,245.85,0.66,328.95,286.69,0.7671,0.3836,2.0181,32.6851,0.0,0.3387
3376,5006,295.21,0.17,345.8,84.44,0.4158,0.2079,29.2009,28.7345,0.0,0.1301
3377,4973,94.74,0.07,150.61,192.92,0.8423,0.4212,3.6108,15.1495,0.0,0.3539
3377,4916,133.43,7.69,197.66,155.16,0.8628,0.8628,5.2119,3.7537,0.0,0.5746
3377,4999,241.46,0.46,326.72,287.85,0.7163,0.3582,1.9943,32.5344,0.0,0.3153
3377,5006,291.02,0.21,346.8,93.88,0.4102,0.2051,19.381,27.9481,5.0153,0.1285
3378,4973,94.89,0.2,150.01,193.43,0.8252,0.4126,3.5952,15.2459,0.0,0.3475
3378,4916,136.18,7.8,200.16,155.21,0.8486,0.8486,5.2062,3.351,0.0,0.5652
3378,4999,234.48,0.36,321.22,286.59,0.7598,0.3799,1.9881,31.8526,0.0,0.3349
3378,5006,288.87,0.18,346.89,98.26,0.4785,0.2392,16.7264,27.5602,5.8275,0.15
3379,4973,96.52,0.25,151.51,196.31,0.8394,0.4197,3.5013,15.3907,0.0,0.3587
3379,4916,137.94,7.76,201.5,155.04,0.79,0.79,5.2157,3.1021,0.0,0.5263
3379,4999,231.09,0.48,319.38,287.75,0.6084,0.3042,1.9673,31.7782,0.0,0.2674
3379,5006,287.53,0.16,346.04,99.47,0.6958,0.3479,16.0945,27.3303,7.2695,0.2181
3379,4879,291.58,0.09,341.42,168.36,0.353,0.1765,5.0506,26.48,160.3556,0.0527
3380,4973,100.36,0.09,153.13,192.4,0.4951,0.2475,3.6155,14.4958,148.9394,0.1256
3380,4916,138.75,7.92,202.0,155.16,0.8193,0.8193,5.2076,3.0308,0.0,0.5458
3380,5006,288.11,0.2,345.74,98.41,0.4629,0.2314,16.6264,27.4057,174.162,0.0685
3381,4973,103.05,0.12,154.8,192.93,0.8101,0.4051,3.5924,14.2577,0.0,0.3419
3381,4916,139.6,7.89,202.54,155.21,0.8433,0.8433,5.204,2.9476,0.0,0.5618
3381,4879,292.44,0.6,342.99,171.03,0.5972,0.2986,4.9218,26.7574,21.7357,0.1844
3382,4973,104.22,0.22,157.22,202.42,0.7871,0.3936,3.3067,15.3541,27.4159,0.3318
3382,4916,140.17,7.79,202.81,155.41,0.8315,0.8315,5.1911,2.9275,0.0,0.554
3382,4879,293.16,0.29,343.76,169.43,0.6548,0.3274,5.0099,26.8285,0.0,0.2065
3383,4973,106.74,0.17,158.55,201.94,0.5342,0.2671,3.3153,15.0476,0.0,0.235
3383,4916,140.9,8.12,203.11,155.77,0.8594,0.8594,5.1682,2.9263,0.0,0.5726
3383,4879,293.81,0.39,343.22,162.56,0.4475,0.2238,5.3941,26.6606,162.3878,0.0667
3384,4973,108.92,0.15,159.6,200.59,0.6714,0.3357,3.3493,14.6502,0.0,0.294
3384,4916,141.08,7.97,202.92,156.0,0.8413,0.8413,5.1539,2.9661,0.0,0.5605
3384,4879,292.96,0.55,343.25,163.14,0.5234,0.2617,5.3562,26.6066,0.0,0.1652
3385,4973,114.53,0.23,151.61,142.52,0.6514,0.3257,6.2276,9.5749,164.7262,0.1071
3385,4916,141.55,8.28,202.88,156.08,0.8433,0.8433,5.1488,2.9556,0.0,0.5618
3385,4879,291.79,0.81,344.45,170.26,0.6514,0.3257,4.9642,26.7987,19.0534,0.2011
3386,4973,113.68,0.48,162.06,189.09,0.8252,0.4126,3.6956,12.5004,24.7391,0.3309
3386,4916,142.16,8.21,202.74,155.55,0.835,0.835,5.1817,2.8381,0.0,0.5563
3386,4879,291.19,1.56,344.29,171.06,0.644,0.322,4.9205,26.7624,0.0,0.2066
3387,4916,142.43,8.19,202.61,155.72,0.7847,0.7847,5.1711,2.8596,0.0,0.5228
3387,4879,291.47,1.4,343.66,165.5,0.7949,0.3975,5.2156,26.5754,161.741,0.1185
3388,4916,143.36,7.99,203.02,155.79,0.7485,0.7485,5.1663,2.8004,0.0,0.4987
3388,4879,292.22,2.29,342.73,157.43,0.6489,0.3245,5.7088,26.393,163.2711,0.0969
3389,4916,145.43,8.01,203.85,155.35,0.6362,0.6362,5.1933,2.582,0.0,0.4239
3389,4879,290.64,2.44,344.12,165.36,0.8442,0.4221,5.222,26.5417,18.147,0.2596
3389,4973,120.73,0.42,162.6,164.24,0.6011,0.3005,4.7324,8.8523,159.9061,0.1097
3390,4916,146.87,8.11,203.67,153.41,0.625,0.625,5.3179,2.1669,161.3935,0.2082
3390,4879,290.91,2.31,344.61,163.73,0.7939,0.397,5.3187,26.5639,0.0,0.2507
3390,4973,118.89,0.63,167.73,195.91,0.6748,0.3374,3.4666,12.8644,26.1248,0.2796
3391,4916,146.11,8.8,201.31,153.43,0.5273,0.5273,5.3172,2.332,0.0,0.3514
3391,4879,289.78,1.98,345.9,169.83,0.833,0.4165,4.9842,26.7405,19.0057,0.2561
3391,4973,119.5,0.94,169.42,204.82,0.5708,0.2854,3.2128,14.202,27.9825,0.2442
3392,4879,289.85,1.67,346.72,170.91,0.7627,0.3814,4.9324,26.8454,0.0,0.244
3392,4973,123.46,0.85,174.58,210.11,0.3604,0.1802,3.0708,14.6974,35.3704,0.1534
3393,4879,290.76,1.37,347.96,171.77,0.7188,0.3594,4.8975,27.0451,0.0,0.2314
3393,4973,125.66,0.87,176.78,207.55,0.2837,0.1419,3.1314,14.0705,0.0,0.1285
3393,4999,150.32,0.15,250.08,288.0,0.834,0.417,1.8206,27.583,86.1312,0.2338
3394,4879,294.32,1.26,346.69,155.45,0.8228,0.4114,5.8711,26.8604,163.8186,0.1223
3394,4973,127.8,0.58,177.3,198.57,0.4629,0.2314,3.3725,12.3778,152.8743,0.1256
3394,4999,143.09,0.07,249.94,287.88,0.7217,0.3609,1.8195,27.4883,0.0,0.3145
3395,4879,295.16,1.13,347.83,156.45,0.8271,0.4135,5.8111,27.0356,0.0,0.2606
3395,4973,132.79,1.05,171.85,149.44,0.4961,0.248,5.6206,5.787,163.1673,0.0823
3395,4999,143.37,35.72,244.78,287.98,0.212,0.106,1.8172,27.4626,0.0,0.0924
3396,4879,294.9,1.56,349.15,163.0,0.4824,0.2412,5.3978,27.2391,17.8226,0.148
3396,4999,137.66,11.94,252.01,288.0,0.7456,0.3728,1.8174,27.4781,0.0,0.3249
3397,4879,295.03,1.53,348.28,160.74,0.687,0.3435,5.5323,27.1333,162.2919,0.1019
3397,4999,128.07,4.28,244.96,288.0,0.8169,0.4084,1.8143,27.3784,0.0,0.3559
3398,4879,294.77,1.43,348.2,162.58,0.6646,0.3323,5.4183,27.143,17.4379,0.2042
3398,4999,120.75,1.26,236.28,288.0,0.8779,0.439,1.8136,27.3558,0.0,0.3824
3399,4879,296.87,1.58,347.06,153.99,0.4805,0.2402,5.9884,27.0804,164.1044,0.0713
3399,4999,116.3,0.12,227.82,288.0,0.5869,0.2934,1.8147,27.39,0.0,0.2557
3399,4916,135.39,0.38,201.65,172.48,0.5591,0.2796,4.29,6.2953,22.4047,0.2052
3400,4879,293.03,1.45,342.47,149.94,0.7598,0.3799,6.2542,26.3515,156.8819,0.1135
3400,4999,111.2,0.0,218.99,288.0,0.6216,0.3108,1.8174,27.4793,0.0,0.2708
3400,4916,130.85,0.0,198.66,174.41,0.2751,0.1376,4.2087,6.9677,42.8145,0.0937
3401,4879,288.16,1.6,338.21,148.51,0.7456,0.3728,6.3251,25.5834,127.2726,0.1121
3401,4916,128.34,0.0,196.79,172.3,0.7974,0.3987,4.3034,6.8099,150.8435,0.169
3402,4879,287.01,1.84,339.82,157.29,0.7202,0.3601,5.6826,25.7195,16.8258,0.223
3402,4916,123.95,0.04,191.91,168.94,0.6069,0.3034,4.4644,6.8228,147.9732,0.1221
3403,4879,284.29,2.11,338.42,160.3,0.4551,0.2276,5.4718,25.4327,18.8388,0.1403
3403,4973,155.67,0.0,180.76,79.67,0.6353,0.3176,35.0313,13.2225,177.1395,0.1031
3403,4999,111.82,0.0,201.51,238.5,0.6011,0.3005,2.4806,19.275,145.279,0.194
3404,4879,280.59,2.59,335.67,160.93,0.8101,0.4051,5.4066,24.9068,0.0,0.2575
3404,4973,154.94,0.0,182.46,78.15,0.4436,0.2218,39.2185,13.4976,177.3795,0.0719
3404,4999,117.85,0.0,203.81,220.12,0.5234,0.2617,2.8278,15.7491,148.1626,0.1598
3405,4879,281.26,2.77,336.31,160.24,0.6655,0.3327,5.4544,25.0018,0.0,0.2114
3405,4999,96.16,0.0,196.12,266.05,0.7725,0.3862,2.0858,24.4677,41.2834,0.3214
3406,4879,278.47,2.83,333.35,156.43,0.6699,0.335,5.6762,24.4442,158.1744,0.1016
3406,4999,92.15,0.0,186.82,258.45,0.5557,0.2778,2.196,23.566,135.1832,0.1662
3407,4879,276.02,3.13,332.86,160.24,0.7305,0.3653,5.4194,24.2688,17.8186,0.2269
3407,4999,85.25,0.0,182.72,274.21,0.3252,0.1626,2.0032,26.3884,43.0302,0.1316
3407,4916,100.17,0.25,169.46,170.93,0.4543,0.2271,4.4207,10.7015,86.3512,0.0968
3408,4879,275.5,3.52,331.71,156.47,0.79,0.395,5.6545,24.0524,162.4463,0.1202
3408,4999,81.65,0.03,175.51,270.43,0.4785,0.2392,2.0583,26.121,0.0,0.217
3409,4879,274.01,3.94,332.01,160.91,0.8433,0.4217,5.3671,24.0412,17.5755,0.2623
3409,4999,78.62,0.0,174.85,282.39,0.7041,0.352,1.9224,28.0462,42.3,0.2806
3409,5028,136.68,0.48,244.31,221.68,0.6724,0.3362,2.7889,15.728,0.0,0.3191
3410,4879,278.59,4.37,335.08,160.52,0.7393,0.3696,5.4213,24.6799,0.0,0.2352
3410,4999,77.35,0.87,173.32,286.82,0.8286,0.4143,1.8771,28.7846,0.0,0.3628
3410,5028,138.78,0.11,248.51,225.71,0.6768,0.3384,2.7085,16.5741,0.0,0.3243
3410,5030,148.93,9.82,166.18,33.1,0.3577,0.3577,10.0,90.0,0.0,0.0
3411,4879,275.69,4.62,332.07,160.82,0.8027,0.4013,5.3794,24.1869,0.0,0.2558
3411,4999,75.88,0.31,171.55,288.0,0.7529,0.3765,1.8677,29.0504,0.0,0.3289
3411,5028,135.69,0.74,242.35,220.32,0.75,0.375,2.817,15.4349,140.7198,0.2296
3412,4879,274.19,4.89,329.07,156.56,0.8052,0.4026,5.6324,23.7159,160.2931,0.1229
3412,4999,71.77,0.73,162.63,279.71,0.4082,0.2041,1.9714,28.2462,134.0147,0.1136
3412,5028,137.53,3.93,244.68,223.53,0.7285,0.3643,2.751,16.0927,0.0,0.3473
3413,4879,272.9,4.98,328.07,158.03,0.7739,0.387,5.5272,23.547,19.3245,0.24
3413,4999,77.17,0.24,171.38,284.52,0.4016,0.2008,1.9037,28.5059,0.0,0.1767
3413,5028,137.39,1.68,246.22,223.46,0.8394,0.4197,2.7528,16.0985,0.0,0.4001
3414,4879,272.93,5.01,327.25,157.28,0.5371,0.5371,5.5726,23.4644,0.0,0.3433
3414,4999,70.81,0.07,159.71,269.69,0.6567,0.3283,2.0952,26.928,137.7221,0.1893
3414,5028,143.15,0.57,253.23,225.21,0.8135,0.4068,2.7217,16.6461,0.0,0.389
3414,5032,129.68,9.17,175.36,153.28,0.7051,0.7051,5.3541,5.949,0.0,0.4688
3415,4879,273.52,5.01,325.32,150.37,0.5068,0.5068,6.055,23.2506,164.0124,0.1552
3415,4999,63.03,0.47,145.46,255.98,0.4951,0.2475,2.3081,25.9067,138.8833,0.1504
3415,5028,144.68,0.17,255.83,227.46,0.604,0.302,2.6791,17.1475,0.0,0.2903
3415,5032,130.66,9.47,176.87,154.77,0.6226,0.6226,5.2545,5.8176,22.3638,0.3984
3416,4879,272.92,4.53,323.99,149.0,0.7778,0.3889,6.1529,23.0715,160.3202,0.1193
3416,5028,143.07,0.21,247.56,216.33,0.6504,0.3252,2.9077,14.8753,147.0157,0.1955
3416,5032,131.23,9.25,179.27,159.4,0.7925,0.7925,4.9699,5.9786,19.6113,0.5148
3416,4916,66.03,0.2,131.83,161.99,0.7441,0.372,5.0258,16.6121,135.4441,0.1188
3417,4879,273.37,4.16,324.87,150.6,0.7319,0.3659,6.0349,23.2007,17.5996,0.2284
3417,5028,145.38,0.04,247.75,213.46,0.5283,0.2641,2.9742,14.3886,0.0,0.2447
3417,5032,132.27,9.38,181.24,161.06,0.8403,0.8403,4.8729,5.9141,24.6921,0.5473
3417,4999,54.82,0.37,137.22,261.45,0.8086,0.4043,2.2547,27.4171,0.0,0.3759
3418,4879,273.2,4.02,325.4,153.08,0.8145,0.4073,5.8536,23.2602,16.4421,0.2549
3418,5028,148.13,0.0,254.46,223.01,0.8062,0.4031,2.7692,16.3826,35.0176,0.3589
3418,5032,133.6,8.92,183.6,161.71,0.8535,0.8535,4.834,5.699,0.0,0.5865
3418,4999,52.45,0.16,135.89,270.45,0.8618,0.4309,2.1414,28.7694,39.8981,0.3591
3419,4879,273.67,3.97,325.95,152.37,0.8604,0.4302,5.9091,23.3395,0.0,0.2751
3419,5028,175.67,0.06,252.44,162.64,0.7407,0.3704,4.8074,7.9402,160.2564,0.1318
3419,5032,134.16,8.56,185.01,161.55,0.8979,0.8979,4.8414,5.5245,0.0,0.6162
3419,4999,50.99,0.19,132.11,266.68,0.8618,0.4309,2.1979,28.5178,0.0,0.3961
3420,4879,274.15,3.76,326.28,150.25,0.7949,0.3975,6.0709,23.3873,164.3287,0.1216
3420,5028,162.9,0.11,260.08,208.66,0.5737,0.2868,3.1074,14.4875,28.6879,0.2488
3420,5032,133.95,8.82,185.62,161.31,0.7319,0.7319,4.8544,5.4617,0.0,0.501
3420,4999,48.24,0.05,128.59,267.58,0.8315,0.4158,2.196,28.9257,0.0,0.3816
3421,4879,273.85,3.5,326.54,149.84,0.6807,0.3403,6.1023,23.3803,0.0,0.2176
3421,5028,186.89,0.07,259.11,157.54,0.7271,0.3635,5.1241,9.1999,161.3807,0.1196
3421,5032,133.29,8.63,186.7,163.65,0.8496,0.8496,4.7273,5.7528,19.8225,0.5791
3421,4999,46.93,0.01,125.58,264.75,0.8296,0.4148,2.2405,28.7758,0.0,0.3834
3422,4879,272.49,3.42,325.3,148.03,0.6772,0.3386,6.234,23.1416,160.4292,0.1038
3422,5028,192.74,0.01,266.65,166.03,0.3091,0.1545,4.6729,11.0504,25.7791,0.1037
3422,5032,134.61,8.48,189.46,165.98,0.8828,0.8828,4.6042,5.8233,25.7453,0.6044
3422,4999,43.57,0.12,121.86,266.26,0.8755,0.4377,2.232,29.3068,0.0,0.4034
3423,4879,268.47,3.19,321.36,147.74,0.561,0.2805,6.2232,22.444,0.0,0.1799
3423,5028,202.2,0.13,262.37,136.27,0.7686,0.3843,6.8415,10.7516,166.038,0.1259
3423,5032,136.13,8.61,191.56,166.24,0.8423,0.8423,4.5891,5.64,0.0,0.6063
3423,4999,41.76,0.82,118.14,263.2,0.4082,0.2041,2.283,29.2097,0.0,0.1895
3423,4916,48.23,1.0,112.82,157.75,0.5898,0.2949,5.391,19.8383,137.513,0.0925
3424,4879,265.41,3.01,318.78,149.62,0.6602,0.3301,6.0515,21.9606,22.7557,0.2035
3424,5028,207.84,0.24,264.86,130.06,0.5381,0.2691,7.5642,11.7802,165.4927,0.0878
3424,5032,137.96,8.66,193.86,166.28,0.8794,0.8794,4.585,5.4102,0.0,0.6336
3424,4999,39.69,1.11,112.84,251.28,0.8638,0.4319,2.4714,28.1974,145.0756,0.2692
3425,4879,267.04,2.94,320.76,148.49,0.8677,0.4339,6.1547,22.2702,156.9391,0.1338
3425,5028,189.8,0.37,273.91,196.81,0.8062,0.4031,3.4747,14.8905,26.072,0.3325
3425,5032,137.81,8.4,194.85,167.64,0.8862,0.8862,4.5173,5.6032,0.0,0.6464
3425,4999,37.19,2.09,109.5,248.48,0.8369,0.4184,2.5272,28.2089,0.0,0.4004
3426,4879,267.52,2.83,322.77,150.12,0.8682,0.4341,6.0382,22.5023,20.6269,0.2691
3426,5028,188.14,0.49,278.58,218.01,0.4065,0.2032,2.9307,18.1489,30.3329,0.1789
3426,5032,137.06,8.21,195.14,168.57,0.8843,0.8843,4.4725,5.7911,0.0,0.6502
3426,4999,32.63,3.49,107.74,259.68,0.8262,0.4131,2.3683,29.8145,38.0303,0.3584
3427,4879,262.88,2.7,316.71,148.52,0.687,0.3435,6.1186,21.5437,125.8022,0.1065
3427,5028,192.5,0.2,284.23,227.45,0.7583,0.3791,2.7448,20.0955,36.4316,0.3344
3427,5032,137.77,7.96,196.8,168.14,0.8843,0.8843,4.4922,5.5984,0.0,0.648
3427,4999,30.03,3.81,108.28,271.16,0.8369,0.4184,2.2158,31.2178,38.1667,0.3526
3428,4879,261.2,2.46,313.99,147.92,0.8027,0.4013,6.1485,21.1469,0.0,0.2586
3428,5028,198.0,0.26,289.83,236.01,0.7925,0.3962,2.5978,21.9243,40.1114,0.3505
3428,5032,135.51,7.68,194.96,168.49,0.8647,0.8647,4.4772,5.8659,0.0,0.6352
3428,4999,31.35,6.31,105.39,257.35,0.8145,0.8145,2.4094,29.7504,144.7311,0.4974
3429,4879,263.12,2.85,314.79,147.62,0.6816,0.3408,6.1835,21.388,0.0,0.2194
3429,5028,200.5,0.19,292.71,245.5,0.8467,0.4234,2.4435,23.5648,36.713,0.3804
3429,5032,136.14,7.02,196.47,168.22,0.876,0.876,4.4892,5.7084,0.0,0.6422
3429,4999,29.78,6.73,105.09,261.8,0.8169,0.8169,2.3486,30.3434,0.0,0.7631
3430,4879,263.28,2.9,313.41,147.14,0.7104,0.3552,6.2174,21.2765,0.0,0.2287
3430,5028,203.93,0.34,293.77,245.87,0.8193,0.4097,2.4435,23.8327,0.0,0.3949
3430,5032,133.69,6.41,194.43,168.82,0.8921,0.8921,4.4626,6.0494,0.0,0.657
3430,4999,27.43,6.59,103.12,261.91,0.771,0.771,2.3555,30.5848,0.0,0.7204
3431,4879,263.81,2.83,312.95,148.66,0.7227,0.3614,6.0962,21.2925,15.6967,0.2282
3431,5028,207.52,0.4,292.48,237.6,0.6152,0.3076,2.5862,22.7781,146.634,0.1935
3431,5032,131.76,5.81,193.0,169.03,0.8496,0.8496,4.4544,6.2757,0.0,0.6265
3431,4999,25.35,5.6,101.41,260.55,0.8262,0.8262,2.3824,30.6402,0.0,0.7748
3432,4879,264.29,2.99,312.29,149.98,0.7349,0.3674,5.9936,21.288,15.8469,0.232
3432,5028,214.84,0.15,303.04,245.87,0.8052,0.4026,2.4725,24.8445,50.9278,0.3391
3432,5032,127.57,5.23,188.48,168.7,0.8486,0.8486,4.4758,6.7736,0.0,0.6231
3432,4999,22.75,5.11,100.41,264.4,0.8804,0.8804,2.3352,31.246,0.0,0.8185
3433,5028,219.61,0.41,309.23,247.89,0.8862,0.4431,2.4572,25.6844,0.0,0.426
3433,5032,124.21,4.46,184.45,168.56,0.8965,0.4482,4.4882,7.2736,0.0,0.3282
3433,4999,20.3,4.1,96.22,255.31,0.8564,0.4282,2.4814,30.6524,145.0794,0.2645
3434,5028,222.25,0.15,313.94,249.89,0.8813,0.4406,2.4376,26.3293,0.0,0.4217
3434,5032,122.69,4.18,182.08,168.48,0.8975,0.4487,4.4954,7.5523,0.0,0.3281
3434,4999,19.13,3.98,90.83,237.5,0.8931,0.4466,2.7976,29.2869,148.6946,0.261
3435,5028,222.81,0.14,316.37,252.1,0.833,0.4165,2.4084,26.7667,0.0,0.3965
3435,5032,120.39,3.9,178.89,168.25,0.8726,0.4363,4.5117,7.947,0.0,0.3179
3435,4999,17.56,3.65,87.45,229.22,0.9189,0.4595,2.9727,28.8525,150.0089,0.2583
3436,5028,223.68,0.05,319.51,254.95,0.8828,0.4414,2.3721,27.3339,0.0,0.4174
3436,5032,117.78,3.35,175.77,168.05,0.8989,0.4495,4.5274,8.3826,0.0,0.3264
3436,4999,15.86,3.06,85.57,226.85,0.9102,0.4551,3.0316,28.8841,0.0,0.404
3437,5028,223.5,0.01,320.67,255.96,0.7988,0.3994,2.3588,27.5109,0.0,0.3768
3437,5032,117.42,2.87,175.15,168.43,0.8828,0.4414,4.51,8.5074,0.0,0.3215
3437,4999,13.78,3.99,82.47,224.87,0.9146,0.4573,3.088,29.0641,0.0,0.4023
3438,5028,223.79,0.0,322.54,257.35,0.8125,0.4062,2.3421,27.7951,0.0,0.3821
3438,5032,117.07,2.52,174.25,168.74,0.8169,0.4084,4.4965,8.6459,0.0,0.2982
3438,4999,11.03,4.71,79.35,225.13,0.9009,0.4505,3.0977,29.4781,0.0,0.3951
3439,5028,223.91,0.0,323.97,258.46,0.8574,0.4287,2.3286,28.0121,0.0,0.4022
3439,5032,117.86,2.31,174.04,168.85,0.8413,0.4207,4.4905,8.6116,0.0,0.3074
3439,4999,8.62,5.07,76.74,226.28,0.8921,0.8921,3.0859,29.9044,0.0,0.7828
3440,5028,223.82,0.0,325.01,260.01,0.8506,0.4253,2.3082,28.2523,0.0,0.3975
3440,5032,116.85,2.15,172.39,168.7,0.8486,0.4243,4.5007,8.8118,0.0,0.3094
3440,4999,7.39,5.39,74.7,225.11,0.8916,0.8916,3.1204,30.0298,0.0,0.7779
3441,5028,225.46,2.74,326.32,260.47,0.6235,0.3118,2.3067,28.458,0.0,0.2912
3441,5032,114.87,2.19,170.29,168.81,0.877,0.4385,4.5003,9.163,0.0,0.3197
3441,4999,6.2,6.35,73.06,225.79,0.8413,0.8413,3.1131,30.2706,0.0,0.7343
3442,5028,225.87,2.51,327.03,260.67,0.7974,0.3987,2.3057,28.5392,0.0,0.3722
3442,5032,115.85,2.5,170.61,169.03,0.835,0.4175,4.4882,9.0793,0.0,0.3051
3442,4999,5.77,6.89,72.64,227.9,0.8584,0.8584,3.0696,30.4908,0.0,0.7536
3443,5028,228.1,3.15,328.58,260.63,0.7471,0.3735,2.3128,28.7264,0.0,0.3489
3443,5032,116.24,1.89,170.62,169.48,0.8794,0.4397,4.4662,9.0975,0.0,0.3226
3443,4999,6.3,7.64,71.42,226.5,0.6689,0.6689,3.1018,30.4274,0.0,0.5845
3444,5028,233.75,1.17,335.13,260.5,0.8135,0.4068,2.3364,29.3408,0.0,0.3805
3444,5032,115.75,2.03,170.11,171.49,0.876,0.438,4.3739,9.4142,0.0,0.3266
3444,4999,7.05,7.72,70.97,226.02,0.8369,0.8369,3.1115,30.3706,0.0,0.7304
3444,4879,252.31,5.56,293.37,138.23,0.4805,0.4805,6.8998,18.4789,156.1409,0.1519
3445,5028,238.81,0.41,340.46,260.64,0.3184,0.1592,2.3538,29.9034,0.0,0.149
3445,5032,114.66,1.82,168.85,171.87,0.8931,0.4466,4.3594,9.6488,0.0,0.3337
3445,4999,4.98,8.11,69.12,229.26,0.834,0.417,3.0524,30.8786,0.0,0.3666
3445,4879,254.22,5.25,293.61,139.84,0.4055,0.4055,6.7494,18.6617,17.59,0.2569
3446,5032,112.66,2.49,167.33,174.41,0.8369,0.4184,4.2511,10.2337,26.6826,0.3037
3446,4999,5.13,9.83,67.54,226.5,0.8804,0.8804,3.1157,30.7607,0.0,0.7668
3446,4879,254.67,4.83,292.19,138.45,0.5078,0.2539,6.8824,18.5854,164.9373,0.0802
3446,5044,284.58,0.08,340.58,143.44,0.6289,0.3145,6.7572,25.4694,0.0,0.1994
3447,5032,111.52,2.56,166.36,175.26,0.8701,0.435,4.2172,10.5034,0.0,0.333
3447,4999,4.98,10.93,67.22,228.59,0.8936,0.4468,3.0718,30.9508,0.0,0.3915
3447,4879,253.28,4.7,290.86,142.62,0.6245,0.3123,6.4767,18.3049,15.0287,0.1993
3447,5028,249.81,0.31,350.74,261.52,0.8062,0.4031,2.3833,31.1376,0.0,0.3775
3448,5032,110.75,3.34,165.57,176.3,0.8545,0.4273,4.1752,10.7523,0.0,0.3293
3448,4999,5.31,11.61,67.0,228.82,0.8853,0.8853,3.0666,30.9613,0.0,0.7764
3448,4879,251.68,4.46,289.46,143.61,0.6436,0.3218,6.3782,18.0244,22.6291,0.201
3448,5028,258.72,0.59,357.38,261.24,0.5601,0.2801,2.42,31.9534,0.0,0.2629
3449,5032,110.65,4.1,165.25,176.94,0.8667,0.4334,4.1491,10.8633,0.0,0.3355
3449,4999,5.87,11.65,66.86,227.72,0.8945,0.8945,3.089,30.8495,0.0,0.7821
3449,4879,250.37,4.76,288.03,142.97,0.7124,0.3562,6.4246,17.77,0.0,0.2318
3449,5028,262.84,0.49,358.18,259.82,0.7017,0.3508,2.4514,32.0831,0.0,0.3307
3450,5032,110.48,4.48,164.85,177.44,0.8745,0.4373,4.1292,10.9691,0.0,0.3396
3450,4999,7.63,10.99,67.63,226.01,0.8794,0.8794,3.1193,30.5525,0.0,0.7661
3450,4879,250.35,4.86,287.66,141.51,0.7256,0.3628,6.5549,17.739,165.1417,0.1152
3450,5028,270.91,0.42,360.0,259.46,0.8604,0.4302,2.4788,32.5967,0.0,0.4064
3451,5032,110.75,4.71,165.54,180.01,0.8711,0.4355,4.0249,11.2198,23.0989,0.3326
3451,4999,8.48,9.7,67.42,223.25,0.8496,0.8496,3.1793,30.3015,0.0,0.734
3451,4879,250.07,4.91,287.88,143.58,0.7002,0.3501,6.3694,17.7271,14.9812,0.2239
3451,5028,275.81,0.37,360.0,258.19,0.8184,0.4092,2.5091,32.7511,0.0,0.387
3452,5032,112.58,5.44,167.08,182.71,0.835,0.835,3.9175,11.3331,26.4336,0.6427
3452,4999,8.28,9.48,66.16,219.62,0.4131,0.4131,3.268,30.1336,0.0,0.3522
3452,4879,250.11,5.0,287.51,141.67,0.7007,0.7007,6.5388,17.7018,165.2282,0.2225
3452,5028,276.45,2.65,360.0,257.41,0.6953,0.3477,2.5224,32.7148,0.0,0.3282
3453,5032,113.39,5.81,168.79,184.81,0.8467,0.8467,3.8375,11.4519,0.0,0.6901
3453,4999,9.47,8.92,66.21,215.95,0.8555,0.8555,3.3541,29.7878,0.0,0.7204
3453,4879,250.4,4.87,287.16,138.92,0.7285,0.3643,6.7998,17.7176,165.9013,0.1157
3453,5028,278.41,1.52,360.0,258.7,0.7598,0.3799,2.5074,32.9439,0.0,0.3592
3454,5032,113.07,5.85,169.18,186.12,0.8394,0.8394,3.7906,11.636,0.0,0.6892
3454,4999,11.02,8.62,65.87,209.47,0.8486,0.8486,3.52,29.2627,153.6542,0.4142
3454,4879,249.64,4.8,286.47,140.29,0.7808,0.3904,6.6619,17.5695,15.3841,0.2495
3454,5028,280.5,0.71,360.0,259.55,0.5537,0.2768,2.4994,33.1388,0.0,0.2618
3455,5032,113.8,5.67,171.16,188.05,0.8657,0.8657,3.7207,11.7436,0.0,0.7188
3455,4999,12.46,8.41,65.74,204.29,0.8594,0.8594,3.6626,28.8372,154.3946,0.4042
3455,4879,249.1,4.88,285.59,139.79,0.8052,0.4026,6.7045,17.4409,0.0,0.2622
3455,5028,281.6,0.38,360.0,259.86,0.8916,0.4458,2.4973,33.2284,0.0,0.4213
3456,5032,114.0,4.77,172.38,188.2,0.8989,0.4495,3.7141,11.6759,0.0,0.3736
3456,4999,11.74,8.23,64.17,200.58,0.8638,0.8638,3.7819,28.7806,155.6136,0.3927
3456,4879,249.11,5.01,285.28,139.79,0.8037,0.8037,6.7034,17.4129,0.0,0.5235
3456,5028,282.29,0.61,360.0,260.9,0.7671,0.3836,2.4835,33.3619,0.0,0.3616
3457,5032,111.98,3.69,171.35,188.2,0.8916,0.4458,3.7173,11.8708,0.0,0.3703
3457,4999,11.92,8.27,64.13,200.08,0.8647,0.8647,3.797,28.7412,0.0,0.6797
3457,4879,248.72,5.38,285.23,142.46,0.834,0.834,6.4542,17.3551,14.7566,0.5342
3457,5028,282.95,3.29,360.0,260.26,0.6895,0.3448,2.4945,33.3399,0.0,0.3256
3458,5032,109.58,2.81,170.46,188.81,0.8916,0.4458,3.7002,12.1749,0.0,0.3711
3458,4999,12.27,8.28,63.81,198.86,0.8286,0.8286,3.8354,28.6687,0.0,0.6472
3458,4879,248.93,5.34,285.27,142.91,0.8169,0.8169,6.415,17.3773,0.0,0.5322
3458,5028,282.89,1.3,360.0,260.09,0.771,0.3855,2.4969,33.3211,0.0,0.3642
3459,5032,103.2,2.3,164.46,189.28,0.8862,0.4431,3.699,13.0795,0.0,0.3684
3459,4999,12.13,8.47,62.57,195.1,0.8228,0.8228,3.9632,28.5631,156.7762,0.3546
3459,4879,249.59,5.27,286.23,143.58,0.8286,0.8286,6.3619,17.5279,0.0,0.5396
3459,5028,282.75,0.54,360.0,261.51,0.6216,0.3108,2.4755,33.4431,0.0,0.2926
3460,5032,100.03,1.92,161.73,189.33,0.8818,0.4409,3.705,13.503,0.0,0.366
3460,4999,13.16,8.64,63.04,193.15,0.8467,0.8467,4.025,28.3475,0.0,0.6407
3460,4879,248.61,5.1,284.9,142.4,0.8076,0.8076,6.458,17.3141,0.0,0.5262
3460,5028,283.93,5.43,360.0,262.03,0.2338,0.1169,2.4706,33.5557,0.0,0.1099
3461,5032,96.74,2.25,158.96,189.5,0.9009,0.4505,3.7077,13.9631,0.0,0.3735
3461,4999,12.33,8.61,62.16,192.81,0.8062,0.8062,4.0426,28.4586,0.0,0.6079
3461,4879,246.81,5.08,283.44,143.57,0.8433,0.8433,6.3434,17.0052,21.9805,0.5295
3461,5028,285.61,15.98,360.0,260.54,0.8628,0.4314,2.4965,33.5129,0.0,0.4073
3462,5032,94.52,2.01,157.48,189.44,0.8843,0.4421,3.7151,14.2276,0.0,0.366
3462,4999,11.24,8.97,61.39,192.95,0.8516,0.8516,4.044,28.6057,0.0,0.6416
3462,4879,244.79,4.8,282.04,144.37,0.8604,0.4302,6.2632,16.6827,0.0,0.2808
3462,5028,285.8,12.42,360.0,260.14,0.7319,0.3659,2.503,33.4873,0.0,0.3456
3463,5032,90.39,2.2,154.57,189.75,0.9165,0.4582,3.7153,14.7911,0.0,0.3789
3463,4999,11.62,9.39,62.18,192.9,0.8638,0.8638,4.0418,28.5152,0.0,0.6513
3463,4879,245.7,4.78,281.92,140.6,0.8433,0.4217,6.6023,16.7701,165.5584,0.1346
3463,5028,285.31,5.88,360.0,262.42,0.604,0.302,2.4681,33.667,0.0,0.2838
3464,5032,86.7,2.37,151.44,189.66,0.8965,0.4482,3.7293,15.2987,0.0,0.3695
3464,4999,12.05,10.38,61.79,192.67,0.8076,0.8076,4.0497,28.5004,0.0,0.6081
3464,4879,243.02,4.96,280.46,143.65,0.8618,0.4309,6.3138,16.3658,17.0374,0.2751
3465,5032,83.91,2.35,149.54,190.81,0.8813,0.4406,3.6986,15.7893,0.0,0.3647
3465,4999,11.39,11.59,60.61,192.55,0.7485,0.7485,4.0602,28.6326,0.0,0.5623
3465,4879,244.48,4.85,281.58,143.11,0.8467,0.4234,6.3694,16.6107,0.0,0.2763
3466,5032,81.95,1.88,149.85,195.75,0.8916,0.4458,3.5436,16.4873,26.2449,0.3623
3466,4999,11.0,12.6,59.57,191.25,0.8467,0.8467,4.1114,28.6753,0.0,0.6302
3466,4879,242.09,5.08,279.82,144.47,0.8506,0.8506,6.2386,16.217,23.4789,0.5323
3467,5032,80.11,0.89,149.53,199.07,0.9004,0.4502,3.4477,17.0435,0.0,0.3867
3467,4999,10.94,13.52,59.72,193.93,0.834,0.834,4.0167,28.8035,0.0,0.6309
3467,4879,240.55,5.19,278.72,144.89,0.8433,0.8433,6.1948,15.9669,0.0,0.5514
3468,5032,79.94,0.87,150.64,202.59,0.9014,0.4507,3.3459,17.4123,26.9792,0.3766
3468,4999,10.15,13.2,59.66,197.56,0.7612,0.7612,3.8979,29.0591,24.1994,0.5651
3468,4879,239.34,5.32,277.88,144.94,0.8271,0.8271,6.1842,15.7718,0.0,0.541
3469,5032,79.85,0.42,151.02,204.54,0.8945,0.4472,3.292,17.6397,0.0,0.393
3469,4999,10.06,13.89,58.89,196.26,0.4397,0.4397,3.9436,29.0527,0.0,0.3366
3469,4879,237.47,5.63,276.42,145.51,0.8477,0.8477,6.1268,15.4556,0.0,0.5549
3470,5032,81.09,0.25,152.03,203.95,0.9038,0.4519,3.3045,17.4106,0.0,0.3965
3470,4999,13.56,12.7,54.15,159.02,0.4368,0.4368,5.6821,27.8258,163.2341,0.1288
3470,4879,237.21,5.26,276.23,145.16,0.7871,0.7871,6.1542,15.4114,0.0,0.5153
3471,5032,82.13,0.47,153.61,207.07,0.9097,0.4548,3.2176,17.6441,0.0,0.4042
3471,4999,10.19,12.02,57.12,182.28,0.8525,0.8525,4.4708,28.5222,21.017,0.5751
3471,4879,237.27,5.04,276.07,145.02,0.6841,0.6841,6.1656,15.4015,0.0,0.4479
3472,5032,81.42,0.65,152.43,208.57,0.8979,0.449,3.1818,17.9674,0.0,0.4008
3472,4999,9.59,11.56,57.69,186.88,0.6738,0.6738,4.286,28.7194,21.8282,0.4696
3472,4879,236.84,4.52,275.6,145.33,0.8315,0.4158,6.1372,15.3163,0.0,0.2722
3473,5032,82.93,0.64,153.58,208.45,0.9072,0.4536,3.1809,17.7789,0.0,0.4052
3473,4999,10.01,11.19,57.72,184.74,0.8135,0.8135,4.3686,28.5919,0.0,0.5778
3473,4879,237.05,4.21,275.28,144.7,0.8506,0.4253,6.1892,15.3042,0.0,0.2785
3474,5032,83.52,1.1,153.51,208.53,0.9116,0.4558,3.1781,17.7562,0.0,0.4074
3474,4999,10.81,10.95,58.21,183.35,0.8394,0.8394,4.4201,28.4346,0.0,0.5907
3474,4879,236.27,4.16,274.22,144.83,0.8403,0.4202,6.1727,15.1281,0.0,0.2752
3475,5032,83.14,1.46,153.39,212.2,0.876,0.438,3.0878,18.2885,0.0,0.3963
3475,4999,12.97,10.95,59.89,178.74,0.5962,0.5962,4.6021,27.9542,157.2065,0.2072
3475,4879,236.44,3.82,273.95,144.68,0.8604,0.4302,6.185,15.1182,0.0,0.2818
3476,5032,81.61,1.42,151.64,215.39,0.8184,0.4092,3.017,18.93,0.0,0.3736
3476,4999,12.9,11.14,59.31,177.59,0.8101,0.8101,4.656,27.9623,0.0,0.5457
3476,4879,236.25,3.49,273.42,145.0,0.8413,0.4207,6.1561,15.0498,0.0,0.2756
3477,5032,80.82,0.76,150.11,215.82,0.7964,0.3982,3.0104,19.1312,0.0,0.3638
3477,4999,14.26,11.21,60.84,177.2,0.8184,0.8184,4.6627,27.7215,0.0,0.5511
3477,4879,236.28,3.37,272.98,145.11,0.7949,0.3975,6.1458,15.0108,0.0,0.2604
3478,5032,78.93,0.51,146.37,214.45,0.8076,0.4038,3.0509,19.298,0.0,0.3666
3478,4999,14.86,11.33,61.73,176.62,0.8545,0.8545,4.6835,27.5832,0.0,0.5734
3478,4879,235.87,2.89,272.15,145.25,0.8003,0.4002,6.1306,14.8921,0.0,0.2623
3479,5032,76.06,0.14,143.08,216.08,0.8516,0.4258,3.0225,19.9031,0.0,0.3877
3479,4999,15.35,11.19,62.44,175.22,0.8271,0.8271,4.7439,27.4385,0.0,0.5486
3479,4879,234.92,2.96,270.83,145.2,0.8169,0.4084,6.128,14.6735,0.0,0.2679
3480,5032,75.09,0.0,141.41,216.84,0.8755,0.4377,3.0093,20.1696,0.0,0.3991
3480,4999,16.32,11.51,64.1,175.85,0.8711,0.8711,4.7044,27.2525,0.0,0.5828
3480,4879,234.26,3.0,269.92,145.55,0.8413,0.4207,6.0948,14.5235,0.0,0.276
3481,5032,73.75,0.14,139.42,216.99,0.876,0.438,3.0113,20.4016,0.0,0.399
3481,4999,15.86,11.82,64.0,176.31,0.8403,0.8403,4.6853,27.3136,0.0,0.5642
3481,4879,233.73,2.49,269.17,145.87,0.8584,0.4292,6.0651,14.4015,0.0,0.2816
3482,5032,69.77,0.47,135.85,217.74,0.8818,0.4409,3.007,20.9829,0.0,0.4014
3482,4999,17.28,12.4,65.99,176.51,0.7754,0.7754,4.6633,27.0505,0.0,0.5235
3482,4879,232.34,2.39,267.71,145.7,0.8525,0.4263,6.0709,14.1252,0.0,0.2799
3483,5032,67.01,0.7,133.54,218.07,0.9282,0.4641,3.0083,21.3537,0.0,0.422
3483,4999,16.87,12.14,66.02,176.6,0.8677,0.8677,4.6606,27.0841,0.0,0.586
3483,4879,231.75,2.24,266.9,145.17,0.8564,0.4282,6.1104,13.9875,0.0,0.2812
3484,5032,64.54,0.41,131.78,218.25,0.8979,0.449,3.0118,21.653,0.0,0.4078
3484,4999,17.88,12.7,67.3,176.66,0.7285,0.7285,4.6493,26.9042,0.0,0.4934
3484,4879,230.96,2.19,266.1,145.34,0.8159,0.4079,6.092,13.834,0.0,0.268
3485,5032,63.39,0.12,131.15,218.47,0.8584,0.4292,3.0101,21.7965,0.0,0.3898
3485,4999,19.6,13.0,69.67,176.14,0.7285,0.7285,4.658,26.5578,0.0,0.4933
3485,4879,229.85,2.55,264.99,145.59,0.7964,0.3982,6.0656,13.6195,0.0,0.2617
3486,5032,61.54,0.11,129.61,217.32,0.8555,0.4278,3.0426,21.8867,0.0,0.3865
3486,4999,21.8,13.85,70.33,170.07,0.4302,0.4302,4.9414,26.1148,159.9725,0.1321
3486,4879,227.51,1.86,263.2,145.31,0.8574,0.4287,6.0775,13.2162,0.0,0.282
3487,5032,63.69,0.01,131.49,217.22,0.8423,0.4212,3.0374,21.6061,0.0,0.3811
3487,4999,24.36,13.97,74.88,174.44,0.8423,0.8423,4.7004,25.688,22.3779,0.5463
3487,4879,225.52,2.06,261.84,145.57,0.8237,0.4118,6.0476,12.8902,0.0,0.2711
3488,5032,61.73,0.0,130.08,217.43,0.8779,0.439,3.0388,21.8553,0.0,0.3969
3488,4999,25.45,14.2,76.5,175.47,0.8037,0.8037,4.6427,25.5073,0.0,0.548
3488,4879,223.3,2.17,260.27,145.11,0.7559,0.378,6.0756,12.5171,0.0,0.249
3489,5032,60.83,0.25,129.74,218.05,0.895,0.4475,3.0269,22.0103,0.0,0.4052
3489,4999,24.58,14.18,75.24,175.78,0.7778,0.7778,4.6361,25.6929,0.0,0.5306
3489,4879,229.18,2.66,260.65,122.99,0.498,0.249,8.6051,13.7733,168.7943,0.0806
3490,5032,60.27,0.26,130.41,221.14,0.916,0.458,2.9577,22.3662,0.0,0.4186
3490,4999,26.91,14.26,76.26,172.28,0.7285,0.7285,4.7895,25.2864,157.5228,0.24
3490,4879,219.18,2.04,256.01,137.88,0.686,0.343,6.7052,11.7546,15.3454,0.2222
3491,5032,61.31,0.63,132.17,223.95,0.8843,0.4421,2.8923,22.524,0.0,0.4078
3491,4999,28.28,13.81,77.16,171.06,0.7168,0.7168,4.8413,25.0558,0.0,0.4705
3491,4879,215.2,1.14,255.02,142.76,0.7334,0.3667,6.2417,11.202,16.5309,0.2371
3492,5032,60.65,0.59,132.5,226.65,0.8169,0.4084,2.8368,22.8749,0.0,0.3794
3492,4999,30.83,13.74,77.54,163.7,0.6953,0.6953,5.2242,24.585,161.196,0.2108
3492,4879,210.89,1.06,252.74,144.81,0.7471,0.3735,6.0543,10.5464,25.9078,0.2344
3493,5032,58.54,0.85,131.24,228.38,0.8496,0.4248,2.8079,23.2956,0.0,0.3958
3493,4999,30.51,13.7,75.47,160.01,0.7285,0.7285,5.4542,24.6984,162.4609,0.2206
3493,4879,207.93,1.41,251.43,145.59,0.8594,0.4297,5.9822,10.1249,0.0,0.2842
3494,5032,54.21,0.31,128.5,230.1,0.8931,0.4466,2.7865,23.9397,0.0,0.4167
3494,4999,31.1,13.28,73.7,153.5,0.644,0.644,5.8937,24.6879,163.9002,0.195
3494,4879,206.41,2.01,251.27,145.96,0.8486,0.4243,5.9493,9.96,0.0,0.2807
3495,5032,51.71,0.1,127.16,231.72,0.8867,0.4434,2.762,24.3692,0.0,0.4147
3495,4999,31.94,12.88,74.32,154.93,0.6245,0.6245,5.7866,24.5836,17.1667,0.3882
3495,4879,205.28,2.33,251.35,146.07,0.7754,0.3877,5.9385,9.8561,0.0,0.2566
3496,5032,50.79,0.2,126.62,231.46,0.8789,0.4395,2.7698,24.4282,0.0,0.4105
3496,4999,33.62,12.53,74.03,149.28,0.2737,0.2737,6.1987,24.4039,164.2744,0.0831
3496,4879,205.47,2.83,252.36,146.19,0.5078,0.2539,5.9313,9.9769,0.0,0.168
3497,5032,53.84,0.24,128.75,229.83,0.7153,0.3577,2.792,23.9148,0.0,0.3335
3497,4999,40.04,12.78,70.5,112.01,0.4302,0.4302,11.4663,24.826,171.4745,0.1301
3497,4879,204.25,2.92,252.13,146.21,0.4302,0.2151,5.9269,9.8324,0.0,0.1423
3498,5032,55.44,0.35,131.98,236.31,0.8203,0.4102,2.6607,24.4168,33.4053,0.3665
3498,4999,43.71,12.95,69.65,94.53,0.2878,0.2878,18.5434,25.5182,174.6714,0.0866
3498,4879,199.77,2.75,249.1,146.3,0.8394,0.4197,5.9058,9.0821,0.0,0.278
3499,5032,57.66,0.49,134.18,236.42,0.6875,0.3438,2.6511,24.1744,0.0,0.3268
3499,4999,46.01,12.94,70.54,86.82,0.4302,0.4302,25.2826,25.7882,175.9774,0.1291
3499,4879,203.37,2.8,252.41,146.4,0.8604,0.4302,5.9107,9.7743,0.0,0.2847
3500,5032,56.39,0.63,134.97,242.21,0.6021,0.301,2.5503,24.9403,33.9363,0.2726
3500,4879,204.9,2.26,253.79,146.24,0.5708,0.2854,5.929,10.0631,0.0,0.1888
3501,5032,49.99,0.78,131.03,248.66,0.8262,0.4131,2.4616,26.3226,45.5926,0.3554
3501,4879,201.73,1.87,251.47,146.91,0.7422,0.3711,5.866,9.5224,0.0,0.2457
3502,5032,50.41,0.56,133.29,253.0,0.8262,0.4131,2.3899,26.7313,0.0,0.3923
3502,4879,201.39,1.35,251.63,147.06,0.8286,0.4143,5.854,9.5063,0.0,0.2743
3503,5032,50.83,0.56,131.05,240.89,0.6001,0.3,2.589,25.3051,146.7021,0.1869
3503,4879,197.34,1.07,248.29,146.08,0.8433,0.4217,5.9175,8.7549,126.9775,0.1389
3504,5032,47.42,0.38,131.85,251.45,0.8486,0.4243,2.4209,26.7664,35.794,0.378
3504,4879,198.09,1.24,249.07,146.91,0.8691,0.4345,5.8551,8.918,0.0,0.2879
3505,5032,44.62,0.31,131.52,256.36,0.8306,0.4153,2.3524,27.545,0.0,0.3914
3505,4879,194.76,0.94,246.38,146.75,0.8906,0.4453,5.8574,8.3115,0.0,0.2953
3506,5032,40.16,0.1,127.61,257.45,0.8315,0.4158,2.3507,28.111,0.0,0.3911
3506,4879,192.95,1.21,244.7,146.68,0.8394,0.4197,5.8573,7.9593,0.0,0.2785
3507,5032,37.5,0.02,125.68,257.87,0.9082,0.4541,2.3526,28.4003,0.0,0.427
3507,4879,194.05,0.75,244.96,146.27,0.7939,0.397,5.8915,8.0911,0.0,0.2633
3508,5032,35.21,0.36,122.52,254.54,0.7739,0.387,2.4116,28.2922,0.0,0.367
3508,4879,193.95,1.05,243.82,146.58,0.8467,0.4234,5.8652,7.9701,0.0,0.2809
3509,5032,33.47,0.31,117.99,245.02,0.8237,0.4118,2.5749,27.5458,146.0913,0.2549
3509,4879,192.31,0.7,241.53,146.87,0.7949,0.3975,5.8367,7.5782,0.0,0.2638
3509,5057,313.15,109.07,358.02,204.75,0.3577,0.1789,3.7437,30.9665,0.0,0.1407
3510,5032,29.48,0.57,116.48,253.55,0.9058,0.4529,2.4488,28.8201,37.5293,0.3999
3510,4879,191.62,0.48,239.89,146.61,0.8682,0.4341,5.8535,7.3392,0.0,0.2882
3510,5057,311.13,109.71,354.27,201.47,0.2261,0.2261,3.8241,30.3774,0.0,0.1758
3511,5032,27.7,0.39,115.46,255.81,0.9062,0.4531,2.4199,29.2287,0.0,0.429
3511,4879,191.05,0.59,238.55,147.06,0.8838,0.4419,5.816,7.1536,0.0,0.2935
3511,5057,309.72,106.5,353.81,199.62,0.396,0.396,3.8761,30.1439,0.0,0.3055
3512,5032,27.04,0.32,115.73,258.48,0.916,0.458,2.3811,29.5509,0.0,0.4309
3512,4879,190.88,0.54,237.52,147.32,0.8564,0.4282,5.7944,7.0374,0.0,0.2844
3512,5057,307.71,109.67,351.16,200.74,0.3025,0.3025,3.8251,29.8674,0.0,0.2357
3513,5032,26.56,0.11,115.54,258.62,0.8862,0.4431,2.3804,29.6026,0.0,0.4168
3513,4879,190.18,1.08,236.74,150.56,0.8218,0.4109,5.5542,6.9839,17.308,0.2667
3513,5057,305.06,105.81,351.21,201.83,0.5,0.5,3.7827,29.74,0.0,0.3925
3514,5032,27.08,0.3,116.43,258.98,0.9268,0.4634,2.3725,29.5679,0.0,0.4354
3514,4879,189.58,0.55,235.74,151.96,0.811,0.4055,5.4548,6.8863,19.3812,0.2617
3515,5032,28.78,0.47,118.43,258.51,0.9028,0.4514,2.3723,29.3171,0.0,0.4244
3515,4879,188.51,0.53,234.06,152.48,0.7861,0.3931,5.4161,6.6423,0.0,0.2612
3515,5057,296.6,66.16,360.0,203.37,0.4795,0.2397,3.737,29.8516,0.0,0.1896
3516,5032,30.8,0.44,121.73,259.96,0.9092,0.4546,2.3416,29.2042,0.0,0.4257
3516,4879,188.22,0.8,232.45,150.44,0.833,0.4165,5.555,6.3572,161.1,0.138
3516,5057,293.23,50.93,360.0,204.05,0.5332,0.2666,3.7058,29.6489,0.0,0.2121
3517,5032,31.63,0.15,123.68,260.83,0.9062,0.4531,2.3242,29.1618,0.0,0.4233
3517,4879,185.53,1.28,229.48,150.0,0.8413,0.4207,5.5799,5.7753,0.0,0.2797
3517,5057,286.09,17.71,360.0,204.46,0.6802,0.3401,3.671,29.1585,0.0,0.2726
3518,5032,33.73,0.05,127.29,262.24,0.8442,0.4221,2.2943,29.0376,0.0,0.3928
3518,4879,185.63,0.63,229.01,149.09,0.6929,0.3464,5.6453,5.7016,0.0,0.2304
3518,5057,283.91,3.74,360.0,204.46,0.7319,0.3659,3.6642,29.0008,0.0,0.2938
3519,5032,34.79,0.0,129.8,263.56,0.8682,0.4341,2.2699,29.0182,0.0,0.4026
3519,4879,180.93,0.47,225.1,149.85,0.8286,0.4143,5.5818,4.8764,56.8297,0.2132
3519,5057,283.62,0.0,360.0,204.63,0.8721,0.436,3.6583,28.9903,0.0,0.3505
3519,5062,80.24,14.16,104.45,48.41,0.4551,0.4551,10.0,90.0,0.0,0.0
3520,5032,37.25,1.01,133.67,264.39,0.5547,0.2773,2.248,28.8083,0.0,0.2566
3520,4879,183.08,0.42,226.1,147.91,0.7407,0.3704,5.7271,5.1117,159.4852,0.123
3520,5057,284.3,0.0,360.0,204.7,0.8433,0.4217,3.6584,29.0438,0.0,0.3389
3520,5062,82.53,14.35,106.78,48.65,0.2274,0.2274,10.0,90.0,0.0,0.0
3521,5032,37.98,0.37,136.98,267.35,0.8442,0.4221,2.202,28.9847,0.0,0.3877
3521,4879,179.05,0.49,223.43,151.17,0.7188,0.3594,5.4857,4.6046,23.4508,0.2293
3521,5057,285.06,0.0,360.0,205.0,0.8452,0.4226,3.652,29.1173,0.0,0.3399
3522,5032,39.15,0.5,138.6,265.48,0.8193,0.4097,2.2222,28.6159,0.0,0.3778
3522,4879,179.53,0.61,223.3,149.07,0.7778,0.3889,5.6354,4.5206,163.1838,0.1292
3522,5057,286.06,0.0,360.0,204.76,0.7485,0.3743,3.6622,29.1747,0.0,0.3004
3522,5062,86.75,15.05,110.4,48.43,0.304,0.304,10.0,90.0,0.0,0.0
3523,5032,39.58,0.17,140.48,265.17,0.8916,0.4458,2.2227,28.4667,0.0,0.4114
3523,4879,175.97,1.5,221.14,152.72,0.8252,0.4126,5.3759,4.2126,21.5757,0.2651
3523,5057,287.27,0.0,360.0,204.49,0.8647,0.4324,3.6739,29.2456,0.0,0.3463
3523,5062,88.82,15.61,112.19,48.54,0.2854,0.2854,10.0,90.0,0.0,0.0
3524,5032,39.2,0.24,141.39,266.41,0.9004,0.4502,2.2054,28.6003,0.0,0.4142
3524,4879,174.65,0.91,220.04,153.24,0.7739,0.387,5.3396,4.0387,0.0,0.2576
3524,5057,288.1,0.0,360.0,204.47,0.8594,0.4297,3.6771,29.3043,0.0,0.3439
3525,5032,39.76,0.45,143.64,267.78,0.8906,0.4453,2.1831,28.6458,0.0,0.4083
3525,4879,172.18,0.77,218.55,154.99,0.8564,0.4282,5.2237,3.8826,25.7348,0.271
3525,5057,288.91,0.0,360.0,205.0,0.8584,0.4292,3.6641,29.3949,0.0,0.3442
3526,5032,41.1,0.34,147.51,272.15,0.8818,0.4409,2.1197,28.9801,0.0,0.4001
3526,4879,170.62,0.63,217.79,155.92,0.8442,0.4221,5.164,3.8115,0.0,0.2811
3526,5057,289.46,0.0,360.0,205.12,0.7285,0.3643,3.6623,29.4417,0.0,0.2921
3527,5032,41.35,0.12,148.62,273.58,0.8721,0.436,2.1001,29.1085,0.0,0.3944
3527,4879,171.82,0.39,219.13,155.33,0.7925,0.3962,5.2023,3.9417,0.0,0.2639
3527,5057,290.62,0.0,360.0,204.53,0.8237,0.4118,3.6833,29.4896,0.0,0.3291
3527,5066,98.66,17.28,140.88,138.39,0.5469,0.5469,6.6687,12.261,0.0,0.3604
3528,5032,41.88,0.4,149.62,275.47,0.8628,0.4314,2.0749,29.292,0.0,0.3886
3528,4879,171.88,0.3,219.41,155.45,0.8184,0.4092,5.195,3.9843,0.0,0.2725
3528,5057,291.05,0.0,360.0,204.57,0.8789,0.4395,3.6835,29.5229,0.0,0.3511
3528,5066,97.21,16.97,138.4,135.36,0.4707,0.4707,6.9882,12.7126,164.4636,0.1531
3529,5032,45.55,0.14,153.63,275.3,0.8804,0.4402,2.0662,28.9491,0.0,0.3964
3529,4879,169.74,0.27,217.49,155.84,0.8574,0.4287,5.1683,3.7089,0.0,0.2855
3529,5057,291.55,0.0,360.0,205.23,0.8555,0.4278,3.6657,29.5985,0.0,0.3427
3529,5066,97.5,16.31,138.67,135.22,0.4543,0.4543,7.0016,12.6621,0.0,0.2992
3530,5032,47.9,0.04,156.27,275.74,0.8979,0.449,2.0541,28.8055,0.0,0.4037
3530,4879,170.97,0.26,217.95,154.5,0.8413,0.4207,5.254,3.6734,0.0,0.2801
3530,5057,292.14,0.0,360.0,204.84,0.8525,0.4263,3.679,29.6174,0.0,0.3407
3531,5032,49.07,0.0,157.53,276.79,0.8638,0.4319,2.0384,28.8518,0.0,0.3875
3531,4879,170.93,0.07,217.61,154.9,0.7949,0.3975,5.2283,3.6912,0.0,0.2647
3531,5057,292.68,0.0,360.0,204.78,0.8789,0.4395,3.6825,29.6526,0.0,0.351
3532,5032,51.02,0.18,159.01,277.15,0.6626,0.3313,2.0298,28.767,0.0,0.2969
3532,4879,169.65,0.0,215.83,155.59,0.8228,0.4114,5.1831,3.5408,0.0,0.274
3532,5057,292.32,0.0,360.0,204.76,0.8486,0.4243,3.6819,29.6256,0.0,0.3389
3533,5032,54.09,0.06,161.61,277.8,0.895,0.4475,2.015,28.6404,0.0,0.4003
3533,4879,168.07,0.0,213.74,155.48,0.5293,0.2646,5.1884,3.2558,0.0,0.1763
3533,5057,292.63,0.0,360.0,204.2,0.8125,0.4062,3.6994,29.6146,0.0,0.3236
3534,5032,56.57,0.01,163.2,278.19,0.8901,0.4451,2.0055,28.5437,0.0,0.3977
3534,4879,166.79,0.16,211.65,155.79,0.7695,0.3847,5.1678,3.0779,0.0,0.2563
3534,5057,292.12,0.0,360.0,204.35,0.8682,0.4341,3.6934,29.5868,0.0,0.3462
3535,5032,57.75,0.0,162.87,277.37,0.8184,0.4092,2.014,28.3967,0.0,0.3663
3535,4879,164.71,0.23,208.63,155.71,0.8193,0.4097,5.1713,2.7719,0.0,0.2729
3535,5057,291.34,0.0,358.19,204.42,0.8037,0.4018,3.6831,29.4044,0.0,0.3212
3536,5032,60.82,0.0,164.54,277.03,0.8555,0.4278,2.0124,28.1755,0.0,0.383
3536,4879,162.67,0.26,205.49,155.86,0.7695,0.3847,5.1609,2.58,0.0,0.2564
3536,5057,288.75,0.0,355.01,204.81,0.8159,0.4079,3.6535,29.0116,0.0,0.3281
3537,5032,63.16,0.0,165.64,276.87,0.8667,0.4334,2.0103,28.0294,0.0,0.3881
3537,4879,161.26,0.27,203.17,155.91,0.5981,0.299,5.1573,2.4921,0.0,0.1993
3537,5057,286.76,0.0,352.52,204.31,0.7231,0.3615,3.6542,28.6553,0.0,0.2911
3538,5032,67.65,0.64,169.67,276.42,0.4092,0.2046,2.0062,27.6682,0.0,0.1833
3538,4879,159.97,0.18,200.93,155.36,0.6816,0.3408,5.1916,2.3389,0.0,0.2271
3538,5057,285.66,0.0,350.59,203.48,0.8203,0.4102,3.6694,28.382,0.0,0.3298
3539,5032,71.73,0.24,174.26,276.78,0.8794,0.4397,1.993,27.4356,0.0,0.3935
3539,4879,157.53,0.24,197.88,154.59,0.6646,0.3323,5.2407,2.2294,0.0,0.2214
3539,5057,284.28,0.0,348.67,203.9,0.498,0.249,3.6469,28.1671,0.0,0.2011
3540,5032,69.24,0.08,169.85,276.72,0.8252,0.4126,2.0008,27.6525,0.0,0.3694
3540,4879,155.0,0.17,195.29,155.87,0.7407,0.3704,5.1605,2.638,0.0,0.2468
3540,5057,283.72,0.0,347.31,203.51,0.8423,0.4212,3.6525,28.0012,0.0,0.34
3541,5032,68.39,0.02,168.2,280.39,0.5449,0.2725,1.9613,28.2722,0.0,0.242
3541,4879,155.69,0.14,195.01,154.59,0.6279,0.314,5.2413,2.3794,0.0,0.2092
3541,5057,281.37,0.0,344.56,203.37,0.7988,0.3994,3.6413,27.6166,0.0,0.3235
3542,5032,78.26,0.0,180.11,285.64,0.8262,0.4131,1.8827,28.3966,60.1223,0.2934
3542,4879,158.48,0.04,192.34,132.31,0.4417,0.2208,7.1428,2.5834,166.6123,0.0735
3542,5057,283.95,0.0,346.08,204.24,0.4863,0.2432,3.6281,27.9752,0.0,0.1971
3543,5032,83.95,0.18,185.99,287.61,0.8076,0.4038,1.8525,28.4006,0.0,0.3527
3543,4879,159.4,0.0,189.77,118.37,0.2798,0.1399,9.1446,5.3764,169.4538,0.0464
3543,5057,284.31,0.0,342.07,191.23,0.8145,0.4073,4.0348,26.917,156.4635,0.1735
3544,5032,80.05,0.06,179.4,288.0,0.6406,0.3203,1.8569,28.7213,0.0,0.2797
3544,4879,155.05,0.0,191.29,143.73,0.395,0.1975,6.0343,1.4067,15.7631,0.1292
3544,5057,282.86,0.0,341.45,197.83,0.833,0.4165,3.8063,27.1426,24.0688,0.3166
3545,5032,87.8,0.02,186.67,288.0,0.3774,0.1887,1.845,28.3547,0.0,0.1647
3545,4879,152.05,0.0,190.24,151.33,0.502,0.251,5.4602,2.3649,17.9004,0.1632
3545,5057,287.78,0.03,347.84,200.37,0.771,0.3855,3.7616,28.1434,0.0,0.3055
3546,5032,84.87,0.0,180.55,288.0,0.4368,0.2184,1.852,28.5695,0.0,0.1907
3546,4879,151.94,0.17,191.0,155.75,0.6353,0.3176,5.1698,2.9861,18.2381,0.2063
3546,5057,283.45,0.0,341.76,198.57,0.8691,0.4345,3.7855,27.2561,0.0,0.344
3546,5066,98.01,0.03,159.88,176.4,0.8086,0.4043,4.1969,12.2566,0.0,0.3098
3547,5032,87.42,0.0,180.5,287.43,0.6875,0.3438,1.8559,28.4219,0.0,0.3004
3547,4879,149.31,0.42,188.17,157.63,0.5049,0.2525,5.0568,3.6343,31.145,0.156
3547,5057,281.79,0.0,338.62,197.9,0.8711,0.4355,3.7921,26.8522,0.0,0.3449
3548,5032,92.86,0.0,184.79,288.0,0.791,0.3955,1.8427,28.2837,0.0,0.3451
3548,4879,153.24,0.61,191.55,156.92,0.4121,0.2061,5.0971,3.0831,0.0,0.1373
3548,5057,288.03,0.0,345.55,196.72,0.604,0.302,3.8712,27.7747,131.8174,0.1345
3549,5032,100.11,0.0,191.82,288.0,0.8369,0.4184,1.8336,27.995,0.0,0.3649
3549,4879,149.36,0.59,187.12,158.15,0.4141,0.2071,5.0262,3.7818,51.3799,0.1119
3549,5057,282.13,0.0,337.72,193.69,0.8218,0.4109,3.9287,26.5536,120.7291,0.1812
3550,5032,106.05,0.0,197.44,286.49,0.8735,0.4368,1.8431,27.5594,0.0,0.382
3550,5057,278.46,0.0,332.95,192.09,0.8564,0.4282,3.9573,25.8054,0.0,0.3308
3551,5032,111.56,0.0,204.06,287.45,0.8804,0.4402,1.8278,27.5419,0.0,0.3841
3551,5057,276.96,0.0,330.18,189.19,0.833,0.4165,4.0466,25.3001,0.0,0.3173
3552,5032,121.29,0.0,216.17,285.2,0.8608,0.4304,1.845,26.9714,0.0,0.3772
3552,5057,276.67,0.0,328.4,184.57,0.8721,0.436,4.2135,24.8785,156.9384,0.1776
3553,5032,120.62,0.0,215.85,282.37,0.8735,0.4368,1.8755,26.5151,0.0,0.3851
3553,5057,275.91,0.0,327.0,182.52,0.8726,0.4363,4.2878,24.5967,0.0,0.3191
3554,5032,125.06,0.0,224.4,285.69,0.8062,0.4031,1.8381,26.9941,0.0,0.3529
3554,5057,274.11,0.0,325.37,183.33,0.8701,0.435,4.2445,24.3609,0.0,0.3209
3555,5032,124.87,0.0,226.6,285.44,0.7124,0.3562,1.8406,26.9478,0.0,0.312
3555,5057,273.46,0.22,323.73,179.1,0.8545,0.4273,4.411,23.9576,157.594,0.1637
3556,5032,123.59,0.0,227.4,285.52,0.8535,0.4268,1.8398,26.9621,0.0,0.3737
3556,5057,272.85,0.6,322.84,177.38,0.5859,0.2929,4.4804,23.7511,0.0,0.2073
3557,5032,122.49,0.0,228.0,285.73,0.8604,0.4302,1.8376,26.9977,0.0,0.3766
3557,5057,271.64,0.27,322.1,178.12,0.7378,0.3689,4.4419,23.6247,0.0,0.2631
3558,5032,121.84,0.0,229.02,286.18,0.8779,0.439,1.8328,27.0702,0.0,0.3839
3558,5057,270.89,0.34,321.83,179.76,0.8101,0.4051,4.3687,23.6216,0.0,0.2928
3559,5032,121.44,0.0,230.1,286.71,0.8525,0.4263,1.8272,27.1549,0.0,0.3724
3559,5057,269.23,0.19,320.22,178.65,0.8125,0.4062,4.4054,23.2947,0.0,0.292
3559,5075,126.8,0.0,155.35,153.51,0.3381,0.1691,5.3674,8.1919,0.0,0.1121
3560,5032,121.76,0.0,231.33,286.44,0.8101,0.4051,1.83,27.1074,0.0,0.354
3560,5057,264.99,0.13,317.34,179.58,0.8477,0.4239,4.3439,22.7501,0.0,0.3087
3560,5075,126.81,0.11,155.95,155.94,0.5981,0.299,5.2099,8.2632,18.1318,0.1934
3561,5032,121.81,0.0,232.07,286.79,0.877,0.4385,1.8263,27.163,0.0,0.383
3561,5057,262.07,0.11,315.45,179.22,0.8818,0.4409,4.3444,22.3287,0.0,0.3215
3561,5075,125.99,0.04,156.0,159.36,0.647,0.3235,5.0043,8.5647,18.9641,0.2086
3562,5032,123.81,0.0,234.11,286.36,0.8584,0.4292,1.8306,27.0882,0.0,0.3752
3562,5057,260.89,0.11,314.66,176.41,0.8794,0.4397,4.4594,22.0149,157.2735,0.1676
3562,5075,125.18,0.01,155.29,158.51,0.7334,0.3667,5.0564,8.6471,0.0,0.2431
3563,5032,124.02,0.0,234.34,286.56,0.8867,0.4434,1.8285,27.1206,0.0,0.3874
3563,5057,261.63,0.11,315.85,176.23,0.7129,0.3564,4.4733,22.1692,0.0,0.2539
3563,5075,122.75,0.0,152.45,155.87,0.8433,0.4217,5.2255,8.9889,156.3603,0.1388
3564,5032,128.6,8.82,235.55,286.54,0.7671,0.3836,1.8288,27.1194,0.0,0.3352
3564,5057,260.38,0.02,314.54,172.37,0.8262,0.4131,4.6424,21.7666,158.2416,0.1476
3564,5075,120.67,0.0,151.05,159.49,0.8584,0.4292,5.0117,9.5401,21.0333,0.2746
3565,5032,132.98,3.24,241.25,284.17,0.7871,0.3936,1.8546,26.7587,0.0,0.3456
3565,5057,258.31,0.0,314.08,175.0,0.8755,0.4377,4.5127,21.6752,21.6068,0.2997
3565,5075,120.51,0.09,150.34,157.55,0.8076,0.4038,5.1285,9.502,161.4033,0.1328
3565,5078,162.7,15.37,181.78,112.74,0.4397,0.4397,10.2882,6.6006,0.0,0.2922
3566,5032,141.59,1.18,250.03,284.51,0.8467,0.4234,1.8545,26.9302,0.0,0.3716
3566,5057,258.1,0.0,314.35,175.07,0.7515,0.3757,4.5098,21.6838,0.0,0.2662
3566,5075,116.11,0.23,146.35,156.5,0.5591,0.2796,5.2071,10.2527,132.6353,0.0917
3566,5078,163.28,15.39,182.15,111.36,0.3721,0.3721,10.6101,6.8512,170.3533,0.1231
3567,5032,146.15,0.39,254.45,282.6,0.644,0.322,1.8778,26.7141,0.0,0.2838
3567,5057,258.17,0.07,314.23,174.19,0.2776,0.1388,4.5496,21.6362,0.0,0.0976
3567,5075,120.29,0.13,145.51,128.84,0.2075,0.1037,7.6704,10.0798,167.4351,0.034
3568,5032,153.26,0.09,261.11,282.91,0.5698,0.2849,1.8802,26.9544,0.0,0.251
3568,5057,257.78,0.01,313.93,174.73,0.8037,0.4018,4.5229,21.6037,0.0,0.2841
3568,5066,95.38,1.37,149.24,155.45,0.7822,0.3911,5.3076,11.9313,0.0,0.2579
3569,5032,163.68,0.0,270.5,282.48,0.562,0.281,1.896,27.2506,0.0,0.248
3569,5057,264.68,0.0,311.49,144.29,0.2444,0.1222,6.4555,21.2219,165.2386,0.038
3569,5075,119.89,0.1,143.83,119.63,0.4629,0.2314,9.0559,10.9707,169.3466,0.0757
3570,5032,169.91,0.0,275.19,279.9,0.7871,0.3936,1.9322,27.095,0.0,0.3494
3570,5057,262.01,0.09,313.73,162.11,0.7139,0.3569,5.1842,21.4531,18.228,0.2238
3570,5066,92.91,0.29,147.83,154.19,0.7456,0.3728,5.3978,12.2618,0.0,0.2457
3571,5057,259.83,0.21,313.35,170.65,0.3933,0.1966,4.7199,21.5406,19.8193,0.13
3571,5066,91.89,0.88,147.77,154.3,0.7305,0.3653,5.3929,12.37,0.0,0.2407
3572,5057,257.55,0.26,311.56,175.05,0.7041,0.352,4.5006,21.3975,21.5853,0.2418
3572,5066,92.05,0.63,148.12,153.87,0.6958,0.3479,5.4203,12.3066,0.0,0.2293
3572,5075,115.36,0.47,140.42,119.78,0.3711,0.1855,9.0528,11.6647,89.0185,0.0616
3572,5032,176.58,0.0,282.78,284.4,0.7612,0.3806,1.8941,28.1493,0.0,0.3348
3573,5057,257.23,0.37,309.24,170.89,0.5859,0.2929,4.6872,20.97,158.5567,0.1034
3573,5066,94.11,0.93,149.03,153.82,0.2568,0.1284,5.4171,12.0168,0.0,0.0847
3573,5032,176.56,0.0,280.4,286.9,0.6514,0.3257,1.8654,28.4635,0.0,0.285
3573,5078,170.5,14.05,190.19,112.17,0.4102,0.4102,10.415,6.5241,57.3249,0.2097
3574,5057,256.61,0.13,307.98,171.66,0.6143,0.3071,4.6443,20.8423,0.0,0.2126
3574,5066,95.23,0.77,149.99,154.1,0.7871,0.3936,5.3942,11.8242,0.0,0.2596
3574,5032,182.27,0.0,284.44,285.2,0.2089,0.1045,1.892,28.4706,0.0,0.0918
3574,5078,169.47,13.89,193.1,131.92,0.4302,0.4302,7.1865,2.499,13.3243,0.2828
3575,5057,254.53,0.13,305.34,172.31,0.2637,0.1318,4.5993,20.4636,0.0,0.0922
3575,5066,95.55,1.1,149.89,153.84,0.8101,0.4051,5.4109,11.794,0.0,0.2672
3575,5032,183.02,1.14,283.19,286.95,0.4446,0.2223,1.8729,28.7168,0.0,0.1946
3575,5078,169.99,14.23,194.87,138.24,0.3784,0.3784,6.5226,1.2866,14.8419,0.248
3576,5057,252.26,0.13,303.47,176.44,0.709,0.3545,4.4,20.3251,22.2855,0.2485
3576,5066,95.79,0.96,149.92,153.57,0.8076,0.4038,5.4283,11.7589,0.0,0.2664
3576,5032,183.37,0.37,281.46,286.12,0.7441,0.372,1.8804,28.5554,0.0,0.3262
3576,5078,172.56,14.57,198.33,141.39,0.5815,0.5815,6.2339,1.2427,20.7787,0.375
3577,5057,251.31,0.23,301.82,176.98,0.6792,0.3396,4.3693,20.133,0.0,0.248
3577,5066,95.18,0.91,149.32,154.42,0.8477,0.4239,5.3746,11.9051,0.0,0.2795
3577,5032,184.96,1.75,281.51,287.46,0.6523,0.3261,1.8677,28.7996,0.0,0.2852
3577,5078,176.16,14.65,203.02,143.06,0.7456,0.7456,6.0924,1.9827,37.4017,0.4458
3578,5057,251.44,0.26,299.67,171.8,0.4961,0.248,4.5979,19.6735,158.9652,0.0912
3578,5066,93.9,0.62,148.27,154.74,0.8506,0.4253,5.3587,12.1421,0.0,0.2804
3578,5032,191.79,7.84,287.15,287.39,0.4805,0.2402,1.8803,29.1485,0.0,0.2103
3578,5078,177.67,14.57,205.23,143.43,0.7988,0.7988,6.0629,2.3585,0.0,0.5323
3579,5057,250.86,0.18,298.85,174.65,0.5088,0.2544,4.4625,19.704,21.0261,0.1772
3579,5066,91.95,0.52,146.28,154.68,0.8574,0.4287,5.3712,12.521,0.0,0.2824
3579,5032,194.4,2.85,291.66,286.79,0.6416,0.3208,1.894,29.2816,0.0,0.2812
3579,5078,178.48,14.93,206.68,143.37,0.5312,0.5312,6.0691,2.591,0.0,0.354
3580,5066,90.17,0.49,144.63,154.47,0.8979,0.449,5.3926,12.8452,0.0,0.2956
3580,5032,194.7,1.08,292.71,285.91,0.833,0.4165,1.9049,29.1987,0.0,0.3658
3580,5078,179.52,15.08,208.77,143.62,0.7349,0.7349,6.0499,2.9102,0.0,0.4896
3581,5066,88.55,0.48,143.32,154.4,0.9077,0.4538,5.404,13.1255,0.0,0.2986
3581,5032,194.24,0.32,292.69,285.75,0.7832,0.3916,1.9061,29.1603,0.0,0.344
3581,5078,182.46,15.57,213.34,143.44,0.7407,0.7407,6.07,3.6813,0.0,0.4933
3582,5066,86.6,0.21,141.97,154.65,0.8794,0.4397,5.3953,13.4509,0.0,0.2891
3582,5032,194.5,0.03,292.97,285.59,0.8901,0.4451,1.9084,29.1548,0.0,0.3911
3582,5078,181.93,15.94,213.71,142.92,0.8237,0.8237,6.1138,3.6699,0.0,0.5486
3583,5066,84.79,0.2,140.54,154.66,0.8745,0.4373,5.4025,13.7622,0.0,0.2873
3583,5032,195.31,0.0,293.65,284.6,0.7559,0.378,1.9207,29.0616,0.0,0.3329
3583,5078,181.56,15.65,214.62,143.2,0.7822,0.7822,6.0905,3.7221,0.0,0.5209
3584,5066,82.31,0.3,137.58,153.08,0.8193,0.4097,5.5218,14.2404,151.9105,0.1324
3584,5032,198.16,0.0,295.84,282.27,0.8237,0.4118,1.9519,28.8989,0.0,0.3647
3584,5078,182.44,15.4,216.98,143.02,0.8076,0.8076,6.1083,4.0554,0.0,0.5377
3585,5066,80.75,0.34,136.03,152.96,0.9028,0.4514,5.538,14.5354,0.0,0.2961
3585,5032,199.87,0.0,298.29,283.17,0.7139,0.3569,1.9467,29.1702,0.0,0.3155
3585,5078,184.14,15.18,219.73,142.19,0.7769,0.7769,6.1833,4.5211,0.0,0.5171
3586,5066,79.16,0.45,134.12,152.73,0.8564,0.4282,5.5631,14.8646,0.0,0.2807
3586,5032,203.57,0.0,301.2,279.15,0.644,0.322,2.0,28.8462,0.0,0.2872
3586,5078,186.3,14.53,222.67,141.92,0.7847,0.7847,6.2118,5.0452,0.0,0.5221
3587,5066,78.81,0.31,133.61,152.47,0.8892,0.4446,5.5834,14.9409,0.0,0.2914
3587,5032,205.7,0.0,304.56,281.75,0.8125,0.4062,1.9773,29.4105,0.0,0.3605
3587,5078,189.08,14.49,226.15,142.42,0.7861,0.7861,6.1754,5.6751,0.0,0.5228
3588,5066,77.84,0.36,132.3,152.75,0.8135,0.4068,5.5703,15.1644,0.0,0.2664
3588,5032,208.85,0.0,308.51,282.64,0.833,0.4165,1.9765,29.8001,0.0,0.3691
3588,5078,192.36,14.34,229.56,142.48,0.7217,0.7217,6.1785,6.3544,0.0,0.4797
3589,5066,77.96,0.66,131.96,152.58,0.7871,0.3936,5.5826,15.1817,0.0,0.2578
3589,5032,211.86,0.03,312.28,282.52,0.5527,0.2763,1.9869,30.047,0.0,0.2451
3589,5078,196.31,14.21,233.2,142.38,0.7925,0.7925,6.1977,7.1249,0.0,0.5263
3590,5066,78.52,0.4,132.52,152.99,0.8916,0.4458,5.5513,15.0841,0.0,0.2921
3590,5032,215.79,0.0,317.59,284.8,0.8135,0.4068,1.9744,30.7119,0.0,0.3592
3590,5078,199.19,14.4,235.65,142.45,0.8193,0.8193,6.1998,7.6633,0.0,0.5438
3591,5066,79.51,0.49,133.14,152.5,0.8818,0.4409,5.5807,14.9196,0.0,0.289
3591,5032,220.32,0.0,322.47,284.92,0.8467,0.4234,1.9867,31.1082,0.0,0.3741
3591,5078,202.14,14.45,238.63,144.25,0.8003,0.8003,6.0572,8.2556,29.915,0.4952
3592,5066,81.2,0.62,134.72,152.23,0.877,0.4385,5.5907,14.601,0.0,0.2876
3592,5032,229.2,0.0,330.67,282.55,0.8555,0.4278,2.0399,31.539,0.0,0.3804
3592,5078,204.79,15.01,241.02,145.1,0.8564,0.8564,5.9962,8.7656,0.0,0.5676
3593,5066,82.99,0.76,136.26,151.94,0.8667,0.4334,5.6022,14.2753,0.0,0.2844
3593,5032,232.48,0.0,330.82,277.17,0.7202,0.3601,2.1086,31.0432,0.0,0.3241
3593,5078,207.2,15.5,243.13,144.83,0.5581,0.5581,6.0263,9.2182,0.0,0.3697
3594,5066,84.15,0.72,137.31,152.12,0.8545,0.4273,5.5839,14.0669,0.0,0.2806
3594,5032,241.38,0.43,339.3,277.5,0.6216,0.3108,2.1348,31.8915,0.0,0.28
3594,5078,209.34,15.96,244.94,143.4,0.2031,0.2031,6.1529,9.6131,156.2884,0.0667
3595,5066,87.48,0.71,140.96,152.29,0.8384,0.4192,5.5546,13.3979,0.0,0.2757
3595,5032,243.29,0.43,342.29,283.24,0.7256,0.3628,2.0758,32.7723,0.0,0.323
3595,5078,211.68,16.16,247.07,140.69,0.3477,0.3477,6.4002,10.0811,161.7573,0.1141
3596,5066,89.44,1.26,142.74,151.98,0.8594,0.4297,5.5671,13.0284,0.0,0.2828
3596,5032,245.48,0.14,343.16,281.79,0.8003,0.4002,2.0981,32.7503,0.0,0.3575
3596,5078,212.1,17.12,249.08,144.9,0.3513,0.3513,6.0418,10.3028,16.5491,0.2275
3597,5066,90.63,1.66,143.87,152.24,0.877,0.4385,5.5436,12.8098,0.0,0.2887
3597,5032,245.68,0.13,343.72,285.79,0.7974,0.3987,2.0536,33.2333,0.0,0.3532
3598,5066,92.05,2.08,145.13,152.16,0.7988,0.3994,5.5429,12.5475,0.0,0.2631
3598,5032,244.87,0.03,342.46,285.71,0.8555,0.4278,2.0508,33.1307,0.0,0.379
3598,5057,225.68,0.17,270.56,156.16,0.4036,0.2018,5.3094,13.9608,0.0,0.1325
3599,5066,93.56,2.33,146.45,151.94,0.8735,0.4368,5.5518,12.2664,0.0,0.2878
3599,5032,247.99,0.0,343.75,283.72,0.7769,0.3885,2.0814,33.1092,0.0,0.3457
3599,5057,219.91,0.15,268.56,157.98,0.4775,0.2387,5.178,13.2885,33.3958,0.1439
3600,5066,94.66,2.61,147.11,151.49,0.7832,0.3916,5.5792,12.0834,0.0,0.2582
3600,5032,247.22,0.0,343.28,286.58,0.7886,0.3943,2.0467,33.3713,0.0,0.3488
3600,5057,215.69,0.05,267.39,159.34,0.499,0.2495,5.0847,12.8361,32.7005,0.1511
3601,5066,95.41,2.33,148.07,151.89,0.8794,0.4397,5.5476,11.9267,0.0,0.29
3601,5032,250.31,0.35,345.94,287.65,0.8442,0.4221,2.0452,33.7495,0.0,0.3728
3601,5057,216.7,0.02,269.02,159.11,0.561,0.2805,5.104,13.0761,0.0,0.1846
3602,5066,95.98,2.31,148.65,152.04,0.8555,0.4278,5.5347,11.8184,0.0,0.2821
3602,5032,252.3,0.12,347.8,288.0,0.8667,0.4334,2.0484,33.9621,0.0,0.3826
3602,5057,219.98,0.0,271.81,160.08,0.5737,0.2868,5.0604,13.6952,0.0,0.1885
3603,5066,96.05,1.75,148.76,151.54,0.8638,0.4319,5.5691,11.7876,0.0,0.2849
3603,5032,253.55,0.04,348.57,287.34,0.8452,0.4226,2.0595,33.9824,0.0,0.3737
3603,5057,220.25,0.0,271.65,159.04,0.3469,0.1734,5.122,13.6592,0.0,0.114
3604,5066,96.56,1.81,149.01,150.89,0.8413,0.4207,5.6133,11.6972,0.0,0.2775
3604,5032,257.44,0.37,349.82,278.51,0.458,0.229,2.1723,33.2793,141.7224,0.1301
3604,5057,221.31,0.18,272.39,159.79,0.5679,0.2839,5.0817,13.8624,0.0,0.1865
3605,5066,96.24,1.55,148.82,150.74,0.8359,0.4179,5.625,11.7437,0.0,0.2757
3605,5032,258.28,0.13,352.03,280.5,0.8145,0.4073,2.1543,33.6371,0.0,0.3657
3605,5057,225.7,0.07,273.22,149.79,0.5391,0.2696,5.7516,14.0585,163.2815,0.0872
3606,5066,96.78,1.45,148.78,149.11,0.8394,0.4197,5.7424,11.6616,163.1714,0.137
3606,5032,256.01,0.04,352.04,282.55,0.8975,0.4487,2.1256,33.7455,0.0,0.4011
3606,5057,225.57,0.12,272.9,153.57,0.5757,0.2878,5.4844,14.0957,17.2229,0.1847
3607,5066,97.32,1.42,148.94,148.41,0.8037,0.4018,5.7932,11.5812,0.0,0.2652
3607,5032,253.6,0.19,351.22,281.47,0.8931,0.4466,2.1321,33.4769,0.0,0.4
3607,5057,223.24,0.23,271.15,157.71,0.7305,0.3653,5.2082,13.841,19.3497,0.2331
3607,5099,262.0,16.27,277.21,37.91,0.5215,0.5215,10.0,90.0,0.0,0.0
3608,5066,98.57,1.59,149.41,146.85,0.8271,0.4135,5.9091,11.3918,161.3327,0.1351
3608,5032,250.57,0.16,350.64,284.05,0.8755,0.4377,2.0951,33.5845,0.0,0.3898
3608,5057,222.68,0.08,269.65,156.05,0.5957,0.2979,5.307,13.5834,158.622,0.0965
3608,5099,263.36,16.25,279.54,39.27,0.3057,0.3057,10.0,90.0,0.0,0.0
3609,5066,101.41,1.47,151.48,145.54,0.7925,0.3962,6.0024,10.8953,146.5722,0.1297
3609,5032,249.85,0.05,351.4,284.0,0.8789,0.4395,2.0958,33.5809,0.0,0.3913
3609,5057,226.74,1.15,274.36,155.79,0.458,0.229,5.345,14.4119,0.0,0.1503
3610,5066,103.99,1.42,153.31,144.88,0.8203,0.4102,6.0466,10.4541,0.0,0.2712
3610,5032,247.9,0.01,350.69,286.02,0.8657,0.4329,2.0678,33.6775,0.0,0.3837
3610,5057,223.78,0.52,270.9,155.24,0.5601,0.2801,5.3647,13.7813,0.0,0.184
3610,5100,237.04,0.02,255.6,32.8,0.3408,0.1704,10.0,90.0,0.0,0.0
3611,5066,106.71,1.62,155.16,144.65,0.7793,0.3896,6.0561,9.9979,0.0,0.2578
3611,5032,251.42,0.09,354.34,284.56,0.7988,0.3994,2.0978,33.8517,0.0,0.3554
3611,5057,210.55,0.28,260.29,154.11,0.3757,0.1878,5.3854,11.4416,96.0581,0.0614
3611,5099,263.56,16.33,285.65,47.48,0.5352,0.5352,10.0,90.0,0.0,0.0
3612,5066,108.4,1.67,156.05,144.69,0.8306,0.4153,6.0477,9.7403,0.0,0.2749
3612,5032,257.03,0.03,359.11,283.34,0.75,0.375,2.1321,34.213,0.0,0.335
3612,5057,216.26,0.1,264.7,153.8,0.7319,0.3659,5.4274,12.4139,112.5779,0.1191
3612,5099,263.96,16.68,287.27,49.11,0.3604,0.3604,10.0,90.0,0.0,0.0
3612,5078,253.48,16.99,291.39,147.7,0.3831,0.3831,6.0521,18.3844,0.0,0.2489
3613,5066,110.95,1.87,157.55,144.63,0.8452,0.4226,6.0449,9.3348,0.0,0.2799
3613,5032,260.7,1.4,360.0,280.18,0.8755,0.4377,2.1788,34.108,0.0,0.3939
3613,5057,218.2,0.12,265.16,152.95,0.5537,0.2768,5.49,12.6213,0.0,0.1823
3613,5078,254.05,16.9,293.13,152.95,0.5498,0.5498,5.6702,18.6635,17.4071,0.3485
3614,5066,112.95,1.95,158.48,144.44,0.8052,0.4026,6.0551,9.0405,0.0,0.2667
3614,5032,263.08,0.51,360.0,283.66,0.8789,0.4395,2.1422,34.5771,0.0,0.3926
3614,5057,218.38,0.22,264.09,152.64,0.7334,0.3667,5.5091,12.5263,0.0,0.2416
3614,5078,255.19,17.17,294.14,151.47,0.5806,0.5806,5.7827,18.8374,161.4005,0.1832
3614,5100,234.87,0.03,253.52,32.56,0.2637,0.1318,10.0,90.0,0.0,0.0
3615,5066,114.4,2.05,158.97,144.85,0.8467,0.4234,6.018,8.8469,0.0,0.2806
3615,5032,266.13,0.28,360.0,283.02,0.79,0.395,2.1558,34.6588,0.0,0.3535
3615,5057,218.39,0.08,263.41,153.48,0.605,0.3025,5.4507,12.4855,0.0,0.1993
3616,5066,116.09,2.1,159.59,144.74,0.8203,0.4102,6.023,8.6142,0.0,0.2719
3616,5032,269.78,0.37,360.0,285.56,0.8442,0.4221,2.1336,35.0879,0.0,0.3759
3616,5057,217.19,0.02,261.43,153.44,0.8525,0.4263,5.4463,12.1757,0.0,0.281
3616,5078,260.92,17.11,298.51,145.68,0.5508,0.5508,6.2696,19.7123,161.9118,0.1728
3617,5066,117.52,2.22,159.96,144.52,0.7559,0.378,6.0379,8.4324,0.0,0.2506
3617,5032,272.65,0.5,360.0,282.44,0.7544,0.3772,2.1761,34.9163,0.0,0.3383
3617,5057,214.94,0.09,258.8,153.24,0.8037,0.4018,5.4493,11.6947,0.0,0.2651
3617,5078,260.26,17.09,298.48,144.67,0.4688,0.4688,6.3524,19.6471,0.0,0.3034
3618,5066,120.03,2.35,161.67,144.36,0.7822,0.3911,6.0441,8.0066,0.0,0.2595
3618,5032,275.05,0.64,360.0,280.22,0.8423,0.4212,2.2079,34.8159,0.0,0.3796
3618,5057,211.45,0.12,255.67,153.18,0.8262,0.4131,5.4398,11.0469,0.0,0.2728
3618,5078,262.42,16.91,301.32,145.56,0.3604,0.3604,6.2964,20.104,0.0,0.2329
3619,5066,122.52,2.49,163.47,143.94,0.7529,0.3765,6.0721,7.5729,0.0,0.2499
3619,5032,276.13,0.6,360.0,279.29,0.7114,0.3557,2.2216,34.7787,0.0,0.3213
3619,5057,208.99,0.23,253.66,153.08,0.8608,0.4304,5.4378,10.6062,0.0,0.2845
3619,5078,264.21,16.56,303.47,145.62,0.3867,0.3867,6.3069,20.4609,0.0,0.2497
3619,5107,268.51,16.8,304.4,87.53,0.3667,0.3667,24.0096,23.4095,0.0,0.2344
3620,5066,124.89,2.57,165.41,144.07,0.6592,0.3296,6.0549,7.1366,0.0,0.2189
3620,5032,278.52,0.68,360.0,277.75,0.6406,0.3203,2.2458,34.7489,0.0,0.2904
3620,5057,205.1,0.45,250.56,153.51,0.7583,0.3791,5.3961,9.9374,0.0,0.2509
3620,5078,267.76,16.45,306.83,146.31,0.2737,0.2737,6.2771,21.0849,0.0,0.1764
3620,5107,269.67,16.64,305.5,87.27,0.4746,0.4746,24.3307,23.6034,165.1705,0.145
3621,5066,128.75,3.38,169.58,144.03,0.8667,0.4334,6.0472,6.3214,0.0,0.288
3621,5032,282.47,0.24,360.0,283.16,0.5991,0.2995,2.1881,35.4636,0.0,0.2686
3621,5057,201.09,0.26,247.75,153.68,0.8442,0.4221,5.3732,9.2763,0.0,0.2796
3621,5078,273.04,16.61,306.32,124.39,0.4824,0.4824,8.7963,21.8158,169.0617,0.1493
3622,5066,130.4,3.85,171.58,143.7,0.8794,0.4397,6.0701,5.9504,0.0,0.2923
3622,5032,276.33,0.07,360.0,284.91,0.6299,0.315,2.1546,35.3365,0.0,0.2811
3622,5057,198.38,0.27,246.34,153.94,0.8828,0.4414,5.3494,8.8845,0.0,0.2925
3622,5078,272.2,16.44,309.36,138.06,0.3857,0.3857,7.0708,21.7306,13.7283,0.2443
3623,5066,131.32,3.97,173.2,143.92,0.8564,0.4282,6.0488,5.6914,0.0,0.2848
3623,5032,279.56,1.03,360.0,283.53,0.8359,0.4179,2.1776,35.3579,0.0,0.3743
3623,5057,194.7,0.37,243.96,154.32,0.8838,0.4419,5.3154,8.3111,0.0,0.2931
3623,5078,271.2,16.46,313.34,157.52,0.5469,0.5469,5.4967,22.1101,17.4444,0.3428
3624,5066,131.21,4.2,173.76,144.0,0.8574,0.4287,6.0417,5.6455,0.0,0.2851
3624,5032,280.89,1.12,360.0,284.49,0.7695,0.3847,2.169,35.5149,0.0,0.3439
3624,5057,193.23,0.13,243.46,153.81,0.8892,0.4446,5.3459,8.0931,0.0,0.2949
3624,5078,273.78,16.56,313.62,150.88,0.709,0.709,5.9689,22.256,164.0422,0.2187
3625,5066,130.97,4.09,174.18,144.14,0.7017,0.3508,6.0299,5.6272,0.0,0.2333
3625,5032,282.17,1.33,360.0,283.35,0.8218,0.4109,2.1852,35.4672,0.0,0.3682
3625,5057,191.59,0.23,243.01,153.81,0.8745,0.4373,5.343,7.8889,0.0,0.2901
3625,5078,273.52,16.69,315.85,162.32,0.6611,0.6611,5.2204,22.6483,18.343,0.4125
3626,5066,128.36,3.65,171.21,143.82,0.79,0.395,6.0631,6.1954,0.0,0.2626
3626,5032,283.55,0.85,360.0,282.17,0.6216,0.3108,2.2023,35.4216,0.0,0.2793
3626,5057,192.0,0.26,244.36,154.46,0.8667,0.4334,5.303,8.0945,0.0,0.2875
3626,5078,275.1,16.85,316.07,159.68,0.6289,0.6289,5.3854,22.7367,162.1677,0.1933
3627,5066,129.17,3.12,172.48,144.08,0.7671,0.3836,6.039,5.9837,0.0,0.255
3627,5032,283.18,0.3,360.0,285.82,0.8125,0.4062,2.1583,35.7529,0.0,0.3622
3627,5057,190.28,0.37,243.72,154.61,0.8843,0.4421,5.29,7.8733,0.0,0.2934
3627,5078,277.39,16.63,316.12,151.95,0.7778,0.7778,5.9145,22.8035,163.9576,0.239
3628,5066,130.34,3.37,173.87,143.53,0.8252,0.4126,6.0817,5.7237,0.0,0.2744
3628,5032,284.81,0.09,360.0,287.37,0.6699,0.335,2.1438,35.9791,0.0,0.2977
3628,5057,189.85,0.22,244.1,154.3,0.8789,0.4395,5.31,7.8514,0.0,0.2916
3628,5078,279.2,16.9,316.9,148.6,0.8228,0.8228,6.1811,22.9981,164.2238,0.2525
3629,5066,130.74,3.48,174.57,143.14,0.8086,0.4043,6.1133,5.6136,0.0,0.2689
3629,5032,286.96,3.06,360.0,284.89,0.4534,0.2267,2.1772,35.846,0.0,0.2026
3629,5057,188.61,0.73,243.76,154.55,0.8877,0.4439,5.2917,7.7117,0.0,0.2946
3629,5078,278.76,17.0,318.65,157.47,0.7212,0.7212,5.5493,23.2292,17.2949,0.4504
3630,5066,131.34,3.52,175.05,141.23,0.8682,0.4341,6.2777,5.5298,164.1681,0.144
3630,5032,287.84,1.96,360.0,286.54,0.5176,0.2588,2.1598,36.0445,0.0,0.2305
3630,5057,187.54,0.45,243.77,155.02,0.8726,0.4363,5.2601,7.6364,0.0,0.2896
3630,5078,279.94,17.3,319.92,158.68,0.6807,0.6807,5.4813,23.4649,0.0,0.435
3631,5066,132.33,3.72,175.55,139.02,0.8384,0.4192,6.4785,5.4449,164.393,0.1391
3631,5032,289.58,0.71,360.0,286.32,0.3979,0.1989,2.166,36.107,0.0,0.1774
3631,5057,186.77,0.25,243.86,155.2,0.8989,0.4495,5.2477,7.5817,0.0,0.2983
3631,5078,280.88,17.42,321.26,161.02,0.4717,0.4717,5.3454,23.7131,20.3331,0.2914
3632,5066,133.45,3.58,177.13,140.75,0.8125,0.4062,6.316,5.1166,18.5018,0.2633
3632,5032,288.15,0.51,360.0,284.55,0.7847,0.3923,2.1837,35.8713,0.0,0.351
3632,5057,189.12,0.27,245.78,154.33,0.8755,0.4377,5.3094,7.9454,0.0,0.2904
3632,5078,282.46,17.85,322.38,161.23,0.6494,0.6494,5.3432,23.9483,0.0,0.4143
3633,5066,134.91,3.27,177.91,138.89,0.8315,0.4158,6.4853,4.9561,162.7693,0.1381
3633,5032,287.35,0.16,360.0,283.96,0.8145,0.4073,2.189,35.7768,0.0,0.3647
3633,5057,188.13,0.18,245.13,154.28,0.877,0.4385,5.3104,7.7832,0.0,0.291
3633,5078,283.33,18.45,322.15,157.38,0.5166,0.5166,5.5873,23.9209,163.0648,0.1574
3634,5066,135.95,3.06,178.39,137.92,0.7886,0.3943,6.5767,4.8516,0.0,0.2624
3634,5032,288.03,0.02,360.0,283.55,0.5591,0.2796,2.1953,35.7711,0.0,0.2506
3634,5057,187.15,0.06,244.8,154.54,0.8701,0.435,5.2918,7.6704,0.0,0.2887
3634,5078,283.5,19.45,321.89,156.69,0.564,0.564,5.6324,23.9007,0.0,0.3599
3635,5066,138.14,2.98,180.06,138.6,0.7974,0.3987,6.5075,4.4346,0.0,0.2654
3635,5032,285.88,0.72,359.33,282.01,0.6353,0.3176,2.2078,35.4877,0.0,0.2856
3635,5057,187.83,0.01,244.79,154.27,0.8184,0.4092,5.3102,7.7204,0.0,0.2716
3635,5078,283.22,17.29,322.14,157.24,0.2128,0.2128,5.596,23.9081,0.0,0.1358
3636,5066,140.39,2.86,181.61,138.6,0.6206,0.3103,6.5041,4.0591,0.0,0.2066
3636,5032,283.04,0.24,357.41,285.9,0.7808,0.3904,2.1516,35.63,0.0,0.3479
3636,5057,187.32,0.0,243.37,153.79,0.8359,0.4179,5.339,7.5063,0.0,0.2774
3637,5066,142.74,2.91,183.21,138.7,0.7334,0.3667,6.4914,3.6654,0.0,0.2442
3637,5032,284.75,0.25,354.95,266.55,0.7861,0.3931,2.3963,33.7448,144.2583,0.2345
3637,5057,183.26,0.18,238.94,154.45,0.8677,0.4339,5.2855,6.7225,0.0,0.2882
3638,5066,145.48,2.93,184.85,139.22,0.7861,0.3931,6.4393,3.205,0.0,0.2618
3638,5032,285.18,0.06,353.88,258.16,0.7871,0.3936,2.5171,32.9307,145.5102,0.2404
3638,5057,180.42,0.06,235.67,155.54,0.8535,0.4268,5.2093,6.218,0.0,0.2837
3639,5066,148.4,2.89,186.83,138.64,0.8296,0.4148,6.491,2.7757,0.0,0.2764
3639,5032,285.18,0.19,352.91,251.6,0.8701,0.435,2.618,32.2785,146.3824,0.2608
3639,5057,178.03,0.2,231.57,154.65,0.8618,0.4309,5.2595,5.5384,0.0,0.2866
3640,5066,149.96,2.64,187.38,137.87,0.5815,0.2908,6.5639,2.6498,0.0,0.1937
3640,5032,284.29,0.24,352.33,250.28,0.8682,0.4341,2.6361,32.0738,0.0,0.4041
3640,5057,174.92,0.25,226.17,153.56,0.8062,0.4031,5.3231,4.6542,125.2755,0.1339
3641,5066,151.04,2.93,186.62,134.18,0.3015,0.1507,6.9409,3.0586,166.218,0.0502
3641,5032,284.66,0.35,352.19,243.96,0.8506,0.4253,2.7446,31.526,148.0217,0.2487
3641,5057,171.56,0.27,221.42,153.9,0.7886,0.3943,5.2952,3.9528,0.0,0.2626
3642,5066,151.69,2.94,186.71,135.54,0.686,0.343,6.7969,2.8217,14.4914,0.2249
3642,5032,282.94,0.3,351.75,245.27,0.8901,0.4451,2.7163,31.511,0.0,0.4103
3642,5057,170.04,0.47,218.35,153.75,0.7847,0.3923,5.3024,3.5403,0.0,0.2613
3643,5066,153.04,3.78,187.04,135.87,0.7256,0.3628,6.7621,2.6446,0.0,0.2417
3643,5032,282.36,0.28,351.57,242.65,0.8843,0.4421,2.7607,31.2334,0.0,0.4054
3643,5057,168.7,0.54,215.7,153.6,0.7305,0.3653,5.3102,3.1923,0.0,0.2433
3644,5066,153.93,3.54,187.44,136.66,0.7598,0.3799,6.6813,2.4397,0.0,0.2532
3644,5032,281.61,0.37,351.32,241.04,0.8062,0.4031,2.7874,31.0308,0.0,0.3684
3644,5057,166.14,0.47,212.64,154.02,0.8296,0.4148,5.2805,2.8244,0.0,0.2764
3645,5066,154.44,3.63,187.34,138.92,0.4922,0.2461,6.4614,2.1461,14.7871,0.1613
3645,5032,281.35,0.12,351.61,239.23,0.8789,0.4395,2.8208,30.8748,0.0,0.3999
3645,5057,163.91,0.17,210.31,154.08,0.7871,0.3936,5.2752,2.5375,0.0,0.2622
3646,5032,280.91,0.41,350.96,235.84,0.8564,0.4282,2.8824,30.5143,0.0,0.3866
3646,5057,160.49,0.05,207.52,154.66,0.8726,0.4363,5.2366,2.3428,0.0,0.2907
3647,5032,280.07,0.13,350.31,232.8,0.9048,0.4524,2.9385,30.1608,0.0,0.4055
3647,5057,154.15,0.1,202.96,155.25,0.9043,0.4521,5.1986,2.3335,72.0625,0.197
3648,5032,279.08,0.22,349.92,232.16,0.9116,0.4558,2.9479,30.0178,0.0,0.4082
3648,5057,151.3,0.21,201.49,155.1,0.9062,0.4531,5.2085,2.401,0.0,0.3019
3649,5032,278.25,0.26,349.52,231.08,0.9014,0.4507,2.9667,29.8469,0.0,0.4027
3649,5057,152.11,0.07,202.97,154.3,0.8994,0.4497,5.2593,2.1788,0.0,0.2997
3650,5032,276.57,0.55,348.99,232.75,0.9121,0.4561,2.9273,29.8464,0.0,0.4099
3650,5057,149.49,0.02,201.85,154.55,0.9102,0.4551,5.2437,2.3461,0.0,0.3033
3651,5032,275.18,0.47,348.85,235.03,0.9023,0.4511,2.8785,29.9467,0.0,0.4083
3651,5057,146.22,0.18,200.11,154.09,0.9014,0.4507,5.2744,2.507,0.0,0.3003
3652,5032,274.22,0.35,348.54,235.2,0.9141,0.4571,2.8721,29.8809,0.0,0.4141
3652,5057,144.01,0.53,199.67,154.75,0.8906,0.4453,5.2327,2.776,0.0,0.2967
3653,5032,274.21,0.12,349.23,235.32,0.8862,0.4431,2.8714,29.9346,0.0,0.4015
3653,5057,142.79,0.75,200.04,155.09,0.8936,0.4468,5.2114,2.8845,0.0,0.2977
3654,5032,273.99,0.12,349.75,235.78,0.8574,0.4287,2.8633,29.9942,0.0,0.3888
3654,5057,141.79,0.55,200.7,155.78,0.8721,0.436,5.1681,3.0184,0.0,0.2905
3655,5032,272.57,0.13,347.96,236.36,0.7378,0.3689,2.8443,29.8427,0.0,0.3357
3655,5057,140.91,0.94,200.83,156.59,0.834,0.417,5.1182,3.198,0.0,0.2778
3656,5032,272.08,0.32,346.91,235.96,0.7695,0.3847,2.8482,29.7094,0.0,0.35
3656,5057,139.58,1.09,200.35,156.71,0.8486,0.4243,5.1115,3.3297,0.0,0.2826
3656,5117,183.32,2.0,207.05,138.21,0.4854,0.2427,6.5356,3.3415,0.0,0.1617
3657,5032,273.16,0.2,346.78,233.79,0.8384,0.4192,2.8926,29.5763,0.0,0.379
3657,5057,137.95,1.04,199.0,156.28,0.8506,0.4253,5.1391,3.4624,0.0,0.2833
3657,5117,180.88,1.92,204.82,138.71,0.5166,0.2583,6.4849,2.8581,0.0,0.1721
3658,5032,274.25,0.9,347.49,232.06,0.8193,0.4097,2.9315,29.5403,0.0,0.3683
3658,5057,138.87,0.65,199.48,156.11,0.835,0.4175,5.149,3.3397,0.0,0.2781
3658,5117,182.12,1.3,207.12,142.5,0.4167,0.2084,6.1452,3.0224,17.0872,0.1357
3659,5032,271.3,1.17,344.51,233.7,0.8369,0.4184,2.8843,29.3037,0.0,0.3792
3659,5057,137.75,0.6,197.38,156.13,0.8584,0.4292,5.1492,3.5712,0.0,0.2859
3659,5117,184.52,1.95,209.68,143.19,0.4475,0.2238,6.0899,3.5195,0.0,0.149
3660,5032,271.26,1.36,344.6,234.43,0.895,0.4475,2.8701,29.3726,0.0,0.4062
3660,5057,136.9,0.3,195.39,155.77,0.8413,0.4207,5.173,3.7368,0.0,0.2801
3660,5117,185.06,1.66,210.43,142.99,0.2386,0.1193,6.1077,3.6537,0.0,0.0795
3661,5032,271.64,1.05,343.91,230.07,0.8989,0.4495,2.9565,28.9639,0.0,0.4034
3661,5057,135.51,0.09,192.7,156.18,0.8647,0.4324,5.1497,4.115,0.0,0.2879
3661,5117,187.56,2.65,209.11,121.54,0.3354,0.1677,8.62,5.9467,168.843,0.0556
3662,5032,272.18,1.21,344.43,230.51,0.8945,0.4472,2.9502,29.0718,0.0,0.4016
3662,5057,132.98,0.2,188.96,156.34,0.8218,0.4109,5.1438,4.6584,0.0,0.2735
3663,5032,269.72,0.62,342.74,231.26,0.8862,0.4431,2.9247,28.8684,0.0,0.3997
3663,5057,129.81,0.15,184.95,158.44,0.8604,0.4302,5.0224,5.5071,35.0394,0.2601
3663,5117,189.16,1.54,214.02,138.2,0.6372,0.3186,6.5471,4.5919,14.8809,0.2085
3664,5032,270.99,0.58,343.39,229.52,0.8979,0.449,2.965,28.8389,0.0,0.4026
3664,5057,127.82,0.23,181.11,157.74,0.8262,0.4131,5.0691,5.9474,0.0,0.2747
3664,5117,190.16,1.36,215.65,141.29,0.6577,0.3288,6.2641,4.7369,16.5823,0.2143
3665,5032,271.55,0.56,343.32,227.03,0.8945,0.4472,3.0184,28.6538,0.0,0.3981
3665,5057,125.27,0.16,177.08,159.42,0.8159,0.4079,4.9765,6.6984,38.7589,0.2424
3665,5117,191.93,0.5,217.96,141.65,0.564,0.282,6.2365,5.1437,0.0,0.1876
3666,5032,273.03,0.56,341.31,214.14,0.9072,0.4536,3.3153,27.5539,152.6006,0.2359
3666,5057,123.73,0.23,173.69,160.5,0.8169,0.4084,4.9198,7.2427,0.0,0.2756
3666,5117,194.07,0.28,220.81,141.74,0.6909,0.3454,6.2342,5.6491,0.0,0.2297
3667,5032,270.01,0.46,341.11,221.27,0.8901,0.4451,3.1359,27.9089,28.5334,0.372
3667,5057,121.54,0.26,170.05,161.45,0.811,0.4055,4.8731,7.8547,0.0,0.2759
3667,5117,196.58,0.71,224.56,142.38,0.7422,0.3711,6.1862,6.2763,0.0,0.2467
3668,5032,270.79,1.08,340.59,215.73,0.8711,0.4355,3.2679,27.4709,152.3868,0.2294
3668,5057,118.33,0.64,165.89,161.8,0.8564,0.4282,4.8628,8.5531,0.0,0.2917
3668,5117,199.03,1.24,228.65,143.06,0.8135,0.4068,6.1368,6.9344,0.0,0.2702
3669,5032,266.58,1.13,336.65,210.83,0.9141,0.4571,3.3704,26.4984,143.4589,0.2357
3669,5057,115.08,0.6,162.43,162.09,0.8667,0.4334,4.856,9.1911,0.0,0.2954
3669,5117,200.15,1.39,231.57,143.25,0.7485,0.3743,6.1266,7.3427,0.0,0.2485
3670,5032,263.9,1.33,336.35,213.83,0.9048,0.4524,3.2858,26.5279,0.0,0.3891
3670,5057,112.51,0.58,159.85,161.82,0.8877,0.4439,4.8784,9.6453,0.0,0.301
3670,5117,201.69,1.87,235.32,144.05,0.8677,0.4339,6.0677,7.8761,0.0,0.2879
3671,5032,264.8,1.31,337.41,211.24,0.8647,0.4324,3.357,26.4574,0.0,0.3679
3671,5057,109.4,0.48,157.22,161.6,0.8901,0.4451,4.8995,10.1631,0.0,0.3003
3671,5117,202.15,2.57,237.66,143.93,0.8882,0.4441,6.0822,8.1586,0.0,0.2946
3672,5032,268.82,1.68,340.6,209.11,0.9028,0.4514,3.4326,26.8134,0.0,0.3791
3672,5057,106.83,0.35,155.67,161.97,0.9038,0.4519,4.8857,10.5733,0.0,0.3056
3672,5117,201.79,2.51,239.31,143.92,0.8701,0.435,6.0852,8.2887,0.0,0.2885
3673,5032,270.26,2.56,341.52,207.91,0.8608,0.4304,3.4717,26.8953,0.0,0.3591
3673,5057,103.32,0.3,153.54,161.92,0.9209,0.4605,4.8981,11.0972,0.0,0.3104
3673,5117,201.07,3.55,240.19,144.01,0.687,0.3435,6.078,8.3048,0.0,0.2278
3674,5032,269.35,2.89,340.31,205.27,0.8931,0.4466,3.5393,26.5459,0.0,0.369
3674,5057,101.73,0.19,153.28,161.97,0.9092,0.4546,4.8986,11.2736,0.0,0.3063
3674,5117,200.22,4.17,240.79,144.23,0.8755,0.4377,6.0593,8.2797,0.0,0.2903
3675,5032,268.03,3.19,339.33,203.98,0.9102,0.4551,3.5697,26.2818,0.0,0.3745
3675,5057,100.27,0.71,153.02,162.08,0.9263,0.4632,4.8956,11.4417,0.0,0.3121
3675,5117,198.99,4.06,240.68,144.0,0.835,0.4175,6.0761,8.1445,0.0,0.2769
3676,5032,269.09,3.57,340.44,203.19,0.9062,0.4531,3.5988,26.3871,0.0,0.371
3676,5057,99.36,0.44,154.12,165.45,0.8994,0.4497,4.7148,11.6555,19.8342,0.3049
3676,5117,199.13,4.31,242.17,143.98,0.8125,0.4062,6.0805,8.3088,0.0,0.2694
3677,5032,268.68,3.71,340.55,203.15,0.8994,0.4497,3.5991,26.3618,0.0,0.3682
3677,5057,98.5,0.15,154.98,167.9,0.9048,0.4524,4.591,11.8448,20.347,0.3137
3677,5117,199.12,3.85,243.83,144.31,0.8584,0.4292,6.0559,8.4753,0.0,0.2846
3678,5032,265.13,3.75,338.28,203.2,0.9102,0.4551,3.5812,25.9304,0.0,0.3742
3678,5057,97.76,0.41,155.22,169.46,0.9082,0.4541,4.516,12.0185,0.0,0.3287
3678,5117,198.77,3.77,244.72,144.41,0.8564,0.4282,6.0486,8.5298,0.0,0.2839
3679,5032,263.35,4.22,337.62,203.08,0.9028,0.4514,3.578,25.7388,0.0,0.3716
3679,5057,97.15,0.79,155.3,170.22,0.9097,0.4548,4.4808,12.1305,0.0,0.3313
3679,5117,198.49,4.02,245.49,144.33,0.8369,0.4184,6.0561,8.579,0.0,0.2774
3680,5032,264.51,4.3,339.33,203.45,0.9072,0.4536,3.5752,25.9808,0.0,0.3733
3680,5057,96.35,0.84,155.57,172.41,0.8838,0.4419,4.3805,12.3715,21.5088,0.3174
3680,5117,198.24,3.71,246.23,144.23,0.8125,0.4062,6.0652,8.6282,0.0,0.2693
3681,5032,265.53,4.51,340.54,203.45,0.9121,0.4561,3.5814,26.1474,0.0,0.3747
3681,5057,95.83,0.86,155.23,172.75,0.895,0.4475,4.3666,12.4773,0.0,0.3326
3681,5117,198.61,3.17,247.47,144.5,0.8667,0.4334,6.0457,8.7905,0.0,0.2872
3682,5032,265.5,4.39,340.76,203.1,0.8945,0.4472,3.5921,26.1364,0.0,0.3669
3682,5057,95.3,0.58,154.99,173.21,0.8882,0.4441,4.3473,12.5863,0.0,0.3312
3682,5117,199.84,3.0,249.0,144.4,0.8359,0.4179,6.0589,9.0675,0.0,0.2769
3683,5032,265.11,4.34,340.49,202.82,0.8843,0.4421,3.5985,26.0669,0.0,0.3624
3683,5057,94.32,0.2,153.73,172.8,0.8691,0.4345,4.3695,12.7434,0.0,0.3227
3683,5117,200.97,2.22,250.35,144.12,0.8145,0.4073,6.0867,9.3159,0.0,0.2697
3684,5032,264.64,4.03,339.99,202.18,0.8804,0.4402,3.6146,25.9483,0.0,0.36
3684,5057,93.61,0.34,152.56,172.79,0.8755,0.4377,4.3732,12.9064,0.0,0.3247
3684,5117,203.24,2.37,252.65,144.14,0.8638,0.4319,6.0939,9.7734,0.0,0.2858
3685,5032,264.5,4.19,339.67,202.16,0.8965,0.4482,3.6139,25.9123,0.0,0.3667
3685,5057,91.4,0.2,149.62,173.41,0.8667,0.4334,4.3546,13.4101,0.0,0.3223
3685,5117,205.12,1.86,254.28,144.32,0.7217,0.3609,6.086,10.124,0.0,0.2387
3686,5032,265.88,4.43,340.0,201.43,0.896,0.448,3.6404,25.9891,0.0,0.3648
3686,5057,88.81,0.24,145.61,173.35,0.8467,0.4234,4.3697,13.9829,0.0,0.3136
3686,5117,208.41,1.83,257.43,144.93,0.7227,0.3614,6.0492,10.7664,0.0,0.2388
3687,5032,264.28,4.7,338.15,201.93,0.9106,0.4553,3.6158,25.7648,0.0,0.3725
3687,5057,87.76,0.17,143.15,173.3,0.8638,0.4319,4.3787,14.2874,0.0,0.3193
3687,5117,211.71,1.78,260.19,145.25,0.8525,0.4263,6.0364,11.3683,0.0,0.2814
3688,5032,263.22,4.99,336.34,201.11,0.8989,0.4495,3.6322,25.489,0.0,0.367
3688,5057,85.38,0.33,138.93,173.25,0.8477,0.4239,4.3943,14.8654,0.0,0.3121
3688,5117,215.74,2.12,263.35,146.01,0.7832,0.3916,5.9918,12.0817,0.0,0.2582
3689,5032,262.98,5.37,334.87,199.7,0.8794,0.8794,3.67,25.2579,0.0,0.7142
3689,5057,82.82,0.29,134.66,172.48,0.7471,0.3735,4.4437,15.4137,0.0,0.2723
3689,5117,220.32,2.44,266.75,147.21,0.6748,0.3374,5.9165,12.8739,51.1208,0.1802
3690,5032,262.14,5.32,333.6,200.13,0.8994,0.8994,3.6511,25.128,0.0,0.733
3690,5057,81.0,0.19,131.34,172.35,0.811,0.4055,4.4611,15.8614,0.0,0.2943
3690,5117,223.17,2.75,268.82,149.13,0.835,0.4175,5.7826,13.3772,27.2374,0.2591
3691,5032,261.29,5.39,332.21,200.59,0.8882,0.8882,3.631,24.9912,0.0,0.7265
3691,5057,80.54,0.15,129.91,173.22,0.8101,0.4051,4.4257,16.0889,0.0,0.2958
3691,5117,225.26,2.69,269.38,148.74,0.3594,0.1797,5.8186,13.6288,0.0,0.1181
3692,5032,260.49,5.22,331.46,203.02,0.8804,0.8804,3.5551,25.0566,0.0,0.7289
3692,5057,77.34,0.14,125.87,172.8,0.8691,0.4345,4.4616,16.7019,0.0,0.3148
3692,5117,226.21,2.48,268.72,147.27,0.5479,0.274,5.932,13.64,164.0024,0.0887
3693,5032,259.79,5.15,330.05,203.76,0.8779,0.8779,3.5282,24.9552,0.0,0.7302
3693,5057,74.88,0.04,123.03,172.44,0.8413,0.4207,4.4909,17.1489,0.0,0.3028
3693,5117,227.13,2.91,267.94,144.69,0.6875,0.3438,6.1402,13.6389,164.5126,0.1114
3694,5032,258.89,4.75,327.41,200.33,0.8931,0.4466,3.6194,24.4228,0.0,0.3666
3694,5057,69.8,0.1,119.09,173.78,0.8711,0.4355,4.4522,18.0279,0.0,0.3151
3694,5117,227.93,2.84,268.16,144.97,0.4514,0.2257,6.1198,13.7386,0.0,0.1483
3695,5032,258.01,4.04,325.78,199.59,0.8423,0.4212,3.635,24.1743,0.0,0.3451
3695,5057,67.5,0.21,117.78,175.02,0.8921,0.4461,4.4059,18.4205,0.0,0.3251
3695,5117,228.66,3.42,268.08,144.1,0.5293,0.2646,6.1943,13.8004,0.0,0.1739
3696,5032,255.78,3.21,322.67,196.63,0.8989,0.4495,3.7125,23.5374,0.0,0.3643
3696,5057,64.21,0.16,115.92,176.03,0.8892,0.4446,4.3749,18.9313,0.0,0.3254
3696,5117,229.94,3.6,269.73,145.31,0.6738,0.3369,6.1017,14.0868,0.0,0.2212
3697,5032,257.09,2.99,322.41,193.66,0.8228,0.4114,3.8114,23.402,0.0,0.3282
3697,5057,61.47,0.14,114.01,175.01,0.8745,0.4373,4.4322,19.2738,0.0,0.3164
3697,5117,230.32,3.82,270.16,145.02,0.6958,0.3479,6.1278,14.1643,0.0,0.2284
3698,5032,259.95,2.73,323.02,189.3,0.7886,0.3943,3.9707,23.3803,156.2136,0.1748
3698,5057,56.89,0.23,111.09,175.81,0.8779,0.439,4.4173,19.9697,0.0,0.3179
3698,5117,230.77,3.93,271.77,148.82,0.2744,0.1372,5.8336,14.3934,17.1069,0.088
3699,5032,260.04,2.17,321.28,186.21,0.8369,0.4184,4.0787,23.05,156.0103,0.1798
3699,5057,55.06,0.17,110.43,176.75,0.8989,0.4495,4.3831,20.2381,0.0,0.3274
3699,5117,231.22,3.5,272.01,146.55,0.79,0.395,6.0114,14.4374,164.1664,0.1275
3700,5032,260.33,2.34,319.68,184.55,0.7305,0.3653,4.1377,22.8412,0.0,0.2759
3700,5057,54.91,0.24,110.93,177.56,0.9072,0.4536,4.3473,20.2555,0.0,0.3325
3700,5117,232.15,3.92,273.1,145.75,0.6577,0.3288,6.0816,14.6275,0.0,0.2157
3701,5032,259.92,2.42,317.77,183.06,0.7441,0.372,4.1889,22.561,0.0,0.2788
3701,5057,54.69,0.73,111.11,178.12,0.8794,0.4397,4.3236,20.2923,0.0,0.3237
3701,5117,232.95,2.93,274.46,145.26,0.687,0.3435,6.1279,14.8335,0.0,0.2252
3702,5032,257.42,2.45,314.94,183.7,0.8027,0.4013,4.1485,22.1592,0.0,0.3033
3702,5057,54.5,0.82,111.26,178.23,0.8721,0.436,4.3191,20.3023,0.0,0.3213
3702,5117,233.11,2.93,275.03,146.0,0.582,0.291,6.0697,14.9068,0.0,0.1907
3703,5032,255.46,2.75,312.54,183.8,0.7241,0.362,4.1323,21.8045,0.0,0.2746
3703,5057,55.09,1.04,112.04,178.9,0.8628,0.4314,4.2872,20.2263,0.0,0.3197
3703,5117,234.35,2.65,275.47,142.2,0.563,0.2815,6.3975,15.0671,164.9841,0.0906
3704,5032,253.66,2.3,310.54,183.42,0.8062,0.4031,4.1365,21.4648,0.0,0.3058
3704,5057,51.52,0.57,110.9,183.86,0.8853,0.4426,4.1015,20.9429,25.6721,0.3238
3705,5032,251.68,2.04,308.75,184.16,0.6899,0.3449,4.0977,21.1999,0.0,0.2637
3705,5057,50.14,0.66,110.86,186.53,0.8682,0.4341,4.0051,21.2439,0.0,0.3372
3706,5032,250.66,2.14,307.51,184.29,0.8701,0.435,4.0866,21.0209,0.0,0.3334
3706,5057,49.11,0.24,110.91,188.17,0.8945,0.4472,3.9482,21.4409,0.0,0.3506
3707,5032,249.56,2.36,306.19,184.74,0.7939,0.397,4.0632,20.8507,0.0,0.3056
3707,5057,49.03,0.07,110.46,185.91,0.8496,0.4248,4.032,21.3251,0.0,0.3283
3708,5032,251.47,2.08,303.82,170.51,0.7739,0.387,4.672,19.9764,159.8904,0.1381
3708,5057,48.2,0.11,110.05,186.47,0.8867,0.4434,4.0146,21.4657,0.0,0.3436
3709,5032,249.2,1.88,303.78,178.93,0.8745,0.4373,4.2862,20.2375,21.6449,0.3138
3709,5057,46.63,0.03,107.0,181.2,0.8931,0.4466,4.2304,21.5076,157.285,0.1843
3710,5032,249.36,1.44,304.12,181.56,0.7393,0.3696,4.1805,20.447,22.4841,0.2697
3710,5057,43.57,0.28,105.58,186.82,0.895,0.4475,4.0264,22.2351,25.3608,0.331
3711,5032,246.87,1.83,301.9,184.08,0.8384,0.4192,4.07,20.2238,27.0733,0.3075
3711,5057,41.74,0.19,102.44,181.98,0.8843,0.4421,4.2262,22.3425,156.9346,0.1819
3712,5032,243.61,2.45,298.63,184.87,0.8467,0.4234,4.0238,19.7372,0.0,0.329
3712,5057,38.33,0.06,99.68,185.02,0.8901,0.4451,4.1255,23.0317,33.4136,0.3122
3713,5032,242.67,5.93,296.06,185.36,0.7988,0.7988,3.997,19.4826,0.0,0.6241
3713,5057,36.3,0.01,97.1,184.19,0.8892,0.4446,4.1711,23.3595,0.0,0.3334
3714,5032,242.87,5.39,295.95,185.18,0.75,0.75,4.0039,19.4763,0.0,0.5853
3714,5057,34.03,0.0,93.02,180.52,0.8618,0.4309,4.3378,23.6795,155.381,0.1696
3715,5032,240.48,7.31,293.45,185.01,0.8237,0.8237,3.9985,19.0566,0.0,0.6441
3715,5057,30.66,0.0,88.8,179.39,0.8574,0.4287,4.4095,24.2472,0.0,0.3069
3716,5032,239.72,8.4,292.65,184.67,0.8145,0.8145,4.0075,18.9001,0.0,0.6362
3716,5057,26.77,0.0,86.18,187.0,0.8794,0.4397,4.1269,25.169,25.1968,0.3165
3716,5126,293.96,8.16,359.66,258.47,0.7456,0.3728,2.5468,33.7754,0.0,0.3495
3717,5032,239.63,8.79,291.89,183.05,0.7026,0.7026,4.0668,18.7032,0.0,0.5435
3717,5057,23.85,0.08,82.71,190.09,0.8931,0.4466,4.034,25.8474,34.7072,0.3138
3717,5126,293.47,7.29,359.29,258.04,0.6372,0.3186,2.5513,33.6895,0.0,0.2986
3718,5032,238.52,8.35,290.35,182.63,0.7363,0.7363,4.0767,18.448,0.0,0.5689
3718,5057,21.85,0.12,79.98,192.37,0.8755,0.4377,3.9686,26.3468,0.0,0.3369
3718,5126,292.53,1.76,359.93,258.55,0.835,0.4175,2.5428,33.7174,0.0,0.3917
3719,5032,237.51,8.36,284.86,170.91,0.7725,0.7725,4.5633,17.0809,158.4068,0.2911
3719,5057,20.14,0.22,77.44,193.11,0.8413,0.4207,3.9565,26.7175,0.0,0.324
3719,5126,292.36,0.77,360.0,258.72,0.6802,0.3401,2.54,33.7267,0.0,0.3192
3719,5129,276.39,3.71,320.08,152.04,0.541,0.2705,5.9201,23.0624,0.0,0.1731
3720,5032,236.72,8.24,282.37,166.64,0.8252,0.8252,4.7664,16.5482,158.5132,0.2894
3720,5057,19.42,0.17,75.69,192.62,0.876,0.438,3.9813,26.8795,0.0,0.3357
3720,5126,292.05,0.0,359.94,258.37,0.8516,0.4258,2.5444,33.6752,0.0,0.3995
3720,5129,274.1,4.32,318.0,152.88,0.7949,0.3975,5.8414,22.6921,0.0,0.2547
3721,5032,236.45,8.28,281.75,167.27,0.8271,0.8271,4.7319,16.5004,0.0,0.5696
3721,5057,19.21,0.15,74.63,192.2,0.8804,0.4402,4.0,26.9536,0.0,0.3362
3721,5126,291.8,0.0,359.67,258.24,0.8315,0.4158,2.5452,33.6346,0.0,0.39
3721,5129,272.75,4.63,317.32,154.8,0.8076,0.4038,5.6987,22.5433,17.5775,0.2526
3722,5032,236.12,8.38,280.72,166.14,0.8315,0.8315,4.7867,16.3174,0.0,0.5668
3722,5057,18.82,0.51,73.79,193.13,0.8691,0.4345,3.9717,27.1,0.0,0.3334
3722,5126,291.05,0.0,358.7,258.19,0.8076,0.4038,2.5418,33.5336,0.0,0.3791
3722,5129,268.63,4.92,315.89,163.24,0.8145,0.4073,5.1499,22.254,18.5702,0.2543
3723,5032,234.89,8.88,278.92,164.56,0.8315,0.8315,4.8625,15.9604,0.0,0.5589
3723,5057,17.74,0.65,72.46,193.35,0.8813,0.4406,3.9719,27.2966,0.0,0.3378
3723,5126,291.59,0.36,359.08,258.56,0.8535,0.4268,2.5384,33.6179,0.0,0.4008
3723,5129,267.31,5.3,315.45,165.7,0.8037,0.8037,5.0068,22.1795,19.1511,0.5012
3724,5032,234.96,9.05,278.21,162.34,0.7988,0.7988,4.9826,15.7975,160.7492,0.2581
3724,5057,15.74,0.52,70.53,193.6,0.8691,0.4345,3.9761,27.6097,0.0,0.3325
3724,5126,291.08,0.0,359.19,260.99,0.79,0.395,2.5008,33.8114,0.0,0.3727
3724,5129,267.65,5.72,315.03,162.52,0.6567,0.6567,5.1847,22.0727,161.7272,0.2029
3725,5032,233.28,8.91,276.36,160.83,0.8052,0.8052,5.0596,15.4039,0.0,0.5272
3725,5057,15.48,0.19,70.43,193.66,0.8745,0.4373,3.9752,27.6404,0.0,0.3346
3725,5126,289.24,0.24,357.89,265.26,0.8477,0.4239,2.4314,34.025,0.0,0.3958
3725,5129,267.18,6.34,313.68,158.84,0.7612,0.7612,5.3994,21.8164,161.5768,0.2356
3726,5032,233.91,9.23,276.42,159.49,0.7285,0.7285,5.1399,15.4145,0.0,0.4769
3726,5057,16.07,1.17,70.7,193.2,0.7988,0.3994,3.9882,27.5497,0.0,0.3051
3726,5126,277.95,0.7,348.59,267.5,0.5029,0.2515,2.3542,33.1353,55.1155,0.1971
3726,5129,268.1,5.29,314.84,156.07,0.2878,0.2878,5.5855,21.9403,162.6491,0.089
3727,5032,230.5,8.96,273.75,160.28,0.6289,0.6289,5.0781,14.8765,0.0,0.4122
3727,5057,15.45,0.62,70.68,193.93,0.8135,0.4068,3.9653,27.6386,0.0,0.3118
3728,5032,232.51,9.14,275.21,160.06,0.5679,0.5679,5.0996,15.1926,0.0,0.372
3728,5057,14.47,0.22,70.12,193.73,0.8228,0.4114,3.9771,27.7444,0.0,0.3146
3728,5126,270.15,1.65,340.94,264.91,0.8052,0.4026,2.3572,32.055,0.0,0.3745
3729,5032,228.58,9.29,272.1,160.78,0.8477,0.8477,5.0405,14.5634,0.0,0.5561
3729,5057,12.73,0.16,69.02,193.63,0.8721,0.436,3.9899,27.954,0.0,0.3325
3729,5126,259.82,1.23,332.94,263.34,0.7192,0.3596,2.3419,30.9161,0.0,0.335
3730,5032,227.0,9.25,270.76,159.69,0.75,0.75,5.0971,14.2411,0.0,0.4923
3730,5057,11.69,0.05,68.84,194.41,0.8535,0.4268,3.9673,28.0884,0.0,0.3265
3730,5126,253.33,1.64,327.88,259.98,0.8916,0.4458,2.367,29.9324,0.0,0.4181
3731,5032,225.47,9.32,269.99,160.91,0.7178,0.7178,5.0208,14.0794,0.0,0.4713
3731,5057,10.55,0.0,68.03,192.84,0.8711,0.4355,4.0278,28.1517,0.0,0.3297
3731,5126,243.89,1.41,321.32,258.18,0.8218,0.4109,2.3631,28.8769,0.0,0.3864
3731,5132,313.69,3.38,335.66,60.83,0.6113,0.3056,10.0,90.0,0.0,0.0
3732,5032,227.23,9.34,271.55,161.49,0.5859,0.5859,4.9954,14.418,0.0,0.3848
3732,5057,8.71,0.0,68.58,199.11,0.8804,0.4402,3.8236,28.5936,24.5377,0.3314
3732,5126,237.82,2.43,317.78,257.54,0.9072,0.4536,2.3552,28.2969,0.0,0.4268
3732,5132,308.42,3.38,338.34,81.77,0.4302,0.2151,34.1324,29.316,0.0,0.1342
3733,5032,226.01,9.53,270.02,161.08,0.6699,0.6699,5.0124,14.1409,0.0,0.4398
3733,5057,6.96,0.0,68.71,204.01,0.8965,0.4482,3.6788,29.0036,25.7306,0.3442
3733,5126,232.86,3.84,314.96,256.11,0.6748,0.3374,2.3627,27.7179,0.0,0.3183
3733,5132,306.21,3.38,340.59,93.56,0.6494,0.3247,19.7308,28.6403,4.9642,0.2028
3734,5032,225.48,9.59,268.84,160.02,0.6069,0.6069,5.0697,13.9312,0.0,0.3986
3734,5057,6.65,0.08,68.08,201.1,0.8804,0.4402,3.7696,28.8976,0.0,0.3474
3734,5126,225.47,1.43,312.44,256.65,0.5679,0.2839,2.3383,27.2794,0.0,0.2673
3734,5132,305.74,3.15,342.27,98.81,0.5039,0.252,16.5901,28.4682,6.0055,0.1574
3735,5032,216.77,9.99,261.66,159.73,0.6548,0.6548,5.052,12.4139,84.1846,0.2353
3735,5057,5.4,0.02,68.88,206.49,0.8901,0.4451,3.6111,29.2576,25.5542,0.3457
3735,5126,224.81,2.86,313.78,255.75,0.8394,0.4197,2.3526,27.1991,0.0,0.396
3735,5132,307.44,2.92,342.6,94.04,0.5215,0.2607,19.4398,28.8574,174.9917,0.0761
3736,5032,213.03,7.51,261.78,158.81,0.4216,0.4216,5.099,12.0238,0.0,0.278
3736,5057,5.08,0.18,68.2,203.99,0.8184,0.4092,3.6869,29.1755,0.0,0.3271
3736,5126,219.82,2.55,309.66,250.77,0.5928,0.2964,2.413,26.0919,0.0,0.2829
3736,5132,299.38,2.45,352.29,141.83,0.583,0.2915,7.0491,27.6543,13.698,0.1805
3737,5032,205.58,8.63,255.74,157.37,0.6919,0.6919,5.1601,10.6604,114.9522,0.2267
3737,5057,5.45,0.25,67.54,198.51,0.8228,0.4114,3.8567,28.877,156.0769,0.1828
3737,5126,211.38,0.92,301.26,245.74,0.2487,0.1244,2.4667,24.5571,0.0,0.12
3737,5132,299.48,2.28,355.57,151.48,0.3469,0.1734,6.2296,27.9544,15.8798,0.1067
3737,5129,255.22,3.88,303.51,158.35,0.2583,0.1291,5.3526,19.8338,46.1615,0.0703
3738,5032,201.32,9.91,251.3,153.94,0.7178,0.7178,5.3624,9.6573,151.5023,0.2359
3738,5057,4.96,0.46,64.16,188.15,0.6533,0.3266,4.2308,28.6373,158.1015,0.1291
3738,5126,211.27,0.31,301.64,246.46,0.4131,0.2066,2.4555,24.6689,0.0,0.199
3738,5132,300.96,2.3,357.46,153.89,0.7363,0.3681,6.0651,28.2464,19.9889,0.2234
3738,5129,252.62,2.55,299.74,152.12,0.2186,0.1093,5.7465,19.1251,160.9177,0.0344
3739,5032,198.58,10.5,249.86,153.17,0.7559,0.7559,5.4064,9.2158,0.0,0.5007
3739,5057,1.81,0.35,63.71,196.71,0.647,0.3235,3.9402,29.3298,24.5039,0.2378
3739,5126,213.17,0.08,304.96,247.16,0.4551,0.2276,2.4521,25.0304,0.0,0.219
3739,5132,302.72,2.39,357.16,148.94,0.5254,0.2627,6.4563,28.3236,165.2482,0.0771
3739,5129,248.29,1.54,295.91,150.31,0.2576,0.1288,5.8501,18.3486,139.094,0.0408
3740,5032,194.44,11.04,246.06,152.73,0.5889,0.5889,5.4234,8.4168,0.0,0.3905
3740,5057,0.0,0.12,62.19,204.71,0.5776,0.2888,3.701,30.0159,25.898,0.22
3740,5132,304.37,2.35,357.87,147.29,0.644,0.322,6.6071,28.5043,164.2288,0.0943
3740,5129,239.74,0.89,290.15,156.41,0.218,0.109,5.3842,17.1407,23.3921,0.0681
3741,5032,190.56,11.19,242.12,152.89,0.4951,0.4951,5.4014,7.6551,0.0,0.3286
3741,5057,0.0,0.22,59.81,203.84,0.6646,0.3323,3.7346,30.1359,0.0,0.2626
3741,5132,301.21,2.05,355.88,149.16,0.2815,0.1407,6.4239,28.102,19.7828,0.0855
3741,5126,206.97,0.0,296.64,245.06,0.3684,0.1842,2.4647,24.0077,0.0,0.178
3742,5032,188.56,11.21,239.92,152.42,0.3372,0.3372,5.4275,7.2196,0.0,0.2239
3742,5057,0.0,0.26,56.9,206.5,0.7754,0.3877,3.6658,30.4961,0.0,0.3096
3742,5132,304.73,2.05,358.11,146.88,0.5928,0.2964,6.6456,28.5506,161.5203,0.0868
3742,5126,203.19,0.0,291.81,245.36,0.3174,0.1587,2.4481,23.6299,0.0,0.1532
3742,5129,235.64,0.45,283.98,147.7,0.3115,0.1557,5.969,16.0155,161.0265,0.0499
3743,5032,186.49,9.9,238.39,152.93,0.5391,0.5391,5.3886,6.8925,0.0,0.3581
3743,5057,0.0,0.18,54.92,208.03,0.7319,0.3659,3.6285,30.725,0.0,0.2938
3743,5132,304.3,2.14,359.42,153.58,0.498,0.249,6.1141,28.664,15.8189,0.1527
3743,5129,231.87,0.51,281.76,151.55,0.3674,0.1837,5.6648,15.4987,19.565,0.1167
3744,5032,185.47,9.03,237.32,152.59,0.708,0.708,5.4089,6.6697,0.0,0.4704
3744,5057,0.0,0.24,52.77,206.27,0.6533,0.3266,3.6859,30.7741,0.0,0.2597
3744,5132,304.92,2.18,359.48,153.54,0.5381,0.2691,6.1204,28.7173,0.0,0.1683
3744,5126,200.73,0.0,287.26,245.15,0.4697,0.2349,2.4424,23.2687,0.0,0.2267
3745,5032,183.55,7.87,235.5,152.85,0.6699,0.6699,5.3872,6.319,0.0,0.4452
3745,5057,0.0,0.18,51.73,203.04,0.8315,0.4158,3.7855,30.6675,0.0,0.3251
3745,5132,302.78,2.02,360.0,161.53,0.3066,0.1533,5.5704,28.7019,16.9896,0.0937
3745,5126,200.07,0.0,284.11,244.7,0.7271,0.3635,2.4449,23.0267,0.0,0.3512
3746,5032,181.0,7.81,231.62,152.69,0.6665,0.6665,5.3911,5.6848,0.0,0.4432
3746,5057,0.0,0.24,50.82,198.9,0.8618,0.4309,3.9186,30.514,156.5229,0.1859
3746,5132,306.44,2.04,360.0,154.48,0.3748,0.1874,6.0616,28.8879,164.2783,0.0547
3746,5126,201.2,0.71,282.48,244.54,0.7583,0.3791,2.4469,22.98,0.0,0.3664
3747,5032,180.62,7.79,229.75,152.19,0.6636,0.6636,5.4227,5.4351,0.0,0.4414
3747,5057,0.0,0.27,51.32,202.95,0.8564,0.4282,3.7896,30.6917,24.2491,0.322
3747,5132,307.35,1.51,360.0,152.1,0.4446,0.2223,6.2438,28.9369,164.7633,0.0648
3747,5126,203.7,1.84,277.94,229.59,0.4351,0.2175,2.7092,20.6677,147.644,0.1343
3748,5032,180.92,6.77,229.17,152.11,0.4485,0.4485,5.4278,5.4029,0.0,0.2983
3748,5057,0.0,0.46,51.34,202.96,0.8936,0.4468,3.7892,30.6909,0.0,0.3491
3748,5132,308.04,1.77,360.0,150.18,0.4243,0.2122,6.398,28.9771,165.1173,0.0619
3748,5126,200.8,2.1,275.79,238.64,0.7739,0.387,2.5373,21.7686,34.4019,0.3533
3749,5032,181.41,6.95,228.36,152.09,0.646,0.646,5.4289,5.3705,0.0,0.4297
3749,5057,0.0,0.35,51.54,202.95,0.876,0.438,3.7888,30.6761,0.0,0.3423
3749,5132,306.97,1.5,360.0,156.42,0.3923,0.1961,5.9263,28.9524,16.0353,0.1201
3749,5126,193.7,4.04,268.56,241.64,0.7627,0.3814,2.4703,21.6023,0.0,0.3709
3750,5032,181.12,6.28,227.2,152.66,0.6206,0.6206,5.389,5.2681,0.0,0.4129
3750,5057,0.0,0.31,52.25,206.19,0.8604,0.4302,3.69,30.8061,0.0,0.3417
3750,5132,308.14,1.79,359.31,151.11,0.6426,0.3213,6.3211,28.937,164.879,0.0937
3751,5032,180.94,6.41,225.49,152.05,0.2903,0.2903,5.4285,5.0448,0.0,0.1932
3751,5057,0.0,0.57,52.63,207.95,0.8735,0.4368,3.6382,30.8808,0.0,0.3498
3751,5132,305.81,2.07,360.0,170.21,0.6011,0.3005,5.0881,29.133,18.5633,0.1825
3751,5126,187.75,6.19,261.71,243.84,0.7241,0.7241,2.4217,21.4571,0.0,0.6998
3752,5032,175.04,8.88,218.16,152.67,0.3311,0.3311,5.3766,3.8492,70.4674,0.147
3752,5057,0.0,0.3,52.96,208.78,0.8677,0.4339,3.6137,30.9063,0.0,0.3489
3752,5132,304.72,2.18,360.0,175.96,0.7285,0.3643,4.7978,29.2179,19.539,0.2302
3752,5126,183.97,7.2,256.69,244.49,0.7104,0.7104,2.4037,21.2569,0.0,0.6852
3753,5057,0.0,0.29,52.78,209.53,0.8867,0.4434,3.5934,30.9633,0.0,0.3577
3753,5132,305.24,2.4,360.0,177.72,0.5928,0.2964,4.7183,29.3158,0.0,0.1961
3753,5126,181.07,7.55,252.85,243.97,0.8145,0.8145,2.4068,20.9528,0.0,0.7864
3754,5057,0.0,0.28,52.59,210.16,0.8467,0.4234,3.5766,31.014,0.0,0.3424
3754,5132,305.0,2.4,360.0,178.93,0.686,0.343,4.6627,29.339,0.0,0.2294
3754,5126,177.27,8.05,248.76,241.9,0.7559,0.7559,2.4349,20.3641,0.0,0.7336
3755,5057,0.0,0.28,53.48,220.35,0.8755,0.4377,3.312,31.5979,27.3094,0.3525
3755,5132,305.18,2.22,360.0,180.32,0.7305,0.3653,4.6021,29.4021,0.0,0.2472
3755,5126,174.75,8.03,245.39,240.74,0.6899,0.6899,2.4503,19.9993,0.0,0.6715
3756,5057,0.0,0.28,52.83,217.16,0.8618,0.4309,3.3921,31.4326,0.0,0.3586
3756,5132,305.72,1.96,360.0,180.15,0.5029,0.2515,4.6117,29.437,0.0,0.1698
3756,5126,175.02,7.36,239.44,220.14,0.5273,0.5273,2.836,16.1992,148.6799,0.3209
3757,5057,0.0,0.28,52.25,214.97,0.8882,0.4441,3.4495,31.3325,0.0,0.3663
3757,5132,306.02,1.5,360.0,180.29,0.5557,0.2778,4.6067,29.4649,0.0,0.1878
3757,5126,176.07,5.44,242.27,230.05,0.7642,0.7642,2.6391,18.0782,33.5253,0.6951
3758,5057,0.0,0.28,52.16,216.88,0.8286,0.4143,3.4012,31.4599,0.0,0.3442
3758,5132,312.25,0.82,353.53,127.83,0.457,0.2285,8.817,28.9139,168.9878,0.0667
3758,5126,174.69,6.27,236.47,216.79,0.7178,0.7178,2.9072,15.4927,148.5118,0.4309
3759,5057,0.0,0.28,52.03,218.03,0.9009,0.4505,3.3729,31.5428,0.0,0.3758
3759,5132,306.89,0.8,359.93,165.65,0.5312,0.2656,5.3426,29.1008,17.8399,0.1616
3759,5126,174.31,5.55,235.54,216.05,0.7471,0.7471,2.923,15.3178,0.0,0.6961
3760,5057,0.0,0.47,51.74,216.12,0.8862,0.4431,3.4217,31.4399,0.0,0.367
3760,5132,305.3,0.78,360.0,175.79,0.543,0.2715,4.8082,29.257,19.5205,0.1712
3760,5126,173.91,5.01,233.73,211.04,0.7949,0.7949,3.0387,14.338,149.9985,0.4646
3761,5057,0.0,0.35,54.5,223.15,0.8975,0.4487,3.243,31.7193,27.67,0.3648
3761,5132,303.85,0.34,360.0,179.16,0.7832,0.3916,4.648,29.2594,20.11,0.2548
3761,5126,172.92,4.91,232.23,209.28,0.8306,0.4153,3.0802,13.9368,0.0,0.3791
3762,5057,0.0,0.31,55.42,224.65,0.8755,0.4377,3.206,31.7622,0.0,0.3747
3762,5132,302.21,0.25,358.72,180.96,0.7529,0.3765,4.5579,29.1021,0.0,0.2573
3762,5126,171.36,4.5,230.78,208.26,0.6162,0.3081,3.104,13.6559,0.0,0.2804
3763,5057,0.0,0.29,54.18,225.64,0.8994,0.4497,3.1873,31.9126,0.0,0.3858
3763,5132,301.49,0.13,357.85,182.14,0.7778,0.3889,4.5017,29.0258,0.0,0.2688
3763,5126,169.5,4.35,229.42,207.98,0.8145,0.4073,3.1094,13.5096,0.0,0.3704
3764,5057,0.0,0.28,54.64,225.87,0.8989,0.4495,3.1808,31.8986,0.0,0.386
3764,5132,301.62,0.18,357.49,182.19,0.7471,0.3735,4.4987,29.0102,0.0,0.2584
3764,5126,167.15,4.49,227.18,207.3,0.8564,0.4282,3.1245,13.2587,0.0,0.3887
3765,5057,0.16,0.19,55.73,226.37,0.9028,0.4514,3.166,31.8522,0.0,0.3887
3765,5132,301.95,0.11,357.45,182.25,0.7241,0.362,4.4973,29.0347,0.0,0.2505
3765,5126,164.47,5.02,223.99,203.47,0.8975,0.8975,3.2221,12.3903,145.7597,0.505
3766,5057,0.35,0.25,55.69,225.22,0.8608,0.4304,3.1913,31.7613,0.0,0.3692
3766,5132,301.73,0.18,356.69,182.06,0.7988,0.3994,4.5015,28.9525,0.0,0.2762
3766,5126,162.79,5.03,222.15,200.62,0.834,0.834,3.2988,11.766,0.0,0.7393
3767,5057,1.14,0.27,55.63,220.57,0.8892,0.4446,3.2969,31.3926,152.1575,0.2275
3767,5132,302.63,0.12,356.92,181.7,0.7188,0.3594,4.521,29.0248,0.0,0.2475
3767,5126,162.19,4.85,221.06,196.63,0.5566,0.2783,3.4131,10.9591,152.9338,0.15
3767,5129,170.03,6.13,222.08,158.55,0.2727,0.2727,5.0068,4.4511,0.0,0.1815
3768,5057,0.79,0.37,55.46,221.0,0.8506,0.4253,3.2882,31.4565,0.0,0.3598
3768,5132,302.96,0.01,356.66,181.37,0.8169,0.4084,4.5353,29.0176,0.0,0.2805
3768,5126,164.82,6.2,222.7,194.68,0.7168,0.7168,3.4732,10.6843,0.0,0.6196
3769,5057,0.47,0.31,56.92,228.03,0.8789,0.4395,3.1253,31.8731,28.6132,0.3628
3769,5132,304.09,0.16,357.41,181.9,0.8228,0.4114,4.52,29.1811,0.0,0.2832
3769,5126,162.61,6.99,220.58,193.68,0.4961,0.4961,3.5025,10.3859,0.0,0.4271
3770,5057,0.7,0.39,57.02,226.98,0.8608,0.4304,3.1473,31.7762,0.0,0.3718
3770,5132,303.93,0.12,356.82,181.47,0.7393,0.3696,4.5354,29.1076,0.0,0.2538
3770,5126,159.57,7.36,221.39,207.76,0.6929,0.6929,3.1083,13.0693,28.733,0.6023
3771,5057,2.54,0.32,58.35,221.79,0.8555,0.4278,3.2559,31.2007,150.1758,0.2214
3771,5132,304.05,0.11,356.79,181.88,0.708,0.354,4.5183,29.1301,0.0,0.2438
3771,5126,159.18,7.77,218.09,197.7,0.6416,0.6416,3.38,11.0565,152.8606,0.3485
3772,5057,2.35,0.2,58.26,220.35,0.8384,0.4192,3.2908,31.1201,0.0,0.3549
3772,5132,305.14,0.2,358.32,183.37,0.8237,0.4118,4.466,29.3868,0.0,0.2862
3772,5126,159.91,8.11,218.56,198.99,0.7568,0.7568,3.343,11.328,0.0,0.6668
3773,5057,3.59,0.25,61.77,225.86,0.7114,0.3557,3.1503,31.1946,28.9024,0.2929
3773,5132,305.22,0.33,359.98,189.88,0.8203,0.4102,4.2174,29.7904,22.6442,0.2876
3773,5126,160.14,7.85,218.65,200.42,0.7349,0.7349,3.3027,11.612,0.0,0.6512
3774,5057,2.93,0.27,61.99,227.36,0.834,0.417,3.1185,31.3337,0.0,0.3623
3774,5132,304.81,0.11,360.0,192.39,0.7515,0.3757,4.1246,29.8764,0.0,0.2777
3774,5129,162.82,8.29,209.81,145.92,0.4514,0.4514,5.8571,1.3584,159.779,0.1504
3775,5057,3.52,0.18,61.67,220.7,0.8647,0.4324,3.269,30.8363,152.2117,0.2235
3775,5132,304.96,0.11,360.0,192.92,0.7544,0.3772,4.1063,29.9124,0.0,0.2797
3775,5129,160.39,8.28,208.19,144.87,0.7148,0.7148,5.9398,0.901,0.0,0.4765
3776,5057,6.69,0.06,67.8,225.61,0.7871,0.3936,3.1302,30.573,32.072,0.3222
3776,5132,304.78,0.12,360.0,192.12,0.7627,0.3814,4.1342,29.8615,0.0,0.2814
3776,5129,160.07,9.43,207.97,145.02,0.5889,0.5889,5.9277,0.8537,0.0,0.3926
3777,5057,7.23,0.01,71.11,230.54,0.771,0.3855,3.0141,30.7039,29.8726,0.324
3777,5132,305.99,0.12,359.68,186.57,0.7285,0.3643,4.3455,29.6826,158.5855,0.1373
3777,5126,157.26,9.17,210.84,187.13,0.7485,0.7485,3.7132,8.8462,153.6542,0.375
3778,5057,7.52,0.09,73.05,232.13,0.8394,0.4197,2.9756,30.6877,0.0,0.3735
3778,5132,305.66,0.12,359.58,188.67,0.6953,0.3477,4.263,29.74,0.0,0.2507
3778,5126,156.46,8.23,210.38,189.44,0.7695,0.7695,3.6351,9.2976,0.0,0.6497
3779,5057,8.41,0.02,77.6,238.69,0.8867,0.4434,2.8335,30.8922,31.5395,0.3808
3779,5132,305.44,0.13,360.0,198.29,0.7847,0.3923,3.9255,30.2126,23.6602,0.289
3779,5126,154.95,8.12,208.44,190.13,0.605,0.605,3.6121,9.4163,0.0,0.5126
3780,5057,8.91,0.18,78.87,235.29,0.8794,0.4397,2.894,30.4896,0.0,0.3963
3780,5132,305.52,0.4,360.0,203.52,0.7754,0.3877,3.7617,30.4982,24.5662,0.2929
3780,5126,154.33,8.09,207.12,189.3,0.5757,0.5757,3.6394,9.2449,0.0,0.4857
3781,5057,9.0,0.62,80.46,234.63,0.9077,0.4538,2.9027,30.3265,0.0,0.4088
3781,5132,305.52,0.51,360.0,202.3,0.7217,0.3609,3.7989,30.4311,0.0,0.2818
3781,5126,154.28,8.36,205.04,184.34,0.4216,0.4216,3.811,8.2466,155.4673,0.2059
3781,5129,146.54,8.09,198.28,148.86,0.4233,0.4233,5.6349,1.8546,44.565,0.2416
3782,5057,8.74,0.41,81.7,233.6,0.9146,0.4573,2.9205,30.1761,0.0,0.411
3782,5132,305.38,0.37,360.0,203.29,0.7949,0.3975,3.7682,30.4755,0.0,0.3119
3782,5126,153.59,8.28,203.91,184.69,0.233,0.233,3.7985,8.3208,0.0,0.1918
3783,5057,10.09,0.33,85.41,233.92,0.8604,0.4302,2.9014,29.8797,0.0,0.3881
3783,5132,304.76,0.31,360.0,207.18,0.709,0.3545,3.6517,30.6527,25.0241,0.2725
3783,5126,152.91,8.35,202.5,182.89,0.6689,0.6689,3.8641,7.9675,0.0,0.5451
3783,5146,131.34,8.77,168.62,145.52,0.458,0.458,5.9241,6.1635,0.0,0.3045
3784,5057,9.32,0.12,88.15,239.21,0.9097,0.4548,2.7955,30.2243,31.319,0.3942
3784,5132,304.67,0.29,360.0,208.33,0.8286,0.4143,3.6187,30.714,0.0,0.3331
3784,5126,152.13,8.48,201.46,182.26,0.7217,0.7217,3.8876,7.8536,0.0,0.5859
3784,5146,131.45,8.92,168.78,145.43,0.3008,0.3008,5.9309,6.1351,0.0,0.2
3785,5057,9.1,0.03,90.38,242.27,0.8989,0.4495,2.7351,30.3796,0.0,0.4148
3785,5132,306.15,0.37,360.0,203.92,0.7251,0.3625,3.7518,30.5652,155.6239,0.1644
3785,5126,151.46,8.53,200.42,181.7,0.6167,0.6167,3.9088,7.7575,0.0,0.499
3785,5146,133.47,8.45,170.46,144.09,0.3784,0.3784,6.0354,5.7515,153.5179,0.1255
3786,5057,8.8,0.19,91.26,241.57,0.8882,0.4441,2.7463,30.2795,0.0,0.4093
3786,5132,307.38,0.22,360.0,204.17,0.8433,0.4217,3.7484,30.6664,0.0,0.3318
3786,5126,153.44,8.36,196.39,156.8,0.5698,0.5698,5.1033,2.8328,161.565,0.1897
3786,5146,132.12,8.38,169.3,144.52,0.4697,0.4697,6.0031,6.008,0.0,0.3123
3787,5057,7.2,0.06,94.29,253.08,0.8828,0.4414,2.5489,31.2842,33.7846,0.3923
3787,5132,308.36,0.16,360.0,204.59,0.8169,0.4084,3.7391,30.7592,0.0,0.3218
3787,5126,150.8,8.5,198.04,173.42,0.7598,0.7598,4.2453,6.1403,21.8358,0.5634
3787,5146,129.75,8.59,167.32,145.3,0.6377,0.6377,5.9453,6.455,0.0,0.4238
3788,5057,7.36,0.11,95.25,253.09,0.8965,0.4482,2.5462,31.2208,0.0,0.4238
3788,5132,309.6,0.14,360.0,204.15,0.7114,0.3557,3.7564,30.8226,0.0,0.2794
3788,5126,150.36,8.72,198.28,177.69,0.79,0.79,4.0659,6.9978,22.6995,0.6027
3788,5146,132.08,8.97,169.24,145.28,0.606,0.606,5.9416,6.0229,0.0,0.4029
3789,5057,8.39,0.03,97.27,253.54,0.915,0.4575,2.5323,31.0901,0.0,0.4336
3789,5132,309.77,0.23,360.0,202.65,0.5928,0.2964,3.8024,30.753,0.0,0.231
3789,5126,150.19,8.72,198.85,182.02,0.835,0.835,3.8972,7.8575,23.5849,0.6536
3789,5146,129.76,9.18,167.5,147.32,0.5439,0.5439,5.7869,6.4658,23.1259,0.3469
3790,5057,9.52,0.19,101.07,259.89,0.8618,0.4309,2.4254,31.4507,35.6106,0.3786
3790,5132,311.73,0.26,360.0,203.34,0.6929,0.3464,3.7879,30.9292,0.0,0.2705
3790,5126,149.95,9.09,198.37,183.31,0.8037,0.8037,3.8495,8.1256,0.0,0.6564
3790,5146,127.82,9.65,165.63,148.43,0.5527,0.5527,5.7082,6.8767,0.0,0.3671
3790,5148,143.08,9.73,163.37,79.58,0.4045,0.4045,35.3793,14.0704,0.0,0.2656
3791,5057,10.2,0.07,103.06,262.89,0.8638,0.4319,2.3765,31.614,0.0,0.4034
3791,5132,312.64,0.27,360.0,205.89,0.7349,0.3674,3.7149,31.1328,0.0,0.2903
3791,5126,149.86,9.41,197.89,183.62,0.8506,0.8506,3.8382,8.1961,0.0,0.6959
3791,5146,127.18,9.73,164.9,148.73,0.6577,0.6577,5.6878,7.0226,0.0,0.4368
3792,5057,10.9,0.02,104.63,265.6,0.8945,0.4472,2.334,31.7757,0.0,0.415
3792,5132,311.97,0.19,360.0,204.71,0.709,0.3545,3.7475,31.0206,0.0,0.2786
3792,5126,152.74,9.16,194.48,158.33,0.7153,0.7153,5.012,3.2263,161.2637,0.2381
3792,5146,126.23,9.57,163.87,148.73,0.6621,0.6621,5.6905,7.2214,0.0,0.4396
3793,5057,11.56,0.0,105.44,266.75,0.9106,0.4553,2.3152,31.8196,0.0,0.4213
3793,5132,310.51,0.15,360.0,204.41,0.668,0.334,3.7516,30.9012,0.0,0.2625
3793,5126,153.38,9.55,192.96,149.5,0.6206,0.6206,5.588,1.8045,163.0645,0.2068
3793,5146,125.55,9.03,163.11,148.71,0.6143,0.6143,5.6939,7.3654,0.0,0.4078
3794,5057,12.54,0.0,106.17,267.46,0.9038,0.4519,2.3022,31.8057,0.0,0.4174
3794,5132,308.74,0.23,360.0,205.94,0.834,0.417,3.7005,30.8616,0.0,0.3306
3794,5126,150.18,9.78,195.51,172.03,0.6235,0.6235,4.3075,5.9335,21.5419,0.4576
3794,5146,129.14,8.45,164.84,144.38,0.4072,0.4072,6.0241,6.7638,161.3442,0.1348
3794,5129,123.01,7.88,171.98,148.38,0.4834,0.4834,5.7099,6.7205,100.3055,0.16
3795,5057,13.13,0.0,106.16,266.91,0.9175,0.4587,2.3085,31.7171,0.0,0.4242
3795,5132,308.37,0.36,359.27,203.72,0.6646,0.3323,3.7628,30.66,0.0,0.2609
3795,5126,149.32,10.13,196.31,180.0,0.7393,0.7393,3.9749,7.5132,23.1569,0.5719
3795,5146,127.45,8.04,163.87,146.69,0.5332,0.5332,5.8433,7.0545,18.8877,0.3446
3795,5129,124.36,8.17,169.09,150.11,0.2043,0.2043,5.5857,6.93,18.6786,0.1321
3796,5057,13.44,0.0,106.16,267.18,0.895,0.4475,2.3042,31.7297,0.0,0.4135
3796,5132,309.98,0.31,360.0,206.1,0.6279,0.314,3.6999,30.9579,0.0,0.2488
3796,5126,149.21,10.81,196.44,183.24,0.7988,0.7988,3.8525,8.1557,23.8106,0.6294
3796,5146,126.14,7.99,162.36,147.45,0.5381,0.5381,5.7888,7.3525,0.0,0.3573
3797,5057,14.41,0.0,106.62,267.4,0.8838,0.4419,2.2984,31.6789,0.0,0.4081
3797,5132,306.82,0.29,357.96,203.93,0.8135,0.4068,3.747,30.4684,0.0,0.3204
3797,5126,149.37,11.53,196.16,183.82,0.8423,0.8423,3.8314,8.273,0.0,0.6899
3797,5146,125.94,8.07,161.86,147.55,0.5039,0.5039,5.7822,7.425,0.0,0.3345
3798,5057,16.65,0.09,107.96,267.51,0.8965,0.4482,2.2898,31.5056,0.0,0.4137
3798,5132,304.03,0.1,356.16,203.82,0.603,0.3015,3.7352,30.1347,0.0,0.2383
3798,5126,149.53,11.52,195.99,184.26,0.8296,0.8296,3.8154,8.3604,0.0,0.6812
3798,5146,127.3,8.19,163.85,148.7,0.7808,0.7808,5.6913,7.1151,0.0,0.5185
3799,5057,18.43,0.12,108.57,266.85,0.9028,0.4514,2.294,31.3104,0.0,0.4171
3799,5132,301.71,0.03,355.29,205.63,0.5479,0.274,3.6714,30.0121,0.0,0.2189
3799,5126,149.79,12.25,195.75,184.75,0.8452,0.8452,3.7978,8.4572,0.0,0.6959
3799,5146,126.72,8.54,162.94,148.47,0.7925,0.7925,5.7103,7.2587,0.0,0.5262
3799,5149,317.64,0.28,360.0,205.71,0.384,0.192,3.7369,31.4727,0.0,0.1509
3800,5057,20.11,0.32,109.43,267.38,0.8994,0.4497,2.282,31.2376,0.0,0.4149
3800,5132,299.95,0.0,354.4,203.99,0.7559,0.378,3.7112,29.7259,0.0,0.3003
3800,5126,150.67,12.33,196.02,184.89,0.6704,0.6704,3.7926,8.4656,0.0,0.5524
3800,5146,126.17,8.49,162.2,148.75,0.6602,0.6602,5.6914,7.3955,0.0,0.4383
3801,5057,21.81,0.3,110.11,266.7,0.9116,0.4558,2.2866,31.0402,0.0,0.4211
3801,5132,297.85,0.0,353.69,204.18,0.7163,0.3582,3.6965,29.5349,0.0,0.2855
3801,5126,150.74,12.45,195.67,184.81,0.8062,0.8062,3.7955,8.4543,0.0,0.664
3801,5146,124.2,8.43,159.62,148.47,0.7051,0.7051,5.7188,7.845,0.0,0.4679
3802,5057,22.86,0.2,110.61,267.42,0.9058,0.4529,2.2739,31.0407,0.0,0.4176
3802,5132,295.13,0.0,352.8,205.18,0.811,0.4055,3.6558,29.3353,0.0,0.3257
3802,5126,151.63,12.11,195.05,179.55,0.833,0.833,3.9922,7.4036,156.9232,0.3873
3802,5146,122.64,8.26,157.25,147.43,0.8203,0.8203,5.8033,8.2184,0.0,0.5441
3803,5057,23.74,0.16,111.36,269.52,0.9077,0.4538,2.243,31.1928,0.0,0.4164
3803,5132,293.84,0.17,352.79,204.8,0.8667,0.4334,3.6628,29.2183,0.0,0.3478
3803,5126,151.3,11.6,194.58,179.19,0.7822,0.7822,4.0065,7.3475,0.0,0.6229
3803,5146,121.45,8.18,155.7,147.87,0.811,0.811,5.7743,8.5013,0.0,0.5377
3804,5057,25.25,0.15,114.09,275.82,0.9092,0.4546,2.1552,31.6984,0.0,0.4111
3804,5132,293.08,0.34,353.5,206.51,0.8315,0.4158,3.6132,29.3206,0.0,0.3363
3804,5126,152.08,11.03,194.44,175.98,0.834,0.834,4.1365,6.6969,157.5425,0.3721
3804,5146,119.92,8.31,154.02,148.5,0.7568,0.7568,5.7323,8.8351,0.0,0.5015
3805,5057,27.34,0.24,113.85,270.09,0.9136,0.4568,2.2243,30.9533,0.0,0.4183
3805,5132,292.8,0.4,354.18,206.4,0.8359,0.4179,3.6176,29.3424,0.0,0.3378
3805,5126,151.7,11.0,193.21,171.67,0.7939,0.7939,4.3239,5.8829,158.2264,0.3348
3805,5146,117.01,8.23,151.42,147.8,0.7568,0.7568,5.7947,9.3725,0.0,0.5012
3806,5057,29.02,0.27,114.32,267.33,0.9165,0.4582,2.2567,30.5296,0.0,0.4222
3806,5132,292.22,0.52,354.98,208.2,0.791,0.3955,3.5675,29.4716,0.0,0.3222
3806,5126,153.45,10.7,193.13,164.22,0.6216,0.6216,4.6852,4.3768,159.9265,0.2327
3806,5146,115.85,8.36,150.65,148.09,0.6802,0.6802,5.7762,9.57,0.0,0.4503
3807,5057,29.48,0.37,115.0,269.62,0.9121,0.4561,2.2244,30.7362,0.0,0.4179
3807,5132,291.11,0.56,355.39,210.63,0.8252,0.4126,3.4987,29.5791,0.0,0.3397
3807,5126,154.5,10.69,192.72,158.05,0.4233,0.4233,5.0286,3.1739,161.2916,0.1409
3807,5146,112.84,8.34,148.37,147.36,0.5796,0.5796,5.8419,10.0857,0.0,0.3834
3808,5057,29.35,0.32,116.11,275.55,0.9092,0.4546,2.1477,31.3759,0.0,0.4111
3808,5132,290.61,0.57,355.75,210.88,0.8755,0.4377,3.4916,29.5857,0.0,0.3608
3808,5126,154.44,10.78,193.02,159.62,0.8535,0.8535,4.9369,3.4604,0.0,0.5757
3808,5146,110.66,8.4,146.88,147.92,0.7695,0.7695,5.8064,10.4585,0.0,0.5087
3809,5057,30.45,0.3,116.19,273.63,0.9077,0.4538,2.1694,31.0961,0.0,0.4121
3809,5132,290.27,0.58,356.09,210.77,0.8359,0.4179,3.4945,29.5784,0.0,0.3444
3809,5126,154.23,10.62,192.95,160.13,0.8394,0.8394,4.9078,3.5682,0.0,0.5694
3809,5146,110.68,8.45,147.05,147.95,0.7441,0.7441,5.8037,10.4401,0.0,0.492
3810,5057,33.29,0.29,122.46,283.41,0.8828,0.4414,2.0373,31.8346,41.1343,0.3557
3810,5132,289.77,0.48,356.25,210.52,0.8843,0.4421,3.5002,29.538,0.0,0.364
3810,5126,153.61,10.47,192.52,160.0,0.8076,0.8076,4.9154,3.5849,0.0,0.547
3810,5146,110.41,8.53,146.66,147.31,0.7974,0.7974,5.854,10.4966,0.0,0.5272
3811,5057,34.19,0.47,124.54,287.04,0.8691,0.4345,1.9919,32.1426,0.0,0.3829
3811,5132,289.6,0.45,356.79,210.77,0.8691,0.4345,3.4946,29.5806,0.0,0.358
3811,5126,154.04,10.6,192.83,159.82,0.8193,0.8193,4.9255,3.5213,0.0,0.5538
3811,5146,110.15,8.38,146.29,146.78,0.7583,0.7583,5.8964,10.553,0.0,0.5013
3812,5057,37.23,0.17,128.77,288.0,0.8369,0.4184,1.97,31.9547,0.0,0.3677
3812,5132,288.92,0.43,356.72,210.85,0.8525,0.4263,3.4902,29.5329,0.0,0.3515
3812,5126,154.23,11.31,192.74,159.33,0.6875,0.6875,4.9537,3.4247,0.0,0.4622
3812,5146,110.25,8.32,146.13,146.12,0.7271,0.7271,5.9486,10.5528,0.0,0.4806
3813,5057,35.21,0.43,126.17,288.0,0.8442,0.4221,1.9773,32.1471,0.0,0.3711
3813,5132,288.54,0.34,357.02,211.42,0.8931,0.4466,3.4747,29.5651,0.0,0.3691
3813,5126,154.23,11.76,192.78,159.85,0.7378,0.7378,4.9238,3.5215,0.0,0.4989
3813,5146,110.05,8.23,146.19,147.27,0.6978,0.6978,5.8588,10.5785,0.0,0.4612
3814,5057,36.78,0.15,127.75,288.0,0.8853,0.4426,1.9723,32.0156,0.0,0.3891
3814,5132,288.31,0.3,357.25,211.43,0.8931,0.4466,3.4745,29.5657,0.0,0.3691
3814,5126,153.56,12.11,192.15,160.35,0.8403,0.8403,4.8957,3.6679,0.0,0.5713
3814,5146,109.88,8.27,146.18,148.08,0.7861,0.7861,5.7972,10.6078,0.0,0.5196
3815,5057,37.69,0.23,128.24,288.0,0.8452,0.4226,1.9701,31.9576,0.0,0.3714
3815,5132,287.28,0.28,356.35,211.42,0.8838,0.4419,3.469,29.4291,0.0,0.3658
3815,5126,153.33,13.08,191.72,160.57,0.8237,0.8237,4.8834,3.7365,0.0,0.5614
3815,5146,110.01,8.21,146.78,149.31,0.7251,0.7251,5.704,10.5576,0.0,0.4793
3816,5057,37.71,0.08,127.57,288.0,0.8745,0.4373,1.9711,31.9845,0.0,0.3843
3816,5132,286.73,0.09,355.82,211.03,0.916,0.458,3.4761,29.3267,0.0,0.3788
3816,5126,153.46,13.44,191.72,160.21,0.8262,0.8262,4.9037,3.6638,0.0,0.5608
3816,5146,110.84,8.17,147.58,148.85,0.7202,0.7202,5.7348,10.3871,0.0,0.4762
3817,5057,41.33,0.02,131.27,288.0,0.8125,0.4062,1.96,31.6839,0.0,0.3568
3817,5132,286.52,0.02,355.66,210.87,0.8965,0.4482,3.4793,29.2898,0.0,0.3706
3817,5126,153.57,14.5,191.67,160.66,0.8101,0.8101,4.8783,3.7454,0.0,0.5526
3817,5146,111.08,8.15,147.72,148.76,0.7007,0.7007,5.7407,10.3477,0.0,0.4633
3818,5057,44.42,0.0,134.87,288.0,0.8286,0.4143,1.95,31.4146,0.0,0.3637
3818,5132,286.27,0.0,355.43,210.15,0.9141,0.4571,3.4972,29.2076,0.0,0.3769
3818,5126,153.02,15.07,190.76,160.76,0.7056,0.7056,4.8731,3.8269,0.0,0.4818
3818,5146,110.64,8.08,147.22,149.09,0.6343,0.6343,5.7181,10.4472,0.0,0.4194
3819,5057,42.93,0.18,132.83,288.0,0.8286,0.4143,1.9552,31.556,0.0,0.3638
3819,5132,286.1,0.27,355.43,210.24,0.9243,0.4622,3.4943,29.2016,0.0,0.3813
3819,5126,152.55,15.08,189.57,158.1,0.7808,0.7808,5.027,3.4325,160.5438,0.2598
3819,5146,110.32,8.21,146.58,148.75,0.603,0.603,5.7452,10.5359,0.0,0.3986
3820,5057,43.91,0.06,133.68,288.0,0.8901,0.4451,1.9525,31.4826,0.0,0.3907
3820,5132,285.6,0.18,355.16,210.46,0.9282,0.4641,3.4861,29.1617,0.0,0.3835
3820,5126,153.26,15.07,191.07,161.06,0.79,0.79,4.8562,3.8585,20.4347,0.5246
3820,5146,110.07,8.15,146.11,148.61,0.5786,0.5786,5.7571,10.6047,0.0,0.3824
3821,5057,44.3,0.02,133.71,288.0,0.8921,0.4461,1.9519,31.4657,0.0,0.3916
3821,5132,285.39,0.25,355.85,213.23,0.9136,0.4568,3.4144,29.3842,0.0,0.3815
3821,5126,152.11,14.78,189.88,161.15,0.8403,0.8403,4.8519,3.9809,0.0,0.5761
3821,5146,109.76,8.33,145.45,148.47,0.4495,0.4495,5.7696,10.6983,0.0,0.2971
3822,5057,44.55,0.0,133.52,288.0,0.8618,0.4309,1.9518,31.4633,0.0,0.3783
3822,5132,284.69,0.45,356.28,217.23,0.917,0.4585,3.3127,29.6472,27.3006,0.3718
3822,5126,151.39,14.2,188.98,160.54,0.8359,0.8359,4.8866,3.9527,0.0,0.5692
3822,5146,110.07,8.52,144.79,144.69,0.2234,0.2234,6.0674,10.6962,164.3475,0.0732
3823,5057,47.69,0.0,137.2,288.0,0.7227,0.3614,1.942,31.1935,0.0,0.3171
3823,5132,284.05,0.53,356.84,221.67,0.9102,0.4551,3.2066,29.9674,28.1351,0.374
3823,5126,150.62,13.32,188.23,159.94,0.8394,0.8394,4.9211,3.9314,0.0,0.5678
3823,5129,60.02,0.18,125.77,168.69,0.6689,0.3345,4.7021,18.018,0.0,0.2308
3824,5057,48.43,0.36,137.95,288.0,0.9199,0.46,1.9399,31.1354,0.0,0.4035
3824,5132,283.24,0.19,357.36,226.64,0.9102,0.4551,3.0942,30.3273,28.9413,0.3793
3824,5126,150.48,12.96,186.51,153.12,0.811,0.811,5.3412,3.0193,162.2175,0.27
3825,5057,52.75,0.41,135.79,263.0,0.8076,0.4038,2.2388,27.7856,142.4952,0.2396
3825,5132,284.91,0.34,356.05,217.17,0.9199,0.46,3.3142,29.6422,152.6736,0.2366
3825,5126,149.74,13.03,185.25,151.39,0.8271,0.8271,5.4591,2.9873,160.3554,0.2753
3826,5057,54.35,0.33,136.38,255.68,0.8691,0.4345,2.3388,26.722,143.1039,0.2649
3826,5132,283.85,0.49,357.28,225.54,0.8965,0.4482,3.1197,30.2772,28.858,0.3723
3826,5126,149.66,12.78,184.82,149.85,0.8413,0.8413,5.5675,2.887,162.8365,0.2801
3827,5057,52.53,0.3,141.66,276.65,0.8813,0.4406,2.057,29.3355,39.5753,0.3621
3827,5132,284.21,0.27,356.9,223.26,0.8975,0.4487,3.1707,30.1018,0.0,0.3884
3827,5126,149.6,12.78,184.35,148.2,0.8433,0.8433,5.6881,2.8148,163.1917,0.2808
3828,5057,52.68,0.29,144.56,284.04,0.8945,0.4472,1.9681,30.1951,0.0,0.3953
3828,5132,284.63,0.09,356.48,220.65,0.9009,0.4505,3.231,29.9064,0.0,0.3866
3828,5126,149.42,12.52,183.99,146.88,0.8477,0.8477,5.7881,2.798,163.3548,0.2822
3829,5057,54.24,0.1,147.67,286.95,0.8667,0.4334,1.9301,30.4069,0.0,0.3806
3829,5132,282.86,0.02,358.63,234.69,0.9092,0.4546,2.9297,31.0282,30.4266,0.386
3829,5126,149.29,12.94,183.58,145.87,0.8193,0.8193,5.867,2.8164,0.0,0.5459
3830,5057,55.57,0.03,150.04,288.0,0.9097,0.4548,1.9141,30.4126,0.0,0.3985
3830,5132,282.2,0.27,358.99,240.12,0.9043,0.4521,2.825,31.4613,31.2152,0.3886
3830,5126,148.82,13.22,182.94,145.17,0.8306,0.8306,5.9232,2.914,0.0,0.5534
3831,5057,58.79,0.0,154.62,288.0,0.8789,0.4395,1.9045,30.1353,0.0,0.3848
3831,5132,282.23,0.1,358.93,241.72,0.8027,0.4013,2.7955,31.5953,0.0,0.3657
3831,5126,148.46,13.51,182.54,145.14,0.8237,0.8237,5.9261,2.9912,0.0,0.5488
3832,5057,59.61,0.0,156.65,288.0,0.9028,0.4514,1.9011,30.0365,0.0,0.3951
3832,5132,281.92,0.21,359.61,247.02,0.896,0.448,2.7028,32.075,0.0,0.4131
3832,5126,148.11,13.99,182.08,145.36,0.8594,0.8594,5.909,3.0779,0.0,0.5725
3833,5057,66.05,0.0,165.8,288.0,0.8159,0.4079,1.8834,29.5206,0.0,0.3568
3833,5132,282.79,0.07,360.0,248.6,0.8262,0.4131,2.679,32.2879,0.0,0.3819
3833,5126,147.61,14.38,181.38,145.11,0.835,0.835,5.9297,3.1965,0.0,0.5562
3834,5057,71.85,0.0,174.68,288.0,0.8394,0.4197,1.8686,29.0762,0.0,0.3667
3834,5132,283.04,0.02,360.0,250.86,0.8003,0.4002,2.642,32.5011,0.0,0.3717
3834,5126,147.55,15.25,180.83,144.3,0.8003,0.8003,5.9958,3.2515,0.0,0.5331
3835,5057,70.66,0.0,175.02,288.0,0.9102,0.4551,1.8694,29.1008,0.0,0.3977
3835,5132,282.81,0.0,360.0,250.26,0.7974,0.3987,2.6513,32.4348,0.0,0.3699
3835,5126,148.63,15.75,179.37,134.06,0.5195,0.5195,6.96,3.8714,166.2741,0.1728
3836,5057,69.37,0.0,174.75,288.0,0.9121,0.4561,1.8709,29.1463,0.0,0.3985
3836,5132,286.11,0.08,357.99,230.14,0.8882,0.4441,3.029,30.8304,150.5408,0.2438
3836,5126,147.62,16.0,179.7,139.75,0.4465,0.4465,6.3922,3.4712,14.9344,0.2924
3837,5057,68.54,0.0,174.82,288.0,0.9106,0.4553,1.8716,29.1686,0.0,0.3979
3837,5132,284.41,0.21,359.7,242.07,0.7939,0.397,2.7966,31.8056,31.5658,0.3418
3837,5126,150.26,16.39,177.96,121.78,0.2401,0.2401,8.5765,5.6051,168.7793,0.0797
3838,5057,69.34,0.0,175.88,288.0,0.9009,0.4505,1.8698,29.1142,0.0,0.3936
3838,5132,286.11,0.26,357.64,228.82,0.8564,0.4282,3.0559,30.7042,150.62,0.2337
3839,5057,70.31,0.0,176.67,288.0,0.8003,0.4002,1.8681,29.0633,0.0,0.3496
3839,5132,287.01,0.37,357.73,225.19,0.8853,0.4426,3.1374,30.4902,0.0,0.3846
3839,5126,152.27,16.24,178.03,114.21,0.2727,0.2727,9.9752,6.8194,170.2182,0.0903
3840,5057,72.77,0.0,178.74,288.0,0.7271,0.3635,1.8639,28.9353,0.0,0.3176
3840,5132,287.1,0.41,357.52,223.22,0.8862,0.4431,3.1814,30.3341,0.0,0.3826
3840,5126,150.22,15.6,179.56,129.56,0.6582,0.6582,7.4794,4.2942,12.8116,0.4327
3841,5057,75.39,0.18,180.96,288.0,0.8813,0.4406,1.8596,28.8032,0.0,0.3849
3841,5132,284.76,0.15,360.0,240.47,0.8853,0.4426,2.8276,31.7111,31.2971,0.3798
3842,5057,76.37,0.25,181.13,288.0,0.8813,0.4406,1.8586,28.7726,0.0,0.3848
3842,5132,283.2,0.05,360.0,246.92,0.8403,0.4202,2.7087,32.1659,32.129,0.3655
3843,5057,79.13,0.09,183.12,288.0,0.8892,0.4446,1.8545,28.6491,0.0,0.3882
3843,5132,281.85,0.37,359.54,248.13,0.8638,0.4319,2.6836,32.1638,0.0,0.3992
3844,5057,81.21,0.03,184.09,288.0,0.8467,0.4234,1.8521,28.5725,0.0,0.3696
3844,5132,280.29,0.41,358.35,248.43,0.8647,0.4324,2.6718,32.0274,0.0,0.4005
3845,5057,83.89,0.19,185.59,287.93,0.8608,0.4304,1.8495,28.4602,0.0,0.3757
3845,5132,278.46,0.7,357.39,249.31,0.8735,0.4368,2.6503,31.9412,0.0,0.406
3846,5057,96.57,0.16,176.5,219.82,0.8433,0.4217,2.8691,17.4313,149.28,0.2539
3846,5132,276.6,0.26,356.64,249.95,0.8906,0.4453,2.6335,31.8457,0.0,0.415
3847,5057,91.14,0.04,187.23,268.2,0.8989,0.4495,2.0682,25.1588,39.4202,0.3753
3847,5132,274.4,0.09,355.28,249.86,0.8931,0.4466,2.6265,31.6285,0.0,0.4169
3848,5057,90.62,0.01,189.62,280.75,0.5107,0.2554,1.9188,27.1017,41.5522,0.2048
3848,5132,273.49,0.02,355.25,249.96,0.9072,0.4536,2.6227,31.5826,0.0,0.4238
3849,5057,92.27,2.41,190.79,285.94,0.4377,0.2188,1.8607,27.8493,0.0,0.1917
3849,5132,273.21,0.0,356.05,251.33,0.8916,0.4458,2.6015,31.7399,0.0,0.4175
3849,5156,96.83,0.65,180.37,183.54,0.4292,0.2146,3.8895,11.6222,0.0,0.1734
3850,5057,91.89,0.92,190.17,288.0,0.6646,0.3323,1.8397,28.1892,0.0,0.2899
3850,5132,273.16,0.54,357.35,255.14,0.8564,0.4282,2.5438,32.1671,0.0,0.4038
3850,5156,95.79,0.58,180.63,186.44,0.4883,0.2442,3.786,12.0782,24.5256,0.1931
3851,5057,92.34,1.08,189.77,288.0,0.8413,0.4207,1.8397,28.1882,0.0,0.367
3851,5132,274.79,0.38,360.0,260.22,0.895,0.4475,2.4763,32.8837,0.0,0.4222
3852,5057,97.01,1.69,192.47,288.0,0.6133,0.3066,1.835,28.041,0.0,0.2675
3852,5132,278.11,0.51,360.0,260.82,0.6602,0.3301,2.475,33.1234,0.0,0.3111
3852,5146,101.71,8.28,123.88,81.47,0.5234,0.5234,31.9124,18.2522,0.0,0.3402
3853,5132,278.16,0.18,360.0,275.54,0.7725,0.3862,2.2729,34.5182,37.1226,0.3258
3853,5146,100.78,8.06,124.88,80.84,0.2487,0.2487,33.2214,18.3273,177.0498,0.0787
3853,5156,96.66,1.17,183.16,191.24,0.708,0.354,3.6199,12.5492,26.1502,0.2862
3854,5132,279.78,0.06,360.0,282.02,0.833,0.4165,2.1961,35.2228,0.0,0.3742
3854,5156,101.35,6.36,176.53,170.22,0.3657,0.3657,4.4425,9.9277,159.0598,0.1473
3854,5057,95.76,3.64,189.73,288.0,0.6533,0.3266,1.8375,28.119,0.0,0.2849
3855,5132,281.46,0.29,360.0,283.73,0.8384,0.4192,2.1792,35.4693,0.0,0.3753
3855,5057,96.91,5.77,189.63,288.0,0.7939,0.397,1.8368,28.0981,0.0,0.3463
3856,5132,282.56,0.1,360.0,287.64,0.5439,0.272,2.136,35.8983,0.0,0.2415
3856,5057,95.79,7.16,186.98,288.0,0.8228,0.4114,1.8393,28.1745,0.0,0.3589
3857,5132,283.9,0.03,360.0,288.0,0.8286,0.4143,2.1347,35.9964,0.0,0.3677
3857,5057,96.13,6.09,186.47,287.65,0.7695,0.3847,1.843,28.1239,0.0,0.3359
3858,5132,286.22,0.19,360.0,284.14,0.8604,0.4302,2.1845,35.7391,0.0,0.3851
3858,5057,96.28,7.23,185.47,288.0,0.8628,0.4314,1.8399,28.1957,0.0,0.3764
3859,5132,287.45,0.25,360.0,284.51,0.8921,0.4461,2.1827,35.8337,0.0,0.399
3859,5057,96.4,2.78,185.82,288.0,0.8647,0.4324,1.8396,28.1859,0.0,0.3772
3860,5132,289.6,0.09,360.0,284.03,0.7939,0.397,2.193,35.8926,0.0,0.3556
3860,5057,96.66,4.74,184.59,288.0,0.8594,0.4297,1.8403,28.2062,0.0,0.3749
3860,5159,103.69,8.16,128.73,40.14,0.3469,0.3469,10.0,90.0,0.0,0.0
3861,5132,291.19,0.21,360.0,284.69,0.8516,0.4258,2.1886,36.0316,0.0,0.381
3861,5057,96.92,5.14,183.83,288.0,0.8838,0.4419,1.8406,28.2168,0.0,0.3855
3862,5132,290.88,0.07,360.0,285.24,0.8252,0.4126,2.1815,36.0681,0.0,0.3687
3862,5057,97.29,6.06,182.96,288.0,0.8286,0.4143,1.8409,28.2274,0.0,0.3615
3863,5132,291.68,0.3,360.0,286.03,0.7407,0.3704,2.1739,36.1806,0.0,0.3304
3863,5057,97.22,2.25,183.1,288.0,0.8555,0.4278,1.8409,28.226,0.0,0.3732
3864,5132,292.63,0.2,360.0,285.44,0.8486,0.4243,2.1829,36.1712,0.0,0.3791
3864,5057,98.12,5.24,182.4,288.0,0.8701,0.435,1.8408,28.2217,0.0,0.3796
3865,5132,293.3,0.16,360.0,284.88,0.8423,0.4212,2.1909,36.1514,0.0,0.3768
3865,5057,97.98,1.91,182.32,288.0,0.8608,0.4304,1.8409,28.2264,0.0,0.3755
3866,5132,293.91,0.05,360.0,284.06,0.8286,0.4143,2.202,36.1049,0.0,0.3713
3866,5057,98.26,0.65,182.31,288.0,0.7393,0.3696,1.8407,28.2206,0.0,0.3225
3867,5132,294.31,0.01,360.0,284.08,0.8203,0.4102,2.2026,36.1262,0.0,0.3676
3867,5057,95.92,0.55,178.35,288.0,0.8423,0.4212,1.8452,28.3592,0.0,0.3675
3868,5132,294.68,0.28,360.0,284.25,0.7695,0.3847,2.2014,36.1599,0.0,0.3447
3869,5132,295.0,0.1,360.0,284.09,0.8403,0.4202,2.204,36.1607,0.0,0.3766
3869,5057,97.62,0.09,179.94,288.0,0.7949,0.3975,1.8428,28.2857,0.0,0.3468
3870,5132,294.41,0.03,360.0,284.38,0.8813,0.4406,2.1993,36.1588,0.0,0.3947
3870,5057,96.46,0.02,178.76,288.0,0.8193,0.4097,1.8445,28.3377,0.0,0.3575
3871,5132,293.65,0.01,360.0,282.7,0.8013,0.4007,2.2177,35.9662,0.0,0.3601
3871,5057,95.85,5.58,176.68,288.0,0.8594,0.4297,1.8465,28.3991,0.0,0.375
3872,5132,292.84,0.0,360.0,283.06,0.8486,0.4243,2.2116,35.9599,0.0,0.381
3872,5057,94.51,2.06,176.64,287.99,0.7793,0.3896,1.8476,28.4298,0.0,0.3401
3873,5132,292.13,0.0,359.86,283.1,0.8169,0.4084,2.2093,35.9221,0.0,0.3667
3873,5057,95.0,0.92,177.69,287.99,0.8052,0.4026,1.8464,28.3939,0.0,0.3514
3874,5132,291.85,0.0,359.63,282.91,0.8818,0.4409,2.2105,35.8794,0.0,0.396
3874,5057,97.95,0.31,182.12,287.99,0.8638,0.4319,1.8412,28.2298,0.0,0.3768
3875,5132,291.37,0.0,359.19,282.46,0.8003,0.4002,2.2139,35.7924,0.0,0.3597
3875,5057,99.22,0.07,184.96,287.81,0.8506,0.4253,1.8403,28.1161,0.0,0.3712
3876,5132,292.34,0.0,360.0,282.93,0.8574,0.4287,2.2121,35.9234,0.0,0.3851
3876,5057,97.56,0.0,183.97,287.92,0.8384,0.4192,1.8409,28.188,0.0,0.3658
3877,5132,294.27,2.22,360.0,283.28,0.4514,0.2257,2.2121,36.0502,0.0,0.2026
3877,5057,90.97,0.0,176.06,287.97,0.8882,0.4441,1.851,28.5254,0.0,0.3877
3877,5166,87.86,16.47,102.88,36.58,0.564,0.564,10.0,90.0,0.0,0.0
3878,5132,295.62,0.83,360.0,284.34,0.8496,0.4248,2.2024,36.2139,0.0,0.3806
3878,5057,92.08,0.0,177.27,287.99,0.8159,0.4079,1.849,28.4724,0.0,0.3561
3878,5166,85.65,16.46,101.31,37.45,0.2295,0.2295,10.0,90.0,0.0,0.0
3879,5132,296.26,0.3,360.0,285.1,0.8545,0.4273,2.1948,36.315,0.0,0.3822
3879,5057,92.11,0.14,177.32,287.99,0.7939,0.397,1.8489,28.4705,0.0,0.3465
3880,5132,296.42,0.1,360.0,283.52,0.8638,0.4319,2.2139,36.1773,0.0,0.3877
3880,5057,92.13,0.03,177.07,288.0,0.8779,0.439,1.849,28.4775,0.0,0.3831
3880,5166,77.43,16.28,100.33,47.4,0.5254,0.5254,10.0,90.0,0.0,0.0
3881,5132,296.49,0.02,360.0,283.74,0.8691,0.4345,2.2114,36.201,0.0,0.3899
3881,5057,91.43,0.0,175.68,288.0,0.8979,0.449,1.8506,28.528,0.0,0.3919
3881,5166,75.41,16.25,100.32,50.63,0.2186,0.2186,10.0,90.0,0.0,0.0
3882,5132,296.54,0.0,360.0,284.47,0.8657,0.4329,2.2028,36.2706,0.0,0.3877
3882,5057,92.06,0.0,176.13,288.0,0.9082,0.4541,1.8498,28.5017,0.0,0.3964
3883,5132,296.8,0.0,360.0,285.48,0.8604,0.4302,2.1914,36.3761,0.0,0.3846
3883,5057,92.67,0.0,176.62,288.0,0.8892,0.4446,1.8489,28.4753,0.0,0.3881
3884,5132,297.84,0.0,360.0,284.28,0.7393,0.3696,2.2079,36.3163,0.0,0.3313
3884,5057,93.11,0.0,176.98,288.0,0.918,0.459,1.8483,28.4563,0.0,0.4006
3885,5132,298.15,4.03,360.0,285.3,0.811,0.4055,2.1965,36.4248,0.0,0.3627
3885,5057,93.28,0.16,177.04,288.0,0.9238,0.4619,1.8481,28.4508,0.0,0.4032
3885,5173,76.39,16.14,97.68,138.99,0.6636,0.6636,6.825,18.4939,0.0,0.431
3886,5132,298.17,4.11,360.0,283.63,0.6309,0.3155,2.2164,36.2729,0.0,0.2831
3886,5057,88.11,0.05,173.19,288.0,0.9194,0.4597,1.8553,28.6734,0.0,0.4014
3886,5173,77.43,16.73,98.06,135.08,0.2861,0.2861,7.2269,18.4171,166.3244,0.0905
3887,5132,298.21,3.0,360.0,284.02,0.7456,0.3728,2.2119,36.3105,0.0,0.3343
3887,5057,91.87,0.38,176.64,288.0,0.9038,0.4519,1.8495,28.494,0.0,0.3945
3887,5173,74.94,16.01,96.69,140.2,0.4514,0.4514,6.7169,18.7087,15.5771,0.2875
3888,5132,298.15,1.28,360.0,282.03,0.8369,0.4184,2.2357,36.1257,0.0,0.3769
3888,5057,93.63,0.5,178.19,288.0,0.9106,0.4553,1.847,28.4156,0.0,0.3974
3888,5173,74.33,16.3,96.92,144.06,0.5659,0.5659,6.367,18.7296,15.0846,0.3608
3889,5132,298.84,8.25,360.0,281.83,0.7305,0.3653,2.2397,36.1415,0.0,0.3291
3889,5057,94.61,0.55,179.03,288.0,0.9028,0.4514,1.8456,28.3736,0.0,0.3939
3889,5173,73.38,16.54,96.46,145.54,0.771,0.771,6.2464,18.862,17.3664,0.4885
3890,5132,298.13,2.99,360.0,281.39,0.7925,0.3962,2.2435,36.0664,0.0,0.3574
3890,5057,99.32,0.2,185.22,288.0,0.8433,0.4217,1.8381,28.1382,0.0,0.3678
3890,5173,72.05,17.57,95.38,145.78,0.5679,0.5679,6.2354,19.0845,0.0,0.3682
3891,5132,298.26,1.05,360.0,279.65,0.709,0.3545,2.2653,35.9145,0.0,0.3209
3891,5057,96.55,0.43,182.24,288.0,0.9092,0.4546,1.8419,28.2588,0.0,0.3967
3891,5173,71.33,17.94,95.15,146.17,0.7407,0.7407,6.2067,19.1733,0.0,0.4801
3892,5132,298.53,0.31,360.0,277.24,0.4883,0.2442,2.2962,35.7097,0.0,0.2222
3892,5057,95.72,0.52,181.4,288.0,0.9028,0.4514,1.8431,28.2954,0.0,0.3939
3892,5173,70.07,18.07,95.1,149.88,0.6929,0.6929,5.9194,19.3215,16.5469,0.4394
3893,5132,298.72,0.03,360.0,281.93,0.7227,0.3614,2.2382,36.1447,0.0,0.3256
3893,5057,95.72,0.18,181.49,288.0,0.8735,0.4368,1.8431,28.2934,0.0,0.3811
3894,5132,298.98,0.0,360.0,284.99,0.7598,0.3799,2.202,36.4366,0.0,0.3401
3894,5057,97.06,0.24,183.05,288.0,0.8989,0.4495,1.841,28.2304,0.0,0.3921
3894,5173,68.51,18.26,94.64,151.55,0.8667,0.8667,5.8032,19.5269,19.7342,0.5442
3895,5132,299.43,0.0,360.0,285.79,0.4688,0.2344,2.1935,36.5315,0.0,0.2095
3895,5057,99.5,0.26,186.05,288.0,0.8906,0.4453,1.8375,28.1178,0.0,0.3884
3895,5173,66.96,18.06,93.78,152.04,0.8721,0.8721,5.7765,19.7533,0.0,0.5643
3896,5132,300.19,0.0,360.0,285.52,0.6885,0.3443,2.1984,36.5436,0.0,0.3078
3896,5057,100.04,0.09,185.3,282.98,0.9126,0.4563,1.8909,27.3393,0.0,0.4023
3896,5173,65.43,17.57,92.91,151.82,0.7529,0.7529,5.801,19.9679,0.0,0.4868
3897,5132,300.84,0.0,360.0,287.26,0.6333,0.3166,2.1794,36.7335,0.0,0.2822
3897,5057,101.52,0.02,187.44,284.08,0.8975,0.4487,1.8767,27.4378,0.0,0.3946
3897,5173,63.73,17.39,91.86,152.08,0.7319,0.7319,5.7922,20.2205,0.0,0.4729
3898,5132,302.36,0.0,360.0,287.54,0.3887,0.1943,2.1795,36.8317,0.0,0.1731
3898,5057,105.04,0.0,192.85,286.55,0.7695,0.3847,1.8453,27.6611,0.0,0.3365
3898,5173,62.41,16.83,91.11,152.15,0.7769,0.7769,5.7948,20.4083,0.0,0.5017
3899,5132,305.1,0.3,360.0,285.03,0.627,0.3135,2.2151,36.7371,0.0,0.2808
3899,5057,105.17,0.0,192.69,284.06,0.9126,0.4563,1.8718,27.2675,0.0,0.4012
3899,5173,61.13,16.42,90.46,152.53,0.8413,0.8413,5.7747,20.5875,0.0,0.543
3900,5132,307.21,0.26,360.0,286.67,0.4844,0.2422,2.2004,36.9859,0.0,0.2163
3900,5057,105.2,0.0,193.67,286.56,0.8818,0.4409,1.8447,27.646,0.0,0.3856
3900,5173,59.11,16.6,88.91,152.09,0.7129,0.7129,5.8196,20.9016,0.0,0.4596
3901,5132,311.23,0.25,360.0,280.88,0.543,0.2715,2.2794,36.6705,0.0,0.2456
3901,5057,107.72,0.08,197.03,287.14,0.8657,0.4329,1.8357,27.643,0.0,0.378
3901,5173,58.1,16.31,88.29,151.35,0.8584,0.8584,5.8797,21.0379,0.0,0.5532
3902,5132,315.16,1.47,360.0,283.71,0.2213,0.1106,2.2536,37.1111,0.0,0.0995
3902,5057,114.75,1.14,205.53,286.61,0.7192,0.3596,1.8348,27.3523,0.0,0.3143
3902,5173,57.17,16.03,87.73,150.87,0.8252,0.8252,5.9209,21.1653,0.0,0.5316
3903,5057,120.06,3.12,207.29,267.24,0.8574,0.4287,2.0544,24.0669,139.7153,0.2479
3903,5173,54.93,16.1,86.34,151.79,0.835,0.835,5.8672,21.4998,0.0,0.5373
3904,5057,119.85,1.09,214.0,280.73,0.8882,0.4441,1.894,26.2648,42.763,0.3536
3904,5173,53.77,16.01,86.01,153.24,0.791,0.791,5.7689,21.652,0.0,0.5087
3905,5057,120.3,0.39,217.14,283.36,0.8452,0.4226,1.8646,26.6709,0.0,0.3718
3905,5173,52.71,15.87,85.84,155.63,0.8525,0.8525,5.6092,21.8007,17.8274,0.5344
3905,5179,103.96,9.11,134.76,145.52,0.627,0.627,6.0365,12.2941,0.0,0.4132
3906,5057,119.58,0.12,219.04,286.43,0.7754,0.3877,1.8319,27.1643,0.0,0.3389
3906,5173,51.77,16.37,85.64,158.64,0.7656,0.7656,5.4183,21.9637,18.0848,0.4793
3906,5179,104.18,9.0,135.02,145.43,0.502,0.502,6.0427,12.2465,0.0,0.3309
3907,5057,123.35,0.01,223.28,285.93,0.8677,0.4339,1.8359,27.0431,0.0,0.3796
3907,5173,50.67,16.56,85.0,159.95,0.7769,0.7769,5.3435,22.1476,0.0,0.4988
3907,5179,105.29,8.99,136.26,145.4,0.5972,0.5972,6.0395,12.0153,0.0,0.3938
3907,5132,323.45,2.2,360.0,259.91,0.585,0.2925,2.5989,35.5588,146.8094,0.173
3908,5057,125.9,0.0,225.43,284.06,0.8789,0.4395,1.8552,26.722,0.0,0.386
3908,5173,49.74,16.08,84.4,160.14,0.8184,0.8184,5.3375,22.2859,0.0,0.5252
3908,5179,106.13,9.17,137.19,145.4,0.4377,0.4377,6.0353,11.8409,0.0,0.2887
3908,5132,325.1,1.96,360.0,256.36,0.4065,0.2032,2.6589,35.3719,0.0,0.1864
3909,5057,126.62,0.43,226.36,284.73,0.8423,0.4212,1.848,26.8281,0.0,0.3694
3909,5173,49.13,15.98,83.31,156.49,0.833,0.833,5.5753,22.3539,162.956,0.2568
3909,5179,106.23,8.95,137.62,145.91,0.4465,0.4465,5.9929,11.7915,0.0,0.2945
3909,5132,326.64,4.45,360.0,252.0,0.3674,0.1837,2.7344,35.1242,0.0,0.1668
3910,5057,128.27,0.14,228.57,286.93,0.7871,0.3936,1.8247,27.1819,0.0,0.3436
3910,5173,47.94,16.03,82.1,154.86,0.811,0.811,5.6941,22.5347,161.3571,0.2497
3910,5179,107.39,9.08,139.35,146.38,0.8027,0.8027,5.9488,11.5099,0.0,0.5298
3910,5132,327.39,3.26,360.0,250.99,0.4619,0.2309,2.7534,35.0909,0.0,0.2092
3911,5057,130.37,0.03,228.28,279.98,0.8628,0.4314,1.8993,26.0372,0.0,0.3823
3911,5173,46.33,15.51,80.79,154.43,0.8677,0.8677,5.7353,22.7826,0.0,0.5559
3911,5179,107.99,8.93,140.7,146.93,0.8218,0.8218,5.9013,11.3224,0.0,0.5425
3911,5132,328.3,4.14,360.0,250.99,0.4111,0.2056,2.7559,35.1434,0.0,0.186
3912,5057,131.67,0.0,227.72,275.25,0.7964,0.3982,1.9529,25.2457,0.0,0.3565
3912,5173,44.74,14.92,79.67,154.36,0.8677,0.8677,5.751,23.0173,0.0,0.5554
3912,5179,108.43,8.87,141.96,147.41,0.8394,0.8394,5.8603,11.1598,0.0,0.5543
