frame_idx,track_id,x1,y1,x2,y2,confidence,Q_i,D_i,phi_i,theta_i,vq_score
113,-1,239.91,0.63,264.38,82.69,0.6094,0.3047,17.4424,13.3403,0.0,0.2004
114,2016,236.4,0.41,262.25,86.96,0.6279,0.314,15.7412,12.6724,0.0,0.2068
115,2016,236.07,0.26,262.37,87.99,0.304,0.152,15.3815,12.5723,6.3176,0.0998
119,2016,233.33,0.3,259.65,88.07,0.3408,0.1704,15.3371,12.2771,66.7214,0.0779
120,2016,232.11,0.52,258.39,88.25,0.7231,0.3615,15.2687,12.1315,0.0,0.2383
121,2016,232.08,0.35,257.25,84.49,0.4243,0.2122,16.641,12.4134,174.057,0.0691
122,2016,230.61,0.28,256.61,87.11,0.212,0.106,15.6519,12.065,6.5851,0.0697
128,2016,224.88,0.55,252.76,95.36,0.5679,0.2839,13.1602,10.8226,8.3399,0.1866
129,2016,223.8,0.33,251.78,96.41,0.4609,0.2304,12.8951,10.6199,10.1814,0.1511
130,2016,223.06,0.16,250.7,96.22,0.5449,0.2725,12.9373,10.5398,0.0,0.1801
131,2016,222.64,0.28,249.94,96.17,0.543,0.2715,12.9469,10.4817,0.0,0.1795
132,2016,222.25,0.28,249.38,96.4,0.7852,0.3926,12.8886,10.4108,0.0,0.2596
133,2016,221.63,0.28,248.58,97.11,0.7827,0.3913,12.7151,10.2718,10.4295,0.2567
134,2016,221.51,0.19,248.22,97.17,0.8032,0.4016,12.6999,10.241,0.0,0.2656
135,2016,220.67,0.2,247.64,99.67,0.2791,0.1396,12.1317,9.9422,8.2156,0.0919
137,2016,219.71,0.13,245.99,98.43,0.6807,0.3403,12.4004,9.9142,168.4565,0.1118
138,2016,218.9,0.24,244.68,98.0,0.3738,0.1869,12.4939,9.8425,0.0,0.1237
141,2016,216.19,0.5,241.9,98.14,0.7139,0.3569,12.4512,9.5464,0.0,0.2363
145,2016,210.97,0.12,237.24,97.79,0.5581,0.2791,12.5136,9.09,112.2883,0.0918
147,2016,207.55,0.16,235.72,103.17,0.5938,0.2969,11.3747,8.3097,9.2402,0.1956
148,2016,204.74,0.63,234.11,104.34,0.6724,0.3362,11.1483,7.9732,17.5247,0.2178
149,2016,202.95,0.53,233.4,105.58,0.7852,0.3926,10.9204,7.7252,12.2358,0.2576
150,2016,201.51,0.58,232.31,105.2,0.6807,0.3403,10.985,7.6394,0.0,0.2259
151,2016,199.34,0.68,231.02,107.02,0.6768,0.3384,10.6631,7.2851,12.2044,0.2221
152,2016,199.53,1.23,231.05,106.44,0.7881,0.3941,10.7626,7.3553,0.0,0.2616
153,2016,198.32,0.74,230.42,107.39,0.6738,0.3369,10.5988,7.1685,12.3847,0.2211
154,2016,196.02,0.51,224.92,92.36,0.4141,0.2071,13.8547,8.5406,172.7372,0.0683
155,2016,196.25,0.36,227.47,100.81,0.7202,0.3601,11.8187,7.656,8.3226,0.2377
156,2016,194.29,0.17,224.96,97.49,0.4648,0.2324,12.5412,7.8636,170.608,0.0767
157,2016,192.93,0.1,222.79,92.68,0.7153,0.3577,13.7587,8.3209,172.451,0.118
159,2016,190.05,0.0,223.95,106.07,0.4534,0.2267,10.8092,6.6513,8.9477,0.1497
160,2016,189.59,0.4,223.84,108.63,0.2561,0.128,10.3793,6.335,9.3426,0.0845
161,2016,189.44,0.13,223.31,107.91,0.2037,0.1018,10.4961,6.3881,169.767,0.0337
162,2016,189.13,0.0,222.7,107.7,0.3804,0.1902,10.53,6.3741,0.0,0.1264
163,2016,188.0,0.0,222.08,111.16,0.7192,0.3596,9.9832,5.9054,9.9261,0.2373
164,2016,186.69,0.0,220.77,112.63,0.7759,0.388,9.7656,5.6265,12.9894,0.2547
165,2016,185.96,0.51,219.63,113.1,0.8042,0.4021,9.6972,5.4934,0.0,0.2675
166,2016,184.49,0.22,219.17,118.28,0.8389,0.4194,9.0115,4.8297,10.8369,0.2766
167,2016,183.5,0.61,217.83,118.86,0.8081,0.4041,8.9391,4.6598,0.0,0.2689
168,2016,182.61,1.04,216.79,120.38,0.7959,0.398,8.7572,4.4051,12.8607,0.2616
169,2016,181.68,1.26,215.58,121.1,0.501,0.2505,8.6728,4.2287,0.0,0.1668
170,2016,180.92,2.35,214.49,122.69,0.7529,0.3765,8.4932,3.9695,12.9627,0.2475
171,2016,180.48,3.19,213.92,123.48,0.8101,0.4051,8.4066,3.8366,0.0,0.2697
172,2016,179.71,3.23,214.01,127.41,0.7925,0.3962,8.0014,3.3904,12.0283,0.261
173,2016,177.86,2.83,212.36,128.67,0.7349,0.3674,7.8778,3.0859,20.0496,0.2374
174,2016,175.36,1.21,210.47,129.79,0.8076,0.4038,7.7707,2.7535,25.3889,0.256
175,2016,174.79,1.58,209.78,130.21,0.8086,0.4043,7.7314,2.6484,0.0,0.2694
176,2016,171.87,0.67,207.7,130.12,0.8076,0.4038,7.7383,2.4356,0.0,0.2691
177,2016,171.13,0.38,207.34,129.9,0.6953,0.3477,7.7584,2.4174,0.0,0.2317
178,2016,169.1,0.17,205.72,129.59,0.8125,0.4062,7.7865,2.324,0.0,0.2707
179,2016,168.76,0.29,205.48,129.19,0.8027,0.4013,7.8239,2.3568,0.0,0.2675
180,2016,168.49,1.03,204.52,126.41,0.8486,0.4243,8.0944,2.6894,167.8494,0.1413
181,2016,167.77,1.41,204.5,128.12,0.8101,0.4051,7.9257,2.4415,12.368,0.2668
182,2016,166.1,1.04,203.36,129.71,0.8262,0.4131,7.7744,2.1591,16.2329,0.2698
183,2016,164.89,1.78,202.1,130.01,0.8721,0.436,7.7463,2.0684,0.0,0.2906
184,2016,161.83,1.09,199.48,130.24,0.8262,0.4131,7.7248,1.9761,0.0,0.2753
185,2016,161.73,2.77,199.72,130.76,0.7627,0.3814,7.6772,1.9022,0.0,0.2542
186,2016,156.23,3.41,194.97,132.1,0.8677,0.4339,7.5575,1.8201,41.9284,0.2521
187,2016,153.94,3.27,192.75,131.14,0.8369,0.4184,7.6439,2.077,0.0,0.2789
188,2016,152.56,4.42,191.42,131.4,0.8218,0.4109,7.621,2.1416,0.0,0.2738
189,2016,148.98,4.76,189.64,135.2,0.7886,0.3943,7.2951,1.9862,15.9867,0.2577
190,2016,147.75,6.37,189.14,136.84,0.8125,0.8125,7.1624,1.95,15.0757,0.5322
191,2016,149.69,7.37,189.83,132.66,0.7598,0.7598,7.5105,2.1916,166.6248,0.2531
192,2016,146.9,7.59,189.23,138.22,0.7363,0.7363,7.0541,1.9023,14.1725,0.4833
193,2016,145.34,7.39,188.5,139.48,0.4629,0.4629,6.9584,1.9852,0.0,0.3085
194,2016,143.23,5.38,187.49,141.04,0.8286,0.8286,6.8434,2.1424,19.5189,0.5363
195,2016,141.65,4.83,185.77,141.14,0.8037,0.4018,6.8372,2.3721,0.0,0.2678
196,2016,140.33,4.91,183.71,139.94,0.7559,0.378,6.9273,2.6433,0.0,0.2518
197,2016,137.43,6.52,180.62,142.86,0.8271,0.8271,6.7176,3.0117,20.1695,0.5341
198,2016,135.37,3.66,178.85,143.34,0.7847,0.3923,6.6857,3.2826,0.0,0.2614
199,2016,133.51,3.9,176.02,142.72,0.7192,0.3596,6.7319,3.6212,0.0,0.2395
200,2016,132.29,4.41,173.58,141.55,0.7754,0.3877,6.8179,3.8938,0.0,0.2582
201,2016,131.14,4.68,172.17,143.73,0.8584,0.4292,6.6647,4.061,16.6377,0.2798
202,2016,129.86,4.82,170.43,144.62,0.79,0.395,6.6053,4.2773,0.0,0.263
203,2016,127.86,4.99,168.22,145.95,0.7725,0.3862,6.5184,4.5851,0.0,0.2571
204,2016,126.31,5.61,166.82,149.47,0.4102,0.4102,6.2935,4.8503,16.4606,0.2674
205,2016,124.41,5.02,165.13,152.24,0.7627,0.7627,6.1276,5.178,18.5386,0.4942
206,2016,123.45,6.52,163.37,153.0,0.811,0.811,6.0849,5.3914,0.0,0.5395
207,2016,121.45,7.57,161.31,154.06,0.8315,0.8315,6.0265,5.7082,0.0,0.553
208,2016,120.61,8.23,160.18,153.96,0.8711,0.8711,6.0338,5.8402,0.0,0.5792
209,2016,118.93,8.75,159.11,156.29,0.8535,0.8535,5.9046,6.1163,18.7495,0.5523
210,2016,117.92,8.85,159.1,160.26,0.8145,0.8145,5.6934,6.3686,16.8133,0.5297
211,2016,115.76,10.43,157.49,161.73,0.7656,0.7656,5.6214,6.6939,0.0,0.5087
212,2016,114.49,10.2,156.87,161.87,0.7285,0.7285,5.616,6.8252,0.0,0.4839
213,2016,110.81,10.28,153.49,162.42,0.7583,0.7583,5.5946,7.3179,0.0,0.5035
214,2016,112.89,10.62,148.65,137.94,0.5391,0.5391,7.1292,7.0818,166.584,0.1783
215,2016,113.85,10.07,143.66,113.68,0.3398,0.3398,9.6804,8.4822,170.0273,0.112
215,2018,191.12,35.87,206.01,80.13,0.3398,0.3398,18.3572,9.4582,0.0,0.225
216,2016,105.8,9.86,145.1,147.58,0.7515,0.7515,6.4531,7.7966,14.8807,0.4903
217,2016,102.49,9.83,143.78,156.27,0.3513,0.3513,5.9365,8.2899,16.6608,0.2281
217,2018,191.33,36.05,206.3,80.53,0.3923,0.3923,18.1646,9.4144,6.3567,0.259
218,2016,100.45,9.53,142.29,160.32,0.8037,0.8037,5.7231,8.6669,18.2239,0.5193
219,2016,98.77,9.85,140.92,164.64,0.563,0.563,5.5104,9.0505,18.3484,0.3635
220,2016,96.52,10.07,138.14,163.43,0.7393,0.7393,5.5752,9.3324,0.0,0.4896
221,2016,98.95,10.56,136.1,146.72,0.75,0.75,6.5293,8.9017,165.3878,0.247
221,2018,192.24,36.02,207.08,79.67,0.2612,0.2612,18.5867,9.5634,172.7113,0.0859
222,2016,94.52,11.08,135.33,160.36,0.8228,0.8228,5.7363,9.54,16.9217,0.5329
223,2016,91.01,11.26,133.13,164.32,0.2791,0.2791,5.5443,10.0701,21.2879,0.1783
223,2018,192.66,36.18,207.75,79.87,0.2822,0.2822,18.4885,9.5593,15.312,0.1835
224,2016,89.36,11.78,131.58,164.45,0.291,0.291,5.542,10.2885,0.0,0.1924
224,2018,191.41,36.24,206.85,81.04,0.2379,0.2379,17.9248,9.3588,7.3195,0.1569
225,2016,89.59,12.8,130.84,163.19,0.686,0.686,5.6046,10.2747,0.0,0.4537
226,2016,88.6,13.55,129.38,162.62,0.7598,0.7598,5.6362,10.4184,0.0,0.5024
227,2016,86.64,14.2,127.58,162.81,0.625,0.625,5.6317,10.6774,0.0,0.4131
228,2016,78.56,15.35,123.14,171.82,0.6289,0.6289,5.229,11.867,22.2827,0.3991
229,2016,74.55,16.41,121.65,176.51,0.6309,0.6309,5.0398,12.4457,21.9565,0.4004
230,2016,76.54,17.27,123.97,176.99,0.75,0.75,5.0146,12.1968,0.0,0.4944
231,2016,81.84,18.36,118.15,134.85,0.2081,0.2081,7.4746,11.403,167.1747,0.068
232,2016,82.3,18.3,114.52,117.34,0.498,0.498,9.3087,12.1331,169.643,0.1623
233,2016,76.87,18.53,121.21,153.14,0.6104,0.6104,6.182,11.5336,15.3843,0.3955
234,2016,75.12,18.22,122.3,158.04,0.3867,0.3867,5.9049,11.674,16.1667,0.25
235,2018,192.33,36.16,208.13,80.48,0.283,0.283,18.1916,9.4791,168.3999,0.093
236,2016,64.63,19.27,114.45,163.55,0.627,0.627,5.6478,13.0507,32.7771,0.3793
237,2016,63.87,18.56,114.39,163.84,0.7583,0.7583,5.6348,13.1136,0.0,0.4989
238,2016,59.94,18.27,111.64,168.36,0.7124,0.7124,5.4297,13.6972,22.078,0.4508
239,2016,55.77,18.68,105.2,160.88,0.2069,0.2069,5.8158,14.1876,161.21,0.0669
240,2016,53.49,18.54,97.01,139.23,0.6387,0.6387,7.2231,14.7154,166.5801,0.2059
241,2016,49.04,18.54,102.44,170.13,0.5728,0.5728,5.3837,15.0674,17.5454,0.3664
242,2016,46.89,18.52,102.5,179.86,0.8003,0.8003,4.9788,15.5691,19.1116,0.5113
243,2016,47.43,19.09,97.79,164.73,0.4026,0.4026,5.6502,15.3197,163.2215,0.1294
244,2016,43.94,19.35,99.88,184.28,0.7485,0.7485,4.8209,16.1147,19.5212,0.4927
245,2016,41.35,19.99,101.09,200.22,0.7886,0.7886,4.2965,17.0503,21.712,0.5695
246,2016,42.03,20.76,98.46,193.2,0.4727,0.4727,4.518,16.7651,159.3423,0.1813
247,2016,41.05,21.31,95.63,190.82,0.6958,0.6958,4.603,16.8704,0.0,0.4907
248,2016,40.25,22.32,93.85,191.27,0.4131,0.4131,4.5923,17.0494,0.0,0.2918
249,2016,39.17,23.14,92.79,194.46,0.8296,0.8296,4.4913,17.3433,22.2603,0.5762
250,2016,37.5,24.53,93.06,204.92,0.8052,0.8052,4.1792,18.0214,22.3306,0.5916
251,2016,42.84,25.76,85.36,157.38,0.5991,0.5991,6.0716,16.2892,164.3408,0.1917
252,2016,38.46,27.2,87.59,180.14,0.7017,0.7017,5.0096,17.0479,18.8694,0.445
253,2016,37.4,28.39,87.86,185.58,0.7231,0.7231,4.806,17.3212,19.6691,0.4758
254,2016,36.15,29.19,83.21,174.27,0.5889,0.5889,5.2629,17.2626,161.8578,0.1875
255,2016,36.91,29.26,76.72,146.87,0.5342,0.5342,6.7553,17.1511,165.8708,0.1701
256,2016,32.4,29.06,79.9,169.89,0.457,0.457,5.4715,17.5837,17.3495,0.2906
257,2016,30.13,28.8,81.07,180.86,0.5498,0.5498,5.01,18.0024,18.8827,0.3477
258,2016,33.45,28.18,77.12,154.49,0.5127,0.5127,6.2786,17.4046,164.8189,0.1631
259,2016,29.2,27.67,80.6,177.42,0.6934,0.6934,5.1502,17.9688,18.3433,0.4392
260,2016,31.61,27.65,76.86,155.12,0.6558,0.6558,6.2465,17.5482,164.7582,0.2084
261,2016,32.09,27.84,75.57,146.82,0.7822,0.7822,6.774,17.5412,165.9057,0.2486
262,2016,31.78,28.12,75.0,142.95,0.8062,0.8062,7.0509,17.595,166.4383,0.2562
263,2016,31.09,28.25,74.69,140.64,0.6958,0.6958,7.2278,17.6654,166.6624,0.221
264,2016,20.93,28.53,84.95,197.55,0.8203,0.8203,4.4391,19.0523,21.016,0.575
265,2016,25.08,28.62,80.05,169.22,0.8027,0.8027,5.5179,18.0233,162.8408,0.2544
266,2016,28.27,29.05,77.8,151.53,0.8052,0.8052,6.47,17.6698,165.2029,0.2557
267,2016,19.19,29.17,87.56,201.99,0.5293,0.5293,4.3033,19.2301,21.6106,0.3798
268,2016,20.5,29.73,88.05,200.98,0.5991,0.5991,4.33,19.0716,0.0,0.442
269,2016,25.93,30.06,83.42,171.68,0.6318,0.6318,5.3967,17.8205,162.4469,0.2005
270,2016,19.02,31.04,94.09,221.27,0.8145,0.8145,3.7872,20.04,24.1947,0.6344
271,2016,17.34,28.96,99.74,243.45,0.7939,0.7939,3.3202,21.4637,27.1138,0.6596
272,2016,22.36,30.89,106.19,251.89,0.8315,0.8315,3.1554,21.6172,31.4442,0.6986
273,2016,27.24,32.16,111.09,253.54,0.7847,0.7847,3.1154,21.3208,0.0,0.7024
274,2016,32.01,33.56,95.13,197.97,0.7002,0.7002,4.3891,17.8185,158.8227,0.2792
275,2016,35.96,34.72,113.9,238.06,0.6978,0.6978,3.379,19.4536,27.1679,0.5771
276,2016,35.74,35.44,106.21,223.65,0.5776,0.5776,3.6904,18.6844,154.8779,0.2832
277,2016,41.46,35.61,119.86,246.16,0.8486,0.8486,3.2153,19.6415,29.1933,0.7153
278,2016,43.39,35.51,124.16,254.17,0.7642,0.7642,3.0715,20.1212,30.0733,0.6561
279,2016,45.56,34.86,127.22,256.94,0.8218,0.8218,3.0212,20.1737,0.0,0.7479
280,2016,46.87,33.91,128.95,257.39,0.3738,0.3738,3.0109,20.0958,0.0,0.3408
281,2016,47.51,33.88,129.72,258.02,0.75,0.75,2.9995,20.1018,0.0,0.6848
282,2016,45.1,33.77,123.79,251.03,0.3149,0.3149,3.1225,19.7665,148.7338,0.1776
283,2016,48.31,32.89,128.02,252.8,0.7129,0.7129,3.085,19.6263,0.0,0.6435
284,2016,47.71,32.64,127.3,253.08,0.6602,0.6602,3.0817,19.7078,0.0,0.5961
285,2016,48.22,32.09,128.75,255.21,0.6523,0.6523,3.0447,19.8357,0.0,0.592
287,2016,52.02,32.27,133.47,255.31,0.4951,0.4951,3.0347,19.5061,0.0,0.4503
288,2016,49.51,32.48,130.92,255.4,0.6084,0.6084,3.0382,19.7156,0.0,0.5529
289,2016,56.22,32.73,139.89,254.2,0.6074,0.6074,3.0427,18.981,0.0,0.5524
290,2016,59.65,32.3,146.93,254.92,0.3857,0.3857,3.0217,18.6639,0.0,0.3521
291,2016,75.86,31.16,163.43,255.34,0.2451,0.2451,2.9897,17.5992,79.2797,0.1588
292,2016,71.08,31.71,162.6,255.84,0.7075,0.7075,2.9857,17.833,0.0,0.6504
293,2016,69.73,32.44,164.86,255.25,0.6001,0.6001,2.9944,17.7371,0.0,0.551
294,2016,68.71,33.23,167.86,255.37,0.5815,0.5815,2.9911,17.6878,0.0,0.5343
294,2029,93.8,31.58,184.52,256.11,0.4292,0.4292,2.9552,16.6386,0.0,0.3972
295,2029,93.88,32.61,184.64,256.63,0.644,0.644,2.9469,16.6984,0.0,0.5966
296,2029,96.88,34.49,186.88,256.14,0.8638,0.8638,2.9523,16.5232,0.0,0.7998
297,-1,190.55,36.28,208.83,78.75,0.3025,0.3025,19.0578,9.6874,0.0,0.2002
298,2029,97.74,35.02,187.33,255.04,0.6816,0.6816,2.9692,16.3579,0.0,0.6298
299,-1,191.11,36.21,208.83,80.37,0.385,0.385,18.2439,9.4828,0.0,0.2549
299,-1,95.2,32.91,174.66,257.06,0.2458,0.2458,2.9443,16.9536,0.0,0.2277
299,-1,124.66,35.02,163.97,80.3,0.2295,0.2295,18.3268,10.3634,0.0,0.1518
301,-1,188.72,36.07,209.53,79.03,0.2737,0.2737,18.9107,9.6274,0.0,0.1812
301,-1,142.59,32.68,173.53,74.04,0.2108,0.2108,21.8941,10.4058,0.0,0.1394
308,-1,142.03,33.47,205.31,224.72,0.2869,0.2869,3.5148,11.4638,0.0,0.2462
314,2016,150.59,28.71,235.44,230.95,0.5293,0.5293,3.3865,12.4186,0.0,0.4626
315,2016,154.81,29.24,236.64,231.59,0.3218,0.3218,3.3746,12.5652,0.0,0.2817
316,2016,159.51,29.77,240.4,229.85,0.5981,0.5981,3.4117,12.4487,0.0,0.5207
317,2016,161.66,30.73,242.2,230.02,0.582,0.582,3.4093,12.5353,0.0,0.5068
318,2016,162.91,33.07,241.71,228.04,0.876,0.876,3.4504,12.2861,0.0,0.7583
319,2016,162.53,31.18,242.4,228.87,0.8628,0.8628,3.4332,12.4014,0.0,0.7487
320,2016,168.3,32.27,248.59,226.77,0.7212,0.7212,3.481,12.3642,0.0,0.6213
321,2016,167.96,35.89,247.31,226.68,0.7471,0.7471,3.4823,12.3169,0.0,0.6435
322,2016,168.7,34.09,248.54,225.45,0.3398,0.3398,3.5093,12.2012,0.0,0.2915
323,2016,171.03,33.22,249.02,220.06,0.4072,0.4072,3.6295,11.5746,154.2717,0.2074
324,2016,175.66,38.75,249.94,216.85,0.3425,0.3425,3.7063,11.3157,0.0,0.2852
325,2016,181.21,34.17,256.76,216.02,0.8315,0.8315,3.732,11.5915,0.0,0.6893
326,2016,187.29,35.07,260.96,214.17,0.6919,0.6919,3.7825,11.7286,0.0,0.5688
327,2016,189.48,11.6,270.67,213.65,0.3452,0.3452,3.8029,12.1259,0.0,0.2827
328,-1,206.16,59.91,258.19,212.06,0.2568,0.2568,3.8454,12.1225,0.0,0.2088
329,2016,202.28,25.5,274.87,210.21,0.6934,0.6934,3.9022,12.4846,134.5504,0.3272
330,2016,203.2,18.73,277.2,210.69,0.4131,0.4131,3.8925,12.6816,0.0,0.333
331,2016,209.05,8.67,283.29,209.04,0.4756,0.4756,3.9457,13.0826,0.0,0.3798
332,2016,209.41,19.17,279.56,209.11,0.3604,0.3604,3.9408,12.9267,0.0,0.2881
333,2016,217.0,18.75,284.86,208.88,0.2095,0.2095,3.9589,13.5371,0.0,0.1668
334,2016,213.55,23.09,280.69,210.14,0.4187,0.4187,3.9189,13.2797,0.0,0.3358
336,-1,206.72,26.72,288.56,213.75,0.251,0.251,3.8286,13.6772,0.0,0.2042
337,2016,218.23,25.03,287.67,211.9,0.4148,0.4148,3.8851,14.0153,0.0,0.3341
338,2016,225.7,26.97,294.67,213.21,0.3389,0.3389,3.8672,14.8582,0.0,0.2733
339,2016,227.11,27.17,294.83,212.44,0.7925,0.7925,3.8883,14.8712,0.0,0.637
339,2039,255.9,27.37,288.04,64.21,0.3337,0.3337,32.3527,16.9595,0.0,0.2176
340,2016,228.33,27.34,295.67,212.91,0.8169,0.8169,3.8787,15.0173,0.0,0.6574
340,2040,223.44,0.49,256.14,87.81,0.7056,0.3528,15.3862,11.6129,0.0,0.2328
341,2016,229.81,27.59,296.62,212.8,0.8315,0.8315,3.8842,15.1327,0.0,0.6684
341,2040,220.98,0.44,255.76,93.58,0.7549,0.3775,13.6234,10.934,7.2641,0.2483
342,2016,231.7,27.12,297.88,210.62,0.6577,0.6577,3.9434,15.1137,0.0,0.5235
342,2040,221.11,11.11,252.13,94.25,0.3408,0.3408,13.4363,10.6904,18.559,0.2193
343,2016,232.49,26.94,298.26,209.52,0.8286,0.8286,3.9734,15.0853,0.0,0.6563
343,2040,218.72,4.92,252.38,95.52,0.7202,0.3601,13.1048,10.4628,9.4073,0.2365
344,2016,223.89,25.1,292.76,209.59,0.7227,0.7227,3.9556,14.3527,0.0,0.5749
344,2040,217.56,3.44,251.52,95.32,0.7676,0.3838,13.1507,10.376,0.0,0.2538
345,2016,235.9,24.98,303.55,204.8,0.645,0.645,4.1113,15.1877,138.6598,0.2839
345,2040,216.75,3.81,250.16,94.59,0.6895,0.3448,13.333,10.3326,166.7217,0.1131
346,2016,227.65,24.0,299.73,207.13,0.5381,0.5381,4.0329,14.7116,0.0,0.4222
346,2040,216.35,3.74,250.27,96.16,0.8032,0.4016,12.9363,10.1708,7.4994,0.2645
346,2042,189.76,36.31,209.39,81.84,0.3923,0.3923,17.5607,9.2704,0.0,0.2598
347,2016,240.53,24.2,309.57,201.32,0.603,0.603,4.2242,15.5362,143.1854,0.256
347,2040,215.36,3.8,249.33,96.5,0.8311,0.4155,12.8494,10.0395,0.0,0.2749
348,2016,248.0,23.36,314.26,196.48,0.8271,0.8271,4.3869,15.9271,150.8462,0.3327
348,2040,215.11,3.77,248.94,96.29,0.8311,0.4155,12.8991,10.0263,0.0,0.2749
349,2016,254.01,22.77,317.44,192.95,0.498,0.498,4.5132,16.2677,151.2052,0.1917
349,2040,214.81,2.57,249.08,96.65,0.8398,0.4199,12.8116,9.9843,0.0,0.2778
350,2016,257.4,22.85,319.1,192.56,0.7334,0.7334,4.534,16.5497,0.0,0.5244
350,2040,215.18,3.93,248.71,96.29,0.8115,0.4057,12.8987,10.0181,0.0,0.2684
351,2016,261.45,21.67,321.57,192.38,0.7378,0.7378,4.5506,16.9327,0.0,0.5254
351,2040,214.91,1.82,249.05,96.45,0.8613,0.4306,12.86,10.0067,0.0,0.2849
351,2042,188.33,36.56,210.49,88.1,0.2517,0.2517,15.1378,8.4304,6.4082,0.1664
352,2016,263.81,21.15,322.54,192.65,0.644,0.644,4.5473,17.1472,0.0,0.4587
352,2040,214.84,1.78,248.81,96.68,0.8042,0.4021,12.8039,9.9691,0.0,0.266
353,2016,267.0,20.32,325.23,193.37,0.5498,0.5498,4.5337,17.5377,0.0,0.3922
353,2040,214.33,1.4,248.13,96.7,0.7881,0.3941,12.7966,9.9062,0.0,0.2607
354,2040,213.83,1.17,247.3,96.78,0.7593,0.3796,12.7748,9.8308,0.0,0.2512
355,2040,212.94,0.62,246.06,96.7,0.752,0.376,12.7897,9.7305,0.0,0.2489
355,2016,268.96,20.0,326.29,192.87,0.6001,0.6001,4.5552,17.6939,0.0,0.4262
356,2040,212.99,0.47,245.79,96.8,0.8335,0.4168,12.7653,9.7098,0.0,0.2758
356,2016,270.06,19.49,327.05,193.96,0.8594,0.8594,4.5229,17.8603,0.0,0.6138
357,2040,212.68,0.37,244.95,96.5,0.7759,0.388,12.8352,9.6811,0.0,0.2568
357,2016,271.65,19.6,327.9,193.52,0.8677,0.8677,4.5415,17.9845,0.0,0.6174
358,2040,212.49,0.3,244.56,96.79,0.8198,0.4099,12.7644,9.6239,0.0,0.2713
358,2016,272.52,19.57,328.53,193.46,0.8555,0.8555,4.5461,18.0716,0.0,0.608
359,2040,211.57,1.76,243.08,97.17,0.8042,0.4021,12.6696,9.4673,22.8697,0.2557
359,2016,273.47,19.39,329.38,193.17,0.8477,0.8477,4.5588,18.1654,0.0,0.6009
360,2040,211.18,3.34,242.04,97.12,0.7959,0.398,12.6788,9.4015,0.0,0.2635
360,2016,274.53,20.08,330.43,193.08,0.8608,0.8608,4.5655,18.2878,0.0,0.6092
361,2040,209.54,1.37,241.13,97.7,0.7295,0.3648,12.5386,9.2187,17.5063,0.236
361,2016,275.94,20.74,332.0,193.43,0.8813,0.8813,4.5594,18.4833,0.0,0.6241
362,2040,208.21,3.49,240.08,100.67,0.6113,0.3056,11.8825,8.8068,8.6755,0.2014
362,2016,277.41,21.36,333.56,193.48,0.8667,0.8667,4.5633,18.6673,0.0,0.6131
363,2040,207.34,5.88,239.35,103.64,0.8076,0.8076,11.2904,8.4377,8.8041,0.5323
363,2016,278.42,21.33,334.76,193.14,0.877,0.877,4.5786,18.7838,0.0,0.6184
364,2040,206.9,5.62,239.24,104.71,0.854,0.854,11.0908,8.3074,8.9362,0.5629
364,2016,279.18,20.76,335.83,192.74,0.9028,0.9028,4.5952,18.8751,0.0,0.6344
365,2040,206.24,6.25,238.63,106.14,0.8174,0.8174,10.8337,8.1065,9.6389,0.5384
365,2016,280.33,19.81,337.37,192.5,0.8936,0.8936,4.6082,19.0256,0.0,0.6261
366,2040,205.31,6.66,237.65,107.21,0.7622,0.7622,10.6472,7.906,11.8529,0.5003
366,2016,281.45,18.72,338.74,191.03,0.8989,0.8989,4.6624,19.1101,0.0,0.6232
367,2040,204.29,6.11,236.52,107.68,0.7578,0.7578,10.5655,7.749,0.0,0.5029
367,2016,283.87,18.68,340.11,187.05,0.8721,0.8721,4.8088,19.1739,159.4576,0.2968
368,2040,204.36,5.61,236.43,107.0,0.8174,0.8174,10.6798,7.8123,170.9485,0.2699
368,2016,286.39,18.31,341.14,181.14,0.8535,0.8535,5.0373,19.1729,161.0239,0.2687
369,2040,204.84,6.38,236.73,106.98,0.7905,0.7905,10.6843,7.8548,0.0,0.5245
369,2016,288.23,17.81,342.37,178.22,0.8545,0.8545,5.1603,19.267,160.5125,0.2689
370,2040,205.19,4.95,237.85,107.13,0.8198,0.4099,10.6609,7.9177,0.0,0.272
370,2016,288.67,17.35,343.7,180.23,0.8901,0.8901,5.0833,19.4409,0.0,0.5765
371,2040,204.74,4.96,237.77,107.3,0.8472,0.4236,10.6314,7.8739,0.0,0.2811
371,2016,290.24,16.73,344.54,177.46,0.8882,0.8882,5.2006,19.5026,161.0983,0.2791
372,2040,203.95,4.87,237.29,107.16,0.8198,0.4099,10.6533,7.8206,0.0,0.272
372,2016,291.89,16.14,345.93,176.84,0.8496,0.8496,5.2331,19.6725,0.0,0.5499
373,2040,203.15,4.69,237.27,108.29,0.7993,0.3997,10.4643,7.6712,9.723,0.2633
373,2016,293.45,15.84,346.88,176.0,0.8779,0.8779,5.274,19.8037,0.0,0.568
374,2040,202.28,4.85,237.48,110.5,0.7578,0.3789,10.1139,7.4322,9.6128,0.2498
374,2016,294.52,15.83,347.39,175.74,0.8413,0.8413,5.2886,19.8942,0.0,0.5441
375,2040,200.97,6.84,236.74,112.24,0.7188,0.7188,9.8516,7.1641,11.1796,0.4728
375,2016,294.7,15.75,347.32,176.15,0.8843,0.8843,5.2715,19.9125,0.0,0.5719
376,2040,199.18,7.7,235.38,113.06,0.7266,0.7266,9.7299,6.9185,20.0788,0.4679
376,2016,294.62,15.92,346.96,176.44,0.876,0.876,5.2583,19.8935,0.0,0.5666
377,2040,195.97,8.2,232.8,113.34,0.7769,0.7769,9.6838,6.582,0.0,0.5162
377,2016,294.51,15.72,346.82,177.14,0.8945,0.8945,5.2285,19.8983,0.0,0.5785
378,2040,194.39,9.21,231.49,113.51,0.7939,0.7939,9.6569,6.4143,0.0,0.5276
378,2016,294.43,15.93,346.36,177.34,0.8711,0.8711,5.219,19.8708,0.0,0.5634
379,2040,194.26,9.86,231.14,112.99,0.7866,0.7866,9.7299,6.4399,0.0,0.5227
379,2016,294.63,16.11,346.25,177.62,0.8813,0.8813,5.2076,19.8845,0.0,0.57
380,2040,192.99,9.53,230.26,112.95,0.8491,0.8491,9.7334,6.3342,0.0,0.5643
380,2016,294.29,16.19,345.45,177.37,0.9043,0.9043,5.2154,19.8068,0.0,0.585
381,2040,191.75,9.71,230.38,116.63,0.8364,0.8364,9.2337,5.9203,10.5205,0.5514
381,2016,292.72,16.41,343.93,177.58,0.8193,0.8193,5.1998,19.622,0.0,0.5303
382,2040,190.63,10.0,229.48,118.18,0.8374,0.8374,9.0362,5.6675,12.5165,0.5503
382,2016,293.48,16.96,344.21,177.76,0.8516,0.8516,5.1947,19.6917,0.0,0.5511
383,2040,189.14,10.43,228.23,120.72,0.8652,0.8652,8.7299,5.2865,12.3642,0.5689
383,2016,292.97,17.27,342.84,176.17,0.8525,0.8525,5.2567,19.5284,0.0,0.552
384,2040,188.13,10.67,227.15,122.71,0.8364,0.8364,8.5034,4.994,12.6165,0.5498
384,2016,291.93,17.01,341.65,176.7,0.8794,0.8794,5.2295,19.4055,0.0,0.5696
385,2040,187.58,11.16,225.86,123.07,0.8525,0.8525,8.4626,4.8591,0.0,0.5673
385,2016,290.22,16.54,338.81,172.08,0.8989,0.8989,5.4189,18.9921,160.075,0.2833
386,2040,186.54,10.88,224.24,123.07,0.8008,0.8008,8.4607,4.7113,0.0,0.533
386,2016,290.27,16.27,337.77,168.83,0.8691,0.8691,5.5656,18.8491,162.595,0.2742
387,2040,185.7,11.49,222.47,122.84,0.8223,0.8223,8.4841,4.5909,0.0,0.5473
387,2016,289.24,16.08,336.19,166.35,0.7319,0.7319,5.6783,18.6281,160.6596,0.2312
388,2040,184.82,10.33,221.33,123.09,0.834,0.834,8.4554,4.4597,0.0,0.5552
388,2016,288.39,14.79,334.69,162.65,0.6655,0.6655,5.8589,18.4051,162.6781,0.2105
389,2040,183.83,9.42,220.14,123.52,0.8369,0.8369,8.4074,4.3037,0.0,0.5571
389,2016,288.25,14.5,333.51,158.59,0.8486,0.8486,6.0733,18.2545,163.9463,0.2686
390,2040,182.99,9.39,218.75,123.47,0.8223,0.8223,8.4115,4.1936,0.0,0.5475
390,2016,288.31,14.29,333.29,157.07,0.6919,0.6919,6.1583,18.2235,0.0,0.4497
391,2040,181.77,10.12,216.8,123.1,0.6567,0.6567,8.4499,4.0741,0.0,0.4372
391,2016,287.41,13.59,332.37,156.58,0.7456,0.7456,6.1819,18.1,0.0,0.4848
392,2040,180.64,9.74,215.5,123.3,0.8252,0.8252,8.4269,3.937,0.0,0.5495
392,2016,287.07,12.68,331.8,155.33,0.8452,0.8452,6.2521,18.0263,0.0,0.5496
393,2040,179.91,9.55,214.46,123.22,0.791,0.791,8.4348,3.8638,0.0,0.5267
393,2016,286.67,11.23,331.79,155.87,0.8125,0.8125,6.2196,18.0061,0.0,0.5284
394,2040,177.38,10.03,212.15,123.82,0.7319,0.7319,8.3679,3.5836,0.0,0.4875
394,2016,286.62,11.35,330.98,154.26,0.8145,0.8145,6.3122,17.9326,0.0,0.5298
395,2040,175.5,9.89,210.97,126.07,0.8228,0.8228,8.1323,3.1948,14.1161,0.5398
395,2016,286.02,11.54,329.8,153.53,0.8184,0.8184,6.3517,17.8099,0.0,0.5325
396,2040,173.02,10.29,209.26,127.96,0.7378,0.7378,7.9435,2.8003,17.6042,0.4801
396,2016,285.6,10.85,329.21,153.21,0.8638,0.8638,6.3686,17.7413,0.0,0.5622
397,2040,170.26,9.66,207.19,128.38,0.8203,0.8203,7.9017,2.5658,0.0,0.5466
397,2016,285.49,10.7,328.7,152.77,0.8804,0.8804,6.3939,17.697,0.0,0.573
398,2040,169.23,10.52,206.65,129.15,0.835,0.835,7.828,2.4151,0.0,0.5564
398,2016,285.05,10.29,328.11,152.83,0.8804,0.8804,6.3877,17.6306,0.0,0.5731
399,2040,168.51,12.24,205.97,129.1,0.79,0.79,7.8325,2.3759,0.0,0.5264
399,2016,284.84,10.4,327.6,153.18,0.8794,0.8794,6.3646,17.5871,0.0,0.5726
400,2040,165.32,12.61,204.27,131.28,0.7832,0.7832,7.6307,1.95,18.4579,0.5086
400,2016,284.33,10.3,326.76,153.06,0.8789,0.8789,6.3686,17.4981,0.0,0.5724
401,2040,164.17,14.03,203.68,131.61,0.7964,0.7964,7.601,1.8645,0.0,0.5308
401,2016,284.04,9.9,326.21,153.24,0.8628,0.8628,6.3556,17.4451,0.0,0.562
402,2040,162.58,16.0,203.23,135.18,0.6992,0.6992,7.2942,1.3324,13.6184,0.4595
402,2016,284.02,10.04,325.57,153.05,0.8506,0.8506,6.3655,17.4003,0.0,0.5541
403,2040,161.66,16.86,202.74,136.63,0.771,0.771,7.1762,1.1036,14.7481,0.5055
403,2016,283.77,10.1,324.86,153.19,0.8667,0.8667,6.3547,17.3391,0.0,0.5647
404,2040,160.43,16.27,202.06,137.33,0.6504,0.6504,7.1204,0.9736,0.0,0.4336
404,2016,283.71,10.23,324.23,153.26,0.833,0.833,6.3488,17.2948,0.0,0.5428
405,2040,160.79,15.82,202.9,137.19,0.7271,0.7271,7.1315,1.0124,0.0,0.4847
405,2016,283.32,10.26,323.27,152.94,0.8506,0.8506,6.3649,17.2036,0.0,0.5544
406,2040,159.06,14.89,201.49,137.65,0.8604,0.8604,7.0952,0.912,0.0,0.5736
406,2016,282.95,10.14,322.34,152.46,0.8496,0.8496,6.3912,17.1142,0.0,0.5539
407,2040,156.87,13.97,198.88,137.51,0.793,0.793,7.1063,0.9799,0.0,0.5286
407,2016,282.53,9.98,321.66,153.04,0.8003,0.8003,6.3531,17.0477,0.0,0.5218
408,2040,154.68,13.7,196.37,137.89,0.8442,0.8442,7.0769,1.0867,0.0,0.5627
408,2016,281.81,10.12,320.51,153.09,0.7939,0.7939,6.3456,16.9258,0.0,0.5178
409,2040,152.65,12.4,194.48,138.0,0.8252,0.8252,7.0688,1.2624,0.0,0.5501
409,2016,280.25,9.71,318.8,152.93,0.8545,0.8545,6.3477,16.7098,0.0,0.5576
410,2040,150.66,13.12,191.77,137.74,0.8315,0.8315,7.09,1.5476,0.0,0.5542
410,2016,280.62,9.37,318.44,151.96,0.8262,0.8262,6.4071,16.7015,0.0,0.5392
411,2040,149.75,14.21,191.18,139.47,0.7212,0.7212,6.9573,1.5145,14.9503,0.4726
411,2016,279.19,8.97,316.86,152.16,0.8369,0.8369,6.3877,16.5054,0.0,0.5464
412,2040,147.23,13.79,189.35,142.87,0.7754,0.7754,6.7101,1.6878,16.8133,0.5058
412,2016,278.53,8.64,314.95,147.51,0.8516,0.8516,6.6803,16.3054,164.937,0.2724
413,2040,144.6,13.88,187.13,145.32,0.7925,0.7925,6.5427,2.0364,20.2453,0.5118
413,2016,278.42,8.48,313.78,143.54,0.835,0.835,6.9535,16.2139,165.9204,0.2673
414,2040,142.87,15.21,185.46,147.79,0.8037,0.8037,6.3814,2.3353,18.0376,0.5224
414,2016,277.85,8.24,312.7,141.73,0.8369,0.8369,7.0826,16.1076,164.8322,0.268
414,2048,190.48,36.2,208.5,80.41,0.3767,0.3767,18.2236,9.4577,0.0,0.2494
415,2040,141.89,16.21,184.5,149.61,0.8003,0.8003,6.2672,2.5408,17.1785,0.5214
415,2016,276.54,8.11,310.92,139.08,0.8237,0.8237,7.2787,15.9139,164.3971,0.264
416,2040,139.42,16.4,181.03,148.43,0.8027,0.8027,6.3436,2.9057,0.0,0.5348
416,2016,275.28,7.7,309.31,136.5,0.811,0.811,7.4805,15.7423,164.9891,0.2602
416,2048,189.76,36.65,207.55,80.5,0.3157,0.3157,18.1786,9.4121,0.0,0.209
417,2040,135.96,16.62,178.27,150.88,0.8564,0.8564,6.1944,3.4252,24.3196,0.5451
417,2016,274.17,7.27,308.68,136.6,0.8315,0.8315,7.4677,15.626,0.0,0.5441
417,2048,189.73,36.35,207.73,80.78,0.3157,0.3157,18.0458,9.3775,5.5916,0.2086
418,2040,134.36,17.06,176.94,152.32,0.8535,0.8535,6.1096,3.6876,0.0,0.5684
418,2016,273.04,7.03,306.88,132.89,0.8423,0.8423,7.7806,15.4727,166.4808,0.2706
418,2048,191.53,36.26,207.61,75.44,0.2101,0.2101,20.9641,10.125,175.3143,0.0689
419,2040,132.41,17.94,175.24,153.19,0.8608,0.8608,6.0604,3.9747,0.0,0.5732
419,2016,271.26,6.76,305.75,135.06,0.8306,0.8306,7.5828,15.253,14.4014,0.5353
419,2048,191.37,36.27,207.35,75.14,0.2186,0.2186,21.1549,10.1571,174.3353,0.0717
420,2040,130.87,18.17,174.45,154.68,0.8145,0.8145,5.9761,4.2046,0.0,0.5423
420,2016,269.89,6.81,304.45,135.42,0.8442,0.8442,7.5454,15.0712,0.0,0.5531
420,2048,189.8,36.18,207.39,79.33,0.3638,0.3638,18.7557,9.5666,5.2556,0.2403
421,2040,129.84,18.54,174.35,156.95,0.8413,0.8413,5.8506,4.406,16.7418,0.5482
421,2016,265.76,6.79,301.11,135.75,0.8555,0.8555,7.4993,14.5683,0.0,0.5612
421,2048,190.55,36.19,208.37,79.9,0.541,0.541,18.472,9.5245,9.6691,0.3556
422,2040,128.83,17.96,173.91,157.59,0.8413,0.8413,5.8167,4.5384,0.0,0.56
422,2016,264.3,6.6,299.87,134.69,0.8228,0.8228,7.583,14.3995,0.0,0.5399
422,2048,190.38,36.06,208.29,80.16,0.3638,0.3638,18.3442,9.4847,5.8538,0.2402
423,2040,127.39,17.54,172.79,158.52,0.6958,0.6958,5.7684,4.7603,0.0,0.4631
423,2016,261.17,6.54,297.41,134.05,0.7334,0.7334,7.6251,14.0325,0.0,0.4816
423,2048,190.38,35.95,208.38,80.63,0.3684,0.3684,18.1182,9.4238,5.3918,0.2434
424,2040,125.32,17.63,170.46,159.2,0.6899,0.6899,5.7352,5.0848,0.0,0.459
424,2016,258.44,6.48,295.73,134.92,0.835,0.835,7.5399,13.7243,0.0,0.5487
424,2048,190.78,35.88,208.76,80.57,0.3647,0.3647,18.1476,9.4479,0.0,0.2415
425,2040,127.1,17.35,166.74,140.72,0.4834,0.4834,6.8869,4.7595,166.1275,0.1606
425,2016,254.51,6.7,292.54,133.64,0.8384,0.8384,7.6345,13.2614,143.0697,0.272
425,2048,190.91,35.94,208.93,80.72,0.3496,0.3496,18.0767,9.4341,0.0,0.2315
426,2040,123.16,17.06,165.61,152.49,0.7871,0.7871,6.1134,5.2395,15.9549,0.5135
426,2016,249.89,6.88,289.56,134.03,0.8804,0.8804,7.584,12.741,0.0,0.5797
426,2048,190.72,35.96,208.67,80.87,0.4055,0.4055,18.0055,9.4047,0.0,0.2685
427,2040,121.56,16.69,164.28,155.96,0.7544,0.7544,5.9168,5.5735,17.4847,0.4901
427,2016,250.22,7.18,289.7,130.51,0.7031,0.7031,7.9021,12.835,167.8584,0.2285
428,2040,120.03,16.27,162.43,157.85,0.791,0.791,5.8161,5.8872,21.8505,0.507
428,2016,249.01,7.73,289.59,131.34,0.8286,0.8286,7.8222,12.7295,0.0,0.5456
428,2048,189.97,36.27,207.67,81.19,0.2837,0.2837,17.8546,9.3262,15.4257,0.1845
429,2040,118.21,16.27,159.95,158.18,0.7778,0.7778,5.8018,6.1906,0.0,0.517
429,2016,247.2,7.93,289.35,133.81,0.8564,0.8564,7.5969,12.5475,13.3118,0.5564
429,2048,189.9,36.31,207.35,81.18,0.3647,0.3647,17.8588,9.3198,0.0,0.2415
430,2040,116.43,16.45,157.71,158.63,0.8184,0.8184,5.7811,6.4808,0.0,0.5439
430,2016,246.26,8.09,289.07,134.15,0.8779,0.8779,7.5649,12.4594,0.0,0.5784
430,2048,190.5,36.27,207.72,80.71,0.2666,0.2666,18.0797,9.4021,172.3238,0.0877
431,2040,113.19,16.73,154.57,159.5,0.8555,0.8555,5.7407,6.948,0.0,0.5682
431,2016,244.92,7.97,288.21,132.44,0.8843,0.8843,7.7107,12.3385,164.9082,0.288
431,2048,189.28,36.35,206.7,81.33,0.2069,0.2069,17.7885,9.2748,11.14,0.1357
432,2040,110.58,16.93,152.39,160.72,0.8101,0.8101,5.6818,7.3239,0.0,0.5379
432,2016,243.57,6.94,287.56,130.72,0.8818,0.8818,7.8635,12.2365,165.6094,0.2873
433,2040,107.81,17.37,150.33,161.89,0.8193,0.8193,5.6269,7.6998,0.0,0.5437
433,2016,242.92,6.6,287.56,129.92,0.8867,0.8867,7.9372,12.2099,0.0,0.5844
434,2040,105.52,17.26,148.71,162.48,0.7949,0.7949,5.6011,7.9871,0.0,0.5274
434,2016,241.52,6.33,286.58,129.54,0.8701,0.8701,7.9683,12.0576,0.0,0.5737
435,2040,104.82,18.23,147.89,161.94,0.7056,0.7056,5.6297,8.0637,0.0,0.4681
435,2016,240.55,6.19,286.02,129.89,0.8076,0.8076,7.9318,11.946,0.0,0.5326
436,2040,101.6,19.34,145.12,162.8,0.7485,0.7485,5.5929,8.5012,0.0,0.4963
436,2016,239.83,6.01,285.13,129.16,0.7544,0.7544,7.9982,11.8543,0.0,0.4976
437,2040,102.01,20.12,145.0,161.99,0.7568,0.7568,5.6331,8.4467,0.0,0.5018
437,2016,238.45,4.68,283.21,127.69,0.3738,0.1869,8.1351,11.6692,161.854,0.061
438,2040,98.75,21.25,143.78,168.63,0.8315,0.8315,5.3208,9.0635,18.8595,0.536
438,2016,236.43,5.26,280.16,128.0,0.7026,0.7026,8.0941,11.3184,0.0,0.4638
439,2040,100.42,22.23,144.09,164.76,0.7627,0.7627,5.4994,8.7376,162.1405,0.2513
439,2016,235.26,3.39,278.41,127.85,0.3577,0.1789,8.1032,11.1252,0.0,0.1181
440,2040,99.48,23.5,142.46,161.77,0.6768,0.6768,5.6498,8.7773,162.1556,0.223
440,2016,233.97,4.32,276.1,127.82,0.3896,0.1948,8.0991,10.8826,0.0,0.1287
441,2040,98.64,24.33,141.9,161.94,0.5947,0.5947,5.6427,8.8781,0.0,0.3941
441,2016,233.3,1.85,275.15,128.2,0.7847,0.3923,8.0586,10.7619,0.0,0.2593
442,2040,97.3,24.6,141.33,163.39,0.6602,0.6602,5.5726,9.0659,0.0,0.4374
442,2016,232.99,3.75,273.08,128.53,0.7124,0.3562,8.022,10.5911,0.0,0.2354
443,2040,95.09,24.79,141.43,169.5,0.7192,0.7192,5.2881,9.498,18.1938,0.4642
444,2040,92.95,24.67,141.38,174.15,0.7832,0.7832,5.0898,9.9017,19.1165,0.5038
444,2048,190.3,36.1,207.27,80.61,0.4111,0.4111,18.1264,9.4025,172.0638,0.1352
444,2016,229.79,5.11,268.44,128.15,0.363,0.363,8.0449,10.0708,0.0,0.2401
445,2040,89.14,24.24,139.6,179.93,0.8101,0.8101,4.8651,10.6142,21.6275,0.531
445,2016,228.22,5.25,266.3,128.58,0.7559,0.7559,7.9965,9.8057,0.0,0.5003
446,2040,86.21,23.6,136.92,179.57,0.709,0.709,4.8852,10.9335,0.0,0.4792
446,2016,224.88,5.91,262.6,128.54,0.4131,0.4131,7.9887,9.3289,0.0,0.2736
447,2040,83.92,23.18,131.82,167.97,0.6094,0.6094,5.3823,10.7786,161.9144,0.1995
447,2016,222.75,4.53,260.72,128.77,0.8052,0.4026,7.96,9.0489,0.0,0.2667
448,2040,80.72,22.97,130.62,174.87,0.7334,0.7334,5.087,11.3973,19.6087,0.4699
448,2016,217.9,4.93,256.4,128.99,0.7583,0.3791,7.9251,8.4184,0.0,0.2514
449,2040,79.12,22.9,129.04,174.75,0.7964,0.7964,5.096,11.5938,0.0,0.5255
449,2016,215.66,2.68,255.3,128.95,0.5737,0.2868,7.9241,8.1931,0.0,0.1903
450,2040,78.12,22.77,128.78,177.14,0.8271,0.8271,5.0002,11.8008,0.0,0.5456
450,2016,215.94,4.05,255.37,128.38,0.2903,0.1452,7.9795,8.2381,0.0,0.0963
451,2040,76.78,23.45,128.84,182.89,0.7861,0.7861,4.7809,12.2151,19.8069,0.5256
451,2016,212.51,4.68,252.79,128.95,0.835,0.4175,7.9163,7.8094,0.0,0.277
452,2040,75.39,23.8,128.74,188.14,0.7188,0.7188,4.5962,12.644,20.6403,0.4967
452,2016,211.84,12.34,250.78,128.85,0.8262,0.8262,7.9223,7.632,0.0,0.5484
453,2040,74.96,24.11,127.62,186.76,0.7627,0.7627,4.6458,12.6451,0.0,0.5383
453,2016,210.49,7.95,251.53,129.0,0.8667,0.8667,7.9072,7.5855,0.0,0.5753
454,2040,73.43,24.78,125.91,188.42,0.7393,0.7393,4.5925,12.9478,0.0,0.5268
454,2016,209.26,5.75,251.85,129.19,0.8184,0.8184,7.8879,7.5164,0.0,0.5433
455,2040,73.03,25.58,126.09,190.84,0.7441,0.7441,4.5114,13.1236,0.0,0.5381
455,2016,209.4,5.23,252.59,128.8,0.8413,0.8413,7.9263,7.5915,0.0,0.5584
456,2040,74.65,26.63,124.03,178.3,0.4233,0.4233,4.9649,12.3818,161.088,0.1398
456,2016,208.66,2.85,253.06,128.66,0.8467,0.4234,7.9394,7.5789,0.0,0.281
457,2040,72.12,27.67,127.62,199.57,0.7671,0.7671,4.2378,13.725,21.8662,0.5637
457,2016,206.77,3.39,251.61,128.42,0.8086,0.4043,7.9582,7.3638,0.0,0.2684
458,2040,73.38,28.92,123.99,183.71,0.6538,0.6538,4.7614,12.7705,160.3475,0.2333
458,2016,206.41,1.2,251.91,128.14,0.8525,0.4263,7.9853,7.3718,0.0,0.283
459,2040,71.69,30.17,126.32,197.46,0.7808,0.7808,4.303,13.6618,21.5667,0.5675
459,2016,206.7,0.57,251.3,125.23,0.8442,0.4221,8.2778,7.4871,168.3532,0.1395
460,2040,70.05,31.7,128.32,211.17,0.8384,0.8384,3.9202,14.7458,23.4612,0.6473
460,2016,206.3,2.17,249.44,123.0,0.8159,0.4079,8.5134,7.4591,167.2108,0.1348
461,2040,68.73,32.28,128.32,216.73,0.8101,0.8101,3.7837,15.2986,24.5165,0.6375
461,2016,205.88,2.51,248.36,122.03,0.7847,0.3923,8.6193,7.4191,165.7354,0.1297
462,2040,66.26,32.21,124.63,213.22,0.5127,0.5127,3.8767,15.3066,0.0,0.4125
462,2016,204.7,2.46,247.36,123.9,0.8037,0.4018,8.4109,7.1702,12.955,0.2634
463,2040,66.36,32.23,122.79,207.78,0.645,0.645,4.0195,14.9501,156.9723,0.292
463,2016,203.05,2.54,244.75,123.64,0.7129,0.3564,8.4337,6.9107,0.0,0.2368
464,2040,69.22,32.03,117.69,178.89,0.4893,0.4893,4.958,13.1548,161.0713,0.1616
464,2016,202.18,0.99,243.15,122.2,0.7485,0.3743,8.5892,6.8429,165.1086,0.1239
465,2040,64.29,31.7,120.54,203.0,0.7925,0.7925,4.1565,14.8154,22.3456,0.5888
465,2016,200.44,1.35,239.76,121.67,0.7964,0.3982,8.643,6.5578,0.0,0.2646
466,2040,63.41,31.53,120.34,204.88,0.6768,0.6768,4.1051,15.0171,0.0,0.5243
466,2016,199.26,1.35,237.23,121.26,0.7407,0.3704,8.6857,6.359,0.0,0.2461
467,2040,61.68,31.99,117.85,204.87,0.5947,0.5947,4.1106,15.2494,0.0,0.46
467,2016,196.46,1.04,233.52,122.24,0.7017,0.3508,8.5683,5.8922,32.9704,0.2144
468,2040,61.44,32.25,117.03,204.04,0.667,0.667,4.1352,15.2467,0.0,0.5138
468,2016,194.6,0.84,225.25,98.56,0.4026,0.2013,12.2981,7.7601,171.92,0.0665
469,2040,60.93,32.61,116.01,204.67,0.7212,0.7212,4.1195,15.3783,0.0,0.5569
469,2016,190.31,0.48,226.67,118.63,0.6802,0.3401,8.9782,5.458,10.7368,0.2242
470,2040,61.37,32.82,116.01,204.67,0.7441,0.7441,4.1189,15.3538,0.0,0.5746
470,2016,188.78,0.18,225.99,122.3,0.6626,0.3313,8.5485,5.0014,11.6753,0.2182
471,2040,61.02,32.99,116.77,209.61,0.8423,0.8423,3.9849,15.7059,23.1076,0.6425
471,2016,188.43,0.93,225.85,125.04,0.8062,0.4031,8.2531,4.7402,11.6685,0.2655
472,2040,60.21,33.22,116.22,211.34,0.8286,0.8286,3.9416,15.9141,0.0,0.6587
472,2016,187.21,1.33,224.46,124.35,0.8145,0.4073,8.3237,4.6478,0.0,0.2711
473,2040,60.27,33.3,115.95,211.3,0.6826,0.6826,3.9429,15.9222,0.0,0.5425
473,2016,185.38,1.95,222.29,123.03,0.8218,0.4109,8.4629,4.5462,159.6009,0.1365
474,2040,59.56,34.15,117.76,221.37,0.7612,0.7612,3.6971,16.6896,24.6947,0.6058
474,2016,182.57,2.05,221.11,125.8,0.7695,0.3847,8.1678,4.0729,14.257,0.2522
475,2040,58.56,35.55,117.21,223.39,0.54,0.54,3.6531,16.9396,0.0,0.4492
475,2016,179.83,2.27,218.4,124.48,0.811,0.4055,8.3018,3.9145,154.3633,0.1349
476,2040,56.63,36.82,113.63,214.73,0.562,0.562,3.8638,16.509,155.6421,0.2647
476,2016,177.07,2.78,216.25,124.31,0.7832,0.3916,8.3174,3.6962,0.0,0.2608
477,2040,57.66,38.14,116.92,223.14,0.6621,0.6621,3.6601,16.9775,25.2915,0.5289
477,2016,176.27,2.83,216.07,124.5,0.6772,0.3386,8.2969,3.6304,0.0,0.2255
478,2040,53.78,39.61,115.22,230.46,0.7378,0.7378,3.5083,17.8827,28.0909,0.5978
478,2016,175.89,3.35,216.77,127.16,0.811,0.4055,8.0255,3.3624,11.9887,0.2672
479,2040,49.77,40.98,115.47,245.15,0.7192,0.7192,3.2289,19.3752,28.2205,0.6072
479,2016,173.99,3.69,215.95,128.6,0.7642,0.3821,7.8844,3.0791,16.3906,0.2494
480,2040,48.98,42.75,116.64,252.52,0.7656,0.7656,3.1009,20.0457,28.7529,0.6573
480,2016,173.91,4.59,216.03,128.81,0.79,0.395,7.8644,3.0576,0.0,0.2631
481,2040,49.24,44.28,117.59,254.58,0.8726,0.8726,3.0656,20.1902,0.0,0.7889
481,2016,172.41,4.7,215.06,129.41,0.7725,0.3862,7.8067,2.8731,0.0,0.2573
482,2040,49.28,46.21,118.34,257.22,0.8608,0.8608,3.0221,20.4102,0.0,0.7829
482,2016,170.66,3.99,214.12,129.57,0.8125,0.4062,7.7909,2.7273,0.0,0.2707
483,2040,51.56,47.24,121.9,258.28,0.8394,0.8394,2.9992,20.2772,0.0,0.7662
483,2016,169.71,2.24,214.14,129.47,0.7485,0.3743,7.7999,2.6955,0.0,0.2494
484,2040,51.87,47.42,121.96,254.88,0.6567,0.6567,3.0533,19.9308,0.0,0.5951
484,2016,170.81,0.97,215.36,129.32,0.6958,0.3479,7.8148,2.8198,0.0,0.2318
485,2040,50.41,47.58,121.83,257.31,0.8677,0.8677,3.0158,20.2315,0.0,0.7902
485,2016,169.41,1.88,214.04,129.56,0.8228,0.4114,7.7914,2.6674,0.0,0.2741
486,2040,49.28,47.66,121.27,258.13,0.7974,0.7974,3.0045,20.3793,0.0,0.7271
486,2016,167.65,1.91,211.89,129.59,0.7285,0.3643,7.7875,2.4968,0.0,0.2427
487,2040,48.9,47.66,121.29,258.34,0.8525,0.8525,3.0016,20.4141,0.0,0.7776
487,2016,165.77,1.18,209.77,129.77,0.7656,0.3828,7.7698,2.3254,0.0,0.2551
488,2040,48.31,48.37,120.73,258.51,0.8452,0.8452,3.0001,20.4769,0.0,0.771
488,2016,164.31,2.43,207.21,129.82,0.7832,0.3916,7.7645,2.1953,0.0,0.261
489,2040,48.85,47.96,122.01,258.94,0.8789,0.8789,2.9914,20.4455,0.0,0.8029
489,2016,162.98,2.31,205.07,129.83,0.8203,0.4102,7.7631,2.113,0.0,0.2733
490,2040,49.01,48.2,122.19,258.2,0.835,0.835,3.0028,20.3599,0.0,0.7616
490,2016,161.67,1.2,203.31,129.82,0.7886,0.3943,7.7638,2.0651,0.0,0.2628
491,2040,50.35,48.73,124.06,258.21,0.8838,0.8838,2.9993,20.2325,0.0,0.8068
491,2016,161.3,2.17,201.31,129.76,0.7627,0.3814,7.7693,2.0512,0.0,0.2542
492,2040,50.62,48.87,125.07,258.52,0.8779,0.8779,2.9931,20.2121,0.0,0.8022
492,2016,160.63,1.01,199.71,129.72,0.7305,0.3653,7.7729,2.0485,0.0,0.2434
493,2040,51.23,48.9,126.43,258.21,0.8794,0.8794,2.996,20.1036,0.0,0.8034
493,2016,160.4,1.96,198.08,129.75,0.7642,0.3821,7.7702,2.047,0.0,0.2547
494,2040,53.16,49.08,129.53,257.86,0.8013,0.8013,2.9966,19.8714,0.0,0.7323
494,2016,158.5,1.5,195.65,129.29,0.7305,0.3653,7.8134,2.1513,0.0,0.2434
495,2040,55.8,49.36,134.07,257.86,0.8657,0.8657,2.9897,19.5946,0.0,0.7925
495,2016,157.15,2.3,193.98,129.48,0.6094,0.3047,7.7959,2.1777,0.0,0.2031
496,2040,56.63,49.59,136.65,257.46,0.8638,0.8638,2.9929,19.4242,0.0,0.7906
496,2016,158.73,2.74,194.72,129.45,0.458,0.229,7.7984,2.1392,0.0,0.1526
497,2040,56.36,49.57,138.05,257.73,0.8789,0.8789,2.9876,19.4094,0.0,0.8051
497,2016,153.9,1.79,190.85,129.39,0.8467,0.4234,7.8053,2.3636,0.0,0.2821
498,2040,62.64,49.64,144.79,257.9,0.8086,0.8086,2.9735,18.95,0.0,0.7429
499,2040,66.35,49.74,149.26,257.85,0.8638,0.8638,2.9675,18.6574,0.0,0.7948
499,2016,148.55,1.93,186.19,129.18,0.8125,0.4062,7.8276,2.7921,102.6574,0.1353
500,2040,69.11,49.4,152.98,257.61,0.6309,0.6309,2.9662,18.4107,0.0,0.5809
500,2016,146.47,3.25,184.67,129.17,0.811,0.4055,7.8298,2.9667,0.0,0.2702
501,2040,72.18,47.13,157.08,257.04,0.8252,0.8252,2.9698,18.1107,0.0,0.7599
501,2016,145.64,3.91,184.1,129.26,0.834,0.417,7.8219,3.0284,0.0,0.2778
502,2040,75.71,49.59,159.88,257.36,0.8608,0.8608,2.9603,17.9453,0.0,0.794
502,2016,145.16,5.17,183.76,129.61,0.7671,0.7671,7.7894,3.0365,0.0,0.511
503,2040,77.76,48.86,162.38,258.03,0.7725,0.7725,2.9467,17.8821,0.0,0.7141
503,2016,145.14,4.75,184.01,129.33,0.5688,0.2844,7.8155,3.0519,0.0,0.1895
504,2040,80.11,44.5,167.89,257.16,0.2659,0.2659,2.9552,17.5486,0.0,0.2456
504,2016,144.41,4.67,183.5,129.08,0.647,0.3235,7.8396,3.141,0.0,0.2155
505,2040,81.68,48.02,167.39,255.89,0.7832,0.7832,2.9746,17.369,0.0,0.7217
505,2016,143.99,5.19,183.17,129.27,0.8218,0.8218,7.822,3.1623,0.0,0.5474
506,2016,144.11,5.61,183.37,129.52,0.8594,0.8594,7.7984,3.1214,0.0,0.5725
507,2016,143.94,4.04,183.75,129.57,0.7974,0.3987,7.7936,3.1055,0.0,0.2656
508,2016,143.81,4.18,183.65,129.55,0.8237,0.4118,7.7956,3.1196,0.0,0.2744
509,2016,136.3,3.86,178.14,129.39,0.5254,0.2627,7.8171,3.8777,99.6528,0.0874
510,2016,137.76,31.69,173.68,129.75,0.4436,0.4436,7.7852,4.0334,0.0,0.2954
511,2055,127.04,3.88,184.41,128.7,0.4282,0.2141,7.8843,4.1107,0.0,0.1425
514,-1,140.77,15.84,162.42,79.95,0.6279,0.6279,18.4716,9.9535,0.0,0.4154
515,-1,128.6,96.33,192.09,262.83,0.2893,0.2893,2.8381,16.787,0.0,0.2721
515,-1,248.62,1.55,264.66,64.9,0.231,0.1155,31.1476,15.4219,0.0,0.0756
516,-1,248.62,1.37,264.94,71.89,0.4824,0.2412,23.8628,14.7791,0.0,0.1581
516,-1,136.55,3.23,160.17,79.1,0.3157,0.1578,18.9114,10.2505,0.0,0.1044
517,2059,134.32,3.46,160.82,88.72,0.4111,0.2056,14.9642,9.1195,0.0,0.1362
517,2040,139.05,111.06,200.4,259.8,0.4844,0.4844,2.8804,16.2343,80.6367,0.3182
518,2059,135.35,3.71,159.87,82.68,0.7266,0.3633,17.2281,9.8536,174.3625,0.1193
519,2059,132.09,3.63,163.43,105.4,0.4524,0.2262,10.938,7.1795,8.8351,0.1493
520,2059,130.53,3.85,163.62,112.47,0.5757,0.2878,9.8049,6.5138,9.9029,0.1899
522,2059,127.48,4.04,165.71,131.64,0.647,0.3235,7.6257,5.0979,12.5804,0.2127
523,2059,125.83,4.95,164.75,136.44,0.79,0.395,7.2199,5.0845,13.7916,0.259
524,2059,124.93,5.21,163.94,138.57,0.5889,0.5889,7.0532,5.149,14.6817,0.3854
524,2061,151.51,20.59,237.23,257.57,0.501,0.501,2.9158,15.9986,0.0,0.4668
525,2059,124.26,5.06,163.43,140.35,0.7886,0.7886,6.9192,5.2005,14.6162,0.5161
526,2059,124.67,4.78,163.0,138.5,0.5679,0.2839,7.0596,5.2349,166.4585,0.0943
526,2062,147.95,176.12,242.09,258.36,0.4485,0.4485,2.9038,16.1135,0.0,0.4185
527,2062,153.93,185.8,236.37,257.58,0.2037,0.2037,2.9159,16.0133,0.0,0.1898
527,2061,154.95,39.16,234.54,257.62,0.3311,0.3311,2.9151,16.0115,0.0,0.3085
528,2062,154.54,186.65,237.01,258.26,0.2705,0.2705,2.9056,16.1137,0.0,0.2523
528,2059,126.02,22.43,159.52,138.21,0.5098,0.5098,7.0839,5.391,0.0,0.3391
529,2059,125.51,27.42,157.74,137.66,0.4475,0.4475,7.129,5.5641,0.0,0.2976
531,2061,172.16,93.45,233.58,258.71,0.3657,0.3657,2.9018,16.3286,0.0,0.3412
532,-1,120.94,4.78,156.23,75.38,0.2847,0.1424,21.0875,11.351,0.0,0.094
533,2059,117.84,8.69,157.28,144.82,0.834,0.834,6.6116,6.0687,16.6984,0.5427
534,2059,117.1,6.12,157.46,145.7,0.4805,0.4805,6.5525,6.1121,0.0,0.3194
535,2059,115.84,5.28,156.22,145.95,0.8433,0.8433,6.5381,6.2907,0.0,0.5605
536,2059,114.87,5.04,154.99,145.85,0.8286,0.8286,6.547,6.4459,0.0,0.5507
537,2059,114.09,5.27,154.24,146.83,0.8169,0.8169,6.4834,6.5613,0.0,0.5428
538,2059,113.6,5.56,153.36,145.95,0.79,0.79,6.5431,6.6517,0.0,0.5249
539,2059,113.31,5.77,152.82,145.44,0.543,0.543,6.5782,6.7078,0.0,0.3608
540,2059,112.95,5.73,152.45,145.19,0.8228,0.8228,6.5959,6.7584,0.0,0.5466
541,2059,112.71,5.82,152.19,144.94,0.8076,0.8076,6.6134,6.793,0.0,0.5365
542,2059,112.53,5.78,152.14,145.08,0.8306,0.8306,6.6041,6.8097,0.0,0.5518
543,2059,112.3,5.85,151.87,144.72,0.4883,0.4883,6.6292,6.8441,0.0,0.3244
544,2059,112.36,5.95,151.85,143.99,0.5254,0.5254,6.6795,6.8405,0.0,0.349
545,2059,111.8,5.84,151.63,144.61,0.8237,0.8237,6.6375,6.8962,0.0,0.5471
546,2059,111.85,5.9,152.06,145.0,0.7754,0.7754,6.6104,6.8632,0.0,0.5151
547,2059,111.37,5.93,151.56,144.84,0.5859,0.5859,6.6223,6.932,0.0,0.3892
548,2059,112.83,5.86,153.56,145.04,0.8145,0.8145,6.6051,6.6879,0.0,0.5412
549,2059,113.24,5.77,154.39,145.18,0.8628,0.8628,6.5943,6.6006,0.0,0.5733
550,2059,113.88,5.71,155.44,144.94,0.7642,0.7642,6.6089,6.4802,0.0,0.5078
551,2059,114.66,5.79,156.79,145.02,0.8525,0.8525,6.6014,6.3295,0.0,0.5666
552,2059,114.87,6.01,157.57,145.59,0.8516,0.8516,6.5619,6.2617,0.0,0.566
553,2059,115.2,6.1,158.25,145.6,0.8574,0.8574,6.5603,6.1902,0.0,0.5699
554,2059,111.7,6.05,153.67,145.31,0.6289,0.6289,6.5878,6.761,0.0,0.4178
555,2059,111.25,6.12,152.55,146.03,0.6494,0.6494,6.541,6.8755,0.0,0.4314
556,2059,111.51,5.87,151.9,145.82,0.8037,0.8037,6.5555,6.9019,0.0,0.5339
557,2059,113.82,5.87,153.73,145.36,0.8555,0.8555,6.5822,6.607,0.0,0.5684
558,2059,115.38,5.5,155.24,145.64,0.6724,0.6724,6.5603,6.3909,0.0,0.4469
559,2059,116.03,5.55,155.66,146.48,0.6655,0.6655,6.5033,6.3207,0.0,0.4423
559,2068,257.86,39.09,312.46,218.98,0.6646,0.6646,3.7878,17.9255,0.0,0.5397
560,2059,116.43,5.83,155.29,145.96,0.8647,0.8647,6.5378,6.3149,0.0,0.5747
560,2068,257.3,37.69,312.2,218.42,0.3557,0.3557,3.8,17.8399,0.0,0.2883
561,2059,117.54,6.33,156.03,146.77,0.7129,0.7129,6.4824,6.1901,0.0,0.4739
561,2068,259.7,35.8,314.1,214.96,0.6919,0.6919,3.8903,17.8156,0.0,0.5526
562,2059,118.1,6.45,155.88,146.7,0.8145,0.8145,6.4866,6.1605,0.0,0.5414
563,2059,119.86,6.85,157.69,148.52,0.7129,0.7129,6.3656,5.9302,19.9847,0.4597
563,2068,263.08,33.94,318.74,217.19,0.5391,0.5391,3.8469,18.4086,0.0,0.4331
564,2059,119.87,6.9,156.41,146.61,0.5078,0.5078,6.4904,5.9968,164.7015,0.1683
564,2068,263.91,32.66,319.74,216.51,0.3877,0.3877,3.8661,18.4594,0.0,0.3104
565,2059,123.61,7.29,160.27,146.05,0.6504,0.6504,6.521,5.4532,0.0,0.4326
565,2068,264.93,32.66,320.53,215.31,0.5688,0.5688,3.8984,18.4743,0.0,0.453
565,2071,288.0,33.58,319.72,160.79,0.3721,0.3721,5.921,17.3833,0.0,0.2424
566,2059,122.37,7.71,158.64,147.88,0.7305,0.7305,6.4036,5.6764,18.9701,0.4726
566,2068,265.26,32.9,321.02,215.56,0.3638,0.3638,3.8934,18.5362,0.0,0.2899
567,2059,122.28,8.15,158.36,150.88,0.8203,0.8203,6.2162,5.7598,15.3502,0.5357
567,2068,265.79,33.12,322.22,217.1,0.7212,0.7212,3.8581,18.7368,0.0,0.5779
568,2059,122.54,8.37,157.83,151.54,0.8677,0.8677,6.1765,5.7954,0.0,0.577
568,2068,269.28,33.99,327.2,219.18,0.8101,0.8101,3.8206,19.3381,0.0,0.6522
569,2059,123.45,8.41,158.0,151.5,0.8203,0.8203,6.178,5.7189,0.0,0.5455
569,2068,269.03,33.4,328.28,220.24,0.4688,0.4688,3.7967,19.4556,0.0,0.3788
570,2059,124.23,8.46,158.06,151.36,0.7334,0.7334,6.1858,5.6566,0.0,0.4877
570,2068,269.35,34.88,328.53,218.48,0.4417,0.4417,3.8395,19.366,0.0,0.3545
571,2059,125.11,8.4,158.21,150.27,0.6875,0.6875,6.2514,5.5576,0.0,0.4573
571,2068,268.82,36.21,328.02,217.8,0.605,0.605,3.8543,19.2636,0.0,0.4845
572,2059,126.16,8.38,158.46,148.36,0.7583,0.7583,6.3699,5.4285,164.1346,0.2516
572,2068,270.05,36.81,330.06,217.73,0.8262,0.8262,3.8611,19.4365,0.0,0.6606
573,2059,127.58,8.52,160.35,150.8,0.6836,0.6836,6.2153,5.2478,18.0038,0.4436
573,2068,271.79,36.38,332.37,216.95,0.877,0.877,3.8864,19.6058,0.0,0.6979
574,2059,128.96,8.41,161.24,149.21,0.3459,0.3459,6.3119,5.0507,0.0,0.2302
574,2068,274.12,34.81,333.9,211.24,0.8638,0.8638,4.0375,19.4593,156.608,0.3823
575,2059,129.83,8.44,162.12,150.45,0.6929,0.6929,6.2338,4.9573,0.0,0.4611
575,2068,277.62,34.23,335.79,204.38,0.8608,0.8608,4.2343,19.3687,157.3561,0.3586
576,2059,132.62,8.74,165.27,150.44,0.6406,0.6406,6.2304,4.5418,0.0,0.4264
576,2068,281.17,33.45,338.31,199.02,0.8506,0.8506,4.4035,19.4412,157.2099,0.335
577,2059,133.89,8.76,166.99,151.46,0.7871,0.7871,6.1666,4.3665,0.0,0.524
577,2068,284.07,32.51,340.92,196.27,0.8882,0.8882,4.4995,19.6335,0.0,0.6342
578,2059,135.63,8.67,169.09,151.37,0.7378,0.7378,6.1698,4.0981,0.0,0.4912
578,2068,286.8,32.18,344.33,198.18,0.834,0.834,4.4512,20.0852,0.0,0.6001
579,2059,137.68,8.71,171.9,151.23,0.8584,0.8584,6.1755,3.7582,0.0,0.5717
579,2068,289.11,31.04,346.31,196.04,0.8516,0.8516,4.527,20.2399,0.0,0.6039
580,2059,138.59,8.46,173.53,150.8,0.833,0.833,6.2003,3.5668,0.0,0.5548
580,2068,290.45,30.34,347.92,196.62,0.8452,0.8452,4.5143,20.4399,0.0,0.6005
581,2059,139.42,9.02,174.88,150.16,0.7642,0.7642,6.2383,3.3922,0.0,0.509
581,2068,291.67,29.82,349.15,197.08,0.7861,0.7861,4.5046,20.6046,0.0,0.5592
582,2059,141.3,9.13,178.19,150.57,0.8413,0.8413,6.2109,3.0529,0.0,0.5605
582,2068,292.14,29.27,349.45,196.74,0.8184,0.8184,4.5169,20.6348,0.0,0.5808
583,2059,142.65,9.26,181.29,151.28,0.8496,0.8496,6.1661,2.7881,0.0,0.5661
583,2068,294.49,29.46,351.72,196.28,0.8555,0.8555,4.5408,20.8866,0.0,0.604
584,2059,141.58,9.03,181.35,151.54,0.8477,0.8477,6.1508,2.8691,0.0,0.5648
584,2068,294.34,29.46,351.99,197.0,0.8203,0.8203,4.5181,20.9248,0.0,0.5815
584,2080,191.01,36.14,206.12,81.2,0.3999,0.3999,17.8494,9.3147,0.0,0.2648
585,2059,140.68,9.19,181.2,152.0,0.8135,0.8135,6.1238,2.9637,0.0,0.542
585,2068,295.17,29.47,352.57,196.27,0.7964,0.7964,4.5443,20.9762,0.0,0.5617
585,2080,191.82,36.41,207.04,81.7,0.3389,0.3389,17.6232,9.283,11.1208,0.2223
586,2059,140.42,9.02,181.71,151.71,0.8584,0.8584,6.141,2.9313,0.0,0.5719
586,2068,295.25,29.49,352.15,194.26,0.8315,0.8315,4.6087,20.8716,0.0,0.5795
587,2059,140.26,9.3,182.26,151.78,0.8394,0.8394,6.1367,2.9093,0.0,0.5592
587,2068,295.77,29.51,352.13,192.69,0.8525,0.8525,4.6619,20.8373,0.0,0.5882
588,2059,141.55,9.31,183.09,147.61,0.7754,0.7754,6.3943,2.5878,164.6177,0.2582
588,2068,294.26,29.62,350.36,193.27,0.8003,0.8003,4.6357,20.6661,0.0,0.5552
589,2059,141.61,8.94,183.52,146.59,0.8423,0.8423,6.4605,2.5278,0.0,0.5613
589,2068,293.95,29.49,349.74,192.96,0.8184,0.8184,4.6442,20.5981,0.0,0.567
590,2059,141.72,8.61,183.95,145.85,0.8359,0.8359,6.5093,2.476,0.0,0.557
590,2068,294.28,28.61,349.75,192.13,0.8384,0.8384,4.6727,20.5846,0.0,0.5777
591,2059,142.99,8.65,185.62,145.41,0.8315,0.8315,6.5376,2.2602,0.0,0.5541
591,2068,293.28,28.01,348.59,192.03,0.833,0.833,4.6716,20.4518,0.0,0.5743
592,2059,142.93,8.22,185.42,145.07,0.8203,0.8203,6.5606,2.275,0.0,0.5467
592,2068,293.69,27.42,348.07,190.54,0.8003,0.8003,4.7222,20.3855,0.0,0.5465
593,2059,143.57,7.99,186.11,145.52,0.7598,0.7598,6.5299,2.1854,0.0,0.5063
593,2068,294.09,25.53,347.59,187.57,0.8271,0.8271,4.8265,20.2665,160.5054,0.2778
594,2059,145.34,5.0,188.32,145.14,0.8145,0.8145,6.5542,1.8963,0.0,0.5429
594,2068,294.87,24.28,347.5,184.63,0.79,0.79,4.9355,20.202,160.9897,0.2539
595,2059,146.89,4.14,189.33,145.02,0.811,0.4055,6.5616,1.712,0.0,0.2703
595,2068,296.31,23.83,347.04,178.51,0.8145,0.8145,5.1766,20.0632,161.8186,0.255
596,2059,149.66,5.49,191.16,144.61,0.7871,0.7871,6.5884,1.3787,0.0,0.5247
596,2068,296.78,23.88,345.77,171.92,0.834,0.834,5.4571,19.8337,162.5266,0.2615
597,2059,153.92,4.77,194.92,144.47,0.7861,0.3931,6.5966,0.8035,0.0,0.262
597,2068,298.02,24.02,346.11,169.2,0.8159,0.8159,5.586,19.8686,162.8147,0.2558
598,2059,156.36,5.97,196.33,144.8,0.7686,0.7686,6.5737,0.5369,0.0,0.5124
598,2068,298.42,23.61,346.26,167.93,0.6885,0.6885,5.6476,19.8756,0.0,0.4453
599,2059,157.89,6.46,197.07,144.56,0.79,0.79,6.5899,0.3704,0.0,0.5267
599,2068,299.72,22.91,347.41,167.74,0.7861,0.7861,5.6627,20.0248,0.0,0.5082
600,2059,159.47,4.67,198.66,145.6,0.8193,0.4097,6.5195,0.2659,0.0,0.2731
600,2068,300.59,22.67,348.16,168.03,0.7847,0.7847,5.6527,20.132,0.0,0.5072
601,2059,160.91,4.37,199.24,145.07,0.7075,0.3538,6.5551,0.1539,0.0,0.2358
601,2068,300.14,22.51,347.68,167.94,0.791,0.791,5.6548,20.0721,0.0,0.5113
602,2059,163.99,3.62,202.38,145.43,0.811,0.4055,6.5311,0.501,0.0,0.2703
602,2068,299.04,22.27,346.9,167.87,0.7056,0.7056,5.6535,19.9532,0.0,0.4563
603,2059,166.34,4.46,204.31,145.2,0.458,0.229,6.547,0.7833,0.0,0.1527
603,2068,298.46,22.2,346.38,166.97,0.7153,0.7153,5.6943,19.8658,0.0,0.4627
604,2059,168.47,4.7,206.84,145.3,0.7178,0.3589,6.5409,1.1141,0.0,0.2392
604,2068,300.38,22.66,348.15,167.72,0.7988,0.7988,5.6671,20.1119,0.0,0.5163
605,2059,168.79,5.54,207.23,144.97,0.5078,0.5078,6.5633,1.1577,0.0,0.3385
605,2068,301.14,22.65,348.75,167.95,0.7949,0.7949,5.6594,20.2015,0.0,0.5136
606,2059,173.08,7.17,212.57,144.85,0.8125,0.8125,6.5737,1.8439,0.0,0.5415
606,2068,301.0,22.66,348.63,167.98,0.75,0.75,5.6573,20.1859,0.0,0.4846
607,2059,173.92,7.99,214.29,144.72,0.8506,0.8506,6.5833,2.0259,0.0,0.5669
607,2068,302.17,22.65,347.33,158.52,0.6177,0.6177,6.1477,20.02,164.4766,0.1935
608,2059,172.99,7.96,214.35,144.58,0.8359,0.8359,6.5925,1.9627,0.0,0.5571
608,2068,302.88,22.49,349.6,163.19,0.7422,0.7422,5.9036,20.2752,17.2392,0.4684
609,2059,171.68,8.53,213.89,144.71,0.8218,0.8218,6.5832,1.8369,0.0,0.5477
609,2068,302.71,22.99,350.06,166.14,0.8423,0.8423,5.7548,20.3453,16.6013,0.5323
610,2059,171.91,8.83,214.74,144.77,0.8286,0.8286,6.5794,1.9147,0.0,0.5522
610,2068,301.79,23.47,349.58,167.3,0.7305,0.7305,5.6944,20.2806,0.0,0.4719
611,2059,173.35,8.63,217.71,145.36,0.8535,0.8535,6.5409,2.236,0.0,0.5688
611,2068,302.33,23.37,350.33,168.14,0.79,0.79,5.6571,20.3779,0.0,0.5102
612,2059,173.79,8.1,219.39,145.2,0.8638,0.8638,6.5524,2.3856,0.0,0.5756
612,2068,302.69,22.69,350.82,168.18,0.7847,0.7847,5.6573,20.4316,0.0,0.5067
613,2059,173.71,8.18,220.36,145.43,0.8843,0.8843,6.5373,2.4517,0.0,0.5893
613,2068,303.24,22.62,350.19,164.04,0.7778,0.7778,5.8622,20.3488,163.7536,0.2431
614,2059,173.63,8.29,221.05,145.23,0.8252,0.8252,6.5509,2.4931,0.0,0.5499
614,2068,303.72,21.82,350.4,162.0,0.8496,0.8496,5.9702,20.3589,164.0712,0.2655
615,2059,174.13,8.24,222.17,145.16,0.8677,0.8677,6.5563,2.6081,0.0,0.5782
615,2068,303.71,21.18,350.27,160.43,0.8218,0.8218,6.0541,20.3271,0.0,0.5308
616,2059,174.79,8.1,223.16,144.85,0.6953,0.6953,6.578,2.7237,0.0,0.4633
616,2068,304.48,21.68,350.18,157.35,0.8013,0.8013,6.2279,20.3307,164.7307,0.2505
616,2081,47.36,80.97,57.04,121.08,0.3701,0.3701,9.1132,18.0145,0.0,0.2407
617,2059,176.31,7.93,224.78,144.04,0.6851,0.6851,6.6348,2.9457,0.0,0.4564
617,2068,304.92,21.42,349.96,154.34,0.7871,0.7871,6.4056,20.3141,165.1153,0.246
618,2059,176.68,7.63,225.32,143.97,0.8516,0.8516,6.64,3.0108,0.0,0.5673
618,2068,304.58,21.15,349.61,153.0,0.8306,0.8306,6.4856,20.2595,0.0,0.5366
619,2059,178.71,7.74,226.72,143.53,0.8604,0.8604,6.6722,3.2569,0.0,0.5731
619,2068,304.44,20.7,349.49,151.99,0.8252,0.8252,6.5479,20.2358,0.0,0.5332
620,2059,181.55,7.56,229.19,143.97,0.8647,0.8647,6.6445,3.6358,0.0,0.5759
620,2068,304.41,20.71,349.78,152.23,0.7778,0.7778,6.5336,20.2539,0.0,0.5025
621,2059,184.29,7.67,231.33,143.96,0.8262,0.8262,6.6481,3.9844,0.0,0.5501
621,2068,303.48,20.34,349.3,152.65,0.811,0.811,6.5034,20.168,0.0,0.5241
622,2059,193.98,7.76,228.59,105.27,0.541,0.541,10.9591,7.108,171.1611,0.1789
622,2068,301.78,20.58,347.86,152.29,0.7612,0.7612,6.517,19.9669,0.0,0.4922
623,2059,189.99,7.03,233.7,132.5,0.7002,0.7002,7.547,4.8472,12.7045,0.4603
623,2068,301.34,20.03,347.85,152.47,0.7441,0.7441,6.5045,19.9397,0.0,0.4812
624,2059,189.92,7.04,234.45,136.25,0.4873,0.4873,7.2313,4.7399,13.3079,0.3199
624,2068,299.55,19.57,346.51,151.54,0.541,0.541,6.5543,19.7347,0.0,0.3501
625,2059,189.86,7.19,235.28,140.45,0.4016,0.4016,6.9061,4.6911,13.9125,0.2634
625,2068,298.72,19.57,346.18,152.06,0.6162,0.6162,6.5183,19.6647,0.0,0.3988
626,2059,191.93,7.16,237.43,143.33,0.5459,0.5459,6.7015,4.9652,17.708,0.3546
626,2068,298.11,18.65,346.37,152.47,0.6353,0.6353,6.4915,19.641,0.0,0.4112
627,2059,197.27,7.1,241.32,143.17,0.7695,0.7695,6.7203,5.6222,0.0,0.5118
627,2068,294.36,18.59,343.32,152.55,0.687,0.687,6.4681,19.2085,0.0,0.4453
628,2059,201.19,7.22,243.44,140.43,0.667,0.667,6.9243,6.0712,160.4994,0.2211
628,2068,295.12,18.76,343.72,151.77,0.6802,0.6802,6.5199,19.2767,0.0,0.4408
629,2059,203.39,7.76,245.27,142.21,0.7886,0.7886,6.798,6.3408,21.2475,0.5063
629,2068,294.55,19.02,343.3,152.42,0.7925,0.7925,6.4766,19.2183,0.0,0.5136
630,2059,204.64,7.84,245.41,141.1,0.6226,0.6226,6.8801,6.4474,0.0,0.4138
630,2068,294.1,18.57,343.03,152.68,0.79,0.79,6.4586,19.1744,0.0,0.5121
631,2059,206.89,7.97,248.0,142.4,0.8413,0.8413,6.7908,6.7806,0.0,0.5589
631,2068,292.78,18.22,341.53,152.61,0.8218,0.8218,6.4554,18.9935,0.0,0.533
632,2059,209.37,8.08,251.11,142.96,0.8423,0.8423,6.7569,7.1735,0.0,0.5593
632,2068,292.13,17.75,340.41,151.94,0.8286,0.8286,6.4923,18.8748,0.0,0.5375
633,2059,208.46,8.26,250.12,143.24,0.8535,0.8535,6.735,7.0386,0.0,0.5669
633,2068,291.42,17.18,339.01,150.86,0.7612,0.7612,6.5549,18.7318,0.0,0.494
634,2059,210.42,8.28,252.67,142.95,0.8667,0.8667,6.7606,7.3578,0.0,0.5754
634,2068,291.43,16.91,338.25,149.91,0.8076,0.8076,6.614,18.6778,0.0,0.5242
634,2085,191.12,36.0,206.79,80.56,0.3381,0.3381,18.1506,9.416,0.0,0.2239
635,2059,210.91,8.13,253.94,143.28,0.877,0.877,6.7392,7.4812,0.0,0.5822
635,2068,290.61,16.7,336.61,148.64,0.8003,0.8003,6.6908,18.5129,0.0,0.5197
635,2085,191.42,35.77,207.19,80.57,0.3887,0.3887,18.1466,9.4287,0.0,0.2574
636,2059,208.91,9.22,251.68,143.89,0.7002,0.7002,6.6917,7.1798,0.0,0.465
636,2068,290.23,16.38,334.99,146.31,0.7568,0.7568,6.8433,18.376,164.4469,0.2394
636,2085,191.38,36.14,207.02,80.52,0.3877,0.3877,18.1702,9.4312,0.0,0.2567
637,2059,208.1,9.59,250.56,143.5,0.791,0.791,6.7168,7.0438,0.0,0.5253
637,2068,289.0,16.22,332.91,144.52,0.8169,0.8169,6.9604,18.1594,160.6667,0.2587
638,2059,211.92,5.54,256.53,142.12,0.5889,0.5889,6.8263,7.7388,140.8657,0.1945
638,2068,287.95,16.41,331.29,144.26,0.7822,0.7822,6.9718,17.9861,0.0,0.5087
638,2085,191.26,36.34,206.8,80.45,0.3235,0.3235,18.2034,9.4337,0.0,0.2142
639,2059,211.04,11.85,253.08,140.12,0.7725,0.7725,6.9684,7.4493,159.645,0.2553
639,2068,286.62,16.34,329.53,143.73,0.8013,0.8013,7.0018,17.7853,0.0,0.5214
640,2059,211.48,8.97,254.39,138.8,0.8296,0.8296,7.071,7.5883,164.2664,0.2741
640,2068,286.48,16.35,328.51,142.25,0.7007,0.7007,7.1076,17.7113,165.2257,0.2225
641,2059,214.04,8.42,256.88,138.28,0.7695,0.7695,7.1177,7.9496,0.0,0.5105
641,2068,285.91,16.22,327.11,140.84,0.7939,0.7939,7.2091,17.5866,163.331,0.2523
642,2059,215.43,7.87,258.06,137.34,0.8193,0.8193,7.1952,8.1438,0.0,0.5434
642,2068,286.06,16.3,326.41,140.49,0.7031,0.7031,7.2345,17.5519,0.0,0.4578
643,2059,217.85,9.97,259.5,136.72,0.7041,0.7041,7.2501,8.4235,0.0,0.4669
643,2068,284.92,16.19,325.17,142.26,0.7075,0.7075,7.0936,17.3917,15.2298,0.4526
644,2059,218.83,7.87,261.75,136.92,0.7544,0.7544,7.2385,8.6452,0.0,0.5001
644,2068,284.09,16.18,323.3,140.95,0.5728,0.5728,7.1853,17.2185,0.0,0.3733
644,2085,190.91,36.16,206.78,81.25,0.2759,0.2759,17.827,9.3192,5.5789,0.1823
645,2059,221.33,2.83,265.57,136.73,0.7529,0.3765,7.263,9.088,0.0,0.2494
645,2068,283.38,16.23,321.95,140.99,0.7041,0.7041,7.1768,17.0834,0.0,0.459
645,2085,190.53,36.24,206.37,81.25,0.3032,0.3032,17.8261,9.3035,0.0,0.2008
646,2059,228.78,5.8,265.92,119.74,0.6758,0.6758,8.9501,10.165,169.0701,0.2217
646,2068,283.04,16.09,320.85,140.93,0.7168,0.7168,7.1775,16.9892,0.0,0.4674
647,2059,228.35,5.05,268.4,130.1,0.4688,0.4688,7.8556,9.9128,12.3281,0.3066
647,2068,280.94,15.69,318.0,138.56,0.6279,0.6279,7.3498,16.675,160.5447,0.2005
647,2085,192.71,36.12,206.96,75.34,0.3904,0.3904,21.0281,10.1485,175.2631,0.1281
648,2059,233.21,6.77,268.7,118.57,0.6479,0.6479,9.1069,10.6908,169.2687,0.2122
648,2068,277.34,15.92,314.2,135.9,0.4932,0.4932,7.549,16.2076,157.5092,0.1579
648,2085,192.78,36.39,206.74,74.03,0.214,0.214,21.8949,10.3207,175.5493,0.0702
649,2068,274.68,16.03,311.55,134.8,0.4465,0.4465,7.6289,15.8677,0.0,0.292
650,2068,272.32,15.84,309.9,134.9,0.5381,0.5381,7.6098,15.6009,0.0,0.3521
650,2059,233.62,7.82,272.74,133.55,0.627,0.627,7.5611,10.4895,12.8981,0.4092
651,2068,268.75,15.66,308.35,139.27,0.4045,0.4045,7.2381,15.2236,14.6076,0.2606
651,2059,233.16,7.43,274.26,141.12,0.7847,0.7847,6.9552,10.4678,13.8232,0.5112
651,2085,191.65,35.87,208.05,79.75,0.3259,0.3259,18.5472,9.5605,5.2391,0.2153
652,2068,267.64,15.46,307.93,140.31,0.4524,0.4524,7.1537,15.116,0.0,0.2964
652,2059,233.59,7.68,274.89,143.29,0.7988,0.7988,6.7993,10.534,14.5926,0.5195
653,2068,268.16,16.07,308.72,141.41,0.6558,0.6558,7.0733,15.1993,0.0,0.4296
653,2059,233.72,7.85,275.04,144.53,0.7939,0.7939,6.7127,10.5532,0.0,0.5248
653,2085,192.64,36.24,207.74,75.29,0.3433,0.3433,21.0609,10.169,175.3756,0.1126
654,2068,266.1,15.29,307.97,143.78,0.4932,0.4932,6.8931,15.0072,15.3438,0.3173
654,2059,234.45,8.15,275.77,145.03,0.8135,0.8135,6.6805,10.6551,0.0,0.5377
654,2085,192.57,36.11,207.54,74.14,0.2153,0.2153,21.8202,10.3172,175.5069,0.0706
655,2068,263.81,15.83,305.61,144.21,0.5547,0.5547,6.8519,14.6955,0.0,0.3638
655,2059,235.1,8.49,276.51,145.24,0.8013,0.8013,6.6684,10.7519,0.0,0.5295
655,2085,191.15,36.36,207.73,79.03,0.3416,0.3416,18.9114,9.6399,5.1704,0.2257
656,2068,265.69,15.85,306.69,144.09,0.4971,0.4971,6.8671,14.894,0.0,0.3258
656,2059,235.97,8.27,277.73,145.62,0.7251,0.7251,6.6459,10.8975,0.0,0.479
657,2068,267.62,15.61,307.09,140.79,0.4697,0.4697,7.115,15.0565,166.104,0.1512
657,2059,236.41,9.36,278.19,145.26,0.8218,0.8218,6.6719,10.9588,0.0,0.5429
657,2085,190.85,36.75,207.96,81.11,0.4072,0.4072,17.8928,9.3607,5.4274,0.2691
658,2068,267.46,14.61,306.38,139.38,0.604,0.604,7.2216,15.0052,165.9043,0.1945
658,2059,236.95,9.27,279.19,145.42,0.54,0.54,6.6636,11.0656,0.0,0.3567
658,2085,191.18,36.68,208.55,81.43,0.3091,0.3091,17.7466,9.3372,9.6911,0.2032
659,2068,267.9,13.89,306.04,137.6,0.7378,0.7378,7.3635,15.0241,166.9906,0.2375
659,2059,237.5,10.6,281.37,150.61,0.8169,0.8169,6.3304,11.2903,15.7142,0.5292
659,2085,191.03,36.42,208.12,80.48,0.3149,0.3149,18.1902,9.4518,174.3935,0.1035
660,2068,264.29,13.25,301.91,136.57,0.543,0.543,7.4293,14.5151,0.0,0.3562
660,2059,236.58,10.28,281.06,152.17,0.3364,0.3364,6.2331,11.2258,0.0,0.2221
660,2085,191.17,36.23,208.5,80.71,0.2673,0.2673,18.0812,9.4319,8.2009,0.1761
661,2068,261.0,12.51,298.45,137.51,0.2568,0.2568,7.3368,14.0526,34.9658,0.1532
661,2059,240.24,7.78,286.92,153.08,0.4465,0.4465,6.1942,11.891,0.0,0.2945
662,2059,241.43,10.47,289.14,156.48,0.7886,0.7886,6.0039,12.1822,17.9879,0.507
663,2059,241.68,11.25,289.38,155.91,0.8052,0.8052,6.0367,12.2044,0.0,0.5307
664,2059,242.31,11.67,289.55,153.58,0.8564,0.8564,6.1726,12.2191,164.5094,0.279
665,2059,243.2,11.45,290.73,152.82,0.8467,0.8467,6.2212,12.3491,0.0,0.5579
665,2085,190.4,36.21,207.49,80.6,0.3372,0.3372,18.1315,9.4102,0.0,0.2233
666,2059,244.71,12.11,292.52,153.15,0.8931,0.8931,6.2073,12.5783,0.0,0.5883
666,2085,190.27,36.19,207.25,80.99,0.2903,0.2903,17.9473,9.3506,5.9682,0.1917
667,2059,246.34,12.15,295.01,155.56,0.7988,0.7988,6.0743,12.8954,21.0188,0.5081
668,2059,245.39,4.79,296.15,154.04,0.6714,0.3357,6.1625,12.8838,0.0,0.221
669,2059,248.66,9.01,294.16,138.96,0.2075,0.2075,7.1854,12.9145,166.6875,0.0674
670,2059,245.78,11.45,294.99,149.37,0.4036,0.4036,6.4465,12.7775,14.7838,0.2613
671,2059,239.45,12.38,291.47,151.34,0.7886,0.7886,6.3056,12.1248,32.0373,0.4798
672,2059,249.02,12.73,300.61,152.92,0.5991,0.5991,6.2437,13.4158,68.5292,0.2673
673,2059,255.56,13.32,305.96,154.05,0.4746,0.4746,6.1996,14.2313,65.6345,0.2186
674,2059,258.27,13.72,308.61,157.51,0.7104,0.7104,6.0124,14.6429,20.4718,0.451
674,2068,231.83,4.78,270.08,129.31,0.4456,0.2228,7.9393,10.2864,138.3412,0.0731
675,2059,261.17,13.86,311.85,160.26,0.7964,0.7964,5.8753,15.1021,24.8507,0.4972
675,2068,227.79,3.83,268.07,129.62,0.5972,0.2986,7.8992,9.8657,0.0,0.1976
676,2059,262.19,14.09,312.31,160.72,0.7583,0.7583,5.8539,15.2092,0.0,0.4967
676,2068,225.99,1.29,267.85,129.99,0.6279,0.314,7.861,9.7173,0.0,0.2078
677,2059,261.95,14.26,313.15,165.74,0.8125,0.8125,5.6014,15.3668,17.0086,0.5201
677,2068,224.38,0.95,266.98,129.96,0.2751,0.1376,7.8597,9.549,0.0,0.0911
678,2059,263.01,14.59,314.22,167.69,0.8086,0.8086,5.5123,15.5592,0.0,0.5292
678,2068,225.74,2.15,268.18,130.47,0.354,0.177,7.8163,9.7093,0.0,0.1172
679,2059,263.82,15.16,313.74,166.92,0.811,0.811,5.5494,15.5591,0.0,0.5308
680,2059,265.09,15.84,314.68,169.33,0.8101,0.8101,5.441,15.7718,19.4883,0.5144
680,2068,223.92,0.27,267.48,129.69,0.3201,0.16,7.8851,9.5596,0.0,0.106
681,2059,266.46,16.36,315.51,170.38,0.8369,0.8369,5.3974,15.9458,0.0,0.5472
681,2085,190.23,36.51,206.86,81.44,0.4358,0.4358,17.7393,9.2818,6.0457,0.2878
682,2059,266.38,16.82,314.95,170.08,0.7769,0.7769,5.4098,15.8953,0.0,0.508
682,2085,191.82,36.55,207.43,76.86,0.214,0.214,20.1024,9.9372,175.0445,0.0703
682,2068,220.37,5.44,261.62,129.37,0.5088,0.5088,7.9004,8.9284,0.0,0.3371
683,2059,266.91,17.17,315.83,173.7,0.8062,0.8062,5.2527,16.1029,18.5012,0.513
683,2068,218.11,5.53,259.07,129.54,0.3638,0.3638,7.877,8.5952,0.0,0.2412
684,2059,266.46,17.29,315.63,175.12,0.8003,0.8003,5.1912,16.111,0.0,0.5231
684,2068,214.15,4.9,253.92,129.6,0.3208,0.1604,7.8584,7.9731,0.0,0.1064
685,2059,268.01,18.05,316.59,174.23,0.7686,0.7686,5.2335,16.24,0.0,0.5022
685,2068,214.11,4.47,254.06,129.54,0.4243,0.2122,7.8642,7.982,0.0,0.1407
686,2059,269.29,18.06,318.6,176.6,0.8413,0.8413,5.1404,16.5331,0.0,0.5493
686,2068,213.63,9.11,250.62,129.53,0.3557,0.3557,7.8598,7.7161,0.0,0.2361
687,2059,270.87,18.32,320.4,177.64,0.8486,0.8486,5.1042,16.7849,0.0,0.5537
687,2068,213.19,16.4,247.49,129.25,0.4746,0.4746,7.8817,7.4849,0.0,0.3151
688,2059,272.03,18.32,321.83,178.63,0.8135,0.8135,5.0692,16.9848,0.0,0.5305
688,2068,209.84,8.77,245.87,130.13,0.2037,0.2037,7.7929,7.1133,31.1662,0.1255
689,2059,273.18,18.4,323.42,179.79,0.7319,0.7319,5.0283,17.2005,0.0,0.477
689,2068,206.05,4.14,243.16,129.6,0.2227,0.1114,7.8348,6.6957,0.0,0.074
690,2059,274.06,18.79,324.62,180.37,0.8789,0.8789,5.0095,17.3528,0.0,0.5726
690,2068,205.14,6.41,241.7,130.55,0.4292,0.4292,7.7439,6.4951,0.0,0.2852
691,2059,275.11,18.65,325.65,178.41,0.8818,0.8818,5.0913,17.4106,0.0,0.5744
691,2068,202.22,7.87,239.07,131.06,0.668,0.668,7.6914,6.0981,0.0,0.4441
692,2059,275.72,18.77,326.57,177.81,0.8931,0.8931,5.1185,17.4854,0.0,0.5816
692,2068,199.49,7.86,237.07,130.05,0.6333,0.6333,7.7795,5.8266,0.0,0.4211
693,2059,276.63,18.62,328.28,179.03,0.8638,0.8638,5.0746,17.6931,0.0,0.5622
693,2068,197.22,9.07,235.29,129.15,0.6807,0.6807,7.8601,5.6044,0.0,0.4527
694,2059,278.21,19.02,329.93,178.64,0.8755,0.8755,5.0966,17.8815,0.0,0.5696
694,2068,195.76,9.89,234.66,128.68,0.5508,0.5508,7.9029,5.4935,0.0,0.3664
695,2059,279.99,19.25,332.16,179.66,0.8701,0.8701,5.0639,18.1678,0.0,0.5656
695,2068,192.77,10.52,233.09,128.7,0.7861,0.7861,7.897,5.1965,0.0,0.523
696,2059,281.29,19.43,334.51,182.53,0.8467,0.8467,4.9596,18.4984,23.0565,0.5319
696,2068,191.24,11.21,232.88,128.81,0.7334,0.7334,7.885,5.0777,0.0,0.488
697,2059,283.23,19.3,335.43,178.61,0.8506,0.8506,5.1192,18.5375,161.0748,0.2688
697,2068,191.3,10.89,234.2,128.95,0.6011,0.6011,7.8728,5.1583,0.0,0.3999
698,2059,284.77,19.52,336.72,178.27,0.8496,0.8496,5.1389,18.7026,0.0,0.5514
698,2068,189.52,11.69,233.45,128.91,0.8296,0.8296,7.8746,4.9977,0.0,0.552
699,2059,286.5,19.41,337.73,176.73,0.8608,0.8608,5.208,18.8244,0.0,0.5585
699,2068,187.87,9.55,233.54,128.81,0.8384,0.8384,7.8828,4.904,0.0,0.5579
700,2059,287.42,19.64,338.94,178.38,0.8516,0.8516,5.1447,19.009,0.0,0.5523
700,2068,187.55,9.25,234.29,128.68,0.8271,0.8271,7.8956,4.9397,0.0,0.5504
700,2098,219.21,8.89,241.37,103.49,0.3738,0.3738,11.3419,9.1875,0.0,0.2476
701,2059,288.93,20.19,339.99,178.34,0.8525,0.8525,5.1518,19.1666,0.0,0.5526
701,2068,185.59,9.65,231.7,127.06,0.7847,0.7847,8.05,4.7647,159.5872,0.2607
701,2098,220.61,8.34,240.26,92.03,0.2959,0.2959,14.0181,10.2808,173.0842,0.097
702,2059,289.44,20.76,341.08,181.94,0.835,0.835,5.0125,19.3845,19.5113,0.5249
702,2068,183.72,9.47,228.22,123.88,0.603,0.603,8.3739,4.7038,164.9634,0.2003
702,2098,219.78,8.14,241.43,100.5,0.3877,0.3877,11.9408,9.4886,8.1133,0.2554
703,2059,288.53,21.89,341.78,189.28,0.8159,0.8159,4.7425,19.6469,19.7667,0.5401
703,2068,182.53,9.36,226.39,123.03,0.6689,0.6689,8.4638,4.6135,0.0,0.4452
703,2098,219.5,7.99,241.8,103.37,0.7461,0.7461,11.3661,9.2373,8.5159,0.4914
704,2059,288.28,22.59,341.88,191.49,0.8296,0.8296,4.6663,19.7292,0.0,0.5737
704,2068,179.59,10.02,221.21,121.75,0.4961,0.4961,8.6008,4.3237,145.7903,0.1649
704,2098,219.4,7.95,241.91,104.48,0.6875,0.6875,11.1578,9.1415,8.6685,0.4528
705,2059,288.62,23.21,342.12,192.57,0.7393,0.7393,4.6311,19.8098,0.0,0.5146
705,2068,179.31,9.55,219.71,122.67,0.6689,0.6689,8.4973,4.1411,15.4,0.4373
706,2059,289.15,23.81,342.48,193.48,0.8027,0.8027,4.6026,19.9022,0.0,0.5617
706,2068,178.18,9.29,216.94,121.44,0.7251,0.7251,8.6329,4.0956,159.4513,0.2411
707,2059,290.51,24.39,343.24,193.13,0.8135,0.8135,4.6184,20.0135,0.0,0.5673
707,2068,177.07,8.81,214.86,121.84,0.6479,0.6479,8.5862,3.9133,0.0,0.4314
707,2098,218.65,8.91,241.18,105.54,0.3904,0.3904,10.9631,8.9688,10.5068,0.2565
708,2059,290.9,24.96,343.21,193.22,0.8516,0.8516,4.6162,20.0388,0.0,0.5941
708,2068,174.44,9.01,211.58,121.73,0.6152,0.6152,8.5962,3.6961,0.0,0.4097
708,2098,218.08,8.43,241.13,107.37,0.3408,0.3408,10.645,8.7797,9.1572,0.2244
709,2059,291.3,25.16,343.25,193.03,0.8037,0.8037,4.6233,20.057,0.0,0.5599
709,2068,172.09,8.71,209.04,122.92,0.5039,0.5039,8.4624,3.3798,24.4288,0.3206
709,2098,217.43,8.32,241.2,110.93,0.2903,0.2903,10.0753,8.4589,9.5891,0.1911
710,2059,290.81,25.87,342.73,194.12,0.4746,0.4746,4.5854,20.0438,0.0,0.3331
710,2068,168.92,9.16,206.24,124.31,0.5962,0.5962,8.3114,3.025,25.6766,0.3776
711,2059,289.48,26.03,342.52,197.74,0.7129,0.7129,4.4666,20.1158,20.9586,0.4958
711,2068,163.26,5.53,202.37,125.26,0.3328,0.3328,8.2108,2.7174,46.4587,0.1872
712,2059,288.65,25.89,342.36,199.72,0.7598,0.7598,4.4037,20.1513,0.0,0.5514
712,2068,163.39,9.52,200.78,124.61,0.6084,0.6084,8.2784,2.7964,0.0,0.4054
712,2098,216.3,10.5,241.1,117.65,0.5928,0.5928,9.1451,7.8957,10.5494,0.39
713,2059,289.32,25.64,342.02,195.92,0.7251,0.7251,4.5228,19.9933,159.3818,0.2733
713,2068,160.03,5.96,198.41,124.12,0.3496,0.3496,8.33,2.8527,0.0,0.2329
713,2098,216.27,10.14,240.97,117.05,0.6704,0.6704,9.221,7.9264,0.0,0.4448
714,2059,291.48,25.52,339.95,179.11,0.686,0.686,5.126,19.3466,161.595,0.2158
714,2068,160.53,17.96,195.73,123.85,0.2673,0.2673,8.3589,2.9016,0.0,0.1781
714,2098,216.52,9.77,241.41,116.21,0.3513,0.3513,9.3307,8.0266,168.9903,0.116
715,2059,292.01,25.26,339.4,172.99,0.3049,0.3049,5.3839,19.1655,162.4158,0.096
715,2068,156.18,7.94,193.97,121.91,0.4111,0.4111,8.5719,3.2444,159.7557,0.1368
715,2098,216.74,11.0,240.73,112.71,0.562,0.562,9.8105,8.2536,170.1248,0.1854
716,2059,288.63,25.26,342.76,194.77,0.7832,0.7832,4.56,19.9446,20.5139,0.5359
716,2068,153.66,8.47,193.29,123.86,0.5728,0.5728,8.3589,3.0353,14.79,0.3753
716,2098,216.31,11.07,240.79,114.83,0.6279,0.6279,9.5135,8.0741,10.1472,0.4133
717,2059,289.04,25.27,343.06,194.35,0.7686,0.7686,4.575,19.9683,0.0,0.5406
717,2068,153.05,9.66,192.86,124.41,0.4697,0.4697,8.3006,2.9848,0.0,0.3129
717,2098,215.95,10.85,241.03,117.21,0.7734,0.7734,9.2002,7.8995,10.4691,0.5089
718,2059,287.69,24.79,343.58,200.07,0.5581,0.5581,4.3935,20.1834,21.1558,0.3932
718,2068,149.33,10.18,190.42,125.42,0.6841,0.6841,8.1968,3.0337,34.1043,0.4165
718,2098,216.01,10.66,240.93,116.26,0.6548,0.6548,9.3227,7.9626,169.6523,0.2162
719,2059,288.19,24.98,342.75,195.1,0.4495,0.4495,4.5484,19.9326,159.3771,0.1679
719,2068,152.24,11.02,194.23,126.91,0.6177,0.6177,8.0445,2.6358,27.3535,0.3886
719,2098,215.65,10.24,241.1,118.22,0.6567,0.6567,9.0729,7.8174,10.6142,0.432
720,2059,287.95,24.86,342.55,194.54,0.7861,0.7861,4.5657,19.8815,0.0,0.554
720,2098,215.62,10.35,241.24,119.27,0.7339,0.7339,8.9446,7.7559,10.7971,0.4827
721,2059,286.78,24.72,343.46,201.54,0.8203,0.8203,4.3474,20.1953,21.402,0.5826
721,2098,215.62,11.4,241.3,120.42,0.7705,0.7705,8.8078,7.6874,10.9413,0.5067
721,2068,148.81,10.05,192.41,126.35,0.6982,0.6982,8.1017,2.8666,0.0,0.4652
722,2059,285.89,25.03,343.52,205.95,0.8594,0.8594,4.2183,20.3728,21.95,0.6238
722,2098,215.44,11.23,241.32,121.12,0.7402,0.7402,8.7263,7.6345,0.0,0.4913
722,2068,145.8,9.83,190.49,126.8,0.5581,0.5581,8.058,2.9951,0.0,0.3718
723,2059,285.65,24.97,342.79,205.33,0.834,0.834,4.234,20.2846,0.0,0.6239
723,2098,215.3,11.94,241.4,123.2,0.6807,0.6807,8.4927,7.51,11.3208,0.4474
723,2068,139.21,9.57,182.88,126.36,0.3496,0.3496,8.1078,3.7106,108.9014,0.1163
724,2059,285.1,24.85,342.97,209.34,0.4756,0.4756,4.1224,20.4794,22.4279,0.3507
724,2068,136.94,8.82,178.44,124.1,0.2386,0.2386,8.3456,4.2822,160.3001,0.0793
725,2059,286.18,24.8,343.12,209.53,0.7217,0.7217,4.1194,20.5594,0.0,0.5505
725,2068,139.84,8.63,181.03,123.52,0.4854,0.4854,8.4047,4.0578,0.0,0.3232
725,2098,216.82,15.16,242.04,121.84,0.5293,0.5293,8.6469,7.7265,166.2308,0.1748
726,2059,285.23,25.05,341.6,210.0,0.7822,0.7822,4.1024,20.4459,0.0,0.5987
726,2068,139.24,8.47,179.87,123.87,0.5947,0.5947,8.368,4.1103,0.0,0.396
726,2098,216.35,16.02,242.06,124.12,0.6724,0.6724,8.3955,7.5713,11.472,0.4418
727,2059,284.05,24.97,340.73,213.52,0.8013,0.8013,4.0065,20.5322,0.0,0.6234
727,2068,136.65,8.5,176.22,124.61,0.5962,0.5962,8.2932,4.3708,0.0,0.3969
727,2098,216.79,16.31,242.77,125.55,0.6958,0.6958,8.2466,7.5741,12.6714,0.4562
728,2059,283.9,24.93,340.48,216.46,0.7568,0.7568,3.9315,20.6849,0.0,0.5961
728,2068,134.88,8.85,173.34,124.9,0.7026,0.7026,8.2659,4.607,0.0,0.4676
728,2098,217.67,16.3,243.81,124.49,0.647,0.647,8.3602,7.7535,165.0714,0.2137
729,2059,282.7,25.01,340.08,223.94,0.6919,0.6919,3.7508,21.0671,24.3848,0.5405
729,2068,131.92,9.35,168.74,124.04,0.5869,0.5869,8.3624,5.118,139.3809,0.1949
729,2098,217.62,16.12,244.58,127.09,0.5928,0.5928,8.0937,7.6779,12.0279,0.3891
730,2059,282.37,24.86,339.08,225.29,0.2959,0.2959,3.7181,21.0847,0.0,0.2412
730,2068,127.41,8.75,163.64,122.78,0.4551,0.4551,8.5074,5.7896,143.607,0.1509
730,2098,218.67,16.22,246.18,128.5,0.7188,0.7188,7.9589,7.7967,16.7414,0.4668
731,2059,282.21,25.07,338.0,226.18,0.8184,0.8184,3.6962,21.0781,0.0,0.6696
731,2068,125.37,9.08,161.4,123.11,0.626,0.626,8.4754,6.0271,0.0,0.4162
731,2098,219.07,16.45,246.96,130.26,0.5928,0.5928,7.7939,7.8105,13.0909,0.3882
732,2059,281.52,25.33,336.41,226.25,0.7515,0.7515,3.691,20.9624,0.0,0.6156
732,2068,123.25,9.07,159.77,124.91,0.7227,0.7227,8.2866,6.1419,16.8394,0.4701
732,2098,219.85,16.26,247.71,129.24,0.752,0.752,7.8917,7.9516,0.0,0.4989
733,2059,279.63,25.98,334.04,226.38,0.7363,0.7363,3.6815,20.7468,0.0,0.6044
733,2068,118.95,9.44,156.25,124.58,0.7559,0.7559,8.3298,6.6623,0.0,0.5022
733,2098,220.21,16.35,248.65,131.6,0.7607,0.7607,7.6752,7.9595,13.0557,0.4981
734,2059,279.75,26.69,333.16,224.98,0.4131,0.4131,3.7115,20.6114,0.0,0.3376
734,2068,117.77,9.58,155.66,124.08,0.7148,0.7148,8.385,6.8056,0.0,0.4749
734,2098,219.49,16.28,247.26,130.53,0.6206,0.6206,7.7699,7.8502,0.0,0.4118
735,2059,279.3,27.24,332.25,224.83,0.6235,0.6235,3.7128,20.5292,0.0,0.5095
735,2068,116.68,10.14,155.63,125.8,0.502,0.502,8.2061,6.7807,12.3955,0.3296
735,2098,220.74,16.1,248.5,130.41,0.686,0.686,7.7844,8.0243,0.0,0.4551
736,2059,278.65,25.95,332.07,226.3,0.2878,0.2878,3.6787,20.5861,0.0,0.2364
736,2068,117.05,10.72,156.38,126.02,0.6885,0.6885,8.1823,6.6956,0.0,0.4574
736,2098,220.95,16.13,248.84,131.59,0.6978,0.6978,7.6774,8.0236,12.9103,0.457
737,2059,279.45,27.21,332.09,225.71,0.4148,0.4148,3.6931,20.5887,0.0,0.34
737,2068,113.55,10.75,154.34,126.38,0.7861,0.7861,8.1523,7.0407,0.0,0.5221
737,2098,220.94,16.04,248.84,132.11,0.7334,0.7334,7.6308,8.0071,0.0,0.4865
738,2059,279.54,27.32,331.9,225.8,0.6724,0.6724,3.6909,20.5896,0.0,0.5513
738,2068,111.19,10.62,153.72,127.44,0.8506,0.8506,8.0499,7.187,20.6597,0.5466
738,2098,220.91,15.86,248.66,132.1,0.3225,0.3225,7.6314,7.993,0.0,0.214
739,2059,280.06,27.45,332.12,226.16,0.6655,0.6655,3.6841,20.6533,0.0,0.5462
739,2068,110.24,10.61,153.96,127.46,0.8486,0.8486,8.0488,7.2335,0.0,0.5635
739,2098,221.34,16.57,248.87,132.35,0.5767,0.5767,7.61,8.0297,0.0,0.3826
740,2059,281.42,27.58,333.48,226.45,0.7256,0.7256,3.6818,20.8163,0.0,0.5955
740,2068,108.36,10.32,153.12,127.93,0.4302,0.4302,8.006,7.3944,0.0,0.2856
740,2098,219.32,16.25,247.77,135.99,0.4302,0.4302,7.2959,7.7224,14.0228,0.2812
741,2059,280.72,28.0,332.82,227.08,0.4331,0.4331,3.6658,20.7879,0.0,0.3564
741,2068,107.58,10.03,153.0,128.05,0.5098,0.5098,7.9955,7.4496,0.0,0.3384
741,2098,219.78,16.9,248.69,138.76,0.7148,0.7148,7.0773,7.7712,14.0187,0.4672
742,2059,280.59,28.89,331.89,226.55,0.5688,0.5688,3.6759,20.6959,0.0,0.4674
742,2068,101.08,9.91,145.21,128.27,0.5869,0.5869,7.9936,8.4047,89.7856,0.1943
742,2098,219.82,16.78,249.18,140.62,0.7739,0.7739,6.9369,7.7877,13.9747,0.5059
743,2059,277.22,29.41,328.83,225.56,0.6953,0.6953,3.688,20.2892,0.0,0.5708
743,2068,99.09,9.73,142.09,128.62,0.6074,0.6074,7.9673,8.7383,0.0,0.4026
743,2098,219.77,18.17,249.05,141.75,0.7515,0.7515,6.8535,7.7669,0.0,0.4987
744,2059,275.29,29.68,328.36,228.25,0.7808,0.7808,3.6253,20.3541,0.0,0.6474
744,2068,99.1,9.85,140.85,128.14,0.5601,0.5601,8.0158,8.8387,0.0,0.3712
744,2098,217.74,19.48,247.68,144.17,0.7153,0.7153,6.6777,7.5207,16.8733,0.4646
745,2059,279.02,30.24,331.17,226.73,0.644,0.644,3.6684,20.5881,0.0,0.53
745,2068,100.72,10.12,142.29,128.6,0.6802,0.6802,7.9665,8.6149,0.0,0.4509
745,2098,216.64,19.97,247.12,145.23,0.7769,0.7769,6.6031,7.4056,0.0,0.5158
746,2059,269.6,30.44,330.47,259.11,0.332,0.332,3.0477,22.6139,29.2126,0.2852
746,2068,98.58,10.13,139.79,128.53,0.7549,0.7549,7.9803,8.9321,0.0,0.5002
746,2098,215.97,20.57,246.79,145.87,0.6909,0.6909,6.5588,7.3378,0.0,0.4587
747,2059,268.28,30.78,325.35,239.3,0.3259,0.3259,3.3857,20.6862,152.6728,0.1718
747,2068,96.64,10.23,137.69,128.78,0.7612,0.7612,7.9626,9.1981,0.0,0.5042
747,2098,216.02,19.78,247.11,145.79,0.8013,0.8013,6.5646,7.3635,0.0,0.532
748,2059,265.52,31.46,321.78,230.69,0.3774,0.3774,3.5499,19.6979,152.2293,0.1914
748,2068,93.76,10.17,134.81,129.56,0.7002,0.7002,7.8975,9.5656,0.0,0.4636
748,2098,215.44,20.22,245.81,143.87,0.6909,0.6909,6.6938,7.2264,163.9876,0.2285
749,2068,89.92,10.59,131.69,132.21,0.7861,0.7861,7.6654,9.9711,20.9601,0.5028
749,2098,215.93,19.44,247.04,144.95,0.7822,0.7822,6.6212,7.3491,0.0,0.5193
750,2068,87.64,10.98,129.9,134.86,0.7153,0.7153,7.4422,10.1967,16.5079,0.4633
750,2098,215.53,19.67,246.98,144.78,0.7568,0.7568,6.6323,7.3162,0.0,0.5025
750,2059,263.99,31.68,321.47,227.38,0.541,0.541,3.618,19.3507,0.0,0.4502
751,2068,86.17,11.17,128.49,135.57,0.8052,0.8052,7.3876,10.3833,0.0,0.5324
751,2098,213.12,18.85,244.4,144.87,0.7456,0.7456,6.6207,6.9639,0.0,0.4952
751,2059,261.51,32.19,319.9,225.58,0.5312,0.5312,3.6519,19.0052,0.0,0.44
752,2068,84.02,11.51,126.65,136.47,0.7559,0.7559,7.3204,10.645,0.0,0.4996
752,2098,213.79,18.97,245.37,145.25,0.6875,0.6875,6.5966,7.081,0.0,0.4566
752,2059,261.67,32.26,322.79,227.02,0.4785,0.4785,3.6245,19.2719,0.0,0.3978
753,2068,81.69,12.17,124.1,135.99,0.6602,0.6602,7.3685,10.9878,0.0,0.4361
753,2098,211.14,19.02,242.56,144.81,0.5225,0.5225,6.6209,6.6936,0.0,0.3471
753,2059,257.32,32.37,319.47,226.53,0.7285,0.7285,3.6247,18.841,0.0,0.6062
754,2068,81.03,12.83,123.26,134.81,0.6533,0.6533,7.4699,11.1088,165.3822,0.2137
754,2098,210.82,19.21,241.95,144.81,0.4456,0.4456,6.6199,6.6278,0.0,0.2961
754,2059,252.37,32.76,316.0,226.34,0.3184,0.3184,3.6177,18.3972,0.0,0.2655
755,2068,80.9,13.36,123.9,136.39,0.668,0.668,7.3374,11.0503,13.1193,0.4354
755,2098,208.2,19.65,240.54,149.8,0.6245,0.6245,6.2908,6.3948,16.0662,0.4069
755,2059,245.96,32.8,311.89,226.37,0.4727,0.4727,3.6037,17.8702,0.0,0.3955
756,2068,80.88,13.87,124.24,136.91,0.5225,0.5225,7.2944,11.0215,0.0,0.3451
756,2098,207.29,19.54,240.33,152.57,0.3259,0.3259,6.122,6.3796,15.7355,0.2125
757,2068,80.85,14.12,124.79,137.88,0.6235,0.6235,7.2157,10.9743,0.0,0.4119
757,2098,208.04,20.68,239.93,148.12,0.5908,0.5908,6.3962,6.314,165.1149,0.1957
757,2059,238.25,33.54,308.33,230.38,0.564,0.564,3.5049,17.6635,36.5011,0.4427
758,2068,80.57,14.39,125.1,139.15,0.5928,0.5928,7.1161,10.9598,0.0,0.3916
758,2098,207.37,21.9,239.7,150.71,0.7153,0.7153,6.2332,6.2958,15.4054,0.4669
758,2059,231.98,33.93,305.56,234.7,0.6021,0.6021,3.407,17.6338,33.644,0.4862
759,2068,76.23,13.88,119.74,139.06,0.541,0.541,7.1407,11.6286,0.0,0.357
759,2098,206.73,22.41,240.03,155.07,0.542,0.542,5.9768,6.398,15.8779,0.3533
759,2059,226.8,34.71,303.69,238.09,0.8433,0.8433,3.3336,17.6405,0.0,0.7363
760,2068,74.3,13.42,116.86,139.55,0.4026,0.4026,7.1118,11.955,0.0,0.2655
760,2098,204.8,22.86,238.58,155.77,0.4253,0.4253,5.9346,6.1924,0.0,0.2827
760,2059,222.46,35.74,301.84,238.97,0.8682,0.8682,3.3107,17.4588,0.0,0.761
761,2068,76.52,13.38,119.13,139.95,0.7002,0.7002,7.0728,11.6439,0.0,0.462
761,2098,202.96,23.69,237.68,158.95,0.6436,0.6436,5.7599,6.1474,17.6217,0.4178
761,2059,223.48,36.4,302.35,236.67,0.7671,0.7671,3.3563,17.2991,0.0,0.668
762,2068,73.62,13.5,114.89,139.57,0.3979,0.3979,7.1154,12.1364,0.0,0.2623
762,2098,200.38,23.22,235.59,161.03,0.4668,0.4668,5.6485,5.9523,23.6806,0.2973
762,2059,219.34,36.82,300.21,239.09,0.6177,0.6177,3.3038,17.2694,0.0,0.5422
763,2068,72.31,13.82,112.55,139.4,0.3794,0.3794,7.1356,12.3874,0.0,0.25
763,2098,199.03,23.71,234.1,161.69,0.541,0.541,5.6131,5.8091,0.0,0.3597
763,2059,225.16,37.52,304.02,236.09,0.3074,0.3074,3.3709,17.39,0.0,0.267
764,2068,70.3,13.93,109.78,139.79,0.668,0.668,7.1151,12.7111,0.0,0.4399
764,2098,196.02,23.98,230.56,157.01,0.6113,0.6113,5.8538,5.1155,160.2101,0.203
764,2059,223.52,37.59,301.91,235.17,0.7305,0.7305,3.3852,17.1357,0.0,0.6335
765,2068,68.95,14.09,107.49,139.36,0.604,0.604,7.1558,12.962,0.0,0.3975
765,2098,195.89,24.2,230.52,159.63,0.4158,0.4158,5.7141,5.2518,16.5691,0.2709
765,2059,216.02,37.69,296.37,237.24,0.564,0.564,3.3324,16.7829,0.0,0.4934
766,2068,67.73,14.21,105.59,139.46,0.6196,0.6196,7.1545,13.1735,0.0,0.4076
766,2098,194.91,24.12,229.27,160.39,0.2167,0.2167,5.6734,5.157,0.0,0.1442
766,2059,213.73,36.88,295.38,238.73,0.5757,0.5757,3.301,16.8008,0.0,0.506
766,2122,205.04,24.21,224.54,48.44,0.3721,0.3721,105.6689,14.29,0.0,0.2442
767,2068,66.39,13.51,104.02,139.86,0.7124,0.7124,7.1298,13.3685,0.0,0.4685
767,2059,205.09,12.71,297.01,241.41,0.5146,0.5146,3.2449,16.8033,0.0,0.4562
768,2068,65.44,14.0,102.6,139.82,0.7544,0.7544,7.1379,13.5295,0.0,0.496
768,2059,209.65,4.98,301.51,238.24,0.2744,0.1372,3.3121,16.8342,0.0,0.1204
768,2098,191.59,24.06,226.35,161.65,0.4207,0.4207,5.6056,4.8565,0.0,0.28
769,2068,64.13,14.0,101.09,139.97,0.6113,0.6113,7.1325,13.7196,0.0,0.4017
769,2059,213.14,21.77,297.34,239.14,0.3225,0.3225,3.2945,16.8989,0.0,0.2837
769,2098,191.37,24.21,226.19,161.59,0.5859,0.5859,5.6085,4.8289,0.0,0.3899
770,2068,62.95,14.28,99.84,140.12,0.6377,0.6377,7.1263,13.883,0.0,0.4189
770,2098,191.74,24.16,225.35,155.61,0.5571,0.5571,5.9252,4.4135,163.9659,0.1851
771,2068,60.14,14.38,97.75,141.27,0.771,0.771,7.0499,14.2086,0.0,0.5061
771,2098,190.81,24.31,225.08,158.23,0.6689,0.6689,5.7816,4.491,16.7213,0.4358
771,2059,217.02,37.05,290.17,226.63,0.4177,0.4177,3.543,15.4904,153.9939,0.2153
772,2068,58.04,14.6,96.48,143.18,0.7612,0.7612,6.9169,14.4311,18.909,0.4858
772,2098,191.39,24.26,224.66,153.15,0.5234,0.5234,6.0648,4.223,164.3415,0.174
772,2059,209.76,36.08,285.14,231.66,0.2281,0.2281,3.4271,15.4843,36.0728,0.1826
773,2068,59.32,15.05,97.54,142.6,0.8013,0.8013,6.9538,14.2744,0.0,0.526
773,2098,188.7,24.41,222.6,153.28,0.5117,0.5117,6.0546,3.9083,0.0,0.3407
773,2059,208.52,49.89,280.3,235.59,0.7271,0.7271,3.3441,15.6659,0.0,0.6363
774,2068,58.02,15.1,97.07,144.03,0.6851,0.6851,6.8547,14.3923,16.765,0.4399
774,2098,185.82,25.0,222.48,163.36,0.4639,0.4639,5.516,4.4329,17.2702,0.3018
774,2059,204.72,43.94,276.27,231.37,0.355,0.355,3.4219,14.9046,0.0,0.3074
775,2068,54.89,15.94,95.0,145.11,0.5127,0.5127,6.7902,14.7426,0.0,0.3362
775,2098,184.09,26.14,222.05,169.31,0.4282,0.4282,5.2378,4.9025,18.2112,0.2778
775,2059,199.2,36.11,273.84,237.42,0.4187,0.4187,3.2972,15.2949,31.0087,0.3493
775,2128,193.15,25.44,215.39,48.35,0.4417,0.4417,106.887,13.883,0.0,0.2902
776,2068,54.65,16.45,95.77,147.16,0.7378,0.7378,6.649,14.7126,14.3661,0.4761
776,2098,186.63,26.37,220.21,149.86,0.4082,0.4082,6.2574,3.4603,164.8007,0.1358
776,2059,195.72,33.6,269.73,239.45,0.5498,0.5498,3.254,15.2759,0.0,0.4881
777,2068,53.56,16.72,95.88,151.15,0.6123,0.6123,6.3936,14.8045,15.1336,0.3943
777,2098,185.05,27.25,221.13,157.97,0.603,0.603,5.7906,3.8669,16.3661,0.3934
778,2068,52.06,17.37,94.53,152.73,0.7363,0.7363,6.3027,15.0108,0.0,0.4825
778,2098,180.71,27.43,223.18,183.39,0.5439,0.5439,4.6736,6.4434,19.9971,0.3742
778,2059,192.09,32.68,265.77,244.5,0.5918,0.5918,3.1577,15.6403,33.3024,0.5002
779,2068,51.26,17.7,94.26,153.66,0.6582,0.6582,6.2492,15.0927,0.0,0.4312
779,2098,181.69,27.5,221.17,171.24,0.6885,0.6885,5.1521,4.9613,161.7117,0.2286
779,2059,184.25,32.38,260.89,259.57,0.542,0.542,2.903,17.1436,32.1991,0.4771
780,2068,49.41,17.17,92.69,153.52,0.7583,0.7583,6.2648,15.3187,0.0,0.4966
780,2098,180.05,27.3,218.8,165.5,0.6665,0.6665,5.4094,4.1509,161.5081,0.2216
780,2059,182.59,31.11,256.38,254.94,0.561,0.561,2.9725,16.4328,0.0,0.518
781,2068,49.03,16.96,92.95,153.42,0.8315,0.8315,6.271,15.3255,0.0,0.5445
781,2098,179.87,27.21,219.06,166.5,0.3477,0.3477,5.3626,4.2616,0.0,0.2315
781,2059,175.61,31.06,248.68,254.07,0.4932,0.4932,2.9805,16.0241,0.0,0.4552
782,2068,48.17,17.33,92.75,153.63,0.7285,0.7285,6.2607,15.3984,0.0,0.4769
782,2098,178.64,27.45,218.33,169.07,0.4883,0.4883,5.2451,4.4609,19.0501,0.3161
782,2059,175.01,30.49,245.4,247.52,0.6489,0.6489,3.0877,15.1145,149.8927,0.3743
783,2068,46.17,17.09,91.46,153.39,0.7725,0.7725,6.2822,15.6141,0.0,0.5055
783,2098,177.46,27.81,215.7,165.68,0.6494,0.6494,5.399,3.9106,160.0198,0.216
783,2059,174.18,31.3,242.25,241.88,0.5049,0.5049,3.1854,14.3129,0.0,0.4535
784,2068,44.35,17.09,90.64,153.65,0.8027,0.8027,6.2724,15.7919,0.0,0.525
784,2059,168.06,28.98,238.32,243.7,0.6362,0.6362,3.1498,14.3797,0.0,0.5744
785,2068,40.98,17.15,87.75,154.0,0.8394,0.8394,6.2655,16.2094,0.0,0.5485
785,2059,160.29,28.69,233.69,246.21,0.8218,0.8218,3.1028,14.548,0.0,0.747
786,2068,38.3,17.1,85.52,154.1,0.8145,0.8145,6.2707,16.5337,0.0,0.5318
786,2059,162.23,29.51,235.77,244.58,0.4072,0.4072,3.1321,14.3793,0.0,0.3686
787,2068,35.97,17.27,83.45,154.12,0.834,0.834,6.2797,16.8225,0.0,0.5441
787,2059,154.48,29.47,231.05,245.8,0.835,0.835,3.1084,14.4114,0.0,0.7585
788,2068,33.75,17.79,81.22,153.74,0.8525,0.8525,6.3129,17.1096,0.0,0.5558
789,2068,32.39,18.07,79.87,153.48,0.8721,0.8721,6.335,17.2839,0.0,0.5683
789,2059,150.42,30.37,229.12,245.32,0.7334,0.7334,3.116,14.3027,0.0,0.6656
790,2068,31.35,18.45,78.88,153.46,0.8604,0.8604,6.3411,17.416,0.0,0.5605
790,2059,148.91,30.42,229.77,244.59,0.2815,0.2815,3.1287,14.1993,0.0,0.255
791,2068,30.04,19.43,77.84,155.3,0.8086,0.8086,6.2374,17.5886,18.6023,0.5124
792,2068,29.29,19.6,77.89,157.65,0.8027,0.8027,6.1044,17.6642,15.9245,0.5122
793,2068,28.47,19.75,77.2,158.71,0.7192,0.7192,6.0489,17.7772,0.0,0.468
793,2059,145.37,32.31,229.35,248.7,0.7393,0.7393,3.0575,14.7288,0.0,0.6762
794,2068,28.34,19.8,77.62,160.19,0.4197,0.4197,5.9676,17.7817,0.0,0.2731
795,2068,29.16,20.08,78.63,160.64,0.4233,0.4233,5.9392,17.6711,0.0,0.2755
795,2133,29.09,19.84,78.05,99.37,0.4045,0.4045,12.6811,18.5627,0.0,0.2627
796,2068,28.68,20.18,78.03,160.41,0.4902,0.4902,5.954,17.737,0.0,0.319
796,2133,28.7,20.15,77.47,99.41,0.4688,0.4688,12.6765,18.6199,0.0,0.3044
797,2068,29.04,20.58,78.67,161.49,0.6899,0.6899,5.8944,17.6911,0.0,0.4491
797,2133,26.93,20.64,80.18,107.46,0.3167,0.3167,11.0725,18.2452,8.7304,0.2046
797,2059,137.55,29.72,219.67,242.79,0.3081,0.3081,3.1595,13.8991,135.6092,0.1753
798,2068,28.47,21.02,78.06,162.07,0.5107,0.5107,5.8667,17.7777,0.0,0.3323
798,2135,196.49,38.05,245.24,198.56,0.5342,0.5342,4.1976,9.6889,0.0,0.4107
798,2059,133.48,27.92,216.38,247.39,0.2673,0.2673,3.0794,14.5348,0.0,0.2438
799,2068,28.34,21.53,78.57,164.85,0.5806,0.5806,5.7242,17.8082,16.542,0.3698
799,2059,133.79,29.64,208.65,234.95,0.2024,0.2024,3.3063,12.8905,151.7813,0.1115
800,2068,28.24,22.17,78.67,166.34,0.563,0.563,5.6509,17.8408,0.0,0.3663
800,2059,130.66,28.8,205.91,240.2,0.3611,0.3611,3.2081,13.6433,31.5817,0.3058
800,2135,194.61,35.81,244.43,197.93,0.2917,0.2917,4.2147,9.5066,0.0,0.2237
801,2068,27.04,22.71,77.03,166.78,0.5107,0.5107,5.6359,18.0324,0.0,0.3321
801,2059,128.97,28.88,203.22,244.49,0.668,0.668,3.1317,14.2565,0.0,0.6049
801,2135,203.14,37.04,252.25,197.08,0.4854,0.4854,4.2508,10.1336,0.0,0.3696
802,2068,26.61,23.8,76.14,167.65,0.5352,0.5352,5.597,18.1367,0.0,0.3479
802,2135,201.43,35.51,243.79,170.78,0.212,0.212,5.1961,7.1843,161.4727,0.0701
803,2068,26.79,24.2,73.52,159.98,0.459,0.459,5.9922,18.1423,164.1244,0.1454
803,2059,120.94,29.15,193.13,244.66,0.395,0.395,3.1327,14.4988,0.0,0.3575
804,2068,27.74,24.73,71.22,149.77,0.5449,0.5449,6.6003,18.1194,165.5546,0.1726
805,2068,24.46,25.37,74.09,169.63,0.5352,0.5352,5.5134,18.4514,17.2034,0.3396
805,2059,119.17,28.14,189.68,245.46,0.6699,0.6699,3.1202,14.6852,0.0,0.6072
806,2059,118.62,27.91,187.2,245.73,0.7378,0.7378,3.1164,14.7713,0.0,0.669
807,2059,118.92,27.46,185.54,244.71,0.6489,0.6489,3.1347,14.663,0.0,0.5869
807,2068,20.79,25.45,72.22,177.92,0.646,0.646,5.1648,19.0335,19.6143,0.4064
808,2133,15.39,25.33,73.18,123.38,0.4302,0.4302,8.8994,18.9739,12.8804,0.2754
809,2068,19.72,24.93,70.24,176.88,0.4775,0.4775,5.2143,19.1909,0.0,0.3095
810,2068,18.63,24.55,69.19,178.5,0.6235,0.6235,5.1523,19.3736,0.0,0.4039
810,2059,119.48,27.62,177.93,219.37,0.4207,0.4207,3.6463,11.5522,154.8491,0.2133
811,2068,17.95,24.5,67.8,177.49,0.3425,0.3425,5.1982,19.4707,0.0,0.2218
811,2059,115.45,27.77,178.15,238.65,0.6836,0.6836,3.2485,14.1023,27.8063,0.5822
812,2068,16.41,24.36,65.96,176.15,0.5205,0.5205,5.2616,19.6407,0.0,0.3369
812,2059,113.73,27.63,176.52,242.02,0.5957,0.5957,3.188,14.6054,0.0,0.5346
813,2068,15.5,24.65,65.81,179.24,0.7378,0.7378,5.1366,19.7987,18.8508,0.4641
813,2059,113.41,27.76,175.53,243.34,0.6772,0.6772,3.1648,14.8019,0.0,0.6097
814,2068,15.48,24.74,65.16,177.24,0.3738,0.3738,5.2199,19.7795,0.0,0.2418
814,2059,113.2,27.91,174.09,241.61,0.2128,0.2128,3.1967,14.6217,0.0,0.1907
815,2068,15.58,25.03,64.84,175.88,0.502,0.502,5.2774,19.7539,0.0,0.3248
815,2059,113.96,28.33,174.16,244.1,0.5815,0.5815,3.1517,14.9163,0.0,0.5244
816,2068,15.79,24.74,63.96,171.44,0.5469,0.5469,5.4734,19.6785,162.7438,0.1717
816,2059,114.98,28.77,174.86,245.76,0.2366,0.2366,3.1218,15.0878,0.0,0.2143
817,2068,15.71,25.27,63.47,169.66,0.6372,0.6372,5.5566,19.672,0.0,0.4124
817,2059,113.95,28.75,173.12,246.0,0.7988,0.7988,3.1188,15.1794,0.0,0.7236
818,2068,14.6,24.98,64.37,175.41,0.6953,0.6953,5.3007,19.8306,17.8722,0.4386
818,2059,111.82,27.81,170.96,246.07,0.7217,0.7217,3.1195,15.2871,0.0,0.6536
819,2068,13.82,24.95,63.95,176.31,0.6841,0.6841,5.2653,19.93,0.0,0.4424
819,2059,110.68,25.88,170.2,246.35,0.5747,0.5747,3.1155,15.3673,0.0,0.5207
820,2068,12.81,25.11,64.48,181.09,0.7217,0.7217,5.0719,20.104,18.6887,0.4538
820,2059,108.25,26.26,167.94,246.07,0.7671,0.7671,3.1226,15.4484,0.0,0.6942
821,2068,12.43,25.44,64.93,183.7,0.5815,0.5815,4.9711,20.1863,18.929,0.3675
821,2059,109.43,26.04,168.59,244.28,0.7305,0.7305,3.1531,15.181,0.0,0.6584
822,2068,12.4,25.65,64.32,181.28,0.2659,0.2659,5.0657,20.145,0.0,0.1718
822,2059,109.35,25.59,168.26,244.05,0.6909,0.6909,3.1574,15.1629,0.0,0.6223
822,2133,8.09,25.85,65.78,126.64,0.3049,0.3049,8.5934,19.8473,28.9086,0.1846
823,2059,106.59,25.25,165.48,243.21,0.459,0.459,3.1752,15.2052,0.0,0.4123
823,2133,8.56,25.79,65.91,127.51,0.4668,0.4668,8.5001,19.7964,0.0,0.302
824,2068,9.09,26.33,62.06,183.17,0.5342,0.5342,5.0049,20.546,0.0,0.3448
825,2068,7.36,26.75,62.51,189.74,0.5146,0.5146,4.7676,20.8553,19.9299,0.3375
825,2059,104.31,23.91,162.98,242.15,0.4805,0.4805,3.1968,15.2093,0.0,0.4302
826,2068,5.8,26.99,61.49,192.51,0.771,0.771,4.6781,21.1154,0.0,0.5298
826,2059,103.12,24.51,161.03,240.38,0.8477,0.8477,3.2309,15.0879,0.0,0.7553
827,2068,4.87,27.61,59.86,191.88,0.584,0.292,4.7048,21.2427,0.0,0.1995
827,2059,103.06,24.44,159.74,235.26,0.8413,0.8413,3.3286,14.5186,0.0,0.7394
827,2158,274.62,43.2,324.78,211.78,0.4707,0.4707,4.0094,19.0105,0.0,0.3674
828,2068,4.97,28.29,59.8,192.14,0.4893,0.2447,4.6959,21.2504,0.0,0.1675
828,2059,103.57,23.67,158.64,227.36,0.8062,0.8062,3.4889,13.6069,154.0215,0.4236
828,2158,275.87,43.62,328.01,218.18,0.4766,0.4766,3.856,19.6714,25.7008,0.3654
829,2068,4.52,28.9,57.33,185.81,0.5776,0.2888,4.9264,21.1956,160.8332,0.0926
829,2059,103.82,23.01,158.57,224.65,0.8657,0.8657,3.5468,13.2846,0.0,0.7371
829,2158,276.95,43.75,327.72,212.66,0.7754,0.7754,3.9951,19.3597,156.948,0.3477
830,2068,4.28,29.96,56.42,183.99,0.6084,0.3042,4.9971,21.2048,0.0,0.1961
830,2059,103.53,22.68,158.9,226.17,0.7485,0.7485,3.514,13.4603,0.0,0.6404
830,2158,278.23,45.82,329.83,215.76,0.8076,0.8076,3.922,19.7429,0.0,0.6387
831,2068,4.87,30.42,54.52,175.8,0.6104,0.3052,5.33,21.0464,162.3074,0.0949
831,2059,103.68,22.29,157.99,220.25,0.8545,0.8545,3.6453,12.8023,154.987,0.4321
831,2158,278.96,46.35,330.11,212.26,0.8604,0.8604,4.0126,19.5803,0.0,0.6703
832,2068,4.14,30.54,53.02,171.1,0.4922,0.2461,5.5437,21.0706,162.8248,0.0765
832,2059,102.45,21.78,157.68,222.05,0.4341,0.4341,3.6056,13.0655,0.0,0.3664
833,2068,4.14,30.59,53.76,171.93,0.4514,0.2257,5.504,21.0437,0.0,0.1454
833,2059,101.08,21.88,156.31,218.74,0.7241,0.7241,3.6829,12.7925,0.0,0.6039
834,2068,2.8,30.38,51.64,170.01,0.2351,0.1176,5.6011,21.2144,0.0,0.0757
834,2059,100.94,21.83,156.14,217.1,0.2886,0.2886,3.7216,12.6207,0.0,0.2393
835,2068,0.0,30.78,53.96,191.27,0.3057,0.1529,4.7491,21.8572,19.7963,0.1003
835,2059,99.52,21.92,154.78,216.83,0.6929,0.6929,3.7299,12.7011,0.0,0.5736
836,2059,99.09,22.06,155.37,218.76,0.6104,0.6104,3.6845,12.9089,0.0,0.5089
837,2059,97.8,21.55,153.98,218.04,0.79,0.79,3.7032,12.9358,0.0,0.6566
837,2158,285.23,46.61,340.99,220.04,0.3701,0.3701,3.8475,21.0046,36.6186,0.2711
838,2059,97.06,21.18,153.39,218.19,0.7871,0.7871,3.7006,13.0059,0.0,0.6544
839,2059,96.57,21.15,153.07,219.5,0.8125,0.8125,3.6708,13.1823,0.0,0.6785
839,2167,306.27,45.22,357.71,140.12,0.4187,0.2094,7.4181,20.847,0.0,0.135
839,2068,0.0,32.56,53.0,206.11,0.3701,0.185,4.2863,22.5258,21.7921,0.1319
840,2059,96.24,21.51,152.13,217.79,0.6929,0.6929,3.7115,13.0471,0.0,0.575
840,2167,304.56,45.05,355.77,139.53,0.2644,0.1322,7.4534,20.6201,0.0,0.0853
840,2068,0.0,32.79,50.74,202.66,0.2759,0.1379,4.3915,22.5005,158.4537,0.0537
841,2059,96.99,21.56,151.25,211.1,0.3914,0.3914,3.8752,12.3368,156.3051,0.1862
841,2068,0.0,34.07,49.26,193.57,0.2451,0.1226,4.6815,22.2186,160.0387,0.043
841,2158,297.34,44.96,351.91,212.69,0.7041,0.7041,4.0719,21.8515,147.6923,0.305
842,2059,95.89,21.21,151.52,215.71,0.8052,0.8052,3.7618,12.8624,24.4976,0.6388
842,2068,0.0,33.47,48.2,199.33,0.6318,0.3159,4.4981,22.506,21.0257,0.2167
842,2158,301.47,43.87,355.92,213.3,0.5537,0.2768,4.0714,22.3372,0.0,0.2119
843,2059,95.82,20.53,148.26,203.41,0.4668,0.4668,4.0832,11.7436,157.3031,0.2094
843,2068,0.0,35.91,45.27,207.06,0.6372,0.3186,4.2752,23.0066,22.4564,0.2267
843,2158,305.95,43.52,360.0,216.11,0.7285,0.3643,4.0156,22.9566,0.0,0.281
844,2059,101.51,19.75,140.4,146.29,0.6387,0.6387,6.5489,8.4185,165.4456,0.2106
844,2068,0.0,36.46,46.1,209.08,0.6196,0.3098,4.2171,23.0526,0.0,0.2306
844,2167,307.61,43.15,358.98,139.0,0.3896,0.1948,7.5167,21.0144,0.0,0.1255
845,2059,93.67,18.44,148.08,198.04,0.8193,0.8193,4.2402,11.3442,21.8635,0.6042
846,2059,93.48,17.91,147.22,195.91,0.8086,0.8086,4.3056,11.2026,0.0,0.6088
846,2158,310.84,41.93,360.0,211.75,0.3459,0.1729,4.1385,23.0084,156.1717,0.0729
846,2068,0.0,39.3,47.53,215.33,0.2942,0.1471,4.0481,23.2757,22.7805,0.1089
846,2167,310.23,42.03,360.0,138.41,0.2966,0.1483,7.5772,21.244,0.0,0.0955
847,2059,92.26,17.54,147.84,203.64,0.8193,0.8193,4.0802,11.9585,22.6822,0.6196
847,2167,313.15,42.65,360.0,139.86,0.6533,0.3266,7.4691,21.4201,18.9179,0.2044
848,2059,92.19,17.04,147.26,202.64,0.7334,0.7334,4.1088,11.894,0.0,0.5708
848,2158,313.18,41.71,360.0,208.95,0.6909,0.3454,4.2192,23.0061,0.0,0.2571
849,2059,92.28,16.41,146.42,199.87,0.6318,0.6318,4.1889,11.6696,0.0,0.4852
850,2059,95.31,16.0,143.99,178.99,0.5283,0.5283,4.8903,9.9108,160.8056,0.1812
850,2158,314.49,40.5,360.0,207.89,0.5146,0.2573,4.2514,23.0308,0.0,0.1904
851,2059,97.97,16.07,141.07,157.0,0.2712,0.2712,5.9045,8.8074,163.9298,0.0893
851,2158,315.34,40.74,360.0,208.11,0.2422,0.1211,4.247,23.0887,0.0,0.0897
852,-1,95.91,15.79,138.38,64.44,0.3354,0.3354,31.6044,14.2492,0.0,0.2202
852,-1,0.04,44.16,32.98,82.12,0.3252,0.1626,18.8002,23.6454,0.0,0.1038
852,-1,95.2,16.1,143.86,111.59,0.2737,0.2737,10.0147,9.7503,0.0,0.1811
852,-1,0.07,44.02,47.32,223.73,0.2081,0.1041,3.8432,23.7244,0.0,0.0825
853,2059,102.3,15.34,135.76,118.29,0.6533,0.6533,9.1039,9.4101,169.4194,0.2148
853,2158,317.79,40.5,360.0,207.64,0.3149,0.1575,4.2652,23.2052,0.0,0.1161
854,2177,1.31,44.59,31.77,81.84,0.4082,0.2041,18.9333,23.654,0.0,0.1304
854,2059,103.29,14.96,136.15,110.56,0.5679,0.5679,10.17,9.7958,170.436,0.1865
854,2158,317.94,40.88,360.0,208.24,0.5479,0.274,4.2487,23.2408,0.0,0.2027
855,2177,1.91,45.97,31.01,81.46,0.3486,0.1743,19.119,23.6793,174.8924,0.0532
855,2059,103.29,14.48,136.91,107.89,0.332,0.332,10.5955,9.9363,170.7419,0.109
856,2177,2.42,46.11,31.16,81.05,0.5718,0.2859,19.3163,23.6599,173.3283,0.0873
856,2059,102.85,14.23,137.6,107.22,0.6133,0.6133,10.7076,9.9699,170.7597,0.2013
857,2177,1.19,43.74,32.28,81.49,0.3684,0.1842,19.0997,23.647,5.2001,0.1174
857,2059,103.06,14.35,138.57,105.99,0.3486,0.3486,10.918,9.9915,170.0483,0.1144
858,2177,0.83,42.3,33.57,81.97,0.3008,0.1504,18.8602,23.5741,6.5544,0.0958
858,2059,102.42,14.65,138.84,105.41,0.3311,0.3311,11.0219,10.057,170.9046,0.1087
858,2167,323.66,40.38,360.0,139.07,0.4167,0.2084,7.5688,22.0732,137.9959,0.0644
859,2177,1.36,42.43,34.23,82.06,0.395,0.1975,18.8077,23.5031,0.0,0.1262
859,2059,103.11,14.74,140.73,106.5,0.3066,0.3066,10.8244,9.8237,13.2102,0.2002
859,2167,327.21,41.11,360.0,131.87,0.5488,0.2744,8.2179,22.3376,168.2178,0.0846
860,2177,0.0,41.7,40.51,91.98,0.2344,0.1172,14.993,22.8205,6.5299,0.0748
860,2059,99.4,14.47,151.09,141.96,0.6196,0.6196,6.8391,7.8143,13.9815,0.405
861,2177,0.04,41.51,38.22,87.72,0.2153,0.1076,16.4311,23.116,174.0249,0.033
861,2059,100.49,14.83,156.94,154.37,0.6318,0.6318,6.0316,7.4661,16.1715,0.4111
862,2177,0.62,41.22,37.52,85.74,0.2407,0.1203,17.1871,23.2034,174.3393,0.0369
862,2059,98.76,15.36,155.34,158.32,0.4766,0.4766,5.8163,7.8226,17.8314,0.3086
862,2158,323.39,38.96,360.0,192.6,0.3235,0.1618,4.7428,22.9228,160.2468,0.0552
863,2059,101.78,15.55,158.8,159.89,0.3943,0.3943,5.727,7.447,32.2446,0.2415
863,2068,0.0,40.79,53.54,231.3,0.4141,0.2071,3.6627,23.8312,0.0,0.1691
864,2059,105.19,15.68,155.34,141.88,0.3252,0.3252,6.8332,7.107,166.0231,0.1076
864,2068,0.0,40.57,53.61,235.14,0.6953,0.3477,3.582,24.0592,0.0,0.2874
864,2158,325.39,39.33,360.0,189.29,0.353,0.1765,4.8628,22.9277,160.4648,0.0574
865,2059,109.78,16.1,151.33,118.1,0.5156,0.5156,9.0909,7.9585,169.3983,0.1702
865,2068,0.0,41.04,52.53,233.17,0.4045,0.2023,3.6249,23.9955,0.0,0.1661
865,2186,190.85,36.34,207.06,80.94,0.5137,0.5137,17.9711,9.3651,0.0,0.3402
865,2158,327.83,36.46,360.0,191.13,0.2302,0.1151,4.8037,23.1313,0.0,0.0767
865,2177,1.7,41.16,39.12,86.62,0.3469,0.1734,16.8239,23.0142,9.2665,0.1103
866,2059,111.82,15.93,150.47,108.6,0.3857,0.3857,10.4393,8.593,170.7119,0.1271
866,2186,192.22,36.35,206.83,76.31,0.2394,0.2394,20.4276,10.0069,175.2129,0.0786
866,2158,322.54,36.5,360.0,191.66,0.5918,0.2959,4.7731,22.8405,0.0,0.1985
866,2177,0.92,41.18,37.57,85.64,0.2227,0.1114,17.2245,23.1876,172.1259,0.0341
867,2059,108.29,15.93,161.77,146.74,0.7642,0.7642,6.4877,6.4382,14.72,0.4995
867,2158,320.84,34.88,359.56,191.8,0.4397,0.2198,4.7633,22.7202,0.0,0.1478
868,2059,106.91,15.24,167.12,166.83,0.7808,0.7808,5.3742,6.9503,17.594,0.5064
868,2158,317.32,36.06,355.76,186.39,0.3008,0.1504,4.9391,22.1068,156.2666,0.0477
869,2059,108.9,14.26,170.71,173.19,0.75,0.75,5.0895,7.0923,19.8201,0.4833
869,2158,312.39,36.38,351.08,180.93,0.5205,0.5205,5.1255,21.3622,154.6151,0.1616
870,2059,109.81,13.49,171.56,176.76,0.8037,0.8037,4.9424,7.3041,19.3959,0.5246
870,2158,311.38,36.14,351.63,179.06,0.4377,0.4377,5.1996,21.2806,0.0,0.2819
870,2068,0.0,42.94,51.57,228.69,0.2878,0.1439,3.723,23.7814,0.0,0.1164
871,2059,112.89,13.01,171.38,171.45,0.7686,0.7686,5.1603,6.681,161.0212,0.2545
871,2158,306.7,36.36,350.94,187.12,0.4358,0.4358,4.8772,21.2098,19.6103,0.2794
872,2059,116.6,12.57,172.88,168.18,0.8413,0.8413,5.3014,6.1122,157.31,0.2788
872,2158,304.73,36.17,350.99,187.13,0.5459,0.5459,4.8726,21.0951,0.0,0.361
872,2068,0.0,40.9,55.14,256.78,0.4514,0.2257,3.1789,25.404,28.1554,0.1891
873,2059,119.04,12.31,173.46,165.47,0.7974,0.7974,5.4249,5.7212,160.0343,0.2645
873,2158,304.52,36.39,349.44,175.07,0.644,0.644,5.3454,20.6197,162.1469,0.2009
873,2068,0.0,42.32,51.88,237.69,0.4272,0.2136,3.5332,24.3047,154.3014,0.1067
874,2059,120.84,11.77,173.98,164.27,0.8628,0.8628,5.4808,5.4908,0.0,0.5739
874,2158,302.18,36.7,348.17,171.97,0.6504,0.6504,5.4734,20.3195,159.4264,0.2033
874,2068,0.0,43.57,56.08,261.16,0.2698,0.1349,3.106,25.6686,28.6956,0.114
875,2059,122.2,11.3,174.33,163.96,0.8604,0.8604,5.4948,5.3643,0.0,0.5723
875,2158,298.5,36.81,346.47,171.97,0.6655,0.6655,5.4606,19.9855,0.0,0.4303
876,2059,123.57,10.86,174.06,161.35,0.5273,0.5273,5.6233,5.1076,162.76,0.1751
876,2158,295.66,36.96,348.94,184.57,0.4941,0.4941,4.9426,20.3353,19.0295,0.3139
877,2059,125.24,10.43,174.91,160.68,0.4102,0.4102,5.6559,4.9044,0.0,0.273
877,2158,295.27,36.47,347.03,174.62,0.8037,0.8037,5.3375,19.8877,162.01,0.2519
878,2158,292.31,36.0,349.26,186.02,0.7217,0.7217,4.8824,20.2029,19.2268,0.4642
878,2190,130.94,10.18,171.23,98.04,0.3711,0.3711,12.4131,7.7447,0.0,0.2463
879,2158,292.97,35.47,348.33,177.88,0.2128,0.2128,5.1978,19.9182,161.7996,0.0667
879,2059,129.65,10.27,178.84,160.99,0.7363,0.7363,5.6357,4.419,0.0,0.4901
880,2158,289.98,34.14,349.5,186.69,0.4272,0.4272,4.8536,20.1009,19.3042,0.2765
880,2059,131.33,10.4,179.42,159.55,0.5991,0.5991,5.7087,4.172,0.0,0.3989
881,2158,288.78,32.85,348.6,186.03,0.5679,0.5679,4.8732,19.9493,0.0,0.3768
881,2059,132.32,10.52,179.93,160.25,0.6538,0.6538,5.6717,4.1373,0.0,0.4353
882,2059,132.95,10.36,179.99,160.22,0.2917,0.2917,5.673,4.0942,0.0,0.1942
882,2190,135.08,10.33,176.24,100.06,0.6133,0.6133,11.96,7.1707,19.0623,0.3961
883,2059,134.13,10.37,180.46,160.2,0.6724,0.6724,5.6732,3.9961,0.0,0.4477
883,2190,136.83,10.75,176.67,97.58,0.2351,0.2351,12.5071,7.4088,171.4974,0.0777
883,2158,288.03,30.94,344.37,174.83,0.5244,0.5244,5.3061,19.2779,161.4955,0.165
884,2059,135.37,9.99,181.01,159.99,0.2227,0.2227,5.6833,3.875,0.0,0.1483
884,2190,137.32,10.14,178.62,100.62,0.3857,0.3857,11.8384,6.9477,8.7566,0.2547
884,2193,308.44,30.63,344.29,111.91,0.5234,0.5234,10.5078,20.5711,0.0,0.3378
884,2158,288.42,30.33,343.23,170.08,0.3174,0.3174,5.5157,19.1064,162.6651,0.1
885,2059,136.06,10.11,181.13,161.02,0.7456,0.7456,5.6302,3.9183,0.0,0.4965
885,2158,287.33,28.87,342.19,169.25,0.7559,0.7559,5.5493,18.9524,0.0,0.4903
886,2059,137.16,10.32,181.36,161.4,0.8271,0.8271,5.6104,3.8791,0.0,0.5508
886,2158,286.88,29.01,341.18,168.9,0.5312,0.5312,5.5623,18.852,0.0,0.3446
887,2059,137.96,9.93,181.36,161.44,0.8452,0.8452,5.6081,3.8392,0.0,0.5628
887,2158,286.48,28.11,340.36,168.36,0.354,0.354,5.585,18.7623,0.0,0.2297
888,2059,138.77,9.77,181.38,161.44,0.8452,0.8452,5.6078,3.7944,0.0,0.5628
888,2158,285.68,28.19,339.28,168.95,0.771,0.771,5.5529,18.6571,0.0,0.5005
888,2195,190.93,36.21,206.53,81.11,0.3557,0.3557,17.8914,9.3333,0.0,0.2356
889,2059,139.66,9.05,181.6,161.15,0.7847,0.7847,5.622,3.7075,0.0,0.5226
889,2158,285.48,27.95,338.48,168.47,0.6768,0.6768,5.5732,18.5824,0.0,0.4394
889,2195,191.66,36.16,207.27,80.97,0.3008,0.3008,17.9581,9.3819,0.0,0.1992
890,2059,142.09,9.33,183.42,159.55,0.5537,0.5537,5.7027,3.3285,0.0,0.3688
890,2158,285.13,27.68,337.68,168.52,0.7168,0.7168,5.5683,18.5107,0.0,0.4655
890,2190,143.24,9.79,182.86,96.92,0.4263,0.4263,12.6514,7.1435,166.9656,0.141
891,2059,143.62,9.34,184.51,158.0,0.6206,0.6206,5.7836,3.0411,0.0,0.4134
891,2158,285.32,26.94,337.59,168.39,0.75,0.75,5.5746,18.514,0.0,0.4871
892,2059,144.48,9.43,185.34,158.64,0.8169,0.8169,5.749,3.0144,0.0,0.5442
892,2158,284.62,27.05,336.15,168.55,0.6655,0.6655,5.5623,18.3819,0.0,0.4323
892,2195,191.61,36.27,207.34,81.32,0.385,0.385,17.7961,9.3356,5.4613,0.2544
893,2059,146.11,9.18,186.13,155.63,0.8052,0.8052,5.9116,2.5969,162.72,0.2681
893,2158,283.99,27.01,334.83,169.02,0.6758,0.6758,5.5359,18.2695,0.0,0.4392
893,2195,192.19,36.33,207.94,81.05,0.4072,0.4072,17.9222,9.3963,167.2097,0.1339
894,2059,146.82,8.64,186.24,153.27,0.7124,0.7124,6.0455,2.3452,164.0472,0.2373
894,2158,285.93,26.94,336.39,168.47,0.5869,0.5869,5.5695,18.4784,0.0,0.3812
894,2195,192.02,35.91,207.71,80.33,0.2798,0.2798,18.263,9.4838,174.4587,0.092
895,2059,147.67,8.31,186.74,152.69,0.8037,0.8037,6.079,2.2185,0.0,0.5356
895,2158,284.19,26.52,333.93,168.66,0.5488,0.5488,5.5512,18.2162,0.0,0.3567
895,2195,191.36,36.05,207.05,80.27,0.3469,0.3469,18.2905,9.4648,0.0,0.2297
895,2198,294.02,27.0,332.38,113.32,0.4055,0.4055,10.1856,18.8988,0.0,0.263
896,2059,148.16,8.19,186.69,151.57,0.7769,0.7769,6.1452,2.1054,0.0,0.5178
896,2158,283.47,26.66,332.27,168.94,0.5557,0.5557,5.5328,18.0717,0.0,0.3613
896,2195,192.49,35.91,206.96,75.7,0.2095,0.2095,20.8013,10.0962,175.3033,0.0688
896,2198,292.98,27.38,330.99,113.17,0.2766,0.2766,10.1983,18.751,0.0,0.1795
897,2059,149.45,7.94,186.79,147.24,0.8145,0.8145,6.4146,1.7665,164.9573,0.2714
897,2158,283.55,26.78,331.45,169.43,0.6514,0.6514,5.5084,18.0369,0.0,0.4236
897,2198,292.48,27.23,329.8,111.98,0.212,0.212,10.3711,18.6808,168.2268,0.0669
898,2059,150.75,7.75,187.64,145.55,0.8628,0.8628,6.5254,1.5661,162.7708,0.2875
898,2158,283.06,26.7,329.85,169.26,0.7886,0.7886,5.5118,17.8995,0.0,0.513
899,2059,151.66,6.61,188.59,144.6,0.8403,0.8403,6.5892,1.4194,0.0,0.5601
899,2158,282.88,26.38,328.55,168.64,0.709,0.709,5.5375,17.7894,0.0,0.4614
900,2059,153.16,5.69,190.9,145.88,0.8101,0.8101,6.5022,1.175,0.0,0.54
900,2158,282.84,25.96,326.61,164.52,0.811,0.811,5.7325,17.5673,162.7354,0.2577
900,2068,6.97,50.54,69.68,266.28,0.396,0.396,2.9955,25.1142,0.0,0.3574
901,2059,153.8,4.43,191.8,144.9,0.8076,0.4038,6.5678,1.0412,0.0,0.2692
901,2158,282.62,25.64,325.39,163.06,0.8086,0.8086,5.8032,17.4445,0.0,0.5267
901,2068,6.82,51.44,70.49,255.51,0.2766,0.2766,3.1657,24.2718,151.5793,0.1517
902,2059,154.22,3.41,192.63,145.22,0.8037,0.4018,6.546,0.9596,0.0,0.2679
902,2158,281.47,25.0,323.54,161.52,0.7319,0.7319,5.8763,17.221,0.0,0.477
903,2059,154.65,3.6,192.97,145.09,0.8467,0.4234,6.5546,0.9019,0.0,0.2822
903,2158,280.27,24.83,321.99,160.98,0.8584,0.8584,5.8986,17.0326,0.0,0.5597
904,2059,155.24,3.85,193.34,144.7,0.877,0.4385,6.581,0.8255,0.0,0.2923
904,2158,279.95,24.69,321.35,160.44,0.8735,0.8735,5.9252,16.9605,0.0,0.5697
904,2204,5.58,51.88,38.42,96.57,0.5176,0.5176,13.6867,22.4494,0.0,0.332
905,2059,155.84,4.17,193.78,144.77,0.8618,0.4309,6.5761,0.7529,0.0,0.2873
905,2158,279.09,24.55,320.43,160.36,0.8394,0.8394,5.9255,16.8432,0.0,0.5476
905,2204,8.88,51.78,42.44,97.14,0.2903,0.2903,13.4998,21.9982,30.7021,0.1729
906,2059,156.62,4.51,194.45,145.0,0.8306,0.4153,6.5603,0.6566,0.0,0.2769
906,2158,276.03,24.23,317.66,159.43,0.8506,0.8506,5.9628,16.4463,0.0,0.5555
906,2068,7.31,51.04,76.48,264.03,0.7988,0.7988,3.0196,24.6214,30.1777,0.6832
907,2059,158.83,4.9,196.82,144.74,0.8003,0.4002,6.5776,0.3297,0.0,0.2668
907,2158,274.01,24.33,315.42,157.89,0.5991,0.5991,6.038,16.1414,0.0,0.3915
907,2068,6.74,50.27,78.47,267.0,0.7925,0.7925,2.9725,24.7911,0.0,0.7182
907,2198,274.58,25.55,327.93,153.61,0.5332,0.5332,6.3147,16.9435,15.227,0.3415
908,2059,159.63,4.62,197.86,144.84,0.8203,0.4102,6.5708,0.2167,0.0,0.2734
908,2158,270.71,24.42,312.33,156.32,0.7041,0.7041,6.1125,15.6962,0.0,0.4606
908,2068,5.44,49.08,79.01,267.84,0.7988,0.7988,2.961,24.8908,0.0,0.725
908,2198,274.3,24.74,325.81,154.95,0.205,0.205,6.2296,16.8013,0.0,0.1337
909,2059,160.35,5.42,198.33,144.62,0.8384,0.8384,6.5857,0.1299,0.0,0.5589
909,2158,267.44,24.4,309.76,156.05,0.8906,0.8906,6.1155,15.3055,0.0,0.5832
909,2068,9.89,44.26,81.94,260.18,0.5669,0.5669,3.0685,23.9586,146.9838,0.3187
910,2059,159.71,4.98,197.66,144.83,0.8159,0.4079,6.5714,0.2232,0.0,0.272
910,2158,263.48,24.39,306.97,155.7,0.8608,0.8608,6.1217,14.8516,0.0,0.5643
910,2068,12.61,44.39,83.03,257.02,0.7305,0.7305,3.1141,23.5372,0.0,0.6504
911,2059,161.01,4.64,199.34,144.64,0.8394,0.4197,6.5843,0.0952,0.0,0.2798
911,2158,261.36,25.15,305.39,154.57,0.8647,0.8647,6.1796,14.5885,0.0,0.5672
911,2068,15.51,42.98,83.94,251.34,0.8359,0.8359,3.2041,22.9178,0.0,0.7354
912,2059,162.95,4.21,201.82,144.4,0.8062,0.4031,6.6008,0.347,0.0,0.2687
912,2158,260.04,25.6,304.92,154.19,0.877,0.877,6.1982,14.4637,0.0,0.5754
912,2068,20.18,41.03,86.94,249.79,0.7988,0.7988,3.2201,22.4364,0.0,0.7019
913,2059,164.74,5.65,203.86,144.22,0.7925,0.7925,6.6135,0.6179,0.0,0.5283
913,2158,256.97,25.98,303.34,154.17,0.8506,0.8506,6.1902,14.1517,0.0,0.5585
913,2068,22.58,40.39,88.42,251.3,0.8315,0.8315,3.1886,22.3749,0.0,0.7343
914,2059,166.29,7.32,205.35,144.64,0.8135,0.8135,6.5851,0.8402,0.0,0.5423
914,2158,255.97,25.74,303.85,154.47,0.8584,0.8584,6.1716,14.123,0.0,0.5636
914,2068,26.09,40.04,88.92,245.03,0.7949,0.7949,3.294,21.6874,150.8043,0.427
915,2059,167.27,7.67,206.54,144.9,0.8037,0.8037,6.5677,0.9992,0.0,0.5358
915,2158,255.17,25.19,304.23,154.14,0.8486,0.8486,6.1901,14.0902,0.0,0.5572
915,2068,28.3,40.05,91.44,248.88,0.811,0.811,3.2188,21.7726,0.0,0.714
916,2059,167.62,7.49,207.3,145.37,0.8564,0.8564,6.5362,1.0883,0.0,0.5709
916,2158,254.27,25.33,304.35,153.85,0.8657,0.8657,6.2057,14.0339,0.0,0.5685
916,2068,32.8,40.26,94.61,244.2,0.8125,0.8125,3.2924,21.0308,0.0,0.7086
917,2059,168.12,6.69,207.14,141.84,0.7559,0.7559,6.7817,1.1378,165.9148,0.2519
917,2158,252.2,24.96,302.87,153.86,0.876,0.876,6.1982,13.7952,0.0,0.5756
917,2068,36.84,40.1,97.76,242.25,0.8628,0.8628,3.3189,20.5298,0.0,0.7503
918,2059,169.49,6.61,207.86,138.39,0.7739,0.7739,7.0394,1.4822,165.8607,0.2579
918,2158,253.34,24.52,303.86,153.32,0.8535,0.8535,6.2344,13.9315,0.0,0.5606
918,2068,40.77,40.16,101.46,241.58,0.7349,0.7349,3.3217,20.1131,0.0,0.6394
919,2059,169.54,6.3,208.5,139.01,0.8271,0.8271,6.992,1.479,0.0,0.5513
919,2158,253.6,24.27,303.95,152.95,0.8516,0.8516,6.2572,13.9504,0.0,0.5594
919,2068,46.58,40.21,107.7,239.88,0.4834,0.4834,3.3388,19.402,0.0,0.4202
920,2059,171.07,5.9,210.53,138.14,0.8101,0.8101,7.0597,1.7627,0.0,0.5399
920,2158,250.03,24.15,300.28,153.2,0.7485,0.7485,6.2283,13.4654,0.0,0.4921
920,2068,49.36,39.4,110.19,236.2,0.5908,0.5908,3.4035,18.834,0.0,0.5091
921,2059,170.36,5.42,209.14,133.54,0.7754,0.7754,7.4342,2.0512,166.7814,0.2583
921,2158,247.92,23.95,297.7,152.94,0.833,0.833,6.235,13.1448,0.0,0.5481
921,2068,55.2,39.78,118.13,237.04,0.8789,0.8789,3.3711,18.267,0.0,0.7621
922,2059,172.0,5.15,210.78,133.54,0.771,0.771,7.4351,2.2181,0.0,0.5138
922,2158,245.99,23.97,294.79,153.23,0.7832,0.7832,6.2089,12.8205,0.0,0.5156
922,2068,56.59,39.84,121.44,237.77,0.8701,0.8701,3.3518,18.1205,0.0,0.7569
923,2059,174.79,4.96,213.25,131.28,0.7319,0.3659,7.6351,2.7146,161.3062,0.1218
923,2158,244.7,23.8,292.69,153.16,0.8027,0.8027,6.207,12.5893,0.0,0.5287
923,2068,60.01,39.79,127.02,236.04,0.354,0.354,3.3758,17.5537,0.0,0.3072
924,2059,175.35,4.99,214.21,133.02,0.8271,0.4135,7.482,2.6404,13.9793,0.2715
924,2158,245.53,23.74,291.82,152.96,0.7051,0.7051,6.2189,12.5838,0.0,0.4644
924,2068,62.01,40.25,129.25,234.41,0.7422,0.7422,3.4035,17.2092,0.0,0.6417
925,2059,176.36,4.54,214.62,131.13,0.771,0.3855,7.6497,2.8876,166.6921,0.1283
925,2158,241.17,23.53,285.48,152.99,0.6782,0.6782,6.1987,11.8548,0.0,0.4473
925,2068,59.79,40.72,128.2,232.25,0.4216,0.4216,3.4503,17.1523,0.0,0.3619
926,2059,178.52,4.32,216.1,129.98,0.8125,0.4062,7.7564,3.1933,158.0068,0.1352
926,2158,239.84,23.92,282.52,152.83,0.6235,0.6235,6.2011,11.559,0.0,0.4115
926,2068,64.18,40.24,133.31,232.71,0.708,0.708,3.4313,16.7678,0.0,0.6101
927,2059,179.58,4.11,216.68,130.1,0.7988,0.3994,7.746,3.2748,0.0,0.266
927,2158,234.27,24.05,276.56,152.68,0.644,0.644,6.1919,10.7654,0.0,0.4256
927,2068,69.57,40.07,139.65,231.15,0.7217,0.7217,3.4516,16.0991,0.0,0.6207
928,2059,180.28,3.94,216.9,129.95,0.8052,0.4026,7.7604,3.3402,0.0,0.2682
928,2158,231.16,23.66,273.62,152.91,0.6704,0.6704,6.1692,10.3526,0.0,0.4433
928,2068,72.46,40.67,142.93,230.23,0.7251,0.7251,3.4648,15.7407,0.0,0.6228
929,2059,181.09,4.96,217.1,130.53,0.7568,0.3784,7.7074,3.3496,0.0,0.2521
929,2158,227.54,23.73,270.67,153.01,0.4902,0.4902,6.154,9.9011,0.0,0.3244
929,2068,70.39,39.21,141.92,230.87,0.6592,0.6592,3.4545,15.9376,0.0,0.5669
930,2059,182.1,4.65,217.51,129.8,0.6611,0.3306,7.7755,3.4928,0.0,0.2202
930,2158,221.83,10.26,269.81,152.68,0.5283,0.5283,6.1645,9.4409,0.0,0.3498
930,2068,71.92,37.84,143.59,229.1,0.7778,0.7778,3.4882,15.6207,0.0,0.6657
931,2059,183.0,4.2,218.0,129.92,0.7656,0.3828,7.765,3.5643,0.0,0.255
931,2158,223.3,20.1,268.44,152.2,0.6851,0.6851,6.1933,9.4393,0.0,0.4536
931,2068,73.33,38.17,145.03,230.14,0.79,0.79,3.464,15.6053,0.0,0.6787
932,2059,184.27,4.04,219.05,130.36,0.7939,0.397,7.7256,3.6683,0.0,0.2644
932,2158,222.39,22.87,267.77,153.24,0.7559,0.7559,6.1295,9.3491,0.0,0.5006
932,2068,76.34,38.68,147.65,230.57,0.7832,0.7832,3.4503,15.415,0.0,0.6746
933,2059,185.89,4.07,220.28,130.08,0.8076,0.4038,7.7531,3.8626,0.0,0.2689
933,2158,217.61,23.72,264.43,153.25,0.8486,0.8486,6.1186,8.7872,0.0,0.5624
933,2068,78.82,37.39,148.23,224.62,0.7285,0.7285,3.5738,14.6662,153.5276,0.3735
934,2059,185.14,3.86,219.61,129.8,0.7939,0.397,7.7782,3.7974,0.0,0.2643
934,2158,215.34,23.85,263.65,153.07,0.811,0.811,6.1255,8.572,0.0,0.5376
934,2068,83.92,36.73,151.02,218.07,0.8125,0.8125,3.7156,13.6466,151.0967,0.4023
935,2059,186.6,4.01,220.52,129.62,0.7422,0.3711,7.7964,3.9547,0.0,0.2471
935,2158,213.8,23.62,263.84,153.56,0.7163,0.7163,6.0952,8.4891,0.0,0.4749
935,2068,87.08,36.31,155.5,222.51,0.811,0.811,3.6078,13.7955,30.8641,0.6451
936,2059,189.23,6.08,222.82,130.13,0.7544,0.7544,7.7521,4.2243,0.0,0.5023
937,2059,189.89,5.08,223.76,130.1,0.7104,0.7104,7.756,4.3274,0.0,0.4729
937,2158,210.46,22.75,261.34,153.01,0.8252,0.8252,6.1206,8.0716,0.0,0.5474
937,2068,109.13,35.5,159.6,166.35,0.5117,0.5117,5.4009,7.2531,161.97,0.1692
938,2059,190.31,4.8,224.62,131.07,0.4407,0.2203,7.668,4.3479,0.0,0.1467
938,2158,198.68,10.77,254.85,152.42,0.4055,0.4055,6.1363,6.787,96.6866,0.1342
938,2068,114.08,33.93,159.93,147.31,0.4775,0.4775,6.4466,6.1644,165.034,0.1582
939,2068,120.55,34.74,164.57,142.38,0.5889,0.5889,6.7732,5.3622,158.8128,0.1954
940,2068,121.77,35.0,167.11,141.43,0.7007,0.7007,6.8387,5.1028,0.0,0.4662
940,2158,191.59,5.44,247.86,146.2,0.8306,0.8306,6.5138,5.6907,157.9544,0.2755
941,2068,126.03,35.41,172.14,142.19,0.7163,0.7163,6.7768,4.4352,54.1757,0.3778
941,2158,186.84,4.56,244.19,149.24,0.834,0.417,6.3109,5.1379,23.9722,0.2655
942,2068,114.5,34.97,178.98,189.98,0.6235,0.6235,4.4566,8.0895,20.9284,0.4451
942,2158,186.44,5.17,242.77,149.57,0.7671,0.7671,6.289,5.0171,0.0,0.5104
943,2068,122.76,34.5,177.6,164.87,0.5,0.5,5.4488,5.2089,162.4738,0.166
943,2158,184.69,4.99,240.18,151.21,0.6133,0.3066,6.1854,4.7572,23.861,0.1953
944,2068,124.59,34.76,174.6,151.18,0.2338,0.2338,6.1845,4.4742,164.6263,0.0777
944,2158,184.81,4.67,239.16,151.48,0.6245,0.3123,6.1685,4.7033,0.0,0.2078
945,2217,121.32,35.3,183.28,215.97,0.4814,0.4814,3.723,10.932,0.0,0.4
945,2059,192.75,4.5,232.14,149.36,0.7949,0.3975,6.299,4.7085,15.7116,0.2596
946,2217,122.33,35.19,184.99,217.06,0.6646,0.6646,3.6962,11.0076,0.0,0.5545
946,2059,193.2,11.49,231.56,150.41,0.6899,0.6899,6.234,4.7261,0.0,0.4592
947,2217,128.02,35.48,189.61,213.65,0.6655,0.6655,3.7747,10.3337,0.0,0.5488
947,2158,179.59,17.7,227.93,146.36,0.7041,0.7041,6.4813,3.4224,153.0508,0.2343
948,2217,126.61,34.3,186.74,208.29,0.7739,0.7739,3.9114,9.7201,155.035,0.3666
948,2158,180.03,19.47,227.67,145.72,0.6177,0.6177,6.5239,3.4274,0.0,0.4114
949,2217,126.56,33.2,187.29,209.41,0.4668,0.4668,3.8822,9.8553,0.0,0.3785
949,2158,181.97,21.07,228.57,145.22,0.3381,0.3381,6.559,3.6258,0.0,0.2252
950,2217,128.25,32.35,189.06,208.77,0.3721,0.3721,3.8976,9.693,0.0,0.301
950,2158,179.59,21.32,226.42,144.98,0.2966,0.2966,6.5728,3.3007,0.0,0.1976
950,2059,204.71,5.26,240.26,135.07,0.4272,0.4272,7.3465,6.2057,164.7806,0.1416
951,2217,131.7,28.85,191.65,202.27,0.3979,0.3979,4.0712,8.6984,155.0988,0.1804
952,2059,205.29,2.16,242.76,142.03,0.7305,0.3653,6.8104,6.2986,14.4278,0.2389
953,2059,209.64,2.75,242.76,128.89,0.6851,0.3426,7.9057,6.9414,167.7578,0.1133
954,2059,211.63,3.03,242.67,123.17,0.6558,0.3279,8.4929,7.3565,168.581,0.1084
954,2068,155.0,20.67,206.82,145.17,0.4358,0.4358,6.5484,0.2127,126.0646,0.1453
955,2059,213.13,2.85,243.08,121.0,0.7104,0.3552,8.7394,7.6068,168.1541,0.1174
955,2068,161.54,19.72,213.11,141.83,0.3503,0.3503,6.7823,1.0962,151.7231,0.1167
957,-1,160.03,6.19,209.53,193.78,0.2024,0.2024,4.3178,7.1394,0.0,0.1528
958,-1,215.16,2.81,247.78,129.23,0.224,0.112,7.8865,7.6387,0.0,0.0743
959,2059,215.23,2.92,247.8,130.05,0.4141,0.2071,7.8095,7.6138,13.243,0.1356
960,2059,216.29,4.01,248.52,129.0,0.3857,0.1928,7.9109,7.7743,164.6892,0.0637
960,2158,155.65,19.23,220.45,197.05,0.646,0.646,4.2184,7.6542,22.7282,0.4793
961,2059,216.81,4.1,248.97,128.79,0.332,0.166,7.9323,7.8482,0.0,0.1101
962,2059,216.74,1.64,249.7,129.22,0.7256,0.3628,7.8921,7.8764,0.0,0.2407
963,2059,216.64,1.0,249.63,128.86,0.2751,0.1376,7.9262,7.8786,0.0,0.0913
963,2158,161.83,21.07,223.56,197.34,0.4417,0.4417,4.2112,7.8195,0.0,0.3396
964,2059,216.82,5.58,249.12,130.47,0.2108,0.2108,7.7744,7.797,12.3622,0.1383
965,2059,216.84,10.12,249.08,134.86,0.3398,0.3398,7.388,7.6663,12.9644,0.2226
966,2059,218.03,6.28,250.81,131.41,0.5391,0.5391,7.6923,7.9641,166.6968,0.178
966,2223,129.25,22.67,180.35,140.65,0.6074,0.6074,6.8816,3.6432,0.0,0.4045
967,2059,218.83,5.19,251.43,129.44,0.7139,0.7139,7.8765,8.1277,167.2348,0.2356
967,2223,130.76,23.18,180.87,138.92,0.6738,0.6738,7.0105,3.5419,164.1672,0.2242
967,2158,167.96,27.07,227.78,198.91,0.4158,0.4158,4.1672,8.2296,0.0,0.3219
968,2223,130.14,23.36,181.74,142.72,0.4407,0.4407,6.7306,3.4534,14.1773,0.2891
968,2158,169.52,27.6,227.59,197.11,0.2274,0.2274,4.2208,8.0205,0.0,0.1745
969,2223,128.71,23.2,180.66,143.09,0.7598,0.7598,6.7058,3.6303,0.0,0.506
969,2158,170.05,27.68,228.46,198.86,0.2837,0.2837,4.1694,8.2853,0.0,0.2196
969,2059,220.95,9.77,251.69,129.07,0.4805,0.4805,7.915,8.3028,0.0,0.3187
970,2223,125.83,22.93,178.42,143.87,0.7671,0.7671,6.6544,3.9938,0.0,0.5108
970,2158,170.26,27.58,228.21,198.82,0.2854,0.2854,4.1706,8.2791,0.0,0.2208
970,2059,222.03,6.77,252.89,128.77,0.4272,0.4272,7.9471,8.4683,0.0,0.2832
971,2223,123.18,22.24,176.15,143.81,0.771,0.771,6.6617,4.345,0.0,0.5133
971,2158,171.45,27.59,228.68,198.77,0.458,0.458,4.1725,8.3118,0.0,0.3543
971,2059,224.96,5.06,256.68,131.32,0.4187,0.4187,7.7188,8.8447,20.7814,0.2684
972,2223,120.48,21.89,173.1,143.75,0.6885,0.6885,6.6699,4.755,0.0,0.4582
972,2158,171.95,24.67,229.74,198.9,0.3123,0.3123,4.1692,8.3672,0.0,0.2417
972,2059,227.08,5.43,258.13,129.98,0.4006,0.4006,7.8479,9.1286,161.1087,0.1318
973,2223,118.3,20.7,170.8,143.8,0.7271,0.7271,6.6699,5.074,0.0,0.4838
973,2158,173.95,24.93,230.72,195.61,0.6245,0.6245,4.2685,8.0174,156.5123,0.267
973,2059,231.03,6.98,257.13,109.16,0.3857,0.3857,10.405,10.3529,170.7167,0.1265
974,2223,115.11,20.29,166.48,142.66,0.8101,0.8101,6.7563,5.6114,141.4134,0.2687
974,2158,175.87,24.81,233.3,197.2,0.8003,0.8003,4.2221,8.3506,0.0,0.6137
974,2059,231.35,7.6,256.33,104.27,0.3694,0.3694,11.2494,10.6657,171.3734,0.121
975,2223,110.47,20.25,161.09,143.53,0.7051,0.7051,6.7041,6.3204,60.374,0.3498
975,2158,176.58,24.19,234.43,198.43,0.4951,0.4951,4.1862,8.5617,0.0,0.3819
975,2059,229.39,7.16,258.49,121.01,0.4844,0.4844,8.7877,9.6583,10.9601,0.3177
976,2223,106.2,19.21,156.25,144.98,0.6982,0.6982,6.6133,6.9663,43.0323,0.4011
976,2158,179.6,24.41,234.11,190.28,0.5918,0.5918,4.4407,7.6331,158.8441,0.2397
976,2059,229.19,7.64,259.18,126.06,0.6353,0.6353,8.2373,9.4765,11.7051,0.4162
977,2223,104.52,20.04,153.38,145.04,0.7056,0.7056,6.6141,7.2879,0.0,0.4685
977,2158,182.49,24.28,234.47,183.61,0.6245,0.6245,4.6711,6.9665,159.5469,0.234
977,2059,229.47,7.8,259.73,127.49,0.646,0.646,8.0944,9.4809,12.473,0.4226
978,2223,101.22,20.12,149.95,147.66,0.6069,0.6069,6.4476,7.7783,24.0946,0.3851
978,2059,229.11,7.2,259.98,128.62,0.3999,0.3999,7.9835,9.4356,12.0212,0.2619
979,2223,98.6,20.85,147.24,150.66,0.7808,0.7808,6.2645,8.1906,20.5048,0.5014
979,2059,230.29,6.74,261.46,129.34,0.4026,0.4026,7.9189,9.594,0.0,0.2665
979,2158,187.65,23.63,242.7,193.99,0.5195,0.5195,4.3299,8.7042,25.4602,0.3739
980,2223,95.67,21.53,144.1,150.95,0.7598,0.7598,6.2541,8.6187,0.0,0.5037
980,2059,230.78,8.31,261.76,129.35,0.6245,0.6245,7.9192,9.6475,0.0,0.4134
981,2223,95.28,22.9,141.92,147.13,0.6123,0.6123,6.4994,8.7539,164.7674,0.2017
981,2059,231.2,7.66,262.14,127.37,0.5688,0.5688,8.1134,9.765,168.026,0.1869
982,2223,93.6,24.07,140.36,147.31,0.7808,0.7808,6.4919,8.9819,0.0,0.5173
982,2059,231.67,7.41,263.22,128.4,0.5527,0.5527,8.0146,9.8364,15.2427,0.3593
982,2158,191.07,27.9,239.55,178.14,0.3108,0.3108,4.883,7.0131,160.8029,0.1077
983,2223,92.16,24.4,138.9,145.78,0.6758,0.6758,6.5975,9.176,161.2199,0.2224
983,2059,232.03,6.81,265.24,134.27,0.4475,0.4475,7.4836,9.8498,13.1638,0.2922
984,2223,90.27,24.81,138.03,146.88,0.7529,0.7529,6.5279,9.3743,0.0,0.4986
984,2059,233.15,7.49,267.17,136.87,0.7598,0.7598,7.2726,10.0169,15.492,0.4935
985,2223,88.82,25.17,136.56,146.63,0.3577,0.3577,6.5486,9.5765,0.0,0.2368
985,2059,233.9,7.98,268.65,138.25,0.6289,0.6289,7.1663,10.1539,17.4533,0.4063
986,2223,84.42,25.15,134.33,150.55,0.7832,0.7832,6.307,10.0735,20.0599,0.5023
986,2059,234.08,8.17,269.45,138.64,0.7305,0.7305,7.1374,10.2176,0.0,0.4831
986,2158,191.06,23.86,236.48,167.63,0.4207,0.4207,5.3245,5.8939,162.0581,0.1395
987,2223,84.76,25.99,133.68,148.5,0.4407,0.4407,6.4366,10.0727,165.199,0.1446
987,2059,234.49,8.22,271.01,142.2,0.502,0.502,6.8728,10.3298,14.5671,0.3266
987,2158,192.9,23.27,237.02,162.93,0.3032,0.3032,5.5491,5.6865,162.5555,0.1006
988,2223,80.16,25.08,130.25,151.22,0.5591,0.5591,6.2782,10.6587,27.2451,0.3488
988,2059,234.4,8.46,271.62,144.33,0.6538,0.6538,6.7222,10.3629,14.3809,0.4255
988,2158,192.71,21.15,236.65,160.83,0.373,0.373,5.6542,5.5148,163.0751,0.1238
989,2223,76.58,24.56,126.0,150.93,0.7471,0.7471,6.3083,11.1943,0.0,0.4933
989,2059,235.09,8.35,272.35,143.87,0.75,0.75,6.7567,10.4614,0.0,0.4958
989,2158,193.85,22.13,236.97,159.37,0.2737,0.2737,5.7306,5.5224,0.0,0.182
990,2223,74.58,24.26,123.15,149.96,0.603,0.603,6.3765,11.517,0.0,0.398
990,2059,236.2,8.9,273.56,145.51,0.7886,0.7886,6.647,10.6244,17.8745,0.5085
990,2158,194.45,21.9,237.45,158.8,0.3184,0.3184,5.7614,5.5616,0.0,0.2118
991,2223,68.69,24.14,116.24,151.71,0.6758,0.6758,6.2902,12.4125,51.85,0.3592
991,2059,236.68,8.74,274.1,146.46,0.8135,0.8135,6.5845,10.6985,0.0,0.5376
991,2158,195.45,22.1,237.95,159.13,0.3774,0.3774,5.745,5.678,0.0,0.251
992,2223,65.81,24.02,111.36,149.77,0.6318,0.6318,6.4249,12.921,152.526,0.2053
992,2059,238.16,9.59,274.79,144.57,0.6353,0.6353,6.7168,10.8435,164.189,0.208
992,2158,193.69,22.01,238.35,170.75,0.2114,0.2114,5.1882,6.4117,18.1525,0.137
993,2223,63.16,23.98,107.9,151.43,0.7041,0.7041,6.3329,13.3517,31.86,0.4277
993,2059,239.06,12.33,275.58,146.57,0.4072,0.4072,6.5834,10.9661,15.9449,0.2638
994,2223,59.67,24.4,103.58,152.77,0.5928,0.5928,6.2664,13.8944,0.0,0.3894
994,2059,239.74,11.12,276.41,144.13,0.6807,0.6807,6.7528,11.0646,165.4506,0.2227
994,2158,194.21,21.72,239.2,169.47,0.3757,0.3757,5.2454,6.3847,0.0,0.2497
995,2223,58.35,24.44,101.5,153.46,0.8252,0.8252,6.2318,14.1316,0.0,0.5418
995,2059,240.05,10.65,277.53,145.03,0.8003,0.8003,6.6927,11.1643,0.0,0.5285
995,2158,195.62,20.89,239.34,163.39,0.4312,0.4312,5.53,6.0333,162.8277,0.1429
996,2223,57.78,24.57,100.21,153.89,0.8013,0.8013,6.21,14.262,0.0,0.526
996,2059,240.55,10.16,278.82,145.71,0.7515,0.7515,6.6493,11.2894,0.0,0.4962
996,2158,196.18,20.13,239.69,161.33,0.385,0.385,5.6332,5.9634,162.9113,0.1276
997,2223,56.87,25.36,99.03,155.32,0.4756,0.4756,6.1308,14.422,0.0,0.3121
997,2059,241.43,10.08,280.59,147.33,0.7319,0.7319,6.5453,11.4791,19.1749,0.4695
997,2158,198.07,18.43,241.48,160.51,0.4795,0.4795,5.6778,6.1563,0.0,0.3187
998,2223,52.23,26.02,95.61,158.62,0.6523,0.6523,5.9618,15.0136,25.8052,0.4058
998,2059,245.32,9.87,285.21,148.56,0.7422,0.7422,6.4799,12.0716,0.0,0.4893
998,2158,195.2,17.36,241.22,168.25,0.561,0.561,5.3021,6.4668,18.0319,0.3636
999,2223,49.86,26.46,94.34,161.14,0.8076,0.8076,5.8345,15.3037,20.5495,0.5117
999,2059,245.74,9.78,287.23,153.52,0.7163,0.7163,6.178,12.2938,16.0257,0.4628
999,2158,195.47,17.25,241.23,169.31,0.502,0.502,5.2547,6.565,0.0,0.3336
1000,2223,48.6,26.89,93.57,161.52,0.7568,0.7568,5.8187,15.4454,0.0,0.4954
1000,2059,244.79,9.66,287.04,154.37,0.7529,0.7529,6.1263,12.2296,0.0,0.4962
1000,2158,196.07,16.86,241.44,169.17,0.667,0.667,5.2615,6.6022,0.0,0.4432
1001,2223,48.55,27.14,93.7,161.34,0.7544,0.7544,5.8279,15.4364,0.0,0.4939
1001,2059,244.82,9.79,287.37,154.46,0.8286,0.8286,6.1217,12.2555,0.0,0.5461
1001,2158,196.16,16.45,240.72,166.25,0.6309,0.6309,5.3945,6.3477,162.364,0.209
1002,2223,48.04,27.11,93.55,161.33,0.5889,0.5889,5.8298,15.4796,0.0,0.3855
1002,2059,246.56,9.65,288.83,153.53,0.6689,0.6689,6.1816,12.4586,0.0,0.4407
1002,2158,198.26,16.43,241.14,162.06,0.4648,0.4648,5.5991,6.2342,162.5363,0.154
1003,2223,47.33,27.02,93.28,161.67,0.7871,0.7871,5.8141,15.5512,0.0,0.5151
1003,2059,246.76,9.53,289.4,153.59,0.7334,0.7334,6.1794,12.5119,0.0,0.4831
1003,2158,195.78,16.13,238.92,160.87,0.6333,0.6333,5.6558,5.8608,0.0,0.4211
1004,2223,44.06,27.07,89.95,161.76,0.8027,0.8027,5.8229,15.9863,0.0,0.5248
1004,2059,248.43,9.55,290.91,153.95,0.7559,0.7559,6.1638,12.7332,0.0,0.4977
1004,2158,196.82,16.13,239.49,160.27,0.562,0.562,5.6877,5.9312,0.0,0.3737
1005,2223,41.85,26.9,87.79,161.59,0.644,0.644,5.8409,16.2688,0.0,0.4207
1005,2059,248.21,9.75,290.78,154.15,0.8218,0.8218,6.1515,12.7125,0.0,0.5412
1005,2158,196.35,16.05,239.06,159.51,0.5342,0.5342,5.7265,5.8306,0.0,0.3552
1006,2223,38.56,26.85,84.17,161.5,0.8135,0.8135,5.8603,16.7178,0.0,0.5309
1006,2059,247.32,9.8,289.99,153.82,0.7656,0.7656,6.1679,12.5935,0.0,0.5043
1006,2158,195.02,16.03,238.18,159.34,0.7627,0.7627,5.7338,5.6763,0.0,0.5072
1007,2223,34.5,27.15,79.41,161.63,0.8101,0.8101,5.873,17.293,0.0,0.5279
1007,2059,247.7,9.93,290.56,154.32,0.8574,0.8574,6.1403,12.6656,0.0,0.5646
1007,2158,196.99,16.03,239.85,158.65,0.6123,0.6123,5.7729,5.88,0.0,0.4071
1008,2223,34.0,27.44,78.87,161.66,0.8203,0.8203,5.8737,17.3608,0.0,0.5344
1008,2059,246.68,9.98,289.86,154.77,0.7939,0.7939,6.1112,12.5562,0.0,0.5229
1008,2158,197.47,16.02,240.36,159.26,0.6748,0.6748,5.7414,5.9768,0.0,0.4486
1009,2223,31.89,27.57,76.69,162.02,0.3123,0.3123,5.8646,17.6446,0.0,0.2033
1009,2059,247.44,10.34,290.06,152.97,0.7471,0.7471,6.2185,12.5941,164.4188,0.243
1009,2158,196.43,15.96,239.53,159.23,0.5137,0.5137,5.7416,5.8518,0.0,0.3416
1010,2223,30.04,27.9,74.33,161.78,0.8477,0.8477,5.8868,17.9115,0.0,0.5514
1010,2059,249.59,10.78,291.03,149.18,0.7529,0.7529,6.4583,12.7657,164.478,0.2448
1010,2158,197.77,16.15,240.64,159.61,0.6489,0.6489,5.7236,6.0333,0.0,0.4314
1011,2223,30.93,28.64,70.07,145.49,0.6841,0.6841,6.8837,17.9716,166.1255,0.2169
1011,2059,248.71,11.23,290.41,148.87,0.6626,0.6626,6.4754,12.6611,0.0,0.4364
1011,2158,200.29,16.49,241.08,153.35,0.6177,0.6177,6.0709,5.969,164.0394,0.2048
1012,2223,27.82,29.11,72.37,163.05,0.6323,0.6323,5.8306,18.2032,16.3354,0.4025
1012,2059,246.05,11.11,289.48,151.57,0.8193,0.8193,6.2996,12.4422,17.2689,0.5275
1012,2158,199.52,16.5,241.06,155.82,0.5776,0.5776,5.9296,6.0034,16.1303,0.3764
1013,2223,27.29,29.47,74.53,170.6,0.5342,0.5342,5.4616,18.2689,17.2934,0.3391
1013,2059,243.94,11.22,288.38,153.13,0.8296,0.8296,6.2,12.2438,20.2278,0.5297
1013,2158,199.31,16.35,241.16,157.1,0.6084,0.6084,5.859,6.0497,0.0,0.4045
1014,2223,26.41,30.33,69.21,158.43,0.4668,0.4668,6.0886,18.4206,164.2184,0.1476
1014,2059,242.65,11.65,287.32,152.6,0.7754,0.7754,6.2276,12.076,0.0,0.5112
1014,2158,200.73,16.29,242.09,156.49,0.606,0.606,5.8943,6.1829,0.0,0.4028
1015,2223,26.3,30.87,66.14,149.09,0.627,0.627,6.6619,18.537,165.6424,0.1982
1015,2059,241.71,11.62,287.37,153.5,0.8403,0.8403,6.1726,12.0284,0.0,0.5541
1015,2158,200.8,16.46,242.34,156.55,0.6362,0.6362,5.8912,6.207,0.0,0.4229
1016,2223,25.51,32.02,64.46,146.3,0.603,0.603,6.8572,18.6862,165.3873,0.1904
1016,2059,241.13,11.7,287.25,153.56,0.6577,0.6577,6.1678,11.9816,0.0,0.4337
1016,2158,201.19,16.83,242.41,154.92,0.6289,0.6289,5.9826,6.1758,0.0,0.4181
1017,2223,23.73,32.67,66.1,158.19,0.7002,0.7002,6.1163,18.7883,15.5908,0.4458
1017,2059,239.78,12.1,286.5,153.75,0.8486,0.8486,6.1532,11.8413,0.0,0.5597
1017,2158,201.55,16.76,242.76,153.85,0.6104,0.6104,6.0444,6.1882,0.0,0.4057
1018,2223,24.75,33.33,64.87,151.59,0.4941,0.4941,6.5086,18.7336,165.3299,0.156
1018,2059,238.9,12.61,286.22,154.46,0.8052,0.8052,6.1099,11.7739,0.0,0.5312
1018,2158,203.1,16.2,244.08,152.81,0.6802,0.6802,6.1074,6.3557,0.0,0.4521
1019,2223,24.0,34.35,71.69,175.67,0.7725,0.7725,5.2526,18.7971,17.9457,0.4887
1019,2059,236.98,12.89,285.87,157.88,0.7529,0.7529,5.9141,11.6886,16.5743,0.4863
1019,2158,206.17,16.15,247.1,152.45,0.7583,0.7583,6.1343,6.7697,0.0,0.5038
1020,2223,21.48,34.89,70.95,184.09,0.8184,0.8184,4.9245,19.28,19.6918,0.5226
1020,2059,231.87,12.9,282.78,160.34,0.7939,0.7939,5.7704,11.1968,27.4468,0.4944
1020,2158,206.75,16.05,246.15,148.13,0.6123,0.6123,6.4002,6.6619,165.0877,0.2027
1021,2223,20.78,34.55,70.0,185.81,0.5659,0.5659,4.8643,19.445,0.0,0.3767
1021,2059,231.24,12.9,282.51,161.08,0.811,0.811,5.7307,11.1577,0.0,0.5356
1021,2158,206.36,15.75,245.01,146.25,0.6069,0.6069,6.5215,6.5355,164.1102,0.201
1022,2223,22.79,34.46,67.32,171.35,0.6758,0.6758,5.4537,19.0273,162.6561,0.213
1022,2059,230.8,13.53,281.93,161.42,0.8076,0.8076,5.7118,11.0993,0.0,0.5334
1022,2158,206.9,15.65,244.23,142.21,0.5649,0.5649,6.8005,6.5156,165.9416,0.1871
1023,2223,23.99,34.31,66.64,165.0,0.2893,0.2893,5.7542,18.8506,163.425,0.0913
1023,2059,230.84,14.7,281.19,160.78,0.7754,0.7754,5.7437,11.0328,0.0,0.5122
1023,2158,207.43,15.56,243.96,140.0,0.5469,0.5469,6.9632,6.5538,166.2745,0.1811
1024,2223,25.04,34.15,65.92,158.61,0.4092,0.4092,6.0901,18.7218,164.3181,0.1292
1024,2059,230.18,15.13,280.35,161.24,0.7422,0.7422,5.7179,10.9455,0.0,0.4903
1024,2158,207.14,18.69,242.42,139.82,0.4072,0.4072,6.9749,6.427,0.0,0.2706
1025,2223,29.67,33.51,65.47,136.54,0.4302,0.4302,7.5889,18.3773,167.1953,0.1361
1025,2059,226.72,15.46,277.17,161.58,0.5601,0.5601,5.6913,10.5088,0.0,0.3703
1025,2158,207.15,17.08,242.45,138.96,0.564,0.564,7.0403,6.4423,0.0,0.3748
1026,2223,30.47,33.36,62.11,120.26,0.3577,0.3577,9.2542,18.7848,169.5906,0.1129
1026,2059,226.84,15.02,276.64,161.69,0.7485,0.7485,5.6851,10.4848,0.0,0.4948
1026,2158,211.29,15.83,247.73,138.6,0.499,0.499,7.0784,7.1103,0.0,0.3314
1027,2059,221.27,14.94,271.56,160.96,0.6318,0.6318,5.7086,9.7418,0.0,0.4182
1028,2059,219.53,15.36,270.08,160.67,0.7051,0.7051,5.7195,9.5142,0.0,0.4668
1028,2223,24.99,32.64,66.44,146.84,0.7544,0.7544,6.8159,18.5935,14.0753,0.4823
1029,2059,218.9,15.32,269.6,160.36,0.7319,0.7319,5.7342,9.4284,0.0,0.4846
1029,2223,25.3,32.52,69.46,152.89,0.2727,0.2727,6.4144,18.4131,15.0609,0.174
1030,2059,219.32,14.74,270.36,160.79,0.8228,0.8228,5.7134,9.5231,0.0,0.5448
1030,2223,23.62,32.45,68.96,156.76,0.6646,0.6646,6.1905,18.5938,16.2605,0.4226
1031,2059,219.26,13.5,270.21,160.75,0.8262,0.8262,5.7152,9.5075,0.0,0.547
1031,2223,22.65,32.84,68.73,160.16,0.561,0.561,6.0041,18.7176,16.2843,0.3566
1032,2059,221.47,14.41,267.62,147.13,0.7793,0.7793,6.5078,9.1937,165.3391,0.2564
1032,2223,23.04,33.71,68.59,159.68,0.4766,0.4766,6.0295,18.6944,0.0,0.3094
1033,2059,220.73,15.16,269.15,156.0,0.8594,0.8594,5.9709,9.392,15.9476,0.5581
1033,2223,23.15,34.76,68.03,159.04,0.8135,0.8135,6.0657,18.7138,0.0,0.528
1034,2059,220.39,15.32,269.38,159.91,0.8467,0.8467,5.7592,9.4992,16.4514,0.549
1034,2223,22.86,35.58,68.07,161.23,0.8003,0.8003,5.9478,18.7633,16.0936,0.5089
1035,2059,220.27,14.92,268.96,160.87,0.8027,0.8027,5.7088,9.4955,0.0,0.5315
1035,2223,22.92,36.75,68.21,162.89,0.7256,0.7256,5.8603,18.779,0.0,0.4709
1036,2059,219.52,14.76,268.64,165.1,0.8101,0.8101,5.4972,9.5909,17.2399,0.5242
1036,2223,19.58,38.15,71.46,185.7,0.626,0.626,4.8678,19.425,19.3171,0.4047
1037,2059,219.15,14.88,268.09,167.6,0.3989,0.3989,5.3786,9.6456,17.6997,0.2578
1037,2223,19.6,39.78,71.48,189.55,0.3201,0.3201,4.7303,19.574,19.8251,0.2124
1038,2059,218.57,14.64,266.53,167.61,0.5786,0.5786,5.3757,9.5062,0.0,0.3831
1038,2223,20.83,41.78,69.73,183.94,0.5786,0.5786,4.934,19.3891,160.9747,0.187
1039,2059,217.66,14.18,264.82,168.77,0.8296,0.8296,5.3198,9.3948,0.0,0.5494
1039,2223,18.59,43.32,71.99,202.55,0.6704,0.6704,4.3161,20.1981,21.569,0.4787
1040,2059,216.65,13.92,263.59,168.36,0.4131,0.4131,5.336,9.2282,0.0,0.2736
1040,2223,20.5,44.58,69.82,192.83,0.5757,0.5757,4.6203,19.7577,159.7512,0.2097
1041,2059,212.25,14.18,258.14,168.9,0.7407,0.7407,5.3013,8.6238,0.0,0.491
1041,2223,18.24,45.02,72.33,211.99,0.5767,0.5767,4.0543,20.7041,22.8144,0.4297
1042,2059,210.62,14.29,256.65,169.63,0.5439,0.5439,5.2656,8.4683,0.0,0.3606
1042,2223,18.75,45.18,72.29,214.21,0.6909,0.6909,3.996,20.8051,0.0,0.5381
1043,2059,207.34,14.42,252.92,169.6,0.7148,0.7148,5.2605,8.0248,0.0,0.4742
1043,2223,18.41,44.7,72.07,217.63,0.5117,0.5117,3.9114,21.0377,0.0,0.404
1044,2059,206.37,14.84,251.69,169.83,0.6621,0.6621,5.2483,7.9022,0.0,0.4393
1044,2223,21.0,44.5,73.58,214.68,0.7334,0.7334,3.978,20.636,0.0,0.5732
1045,2059,204.67,15.09,249.7,170.08,0.6934,0.6934,5.2341,7.6903,0.0,0.4602
1045,2223,23.16,44.05,75.34,212.36,0.7988,0.7988,4.0308,20.2813,0.0,0.6192
1046,2059,203.71,15.09,249.55,173.95,0.7305,0.7305,5.0675,7.9025,18.6526,0.4719
1046,2223,24.6,43.96,77.11,211.87,0.8086,0.8086,4.0381,20.0728,0.0,0.6264
1046,2158,238.07,12.09,273.07,130.46,0.458,0.458,7.8478,10.8845,0.0,0.3026
1047,2059,204.15,15.55,248.78,170.52,0.7627,0.7627,5.2136,7.6321,161.8887,0.252
1047,2223,25.56,44.57,78.73,212.84,0.8574,0.8574,4.0086,19.9862,0.0,0.6677
1047,2158,239.04,12.03,273.59,130.67,0.5176,0.5176,7.8311,10.981,0.0,0.3419
1048,2059,201.49,15.81,247.17,173.81,0.8359,0.8359,5.0697,7.6209,21.3855,0.5356
1048,2223,26.05,44.98,79.66,213.0,0.8403,0.8403,4.0021,19.9167,0.0,0.6553
1048,2158,241.72,12.1,275.74,132.42,0.6929,0.6929,7.6811,11.272,21.6829,0.4411
1049,2059,200.33,16.0,246.25,175.56,0.7871,0.7871,4.9962,7.6423,0.0,0.5228
1049,2223,29.0,45.69,77.49,192.71,0.7949,0.7949,4.5934,18.7837,159.5995,0.294
1049,2158,243.13,12.22,276.78,132.61,0.6167,0.6167,7.6689,11.4355,0.0,0.4071
1050,2059,199.68,16.07,245.29,175.74,0.7456,0.7456,4.9878,7.5661,0.0,0.4961
1050,2223,30.59,46.05,83.96,204.62,0.5547,0.5547,4.2138,18.9235,22.5201,0.4039
1050,2158,244.58,12.19,278.38,132.13,0.5518,0.5518,7.7178,11.6529,0.0,0.3641
1051,2059,199.02,15.9,244.7,177.16,0.8076,0.8076,4.9301,7.6183,0.0,0.5436
1051,2223,29.71,46.82,86.24,214.06,0.7217,0.7217,3.9583,19.4135,23.2431,0.5482
1052,2059,198.37,15.65,243.67,176.93,0.6934,0.6934,4.938,7.5055,0.0,0.466
1052,2223,33.44,48.01,93.29,221.03,0.7349,0.7349,3.7722,19.2946,27.8814,0.568
1052,2158,247.78,12.67,283.12,132.96,0.5254,0.5254,7.6598,12.1777,0.0,0.3463
1053,2059,197.3,15.55,243.46,182.36,0.6558,0.6558,4.73,7.9414,19.844,0.4457
1053,2223,31.7,48.93,93.26,223.41,0.75,0.75,3.72,19.5572,0.0,0.6136
1053,2158,249.22,13.11,286.54,133.11,0.7832,0.7832,7.6566,12.5053,0.0,0.5159
1054,2059,194.27,14.78,240.21,179.99,0.79,0.79,4.8143,7.3907,0.0,0.544
1054,2223,35.29,49.73,102.02,235.09,0.8496,0.8496,3.4536,19.8147,28.0585,0.6915
1054,2158,249.21,13.68,288.22,133.16,0.6792,0.6792,7.6558,12.6177,0.0,0.4473
1055,2059,192.75,14.39,238.47,178.36,0.7559,0.7559,4.8749,7.0652,0.0,0.5146
1055,2223,34.52,50.11,100.81,232.92,0.8477,0.8477,3.5001,19.7398,0.0,0.7181
1055,2158,250.0,14.13,290.54,133.27,0.7441,0.7441,7.6527,12.8267,0.0,0.4899
1056,2059,190.78,14.15,236.33,177.43,0.8052,0.8052,4.9088,6.7656,0.0,0.5447
1056,2223,37.4,51.89,104.62,235.14,0.7139,0.7139,3.4464,19.5879,0.0,0.61
1056,2158,249.03,15.29,291.25,134.94,0.833,0.833,7.5077,12.7843,12.761,0.5416
1057,2059,189.5,13.97,234.68,176.78,0.8184,0.8184,4.9328,6.5542,0.0,0.5511
1057,2223,35.18,53.33,102.9,237.89,0.4341,0.4341,3.3973,20.0044,0.0,0.3734
1057,2158,249.55,16.03,292.94,134.87,0.8701,0.8701,7.5183,12.9352,0.0,0.5727
1058,2059,189.08,13.72,234.09,176.79,0.8203,0.8203,4.9319,6.5054,0.0,0.5526
1058,2223,39.91,54.19,101.14,223.08,0.5908,0.5908,3.7045,18.6881,155.029,0.2886
1058,2158,250.05,16.04,295.22,135.58,0.8452,0.8452,7.4643,13.1145,0.0,0.5561
1059,2059,188.53,14.18,233.25,176.69,0.7939,0.7939,4.9351,6.4272,0.0,0.5345
1059,2223,43.25,54.14,108.64,235.67,0.7471,0.7471,3.4233,19.1537,27.6544,0.6129
1059,2158,250.71,16.33,297.56,136.58,0.8135,0.8135,7.3877,13.3063,0.0,0.5351
1060,2059,187.83,13.9,232.43,176.92,0.8125,0.8125,4.9252,6.3777,0.0,0.5481
1060,2223,45.49,54.27,101.72,210.67,0.4216,0.4216,3.9981,17.4572,156.9602,0.1904
1060,2158,250.3,16.13,298.62,137.23,0.8608,0.8608,7.336,13.3437,0.0,0.5661
1060,2242,47.82,54.49,87.41,95.61,0.354,0.354,13.4619,17.0386,0.0,0.2308
1061,2059,186.57,13.89,231.15,176.63,0.3757,0.3757,4.9354,6.2267,0.0,0.253
1061,2223,45.62,53.86,109.16,232.07,0.397,0.397,3.4923,18.7104,26.0763,0.324
1061,2158,250.14,16.23,299.3,137.09,0.7861,0.7861,7.3486,13.3803,0.0,0.517
1062,2059,181.47,14.07,227.03,177.9,0.6782,0.6782,4.8812,5.9598,0.0,0.4617
1062,2223,47.56,53.39,114.23,240.23,0.644,0.644,3.3233,19.0848,28.39,0.5357
1062,2158,250.48,16.4,300.18,137.26,0.7939,0.7939,7.3374,13.4612,0.0,0.522
1063,2059,179.29,14.33,225.45,177.91,0.8193,0.8193,4.8794,5.8098,0.0,0.558
1063,2223,46.13,52.46,112.75,241.08,0.3943,0.3943,3.3107,19.2943,0.0,0.3443
1063,2158,253.17,16.46,302.69,137.31,0.3989,0.3989,7.3449,13.8123,0.0,0.2621
1064,2059,177.63,14.71,224.33,178.55,0.8013,0.8013,4.8535,5.7809,0.0,0.5485
1064,2223,47.33,52.07,114.27,242.19,0.501,0.501,3.2869,19.2692,0.0,0.4391
1064,2158,264.18,16.8,311.76,136.71,0.6152,0.6152,7.4413,15.1652,118.3622,0.1979
1065,2059,175.41,14.94,222.65,178.13,0.8145,0.8145,4.8684,5.5899,0.0,0.556
1065,2223,51.5,51.92,119.27,246.18,0.7124,0.7124,3.2044,19.2283,0.0,0.6322
1065,2158,268.76,16.5,314.77,137.08,0.7407,0.7407,7.4298,15.6671,0.0,0.4846
1066,2059,172.18,15.31,220.44,178.89,0.8237,0.8237,4.8375,5.5099,0.0,0.5657
1066,2223,56.56,51.67,124.09,247.99,0.7656,0.7656,3.1622,18.9794,0.0,0.6841
1066,2158,271.79,16.73,316.18,137.35,0.7075,0.7075,7.419,15.9593,0.0,0.4626
1067,2059,168.13,16.0,218.1,180.56,0.8262,0.8262,4.7725,5.5564,0.0,0.5746
1067,2223,58.4,51.48,126.67,253.25,0.7822,0.7822,3.0687,19.3166,0.0,0.7082
1067,2158,273.43,16.97,316.41,137.26,0.7349,0.7349,7.4313,16.0837,0.0,0.4803
1068,2059,165.2,16.17,219.5,191.27,0.8027,0.8027,4.3995,6.9765,21.1657,0.5794
1068,2223,58.56,52.31,125.08,253.56,0.7822,0.7822,3.065,19.4047,0.0,0.7085
1068,2158,272.63,17.34,314.75,137.03,0.4426,0.4426,7.4438,15.9228,0.0,0.2894
1069,2059,162.96,16.5,218.69,193.63,0.7529,0.7529,4.3239,7.2507,0.0,0.5678
1069,2158,274.5,17.56,315.52,136.85,0.7964,0.7964,7.4655,16.0989,0.0,0.5205
1070,2059,156.99,17.63,212.83,190.46,0.8193,0.8193,4.4238,6.674,140.4931,0.3342
1070,2158,276.11,17.64,316.25,137.05,0.8315,0.8315,7.4551,16.2519,0.0,0.5433
1071,2059,158.64,17.04,213.62,186.36,0.8394,0.8394,4.5617,6.1188,158.7685,0.3273
1071,2158,277.55,17.66,316.95,137.31,0.8237,0.8237,7.4394,16.3911,0.0,0.538
1072,2059,157.55,16.8,213.19,186.08,0.6558,0.6558,4.5712,6.0649,0.0,0.4735
1072,2158,280.11,18.29,318.51,137.5,0.7378,0.7378,7.4348,16.6609,0.0,0.4815
1073,2059,157.88,18.48,213.33,185.59,0.7793,0.7793,4.5883,6.0003,0.0,0.5609
1073,2158,283.2,18.66,320.85,137.47,0.7988,0.7988,7.452,17.0176,0.0,0.5209
1073,2223,74.68,57.43,135.04,244.48,0.4387,0.4387,3.1963,17.4454,133.0083,0.245
1074,2059,152.4,19.01,210.74,191.72,0.7832,0.7832,4.3827,6.8194,24.939,0.5604
1074,2158,282.9,19.28,321.02,138.9,0.7334,0.7334,7.336,17.0001,13.0531,0.4719
1074,2223,77.74,58.53,137.49,246.6,0.205,0.205,3.1542,17.458,0.0,0.184
1075,2059,151.33,18.28,212.93,195.91,0.6206,0.6206,4.2519,7.414,21.9748,0.4589
1075,2158,283.21,19.27,322.66,141.98,0.7988,0.7988,7.1033,17.1162,14.3909,0.5124
1076,2059,150.81,17.62,209.61,186.78,0.5557,0.5557,4.5466,6.1159,159.0838,0.2178
1076,2158,284.26,19.81,324.83,144.05,0.8101,0.8101,6.9598,17.3248,17.9243,0.5147
1076,2223,88.72,60.71,152.76,254.56,0.5234,0.5234,3.0008,17.4418,44.9069,0.4295
1077,2059,152.76,16.98,209.36,181.21,0.7686,0.7686,4.7454,5.3266,160.0803,0.2812
1077,2158,286.33,20.56,327.93,144.82,0.7671,0.7671,6.9184,17.6626,0.0,0.4993
1077,2223,90.15,59.48,156.52,252.79,0.5518,0.5518,3.0261,17.0783,0.0,0.505
1078,2059,153.76,17.2,208.72,178.03,0.6895,0.6895,4.8662,4.8749,160.7153,0.2413
1078,2158,287.59,21.58,330.38,145.46,0.8003,0.8003,6.8831,17.9047,0.0,0.5206
1079,2059,150.18,16.63,207.25,184.97,0.605,0.605,4.6096,5.8618,21.4459,0.4198
1079,2158,286.25,22.3,330.31,148.27,0.7441,0.7441,6.6872,17.8212,14.4311,0.4763
1080,2059,148.4,17.06,203.92,182.72,0.6504,0.6504,4.6902,5.5662,0.0,0.4594
1080,2158,284.21,23.15,329.24,150.59,0.8203,0.8203,6.5282,17.6318,16.438,0.5228
1081,2059,145.52,16.86,200.11,183.32,0.5176,0.5176,4.6691,5.717,0.0,0.367
1081,2158,284.33,23.56,330.4,152.08,0.8535,0.8535,6.4377,17.7262,0.0,0.5555
1082,2059,144.21,16.69,196.79,179.09,0.2429,0.2429,4.8268,5.2025,158.1814,0.0862
1082,2158,285.34,24.13,332.01,153.17,0.7124,0.7124,6.3773,17.9057,0.0,0.4634
1082,2223,106.69,15.03,190.69,259.91,0.4951,0.4951,2.8885,16.737,62.8217,0.3728
1083,2059,134.73,16.81,188.7,180.58,0.4775,0.4775,4.7745,5.8483,67.0474,0.2348
1083,2158,286.43,24.06,333.41,152.52,0.6226,0.6226,6.4234,18.0612,0.0,0.4048
1084,2059,131.07,16.48,186.19,183.84,0.3486,0.3486,4.6571,6.4603,27.093,0.2349
1084,2158,293.08,23.73,339.38,153.34,0.6279,0.6279,6.4056,18.8811,0.0,0.4073
1085,2059,120.81,16.73,189.68,231.76,0.3611,0.3611,3.3758,12.8648,26.8212,0.303
1085,2158,296.98,22.95,342.75,153.99,0.811,0.811,6.3854,19.3515,0.0,0.5254
1086,2059,122.14,17.15,186.54,219.19,0.4426,0.4426,3.6461,11.2542,154.9692,0.2246
1086,2158,298.75,22.55,343.99,153.84,0.6353,0.6353,6.4026,19.5417,0.0,0.4113
1087,2059,126.16,17.53,182.85,193.42,0.6133,0.6133,4.3387,7.9291,158.5984,0.2566
1087,2158,298.8,22.73,343.84,153.56,0.6665,0.6665,6.4193,19.5329,0.0,0.4315
1088,2059,128.02,17.39,182.52,184.89,0.214,0.214,4.6223,6.8252,159.7023,0.0816
1088,2158,300.98,22.45,345.56,152.77,0.5322,0.5322,6.4785,19.7741,0.0,0.3443
1089,2059,128.64,16.58,187.84,197.48,0.3857,0.3857,4.2117,8.2286,22.4627,0.2866
1089,2158,300.05,22.36,345.61,155.14,0.6704,0.6704,6.3324,19.7392,15.0806,0.4261
1090,2059,129.23,17.84,184.16,189.03,0.2167,0.2167,4.4792,7.2374,158.9522,0.0867
1090,2158,300.77,22.48,346.67,155.83,0.8037,0.8037,6.2965,19.8589,0.0,0.5199
1091,2059,133.15,18.64,190.19,195.37,0.397,0.397,4.2734,7.779,26.627,0.2879
1091,2158,301.99,22.55,348.24,156.62,0.8564,0.8564,6.2579,20.0436,0.0,0.5536
1092,2158,304.27,23.29,349.87,155.51,0.7583,0.7583,6.3336,20.2784,0.0,0.4899
1093,2158,306.27,24.12,352.23,157.94,0.686,0.686,6.2047,20.5784,21.3586,0.427
1093,2059,130.39,21.19,178.65,168.82,0.3364,0.3364,5.2618,5.0911,161.5758,0.1117
1094,2158,306.39,24.34,352.9,159.93,0.6626,0.6626,6.0956,20.6526,16.1604,0.4188
1094,2059,124.08,22.39,174.86,181.47,0.2386,0.2386,4.7512,6.9025,21.2411,0.161
1095,2158,309.34,24.69,355.68,162.14,0.8193,0.4097,5.9917,21.0405,27.0963,0.249
1095,2059,117.66,23.44,174.01,207.7,0.585,0.585,3.9357,10.2619,23.6388,0.4535
1095,2223,158.95,58.28,222.37,241.71,0.3811,0.3811,3.1803,13.8301,126.8183,0.2158
1096,2158,311.94,25.09,357.74,163.32,0.7808,0.3904,5.9423,21.3468,0.0,0.2513
1096,2059,118.17,24.01,176.8,219.75,0.4756,0.4756,3.6386,11.6657,25.1895,0.385
1097,2158,313.8,25.42,359.02,164.84,0.7598,0.3799,5.8724,21.5645,0.0,0.2444
1097,2059,121.63,24.37,172.01,194.75,0.6802,0.6802,4.3042,8.6353,158.4474,0.2873
1098,2158,314.85,26.36,359.04,164.83,0.5571,0.2786,5.8759,21.6302,0.0,0.1792
1098,2059,123.15,24.43,169.9,183.58,0.8052,0.8052,4.6773,7.3976,160.0256,0.3008
1099,2158,315.98,27.18,359.67,166.63,0.5908,0.2954,5.7902,21.7687,0.0,0.1899
1099,2059,124.95,24.13,171.82,181.86,0.6353,0.6353,4.7379,7.0426,0.0,0.4441
1100,2158,315.79,28.39,358.95,164.51,0.5449,0.2725,5.8945,21.6772,163.2356,0.0844
1100,2059,117.25,23.16,158.98,156.5,0.4426,0.4426,5.8945,6.2478,162.8993,0.1467
1101,2158,316.39,28.54,360.0,166.82,0.4351,0.2175,5.7828,21.8173,17.8363,0.1364
1101,2059,117.03,22.41,158.75,154.43,0.2576,0.2576,6.011,6.2013,164.1594,0.0854
1102,2158,320.12,30.36,360.0,168.21,0.3701,0.185,5.7248,22.0702,0.0,0.1188
1102,2059,114.01,22.58,157.0,156.12,0.3303,0.3303,5.92,6.5887,0.0,0.2195
1103,2158,322.32,31.47,360.0,170.93,0.5566,0.2783,5.6018,22.2565,18.7093,0.1737
1103,2059,113.99,22.97,155.55,149.38,0.3667,0.3667,6.3187,6.5084,164.8965,0.1214
1104,2158,323.67,32.45,360.0,173.49,0.5859,0.2929,5.4888,22.3923,18.1847,0.1831
1104,2059,110.82,23.22,159.11,171.19,0.3867,0.3867,5.1821,7.5061,18.1659,0.2503
1105,2158,325.56,32.62,360.0,173.59,0.458,0.229,5.4893,22.5084,0.0,0.1469
1105,2059,101.88,23.49,162.53,213.0,0.7559,0.7559,3.8159,11.8725,24.1174,0.5959
1106,2158,326.98,33.3,360.0,174.14,0.3008,0.1504,5.4685,22.606,0.0,0.0964
1106,2059,99.33,23.18,164.74,230.86,0.5254,0.5254,3.4152,13.9563,26.4837,0.4377
1107,-1,107.3,23.84,143.02,69.47,0.3469,0.3469,25.7505,13.0484,0.0,0.2283
1107,-1,105.89,23.94,156.23,159.47,0.2101,0.2101,5.7474,7.3255,0.0,0.1395
1108,2158,329.35,38.82,360.0,174.32,0.4302,0.2151,5.4668,22.7524,0.0,0.1378
1108,2059,102.71,24.72,155.84,190.66,0.3674,0.3674,4.4571,9.7941,159.1109,0.1473
1109,2158,330.56,39.7,360.0,174.09,0.4475,0.2238,5.4802,22.8199,0.0,0.1433
1109,2059,102.21,25.39,155.87,192.57,0.314,0.314,4.3956,9.9998,0.0,0.233
1110,2059,90.62,25.92,154.92,225.18,0.583,0.583,3.5469,13.9701,26.2193,0.4759
1111,2059,94.79,26.54,158.91,227.82,0.4436,0.4436,3.4847,13.96,0.0,0.381
1112,2059,92.98,26.53,159.75,237.32,0.7686,0.7686,3.2953,15.0875,27.3819,0.6496
1113,2059,90.38,27.0,158.53,244.03,0.6494,0.6494,3.1742,15.9909,29.4662,0.5546
1114,2059,90.5,27.2,158.62,244.36,0.7568,0.7568,3.1682,16.0224,0.0,0.6796
1115,2059,87.49,27.65,156.27,243.77,0.7334,0.7334,3.1823,16.1297,0.0,0.6571
1116,2059,90.73,27.94,158.75,243.12,0.7583,0.7583,3.1901,15.867,0.0,0.6789
1117,2059,92.58,28.35,159.0,238.69,0.6504,0.6504,3.2701,15.2846,0.0,0.5759
1118,2059,90.46,29.18,157.64,240.12,0.7163,0.7163,3.2458,15.5658,0.0,0.6363
1119,2059,90.52,30.0,157.34,239.84,0.625,0.625,3.2511,15.5416,0.0,0.5548
1120,2059,90.05,31.09,158.99,249.85,0.8052,0.8052,3.0734,16.6638,28.954,0.6988
1121,2059,87.84,31.01,159.39,262.19,0.6011,0.6011,2.8785,18.1587,30.7356,0.5326
1122,2059,87.62,32.03,159.58,267.05,0.502,0.502,2.8071,18.7281,0.0,0.4726
1123,2059,88.93,32.74,158.13,260.62,0.4475,0.4475,2.9023,17.9799,0.0,0.4162
1124,2059,87.27,32.63,158.6,270.04,0.7485,0.7485,2.7656,19.1129,31.7255,0.671
1125,2059,85.91,33.44,158.8,280.47,0.686,0.686,2.6267,20.3574,33.0432,0.6231
1126,2059,86.08,34.08,156.24,276.27,0.4619,0.4619,2.6829,19.9301,0.0,0.4414
1127,2059,86.17,34.01,156.27,279.07,0.6958,0.6958,2.6461,20.2514,0.0,0.6679
1128,2059,88.15,33.68,153.36,261.34,0.7231,0.7231,2.8949,18.2231,149.574,0.4319
1128,2264,235.6,0.22,263.79,87.95,0.7812,0.3906,15.3982,12.6262,0.0,0.2573
1129,2059,96.27,34.37,147.03,204.31,0.5796,0.5796,4.0589,11.8697,157.244,0.2618
1129,2264,235.63,0.11,263.85,87.74,0.2539,0.127,15.4705,12.649,0.0,0.0836
1130,2059,88.44,34.72,155.38,263.19,0.5186,0.5186,2.8657,18.3711,30.6949,0.4603
1131,2059,87.15,34.95,155.94,274.69,0.4055,0.4055,2.7035,19.7269,32.2361,0.3657
1131,2265,92.02,35.12,151.2,176.57,0.3496,0.3496,4.9817,9.5065,0.0,0.2323
1132,2265,93.1,34.72,153.19,178.56,0.3276,0.3276,4.9001,9.4612,0.0,0.2213
1133,-1,234.84,0.07,261.84,80.44,0.2255,0.1128,18.4481,13.1569,0.0,0.0742
1134,2264,231.74,0.06,260.1,88.42,0.6152,0.3076,15.2157,12.1864,29.8733,0.1891
1134,2265,95.64,34.25,156.66,181.11,0.2622,0.2622,4.7972,9.3024,27.5097,0.1709
1135,2264,231.9,0.11,258.64,83.06,0.2854,0.1427,17.2339,12.607,174.2937,0.0464
1135,2059,96.5,35.7,164.23,275.95,0.3269,0.3269,2.6767,19.4479,0.0,0.313
1136,2264,230.99,0.13,258.76,86.61,0.3167,0.1583,15.8383,12.2402,6.1416,0.1041
1136,2059,98.68,35.84,165.89,279.37,0.4341,0.4341,2.63,19.7734,0.0,0.418
1137,-1,261.56,39.8,309.94,209.39,0.5479,0.5479,4.03,17.2972,0.0,0.4279
1137,-1,126.0,35.65,160.59,65.53,0.2502,0.2502,29.9122,12.2421,0.0,0.1649
1137,-1,236.53,0.18,256.78,50.45,0.2227,0.1114,82.3515,16.0506,0.0,0.0728
1138,2268,262.49,39.57,310.81,208.94,0.4805,0.4805,4.0445,17.3667,0.0,0.3742
1138,2264,227.47,0.29,255.71,87.27,0.3459,0.1729,15.5835,11.8448,26.9684,0.1078
1139,2264,231.31,0.21,252.29,60.96,0.5,0.25,37.3477,14.5346,177.3926,0.0807
1140,2264,232.21,0.18,250.74,50.78,0.4863,0.2432,79.2234,15.6253,178.7677,0.0781
1140,2265,107.99,35.76,170.79,188.27,0.2766,0.2766,4.5222,8.5569,36.597,0.1828
1141,2059,116.15,37.1,185.17,278.62,0.6899,0.6899,2.625,19.039,89.4404,0.4381
1142,2273,132.82,37.31,176.33,87.92,0.5469,0.5469,15.2111,8.7672,0.0,0.3625
1142,2059,119.18,35.25,189.73,274.24,0.3225,0.3225,2.6804,18.3878,0.0,0.3093
1142,2268,261.06,40.33,311.04,216.32,0.5059,0.5059,3.8543,17.8226,23.8014,0.3921
1143,2273,133.88,36.51,178.28,88.28,0.3286,0.3286,15.0869,8.6358,25.3501,0.2073
1143,2268,261.3,40.1,309.89,211.79,0.6177,0.6177,3.9668,17.4473,156.5077,0.2815
1144,2273,136.44,38.09,179.53,88.45,0.283,0.283,15.0265,8.5117,0.0,0.1876
1144,2268,261.32,40.01,308.99,209.35,0.3149,0.3149,4.0293,17.2282,0.0,0.246
1145,-1,222.19,0.18,250.31,56.29,0.2712,0.1356,49.2613,14.6266,0.0,0.0889
1146,2265,126.55,39.5,187.58,188.69,0.2681,0.2681,4.4903,7.1708,83.1851,0.1175
1146,2268,260.32,37.91,308.05,208.56,0.4397,0.4397,4.0476,17.0657,0.0,0.3425
1147,2280,219.58,0.34,249.44,97.35,0.7812,0.3906,12.656,10.1873,0.0,0.2583
1147,2268,261.13,36.39,308.62,206.0,0.562,0.562,4.1192,16.9692,0.0,0.4325
1148,2280,218.53,0.51,249.06,99.74,0.7202,0.3601,12.1151,9.8973,8.2564,0.237
1148,2268,262.33,35.02,307.92,197.04,0.3049,0.3049,4.3816,16.4316,158.7783,0.1226
1149,2280,217.56,0.14,248.47,100.62,0.7759,0.388,11.9249,9.7355,10.5322,0.2546
1149,2268,261.11,33.76,306.47,194.69,0.5591,0.5591,4.4512,16.1353,0.0,0.4063
1150,2280,216.97,0.12,247.97,100.72,0.8032,0.4016,11.9019,9.6679,0.0,0.2658
1151,2280,216.48,0.16,247.33,100.05,0.5342,0.2671,12.041,9.6674,169.3097,0.0878
1152,2280,216.36,0.23,247.12,99.43,0.8232,0.4116,12.1741,9.706,171.7068,0.1352
1153,2280,220.44,0.21,242.39,66.82,0.7041,0.352,28.4705,13.0764,176.5799,0.1143
1154,2280,221.37,0.15,240.93,56.26,0.4551,0.2276,49.2834,14.2718,178.0212,0.0735
1155,-1,214.03,0.21,247.22,51.43,0.2974,0.1487,73.695,14.8027,0.0,0.0975
1155,-1,259.88,31.5,302.06,182.53,0.2128,0.2128,4.8623,15.1459,0.0,0.1433
1155,-1,260.44,31.25,301.78,120.94,0.2056,0.2056,8.9648,14.5606,0.0,0.1349
1156,2283,213.2,0.24,246.7,51.94,0.4436,0.2218,70.0255,14.6992,0.0,0.1454
1157,2283,212.36,0.14,247.72,54.85,0.2458,0.1229,54.5551,14.3625,1.7883,0.0806
1157,2268,259.38,30.28,302.6,184.5,0.354,0.354,4.7895,15.2443,159.4481,0.1238
1158,-1,213.47,0.21,244.41,81.0,0.2644,0.1322,18.0553,11.2994,0.0,0.0873
1158,-1,167.62,33.19,217.12,246.38,0.2043,0.2043,3.0983,14.4824,0.0,0.1858
1159,-1,261.28,30.38,298.97,121.08,0.2095,0.2095,8.9429,14.4273,0.0,0.1375
1160,-1,260.44,30.06,298.69,117.84,0.3831,0.3831,9.3377,14.4581,0.0,0.2514
1160,-1,212.62,0.7,243.0,109.69,0.3503,0.1752,10.2619,8.3845,0.0,0.1161
1161,2268,264.96,29.98,294.19,127.05,0.5776,0.5776,8.2858,14.1972,168.3643,0.1867
1162,2268,265.0,30.07,294.01,121.39,0.6113,0.6113,8.9031,14.3366,169.1615,0.1974
1163,2268,265.0,30.0,294.14,118.57,0.353,0.353,9.2452,14.4342,169.5732,0.114
1163,2283,207.28,0.9,246.54,62.92,0.3286,0.1643,33.7127,13.2037,3.0711,0.108
1164,2268,264.56,30.09,294.45,118.92,0.2429,0.2429,9.201,14.4141,0.0,0.1594
1164,2283,206.98,0.51,246.27,63.93,0.3804,0.1902,32.1658,13.0653,3.1232,0.1251
1165,2283,205.82,0.39,244.64,63.93,0.3259,0.163,32.1535,12.9708,83.662,0.0589
1165,2059,180.49,38.33,239.64,237.41,0.3218,0.3218,3.2694,13.8083,0.0,0.2857
1166,2283,201.81,0.29,246.52,75.51,0.5981,0.299,21.02,11.5365,4.6336,0.197
1166,2059,179.82,37.26,242.02,243.62,0.2837,0.2837,3.1562,14.6415,28.6271,0.2442
1166,2268,262.23,27.26,290.73,112.37,0.2998,0.2998,10.0736,14.268,169.2324,0.0969
1167,2059,178.95,40.24,242.87,249.39,0.4465,0.4465,3.0565,15.3807,0.0,0.408
1168,2059,177.94,33.84,245.37,253.27,0.2386,0.2386,2.993,15.9041,0.0,0.2199
1168,2283,201.0,0.46,246.95,80.2,0.3943,0.1971,18.4125,10.9833,5.2755,0.13
1169,2283,201.92,0.71,246.85,80.71,0.5601,0.2801,18.1688,10.9577,6.9799,0.1843
1169,2268,253.35,24.18,297.88,159.87,0.6133,0.6133,5.8548,13.645,16.205,0.395
1170,2283,202.89,0.64,246.02,79.31,0.5601,0.2801,18.8597,11.1222,174.848,0.0916
1170,2268,252.54,23.93,297.63,163.57,0.7441,0.7441,5.6625,13.666,16.7592,0.4785
1170,2059,181.87,44.91,248.22,253.32,0.3784,0.3784,2.9948,16.0416,0.0,0.3485
1171,-1,271.83,24.47,287.86,48.59,0.3904,0.3904,106.0277,19.0802,0.0,0.2531
1171,-1,208.97,0.21,237.66,63.28,0.2554,0.1277,33.1137,12.9225,0.0,0.0841
1172,2059,176.04,9.27,253.33,254.32,0.5322,0.5322,2.9784,16.1535,0.0,0.4912
1173,2059,180.42,15.89,255.15,249.44,0.7168,0.7168,3.0611,15.6706,0.0,0.6543
1174,2059,185.06,26.24,256.21,245.79,0.3887,0.3887,3.1262,15.3502,0.0,0.3516
1174,2268,250.9,25.01,293.83,161.91,0.4766,0.4766,5.7371,13.2598,0.0,0.3135
1175,2059,190.88,30.85,260.35,242.71,0.4648,0.4648,3.1859,15.2352,0.0,0.4168
1175,2268,254.35,24.95,294.17,152.08,0.5088,0.5088,6.2923,13.3305,164.7658,0.165
1175,2283,189.3,1.58,245.45,110.11,0.3657,0.1829,10.1677,7.202,9.6864,0.1206
1176,2059,193.91,33.99,263.09,241.69,0.3442,0.3442,3.2076,15.2789,0.0,0.3077
1176,2268,250.5,25.5,291.62,157.72,0.22,0.22,5.9548,12.9879,17.5614,0.1414
1177,2059,196.67,32.9,265.87,237.0,0.7515,0.7515,3.2983,14.8948,0.0,0.6631
1178,2059,199.77,32.32,268.62,234.34,0.6885,0.6885,3.3536,14.7812,0.0,0.6025
1178,2301,203.48,2.95,230.66,65.71,0.4272,0.2136,29.6881,12.2411,0.0,0.1408
1178,2268,251.62,25.9,292.21,159.14,0.4377,0.4377,5.8807,13.1331,0.0,0.288
1179,2059,203.28,32.49,271.63,232.28,0.3242,0.3242,3.3991,14.7787,0.0,0.2818
1179,2301,197.89,3.41,227.57,71.49,0.5195,0.2597,23.8416,11.2689,5.0622,0.1712
1180,2059,206.36,32.1,274.54,232.03,0.7129,0.7129,3.4085,14.974,0.0,0.6185
1180,2301,193.93,4.28,226.55,78.77,0.6426,0.3213,19.0781,10.2084,5.3544,0.212
1181,2059,209.04,31.5,277.28,232.46,0.709,0.709,3.404,15.2291,0.0,0.6152
1181,2301,193.65,4.27,225.32,76.05,0.6074,0.3037,20.6158,10.5101,175.0798,0.0995
1182,2059,212.03,31.1,279.68,232.57,0.8003,0.8003,3.4061,15.4528,0.0,0.694
1182,2301,192.22,3.62,226.19,80.51,0.395,0.1975,18.2021,9.9283,5.3411,0.1304
1183,2059,213.35,26.58,281.3,232.1,0.7456,0.7456,3.418,15.5207,0.0,0.6453
1183,2301,185.22,2.92,231.92,110.52,0.3721,0.186,10.086,6.2907,9.5673,0.1228
1184,2059,216.06,24.16,283.42,232.5,0.6943,0.6943,3.4141,15.7598,0.0,0.601
1185,2059,218.79,24.66,284.94,231.95,0.6748,0.6748,3.4289,15.8794,0.0,0.5826
1185,2301,182.47,3.5,233.47,123.65,0.4377,0.2188,8.4015,4.9514,11.4433,0.1442
1186,2059,219.52,23.87,285.25,233.16,0.7754,0.7754,3.4054,16.0475,0.0,0.6717
1186,2301,181.8,4.16,231.72,123.87,0.5361,0.2681,8.3761,4.7942,0.0,0.1784
1187,2059,220.87,27.86,284.51,232.62,0.8467,0.8467,3.4168,16.0176,0.0,0.7322
1187,2301,180.27,2.8,230.21,124.26,0.7334,0.3667,8.3324,4.5884,0.0,0.2441
1188,2059,220.59,24.75,284.44,233.37,0.7671,0.7671,3.4015,16.0799,0.0,0.6649
1188,2301,179.28,3.39,228.47,124.13,0.7754,0.3877,8.3444,4.4486,0.0,0.2581
1189,2059,222.03,25.83,284.62,233.11,0.5972,0.5972,3.4081,16.1211,0.0,0.5171
1189,2301,179.06,3.78,227.55,124.27,0.7642,0.3821,8.3288,4.3734,0.0,0.2544
1190,2059,222.02,24.13,284.54,233.39,0.8159,0.8159,3.4025,16.146,0.0,0.707
1190,2301,178.19,3.19,226.22,123.44,0.7485,0.3743,8.4163,4.3344,0.0,0.2491
1191,2059,222.91,28.69,283.69,233.51,0.8384,0.8384,3.4001,16.16,0.0,0.7267
1191,2301,177.55,3.01,226.11,126.85,0.4368,0.2184,8.0618,3.9774,11.9606,0.1438
1192,2059,222.92,30.08,283.57,235.91,0.6772,0.6772,3.3527,16.4023,0.0,0.591
1192,2301,179.35,2.94,219.7,103.37,0.6113,0.3056,11.2883,6.4416,171.3839,0.1012
1192,2306,319.73,37.15,359.89,224.21,0.4629,0.2314,3.8454,24.1254,0.0,0.1832
1193,2059,222.36,31.81,282.88,238.38,0.7793,0.7793,3.3042,16.608,0.0,0.6849
1193,2301,176.02,3.21,220.58,115.18,0.7793,0.3896,9.4052,4.8873,10.2882,0.2572
1193,2306,318.33,37.02,358.6,224.39,0.5649,0.2824,3.8361,23.9914,0.0,0.224
1194,2059,222.33,31.9,281.99,237.09,0.6816,0.6816,3.328,16.4362,0.0,0.5971
1194,2301,173.73,4.01,222.39,129.26,0.5078,0.2539,7.8244,3.3415,12.2583,0.1672
1195,2059,222.24,32.1,282.4,239.75,0.6567,0.6567,3.2779,16.7275,0.0,0.5793
1195,2301,172.67,4.43,220.81,130.27,0.4746,0.2373,7.7291,3.1039,0.0,0.1581
1195,2306,317.91,37.36,357.53,221.68,0.3293,0.1646,3.8969,23.766,0.0,0.1293
1196,2301,171.88,5.42,219.55,132.2,0.6514,0.6514,7.5544,2.8179,14.2239,0.4273
1196,2306,305.69,37.53,346.44,220.91,0.6479,0.6479,3.8718,22.4629,78.5239,0.34
1197,2301,171.06,5.75,219.11,135.95,0.6826,0.6826,7.2363,2.4522,13.3787,0.4487
1197,2306,305.61,36.38,344.14,204.19,0.3904,0.3904,4.307,21.4513,158.2113,0.1572
1197,2059,222.39,32.32,282.39,240.04,0.4922,0.4922,3.2726,16.7635,0.0,0.4345
1198,2301,176.71,6.16,212.85,100.48,0.6279,0.6279,11.8576,6.5668,171.8399,0.2079
1198,2306,299.78,34.74,341.88,212.43,0.606,0.606,4.0647,21.4133,23.9151,0.4483
1198,2059,220.83,32.25,280.76,238.91,0.7056,0.7056,3.291,16.5184,0.0,0.6215
1199,2301,178.79,5.96,210.04,85.01,0.4766,0.4766,16.2378,8.6482,174.02,0.1571
1199,2306,296.79,32.59,341.12,214.32,0.7212,0.7212,4.009,21.3088,0.0,0.5597
1199,2059,221.29,32.12,281.75,241.3,0.7168,0.7168,3.2477,16.8282,0.0,0.6351
1200,2301,179.16,5.61,209.52,80.31,0.583,0.583,18.262,9.2865,174.68,0.1918
1200,2306,295.01,32.47,340.65,215.01,0.6899,0.6899,3.9874,21.223,0.0,0.5375
1200,2059,221.77,41.51,278.65,239.59,0.7051,0.7051,3.2772,16.5446,0.0,0.6223
1201,2301,179.46,9.48,208.6,79.27,0.2942,0.2942,18.7777,9.419,174.5842,0.0967
1201,2306,293.16,31.99,339.65,214.09,0.7964,0.7964,4.0058,21.0122,0.0,0.6188
1201,2059,220.91,35.25,279.4,239.76,0.7153,0.7153,3.274,16.5584,0.0,0.6316
1202,2301,178.14,7.37,208.78,79.65,0.3867,0.3867,18.5849,9.3505,9.3775,0.2544
1202,2306,294.44,31.84,340.19,209.25,0.6724,0.6724,4.1366,20.8458,157.5792,0.2869
1202,2059,221.02,32.45,279.99,239.82,0.7778,0.7778,3.2734,16.592,0.0,0.6868
1202,2311,174.29,6.82,213.44,135.37,0.4387,0.4387,7.283,2.3423,0.0,0.2923
1203,2306,293.71,31.72,338.79,204.06,0.7974,0.7974,4.2778,20.4526,157.5235,0.3258
1203,2059,221.12,31.55,279.76,239.37,0.8003,0.8003,3.2818,16.5392,0.0,0.7058
1203,2311,172.97,5.81,212.72,136.63,0.6934,0.6934,7.18,2.1242,16.838,0.4522
1204,2306,291.87,31.79,336.97,201.46,0.7808,0.7808,4.3472,20.1099,0.0,0.5726
1204,2059,220.87,31.39,278.29,235.68,0.6362,0.6362,3.3508,16.0806,0.0,0.5557
1204,2311,170.12,5.24,209.9,136.16,0.5479,0.5479,7.2163,1.824,0.0,0.3652
1205,2306,290.6,31.27,335.16,196.02,0.7671,0.7671,4.5089,19.6674,158.1234,0.291
1205,2059,216.06,31.15,274.76,236.7,0.7227,0.7227,3.3242,15.8631,0.0,0.6341
1205,2311,168.78,5.92,208.62,136.97,0.6978,0.6978,7.1507,1.6047,0.0,0.4651
1206,2306,287.26,30.9,332.2,193.25,0.7334,0.7334,4.5867,19.1651,0.0,0.5158
1206,2059,217.9,31.53,277.62,242.47,0.6807,0.6807,3.2201,16.6668,30.3209,0.5748
1206,2311,169.13,6.37,207.55,132.47,0.6567,0.6567,7.5262,2.0412,167.2271,0.2188
1207,2306,283.91,30.22,329.97,191.96,0.7104,0.7104,4.6191,18.7716,0.0,0.4971
1207,2059,219.81,31.4,278.05,238.84,0.5669,0.5669,3.2892,16.365,0.0,0.4996
1207,2311,168.13,6.39,206.45,132.19,0.5889,0.5889,7.5504,1.9909,0.0,0.3925
1208,2306,279.6,30.36,327.2,191.58,0.7471,0.7471,4.6187,18.3275,0.0,0.5234
1208,2059,220.22,31.63,276.89,234.25,0.585,0.585,3.3771,15.8473,0.0,0.5092
1208,2311,165.51,3.9,205.69,135.36,0.3604,0.1802,7.2799,1.4772,14.7966,0.1181
1208,2301,170.45,3.09,203.61,79.03,0.543,0.2715,18.8923,9.2955,135.9982,0.0893
1209,2306,276.12,30.62,325.13,191.44,0.5195,0.5195,4.6133,17.9859,0.0,0.3647
1209,2059,215.24,31.62,273.13,234.68,0.7988,0.7988,3.3615,15.5497,0.0,0.6973
1209,2311,163.55,4.01,205.0,138.3,0.3594,0.1797,7.045,1.0224,14.8079,0.1178
1209,2301,166.69,3.42,207.53,98.18,0.5,0.25,12.3508,6.6244,7.8374,0.1653
1210,2306,273.78,30.36,324.08,191.09,0.6899,0.6899,4.619,17.7642,0.0,0.484
1210,2059,217.53,31.9,275.82,238.02,0.6309,0.6309,3.301,16.1029,0.0,0.5553
1210,2311,162.49,5.01,203.48,135.97,0.5439,0.5439,7.2295,1.2292,164.94,0.1813
1211,2306,270.67,29.99,322.36,191.31,0.5728,0.5728,4.6032,17.4827,0.0,0.4034
1211,2059,214.2,32.19,273.83,241.13,0.603,0.603,3.2387,16.244,0.0,0.5356
1211,2311,160.91,6.32,203.46,141.62,0.584,0.584,6.7964,0.4636,14.1752,0.3834
1212,2306,266.66,30.14,319.87,191.54,0.3098,0.3098,4.5843,17.1012,0.0,0.2191
1212,2059,212.59,32.21,272.88,241.11,0.606,0.606,3.2372,16.1492,0.0,0.5385
1212,2301,163.7,9.65,198.94,88.93,0.4121,0.4121,14.8474,7.8555,172.2834,0.1361
1213,2059,212.29,31.66,272.8,238.58,0.8076,0.8076,3.284,15.8546,0.0,0.7129
1213,2311,159.73,7.0,202.84,143.54,0.4456,0.4456,6.6601,0.1959,15.7375,0.2915
1214,2059,212.2,31.73,273.15,238.17,0.7544,0.7544,3.2919,15.8187,0.0,0.6652
1214,2311,154.36,6.12,199.33,148.98,0.4055,0.4055,6.3008,0.8459,19.232,0.2628
1214,2306,274.16,30.44,325.83,191.99,0.4736,0.4736,4.5927,17.9362,0.0,0.3338
1214,2301,159.85,8.39,195.5,87.95,0.385,0.385,15.1707,7.998,156.5204,0.1271
1215,2059,215.28,32.41,275.79,239.31,0.5947,0.5947,3.2749,16.1565,0.0,0.5254
1215,2311,154.16,7.37,197.9,146.56,0.5449,0.5449,6.4562,0.6779,164.4852,0.1816
1215,2306,271.18,30.2,322.51,191.91,0.499,0.499,4.5843,17.5522,0.0,0.3526
1216,2059,217.53,32.01,277.2,238.07,0.646,0.646,3.3012,16.1613,0.0,0.5685
1216,2311,153.0,7.84,196.34,145.84,0.6733,0.6733,6.5041,0.8091,0.0,0.4488
1216,2306,265.59,30.41,317.33,191.79,0.6206,0.6206,4.5699,16.8959,0.0,0.4404
1216,2301,155.87,7.63,192.58,87.7,0.4282,0.4282,15.2566,8.068,123.2948,0.1413
1217,2059,215.77,41.68,275.51,244.3,0.6768,0.6768,3.1839,16.7113,28.7162,0.5778
1217,2311,151.48,8.56,194.33,145.27,0.5786,0.5786,6.5428,1.0342,0.0,0.3857
1217,2306,262.93,29.48,314.94,192.04,0.4678,0.4678,4.5533,16.6044,0.0,0.3332
1217,2301,153.98,7.42,191.34,87.47,0.304,0.304,15.3363,8.1255,0.0,0.2016
1218,2059,216.53,35.82,276.44,238.79,0.585,0.585,3.2862,16.1717,152.5114,0.321
1218,2311,149.6,8.35,192.74,145.78,0.2822,0.2822,6.5092,1.2924,0.0,0.1881
1218,2306,265.16,29.71,316.12,192.15,0.2583,0.2583,4.5553,16.8158,0.0,0.1838
1218,2301,151.89,7.68,189.94,87.48,0.4961,0.4961,15.3342,8.1594,0.0,0.3291
1219,2059,213.36,32.87,273.53,234.39,0.7285,0.7285,3.3661,15.4613,0.0,0.6356
1219,2311,148.0,8.14,191.29,145.12,0.2666,0.2666,6.5541,1.4943,0.0,0.1777
1219,2306,262.96,28.61,313.83,190.81,0.4658,0.4658,4.5926,16.4742,0.0,0.3295
1219,2301,150.55,7.91,189.33,87.57,0.6074,0.6074,15.3042,8.1699,0.0,0.4029
1220,2059,211.61,31.66,272.24,232.93,0.6929,0.6929,3.3927,15.1853,0.0,0.6024
1220,2306,261.3,26.91,312.42,189.11,0.686,0.686,4.6453,16.1994,0.0,0.4807
1220,2301,147.92,8.14,189.85,93.43,0.3345,0.3345,13.5256,7.389,7.2886,0.2212
1221,2059,212.08,31.11,273.27,234.08,0.7178,0.7178,3.371,15.3686,0.0,0.6259
1221,2306,260.19,25.73,311.18,186.9,0.7285,0.7285,4.7185,15.9436,0.0,0.5037
1221,2301,146.11,8.72,189.64,95.91,0.6196,0.6196,12.8891,7.0809,8.1364,0.4094
1222,2059,215.81,30.54,276.44,234.99,0.771,0.771,3.3586,15.7336,0.0,0.6731
1222,2306,258.77,24.38,309.42,185.63,0.644,0.644,4.7586,15.6846,0.0,0.4421
1222,2311,145.12,8.18,190.14,149.19,0.6372,0.6372,6.2907,1.9243,16.8431,0.4156
1223,2059,213.41,30.9,273.68,233.22,0.6533,0.6533,3.3894,15.3415,0.0,0.5681
1223,2306,258.21,23.71,308.53,184.34,0.6436,0.6436,4.803,15.5317,0.0,0.4381
1223,2311,143.81,8.02,189.52,151.02,0.3503,0.3503,6.1787,2.1616,17.3526,0.2281
1223,2301,144.2,8.7,188.25,96.44,0.4746,0.4746,12.762,7.0695,23.9903,0.3015
1224,2059,215.96,30.57,275.51,232.84,0.7114,0.7114,3.4005,15.4721,0.0,0.6174
1224,2306,256.53,23.3,305.87,182.11,0.6206,0.6206,4.8788,15.1548,0.0,0.4166
1224,2311,143.74,8.26,188.93,147.59,0.2998,0.2998,6.3929,2.0267,165.0545,0.0999
1224,2301,143.48,8.57,187.99,96.22,0.459,0.459,12.8157,7.1189,0.0,0.3048
1225,2059,217.46,30.65,277.14,235.97,0.7349,0.7349,3.3414,15.9308,0.0,0.643
1225,2306,258.61,23.46,306.01,178.51,0.4158,0.4158,5.0219,15.1328,160.8521,0.1338
1225,2301,143.7,8.61,188.34,95.44,0.7476,0.7476,13.0074,7.2133,172.048,0.2472
1226,2059,218.38,30.68,277.02,234.66,0.7642,0.7642,3.3676,15.8225,0.0,0.6661
1226,2306,257.5,23.27,303.01,176.73,0.4426,0.4426,5.0867,14.7965,0.0,0.2902
1226,2301,143.43,9.82,188.58,96.39,0.5757,0.5757,12.7743,7.085,7.5826,0.3807
1227,2059,218.62,31.17,276.69,233.98,0.6387,0.6387,3.381,15.7466,0.0,0.5557
1227,2306,256.7,24.07,300.5,175.09,0.3857,0.3857,5.1488,14.5175,0.0,0.253
1227,2301,143.18,9.89,188.7,95.8,0.4824,0.4824,12.9182,7.1676,172.4646,0.1595
1227,2311,141.5,9.47,190.44,159.19,0.395,0.395,5.7195,2.9647,16.5663,0.2577
1228,2059,218.84,30.43,277.54,237.82,0.6929,0.6929,3.3073,16.1983,0.0,0.6091
1228,2306,255.14,23.07,297.37,173.12,0.395,0.395,5.2245,14.1373,0.0,0.2593
1228,2326,190.69,14.22,216.11,120.15,0.6772,0.6772,8.7886,4.7837,0.0,0.4507
1228,2311,140.4,11.69,188.53,159.44,0.4131,0.4131,5.7073,3.14,0.0,0.2752
1229,2059,221.32,29.78,279.5,234.65,0.6782,0.6782,3.3724,16.0393,0.0,0.5905
1229,2326,189.75,15.13,214.15,116.8,0.4377,0.4377,9.1975,5.003,168.5463,0.1453
1229,2301,137.55,12.86,191.44,116.63,0.6309,0.6309,9.2122,4.5049,10.4877,0.4164
1230,2059,221.01,41.09,276.28,236.78,0.6738,0.6738,3.328,16.1229,0.0,0.5906
1230,2326,187.08,14.7,212.5,120.33,0.459,0.459,8.7631,4.4188,12.7272,0.3018
1230,2311,142.16,13.86,184.56,142.45,0.6851,0.6851,6.743,2.3969,165.8298,0.2282
1231,2059,222.45,30.62,279.51,232.48,0.6343,0.6343,3.4166,15.8602,0.0,0.5487
1231,2301,140.55,14.11,188.11,105.87,0.5601,0.5601,10.8276,5.895,171.0769,0.1857
1232,2059,221.97,24.82,279.43,226.69,0.626,0.626,3.5364,15.2424,154.2206,0.3235
1232,2301,139.33,13.61,188.82,110.81,0.2134,0.2134,10.0239,5.2679,9.6435,0.141
1232,2311,140.33,12.71,187.17,156.5,0.4902,0.4902,5.8649,2.9395,16.1669,0.3201
1233,2059,221.1,28.0,276.71,224.3,0.7695,0.7695,3.585,14.8432,0.0,0.6496
1233,2327,179.01,16.03,210.3,48.84,0.3887,0.3887,99.5151,13.5581,0.0,0.2555
1233,2311,140.39,14.68,186.81,157.92,0.543,0.543,5.7881,3.084,0.0,0.3617
1234,2059,220.43,28.78,275.6,224.19,0.7671,0.7671,3.5859,14.7545,0.0,0.6476
1234,2327,176.43,16.11,207.18,48.37,0.5254,0.5254,106.4283,13.5681,174.2197,0.1702
1234,2311,140.39,14.29,186.37,156.37,0.583,0.583,5.8723,2.9705,0.0,0.3884
1235,2059,219.53,25.25,275.46,224.75,0.8086,0.8086,3.5727,14.767,0.0,0.684
1235,2311,142.41,15.02,188.12,153.86,0.6875,0.6875,6.0122,2.5426,160.3929,0.2289
1236,2059,219.07,24.13,274.98,224.44,0.8037,0.8037,3.5787,14.6947,0.0,0.6793
1236,2301,139.11,15.75,185.04,105.43,0.3015,0.3015,10.9078,6.0806,170.5921,0.0999
1237,2059,219.65,24.02,275.34,225.09,0.8779,0.8779,3.5653,14.8021,0.0,0.7435
1237,2301,137.66,15.54,184.01,105.16,0.5059,0.5059,10.9576,6.1911,0.0,0.3363
1238,2059,220.39,27.43,274.59,223.33,0.4844,0.4844,3.6039,14.6209,0.0,0.4079
1238,2301,137.81,15.48,182.54,102.2,0.251,0.251,11.515,6.6095,171.4195,0.0831
1239,2059,222.44,28.95,277.04,224.85,0.8477,0.8477,3.5745,14.9721,0.0,0.7167
1239,2311,150.66,15.14,191.8,127.75,0.541,0.541,7.9627,2.648,167.6317,0.1801
1240,2059,224.9,28.21,280.91,225.71,0.8838,0.8838,3.5615,15.3376,0.0,0.7482
1240,2311,141.61,15.05,195.87,161.47,0.4951,0.4951,5.6011,2.98,16.9361,0.3227
1241,2059,227.21,27.93,284.66,225.68,0.8647,0.8647,3.5679,15.6066,0.0,0.7309
1241,2311,144.07,14.73,194.51,143.83,0.3784,0.3784,6.6425,1.5368,165.6346,0.1261
1242,2059,227.4,27.56,285.97,225.59,0.8452,0.8452,3.5713,15.666,0.0,0.714
1242,2311,145.54,14.73,191.18,124.69,0.4167,0.4167,8.2735,3.2322,168.3792,0.1387
1243,2059,227.18,24.81,287.44,225.47,0.8667,0.8667,3.5752,15.7115,0.0,0.7317
1243,2311,145.69,14.91,190.78,118.11,0.7271,0.7271,9.0226,4.0741,169.329,0.2418
1244,2059,229.08,28.14,289.83,225.62,0.8901,0.8901,3.5762,15.9233,0.0,0.751
1244,2311,142.76,15.85,187.36,114.15,0.5479,0.5479,9.5415,4.7791,167.2085,0.182
1245,2059,227.62,29.8,288.38,225.51,0.8755,0.8755,3.5757,15.7786,0.0,0.7389
1245,2311,139.63,16.22,188.47,122.36,0.3091,0.3091,8.5281,3.852,11.3708,0.2038
1245,2301,133.95,16.22,182.19,110.68,0.2983,0.2983,10.0509,5.7054,9.9206,0.1969
1246,2059,226.45,28.93,288.02,225.66,0.8218,0.8218,3.5709,15.7229,0.0,0.6942
1246,2311,135.83,16.67,186.88,125.78,0.6792,0.6792,8.1664,3.7358,14.969,0.4446
1247,2059,225.4,29.71,287.15,225.91,0.8608,0.8608,3.5636,15.6598,0.0,0.7281
1247,2311,133.09,16.36,185.74,128.92,0.3757,0.3757,7.859,3.6569,14.3717,0.2463
1248,2059,225.52,30.66,287.2,226.01,0.75,0.75,3.5616,15.6773,0.0,0.6345
1248,2311,130.89,16.0,182.87,127.9,0.542,0.542,7.96,4.0363,151.0003,0.1802
1249,2059,225.24,30.08,287.14,226.05,0.6021,0.6021,3.5604,15.6658,0.0,0.5095
1249,2311,129.23,16.22,182.74,131.11,0.54,0.54,7.66,3.9053,13.0278,0.3549
1250,2059,224.33,29.39,286.42,225.89,0.4912,0.4912,3.5623,15.5765,0.0,0.4156
1250,2311,127.09,16.25,181.6,133.82,0.5293,0.5293,7.4241,3.9546,15.118,0.3463
1250,2333,217.46,22.57,256.17,90.93,0.5352,0.5352,14.3705,11.019,0.0,0.3535
1251,2059,224.84,29.77,287.13,225.92,0.7188,0.7188,3.5628,15.6345,0.0,0.6081
1251,2311,127.06,17.15,181.42,134.3,0.6592,0.6592,7.3835,3.9438,0.0,0.4389
1251,2333,221.7,23.12,255.48,82.65,0.5718,0.5718,17.3669,11.9956,174.3221,0.1864
1252,2059,224.92,29.92,287.49,225.84,0.7612,0.7612,3.565,15.6467,0.0,0.6437
1252,2311,126.23,17.12,180.99,135.2,0.583,0.583,7.3091,3.9857,0.0,0.3882
1252,2333,224.23,23.17,256.14,79.32,0.3469,0.3469,18.9489,12.4776,174.4019,0.1129
1253,2059,225.84,29.97,288.59,225.63,0.5557,0.5557,3.5715,15.7182,0.0,0.4694
1253,2311,125.43,17.04,178.43,131.09,0.5908,0.5908,7.6671,4.425,166.6232,0.1963
1253,2333,227.09,23.29,258.7,78.39,0.3328,0.3328,19.4583,12.8242,165.5696,0.1082
1254,2059,226.67,30.08,289.62,225.37,0.6167,0.6167,3.579,15.7785,0.0,0.5202
1254,2311,124.87,17.06,177.43,129.87,0.5303,0.5303,7.7802,4.6001,165.6213,0.1762
1254,2333,228.4,23.17,260.52,78.53,0.3557,0.3557,19.3945,12.9592,0.0,0.2341
1254,2337,259.39,30.3,289.61,64.35,0.4341,0.4341,32.1946,17.1998,0.0,0.2829
1255,2059,228.27,30.12,291.86,224.71,0.4226,0.4226,3.5973,15.8939,0.0,0.3554
1255,2311,124.95,17.51,177.41,129.46,0.6704,0.6704,7.8185,4.6223,0.0,0.4462
1255,2333,229.02,23.06,261.15,77.56,0.6582,0.6582,19.934,13.1132,174.3212,0.2137
1255,2337,261.68,29.74,292.07,64.04,0.3584,0.3584,32.6877,17.4642,160.0754,0.114
1256,2059,229.71,29.76,292.95,220.84,0.7671,0.7671,3.6868,15.655,0.0,0.6362
1256,2311,124.33,18.44,176.87,130.11,0.6929,0.6929,7.7587,4.6559,0.0,0.4612
1256,2337,264.45,28.49,295.26,63.37,0.2006,0.2006,33.7631,17.8203,167.9375,0.0637
1257,2059,233.37,29.05,295.27,213.2,0.7471,0.7471,3.8766,15.2807,155.2766,0.3521
1257,2311,119.63,19.08,182.1,154.72,0.4551,0.4551,5.9759,4.4461,15.8803,0.2972
1257,2333,229.05,21.11,263.31,78.53,0.3923,0.3923,19.4075,13.1247,7.7513,0.2569
1258,2059,235.74,28.03,299.99,215.39,0.7793,0.7793,3.8306,15.8309,0.0,0.6312
1258,2311,124.1,19.41,181.03,141.61,0.5459,0.5459,6.814,3.9457,165.8465,0.1815
1258,2344,226.02,19.83,267.06,156.68,0.3469,0.3469,5.9372,9.629,0.0,0.2296
1258,2333,228.9,19.97,265.02,79.9,0.2517,0.2517,18.7038,13.0707,6.0925,0.1652
1259,2059,236.64,24.78,301.98,212.12,0.2629,0.2629,3.9156,15.7129,0.0,0.21
1259,2311,124.06,20.08,178.47,137.43,0.4639,0.4639,7.1319,4.2224,166.0603,0.1542
1259,2344,225.98,20.94,267.07,157.86,0.2213,0.2213,5.8725,9.6591,0.0,0.1465
1259,2333,229.0,20.88,265.07,79.85,0.3477,0.3477,18.7294,13.0828,0.0,0.2288
1260,2059,237.73,25.89,302.63,209.43,0.7808,0.7808,3.9873,15.5921,0.0,0.6164
1260,2311,120.66,20.5,180.76,153.26,0.5659,0.5659,6.0599,4.3997,15.6922,0.3697
1260,2344,224.66,19.89,267.27,161.86,0.4456,0.4456,5.6615,9.713,16.7849,0.2886
1260,2333,228.6,20.01,265.59,79.92,0.3372,0.3372,18.6948,13.0821,0.0,0.2219
1261,2059,240.65,25.96,304.39,204.14,0.7925,0.7925,4.1369,15.4499,156.4122,0.3458
1261,2311,115.9,20.92,186.72,183.38,0.4561,0.4561,4.6796,6.9576,19.965,0.3133
1261,2344,224.67,19.09,267.54,161.64,0.2323,0.2323,5.6731,9.7239,0.0,0.1538
1261,2333,228.45,19.3,266.1,80.27,0.2075,0.2075,18.5231,13.067,6.0043,0.1362
1262,2059,242.46,25.14,306.49,202.15,0.6772,0.6772,4.1986,15.5283,0.0,0.5156
1262,2311,115.69,20.83,189.41,196.22,0.6494,0.6494,4.2538,8.4053,21.8444,0.4797
1262,2344,224.63,21.95,267.09,162.86,0.458,0.458,5.611,9.7363,0.0,0.3031
1262,2333,229.92,21.69,266.36,80.22,0.2886,0.2886,18.5542,13.1574,0.0,0.1899
1263,2311,115.88,21.3,189.5,202.61,0.4272,0.4272,4.0677,9.1992,22.6817,0.3251
1263,2344,227.6,22.97,269.92,163.52,0.2949,0.2949,5.5856,10.1498,0.0,0.1951
1263,2333,231.86,22.66,268.02,80.05,0.2991,0.2991,18.652,13.3528,140.3926,0.097
1264,2344,227.34,23.33,269.7,164.08,0.2583,0.2583,5.5575,10.1393,0.0,0.1709
1264,2333,230.87,22.99,266.9,79.75,0.3557,0.3557,18.7938,13.2751,160.6169,0.1154
1264,2301,123.48,21.69,179.6,137.63,0.3091,0.3091,7.1158,4.1778,0.0,0.2058
1265,2344,226.1,23.51,268.61,165.1,0.6953,0.6953,5.5051,10.0254,0.0,0.46
1265,2301,127.02,22.98,180.91,141.23,0.2925,0.2925,6.84,3.7519,16.5005,0.1908
1265,2059,247.7,24.66,311.64,201.12,0.8086,0.8086,4.2429,16.0519,0.0,0.6102
1266,2344,225.01,23.36,267.12,162.58,0.5747,0.5747,5.6255,9.7532,160.8811,0.1888
1266,2301,126.74,23.81,179.08,138.31,0.5068,0.5068,7.061,3.966,165.7273,0.1685
1266,2059,250.45,24.25,312.0,193.15,0.6802,0.6802,4.4928,15.7399,159.1327,0.2642
1267,2344,224.89,23.47,267.6,163.69,0.5479,0.5479,5.5709,9.8202,0.0,0.3626
1267,2301,126.99,26.66,178.81,140.37,0.2167,0.2167,6.9046,3.9176,13.835,0.1422
1267,2059,250.95,24.51,313.65,197.07,0.7925,0.7925,4.3721,16.1008,22.3438,0.5645
1267,2311,118.7,28.36,188.06,205.28,0.4167,0.4167,3.9937,9.4999,0.0,0.3318
1268,2344,225.16,23.62,268.02,162.09,0.4863,0.4863,5.6515,9.8055,0.0,0.3218
1268,2301,126.14,20.38,180.72,141.98,0.2101,0.2101,6.7863,3.8183,14.6949,0.1376
1268,2059,255.79,24.06,313.62,182.87,0.4272,0.4272,4.8618,15.6282,160.645,0.145
1269,2344,224.44,24.1,267.69,161.56,0.4436,0.4436,5.677,9.7156,0.0,0.2936
1269,2059,254.24,23.07,316.04,194.5,0.4465,0.4465,4.4614,16.2851,20.9632,0.3139
1269,2337,281.86,24.1,314.62,62.26,0.3821,0.3821,36.0037,19.8001,147.9286,0.1198
1270,2344,223.11,23.68,267.5,163.24,0.3933,0.3933,5.5908,9.6768,0.0,0.2603
1270,2059,258.9,23.36,317.2,186.28,0.2917,0.2917,4.7483,16.2042,159.6766,0.1032
1270,2333,231.82,23.55,268.6,81.02,0.4036,0.4036,18.1845,13.2915,7.9237,0.2642
1271,2344,222.4,23.89,267.65,165.34,0.5879,0.5879,5.488,9.7266,17.2757,0.3803
1271,2059,258.76,23.44,319.46,196.13,0.8013,0.8013,4.4223,16.85,21.324,0.5662
1272,2344,222.28,23.52,267.96,165.01,0.4912,0.4912,5.504,9.7249,0.0,0.3251
1272,2059,259.26,22.74,320.05,198.83,0.5332,0.5332,4.3409,17.07,0.0,0.3945
1272,2333,231.95,23.55,268.98,80.86,0.2759,0.2759,18.2623,13.3318,0.0,0.1815
1273,2344,219.53,23.92,265.57,165.23,0.3442,0.3442,5.4875,9.3941,0.0,0.2279
1273,2059,260.28,22.21,320.7,200.34,0.2698,0.2698,4.2982,17.2568,0.0,0.2011
1273,2333,230.57,23.61,267.14,80.48,0.283,0.283,18.4326,13.2046,156.6285,0.0918
1274,2344,218.3,23.7,265.25,166.04,0.6836,0.6836,5.4472,9.329,0.0,0.4527
1274,2059,261.46,23.14,320.88,201.11,0.7515,0.7515,4.2776,17.3818,0.0,0.5619
1275,2344,216.92,23.24,264.59,165.3,0.6001,0.6001,5.48,9.1601,0.0,0.3975
1275,2059,261.69,23.05,320.41,201.2,0.6514,0.6514,4.2746,17.3733,0.0,0.4874
1275,2333,230.42,23.57,267.5,80.88,0.2502,0.2502,18.2413,13.1783,5.5663,0.1642
1276,2344,214.8,22.87,263.75,166.31,0.6533,0.6533,5.4289,9.0137,0.0,0.4328
1276,2059,261.92,23.77,319.91,201.5,0.834,0.834,4.2654,17.3756,0.0,0.625
1277,2344,213.26,23.01,263.29,166.4,0.5039,0.5039,5.4226,8.8873,0.0,0.3339
1277,2059,262.28,23.96,319.73,201.52,0.8315,0.8315,4.265,17.3872,0.0,0.6232
1277,2333,231.24,23.4,266.04,76.12,0.2727,0.2727,20.813,13.5925,175.3026,0.0884
1278,2344,210.84,23.52,261.46,166.41,0.6133,0.6133,5.4177,8.6105,0.0,0.4066
1278,2059,262.47,24.14,319.54,201.88,0.8228,0.8228,4.2545,17.4089,0.0,0.6178
1279,2344,210.38,23.44,261.86,166.59,0.5571,0.5571,5.4092,8.6159,0.0,0.3693
1279,2059,262.98,24.12,319.7,201.82,0.7847,0.7847,4.2573,17.4441,0.0,0.5888
1279,2368,156.71,23.32,209.37,151.68,0.3425,0.3425,6.1355,1.1852,0.0,0.2283
1280,2344,215.47,23.56,266.46,167.2,0.5205,0.5205,5.3911,9.2789,0.0,0.3447
1280,2059,263.24,23.93,319.64,201.61,0.7568,0.7568,4.2638,17.4431,0.0,0.5672
1280,2368,162.46,25.28,216.92,157.58,0.6196,0.6196,5.8029,2.3927,23.9835,0.3951
1281,2344,213.16,23.82,264.51,167.79,0.4883,0.4883,5.3593,9.0317,0.0,0.3235
1281,2059,263.78,23.87,319.85,201.33,0.8013,0.8013,4.2732,17.4699,0.0,0.5995
1281,2368,160.6,25.62,214.05,155.6,0.4795,0.4795,5.9105,1.968,155.7316,0.1597
1282,2344,211.44,24.07,262.58,166.7,0.4055,0.4055,5.4059,8.7376,0.0,0.2688
1282,2059,264.42,23.57,319.81,199.46,0.75,0.75,4.3297,17.395,0.0,0.5556
1282,2368,161.06,25.67,214.49,155.99,0.2316,0.2316,5.889,2.0498,0.0,0.1544
1283,2344,212.84,24.09,263.55,167.2,0.6167,0.6167,5.3851,8.9177,0.0,0.4086
1283,2059,265.58,23.46,321.07,200.6,0.8486,0.8486,4.2995,17.6027,0.0,0.6317
1283,2368,167.17,23.75,222.16,156.28,0.3503,0.3503,5.8761,2.7428,83.7962,0.1293
1284,2344,214.5,23.73,264.31,167.38,0.458,0.458,5.3794,9.0845,0.0,0.3034
1284,2059,267.28,23.06,322.08,199.37,0.8271,0.8271,4.3407,17.6905,0.0,0.6111
1284,2368,168.38,24.13,226.6,163.22,0.2134,0.2134,5.5176,3.724,18.4834,0.1384
1285,2344,212.03,23.49,261.4,167.26,0.7139,0.7139,5.3793,8.7286,0.0,0.4732
1285,2059,268.57,22.07,322.05,195.27,0.8657,0.8657,4.4697,17.5402,159.1255,0.3364
1285,2368,165.4,25.71,220.26,157.52,0.3721,0.3721,5.8075,2.6728,159.1509,0.1239
1286,2344,213.15,22.82,261.6,166.64,0.4971,0.4971,5.4094,8.782,0.0,0.3295
1286,2059,269.45,21.42,322.32,193.73,0.8516,0.8516,4.5212,17.5286,0.0,0.6089
1286,2368,164.7,25.62,219.14,158.19,0.2737,0.2737,5.7712,2.6576,0.0,0.1824
1287,2344,209.05,22.34,257.69,166.31,0.6895,0.6895,5.4168,8.2438,0.0,0.4573
1287,2059,268.32,20.73,323.18,201.39,0.811,0.811,4.284,17.9311,21.6767,0.5858
1287,2368,164.68,18.73,221.11,157.74,0.2644,0.2644,5.7958,2.7021,0.0,0.1762
1288,2344,211.05,21.95,258.63,166.09,0.4795,0.4795,5.43,8.4231,0.0,0.3179
1288,2059,269.64,19.84,321.63,190.88,0.8003,0.8003,4.6146,17.3551,159.7101,0.2958
1288,2368,170.93,25.94,225.34,160.16,0.4775,0.4775,5.6717,3.4815,36.3524,0.2871
1289,2344,209.14,21.15,257.07,166.74,0.5957,0.5957,5.3962,8.233,0.0,0.3951
1289,2059,271.48,19.03,321.98,185.93,0.8101,0.8101,4.791,17.2577,160.2984,0.2804
1290,2344,203.28,18.18,253.33,167.17,0.7544,0.7544,5.3674,7.6426,0.0,0.5007
1290,2059,271.58,18.38,320.76,180.0,0.8403,0.8403,5.0121,16.9415,161.0264,0.2679
1291,2344,196.9,18.9,247.85,166.41,0.5972,0.5972,5.3928,6.8463,0.0,0.3967
1291,2059,272.19,17.87,320.82,177.12,0.7026,0.7026,5.1287,16.8759,161.6491,0.2241
1292,2344,188.34,15.76,242.47,166.58,0.3184,0.3184,5.375,6.0041,0.0,0.2117
1292,2059,271.12,17.71,320.49,178.69,0.8193,0.8193,5.0626,16.8455,0.0,0.5345
1293,2344,193.49,17.18,246.52,165.44,0.3584,0.3584,5.4349,6.4856,0.0,0.2382
1293,2059,271.28,17.66,320.54,177.36,0.7778,0.7778,5.1167,16.8094,0.0,0.5075
1294,2344,196.18,17.57,248.35,164.82,0.3513,0.3513,5.4678,6.7301,0.0,0.2334
1294,2059,273.19,17.29,321.02,171.95,0.709,0.709,5.351,16.7804,162.2234,0.2263
1295,2344,193.42,17.45,245.45,163.47,0.498,0.498,5.5289,6.2859,0.0,0.331
1295,2059,272.76,17.26,321.47,174.65,0.7871,0.7871,5.234,16.8678,18.0438,0.5005
1296,2344,190.07,15.65,243.04,165.02,0.3372,0.3372,5.4499,6.0289,0.0,0.2242
1296,2059,273.93,16.89,323.0,176.23,0.8101,0.8101,5.173,17.0925,0.0,0.5281
1297,2344,189.68,17.57,242.27,166.89,0.459,0.459,5.3613,6.0959,0.0,0.3051
1297,2059,273.23,16.76,322.44,176.32,0.7886,0.7886,5.1668,17.0159,0.0,0.5142
1298,2059,274.11,16.82,322.92,176.02,0.6875,0.6875,5.1819,17.0916,0.0,0.4482
1299,2059,274.81,16.95,323.45,176.32,0.7832,0.7832,5.1718,17.1797,0.0,0.5105
1299,2344,184.92,17.62,234.07,162.23,0.3477,0.3477,5.5772,4.9634,151.7394,0.1155
1300,2059,275.56,17.19,323.88,176.46,0.7861,0.7861,5.1683,17.259,0.0,0.5123
1300,2344,183.87,17.59,231.77,162.58,0.3904,0.3904,5.558,4.7896,0.0,0.2598
1301,2059,275.88,17.11,323.97,176.36,0.7974,0.7974,5.1733,17.2815,0.0,0.5196
1301,2344,183.12,17.58,231.4,166.35,0.233,0.233,5.3763,5.0456,17.6861,0.1514
1302,2059,275.77,17.17,323.83,176.8,0.7065,0.7065,5.1546,17.2808,0.0,0.4604
1302,2344,183.81,17.3,231.49,168.3,0.459,0.459,5.2873,5.2676,0.0,0.3054
1303,2059,275.1,17.11,323.26,177.09,0.7559,0.7559,5.1403,17.2127,0.0,0.4926
1303,2344,179.0,16.91,227.12,169.51,0.3831,0.3831,5.2289,4.9227,0.0,0.2549
1304,2059,276.04,17.0,323.96,176.75,0.8184,0.8184,5.1574,17.3044,0.0,0.5333
1304,2344,176.27,15.57,224.8,169.68,0.6206,0.6206,5.2194,4.7079,0.0,0.413
1305,2059,276.67,17.43,324.4,177.1,0.4609,0.4609,5.1451,17.3839,0.0,0.3002
1305,2344,174.76,14.88,223.4,169.74,0.6733,0.6733,5.2158,4.5881,0.0,0.4481
1306,2059,277.2,17.6,324.62,176.69,0.7319,0.7319,5.1635,17.4171,0.0,0.4767
1306,2344,171.76,19.14,219.7,169.75,0.7686,0.7686,5.2132,4.322,0.0,0.5117
1307,2059,277.5,17.2,324.59,174.87,0.7671,0.7671,5.2402,17.3737,0.0,0.4997
1307,2344,169.15,21.82,216.74,168.99,0.7754,0.7754,5.2455,4.0321,0.0,0.5163
1308,2059,278.69,16.95,325.33,173.45,0.6704,0.6704,5.3051,17.4514,0.0,0.4366
1308,2344,168.46,16.71,216.45,165.6,0.3066,0.3066,5.4006,3.5735,162.3361,0.102
1309,2059,280.15,16.31,325.59,168.26,0.7925,0.7925,5.5431,17.4159,162.8978,0.2521
1309,2344,164.34,14.82,214.0,167.13,0.686,0.686,5.3281,3.566,0.0,0.4569
1310,2059,279.55,16.16,326.15,172.0,0.7988,0.7988,5.3721,17.5149,17.6022,0.5077
1310,2344,162.46,13.84,213.72,169.65,0.7822,0.7822,5.2143,3.8538,19.4927,0.5059
1311,2059,280.95,16.11,325.55,163.93,0.5601,0.5601,5.7556,17.3648,163.5383,0.1782
1311,2344,161.72,12.92,214.13,171.07,0.6162,0.6162,5.1523,4.041,0.0,0.4103
1312,2059,282.25,15.82,326.32,162.37,0.7456,0.7456,5.84,17.4673,0.0,0.4856
1312,2344,160.66,13.32,214.3,174.46,0.7148,0.7148,5.0096,4.4918,18.8835,0.463
1312,2383,186.47,13.46,206.38,47.71,0.3452,0.3452,118.0134,13.7477,0.0,0.2268
1313,2059,282.92,15.15,326.74,161.28,0.8359,0.8359,5.8994,17.5175,0.0,0.5443
1313,2344,160.7,17.16,213.67,175.19,0.3286,0.3286,4.9798,4.5834,0.0,0.2196
1313,2368,213.6,35.59,283.25,199.98,0.4863,0.4863,4.2004,12.4854,0.0,0.3722
1314,2059,283.33,14.82,326.8,160.08,0.7559,0.7559,5.9645,17.5272,0.0,0.4922
1314,2344,160.45,21.63,212.16,175.07,0.7319,0.7319,4.9845,4.5401,0.0,0.4887
1314,2383,186.7,15.02,205.95,48.06,0.3157,0.3157,111.5968,13.6987,0.9071,0.2075
1315,2059,284.49,14.42,327.18,157.82,0.6689,0.6689,6.0921,17.5921,163.9872,0.2125
1315,2344,159.72,20.88,211.8,175.18,0.4524,0.4524,4.9799,4.5407,0.0,0.3023
1315,2368,230.82,36.56,290.19,176.95,0.4148,0.4148,5.0183,12.291,159.6365,0.1351
1316,2059,275.68,14.1,319.97,155.33,0.6279,0.6279,6.1972,16.5135,130.0947,0.2007
1316,2344,158.26,16.23,211.82,175.76,0.2234,0.2234,4.9563,4.6048,0.0,0.15
1317,2059,279.6,13.44,323.65,153.81,0.6323,0.6323,6.3044,16.994,149.5773,0.2016
1317,2344,158.23,19.52,210.29,175.42,0.6011,0.6011,4.9699,4.5407,0.0,0.4025
1317,2383,186.45,14.1,206.16,47.82,0.4121,0.4121,115.918,13.7302,179.1559,0.1334
1318,2059,279.78,13.0,324.8,156.51,0.7285,0.7285,6.1496,17.1131,16.1742,0.4653
1318,2344,156.24,21.28,206.94,175.53,0.6187,0.6187,4.9652,4.5211,0.0,0.4147
1318,2383,185.94,13.95,205.87,48.0,0.3914,0.3914,112.6423,13.6972,2.1447,0.2571
1318,2368,242.11,39.71,299.99,178.79,0.6094,0.6094,4.9751,13.7191,73.8218,0.256
1319,2059,276.74,13.31,322.76,157.64,0.2605,0.2605,6.0741,16.7975,0.0,0.17
1319,2383,185.48,13.49,205.69,47.87,0.2766,0.2766,114.9826,13.7076,177.6862,0.0896
1320,2059,276.83,13.07,322.5,155.22,0.2024,0.2024,6.212,16.7535,164.61,0.0646
1320,2383,184.59,13.43,205.21,48.26,0.3416,0.3416,108.2192,13.6409,1.8479,0.2245
1320,2344,152.66,21.63,201.14,174.26,0.5322,0.5322,5.017,4.3568,0.0,0.3543
1321,2059,280.06,27.61,321.2,153.6,0.2031,0.2031,6.3124,16.8615,163.4076,0.0648
1321,2383,183.53,13.66,204.27,48.15,0.3157,0.3157,110.034,13.6355,171.6922,0.1023
1321,2344,151.1,22.33,197.5,174.01,0.5039,0.5039,5.0277,4.3751,0.0,0.3354
1322,2059,279.67,17.54,323.54,152.96,0.7485,0.7485,6.3556,16.9828,0.0,0.4881
1322,2383,183.2,13.71,204.24,48.12,0.2018,0.2018,110.5405,13.636,174.4874,0.0654
1322,2344,149.9,22.67,195.06,175.14,0.4514,0.4514,4.9819,4.5874,0.0,0.3015
1323,2059,280.33,14.11,324.62,152.82,0.7178,0.7178,6.3683,17.0953,0.0,0.468
1323,2344,147.67,22.13,191.95,174.53,0.3657,0.3657,5.0076,4.6088,0.0,0.2434
1324,2059,279.0,12.45,325.88,162.8,0.22,0.22,5.8096,17.2371,16.3513,0.1404
1324,2344,143.62,22.0,187.43,174.66,0.5786,0.5786,5.0041,4.8539,0.0,0.385
1324,2368,261.29,13.65,324.46,169.99,0.459,0.459,5.4224,16.1779,145.9245,0.1469
1325,2059,280.54,12.19,325.75,161.15,0.3694,0.3694,5.8987,17.2971,0.0,0.2407
1325,2344,139.17,22.69,183.39,176.01,0.6567,0.6567,4.9519,5.3062,0.0,0.4411
1326,2059,287.5,12.21,318.24,107.38,0.6279,0.6279,11.0578,17.803,171.2331,0.1993
1326,2344,144.1,22.98,180.61,146.66,0.4243,0.4243,6.4561,2.5591,165.2317,0.1413
1326,2383,179.55,13.74,201.73,48.27,0.4377,0.4377,108.0216,13.5632,18.2438,0.2804
1327,2059,280.95,12.04,322.26,143.32,0.3684,0.3684,6.9974,16.9398,13.6664,0.2368
1327,2344,134.2,23.93,177.14,167.65,0.6372,0.6372,5.3136,4.8575,18.6521,0.4129
1328,2059,271.56,12.05,316.25,148.7,0.5273,0.5273,6.5881,15.9358,21.808,0.3322
1328,2344,132.85,24.32,177.19,172.59,0.4465,0.4465,5.0974,5.4319,18.6319,0.2892
1328,2387,172.34,14.48,203.64,121.28,0.4609,0.4609,8.6442,3.452,0.0,0.307
1329,2059,265.96,12.42,312.08,148.68,0.3914,0.3914,6.5672,15.286,0.0,0.2563
1329,2387,171.74,14.27,203.19,121.12,0.2598,0.2598,8.6623,3.4496,0.0,0.173
1330,2059,263.8,12.65,311.17,147.68,0.604,0.604,6.6262,15.0759,0.0,0.3957
1330,2387,170.82,13.87,202.89,122.17,0.4805,0.4805,8.5435,3.28,12.934,0.316
1330,2344,129.5,24.21,175.3,176.03,0.6396,0.6396,4.9582,6.045,23.6501,0.4109
1331,2059,264.17,12.94,313.45,147.62,0.458,0.458,6.6361,15.2526,0.0,0.3
1331,2387,166.57,14.43,198.4,122.24,0.5776,0.5776,8.5345,3.1398,0.0,0.3848
1331,2344,127.78,25.2,174.72,177.63,0.7407,0.7407,4.8958,6.3235,0.0,0.5026
1332,2059,264.49,13.15,323.15,176.66,0.5225,0.5225,5.1375,16.5194,18.8009,0.3319
1332,2387,164.52,14.52,195.97,121.42,0.6377,0.6377,8.6265,3.2371,150.1326,0.2122
1332,2344,127.22,26.1,174.9,179.12,0.8101,0.8101,4.8383,6.5025,0.0,0.5558
1333,2387,163.14,15.1,194.19,120.98,0.6279,0.6279,8.6768,3.3054,0.0,0.4183
1333,2344,126.6,26.7,175.15,181.69,0.6523,0.6523,4.7417,6.8033,0.0,0.4558
1334,2387,162.2,15.35,193.2,121.32,0.7266,0.7266,8.638,3.2678,0.0,0.484
1334,2344,125.76,27.19,174.87,182.07,0.771,0.771,4.7283,6.8943,0.0,0.5401
1334,2059,265.39,12.91,319.8,157.51,0.3594,0.3594,6.05,15.8563,164.1749,0.1152
1335,2387,161.21,15.58,192.3,121.83,0.7217,0.7217,8.5805,3.212,0.0,0.4808
1335,2344,124.77,27.07,174.63,182.55,0.8003,0.8003,4.7113,7.0014,0.0,0.5624
1336,2387,160.52,15.94,191.86,122.78,0.8105,0.8105,8.4751,3.0909,13.1585,0.5328
1336,2344,122.43,26.73,173.1,182.23,0.7939,0.7939,4.725,7.139,0.0,0.5563
1336,2059,251.1,12.08,302.48,148.84,0.5449,0.5449,6.5052,13.6434,149.0616,0.1765
1337,2387,160.2,16.07,191.7,123.12,0.6602,0.6602,8.438,3.0494,0.0,0.4398
1337,2344,119.62,25.84,171.23,182.25,0.6768,0.6768,4.7268,7.3585,0.0,0.474
1337,2395,284.54,30.23,335.56,187.31,0.4551,0.4551,4.7918,18.9482,0.0,0.3078
1337,2059,251.56,11.09,301.91,146.62,0.4243,0.4243,6.6514,13.6243,165.6138,0.1375
1338,2387,159.32,16.06,191.94,126.77,0.8081,0.8081,8.0578,2.5492,11.9607,0.5326
1338,2344,115.67,26.14,167.5,180.94,0.7393,0.7393,4.78,7.6031,0.0,0.5124
1338,2395,286.43,29.91,334.8,178.63,0.6494,0.6494,5.1237,18.6982,161.6414,0.205
1338,2059,251.69,11.01,301.02,145.87,0.7075,0.7075,6.7007,13.5705,0.0,0.4651
1339,2387,159.31,16.24,192.16,127.47,0.7153,0.7153,7.9885,2.4483,0.0,0.4766
1339,2344,111.39,25.87,159.97,168.04,0.54,0.54,5.3208,7.1974,160.8861,0.1786
1339,2395,289.02,30.03,333.48,166.09,0.7544,0.7544,5.6843,18.4362,163.3411,0.2386
1339,2059,251.26,10.94,299.61,145.52,0.7529,0.7529,6.721,13.4448,0.0,0.4951
1340,2387,158.69,16.3,191.84,128.36,0.5488,0.5488,7.9022,2.3437,0.0,0.3657
1340,2344,107.8,25.75,159.47,175.73,0.5566,0.5566,4.9941,8.0099,19.5563,0.359
1340,2395,287.12,30.07,336.59,181.37,0.6875,0.6875,5.0203,18.9451,18.8335,0.4336
1340,2059,250.67,10.37,298.32,145.3,0.7319,0.7319,6.7323,13.3167,0.0,0.4814
1341,2387,157.97,16.31,191.16,128.66,0.5508,0.5508,7.8736,2.3342,0.0,0.367
1341,2344,104.98,25.98,157.65,178.38,0.6646,0.6646,4.8927,8.4903,25.4765,0.4286
1341,2395,287.15,29.69,338.89,187.17,0.7456,0.7456,4.8086,19.304,20.1643,0.4869
1341,2059,249.33,10.13,296.46,145.52,0.7627,0.7627,6.7108,13.0996,0.0,0.5019
1342,2387,156.51,16.11,189.56,129.27,0.6714,0.6714,7.8163,2.3369,0.0,0.4474
1342,2344,102.98,26.25,155.92,179.95,0.6514,0.6514,4.8353,8.831,0.0,0.446
1342,2395,290.04,30.61,336.42,168.1,0.7808,0.7808,5.5964,18.7322,163.0619,0.2465
1342,2059,249.77,9.87,296.42,146.64,0.6318,0.6318,6.6355,13.1302,0.0,0.4157
1343,2387,154.65,16.04,187.74,130.81,0.6343,0.6343,7.6746,2.2746,19.1544,0.411
1343,2344,100.55,26.34,153.41,182.84,0.7515,0.7515,4.7317,9.3479,26.0539,0.4991
1343,2395,289.69,30.98,342.12,184.94,0.646,0.646,4.9017,19.5704,19.6297,0.4142
1343,2059,249.87,9.4,295.46,145.96,0.7847,0.7847,6.6798,13.0694,0.0,0.5164
1344,2387,154.05,16.57,187.19,132.66,0.7656,0.7656,7.5101,2.111,13.3596,0.5033
1344,2344,98.13,26.56,152.26,188.8,0.6885,0.6885,4.5257,10.0537,21.639,0.4828
1344,2395,290.11,31.56,344.97,190.08,0.7871,0.7871,4.7244,19.9665,21.2037,0.5201
1344,2059,248.45,9.22,293.68,145.71,0.6738,0.6738,6.6907,12.8507,0.0,0.4436
1345,2387,153.31,16.47,186.82,135.14,0.7612,0.7612,7.2997,1.9096,13.441,0.5004
1345,2344,97.98,26.64,150.0,185.39,0.7627,0.7627,4.6454,9.8947,159.0403,0.2865
1345,2395,287.94,31.69,344.12,189.13,0.4282,0.4282,4.7513,19.7465,0.0,0.2913
1345,2059,248.52,9.22,292.68,145.25,0.6021,0.6021,6.7204,12.7862,0.0,0.3964
1346,2387,152.49,16.63,186.19,136.56,0.354,0.354,7.1844,1.8648,14.9274,0.232
1346,2344,96.68,27.21,148.82,188.71,0.4932,0.4932,4.533,10.3114,22.1186,0.3448
1346,2395,298.11,31.82,347.33,166.01,0.6245,0.6245,5.7429,19.8844,163.261,0.1958
1346,2059,247.45,8.97,291.07,144.34,0.5332,0.5332,6.7785,12.6021,0.0,0.3512
1347,2387,152.54,17.11,186.21,138.12,0.7656,0.7656,7.0612,1.7421,13.5381,0.5032
1347,2344,92.84,27.97,145.41,190.48,0.3416,0.3416,4.4806,10.8593,0.0,0.2493
1347,2395,302.77,31.47,348.56,151.82,0.6953,0.6953,6.5513,20.0705,165.3771,0.2177
1347,2059,248.16,8.97,291.12,144.75,0.7471,0.7471,6.7514,12.6544,0.0,0.492
1348,2387,152.76,17.08,186.44,139.14,0.7007,0.7007,6.9827,1.6469,0.0,0.467
1348,2344,90.53,28.63,144.91,197.38,0.5747,0.5747,4.2657,11.6096,22.319,0.4211
1348,2395,305.07,31.02,351.29,149.23,0.4854,0.4854,6.7334,20.3734,162.4387,0.1517
1348,2059,247.8,8.67,289.43,144.64,0.5737,0.5737,6.7551,12.5142,0.0,0.3779
1349,2387,152.73,16.69,185.97,137.92,0.5859,0.5859,7.0768,1.7593,0.0,0.3905
1349,2344,88.21,29.78,145.83,210.96,0.6489,0.6489,3.8904,12.9657,23.6971,0.5049
1350,2344,87.05,30.21,145.54,215.42,0.2207,0.2207,3.7808,13.4796,24.6686,0.1743
1350,2395,307.84,30.3,354.98,148.36,0.5557,0.5557,6.8108,20.776,0.0,0.3584
1351,2344,86.98,31.45,145.3,218.98,0.5898,0.5898,3.6965,13.857,0.0,0.49
1351,2395,307.82,29.64,355.99,147.93,0.5859,0.2929,6.843,20.8365,0.0,0.1889
1351,2387,152.29,18.95,185.76,142.07,0.5449,0.5449,6.7666,1.5987,14.152,0.3577
1352,2344,86.35,32.2,144.03,222.35,0.4873,0.4873,3.6212,14.288,0.0,0.4094
1352,2395,302.69,29.67,352.68,147.42,0.3621,0.3621,6.8526,20.3043,0.0,0.2339
1352,2387,152.16,20.04,185.53,143.8,0.7104,0.7104,6.6448,1.6006,14.4356,0.466
1352,2059,237.82,8.15,276.54,137.27,0.3398,0.3398,7.2644,10.9813,155.3308,0.1112
1353,2344,85.8,33.01,142.78,225.0,0.7305,0.7305,3.5642,14.6406,0.0,0.6189
1353,2395,307.24,29.76,356.54,145.58,0.4648,0.2324,7.0067,20.8293,154.3632,0.0724
1353,2387,152.07,21.16,185.33,145.15,0.79,0.79,6.5525,1.6295,0.0,0.5266
1353,2059,238.33,9.34,275.24,132.53,0.6479,0.6479,7.6639,11.004,167.3906,0.212
1354,2344,85.31,32.95,141.68,226.28,0.542,0.542,3.5378,14.8413,0.0,0.461
1354,2395,309.26,30.23,358.34,145.12,0.2458,0.1229,7.0515,21.0679,0.0,0.0792
1354,2387,152.28,21.41,185.23,144.57,0.395,0.395,6.5919,1.6154,0.0,0.2633
1354,2059,233.89,9.4,272.17,134.78,0.7114,0.7114,7.4552,10.4461,22.2919,0.4526
1355,2344,84.36,33.0,139.94,226.75,0.6396,0.6396,3.5301,15.0039,0.0,0.5445
1355,2387,152.0,20.62,185.03,144.63,0.4426,0.4426,6.5879,1.6502,0.0,0.295
1355,2059,228.77,9.02,269.83,140.93,0.7471,0.7471,6.9552,9.8563,15.5252,0.4853
1356,2344,83.6,32.45,136.11,216.83,0.5928,0.5928,3.7584,14.2119,155.3145,0.2897
1356,2387,152.06,19.96,185.0,144.22,0.314,0.314,6.616,1.6459,0.0,0.2093
1356,2059,226.98,9.06,269.67,143.77,0.7139,0.7139,6.747,9.711,14.7034,0.4647
1357,2344,81.62,32.3,135.24,222.76,0.6396,0.6396,3.624,14.9249,26.0619,0.5149
1357,2387,151.82,20.13,184.73,144.64,0.5205,0.5205,6.5873,1.6846,0.0,0.3469
1357,2059,225.99,8.82,269.72,144.78,0.7686,0.7686,6.6753,9.646,0.0,0.5088
1358,2344,81.29,32.25,131.46,210.97,0.6489,0.6489,3.9101,13.9974,156.3455,0.3042
1358,2387,151.44,18.02,184.76,144.22,0.4648,0.4648,6.6162,1.7075,0.0,0.3098
1358,2059,226.04,8.81,269.83,143.59,0.2268,0.2268,6.7585,9.6567,0.0,0.1501
1359,2344,78.8,32.01,131.13,220.48,0.7051,0.7051,3.6823,15.0215,25.2167,0.5635
1359,2387,151.46,17.84,184.99,144.97,0.7598,0.7598,6.565,1.695,0.0,0.5064
1359,2059,228.72,8.64,271.81,144.13,0.3235,0.3235,6.7276,9.9812,0.0,0.214
1359,2395,315.35,29.86,360.0,145.65,0.5195,0.2597,7.038,21.5511,0.0,0.1671
1360,2344,76.67,32.39,129.52,223.85,0.5908,0.5908,3.6099,15.5183,0.0,0.4962
1360,2387,151.44,17.42,185.14,145.42,0.8125,0.8125,6.5346,1.6923,0.0,0.5415
1360,2059,225.69,8.41,269.48,144.61,0.7925,0.7925,6.6863,9.6081,0.0,0.5246
1360,2395,315.18,29.18,360.0,149.04,0.4312,0.2156,6.8027,21.5494,14.0648,0.1366
1361,2344,78.51,32.62,123.89,195.08,0.3711,0.3711,4.3711,13.2356,158.7461,0.1515
1361,2387,152.01,19.01,184.26,140.5,0.6406,0.6406,6.8814,1.7747,166.1196,0.2134
1361,2059,224.52,8.06,268.89,144.5,0.8423,0.8423,6.6913,9.4852,0.0,0.5577
1361,2395,311.26,29.23,360.0,174.48,0.3091,0.1545,5.4133,21.6631,17.4389,0.097
1362,2344,79.55,33.38,120.37,178.12,0.3774,0.3774,4.9704,12.294,161.1143,0.1244
1362,2387,151.53,18.3,184.66,143.01,0.5527,0.5527,6.7003,1.7138,14.2404,0.3627
1362,2059,223.92,8.27,268.55,143.98,0.7441,0.7441,6.7261,9.4193,0.0,0.4927
1363,2344,73.13,33.92,122.52,210.91,0.7695,0.7695,3.9299,14.8645,23.5415,0.5929
1363,2387,151.46,20.0,184.33,143.54,0.4883,0.4883,6.6633,1.7379,0.0,0.3255
1363,2059,223.79,8.31,268.43,143.08,0.7217,0.7217,6.7892,9.4027,0.0,0.4779
1364,2344,68.5,34.2,120.5,220.51,0.6704,0.6704,3.7035,16.033,26.4265,0.5308
1364,2387,151.1,20.54,184.19,144.58,0.6567,0.6567,6.5918,1.7744,0.0,0.4377
1364,2059,223.79,7.91,269.17,143.43,0.4055,0.4055,6.7655,9.4538,0.0,0.2685
1365,2344,65.55,34.75,119.08,225.44,0.8062,0.8062,3.5976,16.6852,28.0681,0.6453
1365,2387,150.64,21.1,183.73,144.95,0.4456,0.4456,6.5669,1.8434,0.0,0.297
1365,2059,222.49,7.67,267.12,141.06,0.6299,0.6299,6.932,9.2288,162.8812,0.2072
1365,2395,308.45,29.76,359.5,158.66,0.385,0.1925,6.1901,21.1762,164.3746,0.0598
1366,2344,59.9,35.13,115.48,225.28,0.4397,0.4397,3.6116,17.1218,0.0,0.368
1366,2387,149.65,22.32,182.16,144.81,0.2268,0.2268,6.5771,2.0252,0.0,0.1512
1366,2059,222.47,7.65,265.94,138.19,0.4272,0.4272,7.1489,9.1722,166.2305,0.1406
1366,2395,308.72,29.83,356.36,149.39,0.5649,0.2824,6.7486,20.9217,165.4772,0.0879
1367,2344,55.8,35.45,112.64,224.54,0.4407,0.4407,3.6362,17.4028,0.0,0.3672
1367,2395,306.61,29.88,355.27,151.64,0.4331,0.2165,6.5929,20.7334,16.3244,0.1368
1368,2344,58.13,36.11,105.99,183.23,0.5234,0.5234,4.8266,14.8021,160.5957,0.1808
1368,2395,304.99,29.8,353.55,151.47,0.4456,0.4456,6.5941,20.5226,0.0,0.2876
1368,2387,149.52,23.4,182.25,146.29,0.3398,0.3398,6.478,2.0512,0.0,0.2265
1368,2059,221.77,7.3,264.8,137.29,0.7456,0.7456,7.2175,9.0564,0.0,0.494
1369,2395,303.49,30.02,352.3,152.76,0.5166,0.5166,6.505,20.3585,0.0,0.3336
1369,2387,148.08,24.06,182.82,155.34,0.4514,0.4514,5.9282,2.6454,16.0262,0.2949
1369,2059,220.54,7.07,263.0,137.31,0.4775,0.4775,7.2115,8.8452,0.0,0.3164
1370,2395,302.89,30.08,350.41,150.28,0.54,0.54,6.6556,20.1855,163.5098,0.1689
1370,2387,146.86,24.65,182.27,158.67,0.5469,0.5469,5.7477,3.053,17.0601,0.3563
1370,2059,219.81,6.3,261.76,137.27,0.7041,0.7041,7.2118,8.7086,0.0,0.4667
1370,2344,51.59,37.2,111.11,217.88,0.4167,0.4167,3.7968,17.155,24.1986,0.3263
1371,2395,299.04,30.43,347.32,152.02,0.5547,0.5547,6.5248,19.7571,25.3789,0.3411
1371,2387,146.93,25.23,180.08,150.07,0.291,0.291,6.2386,2.5207,164.6657,0.0969
1371,2059,219.39,6.04,261.13,138.01,0.5156,0.5156,7.1517,8.6245,0.0,0.3418
1371,2344,51.95,36.45,114.32,225.24,0.4426,0.4426,3.6234,17.5701,25.4506,0.3551
1372,2395,295.5,30.07,343.87,151.09,0.4514,0.4514,6.5644,19.3059,0.0,0.2925
1372,2387,147.79,25.46,180.88,147.5,0.564,0.564,6.4,2.3022,164.3555,0.1878
1372,2059,218.65,6.12,261.17,142.84,0.8286,0.8286,6.789,8.5353,14.0656,0.5411
1372,2344,50.1,37.71,113.69,228.09,0.7041,0.7041,3.5646,17.9331,0.0,0.5928
1373,2395,295.7,28.82,341.88,144.11,0.3721,0.3721,7.0341,19.1684,166.1351,0.1172
1373,2059,218.0,5.97,260.69,145.11,0.3174,0.3174,6.6292,8.4559,14.6735,0.207
1373,2344,50.27,38.61,113.2,224.31,0.7529,0.7529,3.6474,17.6333,0.0,0.6259
1374,2395,292.88,28.39,340.72,148.95,0.542,0.542,6.6875,18.9247,14.8458,0.3455
1374,2059,217.88,6.18,260.25,145.7,0.6582,0.6582,6.5885,8.4185,0.0,0.4364
1374,2344,48.84,39.08,113.69,229.34,0.7104,0.7104,3.5395,18.1009,25.9394,0.5764
1374,2387,147.17,25.26,180.89,146.86,0.457,0.457,6.4418,2.327,0.0,0.3045
1375,2395,289.6,26.88,336.97,145.87,0.5342,0.5342,6.8777,18.4623,158.1417,0.1689
1375,2059,218.15,6.18,260.21,145.81,0.8159,0.8159,6.5814,8.4351,0.0,0.541
1375,2344,48.36,38.62,113.27,227.79,0.7349,0.7349,3.5736,18.0146,0.0,0.6177
1375,2387,145.17,24.6,179.21,146.7,0.5928,0.5928,6.4536,2.5833,0.0,0.395
1376,2395,284.17,26.38,335.81,156.7,0.501,0.501,6.1755,18.1144,15.6925,0.3195
1376,2059,217.7,6.14,259.31,145.0,0.8062,0.8062,6.6346,8.3376,0.0,0.5346
1376,2344,47.0,38.55,113.55,232.17,0.6133,0.6133,3.4831,18.4384,0.0,0.5224
1376,2387,144.31,24.37,178.82,147.39,0.5127,0.5127,6.4091,2.6879,0.0,0.3416
1377,2395,280.01,25.39,334.7,164.22,0.5205,0.5205,5.7594,17.8991,16.9117,0.3311
1377,2059,217.65,6.27,259.09,145.41,0.79,0.79,6.6064,8.3199,0.0,0.5239
1377,2344,46.38,38.35,112.36,229.29,0.8052,0.8052,3.5453,18.2831,0.0,0.6794
1377,2387,144.46,24.35,178.74,145.87,0.7515,0.7515,6.5089,2.6522,0.0,0.5007
1378,2395,281.46,25.13,330.83,146.69,0.4292,0.4292,6.7828,17.5375,165.7904,0.1364
1378,2059,218.14,6.35,259.1,144.81,0.7456,0.7456,6.6479,8.3534,0.0,0.4944
1378,2344,45.01,38.65,111.81,231.14,0.8433,0.8433,3.5089,18.5326,0.0,0.7153
1378,2387,143.82,24.54,177.73,144.73,0.731,0.731,6.5863,2.7587,0.0,0.4871
1379,2395,284.54,24.74,331.07,137.44,0.2379,0.2379,7.4869,17.772,167.1549,0.0755
1379,2059,219.35,6.69,259.8,144.66,0.5508,0.5508,6.6607,8.4872,0.0,0.3652
1379,2344,43.54,39.51,110.99,232.96,0.8306,0.8306,3.4744,18.7973,0.0,0.7079
1379,2387,143.69,24.34,177.87,145.61,0.3621,0.3621,6.5269,2.7657,0.0,0.2413
1380,2395,278.79,24.8,325.36,133.27,0.3276,0.3276,7.8128,17.063,158.3714,0.1044
1380,2059,219.32,6.73,259.66,144.87,0.7568,0.7568,6.646,8.4757,0.0,0.5018
1380,2344,41.74,40.12,108.95,232.46,0.645,0.645,3.4894,18.9431,0.0,0.5483
1380,2387,143.24,24.14,177.98,147.8,0.2437,0.2437,6.3835,2.8332,14.9702,0.1596
1381,2059,218.93,7.09,259.26,145.12,0.5947,0.5947,6.6279,8.4208,0.0,0.3943
1381,2344,40.29,40.55,107.63,232.81,0.2966,0.2966,3.4858,19.1079,0.0,0.2522
1382,2059,219.34,6.86,259.51,144.19,0.5264,0.5264,6.6928,8.4657,0.0,0.349
1382,2344,34.76,40.25,102.68,234.62,0.7349,0.7349,3.4628,19.7705,0.0,0.6261
1382,2395,263.15,23.62,331.36,187.15,0.4131,0.4131,4.7493,17.3768,19.696,0.2749
1382,2387,144.33,24.24,178.07,144.93,0.3372,0.3372,6.5724,2.6992,165.1722,0.1123
1383,2059,220.23,6.98,260.57,145.04,0.7271,0.7271,6.6368,8.6037,0.0,0.482
1383,2344,32.76,39.86,99.32,231.01,0.7124,0.7124,3.5441,19.7539,0.0,0.5993
1383,2395,260.66,22.87,331.5,197.59,0.605,0.605,4.3996,17.7564,21.1372,0.4286
1383,2387,144.23,24.92,177.57,144.42,0.2247,0.2247,6.6074,2.7395,0.0,0.1497
1384,2059,222.45,7.19,262.81,144.98,0.627,0.627,6.6468,8.9162,0.0,0.4155
1384,2344,29.61,40.08,90.49,217.82,0.5352,0.5352,3.8586,19.4311,155.0332,0.2497
1384,2395,261.57,23.32,319.52,158.49,0.647,0.647,5.9872,15.6021,163.8277,0.2077
1384,2387,143.71,24.78,178.27,149.32,0.2153,0.2153,6.287,2.8305,15.1313,0.141
1384,2446,145.49,24.14,178.85,63.13,0.353,0.353,33.1918,11.7178,0.0,0.2329
1385,2059,221.76,6.72,262.97,145.04,0.6196,0.6196,6.642,8.8792,0.0,0.4106
1385,2344,27.04,40.07,90.18,227.39,0.5254,0.5254,3.6427,20.2473,25.5925,0.4173
1385,2395,268.41,23.53,318.71,139.99,0.373,0.373,7.2066,15.8866,166.6798,0.1196
1385,2446,145.06,24.04,179.03,63.85,0.2893,0.2893,32.1042,11.6248,3.0842,0.1907
1386,2059,223.71,7.12,264.88,144.78,0.3184,0.3184,6.6651,9.1488,0.0,0.2109
1386,2344,23.93,40.16,87.6,233.85,0.5322,0.5322,3.5147,21.0075,28.8448,0.4264
1386,2395,270.09,23.67,318.01,133.49,0.4971,0.4971,7.7486,16.0063,167.6257,0.1593
1386,2446,144.61,24.04,178.96,64.45,0.2576,0.2576,31.2507,11.5522,3.418,0.1698
1386,2447,225.15,7.41,266.25,81.37,0.4253,0.4253,17.9876,12.8081,0.0,0.28
1386,2387,143.18,24.63,178.44,152.41,0.3433,0.3433,6.0996,3.004,15.6103,0.2245
1387,2059,224.54,7.34,265.88,144.86,0.5737,0.5737,6.6622,9.2769,0.0,0.38
1387,2344,21.64,40.2,86.58,243.45,0.457,0.457,3.3326,21.8915,27.7865,0.3777
1387,2395,269.38,23.81,317.59,134.35,0.4377,0.4377,7.6699,15.9216,0.0,0.2862
1387,2387,143.25,24.02,178.33,152.5,0.4207,0.4207,6.0944,3.0118,0.0,0.2803
1388,2059,224.89,7.14,266.58,145.07,0.7192,0.7192,6.6493,9.3507,0.0,0.4763
1388,2344,20.11,40.8,86.05,251.99,0.7153,0.7153,3.1835,22.6549,28.6077,0.6026
1388,2395,269.46,23.76,316.42,131.44,0.3694,0.3694,7.9289,15.8873,167.5306,0.1184
1388,2387,144.45,23.89,178.99,152.9,0.3167,0.3167,6.0702,2.9152,0.0,0.211
1388,2446,145.63,23.77,179.67,64.14,0.4321,0.4321,31.6835,11.5679,170.731,0.1411
1389,2059,224.01,7.26,266.34,144.96,0.7656,0.7656,6.6552,9.2722,0.0,0.5071
1389,2344,20.98,41.44,84.03,245.48,0.2407,0.2407,3.2999,22.2021,152.744,0.1288
1389,2395,263.99,23.7,311.94,131.65,0.3286,0.3286,7.883,15.2257,64.7223,0.1525
1389,2387,143.17,23.56,178.2,154.78,0.2128,0.2128,5.9629,3.171,18.1448,0.1382
1389,2446,145.75,23.46,179.9,64.3,0.2546,0.2546,31.4566,11.5412,4.5953,0.1677
1390,2059,222.27,7.11,265.39,144.73,0.6523,0.6523,6.6673,9.0837,0.0,0.4321
1390,2395,261.63,23.72,309.98,131.07,0.4688,0.4688,7.9256,14.9479,0.0,0.3072
1390,2387,142.39,23.34,176.91,152.08,0.4111,0.4111,6.1201,3.139,163.5131,0.1368
1391,2059,222.4,7.22,265.71,144.64,0.5879,0.5879,6.6741,9.115,0.0,0.3895
1391,2395,261.1,23.81,309.24,129.91,0.2037,0.2037,8.032,14.8832,166.0583,0.0656
1391,2387,143.78,23.14,177.35,148.5,0.3667,0.3667,6.3389,2.8604,164.48,0.1221
1391,2344,20.08,42.08,79.3,233.8,0.3115,0.3115,3.534,21.622,154.0867,0.1574
1392,2059,222.18,6.73,265.73,144.42,0.6826,0.6826,6.689,9.1008,0.0,0.4522
1392,2395,260.14,23.7,308.37,129.39,0.4961,0.4961,8.0773,14.7711,0.0,0.3253
1392,2387,142.94,21.87,178.15,154.83,0.2401,0.2401,5.9602,3.192,15.9214,0.1569
1392,2344,13.36,43.06,72.78,229.93,0.7349,0.7349,3.6363,22.0429,143.4419,0.3607
1392,2446,144.79,22.57,179.53,64.46,0.3311,0.3311,31.2356,11.5394,13.4771,0.2155
1393,2059,222.04,7.21,265.6,144.61,0.8086,0.8086,6.6755,9.0821,0.0,0.5357
1393,2395,257.76,23.84,306.08,128.45,0.2194,0.2194,8.1572,14.479,0.0,0.1439
1393,2387,143.37,22.41,179.16,159.12,0.6001,0.6001,5.7262,3.4507,16.7223,0.3912
1393,2344,10.23,43.19,71.79,232.06,0.4351,0.4351,3.5977,22.397,0.0,0.3605
1393,2446,145.2,22.61,179.28,63.88,0.2153,0.2153,32.0597,11.615,176.93,0.0703
1394,2059,222.51,7.33,265.95,144.17,0.7441,0.7441,6.7071,9.1391,0.0,0.4929
1394,2395,258.7,23.76,306.15,126.46,0.5718,0.5718,8.3611,14.5888,168.3259,0.1845
1394,2387,141.43,22.44,176.88,160.41,0.5234,0.5234,5.6609,3.8015,0.0,0.3485
1394,2344,7.76,43.4,70.28,230.79,0.5776,0.5776,3.6312,22.5214,0.0,0.4758
1395,2059,222.07,10.4,264.83,144.61,0.7188,0.7188,6.6745,9.0303,0.0,0.4762
1395,2395,258.3,23.93,306.51,128.95,0.5459,0.5459,8.1106,14.5336,11.8556,0.3542
1395,2387,141.58,22.46,175.88,157.39,0.3167,0.3167,5.8202,3.6021,163.5948,0.1054
1395,2344,4.53,43.58,73.06,247.4,0.7256,0.3628,3.3061,23.6703,27.345,0.3001
1396,2059,221.16,9.68,264.21,144.78,0.7515,0.7515,6.6607,8.9235,0.0,0.498
1396,2395,255.59,24.0,302.96,128.94,0.395,0.395,8.0959,14.1167,0.0,0.2594
1396,2387,140.78,22.21,174.51,157.39,0.4814,0.4814,5.8212,3.7342,0.0,0.3206
1396,2344,3.97,43.41,75.33,254.24,0.7754,0.3877,3.1841,24.0846,28.1064,0.3258
1397,2059,219.25,8.85,262.76,145.12,0.7271,0.7271,6.6329,8.6888,0.0,0.482
1397,2395,253.72,24.26,300.32,129.27,0.646,0.646,8.0528,13.8087,0.0,0.4244
1397,2387,139.54,22.0,173.29,160.23,0.5957,0.5957,5.6725,4.1015,18.2016,0.3867
1397,2344,3.23,43.13,75.96,257.62,0.8286,0.4143,3.1281,24.3412,0.0,0.3673
1398,2059,219.57,8.25,263.04,144.87,0.791,0.791,6.6508,8.7303,0.0,0.5243
1398,2395,252.2,24.3,297.28,127.91,0.3567,0.3567,8.1753,13.533,156.4648,0.1156
1398,2387,138.97,21.72,172.41,161.29,0.6104,0.6104,5.6191,4.273,0.0,0.4064
1398,2344,3.58,43.59,74.34,251.27,0.7192,0.3596,3.237,23.9325,152.2927,0.1941
1399,2059,220.05,6.16,263.55,144.5,0.5156,0.5156,6.6776,8.7991,0.0,0.3417
1399,2395,252.51,23.78,297.62,128.01,0.4167,0.4167,8.1669,13.5742,0.0,0.2739
1399,2344,4.65,44.16,71.27,237.88,0.6323,0.3161,3.4888,23.0954,154.0163,0.1606
1400,2059,221.03,6.83,263.88,143.98,0.4785,0.4785,6.7155,8.8906,0.0,0.3171
1400,2395,249.28,22.24,293.94,127.45,0.2766,0.2766,8.2065,13.1248,0.0,0.182
1400,2344,3.79,44.53,69.24,233.88,0.4844,0.2422,3.5747,22.98,0.0,0.2011
1400,2453,251.29,22.25,292.76,202.22,0.3748,0.3748,4.1901,15.256,0.0,0.2859
1400,2387,137.73,20.31,171.68,160.58,0.373,0.373,5.6561,4.332,0.0,0.2483
1401,2059,218.61,7.02,261.22,144.44,0.5342,0.5342,6.6767,8.5347,0.0,0.3542
1401,2395,249.3,22.31,292.35,125.76,0.3328,0.3328,8.3761,13.0629,167.1104,0.1081
1401,2344,0.24,44.79,69.47,247.18,0.4387,0.2193,3.3224,24.0383,27.6522,0.1806
1401,2387,137.72,20.99,171.93,160.26,0.6704,0.6704,5.6724,4.2927,0.0,0.4463
1402,2344,0.0,44.88,68.82,253.05,0.4216,0.2108,3.2204,24.4939,28.1753,0.1759
1402,2387,137.83,21.16,172.29,159.22,0.6113,0.6113,5.7262,4.1854,0.0,0.407
1402,2454,1.5,44.89,52.16,96.65,0.4282,0.2141,13.6102,21.8778,0.0,0.1376
1403,2344,0.0,44.89,68.81,255.31,0.563,0.2815,3.182,24.6563,0.0,0.2473
1403,2387,137.94,21.4,172.25,156.77,0.6162,0.6162,5.8572,4.0099,163.8081,0.2049
1403,2454,1.05,45.08,51.3,96.51,0.3738,0.1869,13.6535,21.9602,0.0,0.1201
1403,2059,218.39,7.99,259.4,143.32,0.5205,0.5205,6.7523,8.3918,0.0,0.3451
1404,2344,0.0,44.97,69.0,257.22,0.6802,0.3401,3.15,24.7855,0.0,0.3002
1404,2387,138.17,20.99,172.77,154.73,0.7754,0.7754,5.9703,3.8365,163.8077,0.2579
1404,2059,216.38,8.8,256.63,144.5,0.4292,0.4292,6.6639,8.0556,0.0,0.2847
1405,2344,0.0,44.98,68.31,257.52,0.5215,0.2607,3.1461,24.8395,0.0,0.2302
1405,2387,137.74,19.89,172.76,153.05,0.583,0.583,6.0671,3.7763,0.0,0.3882
1405,2454,2.01,45.27,51.47,96.09,0.2598,0.1299,13.7553,21.909,167.7461,0.0402
1406,2344,0.0,45.3,67.82,257.01,0.4141,0.2071,3.1553,24.8254,0.0,0.1826
1406,2387,137.05,19.13,172.13,150.38,0.373,0.373,6.2274,3.7543,164.3537,0.1241
1406,2458,217.76,16.17,277.46,170.61,0.4302,0.4302,5.2523,10.3139,0.0,0.2845
1407,2344,0.0,45.96,67.38,260.28,0.2316,0.1158,3.1027,25.0838,0.0,0.1029
1407,2387,136.46,19.67,171.96,150.53,0.4368,0.4368,6.2186,3.8122,0.0,0.2909
1407,2458,216.7,10.55,278.16,170.28,0.2401,0.2401,5.2664,10.2739,0.0,0.1588
1408,2387,137.11,20.15,172.88,150.15,0.5527,0.5527,6.2411,3.6902,0.0,0.3681
1408,2458,218.02,8.39,276.91,162.21,0.2056,0.2056,5.6476,9.9275,163.2356,0.0675
1409,2387,137.88,21.64,173.09,146.57,0.332,0.332,6.4682,3.5328,165.1113,0.1105
1409,2458,218.16,7.43,271.35,147.59,0.3328,0.3328,6.4783,9.2264,164.9424,0.1095
1410,2387,137.5,21.34,174.04,149.44,0.3877,0.3877,6.2842,3.5591,15.1874,0.2537
1411,2387,137.39,21.53,174.73,150.86,0.7363,0.7363,6.1966,3.5692,0.0,0.4904
1411,2458,217.86,6.73,269.16,143.43,0.582,0.582,6.757,9.0386,165.119,0.1916
1412,2387,137.29,21.0,175.29,151.61,0.7202,0.7202,6.1512,3.5688,0.0,0.4797
1412,2458,216.83,7.63,267.24,144.14,0.4854,0.4854,6.7032,8.8317,0.0,0.3217
1413,2387,136.84,20.65,175.13,151.71,0.8003,0.8003,6.1455,3.6147,0.0,0.533
1413,2458,216.23,7.02,265.92,143.78,0.7832,0.7832,6.7257,8.6972,0.0,0.5191
1413,2344,6.08,44.78,75.17,255.0,0.7939,0.7939,3.1684,24.0495,0.0,0.7002
1414,2387,137.04,19.56,174.51,146.93,0.4358,0.4358,6.4443,3.4974,165.2165,0.145
1414,2458,214.22,7.08,263.49,143.92,0.6636,0.6636,6.7101,8.3856,0.0,0.44
1414,2344,6.56,45.26,75.91,253.49,0.7695,0.7695,3.192,23.8798,0.0,0.6765
1415,2387,137.37,19.33,175.71,149.26,0.4263,0.4263,6.2947,3.4461,15.7927,0.2786
1415,2458,214.28,7.11,263.0,143.86,0.5796,0.5796,6.7137,8.3554,0.0,0.3843
1415,2344,6.15,45.61,76.16,252.07,0.7695,0.7695,3.2166,23.7822,0.0,0.6742
1415,2454,0.98,45.69,49.91,96.46,0.2861,0.1431,13.6747,22.0481,0.0,0.0919
1416,2387,137.48,20.46,175.84,151.14,0.4922,0.4922,6.1791,3.4983,15.4001,0.3219
1416,2458,211.12,9.16,258.16,143.91,0.2316,0.2316,6.7003,7.7927,0.0,0.1537
1416,2344,7.34,45.72,77.28,249.3,0.7202,0.7202,3.2614,23.4682,0.0,0.6272
1416,2454,2.16,45.66,50.79,96.62,0.269,0.1345,13.6219,21.9208,0.0,0.0864
1417,2387,138.66,21.14,176.93,152.06,0.3867,0.3867,6.1229,3.386,0.0,0.2576
1417,2344,7.03,45.32,77.87,249.03,0.6636,0.6636,3.2657,23.435,0.0,0.5776
1417,2454,2.67,45.69,50.56,96.3,0.3372,0.1686,13.7024,21.916,0.0,0.1083
1417,2059,214.85,16.19,252.41,144.99,0.2744,0.2744,6.6234,7.6517,0.0,0.1821
1418,2387,140.06,20.05,177.68,148.6,0.4551,0.4551,6.334,3.1003,164.239,0.1515
1418,2344,5.74,45.11,78.4,252.6,0.7769,0.7769,3.2047,23.7349,0.0,0.682
1418,2454,2.37,45.33,50.51,96.55,0.2401,0.1201,13.6402,21.9275,0.0,0.0771
1418,2059,213.28,16.91,250.96,144.5,0.5371,0.5371,6.6535,7.4378,0.0,0.3566
1419,2387,143.32,19.24,175.36,126.05,0.3979,0.3979,8.141,3.9214,168.1984,0.1323
1419,2344,4.79,44.75,78.81,254.96,0.7544,0.3772,3.1656,23.9366,0.0,0.3329
1419,2458,207.28,7.57,254.18,143.47,0.2983,0.2983,6.722,7.2416,0.0,0.1981
1420,2387,141.99,18.35,177.65,137.98,0.585,0.585,7.079,3.0192,13.5086,0.3843
1420,2344,4.94,44.65,79.0,253.82,0.7485,0.3743,3.1843,23.8353,0.0,0.3295
1420,2458,205.94,7.7,251.82,141.87,0.3008,0.3008,6.832,6.9864,158.5541,0.0995
1421,2387,141.63,17.5,178.15,140.95,0.4863,0.4863,6.8543,2.9164,13.9302,0.3192
1421,2344,5.16,44.37,78.62,250.22,0.604,0.604,3.2465,23.576,0.0,0.5271
1421,2454,2.28,44.51,50.84,96.55,0.2546,0.1273,13.6388,21.9133,0.0,0.0818
1422,2387,142.22,16.57,178.27,139.17,0.8003,0.8003,6.9869,2.9159,166.0319,0.2664
1422,2344,4.88,44.07,79.39,252.22,0.584,0.292,3.211,23.7005,0.0,0.2561
1422,2395,216.91,7.83,266.51,138.09,0.5049,0.5049,7.1495,8.8257,0.0,0.3346
1423,2387,143.45,16.28,177.75,132.86,0.4951,0.4951,7.4998,3.207,167.1994,0.1648
1423,2344,5.68,43.77,78.38,245.18,0.4678,0.4678,3.3365,23.1965,152.9321,0.2471
1423,2395,217.31,7.36,264.95,141.62,0.3442,0.3442,6.8804,8.7114,13.9789,0.2247
1423,2458,194.77,14.56,246.76,165.32,0.3877,0.3877,5.4417,6.5728,18.1345,0.2512
1423,2454,4.17,43.82,53.65,96.42,0.4551,0.2276,13.6453,21.6405,0.0,0.1464
1424,2387,143.69,16.16,178.08,133.54,0.8296,0.8296,7.4408,3.1238,0.0,0.5527
1424,2344,5.71,43.85,78.36,243.82,0.7559,0.7559,3.3617,23.0989,0.0,0.6489
1424,2395,217.86,7.47,263.68,143.62,0.7334,0.7334,6.7361,8.6546,14.2936,0.4786
1424,2458,191.04,15.95,232.52,137.06,0.6992,0.6992,7.1656,4.6578,165.9353,0.2323
1425,2387,144.0,16.31,178.52,135.12,0.791,0.791,7.3074,2.9733,13.411,0.5198
1425,2344,4.69,43.87,79.94,250.84,0.709,0.3545,3.2344,23.5811,27.7596,0.2963
1425,2395,218.25,7.49,262.74,144.19,0.8237,0.8237,6.6956,8.6159,0.0,0.546
1425,2458,189.85,16.19,232.67,142.12,0.4331,0.4331,6.7823,4.4849,14.1171,0.2839
1425,2474,193.56,16.09,222.3,48.29,0.4036,0.4036,107.9101,14.021,0.0,0.2651
1426,2387,145.0,16.22,179.27,135.27,0.7212,0.7212,7.2942,2.8511,0.0,0.4805
1426,2344,9.82,44.06,85.41,256.39,0.3657,0.3657,3.125,23.5067,33.8729,0.3044
1426,2395,218.49,7.55,262.02,145.02,0.8286,0.8286,6.6378,8.5834,0.0,0.5493
1426,2458,185.54,16.02,228.29,144.39,0.251,0.251,6.6174,3.857,28.1988,0.1572
1426,2474,192.26,16.26,221.3,48.79,0.2089,0.2089,100.3592,13.9132,2.4654,0.1372
1427,2387,146.17,16.17,179.85,134.8,0.6548,0.6548,7.3325,2.7705,0.0,0.4363
1427,2344,15.85,44.51,88.44,253.56,0.4387,0.4387,3.1594,22.8661,0.0,0.3886
1427,2395,217.96,7.77,260.07,145.21,0.6372,0.6372,6.6216,8.4098,0.0,0.4225
1427,2458,181.06,16.2,225.22,146.74,0.3149,0.3149,6.4557,3.3401,25.917,0.1992
1428,2387,147.37,16.28,180.58,134.74,0.3989,0.3989,7.3367,2.6541,0.0,0.2658
1428,2344,15.7,44.77,85.37,246.28,0.541,0.541,3.2911,22.4526,152.5024,0.2899
1428,2395,218.92,7.6,260.44,145.44,0.79,0.79,6.6077,8.5039,0.0,0.5238
1428,2458,172.46,16.24,219.65,151.99,0.3638,0.3638,6.1222,2.5718,24.6789,0.2313
1429,2387,147.87,16.31,180.41,134.46,0.6206,0.6206,7.36,2.6541,0.0,0.4135
1429,2344,17.18,45.1,85.92,244.65,0.6216,0.6216,3.3178,22.231,0.0,0.5384
1429,2395,219.24,7.55,260.15,145.5,0.8228,0.8228,6.6036,8.5062,0.0,0.5455
1429,2458,172.08,16.27,218.87,152.5,0.5088,0.5088,6.0917,2.532,0.0,0.339
1430,2387,150.22,16.44,182.24,133.53,0.4358,0.4358,7.4374,2.4809,0.0,0.2904
1430,2344,18.74,45.17,86.26,242.86,0.7471,0.7471,3.3482,22.0031,0.0,0.6445
1430,2395,219.28,7.64,259.82,145.49,0.8169,0.8169,6.604,8.4858,0.0,0.5416
1431,2387,153.03,16.5,185.45,133.02,0.4609,0.4609,7.4795,2.2051,0.0,0.3072
1431,2344,24.68,45.38,90.67,239.21,0.3523,0.3523,3.4027,21.2185,0.0,0.3019
1431,2395,219.47,7.52,259.58,145.09,0.8423,0.8423,6.6311,8.4811,0.0,0.5585
1432,2387,153.49,16.57,185.14,131.49,0.5391,0.5391,7.6142,2.3596,167.3951,0.1795
1432,2344,25.02,45.07,89.93,239.02,0.6187,0.6187,3.407,21.2237,0.0,0.5299
1432,2395,219.22,7.49,259.13,145.29,0.8086,0.8086,6.6166,8.4325,0.0,0.5362
1432,2474,181.56,16.26,209.99,48.34,0.3904,0.3904,106.9385,13.6489,157.8941,0.1265
1433,2344,34.07,44.42,86.26,191.8,0.4407,0.4407,4.5985,17.9077,159.5499,0.1634
1433,2395,219.91,7.37,259.33,144.79,0.8169,0.8169,6.6519,8.4938,0.0,0.5416
1433,2479,35.36,44.13,70.61,80.86,0.3748,0.3748,18.8634,19.5584,0.0,0.2427
1433,2458,161.98,16.51,203.14,132.23,0.5068,0.5068,7.5458,1.728,165.0274,0.1689
1434,2344,30.77,44.22,93.85,223.89,0.7241,0.7241,3.7096,19.6094,24.6225,0.5714
1434,2395,220.24,7.36,259.2,144.68,0.8369,0.8369,6.6597,8.5076,0.0,0.5549
1434,2458,160.66,16.26,201.98,129.3,0.6646,0.6646,7.8123,2.117,166.6996,0.2214
1435,2344,25.49,44.08,90.88,232.95,0.4727,0.4727,3.5261,20.6958,28.9206,0.3782
1435,2395,220.37,7.44,258.82,144.34,0.8315,0.8315,6.6828,8.4896,0.0,0.5513
1435,2458,159.6,16.49,204.87,139.23,0.4187,0.4187,6.9734,0.7559,13.758,0.2751
1436,2344,26.68,44.11,93.64,236.73,0.6611,0.6611,3.4442,20.7828,0.0,0.5635
1436,2395,220.4,7.47,258.55,144.57,0.835,0.835,6.6666,8.4731,0.0,0.5536
1436,2458,158.55,16.2,202.12,134.1,0.4446,0.4446,7.3842,1.4212,166.205,0.1482
1437,2344,29.27,44.22,96.71,238.75,0.7441,0.7441,3.3968,20.6616,0.0,0.6392
1437,2395,220.56,7.59,258.32,144.37,0.811,0.811,6.6803,8.4679,0.0,0.5377
1438,2344,29.7,44.17,97.52,239.76,0.7939,0.7939,3.3757,20.6815,0.0,0.6841
1438,2395,220.51,7.5,258.01,144.15,0.8477,0.8477,6.6951,8.4425,0.0,0.5621
1438,2387,162.89,15.54,191.09,113.6,0.3354,0.3354,9.6111,4.3754,169.0925,0.1115
1439,2344,29.83,43.97,97.63,239.84,0.8252,0.8252,3.3739,20.6763,0.0,0.7113
1439,2395,218.79,7.54,256.64,144.66,0.8306,0.8306,6.6559,8.226,0.0,0.5509
1439,2458,143.92,16.24,196.65,161.81,0.3621,0.3621,5.5834,2.9088,17.9872,0.2353
1440,2344,30.29,43.8,97.65,239.46,0.5449,0.5449,3.3805,20.6226,0.0,0.4693
1440,2395,220.06,7.56,257.57,144.48,0.8525,0.8525,6.6711,8.3803,0.0,0.5653
1440,2387,162.23,14.91,190.05,107.7,0.3657,0.3657,10.508,5.2241,170.7194,0.1214
1441,2344,30.77,43.64,97.97,239.28,0.5815,0.5815,3.3829,20.5694,0.0,0.5007
1441,2395,218.86,7.53,256.67,144.96,0.8564,0.8564,6.6355,8.2336,0.0,0.568
1441,2387,160.27,15.66,189.58,109.81,0.3066,0.3066,10.1698,4.9479,10.9455,0.2022
1442,2344,32.6,43.03,99.55,239.74,0.8013,0.8013,3.3695,20.4415,0.0,0.6916
1442,2395,218.9,7.45,256.78,144.95,0.8271,0.8271,6.6363,8.2441,0.0,0.5486
1442,2387,157.74,15.35,189.04,111.45,0.4495,0.4495,9.9214,4.7555,13.2694,0.2952
1442,2458,143.87,15.44,200.74,175.02,0.3721,0.3721,4.9868,4.5767,19.0149,0.2416
1443,2344,34.28,42.9,96.95,227.32,0.6436,0.6436,3.624,19.5164,154.8515,0.3203
1443,2395,219.68,7.51,257.4,145.12,0.8135,0.8135,6.6265,8.3429,0.0,0.5395
1443,2387,153.64,15.16,188.22,122.32,0.5737,0.5737,8.5278,3.3686,11.567,0.3783
1444,2344,33.71,43.14,98.29,235.58,0.7334,0.7334,3.4509,20.1153,26.2366,0.6003
1444,2395,220.03,7.73,257.59,144.9,0.7559,0.7559,6.6422,8.3803,0.0,0.5012
1444,2387,149.82,15.05,182.9,120.06,0.2173,0.2173,8.7889,3.9478,156.6994,0.0723
1445,2344,34.65,42.58,99.17,237.22,0.7378,0.7378,3.416,20.1569,0.0,0.6326
1445,2395,219.76,7.72,257.34,145.09,0.7939,0.7939,6.6286,8.3442,0.0,0.5265
1445,2387,149.04,13.85,180.84,115.73,0.2554,0.2554,9.3289,4.5868,169.1736,0.0849
1445,2484,177.0,10.29,205.83,120.99,0.4766,0.4766,8.6793,3.681,0.0,0.3174
1445,2458,143.88,12.39,196.51,164.63,0.4177,0.4177,5.4455,3.2743,162.3509,0.139
1446,2344,39.08,42.46,99.22,222.33,0.7988,0.7988,3.7254,18.776,154.9362,0.3878
1446,2395,220.35,7.79,257.68,144.79,0.7754,0.7754,6.6503,8.4088,0.0,0.5142
1446,2484,177.0,10.6,205.79,120.68,0.6187,0.6187,8.715,3.7195,0.0,0.412
1446,2458,141.71,12.67,193.74,164.74,0.3914,0.3914,5.4412,3.4543,0.0,0.2607
1447,2344,37.4,42.23,100.24,232.56,0.8369,0.8369,3.5044,19.5962,26.0051,0.6804
1447,2395,220.78,7.81,257.99,144.85,0.8027,0.8027,6.6471,8.4609,0.0,0.5322
1447,2484,179.29,11.3,208.1,120.08,0.6162,0.6162,8.7866,3.9492,0.0,0.4103
1447,2458,140.21,14.05,189.16,160.4,0.6621,0.6621,5.6575,3.2167,159.9869,0.2204
1448,2344,37.54,41.33,101.29,237.12,0.6978,0.6978,3.4114,19.905,0.0,0.5991
1448,2395,221.13,7.94,257.92,144.13,0.7393,0.7393,6.6972,8.4797,0.0,0.4902
1448,2484,180.39,13.27,208.85,119.0,0.3694,0.3694,8.916,4.1488,165.9953,0.1228
1448,2387,145.22,14.14,176.41,112.97,0.2744,0.2744,9.7109,5.2208,162.7355,0.0911
1449,2344,38.68,40.52,102.21,238.78,0.2568,0.2568,3.3765,19.9424,0.0,0.2217
1449,2395,221.15,7.9,257.82,144.23,0.7725,0.7725,6.6901,8.4741,0.0,0.5122
1449,2484,180.46,13.46,209.68,119.71,0.5547,0.5547,8.8314,4.0951,0.0,0.3693
1449,2458,137.38,13.78,184.04,158.16,0.6206,0.6206,5.7773,3.4299,149.6779,0.2065
1450,2344,39.55,39.85,102.35,238.85,0.7778,0.7778,3.3738,19.8998,0.0,0.6717
1450,2395,221.1,8.04,257.67,144.45,0.79,0.79,6.6747,8.4603,0.0,0.5238
1450,2484,181.82,14.94,211.74,120.26,0.7002,0.7002,8.7682,4.1646,0.0,0.4662
1450,2458,130.6,12.89,176.7,160.03,0.3943,0.3943,5.6855,4.4173,51.5484,0.2128
1451,2344,40.57,38.23,102.85,239.21,0.6768,0.6768,3.365,19.8573,0.0,0.5853
1451,2395,221.0,8.03,257.51,144.53,0.8076,0.8076,6.6688,8.4421,0.0,0.5355
1451,2484,182.53,15.96,213.33,120.13,0.7622,0.7622,8.7845,4.2762,0.0,0.5074
1452,2344,41.27,36.7,102.58,237.95,0.5776,0.5776,3.3887,19.7313,0.0,0.4979
1452,2395,221.13,7.93,257.65,144.94,0.8203,0.8203,6.641,8.4618,0.0,0.5439
1452,2484,182.8,16.19,214.95,120.57,0.7393,0.7393,8.7341,4.3095,0.0,0.4922
1453,2344,43.32,35.67,102.24,232.27,0.7832,0.7832,3.4999,19.18,153.5368,0.4032
1453,2395,221.33,7.87,257.92,145.27,0.79,0.79,6.6191,8.4956,0.0,0.5238
1453,2484,183.55,16.09,216.72,119.72,0.6289,0.6289,8.8353,4.5171,161.2806,0.209
1453,2491,136.3,12.21,163.06,64.35,0.3667,0.3667,31.4456,12.0495,0.0,0.2418
1454,2344,44.23,33.81,102.07,229.24,0.8135,0.8135,3.5622,18.8985,0.0,0.6837
1454,2395,221.46,7.94,257.79,144.93,0.79,0.79,6.6423,8.4947,0.0,0.5238
1454,2484,184.02,16.02,218.23,119.5,0.5254,0.5254,8.8627,4.6323,0.0,0.3497
1454,2491,134.32,11.44,161.53,64.53,0.2037,0.2037,31.2056,12.1144,29.5828,0.1254
1454,2492,134.08,12.02,161.16,128.42,0.3896,0.3896,7.9229,5.1428,0.0,0.2592
1454,2458,119.16,11.38,165.98,165.23,0.373,0.373,5.4411,6.1515,37.9887,0.2216
1455,2344,45.33,32.58,103.42,230.54,0.8218,0.8218,3.5316,18.8811,0.0,0.694
1455,2395,220.51,7.99,256.88,145.08,0.7939,0.7939,6.6296,8.3645,0.0,0.5265
1455,2484,183.68,15.02,219.58,119.86,0.7188,0.7188,8.8205,4.6412,0.0,0.4784
1455,2492,132.5,12.78,159.4,127.97,0.6167,0.6167,7.9694,5.3848,0.0,0.4102
1456,2344,48.76,33.9,106.06,229.56,0.8169,0.8169,3.5445,18.4994,0.0,0.6891
1456,2395,220.77,8.08,257.04,145.13,0.8169,0.8169,6.6268,8.3942,0.0,0.5417
1456,2484,184.6,14.49,221.59,119.71,0.7822,0.7822,8.8402,4.7986,0.0,0.5206
1456,2492,131.28,12.87,158.51,128.96,0.4932,0.4932,7.876,5.464,0.0,0.3281
1457,2344,52.53,33.51,108.55,225.94,0.647,0.647,3.6144,17.8881,0.0,0.5404
1457,2395,221.29,8.04,257.43,144.87,0.7974,0.7974,6.6457,8.4574,0.0,0.5287
1457,2484,188.83,14.0,225.5,119.19,0.3638,0.3638,8.9082,5.2646,126.2041,0.1208
1457,2492,130.52,13.82,152.44,105.7,0.2255,0.2255,10.9001,7.7477,171.0703,0.0745
1457,2458,120.28,13.5,164.58,163.27,0.4495,0.4495,5.536,6.0369,0.0,0.2988
1458,2344,54.94,33.67,110.76,225.81,0.7808,0.7808,3.6115,17.6463,0.0,0.6528
1458,2395,221.4,8.03,257.48,144.86,0.811,0.811,6.6466,8.4686,0.0,0.5377
1458,2484,189.3,12.07,226.5,118.9,0.6978,0.6978,8.9444,5.3698,0.0,0.4642
1458,2458,121.21,13.54,165.44,166.37,0.2886,0.2886,5.3864,6.1412,18.069,0.1871
1458,2491,126.29,13.64,152.6,64.94,0.3831,0.3831,30.7066,12.5467,52.7795,0.2019
1459,2344,57.11,33.94,112.66,225.05,0.7778,0.7778,3.6233,17.3796,0.0,0.6495
1459,2395,221.73,7.93,257.76,145.04,0.834,0.834,6.6351,8.5118,0.0,0.5529
1459,2484,195.14,11.35,231.71,118.76,0.5137,0.5137,8.9712,5.9887,102.2653,0.1703
1459,2458,120.08,14.3,164.54,166.94,0.2295,0.2295,5.3613,6.3062,0.0,0.1525
1459,2491,123.57,14.45,149.91,65.66,0.3594,0.3594,29.7951,12.6336,13.0129,0.2336
1460,2344,58.7,34.15,113.87,224.13,0.8027,0.8027,3.6403,17.1621,0.0,0.6687
1460,2395,221.69,7.98,257.67,145.39,0.8237,0.8237,6.6111,8.5037,0.0,0.5461
1460,2484,197.66,11.17,232.71,115.64,0.6206,0.6206,9.3712,6.4577,168.3676,0.2056
1460,2458,117.12,14.29,162.21,165.84,0.5,0.5,5.4165,6.5536,0.0,0.3322
1460,2491,120.99,14.28,147.71,66.39,0.3711,0.3711,28.9234,12.7086,11.8222,0.2417
1461,2344,60.7,34.24,114.77,219.05,0.6958,0.6958,3.7531,16.5881,154.3369,0.338
1461,2395,221.88,7.94,257.61,145.06,0.8413,0.8413,6.6337,8.5119,0.0,0.5578
1461,2484,200.17,12.34,233.8,114.84,0.5601,0.5601,9.4822,6.7277,157.0194,0.1854
1461,2458,116.7,14.08,162.71,165.78,0.3933,0.3933,5.4192,6.5446,0.0,0.2613
1462,2344,62.0,34.39,114.72,214.16,0.7334,0.7334,3.8699,16.123,155.9114,0.3454
1462,2395,221.81,8.08,257.36,145.11,0.7598,0.7598,6.6299,8.4896,0.0,0.5038
1462,2484,202.12,10.8,236.62,118.94,0.4495,0.4495,8.9618,6.667,12.5362,0.2951
1462,2458,114.11,13.71,161.07,164.45,0.4629,0.4629,5.4858,6.7256,0.0,0.3075
1463,2344,64.51,30.86,118.22,212.97,0.4775,0.4775,3.8925,15.7108,0.0,0.3829
1463,2395,221.73,7.76,257.31,145.13,0.7886,0.7886,6.6283,8.4805,0.0,0.5229
1463,2484,203.42,11.02,236.63,118.46,0.2234,0.2234,9.0219,6.7817,0.0,0.1484
1463,2458,110.87,13.0,157.24,161.99,0.3857,0.3857,5.6127,7.045,153.2215,0.1276
1464,2344,67.01,32.94,120.63,212.3,0.2925,0.2925,3.9036,15.3985,0.0,0.2343
1464,2395,218.42,7.81,254.63,144.58,0.791,0.791,6.6585,8.0585,0.0,0.5247
1464,2458,109.06,13.22,154.46,157.23,0.2637,0.2637,5.8658,7.1411,162.4281,0.0872
1465,2344,72.76,31.03,130.33,215.51,0.7471,0.7471,3.8067,14.8893,44.248,0.5379
1465,2395,217.01,7.75,253.96,144.56,0.8101,0.8101,6.6573,7.9121,0.0,0.5375
1465,2458,105.38,12.7,151.49,159.99,0.2727,0.2727,5.7254,7.7008,25.8326,0.1719
1465,2491,109.25,12.96,136.5,65.7,0.2524,0.2524,29.8687,13.6451,139.884,0.0818
1466,2344,73.25,32.65,131.34,214.04,0.2075,0.2075,3.8412,14.6823,0.0,0.1681
1466,2395,216.55,7.83,254.04,144.36,0.7974,0.7974,6.6706,7.8851,0.0,0.5291
1466,2458,102.45,12.51,148.09,160.17,0.2659,0.2659,5.7225,8.1346,0.0,0.1764
1466,2491,106.23,12.57,135.11,68.43,0.3433,0.3433,26.8063,13.5304,4.7735,0.2253
1467,2344,74.05,33.02,132.29,212.39,0.3098,0.3098,3.8806,14.4467,0.0,0.2495
1467,2395,216.63,7.83,254.59,144.66,0.8237,0.8237,6.6507,7.9299,0.0,0.5465
1467,2491,105.4,12.52,133.5,66.4,0.583,0.583,29.0483,13.8488,176.1538,0.1887
1468,2344,75.38,19.67,138.28,211.54,0.7598,0.7598,3.8947,14.0041,0.0,0.611
1468,2395,217.32,7.86,255.65,144.78,0.8286,0.8286,6.6446,8.0532,0.0,0.5497
1469,2344,76.72,14.9,141.38,210.96,0.3057,0.3057,3.9051,13.731,0.0,0.2455
1469,2395,218.22,7.89,256.55,144.64,0.8228,0.8228,6.6565,8.1795,0.0,0.5457
1470,2344,78.08,12.92,143.86,210.97,0.2598,0.2598,3.9011,13.5439,0.0,0.2089
1470,2395,219.62,7.81,257.7,144.49,0.8271,0.8271,6.67,8.3585,0.0,0.5485
1471,2344,80.09,11.77,147.75,214.59,0.7471,0.7471,3.8051,13.6138,28.9179,0.579
1471,2395,220.51,7.76,258.34,144.53,0.8237,0.8237,6.6692,8.466,0.0,0.5461
1472,2344,82.2,11.94,150.23,213.62,0.7686,0.7686,3.825,13.3056,0.0,0.6259
1472,2395,220.74,7.74,258.49,144.92,0.7192,0.7192,6.6429,8.4933,0.0,0.4768
1473,2344,82.47,10.07,151.81,214.18,0.3867,0.3867,3.8096,13.2776,0.0,0.3157
1473,2395,220.93,7.92,258.43,144.51,0.7002,0.7002,6.6713,8.5018,0.0,0.4642
1473,2491,93.58,12.69,122.55,65.25,0.2974,0.2974,30.6175,14.9569,153.2663,0.0958
1474,2344,82.9,10.6,152.86,214.6,0.6084,0.6084,3.798,13.2535,0.0,0.4977
1474,2395,220.89,7.98,258.13,144.35,0.6069,0.6069,6.6819,8.4777,0.0,0.4024
1475,2344,87.2,28.03,152.83,215.05,0.3503,0.3503,3.7835,13.1102,0.0,0.2873
1475,2395,221.46,8.01,258.54,143.92,0.5205,0.5205,6.7131,8.5464,0.0,0.3451
1475,2491,83.44,13.34,119.31,77.35,0.6318,0.6318,20.1702,14.4755,5.624,0.4135
1476,2344,91.14,35.89,156.49,216.39,0.79,0.79,3.7453,12.9263,0.0,0.6522
1476,2395,222.15,8.11,259.33,144.22,0.5566,0.5566,6.6941,8.6502,0.0,0.369
1476,2491,80.57,13.73,117.61,79.75,0.5869,0.5869,18.8949,14.5083,7.298,0.3834
1477,2344,90.4,38.0,155.91,215.92,0.5303,0.5303,3.7576,12.9313,0.0,0.4369
1477,2395,223.62,8.15,261.37,144.43,0.564,0.564,6.6843,8.8964,0.0,0.3737
1477,2491,79.32,14.09,116.65,80.8,0.5449,0.5449,18.3872,14.5384,7.8916,0.3557
1477,2509,118.13,39.53,141.43,64.12,0.5527,0.5527,31.924,13.2965,0.0,0.3635
1478,2395,223.44,8.16,261.37,144.33,0.4873,0.4873,6.691,8.8837,0.0,0.3229
1478,2491,78.54,14.48,115.74,81.22,0.4629,0.4629,18.1953,14.5944,12.3923,0.3
1478,2509,118.46,39.06,142.43,64.26,0.4941,0.4941,31.7178,13.2324,14.2539,0.32
1478,2458,76.55,14.96,118.46,154.77,0.4534,0.4534,6.0918,11.7705,131.9391,0.148
1479,2395,224.56,7.98,263.13,144.29,0.5747,0.5747,6.6977,9.0853,0.0,0.3807
1479,2491,78.27,14.8,114.61,80.24,0.3657,0.3657,18.674,14.7488,173.8061,0.1179
1479,2509,119.46,38.49,144.46,64.49,0.6758,0.6758,31.3809,13.098,19.2537,0.4321
1479,2344,90.48,37.07,157.45,217.32,0.3914,0.3914,3.723,13.0142,0.0,0.3242
1480,2395,221.44,8.0,259.5,144.28,0.6836,0.6836,6.6893,8.6124,0.0,0.4532
1480,2509,121.59,38.02,147.52,64.62,0.3831,0.3831,31.1787,12.9035,44.4858,0.2156
1480,2344,91.68,36.44,158.65,216.39,0.5938,0.5938,3.7433,12.8143,0.0,0.4904
1480,2484,242.15,16.09,274.3,126.17,0.5581,0.5581,8.2782,11.3623,0.0,0.3684
1480,2458,74.79,14.69,116.09,157.09,0.4524,0.4524,5.9675,12.0963,21.7045,0.2876
1481,2395,220.5,8.41,258.23,144.37,0.6333,0.6333,6.6801,8.4574,0.0,0.4199
1481,2344,93.96,36.59,160.34,215.38,0.8135,0.8135,3.7646,12.5413,0.0,0.6699
1481,2484,244.0,16.23,275.32,128.02,0.3896,0.3896,8.0976,11.5023,15.3182,0.2525
1481,2458,74.18,14.31,115.35,160.46,0.4456,0.4456,5.7884,12.2667,16.8546,0.2873
1482,2395,220.38,8.07,257.71,143.75,0.5068,0.5068,6.7225,8.4124,0.0,0.336
1482,2344,97.68,35.7,163.79,215.54,0.4243,0.4243,3.7558,12.2739,0.0,0.35
1482,2458,74.45,13.35,114.56,157.4,0.3711,0.3711,5.9535,12.2296,164.0572,0.1209
1482,2509,124.57,36.84,154.0,66.66,0.4233,0.4233,28.5706,12.3479,8.4659,0.2774
1483,2395,220.52,8.5,257.52,143.98,0.668,0.668,6.7063,8.4088,0.0,0.4429
1483,2344,107.16,36.29,171.2,213.73,0.2063,0.2063,3.7894,11.4406,0.0,0.1695
1483,2458,72.2,12.59,111.0,155.27,0.3416,0.3416,6.0829,12.5823,156.6377,0.1111
1483,2509,126.99,36.76,155.83,65.56,0.396,0.396,29.8869,12.3501,172.7363,0.1289
1483,2491,69.19,12.9,112.35,93.98,0.5869,0.5869,13.7039,14.3706,7.7938,0.3833
1483,2484,244.3,16.36,276.59,134.65,0.4844,0.4844,7.4932,11.4664,12.9543,0.3156
1484,2395,220.53,8.57,257.5,144.35,0.6387,0.6387,6.6806,8.4082,0.0,0.4235
1484,2458,70.81,12.34,108.48,153.34,0.3184,0.3184,6.2023,12.8173,159.9685,0.1035
1484,2509,128.43,36.48,157.71,65.29,0.2727,0.2727,30.2211,12.285,159.7813,0.0888
1484,2491,65.49,12.62,112.9,106.62,0.4158,0.4158,10.9667,13.8176,8.949,0.2715
1484,2484,244.67,15.96,277.4,136.8,0.4736,0.4736,7.3166,11.5171,13.725,0.308
1485,2395,220.25,8.11,257.41,144.86,0.5991,0.5991,6.645,8.383,0.0,0.3973
1485,2509,131.27,36.79,160.29,64.79,0.2659,0.2659,30.8641,12.1949,162.3978,0.0866
1485,2484,249.41,16.05,280.91,136.62,0.3433,0.3433,7.3472,12.0843,0.0,0.2263
1485,2344,124.26,36.75,174.64,174.81,0.4121,0.4121,5.0105,6.2021,160.5635,0.1366
1486,2395,219.58,8.76,256.65,145.15,0.7529,0.7529,6.6234,8.2832,0.0,0.4993
1486,2484,248.79,16.08,280.51,135.85,0.4668,0.4668,7.4087,12.0242,0.0,0.3078
1486,2344,124.88,37.06,185.07,204.04,0.71,0.71,4.0263,9.2532,23.195,0.5433
1486,2458,74.14,12.45,112.38,152.71,0.501,0.501,6.227,12.3169,0.0,0.3302
1487,2395,220.54,7.99,257.38,144.42,0.7041,0.7041,6.6756,8.4006,0.0,0.4669
1487,2484,248.5,17.79,280.45,136.68,0.5527,0.5527,7.3396,11.9899,0.0,0.3644
1487,2344,131.45,37.88,180.44,172.19,0.2444,0.2444,5.1135,5.3029,161.5922,0.0811
1487,2509,136.01,38.22,164.16,64.56,0.4016,0.4016,31.1517,12.0028,131.5835,0.1309
1488,2395,220.17,8.44,256.92,144.7,0.7642,0.7642,6.6553,8.3426,0.0,0.5068
1488,2484,248.45,18.99,280.98,137.42,0.5679,0.5679,7.2805,12.0144,0.0,0.3745
1488,2344,127.08,37.3,186.0,202.76,0.4834,0.4834,4.0606,9.0047,22.7171,0.3683
1488,2509,138.6,38.67,166.77,64.42,0.3667,0.3667,31.3315,11.9,132.1888,0.1196
1488,2458,71.13,11.58,109.56,151.7,0.645,0.645,6.2984,12.7011,0.0,0.4247
1489,2395,220.9,7.8,257.55,144.43,0.79,0.79,6.6756,8.4378,0.0,0.5238
1489,2484,250.24,21.16,282.98,137.49,0.7285,0.7285,7.2824,12.2728,0.0,0.4801
1489,2509,140.35,39.82,167.9,64.51,0.3259,0.3259,31.1995,11.8255,40.0554,0.1895
1489,2458,68.36,11.35,106.66,152.1,0.625,0.625,6.2845,13.0909,0.0,0.4113
1490,2395,221.29,7.65,257.68,143.87,0.7148,0.7148,6.7152,8.4741,0.0,0.4739
1490,2484,249.93,22.37,284.42,141.69,0.603,0.603,6.9611,12.321,13.9534,0.3914
1490,2458,65.53,11.53,102.24,148.32,0.2161,0.2161,6.5362,13.5486,161.3765,0.07
1491,2395,221.43,8.06,257.74,144.12,0.7695,0.7695,6.698,8.4881,0.0,0.5102
1491,2484,251.02,22.61,286.46,143.68,0.7129,0.7129,6.8231,12.531,18.1911,0.4577
1491,2458,62.51,11.45,98.69,147.1,0.5728,0.5728,6.6301,13.9867,148.358,0.1853
1491,2344,131.82,37.88,193.82,213.82,0.4543,0.4543,3.7684,10.209,27.3206,0.3582
1492,2395,221.69,7.75,257.92,143.84,0.7695,0.7695,6.7181,8.519,0.0,0.5102
1492,2484,254.55,22.58,286.59,129.61,0.5273,0.5273,7.99,12.9359,167.9598,0.1713
1492,2458,61.27,11.52,97.97,151.27,0.3933,0.3933,6.3659,14.148,15.5595,0.2534
1492,2344,132.21,39.74,192.12,213.07,0.2407,0.2407,3.7871,10.1301,0.0,0.1981
1493,2395,221.65,8.31,257.75,144.39,0.791,0.791,6.6796,8.5044,0.0,0.5244
1493,2484,255.77,22.81,290.88,140.31,0.7114,0.7114,7.0892,13.1663,14.1066,0.4609
1493,2458,60.85,11.04,94.23,138.19,0.2024,0.2024,7.2947,14.4151,166.8307,0.0653
1494,2395,221.65,7.94,257.67,144.32,0.8296,0.8296,6.6844,8.4988,0.0,0.55
1494,2484,260.19,22.42,296.34,144.11,0.8271,0.8271,6.831,13.8267,23.5203,0.5205
1494,2458,59.01,11.31,89.12,123.43,0.2108,0.2108,8.7056,15.1248,168.8117,0.0678
1495,2395,221.81,7.77,257.67,144.02,0.834,0.834,6.7054,8.5099,0.0,0.5529
1495,2484,262.04,22.35,298.08,145.29,0.7378,0.7378,6.756,14.0705,0.0,0.4845
1495,2458,60.24,11.51,88.78,117.05,0.3767,0.3767,9.4746,15.2537,169.7406,0.1211
1495,2344,140.43,23.3,207.07,216.79,0.3398,0.3398,3.6936,10.3695,56.2296,0.2336
1496,2395,221.81,7.81,257.72,144.37,0.7847,0.7847,6.6812,8.5135,0.0,0.5203
1496,2484,264.15,21.66,299.95,145.61,0.6514,0.6514,6.7424,14.3394,0.0,0.4275
1496,2458,58.65,11.69,89.22,125.29,0.5527,0.5527,8.5035,15.0965,11.4027,0.3585
1497,2395,221.96,7.75,257.78,144.31,0.8262,0.8262,6.6856,8.5282,0.0,0.5478
1497,2484,265.14,22.03,300.35,145.5,0.75,0.75,6.753,14.4328,0.0,0.4921
1497,2458,55.15,11.89,85.44,120.42,0.3674,0.3674,9.0764,15.6978,167.5066,0.1179
1498,2395,222.08,7.64,257.73,144.11,0.5479,0.5479,6.6996,8.533,0.0,0.3632
1498,2484,268.95,21.97,299.13,127.49,0.4282,0.4282,8.2642,14.7803,168.3758,0.138
1498,2491,39.38,12.79,104.56,151.41,0.5332,0.5332,6.3892,15.1743,16.2688,0.3422
1499,2395,222.07,7.62,257.59,143.84,0.7529,0.7529,6.7182,8.5225,0.0,0.4992
1499,2484,267.77,21.53,300.99,138.86,0.7285,0.7285,7.2504,14.6681,13.2516,0.4713
1499,2458,49.21,12.71,85.96,144.62,0.3857,0.3857,6.8585,15.7253,14.133,0.2484
1500,2395,222.56,7.73,257.95,143.42,0.6372,0.6372,6.7488,8.5825,0.0,0.4224
1500,2484,269.27,21.76,303.83,142.64,0.5737,0.5737,6.9733,14.9434,16.1708,0.3684
1500,2521,146.07,159.98,226.2,221.29,0.6919,0.6919,3.5902,10.9896,0.0,0.5871
1500,2458,47.46,13.05,85.67,150.21,0.3804,0.3804,6.4886,15.8831,15.1099,0.2444
1501,2395,220.46,7.8,256.48,144.15,0.7188,0.7188,6.6931,8.3316,0.0,0.4767
1501,2484,271.21,22.49,307.12,146.96,0.75,0.75,6.6819,15.2973,17.0958,0.4801
1501,2521,145.92,160.02,228.34,223.02,0.3767,0.3767,3.552,11.2394,0.0,0.3215
1501,2458,45.54,12.96,84.31,152.6,0.4629,0.4629,6.3472,16.1206,18.6762,0.2944
1502,2395,221.34,7.73,257.4,144.51,0.8076,0.8076,6.6705,8.4582,0.0,0.5355
1502,2484,271.02,22.67,308.48,150.96,0.8218,0.8218,6.4247,15.3995,15.1337,0.5285
1502,2458,46.63,12.51,87.18,153.62,0.6533,0.6533,6.2768,15.8697,0.0,0.4272
1502,2344,153.18,31.92,222.63,222.5,0.6323,0.6323,3.5636,11.1781,52.9645,0.4548
1503,2395,221.9,7.82,257.91,144.65,0.7871,0.7871,6.6622,8.5335,0.0,0.5218
1503,2484,271.92,23.82,310.11,153.56,0.8159,0.8159,6.2713,15.5934,17.2424,0.5217
1503,2458,45.92,12.27,82.91,134.69,0.6377,0.6377,7.6515,16.1952,167.4553,0.2041
1503,2344,152.39,31.87,225.0,223.2,0.4102,0.4102,3.5484,11.2856,0.0,0.3502
1504,2395,222.05,7.67,257.97,144.33,0.7627,0.7627,6.6846,8.5479,0.0,0.5056
1504,2484,271.99,24.45,310.52,154.33,0.8013,0.8013,6.2266,15.6344,0.0,0.5243
1504,2458,42.84,11.8,78.85,126.26,0.3999,0.3999,8.4763,16.7901,168.0884,0.1276
1504,2491,31.75,12.88,95.2,153.04,0.3337,0.3337,6.3271,16.3163,66.1622,0.1517
1505,2395,222.37,7.8,258.1,144.3,0.7832,0.7832,6.6873,8.5794,0.0,0.5192
1505,2484,271.48,25.5,311.09,158.23,0.6582,0.6582,6.0045,15.6953,15.8522,0.4223
1505,2491,31.36,12.59,94.26,153.41,0.7642,0.7642,6.3078,16.4078,0.0,0.4991
1506,2395,222.62,7.82,258.2,144.29,0.7974,0.7974,6.6884,8.604,0.0,0.5286
1506,2484,272.1,26.26,312.24,160.4,0.8193,0.8193,5.8909,15.8509,17.7371,0.5228
1506,2491,30.42,12.46,93.12,153.36,0.8452,0.8452,6.3156,16.544,0.0,0.5518
1506,2344,155.93,37.79,228.3,224.26,0.4092,0.4092,3.5262,11.4916,0.0,0.3505
1507,2395,222.36,8.14,257.85,144.47,0.6958,0.6958,6.6752,8.5614,0.0,0.4613
1507,2484,277.6,26.9,316.94,161.99,0.3225,0.3225,5.8289,16.5496,0.0,0.2105
1507,2491,28.92,12.31,91.57,152.94,0.75,0.75,6.3481,16.7401,0.0,0.4894
1508,2395,222.48,7.97,257.86,144.35,0.8228,0.8228,6.6836,8.5704,0.0,0.5455
1508,2484,278.23,27.66,317.93,165.47,0.7642,0.7642,5.6568,16.7306,17.4332,0.487
1508,2491,26.9,11.83,89.43,152.1,0.8594,0.8594,6.4094,17.005,0.0,0.5604
1509,2395,222.44,8.01,257.95,145.42,0.6177,0.6177,6.6104,8.5761,0.0,0.4095
1509,2484,279.83,27.77,319.32,166.29,0.6851,0.6851,5.6232,16.9434,0.0,0.4468
1509,2491,25.12,11.65,87.97,152.6,0.8037,0.8037,6.3865,17.2213,0.0,0.5238
1510,2395,216.41,8.2,253.62,147.03,0.6343,0.6343,6.4901,7.8573,38.1463,0.3757
1510,2484,280.01,27.89,319.71,166.71,0.6699,0.6699,5.6041,16.9904,0.0,0.4369
1510,2491,24.15,11.4,87.5,153.23,0.8726,0.8726,6.3516,17.3212,0.0,0.5685
1511,2395,214.26,8.02,252.04,144.21,0.7583,0.7583,6.6759,7.5828,162.694,0.2506
1511,2484,279.69,28.1,319.86,166.71,0.835,0.835,5.6037,16.9794,0.0,0.5445
1511,2491,23.53,11.17,87.03,153.26,0.8867,0.8867,6.3524,17.3926,0.0,0.5776
1511,2344,185.9,60.47,247.83,223.17,0.4417,0.4417,3.5659,12.3383,100.2722,0.2283
1512,2395,213.04,7.83,252.06,144.52,0.5776,0.5776,6.6531,7.4985,0.0,0.3834
1512,2484,281.19,27.98,320.76,163.05,0.6387,0.6387,5.7903,17.0525,163.2278,0.2035
1512,2491,23.29,11.06,86.77,153.25,0.8555,0.8555,6.3542,17.425,0.0,0.5572
1513,2395,214.55,8.02,253.87,143.8,0.7148,0.7148,6.7069,7.7322,0.0,0.4744
1513,2484,284.34,28.12,324.39,165.58,0.8516,0.8516,5.6784,17.544,28.8114,0.5194
1513,2491,22.43,11.1,85.08,152.68,0.8101,0.8101,6.3952,17.5857,0.0,0.5274
1514,2395,215.36,7.83,252.13,130.02,0.2925,0.2925,7.8182,7.9185,167.7055,0.0966
1514,2484,286.3,28.15,326.44,166.22,0.8184,0.8184,5.6559,17.8157,0.0,0.5325
1514,2491,23.38,11.02,85.52,152.26,0.6602,0.6602,6.4176,17.4916,0.0,0.43
1514,2344,197.82,64.57,257.76,224.68,0.3477,0.3477,3.5449,13.2172,80.5732,0.1993
1515,2395,216.95,7.71,252.58,123.1,0.5166,0.5166,8.5217,8.3523,168.6502,0.1704
1515,2484,286.61,28.23,326.8,165.5,0.6646,0.6646,5.6927,17.8427,0.0,0.4324
1515,2344,199.94,64.17,259.32,225.37,0.5244,0.5244,3.5323,13.4264,0.0,0.4474
1515,2458,31.94,10.85,69.52,124.02,0.7017,0.7017,8.7831,18.1398,146.0684,0.2223
1516,2484,287.04,28.23,327.52,166.1,0.8315,0.8315,5.6658,17.9295,0.0,0.5409
1516,2344,196.83,26.38,267.4,225.13,0.7559,0.7559,3.5407,13.5777,0.0,0.644
1516,2491,24.82,10.86,85.93,152.28,0.7349,0.7349,6.4118,17.3712,0.0,0.4788
1517,2484,285.88,28.15,326.8,165.56,0.8306,0.8306,5.6881,17.7972,0.0,0.5405
1517,2491,25.53,10.92,84.89,151.6,0.4292,0.4292,6.4549,17.3871,0.0,0.2796
1517,2395,214.18,7.5,252.14,126.77,0.5078,0.5078,8.1314,7.9677,12.6716,0.3328
1517,2458,33.1,10.97,70.85,122.24,0.3337,0.3337,8.9777,18.0174,166.5167,0.1058
1518,2484,287.16,28.48,327.94,165.04,0.8306,0.8306,5.7193,17.9411,0.0,0.5403
1518,2458,33.87,10.96,71.7,120.95,0.6909,0.6909,9.1248,17.9428,167.1767,0.2191
1519,2484,287.48,28.97,328.17,164.81,0.791,0.791,5.7319,17.9715,0.0,0.5145
1519,2344,203.27,10.25,279.18,223.56,0.499,0.499,3.5884,14.114,0.0,0.4216
1519,2491,27.51,11.02,85.38,152.08,0.4397,0.4397,6.419,17.2298,0.0,0.2866
1520,2484,287.8,29.8,327.98,163.31,0.8413,0.8413,5.808,17.9497,0.0,0.5472
1520,2395,220.38,7.48,251.58,100.62,0.3804,0.3804,11.9369,10.0585,171.8737,0.1249
1520,2458,37.36,10.76,69.37,100.65,0.4746,0.4746,12.399,18.5334,172.1517,0.15
1521,2484,282.79,30.66,324.71,166.46,0.771,0.771,5.6328,17.4851,23.6805,0.4805
1521,2458,36.17,11.05,73.27,116.65,0.5527,0.5527,9.6575,17.8055,9.9835,0.3569
1521,2344,209.7,7.2,289.19,223.0,0.6143,0.6143,3.6147,14.7591,0.0,0.5162
1522,2484,282.77,31.62,324.96,166.69,0.8076,0.8076,5.6222,17.5052,0.0,0.5259
1522,2458,36.97,11.65,74.48,119.4,0.2247,0.2247,9.2946,17.6044,10.726,0.145
1522,2344,210.37,7.09,291.67,221.94,0.3667,0.3667,3.6414,14.794,0.0,0.3068
1522,2491,37.07,11.6,92.36,146.12,0.3337,0.3337,6.7677,16.1085,155.0898,0.1069
1523,2484,281.41,32.23,324.23,167.5,0.605,0.605,5.5788,17.3906,0.0,0.3941
1523,2458,40.24,11.76,72.6,103.39,0.3784,0.3784,11.8047,18.046,171.7506,0.1199
1524,2484,280.0,32.55,323.26,168.06,0.6968,0.6968,5.5472,17.2518,0.0,0.4541
1525,2484,278.39,33.03,322.1,168.81,0.7939,0.7939,5.5063,17.0934,0.0,0.5176
1525,2344,206.76,6.54,289.55,223.78,0.5527,0.5527,3.5951,14.7248,0.0,0.4659
1525,2458,39.94,11.01,78.49,122.78,0.5029,0.5029,8.8678,17.0746,10.8741,0.3249
1526,2484,277.63,33.5,321.35,168.79,0.7485,0.7485,5.5041,16.9959,0.0,0.4881
1526,2344,209.28,6.98,294.68,224.4,0.5293,0.5293,3.5884,15.1247,0.0,0.4464
1526,2458,42.22,10.34,80.93,123.4,0.4844,0.4844,8.7827,16.7553,0.0,0.3161
1527,2484,276.8,33.75,320.14,167.55,0.4893,0.4893,5.5582,16.8322,0.0,0.3192
1527,2458,43.95,9.92,81.97,122.27,0.4648,0.4648,8.9029,16.6021,162.3033,0.1485
1528,2484,275.03,33.24,318.26,165.29,0.2227,0.2227,5.6597,16.5404,157.8938,0.0712
1528,2458,45.9,9.89,83.25,121.28,0.3337,0.3337,9.0086,16.4174,158.8021,0.1067
1528,2491,39.13,11.72,93.19,150.89,0.4177,0.4177,6.4474,15.942,15.096,0.2683
1529,2484,273.56,33.1,317.27,166.67,0.5234,0.5234,5.5876,16.4148,0.0,0.3418
1529,2538,224.02,7.99,255.4,127.63,0.4036,0.4036,8.0649,8.8147,0.0,0.2675
1529,2491,41.68,10.6,94.25,150.91,0.7349,0.7349,6.438,15.7028,0.0,0.4808
1529,2344,215.02,29.91,295.3,225.33,0.4358,0.4358,3.574,15.5022,0.0,0.3681
1530,2484,273.59,32.72,316.08,163.1,0.4756,0.4756,5.7616,16.2552,163.1524,0.1522
1530,2538,220.31,7.67,255.36,141.11,0.7192,0.7192,6.9091,8.2524,13.8901,0.47
1530,2491,43.28,10.94,93.7,149.07,0.4534,0.4534,6.553,15.62,164.6271,0.1456
1531,2484,271.92,32.46,314.25,162.2,0.4863,0.4863,5.8005,16.0072,0.0,0.3179
1531,2538,220.75,7.71,256.92,145.49,0.7725,0.7725,6.6021,8.3854,14.9181,0.5036
1531,2491,44.71,10.91,93.83,147.98,0.6782,0.6782,6.6209,15.5103,0.0,0.4439
1532,2484,270.21,31.97,312.85,163.09,0.3999,0.3999,5.7486,15.823,0.0,0.2615
1532,2538,221.28,7.78,257.66,146.16,0.687,0.687,6.5587,8.4775,0.0,0.4555
1532,2491,47.26,10.9,94.62,145.33,0.6069,0.6069,6.793,15.2791,162.9765,0.1951
1533,2538,220.88,7.64,257.32,146.04,0.7598,0.7598,6.5658,8.425,0.0,0.5038
1533,2491,50.92,10.7,95.83,140.22,0.498,0.498,7.1551,14.9613,164.875,0.1604
1534,2538,220.86,7.66,257.47,146.27,0.7529,0.7529,6.5505,8.4353,0.0,0.4992
1534,2344,218.73,30.61,301.73,225.01,0.3657,0.3657,3.5911,15.9376,0.0,0.3078
1535,2538,221.25,7.7,257.71,145.92,0.8052,0.8052,6.5748,8.4777,0.0,0.5339
1535,2491,54.79,9.95,98.52,138.53,0.4368,0.4368,7.2717,14.5315,150.5958,0.1409
1536,2538,221.42,7.79,257.76,145.86,0.7725,0.7725,6.5791,8.4929,0.0,0.5122
1536,2458,53.65,9.98,95.6,142.87,0.5186,0.5186,6.9512,14.7855,14.6328,0.3344
1537,2538,221.54,7.75,257.73,145.37,0.7192,0.7192,6.6123,8.4973,0.0,0.4768
1537,2540,272.82,36.96,314.77,226.77,0.3711,0.3711,3.6343,19.4143,0.0,0.3079
1538,2538,220.73,7.73,257.05,145.39,0.7656,0.7656,6.609,8.3928,0.0,0.5077
1538,2540,274.42,37.09,316.48,226.71,0.6289,0.6289,3.6403,19.5809,0.0,0.5212
1538,2458,59.36,10.17,100.04,143.27,0.4844,0.4844,6.8997,14.1021,0.0,0.3181
1539,2538,221.19,8.48,257.16,145.06,0.7349,0.7349,6.6322,8.4319,0.0,0.4873
1540,2538,221.69,8.06,257.63,144.55,0.708,0.708,6.6685,8.499,0.0,0.4694
1540,2540,281.71,36.88,324.46,225.43,0.5669,0.5669,3.6911,20.2864,0.0,0.4651
1541,2538,220.14,8.53,256.55,145.21,0.6768,0.6768,6.6199,8.3157,0.0,0.4488
1541,2540,281.96,36.63,325.78,225.44,0.5566,0.5566,3.6933,20.3698,0.0,0.4564
1541,2344,228.37,33.69,292.5,187.0,0.6958,0.6958,4.6418,12.8679,159.8648,0.2593
1541,2458,64.4,10.23,102.81,140.18,0.4648,0.4648,7.1121,13.5837,157.7668,0.1506
1542,2538,221.0,8.03,257.31,144.78,0.6958,0.6958,6.6513,8.4285,0.0,0.4614
1542,2540,279.79,36.65,324.64,225.25,0.3049,0.3049,3.6925,20.1823,0.0,0.2502
1542,2458,67.62,9.96,101.08,123.52,0.3259,0.3259,8.6407,13.7662,168.8123,0.1055
1543,2538,220.16,8.49,256.53,145.14,0.7422,0.7422,6.6247,8.3155,0.0,0.4922
1543,2458,68.75,9.54,99.75,116.3,0.4072,0.4072,9.5173,14.0175,169.8623,0.1317
1543,2344,226.24,32.17,287.98,179.02,0.5186,0.5186,4.9274,11.9759,159.1096,0.1741
1544,2538,220.68,8.47,257.08,145.71,0.4902,0.4902,6.5874,8.3926,0.0,0.3251
1544,2344,226.04,31.58,287.56,177.3,0.2502,0.2502,4.9945,11.8411,0.0,0.1652
1544,2540,281.32,38.25,327.06,225.08,0.5225,0.5225,3.7023,20.3787,0.0,0.4278
1545,2538,219.41,8.1,255.6,144.98,0.561,0.561,6.6335,8.1971,0.0,0.3721
1545,2344,224.24,32.65,285.9,177.24,0.7378,0.7378,4.9925,11.6198,0.0,0.4876
1545,2548,72.97,9.25,115.94,141.44,0.3684,0.3684,6.9734,12.0986,0.0,0.2429
1545,2540,281.39,38.58,328.3,224.5,0.6235,0.6235,3.7174,20.4082,0.0,0.5093
1546,2538,219.68,7.86,256.15,144.49,0.7231,0.7231,6.6681,8.2538,0.0,0.4796
1546,2344,224.56,43.76,284.31,181.19,0.2186,0.2186,4.8375,11.7724,19.4687,0.1448
1546,2540,280.41,39.74,328.43,224.78,0.8125,0.8125,3.7097,20.3824,0.0,0.6645
1546,2458,69.16,9.21,102.12,126.31,0.458,0.458,8.3359,13.5204,11.5594,0.298
1547,2538,220.69,8.0,256.77,143.77,0.5928,0.5928,6.7203,8.3681,0.0,0.3931
1547,2540,280.43,39.69,329.71,224.7,0.6323,0.6323,3.7135,20.4457,0.0,0.5167
1547,2458,69.72,8.88,102.7,129.12,0.3923,0.3923,8.0519,13.3791,12.0317,0.2551
1548,2458,70.4,9.23,104.98,138.02,0.3157,0.3157,7.2633,13.0446,13.2411,0.205
1548,2548,72.75,9.08,116.25,142.87,0.4436,0.4436,6.8687,12.0882,13.9047,0.2881
1549,2458,73.1,8.74,103.54,121.55,0.2056,0.2056,8.8438,13.3011,169.072,0.0667
1549,2548,71.39,8.7,115.13,144.01,0.353,0.353,6.7922,12.2572,0.0,0.2327
1549,2344,219.29,12.86,283.91,164.39,0.6738,0.6738,5.5503,10.5622,162.6079,0.2208
1550,2458,77.26,8.26,102.04,94.43,0.3857,0.3857,13.5918,14.473,172.8328,0.1245
1550,2548,72.12,8.21,115.28,142.29,0.2917,0.2917,6.9138,12.1992,165.5705,0.095
1550,2538,219.99,8.64,256.6,145.94,0.4321,0.4321,6.5704,8.3115,14.683,0.2819
1550,2540,281.0,41.88,331.51,224.96,0.4961,0.4961,3.7114,20.5888,0.0,0.4054
1551,2458,79.86,8.25,103.15,83.98,0.3389,0.3389,17.0312,14.993,174.1514,0.1091
1551,2548,72.68,8.11,114.97,140.09,0.3774,0.3774,7.0772,12.1919,166.4148,0.123
1551,2540,281.2,41.69,333.05,223.46,0.541,0.541,3.7481,20.5804,0.0,0.4395
1551,2344,214.31,7.27,277.21,160.8,0.4187,0.4187,5.7152,9.6478,148.632,0.1376
1552,2548,73.83,8.06,115.86,139.2,0.5498,0.5498,7.1417,12.0583,0.0,0.3625
1552,2540,280.88,41.91,334.61,224.27,0.6001,0.6001,3.7316,20.7004,0.0,0.4886
1552,2538,221.79,8.34,261.74,158.28,0.603,0.603,5.838,9.0221,17.008,0.3907
1553,2548,74.83,7.88,117.14,139.75,0.5708,0.5708,7.0949,11.898,0.0,0.3764
1553,2540,281.63,42.35,337.17,224.39,0.6665,0.6665,3.7342,20.8844,0.0,0.5422
1553,2538,220.59,8.64,261.47,164.33,0.6636,0.6636,5.5274,9.1526,17.1478,0.4298
1554,2548,76.39,7.92,118.87,139.49,0.7002,0.7002,7.1087,11.674,0.0,0.462
1554,2538,219.05,8.39,257.73,153.72,0.222,0.222,6.0848,8.4331,163.795,0.0732
1555,2548,77.07,8.01,120.14,140.74,0.7056,0.7056,7.0102,11.5317,0.0,0.4657
1555,2540,281.68,41.2,338.79,222.26,0.2974,0.2974,3.7857,20.8346,0.0,0.2399
1556,2548,78.39,7.84,122.22,141.63,0.5757,0.5757,6.9379,11.2931,0.0,0.3801
1556,2540,281.06,40.62,340.35,223.32,0.3469,0.3469,3.7628,20.9536,0.0,0.2808
1556,2538,210.17,8.66,258.16,189.46,0.458,0.458,4.5024,10.0437,20.7481,0.3235
1557,2548,81.76,7.55,122.61,128.32,0.5059,0.5059,8.0608,11.2447,167.8874,0.1654
1558,2548,83.68,7.39,122.63,118.62,0.4795,0.4795,9.1255,11.4583,169.3368,0.1566
1558,2540,285.39,39.95,346.75,224.63,0.4639,0.4639,3.7505,21.6108,0.0,0.3757
1559,2548,82.06,7.34,125.24,129.18,0.5488,0.5488,7.9717,11.0231,12.0382,0.3585
1559,2540,289.34,39.62,350.81,222.07,0.2194,0.2194,3.8232,21.8828,0.0,0.1754
1560,2548,82.78,7.46,125.98,127.02,0.5439,0.5439,8.1813,10.9855,167.4482,0.178
1560,2540,292.92,38.86,353.41,215.16,0.3738,0.3738,4.0028,21.8226,156.0109,0.1654
1560,2538,213.75,8.4,253.3,151.36,0.3604,0.3604,6.2137,7.7066,164.6801,0.119
1561,2548,82.76,7.52,125.52,123.57,0.3794,0.3794,8.5446,11.132,168.7452,0.1241
1561,2540,294.66,38.48,354.61,211.27,0.3066,0.3066,4.1094,21.7779,156.8942,0.1313
1561,2538,220.22,8.83,257.47,145.15,0.4417,0.4417,6.6252,8.3858,161.9338,0.1457
1562,2548,80.12,7.59,127.34,135.88,0.5215,0.5215,7.3746,10.8745,13.022,0.3401
1562,2540,297.57,38.54,356.81,210.25,0.7334,0.3667,4.1465,22.0125,0.0,0.2773
1562,2538,222.56,8.62,259.08,144.31,0.7407,0.7407,6.6881,8.6615,0.0,0.491
1562,2561,78.22,7.93,128.19,80.66,0.3337,0.3337,18.4092,13.9999,0.0,0.2192
1563,2540,299.74,38.47,359.03,214.06,0.6704,0.3352,4.0543,22.4533,0.0,0.2573
1563,2538,227.94,8.51,254.67,100.6,0.4534,0.4534,11.9642,10.6545,171.91,0.1485
1563,2561,77.79,8.0,127.55,80.49,0.5059,0.5059,18.4961,14.0703,0.0,0.3322
1563,2562,187.51,31.98,247.87,197.16,0.3857,0.3857,4.2356,9.2698,0.0,0.2948
1564,2540,301.9,37.71,360.0,215.86,0.6748,0.3374,4.0142,22.7205,0.0,0.2606
1564,2538,222.87,8.02,258.6,132.7,0.7192,0.7192,7.5951,8.7956,12.6191,0.4709
1564,2562,186.09,32.04,241.39,183.24,0.4065,0.4065,4.6898,7.3854,159.2234,0.1512
1564,2548,78.89,8.17,126.75,138.49,0.4016,0.4016,7.1676,10.968,14.3163,0.2611
1565,2540,305.6,37.43,360.0,215.92,0.7695,0.3847,4.0197,22.9275,0.0,0.2967
1565,2538,221.85,8.37,259.14,140.23,0.769,0.769,6.9817,8.6323,13.6852,0.5025
1565,2562,182.1,30.49,242.47,196.06,0.6372,0.6372,4.2631,8.7228,21.8242,0.4697
1565,2548,77.88,8.0,125.49,138.5,0.4102,0.4102,7.1708,11.1244,0.0,0.2709
1565,2561,75.77,8.08,126.42,82.25,0.2776,0.2776,17.6898,14.0876,7.5641,0.1815
1566,2540,307.59,36.87,360.0,213.08,0.4805,0.2402,4.0969,22.8931,0.0,0.1828
1566,2538,221.54,8.34,259.19,142.75,0.6836,0.6836,6.7967,8.5994,14.0439,0.4464
1566,2548,78.68,8.08,121.91,126.2,0.3276,0.3276,8.2812,11.5604,168.3783,0.107
1566,2561,75.22,8.13,124.43,80.76,0.2959,0.2959,18.3901,14.3464,173.2954,0.0956
1567,2540,307.55,36.85,360.0,211.37,0.627,0.3135,4.1421,22.8064,0.0,0.2367
1567,2538,221.41,8.27,259.19,144.67,0.833,0.833,6.6619,8.589,14.3156,0.5436
1567,2548,76.5,8.04,123.28,137.77,0.3372,0.3372,7.2351,11.3789,13.2685,0.2196
1567,2561,73.25,8.25,125.7,86.64,0.3621,0.3621,15.9362,13.908,6.1245,0.2372
1567,2562,183.33,28.33,237.5,177.0,0.7686,0.7686,4.9223,6.4134,160.8234,0.2626
1568,2540,308.3,36.2,360.0,209.91,0.4629,0.2314,4.183,22.7776,0.0,0.1735
1568,2538,221.93,8.45,259.35,144.54,0.396,0.396,6.6717,8.6365,0.0,0.2625
1568,2548,76.08,8.17,122.34,138.15,0.3252,0.3252,7.2074,11.4685,0.0,0.2146
1568,2561,72.47,8.01,124.94,87.61,0.4082,0.4082,15.5971,13.9177,8.1448,0.2668
1568,2562,182.78,28.15,234.17,169.82,0.498,0.498,5.2203,5.4991,161.2675,0.1652
1569,2540,308.03,36.06,360.0,209.76,0.563,0.2815,4.1866,22.7553,0.0,0.2109
1569,2538,221.86,8.05,259.49,145.27,0.8135,0.8135,6.6218,8.6429,0.0,0.5393
1569,2561,73.6,8.29,122.44,83.24,0.5391,0.5391,17.2845,14.3366,174.3522,0.1741
1569,2562,180.37,27.08,230.81,167.89,0.7778,0.7778,5.3038,5.0111,0.0,0.5175
1570,2540,308.46,36.3,360.0,211.04,0.7871,0.3936,4.1528,22.8411,0.0,0.2965
1570,2538,221.76,8.07,259.42,145.6,0.8086,0.8086,6.5992,8.6321,0.0,0.536
1570,2561,74.26,8.69,121.35,81.82,0.3091,0.3091,17.9116,14.4744,174.5516,0.0998
1570,2562,178.67,26.73,227.93,166.22,0.7153,0.7153,5.3787,4.6104,0.0,0.4761
1570,2548,74.86,8.7,121.72,142.87,0.354,0.354,6.8549,11.5672,14.3226,0.2299
1571,2540,310.51,36.59,360.0,210.62,0.4883,0.2442,4.1682,22.9354,0.0,0.1834
1571,2538,221.76,8.07,258.97,144.77,0.7725,0.7725,6.6552,8.5983,0.0,0.5121
1571,2561,74.58,9.07,120.73,81.59,0.384,0.384,18.0184,14.5091,173.7501,0.1239
1571,2562,174.44,25.65,222.9,164.17,0.4834,0.4834,5.4723,3.938,141.592,0.1608
1571,2548,76.82,9.01,119.27,130.83,0.3225,0.3225,7.8384,11.7446,167.7573,0.1052
1572,2540,311.24,35.21,360.0,209.92,0.4331,0.2165,4.1887,22.9429,0.0,0.1621
1572,2538,220.69,7.98,258.18,145.34,0.8193,0.8193,6.6138,8.4692,0.0,0.5432
1572,2562,173.77,25.64,220.84,161.96,0.6206,0.6206,5.5798,3.5744,160.1627,0.2065
1572,2548,75.91,9.39,120.02,137.64,0.647,0.647,7.2526,11.6447,13.2171,0.4212
1573,2540,309.82,33.77,360.0,210.6,0.5273,0.2636,4.1674,22.8959,0.0,0.1981
1573,2538,221.33,8.07,258.52,144.98,0.7939,0.7939,6.6396,8.537,0.0,0.5263
1573,2562,171.78,25.32,218.76,163.45,0.6333,0.6333,5.505,3.5441,0.0,0.4218
1573,2548,76.12,10.24,119.29,136.65,0.4131,0.4131,7.3336,11.6917,0.0,0.2725
1574,2540,312.28,33.71,360.0,210.51,0.6504,0.3252,4.1747,23.0291,0.0,0.2439
1574,2538,221.37,8.12,258.47,145.09,0.7422,0.7422,6.6321,8.5365,0.0,0.4921
1574,2562,170.19,24.53,217.72,167.02,0.6602,0.6602,5.3352,3.8573,18.6988,0.428
1574,2548,75.74,11.09,118.93,138.44,0.4426,0.4426,7.1915,11.7233,13.7155,0.2878
1574,2561,71.42,10.93,122.36,92.89,0.3269,0.3269,13.96,13.7324,6.9909,0.214
1575,2540,311.43,32.68,360.0,210.49,0.561,0.2805,4.1736,22.9807,0.0,0.2105
1575,2538,221.31,8.04,258.35,145.11,0.7627,0.7627,6.6305,8.5239,0.0,0.5057
1575,2562,167.52,24.25,215.25,168.13,0.6826,0.6826,5.2834,3.8232,0.0,0.4546
1575,2548,76.0,11.67,118.22,135.86,0.4543,0.4543,7.4009,11.7834,167.0565,0.1482
1576,2540,311.59,33.04,360.0,209.94,0.4148,0.2074,4.1888,22.9634,0.0,0.1552
1576,2538,221.79,7.91,258.71,145.1,0.6875,0.6875,6.6323,8.5828,0.0,0.4558
1576,2562,165.59,24.66,212.6,167.88,0.6377,0.6377,5.2939,3.662,0.0,0.4247
1576,2548,78.07,11.82,116.66,122.79,0.314,0.314,8.6598,12.0616,168.8666,0.1024
1577,2540,311.62,33.29,358.92,208.81,0.3774,0.1887,4.2177,22.8512,0.0,0.1405
1577,2538,221.51,7.85,258.57,145.54,0.6909,0.6909,6.6018,8.5547,0.0,0.458
1577,2562,163.23,24.03,209.68,165.79,0.3201,0.3201,5.3895,3.2578,152.9019,0.1065
1577,2548,74.7,11.75,118.88,139.62,0.4263,0.4263,7.1019,11.7884,13.5094,0.2773
1577,2561,72.63,11.63,119.31,87.28,0.363,0.363,15.7341,14.2476,173.7962,0.1173
1578,2540,312.41,32.75,358.4,207.28,0.4321,0.216,4.2609,22.7953,0.0,0.1597
1578,2538,221.95,7.91,258.72,145.04,0.833,0.833,6.6366,8.5946,0.0,0.5522
1578,2548,76.07,11.52,117.3,128.29,0.3008,0.3008,8.0862,11.9887,168.1168,0.0981
1578,2561,73.64,11.68,118.57,84.34,0.3157,0.3157,16.8445,14.4582,174.2102,0.1019
1579,2540,314.46,32.28,359.41,203.37,0.6021,0.301,4.3801,22.7947,158.1785,0.1174
1579,2538,222.04,7.96,258.84,145.02,0.6533,0.6533,6.6382,8.6093,0.0,0.4331
1579,2548,74.78,11.62,118.27,133.36,0.5718,0.5718,7.6165,11.9018,12.6242,0.3725
1580,2540,314.59,31.93,358.14,196.76,0.5234,0.2617,4.5813,22.4568,159.3426,0.0952
1580,2538,222.43,7.94,259.09,144.72,0.771,0.771,6.6596,8.6536,0.0,0.5111
1580,2548,73.18,11.75,117.06,133.28,0.4016,0.4016,7.6292,12.0946,0.0,0.2648
1580,2561,72.34,11.73,117.0,83.34,0.332,0.332,17.2707,14.6933,170.7003,0.107
1581,2540,314.99,31.72,358.02,193.29,0.6875,0.3438,4.6959,22.3412,160.0671,0.1199
1581,2538,222.41,7.93,258.98,144.6,0.7612,0.7612,6.6677,8.6443,0.0,0.5046
1581,2548,72.09,12.48,117.94,137.85,0.6724,0.6724,7.2472,12.047,13.2379,0.4374
1582,2540,314.52,30.61,357.81,192.56,0.5962,0.2981,4.7191,22.2745,0.0,0.2025
1582,2538,222.46,7.93,259.05,144.64,0.7227,0.7227,6.6651,8.6528,0.0,0.4791
1582,2548,70.71,13.25,118.07,141.25,0.6187,0.6187,6.9877,12.1083,14.0334,0.4017
1583,2540,313.45,30.03,357.1,191.51,0.6802,0.3401,4.7509,22.1318,0.0,0.2297
1583,2538,222.81,7.83,259.49,144.74,0.7964,0.7964,6.6593,8.7083,0.0,0.5279
1583,2548,69.61,13.52,117.51,141.53,0.4678,0.4678,6.9701,12.2209,0.0,0.3083
1583,2562,159.3,24.1,204.29,165.29,0.3337,0.3337,5.4124,3.0631,0.0,0.2223
1583,2561,71.0,13.29,115.63,83.18,0.291,0.291,17.3508,14.8542,0.0,0.1908
1584,2540,315.22,29.83,358.4,191.09,0.498,0.249,4.7723,22.2975,0.0,0.1674
1584,2538,223.33,7.72,260.37,145.05,0.5898,0.5898,6.6399,8.807,0.0,0.3909
1584,2548,69.22,13.58,116.74,138.59,0.4321,0.4321,7.1966,12.3185,166.5894,0.1407
1584,2562,161.08,23.93,195.06,127.72,0.4688,0.4688,7.9637,2.3513,167.894,0.1561
1584,2561,70.13,13.61,115.43,82.85,0.3774,0.3774,17.4978,14.9383,170.0637,0.1215
1585,2540,316.94,29.87,360.0,192.02,0.4495,0.2248,4.7479,22.5254,0.0,0.1517
1585,2538,223.85,7.74,261.12,144.88,0.7065,0.7065,6.6533,8.8956,0.0,0.4682
1585,2548,67.01,13.73,116.96,144.48,0.5098,0.5098,6.764,12.432,14.438,0.3305
1585,2562,161.54,23.91,191.18,112.18,0.4688,0.4688,9.8133,4.5863,170.1159,0.1558
1586,2540,312.18,30.74,355.98,191.4,0.2935,0.1467,4.7494,21.987,0.0,0.0992
1586,2538,223.38,7.66,261.31,144.81,0.7217,0.7217,6.6577,8.8759,0.0,0.4783
1586,2548,64.73,13.78,114.96,145.63,0.5146,0.5146,6.6926,12.7263,0.0,0.3389
1586,2562,156.56,22.24,198.21,149.07,0.5918,0.5918,6.2951,0.8186,15.1173,0.3877
1586,2561,67.27,13.54,112.31,81.91,0.3486,0.3486,17.9438,15.3384,163.8126,0.1121
1587,2540,309.38,27.61,354.66,190.74,0.2289,0.2289,4.763,21.7196,0.0,0.1544
1587,2538,222.77,7.44,261.6,144.87,0.7642,0.7642,6.6532,8.8536,0.0,0.5064
1587,2562,154.43,22.84,197.48,157.06,0.3621,0.3621,5.8295,1.9612,16.5098,0.2364
1588,2540,307.9,27.48,354.25,191.0,0.5918,0.5918,4.7499,21.6173,0.0,0.4004
1588,2538,223.02,7.54,262.53,144.89,0.5049,0.5049,6.6534,8.9363,0.0,0.3346
1588,2548,59.03,14.43,104.32,126.58,0.3811,0.3811,8.3276,14.0418,167.7996,0.1232
1589,2540,303.76,28.11,351.01,190.58,0.6636,0.6636,4.7483,21.1636,0.0,0.4497
1589,2538,223.28,7.6,263.44,145.27,0.5938,0.5938,6.629,9.0191,0.0,0.3934
1589,2548,60.19,14.24,111.88,143.9,0.3621,0.3621,6.8281,13.2435,14.2051,0.2345
1589,2561,61.08,13.88,112.86,94.11,0.3337,0.3337,13.6972,14.81,7.3554,0.2179
1590,2540,304.68,28.55,350.69,183.83,0.5571,0.5571,4.9943,20.9625,161.1807,0.1738
1590,2538,223.12,7.7,263.65,144.75,0.6665,0.6665,6.6647,9.0214,0.0,0.4416
1590,2548,59.37,14.3,113.43,152.52,0.6514,0.6514,6.2632,13.2464,15.188,0.4209
1590,2562,153.63,20.58,186.69,121.56,0.5059,0.5059,8.6134,3.5119,168.7017,0.1683
1591,2540,305.12,28.74,350.94,180.76,0.458,0.458,5.115,20.908,161.6139,0.1426
1591,2538,223.34,7.64,264.19,144.28,0.7686,0.7686,6.6982,9.0741,0.0,0.5092
1591,2548,55.36,14.46,106.0,140.07,0.332,0.332,7.1333,13.9799,165.7233,0.1074
1591,2562,148.65,20.18,188.42,144.84,0.7031,0.7031,6.5736,1.6492,14.5409,0.4611
1592,2540,306.18,28.72,350.92,174.4,0.6968,0.6968,5.3819,20.7955,162.4684,0.2171
1592,2538,223.2,7.57,264.59,143.95,0.8369,0.8369,6.7215,9.0922,0.0,0.5544
1592,2548,59.7,14.53,107.7,134.15,0.4961,0.4961,7.6026,13.6287,165.5584,0.1607
1592,2562,147.12,19.92,187.56,149.25,0.5879,0.5879,6.2871,1.966,15.6832,0.3845
1593,2540,303.89,29.02,352.12,185.32,0.7656,0.7656,4.9397,21.0504,19.0083,0.4856
1593,2538,223.4,7.59,265.21,144.25,0.8037,0.8037,6.7018,9.1496,0.0,0.5324
1593,2548,57.79,15.11,111.43,151.73,0.6968,0.6968,6.318,13.4795,15.0608,0.4502
1593,2562,145.66,20.05,185.85,151.87,0.4688,0.4688,6.1282,2.3342,18.0582,0.3047
1594,2540,303.39,29.3,352.98,189.16,0.8052,0.8052,4.8014,21.2064,19.6651,0.5243
1594,2538,222.63,7.59,265.35,145.02,0.7271,0.7271,6.6478,9.1066,0.0,0.4817
1594,2548,56.36,15.85,113.33,164.55,0.5972,0.5972,5.6143,13.7027,16.8606,0.3839
1595,2540,301.65,28.22,352.31,190.31,0.7515,0.7515,4.756,21.1052,0.0,0.5087
1595,2538,222.18,7.67,265.36,145.02,0.8618,0.8618,6.6472,9.0758,0.0,0.5709
1595,2548,56.94,16.4,113.64,167.1,0.4873,0.4873,5.4901,13.7213,17.2999,0.3129
1595,2562,142.72,19.64,182.34,152.67,0.3933,0.3933,6.083,2.7966,0.0,0.262
1596,2540,299.64,27.44,350.85,190.02,0.7627,0.7627,4.7586,20.8873,0.0,0.5163
1596,2538,221.96,7.72,265.4,144.37,0.8628,0.8628,6.6917,9.0622,0.0,0.5716
1596,2548,60.35,17.01,109.83,148.23,0.645,0.645,6.5373,13.3847,165.4066,0.2092
1597,2540,300.8,26.88,350.99,186.85,0.7363,0.7363,4.8742,20.8493,160.6839,0.2417
1597,2538,221.46,7.73,265.45,144.68,0.8433,0.8433,6.6697,9.0311,0.0,0.5587
1597,2548,62.81,17.65,109.39,139.83,0.457,0.457,7.1283,13.2472,166.386,0.1483
1597,2561,60.46,17.9,112.49,99.46,0.4016,0.4016,12.3949,14.5449,7.8941,0.2622
1597,2562,141.48,20.19,179.5,149.93,0.6152,0.6152,6.2495,2.9237,161.4364,0.2048
1598,2540,300.8,25.93,350.41,185.0,0.7124,0.7124,4.941,20.7502,0.0,0.4651
1598,2538,221.4,7.74,265.7,144.62,0.8433,0.8433,6.6741,9.0443,0.0,0.5587
1598,2561,58.33,18.5,113.83,108.11,0.7568,0.7568,10.7302,14.1347,9.0491,0.4938
1598,2562,141.19,20.05,179.05,151.64,0.7612,0.7612,6.1459,3.0534,15.8443,0.4975
1599,2540,299.49,25.4,348.56,182.45,0.8037,0.8037,5.0308,20.4738,0.0,0.5189
1599,2538,220.42,7.74,265.26,144.96,0.8564,0.8564,6.6488,8.9455,0.0,0.5675
1599,2561,59.07,19.08,113.62,108.49,0.3811,0.3811,10.6652,14.083,0.0,0.2502
1599,2562,141.07,21.57,176.51,146.84,0.606,0.606,6.4473,3.068,164.7527,0.2017
1600,2540,299.86,24.65,347.79,178.53,0.8076,0.8076,5.1855,20.328,161.6889,0.2524
1600,2538,220.49,7.74,265.76,145.09,0.8594,0.8594,6.6406,8.9857,0.0,0.5694
1600,2561,60.3,18.59,111.08,102.11,0.395,0.395,11.8388,14.4918,171.8211,0.1275
1600,2562,141.13,21.55,176.91,149.15,0.5757,0.5757,6.2992,3.0971,15.1558,0.3768
1600,2548,62.7,17.96,108.31,136.7,0.2681,0.2681,7.3794,13.3538,166.9296,0.087
1601,2540,298.4,24.48,345.38,174.46,0.7695,0.7695,5.3479,19.9752,159.9466,0.2411
1601,2538,220.51,7.83,265.96,144.95,0.8574,0.8574,6.6505,9.0008,0.0,0.5681
1601,2561,50.74,18.08,111.38,118.34,0.2422,0.2422,9.2706,14.3597,10.971,0.1575
1601,2562,141.39,22.0,174.68,141.06,0.6206,0.6206,6.848,3.1769,165.9813,0.2065
1601,2548,61.79,17.86,109.41,141.33,0.4893,0.4893,7.0168,13.3077,13.6289,0.3172
1602,2540,295.24,24.44,341.87,170.25,0.7002,0.7002,5.5205,19.4534,157.4277,0.2201
1602,2538,220.32,7.71,266.04,144.89,0.8555,0.8555,6.6545,8.993,0.0,0.5668
1602,2561,47.78,17.53,110.19,121.22,0.3638,0.3638,8.9313,14.5398,13.6279,0.2352
1602,2562,140.87,21.75,175.5,146.74,0.6592,0.6592,6.4544,3.152,14.7569,0.4319
1602,2548,65.0,17.71,104.52,115.15,0.22,0.22,9.6699,13.9956,170.0255,0.0712
1603,2540,295.68,23.94,342.06,167.91,0.7861,0.7861,5.6318,19.4398,163.19,0.2471
1603,2538,220.15,7.98,265.99,144.69,0.8555,0.8555,6.6679,8.9772,0.0,0.5668
1603,2561,48.81,17.23,115.25,131.42,0.3999,0.3999,7.8544,13.8956,12.5111,0.2595
1603,2562,140.42,20.46,176.07,150.11,0.5381,0.5381,6.2404,3.2393,15.2388,0.3521
1604,2540,294.41,22.66,341.36,167.31,0.7471,0.7471,5.656,19.3029,0.0,0.4841
1604,2538,220.64,7.83,266.53,144.79,0.7925,0.7925,6.6625,9.0495,0.0,0.525
1604,2561,47.77,16.78,118.08,142.11,0.5029,0.5029,6.9703,13.6681,13.7093,0.3257
1604,2562,138.95,20.69,173.6,148.19,0.6953,0.6953,6.3625,3.4532,159.3676,0.2313
1605,2540,295.56,22.02,342.54,167.15,0.7988,0.7988,5.6693,19.4463,0.0,0.5173
1605,2538,220.74,8.03,266.44,144.65,0.8496,0.8496,6.6721,9.05,0.0,0.5629
1605,2561,43.79,16.48,122.46,163.33,0.4688,0.4688,5.6808,13.897,16.6812,0.3014
1605,2562,138.47,20.11,171.52,142.19,0.7578,0.7578,6.7694,3.593,165.6449,0.2521
1605,2548,63.39,16.11,103.93,112.86,0.3647,0.3647,10.0006,14.2296,169.6184,0.1178
1606,2540,295.38,21.61,342.54,167.53,0.7871,0.7871,5.6505,19.443,0.0,0.5098
1606,2538,220.85,8.15,266.52,144.96,0.8516,0.8516,6.6511,9.0638,0.0,0.5642
1606,2561,41.5,16.45,123.88,177.66,0.3667,0.3667,5.0394,14.4612,18.7146,0.2341
1606,2562,136.15,18.65,169.94,144.27,0.5156,0.5156,6.6257,3.8625,19.6546,0.3333
1606,2548,62.21,15.74,103.38,111.21,0.2437,0.2437,10.2529,14.41,169.7221,0.0787
1607,2540,295.56,21.48,342.7,168.1,0.7568,0.7568,5.624,19.4766,0.0,0.4901
1607,2538,220.74,8.26,266.32,144.9,0.7007,0.7007,6.6548,9.042,0.0,0.4642
1607,2561,41.14,16.34,122.87,183.43,0.6001,0.6001,4.8194,14.819,19.7196,0.3961
1607,2562,136.47,17.98,166.03,126.99,0.5796,0.5796,8.0571,4.7827,168.0436,0.1925
1608,2540,294.76,20.88,341.82,167.61,0.7974,0.7974,5.6435,19.3604,0.0,0.5166
1608,2538,220.59,8.21,266.36,145.43,0.8486,0.8486,6.6184,9.0356,0.0,0.5622
1608,2561,42.8,16.38,120.42,181.44,0.8076,0.8076,4.8952,14.771,0.0,0.5408
1608,2562,135.35,17.52,166.93,133.98,0.7886,0.7886,7.4147,4.3756,12.9205,0.5183
1609,2540,294.83,21.05,341.52,167.57,0.7598,0.7598,5.6448,19.345,0.0,0.4922
1609,2538,220.35,8.21,266.18,145.44,0.8384,0.8384,6.6172,9.0063,0.0,0.5555
1609,2561,43.8,16.3,118.87,182.17,0.7515,0.7515,4.8684,14.8405,0.0,0.5058
1609,2562,133.14,17.44,164.77,135.06,0.7686,0.7686,7.3271,4.6261,0.0,0.5116
1610,2540,294.1,20.85,340.71,167.68,0.7393,0.7393,5.6359,19.2504,0.0,0.4791
1610,2538,218.52,8.19,264.69,144.79,0.6636,0.6636,6.6571,8.7722,0.0,0.4398
1610,2561,44.32,16.35,118.25,186.16,0.5088,0.5088,4.7226,15.0482,19.8498,0.3421
1610,2562,130.97,17.84,162.6,135.8,0.7163,0.7163,7.2695,4.8977,0.0,0.4767
1610,2585,189.72,34.61,208.53,81.59,0.363,0.363,17.6723,9.2851,0.0,0.2404
1611,2540,293.08,20.89,339.7,168.13,0.6758,0.6758,5.6096,19.1323,0.0,0.4381
1611,2538,217.41,8.36,264.17,145.57,0.8101,0.8101,6.6018,8.66,0.0,0.537
1611,2561,42.44,16.37,114.48,185.55,0.3667,0.3667,4.7532,15.365,0.0,0.2522
1611,2562,129.15,17.55,161.16,137.04,0.7017,0.7017,7.172,5.0858,21.8934,0.45
1611,2585,190.48,34.49,209.06,80.93,0.2966,0.2966,17.9775,9.3999,172.4896,0.0975
1611,2548,53.88,15.65,99.87,118.07,0.4082,0.4082,9.3287,14.9134,14.0305,0.2635
1612,2540,292.49,20.82,338.82,167.76,0.7471,0.7471,5.6239,19.0313,0.0,0.4845
1612,2538,215.39,8.36,262.26,145.4,0.7847,0.7847,6.6082,8.3837,0.0,0.5203
1612,2561,45.49,16.64,115.03,185.3,0.6885,0.6885,4.7566,15.13,0.0,0.4734
1612,2562,128.08,17.65,160.22,137.24,0.8076,0.8076,7.1578,5.2208,0.0,0.5373
1612,2585,189.8,35.76,207.99,81.3,0.3811,0.3811,17.8041,9.3145,13.7254,0.2488
1613,2540,292.49,21.27,338.31,167.65,0.75,0.75,5.6279,18.9967,0.0,0.4864
1613,2538,212.17,8.33,260.29,146.26,0.8638,0.8638,6.5439,8.023,0.0,0.573
1613,2561,47.02,17.02,117.28,191.41,0.2998,0.2998,4.5397,15.234,21.0284,0.2081
1613,2562,127.17,17.6,159.49,137.06,0.7861,0.7861,7.1735,5.3402,0.0,0.5229
1613,2585,190.08,36.16,207.98,81.01,0.4341,0.4341,17.9386,9.3588,174.0495,0.1428
1613,2548,56.82,16.56,102.27,116.45,0.3877,0.3877,9.5241,14.6222,159.8643,0.125
1614,2540,292.21,21.83,337.69,167.82,0.8013,0.8013,5.6177,18.9435,0.0,0.5197
1614,2538,210.05,8.32,258.46,145.93,0.8638,0.8638,6.5613,7.7433,0.0,0.5732
1614,2562,126.5,17.47,159.0,136.63,0.8052,0.8052,7.2089,5.4329,0.0,0.5356
1614,2585,189.71,36.11,207.63,81.18,0.2886,0.2886,17.8589,9.3216,0.0,0.1911
1614,2548,57.49,17.15,102.4,114.07,0.4543,0.4543,9.8483,14.6586,169.9628,0.1465
1615,2540,292.17,22.14,337.07,166.97,0.6626,0.6626,5.657,18.8831,0.0,0.4298
1615,2538,208.85,8.71,257.28,145.71,0.8369,0.8369,6.5733,7.5746,0.0,0.5555
1615,2562,123.99,17.75,157.25,136.61,0.811,0.811,7.2144,5.7307,0.0,0.5393
1615,2585,189.65,36.07,207.46,81.14,0.2798,0.2798,17.8772,9.3224,0.0,0.1853
1615,2548,57.48,17.64,102.52,113.59,0.6152,0.6152,9.9165,14.6702,0.0,0.4034
1615,2561,45.94,18.08,115.69,196.93,0.6333,0.6333,4.3673,15.7263,22.1589,0.4521
1616,2540,291.65,22.44,335.88,165.55,0.6152,0.6152,5.7225,18.7448,0.0,0.3993
1616,2538,206.93,8.95,256.32,148.13,0.8076,0.8076,6.411,7.3909,16.8113,0.5247
1616,2562,120.16,18.09,154.54,136.67,0.7153,0.7153,7.2159,6.1861,0.0,0.4755
1616,2548,54.82,18.35,103.82,122.73,0.3914,0.3914,8.7554,14.4525,11.0851,0.2544
1616,2561,46.61,18.97,112.68,192.22,0.4368,0.4368,4.5205,15.5818,159.1097,0.1682
1617,2540,290.39,22.56,334.68,166.45,0.6646,0.6646,5.6726,18.6074,0.0,0.4315
1617,2538,205.54,9.03,255.2,147.74,0.8667,0.8667,6.4334,7.21,0.0,0.5755
1617,2562,118.17,18.1,153.89,136.7,0.8647,0.8647,7.2162,6.3699,0.0,0.5747
1617,2561,45.33,19.71,112.54,200.37,0.7974,0.7974,4.2689,16.1639,21.94,0.5796
1618,2540,291.05,22.14,334.63,165.12,0.7544,0.7544,5.7396,18.6184,0.0,0.4898
1618,2538,199.53,10.25,251.24,151.85,0.7793,0.7793,6.1677,6.5806,22.6167,0.4978
1618,2562,114.23,17.87,151.75,136.81,0.8413,0.8413,7.2139,6.7926,0.0,0.5589
1618,2561,44.89,20.87,112.63,205.22,0.3469,0.3469,4.1304,16.5059,22.4754,0.2579
1618,2548,51.67,19.88,102.83,127.35,0.5488,0.5488,8.2716,14.6122,12.9893,0.3553
1619,2540,290.12,21.12,333.59,162.77,0.8052,0.8052,5.8542,18.4476,162.0238,0.2546
1619,2538,200.79,11.25,251.09,150.71,0.8286,0.8286,6.2377,6.6328,0.0,0.5506
1619,2562,112.39,18.3,151.22,136.67,0.8101,0.8101,7.2278,6.9613,0.0,0.5381
1619,2561,43.96,21.98,110.74,206.66,0.5479,0.5479,4.0947,16.7632,0.0,0.4236
1619,2548,50.95,21.4,102.26,127.73,0.2546,0.2546,8.2366,14.6897,0.0,0.167
1620,2540,288.69,18.99,332.46,161.45,0.7754,0.7754,5.9171,18.2603,0.0,0.5039
1620,2538,198.2,11.37,249.02,152.76,0.835,0.835,6.1104,6.3571,22.1233,0.5345
1620,2562,111.38,18.46,151.84,137.19,0.8203,0.8203,7.1866,6.9779,0.0,0.5448
1620,2561,45.44,22.89,109.69,201.04,0.5098,0.5098,4.2532,16.3653,158.1062,0.2138
1620,2548,50.56,22.07,102.11,127.47,0.3496,0.3496,8.2642,14.731,0.0,0.2292
1621,2540,287.76,18.01,331.45,160.23,0.8086,0.8086,5.9776,18.1155,0.0,0.5257
1621,2538,197.84,11.04,248.82,153.69,0.8135,0.8135,6.0556,6.3456,0.0,0.5407
1621,2562,110.26,19.38,151.35,136.83,0.7925,0.7925,7.2172,7.0978,0.0,0.5263
1621,2561,43.37,23.72,109.52,210.18,0.7656,0.7656,4.0029,17.1089,23.3791,0.5799
1622,2540,287.18,17.36,330.52,158.41,0.8384,0.8384,6.0735,17.9904,0.0,0.5453
1622,2538,196.59,10.7,247.38,154.48,0.687,0.687,6.0079,6.1858,0.0,0.4567
1622,2562,108.26,19.75,150.06,136.6,0.8169,0.8169,7.2396,7.3324,0.0,0.5424
1622,2561,42.99,24.0,107.72,208.74,0.6724,0.6724,4.0441,17.1294,0.0,0.524
1623,2540,287.33,17.34,329.48,154.3,0.8657,0.8657,6.3079,17.8818,164.6763,0.2746
1623,2538,195.47,10.37,245.71,154.11,0.7456,0.7456,6.0268,5.981,0.0,0.4957
1623,2562,107.43,19.6,150.23,137.18,0.8545,0.8545,7.1939,7.3672,0.0,0.5673
1623,2561,43.44,23.86,109.16,212.32,0.7456,0.7456,3.9479,17.2774,0.0,0.5904
1624,2540,286.9,17.45,328.51,152.81,0.8735,0.8735,6.3945,17.7766,0.0,0.5684
1624,2538,192.84,9.97,243.31,154.32,0.8252,0.8252,6.0108,5.6428,0.0,0.5488
1624,2562,108.07,19.84,151.48,137.07,0.8296,0.8296,7.2004,7.2371,0.0,0.5509
1624,2561,40.22,23.03,105.58,213.52,0.7231,0.7231,3.9269,17.7345,0.0,0.5741
1625,2540,286.6,17.42,327.22,149.48,0.8252,0.8252,6.6006,17.649,164.9043,0.2621
1625,2538,193.84,9.51,243.45,153.63,0.8271,0.8271,6.0513,5.6965,0.0,0.55
1625,2562,106.78,19.39,150.71,136.8,0.7988,0.7988,7.2245,7.3864,0.0,0.5303
1625,2561,40.93,22.3,106.37,213.26,0.8076,0.8076,3.9314,17.6341,0.0,0.6408
1626,2540,286.5,17.42,326.02,146.04,0.8286,0.8286,6.8282,17.551,165.5694,0.2633
1626,2538,191.73,9.45,241.28,153.54,0.8486,0.8486,6.0533,5.3986,0.0,0.5645
1626,2562,105.58,18.96,149.9,136.23,0.6533,0.6533,7.2731,7.5382,0.0,0.4337
1626,2561,39.74,22.62,101.14,202.02,0.7612,0.7612,4.246,17.2502,157.7883,0.3188
1627,2540,283.39,16.7,323.4,145.5,0.8413,0.8413,6.851,17.1755,0.0,0.5484
1627,2538,190.0,9.43,239.63,154.32,0.8184,0.8184,6.006,5.1967,0.0,0.5445
1627,2562,103.58,19.17,148.24,136.77,0.8125,0.8125,7.2339,7.783,0.0,0.5392
1627,2561,37.56,22.79,100.53,208.92,0.3381,0.3381,4.0578,17.8473,23.4856,0.2531
1627,2548,41.14,22.48,96.57,135.34,0.5,0.5,7.5723,15.6009,17.9857,0.319
1628,2540,281.92,16.7,322.09,144.99,0.771,0.771,6.8797,16.9925,0.0,0.5028
1628,2538,190.39,12.01,239.15,154.14,0.7305,0.7305,6.0162,5.1833,0.0,0.486
1628,2562,100.71,19.57,145.27,136.83,0.6992,0.6992,7.2367,8.1895,0.0,0.4638
1628,2561,37.57,22.94,100.01,208.7,0.6582,0.6582,4.0645,17.8615,0.0,0.5103
1629,2540,281.56,16.51,321.48,144.02,0.7598,0.7598,6.9463,16.9283,0.0,0.4956
1629,2538,188.13,10.1,237.03,154.62,0.8442,0.8442,5.9858,4.9055,0.0,0.5618
1629,2562,98.8,19.93,143.39,137.0,0.5601,0.5601,7.2282,8.4508,0.0,0.3714
1629,2561,38.6,23.24,98.66,202.35,0.7832,0.7832,4.242,17.4796,158.1391,0.3282
1630,2540,279.14,16.09,319.59,144.28,0.5303,0.5303,6.9167,16.6449,0.0,0.3461
1630,2538,187.31,9.48,235.73,154.41,0.8359,0.8359,5.9964,4.7527,0.0,0.5563
1630,2562,94.04,19.62,137.52,136.23,0.5947,0.5947,7.306,9.2031,128.0526,0.1957
1630,2561,38.35,23.98,99.55,207.6,0.6558,0.6558,4.0937,17.772,22.5536,0.4893
1631,2540,275.88,16.49,316.73,143.02,0.6426,0.6426,6.9923,16.2415,0.0,0.4199
1631,2538,187.12,9.24,234.66,153.95,0.8237,0.8237,6.0219,4.647,0.0,0.5482
1631,2562,91.39,19.57,134.04,136.4,0.6318,0.6318,7.3015,9.6256,0.0,0.4182
1631,2561,38.93,24.42,100.24,210.33,0.3738,0.3738,4.0188,17.8804,0.0,0.2921
1631,2548,38.26,24.23,95.38,143.54,0.3647,0.3647,6.9393,15.8268,14.4008,0.2347
1632,2540,280.23,16.77,320.33,143.08,0.6426,0.6426,7.0081,16.7658,0.0,0.4193
1632,2538,186.76,9.15,233.53,153.77,0.8384,0.8384,6.0314,4.538,0.0,0.5581
1632,2562,89.44,20.15,131.96,139.26,0.6523,0.6523,7.0814,9.8694,16.7796,0.4224
1632,2561,40.43,24.75,100.29,207.46,0.2043,0.2043,4.0932,17.6037,0.0,0.1577
1632,2548,37.55,24.58,95.7,150.24,0.5156,0.5156,6.4864,15.8754,14.7542,0.3315
1633,2540,276.3,16.6,317.18,143.33,0.5146,0.5146,6.9719,16.2987,0.0,0.3362
1633,2538,187.13,9.21,233.42,154.24,0.8442,0.8442,6.0046,4.5766,0.0,0.5619
1633,2562,87.0,19.42,128.21,138.03,0.6567,0.6567,7.1873,10.3115,150.2731,0.2154
1633,2561,42.71,24.94,103.72,211.27,0.3049,0.3049,3.9836,17.5419,26.5663,0.2291
1633,2548,37.95,25.06,94.92,152.13,0.5708,0.5708,6.3692,15.9164,15.1454,0.3666
1634,2540,272.89,16.63,314.27,143.65,0.8218,0.8218,6.9333,15.8799,0.0,0.5374
1634,2538,185.68,8.87,232.84,159.98,0.8145,0.8145,5.6912,4.7733,16.8234,0.5304
1634,2562,85.49,19.95,125.86,138.1,0.5698,0.5698,7.1883,10.5777,0.0,0.3766
1634,2561,44.89,25.0,106.06,211.0,0.332,0.332,3.9842,17.2738,0.0,0.2613
1634,2548,39.03,25.21,94.25,151.62,0.4543,0.4543,6.3997,15.8846,0.0,0.2971
1635,2540,267.92,16.77,310.23,144.36,0.6758,0.6758,6.8612,15.2801,47.4212,0.3697
1635,2538,185.2,9.02,231.68,161.21,0.8184,0.8184,5.6273,4.7594,0.0,0.5447
1635,2562,84.37,20.8,123.81,138.03,0.6479,0.6479,7.1993,10.7975,0.0,0.4281
1635,2561,46.98,25.0,108.83,211.41,0.7334,0.7334,3.9668,17.0362,0.0,0.5792
1636,2540,266.02,16.8,309.05,144.66,0.834,0.834,6.8329,15.0744,0.0,0.5464
1636,2538,184.83,8.98,230.41,161.28,0.8306,0.8306,5.6229,4.6651,0.0,0.5528
1636,2562,83.24,21.28,122.24,138.42,0.6841,0.6841,7.1733,10.9797,0.0,0.4519
1636,2561,43.28,25.35,103.05,209.32,0.5649,0.5649,4.035,17.4132,0.0,0.4407
1637,2540,265.54,16.82,308.67,144.42,0.8052,0.8052,6.8479,15.0167,0.0,0.5276
1637,2538,185.21,8.97,229.65,161.0,0.8535,0.8535,5.6369,4.621,0.0,0.5681
1637,2562,83.44,21.83,122.38,137.92,0.7168,0.7168,7.2122,10.9614,0.0,0.4735
1637,2561,43.23,25.56,102.78,211.85,0.6436,0.6436,3.9692,17.6055,0.0,0.5075
1638,2540,263.9,16.11,307.13,143.98,0.7285,0.7285,6.8719,14.8035,0.0,0.4776
1638,2538,183.48,9.16,227.25,160.59,0.8574,0.8574,5.6557,4.3411,0.0,0.5708
1638,2562,81.66,22.47,120.53,137.95,0.5796,0.5796,7.2163,11.2112,0.0,0.3827
1638,2561,43.69,26.0,102.14,211.2,0.5747,0.5747,3.9863,17.5702,0.0,0.4519
1639,2540,263.37,15.26,306.96,143.83,0.8135,0.8135,6.881,14.7566,0.0,0.5334
1639,2538,181.89,9.23,225.3,160.59,0.8452,0.8452,5.654,4.132,0.0,0.5627
1639,2562,80.79,23.31,119.8,138.25,0.2351,0.2351,7.1955,11.3182,0.0,0.1552
1639,2561,51.97,26.52,113.63,215.67,0.8423,0.8423,3.8466,16.8293,41.2484,0.6094
1640,2540,262.7,14.93,306.35,142.31,0.8125,0.8125,6.9883,14.6725,164.8718,0.262
1640,2538,179.34,10.09,222.69,160.76,0.8218,0.8218,5.6431,3.8516,0.0,0.5472
1640,2561,54.77,26.98,117.98,215.39,0.7925,0.7925,3.8444,16.4303,0.0,0.6396
1641,2540,262.05,13.81,304.95,139.23,0.8423,0.8423,7.2173,14.5477,165.7921,0.2718
1641,2538,176.91,10.42,220.29,160.53,0.8169,0.8169,5.653,3.5663,0.0,0.5441
1641,2561,55.34,25.19,120.57,214.87,0.7305,0.7305,3.8533,16.2227,0.0,0.589
1642,2540,260.91,13.14,303.0,137.35,0.8037,0.8037,7.36,14.3541,162.7193,0.2595
1642,2538,175.74,11.37,218.99,160.98,0.8184,0.8184,5.6292,3.481,0.0,0.5451
1642,2561,51.59,25.24,115.61,215.2,0.5098,0.5098,3.8561,16.7079,0.0,0.4104
1643,2540,259.92,12.27,301.44,136.17,0.7886,0.7886,7.4511,14.194,0.0,0.5177
1643,2538,174.52,11.92,218.45,164.57,0.7925,0.7925,5.4516,3.7774,17.7572,0.5152
1643,2561,57.75,24.7,123.46,217.52,0.8525,0.8525,3.7826,16.1667,0.0,0.6955
1644,2540,258.97,12.13,299.66,134.41,0.8003,0.8003,7.594,14.0311,163.624,0.2588
1644,2538,173.72,12.3,217.76,166.46,0.7847,0.7847,5.3621,3.9296,0.0,0.5225
1644,2561,61.52,26.15,129.46,223.17,0.5244,0.5244,3.6408,16.1742,30.1599,0.4141
1645,2540,257.93,12.02,297.53,130.97,0.7754,0.7754,7.8949,13.8713,166.3537,0.2509
1645,2538,172.86,12.16,217.04,168.44,0.7695,0.7695,5.2711,4.1044,0.0,0.5123
1645,2561,63.87,27.98,133.46,228.59,0.7793,0.7793,3.5164,16.379,28.4047,0.6319
1646,2540,257.17,12.14,296.1,129.6,0.7168,0.7168,8.0192,13.7505,164.2873,0.2321
1646,2538,172.72,12.92,216.48,168.98,0.6514,0.6514,5.2467,4.1449,0.0,0.4337
1646,2561,64.79,26.56,135.13,227.96,0.457,0.457,3.5271,16.2004,0.0,0.3884
1647,2540,254.97,12.05,293.82,129.52,0.8013,0.8013,8.0162,13.4519,0.0,0.5269
1647,2538,172.09,12.47,215.46,168.97,0.7407,0.7407,5.2468,4.0855,0.0,0.4932
1647,2561,66.08,26.56,136.71,228.2,0.6372,0.6372,3.5192,16.0931,0.0,0.5423
1647,2591,62.66,22.69,77.69,64.38,0.4456,0.4456,32.4393,18.7654,0.0,0.2892
1648,2540,254.37,11.75,293.24,129.78,0.7231,0.7231,7.9886,13.3674,0.0,0.4755
1648,2538,170.67,11.92,213.93,168.74,0.7178,0.7178,5.2563,3.9586,0.0,0.478
1648,2561,67.68,26.54,138.35,229.07,0.5737,0.5737,3.4977,16.0327,0.0,0.4899
1649,2540,253.7,11.42,292.08,129.63,0.7139,0.7139,7.9987,13.2475,0.0,0.4696
1649,2538,169.52,12.35,210.34,159.19,0.5,0.5,5.7176,2.6025,162.9411,0.1665
1649,2561,69.66,26.44,139.52,228.43,0.4426,0.4426,3.5081,15.8299,0.0,0.3775
1649,2594,48.76,23.12,82.03,120.43,0.4746,0.4746,9.1051,16.3333,0.0,0.31
1650,2540,252.06,11.12,290.15,129.53,0.7925,0.7925,8.0001,13.0096,0.0,0.5216
1650,2538,169.88,12.32,211.53,165.06,0.7559,0.7559,5.4253,3.3863,17.5558,0.4918
1650,2561,70.68,22.88,140.77,227.67,0.4756,0.4756,3.522,15.6541,0.0,0.4049
1650,2594,50.39,23.51,83.43,119.74,0.459,0.459,9.1797,16.156,0.0,0.3
1651,2540,251.53,11.2,289.06,129.66,0.5068,0.5068,7.984,12.8978,0.0,0.3336
1651,2561,71.82,21.63,141.2,227.16,0.2698,0.2698,3.5314,15.5339,0.0,0.2294
1651,2594,50.86,23.91,84.08,120.11,0.3008,0.3008,9.131,16.0732,0.0,0.1966
1651,2597,77.42,25.76,130.31,152.69,0.4045,0.4045,6.1935,10.8646,0.0,0.2672
1652,2540,247.27,11.48,285.36,130.39,0.8003,0.8003,7.8975,12.345,43.0941,0.4554
1652,2561,73.12,23.37,141.48,228.04,0.5962,0.5962,3.5113,15.5529,0.0,0.5085
1652,2594,46.97,24.29,87.12,141.03,0.3674,0.3674,7.1239,15.802,13.4733,0.2369
1652,2597,76.58,25.82,129.07,151.84,0.2316,0.2316,6.2478,10.995,0.0,0.153
1652,2538,167.19,12.66,209.12,167.18,0.6021,0.6021,5.3255,3.5219,26.3894,0.3801
1653,2540,244.25,12.1,282.14,129.67,0.5972,0.5972,7.9523,11.9389,0.0,0.3938
1653,2561,77.71,25.25,145.88,228.16,0.5747,0.5747,3.5008,15.1801,0.0,0.4913
1653,2594,47.98,24.6,84.53,130.26,0.4746,0.4746,8.0445,16.0114,168.0675,0.1521
1653,2597,76.74,25.32,131.29,156.51,0.2358,0.2358,5.973,10.917,16.1835,0.1527
1653,2538,165.33,12.54,207.25,168.18,0.6245,0.6245,5.2795,3.5808,0.0,0.4159
1654,2540,241.89,12.25,280.4,129.84,0.7251,0.7251,7.9278,11.6571,0.0,0.4784
1654,2561,80.58,25.78,149.08,228.36,0.8423,0.8423,3.4914,14.9491,0.0,0.7215
1654,2594,49.21,25.39,83.42,123.87,0.2043,0.2043,8.7014,16.1282,168.9121,0.0654
1654,2538,164.97,12.78,206.69,168.62,0.7627,0.7627,5.2596,3.626,0.0,0.508
1655,2540,238.64,11.84,277.78,129.69,0.6504,0.6504,7.9303,11.2625,0.0,0.4294
1655,2561,78.08,26.72,145.47,228.69,0.5518,0.5518,3.4897,15.2369,0.0,0.4725
1655,2594,45.87,25.63,86.84,145.01,0.7925,0.7925,6.8369,15.889,13.9949,0.5104
1655,2538,164.07,12.95,205.66,169.23,0.5747,0.5747,5.2322,3.6823,0.0,0.3827
1656,2540,236.12,11.83,275.63,128.86,0.7793,0.7793,8.0007,10.9672,0.0,0.5148
1656,2561,80.98,26.98,151.73,237.43,0.7393,0.7393,3.3075,15.8092,29.5602,0.6183
1656,2594,44.43,26.27,87.21,152.49,0.7544,0.7544,6.3499,16.0013,15.128,0.4845
1656,2538,163.14,12.82,204.45,169.17,0.6123,0.6123,5.2347,3.6479,0.0,0.4078
1657,2540,237.12,12.02,276.38,128.43,0.8135,0.8135,8.0459,11.0975,0.0,0.5373
1657,2561,83.01,27.44,155.33,240.39,0.561,0.561,3.2476,15.9328,0.0,0.4979
1657,2594,42.8,26.73,87.02,159.15,0.6162,0.6162,5.9704,16.2116,16.2078,0.3945
1657,2538,162.74,24.45,200.97,168.94,0.4036,0.4036,5.2447,3.5842,0.0,0.2688
1658,2540,235.05,12.61,275.15,128.75,0.8052,0.8052,8.0084,10.8651,0.0,0.532
1658,2561,83.66,27.33,156.83,240.56,0.7778,0.7778,3.2429,15.8764,0.0,0.6909
1658,2594,41.91,27.23,86.37,162.15,0.7808,0.7808,5.8146,16.3689,17.0915,0.4985
1658,2538,160.08,17.06,199.97,169.11,0.6226,0.6226,5.2371,3.5987,0.0,0.4147
1659,2540,233.54,14.95,274.06,128.75,0.8691,0.8691,8.0035,10.6887,0.0,0.5744
1659,2561,83.68,27.19,158.76,245.08,0.8159,0.8159,3.16,16.3234,0.0,0.7331
1659,2594,41.52,27.5,85.43,162.4,0.75,0.75,5.8046,16.4608,0.0,0.4898
1659,2538,159.47,28.84,196.38,168.99,0.2234,0.2234,5.2425,3.5938,0.0,0.1488
1660,2540,232.06,11.02,274.88,128.68,0.8135,0.8135,8.009,10.6459,0.0,0.5377
1660,2561,82.43,27.03,159.28,250.32,0.6001,0.6001,3.0703,16.9472,0.0,0.5458
1660,2538,157.55,17.35,197.21,169.11,0.7612,0.7612,5.2372,3.6182,0.0,0.507
1660,2562,42.16,27.28,82.56,149.71,0.7559,0.7559,6.5401,16.4357,0.0,0.4936
1661,2540,230.21,10.5,273.8,128.75,0.8159,0.8159,7.9969,10.445,0.0,0.5394
1661,2538,155.34,15.06,195.38,168.6,0.543,0.543,5.2603,3.5878,0.0,0.3616
1661,2562,39.94,26.96,81.62,157.25,0.4941,0.4941,6.0936,16.7224,16.1546,0.3159
1661,2597,89.4,27.99,144.84,160.64,0.4368,0.4368,5.7164,9.2529,40.566,0.2543
1662,2540,230.96,10.08,274.65,128.23,0.7153,0.7153,8.0504,10.5687,0.0,0.4728
1662,2538,153.75,14.15,194.03,168.2,0.3887,0.3887,5.2786,3.5771,0.0,0.2589
1662,2562,38.99,26.94,81.17,160.91,0.3896,0.3896,5.897,16.874,16.5943,0.2487
1662,2597,92.96,28.8,148.54,162.13,0.3794,0.3794,5.6321,8.8215,0.0,0.2514
1662,2561,85.69,28.82,161.85,256.06,0.4524,0.4524,2.9729,17.4335,0.0,0.417
1663,2540,229.85,8.63,273.5,127.63,0.6602,0.6602,8.1053,10.4337,0.0,0.4365
1663,2538,151.82,13.54,192.71,169.71,0.5049,0.5049,5.2116,3.8471,0.0,0.3362
1663,2562,40.49,27.02,78.18,143.17,0.5928,0.5928,7.0035,16.8164,166.3485,0.1892
1663,2597,92.86,29.44,149.87,167.12,0.6206,0.6206,5.3897,8.9709,17.5635,0.4016
1664,2540,230.97,8.23,272.35,123.9,0.585,0.585,8.4921,10.5593,168.6666,0.1917
1664,2538,149.85,13.59,190.97,169.72,0.6611,0.6611,5.2117,3.933,0.0,0.4402
1664,2562,36.24,26.68,77.38,156.06,0.7456,0.7456,6.1796,17.2246,15.8956,0.4764
1664,2597,93.77,30.17,150.17,167.0,0.3157,0.3157,5.394,8.8859,0.0,0.2092
1664,2561,87.44,30.47,160.05,252.82,0.4436,0.4436,3.0251,17.0571,0.0,0.406
1665,2540,226.82,7.81,267.42,123.05,0.6738,0.6738,8.5681,9.9879,127.662,0.2212
1665,2538,147.51,13.81,189.23,169.63,0.7124,0.7124,5.2165,4.0323,0.0,0.4743
1665,2562,36.85,26.5,73.52,139.9,0.5776,0.5776,7.2726,17.3689,166.8408,0.1838
1665,2561,87.87,31.18,157.53,249.72,0.6187,0.6187,3.0779,16.7614,0.0,0.5623
1666,2540,225.34,7.72,265.24,121.31,0.6187,0.6187,8.7578,9.8218,163.7687,0.2032
1666,2538,148.44,14.18,190.38,170.04,0.2437,0.2437,5.198,4.0274,0.0,0.1623
1666,2562,36.68,26.66,71.21,131.86,0.2712,0.2712,7.9648,17.5981,167.9231,0.0862
1666,2561,90.79,31.78,154.97,236.06,0.5449,0.5449,3.3242,15.1819,152.8819,0.2971
1667,2540,223.51,7.42,262.64,120.88,0.603,0.603,8.7997,9.551,0.0,0.3992
1667,2538,145.54,15.07,188.19,169.82,0.7568,0.7568,5.2088,4.1499,0.0,0.5039
1667,2562,32.04,27.11,72.69,152.14,0.5225,0.5225,6.4354,17.7618,14.9634,0.3341
1667,2561,91.05,32.32,157.32,246.54,0.6626,0.6626,3.1304,16.2993,28.5954,0.5711
1668,2538,147.44,15.32,189.72,170.75,0.5137,0.5137,5.1674,4.1666,0.0,0.342
1668,2562,30.75,26.99,72.79,157.93,0.7598,0.7598,6.0973,17.9035,15.813,0.4847
1668,2561,91.74,32.42,155.78,242.62,0.5078,0.5078,3.2004,15.8731,0.0,0.4539
1669,2538,145.76,15.78,187.77,170.63,0.5869,0.5869,5.1734,4.2596,0.0,0.3907
1669,2562,29.4,27.23,72.69,164.43,0.5439,0.5439,5.7561,18.1085,16.7259,0.3459
1669,2561,93.35,32.4,155.14,238.75,0.3577,0.3577,3.2711,15.395,0.0,0.3166
1669,2540,220.65,8.57,258.72,121.12,0.6323,0.6323,8.7603,9.0957,0.0,0.4189
1670,2538,144.32,16.15,186.25,170.58,0.7227,0.7227,5.1763,4.3515,0.0,0.4811
1670,2562,28.74,27.21,71.2,163.5,0.6113,0.6113,5.8081,18.2277,0.0,0.3973
1670,2561,95.58,31.97,158.11,246.45,0.3074,0.3074,3.1286,16.1236,29.5685,0.2643
1670,2540,218.44,8.37,255.62,120.77,0.5796,0.5796,8.7923,8.7679,0.0,0.3841
1671,2538,143.79,15.91,185.56,169.43,0.7544,0.7544,5.2271,4.2529,0.0,0.5022
1671,2562,27.41,27.49,69.86,165.59,0.543,0.543,5.7094,18.4402,20.251,0.3415
1671,2540,216.11,8.77,253.14,120.66,0.4854,0.4854,8.7976,8.4625,0.0,0.3218
1671,2597,98.45,31.97,153.12,169.89,0.2886,0.2886,5.2552,8.5575,26.8744,0.1809
1672,2538,143.03,15.72,184.83,169.37,0.6943,0.6943,5.2302,4.3016,0.0,0.4622
1672,2562,26.41,27.94,68.96,168.24,0.4951,0.4951,5.5856,18.6195,18.3759,0.313
1672,2540,211.54,8.14,249.13,120.49,0.6875,0.6875,8.8048,7.9215,0.0,0.4561
1672,2597,98.5,31.99,153.15,174.13,0.6074,0.6074,5.0732,8.8254,18.5315,0.392
1673,2538,141.86,15.56,183.85,169.15,0.7471,0.7471,5.2406,4.3596,0.0,0.4973
1673,2562,28.2,28.61,65.25,148.82,0.6958,0.6958,6.677,18.4705,165.7077,0.22
1673,2540,208.77,7.68,247.16,120.58,0.8252,0.8252,8.7878,7.6148,0.0,0.5477
1673,2597,102.83,32.58,155.33,174.05,0.3757,0.3757,5.0706,8.4236,0.0,0.2491
1674,2538,139.77,15.5,182.42,169.63,0.6758,0.6758,5.2205,4.5607,0.0,0.4498
1674,2562,28.28,29.4,63.24,141.07,0.6504,0.6504,7.2349,18.5879,166.7687,0.2055
1674,2540,205.12,7.98,244.53,120.62,0.8086,0.8086,8.7749,7.2166,0.0,0.5369
1675,2538,131.06,15.85,175.63,168.32,0.6167,0.6167,5.2854,5.164,120.268,0.2047
1675,2562,27.61,29.91,62.17,138.58,0.5972,0.5972,7.4364,18.7099,166.7618,0.1885
1675,2540,203.53,8.3,243.72,120.42,0.8218,0.8218,8.7953,7.0801,0.0,0.5458
1676,2538,127.41,16.07,172.9,164.28,0.7515,0.7515,5.4771,5.1641,158.7468,0.2495
1676,2562,24.63,30.92,64.04,155.54,0.5352,0.5352,6.2711,18.8303,15.2618,0.341
1676,2540,203.48,8.47,243.42,120.59,0.749,0.749,8.775,7.047,0.0,0.4974
1677,2538,125.57,16.25,171.95,162.01,0.7529,0.7529,5.5902,5.1607,160.5959,0.2499
1677,2562,24.98,31.79,62.69,149.48,0.397,0.397,6.6492,18.8458,165.6582,0.1252
1677,2540,201.82,8.03,242.87,120.19,0.7695,0.7695,8.8192,6.9374,0.0,0.5111
1678,2562,24.69,32.59,61.78,146.14,0.3496,0.3496,6.8781,18.9109,166.0683,0.1102
1678,2540,199.12,8.43,241.53,120.42,0.7769,0.7769,8.7875,6.6732,0.0,0.5162
1678,2597,109.68,17.77,166.62,174.64,0.3567,0.3567,5.0317,7.4018,73.4756,0.1517
1679,2562,19.47,33.44,66.25,178.65,0.4873,0.4873,5.1508,19.5082,18.3441,0.3073
1679,2540,196.94,8.68,240.46,120.66,0.8271,0.8271,8.7559,6.458,0.0,0.5497
1679,2561,104.63,16.94,168.79,246.26,0.4971,0.4971,3.1207,15.5428,0.0,0.4499
1680,2562,19.89,33.58,64.11,169.11,0.5,0.5,5.5709,19.3571,163.03,0.1572
1680,2540,195.26,8.82,239.58,120.85,0.7949,0.7949,8.7311,6.2891,0.0,0.5283
1680,2561,107.01,16.39,171.23,253.22,0.3459,0.3459,3.0015,16.2826,30.7477,0.3019
1680,2597,110.0,16.36,165.84,173.7,0.2893,0.2893,5.0709,7.3507,0.0,0.1921
1681,2562,18.67,33.4,63.49,169.62,0.6084,0.6084,5.5514,19.4844,0.0,0.394
1681,2540,194.54,9.25,239.46,121.02,0.7988,0.7988,8.7106,6.2258,0.0,0.531
1681,2597,111.83,16.14,167.82,175.16,0.5806,0.5806,5.008,7.2571,0.0,0.3855
1682,2562,17.56,33.07,62.84,169.2,0.7139,0.7139,5.5752,19.5851,0.0,0.4622
1682,2540,197.08,9.88,241.4,120.57,0.7388,0.7388,8.7675,6.5302,0.0,0.4909
1682,2597,113.47,15.87,168.79,173.65,0.2372,0.2372,5.0684,6.9809,0.0,0.1575
1683,2562,15.2,32.63,63.07,176.37,0.3469,0.3469,5.2616,19.9008,18.3459,0.2185
1683,2540,194.91,9.51,240.35,121.81,0.7227,0.7227,8.6219,6.2442,17.4468,0.4693
1683,2619,121.2,15.79,156.31,64.96,0.6353,0.6353,30.6852,12.5876,0.0,0.4184
1684,2562,13.54,32.84,59.9,171.84,0.6934,0.6934,5.4702,20.0812,161.5435,0.2171
1684,2540,194.55,9.04,240.69,121.94,0.7671,0.7671,8.6072,6.2337,0.0,0.5099
1684,2619,119.03,15.81,155.52,67.08,0.3425,0.3425,28.1067,12.4283,4.2968,0.2253
1685,2562,12.95,33.25,62.24,180.4,0.4766,0.4766,5.1038,20.2107,18.4226,0.2998
1685,2540,192.91,8.54,239.63,122.41,0.8237,0.8237,8.5518,6.0349,0.0,0.5476
1685,2619,114.64,15.98,158.26,77.79,0.7139,0.7139,19.6653,11.2267,4.9677,0.4705
1686,2562,12.77,33.67,60.65,173.9,0.5322,0.5322,5.3788,20.1339,162.4477,0.1666
1686,2540,192.83,8.45,239.32,121.8,0.6724,0.6724,8.6198,6.056,0.0,0.447
1686,2619,113.83,15.96,157.58,78.38,0.4766,0.4766,19.3467,11.2159,8.2631,0.313
1687,2562,11.32,33.99,58.37,170.9,0.5571,0.5571,5.522,20.2919,161.2498,0.1742
1687,2540,190.14,8.78,236.02,121.7,0.7241,0.7241,8.6253,5.7061,0.0,0.4815
1687,2619,112.52,16.01,157.27,80.26,0.4016,0.4016,18.3889,11.0659,5.8187,0.2646
1687,2561,108.75,15.7,172.24,253.68,0.397,0.397,2.9928,16.277,0.0,0.3656
1688,2562,9.92,34.02,61.95,185.02,0.5498,0.5498,4.9335,20.5647,19.0156,0.3497
1688,2540,185.54,8.78,230.44,121.99,0.5459,0.5459,8.584,5.0963,70.3327,0.2425
1688,2561,109.55,15.92,174.93,253.37,0.7285,0.7285,2.9963,16.1615,0.0,0.6707
1689,2540,184.34,8.59,227.91,122.01,0.498,0.498,8.579,4.8885,0.0,0.3314
1689,2561,114.14,27.75,176.91,253.08,0.4426,0.4426,2.9982,15.9884,0.0,0.4075
1690,2540,184.28,8.33,226.87,122.43,0.625,0.625,8.5314,4.79,0.0,0.4159
1690,2561,110.05,20.34,174.57,252.7,0.498,0.498,3.0071,16.0746,0.0,0.4578
1690,2619,109.83,16.61,154.9,81.07,0.4111,0.4111,18.0156,11.1821,17.9549,0.2648
1690,2562,9.21,35.41,61.99,187.86,0.2861,0.2861,4.8312,20.7058,19.7544,0.1854
1691,2540,184.03,9.3,224.97,122.58,0.7661,0.7661,8.5133,4.6598,0.0,0.5099
1691,2561,112.18,24.9,176.51,254.5,0.4253,0.4253,2.9763,16.2151,0.0,0.3927
1691,2562,7.26,35.81,60.91,191.43,0.4873,0.4873,4.7128,21.0211,22.1085,0.3208
1692,2540,184.28,8.56,224.04,122.55,0.7432,0.7432,8.5161,4.6263,0.0,0.4947
1692,2561,113.89,31.22,176.86,253.15,0.3943,0.3943,2.9972,16.0033,0.0,0.3631
1692,2562,8.45,36.79,52.3,162.08,0.667,0.667,5.9795,20.6806,164.1238,0.208
1692,2623,108.52,16.81,128.91,48.68,0.4207,0.4207,102.8361,15.8455,0.0,0.2751
1693,2540,184.08,8.65,222.4,121.98,0.583,0.583,8.5784,4.5845,0.0,0.388
1693,2561,113.5,33.09,176.64,253.48,0.2407,0.2407,2.9921,16.0572,0.0,0.2218
1693,2562,5.39,37.6,55.93,184.04,0.3469,0.3469,4.9938,21.1691,18.8555,0.2175
1693,2623,107.61,16.95,128.16,48.96,0.3157,0.3157,98.9379,15.8742,3.1805,0.2063
1694,2540,184.11,8.45,221.25,121.8,0.6602,0.6602,8.5979,4.5448,0.0,0.4394
1694,2561,118.85,31.19,180.84,250.6,0.2576,0.2576,3.0357,15.5078,0.0,0.2361
1694,2562,9.26,38.47,49.04,149.19,0.3774,0.3774,6.7518,20.709,165.8504,0.1177
1695,2540,179.6,8.05,216.87,121.55,0.7407,0.7407,8.6211,4.1433,103.4435,0.2463
1695,2561,119.79,33.06,180.35,252.35,0.3584,0.3584,3.0068,15.7241,0.0,0.3297
1695,2562,8.43,39.76,51.08,157.62,0.585,0.585,6.2284,20.6992,15.2708,0.3705
1695,2538,96.22,16.4,137.44,153.86,0.3091,0.3091,6.0884,9.0977,0.0,0.2048
1696,2540,176.92,7.77,214.26,120.9,0.3821,0.3821,8.6928,3.9928,0.0,0.2544
1696,2562,10.38,40.82,45.66,132.8,0.498,0.498,8.0461,20.8912,168.0661,0.1551
1697,2540,180.79,8.17,216.89,121.35,0.4727,0.4727,8.6444,4.2202,0.0,0.3147
1697,2562,11.13,41.64,43.8,122.26,0.3784,0.3784,9.1549,21.1019,169.4717,0.1177
1697,2538,93.21,16.28,134.35,154.51,0.4639,0.4639,6.0587,9.5329,0.0,0.3071
1698,2540,182.17,8.19,217.14,121.11,0.3477,0.3477,8.6727,4.3214,0.0,0.2315
1698,2562,10.58,42.65,44.77,124.09,0.6021,0.6021,8.9412,21.0449,10.7668,0.3845
1698,2538,91.28,16.23,132.66,155.56,0.3896,0.3896,6.0037,9.8057,0.0,0.2578
1699,2540,175.23,8.66,210.83,121.76,0.5039,0.5039,8.5928,3.6939,62.2753,0.2458
1699,2562,10.41,43.24,46.51,126.25,0.3877,0.3877,8.6968,20.9142,11.377,0.2474
1699,2538,89.57,16.32,133.45,163.04,0.2386,0.2386,5.6087,10.0956,16.9494,0.1544
1700,2540,173.77,8.84,209.43,121.92,0.4775,0.4775,8.5739,3.5746,0.0,0.318
1700,2562,9.48,43.46,48.71,132.25,0.5176,0.5176,8.0898,20.762,11.868,0.3302
1700,2538,86.42,16.17,131.84,165.08,0.2323,0.2323,5.515,10.4917,0.0,0.1536
1701,2540,173.14,8.45,208.91,121.6,0.3767,0.3767,8.6095,3.5781,0.0,0.2509
1701,2562,9.79,42.85,49.51,129.81,0.4263,0.4263,8.3208,20.7189,167.9331,0.1329
1701,2538,88.31,16.16,126.95,128.72,0.4082,0.4082,8.0011,10.4954,168.0046,0.1338
1702,2540,173.33,8.81,208.97,121.72,0.5088,0.5088,8.5961,3.5707,0.0,0.3389
1702,2538,88.91,16.24,124.37,113.57,0.3794,0.3794,9.78,11.2504,170.1374,0.124
1703,2540,171.34,8.76,207.25,121.34,0.5508,0.5508,8.638,3.5104,0.0,0.3669
1703,2538,86.71,16.11,123.2,112.19,0.3123,0.3123,9.9873,11.5383,165.6974,0.102
1703,2562,7.7,42.09,48.66,128.77,0.3748,0.3748,8.4356,20.915,163.1698,0.1167
1704,2540,168.81,9.02,205.87,123.06,0.5176,0.5176,8.4456,3.181,16.8842,0.3374
1704,2538,85.71,15.97,123.78,112.81,0.304,0.304,9.8976,11.532,0.0,0.2006
1704,2562,9.26,41.85,46.96,117.54,0.3225,0.3225,9.7438,21.1145,170.0689,0.1003
1705,2540,166.97,8.84,205.42,124.72,0.6738,0.6738,8.2678,2.9036,13.9951,0.4422
1705,2538,82.16,15.9,126.24,127.79,0.6636,0.6636,8.1051,10.987,11.8857,0.4336
1705,2562,8.21,41.91,51.15,126.78,0.4514,0.4514,8.6311,20.7547,11.1683,0.2883
1706,2540,165.79,5.91,205.64,124.24,0.6841,0.6841,8.3182,2.9493,0.0,0.4558
1706,2538,81.44,15.99,125.74,126.88,0.6978,0.6978,8.1985,11.0962,0.0,0.4609
1706,2562,8.35,41.93,52.86,129.13,0.3999,0.3999,8.3818,20.6077,11.8716,0.2552
1707,2540,166.42,5.02,206.2,122.58,0.5098,0.5098,8.4978,3.2011,168.0168,0.1697
1707,2538,81.52,16.08,125.53,124.56,0.6113,0.6113,8.44,11.1795,168.6095,0.1999
1707,2562,9.29,42.01,49.59,117.89,0.3425,0.3425,9.6862,20.9432,170.0453,0.1066
1708,2540,166.44,4.6,206.21,122.02,0.5796,0.2898,8.56,3.2787,0.0,0.193
1708,2538,82.87,15.98,124.24,115.37,0.3174,0.3174,9.5446,11.5551,169.8882,0.1037
1708,2562,9.59,42.01,48.32,112.4,0.4358,0.4358,10.4732,21.1317,170.78,0.1355
1709,2540,165.83,5.66,205.23,122.22,0.4331,0.4331,8.5374,3.2213,0.0,0.2885
1709,2538,83.62,16.19,124.42,112.29,0.5195,0.5195,9.9769,11.6517,170.1478,0.1696
1709,2562,9.12,42.04,48.33,111.36,0.4727,0.4727,10.6374,21.1867,170.8593,0.1469
1710,2540,163.44,4.64,203.38,121.56,0.2666,0.1333,8.611,3.2537,0.0,0.0888
1710,2538,78.09,15.97,131.87,146.38,0.5361,0.5361,6.5887,10.6469,14.4705,0.3487
1710,2562,5.02,42.45,52.29,126.44,0.2207,0.2207,8.6749,20.8872,11.1357,0.1409
1711,2562,4.29,42.58,53.08,129.08,0.4707,0.2354,8.4006,20.8482,11.4753,0.1502
1712,2562,4.04,43.23,52.77,129.47,0.5352,0.2676,8.3636,20.8784,0.0,0.1725
1712,2641,86.69,15.73,128.35,65.14,0.4197,0.4197,30.7697,15.0171,0.0,0.275
1712,2540,160.11,5.57,200.89,124.74,0.5215,0.5215,8.2646,2.7627,15.5835,0.3411
1713,2562,2.93,43.64,51.68,130.18,0.541,0.2705,8.3012,21.0072,0.0,0.1743
1713,2540,159.24,7.06,199.95,126.49,0.6992,0.6992,8.0853,2.5118,13.3216,0.4596
1714,2562,7.33,43.84,45.68,108.23,0.2101,0.2101,11.1773,21.5416,171.3385,0.0651
1714,2540,158.9,6.57,199.68,126.88,0.6387,0.6387,8.0463,2.4574,0.0,0.4256
1714,2641,85.16,15.75,133.66,73.65,0.3032,0.3032,22.4682,14.0153,4.3949,0.1988
1715,2562,9.68,44.39,43.1,97.84,0.2358,0.2358,13.3185,21.887,172.7031,0.0729
1715,2540,158.12,5.09,199.39,127.94,0.6826,0.6826,7.9422,2.3104,13.4901,0.4486
1716,2562,9.62,44.81,43.07,96.36,0.4216,0.4216,13.69,21.9456,172.9081,0.1304
1716,2540,157.1,4.58,197.49,126.82,0.4475,0.2238,8.0525,2.4942,160.8962,0.0745
1717,2562,9.06,45.19,43.17,95.95,0.4358,0.4358,13.799,21.9878,172.3682,0.1347
1717,2540,157.73,5.59,197.49,126.78,0.6001,0.6001,8.0564,2.4933,0.0,0.3999
1717,2649,95.12,13.42,181.8,254.78,0.585,0.585,2.977,16.5061,0.0,0.5398
1718,2562,8.78,45.56,43.76,96.0,0.4844,0.4844,13.7842,21.9677,0.0,0.3112
1718,2540,157.53,6.53,195.97,125.23,0.4824,0.4824,8.2139,2.7316,166.6947,0.1606
1718,2649,95.28,14.68,181.4,254.59,0.3293,0.3293,2.9801,16.4882,0.0,0.3037
1719,2562,8.49,45.82,44.29,96.01,0.4746,0.4746,13.7802,21.9532,0.0,0.3049
1719,2540,157.44,6.47,195.29,124.68,0.4495,0.4495,8.2713,2.8189,0.0,0.2995
1719,2641,90.85,17.04,142.29,79.68,0.2983,0.2983,18.7883,12.7489,7.776,0.1955
1720,2562,8.03,46.01,44.63,95.99,0.5547,0.5547,13.7861,21.961,0.0,0.3564
1720,2540,157.71,6.12,195.55,125.73,0.5166,0.5166,8.1626,2.6641,12.1173,0.3404
1721,2562,7.75,46.35,45.07,96.13,0.4629,0.4629,13.7487,21.9464,0.0,0.2974
1721,2540,157.74,5.15,195.4,125.38,0.5869,0.5869,8.1985,2.715,0.0,0.391
1721,2649,90.38,16.28,174.19,252.71,0.3567,0.3567,3.0167,16.56,0.0,0.3272
1722,2562,7.41,46.56,45.43,96.23,0.4746,0.4746,13.7227,21.9416,0.0,0.3049
1722,2540,158.43,4.87,195.83,125.25,0.5439,0.272,8.2118,2.72,0.0,0.1812
1723,2562,6.88,46.72,45.33,96.21,0.5947,0.5947,13.7315,21.9794,0.0,0.3821
1723,2540,158.51,4.4,196.22,126.59,0.6372,0.3186,8.0754,2.5252,12.0611,0.21
1724,2562,6.26,46.96,45.15,96.24,0.5391,0.5391,13.7284,22.0255,0.0,0.3463
1724,2540,159.47,6.17,196.77,126.91,0.3943,0.3943,8.0434,2.4658,0.0,0.2627
1724,2660,103.29,16.9,164.06,168.86,0.373,0.373,5.287,7.5015,0.0,0.2476
1725,2562,6.35,47.28,45.58,96.14,0.4233,0.4233,13.7513,21.9985,0.0,0.2719
1725,2540,159.28,4.52,197.01,127.35,0.6523,0.3261,7.9999,2.4027,0.0,0.2173
1725,2660,107.11,17.31,170.06,174.33,0.4302,0.4302,5.0438,7.3264,23.7773,0.2735
1726,2562,6.48,47.43,46.32,96.36,0.4495,0.4495,13.6894,21.9392,0.0,0.2888
1726,2540,163.01,4.32,192.03,93.52,0.2043,0.1022,13.4965,7.2145,172.8199,0.0338
1726,2649,99.78,16.21,183.23,254.16,0.3923,0.3923,2.9842,16.2922,0.0,0.3617
1727,2562,5.65,47.48,46.18,96.65,0.4082,0.4082,13.6207,21.9858,0.0,0.2622
1727,2660,109.74,17.35,173.07,174.82,0.4639,0.4639,5.0198,7.052,0.0,0.3081
1728,2562,5.4,47.54,46.28,96.63,0.2524,0.2524,13.6266,21.9954,0.0,0.1621
1728,2641,110.56,17.53,162.17,78.88,0.5947,0.5947,19.0781,11.1078,108.8679,0.1945
1728,2540,160.4,3.51,198.83,121.45,0.5283,0.2641,8.6231,3.2331,11.183,0.1743
1729,2562,5.33,47.55,46.56,96.55,0.3252,0.3252,13.6459,21.9859,0.0,0.2089
1729,2540,161.29,2.88,201.73,125.09,0.4436,0.2218,8.2282,2.7203,13.1211,0.1459
1730,2562,10.02,47.59,50.26,96.2,0.2089,0.2089,13.6879,21.5033,108.4935,0.0648
1730,2663,112.66,16.83,144.54,70.59,0.4111,0.4111,24.712,12.6507,0.0,0.2707
1731,2663,115.27,16.98,144.33,65.75,0.3604,0.3604,29.7401,13.1079,176.6008,0.117
1732,2663,116.78,16.88,145.36,64.43,0.353,0.353,31.4726,13.168,175.608,0.1146
1732,2540,163.17,4.91,204.16,125.83,0.542,0.271,8.1524,2.6581,0.0,0.1806
1732,2562,7.04,46.84,48.69,96.38,0.3684,0.3684,13.6674,21.7655,0.0,0.2368
1733,2663,118.06,17.12,146.55,64.08,0.4102,0.4102,31.958,13.1217,168.5151,0.1332
1733,2667,3.92,46.66,51.34,149.34,0.3721,0.186,6.7509,20.9002,0.0,0.12
1733,2562,6.27,46.59,48.92,96.62,0.272,0.272,13.6091,21.7886,0.0,0.1749
1734,2663,119.14,17.06,148.03,64.14,0.4456,0.4456,31.8603,13.0262,45.5538,0.2487
1734,2660,118.32,16.9,179.54,167.42,0.2983,0.2983,5.3309,5.5659,155.0486,0.099
1734,2540,165.81,7.19,206.06,126.35,0.5039,0.5039,8.1003,2.6703,0.0,0.3358
1735,2663,119.92,17.88,149.19,65.1,0.5156,0.5156,30.5331,12.8467,4.4782,0.3389
1735,2540,166.85,8.36,206.66,126.59,0.4514,0.4514,8.0765,2.6779,0.0,0.3008
1736,2663,120.88,17.98,150.48,65.25,0.2598,0.2598,30.3275,12.753,22.271,0.1646
1736,2540,167.74,8.3,207.64,126.81,0.4292,0.4292,8.0548,2.7004,0.0,0.286
1736,2649,109.34,17.15,189.15,253.73,0.3784,0.3784,2.9849,15.9301,0.0,0.3491
1737,2663,121.37,17.5,151.66,65.55,0.3867,0.3867,29.9356,12.6616,9.4255,0.2529
1737,2540,167.69,9.13,207.6,127.84,0.4912,0.4912,7.9534,2.5637,12.074,0.3237
1737,2649,111.63,16.01,189.58,254.09,0.272,0.272,2.9782,15.9285,0.0,0.2512
1738,2540,168.48,9.56,208.22,127.66,0.6836,0.6836,7.9712,2.6315,0.0,0.4555
1738,2649,113.25,16.3,188.64,253.64,0.355,0.355,2.9852,15.8592,0.0,0.3275
1739,2540,169.0,9.69,208.19,126.21,0.5029,0.5029,8.1154,2.833,168.0163,0.1674
1739,2660,123.66,15.9,183.2,161.39,0.2869,0.2869,5.6162,4.5474,159.0532,0.0953
1740,2540,170.72,9.29,210.35,129.11,0.2012,0.2012,7.833,2.6157,14.6961,0.1319
1740,2562,20.82,45.45,63.14,96.71,0.5117,0.5117,13.4294,20.0732,68.4391,0.2229
1740,2663,124.19,14.76,156.06,65.17,0.4397,0.4397,30.3978,12.4764,150.1756,0.1431
1741,2676,175.09,9.3,208.31,47.84,0.4148,0.4148,115.5011,13.6377,0.0,0.2726
1741,2562,22.27,44.77,64.18,96.78,0.233,0.233,13.3989,19.9212,0.0,0.1507
1741,2663,124.55,14.26,157.47,66.43,0.4148,0.4148,28.8273,12.2678,4.0893,0.273
1742,2676,167.83,8.71,216.18,65.22,0.3459,0.3459,30.2007,11.2875,3.2228,0.2282
1742,2562,26.26,43.8,63.66,90.41,0.4341,0.4341,15.1813,19.9957,173.245,0.136
1742,2663,126.94,13.78,162.73,69.92,0.3979,0.3979,25.2,11.6064,5.6755,0.2619
1742,2540,173.11,8.64,211.42,126.51,0.3584,0.3584,8.0872,3.0626,165.8938,0.1193
1743,2562,29.05,42.9,63.35,85.57,0.5581,0.5581,16.882,20.0865,173.9497,0.1747
1743,2663,126.86,13.23,161.13,67.06,0.2925,0.2925,28.0844,12.0113,176.4076,0.0954
1744,2663,127.56,12.82,160.84,65.32,0.2568,0.2568,30.1749,12.2163,176.7432,0.0837
1745,2663,128.37,12.48,161.41,64.69,0.4253,0.4253,31.0054,12.2563,175.2461,0.1385
1745,2681,178.79,8.93,209.56,73.84,0.3328,0.3328,22.0137,10.1638,0.0,0.2201
1746,2663,127.85,12.32,161.77,66.46,0.314,0.314,28.7676,12.0393,3.3897,0.2068
1746,2660,114.97,12.53,174.74,172.08,0.5498,0.5498,5.1298,6.4285,23.4393,0.3503
1747,2663,128.4,12.38,161.71,65.81,0.3523,0.3523,29.55,12.1068,176.4481,0.1148
1747,2660,125.55,11.8,185.0,167.84,0.542,0.542,5.3053,4.9168,138.2496,0.18
1748,2663,128.95,11.92,161.82,64.84,0.2401,0.2401,30.7993,12.2102,176.6344,0.0782
1748,2660,129.12,11.54,187.51,162.4,0.3831,0.3831,5.5611,4.0743,160.5526,0.1274
1748,2676,136.52,9.85,234.3,128.77,0.5342,0.5342,7.8632,2.3181,12.2589,0.3519
1748,2540,175.92,9.22,213.59,129.41,0.373,0.373,7.8075,2.9751,16.1293,0.2436
1749,2663,129.32,11.5,162.19,64.84,0.2705,0.2705,30.797,12.19,0.0,0.1783
1749,2660,130.56,11.65,189.04,161.56,0.3032,0.3032,5.6019,3.8353,0.0,0.2019
1749,2540,169.77,9.36,208.93,128.83,0.4331,0.4331,7.8589,2.5556,115.1597,0.1442
1750,2663,130.39,11.4,162.96,64.38,0.3259,0.3259,31.4217,12.1986,172.9044,0.1062
1750,2660,128.03,11.34,185.47,161.73,0.3621,0.3621,5.5959,4.1885,0.0,0.2411
1750,2540,174.46,10.67,213.09,129.1,0.2487,0.2487,7.836,2.9095,0.0,0.1657
1751,2663,131.1,11.19,163.87,64.59,0.3184,0.3184,31.1257,12.1295,12.213,0.2075
1751,2660,130.14,11.14,188.03,162.36,0.4072,0.4072,5.5625,3.9873,0.0,0.2711
1751,2540,177.91,11.52,214.6,127.05,0.541,0.541,8.0364,3.3663,161.8222,0.18
1751,2690,34.16,38.42,80.07,144.45,0.5098,0.5098,6.9225,17.1076,0.0,0.3323
1752,2660,131.42,11.17,190.55,164.28,0.2629,0.2629,5.4672,3.983,0.0,0.1751
1752,2540,183.75,12.3,220.18,127.67,0.3303,0.3303,7.981,3.9216,65.6621,0.1552
1752,2690,33.63,38.62,76.57,137.96,0.6074,0.6074,7.4279,17.3903,166.823,0.1932
1753,2540,186.4,12.39,222.44,126.45,0.231,0.231,8.105,4.3074,155.3588,0.0768
1753,2690,36.75,37.99,78.45,134.27,0.6021,0.6021,7.7258,17.0945,164.5775,0.1918
1753,2691,129.31,11.28,165.06,163.21,0.384,0.384,5.5326,5.4403,0.0,0.2554
1753,2663,131.52,11.23,163.95,64.32,0.3694,0.3694,31.4992,12.1509,175.7103,0.1204
1754,2540,188.88,14.54,224.51,128.01,0.6353,0.6353,7.9539,4.4565,21.1126,0.4087
1754,2690,37.22,37.6,79.83,136.05,0.709,0.709,7.5673,16.9566,13.6437,0.4557
1754,2691,129.29,10.49,165.43,164.23,0.4111,0.4111,5.4828,5.4938,0.0,0.2734
1754,2660,131.95,10.25,192.61,166.64,0.291,0.291,5.3549,4.1187,19.7887,0.188
1755,2540,188.21,15.67,224.34,128.91,0.5322,0.5322,7.8668,4.3399,0.0,0.3543
1755,2690,37.32,36.87,82.35,141.32,0.5322,0.5322,7.1385,16.7541,13.5624,0.3423
1755,2691,131.9,9.91,167.9,162.61,0.4282,0.4282,5.559,5.0652,0.0,0.2849
1755,2660,132.4,9.91,192.52,163.94,0.2114,0.2114,5.4826,3.8054,162.7234,0.0703
1756,2540,189.31,16.24,225.05,129.39,0.5469,0.5469,7.8227,4.4195,0.0,0.3641
1756,2690,38.28,36.95,84.05,143.63,0.4243,0.4243,6.9607,16.5751,15.048,0.2721
1756,2691,131.11,10.06,167.58,165.03,0.5957,0.5957,5.4421,5.3195,17.8493,0.3867
1757,2540,194.16,16.43,229.75,131.7,0.2966,0.2966,7.618,4.9017,27.9889,0.1858
1757,2690,36.24,36.69,98.12,182.71,0.5293,0.5293,4.8957,16.6332,19.1999,0.343
1757,2691,132.62,10.24,169.21,165.22,0.4197,0.4197,5.4313,5.1527,0.0,0.2792
1757,2663,134.44,10.73,167.94,64.69,0.3513,0.3513,30.9679,11.9335,26.7864,0.2191
1758,2540,196.77,16.53,231.73,132.28,0.2666,0.2666,7.5703,5.1807,0.0,0.1774
1758,2690,36.63,36.49,103.68,197.19,0.6143,0.6143,4.3917,16.9973,21.313,0.4364
1758,2691,134.62,10.61,171.02,162.38,0.212,0.212,5.5672,4.698,159.582,0.0704
1758,2663,134.46,10.57,168.59,64.66,0.4358,0.4358,31.0069,11.9217,0.0,0.2874
1759,2540,198.78,16.52,233.56,134.01,0.7295,0.7295,7.4237,5.3692,19.2841,0.4716
1759,2690,37.92,36.6,106.16,203.25,0.3774,0.3774,4.2056,17.1422,22.5056,0.2764
1759,2691,136.4,11.24,173.06,161.65,0.5322,0.5322,5.6018,4.4146,0.0,0.3543
1759,2663,137.02,11.1,171.83,64.38,0.2637,0.2637,31.3785,11.8298,149.2186,0.086
1760,2540,193.53,16.63,229.8,135.34,0.3459,0.3459,7.3049,4.7004,37.6473,0.2062
1760,2690,43.65,36.79,97.35,168.4,0.731,0.731,5.4825,15.6945,162.7669,0.2346
1760,2691,137.5,10.98,175.17,163.53,0.283,0.283,5.5073,4.3945,0.0,0.1884
1760,2663,137.67,11.18,173.26,64.55,0.4668,0.4668,31.138,11.7646,18.6112,0.2998
1761,2540,191.67,16.64,228.47,134.71,0.5659,0.5659,7.3549,4.5071,0.0,0.3767
1761,2690,42.6,36.96,103.87,189.76,0.4543,0.4543,4.6228,16.2215,20.2188,0.3104
1761,2691,137.44,10.79,175.29,163.08,0.5342,0.5342,5.5292,4.3506,0.0,0.3556
1761,2663,137.61,10.84,174.08,65.08,0.205,0.205,30.4237,11.6795,3.9256,0.1351
1762,2540,192.5,16.6,229.69,134.77,0.646,0.646,7.3514,4.6445,0.0,0.43
1762,2690,46.0,36.47,105.67,187.77,0.5244,0.5244,4.683,15.8011,0.0,0.3652
1762,2691,138.79,10.72,176.74,161.77,0.3372,0.3372,5.593,4.0778,0.0,0.2245
1762,2663,138.22,10.82,174.94,64.85,0.2394,0.2394,30.7257,11.6807,169.1949,0.0781
1762,2696,51.65,36.76,98.39,128.45,0.4207,0.4207,8.1731,14.8854,0.0,0.2758
1763,2540,192.32,15.74,229.46,133.01,0.2751,0.2751,7.501,4.6945,167.1165,0.0914
1763,2696,54.35,35.52,97.11,119.4,0.2822,0.2822,9.1686,15.0203,169.3948,0.0909
1764,2540,192.49,15.49,229.82,133.07,0.5649,0.5649,7.4962,4.7273,0.0,0.376
1764,2696,52.44,34.06,96.76,120.9,0.4854,0.4854,8.9937,15.1232,13.7683,0.3133
1764,2691,141.66,11.11,179.51,159.21,0.2886,0.2886,5.722,3.5348,155.8359,0.096
1764,2663,140.45,11.04,177.08,64.29,0.2546,0.2546,31.4854,11.6735,167.3585,0.0831
1765,2540,192.72,14.95,231.97,139.44,0.3416,0.3416,6.9816,4.6772,13.9657,0.224
1765,2696,56.52,32.96,98.96,116.36,0.3721,0.3721,9.5466,14.8591,167.4032,0.1199
1765,2691,141.87,10.42,180.4,159.65,0.6216,0.6216,5.6986,3.5131,0.0,0.414
1766,2540,200.57,14.41,232.97,116.75,0.457,0.457,9.2297,6.5392,169.4158,0.1513
1766,2696,58.66,32.33,102.5,118.96,0.585,0.585,9.1956,14.4017,14.3398,0.3778
1766,2691,142.62,9.8,181.73,159.62,0.7485,0.7485,5.6994,3.3972,0.0,0.4986
1767,2696,56.96,31.75,108.06,134.25,0.542,0.542,7.5994,13.7877,12.6329,0.3518
1767,2691,143.1,10.33,182.69,160.37,0.7778,0.7778,5.6602,3.3937,0.0,0.5181
1768,2696,60.49,31.22,107.64,126.23,0.4272,0.4272,8.3519,13.7322,168.1493,0.1383
1768,2691,143.37,10.34,183.44,160.84,0.7129,0.7129,5.6358,3.3889,0.0,0.4749
1768,2540,210.15,12.1,235.26,86.88,0.4648,0.4648,15.6271,10.1278,173.7003,0.1525
1769,2696,53.98,30.01,116.68,159.98,0.7334,0.7334,5.8456,13.5211,16.2195,0.4724
1769,2691,144.29,10.73,184.5,160.75,0.8286,0.8286,5.6398,3.2816,0.0,0.5519
1769,2540,212.93,14.33,234.99,74.76,0.6074,0.6074,21.504,11.6083,175.4665,0.1983
1770,2696,53.57,29.96,120.8,173.36,0.4082,0.4082,5.2031,13.7026,18.1414,0.2615
1770,2691,144.67,10.78,185.02,160.62,0.8003,0.8003,5.6462,3.2243,0.0,0.5331
1770,2540,215.59,14.51,238.09,70.49,0.543,0.543,24.7657,12.3154,175.322,0.1768
1771,2696,56.87,29.4,125.1,177.6,0.2108,0.2108,5.0162,13.4038,23.1447,0.133
1771,2691,144.81,10.43,185.47,160.67,0.8062,0.8062,5.6435,3.2014,0.0,0.537
1771,2540,214.23,15.19,235.49,64.49,0.3738,0.3738,31.3533,12.8795,176.6987,0.1215
1772,2696,62.49,29.05,122.3,160.46,0.4368,0.4368,5.7961,12.5854,163.5099,0.1421
1772,2691,145.34,10.3,186.39,160.51,0.7793,0.7793,5.6512,3.1159,0.0,0.5191
1773,2696,67.79,29.08,114.46,131.77,0.6001,0.6001,7.781,12.6639,167.6748,0.1952
1773,2691,145.26,10.16,186.43,159.98,0.7515,0.7515,5.6785,3.0606,0.0,0.5006
1773,2540,213.59,15.17,235.67,63.55,0.5117,0.5117,32.7124,12.976,176.914,0.1662
1774,2696,71.86,29.27,112.69,118.47,0.4436,0.4436,9.1951,12.8893,169.4262,0.1441
1774,2691,145.39,10.3,186.74,159.69,0.7305,0.7305,5.6934,3.0087,0.0,0.4867
1774,2540,212.94,15.13,235.99,62.73,0.3584,0.3584,33.9971,13.063,177.0615,0.1164
1775,2696,76.11,29.4,112.9,107.74,0.3381,0.3381,10.7431,13.094,170.717,0.1098
1775,2691,144.57,9.89,186.18,160.24,0.7861,0.7861,5.6654,3.1331,0.0,0.5237
1776,2696,75.38,29.12,112.61,108.22,0.2651,0.2651,10.6655,13.1327,0.0,0.1744
1776,2691,144.21,10.2,185.79,160.45,0.7822,0.7822,5.6548,3.1914,0.0,0.5211
1777,2696,81.12,29.18,106.23,77.7,0.5371,0.5371,20.0455,15.2495,175.1482,0.1727
1777,2709,214.27,33.41,268.13,160.09,0.4561,0.4561,5.741,9.0061,0.0,0.3022
1778,2709,215.69,31.88,270.27,159.82,0.6074,0.6074,5.7593,9.2378,0.0,0.4023
1778,2712,215.59,16.44,268.05,66.88,0.5078,0.5078,28.5017,13.9044,0.0,0.3336
1778,2691,144.72,10.45,185.8,158.24,0.6621,0.6621,5.77,2.9386,163.4583,0.2204
1779,2709,214.31,19.21,273.83,158.74,0.222,0.222,5.819,9.3507,0.0,0.147
1779,2712,218.58,15.95,272.02,67.37,0.354,0.354,27.9883,14.1529,25.3074,0.2211
1779,2714,77.75,29.28,118.11,111.07,0.3821,0.3821,10.1898,12.4886,0.0,0.2517
1779,2691,144.15,9.84,185.81,159.76,0.7075,0.7075,5.6904,3.1212,0.0,0.4713
1780,2709,216.61,26.9,272.15,156.47,0.2959,0.2959,5.9433,9.3273,163.972,0.0973
1780,2712,218.58,15.77,273.13,68.15,0.5254,0.5254,27.1593,14.1219,4.4979,0.3444
1780,2714,78.04,28.49,119.26,111.96,0.4475,0.4475,10.0519,12.352,11.8022,0.2917
1780,2691,143.73,10.38,185.47,160.66,0.6548,0.6548,5.6443,3.2523,0.0,0.4362
1781,2709,216.95,18.18,276.84,158.01,0.2532,0.2532,5.8654,9.7139,0.0,0.1676
1781,2712,220.79,15.81,274.41,67.05,0.5718,0.5718,28.3712,14.3884,173.7545,0.1846
1781,2714,77.91,27.75,119.43,111.87,0.4243,0.4243,10.0652,12.354,0.0,0.2796
1781,2691,143.69,10.3,185.62,161.18,0.6143,0.6143,5.6178,3.302,0.0,0.4092
1782,2709,219.36,15.35,280.27,157.73,0.3794,0.3794,5.8883,10.1046,0.0,0.251
1782,2712,221.62,15.82,279.53,71.18,0.3896,0.3896,24.3799,14.2512,5.0338,0.2552
1782,2714,75.83,27.01,117.4,111.77,0.4253,0.4253,10.0906,12.6208,0.0,0.2801
1782,2691,143.68,10.46,185.56,161.01,0.686,0.686,5.6265,3.2873,0.0,0.457
1783,2709,222.12,14.36,283.58,157.93,0.3149,0.3149,5.8858,10.5238,0.0,0.2082
1783,2712,221.03,15.68,283.96,76.14,0.3218,0.3218,20.8345,13.9667,5.0825,0.2109
1783,2714,68.9,26.23,127.69,148.32,0.4912,0.4912,6.483,11.5811,14.6938,0.3188
1783,2691,143.78,10.24,185.65,160.76,0.6406,0.6406,5.6391,3.2517,0.0,0.4267
1784,2709,223.72,13.96,285.43,158.02,0.3914,0.3914,5.8859,10.761,0.0,0.2586
1784,2714,66.62,25.29,130.02,160.05,0.7656,0.7656,5.7987,11.7769,16.3587,0.4947
1784,2691,143.64,10.16,185.47,160.47,0.8506,0.8506,5.654,3.2367,0.0,0.5666
1785,2709,226.66,13.94,287.95,156.66,0.5718,0.5718,5.9686,11.1004,0.0,0.3776
1785,2714,65.93,24.61,129.85,164.15,0.7988,0.7988,5.5917,11.9562,17.1034,0.515
1785,2691,143.42,10.03,185.38,160.55,0.833,0.833,5.65,3.2603,0.0,0.5549
1786,2709,228.85,14.14,290.47,157.85,0.5283,0.5283,5.9102,11.4483,0.0,0.3487
1786,2714,68.48,23.94,129.92,161.13,0.498,0.498,5.7398,11.6881,161.7509,0.1626
1786,2691,143.05,9.9,184.83,159.28,0.7148,0.7148,5.716,3.1779,0.0,0.4762
1787,2714,71.32,23.41,128.53,153.62,0.7129,0.7129,6.1508,11.4201,164.3938,0.2329
1787,2691,142.79,9.75,184.74,159.17,0.7642,0.7642,5.7219,3.1853,0.0,0.5091
1787,2712,220.13,15.62,284.98,79.94,0.3242,0.3242,18.7276,13.6267,5.1962,0.2126
1788,2714,73.29,23.04,128.78,152.03,0.5146,0.5146,6.242,11.2437,0.0,0.3398
1788,2691,143.13,9.61,184.3,155.23,0.7974,0.7974,5.9354,2.8365,164.0173,0.2655
1788,2709,232.05,14.64,293.29,156.99,0.4177,0.4177,5.9669,11.8378,0.0,0.2755
1789,2691,143.04,9.46,183.94,153.37,0.7363,0.7363,6.0416,2.7222,164.194,0.2452
1789,2712,221.78,15.83,284.63,80.3,0.4727,0.4727,18.5546,13.6608,11.1372,0.3077
1790,2691,143.07,9.41,184.16,153.36,0.6494,0.6494,6.0421,2.7059,0.0,0.4327
1790,2712,225.2,15.69,285.48,80.19,0.2401,0.2401,18.6263,13.8898,126.9847,0.0777
1790,2714,76.95,22.94,132.44,154.32,0.3621,0.3621,6.0953,10.7787,25.7026,0.2273
1791,2691,142.92,10.05,183.85,153.1,0.4854,0.4854,6.0573,2.7165,0.0,0.3234
1791,2712,228.44,15.66,287.44,80.66,0.4534,0.4534,18.4189,14.1196,29.9149,0.2776
1791,2714,78.7,23.14,132.69,153.62,0.2429,0.2429,6.133,10.6285,0.0,0.1605
1792,2691,142.84,10.01,183.99,153.3,0.5757,0.5757,6.0457,2.7266,0.0,0.3836
1792,2712,228.79,15.08,286.92,80.77,0.5815,0.5815,18.3653,14.1013,0.0,0.3818
1793,2691,142.95,9.53,184.56,154.06,0.7612,0.7612,6.0016,2.74,0.0,0.5072
1793,2712,230.72,15.09,287.25,80.8,0.3513,0.3513,18.3606,14.2175,0.0,0.2306
1794,2691,142.93,9.35,184.5,153.61,0.75,0.75,6.0275,2.7115,0.0,0.4997
1794,2712,232.55,15.07,287.12,79.86,0.3408,0.3408,18.8297,14.3861,173.2865,0.11
1794,2714,85.73,22.85,136.81,147.21,0.6416,0.6416,6.5144,9.7778,160.3238,0.2108
1795,2691,142.96,9.47,184.63,153.83,0.3584,0.3584,6.0148,2.7179,0.0,0.2388
1795,2712,233.67,15.47,287.12,80.19,0.384,0.384,18.67,14.4172,10.5772,0.2498
1795,2724,190.87,36.14,208.4,78.47,0.3621,0.3621,19.2057,9.7226,0.0,0.2397
1795,2725,238.61,15.36,281.59,141.38,0.3896,0.3896,6.9578,11.3501,0.0,0.2572
1795,2714,85.27,22.87,136.75,150.84,0.233,0.233,6.2844,9.8507,15.2317,0.1515
1796,2691,144.82,9.98,187.11,153.83,0.6968,0.6968,6.0135,2.4575,0.0,0.4643
1796,2712,235.44,15.7,287.56,79.79,0.3074,0.3074,18.88,14.5672,166.0702,0.0992
1796,2724,191.7,35.92,208.09,75.35,0.2358,0.2358,21.0219,10.1495,175.3647,0.0774
1796,2725,240.43,15.72,283.35,141.4,0.2925,0.2925,6.9628,11.5966,0.0,0.193
1796,2714,84.75,22.89,135.18,152.21,0.3513,0.3513,6.2042,10.0159,0.0,0.2324
1796,2727,92.28,22.47,121.35,75.0,0.396,0.396,21.5666,14.14,0.0,0.26
1797,2691,145.52,9.62,188.6,154.31,0.8433,0.8433,5.9854,2.3729,0.0,0.562
1797,2724,192.46,36.19,207.95,73.27,0.272,0.272,22.432,10.4391,175.6249,0.0892
1797,2725,243.18,15.83,286.6,142.83,0.5679,0.5679,6.8693,12.0045,32.3936,0.345
1797,2727,94.41,22.55,122.47,73.1,0.4006,0.4006,22.8773,14.1605,174.2627,0.1295
1797,2730,286.08,27.78,311.64,68.27,0.3647,0.3647,27.8081,19.4426,0.0,0.2362
1798,2691,146.28,9.57,189.94,154.13,0.8535,0.8535,5.9952,2.2404,0.0,0.5688
1798,2724,192.36,36.38,207.77,73.06,0.3821,0.3821,22.5842,10.4618,174.7733,0.1252
1798,2725,247.66,15.91,291.25,144.27,0.4543,0.4543,6.7842,12.6288,44.646,0.2555
1798,2730,287.31,27.39,313.19,68.38,0.2751,0.2751,27.718,19.5848,44.5194,0.1518
1798,2731,287.92,27.61,319.02,145.46,0.5127,0.5127,6.8541,17.1852,0.0,0.3342
1798,2714,91.8,23.03,142.4,153.7,0.6104,0.6104,6.097,9.057,48.1904,0.3366
1799,2691,148.05,9.0,192.84,154.06,0.8384,0.8384,5.9981,1.9903,0.0,0.5588
1799,2725,248.9,16.34,291.84,143.5,0.5879,0.5879,6.8422,12.7539,0.0,0.3871
1799,2731,288.61,27.57,319.63,144.99,0.543,0.543,6.8906,17.2697,0.0,0.3538
1799,2714,95.15,22.69,143.52,147.42,0.7017,0.7017,6.4785,8.6532,164.2391,0.2312
1800,2691,148.52,9.06,193.91,153.49,0.8037,0.8037,6.0306,1.8552,0.0,0.5357
1800,2725,249.09,16.8,291.4,142.79,0.5254,0.5254,6.8927,12.7377,0.0,0.346
1800,2731,288.31,27.01,319.49,144.83,0.4072,0.4072,6.9007,17.2408,0.0,0.2654
1800,2714,97.54,22.4,143.62,140.71,0.5898,0.5898,6.9429,8.4777,165.9177,0.1945
1800,2724,191.85,35.97,207.68,73.59,0.3621,0.3621,22.202,10.3797,5.0166,0.239
1801,2691,148.64,9.18,194.7,153.84,0.8218,0.8218,6.0103,1.8495,0.0,0.5477
1801,2725,248.95,17.03,291.06,142.91,0.5991,0.5991,6.8831,12.7047,0.0,0.3945
1801,2731,288.5,26.71,319.86,145.0,0.4514,0.4514,6.8902,17.2776,0.0,0.2941
1801,2714,97.49,21.59,144.83,144.18,0.6001,0.6001,6.692,8.3835,14.3638,0.3917
1801,2724,191.05,35.73,208.75,77.62,0.3157,0.3157,19.6698,9.8466,4.9449,0.2085
1802,2691,149.91,9.42,196.32,153.98,0.8384,0.8384,6.0018,1.7394,0.0,0.5588
1802,2725,249.02,17.0,291.06,142.75,0.708,0.708,6.8948,12.7098,0.0,0.4662
1802,2714,99.29,20.75,146.47,144.39,0.7598,0.7598,6.673,8.142,0.0,0.504
1802,2724,191.44,35.56,208.28,75.03,0.3115,0.3115,21.2272,10.1909,175.4194,0.1022
1802,2709,264.15,26.77,326.41,177.1,0.6226,0.6226,5.1249,16.7203,35.6862,0.3673
1803,2691,150.7,9.69,197.32,153.76,0.8369,0.8369,6.0142,1.6429,0.0,0.5578
1803,2725,250.01,16.62,292.27,143.36,0.5117,0.5117,6.8553,12.859,0.0,0.3369
1803,2714,100.87,19.85,146.19,140.38,0.7104,0.7104,6.9598,8.0666,166.019,0.2345
1803,2724,190.82,35.72,209.05,78.69,0.396,0.396,19.0899,9.7053,5.0917,0.2616
1803,2709,261.46,26.45,330.99,204.03,0.7305,0.7305,4.2092,18.1407,22.1116,0.534
1804,2691,151.64,9.98,198.48,153.77,0.8218,0.8218,6.0134,1.5707,0.0,0.5478
1804,2725,250.57,16.48,293.57,145.56,0.3923,0.3923,6.7048,12.9873,15.7153,0.2533
1804,2714,102.38,18.69,146.83,138.34,0.771,0.771,7.1128,7.9396,164.6371,0.2545
1804,2724,190.35,35.96,208.85,80.07,0.2524,0.2524,18.3887,9.5075,5.4226,0.1667
1805,2691,151.94,7.49,199.66,153.78,0.8545,0.8545,6.0127,1.5271,0.0,0.5696
1805,2725,251.46,16.67,295.9,150.95,0.6504,0.6504,6.3595,13.2397,15.8419,0.4196
1805,2714,104.03,18.64,147.29,136.67,0.7861,0.7861,7.2426,7.8198,164.1951,0.2596
1805,2724,190.59,36.07,208.7,79.67,0.3032,0.3032,18.5866,9.5628,174.7474,0.0997
1805,2731,289.92,27.19,320.87,142.46,0.2517,0.2517,7.0806,17.4371,165.6543,0.08
1806,2691,151.1,4.98,199.16,153.6,0.7642,0.3821,6.0232,1.5444,0.0,0.2547
1806,2725,253.86,17.02,297.22,148.81,0.5459,0.5459,6.5022,13.4739,161.9357,0.177
1806,2714,105.88,18.39,148.29,136.5,0.7725,0.7725,7.2528,7.6242,0.0,0.5127
1806,2724,191.91,35.62,208.71,75.78,0.2837,0.2837,20.7531,10.1084,175.2574,0.0931
1807,2691,152.36,7.82,199.54,153.72,0.8218,0.8218,6.0161,1.5108,0.0,0.5478
1807,2725,257.48,17.34,301.1,153.25,0.5303,0.5303,6.2412,14.0234,20.4387,0.3371
1807,2714,107.28,18.16,148.89,136.61,0.8184,0.8184,7.2414,7.4823,0.0,0.5433
1808,2691,153.19,10.24,199.29,153.22,0.8228,0.8228,6.045,1.4286,0.0,0.5484
1808,2725,259.99,17.92,302.59,153.49,0.5591,0.5591,6.2349,14.2951,0.0,0.367
1808,2714,108.61,17.56,149.34,136.26,0.7441,0.7441,7.2676,7.3653,0.0,0.494
1808,2731,289.03,27.83,324.11,154.99,0.3354,0.3354,6.258,17.6513,15.4023,0.2143
1809,2691,154.16,6.09,201.86,153.5,0.7949,0.7949,6.0286,1.3926,0.0,0.5299
1809,2725,261.36,18.69,303.0,152.97,0.4177,0.4177,6.2695,14.4082,0.0,0.2741
1809,2714,109.11,17.08,149.22,136.33,0.7163,0.7163,7.2615,7.3373,0.0,0.4756
1810,2691,156.27,6.22,204.33,153.14,0.8452,0.8452,6.0493,1.3121,0.0,0.5634
1810,2725,262.97,18.88,304.53,155.06,0.5264,0.5264,6.1526,14.6455,19.8031,0.3349
1810,2714,111.28,17.3,150.18,136.25,0.8101,0.8101,7.2643,7.1205,0.0,0.538
1810,2731,290.55,28.08,331.19,172.58,0.4446,0.4446,5.3806,18.547,18.3604,0.2812
1811,2691,157.2,6.85,205.28,152.64,0.8296,0.8296,6.0786,1.2524,0.0,0.553
1811,2725,264.91,17.46,306.44,156.18,0.5068,0.5068,6.0961,14.9188,0.0,0.3322
1811,2714,113.89,17.04,152.03,136.47,0.7559,0.7559,7.2414,6.8043,0.0,0.5022
1811,2731,297.97,29.08,335.03,161.13,0.4045,0.4045,5.9627,19.0121,163.1187,0.1275
1812,2691,157.28,9.3,204.92,151.89,0.8086,0.8086,6.1229,1.1431,0.0,0.539
1812,2725,266.75,17.47,307.62,156.3,0.3904,0.3904,6.0954,15.1214,0.0,0.2558
1812,2714,116.76,16.84,154.18,136.24,0.7739,0.7739,7.2546,6.4591,0.0,0.5143
1812,2731,304.09,30.08,339.01,155.98,0.3416,0.3416,6.2761,19.5855,161.1351,0.1073
1813,2691,159.22,9.98,206.73,152.18,0.8296,0.8296,6.1058,1.2489,0.0,0.553
1813,2725,267.62,17.56,307.78,156.11,0.7319,0.7319,6.1084,15.1869,0.0,0.4794
1813,2714,118.8,17.2,155.61,136.59,0.8228,0.8228,7.2227,6.2083,0.0,0.5469
1813,2731,306.88,30.41,341.29,154.19,0.4368,0.4368,6.3961,19.8892,158.4159,0.1369
1814,2691,160.42,9.76,207.42,149.87,0.8184,0.8184,6.2455,1.0128,163.6279,0.2728
1814,2725,268.26,16.85,308.16,156.47,0.6504,0.6504,6.09,15.2601,0.0,0.426
1814,2714,123.57,17.42,160.98,136.74,0.7871,0.7871,7.2009,5.4962,0.0,0.5235
1814,2731,302.67,31.73,338.96,156.36,0.4678,0.4678,6.2501,19.4963,22.7552,0.2908
1815,2691,160.29,9.01,207.43,149.38,0.7964,0.7964,6.2759,0.9501,0.0,0.5309
1815,2725,269.32,17.05,309.23,158.15,0.3857,0.3857,6.0006,15.4284,0.0,0.2525
1815,2714,125.84,17.62,163.39,136.8,0.811,0.811,7.1921,5.1679,0.0,0.5396
1815,2731,303.53,32.11,341.57,156.87,0.3877,0.3877,6.2298,19.7222,0.0,0.2509
1816,2691,161.66,8.83,208.57,150.24,0.8315,0.8315,6.223,1.1577,0.0,0.5543
1816,2725,270.66,18.2,310.07,157.84,0.4226,0.4226,6.0222,15.5673,0.0,0.2766
1816,2714,127.59,17.7,165.44,136.65,0.8452,0.8452,7.201,4.9076,0.0,0.5624
1816,2731,306.34,32.78,345.94,158.91,0.6714,0.6714,6.1333,20.2,32.7385,0.3983
1817,2691,164.28,8.78,210.37,148.81,0.771,0.771,6.3124,1.2573,0.0,0.5139
1817,2725,271.42,18.14,310.78,157.12,0.6416,0.6416,6.0655,15.6528,0.0,0.4198
1817,2714,128.78,18.15,167.04,136.7,0.8384,0.8384,7.1949,4.7121,0.0,0.558
1817,2731,307.88,33.17,348.87,160.31,0.644,0.644,6.068,20.499,0.0,0.4157
1818,2691,166.07,9.2,210.92,146.23,0.7886,0.7886,6.4792,1.2602,163.9666,0.2628
1818,2725,272.36,18.27,311.88,157.01,0.5527,0.5527,6.076,15.7858,0.0,0.3615
1818,2714,128.59,17.03,167.38,135.88,0.8125,0.8125,7.2611,4.729,0.0,0.5407
1818,2731,308.67,33.31,350.77,160.91,0.6406,0.6406,6.0426,20.6754,0.0,0.4133
1819,2691,166.82,9.18,211.15,145.46,0.8135,0.8135,6.5307,1.3061,0.0,0.5423
1819,2725,272.95,17.2,313.35,157.88,0.6416,0.6416,6.0318,15.9353,0.0,0.4195
1819,2714,128.58,17.48,167.69,136.33,0.8359,0.8359,7.2243,4.6929,0.0,0.5563
1819,2731,311.51,33.04,354.02,160.74,0.4148,0.4148,6.0683,21.0523,0.0,0.2673
1820,2691,167.83,9.16,211.56,145.02,0.791,0.791,6.5606,1.3987,0.0,0.5273
1820,2725,274.13,18.46,314.72,157.45,0.7285,0.7285,6.0612,16.0964,0.0,0.4761
1820,2714,128.57,17.37,167.5,135.48,0.8003,0.8003,7.2938,4.7365,0.0,0.5326
1820,2731,309.36,32.75,354.29,163.44,0.4922,0.4922,5.9198,20.9754,16.4015,0.3106
1821,2691,167.69,9.37,211.4,145.9,0.8159,0.8159,6.5015,1.3964,0.0,0.5439
1821,2725,274.82,18.19,316.67,159.21,0.7363,0.7363,5.9699,16.2985,0.0,0.481
1821,2714,129.59,17.12,167.6,131.26,0.8369,0.8369,7.6567,4.8519,167.3413,0.278
1821,2731,316.35,32.93,358.27,154.77,0.4111,0.2056,6.4362,21.5504,163.7595,0.0637
1822,2691,168.2,9.16,211.46,145.42,0.7871,0.7871,6.5337,1.425,0.0,0.5247
1822,2725,275.01,18.74,318.22,161.43,0.7319,0.7319,5.8553,16.4531,17.7464,0.4663
1822,2714,129.96,16.46,167.9,129.39,0.7485,0.7485,7.8285,4.915,167.5152,0.2486
1822,2731,312.46,33.04,359.79,170.45,0.4785,0.2392,5.5977,21.6337,16.898,0.1504
1823,2691,168.55,9.41,211.64,145.81,0.6714,0.6714,6.5077,1.4715,0.0,0.4475
1823,2725,275.92,17.47,320.0,160.31,0.7007,0.7007,5.9203,16.6076,0.0,0.4574
1823,2714,129.83,16.18,168.94,132.35,0.7739,0.7739,7.5583,4.6902,12.7848,0.5087
1823,2731,313.82,33.11,360.0,171.57,0.2666,0.1333,5.5501,21.7531,0.0,0.0857
1824,2691,169.63,9.36,212.56,147.47,0.7153,0.7153,6.3993,1.6678,17.2999,0.466
1824,2725,276.89,19.29,321.18,159.3,0.6577,0.6577,5.9794,16.7304,0.0,0.4292
1824,2714,133.38,15.57,170.81,127.12,0.5312,0.5312,8.0429,4.6698,166.4969,0.1765
1825,2691,170.54,8.77,213.09,147.55,0.7793,0.7793,6.3945,1.7698,0.0,0.5194
1825,2725,277.05,17.84,323.96,163.37,0.5688,0.5688,5.772,16.9982,17.8014,0.3618
1825,2714,134.85,15.62,171.36,125.49,0.7769,0.7769,8.2062,4.6749,166.1729,0.2581
1826,2691,171.54,8.7,212.95,145.72,0.8003,0.8003,6.5148,1.7739,165.0209,0.2666
1826,2725,277.58,19.96,325.21,164.04,0.6226,0.6226,5.742,17.1275,0.0,0.4059
1826,2714,137.21,15.27,172.85,124.93,0.708,0.708,8.2616,4.4995,0.0,0.4713
1827,2691,172.12,8.42,212.82,145.32,0.8203,0.8203,6.5417,1.7989,0.0,0.5467
1827,2725,278.44,20.04,327.52,165.19,0.7949,0.7949,5.6916,17.3571,0.0,0.5179
1827,2714,140.29,14.4,177.25,129.45,0.7568,0.7568,7.8097,3.6884,15.6173,0.4947
1828,2691,172.75,8.32,212.87,145.46,0.8076,0.8076,6.5325,1.8496,0.0,0.5383
1828,2725,278.22,19.88,328.85,166.15,0.8037,0.8037,5.6469,17.4503,0.0,0.5235
1828,2714,141.49,14.36,178.38,130.39,0.7407,0.7407,7.7212,3.4751,0.0,0.4933
1829,2691,173.05,7.91,212.59,145.15,0.8145,0.8145,6.5533,1.8465,0.0,0.5429
1829,2725,277.95,19.9,329.83,166.39,0.8467,0.8467,5.6368,17.5014,0.0,0.5514
1829,2714,142.63,13.94,179.34,130.63,0.7583,0.7583,7.6982,3.332,0.0,0.5051
1830,2691,173.38,8.04,212.41,145.23,0.8159,0.8159,6.548,1.8582,0.0,0.5438
1830,2725,277.86,19.91,330.83,166.26,0.8594,0.8594,5.6451,17.5569,0.0,0.5596
1830,2714,143.75,13.79,179.09,126.62,0.7407,0.7407,8.0814,3.6461,168.0371,0.2464
1831,2691,172.78,7.81,211.54,144.9,0.7515,0.7515,6.5699,1.7493,0.0,0.5009
1831,2725,277.37,18.14,332.05,166.65,0.8691,0.8691,5.6278,17.6127,0.0,0.5658
1831,2714,144.86,13.98,178.91,123.39,0.6958,0.6958,8.4172,3.9315,168.4478,0.2314
1832,2691,173.45,7.98,211.76,145.15,0.8135,0.8135,6.5532,1.8158,0.0,0.5422
1832,2725,277.16,18.49,332.29,166.13,0.8584,0.8584,5.6531,17.6027,0.0,0.5589
1832,2714,144.81,13.97,179.19,125.15,0.6978,0.6978,8.2306,3.735,11.6866,0.4599
1833,2691,173.81,8.05,211.71,144.89,0.8037,0.8037,6.5709,1.8349,0.0,0.5357
1833,2725,276.99,18.44,332.86,166.37,0.8184,0.8184,5.6423,17.6338,0.0,0.5328
1833,2714,144.71,13.41,179.31,125.48,0.7349,0.7349,8.1965,3.7,0.0,0.4894
1834,2691,174.07,7.73,211.92,145.35,0.7949,0.7949,6.54,1.8742,0.0,0.5298
1834,2725,276.36,19.44,332.55,166.25,0.877,0.877,5.646,17.5708,0.0,0.571
1834,2714,144.18,12.97,179.77,129.06,0.7456,0.7456,7.8432,3.3558,12.2322,0.491
1835,2691,174.56,7.45,212.14,145.35,0.8037,0.8037,6.5402,1.9248,0.0,0.5356
1835,2725,277.61,18.89,334.14,166.37,0.8013,0.8013,5.6464,17.7556,0.0,0.5215
1835,2714,143.57,13.16,179.37,130.83,0.7319,0.7319,7.6795,3.2588,13.006,0.4813
1836,2691,174.43,7.51,211.76,145.44,0.7886,0.7886,6.534,1.8898,0.0,0.5256
1836,2725,279.18,19.79,335.08,165.57,0.7178,0.7178,5.6912,17.8987,0.0,0.467
1836,2714,142.86,12.92,179.03,132.89,0.645,0.645,7.4968,3.1621,13.2103,0.424
1837,2691,175.54,7.35,212.86,145.11,0.7671,0.7671,6.5569,2.0431,0.0,0.5112
1837,2725,280.28,20.23,335.9,165.34,0.6826,0.6826,5.7068,18.0166,0.0,0.4439
1837,2714,143.52,13.0,179.25,132.25,0.6704,0.6704,7.5524,3.1558,0.0,0.4466
1838,2691,175.15,7.64,212.2,145.45,0.7793,0.7793,6.5337,1.9727,0.0,0.5194
1838,2725,284.01,18.89,338.88,164.78,0.543,0.543,5.75,18.4338,0.0,0.3527
1838,2714,143.1,13.22,178.7,132.91,0.6235,0.6235,7.4952,3.1663,0.0,0.4153
1839,2691,173.88,7.8,211.19,145.21,0.7642,0.7642,6.5491,1.8066,0.0,0.5093
1839,2725,282.99,19.13,337.53,165.4,0.7695,0.7695,5.7137,18.2953,0.0,0.5
1839,2714,141.75,13.59,177.03,134.35,0.7808,0.7808,7.3735,3.2623,18.6931,0.5064
1840,2691,175.03,7.84,212.32,145.13,0.8252,0.8252,6.5552,1.9683,0.0,0.55
1840,2725,281.85,19.22,335.93,164.61,0.7407,0.7407,5.7468,18.1038,0.0,0.4816
1840,2714,140.97,14.33,175.56,135.3,0.8218,0.8218,7.2955,3.3558,0.0,0.5474
1841,2691,175.06,7.86,212.21,145.1,0.8027,0.8027,6.5572,1.9623,0.0,0.535
1841,2725,280.32,18.61,335.15,166.16,0.8433,0.8433,5.6649,17.9891,0.0,0.5485
1841,2714,140.48,15.29,174.21,136.01,0.7822,0.7822,7.2383,3.4432,0.0,0.521
1842,2691,175.49,7.86,212.67,145.46,0.8271,0.8271,6.5332,2.0305,0.0,0.5512
1842,2725,280.02,18.47,335.01,166.84,0.7407,0.7407,5.631,17.9763,0.0,0.4817
1842,2714,140.37,15.77,173.47,136.49,0.811,0.811,7.1999,3.4787,0.0,0.5402
1843,2691,175.13,7.84,212.6,145.42,0.771,0.771,6.5358,1.9993,0.0,0.5138
1843,2725,285.16,18.42,338.47,166.16,0.54,0.54,5.6835,18.5096,0.0,0.3507
1843,2714,139.93,16.31,172.43,136.66,0.8135,0.8135,7.1871,3.5723,0.0,0.5418
1844,2691,175.38,7.95,212.73,145.4,0.7939,0.7939,6.5372,2.0261,0.0,0.5291
1844,2725,282.73,19.14,335.59,165.7,0.2698,0.2698,5.6939,18.1612,0.0,0.1754
1844,2714,139.65,16.38,171.36,134.8,0.7393,0.7393,7.34,3.7496,166.2338,0.2459
1845,2691,175.35,8.09,212.33,144.84,0.7754,0.7754,6.5749,1.989,0.0,0.5168
1845,2725,286.01,19.42,337.33,165.52,0.5938,0.5938,5.7143,18.4776,0.0,0.3857
1845,2714,139.07,16.39,170.74,135.1,0.7041,0.7041,7.3158,3.8154,0.0,0.4689
1846,2691,176.59,8.02,213.71,143.97,0.811,0.811,6.6354,2.1731,0.0,0.5405
1846,2725,288.15,19.99,338.16,166.38,0.7939,0.7939,5.6789,18.6847,0.0,0.5153
1846,2714,138.71,16.32,170.66,135.39,0.7988,0.7988,7.2921,3.8315,0.0,0.5319
1847,2691,176.86,7.97,214.04,143.23,0.7793,0.7793,6.687,2.2188,0.0,0.5193
1847,2725,284.26,20.57,333.82,165.59,0.7441,0.7441,5.6988,18.1435,0.0,0.4837
1847,2714,137.48,16.64,169.52,135.12,0.8086,0.8086,7.3159,4.0042,0.0,0.5384
1848,2691,179.03,7.93,216.55,143.1,0.4756,0.4756,6.6979,2.5545,0.0,0.3169
1848,2725,285.94,20.88,334.57,165.84,0.6074,0.6074,5.692,18.304,0.0,0.3947
1848,2714,135.21,17.17,167.0,135.62,0.6943,0.6943,7.2778,4.3093,0.0,0.4622
1849,2691,180.12,8.26,218.31,143.34,0.71,0.71,6.6822,2.7569,0.0,0.4731
1849,2725,286.64,20.71,334.4,165.75,0.385,0.385,5.6976,18.3359,0.0,0.2502
1849,2714,135.85,17.18,168.07,135.24,0.7964,0.7964,7.308,4.2081,0.0,0.5302
1850,2691,180.29,8.04,219.18,143.16,0.6245,0.6245,6.6953,2.8323,0.0,0.4161
1850,2725,287.44,20.27,334.15,164.22,0.353,0.353,5.7751,18.3396,0.0,0.2294
1850,2714,133.42,17.41,165.33,135.13,0.811,0.811,7.3207,4.5658,0.0,0.5398
1851,2691,181.85,8.12,221.31,143.19,0.8135,0.8135,6.6949,3.096,0.0,0.5419
1851,2725,285.74,19.63,333.04,166.44,0.6372,0.6372,5.6587,18.2067,18.5171,0.4032
1851,2714,134.91,17.4,167.46,134.71,0.7939,0.7939,7.3531,4.3364,0.0,0.5285
1852,2691,182.17,8.05,222.15,143.12,0.8237,0.8237,6.7004,3.1793,0.0,0.5487
1852,2725,285.66,20.31,332.43,167.36,0.708,0.708,5.6128,18.1835,0.0,0.4602
1852,2714,133.91,17.57,166.71,134.46,0.8013,0.8013,7.3753,4.4661,0.0,0.5334
1853,2691,182.06,7.98,222.44,142.96,0.8228,0.8228,6.7117,3.1932,0.0,0.5481
1853,2725,284.49,17.98,331.84,168.36,0.6714,0.6714,5.5613,18.095,0.0,0.4365
1853,2714,132.57,17.68,166.11,135.71,0.7529,0.7529,7.273,4.5483,16.6999,0.4906
1854,2691,182.01,7.98,222.52,142.39,0.8506,0.8506,6.7522,3.2002,0.0,0.5666
1854,2725,283.5,18.11,330.33,167.16,0.2386,0.2386,5.6129,17.907,0.0,0.1552
1854,2714,130.1,18.29,163.43,136.04,0.811,0.811,7.25,4.8924,0.0,0.5397
1855,2691,181.62,8.65,222.67,143.39,0.8467,0.8467,6.6814,3.1759,0.0,0.564
1855,2725,281.61,19.1,328.67,168.45,0.6362,0.6362,5.5439,17.7112,0.0,0.4141
1855,2714,128.6,18.66,161.86,136.62,0.8394,0.8394,7.2055,5.0874,0.0,0.5585
1856,2691,181.11,8.72,222.51,143.77,0.7949,0.7949,6.6547,3.1269,0.0,0.5295
1856,2725,280.68,19.47,327.9,168.74,0.7822,0.7822,5.5266,17.6099,0.0,0.5092
1856,2714,127.18,18.95,161.53,141.67,0.7612,0.7612,6.8214,5.1125,14.2498,0.4987
1857,2691,181.7,8.37,223.47,142.71,0.8003,0.8003,6.7298,3.2429,0.0,0.5331
1857,2725,280.37,20.36,327.6,168.84,0.771,0.771,5.5207,17.5734,0.0,0.502
1857,2714,126.74,19.28,161.3,143.4,0.8467,0.8467,6.6986,5.1501,14.5571,0.5543
1858,2691,182.45,8.28,224.4,142.54,0.8315,0.8315,6.7427,3.3643,0.0,0.5539
1858,2725,280.66,20.97,327.85,168.68,0.6929,0.6929,5.5293,17.6039,0.0,0.4511
1858,2714,126.32,20.83,160.8,144.83,0.8496,0.8496,6.6005,5.2162,0.0,0.5652
1859,2691,183.57,8.32,225.36,141.32,0.8682,0.8682,6.8316,3.5274,0.0,0.5783
1859,2725,280.71,21.2,328.03,168.99,0.7202,0.7202,5.5153,17.6265,0.0,0.4689
1859,2714,126.0,22.22,160.27,145.15,0.8271,0.8271,6.5795,5.2779,0.0,0.5502
1860,2691,184.7,8.12,226.66,140.4,0.8638,0.8638,6.9007,3.716,0.0,0.5753
1860,2725,280.51,20.81,328.06,169.09,0.6909,0.6909,5.5103,17.6182,0.0,0.4498
1860,2714,125.36,23.59,159.63,146.17,0.835,0.835,6.5121,5.3753,0.0,0.5554
1861,2691,185.69,7.93,227.85,139.32,0.8892,0.8892,6.9831,3.8939,0.0,0.5921
1861,2725,282.85,21.06,328.56,163.93,0.5371,0.5371,5.7666,17.6811,163.3247,0.1706
1861,2714,124.46,24.53,159.35,148.93,0.8262,0.8262,6.3344,5.4955,15.4245,0.5396
1861,2752,327.52,27.12,356.03,64.32,0.3604,0.1802,33.7953,24.3072,0.0,0.1148
1862,2691,187.12,7.86,229.42,137.99,0.8794,0.8794,7.0874,4.1403,160.4976,0.2924
1862,2725,281.29,20.56,328.21,166.94,0.6577,0.6577,5.614,17.6247,17.2229,0.4183
1862,2714,122.25,25.44,157.2,151.23,0.8423,0.8423,6.196,5.8516,21.159,0.5411
1863,2691,187.21,7.84,230.03,137.89,0.8916,0.8916,7.0956,4.1922,0.0,0.5936
1863,2725,280.82,21.02,328.09,168.23,0.6343,0.6343,5.5513,17.6181,0.0,0.4129
1863,2714,120.54,25.67,155.45,152.07,0.8271,0.8271,6.1485,6.1149,0.0,0.5498
1864,2691,189.38,7.94,232.73,139.08,0.8403,0.8403,7.0071,4.5028,0.0,0.5593
1864,2725,280.62,21.29,328.07,168.81,0.7529,0.7529,5.5236,17.6187,0.0,0.4902
1864,2714,119.2,25.27,154.16,152.71,0.8135,0.8135,6.1129,6.3154,0.0,0.5407
1865,2691,191.38,7.89,234.55,138.24,0.7793,0.7793,7.0746,4.7911,0.0,0.5186
1865,2725,280.3,22.41,327.58,169.02,0.7065,0.7065,5.5121,17.5723,0.0,0.46
1865,2714,118.36,25.17,153.22,152.64,0.7051,0.7051,6.1186,6.4372,0.0,0.4686
1866,2691,192.61,7.85,235.8,137.84,0.8086,0.8086,7.1078,4.975,0.0,0.5381
1866,2725,280.09,22.73,327.4,169.1,0.7612,0.7612,5.5075,17.5495,0.0,0.4957
1866,2714,117.32,25.02,152.19,152.48,0.667,0.667,6.1299,6.5769,0.0,0.4432
1866,2759,324.67,25.85,360.0,176.65,0.6123,0.3061,5.3535,22.5254,0.0,0.1963
1867,2691,194.63,7.88,237.62,137.7,0.7949,0.7949,7.1219,5.2476,0.0,0.5288
1867,2725,280.02,21.82,327.71,169.21,0.7422,0.7422,5.503,17.5676,0.0,0.4833
1867,2714,116.28,24.78,151.41,152.75,0.7925,0.7925,6.1157,6.7106,0.0,0.5265
1868,2691,197.1,7.78,239.3,136.55,0.7754,0.7754,7.2171,5.5676,155.0502,0.2572
1868,2725,280.04,21.66,327.8,169.06,0.6978,0.6978,5.5102,17.5708,0.0,0.4543
1868,2714,114.19,24.87,148.99,151.62,0.7627,0.7627,6.1873,6.9976,0.0,0.5066
1869,2691,198.79,7.48,240.95,137.06,0.7925,0.7925,7.1793,5.7878,0.0,0.527
1869,2725,280.49,21.78,327.77,167.42,0.6216,0.6216,5.5883,17.5566,0.0,0.4047
1869,2714,114.06,25.07,144.88,134.98,0.6187,0.6187,7.372,7.3258,166.9591,0.2045
1870,2691,200.85,7.4,242.65,137.41,0.7319,0.7319,7.1551,6.043,0.0,0.4866
1870,2725,280.16,21.44,327.9,168.38,0.6899,0.6899,5.5424,17.5675,0.0,0.4492
1870,2714,110.79,25.13,144.33,144.74,0.5371,0.5371,6.6378,7.4833,14.721,0.3507
1871,2691,202.96,7.65,243.9,137.55,0.7559,0.7559,7.1473,6.2756,0.0,0.5024
1871,2725,280.29,21.23,328.44,168.83,0.585,0.585,5.5228,17.6218,0.0,0.3808
1871,2714,108.89,25.31,143.84,149.43,0.7964,0.7964,6.3329,7.6897,15.6134,0.5188
1872,2691,204.13,7.65,244.45,137.89,0.7485,0.7485,7.1223,6.3894,0.0,0.4975
1872,2725,280.06,20.77,328.47,168.81,0.5796,0.5796,5.5233,17.6085,0.0,0.3773
1872,2714,107.9,25.56,143.64,151.62,0.7334,0.7334,6.1996,7.81,16.0052,0.4772
1872,2763,296.49,21.54,327.44,80.47,0.396,0.396,19.1252,20.1446,0.0,0.2559
1873,2691,205.29,7.79,244.77,137.42,0.7378,0.7378,7.1609,6.5026,0.0,0.4903
1873,2725,280.24,21.34,328.31,168.34,0.5889,0.5889,5.5453,17.5979,0.0,0.3834
1873,2714,105.93,25.64,142.49,153.73,0.7515,0.7515,6.0783,8.0731,19.6239,0.484
1873,2763,296.29,21.74,327.11,80.39,0.3442,0.3442,19.1618,20.1188,0.0,0.2225
1874,2691,205.81,7.61,244.51,136.55,0.7793,0.7793,7.2308,6.5397,0.0,0.5178
1874,2725,280.07,21.65,328.13,168.71,0.7471,0.7471,5.5272,17.5848,0.0,0.4864
1874,2714,105.16,26.33,141.98,153.59,0.7378,0.7378,6.0879,8.1585,0.0,0.4894
1874,2759,330.04,30.09,359.55,151.82,0.3503,0.1752,6.6652,22.4512,165.6912,0.054
1875,2691,206.74,7.73,244.7,135.76,0.771,0.771,7.2963,6.6369,0.0,0.5123
1875,2725,280.29,21.58,328.15,168.02,0.6426,0.6426,5.5602,17.5829,0.0,0.4184
1875,2714,101.97,26.96,138.86,153.67,0.5059,0.5059,6.0906,8.5975,0.0,0.3354
1875,2759,332.25,30.64,360.0,152.28,0.3621,0.181,6.6442,22.6166,0.0,0.1161
1876,2691,205.98,7.78,244.11,138.28,0.2422,0.2422,7.0934,6.4882,13.833,0.1586
1876,2725,280.04,21.65,327.84,167.75,0.5029,0.5029,5.5718,17.5403,0.0,0.3275
1876,2714,99.34,27.83,136.59,154.14,0.7349,0.7349,6.0693,8.947,0.0,0.487
1877,2725,279.87,21.76,327.72,167.84,0.5718,0.5718,5.5669,17.524,0.0,0.3724
1877,2714,95.03,28.62,133.69,156.42,0.646,0.646,5.9493,9.4988,29.7198,0.3994
1877,2764,212.94,8.13,243.25,97.51,0.4045,0.4045,12.5928,9.5109,0.0,0.2678
1877,2759,332.78,30.14,360.0,152.47,0.4941,0.247,6.6338,22.6501,0.0,0.1583
1878,2725,279.95,21.15,328.17,168.34,0.6333,0.6333,5.5444,17.5704,0.0,0.4124
1878,2714,95.33,29.38,132.9,150.61,0.5728,0.5728,6.2899,9.4166,164.8758,0.1884
1878,2759,331.19,29.81,359.41,153.09,0.3943,0.1971,6.5879,22.521,0.0,0.1264
1878,2763,295.39,20.86,326.73,80.03,0.3098,0.3098,19.3361,20.0659,169.3731,0.097
1878,2691,206.95,7.42,244.29,137.37,0.8027,0.8027,7.1662,6.5863,0.0,0.5334
1879,2725,279.9,21.94,328.16,168.8,0.6992,0.6992,5.5227,17.5782,0.0,0.4553
1879,2714,92.15,30.17,132.49,158.14,0.6768,0.6768,5.8604,9.8247,16.7711,0.4383
1879,2759,332.39,29.53,360.0,153.89,0.2815,0.1407,6.5436,22.6359,0.0,0.0902
1879,2691,207.39,6.67,244.65,137.54,0.7378,0.7378,7.1536,6.639,0.0,0.4902
1880,2725,279.93,21.31,328.48,168.79,0.6626,0.6626,5.5239,17.6003,0.0,0.4314
1880,2714,92.57,30.5,130.46,146.38,0.2798,0.2798,6.5687,9.739,165.486,0.0919
1880,2691,207.64,6.13,244.84,137.65,0.5972,0.5972,7.1453,6.6677,0.0,0.3968
1881,2725,279.89,20.89,328.65,168.97,0.6279,0.6279,5.5158,17.6132,0.0,0.4088
1881,2714,90.89,30.88,129.74,145.69,0.4475,0.4475,6.6186,9.9033,0.0,0.2961
1881,2691,208.88,5.7,246.31,137.74,0.6309,0.6309,7.1412,6.856,0.0,0.4191
1881,2763,295.23,21.08,326.8,80.11,0.3057,0.3057,19.2944,20.0563,0.0,0.1976
1881,2759,332.14,29.69,360.0,153.07,0.3252,0.1626,6.5939,22.6149,0.0,0.1042
1882,2725,279.86,20.82,328.73,169.22,0.6919,0.6919,5.5043,17.6229,0.0,0.4504
1882,2714,87.74,30.5,129.57,150.65,0.7861,0.7861,6.3029,10.1744,16.0989,0.5097
1882,2691,210.34,6.09,247.49,137.08,0.7349,0.7349,7.1966,7.0536,0.0,0.4881
1882,2763,295.66,21.34,327.16,79.78,0.3442,0.3442,19.4704,20.1196,172.8121,0.1077
1882,2759,330.35,30.46,358.65,152.87,0.5757,0.2878,6.5967,22.4216,0.0,0.1846
1883,2725,279.88,20.98,328.73,169.32,0.6577,0.6577,5.4997,17.6267,0.0,0.4282
1883,2714,85.85,30.73,129.48,152.46,0.6899,0.6899,6.1959,10.3375,17.7454,0.4453
1883,2691,210.2,6.3,247.09,136.14,0.2629,0.2629,7.2718,7.0358,0.0,0.1746
1883,2764,214.76,7.12,248.58,107.56,0.6318,0.6318,10.6201,8.9987,9.7476,0.4156
1884,2725,279.92,20.95,328.7,169.16,0.6206,0.6206,5.5072,17.6232,0.0,0.404
1884,2714,82.47,30.4,125.84,148.89,0.7271,0.7271,6.4271,10.7778,160.6322,0.2381
1884,2691,211.56,6.8,247.7,133.45,0.791,0.791,7.4998,7.2425,166.5798,0.2616
1884,2759,327.63,31.6,357.81,159.9,0.3621,0.181,6.1705,22.2689,15.5322,0.114
1885,2725,280.23,21.41,328.4,168.17,0.498,0.498,5.5535,17.5987,0.0,0.3242
1885,2714,79.94,30.83,120.38,139.23,0.2386,0.2386,7.1195,11.3279,165.8085,0.078
1885,2691,213.08,7.09,248.74,132.26,0.7695,0.7695,7.6071,7.4552,162.4217,0.2543
1885,2759,322.87,31.33,353.94,160.65,0.4207,0.4207,6.1045,21.7487,0.0,0.2705
1886,2725,280.67,21.77,329.07,168.54,0.6807,0.6807,5.5385,17.679,0.0,0.4431
1886,2714,76.11,30.19,118.51,142.94,0.7178,0.7178,6.8534,11.7019,17.9219,0.462
1886,2691,213.98,7.2,249.3,131.09,0.7974,0.7974,7.714,7.5939,165.7288,0.2635
1886,2759,321.49,31.49,352.89,160.45,0.2407,0.2407,6.1086,21.5963,0.0,0.1548
1887,2725,279.1,21.62,327.34,168.96,0.7017,0.7017,5.5118,17.4787,0.0,0.457
1887,2714,71.03,30.0,117.46,155.0,0.7808,0.7808,6.0894,12.2185,16.2811,0.5042
1887,2691,213.85,7.23,250.46,136.07,0.8286,0.8286,7.2859,7.5269,13.2505,0.5427
1887,2759,321.31,30.46,350.73,148.39,0.3748,0.3748,6.8368,21.3519,165.8076,0.1164
1888,2725,278.02,21.47,325.69,169.39,0.4141,0.4141,5.4861,17.3153,0.0,0.2698
1888,2714,70.11,29.97,113.28,145.97,0.6426,0.6426,6.6624,12.4745,165.3671,0.2091
1888,2691,213.4,6.1,250.72,137.77,0.8101,0.8101,7.1492,7.4814,13.3791,0.5304
1888,2759,321.07,29.57,349.41,142.82,0.2114,0.2114,7.2302,21.2476,166.4468,0.0657
1889,2725,277.79,21.51,324.44,168.54,0.4688,0.4688,5.5225,17.198,0.0,0.3055
1889,2714,71.26,30.16,109.16,129.75,0.5889,0.5889,7.9731,12.8279,167.9573,0.1914
1889,2691,213.63,6.86,250.9,137.97,0.7808,0.7808,7.134,7.5068,0.0,0.5183
1889,2759,314.92,29.0,344.35,141.74,0.2006,0.2006,7.2766,20.5472,116.1949,0.0626
1890,2725,277.99,21.52,324.17,168.21,0.2751,0.2751,5.5379,17.185,0.0,0.1793
1890,2714,71.37,30.65,108.2,124.47,0.604,0.604,8.5102,13.0175,168.7005,0.1962
1890,2691,213.14,6.83,250.38,137.38,0.7793,0.7793,7.1794,7.4461,0.0,0.5173
1890,2759,315.86,29.06,344.74,139.98,0.2234,0.2234,7.4183,20.6355,166.692,0.0697
1891,2725,284.95,25.34,331.81,168.18,0.3276,0.3276,5.5708,18.118,108.521,0.1038
1891,2714,65.48,31.27,109.31,144.23,0.5757,0.5757,6.7993,13.0584,14.2469,0.3729
1891,2691,213.19,6.63,249.53,132.97,0.7456,0.7456,7.5457,7.4954,167.2113,0.2464
1892,2725,286.82,27.53,334.65,168.54,0.4893,0.4893,5.5643,18.4261,0.0,0.3178
1892,2714,63.04,31.96,108.61,150.51,0.7939,0.7939,6.3888,13.3026,15.5549,0.5125
1892,2691,211.85,6.32,249.02,134.02,0.7974,0.7974,7.4528,7.3376,0.0,0.5294
1892,2773,295.93,21.95,319.44,56.94,0.3157,0.3157,48.9451,21.1599,0.0,0.2034
1893,2725,286.24,28.52,335.04,169.06,0.4292,0.4292,5.5395,18.4266,0.0,0.2788
1893,2714,60.47,33.01,108.3,159.33,0.5796,0.5796,5.8836,13.6332,16.4859,0.373
1893,2691,210.71,6.35,248.72,135.25,0.8135,0.8135,7.3475,7.2058,14.7353,0.5313
1894,2725,284.4,28.11,334.15,168.22,0.5659,0.5659,5.5729,18.233,0.0,0.3678
1894,2714,63.41,34.0,102.64,134.7,0.2407,0.2407,7.5582,13.7123,167.3237,0.0779
1894,2691,210.67,5.99,248.94,134.33,0.2869,0.2869,7.4249,7.2419,0.0,0.1905
1894,2764,219.2,6.36,245.12,77.31,0.4727,0.4727,19.9852,11.9726,175.1373,0.1541
1895,2725,281.38,25.69,333.01,168.56,0.4302,0.4302,5.5477,17.9763,0.0,0.2798
1895,2714,59.95,35.04,104.16,148.8,0.3091,0.3091,6.5124,13.7993,14.7454,0.1997
1895,2691,209.17,6.05,248.26,135.52,0.6567,0.6567,7.3228,7.06,16.9967,0.4266
1896,2725,278.03,23.38,331.54,168.68,0.5488,0.5488,5.5316,17.6716,0.0,0.3572
1896,2714,57.28,36.17,107.12,165.33,0.5361,0.5361,5.5854,14.0746,16.9511,0.3443
1896,2691,208.03,5.93,247.84,136.01,0.835,0.835,7.2808,6.9397,0.0,0.5546
1897,2714,56.71,36.52,104.7,160.1,0.7178,0.7178,5.8561,14.1411,163.4761,0.232
1897,2691,205.33,5.98,245.87,135.92,0.8682,0.8682,7.2829,6.6162,0.0,0.5769
1898,2714,55.28,36.85,103.44,160.19,0.7163,0.7163,5.8563,14.3221,0.0,0.4701
1898,2691,203.85,5.91,245.03,135.38,0.8657,0.8657,7.3249,6.4686,0.0,0.5753
1898,2725,275.59,23.06,323.39,145.84,0.4072,0.4072,6.8075,16.6632,165.3845,0.13
1899,2714,52.41,37.03,100.8,159.05,0.4658,0.4658,5.9279,14.6652,0.0,0.3055
1899,2691,202.25,5.93,244.29,135.72,0.8403,0.8403,7.2944,6.2967,0.0,0.5585
1899,2725,273.54,18.9,321.87,138.56,0.5186,0.5186,7.3405,16.4425,166.3611,0.1658
1900,2691,200.76,6.18,243.45,135.44,0.8003,0.8003,7.3151,6.1423,0.0,0.532
1901,2691,200.36,6.27,243.56,136.07,0.8545,0.8545,7.2631,6.1049,0.0,0.5681
1901,2714,48.82,38.23,99.06,166.02,0.7051,0.7051,5.5822,15.1793,18.4671,0.4498
1902,2691,197.3,6.12,241.37,136.68,0.6592,0.6592,7.2087,5.7226,0.0,0.4384
1903,2691,195.35,5.97,240.07,137.38,0.7686,0.7686,7.1499,5.4776,0.0,0.5112
1903,2714,47.8,38.66,96.0,161.11,0.7319,0.7319,5.8369,15.3295,162.982,0.2353
1904,2691,196.75,6.75,240.65,136.34,0.6885,0.6885,7.235,5.6431,0.0,0.4579
1904,2714,45.02,38.71,93.18,163.25,0.687,0.687,5.7379,15.7441,27.9408,0.4227
1905,2691,194.76,6.63,239.18,136.91,0.7349,0.7349,7.186,5.3861,0.0,0.4889
1905,2714,44.22,38.75,91.1,161.37,0.5029,0.5029,5.8405,15.8924,161.0235,0.1612
1906,2691,193.18,6.72,237.84,136.71,0.8711,0.8711,7.1995,5.1879,0.0,0.5795
1906,2714,47.47,38.95,85.73,136.0,0.3442,0.3442,7.5281,15.8933,167.2695,0.1103
1906,2725,268.98,24.22,325.64,165.1,0.6909,0.6909,5.6718,16.6222,16.7123,0.4412
1907,2691,192.31,6.15,237.48,137.04,0.8403,0.8403,7.1721,5.0928,0.0,0.5591
1907,2714,39.92,39.38,92.07,175.32,0.4863,0.4863,5.1938,16.4951,18.1877,0.3094
1907,2725,267.88,23.91,325.37,167.38,0.7124,0.7124,5.5586,16.5896,17.3542,0.4542
1907,2763,300.69,22.44,328.72,77.56,0.3252,0.3252,20.7483,20.616,0.0,0.2099
1908,2691,191.59,6.81,236.5,136.47,0.6875,0.6875,7.2164,4.991,0.0,0.4575
1908,2714,38.92,40.21,90.93,177.94,0.4941,0.4941,5.09,16.7253,20.3584,0.3121
1908,2725,275.67,22.54,330.12,163.4,0.5332,0.5332,5.7809,17.308,154.7122,0.1697
1908,2763,299.63,21.9,327.09,76.39,0.2407,0.2407,21.4386,20.5305,172.8576,0.0751
1909,2691,190.73,6.55,234.36,132.94,0.8086,0.8086,7.5096,4.9206,166.0692,0.2685
1909,2714,39.33,40.95,87.7,169.64,0.4805,0.4805,5.4526,16.6328,162.6197,0.1535
1909,2725,272.54,21.99,327.27,162.96,0.2018,0.2018,5.7903,16.9119,0.0,0.1316
1910,2691,189.84,6.22,234.38,136.17,0.8525,0.8525,7.2376,4.7322,13.3001,0.5597
1910,2714,37.87,41.66,88.3,177.27,0.3701,0.3701,5.1242,16.9331,18.4948,0.235
1910,2725,270.97,20.99,327.2,166.78,0.2935,0.2935,5.5975,16.8921,17.0258,0.1872
1911,2691,189.05,5.64,233.79,137.82,0.6978,0.6978,7.1051,4.5855,14.4213,0.4571
1911,2714,41.73,43.04,80.39,142.49,0.7139,0.7139,7.0446,16.5901,166.4308,0.2281
1911,2725,262.81,21.69,316.96,165.39,0.3933,0.3933,5.6275,15.6629,103.4713,0.1262
1911,2763,298.54,21.78,325.67,75.1,0.3286,0.3286,22.2595,20.4643,173.7034,0.1026
1912,2691,188.42,4.86,232.85,137.94,0.7041,0.352,7.0945,4.4724,0.0,0.2343
1912,2714,37.43,44.47,81.81,159.32,0.5698,0.5698,5.9843,16.9061,16.0447,0.3643
1912,2725,256.48,21.82,310.91,167.35,0.6235,0.6235,5.5099,14.9076,38.7686,0.3629
1912,2763,298.25,21.78,325.59,75.23,0.2407,0.2407,22.1689,20.436,0.0,0.1554
1913,2691,187.88,4.85,231.74,138.3,0.7559,0.378,7.0653,4.347,0.0,0.2516
1913,2714,39.2,45.77,76.63,138.21,0.3914,0.3914,7.3921,17.0205,167.0485,0.1248
1913,2725,251.81,21.88,306.19,166.31,0.3091,0.3091,5.5424,14.2613,0.0,0.2029
1914,2691,187.82,5.03,230.69,137.64,0.8076,0.8076,7.1161,4.2883,0.0,0.5376
1914,2714,34.03,46.9,78.53,156.48,0.4961,0.4961,6.158,17.299,15.627,0.3171
1914,2725,254.08,21.37,308.18,167.71,0.3811,0.3811,5.4837,14.5829,0.0,0.25
1915,2691,187.45,5.15,229.39,137.15,0.8496,0.8496,7.1537,4.1877,0.0,0.5656
1915,2714,30.37,48.0,80.56,172.05,0.5381,0.5381,5.3769,17.7306,17.6804,0.3417
1915,2725,252.6,21.0,306.24,168.57,0.4883,0.4883,5.4377,14.3864,0.0,0.3204
1916,2691,186.5,5.06,229.04,142.07,0.8359,0.8359,6.7813,3.9883,14.1606,0.5481
1916,2714,28.54,48.69,80.34,176.49,0.4302,0.4302,5.1905,17.9959,18.9075,0.272
1916,2725,246.65,20.31,300.33,168.59,0.4951,0.4951,5.4167,13.6107,0.0,0.3254
1916,2759,283.44,22.44,323.05,167.41,0.5957,0.5957,5.5849,17.4429,0.0,0.388
1916,2763,290.46,22.31,330.71,105.51,0.4148,0.4148,11.4581,18.8283,8.4446,0.2676
1917,2691,186.78,5.17,227.58,138.96,0.8003,0.8003,7.011,3.9606,166.0916,0.2661
1917,2714,26.06,48.63,79.78,180.5,0.5776,0.5776,5.0348,18.3227,20.3842,0.3632
1917,2725,244.93,20.06,297.25,164.6,0.4177,0.4177,5.5981,13.1653,159.9039,0.1356
1917,2759,282.68,22.3,323.33,166.94,0.6768,0.6768,5.6064,17.4007,0.0,0.4409
1918,2691,186.09,5.05,227.14,142.74,0.8433,0.8433,6.7321,3.818,14.2897,0.5529
1918,2714,27.5,48.3,70.45,149.75,0.5889,0.5889,6.6042,18.1846,165.5531,0.1865
1918,2725,244.57,20.45,292.96,153.23,0.2037,0.2037,6.2031,12.5998,164.1942,0.0663
1918,2759,281.89,21.98,323.66,168.04,0.6489,0.6489,5.553,17.3982,0.0,0.4227
1919,2691,185.76,5.33,225.99,143.31,0.8296,0.8296,6.691,3.7093,0.0,0.5525
1919,2725,244.14,20.95,289.95,145.46,0.4036,0.4036,6.6925,12.3006,165.2438,0.1314
1919,2759,281.03,21.96,323.69,168.7,0.7627,0.7627,5.5203,17.3618,0.0,0.4969
1920,2691,183.25,5.88,223.19,143.87,0.8286,0.8286,6.6491,3.3285,0.0,0.5519
1920,2725,244.11,20.32,287.0,134.76,0.5688,0.5688,7.504,12.1629,167.0124,0.1853
1920,2759,280.13,21.96,323.51,169.37,0.7598,0.7598,5.4869,17.3102,0.0,0.4951
1920,2714,17.62,47.45,76.46,188.51,0.7065,0.7065,4.7607,19.3503,19.808,0.4663
1921,2691,181.91,6.35,221.09,142.77,0.7847,0.7847,6.7244,3.0874,0.0,0.5228
1921,2725,243.42,20.62,285.28,130.15,0.5947,0.5947,7.9117,12.0843,167.3141,0.1938
1921,2759,280.21,22.06,323.54,168.22,0.7407,0.7407,5.5407,17.2873,0.0,0.4826
1921,2714,9.77,47.51,73.53,198.68,0.2974,0.2974,4.4465,20.4353,24.3415,0.2052
1922,2691,179.51,7.1,218.72,143.63,0.8101,0.8101,6.6619,2.7415,0.0,0.5398
1922,2725,239.58,22.1,285.7,141.74,0.3767,0.3767,6.9404,11.6984,13.819,0.2449
1922,2759,280.47,22.2,323.75,167.46,0.7808,0.7808,5.5777,17.2984,0.0,0.5088
1922,2714,9.28,47.53,75.43,204.1,0.6143,0.6143,4.2819,20.6153,21.6666,0.4408
1923,2691,177.25,7.57,216.3,142.73,0.8013,0.8013,6.7232,2.4128,0.0,0.534
1923,2725,235.63,20.92,286.26,154.34,0.5601,0.5601,6.1116,11.5513,15.5916,0.3627
1923,2759,280.73,22.54,324.1,167.79,0.7769,0.7769,5.5633,17.3457,0.0,0.5062
1923,2714,7.81,47.94,70.57,194.36,0.3794,0.3794,4.5937,20.5337,159.2839,0.139
1924,2691,175.81,7.65,215.14,143.58,0.7847,0.7847,6.6626,2.2204,0.0,0.5229
1924,2725,233.23,19.21,283.85,154.86,0.647,0.647,6.074,11.232,0.0,0.4272
1924,2759,280.4,23.04,323.96,168.26,0.7793,0.7793,5.5402,17.3274,0.0,0.5077
1924,2714,4.33,48.21,71.4,204.21,0.5283,0.2641,4.2958,21.1375,22.0635,0.1885
1925,2691,174.66,7.67,214.29,144.35,0.7007,0.7007,6.6088,2.0769,0.0,0.467
1925,2725,231.69,21.9,280.34,152.65,0.3831,0.3831,6.1955,10.8475,156.3523,0.1254
1925,2759,280.16,23.42,324.06,169.06,0.7251,0.7251,5.5025,17.3392,0.0,0.4724
1925,2714,2.78,48.58,75.53,217.61,0.5488,0.2744,3.9331,21.7045,23.3752,0.208
1926,2691,174.48,7.74,214.17,144.72,0.7544,0.7544,6.5834,2.0574,0.0,0.5028
1926,2725,221.96,22.03,278.59,176.69,0.6001,0.6001,5.0028,10.9859,19.0722,0.3854
1926,2759,279.81,23.28,323.94,169.25,0.7612,0.7612,5.4927,17.3141,0.0,0.496
1926,2714,6.49,49.25,70.06,192.54,0.5303,0.5303,4.6577,20.5667,159.9204,0.1897
1927,2691,172.74,8.34,213.11,145.59,0.7422,0.7422,6.5238,1.8681,0.0,0.4947
1927,2725,219.58,22.86,276.45,180.48,0.3191,0.3191,4.8494,10.9409,21.6167,0.2097
1927,2759,279.79,23.69,323.9,169.67,0.7305,0.7305,5.4732,17.3215,0.0,0.476
1927,2714,4.91,50.08,79.06,217.34,0.5176,0.2588,3.9298,21.378,23.422,0.1964
1928,2691,172.1,8.1,212.97,147.11,0.6836,0.6836,6.4234,1.8527,15.2519,0.4476
1928,2725,217.18,23.04,273.64,179.84,0.5332,0.5332,4.8681,10.5814,0.0,0.3618
1928,2759,279.45,23.94,323.52,169.62,0.7583,0.7583,5.474,17.2741,0.0,0.4941
1928,2714,4.77,50.35,69.78,195.81,0.2344,0.1172,4.5544,20.8217,159.4096,0.0435
1929,2691,172.64,8.53,213.13,146.56,0.7217,0.7217,6.4595,1.8845,0.0,0.481
1929,2725,216.61,18.55,273.62,178.54,0.7471,0.7471,4.9178,10.4598,0.0,0.5021
1929,2759,279.64,24.31,323.45,169.21,0.7769,0.7769,5.4932,17.2708,0.0,0.5063
1929,2714,0.0,51.21,72.5,218.77,0.4312,0.2156,3.9151,22.089,23.6621,0.1636
1930,2691,172.4,8.51,212.44,146.32,0.7695,0.7695,6.475,1.8126,0.0,0.5129
1930,2725,215.64,17.46,272.13,177.97,0.6582,0.6582,4.9374,10.2718,0.0,0.4408
1930,2759,279.56,24.26,323.33,169.04,0.8169,0.8169,5.5006,17.2534,0.0,0.5323
1930,2714,0.0,52.48,74.36,225.11,0.4668,0.2334,3.7626,22.361,24.3376,0.1813
1931,2691,172.24,8.42,211.95,146.22,0.7559,0.7559,6.4815,1.7641,0.0,0.5038
1931,2725,210.96,17.14,270.56,188.59,0.395,0.395,4.5436,10.6896,21.0831,0.2763
1931,2759,279.11,24.34,322.9,169.33,0.8193,0.8193,5.4854,17.2048,0.0,0.534
1931,2714,0.67,53.8,68.15,207.15,0.4368,0.2184,4.2255,21.6766,158.0568,0.0902
1932,2691,169.37,5.97,209.8,146.16,0.7886,0.7886,6.4843,1.4097,0.0,0.5257
1932,2725,211.42,16.75,268.5,182.42,0.4351,0.4351,4.7599,10.1131,160.0886,0.1567
1932,2759,278.94,24.27,322.66,169.34,0.8135,0.8135,5.484,17.1787,0.0,0.5302
1932,2714,6.49,54.4,69.96,201.71,0.6021,0.6021,4.3678,20.9761,153.1721,0.2382
1933,2691,167.86,4.68,208.75,146.23,0.79,0.395,6.4791,1.2338,0.0,0.2633
1933,2725,208.93,16.43,264.9,178.51,0.6309,0.6309,4.9022,9.4647,155.6056,0.2157
1933,2759,278.9,24.24,322.66,169.6,0.8125,0.8125,5.472,17.1832,0.0,0.5296
1933,2714,8.17,54.88,71.15,204.04,0.5767,0.5767,4.2938,20.9227,0.0,0.4261
1934,2691,167.4,3.89,208.3,145.96,0.7612,0.3806,6.4969,1.1609,0.0,0.2537
1934,2725,210.24,18.09,264.58,176.77,0.6343,0.6343,4.9718,9.401,0.0,0.4224
1934,2759,278.98,24.13,322.6,169.14,0.7754,0.7754,5.4933,17.1721,0.0,0.5054
1934,2714,6.36,55.04,76.67,225.97,0.541,0.541,3.7283,21.9525,24.5123,0.4231
1935,2691,167.23,3.99,208.02,145.3,0.5981,0.299,6.5409,1.1099,0.0,0.1993
1935,2725,215.6,19.05,256.41,130.23,0.4131,0.4131,7.8049,8.2195,167.6868,0.1363
1935,2759,279.08,24.11,322.52,168.49,0.667,0.667,5.5236,17.1563,0.0,0.4348
1935,2714,7.51,55.19,77.92,230.17,0.4717,0.4717,3.6323,22.0957,0.0,0.3889
1936,2691,166.28,4.14,207.02,145.87,0.6489,0.3245,6.5025,0.9912,0.0,0.2163
1936,2725,211.9,17.18,261.53,153.75,0.6958,0.6958,6.0792,8.2018,15.6558,0.4529
1936,2759,279.16,22.87,323.12,169.07,0.6978,0.6978,5.498,17.2151,0.0,0.4548
1937,2691,163.86,4.48,203.4,145.16,0.5498,0.2749,6.5494,0.5469,0.0,0.1833
1937,2725,208.93,16.34,260.87,159.79,0.5264,0.5264,5.7426,8.1426,17.0053,0.3415
1937,2759,279.53,23.7,323.11,168.64,0.6992,0.6992,5.5187,17.2269,0.0,0.4557
1937,2714,11.04,56.25,79.12,228.03,0.561,0.561,3.6709,21.7078,0.0,0.4602
1938,2691,164.07,6.39,202.83,145.16,0.3191,0.3191,6.5493,0.5223,0.0,0.2127
1938,2725,209.21,15.8,260.92,159.54,0.7056,0.7056,5.756,8.1552,0.0,0.468
1938,2759,280.24,24.09,323.3,167.72,0.7642,0.7642,5.5639,17.2612,0.0,0.498
1938,2714,11.85,56.01,80.34,231.45,0.605,0.605,3.5942,21.8296,0.0,0.5023
1939,2691,160.86,7.02,198.9,145.34,0.5225,0.5225,6.537,0.1931,0.0,0.3483
1939,2725,206.79,15.63,261.79,169.77,0.7778,0.7778,5.2607,8.5598,17.9217,0.5031
1939,2759,279.52,24.73,322.78,168.77,0.7769,0.7769,5.5119,17.2085,0.0,0.5063
1939,2714,16.76,55.94,79.64,219.35,0.7231,0.7231,3.8596,20.8193,155.5369,0.3352
1940,2691,158.73,7.9,195.84,144.29,0.3354,0.3354,6.6084,0.3918,0.0,0.2236
1940,2725,214.14,16.03,256.06,128.92,0.7812,0.7812,7.9259,8.1427,167.8929,0.2578
1940,2759,278.92,24.78,322.37,168.98,0.7129,0.7129,5.5001,17.1492,0.0,0.4647
1940,2714,20.23,55.59,81.56,216.07,0.3979,0.3979,3.9309,20.3212,0.0,0.3137
1941,2691,157.3,8.14,194.29,145.39,0.6982,0.6982,6.534,0.6355,0.0,0.4655
1941,2725,210.81,15.93,259.31,147.93,0.4111,0.4111,6.4316,7.8716,14.8135,0.2682
1941,2759,278.61,25.26,322.21,169.42,0.7075,0.7075,5.4787,17.1309,0.0,0.4612
1941,2714,21.69,55.23,81.63,212.72,0.7598,0.7598,4.0133,20.0332,0.0,0.5912
1942,2691,156.55,8.31,193.29,145.33,0.7075,0.7075,6.5382,0.7535,0.0,0.4716
1942,2725,214.56,16.13,255.37,124.35,0.5488,0.5488,8.387,8.3177,168.5334,0.181
1942,2759,277.38,25.36,321.14,168.47,0.6836,0.6836,5.5181,16.9578,0.0,0.4458
1942,2714,18.77,55.6,86.23,236.69,0.4377,0.4377,3.4671,21.5446,26.1481,0.3561
1943,2691,154.08,9.02,191.12,145.59,0.7754,0.7754,6.5214,1.086,0.0,0.5169
1943,2725,216.65,16.05,253.06,109.71,0.5947,0.5947,10.2822,9.2035,170.6039,0.1957
1943,2759,276.26,25.75,320.57,168.67,0.7202,0.7202,5.5053,16.8544,0.0,0.4698
1943,2714,22.59,56.02,83.97,221.02,0.4814,0.4814,3.8034,20.3757,155.7334,0.2272
1944,2691,150.63,9.56,188.45,147.17,0.7256,0.7256,6.4184,1.5681,30.327,0.4505
1944,2725,212.14,15.99,256.76,131.6,0.4697,0.4697,7.6753,7.9623,12.4904,0.3079
1944,2759,274.62,25.73,319.73,168.55,0.7441,0.7441,5.5058,16.6915,0.0,0.4856
1944,2714,29.31,56.55,77.46,181.05,0.4504,0.4504,5.0114,18.2847,161.2032,0.1426
1945,2691,148.31,10.12,187.06,147.86,0.7104,0.7104,6.3748,1.8514,0.0,0.4735
1945,2725,211.75,15.8,257.36,134.56,0.4121,0.4121,7.4174,7.8949,12.939,0.2699
1945,2759,271.81,25.5,318.19,168.69,0.7217,0.7217,5.4905,16.4148,0.0,0.4713
1945,2714,23.77,57.28,87.19,226.0,0.6626,0.6626,3.6828,20.4771,24.7929,0.5238
1946,2691,145.08,10.33,184.05,146.34,0.7695,0.7695,6.4755,2.2392,149.5901,0.2563
1946,2725,211.79,15.71,257.69,135.82,0.5688,0.5688,7.3129,7.8924,13.292,0.3723
1946,2759,270.38,25.62,318.02,168.75,0.8062,0.8062,5.4845,16.3132,0.0,0.5266
1946,2714,24.05,58.47,88.96,235.56,0.5688,0.5688,3.4779,21.0591,26.0547,0.4627
1947,2691,139.71,11.04,180.47,148.93,0.6289,0.6289,6.3121,2.9409,28.8033,0.3931
1947,2725,215.3,15.82,254.37,115.0,0.7056,0.7056,9.51,8.8312,169.8605,0.2324
1947,2759,269.24,25.73,317.95,168.58,0.7612,0.7612,5.49,16.2302,0.0,0.4974
1947,2714,26.61,58.82,97.42,254.97,0.4368,0.4368,3.1096,22.0814,29.0999,0.3722
1948,2691,138.59,11.49,180.79,151.0,0.8296,0.8296,6.1848,3.0799,15.6782,0.5424
1948,2725,216.35,16.14,253.1,106.94,0.5352,0.5352,10.7359,9.3994,170.992,0.176
1948,2759,266.93,26.23,316.98,168.7,0.7861,0.7861,5.478,16.0214,0.0,0.5139
1949,2691,136.78,11.76,179.91,152.23,0.7642,0.7642,6.1123,3.3207,0.0,0.509
1949,2725,214.88,16.34,252.14,105.9,0.3408,0.3408,10.912,9.3429,166.1494,0.1121
1949,2759,264.39,26.61,316.1,169.12,0.8564,0.8564,5.452,15.8122,0.0,0.5601
1949,2714,33.26,63.16,105.36,265.04,0.5459,0.5459,2.9333,22.3335,33.8291,0.4699
1950,2691,135.59,12.65,179.25,153.51,0.7988,0.7988,6.0383,3.5116,0.0,0.532
1950,2725,212.04,16.09,255.74,121.33,0.7271,0.7271,8.7178,8.3307,11.0527,0.4777
1950,2759,263.48,26.46,316.8,169.64,0.8535,0.8535,5.4278,15.8141,0.0,0.5582
1950,2714,36.34,64.79,102.11,254.42,0.3674,0.3674,3.1006,21.3926,151.2095,0.2071
1951,2691,135.77,12.43,180.18,153.6,0.7949,0.7949,6.0326,3.4437,0.0,0.5295
1951,2725,212.49,15.41,254.1,113.47,0.4785,0.4785,9.7165,8.7456,170.0185,0.1576
1951,2759,261.96,26.49,317.2,171.32,0.7739,0.7739,5.35,15.7941,0.0,0.5062
1951,2714,40.18,64.61,108.31,263.68,0.2861,0.2861,2.9425,21.8022,32.2038,0.2477
1951,2805,189.13,36.35,207.54,80.66,0.4456,0.4456,18.1017,9.3781,0.0,0.2951
1952,2691,136.24,12.42,181.0,153.15,0.8486,0.8486,6.0581,3.3335,0.0,0.5653
1952,2725,215.47,14.97,253.36,101.84,0.3914,0.3914,11.6801,9.7822,171.7033,0.1286
1952,2759,262.33,26.31,319.04,173.06,0.8252,0.8252,5.2777,15.9934,0.0,0.5395
1952,2714,40.94,65.82,103.66,251.1,0.4834,0.4834,3.1489,20.8279,151.564,0.2699
1953,2691,135.81,11.38,180.55,151.19,0.7178,0.7178,6.1746,3.2933,164.2891,0.2389
1953,2725,207.2,15.17,261.33,142.14,0.646,0.646,6.8249,7.7444,13.9934,0.4223
1953,2759,263.56,26.06,321.2,174.73,0.8203,0.8203,5.2126,16.2675,0.0,0.5359
1953,2714,42.89,66.1,110.08,266.73,0.7378,0.7378,2.892,21.9067,30.889,0.6466
1954,2691,134.47,11.63,180.13,152.29,0.7583,0.7583,6.1098,3.4638,0.0,0.5051
1954,2759,263.48,25.87,321.96,176.45,0.8076,0.8076,5.142,16.3722,0.0,0.5275
1954,2714,45.01,66.22,113.7,273.1,0.4495,0.4495,2.7949,22.2935,0.0,0.4206
1954,2805,188.9,36.42,207.14,80.45,0.2791,0.2791,18.2013,9.3942,170.2755,0.0918
1955,2691,130.68,10.88,177.09,153.71,0.7671,0.7671,6.0302,3.9918,0.0,0.5108
1955,2759,263.69,25.51,322.67,177.54,0.7847,0.7847,5.0991,16.4709,0.0,0.5124
1955,2805,189.91,36.43,208.36,80.95,0.2815,0.2815,17.9668,9.371,13.3037,0.1839
1955,2725,205.96,15.62,264.66,157.12,0.7188,0.7188,5.8862,8.1031,16.1931,0.4673
1956,2691,129.03,11.15,174.57,150.82,0.6426,0.6426,6.2037,4.1562,161.5699,0.2136
1956,2759,265.05,25.29,323.62,177.11,0.7163,0.7163,5.1209,16.6011,0.0,0.4676
1956,2805,190.41,36.23,208.76,80.61,0.2698,0.2698,18.1281,9.4349,171.1796,0.0887
1956,2725,207.16,15.76,264.97,157.91,0.7393,0.7393,5.8449,8.2324,0.0,0.4903
1957,2691,128.06,10.9,173.84,150.81,0.5591,0.5591,6.2053,4.2739,0.0,0.3722
1957,2759,264.08,25.02,323.72,180.42,0.5708,0.5708,4.9873,16.6733,18.8478,0.3633
1957,2725,208.65,15.95,264.07,154.06,0.3477,0.3477,6.0604,8.1602,164.3191,0.1147
1958,2691,124.53,9.94,170.94,153.03,0.6768,0.6768,6.077,4.7969,26.9113,0.426
1958,2759,265.53,25.37,325.16,183.3,0.7725,0.7725,4.8827,16.9725,21.9665,0.4972
1958,2725,210.44,15.67,263.98,150.81,0.7065,0.7065,6.2556,8.2112,164.4501,0.2331
1958,2714,62.09,66.06,123.89,247.07,0.457,0.457,3.1729,18.667,147.7303,0.2557
1959,2691,122.09,10.41,168.48,155.33,0.7754,0.7754,5.9486,5.2259,23.1549,0.495
1959,2759,266.49,26.43,325.03,184.29,0.5947,0.5947,4.8474,17.0663,0.0,0.3998
1959,2725,211.65,15.5,264.15,149.71,0.8442,0.8442,6.3253,8.2909,0.0,0.5599
1960,2691,119.59,10.34,164.9,154.18,0.6504,0.6504,6.0183,5.5937,0.0,0.4326
1960,2759,274.32,26.74,327.75,176.42,0.5488,0.5488,5.1752,17.4237,159.5901,0.1745
1960,2725,216.56,16.06,260.68,127.16,0.5293,0.5293,8.1082,8.6854,168.1585,0.1744
1961,2691,117.69,10.57,162.29,154.45,0.811,0.811,6.0064,5.9132,0.0,0.5392
1961,2759,275.73,27.52,328.15,179.25,0.3694,0.3694,5.0638,17.6365,19.8509,0.2332
1961,2725,215.32,16.26,264.26,141.47,0.6084,0.6084,6.8878,8.5244,13.9586,0.3974
1962,2691,115.46,10.56,160.36,158.71,0.7393,0.7393,5.7754,6.372,18.3602,0.4788
1962,2759,270.5,28.35,324.74,187.13,0.5244,0.5244,4.7513,17.4207,21.2717,0.3471
1962,2725,218.91,15.92,261.41,123.24,0.6807,0.6807,8.5232,9.0567,168.7183,0.2241
1962,2805,192.38,36.41,208.21,73.9,0.2629,0.2629,21.9862,10.3585,175.559,0.0862
1963,2691,113.65,10.65,157.96,159.93,0.6206,0.6206,5.7149,6.7108,0.0,0.4123
1963,2759,268.45,28.57,323.16,190.07,0.582,0.582,4.6426,17.3362,22.1863,0.3926
1963,2725,215.83,15.48,265.31,142.96,0.606,0.606,6.7823,8.6276,14.0951,0.3956
1963,2805,191.7,36.26,207.65,73.98,0.3074,0.3074,21.9292,10.3242,0.0,0.2033
1964,2691,112.73,10.77,156.13,159.54,0.5371,0.5371,5.7376,6.8761,0.0,0.3568
1964,2759,267.91,28.74,322.63,192.26,0.7056,0.7056,4.5672,17.3797,0.0,0.5004
1964,2725,215.73,15.17,266.59,148.73,0.5991,0.5991,6.3953,8.7347,15.026,0.3903
1964,2805,192.16,36.27,208.02,73.2,0.2698,0.2698,22.4823,10.4441,175.1164,0.0884
1965,2691,111.66,10.45,154.82,160.29,0.4922,0.4922,5.7007,7.0697,0.0,0.3269
1965,2759,268.26,27.87,322.98,193.05,0.7231,0.7231,4.5424,17.4619,0.0,0.5151
1965,2725,222.33,15.16,260.44,110.57,0.4805,0.4805,10.1728,9.93,170.5079,0.1578
1966,2691,112.8,11.34,148.1,129.91,0.6353,0.6353,7.8175,7.352,167.7103,0.21
1966,2759,267.9,27.99,322.24,192.84,0.5254,0.5254,4.5474,17.385,0.0,0.374
1966,2725,221.56,15.36,261.7,115.86,0.5796,0.5796,9.4183,9.6308,10.2674,0.3806
1967,2691,111.85,11.66,147.05,129.27,0.5215,0.5215,7.8803,7.5125,0.0,0.3462
1967,2759,267.51,27.39,321.01,189.66,0.4922,0.4922,4.6513,17.1285,158.9654,0.1797
1967,2725,222.29,15.3,261.89,114.25,0.4282,0.4282,9.6383,9.784,169.7132,0.1407
1968,2691,112.82,12.23,143.41,111.5,0.3381,0.3381,9.9978,8.718,170.3415,0.1114
1968,2759,267.21,27.61,321.08,190.99,0.3943,0.3943,4.6057,17.18,0.0,0.2777
1968,2725,223.45,15.49,261.62,110.02,0.4727,0.4727,10.2626,10.1072,170.5747,0.1551
1969,2691,110.67,13.0,142.77,116.09,0.626,0.626,9.3595,8.5671,10.8534,0.4113
1969,2759,266.55,27.7,320.56,191.83,0.5469,0.5469,4.5757,17.151,0.0,0.3874
1969,2725,226.44,15.59,259.5,94.64,0.7461,0.7461,13.3654,11.3318,172.7508,0.2439
1970,2759,266.95,28.28,320.83,192.68,0.6958,0.6958,4.5487,17.2348,0.0,0.4953
1970,2725,227.66,15.74,259.35,89.34,0.7661,0.7661,14.9001,11.8522,173.479,0.2499
1971,2759,266.68,28.87,320.54,193.06,0.8013,0.8013,4.5353,17.2208,0.0,0.5719
1971,2725,220.25,15.76,267.87,129.28,0.6084,0.6084,7.9186,9.3487,12.1337,0.3984
1971,2816,98.98,14.62,141.15,168.19,0.4534,0.4534,5.3433,9.1953,0.0,0.3003
1971,2691,109.03,14.15,141.26,115.06,0.6226,0.6226,9.5019,8.8298,162.6497,0.2051
1972,2759,266.82,29.18,320.3,193.07,0.7202,0.7202,4.5348,17.2153,0.0,0.5141
1972,2725,225.16,15.69,264.54,107.17,0.5273,0.5273,10.7372,10.5805,171.003,0.1728
1972,2816,96.76,15.91,139.35,170.64,0.6968,0.6968,5.238,9.5862,23.4682,0.4421
1973,2759,267.61,29.57,320.6,193.05,0.7129,0.7129,4.5373,17.2798,0.0,0.5085
1973,2725,228.61,15.9,263.1,94.44,0.3904,0.3904,13.4329,11.6639,172.7822,0.1274
1973,2816,96.73,16.24,139.17,170.2,0.4065,0.4065,5.2577,9.5756,0.0,0.2691
1974,2759,268.1,29.43,320.8,193.01,0.7139,0.7139,4.5398,17.3192,0.0,0.509
1974,2816,101.39,16.65,141.94,163.15,0.708,0.708,5.5792,8.7424,160.6517,0.2333
1974,2817,227.74,15.33,265.91,137.98,0.3364,0.3364,7.1734,9.5394,0.0,0.2227
1975,2759,268.44,29.46,320.83,192.97,0.7568,0.7568,4.5417,17.3394,0.0,0.5393
1975,2816,99.88,16.73,140.02,161.85,0.6602,0.6602,5.648,8.9174,0.0,0.4375
1975,2817,225.08,11.15,267.23,146.7,0.5264,0.5264,6.5407,9.4158,14.5774,0.3429
1976,2759,267.9,29.38,320.03,193.12,0.7988,0.7988,4.5345,17.2666,0.0,0.5701
1976,2816,100.25,16.74,140.4,160.69,0.7305,0.7305,5.7064,8.8219,0.0,0.4841
1976,2817,225.36,8.95,268.35,147.64,0.6621,0.6621,6.4809,9.5197,0.0,0.4384
1977,2759,268.03,30.17,319.39,193.16,0.7642,0.7642,4.5324,17.238,0.0,0.5457
1977,2816,99.91,16.53,140.5,160.36,0.6621,0.6621,5.7237,8.8258,0.0,0.4388
1977,2817,227.97,7.31,271.2,146.71,0.3459,0.3459,6.5499,9.8939,0.0,0.2289
1977,2725,233.4,8.81,266.02,82.51,0.3191,0.3191,17.5029,13.106,174.2437,0.1036
1978,2759,267.84,30.0,319.76,196.88,0.6167,0.6167,4.4141,17.4478,21.153,0.436
1978,2816,96.68,16.44,140.53,170.99,0.627,0.627,5.2215,9.5353,18.3359,0.4045
1978,2817,231.26,7.45,272.6,140.84,0.8027,0.8027,6.9702,10.2224,165.5462,0.2633
1979,2759,266.95,31.04,318.79,198.8,0.6069,0.6069,4.3521,17.4457,0.0,0.4477
1979,2816,95.82,16.59,139.88,169.84,0.6816,0.6816,5.2738,9.569,0.0,0.4512
1979,2817,230.77,7.5,271.07,138.32,0.3191,0.3191,7.1596,10.1039,165.4221,0.1047
1980,2759,268.28,31.89,319.07,198.13,0.3896,0.3896,4.3751,17.5025,0.0,0.2862
1980,2816,94.13,16.55,139.88,174.07,0.5342,0.5342,5.0935,9.917,18.9486,0.3438
1980,2817,231.58,7.36,271.42,137.1,0.2903,0.2903,7.2585,10.1992,0.0,0.192
1981,2759,265.74,32.86,318.15,204.33,0.2622,0.2622,4.1871,17.667,22.4623,0.1925
1982,2759,266.48,32.38,319.43,207.91,0.7251,0.7251,4.0911,18.0071,0.0,0.5594
1982,2816,91.44,16.51,135.44,164.51,0.543,0.543,5.5317,9.8953,162.1196,0.1783
1982,2817,234.71,7.67,273.5,136.28,0.5469,0.5469,7.334,10.5704,0.0,0.3615
1983,2759,267.01,32.28,319.68,208.96,0.6704,0.6704,4.064,18.1184,0.0,0.5195
1983,2817,235.26,7.79,273.68,137.43,0.4065,0.4065,7.2421,10.6055,0.0,0.2687
1983,2691,87.49,16.12,119.28,111.57,0.5098,0.5098,10.087,11.7706,138.8366,0.1664
1984,2759,267.0,32.41,320.01,212.34,0.7598,0.7598,3.9758,18.358,0.0,0.5974
1984,2817,236.08,7.96,274.23,139.01,0.6968,0.6968,7.12,10.6833,14.8489,0.4528
1984,2691,85.08,16.44,117.25,110.21,0.3767,0.3767,10.3064,12.1244,163.5694,0.1228
1985,2759,267.78,31.9,321.19,215.5,0.7056,0.7056,3.8989,18.6789,0.0,0.5616
1985,2817,237.04,8.01,274.46,138.53,0.4026,0.4026,7.1594,10.7702,0.0,0.266
1985,2691,82.19,16.28,119.28,124.2,0.3157,0.3157,8.4902,11.5648,11.3576,0.2063
1985,2725,240.98,7.71,272.49,79.89,0.2861,0.2861,18.7875,14.0601,166.2739,0.0925
1985,2816,79.93,16.36,126.12,173.35,0.4026,0.4026,5.1575,11.6584,28.4507,0.2494
1986,2759,268.39,32.43,321.7,217.02,0.708,0.708,3.8631,18.8441,0.0,0.5667
1986,2817,237.74,7.74,274.52,137.14,0.2776,0.2776,7.2712,10.8382,166.5422,0.0909
1986,2725,242.17,7.77,273.43,80.2,0.214,0.214,18.6423,14.1442,19.2073,0.1365
1986,2816,77.58,16.08,123.72,175.01,0.7129,0.7129,5.0943,12.0452,0.0,0.47
1987,2759,267.38,32.63,320.93,218.09,0.791,0.791,3.8346,18.8221,0.0,0.6361
1987,2817,239.08,7.6,275.28,136.86,0.3523,0.3523,7.2975,10.9864,0.0,0.2327
1987,2725,243.82,7.69,274.36,80.19,0.2837,0.2837,18.6585,14.28,0.0,0.1862
1987,2816,75.86,16.26,121.76,176.42,0.5439,0.5439,5.0415,12.3508,0.0,0.3584
1988,2759,268.19,32.51,321.64,218.8,0.5737,0.5737,3.8198,18.9537,0.0,0.4624
1988,2725,244.82,8.52,274.45,80.21,0.2108,0.2108,18.6534,14.3356,0.0,0.1383
1988,2816,78.36,16.27,116.31,145.03,0.2173,0.2173,6.7062,11.6985,165.7751,0.0709
1989,2759,268.61,33.75,321.89,220.85,0.4377,0.4377,3.7723,19.1342,0.0,0.3554
1989,2816,77.06,16.64,116.43,149.48,0.3638,0.3638,6.414,11.8035,15.0817,0.2358
1990,2759,269.78,35.69,320.15,212.45,0.4282,0.4282,3.9774,18.527,156.7362,0.1937
1990,2816,72.33,16.87,116.67,167.99,0.7139,0.7139,5.419,12.5394,17.6647,0.459
1991,2759,269.1,37.18,320.96,220.14,0.8237,0.8237,3.7883,19.0603,24.2433,0.6429
1991,2816,68.83,17.22,115.39,175.71,0.6875,0.6875,5.0896,13.1714,19.5888,0.439
1992,2759,269.05,37.25,321.43,222.98,0.647,0.647,3.7231,19.2858,0.0,0.5294
1992,2816,68.27,17.55,115.29,177.53,0.5957,0.5957,5.0167,13.2995,0.0,0.3918
1993,2759,269.12,37.34,321.51,223.74,0.5244,0.5244,3.706,19.3487,0.0,0.4302
1993,2816,65.38,17.86,113.67,180.54,0.6895,0.6895,4.9054,13.7333,24.3423,0.4414
1993,2817,251.11,9.38,283.59,128.44,0.3459,0.3459,8.0889,12.5289,162.9007,0.1126
1994,2759,268.71,37.18,321.23,224.34,0.561,0.561,3.6915,19.3563,0.0,0.4613
1994,2816,63.28,18.34,112.66,183.83,0.582,0.582,4.7866,14.099,21.9965,0.3846
1994,2817,244.18,9.92,277.14,120.01,0.2274,0.2274,8.973,11.902,166.0012,0.0742
1995,2759,268.96,37.46,321.46,224.33,0.542,0.542,3.6924,19.3807,0.0,0.4456
1995,2816,61.25,18.8,110.91,182.38,0.8062,0.8062,4.8459,14.2581,0.0,0.5458
1996,2759,271.2,37.47,320.5,210.47,0.5117,0.5117,4.0316,18.4967,157.1269,0.2278
1996,2816,56.8,19.62,108.27,185.04,0.7051,0.7051,4.7589,14.8354,0.0,0.4849
1997,2759,269.86,37.44,321.86,219.65,0.3008,0.3008,3.8023,19.1147,24.1525,0.2343
1997,2816,54.44,20.11,108.24,189.75,0.7656,0.7656,4.5978,15.2367,21.2071,0.5252
1998,2816,58.23,20.74,109.84,182.55,0.8027,0.8027,4.8458,14.5219,159.0277,0.2755
1999,2816,57.57,21.63,110.91,188.01,0.6738,0.6738,4.6487,14.7866,20.0929,0.4597
1999,2759,267.13,37.49,321.22,223.76,0.3057,0.3057,3.7023,19.2305,25.6647,0.241
2000,2816,55.36,21.59,108.72,182.82,0.604,0.604,4.8419,14.7843,159.6643,0.2074
2001,2816,54.37,22.02,109.34,185.85,0.6724,0.6724,4.7319,14.9617,19.8995,0.4513
2002,2816,53.31,21.89,109.31,186.38,0.6646,0.6646,4.7147,15.0567,0.0,0.4607
2002,2840,191.5,35.92,206.63,81.11,0.3657,0.3657,17.8921,9.3468,0.0,0.2422
2002,2759,268.31,36.49,323.9,224.65,0.2991,0.2991,3.6878,19.4978,0.0,0.246
2003,2816,51.81,21.83,108.92,186.64,0.8413,0.8413,4.7084,15.1866,0.0,0.5838
2003,2840,191.32,36.26,206.25,80.81,0.2983,0.2983,18.0318,9.3757,172.5555,0.0981
2004,2816,46.65,21.7,102.35,183.17,0.6626,0.6626,4.8532,15.7412,149.3508,0.2256
2005,2816,44.26,21.55,98.86,179.0,0.2998,0.2998,5.0235,15.9287,158.6619,0.0961
2005,2691,47.41,21.57,84.67,121.15,0.4016,0.4016,9.0149,16.2308,0.0,0.2624
2006,2816,40.81,21.79,91.5,168.3,0.5498,0.5498,5.5041,16.2548,161.6149,0.1759
2006,2691,45.03,22.02,83.53,118.33,0.6152,0.6152,9.3729,16.5352,168.4709,0.1966
2007,2816,38.61,21.94,89.22,168.03,0.4668,0.4668,5.5257,16.5369,0.0,0.3048
2007,2840,191.86,36.42,206.87,80.99,0.2917,0.2917,17.9486,9.3751,0.0,0.1932
2008,2816,38.25,21.62,94.57,182.51,0.5537,0.5537,4.906,16.7207,19.1875,0.358
2008,2840,191.82,36.06,207.02,80.76,0.2605,0.2605,18.0567,9.4081,174.4826,0.0857
2009,2816,34.56,21.86,93.38,189.87,0.5469,0.5469,4.6502,17.3539,21.5413,0.3691
2009,2840,191.75,36.05,207.11,80.79,0.2379,0.2379,18.0426,9.4045,0.0,0.1575
2010,2816,31.9,21.86,91.31,192.59,0.7441,0.7441,4.5672,17.7727,0.0,0.5272
2010,2840,191.28,35.15,207.21,81.41,0.2429,0.2429,17.7544,9.3141,5.6923,0.1605
2011,2816,30.72,21.95,90.19,193.41,0.7529,0.7529,4.5443,17.9515,0.0,0.5355
2011,2759,247.53,39.95,320.5,283.33,0.4688,0.2344,2.6657,23.5326,32.7459,0.2103
2012,2816,28.91,22.07,89.37,197.7,0.7832,0.7832,4.4125,18.3272,22.4361,0.5505
2012,2855,280.6,10.35,309.21,64.74,0.3914,0.3914,32.0308,19.2707,0.0,0.2536
2012,2759,245.68,57.73,315.78,277.67,0.7002,0.7002,2.7329,22.744,0.0,0.6603
2013,2816,26.76,22.2,85.6,195.27,0.8296,0.8296,4.4993,18.5548,0.0,0.5941
2013,2855,280.38,10.39,312.54,71.77,0.4216,0.4216,24.4948,18.9441,4.1303,0.2731
2014,2816,24.48,22.44,85.41,204.58,0.8433,0.8433,4.2229,19.1896,22.3643,0.6128
2014,2855,280.49,10.45,314.83,76.3,0.2893,0.2893,21.2595,18.7778,4.8146,0.1874
2014,2759,248.19,69.35,317.96,275.77,0.7075,0.7075,2.7633,22.7344,0.0,0.6643
2015,2816,23.55,22.7,84.84,208.57,0.7241,0.7241,4.1147,19.5029,23.1583,0.5349
2015,2759,241.58,53.18,321.27,275.89,0.4475,0.4475,2.7582,22.6224,0.0,0.4206
2016,2816,22.99,22.62,84.73,212.59,0.8203,0.8203,4.0093,19.7797,23.2504,0.6169
2016,2759,232.95,38.2,321.7,273.62,0.3684,0.3684,2.781,22.0961,0.0,0.3456
2017,2816,22.32,23.13,84.47,216.79,0.5859,0.5859,3.9048,20.0912,23.9068,0.4475
2017,2759,236.07,57.33,323.92,278.56,0.3381,0.3381,2.7195,22.7772,0.0,0.3194
2017,2855,285.39,10.96,317.37,73.19,0.6094,0.6094,23.4521,19.3902,173.9536,0.1916
2018,2816,23.5,23.59,83.45,211.79,0.6875,0.6875,4.0314,19.7745,157.0385,0.3044
2018,2759,257.64,63.79,341.86,275.95,0.5049,0.5049,2.7983,24.051,116.0922,0.3019
2018,2855,287.85,11.82,318.99,73.1,0.5796,0.5796,23.5533,19.6211,133.0396,0.182
2019,2816,23.72,24.05,82.88,210.8,0.385,0.385,4.058,19.735,0.0,0.2975
2019,2759,244.36,64.79,336.13,282.47,0.3757,0.3757,2.6899,23.9083,43.4702,0.3211
2019,2855,288.3,12.14,320.14,75.48,0.646,0.646,21.8816,19.5611,4.7894,0.4175
2019,2691,32.03,24.01,75.03,121.84,0.563,0.563,9.014,17.8271,35.4551,0.3315
2020,2816,24.6,24.4,83.32,210.54,0.542,0.542,4.0626,19.6453,0.0,0.4186
2020,2759,257.91,67.28,346.36,276.76,0.3914,0.3914,2.793,24.3145,133.0271,0.2341
2020,2855,288.11,11.95,321.59,79.1,0.6738,0.6738,19.7379,19.414,5.0668,0.4356
2020,2691,30.38,24.16,76.73,125.84,0.2095,0.2095,8.5661,17.742,11.2522,0.135
2020,2840,192.36,35.89,208.1,80.46,0.3066,0.3066,18.2012,9.4818,172.3596,0.1008
2021,2816,25.14,24.24,83.66,210.48,0.6279,0.6279,4.0628,19.5922,0.0,0.4849
2021,2759,265.16,68.65,352.05,274.82,0.5312,0.5312,2.8359,24.6774,0.0,0.4912
2021,2855,288.37,11.83,322.47,80.79,0.7388,0.7388,18.8764,19.3804,5.5502,0.4774
2021,2861,222.96,45.28,291.17,231.52,0.543,0.543,3.4472,16.2818,0.0,0.4672
2022,2816,28.44,24.27,88.06,211.79,0.6748,0.6748,4.0157,19.2401,0.0,0.5259
2022,2759,264.89,69.46,353.2,280.1,0.5659,0.5659,2.7652,25.1618,0.0,0.528
2022,2855,288.73,11.15,323.57,82.47,0.7168,0.7168,18.0928,19.3686,6.0013,0.463
2022,2861,222.15,46.37,290.23,232.35,0.3091,0.3091,3.4287,16.2885,0.0,0.2667
2022,2840,191.52,34.42,208.13,80.87,0.2966,0.2966,18.0058,9.4102,7.5379,0.1955
2023,2816,26.76,24.37,85.04,208.64,0.5747,0.5747,4.107,19.3137,0.0,0.4408
2023,2759,267.53,71.1,353.0,276.36,0.3191,0.3191,2.8189,24.9448,0.0,0.2956
2023,2855,290.31,11.14,325.05,82.85,0.5371,0.5371,17.9419,19.5233,23.5436,0.3329
2023,2840,191.61,35.15,208.25,81.16,0.2502,0.2502,17.8708,9.3759,5.8091,0.1653
2024,2816,26.98,24.58,83.57,204.67,0.2372,0.2372,4.2192,19.1566,158.0062,0.0994
2024,2759,268.14,71.91,352.37,273.07,0.603,0.603,2.8648,24.6684,0.0,0.5553
2024,2855,291.75,11.07,327.29,84.84,0.6245,0.6245,17.1199,19.6282,7.9816,0.4022
2024,2691,30.48,24.97,78.46,127.79,0.4834,0.4834,8.3572,17.5895,12.206,0.3111
2024,2861,223.64,46.0,294.65,238.95,0.7568,0.7568,3.3053,17.2024,30.1827,0.6301
2025,2816,30.75,24.77,80.27,179.71,0.3943,0.3943,5.0556,17.9719,161.3482,0.125
2025,2855,289.81,10.48,332.76,101.57,0.4648,0.4648,12.2445,19.0635,8.0303,0.2999
2025,2691,31.21,25.06,79.15,125.58,0.3904,0.3904,8.5835,17.5373,167.9967,0.1241
2026,2816,36.5,25.0,94.27,200.58,0.8101,0.8101,4.3043,17.7521,22.8034,0.5813
2026,2855,294.21,10.66,332.44,91.06,0.5757,0.5757,14.957,19.763,173.4796,0.1806
2026,2759,269.51,73.2,354.39,275.1,0.5518,0.5518,2.8407,24.9797,0.0,0.5095
2026,2861,215.66,44.28,289.39,243.82,0.5146,0.5146,3.2036,17.173,39.276,0.4199
2027,2816,38.78,24.9,100.16,206.17,0.8555,0.8555,4.1313,17.6212,25.5441,0.6282
2027,2855,297.32,10.88,333.16,85.13,0.6187,0.6187,17.0753,20.2756,174.1704,0.1935
2028,2816,39.62,24.49,103.32,207.84,0.5479,0.5479,4.0796,17.5036,0.0,0.424
2028,2855,294.89,10.67,339.16,103.42,0.5283,0.5283,11.9178,19.6939,8.2405,0.3401
2028,2840,191.05,35.66,207.37,80.76,0.3235,0.3235,18.0562,9.3995,168.812,0.1064
2029,2816,36.56,24.23,100.38,207.15,0.6665,0.6665,4.1074,17.7973,0.0,0.513
2029,2855,294.49,10.66,342.62,112.76,0.4082,0.4082,10.312,19.5826,9.6233,0.2623
2029,2840,190.64,36.01,206.85,81.01,0.4263,0.4263,17.938,9.3473,11.2899,0.2796
2030,2816,39.66,23.75,105.21,209.05,0.79,0.79,4.0443,17.4764,0.0,0.6152
2030,2855,292.13,10.75,347.21,130.18,0.3259,0.3259,8.2107,19.3682,11.8169,0.2088
2030,2840,190.09,36.08,206.53,81.23,0.2502,0.2502,17.8351,9.3007,11.897,0.1639
2030,2861,217.57,41.63,270.55,182.57,0.5498,0.5498,4.7627,10.6077,160.0646,0.1975
2031,2816,42.15,23.39,97.65,177.6,0.2429,0.2429,5.0854,16.0831,161.5153,0.0778
2031,2855,286.3,10.38,345.12,137.39,0.564,0.564,7.5375,18.7938,13.7517,0.3606
2031,2840,190.77,36.24,207.21,80.71,0.2776,0.2776,18.0794,9.3973,171.2198,0.0913
2032,2816,42.59,22.55,106.54,199.72,0.7808,0.7808,4.3011,16.6301,21.7411,0.5639
2032,2855,291.43,9.78,346.83,130.6,0.3923,0.3923,8.1664,19.2943,167.448,0.1234
2032,2840,191.46,35.93,208.18,80.32,0.2822,0.2822,18.2677,9.4833,167.6973,0.0928
2033,2816,40.22,22.64,104.68,204.37,0.5342,0.5342,4.1725,17.1664,24.8329,0.3907
2033,2855,298.49,9.83,342.89,103.82,0.6426,0.6426,11.8727,20.1262,171.8483,0.2011
2034,2816,43.98,22.05,110.03,208.41,0.8779,0.8779,4.0483,16.9227,29.7702,0.6454
2034,2855,301.43,9.88,341.36,92.07,0.397,0.397,14.7406,20.6701,173.419,0.1238
2034,2861,202.6,39.16,275.67,237.21,0.7256,0.7256,3.3049,15.4549,27.2497,0.6121
2035,2816,45.77,22.65,111.97,210.03,0.7671,0.7671,4.0001,16.8308,0.0,0.6027
2035,2855,297.2,9.55,345.2,109.21,0.6494,0.6494,10.8979,20.0132,8.8897,0.4173
2035,2861,196.71,38.51,268.91,238.41,0.3914,0.3914,3.2736,15.1599,0.0,0.3465
2036,2816,44.56,22.52,109.74,209.3,0.5322,0.5322,4.0241,16.9689,0.0,0.4163
2036,2855,291.88,8.81,349.83,132.14,0.3857,0.3857,8.0318,19.496,11.9795,0.247
2036,2861,194.11,38.43,265.62,240.3,0.6567,0.6567,3.2347,15.1957,0.0,0.5847
2037,2855,293.17,9.55,347.91,126.59,0.6216,0.6216,8.5809,19.5292,168.6897,0.1953
2038,2855,291.09,10.98,349.52,138.21,0.4158,0.4158,7.498,19.3774,12.801,0.2659
2038,2816,54.36,22.32,98.97,142.4,0.5889,0.5889,6.9763,14.5124,166.2835,0.19
2039,2855,290.35,11.56,350.08,144.11,0.627,0.627,7.0424,19.3507,13.6038,0.4003
2039,2816,58.48,22.68,100.54,133.53,0.353,0.353,7.6763,14.2008,166.6713,0.1141
2039,2861,187.54,39.87,259.82,247.69,0.3804,0.3804,3.0964,15.7383,34.9568,0.3225
2040,2855,290.35,11.53,349.96,146.16,0.7363,0.7363,6.8959,19.3451,13.8704,0.4699
2040,2816,60.62,22.37,101.78,129.23,0.3201,0.3201,8.0653,14.0475,166.9755,0.1035
2041,2855,290.54,11.37,349.32,146.13,0.6289,0.6289,6.8967,19.3163,0.0,0.4075
2041,2816,59.64,22.36,104.74,140.66,0.4629,0.4629,7.0817,13.7729,13.5023,0.2999
2042,2855,291.11,11.71,349.25,146.89,0.5898,0.5898,6.8454,19.35,0.0,0.3821
2042,2816,61.38,22.54,105.28,138.22,0.5488,0.5488,7.2661,13.6341,165.1808,0.1778
2043,2855,294.81,11.93,345.35,128.57,0.4436,0.4436,8.3731,19.4416,168.4785,0.1394
2043,2816,64.5,22.69,104.8,128.29,0.5137,0.5137,8.1405,13.606,167.9999,0.1664
2043,2861,174.69,41.4,244.11,242.53,0.457,0.457,3.1746,14.4418,119.0373,0.2588
2044,2855,292.55,11.88,347.06,139.53,0.6162,0.6162,7.3884,19.3074,12.9808,0.394
2044,2816,65.44,22.83,106.55,130.64,0.6167,0.6167,7.9082,13.3773,13.4399,0.3999
2044,2861,171.21,38.98,240.78,241.57,0.6289,0.6289,3.1896,14.1926,0.0,0.5647
2045,2855,292.4,12.7,347.77,144.13,0.54,0.54,7.0402,19.3341,13.7085,0.3447
2045,2816,73.03,22.83,102.69,94.62,0.2101,0.2101,13.5547,14.6724,172.8107,0.0677
2045,2861,178.92,37.55,244.2,234.93,0.4932,0.4932,3.3181,13.5539,146.6389,0.2704
2046,2855,297.49,13.56,341.43,114.41,0.5981,0.5981,10.0762,19.6503,170.3735,0.1878
2046,2881,66.42,22.87,113.49,178.09,0.4111,0.4111,4.9998,13.5581,0.0,0.2703
2047,2855,293.34,13.9,345.76,136.47,0.7075,0.7075,7.6383,19.2916,12.5944,0.4527
2047,2881,64.68,23.12,119.3,204.12,0.4844,0.4844,4.126,14.9468,22.3965,0.3617
2047,2861,166.17,36.04,234.64,239.67,0.4026,0.4026,3.2212,13.7667,52.5088,0.3075
2048,2855,291.99,13.94,346.49,143.66,0.5508,0.5508,7.0695,19.2261,13.5335,0.3519
2048,2881,67.46,22.52,129.05,227.05,0.2056,0.2056,3.55,16.2709,26.081,0.1671
2048,2861,158.08,35.78,229.74,241.92,0.3115,0.3115,3.1775,13.913,0.0,0.2803
2049,2855,291.17,14.11,347.03,149.67,0.2942,0.2942,6.6528,19.2229,14.361,0.1876
2049,2861,156.69,40.13,229.28,242.54,0.3452,0.3452,3.166,13.9791,0.0,0.3111
2050,2855,296.85,13.9,340.15,115.56,0.6299,0.6299,9.9056,19.5006,170.2144,0.1979
2050,2861,152.67,28.46,230.63,243.11,0.224,0.224,3.1554,14.0332,0.0,0.2022
2050,2886,148.13,175.5,237.63,243.23,0.3345,0.3345,3.1537,14.0697,0.0,0.302
2051,2855,300.19,15.0,335.42,93.8,0.7622,0.7622,14.1986,20.1703,173.1298,0.2385
2052,2855,300.41,13.57,334.34,86.76,0.8232,0.8232,16.4708,20.4428,174.0499,0.2571
2052,2861,157.04,35.53,231.9,240.59,0.46,0.46,3.2018,13.7459,0.0,0.4126
2053,2855,299.48,12.91,333.8,84.49,0.8438,0.8438,17.3546,20.4697,173.9862,0.2635
2053,2861,156.15,32.79,231.47,240.76,0.3049,0.3049,3.1985,13.7557,0.0,0.2736
2054,2855,298.3,12.8,334.11,85.84,0.7622,0.7622,16.8069,20.352,5.9201,0.4909
2054,2861,157.28,39.3,229.9,240.82,0.3328,0.3328,3.1973,13.7596,0.0,0.2987
2054,2881,89.03,26.52,146.63,211.71,0.7739,0.7739,3.8699,12.9654,142.3537,0.368
2055,2855,297.98,12.86,334.93,87.18,0.8018,0.8018,16.3038,20.3154,6.1514,0.5164
2055,2881,89.11,26.26,147.9,210.07,0.791,0.791,3.9106,12.7387,0.0,0.6357
2056,2855,297.73,13.17,335.76,89.1,0.7476,0.7476,15.6316,20.2575,6.3635,0.4815
2057,2855,297.84,13.58,335.5,87.79,0.564,0.564,16.0857,20.311,173.9118,0.1763
2057,2881,84.97,26.11,144.32,209.78,0.771,0.771,3.9249,13.075,0.0,0.6179
2058,2855,297.85,13.58,336.21,88.84,0.793,0.793,15.7233,20.3031,6.6758,0.5105
2058,2881,88.55,25.64,148.74,207.24,0.396,0.396,3.9846,12.4451,0.0,0.3145
2059,2855,297.31,13.54,337.02,91.47,0.5718,0.5718,14.8739,20.1976,6.5754,0.3682
2059,2881,90.28,25.74,152.42,208.19,0.2629,0.2629,3.9548,12.2858,0.0,0.2099
2059,2898,271.52,49.95,321.24,218.48,0.5361,0.5361,3.8318,19.0893,0.0,0.4311
2060,2855,296.53,13.66,337.16,93.44,0.3694,0.3694,14.2895,20.0719,6.8026,0.2379
2060,2881,90.57,25.56,149.3,200.16,0.4961,0.4961,4.1794,11.6377,157.6859,0.2162
2060,2898,268.19,43.83,318.55,215.09,0.3821,0.3821,3.9057,18.529,0.0,0.3039
2061,2855,285.82,13.68,345.4,135.31,0.6626,0.6626,7.7134,18.796,12.4467,0.4248
2061,2881,87.41,25.36,149.35,208.91,0.2837,0.2837,3.9409,12.6349,23.8374,0.2188
2061,2898,263.67,40.52,315.07,215.75,0.4922,0.4922,3.8777,18.1397,0.0,0.3936
2061,2840,191.96,36.21,207.43,73.57,0.2949,0.2949,22.216,10.3797,0.0,0.195
2062,2855,283.05,13.75,347.95,151.43,0.4756,0.4756,6.5203,18.7723,14.6537,0.3035
2062,2881,89.1,25.56,152.52,210.17,0.2037,0.2037,3.9042,12.5365,0.0,0.1639
2063,2855,282.29,14.29,348.64,160.45,0.6523,0.6523,5.9941,18.8696,15.8815,0.4149
2063,2881,88.8,25.44,151.26,206.34,0.7612,0.7612,4.0063,12.2246,156.7408,0.3488
2063,2861,133.86,40.59,202.34,241.39,0.7271,0.7271,3.1864,13.8063,89.3251,0.414
2063,2898,256.31,37.52,306.68,209.94,0.3594,0.3594,4.0035,16.8645,140.9942,0.1624
2064,2855,282.56,15.04,349.04,166.97,0.6216,0.6216,5.6626,19.0324,16.8498,0.3942
2064,2881,89.5,25.28,152.27,206.53,0.459,0.459,3.9997,12.1626,0.0,0.3638
2064,2898,254.18,37.05,300.43,195.01,0.2959,0.2959,4.4217,15.3854,157.8606,0.1179
2065,2855,283.83,15.08,348.76,168.35,0.5581,0.5581,5.5987,19.1253,0.0,0.3618
2065,2881,91.7,25.02,154.18,206.02,0.7568,0.7568,4.0101,11.919,0.0,0.599
2065,2898,248.9,37.27,297.38,203.53,0.2991,0.2991,4.1557,15.4753,23.7832,0.221
2066,2855,284.53,15.8,348.83,172.6,0.5264,0.5264,5.4055,19.2772,17.6984,0.3328
2067,2855,290.37,16.4,344.36,148.61,0.4216,0.4216,6.7132,18.9957,165.7677,0.1329
2067,2911,296.04,16.4,339.36,96.92,0.4863,0.4863,13.3735,20.0263,0.0,0.3144
2067,2840,190.79,34.51,209.64,80.45,0.3567,0.3567,18.206,9.4825,5.3556,0.2357
2067,2861,113.67,25.32,186.27,239.4,0.3269,0.3269,3.2321,14.0632,105.3538,0.1828
2067,2898,255.94,35.78,288.9,146.32,0.562,0.562,6.6545,13.0372,165.6354,0.1825
2068,2911,296.34,16.49,340.09,97.76,0.4902,0.4902,13.1726,20.054,8.8892,0.3149
2068,2898,248.19,34.99,288.11,168.96,0.499,0.499,5.3826,12.9236,17.6587,0.3206
2068,2881,103.61,24.77,162.79,197.79,0.6289,0.6289,4.2282,10.1251,145.8458,0.2711
2069,2911,296.99,16.69,340.66,97.72,0.5962,0.5962,13.1886,20.1288,0.0,0.3853
2069,2881,106.06,24.7,164.16,195.67,0.2854,0.2854,4.2897,9.7278,0.0,0.2159
2069,2855,288.16,16.95,349.01,170.53,0.2766,0.2766,5.5077,19.4638,17.3082,0.175
2069,2861,108.38,22.46,181.63,239.08,0.501,0.501,3.242,14.2388,0.0,0.4463
2070,2911,298.12,16.96,341.15,96.52,0.457,0.457,13.4943,20.2743,171.8355,0.1429
2070,2915,116.31,24.38,162.83,64.37,0.3577,0.3577,31.4851,12.6083,0.0,0.2356
2070,2855,289.11,17.55,349.66,174.25,0.3667,0.3667,5.3454,19.6585,18.3493,0.2311
2070,2861,109.63,23.75,181.5,237.35,0.6196,0.6196,3.274,13.9935,0.0,0.5495
2070,2898,241.4,31.86,283.87,174.03,0.4629,0.4629,5.1442,12.4191,24.452,0.2912
2071,2911,298.96,17.04,341.21,94.68,0.7251,0.7251,13.9812,20.4038,172.992,0.2265
2071,2915,110.49,24.34,170.83,76.48,0.2281,0.2281,20.3984,11.0742,4.7744,0.1504
2071,2861,109.92,22.92,182.35,239.54,0.7568,0.7568,3.2325,14.2453,0.0,0.6751
2072,2911,299.82,16.81,342.21,94.13,0.4131,0.4131,14.1422,20.5373,168.1525,0.1289
2072,2861,108.77,22.81,180.74,239.63,0.7285,0.7285,3.232,14.32,0.0,0.6499
2072,2855,290.86,17.73,350.81,176.54,0.4292,0.4292,5.2543,19.902,0.0,0.2776
2072,2898,237.78,31.07,280.74,175.58,0.6426,0.6426,5.0706,12.0624,0.0,0.4237
2073,2911,300.44,16.77,342.18,91.85,0.5234,0.5234,14.8059,20.6696,173.445,0.1632
2073,2861,110.57,32.33,180.11,240.88,0.6504,0.6504,3.2085,14.4513,0.0,0.5821
2073,2855,291.89,17.75,350.79,176.16,0.2925,0.2925,5.2726,19.9536,0.0,0.1891
2074,2911,301.64,17.14,342.7,89.59,0.5718,0.5718,15.533,20.8704,173.5245,0.1781
2074,2861,108.92,23.76,180.37,240.16,0.2966,0.2966,3.2223,14.3921,0.0,0.2649
2074,2915,111.88,24.84,176.19,81.07,0.5234,0.5234,17.962,10.2895,6.6354,0.345
2075,2911,300.93,17.03,345.53,95.21,0.5469,0.5469,13.8734,20.7558,7.2268,0.3513
2075,2861,110.25,33.62,178.96,240.82,0.3115,0.3115,3.2102,14.4773,0.0,0.2787
2075,2915,112.31,25.23,175.17,80.73,0.2407,0.2407,18.123,10.3508,172.9943,0.0789
2076,2911,298.09,17.18,349.47,107.56,0.3269,0.3269,11.2041,20.3802,8.6969,0.2099
2076,2919,144.76,24.88,169.11,57.16,0.6206,0.6206,46.1217,12.6828,0.0,0.4087
2077,2911,297.99,17.11,350.68,109.71,0.5518,0.5518,10.8424,20.3835,9.3881,0.3539
2077,2919,145.25,24.92,169.89,57.47,0.5117,0.5117,45.2085,12.6198,4.9406,0.3364
2077,2861,107.35,32.91,176.54,240.45,0.355,0.355,3.2194,14.5579,0.0,0.3172
2078,2911,298.07,17.07,352.08,112.23,0.5156,0.5156,10.4472,20.4037,9.8422,0.3304
2078,2919,146.34,25.13,171.02,57.65,0.2101,0.2101,44.6901,12.5587,13.4559,0.1365
2078,2920,103.84,43.0,136.52,80.66,0.3259,0.3259,18.2816,12.3096,0.0,0.2148
2078,2861,105.53,34.36,174.61,238.14,0.2991,0.2991,3.2641,14.3658,0.0,0.2655
2079,2911,298.87,17.14,351.07,108.52,0.562,0.562,11.0482,20.4964,171.1976,0.1755
2079,2919,140.33,25.24,168.99,62.41,0.4902,0.4902,34.3887,12.0781,3.7646,0.3228
2079,2920,102.58,42.81,135.16,80.49,0.4495,0.4495,18.3722,12.4502,147.0566,0.1463
2080,2911,298.75,17.17,350.3,106.57,0.7251,0.7251,11.3879,20.5021,171.1285,0.2264
2080,2919,137.89,25.45,168.65,64.42,0.3381,0.3381,31.3285,11.8742,3.8292,0.2227
2080,2920,100.65,42.85,133.26,80.7,0.3098,0.3098,18.2843,12.6129,44.6098,0.1743
2080,2881,126.93,25.21,178.37,179.18,0.3252,0.3252,4.8345,6.3683,152.2658,0.1149
2081,2911,303.75,17.37,347.53,91.0,0.4941,0.4941,15.1197,21.2151,173.5838,0.1535
2081,2920,99.99,42.82,132.38,80.72,0.5547,0.5547,18.2801,12.6855,0.0,0.3653
2081,2881,127.35,25.56,178.22,178.32,0.5029,0.5029,4.8675,6.2606,0.0,0.3432
2082,2911,300.42,17.09,349.63,99.27,0.3667,0.3667,12.8864,20.8128,7.516,0.2354
2082,2920,99.21,42.81,130.93,80.22,0.2323,0.2323,18.5304,12.8417,167.8603,0.0755
2082,2926,193.26,36.42,206.51,48.52,0.3811,0.3811,104.1915,13.7271,0.0,0.2504
2083,2911,298.97,17.5,349.66,101.6,0.354,0.354,12.363,20.6431,7.9832,0.2273
2083,2931,218.83,24.38,252.1,113.82,0.4475,0.4475,9.6745,8.9871,0.0,0.2965
2083,2898,210.9,23.46,252.58,160.1,0.5137,0.5137,5.72,7.7289,147.1526,0.1697
2083,2855,291.84,18.63,349.64,171.81,0.3557,0.3557,5.4596,19.7643,162.3161,0.1116
2083,2881,127.3,25.12,180.52,187.08,0.5728,0.5728,4.5473,7.1896,20.6142,0.4027
2084,2911,296.82,17.76,351.57,108.96,0.4282,0.4282,10.9664,20.3884,8.8332,0.2748
2084,2933,220.67,24.08,239.18,48.36,0.4609,0.4609,107.3273,15.1212,0.0,0.3019
2084,2898,209.28,23.57,250.16,154.88,0.458,0.458,5.9994,7.2647,162.9056,0.1514
2084,2855,290.1,18.38,349.28,172.7,0.2847,0.2847,5.4149,19.6558,0.0,0.1843
2084,2881,129.35,24.77,180.69,181.66,0.4407,0.4407,4.7391,6.4577,159.821,0.1613
2084,2919,139.21,25.41,171.7,65.08,0.4495,0.4495,30.4254,11.6953,10.9519,0.2938
2085,2911,295.37,17.99,351.48,111.68,0.384,0.384,10.5183,20.2155,9.3253,0.2464
2085,2898,207.66,23.47,248.38,153.81,0.7168,0.7168,6.0574,6.9984,0.0,0.4761
2085,2855,289.22,18.68,349.87,175.61,0.4377,0.4377,5.2878,19.7159,17.8352,0.2762
2085,2881,130.39,24.67,182.86,187.23,0.3831,0.3831,4.54,7.0173,21.2094,0.2693
2085,2919,140.04,25.29,173.6,64.97,0.3293,0.3293,30.5647,11.6555,143.6957,0.1075
2085,2926,193.58,36.55,206.61,48.52,0.3311,0.3311,104.1941,13.7329,0.0,0.2176
2086,2911,295.52,18.31,351.43,112.3,0.2108,0.2108,10.4229,20.2046,0.0,0.1362
2086,2898,206.41,23.44,246.66,153.01,0.646,0.646,6.1011,6.7703,0.0,0.4292
2086,2855,286.67,18.78,348.24,176.02,0.5479,0.5479,5.261,19.4681,0.0,0.3548
2086,2881,130.23,24.37,184.65,195.04,0.6724,0.6724,4.2862,7.9566,21.7133,0.4942
2086,2935,65.93,41.37,136.57,227.98,0.4158,0.4158,3.5241,16.085,0.0,0.3536
2086,2926,193.39,36.23,206.65,48.49,0.22,0.22,104.6486,13.7348,177.4218,0.0712
2086,2933,217.62,23.84,236.64,48.56,0.3293,0.3293,104.1489,14.9279,12.7933,0.2131
2087,2911,295.19,18.24,351.05,112.43,0.4863,0.4863,10.4,20.1572,0.0,0.3143
2087,2898,204.12,22.93,243.51,152.59,0.5918,0.5918,6.1208,6.3809,0.0,0.3933
2087,2855,290.54,18.7,350.58,173.65,0.3442,0.3442,5.377,19.7887,155.804,0.108
2087,2881,131.4,23.9,186.25,198.73,0.5908,0.5908,4.1744,8.3615,23.412,0.4406
2087,2935,66.62,41.25,141.66,240.67,0.6646,0.6646,3.267,17.107,27.839,0.5612
2087,2926,193.51,36.2,206.67,48.46,0.2227,0.2227,105.1089,13.7407,177.6097,0.0721
2088,2911,289.67,18.76,354.09,129.44,0.4961,0.4961,8.2983,19.658,11.579,0.3177
2088,2898,202.68,22.46,240.86,151.83,0.6279,0.6279,6.1624,6.0757,0.0,0.4174
2088,2855,288.83,19.31,349.43,175.34,0.2234,0.2234,5.2974,19.6568,0.0,0.1446
2088,2881,133.95,22.83,187.24,194.47,0.541,0.541,4.3018,7.7127,156.6882,0.2291
2088,2926,193.43,36.15,206.6,48.49,0.2539,0.2539,104.6486,13.7346,2.5476,0.1668
2088,2933,211.56,22.73,231.18,48.41,0.4534,0.4534,106.2928,14.6214,146.1204,0.1462
2089,2911,291.86,18.91,351.69,122.35,0.4629,0.4629,9.0621,19.7589,169.3244,0.1452
2089,2898,202.35,21.74,240.23,151.99,0.2959,0.2959,6.152,6.0131,0.0,0.1967
2089,2881,135.45,21.97,186.82,188.18,0.3979,0.3979,4.5047,6.8609,159.2319,0.158
2089,2926,193.58,36.18,206.59,48.46,0.2437,0.2437,105.1089,13.7406,177.6096,0.0789
2089,2933,208.93,21.85,229.09,48.37,0.2893,0.2893,106.8636,14.5034,133.3881,0.0934
2090,2911,288.74,19.8,353.98,135.09,0.395,0.395,7.7687,19.5326,12.3609,0.2527
2090,2881,131.71,20.17,186.5,197.06,0.6826,0.6826,4.2237,8.1285,22.5108,0.5061
2090,2933,207.87,20.16,229.4,48.36,0.3108,0.3108,107.0131,14.4856,147.0715,0.1003
2090,2935,58.1,42.02,132.21,239.01,0.6426,0.6426,3.3153,17.6948,0.0,0.5626
2091,2911,291.77,20.73,351.36,127.03,0.3345,0.3345,8.5417,19.652,168.7236,0.105
2091,2881,132.37,19.43,188.2,198.56,0.6953,0.6953,4.1785,8.2673,0.0,0.5373
2091,2933,206.11,20.78,226.9,48.28,0.3452,0.3452,108.2485,14.3909,155.9675,0.1115
2091,2935,61.03,41.16,133.37,234.82,0.562,0.562,3.3922,17.1093,0.0,0.4869
2091,2855,288.15,20.78,349.23,180.19,0.3784,0.3784,5.0958,19.7481,18.4492,0.2384
2092,2911,286.77,20.88,352.08,139.71,0.4485,0.4485,7.3718,19.2581,13.0203,0.2868
2092,2881,137.69,18.98,190.13,189.49,0.3647,0.3647,4.4594,6.891,157.5709,0.147
2092,2933,205.91,20.0,227.16,48.16,0.385,0.385,110.2367,14.4074,179.0928,0.1243
2092,2935,55.47,42.55,126.9,232.15,0.625,0.625,3.4584,17.4018,0.0,0.5356
2093,2911,290.04,21.68,347.29,125.54,0.3459,0.3459,8.6802,19.3089,168.8216,0.1088
2093,2881,137.38,18.57,189.01,186.61,0.3149,0.3149,4.557,6.5445,0.0,0.2278
2093,2935,56.11,43.28,121.84,214.37,0.2854,0.2854,3.8632,16.0754,156.2084,0.1347
2094,2911,292.05,22.53,345.06,118.82,0.6602,0.6602,9.4705,19.4285,169.7751,0.2075
2094,2881,138.77,17.23,189.72,184.8,0.6377,0.6377,4.6196,6.2515,0.0,0.4562
2094,2935,52.88,43.84,123.91,227.51,0.71,0.71,3.5616,17.2479,25.6404,0.5756
2094,2898,190.85,18.5,229.48,155.1,0.3025,0.3025,5.9556,4.6027,44.5076,0.1724
2094,2855,287.16,22.61,346.73,180.1,0.2869,0.2869,5.0918,19.5304,0.0,0.1858
2095,2911,289.39,21.98,345.76,125.56,0.3811,0.3811,8.6704,19.1704,11.1092,0.2446
2095,2881,140.97,17.59,190.84,181.52,0.6333,0.6333,4.7372,5.7325,157.9725,0.2322
2095,2935,51.47,43.75,124.19,230.77,0.5068,0.5068,3.4942,17.5915,0.0,0.4317
2095,2898,190.21,19.81,227.88,154.02,0.4932,0.4932,6.0157,4.4005,0.0,0.3283
2095,2855,286.15,22.15,345.69,181.42,0.4688,0.4688,5.0354,19.4479,0.0,0.3036
2096,2911,288.05,21.73,343.14,122.98,0.4785,0.4785,8.9443,18.9665,165.9922,0.1508
2096,2881,142.64,17.1,192.55,181.14,0.7168,0.7168,4.7506,5.6013,0.0,0.5006
2096,2935,50.94,43.57,124.8,232.06,0.5947,0.5947,3.4676,17.7034,0.0,0.5086
2096,2898,189.85,20.94,226.58,153.45,0.5571,0.5571,6.0476,4.2622,0.0,0.3709
2096,2855,285.9,21.35,343.85,177.68,0.4639,0.4639,5.1806,19.1974,160.7757,0.146
2097,2911,286.74,21.14,341.79,122.7,0.2186,0.2186,8.9672,18.8032,0.0,0.1418
2097,2881,145.64,17.03,194.83,179.9,0.7598,0.7598,4.7961,5.3236,0.0,0.5261
2097,2935,50.16,43.28,125.37,234.06,0.7334,0.7334,3.4274,17.894,0.0,0.6309
2097,2898,188.28,21.56,227.12,165.0,0.2942,0.2942,5.4403,4.9758,17.3588,0.1913
2097,2855,285.1,20.84,342.21,175.87,0.6514,0.6514,5.2506,18.9905,0.0,0.4224
2098,2881,147.78,16.66,196.08,178.52,0.7754,0.7754,4.8483,5.0741,0.0,0.5316
2098,2935,49.47,42.58,125.5,234.44,0.7988,0.7988,3.4204,17.9545,0.0,0.6878
2098,2898,189.35,21.79,225.69,157.68,0.5649,0.5649,5.8106,4.4016,163.6784,0.1877
2098,2855,285.88,20.45,341.3,171.93,0.6836,0.6836,5.4215,18.8719,162.5108,0.2156
2099,2881,150.01,16.72,197.45,177.66,0.668,0.668,4.8813,4.9015,0.0,0.4551
2099,2935,48.16,41.73,124.26,232.15,0.5469,0.5469,3.4695,17.8682,0.0,0.4674
2099,2898,189.64,21.22,224.58,152.93,0.3259,0.3259,6.0766,4.0891,164.2906,0.1084
2099,2855,282.8,19.06,341.83,182.41,0.6626,0.6626,4.9821,19.0386,18.8499,0.4194
2100,2881,150.85,16.58,197.66,177.09,0.6968,0.6968,4.9035,4.8083,0.0,0.4727
2100,2935,45.01,41.11,121.01,230.35,0.8477,0.8477,3.5142,18.0171,0.0,0.7192
2100,2898,188.84,19.07,223.13,150.61,0.2861,0.2861,6.214,3.842,162.9604,0.0952
2100,2855,281.95,19.84,341.5,185.09,0.5962,0.5962,4.879,19.0653,19.3458,0.385
2101,2881,151.63,16.73,198.28,179.24,0.6436,0.6436,4.82,5.0952,0.0,0.4437
2101,2935,42.53,40.96,119.42,231.17,0.8574,0.8574,3.502,18.285,0.0,0.7284
2101,2898,188.17,17.45,220.83,145.38,0.2847,0.2847,6.5474,3.517,164.8309,0.0947
2101,2933,191.75,17.06,215.45,48.49,0.2966,0.2966,104.697,13.8426,32.1974,0.1797
2101,2911,281.77,19.65,341.99,129.49,0.4736,0.4736,8.2273,18.3819,12.0197,0.3042
2102,2881,152.49,16.99,198.24,179.32,0.5981,0.5981,4.8169,5.0986,0.0,0.4125
2102,2935,42.27,40.24,120.67,231.96,0.6289,0.6289,3.4845,18.3049,0.0,0.5357
2102,2898,189.15,17.1,217.35,127.37,0.2095,0.2095,8.012,4.0952,167.9794,0.0697
2102,2933,190.77,16.94,214.74,48.58,0.2629,0.2629,103.3298,13.8038,8.9687,0.1717
2102,2911,283.24,19.12,343.52,129.76,0.2576,0.2576,8.2104,18.5707,0.0,0.1673
2102,2855,281.1,18.99,341.27,184.95,0.5371,0.5371,4.882,18.9938,0.0,0.3568
2103,2881,157.75,16.73,204.73,180.02,0.6851,0.6851,4.79,5.1581,0.0,0.475
2103,2935,39.68,40.06,117.31,229.2,0.7974,0.7974,3.5493,18.3621,0.0,0.6723
2103,2855,280.37,17.78,340.75,184.86,0.5244,0.5244,4.8828,18.9138,0.0,0.3484
2104,2881,159.65,16.36,207.89,180.76,0.4785,0.4785,4.7624,5.2879,0.0,0.3335
2104,2935,35.67,40.09,113.46,229.46,0.7363,0.7363,3.5539,18.7744,0.0,0.6198
2104,2855,281.45,19.29,339.99,182.32,0.75,0.75,4.979,18.8388,0.0,0.4887
2105,2881,159.78,16.32,208.45,180.86,0.7129,0.7129,4.7587,5.3072,0.0,0.4972
2105,2935,29.51,40.19,108.35,231.62,0.8604,0.8604,3.5235,19.5108,0.0,0.7265
2105,2855,277.0,19.85,336.37,183.77,0.5371,0.5371,4.9079,18.3955,0.0,0.3555
2105,2911,276.48,20.09,336.55,129.37,0.2791,0.2791,8.2054,17.6919,88.2824,0.0914
2106,2881,160.73,16.04,209.84,180.07,0.6621,0.6621,4.7885,5.217,0.0,0.4592
2106,2935,25.93,40.22,105.28,232.9,0.8506,0.8506,3.5061,19.9441,0.0,0.7195
2106,2855,274.48,20.8,334.55,185.05,0.2289,0.2289,4.852,18.1789,0.0,0.1533
2106,2911,274.59,21.12,334.44,128.69,0.6758,0.6758,8.2603,17.4434,0.0,0.4402
2107,2881,160.38,15.85,209.65,179.4,0.6396,0.6396,4.8139,5.1172,0.0,0.4414
2107,2935,25.64,39.86,104.79,233.67,0.7627,0.7627,3.4915,20.043,0.0,0.6465
2107,2911,273.33,21.84,333.33,129.02,0.8027,0.8027,8.2204,17.2844,0.0,0.5231
2108,2881,159.35,15.89,209.24,180.83,0.7861,0.7861,4.7599,5.3059,0.0,0.5481
2108,2935,24.28,40.19,102.4,232.84,0.5898,0.5898,3.5136,20.1668,0.0,0.498
2108,2911,273.27,22.18,332.86,127.92,0.7695,0.7695,8.3288,17.268,167.9377,0.2449
2109,2881,159.34,16.09,208.81,178.69,0.7778,0.7778,4.8409,4.9997,0.0,0.534
2109,2935,22.86,39.94,100.8,233.82,0.8184,0.8184,3.4978,20.3934,0.0,0.6924
2109,2911,272.89,22.26,332.38,127.69,0.7529,0.7529,8.3496,17.2162,0.0,0.4907
2110,2881,159.55,16.65,208.71,177.23,0.7671,0.7671,4.8977,4.7941,0.0,0.521
2110,2935,24.32,40.12,101.49,234.56,0.7725,0.7725,3.4798,20.3426,0.0,0.6555
2110,2911,272.65,22.14,332.37,128.16,0.6895,0.6895,8.3012,17.1919,0.0,0.4494
2110,2855,269.18,21.48,335.61,206.12,0.3269,0.3269,4.1705,18.9719,22.18,0.2401
2111,2881,160.47,16.67,209.62,176.5,0.5488,0.5488,4.9268,4.7091,0.0,0.3706
2111,2935,25.17,40.01,101.33,233.9,0.7671,0.7671,3.4922,20.2572,0.0,0.6498
2111,2911,273.73,23.35,330.8,123.78,0.7002,0.7002,8.7642,17.2438,168.9349,0.2229
2112,2881,161.18,16.5,210.46,175.69,0.5679,0.5679,4.9593,4.6137,0.0,0.3811
2112,2935,26.06,39.96,101.52,234.29,0.8574,0.8574,3.4828,20.2334,0.0,0.7274
2112,2911,272.88,24.01,331.64,127.33,0.603,0.603,8.3841,17.1738,11.492,0.389
2113,2881,161.81,16.72,211.65,176.15,0.2605,0.2605,4.941,4.7031,0.0,0.1754
2113,2935,26.74,40.32,101.03,233.6,0.8394,0.8394,3.4966,20.1705,0.0,0.7107
2113,2911,272.93,24.23,332.37,129.16,0.2759,0.2759,8.2025,17.1939,12.1536,0.1778
2113,2933,173.4,16.04,191.12,40.27,0.4668,0.4668,10.0,90.0,0.0,0.0
2113,2855,269.55,24.2,334.84,208.57,0.5088,0.5088,4.1026,19.0936,0.0,0.3907
2114,2881,163.48,16.9,212.27,171.02,0.4141,0.4141,5.1545,4.0322,161.3469,0.1377
2114,2935,27.55,40.17,100.52,231.75,0.8667,0.8667,3.5342,20.0133,0.0,0.7297
2114,2911,273.96,24.58,332.41,127.53,0.4688,0.4688,8.3692,17.2903,168.2149,0.1492
2115,2881,164.21,17.06,213.27,169.57,0.458,0.458,5.2181,3.872,0.0,0.305
2115,2935,34.39,39.93,107.91,229.65,0.6958,0.6958,3.5588,19.1322,0.0,0.5848
2115,2911,273.05,25.27,333.14,131.44,0.644,0.644,7.9864,17.2187,12.0331,0.415
2116,2881,166.73,17.4,215.08,166.07,0.7544,0.7544,5.3778,3.5282,159.6903,0.251
2116,2935,30.14,39.84,103.13,230.55,0.7886,0.7886,3.5521,19.6582,0.0,0.6627
2116,2911,273.48,25.81,333.3,130.81,0.6699,0.6699,8.0475,17.2657,0.0,0.4365
2117,2935,30.24,39.43,103.07,230.99,0.5498,0.5498,3.5428,19.6902,0.0,0.4626
2117,2911,272.9,26.44,334.06,134.22,0.605,0.605,7.7364,17.236,12.4541,0.3895
2118,2935,31.9,39.0,100.91,222.16,0.6826,0.6826,3.7371,19.0527,155.5155,0.33
2118,2911,272.94,27.58,333.09,132.99,0.6982,0.6982,7.8434,17.1889,166.6421,0.2223
2118,2881,169.19,17.86,217.61,164.34,0.3008,0.3008,5.4609,3.4911,0.0,0.2003
2119,2935,34.28,38.37,99.42,212.25,0.7974,0.7974,3.977,18.3126,156.7116,0.3611
2119,2911,272.32,27.6,332.99,133.74,0.645,0.645,7.7741,17.1334,0.0,0.4205
2120,2935,33.68,38.04,100.78,219.67,0.7188,0.7188,3.7928,18.7854,24.1489,0.5612
2120,2911,271.55,29.58,333.15,137.16,0.4658,0.4658,7.4793,17.0623,12.806,0.2998
2121,2935,34.14,37.84,101.15,221.56,0.6738,0.6738,3.7474,18.878,0.0,0.5496
2121,2911,270.51,28.93,334.72,141.57,0.6143,0.6143,7.1325,17.0752,13.5202,0.3948
2122,2935,35.27,37.3,100.31,216.94,0.7051,0.7051,3.8567,18.5313,156.0974,0.3303
2122,2911,269.75,28.87,335.33,144.3,0.2401,0.2401,6.9314,17.0623,13.7962,0.1542
2122,2855,269.28,28.92,334.97,214.76,0.4551,0.4551,3.9409,19.4692,23.3825,0.3465
2123,2935,35.82,36.92,100.87,218.4,0.79,0.79,3.8198,18.5751,0.0,0.6373
2123,2911,269.48,27.19,336.19,145.13,0.5098,0.5098,6.8741,17.1016,0.0,0.3324
2123,2855,271.62,27.24,333.86,200.37,0.2186,0.2186,4.3378,18.6902,158.5859,0.0883
2124,2935,38.13,36.88,100.1,210.03,0.7988,0.7988,4.0281,17.9128,156.8464,0.3569
2124,2855,268.54,26.86,334.01,207.1,0.7686,0.7686,4.1397,18.9015,22.4907,0.5673
2124,2898,157.04,15.13,186.09,127.74,0.4707,0.4707,7.9635,2.6268,0.0,0.3136
2124,2881,180.13,21.6,229.28,169.56,0.5571,0.5571,5.2281,5.0879,39.0042,0.3293
2125,2935,37.34,36.88,100.63,215.9,0.8306,0.8306,3.8787,18.3287,23.7613,0.6404
2125,2855,266.7,26.35,334.83,213.03,0.7568,0.7568,3.9805,19.2083,23.1265,0.5731
2125,2898,153.65,15.08,182.04,128.26,0.4253,0.4253,7.9151,2.8515,0.0,0.2834
2125,2881,182.38,22.14,231.33,170.13,0.6919,0.6919,5.205,5.3614,0.0,0.4603
2126,2935,39.51,37.07,100.13,209.23,0.8262,0.8262,4.0472,17.7809,156.8257,0.3672
2126,2855,266.33,26.33,335.58,215.83,0.3784,0.3784,3.9105,19.4095,0.0,0.3001
2126,2898,152.17,14.74,179.87,128.11,0.3098,0.3098,7.9308,3.0344,0.0,0.2064
2126,2881,183.96,22.42,232.31,168.55,0.6084,0.6084,5.2765,5.343,0.0,0.4047
2126,2933,153.74,14.9,168.53,35.19,0.3577,0.3577,10.0,90.0,0.0,0.0
2126,2911,266.21,27.21,337.06,152.89,0.4658,0.4658,6.36,16.986,15.0018,0.2985
2127,2935,39.92,37.06,99.69,208.21,0.8169,0.8169,4.0746,17.7153,0.0,0.6325
2127,2855,266.68,27.32,335.76,215.5,0.6167,0.6167,3.9195,19.4171,0.0,0.4883
2127,2898,150.6,15.08,177.78,127.4,0.2598,0.2598,8.0014,3.2861,0.0,0.1731
2127,2881,181.46,23.26,230.79,169.26,0.686,0.686,5.2427,5.2006,0.0,0.4564
2127,2933,153.04,14.63,167.57,34.08,0.5,0.5,10.0,90.0,0.0,0.0
2128,2935,39.88,36.96,99.72,209.76,0.7988,0.7988,4.0332,17.8184,0.0,0.6227
2128,2855,265.38,25.93,336.55,219.87,0.4697,0.4697,3.8125,19.6789,24.0374,0.3648
2128,2898,147.71,15.12,175.5,127.41,0.7446,0.7446,8.0028,3.5502,0.0,0.4959
2128,2881,183.62,23.67,233.17,169.89,0.7964,0.7964,5.2171,5.4974,0.0,0.5297
2128,2911,264.89,27.07,337.2,155.53,0.3389,0.3389,6.2003,16.9379,15.4678,0.2169
2129,2935,46.24,36.56,106.87,207.49,0.4197,0.4197,4.0743,16.9093,0.0,0.3256
2129,2855,265.69,24.39,336.7,217.81,0.3757,0.3757,3.8627,19.5659,0.0,0.3002
2129,2898,145.57,14.86,174.35,128.16,0.6494,0.6494,7.9313,3.6607,0.0,0.4325
2129,2881,184.83,23.9,234.33,169.1,0.8228,0.8228,5.2533,5.5497,0.0,0.5472
2129,2911,267.61,27.09,338.77,154.82,0.4456,0.4456,6.2519,17.2095,0.0,0.2904
2130,2935,42.51,36.32,102.38,207.14,0.5352,0.5352,4.0957,17.3475,0.0,0.4132
2130,2855,265.49,28.13,335.71,217.69,0.5786,0.5786,3.8637,19.4932,0.0,0.4623
2130,2898,141.57,14.63,171.84,127.69,0.5972,0.5972,7.9806,4.074,0.0,0.3976
2130,2881,186.37,24.17,236.56,169.08,0.8003,0.8003,5.2563,5.7549,0.0,0.5322
2130,2911,267.71,28.87,335.32,148.53,0.2037,0.2037,6.6357,16.9388,164.8751,0.065
2131,2935,41.52,36.33,100.82,207.25,0.8203,0.8203,4.0965,17.4986,0.0,0.633
2131,2898,140.16,15.33,171.49,127.51,0.627,0.627,7.9994,4.192,0.0,0.4174
2131,2881,186.65,24.36,237.78,169.81,0.686,0.686,5.2248,5.9028,0.0,0.4561
2131,2911,265.14,28.92,334.34,150.26,0.5166,0.5166,6.5149,16.7158,18.8488,0.3279
2132,2935,41.31,36.62,100.05,207.51,0.7256,0.7256,4.0909,17.5709,0.0,0.5604
2132,2898,139.52,15.98,171.45,127.07,0.6494,0.6494,8.0432,4.2675,0.0,0.4323
2132,2881,186.74,23.95,238.53,168.97,0.7422,0.7422,5.2626,5.8762,0.0,0.4935
2132,2911,262.8,29.38,334.68,154.77,0.7686,0.7686,6.2341,16.6268,15.3882,0.4925
2133,2935,41.99,37.01,99.84,206.15,0.8228,0.8228,4.1275,17.4558,0.0,0.6316
2133,2898,141.26,16.13,173.2,125.88,0.7446,0.7446,8.1607,4.1686,159.3625,0.2475
2133,2881,186.79,23.79,239.26,168.83,0.7988,0.7988,5.2693,5.9083,0.0,0.5311
2133,2911,262.03,29.45,334.72,155.53,0.5981,0.5981,6.1881,16.5882,0.0,0.3904
2134,2935,42.09,36.89,100.1,207.17,0.6436,0.6436,4.0989,17.5018,0.0,0.4965
2134,2898,139.27,16.27,171.9,125.62,0.7373,0.7373,8.1894,4.377,0.0,0.4908
2134,2881,187.21,23.82,240.35,168.69,0.5972,0.5972,5.2765,5.9826,0.0,0.397
2134,2911,261.71,30.3,336.0,159.11,0.5264,0.5264,5.989,16.7037,16.1582,0.3366
2135,2935,43.41,37.03,98.86,199.02,0.7456,0.7456,4.3327,16.9886,158.5216,0.304
2135,2898,138.44,15.67,171.22,123.29,0.7388,0.7388,8.4364,4.6672,168.0981,0.2455
2135,2881,188.61,23.45,242.59,168.07,0.584,0.584,5.3068,6.1433,0.0,0.3882
2135,2911,260.05,30.67,335.01,160.26,0.6377,0.6377,5.9211,16.5506,0.0,0.4163
2136,2935,41.81,36.8,98.44,203.17,0.7925,0.7925,4.2137,17.3574,22.9329,0.5785
2136,2898,139.3,14.78,172.91,125.24,0.709,0.709,8.2279,4.3512,13.7418,0.4652
2136,2881,189.36,24.03,243.51,165.98,0.7334,0.7334,5.4044,6.0834,0.0,0.4876
2136,2911,261.76,30.87,336.37,160.66,0.6992,0.6992,5.9065,16.7581,0.0,0.4562
2137,2935,44.32,37.0,99.85,197.52,0.8442,0.8442,4.3754,16.7887,157.1383,0.3397
2137,2898,138.62,14.55,172.55,126.98,0.7583,0.7583,8.052,4.2631,12.4824,0.4989
2137,2881,189.07,24.76,243.02,165.1,0.7349,0.7349,5.4454,5.972,0.0,0.4886
2137,2911,265.69,31.46,338.81,161.33,0.5186,0.5186,5.8852,17.1844,0.0,0.338
2138,2935,44.59,36.7,100.05,194.74,0.7568,0.7568,4.4617,16.6015,0.0,0.5483
2138,2898,137.03,14.93,171.24,127.51,0.7642,0.7642,8.0016,4.3933,0.0,0.5087
2138,2881,194.12,22.85,249.21,162.72,0.7407,0.7407,5.5692,6.5265,143.9776,0.2453
2138,2911,266.68,32.33,338.4,161.45,0.7271,0.7271,5.8802,17.2242,0.0,0.4739
2139,2935,42.35,36.4,98.21,195.19,0.7407,0.7407,4.4539,16.8697,0.0,0.5371
2139,2898,136.55,14.52,170.5,127.02,0.8237,0.8237,8.0508,4.5043,0.0,0.5483
2139,2881,195.88,21.2,252.13,161.48,0.7407,0.7407,5.6351,6.7633,0.0,0.4921
2139,2911,263.13,32.55,334.83,161.09,0.2903,0.2903,5.8834,16.755,0.0,0.1894
2139,2855,262.36,30.9,330.69,211.55,0.4658,0.4658,4.0054,18.6417,151.6989,0.2089
2140,2935,40.2,36.48,97.72,200.55,0.6611,0.6611,4.2937,17.3334,22.5666,0.4761
2140,2898,135.81,14.23,169.36,125.8,0.8408,0.8408,8.1751,4.7116,165.4695,0.2793
2140,2881,197.0,19.0,254.5,161.13,0.7056,0.7056,5.6559,6.9758,0.0,0.4687
2140,2911,260.47,32.89,331.83,160.46,0.4055,0.4055,5.9045,16.3739,0.0,0.2649
2141,2935,41.07,36.23,98.24,197.59,0.4226,0.4226,4.3809,17.0792,0.0,0.3104
2141,2898,135.45,13.98,168.71,124.51,0.8477,0.8477,8.3098,4.8745,167.6899,0.2815
2141,2881,197.11,19.3,255.41,161.02,0.7739,0.7739,5.6624,7.038,0.0,0.514
2141,2911,263.9,32.73,335.03,160.56,0.4854,0.4854,5.9136,16.8084,0.0,0.3167
2142,2935,38.93,35.49,95.65,195.54,0.7124,0.7124,4.4525,17.245,0.0,0.5163
2142,2898,135.86,12.96,168.88,122.16,0.8081,0.8081,8.5645,5.0411,168.6648,0.2683
2142,2881,200.47,19.24,258.82,160.64,0.7139,0.7139,5.688,7.4712,0.0,0.4739
2142,2911,261.85,33.59,330.41,156.49,0.3503,0.3503,6.1228,16.3064,159.3552,0.1121
2143,2935,36.38,34.84,94.77,200.7,0.7695,0.7695,4.3001,17.7368,23.1376,0.552
2143,2898,136.65,12.91,170.11,121.61,0.8037,0.8037,8.6248,4.9791,0.0,0.5348
2143,2881,200.55,21.75,257.82,160.42,0.605,0.605,5.6985,7.3998,0.0,0.4017
2143,2911,259.42,34.17,328.42,158.6,0.2737,0.2737,5.9954,16.0485,20.5552,0.1731
2143,2855,259.25,33.77,327.79,215.91,0.2791,0.2791,3.8858,18.6018,26.5373,0.2129
2144,2935,35.2,34.6,93.96,202.53,0.6943,0.6943,4.2497,17.9591,0.0,0.5211
2144,2898,137.0,13.14,170.75,121.01,0.7627,0.7627,8.6925,4.9814,0.0,0.5075
2144,2881,204.94,18.65,263.25,160.55,0.4226,0.4226,5.7015,8.0644,0.0,0.2803
2144,2911,256.35,34.44,325.44,160.38,0.3738,0.3738,5.8867,15.6829,26.2659,0.2317
2144,2855,254.5,34.23,326.19,229.25,0.2358,0.2358,3.5713,19.2516,25.7204,0.1899
2145,2935,34.85,34.43,93.51,202.32,0.6772,0.6772,4.2571,17.9932,0.0,0.5075
2145,2898,134.95,13.51,168.31,120.89,0.7124,0.7124,8.7098,5.2364,0.0,0.4739
2145,2881,207.71,17.45,266.06,159.87,0.2056,0.2056,5.7427,8.414,0.0,0.1363
2146,2935,34.81,34.28,92.91,200.85,0.5029,0.5029,4.3012,17.9455,0.0,0.374
2146,2898,135.72,13.38,169.26,120.68,0.7104,0.7104,8.7327,5.1614,0.0,0.4726
2146,2881,211.55,16.91,269.75,160.37,0.5234,0.5234,5.7251,8.9417,0.0,0.3468
2146,2911,252.93,35.78,319.14,156.26,0.5947,0.5947,6.093,14.9679,155.2227,0.1915
2147,2935,33.87,34.23,92.91,204.38,0.6953,0.6953,4.2005,18.2059,22.4561,0.5085
2147,2898,137.11,12.4,171.26,120.15,0.7153,0.7153,8.792,5.0307,0.0,0.4759
2147,2881,214.55,16.33,272.05,160.02,0.5176,0.5176,5.7496,9.288,0.0,0.3428
2147,2911,249.08,35.99,315.82,158.25,0.7153,0.7153,5.9677,14.5243,27.0775,0.4431
2148,2935,33.75,34.77,92.44,204.51,0.6069,0.6069,4.1977,18.2475,0.0,0.4593
2148,2898,135.79,12.5,169.19,118.85,0.6245,0.6245,8.9499,5.3335,162.9743,0.2073
2148,2911,244.41,35.6,312.1,158.74,0.2651,0.2651,5.9251,13.9741,0.0,0.1741
2148,2963,190.04,36.15,207.31,79.76,0.4055,0.4055,18.5396,9.5121,0.0,0.2685
2148,2855,243.87,35.72,312.36,219.69,0.3584,0.3584,3.7526,17.2427,140.2719,0.1737
2149,2935,34.12,34.71,91.0,199.09,0.6289,0.6289,4.3583,17.999,158.6875,0.2532
2149,2898,137.69,12.73,171.64,119.5,0.5962,0.5962,8.8683,5.0446,0.0,0.3967
2149,2963,190.4,36.09,208.03,80.62,0.3008,0.3008,18.1226,9.4184,6.3806,0.1986
2149,2855,241.67,38.26,310.89,227.51,0.2366,0.2366,3.5726,17.7041,25.7406,0.1912
2150,2935,33.94,34.5,90.53,197.76,0.7188,0.7188,4.4001,17.9647,0.0,0.525
2150,2898,137.84,10.5,172.99,120.46,0.791,0.791,8.754,4.8728,13.6985,0.5189
2150,2963,190.33,35.91,208.08,80.89,0.2805,0.2805,17.995,9.3819,5.3985,0.1853
2150,2855,235.33,24.03,305.58,219.92,0.2081,0.2081,3.7285,16.4772,148.6184,0.1018
2151,2935,33.82,33.96,91.62,199.99,0.7407,0.7407,4.3306,18.0301,0.0,0.5478
2151,2898,139.3,11.65,174.26,120.41,0.7319,0.7319,8.7579,4.7393,0.0,0.4871
2151,2963,190.57,36.16,208.21,80.85,0.3098,0.3098,18.0142,9.3948,0.0,0.2051
2151,2855,233.52,18.41,303.87,217.53,0.2134,0.2134,3.7807,16.0961,0.0,0.1742
2152,2935,32.82,33.77,89.97,198.24,0.708,0.708,4.3881,18.0898,0.0,0.5181
2152,2898,139.97,11.78,175.02,120.59,0.7422,0.7422,8.7361,4.6498,0.0,0.494
2152,2963,190.55,36.05,208.34,81.12,0.3604,0.3604,17.8883,9.361,5.5558,0.2381
2153,2935,31.93,33.7,88.42,196.84,0.6548,0.6548,4.4357,18.1597,0.0,0.4749
2153,2898,138.93,9.98,174.54,120.57,0.627,0.627,8.7394,4.7276,0.0,0.4173
2153,2881,227.91,16.79,286.65,161.04,0.3108,0.3108,5.734,11.2112,86.7592,0.1075
2154,2935,31.3,33.21,87.94,197.54,0.7007,0.7007,4.4158,18.2621,0.0,0.51
2154,2898,139.21,12.08,174.41,120.76,0.7646,0.7646,8.7172,4.7008,0.0,0.5089
2154,2881,227.58,16.89,287.51,162.34,0.2532,0.2532,5.6684,11.2868,0.0,0.1672
2155,2935,31.15,33.13,88.04,198.65,0.71,0.71,4.3817,18.3239,0.0,0.5199
2155,2898,139.1,13.0,174.39,121.02,0.7295,0.7295,8.6874,4.6813,0.0,0.4855
2155,2881,228.79,27.24,285.95,161.56,0.2861,0.2861,5.7075,11.239,0.0,0.1889
2156,2935,31.15,32.92,87.88,198.16,0.6592,0.6592,4.397,18.3072,0.0,0.4813
2156,2898,139.39,13.34,174.83,120.94,0.7759,0.7759,8.6961,4.6525,0.0,0.5164
2157,2935,31.08,32.94,87.87,198.72,0.7407,0.7407,4.38,18.3418,0.0,0.5425
2157,2898,141.59,13.75,176.54,120.54,0.7378,0.7378,8.7399,4.5029,0.0,0.4911
2157,2911,216.71,35.14,284.77,159.53,0.395,0.395,5.7944,10.2815,74.5661,0.1646
2158,2935,31.24,32.4,87.92,197.83,0.6162,0.6162,4.407,18.2821,0.0,0.4492
2158,2898,141.31,13.85,176.12,120.58,0.5591,0.5591,8.7357,4.5321,0.0,0.3722
2158,2911,213.81,39.02,279.62,160.31,0.2043,0.2043,5.743,9.7604,0.0,0.1352
2159,2935,31.17,32.48,88.17,199.08,0.79,0.79,4.3684,18.3381,0.0,0.5798
2159,2898,142.6,13.89,177.3,120.78,0.7417,0.7417,8.7111,4.3939,0.0,0.4937
2159,2911,214.6,34.67,282.18,160.39,0.2949,0.2949,5.7431,9.9898,0.0,0.1951
2160,2935,33.33,32.61,91.68,201.22,0.7642,0.7642,4.2948,18.1245,0.0,0.5687
2160,2898,143.16,13.99,177.65,120.86,0.6807,0.6807,8.7014,4.343,0.0,0.4531
2161,2935,31.75,32.57,89.49,199.72,0.7822,0.7822,4.3458,18.2613,0.0,0.5766
2161,2898,143.78,13.42,178.27,121.13,0.6621,0.6621,8.6697,4.2567,0.0,0.4408
2161,2855,207.47,31.47,283.21,246.26,0.4883,0.4883,3.1488,16.9063,33.7428,0.4116
2161,2911,207.39,33.07,277.88,165.08,0.3167,0.3167,5.4948,9.3986,24.7849,0.2
2162,2935,32.05,32.38,90.19,200.07,0.6646,0.6646,4.3336,18.222,0.0,0.491
2162,2898,146.33,13.76,180.24,121.93,0.7744,0.7744,8.5768,3.9666,30.1284,0.4808
2162,2855,206.8,32.47,283.04,249.94,0.2338,0.2338,3.085,17.2861,0.0,0.212
2162,2911,202.21,32.36,282.28,187.07,0.3711,0.3711,4.5984,10.735,20.294,0.2574
2162,2881,247.15,17.46,307.55,168.25,0.5127,0.5127,5.4454,14.1051,50.8729,0.2736
2163,2935,31.88,32.31,90.1,199.83,0.7485,0.7485,4.3412,18.224,0.0,0.5522
2163,2898,147.32,13.1,181.49,124.92,0.7217,0.7217,8.2524,3.5318,12.364,0.4751
2163,2855,205.03,33.28,278.65,246.07,0.4253,0.4253,3.1469,16.6418,0.0,0.3827
2163,2911,203.53,32.63,277.78,177.64,0.233,0.233,4.9437,9.855,160.6453,0.0783
2163,2881,251.56,16.74,309.2,168.85,0.5107,0.5107,5.4282,14.5208,0.0,0.335
2164,2935,32.98,32.01,92.61,202.15,0.75,0.75,4.2665,18.144,0.0,0.5609
2164,2898,149.42,13.76,183.31,125.71,0.6245,0.6245,8.1693,3.2702,0.0,0.416
2164,2855,203.74,33.28,277.75,250.45,0.7305,0.7305,3.0704,17.0652,0.0,0.6642
2164,2881,255.17,16.22,310.66,169.24,0.3218,0.3218,5.4193,14.8638,0.0,0.2109
2165,2935,33.56,31.99,94.08,203.21,0.8013,0.8013,4.2325,18.087,0.0,0.603
2165,2898,149.3,13.89,182.49,125.96,0.7505,0.7505,8.1441,3.2826,0.0,0.4999
2165,2855,202.98,32.99,275.98,250.76,0.7075,0.7075,3.0634,17.0191,0.0,0.644
2165,2881,257.69,16.04,310.65,168.26,0.7544,0.7544,5.4691,14.9968,0.0,0.4944
2166,2935,31.75,31.9,91.03,200.37,0.7988,0.7988,4.3237,18.207,0.0,0.5912
2166,2898,150.7,14.21,182.71,123.54,0.7056,0.7056,8.3969,3.4972,167.9148,0.2348
2166,2855,200.84,32.66,277.68,268.99,0.603,0.603,2.7831,19.1091,31.4298,0.5397
2166,2881,259.99,15.82,311.14,168.41,0.6426,0.6426,5.4672,15.1832,0.0,0.4209
2167,2935,30.9,32.15,89.39,199.17,0.6953,0.6953,4.364,18.2871,0.0,0.5108
2167,2898,152.8,14.42,184.53,123.25,0.8105,0.8105,8.4269,3.3891,0.0,0.5399
2167,2855,199.31,30.48,275.14,269.75,0.4436,0.4436,2.7698,19.0875,0.0,0.4195
2167,2881,260.58,15.66,310.53,168.73,0.7627,0.7627,5.4524,15.1916,0.0,0.4996
2168,2935,32.82,31.6,92.99,202.08,0.8369,0.8369,4.2682,18.1272,0.0,0.6257
2168,2898,153.58,13.94,185.9,125.19,0.7476,0.7476,8.2206,3.0718,13.2602,0.4914
2168,2855,196.16,28.76,273.73,282.0,0.4524,0.4524,2.6041,20.4067,33.4352,0.4117
2168,2881,259.1,15.71,308.51,168.73,0.6226,0.6226,5.446,14.9637,0.0,0.408
2169,2935,33.39,31.12,94.48,203.17,0.7949,0.7949,4.2333,18.0714,0.0,0.5981
2169,2898,154.27,14.45,185.42,121.07,0.709,0.709,8.6693,3.5941,168.8999,0.2359
2169,2881,259.72,15.76,308.99,168.16,0.5439,0.5439,5.4744,15.0179,0.0,0.3564
2170,2935,31.32,31.03,90.72,199.51,0.6216,0.6216,4.3508,18.2029,155.1653,0.2506
2170,2898,155.95,15.35,188.43,124.59,0.6929,0.6929,8.282,2.9997,13.8179,0.4549
2170,2881,261.58,15.61,310.58,168.76,0.6733,0.6733,5.4529,15.2608,0.0,0.441
2170,2911,198.5,33.03,266.9,174.42,0.5156,0.5156,5.0585,8.6655,135.0827,0.1699
2171,2935,32.61,30.35,93.06,200.9,0.6699,0.6699,4.3031,18.0679,0.0,0.4978
2171,2898,156.74,15.63,189.68,126.24,0.5488,0.5488,8.1117,2.7265,13.8107,0.3604
2171,2881,263.95,15.75,312.17,168.61,0.7871,0.7871,5.4673,15.5137,0.0,0.5152
2171,2911,198.2,34.06,262.15,173.42,0.2295,0.2295,5.0956,8.2885,0.0,0.1522
2172,2935,30.96,29.55,90.69,199.47,0.7212,0.7212,4.3526,18.2236,0.0,0.531
2172,2898,156.51,15.45,188.77,123.03,0.7446,0.7446,8.4488,3.186,168.4589,0.2478
2172,2881,264.93,15.73,312.58,168.25,0.7871,0.7871,5.4866,15.5934,0.0,0.5151
2173,2935,32.32,29.07,94.08,204.22,0.8218,0.8218,4.2056,18.2182,23.4262,0.5986
2173,2898,156.87,15.51,189.75,123.22,0.7705,0.7705,8.4279,3.1297,0.0,0.5133
2173,2881,265.87,15.27,313.06,168.29,0.8145,0.8145,5.4875,15.6868,0.0,0.5329
2173,2855,188.69,35.3,254.33,255.6,0.5039,0.5039,2.9639,16.606,146.5462,0.2978
2174,2935,31.9,28.9,92.69,201.78,0.501,0.501,4.279,18.1809,0.0,0.3738
2174,2898,158.29,15.53,191.38,123.11,0.7075,0.7075,8.4394,3.0851,0.0,0.4713
2174,2881,266.76,14.92,313.43,168.67,0.8477,0.8477,5.4722,15.7796,0.0,0.5545
2174,2855,190.42,34.94,254.44,261.89,0.2415,0.2415,2.8678,17.4226,0.0,0.226
2175,2935,30.19,28.84,90.88,203.22,0.7471,0.7471,4.243,18.4674,0.0,0.5607
2175,2898,158.2,14.32,190.88,118.04,0.5566,0.5566,9.0281,3.8013,169.3204,0.1851
2175,2881,267.26,15.08,313.22,168.81,0.8535,0.8535,5.4663,15.8024,0.0,0.5582
2175,2855,179.38,34.87,246.65,267.76,0.75,0.75,2.7744,17.787,48.1676,0.6273
2176,2935,30.5,28.74,89.81,200.06,0.75,0.75,4.3371,18.3344,0.0,0.5536
2176,2898,159.23,12.63,193.51,122.07,0.6875,0.6875,8.5537,3.1866,12.3042,0.4527
2176,2881,268.03,15.43,313.28,168.66,0.8423,0.8423,5.4749,15.8519,0.0,0.5509
2176,2855,173.84,33.18,243.12,270.12,0.3701,0.3701,2.7382,17.944,0.0,0.3523
2177,2935,30.35,29.0,88.1,196.98,0.7515,0.7515,4.4346,18.2796,0.0,0.545
2177,2898,160.33,13.26,193.89,120.4,0.2598,0.2598,8.7441,3.408,167.9825,0.0864
2177,2881,268.41,15.66,313.13,168.6,0.8433,0.8433,5.4781,15.865,0.0,0.5515
2177,2855,171.3,34.24,240.57,267.67,0.4397,0.4397,2.7711,17.5619,0.0,0.417
2178,2935,30.57,29.29,87.66,196.2,0.7471,0.7471,4.4594,18.2523,0.0,0.5394
2178,2898,162.58,13.42,195.11,116.71,0.6533,0.6533,9.1948,3.9137,168.4447,0.2173
2178,2881,268.87,15.76,313.04,167.92,0.7861,0.7861,5.5105,15.8697,0.0,0.5141
2178,2855,169.15,30.81,239.94,270.16,0.3303,0.3303,2.7354,17.8439,0.0,0.3146
2179,2935,30.84,29.5,87.38,195.37,0.7515,0.7515,4.4857,18.2106,0.0,0.54
2179,2898,166.22,13.68,196.28,109.25,0.3638,0.3638,10.2568,4.9775,170.1203,0.1208
2179,2881,269.32,15.9,313.11,167.56,0.7515,0.7515,5.5285,15.8935,0.0,0.4914
2179,2855,168.66,32.65,238.81,267.93,0.8369,0.8369,2.7663,17.5387,0.0,0.7942
2180,2935,31.16,29.3,87.08,193.77,0.7441,0.7441,4.5372,18.1294,0.0,0.5297
2180,2881,267.17,15.95,311.4,168.17,0.8296,0.8296,5.4924,15.66,0.0,0.5428
2180,2855,167.35,32.07,238.28,267.14,0.6021,0.6021,2.777,17.4151,0.0,0.5707
2181,2935,32.86,29.42,92.28,203.11,0.833,0.833,4.2394,18.2256,22.5546,0.6046
2181,2881,268.48,15.98,312.47,168.21,0.8315,0.8315,5.4951,15.8156,0.0,0.5438
2181,2855,160.56,33.18,233.94,267.03,0.6636,0.6636,2.7761,17.284,0.0,0.6292
2181,2898,173.16,13.14,196.77,86.62,0.3452,0.3452,15.6326,8.2085,173.7127,0.1139
2182,2935,32.5,29.28,89.9,197.05,0.6216,0.6216,4.4256,18.0492,158.8045,0.2446
2182,2881,268.53,15.8,312.54,168.41,0.7407,0.7407,5.486,15.8291,0.0,0.4844
2182,2855,153.73,32.83,229.86,264.0,0.8228,0.8228,2.8181,16.8046,0.0,0.7762
2183,2935,32.55,29.04,88.64,193.12,0.7217,0.7217,4.5533,17.9203,159.4795,0.2719
2183,2881,269.07,15.37,313.12,169.04,0.8076,0.8076,5.459,15.9199,0.0,0.5281
2183,2855,153.62,31.46,235.14,264.82,0.6826,0.6826,2.8069,16.9484,0.0,0.6448
2184,2935,32.82,28.58,88.56,191.2,0.6943,0.6943,4.6167,17.8155,0.0,0.4873
2184,2881,269.62,14.37,313.41,167.97,0.8403,0.8403,5.5104,15.9438,0.0,0.5494
2184,2855,147.62,32.14,232.45,265.97,0.397,0.397,2.7892,17.0415,0.0,0.3759
2184,2898,182.69,11.59,206.56,79.21,0.4272,0.4272,18.8093,9.4451,171.5476,0.1405
2185,2935,34.06,28.23,89.88,190.23,0.7686,0.7686,4.645,17.6141,0.0,0.5368
2185,2881,269.55,13.45,313.65,169.14,0.8506,0.8506,5.4563,15.9882,0.0,0.5561
2185,2898,183.22,11.93,208.82,79.32,0.7231,0.7231,18.7557,9.4751,0.0,0.4788
2186,2935,37.8,27.92,95.14,190.65,0.6782,0.6782,4.6151,17.0885,0.0,0.477
2186,2881,269.69,12.83,313.64,168.94,0.8452,0.8452,5.4658,15.9908,0.0,0.5526
2186,2898,181.93,11.42,208.68,77.87,0.4358,0.4358,19.5215,9.6486,174.4171,0.1432
2187,2935,39.65,28.27,97.87,190.36,0.7168,0.7168,4.6172,16.7961,0.0,0.5043
2187,2881,270.19,12.51,312.97,164.59,0.8711,0.8711,5.6736,15.8644,163.2578,0.2793
2187,2898,181.79,12.42,209.27,77.75,0.6021,0.6021,19.5882,9.672,0.0,0.3985
2188,2935,38.6,27.85,97.15,189.63,0.7305,0.7305,4.645,16.8671,0.0,0.5111
2188,2881,270.36,12.4,312.41,161.9,0.8584,0.8584,5.809,15.7781,163.5366,0.2754
2188,2898,180.72,13.22,208.85,78.41,0.4417,0.4417,19.2278,9.559,7.5982,0.2911
2189,2935,39.04,27.98,98.32,189.94,0.6895,0.6895,4.6317,16.7847,0.0,0.4837
2189,2881,270.17,12.1,312.9,164.66,0.7925,0.7925,5.6699,15.8602,16.8086,0.507
2189,2898,180.28,13.31,209.02,78.13,0.3311,0.3311,19.3783,9.593,174.4021,0.1088
2190,2935,39.98,28.59,99.15,188.96,0.7178,0.7178,4.6623,16.6279,0.0,0.5009
2190,2881,269.84,11.81,312.49,164.49,0.8359,0.8359,5.6769,15.8078,0.0,0.5467
2190,2898,179.76,13.68,208.59,77.88,0.4844,0.4844,19.514,9.6129,169.2129,0.1592
2191,2935,42.13,27.89,102.38,189.36,0.626,0.626,4.6396,16.3201,0.0,0.439
2191,2881,270.17,11.24,312.22,162.02,0.8442,0.8442,5.802,15.7557,163.6435,0.2708
2191,2898,178.53,12.3,208.63,78.78,0.4766,0.4766,19.0301,9.4729,6.1085,0.3147
2192,2935,43.12,27.73,104.11,189.71,0.7886,0.7886,4.6232,16.1727,0.0,0.5549
2192,2881,270.27,10.95,311.84,159.98,0.8691,0.8691,5.9086,15.6963,163.8081,0.2789
2192,2898,177.91,10.59,209.16,79.27,0.4727,0.4727,18.7769,9.4046,5.1916,0.3124
2193,2935,44.95,27.86,106.58,189.67,0.7808,0.7808,4.6177,15.9092,0.0,0.5504
2193,2881,270.11,10.76,311.79,160.45,0.8145,0.8145,5.8832,15.6915,0.0,0.5329
2193,2898,177.53,11.89,208.17,78.56,0.4746,0.4746,19.1449,9.4828,172.885,0.156
2194,2935,46.26,27.72,108.29,189.4,0.835,0.835,4.6222,15.7111,0.0,0.5883
2194,2881,270.77,10.96,311.14,155.71,0.8506,0.8506,6.145,15.6128,164.5018,0.2731
2194,2898,177.34,12.91,207.78,78.22,0.3269,0.3269,19.3262,9.5217,173.3368,0.1075
2195,2935,47.45,28.23,109.8,189.77,0.8286,0.8286,4.6054,15.5672,0.0,0.5859
2195,2881,270.15,10.86,310.51,154.69,0.7695,0.7695,6.2015,15.5163,0.0,0.5037
2195,2898,176.65,13.45,207.66,78.96,0.3496,0.3496,18.9342,9.4097,5.8405,0.2309
2196,2935,48.28,28.24,110.48,189.18,0.8525,0.8525,4.6231,15.4431,0.0,0.6009
2196,2881,270.3,11.04,310.27,153.23,0.7192,0.7192,6.2879,15.4928,0.0,0.4708
2196,2898,176.75,13.7,207.99,79.16,0.6372,0.6372,18.8314,9.3878,7.6422,0.4201
2197,2935,48.87,28.34,111.84,190.83,0.8262,0.8262,4.5644,15.4169,0.0,0.5889
2197,2881,270.12,10.72,310.04,152.54,0.4514,0.4514,6.3287,15.4582,0.0,0.2955
2197,2898,175.79,14.0,207.42,79.15,0.3821,0.3821,18.8355,9.3697,0.0,0.253
2198,2935,51.17,28.47,112.78,187.56,0.8145,0.8145,4.6711,15.0384,157.264,0.2979
2198,2881,270.28,10.98,309.74,151.38,0.4016,0.4016,6.3997,15.4377,0.0,0.2629
2198,2984,269.66,10.97,310.73,85.56,0.4688,0.4688,16.6119,17.3493,0.0,0.3054
2199,2935,52.57,28.52,113.83,187.07,0.7271,0.7271,4.6846,14.8618,0.0,0.5072
2199,2881,270.14,10.95,309.82,152.12,0.668,0.668,6.3539,15.4407,0.0,0.4373
2199,2898,172.86,15.05,205.04,79.29,0.4397,0.4397,18.7607,9.2923,59.2054,0.2197
2200,2935,54.57,27.51,115.1,185.41,0.7949,0.7949,4.7386,14.5711,0.0,0.5491
2200,2881,270.28,10.45,310.03,152.52,0.8306,0.8306,6.3303,15.468,0.0,0.5437
2200,2898,172.45,15.66,205.38,79.36,0.314,0.314,18.7251,9.2819,0.0,0.208
2201,2935,55.55,27.04,115.83,185.92,0.7051,0.7051,4.7178,14.4935,0.0,0.4891
2201,2881,270.09,10.2,309.61,151.49,0.7559,0.7559,6.3922,15.4174,0.0,0.4949
2202,2935,56.47,26.5,116.04,185.29,0.8159,0.8159,4.7387,14.3896,0.0,0.5638
2202,2881,269.9,9.97,309.66,151.97,0.8359,0.8359,6.3622,15.4126,0.0,0.5472
2203,2935,57.78,25.46,116.87,185.73,0.7471,0.7471,4.7198,14.2821,0.0,0.5183
2203,2881,269.86,9.73,309.55,151.15,0.4504,0.4504,6.4127,15.3951,0.0,0.2949
2203,2984,269.16,9.73,310.79,85.5,0.3774,0.3774,16.6329,17.3276,0.0,0.2459
2204,2935,59.9,25.17,116.25,179.69,0.7832,0.7832,4.9425,13.8734,160.7297,0.2595
2204,2881,269.46,9.74,309.16,151.8,0.6802,0.6802,6.3707,15.3484,0.0,0.4454
2205,2935,61.45,24.7,116.87,177.78,0.8037,0.8037,5.0145,13.6443,0.0,0.5282
2205,2881,268.55,9.59,308.29,152.43,0.6807,0.6807,6.3282,15.2362,0.0,0.4458
2206,2935,64.57,24.07,119.15,176.46,0.7241,0.7241,5.0596,13.2383,0.0,0.4763
2206,2881,268.34,9.54,307.64,152.13,0.3208,0.3208,6.3447,15.1758,0.0,0.2101
2207,2935,66.61,23.75,119.78,174.32,0.7861,0.7861,5.1441,12.9689,0.0,0.5174
2207,2881,267.02,9.48,306.24,152.22,0.8159,0.8159,6.3334,14.9953,0.0,0.5347
2208,2935,68.19,22.99,121.18,174.98,0.7808,0.7808,5.1122,12.8077,0.0,0.5141
2208,2881,266.42,9.51,305.64,152.26,0.7407,0.7407,6.3284,14.9156,0.0,0.4855
2209,2935,69.39,22.35,121.44,173.86,0.5659,0.5659,5.157,12.6623,0.0,0.3727
2209,2881,265.72,9.78,304.8,152.48,0.791,0.791,6.3118,14.815,0.0,0.5186
2210,2935,73.33,21.75,125.52,173.3,0.459,0.459,5.1693,12.1196,0.0,0.3026
2210,2881,266.32,9.79,304.95,152.1,0.7148,0.7148,6.3365,14.8612,0.0,0.4686
2211,2935,75.17,21.91,127.79,174.71,0.7192,0.7192,5.1045,11.924,0.0,0.4743
2211,2881,264.38,9.92,302.36,151.41,0.7529,0.7529,6.3695,14.5511,0.0,0.4939
2212,2935,73.97,21.9,125.68,174.9,0.5078,0.5078,5.1011,12.1452,0.0,0.3347
2212,2881,262.9,9.39,300.68,152.0,0.8076,0.8076,6.3267,14.345,0.0,0.53
2213,2935,76.41,21.9,128.2,175.74,0.3577,0.3577,5.0599,11.8713,0.0,0.2359
2213,2881,262.07,8.93,298.5,147.59,0.8184,0.8184,6.6012,14.1084,164.4865,0.2646
2213,2995,192.08,16.93,223.39,97.71,0.3408,0.3408,12.486,7.6973,0.0,0.2262
2214,2935,77.96,21.64,129.26,174.87,0.6665,0.6665,5.0923,11.66,0.0,0.4397
2214,2881,261.55,8.81,296.81,143.38,0.5244,0.5244,6.8869,13.9507,165.4637,0.1696
2214,2995,191.95,16.89,223.03,96.96,0.2546,0.2546,12.6605,7.7707,171.9121,0.0841
2215,2935,84.47,20.9,124.0,132.96,0.6514,0.6514,7.6221,10.8557,167.4032,0.2132
2215,2881,260.29,8.33,295.61,144.02,0.7407,0.7407,6.8361,13.7841,0.0,0.4867
2215,2995,195.28,16.97,221.09,82.8,0.2366,0.2366,17.1632,9.5789,174.3405,0.0778
2216,2935,80.28,20.96,127.62,156.9,0.4026,0.4026,5.9515,10.9347,15.9689,0.2608
2216,2881,260.18,8.06,295.06,142.97,0.7861,0.7861,6.9098,13.7402,0.0,0.5166
2216,2997,192.59,16.89,229.34,135.77,0.5806,0.5806,7.2685,4.5881,0.0,0.3864
2217,2935,80.84,21.03,127.97,157.61,0.4341,0.4341,5.9111,10.8896,0.0,0.2868
2217,2881,258.31,7.97,293.38,145.24,0.7832,0.7832,6.7419,13.4999,16.8804,0.5037
2217,2997,193.4,17.18,230.22,136.26,0.3132,0.3132,7.2299,4.6876,0.0,0.2085
2217,2998,83.17,21.46,120.17,77.41,0.4082,0.4082,20.133,14.44,0.0,0.2678
2218,2935,83.07,21.55,128.55,153.78,0.5757,0.5757,6.1233,10.6156,163.2668,0.1886
2218,2881,257.57,7.8,291.18,139.84,0.6738,0.6738,7.1295,13.3117,165.9099,0.2186
2218,2997,195.44,19.24,231.8,136.64,0.2949,0.2949,7.2021,4.9267,0.0,0.1962
2219,2935,83.23,21.58,128.61,155.28,0.5981,0.5981,6.0366,10.6297,0.0,0.3953
2219,2881,256.73,7.3,289.67,137.47,0.6309,0.6309,7.3112,13.1705,165.1042,0.2048
2220,2935,85.42,21.56,132.14,160.06,0.5908,0.5908,5.7678,10.3626,18.4291,0.3806
2220,2881,256.27,6.81,288.59,134.85,0.7319,0.7319,7.5252,13.0961,166.5427,0.2376
2221,2935,85.41,21.13,133.58,166.47,0.5273,0.5273,5.4479,10.5001,17.3639,0.3406
2221,2881,256.04,6.31,288.32,133.84,0.4272,0.4272,7.6111,13.0765,0.0,0.2811
2222,2935,85.46,20.69,134.1,170.64,0.541,0.541,5.2573,10.6533,17.9232,0.3488
2222,2881,255.64,6.14,288.24,134.55,0.3523,0.3523,7.5487,13.0338,0.0,0.2318
2223,2935,86.72,19.98,133.8,167.96,0.6177,0.6177,5.3767,10.4643,162.0479,0.2025
2223,2881,254.94,6.13,288.07,136.77,0.7822,0.7822,7.3609,12.9474,13.1145,0.508
2223,2997,204.52,22.16,241.72,143.75,0.3933,0.3933,6.6867,6.1642,23.6977,0.2504
2224,2935,88.65,19.06,134.27,163.99,0.3328,0.3328,5.5619,10.1385,162.0691,0.1092
2224,2881,254.49,6.13,287.5,135.5,0.7163,0.7163,7.464,12.893,165.9374,0.2327
2224,2997,205.85,22.36,242.83,144.39,0.3914,0.3914,6.6447,6.3373,0.0,0.2601
2225,2935,89.67,17.98,134.37,162.18,0.3887,0.3887,5.6504,9.9957,0.0,0.2572
2225,2881,253.66,5.59,286.9,135.47,0.3523,0.3523,7.4635,12.7963,0.0,0.232
2226,2935,90.35,17.21,134.22,161.31,0.6704,0.6704,5.6939,9.9293,0.0,0.4436
2226,2881,253.38,5.39,286.69,135.67,0.6792,0.6792,7.4457,12.7604,0.0,0.4472
2226,2997,207.07,20.16,244.42,145.5,0.2539,0.2539,6.5718,6.5396,0.0,0.1687
2227,2935,91.7,16.82,134.3,159.13,0.2494,0.2494,5.8057,9.7614,162.6479,0.0819
2227,2881,250.11,4.49,282.95,132.05,0.3008,0.1504,7.7456,12.3409,162.3616,0.049
2227,2997,209.79,21.87,245.76,144.91,0.606,0.606,6.6159,6.8247,0.0,0.4026
2227,2998,91.34,16.78,128.37,73.99,0.5059,0.5059,22.2237,13.9403,168.2907,0.1637
2228,2935,92.46,16.62,135.04,161.48,0.5107,0.5107,5.6816,9.7377,17.213,0.3304
2228,2998,93.04,16.6,129.45,73.78,0.2101,0.2101,22.3587,13.8282,150.7597,0.068
2229,2998,93.49,16.54,129.92,75.02,0.355,0.355,21.5092,13.6648,4.7544,0.2329
2229,2881,244.84,5.62,277.82,130.39,0.562,0.562,7.8768,11.6695,141.0386,0.1835
2229,2997,214.05,23.04,249.42,144.77,0.4082,0.4082,6.6341,7.3839,0.0,0.271
2230,2998,95.03,16.47,129.61,72.83,0.3694,0.3694,23.0418,13.8197,175.565,0.1196
2230,2881,243.06,5.98,277.15,133.62,0.2837,0.2837,7.5806,11.4372,13.237,0.1847
2230,2997,216.98,23.91,251.53,144.76,0.4417,0.4417,6.6406,7.7392,0.0,0.2931
2230,2935,95.47,16.44,137.17,159.64,0.3999,0.3999,5.7704,9.3267,0.0,0.2648
2231,2998,94.52,16.58,131.07,77.63,0.2466,0.2466,19.9112,13.3099,4.888,0.1619
2231,2935,96.76,16.51,137.12,155.96,0.3218,0.3218,5.9684,9.1326,163.7776,0.1059
2232,2998,97.04,16.49,129.7,71.15,0.2056,0.2056,24.366,13.889,175.9754,0.0665
2232,2935,98.24,16.33,137.44,151.66,0.3259,0.3259,6.2161,8.9151,164.2615,0.1073
2233,2935,98.29,16.27,138.17,154.65,0.6816,0.6816,6.0393,8.9223,15.7802,0.4431
2233,2881,244.54,6.98,276.9,129.87,0.3784,0.3784,7.9232,11.5988,167.8198,0.1236
2233,2997,220.5,24.29,256.73,152.32,0.7202,0.7202,6.1677,8.4344,17.987,0.4658
2234,2935,98.72,16.34,138.73,155.75,0.6772,0.6772,5.9758,8.8817,0.0,0.4488
2234,2881,242.41,6.7,275.76,134.23,0.2069,0.2069,7.524,11.2871,13.3209,0.1347
2234,2997,220.24,24.62,256.39,155.22,0.3674,0.3674,5.9986,8.46,15.8541,0.2389
2235,2935,100.22,16.26,140.14,155.08,0.6206,0.6206,6.0101,8.6638,0.0,0.4114
2235,2881,245.73,7.49,276.71,130.25,0.2089,0.2089,7.8894,11.6578,166.634,0.0682
2235,2997,221.8,25.47,257.89,157.35,0.4321,0.4321,5.8838,8.7309,20.0594,0.2777
2236,2935,101.15,16.23,141.18,155.03,0.6396,0.6396,6.0106,8.5267,0.0,0.424
2236,2881,242.21,7.56,273.5,130.97,0.3191,0.3191,7.8092,11.1838,40.5515,0.1852
2237,2935,102.48,16.23,142.19,152.8,0.332,0.332,6.137,8.3122,162.3293,0.1095
2237,2998,99.23,16.1,133.48,74.68,0.2942,0.2942,21.6949,13.2626,5.7319,0.193
2239,2997,226.99,9.11,269.03,160.94,0.604,0.604,5.7137,9.9565,39.4676,0.3537
2239,2935,102.51,16.42,142.64,155.83,0.3433,0.3433,5.9623,8.3541,15.9273,0.2233
2240,2997,226.27,6.91,269.87,163.03,0.2069,0.2069,5.6081,10.0389,16.905,0.1339
2240,2935,103.31,16.63,142.77,154.9,0.22,0.22,6.0137,8.2646,0.0,0.1459
2241,2997,225.88,7.01,270.96,167.05,0.6758,0.6758,5.4155,10.2501,17.5666,0.4364
2241,2935,103.87,16.74,143.63,156.24,0.4756,0.4756,5.9368,8.2045,0.0,0.3154
2242,2997,228.49,22.58,270.52,168.76,0.543,0.543,5.3396,10.4702,0.0,0.359
2242,2935,104.39,16.39,144.06,155.72,0.2942,0.2942,5.9647,8.1239,0.0,0.1951
2243,2997,232.68,29.03,269.27,151.9,0.3748,0.3748,6.2255,10.1409,164.7147,0.123
2243,2935,106.51,16.54,145.49,154.31,0.3091,0.3091,6.0408,7.84,0.0,0.2051
2244,2997,232.58,30.84,272.42,164.74,0.502,0.502,5.5357,10.6955,17.2875,0.3242
2244,2935,107.42,16.52,146.52,156.39,0.4795,0.4795,5.9215,7.7671,17.3013,0.311
2245,2997,234.78,31.97,274.95,168.3,0.2532,0.2532,5.3744,11.1523,21.3883,0.1614
2245,2935,108.92,16.24,147.08,154.39,0.4961,0.4961,6.032,7.5655,162.1376,0.1639
2246,2997,236.94,32.17,276.91,169.64,0.4609,0.4609,5.3192,11.4801,0.0,0.3042
2246,2935,109.75,16.42,147.72,155.67,0.562,0.562,5.9579,7.5018,0.0,0.3731
2246,2881,227.61,6.46,258.19,130.05,0.4207,0.4207,7.8423,9.1668,97.3589,0.1384
2247,2997,240.87,32.12,280.54,169.72,0.5601,0.5601,5.3261,11.9779,0.0,0.3693
2247,2881,227.15,5.26,257.18,129.75,0.3794,0.3794,7.8681,9.0757,0.0,0.2514
2248,2997,246.21,32.13,281.3,152.88,0.2289,0.2289,6.2067,11.912,164.5724,0.0747
2249,2997,248.29,31.98,287.15,164.3,0.3638,0.3638,5.6018,12.7084,18.1251,0.2335
2249,2935,111.25,16.77,148.32,154.0,0.251,0.251,6.0507,7.3077,0.0,0.1667
2251,2881,222.12,5.25,251.31,128.22,0.3933,0.3933,7.9981,8.3876,138.8293,0.1297
2251,2997,251.99,32.57,291.38,168.75,0.6069,0.6069,5.4034,13.3796,23.8784,0.3818
2251,2935,115.35,15.3,152.51,152.7,0.563,0.563,6.1185,6.6975,0.0,0.3741
2252,2997,253.76,32.73,293.11,170.05,0.3904,0.3904,5.3501,13.6552,0.0,0.2566
2252,2935,116.68,14.86,153.93,152.46,0.6177,0.6177,6.1301,6.4998,0.0,0.4105
2253,2997,256.31,32.96,297.11,174.1,0.7056,0.7056,5.1842,14.2348,23.8632,0.4431
2253,2935,118.31,14.9,154.25,147.44,0.646,0.646,6.4395,6.2683,164.867,0.214
2253,2881,221.33,4.15,250.07,127.93,0.2854,0.1427,8.0234,8.2615,0.0,0.0946
2254,2997,258.98,34.13,301.19,176.7,0.5088,0.5088,5.0873,14.7735,30.8544,0.3096
2254,2935,120.8,14.64,156.47,144.32,0.5869,0.5869,6.6439,5.9152,161.9148,0.1946
2254,2881,221.26,4.3,249.57,128.19,0.5029,0.2515,7.9972,8.2129,0.0,0.1668
2255,2997,259.16,35.22,302.14,177.55,0.6826,0.6826,5.0547,14.8812,0.0,0.4474
2255,2935,122.42,14.67,158.29,143.49,0.6489,0.6489,6.6985,5.6711,0.0,0.4315
2255,2881,221.19,3.85,249.29,128.28,0.4863,0.2432,7.988,8.1858,0.0,0.1613
2256,2997,262.15,36.89,306.6,178.18,0.7393,0.7393,5.042,15.3806,0.0,0.484
2256,2935,123.28,14.1,159.17,141.62,0.6704,0.6704,6.8303,5.5574,164.4888,0.2224
2256,2881,220.09,3.54,248.29,128.51,0.6494,0.3247,7.9628,8.0349,0.0,0.2154
2257,2997,263.88,38.42,309.76,178.37,0.7886,0.7886,5.0429,15.6982,0.0,0.5159
2257,2935,125.44,13.9,162.32,141.82,0.5898,0.5898,6.8113,5.1787,0.0,0.3924
2257,2881,218.87,4.13,247.12,128.36,0.71,0.355,7.974,7.8793,0.0,0.2355
2258,2997,263.94,39.62,312.48,182.75,0.8535,0.8535,4.8781,16.0601,20.4919,0.5538
2258,2935,124.89,13.74,162.25,142.86,0.4102,0.4102,6.7374,5.216,0.0,0.2729
2258,2881,219.52,4.32,247.5,128.92,0.6387,0.3194,7.9215,7.9271,0.0,0.2119
2259,2997,263.33,40.14,314.19,186.1,0.7227,0.7227,4.7571,16.2831,20.1455,0.4808
2259,2935,124.77,13.5,162.43,143.66,0.5776,0.5776,6.6811,5.2094,0.0,0.3843
2259,2881,219.77,3.66,247.34,127.92,0.4766,0.2383,8.0184,7.9725,0.0,0.1581
2260,2997,262.5,40.3,315.46,188.79,0.877,0.877,4.6633,16.4418,0.0,0.6121
2260,2935,125.64,14.52,163.35,144.45,0.5815,0.5815,6.625,5.0822,0.0,0.3869
2260,2881,219.57,4.01,247.08,128.75,0.6943,0.3472,7.9373,7.9086,0.0,0.2303
2261,2997,261.51,40.43,316.39,191.6,0.7739,0.7739,4.568,16.5829,0.0,0.5498
2261,2935,126.37,14.39,164.15,143.93,0.4668,0.4668,6.6597,4.9729,0.0,0.3106
2261,2881,219.47,4.43,246.87,128.56,0.5591,0.2796,7.9551,7.895,0.0,0.1855
2262,2997,261.15,40.36,317.05,192.06,0.8193,0.8193,4.5532,16.6253,0.0,0.5836
2262,2935,127.45,14.89,165.98,146.08,0.272,0.272,6.5116,4.7748,17.2481,0.1769
2262,2881,217.48,5.29,245.08,128.53,0.6167,0.6167,7.953,7.6409,0.0,0.4093
2263,2997,263.84,40.3,320.23,192.53,0.835,0.835,4.5474,17.0037,0.0,0.5949
2263,2935,128.23,14.43,166.79,145.97,0.2289,0.2289,6.5178,4.6607,0.0,0.1523
2263,2881,217.21,4.41,245.09,128.89,0.6523,0.3261,7.9181,7.6088,0.0,0.2165
2264,2997,266.33,39.8,323.28,192.09,0.7612,0.7612,4.5713,17.315,0.0,0.5395
2264,2935,127.97,15.07,166.4,146.86,0.3293,0.3293,6.4595,4.7163,0.0,0.2192
2264,2881,216.37,4.17,244.4,129.31,0.4951,0.2475,7.8761,7.4886,0.0,0.1643
2265,2997,270.58,39.31,327.93,192.32,0.8711,0.8711,4.5791,17.863,0.0,0.6156
2265,2881,215.55,3.29,243.95,129.47,0.6704,0.3352,7.8594,7.3963,0.0,0.2225
2266,2997,273.07,38.92,330.54,192.08,0.8691,0.8691,4.5962,18.1587,0.0,0.6118
2266,2881,214.88,3.66,243.08,129.25,0.7148,0.3574,7.8782,7.3009,0.0,0.2373
2267,2997,280.09,38.76,336.02,188.61,0.6621,0.6621,4.738,18.7593,148.6976,0.2321
2267,2881,214.7,4.55,242.73,128.97,0.541,0.2705,7.9042,7.2766,0.0,0.1796
2267,3022,129.72,15.45,163.38,65.09,0.3513,0.3513,30.4597,12.1155,0.0,0.2316
2268,2997,283.76,39.25,339.45,190.22,0.8062,0.8062,4.6959,19.2574,0.0,0.5551
2268,2881,212.94,4.75,241.37,129.47,0.6802,0.3401,7.853,7.0452,0.0,0.2259
2268,3022,131.36,14.44,165.42,64.61,0.5332,0.5332,31.0929,12.0805,167.347,0.1738
2269,2997,287.43,39.79,342.81,192.28,0.7178,0.7178,4.6398,19.7675,0.0,0.4989
2269,2881,211.35,4.78,240.16,129.2,0.7559,0.378,7.8752,6.8679,0.0,0.2511
2269,3022,130.77,12.84,165.69,64.35,0.3201,0.3201,31.4541,12.1217,176.3866,0.1043
2270,2997,290.17,40.26,346.23,197.37,0.8027,0.8027,4.4867,20.3576,24.978,0.5483
2270,2881,210.23,4.97,239.35,128.86,0.8003,0.4002,7.9053,6.7534,0.0,0.2658
2270,3022,129.83,10.46,166.07,64.25,0.4253,0.4253,31.5966,12.1488,170.931,0.1386
2271,2997,294.64,40.43,350.52,201.0,0.8101,0.8101,4.3922,21.0363,34.4355,0.5404
2271,2881,208.72,5.23,238.71,131.01,0.6885,0.6885,7.7024,6.5162,13.6753,0.451
2271,3022,128.57,8.66,166.21,65.17,0.4358,0.4358,30.3497,12.0609,3.8057,0.287
2272,2997,296.45,40.95,352.99,206.2,0.7627,0.7627,4.2489,21.5308,24.1817,0.5448
2272,2881,207.92,5.93,238.76,134.59,0.6982,0.6982,7.3885,6.3384,12.9941,0.4581
2272,3022,128.77,8.53,165.83,64.86,0.5195,0.5195,30.7605,12.1049,176.7201,0.1693
2273,2997,294.6,41.13,352.29,208.14,0.8442,0.8442,4.1898,21.4825,0.0,0.6345
2273,2881,207.32,6.1,238.4,134.83,0.7568,0.7568,7.3673,6.2647,0.0,0.503
2273,3022,129.26,8.72,165.5,64.67,0.5332,0.5332,31.0169,12.1248,176.5617,0.1738
2274,2997,298.31,42.02,355.41,208.82,0.7627,0.3814,4.1841,21.9034,0.0,0.2865
2274,2881,206.58,6.8,237.91,136.38,0.8086,0.8086,7.2385,6.1366,14.0334,0.5295
2274,3022,129.97,9.12,165.19,64.43,0.5195,0.5195,31.3463,12.1449,175.8875,0.1693
2275,2997,299.5,42.71,356.66,210.29,0.7026,0.3513,4.1488,22.1146,0.0,0.2655
2275,2881,206.57,6.93,237.69,135.93,0.8013,0.8013,7.2749,6.1323,0.0,0.5327
2275,3022,136.15,9.8,171.28,64.09,0.5449,0.5449,31.7923,11.8979,133.5824,0.1777
2276,2997,300.29,43.15,355.88,206.28,0.7251,0.3625,4.2598,21.9182,158.1602,0.1479
2276,2881,203.17,7.41,235.13,138.1,0.8359,0.8359,7.0959,5.6632,21.4535,0.5366
2276,3022,133.08,9.69,167.53,64.12,0.5659,0.5659,31.7676,12.0488,84.9323,0.2011
2277,2997,299.12,44.51,354.97,208.29,0.3364,0.3364,4.1995,21.898,0.0,0.2521
2277,2881,203.19,7.72,234.76,137.51,0.8101,0.8101,7.1419,5.6517,0.0,0.5388
2277,3022,136.22,9.7,170.88,64.21,0.5449,0.5449,31.6221,11.8894,60.235,0.2679
2278,2881,202.69,7.67,234.09,136.89,0.8237,0.8237,7.1901,5.5851,0.0,0.5478
2278,3022,136.48,8.84,171.53,64.18,0.7373,0.7373,31.6624,11.8738,0.0,0.4863
2279,2881,200.24,7.43,232.45,139.23,0.5508,0.5508,7.0039,5.2457,17.5173,0.3579
2279,3022,136.65,8.87,170.68,63.01,0.7578,0.7578,33.418,12.041,176.9766,0.247
2280,2881,196.69,7.04,229.55,137.84,0.7056,0.7056,7.1061,4.823,147.7006,0.2344
2280,3022,136.94,9.12,170.57,63.15,0.5293,0.5293,33.1977,12.0189,3.4743,0.3487
2281,2881,195.16,6.32,228.86,138.15,0.5786,0.5786,7.0802,4.6594,0.0,0.3851
2281,3022,138.17,9.83,170.22,61.57,0.6245,0.6245,35.8559,12.2071,177.1661,0.2035
2282,2881,193.81,5.2,228.54,139.28,0.6992,0.6992,6.992,4.5154,0.0,0.4654
2282,3022,138.12,10.11,170.87,63.05,0.373,0.373,33.3506,12.0011,2.9704,0.2458
2283,2881,193.61,6.13,228.37,138.72,0.7793,0.7793,7.0346,4.502,0.0,0.5187
2283,3022,138.73,13.01,168.97,60.94,0.5449,0.5449,37.04,12.3036,177.2603,0.1775
2284,2881,192.89,6.7,227.93,138.81,0.5728,0.5728,7.0268,4.4183,0.0,0.3813
2284,3022,136.99,10.7,170.09,62.74,0.2227,0.2227,33.851,12.0816,2.9274,0.1467
2285,2881,191.81,6.8,227.17,138.23,0.8101,0.8101,7.0703,4.3041,0.0,0.5393
2286,2881,191.28,6.88,226.71,136.74,0.8228,0.8228,7.1872,4.2814,165.9233,0.2735
2286,2997,303.85,67.46,354.29,215.76,0.4446,0.4446,4.0096,22.5079,24.296,0.3307
2287,2881,190.72,5.65,226.61,136.3,0.8394,0.8394,7.2221,4.2516,0.0,0.5588
2287,2997,305.52,68.06,355.47,215.15,0.2473,0.1236,4.0305,22.6331,0.0,0.0952
2288,2881,186.08,6.23,223.26,137.21,0.7407,0.7407,7.1442,3.6669,45.1361,0.4206
2288,2997,305.13,67.72,355.22,216.13,0.5322,0.2661,4.0044,22.6493,0.0,0.2059
2288,3026,103.17,25.76,178.7,218.08,0.6533,0.6533,3.6835,11.8467,0.0,0.5456
2289,2881,188.43,6.76,225.57,138.11,0.8467,0.8467,7.0764,3.9594,0.0,0.5638
2290,2881,188.28,7.21,225.53,138.81,0.8525,0.8525,7.0222,3.926,0.0,0.5677
2290,2935,153.75,8.47,188.8,121.34,0.3914,0.3914,8.6377,3.4803,0.0,0.2607
2290,2997,307.27,68.25,356.34,216.54,0.2847,0.1424,4.0002,22.8504,0.0,0.1102
2290,3026,101.29,25.12,178.8,222.7,0.6196,0.6196,3.5794,12.4655,25.9561,0.5047
2291,2881,188.42,7.73,225.56,139.58,0.8433,0.8433,6.9637,3.9187,0.0,0.5615
2291,2935,153.49,9.35,188.95,121.59,0.6162,0.6162,8.6094,3.4498,0.0,0.4104
2291,2997,307.36,67.55,356.04,216.77,0.4883,0.2442,3.9941,22.8509,0.0,0.1891
2291,3026,107.27,25.08,161.66,161.63,0.4902,0.4902,5.6301,6.9726,163.1688,0.1622
2292,2881,186.12,8.08,223.35,138.52,0.8452,0.8452,7.0419,3.6308,0.0,0.5629
2292,2935,153.3,10.08,188.97,124.61,0.5254,0.5254,8.2804,3.0567,11.6083,0.3464
2292,2997,308.1,65.79,356.7,216.84,0.5786,0.2893,3.995,22.9315,0.0,0.224
2292,3026,104.95,25.01,153.32,144.46,0.4971,0.4971,6.6534,7.2606,165.1662,0.1644
2293,2881,183.75,8.14,221.45,138.15,0.7349,0.7349,7.0682,3.3463,0.0,0.4895
2293,3026,108.87,24.89,154.32,135.73,0.3923,0.3923,7.3048,7.0118,166.2954,0.1298
2294,2881,181.18,7.95,219.88,138.05,0.8525,0.8525,7.0738,3.0645,0.0,0.5679
2294,3026,97.66,24.53,168.74,200.28,0.6592,0.6592,4.1551,10.3887,22.2517,0.4938
2294,2935,154.37,7.16,191.38,130.72,0.4167,0.4167,7.6821,2.1617,12.9422,0.2742
2295,2881,178.59,7.94,218.01,137.46,0.7974,0.7974,7.118,2.7866,0.0,0.5313
2295,3026,103.85,24.37,162.66,167.37,0.459,0.459,5.3555,7.4574,162.3804,0.1517
2295,2935,156.47,5.02,192.14,127.46,0.5195,0.5195,7.9899,2.5087,166.8988,0.173
2296,2881,175.58,8.14,215.89,137.51,0.8369,0.8369,7.112,2.4411,0.0,0.5577
2296,3026,96.67,24.29,170.71,207.63,0.4226,0.4226,3.9514,11.1506,23.2832,0.3267
2296,2935,158.05,4.14,192.7,126.01,0.4197,0.2099,8.1343,2.6637,165.4069,0.0699
2296,2997,309.43,47.49,360.0,210.66,0.3877,0.1938,4.165,22.877,157.2263,0.0811
2297,2881,173.61,8.4,214.72,137.9,0.7124,0.7124,7.0804,2.2121,0.0,0.4748
2297,3026,97.08,24.41,175.82,221.43,0.4854,0.4854,3.6117,12.5442,25.5252,0.3938
2297,2997,308.57,41.99,360.0,210.01,0.7964,0.3982,4.1809,22.7975,0.0,0.2986
2298,2881,172.31,8.63,213.83,137.49,0.7612,0.7612,7.1118,2.0945,0.0,0.5073
2298,2997,308.89,40.77,360.0,213.16,0.6343,0.3171,4.0973,22.9693,0.0,0.2412
2299,2881,170.83,8.55,213.47,139.29,0.5254,0.5254,6.9722,1.8694,15.2558,0.344
2299,2997,307.76,40.17,360.0,214.65,0.7612,0.3806,4.0564,22.9815,0.0,0.2915
2300,2881,169.83,8.7,213.5,140.98,0.8442,0.8442,6.846,1.7287,14.4557,0.5538
2300,2997,307.93,40.0,360.0,215.41,0.7832,0.3916,4.0372,23.0296,0.0,0.3009
2300,3035,113.14,24.47,175.43,139.73,0.4514,0.4514,6.9649,5.1479,0.0,0.3003
2301,2881,168.73,8.66,213.58,143.55,0.8711,0.8711,6.6621,1.6017,14.5626,0.5713
2301,2997,307.28,39.99,358.72,213.86,0.7671,0.3836,4.0734,22.8441,0.0,0.2931
2301,3026,107.73,26.18,186.02,227.0,0.7612,0.7612,3.4799,12.6165,44.5442,0.5827
2302,2881,168.43,8.27,213.95,144.33,0.8003,0.8003,6.6083,1.6061,0.0,0.5334
2302,2997,307.58,40.05,357.82,210.77,0.8218,0.4109,4.154,22.6568,0.0,0.3097
2302,3026,111.01,26.23,186.71,225.37,0.3259,0.3259,3.5129,12.3099,0.0,0.2794
2303,2881,168.13,8.05,214.0,144.7,0.8193,0.8193,6.5829,1.5907,0.0,0.5461
2303,2997,307.71,39.76,357.07,208.38,0.7583,0.3791,4.218,22.5064,0.0,0.2827
2303,3035,114.91,24.27,175.85,137.71,0.4619,0.4619,7.1186,5.0365,164.6391,0.1534
2304,2881,167.18,6.01,213.44,143.71,0.7515,0.7515,6.6506,1.4798,0.0,0.5009
2304,2997,308.01,39.6,356.16,205.07,0.7153,0.3577,4.3104,22.3172,0.0,0.2624
2304,3035,119.03,24.09,179.55,137.65,0.4387,0.4387,7.1174,4.491,0.0,0.292
2305,2881,168.56,4.77,213.77,139.76,0.6636,0.3318,6.9362,1.7134,165.9431,0.1106
2305,2997,308.46,38.74,355.84,202.17,0.6167,0.3084,4.3958,22.1946,0.0,0.2228
2305,3035,121.29,23.93,181.04,137.34,0.3989,0.3989,7.1392,4.2392,0.0,0.2656
2306,2881,167.44,4.58,210.42,132.5,0.5059,0.253,7.5239,2.0885,166.6761,0.0843
2306,2997,304.39,38.55,352.48,200.36,0.2561,0.2561,4.4351,21.6864,0.0,0.184
2306,3035,123.75,23.69,182.13,135.2,0.3979,0.3979,7.31,4.0765,162.9779,0.1323
2307,2997,314.47,37.87,351.22,157.71,0.5688,0.5688,6.2377,21.0247,164.7549,0.177
2307,3035,125.31,23.05,183.27,134.25,0.5527,0.5527,7.3877,3.9397,0.0,0.368
2307,2935,171.42,6.91,202.8,111.11,0.4141,0.4141,9.9723,4.8175,167.7789,0.1375
2308,2997,318.31,37.54,351.08,141.73,0.2935,0.2935,7.3098,21.1812,166.9063,0.0912
2308,3035,135.8,22.17,195.01,133.51,0.4785,0.4785,7.4397,2.5776,104.2688,0.1593
2309,2997,320.37,37.65,350.9,132.33,0.2698,0.2698,8.1158,21.3507,168.1694,0.0838
2309,3035,135.75,23.17,192.9,130.94,0.6216,0.6216,7.667,2.9253,166.5298,0.2069
2309,2935,180.23,7.75,210.32,111.62,0.459,0.459,9.9023,5.1241,72.0443,0.1996
2310,2997,320.28,37.72,351.53,133.41,0.5039,0.5039,8.0175,21.3746,0.0,0.3244
2310,3022,155.08,8.02,181.78,47.94,0.585,0.585,113.672,13.6221,0.0,0.3845
2311,2997,319.79,37.31,352.96,138.47,0.3503,0.3503,7.5807,21.4006,12.8386,0.2226
2311,3022,156.41,8.02,183.37,48.02,0.5312,0.5312,112.24,13.5892,15.7773,0.3425
2311,3035,129.91,23.59,197.86,155.89,0.3567,0.3567,5.8985,2.8715,16.0835,0.233
2312,3022,156.99,7.96,183.59,48.5,0.3667,0.3667,104.4015,13.5188,1.2244,0.2411
2313,3022,158.36,8.07,183.99,48.01,0.5566,0.5566,112.4076,13.5734,178.1679,0.1804
2313,2935,188.8,8.17,221.17,111.97,0.3943,0.3943,9.8632,5.8095,81.6742,0.1498
2313,2997,307.45,37.53,355.75,187.23,0.6602,0.3301,4.8857,21.5461,19.1857,0.2113
2314,3022,159.45,8.02,184.83,48.17,0.5,0.5,109.6551,13.5404,5.548,0.3279
2314,2997,305.19,36.78,356.08,197.25,0.6782,0.3391,4.5411,21.8096,20.5241,0.2316
2315,3022,159.09,8.02,186.03,51.25,0.4233,0.4233,74.5232,13.1187,1.3187,0.2785
2315,2997,304.04,36.67,355.0,199.55,0.2666,0.2666,4.4644,21.7769,0.0,0.1904
2315,2935,191.75,8.61,224.42,112.73,0.3354,0.3354,9.7583,6.0095,37.6526,0.1997
2316,3022,159.65,7.93,187.59,52.96,0.562,0.562,63.239,12.8755,1.8211,0.3699
2316,2997,305.62,36.71,353.91,192.1,0.4475,0.4475,4.7065,21.5034,160.105,0.1563
2316,2935,191.59,8.95,224.33,111.8,0.54,0.54,9.8931,6.0967,170.1393,0.179
2317,3022,160.13,7.88,187.13,50.11,0.3638,0.3638,84.5586,13.2626,178.8482,0.118
2317,2997,304.68,36.28,353.66,194.71,0.5137,0.5137,4.6169,21.5349,0.0,0.3568
2317,2935,191.87,9.35,225.01,112.32,0.6187,0.6187,9.818,6.0864,0.0,0.4113
2318,3022,159.79,7.53,187.95,50.47,0.2323,0.2323,81.1091,13.2116,1.4524,0.1528
2318,2997,303.46,36.04,352.65,195.36,0.6538,0.6538,4.5909,21.4301,0.0,0.4565
2318,2935,191.63,9.69,225.69,115.32,0.4941,0.4941,9.4012,5.7986,10.2919,0.3259
2319,2997,302.32,36.36,351.13,194.99,0.501,0.501,4.5974,21.2586,0.0,0.3495
2319,2935,190.82,9.45,224.17,114.13,0.2822,0.2822,9.5605,5.8061,165.8243,0.0936
2320,2997,301.54,36.99,349.45,193.95,0.6318,0.6318,4.6264,21.0711,0.0,0.4386
2320,2935,188.85,9.63,222.69,119.52,0.4824,0.4824,8.8665,5.0873,11.3272,0.3178
2321,2997,298.44,37.29,346.51,193.57,0.8125,0.8125,4.6265,20.698,0.0,0.5647
2321,2935,191.22,9.47,223.2,115.72,0.4243,0.4243,9.3457,5.6138,169.0573,0.1408
2321,3056,141.75,10.48,177.88,153.14,0.4639,0.4639,6.0577,3.1765,0.0,0.309
2322,2997,296.88,37.98,345.07,193.94,0.8677,0.8677,4.6081,20.5355,0.0,0.6054
2322,3056,138.39,6.89,175.36,152.71,0.3364,0.3364,6.0854,3.5416,0.0,0.2241
2323,2997,296.32,38.19,344.53,193.51,0.8003,0.8003,4.6201,20.4522,0.0,0.5573
2323,3056,138.16,8.52,174.68,152.24,0.4282,0.4282,6.1135,3.5798,0.0,0.2852
2323,2935,196.03,8.81,228.04,113.84,0.4282,0.4282,9.609,6.2886,154.8633,0.1419
2324,2997,293.52,37.93,342.94,193.88,0.7686,0.7686,4.599,20.207,0.0,0.5377
2324,3056,137.18,9.6,173.83,153.16,0.7129,0.7129,6.0604,3.7475,0.0,0.4748
2324,2935,197.23,8.72,229.54,113.14,0.5117,0.5117,9.71,6.4962,159.7513,0.1695
2325,2997,291.57,38.04,342.07,194.95,0.7949,0.7949,4.5585,20.0861,0.0,0.5606
2325,3056,136.68,9.58,174.03,154.89,0.6807,0.6807,5.9614,3.8607,0.0,0.4533
2325,2935,199.49,8.31,231.76,112.94,0.543,0.543,9.7432,6.7512,0.0,0.3607
2325,3059,175.95,21.94,196.2,54.7,0.3328,0.3328,54.7821,12.6357,0.0,0.2192
2326,2997,291.31,37.82,342.88,195.64,0.7695,0.7695,4.5374,20.1493,0.0,0.5448
2326,3056,136.31,9.58,174.19,156.07,0.6323,0.6323,5.8956,3.9454,0.0,0.421
2326,2935,201.78,8.39,233.46,112.5,0.6318,0.6318,9.8109,7.0062,0.0,0.4196
2326,3059,177.45,22.24,195.09,50.64,0.3242,0.3242,79.5764,13.1898,178.7749,0.1052
2327,2997,293.35,38.13,344.45,194.45,0.4167,0.4167,4.583,20.3111,0.0,0.2923
2327,3056,136.17,10.44,174.12,156.47,0.3025,0.3025,5.8736,3.9841,0.0,0.2014
2327,2935,203.69,8.42,234.81,112.34,0.7505,0.7505,9.838,7.1985,0.0,0.4984
2327,3059,177.64,22.3,194.32,48.88,0.498,0.498,98.9136,13.4259,179.0007,0.1615
2328,2997,290.57,38.91,343.52,199.19,0.833,0.833,4.4257,20.3063,21.7053,0.5822
2328,3056,134.5,11.43,173.09,159.66,0.6592,0.6592,5.7045,4.3724,18.0545,0.428
2328,2935,205.14,8.2,235.97,112.57,0.6001,0.6001,9.808,7.3229,0.0,0.3984
2329,2997,289.55,39.49,343.54,201.47,0.7217,0.7217,4.3549,20.3575,0.0,0.5282
2329,3056,135.09,11.22,174.35,161.18,0.71,0.71,5.6256,4.3777,0.0,0.4726
2329,2935,207.05,8.07,237.92,112.75,0.7446,0.7446,9.7871,7.5249,0.0,0.4943
2329,3059,177.55,21.55,194.51,48.21,0.4243,0.4243,108.9809,13.5171,179.1039,0.1375
2330,2997,288.62,40.0,343.78,205.22,0.3721,0.3721,4.2444,20.5062,21.8274,0.2688
2330,3056,135.46,12.44,174.82,162.27,0.3225,0.3225,5.5704,4.4186,0.0,0.2147
2330,2935,208.69,7.98,239.48,111.9,0.646,0.646,9.915,7.7777,160.6579,0.2134
2330,3059,177.01,21.33,194.46,48.14,0.3757,0.3757,110.1505,13.5241,176.0668,0.1218
2331,2997,288.0,40.93,343.91,207.96,0.8828,0.8828,4.1669,20.6222,0.0,0.6677
2331,3056,135.06,10.26,175.15,162.26,0.7925,0.7925,5.5709,4.4217,0.0,0.5275
2331,2935,208.36,7.85,239.23,112.37,0.7852,0.7852,9.8455,7.7057,0.0,0.5211
2331,3059,175.46,18.85,194.83,48.13,0.2437,0.2437,110.3177,13.5209,136.5828,0.079
2332,2997,288.09,41.11,344.33,209.02,0.8184,0.8184,4.1388,20.7082,0.0,0.6219
2332,3056,135.59,10.37,175.31,160.54,0.7251,0.7251,5.6575,4.2403,0.0,0.4827
2332,2935,209.22,7.85,240.27,112.6,0.7788,0.7788,9.8148,7.796,0.0,0.5168
2332,3059,174.67,17.24,195.39,48.17,0.283,0.283,109.6433,13.5147,2.7664,0.1859
2333,2997,287.25,41.55,343.85,210.55,0.8525,0.8525,4.0953,20.7173,0.0,0.6528
2333,3056,134.15,10.22,173.16,159.84,0.71,0.71,5.6953,4.4027,0.0,0.4726
2333,2935,209.17,7.57,240.39,113.95,0.6792,0.6792,9.6237,7.6924,10.0321,0.4473
2334,2997,287.54,42.17,343.92,210.41,0.834,0.834,4.0997,20.7299,0.0,0.6381
2334,3056,132.99,9.98,171.64,159.93,0.8203,0.8203,5.692,4.574,0.0,0.546
2334,2935,210.44,7.7,242.02,116.67,0.7725,0.7725,9.2632,7.6609,11.9097,0.5072
2335,2997,287.42,41.77,343.85,210.09,0.8525,0.8525,4.1079,20.7016,0.0,0.6514
2335,3056,132.75,9.79,171.32,160.42,0.8184,0.8184,5.6671,4.6436,0.0,0.5447
2335,2935,211.17,8.03,243.06,118.71,0.6748,0.6748,9.0091,7.6283,11.7595,0.4432
2336,2997,287.14,42.07,343.36,210.0,0.8384,0.8384,4.1089,20.6531,0.0,0.6406
2336,3056,129.77,9.63,168.18,160.86,0.7656,0.7656,5.648,5.054,0.0,0.5094
2336,2935,214.5,7.92,246.93,119.62,0.7271,0.7271,8.9089,8.0223,40.6159,0.424
2336,3064,164.29,16.14,214.39,175.33,0.4082,0.4082,4.9747,4.6811,0.0,0.2731
2337,2997,288.83,41.9,342.52,201.48,0.4026,0.4026,4.3513,20.2568,158.6457,0.1607
2337,3056,127.83,9.48,165.81,160.92,0.6748,0.6748,5.6476,5.3294,0.0,0.4489
2337,2935,216.38,8.07,249.93,119.53,0.7319,0.7319,8.9269,8.3381,0.0,0.4854
2338,2997,288.11,42.78,343.24,206.63,0.8252,0.8252,4.2027,20.5196,22.0976,0.6002
2338,3056,126.09,9.7,163.75,161.58,0.7485,0.7485,5.6166,5.6129,0.0,0.4978
2338,2935,218.48,7.89,252.73,119.48,0.7349,0.7349,8.9405,8.6546,0.0,0.4871
2338,3064,163.36,16.04,213.49,175.97,0.4358,0.4358,4.9487,4.7337,0.0,0.293
2339,2997,287.84,43.46,343.52,208.66,0.8394,0.8394,4.1467,20.6287,0.0,0.6372
2339,3056,125.52,9.79,162.72,161.81,0.7114,0.7114,5.6061,5.7292,0.0,0.4731
2339,2935,219.07,8.01,254.07,120.13,0.7559,0.7559,8.866,8.7427,0.0,0.501
2339,3064,165.41,14.77,214.24,171.27,0.4893,0.4893,5.1443,4.1523,161.0065,0.1627
2340,2997,287.68,44.08,343.33,209.49,0.8271,0.8271,4.1236,20.654,0.0,0.6303
2340,3056,124.89,10.01,161.94,162.44,0.7285,0.7285,5.5756,5.8588,0.0,0.4844
2340,2935,219.92,8.34,254.95,119.94,0.5449,0.5449,8.8913,8.8648,0.0,0.3611
2340,3064,168.1,14.56,216.15,169.34,0.5273,0.5273,5.2295,4.0246,0.0,0.3511
2341,2997,287.55,44.31,342.99,209.3,0.8184,0.8184,4.1279,20.617,0.0,0.6233
2341,3056,124.73,10.0,161.27,161.18,0.7188,0.7188,5.6395,5.8339,0.0,0.478
2341,2935,221.37,8.88,256.26,120.23,0.5176,0.5176,8.8614,9.028,0.0,0.3429
2342,2997,287.12,44.67,342.51,209.75,0.833,0.833,4.1141,20.5902,0.0,0.636
2342,3056,123.21,9.71,159.77,160.13,0.7861,0.7861,5.6955,5.9699,0.0,0.5226
2342,2935,217.31,8.57,252.73,120.64,0.6636,0.6636,8.8011,8.5146,55.1096,0.3453
2342,3022,172.44,15.0,202.2,55.48,0.3811,0.3811,51.6821,12.5422,0.0,0.251
2343,2997,286.95,44.42,342.36,209.61,0.8237,0.8237,4.1173,20.5644,0.0,0.6286
2343,3056,121.0,10.07,158.12,160.84,0.8145,0.8145,5.6619,6.2614,0.0,0.5414
2343,2935,217.75,8.45,252.1,119.26,0.3337,0.3337,8.9649,8.58,169.2071,0.11
2343,3022,178.44,15.45,205.49,50.48,0.2429,0.2429,81.0427,13.2866,178.3462,0.0788
2344,2997,286.5,44.6,341.69,209.52,0.8037,0.8037,4.1177,20.4961,0.0,0.6134
2344,3056,117.56,10.58,155.16,161.01,0.6782,0.6782,5.6584,6.6909,0.0,0.4506
2344,2935,217.11,9.15,250.92,118.34,0.3242,0.3242,9.0747,8.5183,164.8589,0.1069
2344,3064,178.64,14.56,215.8,132.42,0.5459,0.5459,7.5362,2.9753,167.1898,0.1817
2345,2997,285.45,44.93,340.39,209.56,0.7319,0.7319,4.1125,20.3654,0.0,0.5593
2345,3056,114.39,11.14,153.03,162.93,0.6841,0.6841,5.5665,7.1397,0.0,0.4543
2345,3064,181.43,13.96,214.22,114.92,0.3513,0.3513,9.4396,4.8829,169.7881,0.1167
2346,2997,284.57,45.05,339.29,209.55,0.8203,0.8203,4.1093,20.2528,0.0,0.6274
2346,3056,107.86,10.61,148.77,165.77,0.8496,0.8496,5.439,7.9958,35.7856,0.5102
2347,2997,276.16,45.28,332.49,209.61,0.8755,0.8755,4.0817,19.3967,0.0,0.6743
2347,3056,106.4,11.05,148.27,166.47,0.833,0.833,5.4079,8.1612,0.0,0.5525
2347,3072,176.95,14.06,227.38,194.4,0.4727,0.4727,4.3057,7.8517,0.0,0.3574
2347,2935,225.89,9.78,258.86,118.91,0.4233,0.4233,9.0324,9.5585,78.1895,0.168
2348,2997,272.79,45.44,330.44,209.53,0.7939,0.7939,4.0749,19.0859,0.0,0.6126
2348,3056,102.54,11.86,145.91,166.98,0.8477,0.8477,5.3903,8.5918,0.0,0.562
2348,3072,177.25,15.21,228.0,197.07,0.5195,0.5195,4.2246,8.2221,0.0,0.3983
2348,2935,228.03,9.33,259.91,117.69,0.4678,0.4678,9.19,9.8286,163.8235,0.1536
2349,2997,273.74,45.59,331.73,208.55,0.7104,0.7104,4.1049,19.1536,0.0,0.5453
2349,3056,101.16,12.26,145.89,167.81,0.8584,0.8584,5.3534,8.7272,0.0,0.569
2349,3072,184.11,14.86,222.76,152.47,0.5459,0.5459,6.0998,3.5713,164.427,0.1816
2349,2935,229.45,9.79,260.31,117.22,0.3748,0.3748,9.2532,9.9707,0.0,0.248
2350,2997,270.14,45.64,329.94,209.28,0.75,0.75,4.0765,18.893,0.0,0.5789
2350,3056,99.83,13.33,145.81,168.93,0.8516,0.8516,5.304,8.8798,0.0,0.5643
2350,3072,185.15,14.66,221.93,144.82,0.4814,0.4814,6.5843,3.3762,165.5229,0.1602
2350,2935,228.31,18.83,257.55,118.55,0.5581,0.5581,9.0787,9.6491,17.4975,0.3608
2351,2997,266.5,45.56,327.94,209.18,0.7964,0.7964,4.0702,18.5687,0.0,0.6159
2351,3056,96.03,14.0,143.85,170.53,0.8813,0.8813,5.2388,9.3388,0.0,0.5836
2351,3072,186.0,15.08,222.23,142.55,0.645,0.645,6.7427,3.4627,165.4753,0.2146
2351,2935,230.9,12.66,261.77,120.21,0.3811,0.3811,8.8902,10.01,24.897,0.2403
2352,2997,275.36,45.43,335.63,208.75,0.5806,0.5806,4.1087,19.4782,0.0,0.445
2352,3056,94.3,14.43,143.79,172.13,0.8657,0.8657,5.1712,9.5446,0.0,0.5731
2352,3072,187.18,15.86,223.88,144.14,0.3496,0.3496,6.633,3.6588,19.1822,0.2264
2352,2935,231.22,10.45,262.71,120.55,0.3303,0.3303,8.8524,10.0768,0.0,0.2185
2353,2997,270.13,45.28,329.45,208.21,0.4158,0.4158,4.1045,18.7993,0.0,0.3195
2353,3056,93.3,15.14,143.88,172.8,0.8403,0.8403,5.1436,9.6416,0.0,0.5562
2353,3072,189.37,15.95,226.6,145.19,0.2983,0.2983,6.5642,4.013,0.0,0.1986
2353,2935,233.73,10.68,264.62,120.63,0.4397,0.4397,8.8514,10.3637,0.0,0.2907
2354,2997,262.14,44.01,323.04,210.05,0.4834,0.4834,4.0327,18.1047,49.325,0.3205
2354,3056,95.57,15.67,145.75,170.98,0.8052,0.8052,5.2176,9.2727,0.0,0.5333
2354,3072,192.02,16.31,227.93,139.3,0.3496,0.3496,6.9888,4.3458,165.6895,0.1162
2354,2935,235.16,10.54,265.36,119.44,0.3647,0.3647,8.9976,10.5597,166.1958,0.1195
2355,2997,260.94,44.18,321.58,209.44,0.5776,0.5776,4.0448,17.9157,0.0,0.4493
2355,3056,96.63,16.04,147.51,172.12,0.8135,0.8135,5.1653,9.162,0.0,0.5389
2355,3072,193.35,16.05,230.07,140.59,0.4111,0.4111,6.8945,4.5671,0.0,0.2736
2355,2935,236.18,11.09,265.99,120.37,0.314,0.314,8.8895,10.6264,14.7613,0.2041
2356,2997,265.82,43.41,322.05,198.24,0.7544,0.7544,4.3726,17.5393,158.5276,0.3029
2356,3056,96.25,15.61,146.7,169.83,0.8125,0.8125,5.2665,9.1029,161.7213,0.2674
2356,3072,198.56,15.13,229.65,115.12,0.3398,0.3398,9.4382,6.3867,169.7633,0.1126
2357,2997,264.16,43.59,321.02,204.51,0.7148,0.7148,4.184,17.7521,22.2852,0.5252
2357,3056,95.72,15.25,144.9,165.12,0.8076,0.8076,5.4863,9.0112,162.4504,0.2659
2357,3075,188.13,14.96,237.91,170.35,0.3684,0.3684,5.202,6.0399,0.0,0.2449
2358,2997,258.39,43.2,317.73,210.88,0.7832,0.7832,3.9975,17.656,26.1488,0.5878
2358,3056,95.2,14.72,140.77,152.59,0.8145,0.8145,6.16,8.9119,164.4233,0.2682
2358,3075,195.19,14.13,235.9,140.44,0.3923,0.3923,6.9115,5.1128,166.1565,0.1302
2359,2997,260.73,43.6,317.97,208.91,0.3259,0.3259,4.0533,17.6667,0.0,0.2533
2359,3056,93.66,14.99,141.26,157.58,0.771,0.771,5.8778,9.1065,16.2904,0.5004
2359,3075,197.98,13.59,236.89,133.12,0.5088,0.5088,7.5024,5.5767,166.9048,0.1688
2360,2997,268.9,43.48,312.37,166.66,0.5234,0.5234,5.569,15.7937,163.0118,0.1679
2360,3056,89.22,14.8,133.97,149.79,0.6929,0.6929,6.3479,9.7562,162.0896,0.2276
2360,3075,197.1,14.07,237.87,138.48,0.5205,0.5205,7.0634,5.4211,13.5396,0.3414
2361,2997,257.53,43.03,313.04,201.41,0.7168,0.7168,4.2508,16.718,21.8614,0.5222
2361,3056,87.19,15.01,138.23,169.07,0.7832,0.7832,5.3202,10.1959,17.7223,0.5056
2361,3075,195.82,14.24,241.61,153.2,0.4036,0.4036,6.0764,5.6917,15.717,0.2634
2362,2997,257.42,43.36,307.62,185.21,0.4292,0.4292,4.7686,15.4691,159.8861,0.1511
2362,3056,82.06,14.72,133.86,174.5,0.7065,0.7065,5.0966,11.086,24.8046,0.4449
2362,3075,195.71,14.88,243.28,158.5,0.5557,0.5557,5.7825,6.0154,16.6124,0.3617
2362,2935,240.48,9.22,272.31,126.53,0.3821,0.3821,8.234,11.1049,15.7196,0.2476
2363,2997,264.81,43.4,304.91,156.06,0.2338,0.2338,6.0996,14.8084,164.4255,0.0753
2363,3056,84.45,15.05,123.74,133.07,0.7075,0.7075,7.6129,10.8727,167.4003,0.2316
2363,3075,198.6,14.45,245.05,154.61,0.2878,0.2878,6.0002,6.1683,162.0169,0.0954
2364,3056,80.55,15.39,129.83,164.04,0.7212,0.7212,5.5761,10.9778,16.9565,0.4659
2364,3075,201.27,14.0,250.19,162.75,0.4148,0.4148,5.5744,7.0568,18.9351,0.268
2365,3056,79.57,15.05,128.29,162.3,0.7739,0.7739,5.6662,11.0874,0.0,0.5111
2365,3075,202.89,13.74,252.05,164.81,0.6133,0.6133,5.477,7.3967,22.6472,0.3914
2365,3079,250.76,44.24,303.7,211.39,0.4358,0.4358,3.9543,16.5046,0.0,0.3453
2365,2935,242.07,10.1,272.73,122.8,0.4207,0.4207,8.6361,11.365,168.6168,0.1375
2366,3056,76.95,15.72,128.06,172.1,0.4834,0.4834,5.2124,11.6656,18.3799,0.3107
2366,3075,204.35,13.93,253.46,166.36,0.6387,0.6387,5.4061,7.6707,0.0,0.4239
2366,3079,254.61,44.72,298.45,182.06,0.3757,0.3757,4.8659,14.5681,160.6772,0.1279
2366,2935,242.86,10.88,272.93,121.25,0.2935,0.2935,8.8146,11.4888,168.7233,0.0959
2367,3056,74.16,15.97,126.75,179.83,0.7925,0.7925,4.9023,12.326,19.996,0.5166
2367,3075,206.22,13.81,255.7,167.98,0.5312,0.5312,5.335,8.0293,0.0,0.3524
2368,3056,72.45,16.25,124.62,181.63,0.7988,0.7988,4.8388,12.6671,0.0,0.5432
2369,3056,75.15,16.17,117.78,149.37,0.4243,0.4243,6.4219,11.8409,165.1722,0.1384
2370,3056,77.24,16.21,111.98,121.06,0.4417,0.4417,8.8704,12.4869,169.1502,0.1438
2370,3085,211.3,14.64,257.15,97.59,0.4131,0.4131,12.5987,10.1355,0.0,0.2733
2371,3056,76.97,16.32,109.58,112.0,0.5601,0.5601,10.0738,13.036,170.3829,0.1819
2371,3079,249.78,9.8,294.53,151.98,0.4358,0.4358,6.2905,13.0441,164.5876,0.1415
2372,3056,71.5,16.76,113.34,140.69,0.8315,0.8315,7.0372,12.3808,13.627,0.5401
2372,3079,248.59,7.4,293.06,150.79,0.5166,0.5166,6.3588,12.8503,0.0,0.3401
2372,3085,213.69,15.13,262.46,103.29,0.2935,0.2935,11.4101,10.0727,10.3972,0.1926
2373,3056,69.37,17.6,113.11,148.17,0.6538,0.6538,6.5178,12.5471,14.9281,0.4233
2373,3079,248.23,7.19,292.12,150.05,0.3157,0.3157,6.4026,12.7547,0.0,0.2079
2373,3085,211.82,15.37,258.63,100.35,0.3904,0.3904,11.9906,9.9989,168.5515,0.1282
2374,3056,67.78,17.35,113.17,153.87,0.7612,0.7612,6.168,12.7124,15.6684,0.4918
2374,3079,247.49,7.51,290.19,150.15,0.2075,0.2075,6.3915,12.5737,0.0,0.1367
2374,3085,212.17,15.44,258.62,99.93,0.2095,0.2095,12.0807,10.0538,0.0,0.1386
2375,3056,63.39,17.84,116.27,180.77,0.8286,0.8286,4.8957,13.7068,19.2084,0.5407
2375,3085,209.89,16.11,255.04,99.17,0.2147,0.2147,12.2339,9.8063,149.1993,0.0705
2376,3056,61.16,18.38,115.57,189.68,0.7363,0.7363,4.5797,14.3835,20.8248,0.5084
2376,3085,209.38,16.04,254.85,100.76,0.4216,0.4216,11.8922,9.6262,8.2735,0.2776
2376,2997,252.7,11.05,292.27,126.96,0.4065,0.4065,8.2602,13.2539,167.132,0.1319
2377,3056,58.75,18.86,113.35,194.29,0.7485,0.7485,4.435,14.944,23.8826,0.5256
2377,3085,209.84,15.04,256.28,102.56,0.3943,0.3943,11.5318,9.5714,9.5991,0.2592
2377,2997,253.46,9.87,292.07,126.06,0.4707,0.4707,8.3541,13.314,0.0,0.3096
2378,3056,58.18,19.67,111.84,196.12,0.8003,0.8003,4.3804,15.183,0.0,0.5903
2378,3085,212.43,14.95,251.41,88.45,0.2344,0.2344,15.1294,10.7825,173.5482,0.0768
2378,2997,254.69,9.52,292.9,125.3,0.3286,0.3286,8.4388,13.4711,0.0,0.2161
2378,3075,210.53,14.01,280.19,231.97,0.6655,0.6655,3.4174,15.3491,27.301,0.5515
2379,3085,210.88,12.08,253.33,93.31,0.4045,0.4045,13.6677,10.3189,7.1075,0.2664
2379,2997,257.84,10.36,295.97,126.75,0.7202,0.7202,8.3031,13.8488,27.9938,0.4451
2379,3075,214.1,28.36,278.6,233.85,0.563,0.563,3.3814,15.629,0.0,0.4899
2380,2997,258.74,10.9,296.53,127.55,0.5659,0.5659,8.2254,13.9276,0.0,0.3717
2380,3075,211.32,16.22,278.36,234.92,0.5889,0.5889,3.3579,15.6262,0.0,0.5143
2380,3056,59.2,21.27,113.38,201.14,0.8027,0.8027,4.2258,15.371,22.2485,0.5885
2381,2997,259.2,11.4,296.09,127.4,0.585,0.585,8.2406,13.9324,0.0,0.3843
2381,3075,211.05,13.69,277.16,233.19,0.2173,0.2173,3.3909,15.3818,0.0,0.1889
2381,3056,59.36,22.11,113.84,204.19,0.7778,0.7778,4.1378,15.5519,0.0,0.5985
2382,2997,258.85,11.66,295.54,130.18,0.7056,0.7056,7.9665,13.8142,12.1001,0.4584
2382,3075,215.91,10.68,270.51,186.81,0.2081,0.2081,4.6093,10.8249,159.721,0.079
2382,3056,59.27,22.3,106.38,180.3,0.5078,0.5078,4.935,14.5643,160.9203,0.1682
2382,3085,213.07,10.32,257.73,95.97,0.4111,0.4111,12.9921,10.4061,12.1111,0.2688
2383,2997,260.72,11.38,296.65,131.16,0.6152,0.6152,7.8819,13.996,0.0,0.404
2383,3075,215.21,9.94,262.32,160.9,0.212,0.212,5.6935,8.7072,163.0358,0.0699
2383,3056,61.57,22.25,97.92,140.24,0.6387,0.6387,7.1244,14.1052,166.5782,0.2065
2383,3085,212.63,10.11,257.18,96.12,0.363,0.363,12.953,10.3405,0.0,0.24
2384,2997,262.33,11.83,297.85,132.67,0.4873,0.4873,7.7509,14.1597,17.3608,0.3125
2384,3085,213.78,12.84,256.41,94.87,0.3584,0.3584,13.2679,10.4751,172.6491,0.1175
2385,2997,264.66,11.95,299.36,132.62,0.7271,0.7271,7.7646,14.4176,0.0,0.4771
2385,3085,213.66,11.73,257.04,95.15,0.793,0.793,13.1974,10.4758,0.0,0.5243
2385,3056,59.13,20.94,93.35,128.82,0.5264,0.5264,8.1303,14.7162,167.8912,0.1697
2386,2997,265.71,11.85,299.76,132.61,0.7192,0.7192,7.7691,14.5147,0.0,0.4718
2386,3085,212.85,9.43,257.84,96.41,0.224,0.224,12.8841,10.3604,7.52,0.1475
2386,3056,55.91,20.45,90.98,126.43,0.3025,0.3025,8.3862,15.1355,163.9676,0.0973
2386,3075,212.29,8.02,259.1,158.92,0.2637,0.2637,5.7901,8.2175,150.1671,0.087
2387,2997,266.93,12.44,300.0,132.48,0.7271,0.7271,7.7844,14.6141,0.0,0.4769
2387,3085,212.58,8.62,257.91,96.57,0.5737,0.5737,12.8449,10.3353,0.0,0.3794
2387,3075,213.37,7.55,260.79,158.84,0.5449,0.5449,5.7974,8.4028,0.0,0.3613
2388,2997,267.66,12.7,299.98,132.63,0.667,0.667,7.7727,14.6593,0.0,0.4374
2388,3085,211.55,8.41,257.2,96.53,0.6807,0.6807,12.8508,10.2476,0.0,0.4502
2388,3075,211.66,7.59,259.87,159.39,0.2401,0.2401,5.7654,8.2444,0.0,0.1592
2388,3056,53.6,21.2,90.1,127.29,0.3857,0.3857,8.3065,15.3278,0.0,0.2526
2389,2997,268.09,13.35,299.59,132.36,0.7319,0.7319,7.7971,14.666,0.0,0.48
2389,3085,211.36,8.26,255.79,93.1,0.6792,0.6792,13.7317,10.4862,172.6972,0.2226
2389,3075,209.7,7.66,258.06,159.82,0.2712,0.2712,5.7389,8.0059,0.0,0.1799
2389,3056,51.98,21.67,89.73,128.13,0.4678,0.4678,8.2272,15.4425,0.0,0.3062
2390,2997,268.81,13.73,299.79,132.41,0.6343,0.6343,7.7949,14.7266,0.0,0.4159
2390,3085,211.03,8.42,255.14,91.45,0.4065,0.4065,14.1983,10.5968,172.8105,0.1332
2390,3075,208.88,7.92,257.29,160.02,0.3604,0.3604,5.7269,7.9067,0.0,0.2391
2390,3056,49.78,21.69,89.97,133.79,0.4785,0.4785,7.7014,15.4831,12.7822,0.3093
2391,2997,269.19,13.96,299.91,132.86,0.7612,0.7612,7.7556,14.7534,0.0,0.4991
2391,3085,212.05,8.59,256.0,91.08,0.4495,0.4495,14.3121,10.7256,162.7827,0.1472
2391,3075,208.48,8.06,256.94,160.21,0.2075,0.2075,5.7162,7.864,0.0,0.1377
2391,3056,45.64,21.68,93.36,156.73,0.563,0.563,6.0849,15.5675,15.6626,0.3615
2392,2997,270.79,13.71,301.82,133.08,0.4207,0.4207,7.7448,14.9844,0.0,0.2757
2392,3085,211.69,8.57,257.07,93.91,0.5039,0.5039,13.516,10.491,7.2584,0.3318
2392,3056,42.96,22.0,91.88,162.14,0.4321,0.4321,5.8015,15.9398,17.8416,0.2756
2393,2997,271.75,13.23,303.07,132.93,0.626,0.626,7.7638,15.1335,0.0,0.4101
2393,3085,208.58,8.89,258.97,105.46,0.5254,0.5254,10.9912,9.4087,8.7937,0.3459
2393,3056,37.56,22.01,95.5,193.04,0.8555,0.8555,4.5355,17.2029,20.6426,0.5923
2394,2997,273.45,13.32,305.15,132.41,0.6289,0.6289,7.8204,15.3918,0.0,0.4117
2394,3085,207.12,9.06,259.63,111.4,0.2798,0.2798,10.0177,8.9029,9.6366,0.1841
2394,3056,35.89,22.34,95.73,203.57,0.7925,0.7925,4.2158,17.8788,22.1583,0.5789
2395,2997,273.93,13.33,306.05,132.22,0.6104,0.6104,7.8413,15.486,0.0,0.3995
2395,3085,206.07,9.18,258.57,113.07,0.2903,0.2903,9.7701,8.6556,11.4083,0.1905
2395,3056,35.69,22.43,94.48,203.81,0.4072,0.4072,4.2112,17.9767,0.0,0.3077
2395,3075,208.73,8.48,255.85,156.29,0.4436,0.4436,5.9255,7.6624,163.8431,0.1465
2396,2997,274.83,13.72,306.82,132.34,0.7041,0.7041,7.8348,15.5949,0.0,0.4608
2396,3085,209.21,8.83,254.94,97.87,0.224,0.224,12.525,9.8842,172.2615,0.0736
2396,3056,37.23,22.67,91.21,189.75,0.5571,0.5571,4.6535,17.3178,159.9298,0.203
2396,3075,207.68,8.84,256.75,164.25,0.6582,0.6582,5.5128,7.9848,17.1433,0.4269
2397,2997,276.67,14.04,309.27,134.2,0.605,0.605,7.6803,15.8552,19.6718,0.3839
2397,3056,34.71,23.16,92.02,203.07,0.3989,0.3989,4.238,18.1314,22.0456,0.2901
2397,3075,208.01,8.65,253.78,153.09,0.7808,0.7808,6.105,7.3782,164.2729,0.2581
2397,3104,37.99,23.43,88.0,129.15,0.3647,0.3647,8.1703,16.4575,0.0,0.2382
2398,2997,275.75,14.67,309.44,135.78,0.7695,0.7695,7.5424,15.7888,12.8521,0.4969
2398,3056,33.71,23.42,92.26,209.33,0.7349,0.7349,4.0655,18.555,22.879,0.5495
2398,3075,206.76,8.33,253.27,156.6,0.4216,0.4216,5.9038,7.3609,16.4107,0.2742
2398,3085,209.09,8.54,251.07,90.06,0.4417,0.4417,14.604,10.4453,173.0928,0.1448
2399,2997,276.49,15.03,310.66,135.92,0.7129,0.7129,7.5357,15.9173,0.0,0.4662
2399,3056,32.82,23.9,90.71,208.28,0.5391,0.5391,4.0976,18.6275,0.0,0.4149
2399,3075,206.95,8.41,251.72,151.63,0.6245,0.6245,6.1886,7.127,164.4344,0.2066
2400,2997,280.1,15.91,314.7,136.7,0.4253,0.4253,7.4906,16.4156,0.0,0.2778
2400,3056,30.71,24.65,89.87,214.51,0.2822,0.2822,3.9396,19.1866,24.3513,0.2144
2400,3075,206.92,8.17,251.28,150.7,0.457,0.457,6.2445,7.0752,0.0,0.3035
2400,3104,33.94,24.91,83.18,128.83,0.498,0.498,8.2278,17.0417,123.6779,0.1587
2400,3085,209.17,8.61,249.79,87.17,0.3015,0.3015,15.5547,10.6877,173.5877,0.0988
2401,2997,280.44,16.26,315.33,137.68,0.332,0.332,7.4125,16.4721,0.0,0.2168
2401,3104,32.08,25.1,81.52,129.43,0.5254,0.5254,8.1793,17.2612,0.0,0.3424
2401,3085,209.45,8.28,248.94,84.86,0.7075,0.7075,16.4069,10.9057,174.0146,0.2316
2402,2997,279.51,16.28,314.7,138.92,0.6152,0.6152,7.3087,16.3613,14.6376,0.3952
2402,3085,209.73,8.23,249.44,86.18,0.5352,0.5352,15.9102,10.801,6.4169,0.3525
2402,3056,30.4,26.42,86.81,206.15,0.4233,0.4233,4.1664,18.8592,157.6751,0.1806
2402,3075,207.56,8.12,250.88,150.06,0.4727,0.4727,6.2842,7.0804,0.0,0.3139
2403,2997,278.28,16.25,314.52,142.42,0.7861,0.7861,7.0369,16.2549,13.6753,0.5062
2403,3085,208.96,8.17,248.44,86.2,0.5679,0.5679,15.8987,10.7195,0.0,0.3753
2403,3056,29.73,27.33,85.01,201.6,0.6611,0.6611,4.3009,18.744,158.1295,0.2703
2403,3075,206.13,7.88,249.43,151.51,0.2583,0.2583,6.1927,6.9072,0.0,0.1716
2404,2997,277.39,16.38,314.47,143.59,0.603,0.603,6.9491,16.1914,0.0,0.394
2404,3085,208.09,8.26,247.54,87.17,0.6479,0.6479,15.547,10.5376,8.2679,0.426
2404,3056,26.05,27.8,83.17,208.01,0.8135,0.8135,4.1285,19.4232,24.9202,0.5962
2405,2997,279.5,16.56,316.99,144.89,0.6406,0.6406,6.8678,16.4977,0.0,0.4183
2405,3085,207.36,8.2,245.77,85.78,0.6479,0.6479,16.0439,10.5767,171.7163,0.2123
2405,3056,24.47,28.13,81.88,208.82,0.8574,0.8574,4.1113,19.6331,0.0,0.6566
2406,2997,280.98,16.42,318.81,145.35,0.5938,0.5938,6.8437,16.7157,0.0,0.3875
2406,3085,207.6,8.29,244.25,83.2,0.6187,0.6187,17.0627,10.8045,174.0949,0.2026
2406,3056,23.95,28.63,82.01,209.45,0.8286,0.8286,4.095,19.6918,0.0,0.6362
2407,2997,281.1,16.66,319.53,145.86,0.5,0.5,6.8103,16.7718,0.0,0.3262
2407,3085,206.11,8.71,243.02,85.19,0.4551,0.4551,16.2578,10.4708,7.1212,0.2997
2407,3056,22.93,28.67,81.72,209.1,0.6919,0.6919,4.1067,19.7456,0.0,0.5301
2408,2997,283.27,16.68,322.04,146.4,0.7612,0.7612,6.7848,17.0804,0.0,0.4963
2408,3056,21.16,28.34,81.06,208.37,0.6299,0.6299,4.1306,19.8416,0.0,0.4805
2408,3075,198.94,8.08,239.84,143.85,0.5254,0.5254,6.6729,5.6345,158.8137,0.1743
2409,2997,283.7,16.56,323.33,146.85,0.8506,0.8506,6.7584,17.1943,0.0,0.5544
2409,3056,19.15,28.25,80.32,209.64,0.7026,0.7026,4.101,20.0696,0.0,0.5384
2409,3075,201.6,9.05,241.33,144.68,0.3269,0.3269,6.6194,5.93,0.0,0.2174
2409,3085,204.49,9.03,241.28,87.18,0.2949,0.2949,15.5221,10.1095,8.0356,0.1941
2410,2997,284.94,16.4,325.26,146.71,0.791,0.791,6.776,17.4012,0.0,0.5153
2410,3075,199.92,8.71,239.95,145.11,0.6538,0.6538,6.5873,5.7141,0.0,0.4348
2410,3110,145.86,45.14,190.62,161.35,0.6533,0.6533,5.6074,3.0051,0.0,0.4352
2410,3104,16.58,27.89,67.78,133.61,0.4961,0.4961,7.8774,19.0943,44.8903,0.2734
2411,2997,285.49,16.18,326.58,146.45,0.8545,0.8545,6.7987,17.5226,0.0,0.5564
2411,3075,196.19,8.59,236.44,144.64,0.6909,0.6909,6.6133,5.1979,0.0,0.4597
2411,3056,14.3,28.71,76.23,209.27,0.7271,0.7271,4.1267,20.5548,0.0,0.554
2412,2997,286.39,16.0,328.17,146.05,0.8076,0.8076,6.8329,17.6839,0.0,0.5257
2412,3075,195.74,8.36,236.47,144.77,0.4272,0.4272,6.6041,5.1684,0.0,0.2842
2412,3056,13.19,29.13,76.0,209.11,0.3557,0.3557,4.1335,20.6219,0.0,0.2706
2412,3104,9.88,28.57,65.17,141.92,0.4341,0.4341,7.2186,19.6408,15.6371,0.2756
2413,2997,288.28,16.39,330.49,146.06,0.8701,0.8701,6.8433,17.9577,0.0,0.5659
2413,3075,194.91,8.0,234.99,143.62,0.3784,0.3784,6.6816,5.003,0.0,0.2518
2413,3056,10.23,29.08,74.52,209.41,0.8203,0.8203,4.1334,20.8895,0.0,0.6237
2414,2997,289.78,17.1,332.35,146.14,0.8477,0.8477,6.8468,18.1757,0.0,0.551
2414,3056,8.71,29.22,75.07,213.22,0.6836,0.6836,4.0343,21.153,0.0,0.5284
2415,2997,290.46,17.34,333.22,145.22,0.8237,0.8237,6.9154,18.2745,0.0,0.5353
2415,3056,7.73,29.35,73.43,210.11,0.4524,0.4524,4.1211,21.1298,0.0,0.3445
2415,3104,6.5,29.28,63.0,144.2,0.2605,0.2605,7.0657,19.9913,22.1908,0.162
2415,3075,192.77,6.36,231.72,137.33,0.5381,0.5381,7.1449,4.7146,165.3609,0.1788
2416,2997,290.65,17.54,333.9,145.42,0.8306,0.8306,6.9037,18.3311,0.0,0.5397
2416,3056,7.12,29.28,70.73,202.62,0.3364,0.3364,4.3381,20.9384,158.4689,0.1344
2416,3104,6.25,29.34,62.53,142.76,0.3098,0.3098,7.1742,20.0376,166.5364,0.097
2416,3075,192.68,5.95,231.65,136.35,0.6396,0.6396,7.2232,4.7338,0.0,0.4257
2417,2997,291.79,17.68,333.74,139.54,0.7949,0.7949,7.3458,18.4031,166.9697,0.2514
2417,3056,4.83,29.6,73.93,218.12,0.6377,0.3189,3.9198,21.7091,23.4864,0.2421
2417,3075,192.1,5.81,231.44,136.31,0.5361,0.5361,7.2258,4.6804,0.0,0.3568
2417,3085,190.93,6.63,225.63,81.13,0.502,0.502,17.9069,9.7963,165.6796,0.1649
2418,2997,290.44,17.66,334.97,146.19,0.8618,0.8618,6.8522,18.388,13.9686,0.5514
2418,3056,3.15,29.72,74.75,225.96,0.4016,0.2008,3.7373,22.2245,24.6847,0.1566
2418,3075,193.5,5.82,231.69,131.56,0.6733,0.6733,7.6316,4.994,167.3023,0.2236
2418,3116,118.66,45.98,159.55,161.61,0.3621,0.3621,5.6235,6.3633,0.0,0.2407
2419,2997,289.7,17.83,335.65,149.57,0.8296,0.8296,6.6246,18.3969,14.429,0.5302
2419,3075,192.15,5.04,231.29,133.74,0.4648,0.4648,7.4394,4.7731,13.7253,0.3049
2419,3117,4.05,29.55,59.58,80.83,0.3389,0.1694,19.1844,21.9724,0.0,0.1089
2419,3104,5.22,29.85,62.93,144.88,0.3108,0.3108,7.0205,20.0772,13.9552,0.1978
2419,3085,189.66,5.55,223.98,80.63,0.3025,0.3025,18.1374,9.7788,163.3852,0.0994
2420,2997,289.06,17.71,335.83,151.23,0.8228,0.8228,6.5169,18.3776,14.6378,0.5256
2420,3075,191.15,4.45,230.76,134.69,0.3157,0.1578,7.3579,4.6287,0.0,0.1051
2420,3117,3.91,29.77,59.12,80.74,0.4785,0.2392,19.2341,22.0108,0.0,0.1537
2420,3118,108.32,43.51,175.76,229.08,0.4111,0.4111,3.4408,13.1345,0.0,0.3559
2420,3104,4.1,29.96,63.15,147.34,0.3364,0.1682,6.8503,20.1386,14.3962,0.1069
2420,3085,189.44,4.99,222.87,79.26,0.3269,0.1635,18.8109,9.9197,174.2108,0.0537
2421,2997,288.62,17.54,336.04,152.48,0.8203,0.8203,6.4382,18.3723,0.0,0.5329
2421,3075,190.79,4.61,230.23,134.07,0.6875,0.3438,7.4094,4.5945,0.0,0.2288
2421,3117,3.67,30.15,58.24,80.55,0.4302,0.2151,19.3387,22.0835,166.7233,0.0664
2421,3118,104.48,43.03,171.52,227.44,0.2644,0.2644,3.4792,13.1686,0.0,0.2276
2421,3104,0.0,30.18,68.05,174.39,0.2128,0.1064,5.37,20.4783,17.6136,0.067
2421,3116,106.94,43.46,148.32,159.85,0.397,0.397,5.7343,7.8034,122.7811,0.1311
2422,2997,288.32,18.49,335.74,153.03,0.7305,0.7305,6.4028,18.3383,0.0,0.4746
2422,3118,99.6,42.43,164.94,222.17,0.7407,0.7407,3.6001,12.9201,146.1976,0.3789
2422,3056,0.4,30.69,72.51,230.78,0.6982,0.3491,3.6401,22.7884,29.0026,0.2724
2422,3085,188.51,4.98,221.68,79.78,0.6372,0.3186,18.5457,9.7979,11.6803,0.2087
2423,2997,287.89,18.96,335.14,152.92,0.7754,0.7754,6.4069,18.2709,0.0,0.5039
2423,3118,96.36,40.98,160.31,216.75,0.3999,0.3999,3.7301,12.5978,151.2778,0.1978
2423,3075,188.79,4.49,227.67,134.37,0.6299,0.315,7.3808,4.2724,0.0,0.2097
2423,3104,0.0,31.23,73.0,192.51,0.6582,0.3291,4.6661,20.7766,20.0319,0.2203
2424,2997,287.72,18.0,335.36,153.22,0.7847,0.7847,6.3887,18.2768,0.0,0.5099
2424,3118,94.66,40.85,160.22,221.1,0.3337,0.3337,3.6305,13.1545,25.7462,0.2694
2424,3075,188.01,4.45,226.27,134.25,0.7529,0.3765,7.3895,4.1313,0.0,0.2506
2424,3104,0.0,31.89,71.94,194.56,0.3701,0.185,4.6003,20.9231,0.0,0.1292
2424,3117,4.37,31.05,58.2,80.71,0.2598,0.1299,19.2528,22.0384,0.0,0.0834
2424,3116,99.72,41.6,139.92,153.01,0.3337,0.3337,6.1306,8.6657,158.1796,0.11
2425,2997,287.57,18.95,334.76,153.13,0.7485,0.7485,6.3923,18.2275,0.0,0.4865
2425,3118,89.69,40.83,153.23,217.48,0.5146,0.5146,3.723,13.2412,141.0594,0.2546
2425,3075,187.01,4.96,223.18,130.86,0.7656,0.3828,7.684,4.0583,165.3865,0.1273
2425,3104,0.0,32.72,73.08,198.16,0.6167,0.3084,4.4828,21.0102,20.8001,0.2133
2426,2997,287.29,19.86,334.35,153.71,0.8228,0.8228,6.3554,18.1884,0.0,0.5348
2426,3118,86.88,40.76,149.44,217.15,0.6826,0.6826,3.7361,13.4909,0.0,0.5638
2426,3075,186.64,5.82,221.32,128.99,0.7861,0.7861,7.8563,4.053,165.7426,0.2614
2426,3104,0.0,32.99,73.71,197.48,0.5649,0.2824,4.5029,20.9434,0.0,0.2008
2427,2997,287.49,19.99,334.52,154.0,0.8125,0.8125,6.3388,18.2151,0.0,0.5281
2427,3118,82.06,40.95,143.8,217.41,0.3923,0.3923,3.739,13.985,0.0,0.3236
2427,3075,186.31,5.78,220.15,128.74,0.7285,0.7285,7.8792,3.9821,0.0,0.4851
2427,3104,0.65,33.49,73.43,196.55,0.3584,0.1792,4.5316,20.8812,0.0,0.1267
2427,3056,2.85,32.15,80.41,248.69,0.4504,0.2252,3.2743,23.489,27.8066,0.1871
2428,2997,287.84,20.61,335.13,155.39,0.7378,0.7378,6.2587,18.2916,0.0,0.4794
2428,3075,184.57,5.53,219.16,133.6,0.646,0.646,7.4384,3.4703,13.3044,0.4245
2428,3104,0.0,33.8,72.38,199.41,0.2776,0.1388,4.4455,21.1068,0.0,0.0997
2428,3056,3.58,32.34,79.52,244.85,0.2983,0.1492,3.3441,23.2199,0.0,0.1283
2428,3116,86.94,40.54,129.42,157.76,0.498,0.498,5.8922,10.379,40.7181,0.2891
2429,2997,287.3,20.75,335.28,158.48,0.7778,0.7778,6.0814,18.3057,15.621,0.4958
2429,3075,183.54,5.08,218.12,135.41,0.5591,0.5591,7.2855,3.23,14.9365,0.3661
2429,3056,3.16,33.6,76.84,241.2,0.4187,0.2094,3.4175,23.1165,0.0,0.1781
2429,3120,85.38,40.85,127.13,80.76,0.4863,0.4863,18.336,13.6754,0.0,0.3196
2429,3116,85.15,40.48,127.13,155.13,0.3757,0.3757,6.0445,10.5965,161.147,0.1231
2430,2997,287.21,20.79,335.21,158.62,0.8203,0.8203,6.0733,18.2974,0.0,0.533
2430,3075,181.22,4.73,216.04,136.7,0.6426,0.3213,7.1787,2.869,24.6585,0.2043
2430,3056,3.39,34.05,74.46,235.49,0.6343,0.3171,3.5337,22.838,154.2267,0.1594
2430,3116,83.03,40.38,124.45,151.36,0.5527,0.5527,6.2741,10.8625,162.756,0.1809
2431,2997,287.2,20.54,335.13,158.36,0.8218,0.8218,6.0875,18.2879,0.0,0.534
2431,3075,183.07,4.83,216.64,134.89,0.4619,0.2309,7.3275,3.1318,164.4766,0.0769
2431,3056,6.06,34.04,82.88,248.51,0.5264,0.5264,3.2689,23.2027,28.5034,0.437
2431,3116,80.88,40.56,124.7,156.8,0.585,0.585,5.9605,11.0906,16.2883,0.3785
2432,2997,286.91,20.06,335.38,159.89,0.8135,0.8135,6.0033,18.308,0.0,0.5286
2432,3056,7.4,33.9,87.74,254.66,0.7988,0.7988,3.1538,23.3763,29.8876,0.6719
2432,3085,186.0,5.58,216.34,78.49,0.5698,0.5698,19.1987,9.7835,163.7453,0.1872
2432,3118,72.48,41.32,133.51,218.9,0.5078,0.5078,3.7228,15.0592,0.0,0.4192
2433,2997,287.11,19.21,335.25,158.33,0.7168,0.7168,6.0892,18.2894,0.0,0.4658
2433,3085,187.28,6.67,215.6,78.42,0.2407,0.2407,19.2367,9.8044,0.0,0.1593
2433,3104,8.01,34.09,67.47,165.2,0.4902,0.4902,5.7809,19.8113,163.4816,0.1537
2433,3116,79.32,41.21,120.32,148.8,0.5718,0.5718,6.4469,11.375,164.5776,0.1869
2434,2997,287.47,18.14,335.92,157.97,0.811,0.811,6.1119,18.3506,0.0,0.5269
2434,3085,187.04,6.94,214.3,79.34,0.4397,0.4397,18.7553,9.6494,6.7203,0.2901
2434,3104,10.2,33.46,69.94,160.02,0.5767,0.5767,6.0397,19.431,162.3141,0.1813
2434,3116,78.85,41.91,119.74,148.67,0.384,0.384,6.457,11.4462,0.0,0.2535
2434,3120,79.21,42.37,119.1,80.51,0.3794,0.3794,18.5169,14.4381,120.3805,0.1225
2435,2997,287.81,18.66,336.24,158.0,0.8315,0.8315,6.1118,18.3935,0.0,0.5402
2435,3085,185.35,6.1,212.28,79.87,0.4302,0.4302,18.4854,9.5028,18.4022,0.2775
2435,3116,76.52,42.49,117.29,146.64,0.2744,0.2744,6.5984,11.7625,159.6454,0.0895
2435,3120,77.37,42.25,117.16,80.45,0.2031,0.2031,18.5632,14.6438,0.0,0.1332
2435,3056,8.53,32.79,91.28,258.78,0.5728,0.5728,3.0798,23.4865,0.0,0.5127
2436,2997,288.18,18.33,336.95,157.91,0.8394,0.8394,6.1195,18.4616,0.0,0.5452
2436,3085,181.24,6.38,213.0,96.88,0.3657,0.3657,12.6611,7.157,7.6775,0.2418
2436,3116,75.43,41.59,116.99,146.41,0.3738,0.3738,6.6162,11.8571,0.0,0.2465
2436,3120,75.69,41.54,116.5,80.43,0.3794,0.3794,18.5837,14.7703,0.0,0.2488
2436,3056,9.24,32.76,90.41,259.0,0.2622,0.2622,3.0765,23.5113,0.0,0.2348
2436,3104,15.57,32.6,77.63,163.12,0.3074,0.3074,5.8435,18.6512,28.794,0.1869
2437,2997,287.65,19.76,336.39,158.78,0.7949,0.7949,6.0684,18.4037,0.0,0.5164
2437,3116,71.1,40.69,116.06,155.38,0.4543,0.4543,6.0698,12.3155,16.5141,0.2931
2437,3104,12.33,32.08,75.98,161.67,0.4121,0.4121,5.9309,18.9375,0.0,0.2673
2437,3075,177.48,7.17,211.24,135.17,0.54,0.54,7.2998,2.4177,75.7204,0.2242
2438,2997,286.91,20.23,334.84,156.31,0.7168,0.7168,6.2022,18.2237,162.6817,0.2269
2438,3104,16.31,31.8,80.29,161.69,0.5488,0.5488,5.9098,18.4086,0.0,0.3565
2438,3120,71.5,39.26,114.38,80.43,0.4534,0.4534,18.6133,15.1094,102.1526,0.1459
2439,2997,286.98,20.5,335.01,156.95,0.8228,0.8228,6.1661,18.2471,0.0,0.5347
2439,3120,69.44,37.91,113.46,80.39,0.2886,0.2886,18.6473,15.2738,0.0,0.189
2439,3056,15.58,33.12,87.77,238.25,0.4055,0.4055,3.4388,21.7413,153.3535,0.21
2439,3075,170.6,7.84,206.61,136.44,0.4727,0.4727,7.1931,1.6433,46.9867,0.265
2440,2997,286.31,20.39,334.66,157.93,0.791,0.791,6.1082,18.1944,0.0,0.5142
2440,3120,68.31,37.01,113.01,80.42,0.384,0.384,18.6403,15.3573,0.0,0.2514
2440,3056,22.25,30.21,101.2,252.62,0.4971,0.4971,3.1496,21.9102,31.626,0.4175
2440,3075,172.82,6.86,209.22,136.1,0.2043,0.2043,7.2216,1.9451,0.0,0.1362
2440,3116,67.63,37.2,114.37,157.93,0.5361,0.5361,5.9361,12.7146,23.209,0.3386
2441,2997,285.72,20.62,334.5,159.77,0.8755,0.8755,6.0049,18.1731,15.8999,0.5579
2441,3056,22.05,30.82,101.65,256.78,0.5566,0.5566,3.0803,22.2494,0.0,0.4997
2441,3075,169.03,5.11,207.13,136.35,0.708,0.708,7.2001,1.5964,0.0,0.4719
2441,3116,66.34,36.02,113.78,160.36,0.5342,0.5342,5.8092,12.8964,17.7642,0.3432
2442,2997,285.42,20.63,334.88,162.68,0.7847,0.7847,5.8508,18.2277,16.2687,0.4995
2442,3056,23.47,31.04,103.45,258.56,0.5859,0.5859,3.0476,22.2595,0.0,0.5286
2442,3075,166.7,3.17,206.2,136.67,0.3567,0.1784,7.1738,1.4009,0.0,0.1189
2442,3116,63.95,35.06,111.22,160.87,0.355,0.355,5.7909,13.2404,0.0,0.2335
2442,3120,63.93,35.42,109.52,80.27,0.353,0.353,18.7537,15.7985,123.2999,0.1132
2443,2997,284.33,20.97,334.53,166.71,0.7793,0.7793,5.6458,18.2178,16.8189,0.4954
2443,3056,22.17,31.94,97.68,250.26,0.3311,0.3311,3.1946,21.8802,150.8327,0.1821
2443,3075,165.27,2.71,205.74,136.37,0.3389,0.1694,7.1977,1.3499,0.0,0.113
2443,3116,62.27,34.22,109.0,160.58,0.4543,0.4543,5.8129,13.4941,0.0,0.2987
2443,3104,23.07,32.38,86.16,162.63,0.2705,0.2705,5.8315,17.6142,50.1437,0.1437
2444,2997,284.33,21.1,335.01,168.95,0.7778,0.7778,5.5403,18.3008,17.3285,0.4937
2444,3075,165.12,3.75,205.63,136.07,0.46,0.23,7.2219,1.3745,0.0,0.1533
2444,3116,62.5,34.21,106.95,154.86,0.2295,0.2295,6.1312,13.5052,164.4382,0.0744
2444,3104,19.57,32.91,79.09,160.6,0.2114,0.2114,5.9628,18.2583,148.0765,0.0669
2445,2997,284.31,20.78,335.67,171.8,0.7627,0.7627,5.4114,18.4147,17.7321,0.4834
2445,3075,164.19,1.89,205.81,136.41,0.6875,0.3438,7.1943,1.3041,0.0,0.2291
2445,3056,27.3,32.84,104.32,256.75,0.8442,0.8442,3.0709,21.8966,34.3006,0.7107
2446,2997,284.88,21.47,335.73,172.03,0.6895,0.6895,5.4025,18.4607,0.0,0.4478
2446,3075,163.87,1.34,206.1,136.72,0.7334,0.3667,7.1694,1.266,0.0,0.2444
2446,3056,28.88,33.11,105.63,256.88,0.561,0.561,3.0652,21.7813,0.0,0.5054
2446,3118,40.34,33.25,93.9,174.2,0.363,0.363,5.237,16.313,158.7876,0.1161
2446,3120,66.15,33.66,104.65,71.96,0.5137,0.5137,24.0202,16.5846,175.9315,0.1641
2447,2997,285.42,22.75,336.54,174.82,0.8013,0.8013,5.2836,18.6247,18.6632,0.5062
2447,3075,164.74,3.36,205.1,134.06,0.5225,0.2612,7.3882,1.5912,167.0372,0.087
2447,3056,29.91,32.41,108.52,262.57,0.2289,0.2289,2.9709,22.1184,0.0,0.2089
2447,3118,36.26,33.29,95.81,184.93,0.4387,0.4387,4.8175,16.8721,19.6997,0.2883
2447,3120,66.56,33.55,103.92,71.32,0.4824,0.4824,24.5487,16.6525,175.9685,0.1541
2448,2997,285.77,23.69,336.7,175.75,0.7871,0.7871,5.2452,18.6845,0.0,0.5109
2448,3075,165.35,4.35,205.47,135.38,0.4446,0.2223,7.2782,1.4601,14.0077,0.146
2448,3056,26.75,28.38,107.52,268.8,0.2444,0.2444,2.8829,22.8528,0.0,0.2255
2448,3118,35.91,32.97,93.35,173.55,0.3252,0.3252,5.2744,16.6092,162.1177,0.1039
2448,3120,66.63,33.54,104.08,71.98,0.3108,0.3108,24.0047,16.5877,4.0774,0.2026
2449,2997,286.06,23.95,336.97,176.33,0.8413,0.8413,5.2221,18.7372,0.0,0.546
2449,3075,163.41,4.34,202.8,134.57,0.4834,0.2417,7.3449,1.4244,0.0,0.1611
2449,3056,27.41,31.29,104.97,264.88,0.3811,0.3811,2.943,22.5793,0.0,0.3489
2449,3118,34.03,33.08,94.74,179.47,0.3008,0.3008,5.0309,16.8513,18.7821,0.1909
2450,2997,286.31,24.22,337.3,176.96,0.8516,0.8516,5.1971,18.7929,0.0,0.5526
2450,3075,161.11,3.92,200.8,135.34,0.6611,0.3306,7.2808,1.2501,0.0,0.2203
2450,3056,30.2,31.72,109.8,272.13,0.3794,0.3794,2.8287,22.9264,33.0501,0.3323
2450,3118,35.5,33.43,94.43,173.73,0.4312,0.4312,5.2653,16.5724,161.8629,0.1378
2451,2997,286.97,24.22,337.95,176.97,0.791,0.791,5.1995,18.8749,0.0,0.5132
2451,3075,159.31,3.67,198.08,134.84,0.4678,0.2339,7.3222,1.3275,0.0,0.1559
2451,3056,33.56,33.11,110.69,268.85,0.4814,0.4814,2.8707,22.4534,0.0,0.4454
2451,3118,37.07,33.74,96.07,174.7,0.2759,0.2759,5.2178,16.4004,0.0,0.1802
2452,2997,287.39,24.2,338.4,176.93,0.8691,0.8691,5.203,18.9279,0.0,0.5637
2452,3075,161.14,3.58,192.01,105.31,0.5,0.25,10.9184,5.5564,171.1288,0.0829
2452,3056,33.86,32.12,109.19,266.36,0.2043,0.2043,2.9085,22.272,0.0,0.1881
2452,3118,37.82,33.78,97.03,175.87,0.353,0.353,5.1655,16.3327,0.0,0.2306
2453,2997,288.26,23.63,339.33,176.5,0.8413,0.8413,5.2248,19.0269,0.0,0.5455
2453,3075,161.66,3.82,187.61,87.41,0.4766,0.2383,15.3557,8.1029,173.6475,0.0786
2453,3056,35.3,30.16,107.99,261.94,0.2081,0.2081,2.975,21.8576,0.0,0.1899
2453,3118,40.48,33.78,98.35,174.57,0.3943,0.3943,5.2127,16.0327,0.0,0.2578
2454,2997,288.24,23.31,339.64,176.67,0.8667,0.8667,5.2183,19.0501,0.0,0.562
2454,3075,161.32,4.21,185.83,82.32,0.3115,0.1557,17.3303,8.8287,174.28,0.0513
2454,3118,37.89,32.96,103.96,199.79,0.708,0.708,4.3102,17.0589,21.5264,0.5103
2454,3133,158.07,4.12,189.1,135.41,0.4377,0.2188,7.276,1.5382,0.0,0.1459
2455,2997,289.02,22.91,340.8,176.71,0.8452,0.8452,5.2209,19.1721,0.0,0.5478
2455,3075,159.36,4.12,186.42,91.29,0.2942,0.1471,14.1237,7.588,6.8859,0.0973
2455,3118,41.92,32.58,101.76,185.7,0.2108,0.2108,4.7695,16.19,160.2233,0.074
2455,3133,156.98,3.82,187.95,135.09,0.4514,0.2257,7.3028,1.6741,0.0,0.1504
2455,3135,191.87,36.59,207.73,80.48,0.4197,0.4197,18.1907,9.4611,0.0,0.2779
2455,3056,48.28,31.42,121.32,260.66,0.6479,0.6479,2.9659,20.6632,86.462,0.3911
2456,2997,289.39,22.75,341.52,176.42,0.8574,0.8574,5.2354,19.2312,0.0,0.5557
2456,3075,160.06,3.62,184.87,82.98,0.2394,0.1197,17.0478,8.7544,174.299,0.0394
2456,3133,156.18,3.44,187.11,134.88,0.2487,0.1244,7.3205,1.7744,0.0,0.0829
2456,3056,57.17,29.65,134.17,261.06,0.6626,0.6626,2.9386,19.8674,0.0,0.6107
2457,2997,289.27,23.06,341.65,176.38,0.8745,0.8745,5.2371,19.2306,0.0,0.5667
2457,3133,154.74,3.33,186.0,136.3,0.6279,0.314,7.2048,1.7688,17.6825,0.2043
2457,3056,58.28,30.42,136.96,259.62,0.54,0.54,2.9573,19.5741,0.0,0.4967
2458,2997,289.54,23.73,342.11,176.24,0.8867,0.8867,5.2445,19.2719,0.0,0.5746
2458,3133,156.59,5.13,187.02,135.3,0.4971,0.4971,7.2857,1.7146,0.0,0.3313
2458,3056,75.79,115.35,133.89,260.11,0.6206,0.6206,2.9372,19.1073,0.0,0.573
2458,3136,45.7,30.13,75.92,120.74,0.3577,0.3577,9.0968,16.9176,0.0,0.2333
2459,2997,288.38,23.89,341.74,176.46,0.8691,0.8691,5.232,19.1832,0.0,0.5633
2459,3133,156.95,4.07,187.35,135.03,0.5059,0.253,7.3079,1.7101,0.0,0.1686
2459,3056,84.07,149.72,133.28,259.23,0.2101,0.2101,2.9446,18.7485,0.0,0.1939
2459,3136,46.9,29.24,77.28,120.03,0.4514,0.4514,9.1747,16.7708,0.0,0.2945
2460,2997,288.14,24.13,342.05,176.52,0.8892,0.8892,5.2296,19.1894,0.0,0.5763
2460,3133,156.93,4.86,187.05,135.58,0.2751,0.1376,7.2626,1.6673,0.0,0.0917
2460,3136,47.52,29.05,78.4,120.88,0.6279,0.6279,9.0663,16.6365,13.9352,0.4037
2461,2997,287.44,24.13,342.1,176.53,0.8647,0.8647,5.2278,19.1492,0.0,0.5605
2461,3136,47.64,28.28,78.75,120.22,0.5908,0.5908,9.1444,16.6233,0.0,0.3856
2461,3135,190.97,35.89,207.02,80.44,0.2705,0.2705,18.2081,9.4336,0.0,0.1791
2462,2997,288.12,24.21,343.3,176.89,0.811,0.811,5.2169,19.277,0.0,0.5255
2462,3136,47.41,28.34,78.65,120.2,0.4495,0.4495,9.1479,16.6451,0.0,0.2934
2462,3135,191.8,35.84,207.91,80.14,0.2358,0.2358,18.3551,9.5087,164.373,0.0775
2462,3133,151.0,5.92,181.3,134.29,0.3638,0.3638,7.3729,2.4259,134.1193,0.1212
2463,2997,286.89,24.14,342.99,177.38,0.8701,0.8701,5.1932,19.1962,0.0,0.5639
2463,3136,47.19,28.39,78.46,120.1,0.2056,0.2056,9.1614,16.6742,0.0,0.1342
2463,3135,191.79,35.82,208.09,80.28,0.3242,0.3242,18.2873,9.4936,0.0,0.2147
2463,3133,147.4,5.88,178.75,135.14,0.5166,0.5166,7.3042,2.7394,0.0,0.3442
2463,3104,33.84,28.14,95.0,176.59,0.564,0.564,5.147,16.7399,0.0,0.368
2464,2997,287.49,24.12,344.13,178.02,0.8145,0.8145,5.1707,19.324,0.0,0.5277
2464,3136,47.09,28.35,78.43,120.26,0.5659,0.5659,9.1423,16.6784,0.0,0.3693
2464,3135,191.41,35.9,207.78,80.57,0.3577,0.3577,18.1472,9.4406,8.2626,0.2356
2465,2997,287.19,24.29,344.23,178.71,0.7793,0.7793,5.1422,19.3332,0.0,0.5049
2465,3136,47.31,28.08,78.81,120.57,0.3604,0.3604,9.1029,16.6316,0.0,0.2352
2465,3148,65.27,28.29,154.55,256.89,0.3721,0.3721,2.9793,18.4081,0.0,0.342
2465,3133,150.77,5.07,173.08,91.3,0.4377,0.4377,14.1329,7.9439,173.1403,0.1445
2466,2997,286.35,24.72,344.24,181.56,0.8237,0.8237,5.0274,19.3758,18.7072,0.5191
2466,3136,47.86,28.16,79.37,120.35,0.4253,0.4253,9.126,16.5656,0.0,0.2776
2466,3135,192.59,35.92,207.17,74.75,0.2698,0.2698,21.4102,10.229,175.457,0.0885
2467,2997,286.16,25.15,344.94,184.64,0.8608,0.8608,4.9113,19.5161,19.3315,0.5514
2467,3136,47.89,28.36,79.64,120.93,0.2776,0.2776,9.0553,16.5312,0.0,0.1812
2467,3148,67.18,28.65,156.55,257.81,0.8101,0.8101,2.9618,18.3781,0.0,0.7464
2468,2997,286.31,25.77,344.79,184.96,0.8594,0.8594,4.8994,19.5278,0.0,0.568
2468,3136,48.25,28.35,80.07,120.77,0.541,0.541,9.0719,16.4842,0.0,0.3533
2468,3148,69.23,29.78,157.61,257.11,0.8262,0.8262,2.9705,18.1975,0.0,0.7606
2468,3085,139.71,4.82,184.35,136.03,0.7241,0.362,7.2321,2.8188,0.0,0.2412
2468,3135,192.59,36.09,206.87,73.28,0.3276,0.3276,22.4234,10.4198,175.6356,0.1074
2469,2997,286.14,26.65,344.22,185.51,0.8584,0.8584,4.8776,19.5031,0.0,0.5699
2469,3136,48.66,28.07,80.07,118.73,0.5078,0.5078,9.3216,16.5129,169.5226,0.1623
2469,3148,72.15,28.69,160.42,257.18,0.6929,0.6929,2.9652,18.0201,0.0,0.6386
2469,3085,138.47,4.63,182.42,135.74,0.5957,0.2979,7.2572,3.0435,0.0,0.1984
2469,3135,192.69,36.18,207.29,73.39,0.3452,0.3452,22.3451,10.4149,0.0,0.2282
2470,2997,285.56,26.52,343.49,185.59,0.8169,0.8169,4.872,19.4263,0.0,0.543
2470,3136,48.83,28.37,80.65,119.67,0.5215,0.5215,9.202,16.4385,10.9403,0.3374
2470,3148,72.94,25.72,162.47,260.38,0.2101,0.2101,2.9136,18.295,0.0,0.195
2470,3085,137.29,4.66,181.46,136.52,0.6123,0.3061,7.195,3.1453,0.0,0.2039
2470,3135,192.48,36.17,207.5,73.48,0.5176,0.5176,22.2808,10.4029,0.0,0.3422
2470,3133,144.78,4.43,164.84,74.23,0.4456,0.2228,21.7743,10.5249,175.1838,0.073
2471,2997,284.62,26.36,342.91,186.43,0.7456,0.7456,4.8383,19.3657,0.0,0.4991
2471,3136,49.15,28.23,81.56,120.25,0.6069,0.6069,9.1272,16.3433,0.0,0.3964
2471,3148,73.69,29.21,159.43,256.49,0.6826,0.6826,2.9757,17.9245,0.0,0.6283
2471,3085,135.01,4.68,179.03,136.74,0.2998,0.1499,7.1798,3.4542,0.0,0.0998
2471,3133,141.8,4.65,164.25,77.55,0.5815,0.2908,19.729,10.1831,5.646,0.1918
2472,2997,284.36,27.31,342.5,187.64,0.8101,0.8101,4.7934,19.3724,0.0,0.5471
2472,3136,53.43,28.64,84.16,115.72,0.4941,0.4941,9.6881,16.0343,167.1428,0.1583
2472,3148,76.2,30.93,160.06,255.1,0.8052,0.8052,2.9957,17.6669,0.0,0.7393
2472,3085,135.36,14.0,176.62,136.88,0.2095,0.2095,7.1697,3.5892,0.0,0.1395
2472,3133,141.12,4.93,164.45,77.86,0.583,0.2915,19.5574,10.1558,6.3631,0.1922
2472,3135,191.07,35.99,208.46,79.36,0.5098,0.5098,18.743,9.609,5.1844,0.3368
2473,2997,281.97,27.66,340.57,189.0,0.8306,0.8306,4.7369,19.1657,0.0,0.5675
2473,3136,53.8,29.05,85.29,117.56,0.2903,0.2903,9.4386,15.8792,10.7098,0.1882
2473,3148,79.96,31.06,162.75,256.24,0.7485,0.7485,2.9731,17.598,0.0,0.6896
2473,3085,132.04,8.71,175.1,136.25,0.3049,0.3049,7.2233,3.9463,0.0,0.203
2473,3133,137.0,5.71,161.8,78.97,0.4688,0.4688,18.9749,10.2044,16.5674,0.3036
2473,3135,190.29,36.01,208.06,80.96,0.4036,0.4036,17.9622,9.3713,5.7446,0.2666
2474,2997,280.57,27.88,339.62,190.5,0.8574,0.8574,4.6804,19.0871,0.0,0.5924
2474,3148,80.08,23.3,164.11,256.0,0.2935,0.2935,2.976,17.5257,0.0,0.2703
2474,3085,128.83,6.64,171.66,132.4,0.3025,0.3025,7.5526,4.5733,163.6893,0.1005
2474,3133,133.71,5.76,159.8,79.59,0.3398,0.3398,18.6678,10.2897,22.6513,0.216
2474,3135,190.25,35.89,207.99,81.13,0.3557,0.3557,17.883,9.3464,0.0,0.2356
2475,2997,279.69,28.23,338.88,191.59,0.8296,0.8296,4.6403,19.0372,0.0,0.5777
2475,3085,124.41,5.84,167.31,129.29,0.4456,0.4456,7.843,5.3194,159.9988,0.1479
2475,3135,190.3,35.67,207.9,80.89,0.2651,0.2651,17.9948,9.3777,174.5784,0.0872
2476,2997,279.57,28.07,338.8,192.06,0.8076,0.8076,4.6242,19.0461,0.0,0.5641
2476,3085,122.0,5.39,165.04,128.71,0.4766,0.4766,7.9024,5.6578,0.0,0.317
2476,3148,87.87,48.53,161.36,254.94,0.3657,0.3657,2.9897,17.2531,0.0,0.3363
2477,2997,279.47,28.1,338.48,191.93,0.8789,0.8789,4.6277,19.015,0.0,0.6136
2477,3104,53.56,30.26,106.57,177.67,0.4082,0.4082,5.0476,14.7954,65.4055,0.1882
2477,3135,190.47,36.03,208.14,81.57,0.4902,0.4902,17.6817,9.2952,5.7598,0.3238
2478,2997,279.83,28.0,338.74,192.12,0.8535,0.8535,4.6225,19.0608,0.0,0.5964
2478,3133,128.04,4.85,154.6,77.0,0.5293,0.2646,20.0893,10.9662,169.0371,0.0866
2479,2997,279.89,28.33,338.57,192.17,0.8608,0.8608,4.6207,19.0564,0.0,0.6017
2479,3133,127.26,5.62,154.65,78.89,0.354,0.354,19.0508,10.7664,5.22,0.2334
2479,3104,58.08,29.86,108.44,178.9,0.3049,0.3049,4.9883,14.4445,0.0,0.2005
2479,3135,191.74,36.42,207.88,76.79,0.2727,0.2727,20.1437,9.9539,175.1546,0.0895
2480,2997,279.52,28.54,338.19,192.71,0.8789,0.8789,4.6013,19.0357,0.0,0.6166
2480,3133,127.03,5.63,154.34,78.85,0.214,0.214,19.0729,10.7904,0.0,0.1414
2481,2997,280.61,29.35,337.57,189.0,0.7808,0.7808,4.7284,18.9015,160.2208,0.2745
2481,3133,127.07,5.32,154.57,78.94,0.2366,0.2366,19.0253,10.7701,0.0,0.1563
2482,2997,280.18,30.41,337.47,190.84,0.7847,0.7847,4.664,18.9487,0.0,0.5441
2482,3133,129.74,5.62,153.12,65.05,0.5137,0.5137,30.5462,12.4116,176.8071,0.1672
2482,3104,71.4,30.0,119.36,177.17,0.6152,0.6152,5.0208,12.8245,102.1812,0.2
2483,2997,280.44,31.62,337.39,191.42,0.7974,0.7974,4.6447,18.9851,0.0,0.5549
2483,3133,130.36,5.88,153.26,60.69,0.3503,0.3503,37.6178,12.9278,177.3962,0.1138
2483,3104,72.99,29.81,119.0,178.32,0.3208,0.3208,4.9732,12.8049,0.0,0.2124
2484,2997,280.16,31.88,337.02,192.0,0.791,0.791,4.6239,18.9719,0.0,0.5527
2484,3133,129.4,6.51,154.1,62.64,0.4207,0.4207,34.0919,12.6899,2.859,0.2769
2484,3104,73.99,29.66,119.35,183.0,0.2366,0.2366,4.7927,12.9766,19.5976,0.1577
2484,3135,191.87,36.16,207.8,74.79,0.2532,0.2532,21.3838,10.222,175.4546,0.0831
2485,2997,279.69,31.87,336.51,192.01,0.8525,0.8525,4.6217,18.9134,0.0,0.596
2485,3104,76.24,30.06,119.89,181.79,0.4216,0.4216,4.8341,12.7345,0.0,0.2869
2485,3135,191.28,36.12,208.59,78.3,0.2281,0.2281,19.2973,9.7573,5.0387,0.1507
2485,3148,101.32,31.4,177.49,254.93,0.71,0.71,2.9737,16.4813,84.4698,0.4416
2486,2997,278.96,31.19,335.87,192.19,0.7822,0.7822,4.6131,18.8392,0.0,0.5478
2486,3135,190.49,36.0,208.35,79.94,0.3433,0.3433,18.4522,9.5176,5.502,0.2268
2487,2997,278.01,31.02,334.74,192.71,0.79,0.79,4.592,18.7381,0.0,0.5557
2487,3135,190.05,35.89,208.2,81.21,0.3877,0.3877,17.846,9.3359,5.574,0.2561
2487,3148,110.28,30.81,178.15,232.05,0.3904,0.3904,3.3784,13.3901,152.6316,0.211
2488,2997,276.38,31.32,334.5,198.27,0.686,0.686,4.411,18.8973,21.1375,0.4835
2488,3176,93.13,31.61,122.53,65.66,0.5137,0.5137,30.0915,14.9377,0.0,0.3367
2489,2997,276.04,31.51,334.16,201.17,0.7529,0.7529,4.3221,19.0088,0.0,0.5563
2490,2997,275.17,31.95,333.79,206.11,0.7378,0.7378,4.1778,19.21,22.1578,0.5409
2491,2997,276.44,32.38,333.08,204.12,0.3577,0.3577,4.235,19.13,0.0,0.2684
2491,3181,141.63,28.17,168.42,64.93,0.4766,0.4766,30.6258,11.7327,0.0,0.3144
2492,2997,271.15,32.91,328.54,206.97,0.7363,0.7363,4.1386,18.7308,34.1997,0.52
2492,3183,284.24,32.7,327.99,146.4,0.3738,0.3738,6.8026,17.5329,0.0,0.2434
2493,2997,271.82,32.73,326.88,200.56,0.3259,0.3259,4.3205,18.304,158.2966,0.1327
2493,3183,284.72,32.53,328.3,146.07,0.4158,0.4158,6.8274,17.5836,0.0,0.2707
2494,2997,264.79,32.55,322.36,205.69,0.7407,0.7407,4.154,17.9377,28.878,0.5346
2495,2997,270.57,33.22,324.44,197.54,0.5557,0.5557,4.406,17.9221,157.6363,0.2203
2496,2997,262.51,33.0,319.6,204.95,0.8306,0.8306,4.1669,17.6037,26.5351,0.6039
2496,3148,102.41,22.81,173.33,225.73,0.5137,0.5137,3.5156,12.9691,146.4123,0.2685
2497,2997,266.92,33.28,320.84,196.79,0.7231,0.7231,4.4171,17.4523,158.3508,0.2861
2497,3148,112.79,23.21,183.04,236.0,0.7393,0.7393,3.2978,13.7143,35.273,0.6084
2497,3135,190.22,35.92,207.99,81.08,0.3286,0.3286,17.9061,9.3525,0.0,0.2176
2498,2997,267.9,33.38,320.78,195.31,0.4253,0.4253,4.4652,17.4267,0.0,0.3074
2498,3148,119.03,23.23,186.51,239.36,0.7422,0.7422,3.2309,13.9493,0.0,0.6626
2498,3135,190.54,36.14,208.08,81.18,0.3584,0.3584,17.8602,9.3475,0.0,0.2373
2499,2997,260.42,33.22,316.65,203.96,0.5371,0.5371,4.1871,17.253,24.7983,0.3917
2499,3148,122.15,22.27,187.06,239.64,0.6636,0.6636,3.2246,13.9199,0.0,0.593
2499,3135,191.32,35.89,207.24,76.16,0.2712,0.2712,20.5175,10.0176,175.2628,0.089
2499,3194,126.05,24.93,151.1,64.47,0.4785,0.4785,31.3532,12.6583,0.0,0.3151
2499,3176,89.81,8.42,136.69,65.95,0.4824,0.4824,29.6622,14.4253,42.4677,0.2743
2500,2997,262.99,32.98,317.18,198.9,0.5029,0.5029,4.3401,17.1245,158.1503,0.2044
2500,3148,122.59,21.75,186.26,240.0,0.5547,0.5547,3.218,13.9732,0.0,0.4961
2500,3194,126.79,24.83,151.89,64.47,0.4016,0.4016,31.3473,12.6104,0.0,0.2645
2501,2997,258.0,32.69,314.57,205.27,0.5352,0.5352,4.1436,17.0806,24.4831,0.394
2501,3148,123.89,21.67,185.26,236.34,0.4233,0.4233,3.2866,13.4895,0.0,0.375
2501,3194,127.78,24.73,152.94,64.56,0.4272,0.4272,31.2151,12.5365,30.611,0.2616
2501,3135,192.12,36.0,207.55,73.86,0.3008,0.3008,22.0128,10.3462,175.467,0.0986
2502,2997,262.07,32.76,315.81,198.99,0.457,0.457,4.3338,16.9956,157.5815,0.1863
2502,3148,127.43,21.87,186.81,232.59,0.4131,0.4131,3.3581,12.9074,0.0,0.3624
2502,3194,129.0,24.78,153.9,64.35,0.3157,0.3157,31.4992,12.4966,163.3786,0.1027
2502,3135,192.19,36.04,207.7,73.37,0.2422,0.2422,22.3593,10.4159,175.5531,0.0794
2503,2997,255.71,32.88,311.67,205.11,0.3794,0.3794,4.1404,16.7756,26.6929,0.2776
2503,3148,129.62,22.16,187.92,228.18,0.4756,0.4756,3.4468,12.2676,0.0,0.4119
2503,3135,192.17,35.96,208.18,73.68,0.2798,0.2798,22.1396,10.3832,5.5279,0.1846
2504,2997,260.39,32.92,313.11,196.87,0.3674,0.3674,4.3918,16.6133,158.0942,0.1471
2504,3148,131.16,22.01,189.39,228.43,0.7456,0.7456,3.4408,12.2522,0.0,0.6464
2504,3135,191.13,36.03,209.0,78.38,0.2837,0.2837,19.2547,9.7519,5.0459,0.1874
2504,3176,84.62,7.71,132.7,71.42,0.5981,0.5981,24.188,14.3001,5.3841,0.3917
2505,2997,255.85,33.41,310.98,204.82,0.4863,0.4863,4.1478,16.7251,23.3315,0.3593
2505,3148,132.39,21.88,189.92,225.28,0.7285,0.7285,3.5069,11.8036,0.0,0.6256
2505,3176,83.27,8.15,132.47,78.11,0.541,0.541,19.6841,13.7495,5.0005,0.3548
2506,2997,253.71,33.03,310.01,207.58,0.6069,0.6069,4.0674,16.7383,0.0,0.4715
2506,3148,131.94,22.23,188.58,221.22,0.8125,0.8125,3.5964,11.2894,0.0,0.6885
2506,3135,190.67,36.06,208.94,79.84,0.2502,0.2502,18.5024,9.5466,5.3224,0.1653
2507,2997,252.33,33.15,309.18,208.62,0.8218,0.8218,4.0364,16.6886,0.0,0.6419
2507,3148,131.1,21.63,188.49,220.96,0.8286,0.8286,3.6025,11.2708,0.0,0.7015
2508,2997,250.15,34.31,307.11,209.17,0.6196,0.6196,4.016,16.4934,0.0,0.4859
2508,3148,129.94,21.98,187.75,221.66,0.7778,0.7778,3.5874,11.3979,0.0,0.6599
2509,2997,248.76,34.46,306.05,208.88,0.6826,0.6826,4.0204,16.3374,0.0,0.535
2509,3148,129.77,21.66,187.7,220.66,0.8086,0.8086,3.6099,11.2689,0.0,0.6837
2510,2997,245.59,34.61,303.94,209.38,0.7407,0.7407,4.0002,16.0854,0.0,0.5829
2510,3148,129.83,21.55,187.88,220.23,0.6885,0.6885,3.6196,11.2073,0.0,0.5813
2510,3176,76.57,9.94,124.04,82.61,0.4436,0.4436,17.5373,14.142,11.1728,0.2884
2511,2997,243.11,35.22,302.12,208.99,0.8125,0.8125,4.005,15.8217,0.0,0.6392
2511,3148,129.92,21.43,187.46,217.68,0.7583,0.7583,3.6784,10.8743,0.0,0.6346
2511,3176,75.08,10.16,121.32,85.03,0.3452,0.3452,16.553,14.1746,7.9802,0.2255
2512,2997,239.46,35.16,299.6,208.26,0.8286,0.8286,4.0167,15.4307,0.0,0.6511
2512,3148,129.69,21.58,187.2,216.76,0.6636,0.6636,3.7001,10.7616,0.0,0.5535
2512,3176,64.32,10.12,131.9,126.12,0.5991,0.5991,8.2986,11.8563,11.5929,0.3911
2513,2997,235.76,35.78,297.57,208.7,0.7822,0.7822,3.998,15.1567,0.0,0.6169
2513,3148,129.15,20.9,186.72,215.52,0.6826,0.6826,3.7299,10.6176,0.0,0.5668
2513,3176,61.39,9.89,131.32,138.39,0.5879,0.5879,7.1992,11.8582,13.5245,0.3823
2513,3135,191.04,35.53,209.43,79.81,0.3208,0.3208,18.5183,9.5685,0.0,0.2124
2514,2997,232.31,35.63,296.2,209.22,0.6387,0.6387,3.9786,14.942,0.0,0.5056
2514,3148,129.92,21.59,187.79,216.03,0.5049,0.5049,3.7172,10.6485,0.0,0.4201
2514,3176,59.73,9.44,128.85,144.38,0.686,0.686,6.7623,12.1161,15.1409,0.4443
2515,2997,228.97,34.83,295.08,209.96,0.5283,0.5283,3.9542,14.7688,0.0,0.4201
2515,3148,131.52,21.77,189.47,217.39,0.5332,0.5332,3.6842,10.7688,0.0,0.4459
2515,3176,61.52,9.1,128.81,145.47,0.7778,0.7778,6.6837,11.9976,0.0,0.5129
2516,3148,132.32,20.63,190.81,218.11,0.6377,0.6377,3.6668,10.8285,0.0,0.5347
2516,3176,62.06,9.04,127.9,146.01,0.7871,0.7871,6.6476,12.0245,0.0,0.519
2517,3176,61.33,9.4,125.41,144.8,0.4844,0.4844,6.7365,12.2426,0.0,0.3193
2517,2997,221.04,37.46,290.08,216.14,0.3191,0.3191,3.7855,14.6629,31.2877,0.2455
2518,3176,61.09,9.5,123.89,143.68,0.5947,0.5947,6.8184,12.3627,0.0,0.3919
2518,2997,219.34,36.75,290.46,218.4,0.5918,0.5918,3.7304,14.8111,0.0,0.4882
2519,3176,56.7,9.76,116.51,141.71,0.4187,0.4187,6.9844,13.1698,147.2597,0.1359
2519,2997,215.94,38.15,285.52,212.93,0.2147,0.2147,3.8548,13.8941,149.838,0.1023
2519,3211,63.45,9.51,104.18,83.19,0.3943,0.3943,17.4355,15.9084,0.0,0.2578
2519,3148,134.39,19.21,195.22,220.65,0.3774,0.3774,3.6072,11.0737,0.0,0.3193
2520,3176,57.43,9.84,116.82,142.05,0.3303,0.3303,6.9572,13.0979,0.0,0.2173
2520,2997,213.22,36.5,283.18,210.39,0.2502,0.2502,3.9144,13.4083,0.0,0.2007
2520,3211,62.33,9.5,102.49,82.09,0.5508,0.5508,17.9349,16.1438,171.7217,0.1764
2520,3148,134.96,19.02,195.11,218.27,0.3647,0.3647,3.6615,10.7446,0.0,0.3061
2521,3176,54.33,9.69,110.89,138.99,0.4746,0.4746,7.2085,13.7257,159.1471,0.1537
2521,2997,213.58,32.16,286.32,212.63,0.3794,0.3794,3.8609,13.7902,0.0,0.3069
2521,3211,60.69,9.55,100.64,81.68,0.5889,0.5889,18.1409,16.3679,159.953,0.1883
2522,3176,52.83,9.89,109.18,137.77,0.4065,0.4065,7.3125,13.9519,160.6484,0.1315
2522,2997,214.14,38.34,285.87,217.39,0.3477,0.3477,3.7448,14.2534,24.4534,0.276
2522,3194,141.76,19.08,171.48,63.91,0.3354,0.3354,32.0383,11.8032,0.0,0.2212
2523,3176,51.93,9.77,110.22,144.34,0.7441,0.7441,6.8176,13.9161,14.0192,0.4814
2523,3148,136.74,19.43,193.8,207.07,0.2651,0.2651,3.9388,9.2142,156.6444,0.1247
2524,3176,49.27,9.91,107.58,146.86,0.46,0.46,6.6553,14.2792,21.3591,0.2914
2524,3211,53.59,9.46,100.82,95.03,0.4121,0.4121,13.5305,15.9174,7.5115,0.2683
2525,3211,46.97,10.08,103.22,112.99,0.4446,0.4446,10.0337,15.3223,9.7664,0.289
2525,2997,208.0,42.08,281.5,226.84,0.6162,0.6162,3.5229,14.7536,28.2908,0.5009
2526,3219,54.56,10.11,100.55,86.88,0.3408,0.3408,16.0384,16.3716,0.0,0.2226
2526,3176,48.67,10.57,107.4,151.54,0.3157,0.3157,6.3557,14.3638,15.1248,0.2035
2527,3219,55.45,10.07,99.58,83.69,0.459,0.459,17.2864,16.5854,174.3765,0.1466
2527,3220,192.34,22.16,211.65,48.02,0.4207,0.4207,112.3669,13.8542,0.0,0.2764
2527,3176,49.73,10.96,107.67,152.66,0.5176,0.5176,6.2847,14.2865,0.0,0.3397
2527,3148,136.64,17.64,189.97,195.05,0.5352,0.5352,4.2824,7.6617,158.1195,0.228
2528,3219,54.71,10.78,100.04,86.48,0.2268,0.2268,16.1869,16.4181,6.0324,0.1477
2528,3220,192.75,21.2,213.06,48.34,0.4609,0.4609,107.0258,13.8401,2.8253,0.3026
2528,3176,49.79,11.35,105.35,150.19,0.6123,0.6123,6.4419,14.4141,164.2938,0.1977
2528,3148,136.98,17.0,189.04,193.0,0.585,0.585,4.3464,7.401,0.0,0.4394
2528,2997,201.19,39.88,276.67,233.08,0.5215,0.5215,3.3852,14.9768,33.3262,0.4255
2529,3219,55.6,10.83,98.97,83.2,0.3337,0.3337,17.4973,16.6443,174.4472,0.1066
2529,3176,47.57,11.72,102.05,148.54,0.4045,0.4045,6.5595,14.773,155.9973,0.1304
2529,3148,137.08,16.69,188.0,191.29,0.7104,0.7104,4.4013,7.1961,0.0,0.5284
2530,3176,48.07,11.72,103.55,154.7,0.5049,0.5049,6.1753,14.6992,15.4521,0.325
2530,3148,136.32,16.79,186.72,191.94,0.7769,0.7769,4.3809,7.3328,0.0,0.5799
2531,3176,49.02,11.87,103.21,154.39,0.2194,0.2194,6.1922,14.6543,0.0,0.1439
2531,3148,137.82,16.66,188.4,191.59,0.7515,0.7515,4.3913,7.2085,0.0,0.56
2531,3220,191.82,16.82,215.51,48.36,0.4282,0.4282,106.7191,13.8618,32.8202,0.2585
2531,2997,187.5,40.32,260.94,229.62,0.5,0.5,3.4362,13.5693,109.3791,0.2663
2531,3219,53.03,11.41,100.43,90.97,0.583,0.583,14.6821,16.2125,6.6622,0.3796
2532,3148,136.98,16.54,186.27,187.67,0.6836,0.6836,4.5217,6.7674,158.1805,0.2699
2532,3226,189.94,17.98,218.71,88.0,0.384,0.384,15.1815,8.6943,0.0,0.2545
2532,3220,192.6,17.09,216.4,48.55,0.2766,0.2766,103.8029,13.8645,4.3592,0.1814
2532,3219,51.55,11.48,101.31,95.81,0.7266,0.7266,13.3361,15.9664,7.3194,0.4731
2532,3194,142.44,16.76,175.46,63.94,0.2991,0.2991,31.9847,11.7135,73.8523,0.1254
2533,3148,137.98,16.59,182.64,168.05,0.3867,0.3867,5.2917,4.4515,162.1656,0.1285
2533,3226,195.18,17.4,217.07,70.1,0.2167,0.2167,24.9961,11.107,176.095,0.0709
2533,3219,51.46,11.84,101.09,96.68,0.6299,0.6299,13.12,15.9368,7.5874,0.41
2534,3148,136.37,16.67,183.71,176.31,0.3767,0.3767,4.9407,5.4337,19.0058,0.2467
2534,3219,51.66,12.22,100.71,96.82,0.7969,0.7969,13.0864,15.9399,0.0,0.5211
2535,3148,136.78,16.42,183.49,173.19,0.5107,0.5107,5.0681,5.0538,161.4407,0.1696
2535,3219,51.9,12.41,100.49,97.07,0.4167,0.4167,13.0254,15.925,0.0,0.2725
2535,3176,50.9,12.85,94.77,125.62,0.3259,0.3259,8.4745,15.2339,168.6461,0.1048
2536,3148,135.46,16.43,184.15,180.36,0.5254,0.5254,4.784,5.9472,19.5948,0.3543
2536,3219,51.51,12.3,99.98,97.65,0.2886,0.2886,12.8898,15.948,9.7826,0.1873
2536,3176,50.75,12.56,94.34,122.7,0.3057,0.3057,8.7964,15.3428,169.057,0.0983
2536,3194,140.09,16.42,174.61,63.68,0.291,0.291,32.3733,11.8059,161.906,0.0949
2537,3148,135.15,16.54,182.2,175.14,0.5264,0.5264,4.9888,5.4001,160.8302,0.1755
2537,3219,53.06,12.3,99.14,93.93,0.2783,0.2783,13.8331,16.1126,172.9091,0.0891
2537,3176,50.0,12.51,100.29,143.23,0.4216,0.4216,6.9227,14.7153,13.8185,0.2724
2537,3194,139.0,16.77,174.62,63.88,0.2759,0.2759,32.0812,11.7999,8.9173,0.1809
2538,3148,136.16,16.59,181.1,166.93,0.6968,0.6968,5.3442,4.4889,162.3533,0.2316
2538,3219,48.73,12.07,103.83,112.26,0.4534,0.4534,10.1342,15.1989,9.5362,0.2949
2538,2997,169.39,22.76,247.15,229.04,0.3218,0.3218,3.4335,12.6507,90.1573,0.1719
2539,3148,134.31,16.91,180.46,171.84,0.5107,0.5107,5.1272,5.1334,18.9536,0.3306
2539,3135,194.56,16.39,224.15,80.86,0.646,0.646,18.0364,9.8928,0.0,0.4275
2539,3176,50.35,12.48,101.99,150.19,0.5889,0.5889,6.4477,14.602,14.8122,0.3797
2540,3148,132.93,17.22,181.33,180.3,0.6851,0.6851,4.7882,6.1334,19.5656,0.4616
2540,3176,50.46,11.97,101.6,151.2,0.7002,0.7002,6.385,14.6295,0.0,0.4592
2540,2997,170.86,18.58,251.62,245.32,0.3252,0.3252,3.1265,14.8721,29.0629,0.2808
2541,3148,132.2,17.51,180.12,178.73,0.4282,0.4282,4.8487,6.0229,0.0,0.2933
2541,3176,50.62,12.07,101.28,152.64,0.4207,0.4207,6.2971,14.6549,0.0,0.2759
2541,3135,201.85,16.08,229.59,80.67,0.4805,0.4805,18.1493,10.321,112.0127,0.1576
2542,3148,131.21,16.98,177.91,173.01,0.2487,0.2487,5.0801,5.52,160.9193,0.0825
2542,3176,50.89,12.09,100.56,152.05,0.3877,0.3877,6.3339,14.6787,0.0,0.2542
2542,3135,204.81,16.4,232.0,80.76,0.2791,0.2791,18.1176,10.4986,75.475,0.1148
2542,3219,52.12,12.41,99.39,99.14,0.6021,0.6021,12.5451,15.8676,172.2805,0.1931
2542,2997,164.65,18.65,243.25,247.69,0.3049,0.3049,3.0808,14.9248,0.0,0.2779
2543,3148,130.15,17.16,177.25,174.64,0.385,0.385,5.0133,5.775,0.0,0.256
2543,3176,50.9,12.24,99.64,151.58,0.2644,0.2644,6.3647,14.7349,0.0,0.1734
2543,3219,52.66,12.53,98.14,96.72,0.7358,0.7358,13.1172,16.0402,172.5928,0.2357
2543,2997,163.13,17.44,240.34,248.21,0.291,0.291,3.0707,14.9292,0.0,0.2656
2543,3194,134.45,17.59,170.47,63.59,0.2847,0.2847,32.5316,12.0179,142.8405,0.0928
2544,3148,128.89,17.04,176.6,175.91,0.7778,0.7778,4.9627,6.0002,0.0,0.521
2544,3176,50.84,12.37,99.39,153.03,0.4055,0.4055,6.277,14.771,0.0,0.2659
2544,3219,52.75,12.6,97.65,96.31,0.5371,0.5371,13.2203,16.0868,172.0996,0.172
2544,2997,159.78,31.32,234.43,253.92,0.5591,0.5591,2.9744,15.5691,36.3584,0.4806
2545,3148,128.79,16.91,176.22,174.36,0.332,0.332,5.0259,5.8575,0.0,0.2208
2545,3176,51.14,12.41,98.96,152.71,0.4263,0.4263,6.2966,14.7761,0.0,0.2795
2545,3219,52.94,12.64,97.39,96.18,0.5195,0.5195,13.2531,16.0982,0.0,0.3395
2545,2997,161.21,34.52,233.21,252.91,0.269,0.269,2.9907,15.4383,0.0,0.2482
2545,3237,208.83,17.11,236.11,48.7,0.3831,0.3831,101.9624,14.6451,0.0,0.2513
2545,3135,208.88,16.88,235.64,79.4,0.2854,0.2854,18.8029,10.9429,165.1554,0.0934
2546,3148,128.77,16.49,176.11,173.24,0.6489,0.6489,5.0724,5.7469,0.0,0.4315
2546,3176,51.39,12.59,98.58,152.92,0.7598,0.7598,6.2842,14.7872,0.0,0.4981
2546,3237,212.02,17.5,239.0,48.72,0.3943,0.3943,101.7547,14.8137,74.6539,0.1618
2547,3148,128.51,15.4,176.33,173.22,0.4561,0.4561,5.0733,5.7467,0.0,0.3033
2547,3176,52.83,12.61,94.05,132.55,0.4036,0.4036,7.7937,15.0257,167.6947,0.1299
2548,3148,126.74,14.63,174.63,173.6,0.5127,0.5127,5.0592,5.9568,0.0,0.3409
2548,3176,55.28,12.97,93.55,123.47,0.6479,0.6479,8.6992,15.0778,168.7883,0.2085
2549,3148,124.91,14.06,171.67,170.98,0.7671,0.7671,5.173,5.9533,156.4441,0.2543
2549,3176,52.39,12.94,96.83,143.8,0.3469,0.3469,6.8842,14.7868,13.8923,0.2241
2549,3135,208.46,16.24,251.33,122.4,0.6235,0.6235,8.5853,7.7546,11.4357,0.4096
2550,3148,124.52,12.65,171.04,169.64,0.2751,0.2751,5.2323,5.8883,0.0,0.1829
2550,3135,208.81,16.94,251.37,124.99,0.3904,0.3904,8.3057,7.6428,11.6312,0.2564
2550,3219,53.76,13.04,97.76,96.73,0.6245,0.6245,13.1119,15.9962,10.1796,0.405
2551,3148,125.95,12.51,172.26,167.86,0.7456,0.7456,5.3106,5.5841,0.0,0.4959
2551,3135,209.14,16.7,251.3,125.39,0.6909,0.6909,8.2644,7.6401,0.0,0.4586
2551,3176,51.02,13.01,97.32,152.35,0.6216,0.6216,6.3221,14.8898,15.1474,0.4002
2552,3148,124.83,12.0,170.9,167.22,0.7671,0.7671,5.3413,5.6709,0.0,0.5101
2552,3135,210.96,17.27,252.66,128.49,0.4883,0.4883,7.9582,7.7141,13.6986,0.3194
2552,3176,50.43,13.65,96.73,155.63,0.4717,0.4717,6.1306,15.0097,15.9287,0.3031
2553,3148,126.37,11.55,171.82,163.28,0.585,0.585,5.5269,5.2129,162.032,0.1942
2553,3135,214.1,17.76,254.25,129.11,0.6187,0.6187,7.9052,8.0101,0.0,0.4105
2553,3176,50.75,13.35,96.23,155.18,0.4883,0.4883,6.1569,15.0153,0.0,0.32
2553,3219,52.2,13.25,95.66,97.6,0.2949,0.2949,12.9163,16.1708,18.1196,0.1878
2554,3148,123.3,11.59,167.24,160.99,0.5215,0.5215,5.6461,5.5311,150.6837,0.173
2554,3135,217.13,18.12,256.24,129.5,0.3887,0.3887,7.8752,8.3372,0.0,0.2578
2554,3176,50.59,13.14,95.81,156.23,0.5186,0.5186,6.0978,15.0692,0.0,0.3398
2554,3219,52.06,13.22,94.77,97.22,0.5195,0.5195,13.0116,16.2534,0.0,0.3394
2555,3148,126.64,11.24,171.06,160.1,0.3989,0.3989,5.6872,5.0191,0.0,0.2654
2555,3135,220.65,17.35,259.29,129.05,0.3584,0.3584,7.9277,8.7995,0.0,0.2375
2555,3176,50.69,13.31,95.22,155.85,0.5254,0.5254,6.1205,15.0961,0.0,0.3442
2556,3148,124.5,11.12,166.35,153.25,0.2338,0.2338,6.0673,5.1225,162.796,0.0776
2556,3135,222.8,16.82,258.89,121.74,0.3513,0.3513,8.6931,9.2172,168.9004,0.1156
2556,3176,50.5,13.66,94.62,156.12,0.2167,0.2167,6.1067,15.1526,0.0,0.142
2556,3219,52.09,13.65,93.9,96.58,0.3398,0.3398,13.1714,16.3383,171.5784,0.1087
2557,3148,128.67,10.96,164.39,127.92,0.2063,0.2063,7.9732,5.3134,167.9395,0.0685
2557,3135,225.56,16.29,262.6,127.12,0.3804,0.3804,8.1296,9.4236,13.9892,0.2481
2557,3176,50.16,13.85,93.63,153.87,0.3523,0.3523,6.2403,15.2105,164.4349,0.1133
2557,3219,51.82,13.88,93.64,96.8,0.2415,0.2415,13.1194,16.3586,0.0,0.1577
2557,2997,120.5,8.65,199.03,255.19,0.4893,0.4893,2.9554,15.8049,86.9534,0.299
2558,3176,49.93,13.88,93.27,152.97,0.4932,0.4932,6.2954,15.2393,0.0,0.323
2559,3176,49.96,13.82,93.6,152.61,0.4216,0.4216,6.3164,15.2114,0.0,0.2761
2559,3148,128.02,10.41,164.32,127.6,0.5293,0.5293,8.0051,5.3793,0.0,0.3521
2559,3135,227.93,16.75,264.44,129.2,0.6377,0.6377,7.9333,9.6404,17.499,0.4123
2559,3219,51.18,13.8,93.49,96.52,0.3108,0.3108,13.1917,16.4213,0.0,0.203
2560,3176,50.46,13.69,94.55,153.2,0.4465,0.4465,6.2777,15.1213,0.0,0.2925
2560,3148,129.37,9.7,164.0,118.34,0.4272,0.4272,9.0225,6.0124,169.2989,0.1416
2560,3135,229.91,17.45,265.81,129.24,0.5708,0.5708,7.9351,9.8672,0.0,0.3777
2560,3219,51.91,13.62,94.64,96.64,0.3328,0.3328,13.1543,16.3013,0.0,0.2174
2560,2997,115.02,8.29,191.53,256.88,0.2983,0.2983,2.9323,16.2007,0.0,0.2772
2561,3148,129.21,9.28,164.76,118.65,0.395,0.395,8.9838,5.9519,0.0,0.2626
2561,3219,52.0,13.41,95.04,96.36,0.6567,0.6567,13.2216,16.2868,0.0,0.429
2561,2997,112.78,10.76,187.84,256.7,0.2598,0.2598,2.937,16.2727,0.0,0.2412
2562,3219,51.26,13.47,94.85,96.53,0.3452,0.3452,13.1833,16.3338,0.0,0.2255
2562,2997,110.11,9.94,185.52,257.76,0.7422,0.7422,2.9222,16.4946,0.0,0.6902
2562,3194,127.04,10.38,168.79,63.77,0.2798,0.2798,32.2903,12.2116,0.0,0.1844
2562,3176,49.14,13.66,95.19,158.47,0.3694,0.3694,5.9771,15.2434,16.0043,0.2372
2562,3135,233.61,17.12,269.94,128.32,0.7407,0.7407,8.0378,10.4264,141.8452,0.2428
2563,3219,50.65,13.31,95.11,97.53,0.2134,0.2134,12.9415,16.3018,7.6883,0.1388
2563,2997,108.73,8.99,184.28,257.24,0.5659,0.5659,2.9313,16.4768,0.0,0.5256
2563,3176,49.16,14.11,95.62,160.24,0.5708,0.5708,5.8808,15.2471,0.0,0.3738
2563,3135,235.25,17.7,272.51,128.53,0.5098,0.5098,8.0251,10.7057,0.0,0.3369
2563,3148,130.96,9.29,163.94,106.86,0.5332,0.5332,10.6843,7.0512,170.9434,0.1764
2564,3219,50.93,13.39,95.18,96.51,0.3208,0.3208,13.1882,16.3348,172.4597,0.1026
2564,2997,109.27,13.17,182.95,254.92,0.2598,0.2598,2.9682,16.1982,0.0,0.2401
2564,3176,49.78,13.81,95.45,156.44,0.373,0.373,6.0883,15.1501,164.2839,0.12
2564,3135,232.76,7.56,273.28,128.5,0.3328,0.3328,8.0248,10.59,0.0,0.22
2564,3148,128.0,9.47,169.63,133.08,0.2268,0.2268,7.4954,4.7309,12.7853,0.1491
2564,3194,126.9,9.68,168.96,64.33,0.3098,0.3098,31.484,12.1396,3.0908,0.2041
2565,3219,50.58,13.18,95.29,96.4,0.4902,0.4902,13.2165,16.3552,0.0,0.3202
2565,2997,108.22,8.78,183.39,256.01,0.6245,0.6245,2.9511,16.3478,0.0,0.5785
2565,3176,49.67,13.4,95.3,154.58,0.4727,0.4727,6.196,15.1409,164.6573,0.1521
2565,3135,234.59,14.97,273.68,128.89,0.7178,0.7178,7.9912,10.7302,0.0,0.4743
2566,3219,50.33,13.29,95.28,96.26,0.2983,0.2983,13.2526,16.3784,0.0,0.1948
2566,2997,108.39,8.46,183.28,254.21,0.6602,0.6602,2.9798,16.1191,0.0,0.6093
2566,3176,49.41,13.33,95.71,155.82,0.644,0.644,6.1239,15.1481,0.0,0.4219
2566,3135,234.92,18.31,273.67,129.11,0.6226,0.6226,7.9707,10.7459,0.0,0.4114
2566,3194,119.49,9.35,174.01,84.15,0.5234,0.5234,16.6208,9.7306,5.8589,0.3455
2567,3219,50.28,13.2,94.95,94.9,0.5371,0.5371,13.6031,16.4752,172.859,0.1717
2567,2997,107.54,3.14,184.34,256.13,0.2878,0.1439,2.9491,16.3578,0.0,0.1333
2567,3176,49.28,13.28,95.45,154.43,0.3701,0.3701,6.2053,15.1549,0.0,0.2424
2567,3135,235.85,19.18,275.21,128.98,0.5088,0.5088,7.9878,10.9171,0.0,0.3361
2567,3194,118.81,9.58,175.51,88.78,0.3523,0.3523,14.9459,9.1415,6.5042,0.2326
2567,3148,123.57,9.65,171.11,148.84,0.3738,0.3738,6.332,4.7273,15.122,0.2445
2568,3219,49.78,13.21,94.93,95.24,0.5195,0.5195,13.5164,16.4878,0.0,0.3392
2568,3176,49.05,13.28,95.18,153.52,0.5581,0.5581,6.2602,15.177,0.0,0.3656
2568,3135,235.63,18.19,276.07,128.78,0.7871,0.7871,8.0084,10.966,0.0,0.5199
2568,3148,121.29,9.62,173.22,160.27,0.2917,0.2917,5.6804,5.2326,16.6676,0.19
2569,3219,49.3,13.12,95.05,95.74,0.4902,0.4902,13.3892,16.4824,7.844,0.3186
2569,3176,49.29,13.08,94.89,150.56,0.3604,0.3604,6.4418,15.1509,165.192,0.116
2569,3135,235.85,16.8,277.49,128.64,0.8296,0.8296,8.0251,11.0809,0.0,0.5479
2569,3148,127.4,9.43,176.06,151.35,0.3057,0.3057,6.1717,4.1843,162.7267,0.1016
2570,3219,48.98,13.08,95.33,96.39,0.2487,0.2487,13.2255,16.4499,7.3576,0.1617
2570,3176,48.75,13.03,95.36,153.01,0.5889,0.5889,6.2911,15.1792,15.169,0.3789
2570,3135,235.67,17.59,277.83,128.76,0.7256,0.7256,8.0138,11.0885,0.0,0.4792
2570,3148,128.73,9.44,179.27,159.37,0.6929,0.6929,5.7194,4.3261,17.0897,0.4511
2570,3237,254.66,17.76,281.38,49.43,0.4648,0.4648,94.0192,17.9307,0.0,0.3023
2571,3219,44.29,12.75,98.44,112.2,0.373,0.373,10.1749,15.8285,9.5466,0.2422
2571,3135,238.66,17.99,280.78,128.7,0.6689,0.6689,8.0313,11.4924,0.0,0.4415
2571,3148,131.13,9.56,178.83,151.67,0.4495,0.4495,6.1489,3.7501,164.3948,0.1495
2572,3219,43.06,12.67,99.62,118.48,0.4495,0.4495,9.3096,15.6188,10.3736,0.2917
2572,3135,240.72,17.94,283.1,128.76,0.6011,0.6011,8.0345,11.7871,0.0,0.3965
2572,3148,132.71,10.13,178.72,148.06,0.584,0.584,6.3714,3.5289,164.7211,0.1943
2573,3219,46.51,12.77,96.38,105.38,0.4417,0.4417,11.3072,16.0973,171.4269,0.1415
2573,3135,244.4,17.75,286.56,128.64,0.5127,0.5127,8.0612,12.2721,0.0,0.3379
2573,3148,132.77,9.97,178.61,148.46,0.4971,0.4971,6.3459,3.5423,0.0,0.3311
2573,3176,48.11,12.49,95.19,153.24,0.291,0.291,6.279,15.2357,0.0,0.1906
2574,3219,47.37,12.82,94.04,99.33,0.6167,0.6167,12.5422,16.4743,172.2706,0.1971
2574,3135,246.76,17.88,288.63,128.54,0.6582,0.6582,8.0806,12.573,0.0,0.4335
2574,3148,132.38,9.17,180.25,156.46,0.6816,0.6816,5.873,3.8348,16.1735,0.4449
2575,3219,47.58,12.98,93.07,97.1,0.646,0.646,13.0662,16.634,172.5515,0.2063
2575,3135,249.75,17.8,291.11,128.72,0.5566,0.5566,8.0753,12.9367,0.0,0.3664
2575,3148,132.71,8.96,180.9,159.79,0.7378,0.7378,5.6949,4.0201,16.7565,0.4808
2575,3176,47.03,12.94,94.47,155.06,0.2583,0.2583,6.1753,15.3779,17.5495,0.1651
2576,3219,48.28,13.23,93.62,96.48,0.3804,0.3804,13.2133,16.5907,169.2554,0.1215
2576,3135,251.74,18.23,293.29,131.76,0.7271,0.7271,7.798,13.1559,15.2546,0.4698
2576,3148,134.48,8.88,180.94,156.13,0.834,0.834,5.8899,3.6368,163.3848,0.2774
2576,3176,47.02,13.24,95.78,159.8,0.4417,0.4417,5.9082,15.3692,16.0832,0.2834
2577,3219,48.15,13.18,93.52,96.16,0.6021,0.6021,13.2942,16.6215,0.0,0.393
2577,3135,254.1,18.52,295.51,133.95,0.8003,0.8003,7.6132,13.4298,18.6937,0.5122
2577,3148,136.13,8.78,180.92,152.39,0.7129,0.7129,6.1027,3.3049,164.0406,0.2372
2577,3176,46.79,13.16,95.45,159.81,0.3328,0.3328,5.9088,15.4063,0.0,0.2179
2578,3219,47.78,13.12,93.21,96.05,0.8335,0.8335,13.3248,16.6683,0.0,0.544
2578,3135,256.7,18.56,297.66,135.51,0.8076,0.8076,7.4903,13.73,23.9069,0.5076
2578,3148,137.9,8.44,181.21,148.32,0.5479,0.5479,6.3512,2.996,164.5155,0.1824
2579,3219,47.38,13.28,92.8,96.2,0.3184,0.3184,13.2905,16.7093,0.0,0.2078
2579,3135,257.83,18.65,298.39,136.91,0.8433,0.8433,7.3783,13.8404,15.9443,0.5432
2579,3148,139.65,8.22,182.58,147.06,0.6724,0.6724,6.4309,2.7433,0.0,0.448
2579,3176,44.92,13.07,95.44,167.39,0.4387,0.4387,5.5311,15.7075,17.3743,0.2803
2580,3219,46.26,13.34,91.95,97.28,0.5391,0.5391,13.0329,16.7725,10.3745,0.3488
2580,3135,257.99,18.29,298.81,139.07,0.7974,0.7974,7.2067,13.8617,13.5092,0.5165
2580,3148,140.95,8.17,184.25,148.36,0.8306,0.8306,6.3462,2.5725,0.0,0.5535
2580,3176,44.51,13.26,93.67,165.28,0.2539,0.2539,5.6369,15.7939,161.9403,0.0814
2581,3219,41.83,13.13,94.91,113.38,0.3269,0.3269,10.0204,16.1679,9.6882,0.2121
2581,3135,258.28,17.87,299.35,141.24,0.8218,0.8218,7.0423,13.9063,13.9728,0.5317
2581,3148,141.79,8.04,184.84,147.55,0.8359,0.8359,6.3975,2.4465,0.0,0.557
2581,3176,42.66,13.05,93.94,175.42,0.4368,0.4368,5.181,16.2052,18.3474,0.278
2582,3219,44.23,13.18,91.8,103.41,0.4436,0.4436,11.7071,16.6118,171.7332,0.1417
2582,3135,258.74,19.03,299.28,142.45,0.7456,0.7456,6.9536,13.9291,0.0,0.4898
2582,3148,142.64,7.99,185.4,146.5,0.8306,0.8306,6.4654,2.3198,0.0,0.5535
2583,3219,45.48,12.97,90.49,98.69,0.4551,0.4551,12.7099,16.8379,172.3674,0.1452
2583,3135,259.35,19.76,299.44,143.15,0.7847,0.7847,6.9044,13.98,0.0,0.5154
2583,3148,143.17,8.16,185.71,146.29,0.8306,0.8306,6.4789,2.2558,0.0,0.5535
2584,3219,41.95,13.18,93.45,113.71,0.2776,0.2776,9.9771,16.242,9.7054,0.18
2584,3135,259.33,20.35,299.1,144.35,0.8286,0.8286,6.8181,13.9553,0.0,0.5442
2584,3148,143.77,8.23,186.11,145.93,0.8184,0.8184,6.5025,2.1778,0.0,0.5454
2585,3219,46.75,13.16,94.39,104.56,0.2379,0.2379,11.4664,16.243,171.0008,0.0761
2585,3135,261.81,21.3,298.22,134.08,0.5767,0.5767,7.6259,14.1295,167.4317,0.1864
2585,3148,144.04,7.98,186.16,145.53,0.7349,0.7349,6.5291,2.1485,0.0,0.4898
2586,3219,44.78,12.97,97.2,114.82,0.3167,0.3167,9.7982,15.7826,9.8464,0.2056
2586,3135,262.44,21.56,298.63,134.77,0.54,0.54,7.5687,14.1905,0.0,0.3545
2586,3148,144.36,8.05,186.27,145.38,0.7739,0.7739,6.539,2.1157,0.0,0.5158
2587,3135,262.1,21.57,299.12,138.85,0.6733,0.6733,7.2338,14.1614,13.2661,0.4361
2587,3148,144.9,8.08,186.6,145.15,0.7847,0.7847,6.5542,2.0507,0.0,0.523
2588,3135,261.69,21.25,299.53,142.85,0.8237,0.8237,6.9314,14.1445,13.8064,0.5329
2588,3148,145.7,7.95,187.19,145.44,0.8086,0.8086,6.5343,1.9554,0.0,0.5389
2588,3219,49.95,13.05,90.93,90.3,0.4111,0.4111,14.9482,16.993,173.5055,0.1311
2589,3135,263.61,20.95,301.94,144.45,0.6196,0.6196,6.8264,14.4355,24.1842,0.3884
2589,3148,146.47,7.98,187.46,145.0,0.7964,0.7964,6.5636,1.8754,0.0,0.5308
2589,3219,51.05,12.96,89.9,84.45,0.4102,0.4102,17.0459,17.3408,174.29,0.1305
2590,3135,263.92,20.55,301.96,144.03,0.7227,0.7227,6.8568,14.4576,0.0,0.4742
2590,3148,147.39,8.08,187.82,144.56,0.8286,0.8286,6.5932,1.78,0.0,0.5523
2590,3219,51.0,13.0,89.91,83.24,0.5601,0.5601,17.5536,17.4192,174.4615,0.1781
2590,2997,48.77,11.68,123.22,250.56,0.4177,0.4177,3.1271,19.5909,0.0,0.3747
2591,3135,266.39,20.85,303.97,144.66,0.7568,0.7568,6.8223,14.7588,0.0,0.4962
2591,3148,148.64,7.93,188.86,144.86,0.7441,0.7441,6.5721,1.6187,0.0,0.496
2591,3219,51.59,13.23,90.38,81.67,0.2576,0.2576,18.2518,17.4595,174.2726,0.0819
2592,3135,268.04,20.41,305.62,144.96,0.7695,0.7695,6.8087,14.9803,0.0,0.5043
2592,3148,149.37,7.53,189.32,144.99,0.8286,0.8286,6.563,1.5353,0.0,0.5523
2592,3219,51.48,13.2,90.63,80.96,0.396,0.396,18.5878,17.4978,174.7061,0.1259
2593,3135,270.19,20.51,307.87,144.68,0.811,0.811,6.8384,15.2742,0.0,0.5311
2593,3148,151.59,7.55,191.58,144.95,0.7847,0.7847,6.5648,1.2151,0.0,0.5231
2593,3219,50.99,13.36,90.63,80.84,0.6978,0.6978,18.6488,17.5333,0.0,0.4544
2593,2997,41.31,9.94,117.91,249.12,0.3025,0.3025,3.1658,20.0048,0.0,0.2696
2594,3135,270.98,21.25,307.66,140.05,0.8359,0.8359,7.1811,15.3222,166.6811,0.2687
2594,3148,152.77,6.34,192.98,144.84,0.8555,0.8555,6.5718,1.0294,0.0,0.5703
2594,3219,49.22,13.44,89.53,80.86,0.2783,0.2783,18.6559,17.6942,0.0,0.1811
2594,2997,41.02,10.89,118.02,248.18,0.5479,0.5479,3.1823,19.9267,0.0,0.4871
2595,3135,270.74,21.29,308.28,141.5,0.8296,0.8296,7.0717,15.3419,13.764,0.5353
2595,3148,153.62,4.6,193.97,144.62,0.8384,0.4192,6.5865,0.8948,0.0,0.2794
2595,3219,47.85,13.36,89.01,80.45,0.2429,0.2429,18.8686,17.8275,168.3027,0.0771
2595,2997,39.74,12.25,114.84,245.02,0.6299,0.6299,3.2435,19.8408,0.0,0.555
2596,3135,270.07,21.95,308.01,143.41,0.7241,0.7241,6.9289,15.2755,13.9689,0.4671
2596,3148,154.66,3.88,194.66,144.36,0.7515,0.3757,6.6041,0.768,0.0,0.2505
2596,2997,38.19,12.29,112.85,243.2,0.5972,0.5972,3.2808,19.8419,0.0,0.5232
2597,3135,270.73,22.17,309.15,144.5,0.7192,0.7192,6.8553,15.3956,0.0,0.4709
2597,3148,155.82,3.76,195.39,144.82,0.8296,0.4148,6.5725,0.6416,0.0,0.2765
2597,2997,36.37,13.52,110.06,242.83,0.5273,0.5273,3.2932,20.0231,0.0,0.4609
2597,3219,43.16,12.95,92.27,91.7,0.3657,0.3657,14.5443,17.2362,6.7223,0.2375
2598,3135,270.17,21.99,309.58,147.85,0.7241,0.7241,6.6256,15.3957,14.4073,0.4665
2598,3148,158.88,3.56,198.53,144.44,0.7964,0.3982,6.598,0.1963,0.0,0.2655
2598,2997,32.92,13.41,104.81,241.03,0.214,0.214,3.3377,20.28,0.0,0.1857
2598,3219,41.5,12.68,93.04,93.98,0.3794,0.3794,13.897,17.1656,7.2029,0.2463
2599,3135,270.22,22.47,310.54,151.31,0.8101,0.8101,6.4057,15.4863,15.1768,0.5208
2599,3148,159.38,3.5,199.02,144.67,0.7778,0.3889,6.5823,0.1497,0.0,0.2593
2599,2997,31.08,12.79,101.97,241.14,0.2935,0.2935,3.3418,20.5123,0.0,0.2544
2600,3135,270.55,23.45,311.27,154.07,0.7124,0.7124,6.2405,15.5855,15.712,0.4573
2600,3148,158.55,5.07,197.18,144.58,0.7739,0.7739,6.5885,0.3175,0.0,0.5159
2600,3219,36.02,13.08,106.2,129.03,0.4282,0.4282,8.1368,15.392,11.8095,0.2773
2601,3135,270.41,23.86,310.67,152.16,0.7544,0.7544,6.3539,15.5155,164.5501,0.2423
2601,3148,158.26,4.47,196.56,144.54,0.7793,0.3896,6.5913,0.3797,0.0,0.2598
2602,3135,272.52,24.45,312.2,153.22,0.8076,0.8076,6.2976,15.7679,0.0,0.5283
2602,3148,158.93,4.55,196.41,142.77,0.7612,0.3806,6.7142,0.3781,165.6424,0.1269
2602,2997,22.69,33.16,88.15,241.81,0.4736,0.4736,3.3595,21.6385,0.0,0.4082
2602,3219,37.44,12.28,109.43,137.59,0.4648,0.4648,7.3624,14.9701,13.2347,0.3005
2603,3135,273.64,25.1,314.07,158.02,0.7793,0.7793,6.027,16.0304,16.7887,0.4984
2603,3148,159.1,4.65,196.76,144.15,0.6582,0.3291,6.618,0.2978,0.0,0.2194
2603,2997,19.27,34.74,84.37,242.83,0.3999,0.3999,3.3508,22.0672,0.0,0.3448
2603,3219,36.16,12.96,112.09,152.58,0.3923,0.3923,6.3083,14.8983,15.0855,0.2526
2604,3135,272.52,26.28,313.17,160.35,0.7407,0.7407,5.8963,15.9387,16.9135,0.4736
2604,3148,159.38,4.42,196.08,141.52,0.7017,0.3508,6.8036,0.4825,165.9336,0.1169
2604,2997,19.63,35.92,84.0,242.96,0.5518,0.5518,3.3484,22.0775,0.0,0.4759
2605,3135,274.35,27.27,314.62,161.75,0.7598,0.7598,5.8296,16.1811,0.0,0.4965
2605,3148,158.8,3.24,195.52,141.65,0.4854,0.2427,6.7943,0.529,0.0,0.1618
2605,2997,19.96,36.09,83.46,242.06,0.4243,0.4243,3.3655,22.0202,0.0,0.365
2606,3135,274.99,28.28,315.56,165.45,0.8496,0.8496,5.6462,16.3664,17.373,0.542
2606,3148,160.06,1.62,196.41,138.83,0.7202,0.3601,7.0039,0.7839,165.4325,0.12
2606,2997,21.23,33.54,85.19,242.11,0.2598,0.2598,3.3602,21.8771,0.0,0.2238
2606,3219,39.14,14.67,110.25,152.94,0.4814,0.4814,6.2842,14.8261,0.0,0.3156
2607,3135,276.24,28.37,317.06,168.19,0.8218,0.8218,5.5205,16.6142,19.5969,0.5206
2607,3148,160.25,2.46,195.88,137.12,0.7241,0.362,7.1371,1.0255,166.5402,0.1207
2607,2997,21.58,38.34,83.86,242.31,0.708,0.708,3.3579,21.9401,0.0,0.6099
2607,3219,41.26,14.51,109.17,153.58,0.5537,0.5537,6.2437,14.7642,0.0,0.363
2608,3135,278.77,28.66,319.2,169.09,0.834,0.834,5.4881,16.9391,0.0,0.5439
2608,3148,160.11,2.37,196.23,137.63,0.6792,0.3396,7.0969,0.951,0.0,0.2264
2608,2997,21.74,40.39,83.07,242.58,0.6426,0.6426,3.3537,21.9913,0.0,0.5539
2608,3219,43.0,14.31,107.82,153.62,0.3904,0.3904,6.2405,14.7386,0.0,0.256
2609,3135,279.28,27.1,320.06,169.27,0.8086,0.8086,5.4826,17.0319,0.0,0.5272
2609,3148,160.68,1.51,197.39,138.02,0.645,0.3225,7.0663,0.8692,0.0,0.215
2609,2997,22.55,40.14,84.17,243.34,0.7847,0.7847,3.3368,21.9559,0.0,0.6782
2609,3219,44.2,14.36,106.47,154.78,0.4446,0.4446,6.1726,14.7638,0.0,0.2915
2610,3135,278.9,27.29,319.89,170.02,0.8271,0.8271,5.447,17.0173,0.0,0.5393
2610,3148,163.08,2.36,200.25,136.71,0.8237,0.4118,7.1697,1.073,152.0403,0.1373
2610,2997,21.65,39.72,83.12,242.59,0.6353,0.6353,3.3536,21.994,0.0,0.5476
2611,3135,280.84,27.93,321.63,170.62,0.8433,0.8433,5.4273,17.2696,0.0,0.5495
2611,3148,163.43,2.27,201.49,136.93,0.7642,0.3821,7.1522,1.0741,0.0,0.2547
2611,2997,21.34,35.76,83.69,243.24,0.4006,0.4006,3.3411,22.0304,0.0,0.3459
2611,3219,46.73,14.94,105.18,153.36,0.4358,0.4358,6.2538,14.6626,0.0,0.2858
2612,3135,282.57,28.16,322.99,170.24,0.8125,0.8125,5.451,17.4565,0.0,0.5292
2612,3148,162.8,1.87,201.56,136.94,0.7847,0.3923,7.1514,1.0602,0.0,0.2615
2612,2997,20.93,33.98,82.78,242.28,0.3674,0.3674,3.361,22.0225,0.0,0.3163
2612,3219,47.85,15.63,103.98,154.71,0.2281,0.2281,6.1743,14.6853,0.0,0.1496
2613,3135,284.04,28.05,324.29,169.85,0.8477,0.8477,5.4747,17.6228,0.0,0.5519
2613,3148,163.85,0.94,203.22,135.75,0.7544,0.3772,7.2475,1.2878,0.0,0.2514
2613,2997,22.98,21.86,88.38,241.26,0.3459,0.3459,3.3692,21.5711,0.0,0.2977
2613,3219,41.3,16.22,98.7,159.91,0.4746,0.4746,5.908,15.556,25.016,0.2958
2614,3135,283.76,27.42,324.35,168.92,0.6187,0.6187,5.5172,17.5844,0.0,0.4028
2614,3148,164.43,0.32,204.73,136.76,0.7988,0.3994,7.1661,1.2292,0.0,0.2662
2614,2997,24.21,28.27,87.76,240.51,0.4648,0.4648,3.3826,21.4839,0.0,0.3993
2614,3219,40.27,16.76,95.87,156.6,0.355,0.355,6.0983,15.7545,162.8748,0.1139
2615,3135,283.28,26.46,324.95,170.11,0.8555,0.8555,5.4626,17.6234,0.0,0.5569
2615,3148,166.65,0.74,206.22,133.45,0.8027,0.4013,7.4406,1.7728,165.354,0.1337
2615,2997,22.33,34.43,83.57,240.6,0.6875,0.6875,3.3896,21.789,0.0,0.5896
2615,3219,39.53,17.03,95.88,160.73,0.3225,0.3225,5.8739,15.8738,16.327,0.2066
2616,3135,285.49,27.59,326.87,170.25,0.6494,0.6494,5.465,17.8902,0.0,0.4225
2616,3148,167.64,0.54,207.51,133.89,0.7925,0.3962,7.4034,1.8123,0.0,0.2641
2616,2997,24.68,36.46,85.96,241.3,0.7612,0.7612,3.3695,21.6093,0.0,0.6551
2616,3219,39.68,17.1,95.54,161.4,0.3567,0.3567,5.8391,15.8996,0.0,0.2333
2617,3135,284.18,28.81,326.27,172.03,0.8423,0.8423,5.3807,17.8176,0.0,0.5481
2617,3148,168.09,0.8,208.04,134.44,0.7754,0.3877,7.3572,1.7943,0.0,0.2584
2617,2997,25.69,38.12,83.92,230.25,0.5776,0.5776,3.5925,20.8457,154.6611,0.2883
2617,3219,40.41,17.09,95.29,160.4,0.3767,0.3767,5.8908,15.8483,0.0,0.2464
2618,3135,285.54,29.56,327.54,171.94,0.7808,0.7808,5.3903,17.9819,0.0,0.5078
2618,3148,168.78,0.86,208.39,133.83,0.7485,0.3743,7.4089,1.9092,0.0,0.2494
2618,2997,24.34,38.72,79.94,221.47,0.6919,0.6919,3.7965,20.5279,155.4526,0.327
2618,3219,46.65,17.14,98.22,156.44,0.4543,0.4543,6.0891,15.174,155.4577,0.1462
2619,3135,283.55,30.11,327.13,176.13,0.75,0.75,5.2046,17.9566,18.3899,0.4751
2619,3148,169.49,1.59,208.76,135.3,0.6919,0.3459,7.2861,1.8087,13.9875,0.2272
2619,2997,26.08,38.81,81.55,218.76,0.6143,0.6143,3.8555,20.1709,0.0,0.4907
2619,3219,49.51,17.12,98.03,151.7,0.2281,0.2281,6.3636,14.9367,164.2195,0.0735
2619,3268,57.73,16.78,91.84,73.08,0.3904,0.3904,23.2924,17.6303,0.0,0.2542
2620,3135,285.97,31.42,329.28,176.86,0.8677,0.8677,5.1837,18.267,0.0,0.5639
2620,3148,170.13,1.68,209.21,136.1,0.791,0.3955,7.221,1.7913,0.0,0.2636
2620,2997,25.59,38.34,80.89,217.29,0.4727,0.4727,3.893,20.1398,0.0,0.3753
2620,3219,51.24,17.08,97.12,147.27,0.4417,0.4417,6.6462,14.8512,165.4854,0.1423
2621,3135,286.68,31.99,330.28,178.75,0.7964,0.7964,5.11,18.4362,0.0,0.5173
2621,3148,170.95,2.37,209.12,133.43,0.8203,0.4102,7.4438,2.0906,167.0305,0.1366
2621,2997,27.03,26.11,85.13,211.54,0.2847,0.2847,4.0293,19.4675,153.8728,0.1263
2622,3135,287.3,32.75,330.63,178.69,0.8306,0.8306,5.1145,18.4947,0.0,0.5394
2622,3148,170.79,2.68,209.29,135.29,0.8052,0.4026,7.2873,1.9067,13.1317,0.2648
2623,3135,287.02,33.86,331.22,183.44,0.8369,0.8369,4.93,18.6829,19.1372,0.5356
2623,3148,169.35,3.02,207.55,135.61,0.7964,0.3982,7.2603,1.7083,0.0,0.2654
2623,2997,29.18,18.0,89.23,208.76,0.5869,0.5869,4.0929,18.9465,0.0,0.4517
2624,3135,287.08,34.99,331.23,185.1,0.4436,0.4436,4.8683,18.7508,0.0,0.2957
2624,3148,169.86,3.2,206.91,131.55,0.8003,0.4002,7.6077,2.153,167.401,0.1333
2624,2997,28.19,16.34,89.81,211.06,0.2161,0.2161,4.0324,19.1108,0.0,0.168
2625,3135,286.48,35.87,331.43,189.82,0.7378,0.7378,4.6994,18.9201,19.9028,0.4935
2625,3148,168.73,3.68,205.87,132.27,0.7695,0.3847,7.5434,1.9819,0.0,0.2564
2625,2997,32.76,15.68,94.4,214.97,0.2037,0.2037,3.9179,18.855,30.6246,0.1521
2625,3219,43.04,16.66,91.46,154.3,0.385,0.385,6.2349,15.8319,22.0559,0.2424
2626,3135,286.24,36.45,331.49,192.58,0.7847,0.7847,4.6056,19.031,0.0,0.5501
2626,3148,168.4,3.81,204.83,130.03,0.8037,0.4018,7.7453,2.2171,167.0567,0.1338
2626,2997,34.85,15.42,95.12,214.11,0.6323,0.6323,3.9352,18.643,0.0,0.5002
2627,3135,286.03,36.47,331.22,193.66,0.8125,0.8125,4.5691,19.0516,0.0,0.5735
2627,3148,169.26,2.25,206.07,129.77,0.667,0.3335,7.7698,2.3182,0.0,0.2222
2627,2997,31.42,15.32,91.64,213.63,0.6885,0.6885,3.958,18.9925,0.0,0.5422
2628,3135,286.41,36.73,330.98,192.54,0.7559,0.7559,4.6063,19.0088,0.0,0.5299
2628,3148,169.3,2.56,205.87,130.11,0.7627,0.3814,7.7382,2.2699,0.0,0.2541
2628,3219,33.98,16.69,86.48,162.22,0.4141,0.4141,5.8278,16.8795,22.3964,0.2597
2629,3135,286.47,36.62,330.96,192.77,0.5718,0.5718,4.5987,19.0216,0.0,0.4014
2629,3148,168.39,2.87,204.47,129.42,0.7407,0.3704,7.802,2.2855,0.0,0.2468
2629,3219,33.0,16.62,86.29,161.73,0.4736,0.4736,5.8558,16.9459,0.0,0.3089
2630,3135,289.25,36.75,328.53,172.12,0.8193,0.8193,5.3924,18.2844,162.4593,0.2593
2630,3148,167.3,1.72,203.55,130.68,0.5293,0.2646,7.6852,2.0631,15.7625,0.1731
2630,3219,38.12,16.41,88.51,154.23,0.233,0.233,6.2566,16.3504,162.6813,0.0745
2630,2997,29.13,15.24,89.56,213.94,0.2854,0.2854,3.957,19.2542,0.0,0.2246
2631,3135,287.21,36.65,330.25,185.95,0.8052,0.8052,4.8356,18.7323,19.4135,0.525
2631,3148,167.91,2.08,204.6,132.96,0.7739,0.387,7.4828,1.8203,13.6111,0.2543
2631,2997,30.87,15.9,90.6,213.71,0.6851,0.6851,3.9584,19.0856,0.0,0.5393
2632,3135,286.66,36.82,330.73,190.59,0.834,0.834,4.672,18.922,20.0454,0.5606
2632,3148,167.89,3.1,203.79,132.55,0.7114,0.3557,7.5184,1.8439,0.0,0.2371
2632,2997,30.4,16.22,89.5,212.05,0.4485,0.4485,4.0035,19.0666,0.0,0.3504
2632,3219,37.93,16.53,89.18,157.36,0.3149,0.3149,6.0751,16.3604,15.6333,0.2018
2633,3135,286.15,35.77,330.81,192.39,0.8145,0.8145,4.6105,18.9762,0.0,0.5705
2633,3148,167.43,3.21,203.55,134.86,0.75,0.375,7.3212,1.5297,13.2098,0.2466
2633,2997,29.78,16.93,89.11,213.43,0.6655,0.6655,3.9696,19.2105,0.0,0.5227
2633,3219,35.67,16.97,91.19,171.92,0.3008,0.3008,5.3503,16.711,17.6821,0.1916
2634,3135,286.67,36.91,330.94,192.67,0.6733,0.6733,4.6024,19.0279,0.0,0.4723
2634,3148,167.55,3.34,203.73,135.53,0.6636,0.3318,7.266,1.46,0.0,0.2212
2634,2997,29.98,17.21,89.68,217.04,0.2043,0.2043,3.8782,19.4031,0.0,0.1629
2634,3219,35.77,17.33,87.96,162.01,0.3774,0.3774,5.8316,16.6627,163.7025,0.1205
2635,3135,286.38,37.98,331.46,197.71,0.79,0.79,4.4409,19.2798,21.0503,0.5532
2635,3148,167.99,3.11,203.97,133.79,0.6704,0.3352,7.4114,1.6975,166.8545,0.1117
2635,2997,30.96,17.51,88.34,210.84,0.4961,0.4961,4.0361,19.0243,157.1337,0.2201
2636,3135,286.71,38.66,331.12,196.46,0.8135,0.8135,4.4801,19.2184,0.0,0.5836
2636,3148,168.02,4.05,202.9,131.44,0.6514,0.3257,7.6165,1.9646,167.1137,0.1085
2636,2997,30.24,17.74,88.13,213.25,0.834,0.834,3.9751,19.2279,0.0,0.6545
2637,3135,286.7,38.9,331.94,200.34,0.5439,0.5439,4.362,19.4585,21.6193,0.3858
2637,3148,168.77,5.24,203.82,131.78,0.6802,0.6802,7.5864,1.9719,0.0,0.4533
2637,2997,29.79,18.86,86.46,211.84,0.6982,0.6982,4.0148,19.2572,0.0,0.5442
2638,3135,286.72,39.62,334.23,209.64,0.8169,0.8169,4.1018,20.0934,22.9365,0.6043
2638,3148,168.19,3.34,203.53,130.55,0.6919,0.3459,7.6972,2.1044,166.7981,0.1152
2638,2997,29.16,19.01,86.1,214.97,0.7988,0.7988,3.9364,19.5096,0.0,0.6305
2639,3135,286.71,40.25,335.2,214.32,0.7002,0.7002,3.9811,20.4199,23.4749,0.5279
2639,3148,168.51,3.41,204.74,133.64,0.811,0.4055,7.4244,1.7641,13.2863,0.2667
2639,2997,28.67,26.29,83.08,213.92,0.7515,0.7515,3.9686,19.6374,0.0,0.5898
2640,3135,286.71,40.39,335.64,216.34,0.7515,0.7515,3.9311,20.5658,0.0,0.5921
2640,3148,167.81,3.03,204.54,135.21,0.7642,0.3821,7.2924,1.5412,13.6169,0.2511
2640,2997,25.68,21.91,81.7,215.61,0.7529,0.7529,3.9331,19.9846,0.0,0.5939
2641,3135,286.83,41.79,335.95,218.39,0.8403,0.8403,3.8815,20.7151,0.0,0.6674
2641,3148,167.32,1.77,204.31,135.58,0.7334,0.3667,7.2619,1.4681,0.0,0.2444
2641,2997,25.64,21.8,82.36,215.02,0.4756,0.4756,3.9469,19.9136,0.0,0.3744
2642,3135,286.98,43.79,336.4,221.47,0.6538,0.6538,3.8089,20.9407,0.0,0.5253
2642,3148,167.04,2.08,203.95,135.71,0.7739,0.387,7.2512,1.427,0.0,0.2579
2642,2997,24.02,18.96,82.42,213.59,0.645,0.645,3.9857,19.9119,0.0,0.5044
2643,3135,286.74,44.99,336.66,225.03,0.771,0.771,3.7271,21.1711,0.0,0.6275
2643,3148,167.88,2.34,205.09,135.98,0.7559,0.378,7.2295,1.4798,0.0,0.2519
2643,2997,20.87,18.26,80.06,211.2,0.6592,0.6592,4.057,20.0773,0.0,0.509
2644,3135,286.64,46.07,336.49,226.31,0.5068,0.5068,3.698,21.241,0.0,0.4144
2644,3148,168.43,2.63,205.67,135.75,0.71,0.355,7.2484,1.5569,0.0,0.2366
2644,2997,19.09,18.19,79.55,209.74,0.6772,0.6772,4.0998,20.1223,0.0,0.519
2645,3135,286.56,47.19,336.44,228.08,0.3604,0.3604,3.6588,21.352,0.0,0.2965
2645,3148,167.13,3.11,204.04,135.98,0.708,0.354,7.2292,1.4022,0.0,0.236
2645,3219,33.38,31.79,92.07,207.83,0.4446,0.4446,4.1068,18.491,22.5209,0.3304
2646,3135,286.73,47.78,336.93,230.32,0.7256,0.7256,3.6115,21.5377,0.0,0.6012
2646,3148,167.7,3.57,204.6,135.87,0.6216,0.3108,7.2383,1.4626,0.0,0.2072
2646,3219,32.53,32.0,89.06,210.07,0.3276,0.3276,4.0527,18.8478,0.0,0.2539
2647,3135,286.58,47.97,337.05,231.91,0.8369,0.8369,3.5779,21.645,0.0,0.697
2647,3148,167.79,2.3,205.12,135.77,0.7129,0.3564,7.2466,1.5006,0.0,0.2376
2647,3219,35.89,31.96,90.2,211.38,0.2108,0.2108,4.0112,18.6787,0.0,0.1646
2648,3135,286.4,47.93,337.01,233.17,0.7407,0.7407,3.5513,21.7207,0.0,0.6193
2648,3148,167.26,1.46,204.58,135.41,0.7349,0.3674,7.2759,1.4968,0.0,0.2449
2648,3219,37.55,32.64,89.39,211.78,0.5918,0.5918,3.9995,18.6571,0.0,0.4631
2649,3135,286.46,47.43,336.95,232.28,0.7192,0.7192,3.5698,21.6591,0.0,0.5997
2649,3148,167.19,2.76,203.88,135.45,0.75,0.375,7.2725,1.4613,0.0,0.25
2649,3219,38.08,32.77,87.59,210.18,0.5137,0.5137,4.0434,18.6256,0.0,0.399
2650,3148,167.42,2.79,203.72,135.6,0.7529,0.3765,7.2602,1.4461,0.0,0.2509
2651,3148,167.78,1.32,204.33,135.89,0.7559,0.378,7.2367,1.4521,0.0,0.2519
2651,3135,286.16,45.71,337.14,233.01,0.8125,0.8125,3.5544,21.704,0.0,0.6791
2651,3219,39.02,32.78,86.66,209.7,0.3191,0.3191,4.0561,18.5946,0.0,0.2473
2652,3148,167.92,0.68,204.37,135.94,0.7861,0.3931,7.2326,1.4542,0.0,0.262
2652,3135,286.32,45.14,337.02,231.63,0.7163,0.7163,3.5833,21.6107,0.0,0.5961
2653,3148,167.75,0.9,203.86,136.01,0.7456,0.3728,7.2268,1.417,0.0,0.2485
2653,3135,285.54,44.92,335.95,231.4,0.4902,0.4902,3.5852,21.4994,0.0,0.4079
2653,3219,40.67,31.79,87.94,210.09,0.396,0.396,4.0412,18.4549,0.0,0.3078
2654,3148,168.47,3.36,203.63,134.59,0.7363,0.3681,7.3439,1.605,166.789,0.1227
2654,3135,285.96,44.44,336.59,232.22,0.4121,0.4121,3.5697,21.6107,0.0,0.3437
2655,3148,168.45,3.78,203.46,135.55,0.8027,0.4013,7.2644,1.4832,0.0,0.2675
2655,3135,283.9,44.61,334.8,231.21,0.4707,0.4707,3.5849,21.3422,0.0,0.3919
2655,3219,38.87,31.2,85.93,209.99,0.7441,0.7441,4.0498,18.6624,0.0,0.5773
2656,3148,168.77,4.22,203.44,135.95,0.7695,0.3847,7.2318,1.4495,0.0,0.2565
2656,3135,292.72,44.63,331.11,177.44,0.4658,0.4658,5.1777,18.8217,161.812,0.147
2656,3219,40.25,30.98,86.25,207.56,0.5601,0.5601,4.1125,18.4148,0.0,0.4301
2657,3148,169.21,3.3,203.86,136.05,0.771,0.3855,7.2238,1.4765,0.0,0.257
2657,3135,294.49,43.01,328.97,156.86,0.5068,0.5068,6.1749,18.3406,164.5485,0.1604
2657,3219,40.54,30.61,86.38,206.4,0.6548,0.6548,4.1437,18.3196,0.0,0.5002
2658,3148,169.8,1.7,203.97,133.44,0.7871,0.3936,7.4416,1.8085,167.0278,0.1311
2658,3135,297.43,42.95,330.95,151.21,0.332,0.332,6.5273,18.6023,164.7105,0.1049
2658,3219,41.45,30.54,86.09,199.62,0.5889,0.5889,4.3383,17.8864,158.4632,0.2388
2659,3148,169.63,1.6,204.02,134.96,0.7349,0.3674,7.3133,1.6251,13.0939,0.2417
2659,3135,295.2,42.83,329.75,150.62,0.605,0.605,6.5558,18.3773,0.0,0.393
2659,3219,41.97,29.73,86.99,197.61,0.5601,0.5601,4.3972,17.6913,0.0,0.4096
2660,3148,170.6,4.81,204.67,136.0,0.7822,0.3911,7.2282,1.5866,0.0,0.2607
2660,3135,293.87,43.09,329.53,150.46,0.7065,0.7065,6.562,18.2762,0.0,0.4591
2660,3219,43.25,28.86,88.76,196.24,0.6436,0.6436,4.4347,17.4359,0.0,0.4677
2661,3148,170.9,4.22,204.98,135.14,0.8003,0.4002,7.2988,1.7068,0.0,0.2667
2661,3135,293.07,43.37,329.79,150.86,0.5591,0.5591,6.5351,18.2439,0.0,0.3634
2661,3219,44.68,28.15,91.07,197.16,0.563,0.563,4.3999,17.2651,0.0,0.4119
2661,3291,1.09,21.77,43.4,128.39,0.3398,0.1699,8.5186,21.6555,0.0,0.1093
2662,3148,170.44,2.59,205.1,135.79,0.7793,0.3896,7.2454,1.6217,0.0,0.2597
2662,3135,287.56,43.34,329.97,168.94,0.2147,0.2147,5.5368,18.1855,17.0969,0.1364
2662,3219,46.87,28.07,94.85,198.64,0.582,0.582,4.345,16.9984,0.0,0.4304
2662,3291,2.51,22.61,41.67,121.0,0.3486,0.1743,9.3503,21.7856,169.6682,0.054
2663,3148,170.44,2.31,205.33,136.22,0.7227,0.3614,7.2105,1.5892,0.0,0.2409
2663,3135,282.84,43.0,337.27,207.79,0.5098,0.5098,4.1505,19.9415,22.4073,0.3746
2663,3219,46.9,28.31,95.69,199.96,0.687,0.687,4.304,17.0259,0.0,0.5117
2663,3291,3.05,23.63,40.37,116.98,0.2886,0.1443,9.8738,21.9097,170.2309,0.0446
2664,3148,169.75,2.2,204.8,135.64,0.7847,0.3923,7.2575,1.5899,0.0,0.2615
2664,3135,288.1,43.29,333.74,177.28,0.501,0.501,5.1801,18.6925,161.806,0.1582
2664,3219,50.67,28.22,100.8,197.88,0.7017,0.7017,4.3532,16.3809,0.0,0.5188
2664,3291,3.79,24.13,41.99,118.95,0.4495,0.2248,9.6021,21.726,10.9839,0.1431
2665,3148,168.87,2.86,203.35,134.67,0.7778,0.3889,7.3373,1.6,0.0,0.2592
2665,3135,290.48,43.2,331.82,161.7,0.582,0.582,5.9067,18.3384,163.9097,0.1841
2665,3219,52.45,28.18,104.54,198.96,0.835,0.835,4.3122,16.125,0.0,0.6223
2665,3291,2.51,23.97,42.94,123.92,0.6206,0.3103,8.9992,21.6587,10.7778,0.1977
2666,3148,169.54,1.8,204.22,135.47,0.7124,0.3562,7.2712,1.5722,0.0,0.2374
2666,3135,291.4,44.07,331.07,154.51,0.5078,0.5078,6.3095,18.2499,164.886,0.1608
2666,3219,56.5,28.62,109.92,195.38,0.6929,0.6929,4.4086,15.3477,144.7699,0.2774
2666,3291,3.28,24.1,42.61,120.43,0.4417,0.2208,9.4138,21.6912,169.6479,0.0684
2667,3148,168.69,1.18,203.61,136.0,0.7754,0.3877,7.2278,1.4478,0.0,0.2584
2667,3135,291.55,44.37,331.39,152.55,0.5127,0.5127,6.4294,18.2619,165.1818,0.1623
2667,3219,55.58,28.88,110.5,195.53,0.7871,0.7871,4.4044,15.3771,0.0,0.5778
2667,3291,2.12,24.26,41.85,121.17,0.231,0.1155,9.3303,21.7955,0.0,0.0742
2668,3148,169.0,2.98,202.75,133.89,0.75,0.375,7.4029,1.6775,166.9549,0.1249
2668,3135,290.32,44.76,332.02,156.02,0.5098,0.5098,6.2204,18.2582,15.2853,0.3253
2668,3219,58.55,29.16,115.62,194.67,0.8545,0.8545,4.4201,14.8462,0.0,0.6262
2668,3291,0.0,24.09,46.54,148.93,0.46,0.23,6.8047,21.4422,14.0441,0.1457
2669,3148,168.6,2.41,202.75,134.91,0.7271,0.3635,7.3171,1.5374,0.0,0.2423
2669,3135,289.75,44.33,333.04,158.23,0.3621,0.3621,6.0959,18.3156,15.8184,0.2307
2669,3219,56.7,29.08,115.04,194.65,0.7485,0.7485,4.4241,14.988,0.0,0.548
2669,3291,0.0,24.28,43.16,132.77,0.4824,0.2412,8.0947,21.6917,168.1394,0.0747
2670,3148,169.25,3.36,202.34,130.83,0.7148,0.3574,7.6717,2.0639,167.5015,0.1191
2670,3135,287.89,44.09,332.18,160.1,0.4902,0.4902,5.9866,18.1687,18.1314,0.3105
2670,3219,56.8,29.51,115.32,192.23,0.7529,0.7529,4.5014,14.8146,0.0,0.5436
2670,3291,0.39,24.1,41.68,125.56,0.395,0.1975,8.8288,21.8419,169.0981,0.0611
2671,3148,169.38,1.79,203.82,134.13,0.7319,0.3659,7.3828,1.7034,13.3475,0.2406
2671,3135,288.84,44.37,332.81,158.03,0.3242,0.3242,6.1043,18.2395,163.8976,0.1026
2671,3219,58.29,29.95,117.89,193.41,0.7378,0.7378,4.4575,14.647,0.0,0.5372
2671,3291,0.55,24.45,41.07,123.76,0.2893,0.1447,9.0329,21.8963,169.339,0.0447
2672,3148,169.68,2.15,203.92,134.69,0.6802,0.3401,7.3358,1.654,0.0,0.2267
2672,3135,284.79,44.28,328.1,158.55,0.5293,0.5293,6.0544,17.6817,0.0,0.3445
2672,3219,57.42,30.01,117.93,194.06,0.7695,0.7695,4.4378,14.7375,0.0,0.5622
2672,3291,0.69,24.58,40.64,122.24,0.459,0.2295,9.2119,21.9386,169.544,0.071
2673,3148,169.95,1.27,204.54,135.13,0.7754,0.3877,7.2994,1.6431,0.0,0.2584
2673,3135,288.34,44.6,331.76,158.38,0.2372,0.2372,6.081,18.1447,0.0,0.1542
2673,3219,58.96,30.4,119.89,194.87,0.7886,0.7886,4.4074,14.5843,0.0,0.5796
2673,3291,0.51,24.8,40.77,123.18,0.4253,0.2127,9.1013,21.9263,10.6532,0.1354
2674,3148,170.19,0.89,204.82,134.33,0.7583,0.3791,7.3662,1.756,0.0,0.2527
2674,3219,60.4,30.54,120.98,193.33,0.8228,0.8228,4.453,14.3348,0.0,0.6
2674,3291,0.0,25.25,41.23,126.52,0.3721,0.186,8.7277,21.8802,11.0772,0.1184
2675,3148,169.52,0.99,203.45,131.37,0.7378,0.3689,7.6231,2.0366,166.7093,0.1229
2675,3219,60.98,30.12,121.78,193.13,0.7949,0.7949,4.4576,14.2404,0.0,0.5793
2675,3291,0.0,25.09,40.54,128.08,0.2532,0.1266,8.5656,21.9025,11.723,0.0805
2675,2997,0.0,24.69,44.21,197.16,0.385,0.1925,4.5752,22.6499,0.0,0.1343
2675,3135,275.6,45.37,337.95,216.73,0.5098,0.5098,3.9069,20.106,23.5237,0.3897
2676,3148,169.39,5.53,202.05,130.58,0.6353,0.6353,7.6944,2.0925,0.0,0.4234
2676,3219,62.41,30.05,122.39,190.93,0.7769,0.7769,4.5268,13.9774,0.0,0.5593
2676,3291,0.0,25.62,39.6,128.88,0.2415,0.1207,8.487,21.9507,0.0,0.0776
2676,2997,0.0,25.12,41.59,193.7,0.3389,0.1694,4.6943,22.6717,159.5659,0.059
2676,3135,273.66,46.65,339.92,233.49,0.2798,0.2798,3.5297,21.2409,25.7969,0.2258
2677,3148,169.4,5.58,202.98,133.81,0.647,0.647,7.4098,1.7105,13.0604,0.4257
2677,3219,62.87,30.11,123.09,191.99,0.8037,0.8037,4.4903,13.9769,0.0,0.5825
2677,3291,0.0,28.11,38.37,128.18,0.2261,0.113,8.5636,22.0345,0.0,0.0726
2677,3135,274.15,47.76,339.85,235.04,0.2095,0.2095,3.4987,21.3742,0.0,0.1768
2678,3148,169.31,4.98,203.42,134.61,0.7583,0.3791,7.3423,1.6275,0.0,0.2527
2678,3219,64.79,30.04,123.55,188.4,0.8027,0.8027,4.6074,13.6058,158.3851,0.3021
2678,3135,270.77,48.75,335.34,234.78,0.46,0.46,3.4924,20.9569,0.0,0.389
2679,3148,169.15,4.37,203.71,135.46,0.7671,0.3836,7.2719,1.5337,0.0,0.2557
2679,3219,68.66,29.91,126.4,186.3,0.7656,0.7656,4.6715,13.0694,0.0,0.5373
2679,3135,271.35,50.21,331.0,220.68,0.7754,0.7754,3.7941,19.7564,155.3902,0.3679
2680,3148,168.61,3.3,203.56,135.97,0.7544,0.3772,7.2302,1.4455,0.0,0.2514
2680,3219,71.95,29.77,128.51,183.3,0.4805,0.4805,4.7724,12.5563,153.2575,0.1709
2680,3135,271.74,52.09,328.34,208.68,0.627,0.627,4.0926,18.8563,157.149,0.2736
2681,3148,169.04,2.98,204.34,136.15,0.7832,0.3916,7.2158,1.4798,0.0,0.261
2681,3219,74.82,29.34,130.83,183.73,0.71,0.71,4.7501,12.2656,0.0,0.4916
2681,3135,270.11,52.77,326.54,204.54,0.71,0.71,4.2015,18.4126,155.6564,0.3001
2681,3291,0.0,25.27,37.45,130.37,0.3513,0.1757,8.3459,22.0664,11.9906,0.1115
2682,3148,168.19,1.43,203.63,135.61,0.5557,0.2778,7.2595,1.4724,0.0,0.1852
2682,3219,79.38,28.99,133.88,182.8,0.6177,0.6177,4.775,11.7433,0.0,0.426
2683,3148,168.65,2.83,203.5,135.08,0.7871,0.3936,7.3032,1.5484,0.0,0.2623
2684,3148,168.99,3.04,204.03,134.91,0.7544,0.3772,7.3174,1.6041,0.0,0.2514
2684,3219,91.18,27.58,134.03,147.4,0.584,0.584,6.4981,9.5932,165.0313,0.1919
2685,3148,168.08,2.71,203.22,135.68,0.6074,0.3037,7.2537,1.4429,0.0,0.2024
2685,3219,88.78,27.0,140.08,174.32,0.7139,0.7139,5.0888,10.256,18.4779,0.4599
2685,3135,264.76,56.07,320.92,201.93,0.3767,0.3767,4.2589,17.6246,0.0,0.2825
2686,3148,169.4,2.9,204.59,135.05,0.7271,0.3635,7.3059,1.6297,0.0,0.2423
2686,3219,90.12,26.6,142.11,179.7,0.6802,0.6802,4.8702,10.3869,19.8511,0.448
2687,3148,168.79,1.82,204.56,135.91,0.709,0.3545,7.2352,1.5048,0.0,0.2363
2687,3219,91.06,26.66,142.39,181.95,0.541,0.541,4.784,10.4701,0.0,0.3732
2688,3148,168.6,0.9,204.87,136.24,0.7939,0.397,7.2085,1.4742,0.0,0.2646
2688,3219,95.72,26.71,146.84,182.81,0.4006,0.4006,4.7432,9.9981,0.0,0.2788
2689,3148,169.33,10.35,202.34,132.2,0.5981,0.5981,7.5491,1.8884,166.9978,0.1993
2689,3219,97.87,26.74,148.23,182.55,0.585,0.585,4.7494,9.773,0.0,0.4067
2690,3148,168.0,4.31,202.95,134.18,0.5361,0.2681,7.3782,1.613,13.1724,0.1763
2690,3219,104.5,26.96,153.21,174.29,0.6362,0.6362,5.061,8.468,157.1765,0.2098
2691,3148,167.29,3.06,202.69,135.62,0.7319,0.3659,7.2584,1.3994,13.8679,0.2404
2691,3219,109.12,27.54,160.77,180.33,0.8452,0.8452,4.8122,8.2483,25.851,0.5535
2692,3148,167.55,4.33,202.61,136.32,0.6958,0.3479,7.2016,1.3212,0.0,0.2319
2692,3219,111.12,28.4,164.54,183.87,0.7471,0.7471,4.6776,8.2702,24.5643,0.5051
2693,3148,167.57,4.17,202.67,136.54,0.7544,0.3772,7.1839,1.2982,0.0,0.2514
2693,3219,110.77,29.38,164.86,185.76,0.4766,0.4766,4.6106,8.4564,0.0,0.3408
2693,3135,245.26,63.87,315.35,240.81,0.626,0.626,3.3152,19.2469,27.8159,0.5222
2694,3148,167.96,4.15,202.69,134.81,0.6992,0.3496,7.3254,1.5239,166.8514,0.1165
2694,3219,113.0,30.96,167.73,186.18,0.7598,0.7598,4.5926,8.2486,0.0,0.5452
2695,3148,168.31,1.82,203.81,135.59,0.7075,0.3538,7.2612,1.4872,0.0,0.2358
2695,3219,117.13,31.47,173.83,186.76,0.8545,0.8545,4.5664,7.8371,0.0,0.6164
2695,3135,245.85,64.71,317.04,251.02,0.3235,0.3235,3.1356,20.2709,28.8651,0.276
2696,3148,168.48,3.21,202.72,133.11,0.5078,0.2539,7.4696,1.7567,166.9587,0.0846
2696,3219,114.49,32.39,170.45,184.91,0.4282,0.4282,4.6345,7.9162,0.0,0.305
2697,3148,168.3,2.82,201.78,130.28,0.5293,0.2646,7.7217,2.0966,167.3429,0.0882
2697,3219,115.68,32.92,172.14,183.61,0.8184,0.8184,4.6792,7.6442,0.0,0.5782
2698,3148,168.6,2.21,202.02,129.89,0.6895,0.3448,7.7579,2.1625,0.0,0.2298
2698,3219,119.14,32.92,178.08,184.88,0.8286,0.8286,4.6287,7.3558,0.0,0.5911
2699,3148,169.73,4.56,203.51,133.77,0.6733,0.3367,7.4133,1.7481,13.6248,0.2212
2699,3219,117.7,32.91,177.88,185.25,0.7871,0.7871,4.6165,7.4679,0.0,0.5628
2699,3135,240.47,65.56,301.08,226.47,0.4036,0.4036,3.5821,17.0758,151.8976,0.2049
2700,3148,170.09,10.82,201.91,132.5,0.6299,0.6299,7.5228,1.8608,165.8587,0.2099
2700,3219,119.89,32.25,182.3,185.28,0.7319,0.7319,4.6122,7.1937,0.0,0.5239
2701,3148,169.71,5.22,202.94,133.77,0.7441,0.7441,7.4132,1.7255,13.3308,0.4893
2701,3219,119.51,32.36,181.09,181.1,0.7168,0.7168,4.7642,6.788,160.1022,0.2598
2702,3148,170.86,3.62,203.67,132.71,0.4036,0.2018,7.5049,1.9259,0.0,0.1345
2702,3219,122.61,31.65,185.09,179.2,0.791,0.791,4.8326,6.2676,0.0,0.5434
2702,3135,231.45,58.37,295.31,234.32,0.4446,0.4446,3.4033,17.1124,32.7007,0.361
2703,3148,171.97,4.34,204.21,133.36,0.5098,0.2549,7.4489,1.9174,0.0,0.1699
2703,3219,123.58,28.57,187.7,177.57,0.8037,0.8037,4.8942,5.9309,0.0,0.5457
2705,3219,124.85,27.41,188.1,175.99,0.4436,0.4436,4.9562,5.6797,0.0,0.2976
2706,3135,208.63,56.11,280.16,255.71,0.3867,0.3867,2.9895,17.8979,36.0309,0.3306
2706,3148,160.8,1.55,196.23,136.04,0.4082,0.2041,7.2237,1.1619,41.2194,0.1192
2707,3135,202.01,52.21,279.64,276.68,0.2805,0.2805,2.6799,20.081,32.6075,0.2533
2707,3148,161.36,17.02,193.37,132.02,0.2167,0.2167,7.5643,1.7597,166.8487,0.0722
2708,-1,145.27,1.83,203.2,168.33,0.2274,0.1137,5.2726,3.5835,0.0,0.0757
2709,3219,140.42,23.85,203.1,176.35,0.5601,0.5601,4.9335,4.7795,84.9321,0.2075
2710,-1,163.12,24.29,193.5,48.55,0.2598,0.2598,103.6194,13.4472,0.0,0.1708
2710,-1,159.61,23.77,201.8,112.78,0.2524,0.2524,9.7265,4.4723,0.0,0.168
2711,3135,191.85,56.66,264.09,263.13,0.2791,0.2791,2.8548,17.8309,138.6356,0.1684
2711,3219,148.37,9.27,214.24,177.31,0.3711,0.3711,4.8943,4.7728,74.1514,0.1623
2712,-1,173.39,14.45,199.83,48.27,0.2903,0.2903,107.9993,13.5141,0.0,0.1909
2715,-1,176.06,96.4,256.5,260.16,0.2069,0.2069,2.8885,16.9512,0.0,0.1932
2717,-1,0.21,32.2,72.28,238.64,0.4951,0.2475,3.4794,23.3197,0.0,0.2085
2717,-1,0.04,32.48,36.18,83.95,0.2366,0.1183,17.9455,23.3871,0.0,0.0756
2717,-1,170.72,1.27,241.59,215.44,0.2323,0.1162,3.7345,10.7882,0.0,0.0963
2719,-1,0.28,31.36,71.23,239.91,0.498,0.249,3.4561,23.4538,0.0,0.2104
2719,-1,0.84,31.97,47.18,95.84,0.314,0.157,13.8525,22.2394,0.0,0.1008
2719,-1,167.62,6.89,216.84,176.91,0.3098,0.3098,4.9126,5.0254,0.0,0.2097
2720,-1,0.11,32.29,48.48,88.66,0.2466,0.1233,16.024,22.4839,0.0,0.0791
2720,-1,0.07,32.06,53.37,219.09,0.2429,0.1215,3.9426,23.1469,0.0,0.0948
2721,-1,170.58,6.75,199.55,128.67,0.5342,0.5342,7.8726,2.3156,0.0,0.356
2721,-1,0.11,32.34,71.16,235.69,0.458,0.229,3.5405,23.1877,0.0,0.1911
2722,3310,0.0,32.57,65.14,232.88,0.6582,0.3291,3.6089,23.3243,0.0,0.2715
2723,-1,169.31,4.85,202.22,55.83,0.2651,0.1326,50.3973,12.4787,0.0,0.0873
2723,-1,2.11,32.62,79.73,166.22,0.2629,0.1315,5.7148,19.4309,0.0,0.0851
2723,-1,1.79,32.94,57.02,168.75,0.2629,0.1315,5.6494,20.9192,0.0,0.0847
2723,-1,169.17,4.92,203.2,97.73,0.2524,0.1262,12.4528,6.6688,0.0,0.0838
2724,3310,0.77,32.75,72.71,238.97,0.5718,0.2859,3.4713,23.2917,28.7448,0.2294
2725,3310,2.49,32.46,73.46,236.0,0.2727,0.1363,3.5264,22.9688,0.0,0.1141
2725,3135,166.65,60.29,231.97,258.47,0.3811,0.3811,2.9038,16.2121,102.3286,0.2285
2726,3310,7.21,32.67,80.27,240.44,0.4377,0.4377,3.4204,22.6904,34.5772,0.3469
2726,3135,173.94,57.84,225.87,206.94,0.231,0.231,3.9448,9.3882,156.6863,0.1085
2727,3310,9.37,32.55,82.79,239.56,0.385,0.385,3.4302,22.3945,0.0,0.3276
2728,3310,10.51,32.6,84.07,238.38,0.4341,0.4341,3.4495,22.1894,0.0,0.3684
2729,3310,15.78,33.0,76.85,196.69,0.4187,0.4187,4.4907,19.7939,159.2288,0.1598
2729,3330,217.21,22.99,239.93,48.39,0.4534,0.4534,106.8096,15.0346,0.0,0.2971
2730,3310,20.29,33.79,73.24,168.53,0.3657,0.3657,5.5761,18.7428,162.9688,0.1154
2730,3330,219.6,23.29,242.09,48.49,0.3259,0.3259,105.3232,15.1631,21.4956,0.2059
2730,3331,168.16,2.28,206.46,83.95,0.3667,0.1834,16.6471,8.6156,0.0,0.1215
2731,3310,6.91,33.81,72.16,201.22,0.4883,0.4883,4.3774,20.801,22.1108,0.3435
2731,3331,165.99,2.96,203.43,82.49,0.2407,0.1203,17.2554,8.7834,168.4925,0.0396
2731,3219,202.91,22.74,256.85,167.81,0.5078,0.5078,5.3408,7.8816,0.0,0.3369
2732,3310,12.51,34.55,71.5,180.69,0.3979,0.3979,5.073,19.6788,161.1241,0.1249
2732,3331,166.11,3.63,207.57,91.76,0.3408,0.1704,13.9871,7.5173,7.1184,0.1127
2732,3219,205.17,23.37,256.77,167.54,0.4543,0.4543,5.3551,8.0044,0.0,0.3014
2733,3310,13.99,35.56,70.42,170.5,0.3269,0.3269,5.5054,19.3641,162.7532,0.1028
2733,3331,165.48,2.98,208.14,93.86,0.2429,0.1215,13.4075,7.2229,7.2266,0.0803
2733,3219,211.52,23.57,261.58,166.29,0.4016,0.4016,5.4241,8.6564,130.0004,0.1323
2733,3330,225.51,24.29,247.27,48.53,0.2605,0.2605,104.8948,15.5207,73.3274,0.1086
2734,3310,10.1,36.69,73.52,186.45,0.6919,0.6919,4.8558,19.9042,19.4032,0.4477
2734,3219,213.26,23.52,261.96,168.15,0.4072,0.4072,5.3402,8.8923,0.0,0.2698
2734,3330,226.5,24.11,248.58,48.58,0.2031,0.2031,104.1803,15.5935,22.0354,0.128
2735,3310,11.12,37.61,72.81,179.65,0.4524,0.4524,5.1144,19.6502,161.5145,0.142
2735,3219,218.64,23.66,267.75,168.57,0.2598,0.2598,5.3332,9.6382,0.0,0.172
2735,3330,228.33,23.98,250.38,48.4,0.3887,0.3887,107.0146,15.74,170.9378,0.1247
2736,3310,15.75,38.62,76.37,177.19,0.3442,0.3442,5.1967,19.066,0.0,0.2232
2736,3219,218.22,23.79,264.93,166.09,0.2861,0.2861,5.4444,9.3051,159.0631,0.0941
2736,3331,172.85,4.02,207.2,77.09,0.4514,0.2257,19.9519,9.6177,175.045,0.0742
2737,3310,16.03,39.14,78.91,183.15,0.3821,0.3821,4.9548,19.0918,19.1045,0.243
2737,3219,216.38,24.1,262.99,168.5,0.5889,0.5889,5.3287,9.1793,21.3854,0.3766
2737,3331,173.51,4.66,208.25,78.82,0.5776,0.2888,19.0054,9.3979,5.7292,0.1908
2737,3135,145.15,45.35,209.55,241.9,0.5391,0.5391,3.1756,13.7822,32.7691,0.4568
2738,3310,11.13,39.13,87.88,218.63,0.4932,0.4932,3.8727,20.6323,23.7093,0.3785
2738,3219,216.06,23.92,262.17,168.92,0.2031,0.2031,5.3085,9.1282,0.0,0.1345
2738,3331,174.55,5.02,209.27,79.39,0.5352,0.5352,18.7135,9.3443,10.7989,0.3513
2738,3135,144.42,44.01,204.01,235.3,0.3208,0.3208,3.2989,12.9055,150.2336,0.177
2739,3310,11.62,38.45,101.42,252.25,0.4854,0.4854,3.1696,22.3569,28.3693,0.4105
2739,3219,218.83,23.74,265.56,168.71,0.3857,0.3857,5.3246,9.5155,0.0,0.2554
2739,3331,174.71,4.91,209.4,79.36,0.3896,0.1948,18.7289,9.3522,0.0,0.129
2739,3338,227.62,23.95,278.18,105.12,0.3667,0.3667,11.1357,11.6914,0.0,0.2419
2740,3310,18.02,38.5,93.58,218.28,0.6387,0.6387,3.8607,19.9238,156.1962,0.2972
2740,3219,219.78,23.1,266.62,168.63,0.5669,0.5669,5.3305,9.6419,0.0,0.3753
2740,3331,174.76,5.17,209.39,79.48,0.363,0.363,18.6682,9.3362,0.0,0.2404
2740,3135,148.87,41.73,193.51,179.04,0.6909,0.6909,4.8285,5.1708,160.5834,0.2452
2741,3310,19.67,38.55,98.08,226.57,0.7393,0.7393,3.6599,20.1611,25.6764,0.5855
2741,3219,219.85,24.25,266.24,168.41,0.6133,0.6133,5.3402,9.6106,0.0,0.406
2741,3331,166.75,5.85,217.36,118.42,0.5088,0.5088,8.9846,4.0513,10.7146,0.3358
2741,3135,149.93,41.65,192.06,163.78,0.7441,0.7441,5.4861,3.1158,162.7828,0.2477
2742,3310,19.06,38.3,108.7,257.29,0.7056,0.7056,3.067,22.1132,29.0761,0.6053
2742,3219,221.2,24.67,268.2,168.71,0.5088,0.5088,5.3303,9.841,0.0,0.3367
2742,3331,164.44,5.7,218.79,130.84,0.668,0.668,7.6733,2.5173,12.4967,0.4398
2742,3135,147.37,40.92,189.56,160.18,0.6226,0.6226,5.6669,2.8492,159.963,0.2073
2743,3310,18.88,39.08,111.21,268.2,0.8794,0.8794,2.8965,22.9707,30.4174,0.7693
2743,3219,221.69,24.45,269.39,168.63,0.8003,0.8003,5.3359,9.9464,0.0,0.5295
2743,3331,164.56,6.8,218.85,136.06,0.6792,0.6792,7.2253,2.0289,13.244,0.4466
2743,3135,146.27,40.79,186.95,153.41,0.6958,0.6958,6.0373,2.3473,163.7607,0.2317
2744,3310,24.71,39.92,110.19,253.81,0.4912,0.4912,3.1151,21.4965,150.6489,0.2758
2744,3219,222.33,23.98,270.58,168.7,0.8159,0.8159,5.3349,10.0691,0.0,0.5397
2744,3331,164.87,6.58,218.58,138.72,0.646,0.646,7.0154,1.8447,13.623,0.4245
2744,3135,144.3,40.35,186.86,157.16,0.7871,0.7871,5.8279,2.7993,16.8727,0.5131
2745,3310,29.5,40.34,112.36,247.98,0.7656,0.7656,3.2062,20.678,0.0,0.6771
2745,3219,223.4,23.71,271.78,168.45,0.7378,0.7378,5.349,10.2053,0.0,0.488
2745,3331,165.09,6.74,219.24,144.64,0.6538,0.6538,6.5876,1.7476,14.5168,0.4288
2745,3135,143.08,39.34,185.34,154.37,0.6074,0.6074,5.9837,2.7089,162.5212,0.2022
2746,3310,29.01,40.72,117.09,264.75,0.6245,0.6245,2.929,21.9991,30.1629,0.5454
2746,3219,224.1,23.5,272.58,168.82,0.6514,0.6514,5.334,10.3208,0.0,0.4308
2746,3331,165.99,7.51,219.19,147.66,0.6084,0.6084,6.3878,1.8808,15.0597,0.3985
2746,3135,141.63,38.98,184.04,153.56,0.6567,0.6567,6.031,2.8173,0.0,0.4375
2747,3310,33.72,40.9,116.27,252.63,0.811,0.811,3.1167,20.7272,150.7258,0.4565
2747,3219,226.4,22.77,274.46,168.4,0.6187,0.6187,5.3583,10.5747,0.0,0.409
2747,3331,167.52,7.96,218.7,147.79,0.6689,0.6689,6.3798,1.9576,0.0,0.4458
2747,3135,139.57,38.77,182.18,152.18,0.7969,0.7969,6.1132,2.9823,0.0,0.5309
2748,3310,32.98,41.13,118.89,266.47,0.8252,0.8252,2.8971,21.9261,30.4048,0.7238
2748,3219,227.11,22.03,274.87,168.06,0.6113,0.6113,5.3753,10.6329,0.0,0.404
2748,3331,168.99,7.93,218.34,147.46,0.6289,0.6289,6.4013,2.022,0.0,0.4191
2748,3135,138.78,38.7,180.69,148.09,0.6978,0.6978,6.3657,2.9641,164.5582,0.2323
2749,3310,34.22,40.58,120.09,271.76,0.7349,0.7349,2.8182,22.3323,0.0,0.6853
2749,3331,171.32,8.13,218.77,146.76,0.6235,0.6235,6.4477,2.194,0.0,0.4155
2749,3135,133.47,39.08,180.81,163.72,0.6309,0.6309,5.4973,4.3242,17.4472,0.4103
2750,3310,36.73,41.17,122.02,275.58,0.2917,0.2917,2.7608,22.5328,0.0,0.2741
2750,3331,171.74,8.23,218.13,147.1,0.7241,0.7241,6.4254,2.1879,0.0,0.4826
2750,3135,131.31,39.39,176.58,157.3,0.5059,0.5059,5.8296,4.1905,162.1044,0.1682
2750,3330,251.03,24.42,272.69,49.01,0.3867,0.3867,99.0753,17.436,36.224,0.227
2750,3219,234.09,23.15,278.89,162.97,0.459,0.459,5.6337,11.1657,157.3573,0.1501
2751,3310,40.64,41.2,113.73,245.47,0.6724,0.6724,3.2356,19.8904,152.2826,0.3689
2751,3331,172.73,8.35,218.11,147.28,0.7192,0.7192,6.4141,2.2612,0.0,0.4793
2751,3135,127.61,39.93,176.06,166.26,0.811,0.811,5.3814,5.1379,18.0562,0.5263
2751,3219,238.89,23.47,282.04,162.12,0.6621,0.6621,5.6881,11.6721,0.0,0.4368
2752,3331,174.62,8.17,218.77,147.03,0.7334,0.7334,6.4312,2.4335,0.0,0.4887
2752,3135,124.16,39.94,174.73,173.99,0.4551,0.4551,5.0443,6.1206,19.5489,0.2938
2752,3219,243.01,21.81,286.24,163.15,0.541,0.541,5.649,12.2606,0.0,0.3566
2753,3331,175.29,8.11,218.31,146.72,0.7363,0.7363,6.4515,2.4408,0.0,0.4906
2753,3135,121.61,39.38,171.76,174.18,0.3408,0.3408,5.0395,6.4239,0.0,0.2265
2753,3219,245.91,18.88,289.64,162.8,0.4253,0.4253,5.6766,12.6712,0.0,0.2801
2753,3310,39.8,41.37,117.18,263.15,0.5234,0.5234,2.9411,21.4075,30.0283,0.4572
2754,3331,176.83,8.16,218.65,146.4,0.5225,0.5225,6.4732,2.5673,0.0,0.3482
2754,3135,118.67,38.52,170.68,181.01,0.3821,0.3821,4.7736,7.3023,20.5045,0.2572
2754,3219,247.91,17.99,291.34,161.76,0.7168,0.7168,5.7355,12.8898,0.0,0.4718
2754,3310,51.31,41.22,129.13,257.77,0.363,0.363,3.0002,19.9505,118.4096,0.2105
2755,3331,178.09,8.08,218.82,145.8,0.7939,0.7939,6.5136,2.659,0.0,0.529
2755,3135,117.85,36.85,165.2,167.46,0.6768,0.6768,5.3385,6.4396,161.9916,0.2242
2755,3219,248.89,16.81,292.34,161.38,0.7456,0.7456,5.7583,13.0123,0.0,0.4907
2755,3310,50.44,42.07,120.59,236.21,0.5869,0.5869,3.3899,18.2975,153.1137,0.3117
2756,3331,178.62,8.31,218.42,146.04,0.7861,0.7861,6.4977,2.6719,0.0,0.5238
2756,3135,116.96,34.95,161.77,158.62,0.541,0.541,5.7779,6.1733,163.2495,0.1793
2756,3219,250.36,17.03,292.94,161.07,0.7559,0.7559,5.7779,13.143,0.0,0.4973
2756,3310,55.1,39.25,136.99,260.61,0.4148,0.4148,2.9448,19.7932,31.5321,0.3616
2757,3331,179.6,8.3,218.74,146.25,0.7793,0.7793,6.4843,2.7677,0.0,0.5192
2757,3135,118.37,33.94,159.42,146.26,0.6602,0.6602,6.5122,5.8869,165.3687,0.2189
2757,3219,249.79,16.67,292.27,160.69,0.791,0.791,5.7956,13.0505,0.0,0.5205
2757,3310,61.54,40.84,147.91,264.17,0.5557,0.5557,2.876,19.5528,0.0,0.5172
2758,3331,179.84,8.19,218.23,146.07,0.7725,0.7725,6.4961,2.7456,0.0,0.5147
2758,3135,115.45,32.87,160.12,155.66,0.6177,0.6177,5.9417,6.2599,16.1253,0.4025
2758,3219,250.38,17.11,292.93,160.47,0.7627,0.7627,5.8092,13.1289,0.0,0.5018
2759,3331,180.28,8.07,218.01,145.76,0.771,0.771,6.5168,2.7569,0.0,0.5137
2759,3135,112.75,32.13,162.29,170.83,0.6602,0.6602,5.1937,7.1725,18.1414,0.4275
2759,3219,252.66,17.48,295.09,160.5,0.8184,0.8184,5.8154,13.4268,0.0,0.5381
2759,3310,59.92,40.65,151.55,269.63,0.4668,0.4668,2.7954,20.0786,0.0,0.439
2760,3331,181.24,8.09,218.41,145.49,0.7227,0.7227,6.5355,2.8507,0.0,0.4815
2760,3219,254.24,17.63,296.55,160.06,0.7485,0.7485,5.844,13.6199,0.0,0.492
2761,3331,181.99,8.27,218.69,145.71,0.582,0.582,6.5212,2.9266,0.0,0.3877
2761,3219,255.05,17.45,297.5,160.1,0.8003,0.8003,5.845,13.7383,0.0,0.5259
2761,3310,67.92,28.35,164.71,270.77,0.7319,0.7319,2.7639,19.5615,0.0,0.6921
2762,3331,182.57,8.25,218.85,145.01,0.791,0.791,6.5686,2.9729,0.0,0.527
2762,3219,255.56,17.36,298.28,159.94,0.8252,0.8252,5.8558,13.8209,0.0,0.5422
2762,3135,108.44,31.14,148.1,136.87,0.4377,0.4377,7.22,7.4514,166.4017,0.1447
2763,3331,187.54,8.55,219.5,125.81,0.5381,0.5381,8.1688,4.259,168.1463,0.1789
2763,3219,255.17,17.06,298.29,159.71,0.7559,0.7559,5.8674,13.7905,0.0,0.4967
2763,3135,110.3,30.81,147.13,125.25,0.4177,0.4177,8.2818,7.7878,168.3721,0.1379
2764,3331,187.57,8.54,222.8,138.77,0.7598,0.7598,7.0232,3.6862,13.7433,0.4988
2764,3219,253.69,17.21,297.67,160.0,0.79,0.79,5.8482,13.6566,0.0,0.5192
2764,3310,70.95,29.51,167.06,272.85,0.7217,0.7217,2.7316,19.6494,0.0,0.6854
2765,3331,188.08,8.79,224.49,143.31,0.7861,0.7861,6.6915,3.7679,14.7071,0.5149
2765,3219,255.83,17.46,299.84,159.38,0.791,0.791,5.889,13.9311,0.0,0.5196
2765,3310,74.13,29.61,167.24,267.55,0.2727,0.2727,2.8036,18.9454,0.0,0.2567
2766,3331,188.83,9.07,225.62,145.36,0.8218,0.8218,6.5518,3.9057,16.0495,0.5366
2766,3219,257.12,18.24,301.04,158.78,0.7769,0.7769,5.926,14.0851,0.0,0.5101
2767,3331,191.29,9.63,229.72,150.08,0.8101,0.8101,6.2518,4.4547,18.549,0.5252
2767,3219,257.21,17.51,301.23,157.45,0.8359,0.8359,5.9994,14.0785,0.0,0.5489
2768,3331,192.28,10.3,230.99,150.2,0.8477,0.8477,6.2459,4.6161,0.0,0.5642
2768,3219,254.88,17.33,300.23,157.52,0.8076,0.8076,5.9893,13.8568,0.0,0.5306
2769,3331,194.38,10.61,234.46,151.93,0.8701,0.8701,6.1449,5.0557,28.5238,0.5437
2769,3219,254.94,16.8,300.34,155.15,0.8145,0.8145,6.1234,13.828,164.4789,0.2636
2769,3310,105.04,31.93,167.5,189.14,0.5869,0.5869,4.4971,8.9457,158.801,0.2326
2770,3331,194.95,10.93,235.93,152.18,0.8608,0.8608,6.1315,5.2052,0.0,0.5727
2770,3219,258.47,16.98,302.24,149.77,0.7407,0.7407,6.4599,14.1315,164.1061,0.2394
2770,3310,126.03,34.02,173.47,151.8,0.4456,0.4456,6.1471,4.4739,163.5069,0.1481
2771,3331,194.94,11.79,236.44,152.22,0.5557,0.5557,6.1295,5.2411,0.0,0.3697
2771,3219,260.07,17.13,304.32,151.86,0.7847,0.7847,6.337,14.3979,20.5288,0.4983
2771,3310,123.62,33.93,178.85,173.08,0.2302,0.2302,5.0803,5.8494,18.5238,0.1491
2771,3135,98.19,31.57,140.3,144.5,0.5176,0.5176,6.6748,8.6526,16.1115,0.3363
2772,3331,194.15,12.93,236.58,153.11,0.8237,0.8237,6.0766,5.2262,0.0,0.548
2772,3219,261.57,17.61,305.97,153.01,0.8101,0.8101,6.2736,14.6217,0.0,0.5313
2772,3310,125.93,34.42,180.99,175.72,0.2031,0.2031,4.9697,5.9141,23.7659,0.1301
2772,3135,96.31,31.46,143.2,163.91,0.687,0.687,5.5461,9.0299,17.0429,0.4451
2773,3331,194.24,12.89,237.63,153.97,0.8359,0.8359,6.0276,5.3362,0.0,0.5561
2773,3219,263.45,17.55,307.61,154.31,0.7559,0.7559,6.2036,14.8729,0.0,0.4955
2773,3310,127.01,34.2,181.91,177.09,0.2837,0.2837,4.9141,5.9767,0.0,0.1919
2773,3135,95.97,30.56,145.17,175.04,0.585,0.585,5.0459,9.5328,18.629,0.3771
2774,3331,193.92,12.95,237.59,154.06,0.7334,0.7334,6.0222,5.315,0.0,0.4879
2774,3219,263.79,17.37,307.78,154.91,0.7393,0.7393,6.1696,14.9149,0.0,0.4846
2774,3310,134.97,34.38,191.38,176.09,0.3091,0.3091,4.9475,5.1855,106.1384,0.1048
2775,3331,194.07,13.06,237.96,153.69,0.8076,0.8076,6.0439,5.3367,0.0,0.5372
2775,3219,265.21,17.61,308.14,154.87,0.8013,0.8013,6.1756,15.033,0.0,0.5251
2775,3310,131.9,34.05,187.36,176.98,0.3408,0.3408,4.9144,5.5454,0.0,0.2306
2775,3135,94.85,28.96,144.0,179.38,0.6206,0.6206,4.8757,9.9652,20.0303,0.4084
2776,3331,196.35,14.29,240.27,155.28,0.6494,0.6494,5.9567,5.712,0.0,0.4319
2776,3219,265.52,17.49,307.67,154.31,0.7285,0.7285,6.208,15.0149,0.0,0.4774
2776,3310,135.48,34.3,192.26,182.3,0.4226,0.4226,4.7096,5.9424,24.6002,0.2846
2776,3135,95.76,28.3,142.38,174.92,0.3684,0.3684,5.0539,9.7111,161.3952,0.121
2777,3331,196.92,12.98,241.19,155.19,0.4377,0.4377,5.9629,5.8101,0.0,0.2911
2777,3219,266.52,17.54,307.65,153.36,0.6934,0.6934,6.2664,15.0685,0.0,0.4543
2777,3135,97.17,27.75,140.48,166.42,0.502,0.502,5.4279,9.2682,162.6088,0.1651
2778,3331,197.71,12.75,242.19,156.43,0.5127,0.5127,5.8952,5.9823,0.0,0.3409
2778,3219,266.97,17.75,307.31,153.39,0.603,0.603,6.2649,15.0762,0.0,0.3951
2778,3135,97.53,27.21,139.45,163.55,0.5332,0.5332,5.5666,9.1827,162.9721,0.1755
2778,3310,138.53,34.18,192.67,178.01,0.2744,0.2744,4.8705,5.285,159.2912,0.0958
2779,3331,197.51,13.02,242.45,157.24,0.8086,0.8086,5.851,6.0215,0.0,0.5376
2779,3219,267.56,17.52,307.63,154.15,0.6841,0.6841,6.2216,15.146,0.0,0.4481
2779,3135,96.64,26.62,138.27,162.31,0.7334,0.7334,5.6306,9.2705,0.0,0.4857
2780,3331,200.57,13.12,245.25,156.4,0.561,0.561,5.9017,6.3832,0.0,0.3728
2780,3219,268.93,17.37,309.15,154.45,0.5918,0.5918,6.2101,15.342,0.0,0.3875
2780,3135,96.2,26.46,137.26,161.11,0.6113,0.6113,5.6932,9.3226,0.0,0.4048
2781,3331,201.44,11.2,247.1,156.61,0.7754,0.7754,5.8925,6.5766,0.0,0.5152
2781,3219,268.65,17.03,309.26,155.5,0.7319,0.7319,6.1486,15.3447,0.0,0.4792
2781,3135,94.88,25.91,135.96,161.41,0.771,0.771,5.681,9.5101,0.0,0.5105
2782,3331,203.18,11.22,248.91,156.85,0.8423,0.8423,5.8825,6.8277,0.0,0.5595
2782,3219,268.56,17.65,309.41,155.89,0.8076,0.8076,6.1263,15.3543,0.0,0.5288
2782,3135,94.04,25.69,134.85,161.72,0.6929,0.6929,5.6676,9.6527,0.0,0.4587
2783,3331,205.4,12.45,250.36,156.64,0.8271,0.8271,5.8974,7.0703,0.0,0.5493
2783,3219,269.23,17.7,310.1,156.42,0.7583,0.7583,6.0989,15.4522,0.0,0.4964
2783,3135,93.46,25.58,133.74,161.38,0.6919,0.6919,5.687,9.7544,0.0,0.4579
2784,3331,209.87,13.85,253.7,157.0,0.5938,0.5938,5.8853,7.6168,0.0,0.3941
2784,3219,270.27,17.32,311.1,156.05,0.8062,0.8062,6.1243,15.5819,0.0,0.5276
2784,3135,92.83,25.15,132.69,161.26,0.6177,0.6177,5.6953,9.8635,0.0,0.4088
2785,3331,213.9,13.32,257.16,154.89,0.5581,0.5581,6.011,8.0669,151.7944,0.1842
2785,3219,270.85,16.74,311.99,156.47,0.7129,0.7129,6.1035,15.6852,0.0,0.4664
2785,3135,90.38,25.05,130.29,161.59,0.584,0.584,5.6847,10.2018,0.0,0.3863
2786,3331,216.81,19.65,258.26,155.94,0.8076,0.8076,5.9564,8.3724,0.0,0.5355
2786,3219,270.96,16.98,312.2,156.44,0.7378,0.7378,6.1059,15.7059,0.0,0.4827
2786,3135,88.77,24.75,128.57,160.43,0.54,0.54,5.7488,10.3889,0.0,0.357
2787,3331,218.5,17.78,260.17,156.7,0.5234,0.5234,5.9183,8.6416,0.0,0.347
2787,3219,271.55,17.17,312.89,156.05,0.7334,0.7334,6.1309,15.7849,0.0,0.4797
2787,3135,88.87,25.0,130.18,167.82,0.2949,0.2949,5.385,10.5546,17.5589,0.1904
2788,3331,219.37,16.15,261.27,158.65,0.3923,0.3923,5.8148,8.8371,18.4556,0.2533
2788,3219,272.58,17.43,313.4,153.12,0.5244,0.5244,6.3064,15.8503,164.6846,0.1682
2788,3135,93.15,25.77,125.3,131.04,0.5273,0.5273,7.7768,10.2158,167.6613,0.173
2789,3331,223.02,15.98,259.72,141.11,0.3711,0.3711,6.9185,8.7481,166.1923,0.1223
2789,3219,272.06,17.25,314.07,155.0,0.6895,0.6895,6.1952,15.8823,15.4312,0.4426
2789,3135,86.11,26.22,124.66,150.46,0.6875,0.6875,6.3244,10.6242,15.4661,0.4461
2790,3331,222.05,16.18,261.8,154.41,0.3201,0.3201,6.0535,8.938,15.7351,0.2081
2790,3219,272.17,17.18,315.0,155.71,0.6406,0.6406,6.1563,15.9604,0.0,0.4188
2790,3135,85.26,26.19,124.1,152.29,0.5352,0.5352,6.215,10.7463,16.6088,0.3462
2791,3331,217.07,16.26,258.67,158.81,0.3811,0.3811,5.8007,8.5092,20.9691,0.2443
2791,3219,272.0,16.25,315.99,156.16,0.771,0.771,6.1323,16.0207,0.0,0.504
2791,3135,83.45,26.25,124.1,157.13,0.5659,0.5659,5.9393,10.964,16.3832,0.3662
2792,3331,216.44,16.55,258.89,160.53,0.3757,0.3757,5.7101,8.5446,0.0,0.2491
2792,3219,271.28,16.62,315.87,155.59,0.6387,0.6387,6.1632,15.9574,0.0,0.4176
2792,3135,84.52,25.8,118.02,129.03,0.4668,0.4668,7.9955,11.3498,167.988,0.1526
2793,3219,272.65,17.14,317.48,155.28,0.6748,0.6748,6.1877,16.1498,0.0,0.441
2793,3135,83.82,25.74,114.0,116.02,0.2043,0.2043,9.479,12.1258,169.7522,0.0666
2794,3219,273.82,17.71,318.6,154.51,0.7305,0.7305,6.2379,16.2911,0.0,0.4772
2795,3219,274.16,17.34,318.99,152.54,0.5225,0.5225,6.3577,16.318,164.9526,0.1672
2795,3135,78.97,24.78,112.42,124.72,0.355,0.355,8.4562,12.2217,12.3052,0.2313
2796,3219,275.52,17.88,318.97,146.57,0.3567,0.3567,6.7463,16.3689,165.8482,0.1141
2796,3366,288.18,18.44,320.89,110.17,0.4233,0.4233,10.6037,17.9118,0.0,0.2754
2796,3135,77.58,24.32,115.91,137.63,0.5767,0.5767,7.2581,11.8122,13.1871,0.3753
2796,3331,215.33,36.17,259.69,175.91,0.4065,0.4065,5.0066,9.3543,18.7616,0.262
2797,3219,275.16,18.17,320.15,149.75,0.4766,0.4766,6.5376,16.4379,14.8474,0.3059
2797,3135,75.77,24.41,117.05,144.94,0.3567,0.3567,6.7157,11.8255,14.2702,0.2316
2797,3331,215.65,36.89,262.98,177.91,0.3513,0.3513,4.9304,9.7108,0.0,0.2358
2798,3219,274.74,17.91,321.5,153.7,0.395,0.395,6.2947,16.5332,15.3649,0.2532
2798,3135,74.99,24.19,117.39,146.46,0.4912,0.4912,6.613,11.86,14.6793,0.3186
2798,3331,214.56,24.86,268.43,179.52,0.4263,0.4263,4.8722,10.0857,0.0,0.2893
2798,3367,229.4,17.63,267.85,95.6,0.457,0.457,13.1501,11.8778,0.0,0.3014
2799,3219,278.77,18.54,325.24,155.56,0.4814,0.4814,6.203,17.0637,36.3329,0.2827
2799,3135,70.82,23.99,115.35,153.8,0.4629,0.4629,6.163,12.3566,17.0137,0.2983
2800,3219,281.75,18.87,327.32,155.81,0.6929,0.6929,6.2004,17.3965,0.0,0.4514
2800,3135,68.71,23.94,113.38,155.8,0.4272,0.4272,6.0546,12.6668,22.8778,0.2701
2800,3331,211.88,41.5,266.82,196.47,0.4131,0.4131,4.2879,11.2225,21.6991,0.3022
2800,3367,236.65,17.84,268.8,82.55,0.332,0.332,17.5079,13.4127,174.2614,0.1076
2801,3219,282.24,17.39,327.67,155.9,0.6802,0.6802,6.1972,17.4523,0.0,0.443
2801,3135,66.66,24.08,111.12,157.02,0.3831,0.3831,5.9936,12.9808,0.0,0.2521
2801,3331,211.54,37.03,270.45,200.39,0.6567,0.6567,4.1744,11.753,24.2371,0.4862
2802,3219,280.61,17.6,325.84,155.55,0.7363,0.7363,6.2093,17.2227,0.0,0.4799
2802,3135,64.38,24.16,107.82,156.49,0.4485,0.4485,6.0332,13.347,0.0,0.295
2802,3367,239.47,16.94,270.82,79.76,0.3157,0.3157,18.8394,13.9074,173.3881,0.1021
2803,3219,282.75,17.21,327.49,156.16,0.6636,0.6636,6.183,17.477,0.0,0.4322
2803,3135,63.11,24.23,105.82,156.18,0.4697,0.4697,6.0567,13.5617,0.0,0.3088
2803,3331,218.76,46.05,270.69,183.92,0.4824,0.4824,4.7148,10.7838,159.8796,0.1763
2804,3219,283.79,17.14,328.2,157.3,0.54,0.54,6.1221,17.6055,0.0,0.3516
2804,3135,63.01,24.63,105.22,156.33,0.6558,0.6558,6.0495,13.6113,0.0,0.4311
2804,3331,223.04,44.84,274.48,179.15,0.3611,0.3611,4.9022,10.9468,156.5242,0.1229
2805,3219,284.66,16.74,328.58,156.8,0.7017,0.7017,6.1535,17.6799,0.0,0.4568
2805,3135,62.19,24.74,104.42,156.95,0.4148,0.4148,6.0177,13.7311,0.0,0.2726
2806,3219,284.97,18.28,328.03,156.79,0.3674,0.3674,6.1535,17.6642,0.0,0.2392
2806,3135,61.96,24.54,104.02,156.48,0.4707,0.4707,6.0453,13.7651,0.0,0.3093
2806,3367,244.18,18.12,275.91,79.98,0.7266,0.7266,18.7714,14.398,73.3025,0.3042
2807,3219,285.2,18.12,328.01,156.77,0.4834,0.4834,6.1551,17.6775,0.0,0.3147
2807,3135,61.29,24.94,103.66,158.07,0.3252,0.3252,5.9589,13.8632,0.0,0.2136
2807,3367,245.26,17.71,278.53,80.57,0.6133,0.6133,18.4971,14.5445,17.8514,0.3925
2808,3219,284.24,17.69,327.14,157.13,0.6768,0.6768,6.1303,17.5637,0.0,0.4407
2808,3135,60.11,24.84,102.49,158.43,0.5293,0.5293,5.9436,14.0274,0.0,0.3476
2808,3367,246.82,17.54,281.2,80.04,0.2407,0.2407,18.7775,14.8131,161.1453,0.0776
2809,3219,285.34,17.87,326.78,152.62,0.5234,0.5234,6.398,17.5611,165.1198,0.1663
2809,3135,59.72,25.28,102.27,159.07,0.5688,0.5688,5.91,14.0809,0.0,0.3735
2809,3367,247.1,17.72,282.75,80.15,0.3108,0.3108,18.7313,14.9021,0.0,0.2037
2809,3372,190.37,36.09,208.78,81.03,0.4534,0.4534,17.9304,9.3784,0.0,0.3002
2810,3219,285.85,18.88,327.26,154.28,0.3999,0.3999,6.3,17.6416,0.0,0.2603
2810,3135,57.73,25.09,100.41,159.44,0.7319,0.7319,5.8974,14.345,0.0,0.4803
2810,3367,242.38,18.89,277.09,79.97,0.2386,0.2386,18.7736,14.3663,100.6293,0.077
2810,3372,191.81,36.24,207.94,75.47,0.2451,0.2451,20.9459,10.1327,175.3558,0.0804
2810,3366,290.14,19.47,324.1,112.91,0.5117,0.5117,10.1996,18.1478,13.4494,0.328
2811,3219,285.45,18.97,326.88,154.8,0.6689,0.6689,6.2673,17.5966,0.0,0.4355
2811,3135,56.23,25.22,99.02,160.82,0.7485,0.7485,5.8297,14.5662,0.0,0.491
2812,3219,285.25,19.12,327.03,157.04,0.627,0.627,6.1375,17.6208,15.5152,0.4006
2812,3135,55.02,25.85,97.2,159.55,0.7188,0.7188,5.9029,14.7408,0.0,0.4713
2812,3331,234.09,19.01,294.7,183.06,0.4082,0.4082,4.7934,13.1116,63.7745,0.2039
2813,3219,282.82,19.1,325.07,156.78,0.3647,0.3647,6.1419,17.3323,0.0,0.2376
2813,3135,53.05,25.81,94.78,159.84,0.7725,0.7725,5.896,15.0375,0.0,0.5062
2813,3331,236.1,17.15,287.24,159.31,0.4312,0.4312,5.8378,11.7564,163.5552,0.1407
2814,3135,53.44,26.12,89.81,140.36,0.5234,0.5234,7.1527,15.1946,166.6167,0.1684
2814,3331,235.83,17.98,285.9,163.43,0.2379,0.2379,5.6236,11.7666,16.9712,0.1535
2815,3135,50.04,26.09,90.37,153.8,0.4824,0.4824,6.2517,15.4343,15.4242,0.31
2815,3331,237.1,19.45,286.31,167.59,0.2386,0.2386,5.4262,12.0243,17.911,0.1535
2815,3219,280.04,18.71,323.65,158.07,0.272,0.272,6.0597,17.0772,0.0,0.1773
2816,3135,51.68,26.46,87.4,137.44,0.5156,0.5156,7.3938,15.4907,167.0462,0.1656
2817,3135,49.03,26.53,88.85,151.22,0.4785,0.4785,6.4143,15.5759,14.9316,0.3078
2817,3331,239.77,17.96,287.67,167.18,0.2783,0.2783,5.4513,12.2749,0.0,0.1834
2817,3219,278.87,18.43,326.78,172.5,0.2576,0.2576,5.3499,17.5264,17.7957,0.1636
2818,3135,48.04,26.75,89.37,157.28,0.6919,0.6919,6.0573,15.6811,15.7621,0.444
2818,3366,293.99,18.65,319.84,81.76,0.3738,0.3738,18.43,19.4962,174.7122,0.1175
2819,3135,47.44,26.89,88.76,158.03,0.7202,0.7202,6.0182,15.773,0.0,0.4711
2819,3378,247.99,21.99,278.62,48.83,0.3896,0.3896,101.621,17.5774,0.0,0.2537
2819,3366,294.16,18.63,320.94,79.38,0.3867,0.3867,19.6261,19.7038,174.9696,0.1214
2819,3331,241.16,20.55,286.02,166.34,0.5088,0.5088,5.4905,12.2275,0.0,0.3354
2819,3219,272.79,18.86,323.0,176.78,0.6353,0.6353,5.148,17.0396,24.2876,0.3955
2820,3135,46.65,26.99,89.5,163.97,0.2966,0.2966,5.7058,15.8948,16.6341,0.1898
2820,3378,246.59,22.46,276.52,48.75,0.3015,0.3015,102.6779,17.4358,158.4423,0.0959
2820,3366,294.21,18.58,321.96,79.05,0.5869,0.5869,19.8102,19.7834,171.4812,0.1841
2820,3379,48.73,27.05,87.23,80.41,0.385,0.385,18.8939,17.8809,0.0,0.2505
2821,3135,46.41,27.1,89.58,166.01,0.7378,0.7378,5.6057,15.9551,16.9637,0.4717
2821,3378,246.16,22.95,274.86,48.26,0.2854,0.2854,110.2081,17.3963,177.8523,0.0908
2821,3366,293.35,18.41,321.6,77.44,0.3767,0.3767,20.7097,19.8081,174.8619,0.1181
2821,3331,243.95,22.48,289.4,173.34,0.4912,0.4912,5.1851,12.9087,20.1486,0.3133
2821,3219,275.07,18.46,324.15,171.95,0.4883,0.4883,5.3611,17.1005,161.8711,0.1556
2822,3378,246.57,22.01,276.71,48.67,0.2161,0.2161,103.8484,17.451,2.8352,0.1407
2822,3366,294.21,17.91,322.25,74.23,0.4961,0.4961,22.8001,20.084,175.6879,0.1553
2822,3331,245.0,22.24,290.63,175.84,0.5244,0.5244,5.084,13.1678,20.6484,0.3338
2822,3219,275.98,18.28,324.22,167.57,0.2031,0.2031,5.564,17.0427,163.0021,0.0647
2823,3378,248.03,21.76,278.59,48.73,0.3831,0.3831,103.0521,17.5877,27.1047,0.2354
2823,3366,293.55,18.23,322.25,74.05,0.4016,0.4016,22.9235,20.0583,170.8286,0.1257
2823,3331,243.34,21.69,288.85,176.46,0.2727,0.2727,5.0537,12.9775,0.0,0.1795
2823,3219,278.17,18.49,325.3,163.41,0.5449,0.5449,5.7753,17.1583,162.959,0.1735
2823,3135,50.31,27.93,84.99,135.96,0.4055,0.4055,7.526,15.7546,167.2507,0.1301
2824,3378,247.53,19.99,279.91,48.58,0.2998,0.2998,105.2958,17.6376,177.3569,0.0952
2824,3366,293.32,18.46,322.24,72.94,0.5581,0.5581,23.748,20.1128,175.8389,0.1747
2824,3331,242.98,20.11,290.03,181.38,0.4805,0.4805,4.862,13.2803,19.4422,0.3158
2824,3219,280.95,18.57,326.75,160.0,0.3025,0.3025,5.9632,17.3685,162.3885,0.0962
2824,3135,50.65,28.45,83.32,127.71,0.3933,0.3933,8.2909,15.9598,168.4121,0.126
2825,3378,246.43,19.33,279.6,48.6,0.2386,0.2386,104.9586,17.5752,27.2479,0.1465
2825,3366,292.5,17.85,323.35,74.39,0.3115,0.3115,22.6819,20.0404,4.3501,0.2011
2825,3331,241.6,19.34,288.06,177.22,0.385,0.385,5.0194,12.8536,159.5365,0.1251
2825,3219,276.46,18.07,330.14,186.76,0.3943,0.3943,4.7854,18.1008,19.588,0.26
2825,3135,50.36,29.43,83.17,127.24,0.5488,0.5488,8.34,15.9977,0.0,0.3588
2826,3366,292.25,17.46,324.46,75.21,0.314,0.314,22.1252,20.039,5.1018,0.2026
2826,3219,277.13,17.57,331.56,189.04,0.2805,0.2805,4.7089,18.327,0.0,0.1931
2826,3135,47.57,29.86,86.77,147.61,0.8159,0.8159,6.6551,15.7879,14.3469,0.5252
2827,3366,292.5,17.91,324.52,73.55,0.3184,0.3184,23.2988,20.1564,175.8264,0.0996
2827,3135,46.57,30.12,88.59,157.41,0.6323,0.6323,6.0548,15.8316,15.6896,0.4057
2827,3331,242.21,18.33,286.28,165.42,0.6636,0.6636,5.5365,12.2826,162.8462,0.2161
2828,3366,290.22,19.31,320.41,71.37,0.3049,0.3049,24.9789,19.9395,172.8575,0.0955
2828,3135,49.69,30.54,85.36,134.9,0.6299,0.6299,7.6169,15.7819,167.3913,0.2021
2828,3331,241.65,20.71,285.06,162.59,0.3638,0.3638,5.6731,12.0738,162.2905,0.1186
2829,3366,293.01,19.66,322.66,68.28,0.3784,0.3784,27.9693,20.4119,175.7452,0.1182
2829,3135,46.73,30.4,89.77,158.07,0.7925,0.7925,6.0153,15.7539,15.7926,0.5084
2829,3331,239.26,20.76,285.89,172.25,0.3794,0.3794,5.22,12.3303,18.0448,0.2438
2830,3366,294.37,20.04,325.06,68.26,0.3328,0.3328,28.0281,20.6172,116.5712,0.1038
2830,3135,46.51,30.26,90.34,161.4,0.2568,0.2568,5.8358,15.7926,16.244,0.1646
2830,3331,237.83,28.11,284.22,175.63,0.4272,0.4272,5.0733,12.29,19.7599,0.2732
2830,3379,44.57,30.06,92.25,97.36,0.4785,0.4785,13.0194,16.8527,7.446,0.3108
2830,3219,286.21,29.44,338.55,193.98,0.3477,0.3477,4.5729,19.5147,39.9483,0.2179
2831,3366,295.61,20.19,326.26,66.29,0.3989,0.3989,30.3239,20.8745,176.3876,0.1242
2831,3135,46.65,29.7,90.28,161.22,0.626,0.626,5.845,15.7837,0.0,0.4095
2831,3331,235.36,23.86,284.32,177.07,0.5176,0.5176,5.0117,12.213,0.0,0.3412
2831,3379,40.36,29.64,96.23,111.42,0.2095,0.2095,10.314,16.2481,9.3861,0.1359
2831,3219,290.1,24.41,337.26,167.16,0.2458,0.2458,5.6435,18.7682,163.2255,0.0776
2831,3378,241.05,22.03,271.23,48.44,0.4436,0.4436,107.0874,17.0156,141.6245,0.1414
2832,3331,239.22,23.33,284.39,161.68,0.2437,0.2437,5.7146,11.8391,163.392,0.0795
2832,3379,38.79,29.58,97.45,118.33,0.7256,0.7256,9.3485,16.04,10.3499,0.4704
2832,3219,292.7,29.21,337.83,161.09,0.4834,0.4834,5.9588,18.8542,163.8844,0.1525
2832,3378,239.93,22.6,270.09,48.56,0.2018,0.2018,105.1827,16.9111,8.5248,0.1309
2833,3331,234.57,22.57,284.45,175.71,0.605,0.605,5.0659,12.1009,18.6517,0.3883
2833,3379,30.89,29.65,106.37,150.15,0.2386,0.2386,6.483,15.6086,14.7137,0.1535
2833,3219,289.31,23.43,336.31,159.72,0.2366,0.2366,6.0206,18.5189,0.0,0.1536
2833,3384,190.02,36.31,207.66,81.45,0.4629,0.4629,17.7353,9.2922,0.0,0.3066
2834,3331,233.0,23.05,284.12,181.38,0.625,0.625,4.8407,12.2927,19.4642,0.4133
2834,3219,288.72,20.84,342.06,175.74,0.4707,0.4707,5.2637,19.2031,18.3764,0.2971
2834,3135,46.5,29.94,90.9,164.66,0.3184,0.3184,5.669,15.8295,16.6929,0.2038
2835,3331,231.14,22.23,282.7,182.89,0.5566,0.5566,4.7803,12.1821,0.0,0.3832
2835,3219,292.37,27.55,340.63,163.28,0.2598,0.2598,5.8501,19.0486,163.7966,0.0819
2835,3135,49.04,30.07,89.44,151.26,0.5557,0.5557,6.4105,15.5364,165.065,0.1785
2835,3378,235.06,22.13,266.33,48.79,0.4167,0.4167,101.6212,16.5423,16.7658,0.2661
2836,3331,230.34,21.71,282.25,184.53,0.6104,0.6104,4.719,12.2095,0.0,0.4252
2836,3219,294.48,31.36,340.84,159.25,0.3049,0.3049,6.0704,19.1315,164.109,0.096
2836,3135,49.81,30.29,89.06,146.4,0.7793,0.7793,6.7263,15.4822,165.7377,0.2503
2837,3331,229.4,20.32,281.28,183.83,0.4417,0.4417,4.742,12.0488,0.0,0.3064
2837,3219,296.28,32.64,342.5,158.29,0.4082,0.4082,6.1326,19.3386,0.0,0.2645
2837,3135,49.95,29.87,89.24,144.73,0.7231,0.7231,6.8412,15.4577,165.8709,0.2323
2838,3331,229.81,19.62,277.97,170.74,0.5215,0.5215,5.2622,11.1343,161.8896,0.1706
2838,3219,295.34,33.14,342.67,158.19,0.3174,0.3174,6.1362,19.2883,0.0,0.2057
2838,3135,51.37,30.44,91.07,145.57,0.543,0.543,6.7751,15.2421,0.0,0.3556
2838,3391,288.76,21.92,318.74,72.15,0.4177,0.4177,24.3041,19.7179,0.0,0.2703
2838,3384,191.85,36.42,206.94,74.27,0.2966,0.2966,21.7299,10.2749,175.5169,0.0973
2839,3331,228.15,19.05,276.47,170.41,0.835,0.835,5.2727,10.9134,0.0,0.5516
2839,3219,300.35,32.99,347.98,157.06,0.396,0.396,6.2274,19.9286,139.617,0.1241
2839,3135,51.64,30.54,91.71,145.63,0.7227,0.7227,6.7689,15.1814,0.0,0.4734
2839,3391,289.91,21.76,319.33,71.0,0.2698,0.2698,25.2863,19.8869,175.412,0.0846
2840,3331,226.12,17.91,274.23,169.17,0.7529,0.7529,5.3227,10.5769,0.0,0.4977
2840,3219,301.32,32.98,349.58,155.65,0.3408,0.3408,6.3164,20.0757,0.0,0.2203
2840,3135,50.07,30.54,95.57,161.84,0.6548,0.6548,5.7952,15.2238,16.3488,0.42
2840,3391,297.88,22.02,316.81,53.2,0.5469,0.5469,64.8418,21.3917,178.4941,0.1697
2841,3331,223.77,16.75,270.75,165.37,0.6899,0.6899,5.492,10.0241,158.0535,0.2265
2841,3219,302.45,33.48,351.17,155.28,0.4131,0.4131,6.3458,20.2435,0.0,0.2669
2841,3135,50.53,31.11,92.56,152.26,0.2629,0.2629,6.3387,15.2391,164.961,0.0846
2841,3391,300.29,22.34,316.29,48.15,0.4824,0.4824,115.215,21.8556,179.1498,0.1492
2842,3331,222.18,16.16,267.59,161.14,0.3738,0.3738,5.6956,9.5415,160.708,0.1229
2842,3378,222.35,16.52,258.97,48.34,0.3459,0.3459,108.02,15.8389,159.2998,0.1109
2843,3331,220.33,15.93,264.94,160.93,0.7485,0.7485,5.7009,9.2303,0.0,0.4958
2843,3219,308.54,33.4,358.67,161.45,0.3303,0.1651,6.0345,21.1664,24.3931,0.1015
2844,3331,219.21,15.96,262.81,159.86,0.6919,0.6919,5.7525,8.9722,0.0,0.4584
2844,3398,264.71,22.13,326.03,156.26,0.6343,0.6343,6.1326,16.2032,0.0,0.4145
2844,3219,312.72,33.28,360.0,157.59,0.3354,0.1677,6.2644,21.4599,162.9126,0.052
2845,3331,217.81,15.7,260.85,159.79,0.7124,0.7124,5.7523,8.7421,0.0,0.4722
2845,3398,264.83,22.31,325.71,155.48,0.625,0.625,6.177,16.1794,0.0,0.4084
2845,3219,314.4,33.43,360.0,155.54,0.5273,0.2636,6.3893,21.5435,164.5719,0.0817
2845,3135,54.03,32.61,92.25,142.18,0.4697,0.4697,7.0086,14.9858,166.0485,0.1512
2846,3331,216.84,15.53,259.56,159.99,0.8013,0.8013,5.7393,8.5964,0.0,0.5312
2846,3398,273.52,23.57,333.74,156.65,0.6851,0.6851,6.1479,17.2895,77.7831,0.2664
2846,3219,315.43,32.93,360.0,156.56,0.3425,0.1713,6.332,21.6169,0.0,0.1102
2847,3331,215.51,15.29,258.1,159.63,0.7393,0.7393,5.7551,8.3942,0.0,0.4902
2847,3398,276.13,24.57,335.04,156.29,0.355,0.355,6.1777,17.539,0.0,0.2312
2847,3135,55.88,32.59,95.39,146.13,0.5098,0.5098,6.7168,14.6521,15.952,0.3278
2848,3331,213.89,15.77,256.17,159.53,0.5117,0.5117,5.7565,8.1501,0.0,0.3394
2848,3398,269.85,24.04,328.31,154.52,0.5039,0.5039,6.2504,16.6684,125.596,0.1609
2848,3135,53.94,32.28,99.75,166.81,0.5938,0.5938,5.5335,14.8212,17.0785,0.3806
2848,3378,213.89,15.23,250.89,48.21,0.3738,0.3738,109.8528,15.2941,130.9446,0.1202
2849,3331,210.12,15.68,252.93,160.65,0.7671,0.7671,5.6911,7.7235,0.0,0.5091
2849,3398,275.32,24.88,332.99,155.92,0.6436,0.6436,6.1923,17.3485,0.0,0.4193
2849,3135,54.6,32.51,100.15,168.53,0.3667,0.3667,5.4509,14.8036,0.0,0.2404
2850,3331,205.84,15.56,248.93,160.44,0.7627,0.7627,5.6941,7.1601,0.0,0.5065
2850,3398,277.65,25.23,334.12,156.13,0.4131,0.4131,6.1884,17.5759,0.0,0.269
2850,3135,54.84,33.17,101.89,176.47,0.603,0.603,5.1019,14.9618,18.4552,0.3848
2851,3331,202.86,15.71,246.68,161.03,0.7285,0.7285,5.6593,6.8411,0.0,0.4839
2851,3398,276.54,25.14,332.11,155.73,0.5449,0.5449,6.2041,17.3682,0.0,0.355
2851,3135,54.62,33.87,103.91,187.7,0.5264,0.5264,4.6746,15.3775,19.9863,0.3569
2851,3219,319.17,32.23,360.0,148.8,0.4253,0.2127,6.8312,21.7956,165.9202,0.0658
2852,3331,198.25,16.15,243.34,161.55,0.8052,0.8052,5.6264,6.347,0.0,0.5352
2852,3398,278.5,25.85,332.99,156.73,0.458,0.458,6.1533,17.5655,0.0,0.2982
2852,3135,57.38,34.33,107.31,190.83,0.6235,0.6235,4.5584,15.1768,25.8039,0.4244
2852,3219,319.28,32.21,360.0,148.27,0.3684,0.1842,6.8675,21.8006,0.0,0.1184
2853,3331,196.39,16.41,242.54,161.57,0.771,0.771,5.6234,6.1753,0.0,0.5125
2853,3398,275.6,25.15,329.72,156.15,0.4485,0.4485,6.172,17.1566,0.0,0.2923
2853,3135,61.43,35.14,112.38,192.64,0.5186,0.5186,4.4857,14.7392,0.0,0.3756
2853,3219,319.12,32.56,360.0,148.75,0.3303,0.1651,6.8344,21.7924,0.0,0.1062
2854,3331,195.02,16.42,242.34,162.06,0.8594,0.8594,5.5976,6.1028,0.0,0.5713
2854,3398,270.34,24.87,325.07,156.49,0.4397,0.4397,6.1299,16.5132,0.0,0.2871
2854,3135,60.27,35.46,111.55,195.39,0.7847,0.7847,4.4007,15.0306,0.0,0.5769
2854,3219,316.16,32.5,360.0,160.75,0.3496,0.1748,6.0972,21.71,15.5819,0.1103
2855,3331,194.43,15.96,242.49,160.85,0.8721,0.8721,5.6584,6.0036,0.0,0.5798
2855,3398,268.19,24.76,323.12,155.87,0.6289,0.6289,6.1562,16.2353,0.0,0.4109
2855,3135,60.2,35.85,110.5,194.71,0.7202,0.7202,4.4237,15.0532,0.0,0.5272
2855,3219,320.66,32.57,360.0,157.02,0.3201,0.16,6.3204,21.944,163.644,0.0495
2856,3331,194.17,14.95,242.18,156.77,0.8262,0.8262,5.8738,5.7572,163.7905,0.274
2856,3398,274.92,24.9,329.15,158.08,0.6714,0.6714,6.06,17.1021,47.2093,0.3659
2856,3135,60.97,36.0,111.07,195.4,0.7378,0.7378,4.4001,15.0183,0.0,0.5425
2856,3219,323.06,32.67,360.0,153.29,0.2012,0.1006,6.5522,22.0599,165.1925,0.0311
2857,3331,193.19,14.11,241.43,154.78,0.8052,0.8052,5.9834,5.5557,162.6195,0.2671
2857,3398,269.92,24.64,324.12,156.48,0.6768,0.6768,6.1274,16.4231,130.6256,0.2164
2857,3135,59.36,35.41,108.29,195.01,0.71,0.71,4.4185,15.252,0.0,0.52
2857,3219,324.26,32.52,360.0,153.84,0.212,0.106,6.5218,22.1377,0.0,0.0681
2858,3331,191.59,13.61,240.06,154.06,0.7871,0.7871,6.0223,5.3245,0.0,0.5236
2858,3398,269.49,24.65,323.23,155.39,0.582,0.582,6.1871,16.3217,0.0,0.3802
2858,3135,63.04,35.09,105.14,171.87,0.4351,0.4351,5.2775,14.0447,162.1015,0.1407
2859,3331,190.43,12.69,239.3,154.01,0.6504,0.6504,6.0238,5.1912,0.0,0.4327
2859,3398,267.11,24.56,321.11,154.89,0.5718,0.5718,6.2062,16.0189,0.0,0.3738
2859,3135,61.49,34.76,107.22,185.34,0.2437,0.2437,4.7426,14.6265,19.7368,0.1634
2860,3331,187.79,11.61,237.04,154.12,0.79,0.79,6.0141,4.8615,0.0,0.5257
2860,3398,264.18,24.24,319.21,155.73,0.7124,0.7124,6.147,15.711,0.0,0.4661
2860,3135,64.05,34.56,111.81,192.35,0.6504,0.6504,4.4923,14.5992,22.3263,0.4544
2860,3219,325.54,32.61,360.0,149.33,0.3711,0.1855,6.8157,22.1905,165.9871,0.0573
2861,3331,185.56,11.41,234.39,153.35,0.5039,0.5039,6.0555,4.4967,0.0,0.3354
2861,3398,268.61,24.24,320.17,147.5,0.5361,0.5361,6.6698,15.9944,165.317,0.1718
2861,3135,65.54,34.84,114.09,195.88,0.6318,0.6318,4.3747,14.6058,23.0414,0.4503
2861,3219,327.16,32.63,360.0,147.25,0.3477,0.1739,6.963,22.2833,165.8624,0.0536
2862,3331,182.59,10.7,231.17,153.18,0.7695,0.7695,6.0618,4.0693,0.0,0.5124
2862,3398,263.1,24.11,317.44,152.27,0.7378,0.7378,6.346,15.4807,18.2628,0.4706
2862,3135,67.5,35.05,115.49,194.54,0.5928,0.5928,4.4123,14.32,0.0,0.4355
2863,3331,179.73,10.26,227.73,153.23,0.7627,0.7627,6.0556,3.649,0.0,0.508
2863,3398,266.05,23.77,318.72,148.03,0.6021,0.6021,6.6252,15.7307,164.5681,0.1932
2863,3135,73.72,34.48,114.17,163.3,0.5244,0.5244,5.646,12.4561,163.1057,0.1707
2863,3219,327.37,32.07,360.0,143.33,0.3381,0.1691,7.2475,22.2924,166.7658,0.0521
2864,3398,261.14,23.09,316.68,152.63,0.7627,0.7627,6.3182,15.3035,17.6203,0.4875
2864,3135,72.11,35.05,119.04,184.76,0.4187,0.4187,4.7315,13.2141,19.7666,0.2822
2865,3398,259.3,22.48,316.02,153.94,0.7886,0.7886,6.2343,15.1521,0.0,0.5166
2865,3135,77.03,35.49,117.66,160.05,0.6387,0.6387,5.8017,11.9085,163.5517,0.2083
2865,3331,173.69,8.96,220.47,152.61,0.5029,0.5029,6.0863,2.7428,106.1719,0.1674
2865,3219,327.44,31.45,360.0,144.08,0.3577,0.1789,7.1917,22.2965,0.0,0.1148
2866,3398,257.74,21.86,315.22,154.63,0.6714,0.6714,6.1888,15.0038,0.0,0.44
2866,3135,80.27,36.05,118.5,149.43,0.458,0.458,6.4082,11.4404,164.7346,0.1496
2867,3398,257.67,20.54,315.0,153.42,0.5303,0.5303,6.2597,14.9692,0.0,0.3475
2867,3135,82.99,36.36,115.06,127.99,0.3132,0.3132,8.106,11.6807,168.1488,0.1022
2867,3219,321.78,30.42,359.27,150.64,0.5068,0.2534,6.715,21.9199,14.9702,0.16
2868,3398,256.49,20.14,314.48,155.17,0.7598,0.7598,6.1533,14.8786,16.5183,0.4876
2868,3219,319.92,29.96,358.5,151.97,0.6689,0.3345,6.6212,21.765,0.0,0.215
2869,3398,254.99,19.45,313.73,157.03,0.8296,0.8296,6.0428,14.7573,17.4486,0.5312
2869,3219,320.23,30.37,357.96,147.67,0.6299,0.315,6.9052,21.7313,166.0735,0.0975
2870,3398,254.82,19.27,313.1,156.54,0.8125,0.8125,6.0688,14.696,0.0,0.5328
2870,3219,319.88,32.3,358.62,151.97,0.5244,0.2622,6.6214,21.7699,14.5142,0.1658
2870,3331,165.21,15.43,208.63,150.96,0.3523,0.3523,6.1796,1.4082,119.4934,0.1174
2871,3398,254.59,18.77,312.54,156.33,0.6875,0.6875,6.0791,14.6399,0.0,0.4509
2871,3219,319.78,30.44,357.38,143.97,0.627,0.3135,7.166,21.6623,166.4616,0.0971
2871,3331,161.21,29.34,202.39,151.28,0.384,0.384,6.1594,1.0761,0.0,0.256
2872,3398,254.25,18.51,311.9,156.71,0.7568,0.7568,6.0557,14.5807,0.0,0.4964
2872,3219,312.54,30.02,357.7,165.4,0.6772,0.3386,5.8371,21.4151,16.2611,0.2134
2872,3331,159.24,18.11,204.29,151.89,0.7007,0.7007,6.1229,1.1601,0.0,0.4671
2872,3135,89.22,39.05,128.28,149.46,0.7168,0.7168,6.3769,10.1473,15.9803,0.4649
2873,3398,254.48,18.05,311.72,156.2,0.8677,0.8677,6.0846,14.5758,0.0,0.5692
2873,3219,308.39,29.44,356.65,172.95,0.5571,0.2786,5.4654,21.2475,17.6659,0.175
2873,3331,154.68,15.6,201.01,151.25,0.7832,0.7832,6.1612,1.0853,0.0,0.5221
2873,3135,93.01,39.85,133.38,152.86,0.4065,0.4065,6.1565,9.5805,23.0947,0.2583
2874,3398,254.27,17.8,311.26,156.37,0.8423,0.8423,6.0736,14.5338,0.0,0.5525
2874,3219,296.86,28.32,353.63,195.02,0.4016,0.4016,4.5903,21.0855,20.7318,0.272
2874,3331,153.07,14.61,201.24,152.5,0.8101,0.8101,6.0869,1.2861,0.0,0.54
2874,3135,95.72,40.59,136.66,154.06,0.7456,0.7456,6.0784,9.1905,0.0,0.4939
2875,3398,253.52,16.54,310.33,156.42,0.8306,0.8306,6.0675,14.4224,0.0,0.545
2875,3219,298.61,27.28,351.34,179.8,0.4111,0.4111,5.1393,20.5067,161.6001,0.1283
2875,3331,152.32,14.61,201.28,152.42,0.834,0.834,6.0917,1.2924,0.0,0.5559
2875,3135,94.73,41.28,143.76,177.27,0.5518,0.5518,4.9586,9.8424,18.9954,0.3582
2876,3398,253.09,16.76,308.88,156.07,0.8052,0.8052,6.0836,14.2911,0.0,0.5285
2876,3219,302.87,26.95,347.87,153.04,0.5234,0.5234,6.4735,20.0421,165.2471,0.1639
2876,3331,152.06,15.45,201.45,152.4,0.8682,0.8682,6.0929,1.292,0.0,0.5787
2876,3135,96.09,43.41,147.83,185.55,0.8433,0.8433,4.6434,10.1363,20.8314,0.5795
2877,3398,252.83,16.8,307.91,156.21,0.8237,0.8237,6.0733,14.211,0.0,0.5407
2877,3219,298.56,25.88,347.99,163.52,0.4148,0.4148,5.8713,19.9087,16.2219,0.2628
2877,3331,150.91,15.41,200.86,151.84,0.8306,0.8306,6.1262,1.2704,0.0,0.5537
2877,3135,96.64,42.86,150.17,189.08,0.3381,0.3381,4.5194,10.2718,21.8066,0.2372
2878,3398,252.78,17.01,306.99,155.79,0.833,0.833,6.0953,14.1393,0.0,0.5469
2878,3219,288.67,25.52,349.87,197.81,0.4561,0.4561,4.4771,20.5034,20.797,0.3163
2878,3331,148.83,15.01,198.88,149.02,0.8296,0.8296,6.2989,1.1385,161.6554,0.2765
2878,3135,96.75,44.78,151.17,192.04,0.5156,0.5156,4.421,10.4743,0.0,0.3807
2879,3398,252.56,17.29,305.6,154.71,0.7964,0.7964,6.1544,14.0149,0.0,0.523
2879,3219,295.09,24.91,345.18,161.94,0.5293,0.5293,5.9379,19.4864,163.9936,0.1663
2879,3331,146.4,14.51,196.79,146.94,0.5957,0.5957,6.4326,1.2776,158.7984,0.1985
2880,3398,252.57,17.59,304.29,153.36,0.8286,0.8286,6.2313,13.9091,0.0,0.5443
2880,3219,286.23,24.65,347.65,194.66,0.604,0.604,4.5684,20.0876,20.4116,0.4125
2880,3331,144.55,13.86,195.54,145.9,0.7974,0.7974,6.5017,1.4541,0.0,0.5315
2880,3135,98.86,50.08,153.23,194.22,0.626,0.626,4.3482,10.46,0.0,0.4683
2881,3398,252.54,17.34,303.7,153.42,0.8169,0.8169,6.2265,13.8681,0.0,0.5367
2881,3331,142.99,13.68,194.2,143.9,0.8237,0.8237,6.638,1.6363,162.5353,0.2745
2881,3135,99.36,52.78,152.52,191.31,0.3999,0.3999,4.4413,10.2,0.0,0.2943
2882,3398,252.53,17.25,303.33,154.19,0.8394,0.8394,6.1803,13.8529,0.0,0.5515
2882,3331,139.83,12.51,191.6,143.13,0.8203,0.8203,6.6933,2.0529,0.0,0.5467
2882,3219,282.29,24.94,345.45,200.8,0.771,0.771,4.3649,20.0131,22.5425,0.5441
2883,3398,252.59,16.76,303.17,155.23,0.8086,0.8086,6.1197,13.8615,0.0,0.5312
2883,3331,138.04,11.88,189.64,141.15,0.7861,0.7861,6.8364,2.3535,161.2689,0.2618
2883,3219,281.88,25.5,346.32,207.85,0.4006,0.4006,4.1632,20.4053,22.3497,0.2934
2884,3398,252.42,17.14,302.61,156.55,0.7568,0.7568,6.0432,13.8341,0.0,0.4972
2884,3331,135.41,11.8,186.01,138.61,0.5156,0.5156,7.0294,2.8718,159.2923,0.1717
2884,3219,281.94,25.78,344.98,205.84,0.7822,0.7822,4.2169,20.2243,0.0,0.5871
2885,3398,252.02,17.2,301.66,157.42,0.7832,0.7832,5.9921,13.7591,0.0,0.5146
2885,3331,132.77,11.29,183.6,139.21,0.7988,0.7988,6.9859,3.2018,0.0,0.5321
2885,3219,282.68,25.53,344.24,203.1,0.7319,0.7319,4.2954,20.0813,0.0,0.5419
2886,3398,252.1,17.48,301.1,157.93,0.8013,0.8013,5.9631,13.7366,0.0,0.5266
2886,3331,128.35,10.32,179.94,141.79,0.6123,0.6123,6.7991,3.7186,25.4568,0.388
2886,3219,282.71,25.19,343.28,201.62,0.7002,0.7002,4.3372,19.9521,0.0,0.5147
2887,3398,251.84,17.89,300.12,157.74,0.6426,0.6426,5.9713,13.6498,0.0,0.4224
2887,3331,126.25,10.16,177.3,143.06,0.6611,0.6611,6.7114,4.0459,0.0,0.4402
2887,3219,283.98,24.91,343.05,198.78,0.3503,0.3503,4.4249,19.8729,0.0,0.2534
2888,3398,249.16,17.96,297.53,157.85,0.8052,0.8052,5.9557,13.2981,0.0,0.5296
2888,3331,123.99,9.63,174.42,144.49,0.771,0.771,6.6154,4.4111,28.671,0.4817
2888,3219,291.96,24.66,339.36,162.76,0.606,0.606,5.8729,18.9326,163.8506,0.1911
2889,3398,247.5,17.96,295.57,156.02,0.5581,0.5581,6.0512,13.0197,0.0,0.3673
2889,3219,293.63,24.77,333.93,137.3,0.7671,0.7671,7.5334,18.5461,167.1423,0.2424
2890,3398,244.87,17.87,293.54,155.79,0.8315,0.8315,6.0561,12.7005,0.0,0.5476
2890,3219,292.84,24.44,332.78,132.51,0.7251,0.7251,7.946,18.4633,167.4845,0.2293
2890,3331,121.82,9.77,169.97,141.73,0.5889,0.5889,6.8146,4.8931,159.2407,0.1956
2891,3398,248.24,18.16,295.38,152.54,0.5107,0.5107,6.2554,13.0041,161.7309,0.1659
2891,3219,292.16,24.26,332.5,130.87,0.6738,0.6738,8.0965,18.4212,167.399,0.2131
2891,3331,123.32,9.76,165.68,126.59,0.3208,0.3208,8.1085,5.6557,168.1314,0.1064
2892,3398,249.37,18.25,295.74,151.21,0.6494,0.6494,6.3392,13.0898,0.0,0.4273
2892,3219,291.71,24.4,332.29,129.34,0.6978,0.6978,8.2428,18.3994,167.8835,0.2207
2892,3135,115.41,32.08,175.07,195.33,0.5264,0.5264,4.2879,8.8257,59.2362,0.3131
2893,3398,249.64,17.08,295.89,150.65,0.6895,0.6895,6.3747,13.1126,0.0,0.4537
2893,3219,290.3,24.18,331.87,129.43,0.7642,0.7642,8.2281,18.2806,0.0,0.4966
2893,3436,124.61,10.77,162.58,63.93,0.3303,0.3303,32.0843,12.4239,0.0,0.2176
2893,3135,115.06,31.36,171.38,191.22,0.4426,0.4426,4.4199,8.5259,157.0517,0.1801
2894,3398,249.27,17.47,294.95,149.89,0.7334,0.7334,6.4199,13.0166,0.0,0.4827
2894,3219,287.91,24.59,330.0,127.77,0.7319,0.7319,8.3809,18.0318,160.6369,0.232
2894,3436,123.69,11.07,161.74,64.24,0.2935,0.2935,31.6452,12.4358,9.4937,0.192
2894,3437,190.72,36.31,208.37,80.11,0.3943,0.3943,18.3691,9.4999,0.0,0.2611
2894,3331,114.3,10.86,161.92,141.13,0.353,0.353,6.8717,6.0035,15.2837,0.2305
2895,3398,245.29,18.18,291.91,151.41,0.5698,0.5698,6.3124,12.5541,30.4163,0.3492
2895,3219,287.78,24.33,330.51,126.78,0.6353,0.6353,8.4843,18.0728,168.6107,0.2013
2895,3436,123.37,11.81,160.6,63.56,0.3149,0.3149,32.6439,12.5625,175.6575,0.1025
2895,3437,190.72,36.12,208.59,80.47,0.4111,0.4111,18.1952,9.4564,5.6056,0.2715
2896,3398,240.83,18.63,288.58,151.8,0.6689,0.6689,6.2749,12.0272,0.0,0.441
2896,3219,286.25,24.44,329.46,125.39,0.7563,0.7563,8.6235,17.9318,164.2713,0.2399
2896,3437,191.19,35.91,209.07,80.27,0.3477,0.3477,18.2926,9.5029,0.0,0.2302
2896,3135,120.19,33.69,173.25,190.38,0.7056,0.7056,4.4434,8.1368,0.0,0.5204
2897,3398,243.57,18.64,290.99,151.78,0.5747,0.5747,6.2851,12.3785,0.0,0.3787
2897,3219,287.13,24.35,330.5,124.54,0.5659,0.5659,8.7224,18.0713,165.0541,0.1793
2897,3135,120.11,33.55,172.04,188.65,0.5469,0.5469,4.5015,7.9949,0.0,0.3992
2898,3398,241.58,18.59,289.77,153.27,0.6758,0.6758,6.19,12.1797,0.0,0.4455
2898,3219,286.77,24.6,330.09,123.2,0.5117,0.5117,8.8699,18.0488,168.4937,0.1622
2898,3135,125.05,34.25,178.22,189.47,0.7456,0.7456,4.4687,7.645,0.0,0.5477
2898,3331,100.23,14.14,148.17,147.8,0.3667,0.3667,6.4418,7.9742,33.2511,0.2233
2899,3398,240.05,18.98,288.29,153.09,0.7515,0.7515,6.1956,11.9717,0.0,0.4956
2899,3219,286.96,24.58,330.81,124.15,0.6655,0.6655,8.7661,18.0879,12.4828,0.4275
2899,3135,125.46,34.23,177.18,187.09,0.6226,0.6226,4.5492,7.3869,0.0,0.4508
2899,3331,100.67,13.95,146.99,146.75,0.4321,0.4321,6.5113,8.0176,0.0,0.2867
2900,3398,241.84,19.11,289.52,152.93,0.6069,0.6069,6.2102,12.1755,0.0,0.4
2900,3219,286.58,24.47,329.95,122.02,0.5889,0.5889,9.005,18.0529,168.6491,0.1866
2900,3135,127.8,32.72,180.23,187.42,0.6235,0.6235,4.5356,7.2231,0.0,0.4526
2900,3331,97.1,13.88,143.81,151.04,0.6875,0.6875,6.2472,8.5407,19.5895,0.4425
2900,3437,190.94,36.38,208.58,80.15,0.2798,0.2798,18.35,9.5034,0.0,0.1853
2901,3398,240.68,19.06,288.91,154.82,0.7515,0.7515,6.0965,12.0847,16.6826,0.4849
2901,3219,286.22,24.54,330.37,124.08,0.6841,0.6841,8.7699,18.0136,11.0152,0.4407
2901,3135,129.64,31.98,182.99,189.6,0.3577,0.3577,4.4605,7.3336,0.0,0.2632
2901,3331,99.88,13.48,144.04,146.11,0.5166,0.5166,6.5584,8.2765,164.6755,0.1704
2901,3437,190.35,36.28,208.06,80.04,0.3721,0.3721,18.4026,9.4955,0.0,0.2464
2902,3398,240.05,19.62,288.54,156.37,0.7988,0.7988,6.0068,12.0457,0.0,0.5267
2902,3219,285.28,24.45,330.14,125.99,0.5889,0.5889,8.5583,17.9021,11.4757,0.3792
2902,3135,131.27,32.53,181.46,183.42,0.5469,0.5469,4.6738,6.5669,160.0071,0.2049
2902,3331,100.78,13.0,144.5,146.1,0.6621,0.6621,6.5574,8.1809,0.0,0.4392
2902,3437,189.81,36.39,207.67,80.44,0.3557,0.3557,18.2076,9.4235,8.1312,0.2343
2903,3398,239.69,19.71,288.38,157.04,0.7471,0.7471,5.9686,12.0241,0.0,0.4926
2903,3219,286.02,24.24,330.2,121.82,0.5776,0.5776,9.0274,18.0375,169.3342,0.1831
2903,3135,133.24,33.23,180.52,178.02,0.2878,0.2878,4.8757,5.882,160.6685,0.1002
2903,3331,100.28,13.3,144.14,147.3,0.6626,0.6626,6.4791,8.2492,0.0,0.4394
2903,3437,190.31,36.38,208.36,80.72,0.4785,0.4785,18.0754,9.4099,12.7223,0.3129
2904,3398,239.68,19.55,288.07,155.98,0.605,0.605,6.0273,11.9809,0.0,0.3989
2904,3219,286.61,23.95,330.72,119.82,0.3496,0.3496,9.2727,18.1543,169.44,0.1107
2904,3135,137.01,33.96,181.32,172.65,0.395,0.395,5.0915,5.0704,159.939,0.1312
2904,3331,101.64,12.48,147.2,149.31,0.5312,0.5312,6.3449,7.9607,20.8702,0.3408
2904,3437,190.06,35.28,208.5,81.02,0.2213,0.2213,17.9344,9.3676,5.495,0.1462
2905,3398,239.46,19.3,288.03,156.5,0.7065,0.7065,5.9977,11.9736,0.0,0.4659
2905,3219,286.61,24.12,331.43,120.27,0.3081,0.3081,9.2198,18.1889,0.0,0.2003
2905,3135,137.74,34.32,182.76,179.26,0.6318,0.6318,4.8254,5.78,19.6112,0.4226
2905,3331,99.34,11.8,144.29,147.49,0.6567,0.6567,6.4677,8.3062,156.5961,0.2166
2905,3437,190.48,35.86,208.59,80.89,0.272,0.272,17.9957,9.3954,0.0,0.1801
2906,3398,239.38,18.84,287.85,155.94,0.687,0.687,6.0287,11.9448,0.0,0.453
2906,3219,284.5,24.09,329.41,120.77,0.4961,0.4961,9.1447,17.9137,0.0,0.3227
2906,3135,139.64,33.8,182.66,176.06,0.2935,0.2935,4.95,5.3217,160.2964,0.0994
2906,3331,95.6,11.26,139.44,147.13,0.644,0.644,6.5022,8.905,0.0,0.4267
2906,3437,190.86,35.93,208.79,80.51,0.3132,0.3132,18.1764,9.4581,173.3102,0.103
2907,3398,237.27,16.99,285.82,156.47,0.5312,0.5312,5.9923,11.6739,0.0,0.3505
2907,3219,288.1,23.89,331.39,115.67,0.2289,0.2289,9.8234,18.3982,169.326,0.0724
2907,3331,93.8,10.89,137.37,149.03,0.561,0.561,6.3848,9.1923,21.5331,0.3585
2907,3437,191.83,35.88,208.41,76.57,0.2234,0.2234,20.274,9.9955,175.1973,0.0733
2907,3451,254.33,16.8,281.28,48.8,0.5156,0.5156,102.2699,17.9718,0.0,0.3353
2908,3398,236.85,17.21,284.35,155.74,0.5332,0.5332,6.0303,11.5304,0.0,0.3519
2908,3219,282.18,23.33,326.95,117.43,0.5234,0.5234,9.5489,17.6931,24.6271,0.3248
2908,3331,92.14,10.73,134.36,147.52,0.6943,0.6943,6.4884,9.5041,155.8387,0.2283
2908,3437,192.23,36.06,208.23,74.78,0.2539,0.2539,21.3914,10.2386,175.4506,0.0833
2908,3451,254.47,17.42,280.85,48.77,0.3225,0.3225,102.692,17.9619,175.1755,0.1023
2908,3135,146.44,32.89,177.97,133.61,0.5527,0.5527,7.4336,2.9545,167.1104,0.184
2909,3398,236.31,16.57,283.48,156.38,0.687,0.687,5.9921,11.4474,0.0,0.4534
2909,3219,278.67,21.55,325.21,118.44,0.5078,0.5078,9.4,17.3307,23.0284,0.3174
2909,3331,90.49,10.67,132.61,150.65,0.6714,0.6714,6.2946,9.7733,17.4359,0.4341
2909,3437,191.24,35.91,208.52,77.99,0.2935,0.2935,19.4653,9.7965,5.015,0.1939
2909,3135,148.54,30.86,178.26,122.57,0.2966,0.2966,8.5054,3.8841,168.6195,0.0986
2910,3398,236.49,16.88,283.0,156.52,0.7471,0.7471,5.9838,11.4299,0.0,0.4931
2910,3219,279.44,20.74,326.59,119.37,0.3408,0.3408,9.2899,17.4439,16.4136,0.2173
2910,3331,89.28,10.56,130.71,151.9,0.7671,0.7671,6.2227,10.0068,0.0,0.5075
2910,3437,190.16,36.01,207.52,78.72,0.3933,0.3933,19.0716,9.6578,8.8075,0.2588
2910,3135,148.22,29.45,178.4,120.28,0.205,0.205,8.7657,4.1548,169.02,0.0682
2911,3398,235.72,16.48,281.66,157.03,0.7393,0.7393,5.9523,11.2975,0.0,0.4881
2911,3219,277.73,20.31,325.5,119.52,0.5679,0.5679,9.2618,17.2606,0.0,0.3701
2911,3331,88.27,10.5,128.18,149.32,0.7393,0.7393,6.3873,10.2186,162.6848,0.2425
2911,3437,191.06,36.1,207.29,75.35,0.2415,0.2415,21.0201,10.1221,175.3582,0.0792
2912,3398,235.19,16.31,280.34,157.04,0.6538,0.6538,5.9489,11.1717,0.0,0.4317
2912,3219,265.42,18.67,336.04,171.01,0.6479,0.6479,5.4076,17.2161,17.4802,0.4123
2912,3331,85.07,10.41,125.43,151.56,0.7832,0.7832,6.2573,10.6571,25.5648,0.4921
2912,3437,191.01,35.93,208.39,78.13,0.2407,0.2407,19.3886,9.7706,5.1132,0.159
2913,3398,235.4,17.92,279.1,156.75,0.6387,0.6387,5.9634,11.095,0.0,0.4218
2913,3219,266.5,18.49,335.5,171.34,0.2128,0.2128,5.3939,17.2601,0.0,0.1387
2913,3331,83.34,10.38,123.02,148.98,0.8052,0.8052,6.4245,10.9133,162.0149,0.2635
2913,3437,190.28,35.91,208.38,79.68,0.2974,0.2974,18.5809,9.5487,5.3623,0.1965
2914,3398,235.54,16.86,279.0,157.48,0.5176,0.5176,5.9232,11.1146,0.0,0.3418
2914,3331,80.71,10.56,121.16,151.41,0.7778,0.7778,6.28,11.2492,20.9983,0.4963
2915,3398,232.48,16.65,275.84,157.83,0.5342,0.5342,5.895,10.6997,0.0,0.353
2915,3331,76.97,10.72,118.54,152.86,0.8369,0.8369,6.2028,11.7053,0.0,0.5521
2915,3457,277.28,17.83,323.7,112.25,0.396,0.396,10.2495,17.3324,0.0,0.258
2915,3451,250.52,16.28,276.93,48.53,0.3452,0.3452,106.0586,17.6429,164.2915,0.1097
2915,3219,267.42,18.34,332.94,166.54,0.4561,0.4561,5.6136,17.0275,162.6932,0.1454
2916,3398,231.19,16.48,274.43,158.43,0.7334,0.7334,5.8587,10.5316,0.0,0.4848
2916,3331,74.71,10.78,117.67,155.62,0.8638,0.8638,6.0475,11.9652,18.3687,0.5549
2916,3451,248.51,16.55,274.46,48.57,0.2546,0.2546,105.3364,17.4478,37.6464,0.1482
2916,3219,269.35,18.01,331.99,162.8,0.4697,0.4697,5.8018,17.0079,163.6497,0.1497
2916,3437,191.41,35.97,207.82,75.23,0.2712,0.2712,21.0978,10.1548,175.3869,0.089
2917,3398,231.96,17.44,274.19,157.44,0.7271,0.7271,5.9132,10.5419,0.0,0.4806
2917,3331,73.97,11.01,117.28,155.17,0.8442,0.8442,6.075,12.0338,0.0,0.5566
2917,3451,247.59,17.45,272.76,48.49,0.3701,0.3701,106.4996,17.3451,164.3882,0.1178
2917,3437,191.95,35.96,208.59,74.92,0.2006,0.2006,21.2998,10.2215,169.4394,0.0658
2917,3135,157.39,31.25,186.16,113.4,0.4961,0.4961,9.6409,4.5376,164.2774,0.1648
2917,3457,272.39,17.15,331.96,139.02,0.4243,0.4243,7.3277,17.0276,13.1769,0.2729
2918,3398,232.59,17.44,274.21,157.15,0.6416,0.6416,5.93,10.5791,0.0,0.4241
2918,3331,71.74,11.08,116.01,155.07,0.7822,0.7822,6.0866,12.27,0.0,0.5155
2918,3219,269.99,18.09,332.01,164.69,0.4961,0.4961,5.7078,17.0906,0.0,0.3234
2919,3398,233.46,17.9,274.38,157.22,0.606,0.606,5.9277,10.6518,0.0,0.4005
2919,3331,72.6,12.03,116.84,154.17,0.8516,0.8516,6.1358,12.1398,0.0,0.5614
2919,3457,269.86,17.52,335.22,152.92,0.3293,0.3293,6.3625,17.1047,15.032,0.2109
2920,3398,228.84,17.05,270.7,157.24,0.7217,0.7217,5.915,10.0856,0.0,0.4774
2920,3331,71.18,12.11,116.75,156.51,0.7456,0.7456,6.0047,12.2845,16.8349,0.4807
2920,3457,268.71,17.99,333.63,153.9,0.2681,0.2681,6.2969,16.9354,0.0,0.1749
2920,3219,279.36,17.68,324.66,121.8,0.4609,0.4609,8.9892,17.2552,169.2771,0.1467
2921,3398,226.38,16.83,269.15,157.43,0.8184,0.8184,5.8992,9.8166,0.0,0.5416
2921,3331,71.18,12.23,116.8,154.87,0.7871,0.7871,6.0977,12.2509,0.0,0.5188
2921,3457,267.32,18.21,334.04,159.63,0.5981,0.5981,5.9689,16.9504,15.8979,0.3824
2922,3398,223.44,20.01,266.57,157.5,0.811,0.811,5.8882,9.4412,0.0,0.537
2922,3331,69.74,12.55,115.51,153.75,0.834,0.834,6.1675,12.4184,0.0,0.5495
2922,3219,277.59,16.77,327.3,131.77,0.5264,0.5264,7.9518,17.1296,12.147,0.3392
2923,3398,222.33,22.33,266.05,158.18,0.771,0.771,5.8493,9.3498,0.0,0.5106
2923,3331,68.66,12.64,114.55,151.08,0.75,0.75,6.332,12.5225,164.2986,0.2441
2923,3219,279.13,16.24,325.81,122.91,0.4216,0.4216,8.8638,17.2892,169.1158,0.1342
2924,3398,220.69,21.21,266.06,159.74,0.7349,0.7349,5.7644,9.2887,0.0,0.4867
2924,3331,67.25,12.32,113.71,149.32,0.7422,0.7422,6.4465,12.6592,163.269,0.2414
2924,3219,276.81,16.11,327.5,132.64,0.498,0.498,7.8702,17.0808,12.2001,0.3209
2924,3135,152.1,23.9,198.76,164.65,0.6772,0.6772,5.4431,3.0322,17.3828,0.4408
2925,3398,219.86,21.59,265.98,160.04,0.7051,0.7051,5.7476,9.2373,0.0,0.467
2925,3331,62.43,11.91,113.02,160.76,0.7671,0.7671,5.7962,13.2189,17.0156,0.4934
2925,3219,276.63,16.09,328.55,136.51,0.7822,0.7822,7.5347,17.0987,12.9203,0.5033
2925,3135,153.41,23.99,199.14,168.53,0.708,0.708,5.2633,3.556,18.2843,0.4596
2926,3398,219.48,22.49,265.93,160.32,0.7559,0.7559,5.7326,9.2179,0.0,0.5007
2926,3331,60.62,11.65,110.67,157.23,0.6362,0.6362,5.9936,13.4219,162.4387,0.2063
2926,3219,276.3,15.98,328.05,136.45,0.4902,0.4902,7.5375,17.0449,0.0,0.3196
2926,3135,154.84,23.98,198.39,165.79,0.585,0.585,5.389,3.1613,162.3607,0.1947
2927,3398,218.97,22.84,265.79,160.42,0.644,0.644,5.7266,9.1775,0.0,0.4266
2927,3331,57.74,11.85,109.92,162.99,0.7583,0.7583,5.6954,13.7945,17.6845,0.4863
2927,3219,276.7,16.0,328.07,136.23,0.5659,0.5659,7.5571,17.0742,0.0,0.369
2927,3135,155.9,24.3,197.89,164.18,0.6982,0.6982,5.4654,2.9275,0.0,0.4652
2928,3398,217.94,23.03,265.16,160.82,0.8125,0.8125,5.704,9.0798,0.0,0.5383
2928,3331,55.53,11.83,105.94,157.45,0.8086,0.8086,5.9996,14.0845,162.6648,0.2614
2928,3219,275.71,16.27,328.49,141.41,0.5981,0.5981,7.1418,17.0081,13.3923,0.3846
2928,3135,155.75,24.61,197.32,166.31,0.6113,0.6113,5.3647,3.2365,17.8236,0.3974
2929,3398,217.24,23.36,264.57,160.95,0.7559,0.7559,5.6958,8.9976,0.0,0.5008
2929,3331,52.64,12.01,102.43,156.32,0.7393,0.7393,6.0753,14.4929,0.0,0.485
2929,3219,278.11,16.38,326.34,129.96,0.5205,0.5205,8.1219,17.1263,168.1546,0.1658
2929,3135,157.04,24.49,198.4,166.07,0.3416,0.3416,5.3757,3.1807,0.0,0.2276
2930,3398,220.99,25.33,265.05,154.39,0.4534,0.4534,6.0574,9.0888,163.7738,0.1492
2930,3331,51.72,12.07,97.28,143.59,0.7017,0.7017,6.8997,14.8016,165.9842,0.2261
2930,3219,277.37,16.85,327.19,134.57,0.5938,0.5938,7.6989,17.0757,12.4965,0.3825
2930,3135,159.62,25.01,193.46,137.71,0.6226,0.6226,7.0908,1.0301,166.5079,0.2075
2930,3437,189.65,35.9,208.68,79.33,0.3999,0.3999,18.7569,9.5889,5.3266,0.2642
2931,3398,219.08,23.39,263.92,155.2,0.4187,0.4187,6.0073,8.8985,0.0,0.2775
2931,3331,48.91,12.0,96.59,149.97,0.3896,0.3896,6.4763,15.0582,15.4871,0.2506
2931,3219,277.65,16.7,326.68,132.91,0.5117,0.5117,7.8457,17.0789,167.6562,0.163
2931,3135,160.54,24.93,191.58,126.18,0.3337,0.3337,8.1169,2.6172,168.1622,0.1111
2932,3398,216.87,23.42,262.64,158.29,0.6333,0.6333,5.8328,8.7483,18.1031,0.4093
2932,3331,46.72,11.98,94.79,152.62,0.7974,0.7974,6.3202,15.348,19.3467,0.5071
2932,3219,277.95,16.84,326.19,131.76,0.5449,0.5449,7.9506,17.0808,167.792,0.1736
2932,3135,162.53,25.41,188.66,105.71,0.2401,0.2401,10.8479,5.514,171.0917,0.0797
2933,3398,215.74,22.96,261.59,159.55,0.5117,0.5117,5.7634,8.6433,0.0,0.3392
2933,3331,44.89,12.04,92.57,153.27,0.7178,0.7178,6.2898,15.624,0.0,0.4697
2933,3219,277.2,16.72,326.79,135.61,0.3999,0.3999,7.6075,17.0285,12.6156,0.2575
2933,3135,157.64,24.78,195.87,144.3,0.6279,0.6279,6.6078,0.4676,14.4331,0.412
2934,3398,214.38,22.34,260.33,160.68,0.6567,0.6567,5.7017,8.5086,0.0,0.4354
2934,3331,42.66,12.27,92.43,162.42,0.7871,0.7871,5.7866,15.9294,16.6696,0.5036
2934,3219,275.36,16.3,328.67,146.72,0.4951,0.4951,6.7597,16.9973,14.1566,0.3178
2934,3135,156.15,24.56,197.57,156.98,0.542,0.542,5.8337,1.9157,16.247,0.354
2935,3398,214.04,22.26,259.54,160.54,0.5371,0.5371,5.7077,8.427,0.0,0.3561
2935,3331,41.99,12.9,92.07,166.37,0.7217,0.7217,5.5922,16.0898,17.2197,0.4609
2935,3219,276.89,16.07,327.51,141.14,0.7349,0.7349,7.1629,17.022,166.6368,0.2342
2935,3135,155.41,23.72,198.33,164.29,0.5137,0.5137,5.4601,2.9436,17.2938,0.3345
2936,3398,213.88,21.97,259.16,160.94,0.6279,0.6279,5.6865,8.4065,0.0,0.4164
2936,3331,42.08,13.23,90.63,163.4,0.7407,0.7407,5.7415,16.1064,163.3439,0.2372
2936,3219,277.16,15.3,326.94,139.4,0.6602,0.6602,7.2969,17.0093,166.7281,0.2104
2936,3135,155.41,24.09,198.3,167.6,0.6699,0.6699,5.3053,3.4126,17.7677,0.4356
2937,3398,213.55,22.3,258.24,161.18,0.584,0.584,5.6729,8.3323,0.0,0.3873
2937,3331,41.88,13.82,90.16,164.49,0.4341,0.4341,5.6882,16.1751,0.0,0.2837
2937,3219,273.56,14.56,330.43,160.27,0.7808,0.7808,5.9403,17.1324,16.0107,0.4989
2937,3135,157.92,24.16,197.7,157.24,0.6558,0.6558,5.8195,1.9251,163.6483,0.2185
2938,3398,213.59,22.17,258.15,161.63,0.686,0.686,5.65,8.3478,0.0,0.4549
2938,3331,41.41,14.22,89.42,165.23,0.54,0.54,5.6542,16.2714,0.0,0.3528
2938,3219,273.05,14.29,330.64,165.56,0.7754,0.7754,5.6684,17.2192,16.713,0.4944
2938,3135,158.99,24.33,199.6,160.46,0.3174,0.3174,5.65,2.3629,18.3311,0.2061
2939,3398,213.19,22.4,257.47,161.42,0.7334,0.7334,5.6595,8.2665,0.0,0.4864
2939,3331,40.56,14.65,88.71,167.7,0.7949,0.7949,5.5384,16.4351,18.2139,0.5058
2939,3219,273.82,14.01,329.75,163.91,0.8359,0.8359,5.7502,17.1752,0.0,0.5448
2939,3135,159.55,25.28,200.48,162.6,0.771,0.771,5.5423,2.6673,17.9349,0.5012
2940,3398,212.98,21.55,257.7,162.72,0.645,0.645,5.5942,8.3246,0.0,0.4277
2940,3331,39.47,15.26,88.2,172.09,0.8608,0.8608,5.3411,16.6644,18.1726,0.5475
2940,3219,274.54,13.65,328.98,161.99,0.71,0.71,5.8485,17.1332,0.0,0.4628
2940,3135,159.46,25.05,200.55,163.39,0.667,0.667,5.5035,2.7804,0.0,0.4444
2941,3398,212.18,20.87,257.81,165.87,0.6538,0.6538,5.4407,8.4318,17.395,0.4235
2941,3331,38.94,16.04,87.21,173.18,0.8315,0.8315,5.2964,16.7957,0.0,0.5425
2941,3219,275.5,13.34,327.64,157.5,0.8618,0.8618,6.0902,17.033,164.3039,0.2747
2941,3135,161.25,24.26,199.81,153.01,0.5059,0.5059,6.0569,1.295,164.3033,0.1686
2941,3469,214.04,20.7,256.44,79.48,0.3408,0.3408,18.8345,12.0099,0.0,0.2247
2942,3398,210.05,20.24,255.32,167.24,0.4854,0.4854,5.3722,8.2069,0.0,0.3219
2942,3331,38.6,16.6,86.78,175.1,0.8384,0.8384,5.2158,16.9076,0.0,0.5469
2942,3219,275.77,13.35,326.86,156.59,0.8638,0.8638,6.1406,16.987,0.0,0.5633
2942,3135,167.78,23.84,197.02,116.23,0.4131,0.4131,9.2569,3.9935,169.5813,0.1374
2942,3469,211.05,20.57,253.82,80.06,0.2991,0.2991,18.527,11.7011,23.1974,0.1893
2943,3398,209.15,18.81,254.12,167.56,0.7129,0.7129,5.3554,8.0906,0.0,0.4729
2943,3331,38.43,17.08,86.98,178.09,0.7285,0.7285,5.0923,17.0108,18.502,0.4625
2943,3219,275.49,12.97,326.59,158.59,0.7949,0.7949,6.0272,16.9804,15.7746,0.5084
2943,3135,165.58,22.95,201.42,137.63,0.3416,0.3416,7.0971,1.0429,13.4892,0.2246
2944,3398,209.46,20.47,253.79,168.76,0.605,0.605,5.3008,8.1608,0.0,0.4013
2944,3331,39.21,17.99,84.12,166.79,0.71,0.71,5.5939,16.7955,163.0941,0.2266
2944,3219,276.02,12.93,325.86,156.74,0.7114,0.7114,6.1303,16.9401,164.3818,0.2268
2944,3135,165.02,21.9,202.33,142.95,0.5332,0.5332,6.7017,0.5485,14.2423,0.35
2945,3398,210.13,19.74,255.75,173.99,0.5957,0.5957,5.0767,8.6648,19.2097,0.3838
2945,3331,37.0,18.41,84.86,179.25,0.7725,0.7725,5.0526,17.2768,18.7471,0.4897
2945,3219,276.13,12.93,325.3,156.7,0.7319,0.7319,6.1315,16.9101,0.0,0.4774
2945,3135,170.28,22.26,200.03,113.41,0.4341,0.4341,9.6382,4.4428,169.9861,0.1443
2946,3398,209.67,21.01,254.33,174.21,0.7271,0.7271,5.0659,8.5658,0.0,0.482
2946,3331,37.84,18.84,82.72,169.65,0.6001,0.6001,5.4653,17.0487,162.7207,0.1912
2946,3219,276.27,12.57,325.01,156.74,0.7334,0.7334,6.1289,16.9009,0.0,0.4784
2946,3135,166.61,21.72,203.53,135.96,0.6133,0.6133,7.2307,1.3638,13.2304,0.4034
2947,3398,209.58,18.39,252.24,166.4,0.6479,0.6479,5.4079,7.9307,162.3073,0.2139
2947,3331,35.92,19.36,82.85,178.65,0.2798,0.2798,5.0826,17.4487,18.7495,0.1773
2947,3219,276.44,12.53,324.32,155.61,0.7485,0.7485,6.1926,16.8519,0.0,0.4883
2947,3135,166.47,21.78,205.17,142.0,0.3354,0.3354,6.7697,0.8831,14.2069,0.2202
2948,3398,210.51,21.12,250.72,161.48,0.4026,0.4026,5.647,7.6389,163.1785,0.133
2948,3331,37.05,18.9,80.22,164.25,0.3303,0.3303,5.7313,17.1281,163.4737,0.1052
2948,3219,276.55,11.97,323.74,154.12,0.4475,0.4475,6.279,16.8035,0.0,0.292
2948,3135,165.98,21.92,204.96,144.21,0.4707,0.4707,6.6144,0.7855,14.5782,0.3087
2949,3398,209.32,22.73,248.71,160.2,0.2194,0.2194,5.7095,7.3673,0.0,0.1457
2949,3331,36.59,19.25,79.42,162.44,0.6665,0.6665,5.8262,17.1724,0.0,0.4344
2949,3219,276.2,12.12,322.91,153.34,0.3774,0.3774,6.323,16.7179,0.0,0.2463
2949,3135,166.1,22.01,205.04,145.45,0.5776,0.5776,6.5302,0.8259,0.0,0.385
2950,3398,208.96,23.5,248.14,159.75,0.5527,0.5527,5.7321,7.2851,0.0,0.367
2950,3331,35.33,18.9,79.93,167.47,0.6724,0.6724,5.5783,17.332,17.1239,0.4282
2950,3219,275.64,12.3,322.19,153.5,0.647,0.647,6.3104,16.6355,0.0,0.4223
2950,3135,166.99,22.61,205.66,145.57,0.6958,0.6958,6.5224,0.9351,0.0,0.4638
2951,3398,208.72,23.32,248.09,160.54,0.6177,0.6177,5.6909,7.3009,0.0,0.4101
2951,3331,35.61,18.95,77.99,157.67,0.7256,0.7256,6.0882,17.2477,164.3986,0.231
2951,3219,276.62,12.82,321.86,150.85,0.6768,0.6768,6.4751,16.6543,165.2761,0.2161
2951,3135,167.28,22.37,205.91,145.63,0.6665,0.6665,6.5185,0.9748,0.0,0.4443
2952,3398,207.19,23.6,248.8,169.26,0.603,0.603,5.2719,7.7359,17.8748,0.3905
2952,3331,35.6,19.21,77.69,155.05,0.6494,0.6494,6.2391,17.2337,164.7556,0.2067
2952,3219,276.25,12.37,321.75,152.37,0.5972,0.5972,6.3794,16.6355,0.0,0.3898
2952,3135,168.99,21.57,207.3,145.68,0.4426,0.4426,6.5156,1.1933,0.0,0.295
2953,3398,204.76,22.97,248.4,176.67,0.5659,0.5659,4.9567,8.1101,19.15,0.3682
2953,3331,35.13,19.51,76.94,152.53,0.627,0.627,6.3932,17.2873,164.9465,0.1996
2953,3219,274.55,11.86,320.32,153.02,0.373,0.373,6.3325,16.436,0.0,0.2436
2953,3135,169.01,19.8,207.71,145.74,0.6177,0.6177,6.5117,1.2252,0.0,0.4118
2954,3398,204.22,23.44,247.89,177.54,0.603,0.603,4.9213,8.1212,0.0,0.4063
2954,3331,34.35,18.76,76.82,151.85,0.4736,0.4736,6.4374,17.3401,0.0,0.3086
2954,3219,273.5,11.95,319.09,152.89,0.3513,0.3513,6.3352,16.2845,0.0,0.2295
2954,3135,168.54,17.94,207.75,145.71,0.7153,0.7153,6.5136,1.1942,0.0,0.4768
2954,3478,214.77,24.05,238.1,48.65,0.3774,0.3774,102.7946,14.876,0.0,0.2474
2954,3479,274.87,12.35,317.78,95.12,0.4397,0.4397,13.6246,17.538,0.0,0.2863
2955,3398,203.73,23.53,248.02,179.82,0.6074,0.6074,4.8327,8.294,0.0,0.4164
2955,3331,35.87,18.34,74.78,135.96,0.6226,0.6226,7.5928,17.3757,167.3576,0.1981
2955,3135,167.93,16.9,207.24,146.11,0.6577,0.6577,6.4868,1.1297,0.0,0.4384
2955,3479,274.68,11.51,316.42,91.91,0.5117,0.5117,14.513,17.6125,173.0153,0.1626
2956,3398,206.41,24.29,246.7,166.1,0.4321,0.4321,5.4142,7.3548,162.5652,0.1428
2956,3331,31.69,18.11,77.95,157.64,0.4609,0.4609,6.0991,17.5046,15.6483,0.2945
2956,3135,169.25,16.67,208.02,146.22,0.5146,0.5146,6.4799,1.2793,0.0,0.343
2956,3479,275.76,10.67,317.02,90.32,0.5581,0.5581,15.0087,17.798,172.9578,0.1771
2956,3219,273.17,10.6,318.83,153.89,0.2561,0.2561,6.2737,16.2563,0.0,0.1673
2956,3478,214.89,24.52,237.67,48.56,0.2502,0.2502,104.1247,14.8778,178.0793,0.0806
2957,3398,202.26,22.57,248.05,187.03,0.4387,0.4387,4.5707,8.8793,20.4148,0.3066
2957,3331,30.09,18.22,79.17,166.23,0.7124,0.7124,5.651,17.6877,16.8205,0.4535
2957,3135,170.07,17.07,208.16,146.03,0.6133,0.6133,6.4927,1.3399,0.0,0.4088
2957,3479,276.35,11.34,317.41,91.04,0.2776,0.2776,14.7889,17.817,8.1653,0.1797
2957,3219,272.53,11.28,317.17,152.75,0.4844,0.4844,6.3371,16.0924,0.0,0.3166
2957,3478,213.99,24.3,236.8,48.47,0.363,0.363,105.469,14.8373,170.5642,0.117
2958,3398,204.2,21.82,245.13,169.55,0.4495,0.4495,5.2534,7.3438,162.0413,0.1486
2958,3331,29.76,18.43,77.82,161.99,0.7168,0.7168,5.8685,17.7086,163.7542,0.2276
2958,3135,171.13,17.15,208.72,145.74,0.4253,0.4253,6.5123,1.4457,0.0,0.2835
2958,3479,273.51,11.38,313.6,88.93,0.2101,0.2101,15.4328,17.5415,167.8385,0.0668
2959,3398,205.26,23.02,243.4,160.76,0.501,0.501,5.6723,6.7694,163.2816,0.1658
2959,3331,27.26,18.72,79.21,174.13,0.7656,0.7656,5.2953,18.0739,17.9249,0.4854
2959,3135,171.99,18.03,208.82,145.96,0.5757,0.5757,6.4979,1.5191,0.0,0.3837
2959,3219,270.61,10.69,315.03,153.04,0.4321,0.4321,6.3104,15.8269,0.0,0.2826
2960,3331,26.12,18.91,79.65,179.1,0.6206,0.6206,5.0904,18.278,18.6546,0.3924
2960,3135,173.21,18.29,209.41,145.28,0.3604,0.3604,6.5438,1.633,0.0,0.2402
2960,3219,270.57,10.18,313.51,149.41,0.3074,0.3074,6.5334,15.6925,164.877,0.0986
2960,3478,215.23,24.19,238.21,48.51,0.3225,0.3225,104.8936,14.9096,30.3584,0.1966
2961,3331,26.97,19.71,75.8,164.19,0.7026,0.7026,5.7666,18.0601,163.5725,0.2227
2961,3219,271.75,10.19,313.68,149.05,0.4177,0.4177,6.5598,15.7799,0.0,0.2732
2961,3478,214.88,24.08,237.77,48.42,0.6226,0.6226,106.2717,14.8973,175.7379,0.2006
2961,3398,203.28,23.35,242.87,168.37,0.4446,0.4446,5.3038,7.0662,17.9238,0.2881
2962,3331,25.03,19.93,76.49,172.23,0.541,0.541,5.389,18.3317,17.7061,0.343
2962,3219,271.34,9.92,313.13,150.61,0.5254,0.5254,6.4578,15.727,15.09,0.3377
2963,3331,24.61,20.65,75.72,171.37,0.5879,0.5879,5.43,18.3835,0.0,0.3819
2963,3219,273.22,9.45,313.14,146.94,0.6426,0.6426,6.7018,15.8318,165.5602,0.2061
2963,3135,174.97,17.71,210.89,144.69,0.4688,0.4688,6.5846,1.8575,0.0,0.3125
2963,3398,199.78,23.46,242.29,179.66,0.6206,0.6206,4.8318,7.7539,19.5907,0.4138
2964,3331,21.84,21.57,76.29,183.55,0.304,0.304,4.9332,18.9104,19.2665,0.1942
2964,3219,276.84,9.35,315.17,145.45,0.458,0.458,6.8175,16.2024,155.3523,0.1466
2964,3135,175.56,17.46,210.07,139.89,0.627,0.627,6.9274,1.9306,166.205,0.2089
2964,3398,199.05,24.12,242.05,182.29,0.564,0.564,4.7327,7.952,0.0,0.3943
2965,3331,21.47,22.45,74.92,181.57,0.6216,0.6216,5.0124,18.946,0.0,0.4032
2965,3219,273.05,8.87,310.95,145.11,0.6704,0.6704,6.8221,15.6706,0.0,0.4386
2965,3135,176.32,17.04,210.91,140.94,0.3999,0.3999,6.85,2.0017,0.0,0.2665
2965,3398,198.99,24.36,240.86,177.36,0.625,0.625,4.9195,7.4244,160.7301,0.2133
2966,3331,21.42,23.61,73.53,177.96,0.563,0.563,5.159,18.9141,161.669,0.1775
2966,3219,271.32,8.49,308.22,142.3,0.3989,0.3989,7.0134,15.3745,162.1216,0.1282
2966,3135,178.05,16.93,210.86,135.69,0.4253,0.4253,7.2571,2.3913,166.6728,0.1416
2966,3398,197.22,24.34,239.98,179.77,0.5747,0.5747,4.8244,7.5088,0.0,0.3949
2967,3331,21.13,24.14,71.69,172.3,0.7544,0.7544,5.405,18.8817,162.4684,0.2379
2967,3219,271.83,8.22,307.94,141.45,0.4688,0.4688,7.0772,15.392,0.0,0.3069
2967,3135,178.21,16.56,211.28,135.08,0.582,0.582,7.3075,2.4715,0.0,0.3878
2967,3398,196.8,24.77,238.35,172.62,0.5776,0.5776,5.11,6.7469,161.3574,0.1912
2968,3331,20.18,25.16,70.87,171.91,0.6792,0.6792,5.4264,18.9827,0.0,0.4405
2968,3219,272.14,8.24,307.01,138.6,0.7202,0.7202,7.296,15.3645,166.6942,0.2315
2968,3135,180.71,17.08,212.33,131.7,0.606,0.606,7.5994,2.953,165.8929,0.2017
2968,3478,214.24,24.64,236.42,48.51,0.3774,0.3774,104.8543,14.8287,10.1956,0.2454
2969,3331,23.23,26.18,65.58,141.7,0.4746,0.4746,7.1946,18.7608,166.6913,0.1498
2969,3219,270.94,8.14,306.52,142.61,0.5889,0.5889,6.9857,15.2351,13.7953,0.38
2969,3398,192.36,24.97,236.14,176.29,0.6523,0.6523,4.9548,6.7239,24.3497,0.418
2970,3331,15.48,26.93,72.07,182.31,0.6689,0.6689,5.0023,19.5158,18.8569,0.4212
2970,3219,271.2,8.3,305.67,139.65,0.7051,0.7051,7.2078,15.2061,166.5576,0.2268
2970,3135,183.01,16.25,212.92,125.61,0.4358,0.4358,8.1831,3.6842,167.9781,0.145
2971,3331,14.16,27.37,71.48,183.86,0.7031,0.7031,4.9473,19.687,0.0,0.46
2971,3219,272.1,8.34,305.72,137.98,0.6782,0.6782,7.3423,15.2801,166.7054,0.2181
2971,3398,182.8,18.52,230.21,182.27,0.6353,0.6353,4.718,6.6505,29.8816,0.4178
2972,3331,10.95,26.97,73.23,197.88,0.5,0.5,4.4696,20.3468,21.0028,0.3472
2972,3219,270.63,8.46,304.96,141.8,0.7515,0.7515,7.0411,15.1119,13.8615,0.485
2972,3398,182.04,22.12,233.13,194.0,0.6982,0.6982,4.3223,8.1396,21.5906,0.5099
2973,3331,13.31,27.23,63.36,159.24,0.6177,0.6177,6.0914,19.6398,164.4064,0.1939
2973,3219,271.24,8.41,304.66,138.88,0.6875,0.6875,7.2658,15.1459,166.8298,0.2212
2973,3398,180.95,23.28,233.99,197.27,0.7925,0.7925,4.2222,8.5373,21.9341,0.5885
2974,3331,8.73,27.3,68.97,185.59,0.7441,0.7441,4.8998,20.2317,19.1771,0.4769
2974,3219,270.86,8.54,304.26,139.23,0.6216,0.6216,7.2364,15.0916,0.0,0.4073
2974,3398,180.97,23.55,233.45,190.47,0.7964,0.7964,4.4347,7.6814,158.9957,0.3231
2975,3331,7.35,27.7,70.22,192.2,0.8184,0.8184,4.6671,20.4921,20.1025,0.548
2975,3219,269.93,8.73,303.26,138.02,0.6494,0.6494,7.3278,14.9707,0.0,0.4256
2975,3398,178.87,24.59,232.49,189.18,0.7075,0.7075,4.476,7.416,0.0,0.5191
2976,3331,6.86,28.21,70.84,194.69,0.75,0.75,4.5843,20.588,0.0,0.5256
2976,3219,269.34,8.62,302.97,137.78,0.502,0.502,7.345,14.9137,0.0,0.329
2976,3398,176.68,24.68,231.19,187.91,0.5391,0.5391,4.5173,7.1395,0.0,0.3927
2977,3331,9.16,28.26,60.55,157.73,0.4233,0.4233,6.1944,20.0601,164.6522,0.1325
2977,3219,267.56,8.76,301.84,138.55,0.5283,0.5283,7.2765,14.7132,0.0,0.3464
2977,3398,172.29,19.04,229.9,191.68,0.2925,0.2925,4.3909,7.44,25.6343,0.2083
2978,3331,3.21,28.37,68.43,194.57,0.6504,0.3252,4.6006,20.9412,20.3201,0.2202
2978,3219,264.21,8.77,299.48,138.44,0.4436,0.4436,7.2719,14.3305,0.0,0.2911
2978,3398,168.97,17.96,228.61,196.96,0.6895,0.6895,4.2255,8.0116,23.6031,0.5094
2979,3331,2.38,28.27,67.93,196.22,0.6309,0.3155,4.5498,21.0887,0.0,0.2222
2979,3219,264.78,8.78,299.79,136.83,0.7104,0.7104,7.404,14.4032,166.8255,0.2294
2979,3398,169.77,26.16,226.84,195.45,0.499,0.499,4.2709,7.7884,0.0,0.3796
2980,3331,1.8,28.1,64.97,190.81,0.585,0.2925,4.7371,21.0806,159.8695,0.1012
2980,3219,264.08,8.92,299.59,137.97,0.6104,0.6104,7.3094,14.3328,0.0,0.4006
2980,3398,170.64,20.66,229.52,196.24,0.3081,0.3081,4.2479,7.9795,0.0,0.2353
2981,3331,7.39,28.3,57.84,153.28,0.3748,0.3748,6.47,20.2983,165.2438,0.1172
2981,3219,262.61,9.11,297.97,137.15,0.6611,0.6611,7.3686,14.1319,0.0,0.4341
2981,3398,169.45,19.67,228.74,196.97,0.2886,0.2886,4.2253,8.0274,0.0,0.2213
2982,3331,8.48,28.37,54.69,139.78,0.4282,0.4282,7.4222,20.399,167.0974,0.1338
2982,3219,261.02,9.33,296.58,137.74,0.5527,0.5527,7.314,13.9259,0.0,0.3631
2982,3398,168.75,24.44,226.56,197.49,0.3459,0.3459,4.209,8.0304,0.0,0.266
2983,3331,0.0,28.96,68.67,198.86,0.645,0.3225,4.47,21.2986,20.8439,0.2234
2983,3219,260.36,9.59,295.63,136.95,0.6826,0.6826,7.3745,13.8245,0.0,0.4485
2984,3331,0.0,29.41,72.91,218.53,0.8306,0.4153,3.9202,22.0529,23.445,0.3151
2984,3219,257.98,9.92,293.55,137.18,0.4167,0.4167,7.3458,13.5209,0.0,0.274
2984,3398,168.47,24.87,226.86,199.47,0.7319,0.7319,4.1508,8.2957,0.0,0.5683
2985,3219,256.78,10.46,292.77,138.26,0.6362,0.6362,7.2547,13.3771,0.0,0.4184
2985,3398,168.85,26.12,227.13,200.02,0.8145,0.8145,4.135,8.3832,0.0,0.634
2986,3219,255.59,10.73,291.06,137.27,0.5879,0.5879,7.3279,13.1894,0.0,0.3868
2986,3398,168.9,25.72,227.16,199.18,0.606,0.606,4.1594,8.2726,0.0,0.4698
2986,3331,4.01,31.63,58.74,165.49,0.561,0.2805,5.7986,20.6124,163.6602,0.0875
2987,3219,256.08,10.73,291.05,136.81,0.5488,0.5488,7.3664,13.2266,0.0,0.361
2987,3398,168.14,24.8,226.7,198.85,0.7847,0.7847,4.1687,8.2022,0.0,0.6074
2987,3331,7.61,32.57,56.36,148.72,0.5508,0.5508,6.7664,20.3504,165.7934,0.1721
2988,3219,256.22,10.61,287.06,120.64,0.5,0.5,8.9503,13.3258,169.088,0.1622
2988,3398,168.0,25.18,226.42,198.98,0.6621,0.6621,4.1648,8.2108,0.0,0.5129
2988,3331,9.92,33.38,57.49,143.54,0.355,0.355,7.1204,20.1237,165.5249,0.1111
2988,3494,212.88,15.82,239.87,48.23,0.3235,0.3235,109.3302,14.9231,0.0,0.212
2989,3219,253.77,10.11,287.0,129.8,0.2134,0.2134,7.971,12.907,12.0739,0.1389
2989,3496,215.58,15.15,238.7,110.12,0.5312,0.5312,10.1928,8.2728,0.0,0.3523
2989,3497,3.39,33.38,80.02,229.27,0.5293,0.2646,3.655,22.1428,0.0,0.2174
2990,3219,252.6,9.58,286.94,133.82,0.5601,0.5601,7.6024,12.7503,12.6571,0.3643
2990,3496,215.13,15.52,240.23,118.65,0.5737,0.5737,9.0179,7.7025,10.7208,0.3774
2990,3497,3.02,33.55,84.05,240.91,0.3201,0.16,3.412,22.744,26.5253,0.1308
2990,3398,164.4,26.0,221.95,199.04,0.5127,0.5127,4.1612,8.0679,0.0,0.3974
2991,3219,252.34,9.33,285.53,130.67,0.3167,0.3167,7.8826,12.6934,167.2474,0.103
2991,3496,215.35,15.21,241.19,121.3,0.2622,0.2622,8.7053,7.6097,11.3894,0.1723
2991,3497,4.59,34.74,86.24,243.49,0.8516,0.4258,3.3575,22.743,0.0,0.3661
2991,3398,164.15,25.47,223.01,199.58,0.3416,0.3416,4.1457,8.1551,0.0,0.2655
2992,3219,249.92,9.28,282.53,129.44,0.2407,0.2407,7.9871,12.3538,150.5873,0.0784
2992,3496,215.12,15.29,241.17,121.77,0.2869,0.2869,8.6514,7.5657,0.0,0.1904
2992,3497,6.29,35.77,87.14,242.01,0.8467,0.8467,3.3813,22.5077,0.0,0.7257
2992,3398,158.24,24.16,216.22,198.74,0.233,0.233,4.1682,7.8738,0.0,0.1804
2993,3219,248.72,10.38,280.48,128.58,0.3721,0.3721,8.0633,12.1549,0.0,0.2453
2993,3496,218.38,15.52,244.42,122.28,0.3149,0.3149,8.6029,7.9562,0.0,0.2089
2993,3497,5.46,36.5,85.3,239.96,0.8237,0.8237,3.4246,22.4929,0.0,0.7013
2993,3398,160.15,26.26,218.31,199.06,0.2561,0.2561,4.1593,7.96,0.0,0.1986
2994,3496,222.86,14.23,249.66,122.62,0.2401,0.2401,8.5793,8.5724,77.8958,0.0959
2994,3497,4.8,37.02,84.03,238.82,0.7832,0.3916,3.4497,22.5089,0.0,0.3321
2995,3496,225.04,15.68,251.65,121.65,0.5117,0.5117,8.6951,8.894,156.6038,0.1685
2995,3497,6.0,36.7,89.07,247.46,0.8145,0.8145,3.2786,22.8301,28.1088,0.6767
2995,3219,241.59,8.93,273.62,128.32,0.3896,0.3896,8.06,11.2163,89.1387,0.1293
2995,3398,151.65,27.74,208.88,198.89,0.5273,0.5273,4.163,7.828,92.5959,0.233
2996,3496,224.46,15.9,250.88,120.7,0.2338,0.2338,8.8025,8.8547,166.3925,0.077
2996,3497,10.9,36.1,94.88,249.86,0.8525,0.8525,3.2208,22.5049,0.0,0.7489
2996,3219,242.12,8.95,271.62,118.17,0.4197,0.4197,9.1818,11.4812,169.4377,0.1371
2997,3497,12.98,35.38,97.04,250.57,0.8306,0.8306,3.2026,22.3622,0.0,0.732
2997,3219,238.35,8.79,272.32,136.01,0.2854,0.2854,7.3605,10.7439,13.0138,0.1862
2997,3398,149.45,28.4,205.21,197.4,0.4893,0.4893,4.2071,7.6274,0.0,0.3765
2998,3497,16.69,34.81,100.1,250.65,0.4543,0.4543,3.192,22.0537,0.0,0.4013
2998,3398,149.95,28.59,203.83,196.88,0.2207,0.2207,4.2227,7.5575,0.0,0.1694
2999,3497,17.89,34.22,100.52,250.5,0.834,0.834,3.1924,21.9665,0.0,0.7368
2999,3398,153.31,28.94,194.78,156.73,0.4941,0.4941,5.8478,2.016,163.7561,0.1646
2999,3219,229.71,9.39,262.35,125.08,0.7349,0.7349,8.3455,9.7614,164.6142,0.2414
3000,3497,18.03,34.09,95.36,239.38,0.7568,0.7568,3.4022,21.328,153.2478,0.3962
3000,3398,150.13,28.2,200.08,187.96,0.5591,0.5591,4.5068,6.3217,20.6757,0.3964
3001,3497,19.82,34.13,96.77,240.72,0.6958,0.6958,3.372,21.2741,0.0,0.5991
3001,3398,147.78,29.18,198.43,195.06,0.5757,0.5757,4.2785,7.3532,22.4703,0.423
3002,3497,20.21,34.1,99.68,250.0,0.7671,0.7671,3.1991,21.8571,28.0841,0.6471
3002,3398,144.37,29.49,196.32,201.66,0.3647,0.3647,4.0848,8.3305,24.3771,0.2755
3003,3497,22.13,34.05,98.43,244.8,0.75,0.75,3.2906,21.4045,0.0,0.6537
3003,3398,138.7,28.33,192.47,205.1,0.2338,0.2338,3.9913,8.9357,36.7386,0.1709
3004,3497,24.33,34.03,100.92,248.3,0.7847,0.7847,3.2217,21.4687,0.0,0.691
3004,3398,136.63,29.96,190.77,206.55,0.564,0.564,3.9532,9.1962,0.0,0.4523
3005,3497,29.63,33.93,106.44,248.46,0.5215,0.5215,3.205,20.9833,0.0,0.461
3005,3398,134.14,31.33,188.32,204.08,0.584,0.584,4.0212,8.959,0.0,0.4632
3005,3219,224.95,9.05,255.54,114.36,0.3557,0.3557,9.6163,9.5458,168.4438,0.1169
3006,3497,27.68,33.61,104.66,251.83,0.4092,0.4092,3.1516,21.4406,0.0,0.3642
3006,3398,133.2,32.4,188.27,205.82,0.5601,0.5601,3.9743,9.2121,0.0,0.4476
3007,3497,27.12,33.77,104.13,255.37,0.7212,0.7212,3.0939,21.7935,0.0,0.6469
3007,3398,131.65,32.7,188.23,208.08,0.7739,0.7739,3.9149,9.5465,0.0,0.6243
3007,3219,223.28,8.63,253.21,107.66,0.5,0.5,10.6274,9.7565,170.4232,0.1643
3008,3497,27.2,34.2,103.98,258.89,0.46,0.46,3.0371,22.1022,0.0,0.4158
3008,3398,132.12,32.24,189.3,207.96,0.8237,0.8237,3.9176,9.499,0.0,0.6642
3009,3497,28.27,33.73,104.64,261.01,0.6636,0.6636,3.0016,22.2136,0.0,0.6028
3009,3398,130.33,32.61,187.74,206.01,0.668,0.668,3.9702,9.3108,0.0,0.5341
3010,3497,30.8,34.51,107.03,265.99,0.3123,0.3123,2.92,22.4523,0.0,0.2869
3010,3398,129.07,32.45,187.15,206.31,0.6592,0.6592,3.9627,9.3925,0.0,0.5277
3011,3398,126.08,31.55,184.69,205.74,0.543,0.543,3.9798,9.4515,0.0,0.4334
3011,3518,40.16,34.97,97.89,163.57,0.4746,0.4746,5.7221,15.7612,0.0,0.3105
3011,3496,249.06,15.91,270.11,95.76,0.5469,0.5469,13.1749,13.1209,170.6082,0.1775
3011,3219,216.5,8.08,246.9,111.71,0.2666,0.2666,9.966,8.6804,17.2577,0.1727
3012,3398,126.05,30.64,185.3,206.68,0.8125,0.8125,3.9545,9.5588,0.0,0.6512
3012,3496,245.35,16.13,272.34,118.96,0.7153,0.7153,9.0924,11.7059,10.5919,0.4678
3012,3219,216.02,7.99,241.89,94.64,0.3674,0.3674,13.301,9.8774,172.5852,0.1207
3012,3497,40.42,34.82,118.33,271.08,0.7559,0.7559,2.8232,22.0966,47.8381,0.622
3013,3398,123.36,30.66,182.82,205.35,0.4844,0.4844,3.992,9.525,0.0,0.3858
3013,3496,244.41,16.02,273.01,124.5,0.6626,0.6626,8.4556,11.4806,11.3712,0.433
3013,3219,215.22,7.86,238.91,85.59,0.3684,0.3684,16.1174,10.6406,173.8099,0.1207
3013,3497,40.4,35.92,112.87,260.41,0.4658,0.4658,2.9873,21.3016,149.9687,0.2697
3014,3398,121.69,30.58,180.73,204.8,0.7793,0.7793,4.0084,9.564,0.0,0.619
3014,3496,245.96,16.05,274.42,123.99,0.5737,0.5737,8.5169,11.6954,0.0,0.3785
3014,3497,43.76,36.81,113.93,255.71,0.8062,0.8062,3.0571,20.6794,0.0,0.729
3015,3398,115.15,32.03,175.13,204.85,0.4814,0.4814,4.0126,9.9621,0.0,0.3819
3015,3496,246.97,16.25,275.59,125.97,0.4863,0.4863,8.3116,11.7788,13.4413,0.3163
3015,3497,45.32,37.15,116.76,261.17,0.5166,0.5166,2.9659,21.0134,0.0,0.4731
3016,3398,113.21,32.02,172.62,205.5,0.4756,0.4756,3.9973,10.1969,0.0,0.3781
3016,3496,247.53,16.32,275.79,124.19,0.6958,0.6958,8.5015,11.8851,168.5566,0.227
3016,3497,47.93,37.85,120.22,263.72,0.6646,0.6646,2.9208,21.0185,0.0,0.6126
3017,3398,110.37,32.01,168.36,205.45,0.4485,0.4485,4.0026,10.4545,0.0,0.3562
3017,3497,47.33,38.6,117.98,260.42,0.6807,0.6807,2.9741,20.8114,0.0,0.6229
3018,3398,105.58,31.53,163.01,206.43,0.562,0.562,3.9825,10.9674,0.0,0.4475
3018,3497,49.85,38.89,123.4,268.13,0.6899,0.6899,2.8506,21.2582,32.9489,0.605
3018,3496,247.6,16.32,277.55,128.95,0.3887,0.3887,8.0188,11.8723,12.3046,0.2534
3019,3398,100.87,30.7,157.66,207.34,0.5186,0.5186,3.9651,11.4895,0.0,0.4138
3019,3497,54.13,38.51,133.56,280.52,0.5806,0.5806,2.6679,22.0149,35.4325,0.5177
3019,3496,247.76,16.71,278.14,128.9,0.8081,0.8081,8.0252,11.9242,0.0,0.5329
3020,3398,100.47,30.2,156.47,208.23,0.6226,0.6226,3.9428,11.6536,0.0,0.4986
3020,3497,55.7,37.85,137.57,283.03,0.4377,0.2188,2.631,22.0982,0.0,0.2097
3020,3496,247.61,16.65,279.26,132.57,0.5146,0.5146,7.6862,11.9106,12.6714,0.3352
3020,3529,191.37,5.55,233.77,137.15,0.3794,0.3794,7.1597,4.7652,0.0,0.2525
3021,3497,58.28,30.24,141.55,278.61,0.4302,0.4302,2.6825,21.4203,0.0,0.4098
3021,3496,249.03,16.71,279.99,129.62,0.4397,0.4397,7.9626,12.118,167.4364,0.1433
3021,3529,190.31,5.61,232.74,137.44,0.4561,0.4561,7.1351,4.6109,0.0,0.3036
3021,3219,196.09,5.51,221.07,80.61,0.4397,0.4397,18.1523,9.8795,159.5093,0.1444
3022,3497,61.53,35.09,139.47,259.99,0.4746,0.4746,2.9464,19.4024,149.9198,0.2792
3022,3496,249.37,16.7,279.85,126.55,0.8018,0.8018,8.2662,12.2093,168.3763,0.2612
3022,3529,190.2,6.61,227.78,123.43,0.7983,0.7983,8.4269,5.0877,168.3756,0.2651
3023,3497,68.07,33.87,142.78,246.93,0.363,0.363,3.1521,17.6591,149.3974,0.2047
3023,3496,251.24,17.15,282.85,127.89,0.7695,0.7695,8.1418,12.5013,24.9669,0.4829
3023,3529,188.03,5.57,226.7,126.45,0.7168,0.7168,8.1091,4.655,13.2738,0.4707
3024,3496,252.74,17.11,284.41,125.27,0.6309,0.6309,8.4171,12.776,167.2599,0.2051
3024,3529,186.37,5.13,225.64,129.05,0.5527,0.5527,7.8532,4.2965,13.6165,0.3628
3024,3398,83.57,33.17,140.76,208.29,0.4158,0.4158,3.9685,13.1748,99.0435,0.1921
3025,3496,255.8,17.83,285.05,116.13,0.7104,0.7104,9.5111,13.3328,169.7679,0.2304
3025,3529,184.59,4.83,225.22,134.6,0.7256,0.3628,7.3572,3.8144,13.2158,0.2384
3025,3398,82.25,33.13,140.9,208.61,0.3594,0.3594,3.9612,13.263,0.0,0.2862
3026,3496,257.4,17.3,286.26,112.56,0.814,0.814,10.0188,13.664,169.8879,0.2637
3026,3529,182.44,4.83,223.44,137.43,0.3503,0.1752,7.1249,3.4203,16.0402,0.1144
3026,3219,187.2,4.9,219.12,102.34,0.5156,0.2578,11.4927,6.8079,8.6406,0.1703
3026,3497,72.4,30.75,150.13,254.96,0.7251,0.7251,3.008,18.1034,33.9552,0.6228
3027,3496,257.72,17.25,287.05,112.88,0.7432,0.7432,9.9751,13.7212,0.0,0.4884
3027,3529,181.22,5.69,221.04,135.87,0.2629,0.2629,7.2481,3.2455,159.9743,0.0875
3027,3219,188.89,5.78,216.78,89.87,0.3381,0.3381,14.5733,8.3708,173.341,0.1115
3027,3497,79.38,30.44,146.27,221.2,0.2255,0.2255,3.6512,14.376,154.9405,0.1134
3028,3496,258.42,17.27,287.24,109.73,0.6372,0.6372,10.4585,13.9199,170.738,0.2062
3028,3219,184.19,5.31,216.6,105.45,0.3328,0.3328,10.9076,6.2339,8.9486,0.2199
3028,3398,79.51,31.19,134.22,196.65,0.269,0.269,4.3097,12.7189,157.4267,0.1122
3029,3496,261.19,17.26,288.9,106.12,0.564,0.564,11.0813,14.3735,170.1489,0.1821
3029,3219,186.61,6.87,214.83,95.36,0.457,0.457,13.0369,7.5431,172.5692,0.151
3029,3398,82.17,30.61,133.33,188.44,0.2869,0.2869,4.5726,11.9942,159.3827,0.1099
3030,3496,259.88,17.15,291.72,121.04,0.5,0.5,8.9244,13.8603,10.847,0.3255
3031,3496,260.27,17.35,293.16,126.48,0.626,0.626,8.3299,13.83,11.816,0.4069
3032,3496,261.48,17.37,296.19,132.88,0.8252,0.8252,7.7261,13.9881,13.2878,0.5346
3033,3496,262.51,17.64,297.83,135.72,0.811,0.811,7.4864,14.1303,14.4254,0.524
3033,3497,93.22,36.99,147.84,193.89,0.4485,0.4485,4.3681,11.0024,157.7412,0.1845
3034,3496,264.67,17.82,300.44,136.24,0.791,0.791,7.4541,14.4452,0.0,0.519
3034,3539,80.5,28.87,115.11,80.63,0.5547,0.5547,18.4707,14.5715,0.0,0.3639
3034,3497,92.8,37.93,147.01,192.95,0.373,0.373,4.399,10.9862,0.0,0.2763
3035,3496,263.82,17.6,299.42,136.01,0.811,0.811,7.4689,14.3221,0.0,0.5323
3035,3539,81.44,28.84,116.12,80.59,0.4902,0.4902,18.4814,14.4712,0.0,0.3216
3035,3497,91.73,38.94,146.89,191.01,0.283,0.283,4.4629,10.8837,0.0,0.2072
3035,3541,167.9,7.76,206.95,51.92,0.3408,0.3408,69.6576,13.0276,0.0,0.2243
3035,3529,172.02,6.99,213.02,138.33,0.2861,0.2861,7.0459,1.9716,40.5378,0.1678
3036,3496,263.9,18.09,299.08,134.95,0.8145,0.8145,7.5578,14.3165,0.0,0.5346
3036,3539,80.8,28.66,117.96,83.86,0.4514,0.4514,17.0134,14.1396,5.7554,0.2956
3036,3529,168.25,7.53,211.17,140.87,0.5088,0.5088,6.8531,1.4637,20.1732,0.3287
3037,3496,264.61,18.06,299.83,135.59,0.644,0.644,7.507,14.4071,0.0,0.4226
3037,3539,80.26,28.61,116.19,81.42,0.502,0.502,18.0921,14.462,174.1889,0.162
3038,3496,265.96,18.64,303.02,141.49,0.5293,0.5293,7.049,14.67,14.801,0.3413
3038,3398,70.13,28.23,122.57,191.25,0.6875,0.6875,4.5059,13.5297,66.1161,0.3609
3039,3496,266.95,18.66,304.43,143.87,0.6802,0.6802,6.8805,14.827,15.8838,0.4373
3039,3398,65.93,28.18,118.67,192.6,0.6714,0.6714,4.4723,14.0972,0.0,0.4881
3039,3529,163.49,5.23,207.74,141.91,0.5908,0.5908,6.7761,0.8597,45.1472,0.3358
3040,3496,267.89,18.09,306.53,145.38,0.7793,0.7793,6.7811,15.0318,20.5483,0.4941
3040,3398,65.34,27.88,118.64,193.05,0.7031,0.7031,4.4586,14.1632,0.0,0.5124
3040,3529,164.69,4.98,207.76,138.39,0.5537,0.2768,7.0385,1.2024,166.2359,0.0923
3041,3496,267.36,18.52,307.06,147.27,0.8203,0.8203,6.6523,15.0373,14.3656,0.529
3041,3398,64.67,28.07,118.34,193.4,0.6226,0.6226,4.4486,14.2433,0.0,0.4545
3041,3529,165.01,5.13,207.55,137.93,0.3123,0.3123,7.0742,1.2532,0.0,0.2082
3041,3541,161.24,5.04,199.01,48.92,0.3867,0.3867,98.3604,13.395,177.3342,0.1254
3042,3496,268.71,18.14,308.19,146.66,0.7612,0.7612,6.699,15.2008,0.0,0.4986
3042,3398,64.02,28.25,118.23,194.09,0.7217,0.7217,4.4275,14.3335,0.0,0.5287
3042,3219,167.2,5.79,192.87,87.04,0.3767,0.3767,15.4829,8.1193,163.4688,0.1243
3043,3496,267.91,18.28,308.03,146.73,0.7808,0.7808,6.6921,15.1369,0.0,0.5115
3043,3398,62.58,28.33,116.6,193.6,0.5488,0.5488,4.4473,14.482,0.0,0.4005
3043,3529,155.98,5.29,198.83,136.27,0.3604,0.3604,7.2052,1.17,128.15,0.1201
3044,3496,269.79,18.68,309.75,146.33,0.7886,0.7886,6.7274,15.376,0.0,0.5163
3044,3398,60.03,28.65,113.57,192.84,0.6479,0.6479,4.4795,14.7641,0.0,0.4698
3044,3529,154.36,4.98,196.35,131.85,0.2194,0.1097,7.5797,1.866,166.1301,0.0365
3045,3496,271.11,19.36,310.84,146.49,0.8013,0.8013,6.722,15.5371,0.0,0.5244
3045,3398,59.36,28.69,113.13,191.9,0.6602,0.6602,4.5117,14.7723,0.0,0.4758
3045,3529,153.83,3.22,194.77,129.2,0.3943,0.1971,7.8225,2.2748,166.8515,0.0657
3046,3496,271.84,19.24,311.43,145.59,0.8184,0.8184,6.7869,15.6228,0.0,0.5355
3046,3398,57.97,29.09,111.36,189.59,0.6807,0.6807,4.5933,14.825,0.0,0.4832
3046,3219,156.79,6.46,185.26,88.38,0.4397,0.4397,15.0307,8.032,38.3008,0.2601
3047,3496,272.93,19.24,312.52,145.2,0.7769,0.7769,6.8192,15.7671,0.0,0.5082
3047,3398,56.29,29.15,110.56,190.78,0.7739,0.7739,4.5569,15.0438,0.0,0.5528
3048,3496,273.4,19.93,313.17,145.4,0.8271,0.8271,6.8079,15.8418,0.0,0.5409
3048,3398,55.24,29.09,108.83,186.68,0.5962,0.5962,4.7019,14.9836,159.5161,0.2157
3049,3496,273.55,20.67,313.73,146.19,0.8135,0.8135,6.755,15.8906,0.0,0.532
3049,3398,52.53,29.26,107.8,188.98,0.4639,0.4639,4.6276,15.3367,0.0,0.3268
3050,3496,273.75,21.13,314.76,147.94,0.8145,0.8145,6.6398,15.9784,15.5142,0.5226
3050,3398,51.1,28.76,108.24,191.88,0.7793,0.7793,4.5316,15.5593,0.0,0.5587
3050,3219,146.96,7.83,174.38,81.59,0.606,0.606,17.6727,9.2935,170.0771,0.1993
3051,3496,271.4,21.75,314.0,149.88,0.7988,0.7988,6.5063,15.7833,17.4098,0.5103
3051,3398,50.09,28.76,108.01,192.61,0.8193,0.8193,4.5096,15.6757,0.0,0.5896
3051,3219,145.73,8.0,174.1,81.58,0.3857,0.3857,17.6789,9.3266,0.0,0.2554
3052,3496,269.46,22.35,313.5,151.87,0.8452,0.8452,6.3759,15.6376,16.5935,0.5413
3052,3398,47.92,28.49,106.15,192.61,0.833,0.833,4.5157,15.9174,0.0,0.5985
3052,3219,148.61,8.0,176.19,80.56,0.5488,0.5488,18.1478,9.3636,165.8404,0.1805
3053,3496,269.22,23.03,313.86,152.97,0.8076,0.8076,6.309,15.6565,0.0,0.5284
3053,3398,47.09,28.49,105.81,192.79,0.8262,0.8262,4.5116,15.9977,0.0,0.5939
3053,3529,140.25,7.76,178.79,129.83,0.4312,0.4312,7.7734,3.5693,81.8271,0.1639
3054,3496,268.63,23.64,313.74,153.9,0.8003,0.8003,6.2518,15.6199,0.0,0.5237
3054,3398,45.44,28.21,104.61,192.76,0.8618,0.8618,4.517,16.1671,0.0,0.6187
3054,3529,137.82,7.93,176.47,133.16,0.4932,0.4932,7.4774,3.6252,15.7474,0.3223
3055,3496,266.97,24.14,312.51,154.96,0.8237,0.8237,6.1832,15.4416,0.0,0.5392
3055,3398,45.83,27.92,106.03,192.74,0.7964,0.7964,4.5149,16.0573,0.0,0.5721
3055,3529,135.5,7.85,173.55,132.55,0.46,0.46,7.5336,4.0016,0.0,0.3063
3056,3496,265.88,24.31,311.38,154.4,0.8296,0.8296,6.2113,15.2869,0.0,0.5433
3056,3398,44.41,27.73,105.26,192.54,0.833,0.833,4.5248,16.1776,0.0,0.5971
3056,3529,137.75,7.86,174.3,131.61,0.2998,0.2998,7.6149,3.8669,0.0,0.1996
3057,3496,266.18,24.15,311.34,154.33,0.7598,0.7598,6.2159,15.3033,0.0,0.4976
3057,3398,40.73,27.75,100.07,189.12,0.5459,0.5459,4.654,16.5341,152.059,0.1996
3057,3219,144.96,7.97,166.85,63.71,0.4883,0.4883,32.3354,11.8575,176.7841,0.1593
3058,3496,266.64,24.1,311.35,153.71,0.8203,0.8203,6.2536,15.3269,0.0,0.5371
3058,3398,40.53,27.68,100.79,191.0,0.7861,0.7861,4.5893,16.5986,0.0,0.5562
3058,3557,174.05,32.48,251.25,260.3,0.499,0.499,2.8836,16.8332,0.0,0.4664
3058,3529,139.93,6.86,177.69,135.65,0.606,0.606,7.2661,3.2649,15.7235,0.3961
3059,3496,265.38,24.16,310.19,153.82,0.8271,0.8271,6.242,15.1673,0.0,0.5418
3059,3398,41.07,27.74,102.29,192.26,0.6602,0.6602,4.5441,16.542,0.0,0.4712
3059,3529,140.11,6.39,177.59,134.72,0.4805,0.4805,7.343,3.3108,0.0,0.3201
3060,3496,266.18,24.18,310.7,153.66,0.811,0.811,6.2542,15.2525,0.0,0.5311
3060,3398,37.71,27.4,98.07,191.81,0.5957,0.5957,4.5714,16.9755,0.0,0.4225
3060,3529,139.65,5.94,176.64,132.88,0.4111,0.4111,7.5005,3.5145,166.4264,0.1368
3060,3557,179.05,37.16,255.42,261.96,0.791,0.791,2.8621,17.2139,0.0,0.741
3061,3496,267.05,24.26,311.08,153.2,0.8125,0.8125,6.2844,15.3303,0.0,0.532
3061,3398,36.65,27.84,96.63,193.68,0.645,0.645,4.5143,17.2232,0.0,0.4621
3061,3529,137.99,5.35,175.98,135.72,0.6216,0.6216,7.2623,3.5056,14.27,0.4076
3061,3557,179.52,37.95,256.41,263.52,0.7808,0.7808,2.8396,17.4372,0.0,0.7335
3062,3496,265.85,24.19,309.78,153.01,0.7256,0.7256,6.2905,15.1618,0.0,0.4753
3062,3398,34.42,27.82,92.58,193.27,0.647,0.647,4.5383,17.5788,0.0,0.4611
3062,3529,136.62,5.46,174.87,135.71,0.3242,0.3242,7.2646,3.6734,0.0,0.2159
3062,3557,178.75,38.34,255.46,262.95,0.7231,0.7231,2.8473,17.3324,0.0,0.6787
3063,3496,264.79,24.25,308.41,154.04,0.7939,0.7939,6.2239,15.0121,0.0,0.5202
3063,3398,33.6,27.72,90.15,193.48,0.7104,0.7104,4.537,17.7846,0.0,0.5061
3063,3529,135.55,5.28,173.16,131.62,0.6851,0.6851,7.6161,4.0797,166.8048,0.2278
3063,3557,183.3,39.01,259.79,260.11,0.6318,0.6318,2.8938,17.1643,0.0,0.5892
3064,3496,263.25,24.27,307.57,157.66,0.7485,0.7485,6.0119,14.9076,16.2354,0.4807
3064,3398,35.46,27.5,91.25,193.92,0.5527,0.5527,4.5176,17.6294,0.0,0.3954
3064,3529,133.71,5.08,171.26,129.52,0.7129,0.7129,7.8109,4.453,163.9831,0.2369
3064,3557,181.45,41.94,259.74,263.64,0.4766,0.4766,2.8401,17.5592,0.0,0.4476
3065,3496,264.17,24.64,308.33,160.39,0.6523,0.6523,5.8674,15.0703,17.1813,0.4177
3065,3398,36.11,27.79,90.72,193.62,0.3684,0.3684,4.5271,17.6069,0.0,0.2631
3065,3529,130.71,5.11,168.63,129.83,0.5669,0.5669,7.7861,4.7929,0.0,0.3773
3065,3557,182.08,40.22,260.63,261.01,0.4824,0.4824,2.88,17.267,0.0,0.4507
3066,3496,261.74,25.05,307.02,165.26,0.6416,0.6416,5.6127,14.9386,17.5349,0.4106
3066,3398,35.99,27.72,89.4,194.05,0.6021,0.6021,4.5157,17.7151,0.0,0.4308
3066,3529,129.43,5.07,167.47,129.21,0.4514,0.4514,7.8462,4.9877,0.0,0.3004
3066,3557,183.17,40.16,262.11,259.65,0.791,0.791,2.9019,17.1566,0.0,0.7369
3067,3496,261.61,25.29,308.29,169.64,0.3567,0.3567,5.4084,15.1412,17.7553,0.228
3067,3398,35.73,28.34,88.03,195.79,0.5049,0.5049,4.4628,17.9023,0.0,0.3646
3067,3529,127.44,5.21,165.9,129.59,0.6768,0.6768,7.8134,5.1966,0.0,0.4503
3067,3557,186.41,38.14,266.59,258.39,0.4658,0.4658,2.9251,17.1854,0.0,0.4325
3068,3496,261.79,25.65,308.95,170.84,0.561,0.561,5.3558,15.2345,0.0,0.3674
3068,3398,36.69,28.76,86.94,193.29,0.4055,0.4055,4.5434,17.7822,0.0,0.2886
3068,3529,124.32,5.45,162.56,129.84,0.7202,0.7202,7.7958,5.6083,0.0,0.479
3068,3557,186.3,38.89,270.57,268.35,0.5601,0.5601,2.7796,18.4819,32.1693,0.5009
3069,3398,37.41,29.58,86.17,192.7,0.5059,0.5059,4.5629,17.7558,0.0,0.3587
3069,3529,122.92,5.59,160.89,129.47,0.7305,0.7305,7.8333,5.8308,0.0,0.4857
3069,3557,192.76,38.97,271.57,251.26,0.4426,0.4426,3.0457,16.6327,150.4242,0.2567
3069,3564,190.81,36.11,209.13,80.3,0.3389,0.3389,18.2777,9.4922,0.0,0.2244
3070,3398,37.99,30.25,85.35,191.91,0.644,0.644,4.5895,17.7314,0.0,0.4544
3070,3529,120.82,5.46,159.89,134.05,0.5938,0.5938,7.4267,5.8453,13.6942,0.3892
3070,3557,196.24,43.21,275.21,254.08,0.6123,0.6123,3.0039,17.1724,0.0,0.5621
3070,3564,191.61,36.29,208.75,77.58,0.2949,0.2949,19.6928,9.8632,175.0556,0.0968
3071,3398,38.9,30.4,85.77,192.55,0.7778,0.7778,4.5659,17.6828,0.0,0.5513
3071,3529,120.09,5.82,159.64,136.21,0.6968,0.6968,7.2482,5.8467,13.5992,0.4568
3071,3557,203.23,39.67,283.52,253.68,0.7949,0.7949,3.0208,17.6027,0.0,0.7273
3072,3398,39.99,30.64,86.17,192.61,0.7256,0.7256,4.5614,17.5961,0.0,0.5149
3072,3529,118.3,5.69,158.22,138.73,0.4397,0.4397,7.0519,6.0153,16.1873,0.2865
3072,3557,214.5,32.27,298.31,253.09,0.6123,0.6123,3.051,18.4477,104.7598,0.3527
3072,3564,191.79,35.85,207.72,74.02,0.269,0.269,21.9018,10.3218,175.5225,0.0882
3073,3398,41.16,30.35,87.4,193.38,0.833,0.833,4.532,17.4908,0.0,0.5945
3073,3529,118.0,5.27,157.77,139.95,0.7363,0.7363,6.9598,6.049,0.0,0.4895
3073,3557,213.4,30.43,295.64,251.59,0.7104,0.7104,3.0726,18.1491,0.0,0.6444
3073,3564,191.6,35.78,207.34,73.29,0.2583,0.2583,22.4155,10.4089,175.3161,0.0847
3074,3398,40.67,30.23,86.42,193.3,0.7925,0.7925,4.5371,17.575,0.0,0.5649
3074,3529,117.71,4.93,156.77,138.79,0.5571,0.2786,7.0493,6.1578,0.0,0.1852
3074,3564,191.06,35.77,206.89,73.45,0.3477,0.3477,22.2995,10.3694,13.9139,0.2265
3075,3398,41.0,29.72,86.38,193.08,0.79,0.79,4.5438,17.5464,0.0,0.5625
3075,3529,122.6,5.82,151.4,99.8,0.646,0.646,12.0628,8.7799,171.9765,0.2128
3075,3564,191.1,36.03,207.73,75.57,0.2935,0.2935,20.8818,10.1017,4.7677,0.1938
3075,3557,220.21,28.28,301.66,253.33,0.5601,0.5601,3.0551,18.814,0.0,0.5087
3076,3398,42.31,29.8,87.57,192.81,0.7964,0.7964,4.5484,17.3823,0.0,0.5668
3076,3529,118.19,5.78,154.57,126.53,0.4351,0.4351,8.1314,6.7122,11.8233,0.286
3076,3557,224.81,28.09,304.99,256.55,0.6235,0.6235,3.0102,19.4484,0.0,0.5692
3077,3398,43.56,30.2,88.82,193.08,0.7939,0.7939,4.5353,17.2459,0.0,0.5666
3077,3529,117.91,6.12,154.69,129.75,0.3503,0.3503,7.8187,6.5673,12.2831,0.2301
3077,3557,228.1,28.03,305.73,255.58,0.2451,0.2451,3.0297,19.5066,0.0,0.2231
3077,3570,121.4,6.36,151.07,74.94,0.5601,0.5601,21.3845,11.573,0.0,0.3696
3078,3398,44.31,30.16,89.01,190.95,0.7612,0.7612,4.6043,17.0805,0.0,0.5364
3078,3529,117.98,7.01,154.83,132.31,0.585,0.585,7.5856,6.4497,12.6328,0.384
3079,3398,44.56,29.39,89.77,192.01,0.7031,0.7031,4.5672,17.0733,0.0,0.499
3079,3529,117.66,7.62,153.84,131.38,0.5488,0.5488,7.6701,6.5743,0.0,0.3647
3079,3564,190.62,36.05,209.15,80.28,0.3057,0.3057,18.2872,9.4913,5.3449,0.202
3079,3557,232.22,30.05,306.66,253.77,0.6548,0.6548,3.0641,19.5267,0.0,0.593
3080,3398,44.21,29.11,89.55,192.78,0.7725,0.7725,4.5428,17.1473,0.0,0.5506
3080,3529,117.75,7.9,154.07,132.03,0.4065,0.4065,7.6115,6.5278,0.0,0.2701
3080,3557,233.91,29.76,306.39,252.39,0.811,0.811,3.0884,19.4483,0.0,0.732
3081,3398,44.24,29.46,89.25,193.17,0.7769,0.7769,4.5305,17.1839,0.0,0.555
3081,3529,116.01,8.02,153.1,135.34,0.4207,0.4207,7.3303,6.6095,14.22,0.2752
3081,3557,236.55,33.12,306.61,250.61,0.6362,0.6362,3.1212,19.3927,0.0,0.5715
3081,3564,189.87,35.97,208.28,80.7,0.3049,0.3049,18.0843,9.402,11.5119,0.1999
3082,3398,44.97,29.04,89.85,193.04,0.6929,0.6929,4.5325,17.0972,0.0,0.4949
3082,3529,116.25,8.18,152.35,132.06,0.5776,0.5776,7.6124,6.747,167.3971,0.1912
3082,3557,238.07,33.63,307.81,251.47,0.8062,0.8062,3.1095,19.589,0.0,0.7251
3083,3398,45.63,28.42,90.66,193.36,0.7407,0.7407,4.5196,17.0257,0.0,0.5304
3083,3529,115.79,8.13,151.85,131.19,0.5469,0.5469,7.6916,6.8446,0.0,0.3633
3083,3557,239.65,35.3,308.2,249.95,0.6704,0.6704,3.1373,19.5259,0.0,0.6006
3083,3564,191.75,36.12,208.62,76.42,0.2759,0.2759,20.3633,10.0181,175.0818,0.0906
3084,3398,45.84,28.19,90.67,193.2,0.6592,0.6592,4.5245,17.004,0.0,0.4717
3084,3529,114.78,7.83,150.88,130.69,0.582,0.582,7.7395,6.9984,0.0,0.3866
3084,3557,240.0,36.25,309.14,252.59,0.7861,0.7861,3.0942,19.8324,0.0,0.7083
3084,3564,192.0,36.03,208.69,75.3,0.222,0.222,21.0549,10.1737,175.344,0.0728
3085,3398,45.86,28.1,90.49,192.86,0.7163,0.7163,4.5359,16.9957,0.0,0.5114
3085,3529,113.9,7.57,150.61,131.37,0.6235,0.6235,7.679,7.0515,0.0,0.4141
3085,3557,242.29,35.51,310.35,247.07,0.2323,0.2323,3.1924,19.4599,0.0,0.2064
3085,3564,191.95,36.14,208.46,74.46,0.2925,0.2925,21.6039,10.2803,175.4273,0.0959
3086,3398,45.78,27.98,90.26,192.91,0.709,0.709,4.5347,17.017,0.0,0.5063
3086,3529,111.11,7.15,147.82,131.43,0.4736,0.4736,7.6804,7.4311,0.0,0.3144
3086,3557,241.56,35.77,309.95,247.44,0.5439,0.5439,3.1847,19.4454,0.0,0.4839
3086,3575,256.93,31.36,281.05,66.45,0.5059,0.5059,29.3525,16.4701,0.0,0.3303
3087,3398,45.84,28.22,90.16,193.3,0.6226,0.6226,4.5221,17.04,0.0,0.4456
3087,3529,110.12,7.26,147.68,133.33,0.2012,0.2012,7.5138,7.449,13.4021,0.1317
3087,3557,243.12,36.23,310.85,245.08,0.5708,0.5708,3.2293,19.3338,0.0,0.5046
3087,3575,255.71,31.68,282.09,70.06,0.3904,0.3904,25.5743,16.1516,3.8047,0.2548
3088,3398,45.98,28.41,90.04,192.89,0.7378,0.7378,4.5354,17.0172,0.0,0.5268
3088,3529,108.11,7.3,145.45,132.65,0.4941,0.4941,7.5785,7.7613,0.0,0.3279
3088,3557,243.16,35.63,312.14,247.89,0.5581,0.5581,3.181,19.652,0.0,0.4966
3089,3398,45.97,28.3,89.91,192.64,0.7256,0.7256,4.5439,17.0125,0.0,0.5173
3089,3529,107.58,7.64,144.71,130.32,0.4045,0.4045,7.7906,7.923,167.3673,0.1335
3089,3557,244.61,34.2,313.88,247.28,0.6426,0.6426,3.1953,19.7356,0.0,0.5704
3090,3398,45.88,28.54,89.71,192.74,0.7485,0.7485,4.5411,17.0352,0.0,0.5339
3090,3529,106.05,7.91,143.33,130.02,0.5332,0.5332,7.8225,8.1318,0.0,0.3537
3090,3557,250.4,34.39,321.08,245.76,0.3738,0.3738,3.2374,20.1814,0.0,0.3294
3091,3398,45.88,28.63,89.78,192.86,0.7886,0.7886,4.537,17.0372,0.0,0.5629
3091,3529,104.58,8.31,143.22,134.66,0.6826,0.6826,7.4131,8.1069,13.176,0.4468
3091,3557,250.62,32.87,321.16,243.16,0.7695,0.7695,3.2849,19.9685,0.0,0.6735
3092,3398,45.95,29.31,89.5,191.98,0.7671,0.7671,4.5664,17.0041,0.0,0.5446
3092,3557,253.06,32.77,322.78,241.65,0.7656,0.7656,3.3179,20.0282,0.0,0.6667
3093,3398,45.98,29.76,89.39,191.56,0.6733,0.6733,4.5805,16.9874,0.0,0.4767
3093,3557,254.66,32.26,323.67,240.37,0.8052,0.8052,3.3451,20.0378,0.0,0.6982
3093,3529,98.69,8.08,138.27,140.05,0.4619,0.4619,6.9981,8.7773,19.6099,0.2972
3094,3398,45.45,30.2,89.14,192.99,0.7568,0.7568,4.5345,17.1084,0.0,0.5403
3094,3557,262.39,31.61,330.93,237.5,0.7778,0.7778,3.4202,20.5287,0.0,0.6659
3094,3529,97.17,8.18,136.35,140.47,0.5518,0.5518,6.9714,9.0143,0.0,0.3656
3095,3398,45.3,30.18,89.08,192.97,0.7422,0.7422,4.5355,17.1199,0.0,0.5298
3095,3557,267.97,31.1,334.84,232.25,0.79,0.79,3.5394,20.6024,149.5099,0.4003
3095,3529,96.63,8.24,135.32,140.29,0.4368,0.4368,6.9871,9.1254,0.0,0.2894
3096,3398,44.85,30.35,88.49,192.03,0.7832,0.7832,4.5683,17.134,0.0,0.5556
3096,3557,271.16,30.72,336.49,227.79,0.8125,0.8125,3.6413,20.5294,153.1982,0.4008
3096,3529,96.04,8.18,134.49,140.56,0.5127,0.5127,6.969,9.2224,0.0,0.3396
3096,3564,190.0,35.83,208.87,80.8,0.3252,0.3252,18.0378,9.4033,5.4167,0.2149
3097,3398,44.5,30.22,88.2,191.49,0.7656,0.7656,4.5873,17.1452,0.0,0.5412
3097,3557,273.95,29.93,338.38,225.65,0.8384,0.8384,3.6956,20.6263,0.0,0.6868
3097,3529,94.68,8.24,133.75,143.41,0.3933,0.3933,6.7649,9.3568,15.2022,0.2559
3097,3592,96.61,8.21,133.26,78.93,0.5176,0.5176,19.1866,12.9786,0.0,0.3407
3097,3593,229.34,31.91,261.05,65.04,0.4648,0.4648,30.8117,14.3844,0.0,0.305
3097,3564,190.44,35.9,209.09,80.81,0.2227,0.2227,18.0339,9.4156,0.0,0.1475
3098,3398,44.46,30.36,88.57,192.31,0.7017,0.7017,4.5595,17.167,0.0,0.4986
3098,3557,274.91,29.46,338.57,224.18,0.7515,0.7515,3.7305,20.5876,0.0,0.6122
3098,3592,94.74,8.22,134.21,84.55,0.5889,0.5889,16.6228,12.4947,5.8825,0.3869
3098,3564,190.63,35.94,209.16,80.98,0.2629,0.2629,17.9544,9.3984,0.0,0.1741
3099,3398,44.47,30.22,88.14,189.84,0.7456,0.7456,4.6432,17.0685,0.0,0.5216
3099,3557,276.52,28.93,338.32,218.08,0.4016,0.4016,3.8759,20.262,156.3112,0.1858
3099,3592,95.43,8.21,132.57,80.02,0.3252,0.3252,18.6369,12.9652,174.7775,0.1056
3099,3529,93.98,8.29,132.4,141.41,0.5391,0.5391,6.9121,9.5066,164.8858,0.1772
3099,3593,225.84,31.6,257.31,64.47,0.3015,0.3015,31.5475,14.1397,159.6844,0.0975
3100,3398,46.2,29.98,91.12,191.24,0.7529,0.7529,4.5879,16.8531,0.0,0.5325
3100,3557,277.21,28.08,338.29,216.27,0.7007,0.7007,3.9214,20.1844,0.0,0.5536
3100,3592,94.51,8.12,131.93,80.49,0.332,0.332,18.4122,12.9975,10.5151,0.2166
3100,3529,92.21,8.33,131.29,143.23,0.5757,0.5757,6.7849,9.7011,18.2163,0.3714
3100,3593,224.56,31.89,255.88,64.53,0.4766,0.4766,31.4485,14.022,46.1648,0.2642
3101,3398,44.42,30.07,89.77,192.51,0.7886,0.7886,4.551,17.1075,0.0,0.5613
3101,3557,276.56,26.56,339.03,220.87,0.8228,0.8228,3.8104,20.4818,24.1355,0.6377
3101,3529,89.54,8.54,131.76,155.17,0.5283,0.5283,6.0294,9.9782,15.8827,0.3428
3102,3398,43.68,30.29,89.09,192.62,0.7188,0.7188,4.5497,17.1986,0.0,0.5116
3102,3557,275.8,26.66,338.52,222.89,0.8667,0.8667,3.7613,20.5462,0.0,0.7026
3102,3529,91.54,8.4,131.84,147.32,0.3242,0.3242,6.5059,9.7201,165.1434,0.1065
3102,3597,208.64,32.12,257.22,200.31,0.5547,0.5547,4.1632,10.9548,0.0,0.4283
3102,3592,93.16,8.09,131.55,82.13,0.3416,0.3416,17.656,12.9313,6.3329,0.2242
3102,3593,219.73,32.25,250.35,64.28,0.3811,0.3811,31.7436,13.6384,127.0375,0.1235
3103,3398,43.71,30.09,89.27,192.29,0.6602,0.6602,4.5603,17.169,0.0,0.469
3103,3557,275.91,26.63,338.62,223.91,0.8657,0.8657,3.7383,20.6253,0.0,0.7043
3103,3529,91.24,8.54,131.1,145.15,0.498,0.498,6.6528,9.7827,165.4189,0.1636
3103,3597,208.21,32.18,256.91,200.7,0.5049,0.5049,4.1514,10.9593,0.0,0.3907
3103,3592,93.25,8.24,129.53,77.39,0.4233,0.4233,20.059,13.469,175.0938,0.1372
3103,3593,217.61,32.34,248.34,64.45,0.3174,0.3174,31.4834,13.4622,31.4407,0.1932
3104,3398,42.73,30.85,86.8,188.45,0.6982,0.6982,4.6964,17.1894,159.0529,0.2506
3104,3557,275.97,26.54,338.52,224.15,0.8691,0.8691,3.7328,20.6392,0.0,0.7077
3104,3529,90.69,8.7,130.3,143.3,0.4971,0.4971,6.7837,9.8759,165.2964,0.1632
3104,3597,205.17,32.86,253.8,201.81,0.373,0.373,4.115,10.7909,0.0,0.2905
3104,3592,92.85,8.48,128.6,75.71,0.3767,0.3767,21.0739,13.6928,175.1128,0.122
3104,3593,214.6,33.17,244.43,64.56,0.4475,0.4475,31.2974,13.1949,55.0085,0.2308
3105,3398,43.76,31.04,88.03,188.21,0.5869,0.5869,4.7008,17.0399,0.0,0.4061
3105,3557,276.38,26.43,338.65,223.99,0.8608,0.8608,3.7373,20.6573,0.0,0.7003
3105,3529,89.77,8.54,129.57,142.22,0.6377,0.6377,6.8637,9.9934,0.0,0.4219
3105,3597,202.85,33.71,250.84,200.78,0.6836,0.6836,4.1407,10.4461,0.0,0.5303
3105,3593,212.64,33.51,241.95,64.55,0.6279,0.6279,31.2911,13.0388,88.0342,0.2111
3106,3398,43.22,31.2,87.33,187.67,0.6816,0.6816,4.7219,17.0905,0.0,0.4696
3106,3557,277.67,26.13,339.43,224.15,0.8159,0.8159,3.7369,20.7781,0.0,0.6637
3106,3529,88.66,8.44,129.01,142.19,0.6021,0.6021,6.8685,10.1096,0.0,0.3983
3106,3597,197.32,34.68,245.37,200.62,0.5137,0.5137,4.1382,9.9594,0.0,0.3989
3106,3593,211.57,34.5,240.06,64.74,0.3486,0.3486,31.0179,12.9145,22.5213,0.2206
3107,3398,42.48,31.16,87.19,190.1,0.5,0.5,4.6394,17.2599,0.0,0.3499
3107,3557,278.4,26.21,339.77,224.14,0.8628,0.8628,3.7388,20.8344,0.0,0.7015
3107,3529,87.25,8.33,128.0,141.99,0.6123,0.6123,6.8869,10.2785,0.0,0.4049
3107,3597,194.34,35.39,242.4,200.56,0.71,0.71,4.1364,9.714,0.0,0.5517
3108,3398,41.48,31.05,86.15,191.02,0.645,0.645,4.6118,17.4286,0.0,0.4535
3108,3557,279.09,26.16,340.15,223.97,0.79,0.79,3.7444,20.8802,0.0,0.6416
3108,3529,85.33,8.02,127.3,144.53,0.5737,0.5737,6.7105,10.4568,16.2382,0.3717
3108,3597,191.95,36.78,239.84,200.64,0.5195,0.5195,4.1314,9.5339,0.0,0.4041
3108,3593,205.76,36.56,231.68,64.54,0.3811,0.3811,31.2359,12.4833,112.5251,0.124
3109,3398,40.57,31.19,85.38,193.31,0.7847,0.7847,4.5388,17.6439,0.0,0.5591
3109,3557,279.87,26.25,340.34,223.09,0.8384,0.8384,3.7661,20.8744,0.0,0.6785
3109,3529,84.43,8.15,126.99,144.64,0.5747,0.5747,6.7048,10.5408,0.0,0.3799
3109,3597,189.82,37.64,237.92,200.76,0.7568,0.7568,4.1259,9.4001,0.0,0.5893
3110,3398,40.46,31.24,84.83,193.16,0.7769,0.7769,4.5448,17.676,0.0,0.5529
3110,3557,281.16,26.57,340.93,222.13,0.7217,0.7217,3.7914,20.9133,0.0,0.5816
3110,3529,82.98,8.17,125.84,143.93,0.457,0.457,6.7585,10.7207,0.0,0.302
3110,3597,188.79,38.21,237.35,201.76,0.7378,0.7378,4.0967,9.4643,0.0,0.5774
3110,3592,83.81,8.09,124.15,82.59,0.4065,0.4065,17.5161,13.7537,7.9734,0.2658
3111,3398,40.81,31.16,84.81,193.0,0.771,0.771,4.5495,17.6481,0.0,0.5482
3111,3557,290.48,26.98,334.85,163.69,0.5737,0.5737,5.8108,18.5681,163.6689,0.1813
3111,3529,81.44,8.25,124.61,143.7,0.5581,0.5581,6.7793,10.9125,0.0,0.3687
3111,3592,81.5,8.16,123.16,84.26,0.2043,0.2043,16.8264,13.7891,8.3316,0.1335
3112,3398,40.72,31.69,85.14,196.46,0.5254,0.5254,4.4381,17.8128,20.9755,0.3696
3112,3557,292.83,27.4,332.12,142.12,0.4766,0.4766,7.145,18.3577,166.5655,0.1508
3112,3529,79.7,8.04,124.44,147.84,0.355,0.355,6.5016,11.0576,15.1871,0.2303
3112,3592,79.61,7.96,122.5,85.96,0.5117,0.5117,16.1749,13.7888,7.6843,0.3347
3112,3597,188.09,38.04,237.69,204.05,0.7793,0.7793,4.0326,9.7307,0.0,0.6163
3113,3398,41.29,31.79,84.77,193.69,0.7422,0.7422,4.5262,17.6566,0.0,0.53
3113,3557,294.1,27.54,332.08,133.0,0.4158,0.4158,7.9029,18.494,167.8585,0.1314
3113,3529,78.6,8.12,122.87,145.89,0.5547,0.5547,6.6356,11.232,163.359,0.1814
3113,3592,79.05,7.98,121.06,83.58,0.3433,0.3433,17.1242,14.0894,173.9673,0.111
3113,3597,186.43,36.74,235.39,201.49,0.6816,0.6816,4.1023,9.2848,0.0,0.533
3114,3398,41.66,32.1,84.79,193.16,0.7739,0.7739,4.5428,17.6063,0.0,0.551
3114,3557,282.97,27.56,343.21,197.6,0.8545,0.8545,4.4599,19.7664,20.9334,0.5956
3114,3529,77.35,7.96,121.5,145.11,0.3577,0.3577,6.6933,11.4107,0.0,0.2361
3114,3592,77.35,7.85,119.2,83.07,0.3303,0.3303,17.3549,14.3227,161.8523,0.1067
3114,3597,185.5,36.56,234.07,200.94,0.8052,0.8052,4.1169,9.1432,0.0,0.6282
3115,3398,41.85,32.12,84.79,192.77,0.7192,0.7192,4.5553,17.5752,0.0,0.5109
3115,3557,281.64,27.24,345.96,211.54,0.8667,0.8667,4.0629,20.5759,22.8918,0.6449
3115,3529,76.52,8.01,120.87,145.45,0.3943,0.3943,6.6726,11.5121,0.0,0.2602
3115,3592,76.32,7.91,118.03,82.77,0.3345,0.3345,17.4939,14.4657,161.2684,0.108
3115,3597,184.29,36.58,233.07,203.35,0.7808,0.7808,4.0482,9.3748,0.0,0.6161
3116,3398,41.92,32.22,84.67,192.53,0.7178,0.7178,4.5633,17.5662,0.0,0.5092
3116,3557,281.74,26.73,347.12,216.55,0.79,0.79,3.9369,20.937,23.8112,0.5988
3116,3529,75.31,8.31,120.68,149.29,0.5205,0.5205,6.4218,11.6302,15.2051,0.3374
3116,3597,181.43,36.68,230.76,207.67,0.3584,0.3584,3.9296,9.7785,26.5418,0.2758
3116,3593,190.13,37.05,215.45,64.88,0.3057,0.3057,30.6829,11.6524,66.5176,0.1404
3117,3398,42.87,32.25,85.81,192.44,0.6919,0.6919,4.5626,17.4358,0.0,0.491
3117,3557,281.79,25.81,348.25,221.46,0.7974,0.7974,3.8203,21.2996,24.4346,0.6151
3117,3529,75.45,8.03,120.16,146.77,0.3364,0.3364,6.5865,11.6393,165.5243,0.1098
3117,3597,180.08,36.62,228.79,207.91,0.645,0.645,3.9221,9.7244,0.0,0.5196
3117,3593,189.65,36.82,214.6,64.66,0.3293,0.3293,30.9769,11.6566,169.8075,0.1075
3117,3592,75.75,8.09,117.19,82.14,0.2878,0.2878,17.7785,14.5923,172.1616,0.0928
3118,3398,42.61,32.63,85.32,192.21,0.7212,0.7212,4.5715,17.4694,0.0,0.5109
3118,3557,285.02,25.53,346.07,205.73,0.6919,0.6919,4.2276,20.4575,158.0645,0.2873
3118,3529,75.04,8.31,119.68,146.88,0.3208,0.3208,6.5808,11.701,0.0,0.2116
3118,3597,179.6,36.97,227.22,205.74,0.7002,0.7002,3.979,9.3905,0.0,0.559
3118,3593,187.73,36.95,211.95,64.89,0.3811,0.3811,30.6579,11.5454,28.73,0.2359
3118,3592,75.26,8.32,116.7,82.27,0.4436,0.4436,17.7247,14.6349,0.0,0.2909
3119,3398,42.69,32.58,85.48,192.32,0.7217,0.7217,4.5675,17.4605,0.0,0.5117
3119,3557,284.84,25.42,346.68,209.45,0.8516,0.8516,4.1256,20.6806,22.6,0.6269
3119,3597,179.6,36.91,227.89,208.14,0.6504,0.6504,3.9156,9.7206,0.0,0.5245
3119,3592,73.63,8.44,115.39,83.76,0.498,0.498,17.0958,14.6783,8.2076,0.3249
3120,3398,42.52,32.46,85.23,192.17,0.6177,0.6177,4.5732,17.4783,0.0,0.4374
3120,3557,285.6,25.02,346.07,205.49,0.5566,0.5566,4.2354,20.4783,158.0844,0.2306
3120,3597,177.09,37.07,225.75,209.11,0.5254,0.5254,3.8889,9.7413,0.0,0.4256
3120,3592,73.64,8.48,115.09,83.67,0.4341,0.4341,17.1346,14.7012,0.0,0.2847
3120,3529,73.46,8.27,118.67,149.54,0.3877,0.3877,6.4125,11.8973,16.7923,0.2502
3121,3398,42.9,32.51,85.25,190.62,0.7188,0.7188,4.6244,17.3775,0.0,0.5043
3121,3557,286.79,24.6,345.25,199.19,0.8384,0.8384,4.4218,20.1863,158.9381,0.3269
3121,3597,175.06,37.04,223.35,208.53,0.6772,0.6772,3.9026,9.5718,0.0,0.5474
3121,3592,75.3,8.4,116.18,81.95,0.4092,0.4092,17.8708,14.6863,172.8571,0.1319
3121,3529,74.59,8.21,119.25,147.27,0.3398,0.3398,6.5564,11.7635,164.2406,0.1109
3122,3398,42.59,32.34,85.24,191.72,0.7568,0.7568,4.588,17.451,0.0,0.5345
3122,3557,287.06,24.26,344.61,196.21,0.8564,0.8564,4.5142,20.0259,0.0,0.6091
3122,3597,173.5,37.58,222.23,209.48,0.4824,0.4824,3.8774,9.6479,0.0,0.3915
3122,3529,72.08,8.21,118.96,157.1,0.458,0.458,5.9667,12.0857,16.1857,0.2959
3123,3398,42.69,32.36,85.3,191.77,0.6538,0.6538,4.586,17.4438,0.0,0.4619
3123,3557,287.63,24.04,344.71,194.99,0.7456,0.7456,4.5547,20.0108,0.0,0.5263
3123,3597,173.23,38.8,221.8,209.17,0.7129,0.7129,3.8852,9.5934,0.0,0.5779
3123,3529,72.29,8.48,116.2,150.17,0.2437,0.2437,6.3792,12.1525,164.9679,0.0794
3124,3398,42.22,32.0,85.09,192.72,0.7334,0.7334,4.5557,17.5324,0.0,0.521
3124,3557,287.55,23.51,344.63,194.63,0.8545,0.8545,4.5661,19.9854,0.0,0.602
3124,3597,169.18,39.63,219.19,209.5,0.6343,0.6343,3.8752,9.5287,0.0,0.5151
3124,3529,73.49,8.37,115.1,143.45,0.2903,0.2903,6.828,12.1155,165.9939,0.0946
3124,3592,73.66,8.39,114.08,82.03,0.355,0.355,17.8514,14.8829,0.0,0.2327
3125,3398,42.97,32.23,85.85,192.52,0.7642,0.7642,4.5597,17.4314,0.0,0.5426
3125,3557,286.97,23.31,344.1,194.06,0.8306,0.8306,4.5825,19.8942,0.0,0.5835
3125,3597,162.83,40.21,212.73,209.41,0.2366,0.2366,3.8756,9.3684,0.0,0.1922
3125,3529,75.58,8.54,111.32,123.89,0.4148,0.4148,8.556,12.5468,168.7615,0.135
3126,3398,42.4,32.32,85.24,192.62,0.5449,0.5449,4.5585,17.5075,0.0,0.3869
3126,3557,287.04,23.16,343.86,192.85,0.8604,0.8604,4.6221,19.8314,0.0,0.5999
3126,3529,74.36,8.6,113.83,137.81,0.5332,0.5332,7.254,12.1732,13.19,0.3468
3127,3398,42.55,32.53,85.28,192.38,0.7129,0.7129,4.5661,17.484,0.0,0.5055
3127,3557,286.92,22.92,343.9,193.27,0.8638,0.8638,4.608,19.8448,0.0,0.6039
3127,3529,74.17,8.43,114.54,142.07,0.3611,0.3611,6.9274,12.11,13.7883,0.2346
3127,3592,73.23,8.32,113.0,82.48,0.3477,0.3477,17.657,14.9302,11.0974,0.2257
3128,3398,42.58,32.52,84.3,188.66,0.6021,0.6021,4.6938,17.3611,160.0693,0.2161
3128,3557,286.95,22.84,343.82,193.2,0.8423,0.8423,4.6102,19.8388,0.0,0.5886
3128,3529,73.51,8.46,117.76,157.93,0.3784,0.3784,5.9207,12.0881,16.0251,0.2446
3128,3597,158.81,42.77,207.76,208.27,0.5649,0.5649,3.9043,9.1564,0.0,0.4567
3129,3398,41.9,32.51,84.49,192.51,0.6494,0.6494,4.5643,17.5772,20.6029,0.4467
3129,3557,286.73,22.17,343.64,193.14,0.8608,0.8608,4.6114,19.8123,0.0,0.6015
3129,3529,73.4,8.64,117.86,162.21,0.3433,0.3433,5.6955,12.1986,16.6429,0.2215
3129,3597,157.4,44.86,205.36,208.41,0.7153,0.7153,3.9006,9.1663,0.0,0.5787
3130,3398,41.96,32.42,84.53,192.54,0.647,0.647,4.5631,17.5727,0.0,0.459
3130,3557,286.7,21.92,343.5,193.08,0.6982,0.6982,4.6131,19.7996,0.0,0.4877
3130,3529,75.36,8.58,116.1,151.08,0.3311,0.3311,6.3175,11.959,164.9112,0.108
3131,3398,42.65,32.47,84.25,188.38,0.3025,0.3025,4.7035,17.3468,159.9921,0.1082
3131,3557,286.23,21.1,343.07,193.22,0.771,0.771,4.6067,19.7519,0.0,0.5393
3132,3398,43.47,32.21,85.06,186.79,0.5518,0.5518,4.7567,17.1739,0.0,0.3776
3132,3557,286.09,21.08,342.58,192.87,0.8789,0.8789,4.617,19.6991,0.0,0.6137
3132,3604,42.41,32.7,72.53,95.72,0.4197,0.4197,13.5266,18.2555,0.0,0.2728
3132,3592,75.39,8.76,113.32,82.23,0.7104,0.7104,17.757,14.8144,151.7796,0.2289
3132,3597,151.35,44.97,193.92,188.73,0.3831,0.3831,4.4814,6.4777,157.4831,0.1534
3133,3398,43.2,32.2,85.13,187.34,0.6206,0.6206,4.7375,17.2113,0.0,0.4262
3133,3557,285.99,21.54,342.07,193.09,0.8574,0.8574,4.6085,19.6722,0.0,0.5997
3133,3604,42.34,32.48,72.72,96.08,0.2854,0.2854,13.4339,18.2313,0.0,0.1855
3133,3592,76.53,8.75,113.34,82.25,0.626,0.626,17.7429,14.7498,0.0,0.4105
3133,3597,152.91,43.85,187.32,152.27,0.4177,0.4177,6.1023,1.8489,164.404,0.1392
3134,3398,41.88,32.2,84.47,190.82,0.6611,0.6611,4.6207,17.4963,21.3517,0.4488
3134,3557,285.59,21.73,341.13,192.78,0.8628,0.8628,4.6162,19.5785,0.0,0.6027
3134,3604,42.26,32.35,72.79,96.31,0.2942,0.2942,13.3757,18.2211,0.0,0.1912
3134,3592,77.12,8.61,113.05,82.31,0.5488,0.5488,17.7148,14.7288,0.0,0.3599
3134,3597,152.07,43.79,184.57,139.95,0.222,0.222,6.9222,1.7735,166.0763,0.074
3135,3398,42.48,32.02,85.7,192.32,0.8013,0.8013,4.5674,17.4599,0.0,0.5681
3135,3557,284.94,21.53,340.15,192.83,0.8916,0.8916,4.6114,19.4832,0.0,0.6236
3135,3592,78.11,8.64,114.21,84.46,0.4036,0.4036,16.7957,14.4429,6.3086,0.264
3135,3597,142.88,44.08,192.43,192.86,0.7393,0.7393,4.3487,7.194,21.3558,0.5382
3135,3529,77.09,8.67,116.84,151.05,0.3372,0.3372,6.3151,11.7896,0.0,0.2224
3136,3398,45.58,32.02,81.65,161.37,0.4707,0.4707,5.8575,16.4219,163.7902,0.1505
3136,3557,284.88,21.56,339.24,191.54,0.7139,0.7139,4.6527,19.3687,0.0,0.4955
3136,3592,79.41,8.38,114.27,82.83,0.3477,0.3477,17.4707,14.4972,173.8668,0.1122
3136,3597,145.13,43.97,187.57,165.61,0.5908,0.5908,5.4007,3.663,162.5148,0.1965
3136,3529,79.45,8.4,118.07,148.0,0.3276,0.3276,6.5022,11.5149,162.6971,0.107
3137,3398,42.23,31.84,84.15,183.3,0.7251,0.7251,4.888,17.1545,19.2537,0.47
3137,3557,283.84,21.66,338.07,192.43,0.8403,0.8403,4.6186,19.275,0.0,0.5872
3137,3592,80.79,8.32,115.1,82.56,0.3066,0.3066,17.5791,14.3994,156.1222,0.099
3137,3597,141.01,43.83,188.04,180.46,0.2925,0.2925,4.7774,5.6654,19.7487,0.1975
3137,3529,80.62,8.42,118.38,146.99,0.2766,0.2766,6.5661,11.407,0.0,0.1826
3138,3398,41.13,31.61,84.41,189.15,0.4717,0.4717,4.6792,17.4658,20.1584,0.3178
3138,3557,282.63,22.45,336.23,191.36,0.2473,0.2473,4.6487,19.0445,0.0,0.1719
3138,3592,83.37,8.16,117.42,81.34,0.5352,0.5352,18.1106,14.2377,167.5783,0.1729
3139,3398,40.67,31.24,84.58,192.07,0.7422,0.7422,4.5808,17.624,0.0,0.5247
3139,3557,281.37,21.54,334.13,187.59,0.8052,0.8052,4.7728,18.6794,158.028,0.2787
3139,3597,138.68,45.83,182.85,171.78,0.4912,0.4912,5.1273,4.8374,160.2323,0.1632
3139,3529,79.78,8.27,120.19,161.57,0.3218,0.3218,5.7148,11.5952,16.569,0.2079
3140,3398,40.52,31.19,84.13,191.9,0.3433,0.3433,4.5875,17.6519,0.0,0.2424
3140,3557,280.41,20.83,332.46,184.67,0.8369,0.8369,4.8735,18.3999,158.412,0.2788
3140,3597,139.71,46.26,178.9,153.86,0.5469,0.5469,6.0165,3.2861,164.1873,0.182
3140,3529,81.44,8.28,121.63,163.52,0.4131,0.4131,5.612,11.4485,20.2742,0.2641
3140,3604,35.43,31.66,87.59,143.41,0.5679,0.5679,6.9749,16.5297,13.6981,0.3654
3141,3398,40.91,31.18,84.16,190.86,0.4834,0.4834,4.6216,17.5758,0.0,0.3391
3141,3557,279.02,19.44,331.32,184.72,0.8608,0.8608,4.8667,18.2462,0.0,0.5747
3141,3597,139.08,46.72,181.57,162.96,0.5488,0.5488,5.5319,3.915,17.1614,0.3573
3141,3529,82.27,8.2,121.51,163.12,0.542,0.542,5.6309,11.3878,0.0,0.3578
3141,3604,35.8,31.25,88.11,145.66,0.2101,0.2101,6.8129,16.4724,14.0998,0.1351
3142,3398,40.99,31.18,84.39,191.92,0.7305,0.7305,4.5856,17.6088,0.0,0.516
3142,3557,277.96,18.1,330.74,185.97,0.8584,0.8584,4.8179,18.1964,0.0,0.5788
3142,3529,83.09,8.26,122.69,167.67,0.4187,0.4187,5.4095,11.4216,17.6659,0.2698
3142,3592,84.38,8.25,119.6,85.36,0.7139,0.7139,16.3953,13.7356,6.2562,0.4677
3143,3398,40.46,31.27,84.81,196.72,0.7974,0.7974,4.431,17.8616,21.0613,0.5615
3143,3557,278.73,17.7,329.32,178.96,0.3364,0.3364,5.0836,17.8871,161.38,0.1067
3143,3529,86.48,8.19,121.95,149.79,0.4045,0.4045,6.3699,10.7783,164.9527,0.1325
3143,3592,86.01,8.32,119.92,83.06,0.4766,0.4766,17.3207,13.8213,173.8046,0.1543
3143,3597,139.13,48.01,181.41,162.07,0.5049,0.5049,5.576,3.8337,0.0,0.3362
3144,3398,40.46,30.94,83.95,193.85,0.224,0.224,4.5238,17.7637,0.0,0.16
3144,3592,87.44,8.24,120.56,81.29,0.585,0.585,18.1037,13.8628,173.652,0.1893
3144,3614,284.78,17.62,326.63,103.81,0.3567,0.3567,11.7402,18.2911,0.0,0.2318
3144,3597,138.5,48.05,180.99,161.05,0.2358,0.2358,5.6278,3.7939,0.0,0.157
3144,3604,36.61,32.25,85.91,142.42,0.3794,0.3794,7.0488,16.5639,166.3296,0.1212
3145,3398,40.5,31.0,83.72,193.78,0.2629,0.2629,4.5264,17.7715,0.0,0.1877
3145,3592,88.39,8.17,121.38,80.97,0.6299,0.6299,18.247,13.7985,163.8613,0.2039
3145,3604,36.76,32.29,85.86,144.67,0.2401,0.2401,6.8855,16.5562,13.8865,0.1544
3145,3557,274.16,17.13,324.89,177.84,0.771,0.771,5.111,17.2827,0.0,0.5024
3146,3592,89.42,8.19,122.45,80.71,0.585,0.585,18.3626,13.7127,157.4707,0.1894
3146,3604,37.21,31.93,85.37,144.52,0.4756,0.4756,6.8963,16.5587,0.0,0.3105
3146,3557,274.63,16.83,324.9,176.51,0.8262,0.8262,5.1664,17.2664,0.0,0.5384
3147,3592,90.04,8.25,123.42,81.22,0.4941,0.4941,18.1144,13.586,9.4704,0.3225
3147,3557,274.82,16.27,324.08,173.71,0.8394,0.8394,5.2835,17.1342,161.8816,0.2674
3147,3398,40.78,30.68,83.91,193.56,0.5728,0.5728,4.5328,17.7322,0.0,0.4085
3148,3592,90.17,8.27,123.56,81.42,0.2759,0.2759,18.0202,13.5544,0.0,0.1814
3148,3557,275.59,16.18,323.24,169.14,0.5601,0.5601,5.4876,16.9956,162.7329,0.1785
3148,3529,90.89,8.03,123.63,137.6,0.3259,0.3259,7.2226,10.3643,166.2131,0.1069
3148,3604,38.14,31.36,85.52,144.13,0.397,0.397,6.9214,16.4873,0.0,0.2592
3149,3592,91.04,8.24,125.34,83.08,0.5215,0.5215,17.2719,13.2713,6.9834,0.3417
3149,3557,275.66,15.99,322.84,168.23,0.7974,0.7974,5.5293,16.9502,0.0,0.5201
3149,3398,40.95,29.98,84.39,194.48,0.4543,0.4543,4.5019,17.7402,0.0,0.3258
3150,3592,91.43,8.27,126.37,84.39,0.2629,0.2629,16.7249,13.0825,6.4613,0.1724
3150,3557,274.77,15.65,321.78,168.13,0.8467,0.8467,5.53,16.8221,0.0,0.5524
3150,3398,41.0,29.9,84.11,193.72,0.5068,0.5068,4.5268,17.7151,0.0,0.3618
3150,3529,92.06,7.89,126.14,141.65,0.2605,0.2605,6.907,10.075,14.8218,0.1694
3151,3592,92.3,8.14,126.82,82.96,0.2983,0.2983,17.3131,13.1404,173.7161,0.0968
3151,3557,274.16,15.17,320.88,166.83,0.644,0.644,5.5886,16.6912,0.0,0.4203
3151,3529,93.02,7.79,126.96,139.08,0.4092,0.4092,7.0975,9.9697,165.5777,0.1343
3152,3557,273.46,15.3,320.03,166.68,0.708,0.708,5.5926,16.5872,0.0,0.4622
3152,3529,93.02,7.68,127.37,139.27,0.5566,0.5566,7.0823,9.9394,0.0,0.3683
3153,3557,272.69,15.17,319.16,166.38,0.7686,0.7686,5.6037,16.4735,0.0,0.5019
3153,3529,92.83,7.65,127.12,137.77,0.3584,0.3584,7.2001,9.9863,166.6518,0.1177
3153,3398,41.15,30.11,83.86,192.17,0.6069,0.6069,4.5779,17.6435,0.0,0.4292
3154,3557,272.26,15.05,318.66,166.31,0.7271,0.7271,5.6051,16.4115,0.0,0.4749
3154,3529,93.51,7.85,127.9,137.58,0.5176,0.5176,7.2129,9.8874,0.0,0.3425
3154,3398,41.05,30.52,84.0,193.25,0.5776,0.5776,4.5423,17.6949,0.0,0.4112
3154,3592,93.54,8.22,127.74,82.16,0.2805,0.2805,17.6551,13.1019,170.4999,0.0911
3155,3557,271.94,14.65,318.31,166.14,0.8086,0.8086,5.612,16.3638,0.0,0.5281
3155,3529,93.95,7.89,128.53,138.04,0.5718,0.5718,7.1747,9.8075,0.0,0.3784
3156,3557,271.46,14.51,317.85,166.85,0.6982,0.6982,5.5759,16.3209,0.0,0.4561
3156,3529,94.72,7.83,128.95,136.18,0.4883,0.4883,7.3223,9.7509,166.1265,0.1604
3156,3398,42.34,30.68,85.74,193.26,0.4006,0.4006,4.5367,17.5135,0.0,0.2856
3157,3557,270.84,14.56,317.05,166.5,0.4648,0.4648,5.5898,16.2198,0.0,0.3037
3157,3529,94.81,7.86,129.27,137.03,0.4766,0.4766,7.2526,9.7097,0.0,0.3155
3157,3398,42.05,30.79,85.85,193.83,0.4775,0.4775,4.5185,17.5535,0.0,0.3416
3158,3529,97.03,7.89,127.82,120.6,0.4717,0.4717,8.8488,10.1546,169.1024,0.1548
3158,3398,42.02,30.82,86.1,193.75,0.502,0.502,4.5207,17.5362,0.0,0.359
3159,3529,95.89,7.77,129.37,130.79,0.4524,0.4524,7.7881,9.7566,12.3165,0.2959
3159,3398,42.67,29.81,87.56,193.81,0.4814,0.4814,4.5152,17.4128,0.0,0.3447
3159,3592,93.78,7.97,130.37,88.62,0.2991,0.2991,15.1615,12.3804,6.4979,0.1964
3159,3557,269.86,14.12,316.08,167.26,0.7739,0.7739,5.5496,16.1132,0.0,0.5058
3160,3529,95.66,7.68,129.93,134.13,0.5508,0.5508,7.491,9.6553,12.7864,0.36
3160,3398,42.55,30.82,87.32,193.08,0.6758,0.6758,4.5396,17.3967,0.0,0.4817
3160,3557,269.86,13.94,315.9,167.8,0.8496,0.8496,5.5237,16.1161,0.0,0.5553
3161,3398,43.88,30.64,89.23,192.9,0.2161,0.2161,4.54,17.1927,0.0,0.1541
3161,3557,269.22,13.89,314.82,167.25,0.4785,0.4785,5.5463,15.9896,0.0,0.3128
3161,3592,92.7,8.17,133.82,101.75,0.4197,0.4197,11.7524,11.1908,8.2401,0.2757
3162,3398,44.3,31.04,89.73,192.92,0.3337,0.3337,4.5378,17.1384,0.0,0.2381
3162,3557,269.36,13.79,313.8,164.36,0.7793,0.7793,5.685,15.8589,162.9785,0.2499
3162,3529,98.53,7.6,128.07,114.37,0.6567,0.6567,9.6396,10.3594,169.9765,0.2153
3163,3398,44.81,31.09,89.82,189.58,0.5049,0.5049,4.6486,16.9328,159.677,0.1847
3163,3557,269.08,13.67,312.68,162.25,0.8135,0.8135,5.7889,15.7193,162.4508,0.261
3163,3529,99.17,7.52,127.81,109.25,0.4321,0.4321,10.4009,10.6446,170.6894,0.1416
3164,3398,45.43,31.58,91.36,190.94,0.6152,0.6152,4.5988,16.8698,0.0,0.4342
3164,3557,269.13,13.74,312.15,161.48,0.7363,0.7363,5.8278,15.6715,0.0,0.4817
3164,3529,99.74,7.78,127.65,105.15,0.3345,0.3345,11.0987,10.8949,171.2563,0.1095
3164,3592,87.31,8.03,140.55,137.92,0.4082,0.4082,7.1758,9.4352,13.3316,0.2666
3165,3398,46.28,31.57,93.44,192.2,0.5708,0.5708,4.552,16.7581,0.0,0.4065
3165,3557,268.85,12.74,311.54,160.85,0.8555,0.8555,5.859,15.6001,0.0,0.5598
3165,3529,96.3,7.64,131.59,133.26,0.7334,0.7334,7.5624,9.5153,12.6759,0.4796
3166,3398,47.0,32.12,94.43,190.45,0.7559,0.7559,4.6076,16.5634,0.0,0.533
3166,3557,268.52,12.01,311.21,161.19,0.8237,0.8237,5.8398,15.5636,0.0,0.5391
3166,3529,95.78,7.52,132.83,141.79,0.5947,0.5947,6.8809,9.349,13.8776,0.388
3167,3398,50.74,32.88,100.46,192.04,0.8228,0.8228,4.5389,16.0579,0.0,0.5884
3167,3557,268.44,11.65,310.71,160.23,0.7139,0.7139,5.8892,15.5061,0.0,0.4673
3167,3529,100.37,7.5,128.33,103.92,0.4746,0.4746,11.3232,10.9045,171.4543,0.1553
3168,3398,50.1,33.07,100.99,192.07,0.7754,0.7754,4.538,16.0662,0.0,0.5546
3168,3557,268.44,10.95,309.42,156.07,0.8013,0.8013,6.1158,15.3496,164.1125,0.2576
3168,3529,102.47,7.45,126.46,87.22,0.248,0.248,15.6249,12.2532,173.7837,0.0808
3168,3592,90.51,8.58,142.83,144.17,0.4407,0.4407,6.7046,9.0131,15.2055,0.2868
3169,3398,50.74,33.69,102.81,191.9,0.8315,0.8315,4.5398,15.9087,0.0,0.5947
3169,3557,268.06,10.17,308.22,153.68,0.7422,0.7422,6.2518,15.2128,163.6987,0.2387
3169,3529,103.27,7.59,125.92,80.7,0.2966,0.2966,18.301,12.8424,174.6834,0.0964
3169,3592,93.78,8.66,144.65,145.33,0.4102,0.4102,6.618,8.6585,0.0,0.2719
3170,3398,51.67,34.01,105.74,193.51,0.8647,0.8647,4.4814,15.7692,0.0,0.6254
3170,3557,267.6,10.08,308.13,156.4,0.6738,0.6738,6.0926,15.2132,15.5973,0.4331
3170,3592,95.7,8.54,145.78,147.11,0.6724,0.6724,6.4952,8.4539,18.3952,0.4344
3171,3398,51.69,34.3,106.9,193.1,0.7422,0.7422,4.4929,15.6748,0.0,0.5358
3171,3557,266.97,9.6,306.0,150.95,0.8037,0.8037,6.4112,14.9639,164.4575,0.2588
3171,3592,94.96,8.63,140.63,141.72,0.647,0.647,6.8761,8.8614,164.6052,0.2131
3172,3398,52.16,34.87,108.45,193.02,0.8452,0.8452,4.4924,15.5493,0.0,0.6104
3172,3557,267.68,9.15,305.42,146.82,0.7832,0.7832,6.6796,14.9472,165.7033,0.2522
3172,3592,95.37,8.5,138.13,139.25,0.6626,0.6626,7.0639,9.0268,165.5992,0.2181
3173,3398,52.13,34.6,109.7,193.37,0.8618,0.8618,4.4793,15.4972,0.0,0.6239
3173,3557,267.48,9.19,304.96,146.29,0.7754,0.7754,6.7141,14.9013,0.0,0.5082
3173,3592,96.27,8.55,136.81,138.11,0.6011,0.6011,7.153,9.0695,0.0,0.3982
3174,3398,52.31,34.49,110.88,193.49,0.8594,0.8594,4.4734,15.4233,0.0,0.623
3174,3557,267.41,9.13,304.26,145.03,0.7212,0.7212,6.7993,14.8471,0.0,0.4728
3174,3592,96.18,8.55,137.55,147.06,0.2234,0.2234,6.5086,8.9962,14.6384,0.1456
3175,3398,52.71,34.72,112.19,193.91,0.8203,0.8203,4.4574,15.3469,0.0,0.5965
3175,3557,261.69,8.74,299.75,146.12,0.4619,0.4619,6.7018,14.1614,42.518,0.2628
3175,3529,106.15,7.72,127.23,73.69,0.3057,0.3057,22.3746,13.3316,175.4116,0.0992
3176,3398,52.34,34.34,112.67,193.78,0.7529,0.7529,4.4614,15.3325,0.0,0.5471
3176,3557,263.46,8.52,300.97,144.24,0.4514,0.4514,6.8388,14.36,163.3152,0.1458
3176,3529,105.76,7.75,128.34,78.03,0.3923,0.3923,19.6552,12.8649,4.9481,0.2578
3177,3398,51.67,34.0,112.67,193.63,0.8604,0.8604,4.4672,15.3633,0.0,0.6245
3177,3557,263.05,8.66,300.16,143.2,0.7485,0.7485,6.9104,14.2782,0.0,0.4913
3177,3529,105.59,7.73,129.13,81.16,0.2783,0.2783,18.0639,12.5293,5.386,0.1829
3177,3592,98.9,8.66,136.44,140.22,0.5557,0.5557,6.9876,8.8891,166.1662,0.183
3178,3398,52.47,34.05,113.8,193.2,0.6704,0.6704,4.4783,15.2224,0.0,0.4857
3178,3529,105.72,7.79,129.76,83.15,0.5928,0.5928,17.1757,12.3007,5.7171,0.3897
3179,3398,54.82,34.16,115.73,192.39,0.6792,0.6792,4.4984,14.918,0.0,0.4906
3179,3529,105.94,7.84,130.46,85.39,0.4534,0.4534,16.2723,12.0422,6.0456,0.2981
3179,3592,100.45,8.45,136.48,140.71,0.3904,0.3904,6.9487,8.774,0.0,0.2587
3180,3398,56.51,33.92,117.45,193.1,0.7725,0.7725,4.4706,14.759,0.0,0.561
3180,3529,106.41,7.92,130.86,85.74,0.5527,0.5527,16.1373,11.9658,9.2578,0.3621
3180,3592,102.43,8.34,137.25,140.02,0.3201,0.3201,6.9966,8.5873,0.0,0.2122
3181,3398,56.8,33.36,119.01,198.48,0.7612,0.7612,4.3003,15.0029,21.6816,0.5519
3181,3529,106.62,8.02,130.5,83.61,0.2886,0.2886,16.9777,12.1763,174.2819,0.094
3181,3592,102.0,8.29,135.85,139.49,0.2705,0.2705,7.0393,8.7205,0.0,0.1793
3182,3398,59.26,33.06,119.78,195.45,0.8286,0.8286,4.3889,14.6116,0.0,0.611
3182,3529,107.12,8.03,131.31,84.96,0.2407,0.2407,16.4318,11.9825,6.4587,0.1582
3182,3592,104.47,8.21,137.51,138.3,0.4036,0.4036,7.1255,8.4459,0.0,0.2676
3183,3398,60.3,32.29,119.99,194.33,0.8296,0.8296,4.4225,14.4643,0.0,0.6082
3183,3592,106.94,8.07,141.43,143.34,0.6426,0.6426,6.7431,7.9587,16.2452,0.4178
3183,3638,191.07,36.32,208.36,80.14,0.4207,0.4207,18.3548,9.5029,0.0,0.2785
3183,3557,267.83,9.04,290.46,86.12,0.6494,0.6494,16.2877,16.0421,174.0103,0.208
3184,3398,60.45,31.45,120.05,195.2,0.8062,0.8062,4.3948,14.5096,0.0,0.594
3184,3592,108.21,7.65,143.24,145.02,0.5107,0.5107,6.6229,7.7426,18.5912,0.33
3184,3638,192.24,36.02,208.01,75.85,0.2351,0.2351,20.7093,10.0917,175.2906,0.0772
3184,3557,266.83,9.01,289.61,82.92,0.3904,0.3904,17.5725,16.156,174.1542,0.125
3185,3398,61.23,31.78,119.46,193.4,0.4854,0.4854,4.4517,14.38,0.0,0.354
3185,3592,109.13,7.39,144.37,145.55,0.4111,0.4111,6.5845,7.6,0.0,0.2729
3186,3398,61.77,30.99,119.78,193.45,0.8218,0.8218,4.4489,14.3326,0.0,0.5997
3186,3592,109.48,7.37,144.73,145.72,0.5332,0.5332,6.5723,7.5507,0.0,0.3539
3186,3642,241.12,9.21,291.12,133.78,0.3701,0.3701,7.5906,12.255,0.0,0.2439
3186,3557,264.4,8.96,287.51,80.99,0.459,0.459,18.4305,16.0408,171.6133,0.147
3187,3398,62.54,30.23,120.21,193.47,0.8062,0.8062,4.4467,14.2632,0.0,0.5887
3187,3592,109.54,7.55,144.69,145.3,0.5371,0.5371,6.6006,7.5476,0.0,0.3565
3187,3642,240.38,9.29,290.92,135.35,0.7939,0.7939,7.4544,12.1675,13.1872,0.5163
3187,3529,108.89,8.04,132.47,83.67,0.314,0.314,16.9398,11.9647,171.119,0.1024
3188,3398,63.89,29.96,120.36,191.54,0.7671,0.7671,4.5074,14.0491,0.0,0.5541
3188,3592,109.29,7.82,144.16,144.64,0.218,0.218,6.6466,7.6009,0.0,0.1447
3188,3642,239.27,9.08,289.97,135.68,0.4658,0.4658,7.4227,12.0224,0.0,0.3071
3189,3398,64.86,29.95,120.79,192.2,0.6943,0.6943,4.4839,14.009,0.0,0.5038
3189,3592,109.22,7.99,144.05,144.47,0.5127,0.5127,6.6585,7.6133,0.0,0.3403
3189,3642,238.62,8.79,289.57,136.16,0.7964,0.7964,7.3808,11.9443,0.0,0.5252
3190,3398,67.74,30.06,121.93,189.86,0.7393,0.7393,4.556,13.6185,0.0,0.5297
3190,3592,109.1,7.68,144.16,145.13,0.6489,0.6489,6.6133,7.6154,0.0,0.4307
3190,3642,238.47,8.6,289.43,136.29,0.5962,0.5962,7.3695,11.9228,0.0,0.3932
3191,3398,71.43,29.92,123.81,188.04,0.5156,0.5156,4.6107,13.1684,0.0,0.366
3191,3592,107.45,8.02,141.79,144.9,0.5107,0.5107,6.6337,7.898,0.0,0.3389
3191,3642,236.72,8.35,287.37,135.91,0.8218,0.8218,7.3935,11.667,0.0,0.5422
3191,3651,191.06,36.0,209.1,81.25,0.363,0.363,17.8296,9.3703,0.0,0.2404
3192,3398,74.32,28.85,126.3,188.87,0.6958,0.6958,4.5755,12.9015,0.0,0.4974
3192,3592,107.01,8.26,140.38,143.4,0.6113,0.6113,6.7401,8.0276,163.8596,0.2018
3192,3642,235.47,7.97,285.95,136.14,0.7725,0.7725,7.3694,11.4809,0.0,0.5098
3192,3651,191.0,36.27,208.99,81.38,0.2893,0.2893,17.7697,9.3494,0.0,0.1916
3193,3398,74.9,26.41,128.01,193.65,0.4746,0.4746,4.4156,13.1015,21.371,0.3384
3193,3592,108.34,8.05,142.16,143.85,0.2878,0.2878,6.7047,7.8082,0.0,0.191
3193,3642,234.9,7.77,285.42,137.65,0.8555,0.8555,7.2448,11.3871,13.7721,0.5565
3193,3651,190.75,35.98,208.75,81.21,0.2394,0.2394,17.8473,9.3617,0.0,0.1585
3194,3398,79.23,25.33,132.44,196.36,0.4504,0.4504,4.3208,12.8104,33.9674,0.3117
3194,3642,234.54,7.92,284.5,138.06,0.7861,0.7861,7.2099,11.2947,0.0,0.519
3195,3398,82.69,24.74,135.1,194.84,0.6226,0.6226,4.3613,12.349,0.0,0.4633
3195,3642,234.05,7.81,284.2,140.68,0.7559,0.7559,7.0065,11.2192,13.7004,0.4919
3196,3398,83.8,25.19,135.4,195.43,0.457,0.457,4.3414,12.3181,0.0,0.3413
3196,3642,233.95,7.85,282.2,137.87,0.4167,0.4167,7.2197,11.0977,165.6585,0.1363
3197,3398,84.71,23.63,136.28,196.85,0.4834,0.4834,4.2959,12.3361,0.0,0.3639
3197,3642,232.97,7.73,280.01,136.85,0.6895,0.6895,7.2959,10.8915,0.0,0.4555
3198,3398,87.24,13.5,141.86,199.21,0.3943,0.3943,4.2171,12.1044,0.0,0.3011
3198,3642,232.98,7.27,279.06,136.74,0.8145,0.8145,7.3031,10.8281,0.0,0.5382
3198,3651,189.87,35.92,207.84,81.41,0.3657,0.3657,17.7536,9.2982,23.4743,0.2321
3199,3398,88.75,9.69,142.64,195.97,0.7075,0.7075,4.3124,11.6997,0.0,0.5316
3199,3642,232.98,6.82,278.03,136.32,0.7056,0.7056,7.3356,10.7629,0.0,0.4663
3200,3398,92.35,8.98,146.99,198.28,0.6733,0.6733,4.2352,11.4895,0.0,0.513
3200,3642,233.24,6.94,277.26,136.35,0.7568,0.7568,7.3322,10.7273,0.0,0.5001
3201,3398,97.96,8.4,153.89,197.89,0.6226,0.6226,4.2362,10.8249,0.0,0.4748
3201,3642,233.5,6.06,276.68,135.98,0.8169,0.8169,7.3621,10.7106,0.0,0.5399
3202,3398,102.71,7.87,159.33,194.51,0.3364,0.3364,4.3314,9.9942,142.7516,0.1404
3202,3642,233.1,5.64,275.16,135.66,0.6343,0.6343,7.3852,10.5831,0.0,0.4193
3203,3398,105.72,7.55,163.37,193.1,0.3584,0.3584,4.3706,9.5135,0.0,0.2674
3203,3642,232.86,5.22,274.16,135.95,0.7485,0.7485,7.3591,10.4932,0.0,0.4948
3204,3398,104.4,7.67,162.16,192.94,0.4263,0.4263,4.3775,9.6182,0.0,0.3176
3204,3642,231.86,5.25,272.33,136.44,0.5688,0.5688,7.314,10.2906,0.0,0.3762
3204,3592,105.41,8.46,140.81,145.27,0.3208,0.3208,6.6122,8.1114,0.0,0.2128
3205,3398,103.73,7.76,161.31,192.15,0.2069,0.2069,4.4038,9.6129,0.0,0.1534
3205,3642,230.98,4.67,270.71,136.16,0.5747,0.2873,7.3327,10.1221,0.0,0.1901
3206,3398,103.49,7.84,161.27,192.04,0.396,0.396,4.4076,9.6157,0.0,0.2934
3206,3529,107.74,8.34,129.36,64.92,0.4902,0.4902,30.9291,14.0813,0.0,0.3219
3207,3398,103.17,8.1,161.04,191.63,0.4426,0.4426,4.4212,9.6024,0.0,0.3272
3208,3398,106.21,7.39,166.4,192.79,0.5796,0.5796,4.378,9.316,0.0,0.4319
3208,3642,227.73,5.57,264.23,126.53,0.3923,0.3923,8.1955,9.701,166.682,0.1289
3209,3398,110.15,20.65,167.73,193.32,0.7114,0.7114,4.3578,9.1313,0.0,0.5322
3209,3642,224.55,5.96,262.77,132.95,0.8403,0.8403,7.582,9.1924,13.2212,0.5492
3209,3651,190.36,35.93,207.8,80.87,0.2815,0.2815,18.0042,9.3795,174.1757,0.0926
3210,3398,111.99,25.29,169.41,193.25,0.7363,0.7363,4.3578,8.9681,0.0,0.5509
3210,3642,222.78,2.38,262.3,134.92,0.8252,0.4126,7.4095,8.9943,14.4544,0.269
3210,3670,101.88,8.35,121.77,86.03,0.459,0.459,16.072,12.6334,0.0,0.3023
3211,3398,111.85,26.26,169.64,192.65,0.3398,0.3398,4.3768,8.8986,0.0,0.2534
3211,3642,222.83,5.1,261.47,135.71,0.8013,0.8013,7.3425,8.9249,0.0,0.531
3211,3670,100.06,8.42,122.75,97.0,0.5234,0.5234,12.8068,11.7646,7.5856,0.3437
3212,3642,223.48,6.13,261.19,135.23,0.4485,0.4485,7.3829,8.9597,0.0,0.2972
3213,3642,223.58,11.47,259.65,135.42,0.4805,0.4805,7.365,8.8562,0.0,0.3184
3213,3398,112.73,26.2,171.09,193.3,0.46,0.46,4.3548,8.8689,0.0,0.3444
3213,3670,99.79,8.54,122.37,96.33,0.259,0.259,12.9706,11.8536,171.8677,0.0845
3214,3642,221.95,14.28,257.23,134.87,0.4844,0.4844,7.4051,8.5864,0.0,0.3211
3214,3398,113.72,25.42,172.51,193.05,0.5571,0.5571,4.3613,8.7387,0.0,0.4167
3214,3670,99.54,8.78,122.12,96.27,0.3235,0.3235,12.9867,11.8866,0.0,0.2134
3215,3642,219.57,8.85,256.69,135.1,0.7642,0.7642,7.3817,8.3789,0.0,0.5067
3215,3670,100.54,8.84,121.18,87.71,0.2983,0.2983,15.477,12.5879,173.7251,0.097
3216,3642,218.48,7.62,256.21,135.55,0.8184,0.8184,7.3421,8.2605,0.0,0.5428
3216,3670,100.34,8.78,120.41,84.61,0.5581,0.5581,16.6268,12.9097,174.1254,0.1813
3216,3398,117.75,26.66,175.09,192.03,0.5166,0.5166,4.3902,8.3504,0.0,0.3846
3217,3642,217.37,5.8,255.89,135.44,0.7568,0.7568,7.3493,8.1633,0.0,0.502
3217,3670,98.84,8.62,121.1,92.33,0.2234,0.2234,14.0337,12.2967,6.9381,0.1467
3217,3398,121.55,26.45,178.12,191.93,0.3167,0.3167,4.3901,8.0732,0.0,0.2358
3217,3592,96.99,8.05,129.9,138.12,0.4177,0.4177,7.1615,9.5002,159.4082,0.1373
3217,3651,189.94,35.97,207.21,81.39,0.3425,0.3425,17.7622,9.2897,7.5808,0.2258
3218,3642,216.39,4.05,255.29,134.89,0.7568,0.3784,7.393,8.0656,0.0,0.251
3218,3670,99.62,8.62,120.53,86.47,0.4045,0.4045,15.9218,12.7782,173.8943,0.1315
3218,3398,123.56,25.81,179.76,192.35,0.543,0.543,4.375,7.9903,0.0,0.4055
3218,3592,97.36,8.74,128.92,136.58,0.2128,0.2128,7.2856,9.5638,166.7201,0.0699
3219,3642,218.82,3.34,256.4,131.77,0.7612,0.3806,7.6687,8.3911,165.9923,0.1255
3219,3670,97.88,8.44,121.6,96.61,0.3433,0.3433,12.9097,11.984,7.5233,0.2254
3219,3398,127.16,25.93,183.17,192.6,0.5127,0.5127,4.3641,7.784,0.0,0.3837
3220,3642,219.13,3.51,256.23,131.61,0.7188,0.3594,7.6833,8.4054,0.0,0.2383
3220,3670,97.96,8.4,121.66,96.53,0.2358,0.2358,12.9288,11.9821,0.0,0.1555
3220,3398,128.55,26.34,184.48,193.16,0.7515,0.7515,4.3454,7.7704,0.0,0.5643
3220,3592,95.77,8.1,128.34,141.05,0.2712,0.2712,6.9421,9.6669,14.2863,0.1767
3221,3642,217.5,2.88,254.43,129.83,0.8169,0.4084,7.8421,8.2277,162.7963,0.1347
3221,3670,98.02,8.3,121.69,96.21,0.3979,0.3979,13.0068,12.0017,0.0,0.2624
3221,3398,130.99,26.21,186.26,192.89,0.6167,0.6167,4.3525,7.6121,0.0,0.4626
3222,3642,216.88,2.38,254.18,129.93,0.8062,0.4031,7.8315,8.1649,0.0,0.2674
3222,3670,97.29,8.15,121.72,98.59,0.2532,0.2532,12.4476,11.8612,7.9145,0.1662
3222,3398,134.69,26.24,190.19,192.79,0.5557,0.5557,4.3533,7.3999,0.0,0.4168
3223,3642,217.09,2.16,254.44,129.33,0.7739,0.387,7.8887,8.218,0.0,0.2566
3223,3670,97.37,7.81,121.39,96.89,0.2673,0.2673,12.8442,12.0036,172.4572,0.0872
3223,3398,133.95,26.24,187.85,190.14,0.2161,0.2161,4.4397,7.1292,0.0,0.1597
3223,3592,95.22,7.49,127.09,138.97,0.2532,0.2532,7.1024,9.809,165.6541,0.0832
3224,3642,218.37,1.16,255.81,129.26,0.6934,0.3467,7.8991,8.4007,0.0,0.2299
3224,3670,97.6,7.75,122.19,98.99,0.222,0.222,12.3557,11.7863,7.9852,0.1457
3224,3675,137.69,26.87,192.16,127.97,0.3337,0.3337,7.9452,3.1546,0.0,0.2223
3224,3592,96.77,7.46,129.03,140.62,0.3108,0.3108,6.9715,9.5519,18.6731,0.2003
3225,3642,219.71,0.53,256.61,128.64,0.2407,0.1203,7.9616,8.568,0.0,0.0798
3225,3398,139.5,25.77,192.3,187.77,0.3857,0.3857,4.5161,6.5701,0.0,0.2812
3226,3642,218.24,1.0,255.21,128.33,0.7441,0.372,7.9874,8.3848,0.0,0.2467
3226,3398,143.4,25.81,195.38,184.7,0.2213,0.2213,4.6209,6.0137,150.5743,0.0845
3226,3670,99.42,7.66,125.75,103.75,0.502,0.502,11.3636,11.1256,9.5379,0.3292
3227,3642,219.29,1.61,255.71,128.7,0.7334,0.3667,7.9539,8.4763,0.0,0.2431
3227,3398,144.43,26.02,195.97,183.25,0.3943,0.3943,4.6724,5.7857,0.0,0.2794
3227,3675,141.6,26.76,195.51,127.17,0.283,0.283,8.021,2.9182,134.618,0.0942
3227,3592,96.4,7.45,129.68,145.26,0.502,0.502,6.6398,9.5222,14.3621,0.3271
3228,3642,219.25,2.46,254.87,128.99,0.6768,0.3384,7.9248,8.4061,0.0,0.2244
3228,3398,145.69,26.57,198.54,187.62,0.4243,0.4243,4.519,6.3352,22.2988,0.2986
3228,3670,100.05,7.81,127.35,105.94,0.2681,0.2681,10.9571,10.8394,9.6829,0.1759
3229,3642,218.62,2.6,253.5,128.93,0.7583,0.3791,7.9277,8.2725,0.0,0.2515
3229,3398,146.71,25.85,200.68,190.63,0.3311,0.3311,4.4185,6.7215,23.4659,0.2365
3229,3670,97.08,7.99,130.12,128.97,0.2031,0.2031,7.956,9.6767,12.0737,0.1329
3230,3642,218.63,1.22,252.95,128.77,0.7627,0.3814,7.9422,8.2418,0.0,0.2529
3230,3398,147.72,25.75,200.55,191.04,0.3503,0.3503,4.4051,6.7711,0.0,0.2605
3230,3670,97.57,8.19,125.48,109.38,0.224,0.224,10.3887,10.8784,170.6889,0.0733
3231,3642,219.06,1.17,252.53,128.35,0.7925,0.3962,7.9828,8.2582,0.0,0.2628
3231,3398,148.88,26.37,201.61,191.65,0.5039,0.5039,4.3853,6.8393,0.0,0.376
3231,3670,97.21,8.26,125.86,113.1,0.314,0.314,9.8258,10.6548,9.8235,0.206
3232,3642,219.35,1.02,251.15,123.78,0.7471,0.3735,8.4491,8.3826,168.4938,0.1232
3233,3642,219.63,0.88,250.68,121.97,0.7754,0.3877,8.6488,8.461,168.8389,0.1278
3233,3592,98.13,7.99,128.12,130.65,0.5889,0.5889,7.7994,9.6927,167.6902,0.1935
3234,3642,218.4,1.54,249.41,121.7,0.7847,0.3923,8.6756,8.3126,0.0,0.2602
3234,3592,98.76,8.57,127.56,122.81,0.7637,0.7637,8.5937,9.9608,168.7985,0.2507
3235,3642,219.64,0.95,250.47,121.31,0.7446,0.3723,8.7236,8.4828,0.0,0.2468
3235,3592,98.15,8.72,129.37,131.3,0.4971,0.4971,7.7377,9.5884,12.396,0.3252
3236,3642,219.61,2.41,250.06,121.28,0.5029,0.2515,8.7264,8.4559,0.0,0.1667
3236,3592,97.72,9.25,131.31,140.04,0.4932,0.4932,7.0103,9.3312,13.6437,0.322
3237,3642,220.85,3.16,250.56,119.61,0.4055,0.2028,8.9252,8.6601,168.0901,0.0668
3237,3592,100.73,9.5,131.24,120.0,0.4756,0.4756,8.9067,9.7167,169.127,0.1563
3238,3642,221.2,2.3,251.07,119.96,0.373,0.1865,8.8848,8.6959,0.0,0.1236
3238,3592,101.53,9.62,130.84,109.74,0.6792,0.6792,10.3117,10.2823,170.6223,0.2228
3239,3642,221.33,2.55,250.88,119.65,0.6895,0.3448,8.9217,8.7092,0.0,0.2285
3239,3592,101.39,9.8,130.6,104.55,0.4436,0.4436,11.1982,10.6647,171.3678,0.1453
3240,3642,221.78,2.73,251.35,120.12,0.7202,0.3601,8.8671,8.7426,0.0,0.2387
3240,3670,100.77,9.67,131.07,113.12,0.6362,0.6362,9.8051,10.1019,79.4318,0.2477
3241,3642,222.12,4.01,251.54,120.78,0.5107,0.2554,8.7905,8.7414,0.0,0.1692
3241,3670,101.06,9.82,131.8,108.16,0.5679,0.5679,10.5657,10.3582,170.7695,0.1862
3242,3670,100.71,9.87,132.57,106.73,0.5659,0.5659,10.8062,10.4321,170.9091,0.1855
3243,3670,99.68,9.64,133.55,109.54,0.6851,0.6851,10.3416,10.2429,9.3458,0.4501
3244,3670,98.67,9.69,135.45,116.6,0.644,0.644,9.3259,9.7556,10.3335,0.4227
3244,3398,168.44,20.69,216.48,178.08,0.4485,0.4485,4.8669,5.193,150.8224,0.1568
3244,3642,222.09,2.88,252.06,122.21,0.3477,0.1739,8.6277,8.6997,11.3765,0.1141
3245,3670,100.89,9.88,137.19,110.08,0.4834,0.4834,10.247,9.9111,170.0549,0.1587
3245,3398,169.9,20.78,215.31,176.31,0.5557,0.5557,4.9366,4.9645,0.0,0.3745
3245,3642,222.35,2.53,252.63,122.53,0.4609,0.2304,8.5931,8.7383,0.0,0.1527
3246,3670,102.04,10.27,134.18,94.39,0.3604,0.3604,13.4252,11.2364,172.7817,0.1178
3246,3642,222.69,2.55,253.32,122.59,0.2018,0.1009,8.5881,8.803,0.0,0.0669
3247,3642,221.58,2.7,251.84,121.69,0.3416,0.1708,8.6853,8.6783,160.3717,0.0563
3248,3642,221.36,1.56,251.82,121.66,0.3293,0.1646,8.6884,8.6642,0.0,0.1091
3249,3642,221.57,2.2,252.07,122.02,0.3611,0.1805,8.6483,8.6759,0.0,0.1197
3249,3398,175.23,9.67,223.7,176.05,0.5679,0.5679,4.9508,5.3654,0.0,0.3815
3249,3670,101.07,11.59,132.24,89.91,0.5488,0.5488,14.7183,11.7845,173.155,0.1791
3250,3642,222.03,2.18,252.72,122.35,0.6196,0.3098,8.6129,8.732,0.0,0.2053
3250,3670,97.03,11.62,136.39,111.51,0.6387,0.6387,10.0377,10.1032,9.619,0.4195
3251,3642,222.18,2.41,252.8,122.0,0.6245,0.3123,8.6526,8.7645,0.0,0.207
3251,3670,98.53,11.77,135.01,102.47,0.385,0.385,11.592,10.7288,171.6482,0.1261
3251,3398,178.7,16.21,226.24,175.78,0.4912,0.4912,4.9638,5.5678,0.0,0.3291
3252,3642,221.79,2.27,252.34,122.15,0.2598,0.1299,8.6344,8.7014,0.0,0.0861
3252,3670,98.99,11.98,134.22,98.38,0.5698,0.5698,12.4588,11.0684,172.23,0.1864
3252,3398,179.73,18.01,227.9,176.2,0.3979,0.3979,4.948,5.7282,0.0,0.2674
3253,3642,221.57,1.75,252.05,122.01,0.2161,0.108,8.6494,8.6751,0.0,0.0716
3253,3670,98.95,12.21,138.59,108.52,0.2268,0.2268,10.497,10.051,9.3333,0.149
3253,3398,181.58,18.62,230.14,175.87,0.6885,0.6885,4.963,5.8691,0.0,0.4612
3254,3642,221.59,2.58,251.84,122.24,0.4609,0.2304,8.6232,8.651,0.0,0.1528
3254,3670,95.57,12.71,144.37,133.83,0.4648,0.4648,7.4947,8.6706,12.7805,0.3043
3254,3398,181.14,17.72,230.3,174.84,0.3345,0.3345,5.0046,5.7435,0.0,0.2224
3255,3642,221.83,1.6,252.09,121.49,0.7339,0.3669,8.7089,8.7212,0.0,0.2432
3255,3670,97.46,12.38,140.65,120.03,0.667,0.667,8.8923,9.3151,169.173,0.2194
3255,3398,180.24,20.27,228.56,175.6,0.3381,0.3381,4.9726,5.7103,0.0,0.2261
3256,3642,221.76,1.28,251.97,121.25,0.7266,0.3633,8.7362,8.7213,0.0,0.2408
3256,3670,102.06,11.72,140.67,105.07,0.5508,0.5508,11.0802,9.9975,171.1225,0.1808
3256,3398,181.16,19.82,230.28,175.92,0.3684,0.3684,4.9609,5.8621,0.0,0.2469
3257,3642,221.34,1.21,251.57,121.72,0.6621,0.3311,8.6811,8.6435,0.0,0.2194
3257,3670,102.6,12.16,139.24,99.75,0.3452,0.3452,12.1353,10.4744,172.017,0.1131
3257,3398,181.93,20.47,231.17,175.96,0.4883,0.4883,4.96,5.9412,0.0,0.3273
3258,3642,221.64,1.52,251.9,122.08,0.7886,0.3943,8.6413,8.6663,0.0,0.2614
3258,3670,96.07,12.08,149.55,144.13,0.4717,0.4717,6.6912,8.1516,14.2554,0.308
3258,3398,182.25,22.02,231.4,175.71,0.8076,0.8076,4.9703,5.939,0.0,0.5402
3259,3642,221.88,1.5,252.08,121.8,0.6895,0.3448,8.6737,8.7079,0.0,0.2285
3259,3670,98.69,12.56,148.46,136.43,0.2186,0.2186,7.2675,8.1151,166.7198,0.0721
3259,3398,181.23,22.59,231.03,176.2,0.6196,0.6196,4.95,5.9296,0.0,0.4161
3260,3642,221.9,1.03,252.22,121.84,0.7559,0.378,8.6694,8.7164,0.0,0.2505
3260,3670,100.37,12.91,147.77,132.15,0.6851,0.6851,7.63,8.149,167.3026,0.2261
3260,3398,182.53,22.5,232.51,175.83,0.8271,0.8271,4.9661,6.0161,0.0,0.5536
3261,3642,222.23,0.72,252.5,121.38,0.2502,0.1251,8.7228,8.7797,0.0,0.0829
3261,3670,104.96,13.19,144.52,110.45,0.6724,0.6724,10.1685,9.1974,170.489,0.2213
3261,3398,182.86,22.17,232.8,174.77,0.6636,0.6636,5.0094,5.9325,0.0,0.4412
3261,3691,311.63,44.66,355.61,215.44,0.5342,0.2671,4.0351,22.9931,0.0,0.2054
3262,3642,222.18,0.7,252.23,121.31,0.6494,0.3247,8.7304,8.7624,0.0,0.2152
3262,3670,101.88,13.43,148.91,131.49,0.5786,0.5786,7.6856,7.987,12.4727,0.3793
3262,3398,183.21,22.59,232.99,174.29,0.7886,0.7886,5.0294,5.9082,0.0,0.5243
3263,3642,222.82,1.96,252.21,120.58,0.3503,0.1752,8.816,8.8409,0.0,0.1161
3263,3670,102.98,13.31,151.59,137.08,0.5737,0.5737,7.2056,7.5852,13.8327,0.3752
3263,3398,183.95,23.39,233.5,174.22,0.7544,0.7544,5.0329,5.9617,0.0,0.5016
3263,3691,309.34,45.6,353.75,216.95,0.7671,0.7671,3.989,22.8434,0.0,0.5948
3264,3642,222.5,2.39,251.63,120.64,0.5312,0.2656,8.8076,8.7793,0.0,0.176
3264,3670,107.85,12.99,150.24,119.15,0.4016,0.4016,8.9662,8.0815,169.1761,0.1325
3264,3398,184.28,23.21,233.78,174.02,0.6113,0.6113,5.0414,5.9711,0.0,0.4064
3265,3642,223.5,1.85,252.54,121.22,0.3757,0.1878,8.7433,8.8733,0.0,0.1245
3265,3670,108.24,11.94,152.54,123.09,0.5117,0.5117,8.5081,7.6795,11.8006,0.336
3265,3398,185.08,23.5,234.46,173.68,0.6143,0.6143,5.0563,6.0105,0.0,0.4084
3265,3691,307.59,46.15,351.79,215.03,0.564,0.564,4.0305,22.5378,0.0,0.4345
3266,3670,112.14,11.53,151.03,106.4,0.4263,0.4263,10.8069,8.7288,171.0147,0.1405
3266,3398,187.46,23.78,236.7,173.47,0.6167,0.6167,5.0675,6.2267,0.0,0.4099
3266,3691,307.84,47.67,352.64,216.08,0.7871,0.7871,4.0059,22.6539,0.0,0.6088
3267,3670,112.97,10.5,152.76,106.39,0.6021,0.6021,10.8045,8.5886,0.0,0.3991
3267,3398,187.55,23.41,237.54,173.78,0.4805,0.4805,5.0552,6.305,0.0,0.3194
3267,3691,304.89,48.84,350.48,216.62,0.6699,0.6699,3.9827,22.4013,0.0,0.5206
3268,3670,116.17,10.68,154.37,99.6,0.5962,0.5962,12.1116,8.9704,171.4485,0.1963
3268,3398,190.97,23.45,240.54,174.09,0.3442,0.3442,5.0461,6.6758,0.0,0.2287
3268,3691,303.2,49.61,349.64,217.0,0.563,0.563,3.9685,22.2829,0.0,0.4388
3269,3670,117.23,10.62,155.68,97.39,0.5371,0.5371,12.6045,9.0769,171.1814,0.1768
3269,3398,196.66,23.64,244.47,173.84,0.4167,0.4167,5.0629,7.1887,0.0,0.2767
3269,3691,302.38,50.05,350.76,220.78,0.8052,0.8052,3.8768,22.5103,0.0,0.6369
3269,3642,222.89,1.08,251.61,121.09,0.2637,0.1318,8.7559,8.7797,0.0,0.0874
3270,3670,117.56,10.22,156.97,96.74,0.5698,0.5698,12.7554,9.0672,167.683,0.1876
3270,3398,199.68,23.61,246.47,174.5,0.5381,0.5381,5.0392,7.5305,0.0,0.3572
3270,3691,298.7,50.94,348.96,223.56,0.8271,0.8271,3.8016,22.3761,0.0,0.6628
3271,3670,117.35,9.99,157.97,97.2,0.4902,0.4902,12.6449,8.9823,9.8795,0.3224
3271,3398,202.82,23.5,248.82,174.39,0.6836,0.6836,5.048,7.8409,0.0,0.4536
3271,3691,295.92,51.62,347.5,224.48,0.8638,0.8638,3.7731,22.2042,0.0,0.6958
3272,3670,119.82,10.24,161.27,96.8,0.3433,0.3433,12.7303,8.7594,132.8412,0.1131
3272,3398,205.01,24.0,250.44,174.53,0.7026,0.7026,5.0453,8.0763,0.0,0.4661
3272,3691,294.54,51.1,347.76,225.53,0.8574,0.8574,3.7473,22.2086,0.0,0.6936
3273,3670,120.13,10.49,162.74,97.53,0.4321,0.4321,12.5558,8.6008,11.8232,0.2834
3273,3398,204.97,23.07,249.55,173.66,0.4717,0.4717,5.0806,7.9555,0.0,0.313
3273,3691,293.62,50.88,347.98,225.61,0.8027,0.8027,3.7443,22.1762,0.0,0.6497
3274,3670,118.66,10.68,162.99,100.49,0.502,0.502,11.9047,8.3424,8.3389,0.3311
3274,3398,206.39,23.46,250.63,174.26,0.6909,0.6909,5.0577,8.1494,0.0,0.4583
3274,3691,292.59,50.4,348.08,225.5,0.6826,0.6826,3.7452,22.1199,0.0,0.5525
3275,3670,119.14,9.97,164.03,99.57,0.4883,0.4883,12.0983,8.3687,169.4946,0.161
3275,3398,208.67,21.09,253.82,174.31,0.6538,0.6538,5.0604,8.4815,0.0,0.4335
3275,3691,291.97,50.48,348.43,225.8,0.8506,0.8506,3.738,22.1241,0.0,0.6893
3276,3670,107.79,10.3,174.48,148.58,0.5205,0.5205,6.3578,5.598,14.9782,0.3403
3276,3398,207.75,22.33,252.45,175.07,0.7568,0.7568,5.0271,8.3992,0.0,0.5018
3276,3691,291.32,49.94,348.68,225.7,0.8516,0.8516,3.7395,22.0967,0.0,0.69
3277,3670,106.78,10.24,176.24,157.55,0.3276,0.3276,5.8319,5.8355,16.2537,0.2135
3277,3398,211.56,23.64,256.92,174.81,0.5776,0.5776,5.0452,8.88,0.0,0.3828
3277,3691,290.35,49.45,348.36,225.64,0.8286,0.8286,3.7387,22.0243,0.0,0.6716
3278,3670,104.32,10.31,178.91,173.4,0.3933,0.3933,5.0782,6.9049,18.5115,0.2545
3278,3398,212.78,23.58,259.08,174.33,0.7871,0.7871,5.0682,9.0543,0.0,0.5215
3278,3691,289.01,48.97,347.51,225.68,0.7949,0.7949,3.7341,21.9103,0.0,0.645
3278,3703,114.46,10.2,168.96,105.06,0.3425,0.3425,11.0138,7.7887,0.0,0.2273
3279,3398,213.26,10.05,264.6,173.88,0.7793,0.7793,5.0929,9.3966,0.0,0.516
3279,3691,288.96,49.16,347.9,225.4,0.8516,0.8516,3.741,21.9108,0.0,0.6902
3279,3703,115.19,11.23,168.94,104.83,0.7656,0.7656,11.0545,7.777,0.0,0.5081
3280,3398,215.99,18.14,265.84,172.09,0.2737,0.2737,5.1728,9.5372,0.0,0.1812
3280,3691,284.3,49.23,343.74,225.46,0.6362,0.6362,3.725,21.4456,0.0,0.5176
3280,3703,115.19,11.68,168.85,105.14,0.4207,0.4207,10.9986,7.7501,0.0,0.2792
3280,3642,219.19,23.15,247.88,135.99,0.4805,0.4805,7.2959,7.721,13.3965,0.3145
3281,3398,214.31,21.48,264.73,174.09,0.8086,0.8086,5.0853,9.4833,0.0,0.5354
3281,3691,276.82,49.71,338.01,225.65,0.6113,0.6113,3.6995,20.7583,0.0,0.5003
3281,3703,114.19,12.58,168.01,106.62,0.3804,0.3804,10.7407,7.6953,10.7003,0.2503
3281,3706,223.3,23.68,251.17,48.5,0.3594,0.3594,105.3821,15.5817,0.0,0.2352
3282,3398,210.44,8.99,265.24,174.92,0.811,0.811,5.0476,9.3286,0.0,0.5371
3282,3691,277.24,49.8,339.11,225.71,0.4932,0.4932,3.7006,20.8426,0.0,0.4035
3282,3703,113.24,13.01,167.64,108.52,0.6318,0.6318,10.4252,7.5813,9.8762,0.4162
3283,3398,209.29,6.15,265.17,175.14,0.6665,0.6665,5.0374,9.2682,0.0,0.4414
3283,3691,266.37,50.3,330.89,225.35,0.7378,0.7378,3.6795,19.8128,0.0,0.6072
3283,3703,112.68,13.17,166.09,106.93,0.6577,0.6577,10.6923,7.8418,169.3533,0.2172
3284,3398,212.55,2.89,265.49,166.84,0.2466,0.1233,5.4036,9.0068,162.2906,0.0406
3284,3703,112.77,13.74,164.69,105.13,0.6152,0.6152,11.0094,8.0817,170.7481,0.203
3284,3709,190.86,36.21,206.66,80.66,0.3513,0.3513,18.1026,9.3948,0.0,0.2326
3285,3398,211.56,10.81,263.7,171.57,0.2063,0.2063,5.1884,9.0908,18.6642,0.1331
3285,3703,106.54,13.51,169.72,126.81,0.6011,0.6011,8.0993,6.4676,11.8708,0.3952
3286,3398,214.61,5.45,267.36,170.94,0.373,0.373,5.2228,9.4801,0.0,0.247
3286,3703,107.27,14.21,163.39,114.26,0.3896,0.3896,9.5805,7.6553,169.7553,0.1287
3286,3691,243.83,51.61,313.77,224.2,0.5767,0.5767,3.6512,17.6783,83.3149,0.3092
3287,3398,211.57,3.67,266.06,174.2,0.5322,0.2661,5.0793,9.4026,21.3412,0.1701
3287,3703,108.39,14.82,162.47,111.82,0.4902,0.4902,9.9281,7.8396,170.2609,0.1619
3287,3691,243.75,52.66,317.47,224.85,0.8691,0.8691,3.6413,17.9147,0.0,0.7228
3287,3709,193.0,36.28,206.54,73.91,0.291,0.291,21.9779,10.3371,175.5344,0.0954
3288,3398,212.6,15.62,264.39,174.36,0.4158,0.4158,5.072,9.3731,0.0,0.2753
3288,3703,109.99,15.21,161.46,107.69,0.4036,0.4036,10.5747,8.1614,170.8232,0.1332
3288,3691,246.54,53.39,320.6,220.21,0.6792,0.6792,3.7546,17.8519,152.9678,0.3283
3289,3703,109.07,15.33,161.6,110.14,0.6133,0.6133,10.1824,7.9911,9.6403,0.404
3289,3691,244.26,55.91,320.46,221.02,0.4072,0.4072,3.7326,17.7886,0.0,0.3338
3289,3642,219.54,4.3,249.09,122.43,0.4006,0.2003,8.5946,8.3275,168.8085,0.0661
3290,3703,103.99,14.99,165.32,127.91,0.6104,0.6104,7.9984,6.8716,12.0252,0.401
3290,3691,237.96,55.79,317.59,223.21,0.5215,0.5215,3.6708,17.4932,0.0,0.432
3290,3642,222.5,1.7,247.6,93.47,0.2006,0.1003,13.6374,10.6007,172.8941,0.0329
3290,3398,216.55,20.74,267.6,173.76,0.5669,0.5669,5.1045,9.7827,0.0,0.3752
3291,3703,105.25,14.97,162.67,120.93,0.6084,0.6084,8.742,7.3495,168.9692,0.2011
3291,3691,232.63,55.54,314.65,224.95,0.7861,0.7861,3.622,17.2246,0.0,0.6567
3291,3642,224.11,1.67,245.71,71.36,0.2101,0.1051,24.0884,12.8476,175.9599,0.0341
3291,3398,218.27,22.53,269.43,173.61,0.3008,0.3008,5.1146,9.9974,0.0,0.199
3292,3703,100.65,14.95,165.74,137.68,0.4971,0.4971,7.1442,6.7464,13.4213,0.3257
3292,3398,220.48,22.95,271.24,172.23,0.6377,0.6377,5.1778,10.1746,0.0,0.4218
3293,3703,102.8,14.75,160.5,123.98,0.4707,0.4707,8.4082,7.4672,168.533,0.1556
3293,3398,221.74,13.29,273.27,165.89,0.3311,0.3311,5.4678,10.0787,162.3757,0.1087
3293,3691,225.72,39.6,315.47,228.62,0.3711,0.3711,3.5357,17.2493,0.0,0.3143
3293,3642,217.08,2.31,250.72,113.32,0.6514,0.3257,9.7397,8.8296,9.9013,0.2142
3294,3703,97.82,14.64,161.98,138.99,0.7212,0.7212,7.0496,7.1875,13.7001,0.4721
3294,3398,223.7,18.73,273.94,167.47,0.5352,0.5352,5.397,10.3214,0.0,0.3539
3294,3642,215.88,1.7,251.09,119.97,0.6958,0.3479,8.8754,8.3547,10.8474,0.2286
3295,3703,97.6,14.6,163.06,143.67,0.6309,0.6309,6.7056,7.0916,14.2498,0.4125
3295,3398,224.23,19.9,273.93,167.84,0.3674,0.3674,5.3806,10.3723,0.0,0.2429
3295,3642,215.17,1.61,250.91,124.06,0.6968,0.3484,8.4125,8.0777,11.4553,0.2288
3296,3703,90.78,14.94,167.28,171.7,0.5879,0.5879,5.1701,8.267,18.2551,0.38
3296,3642,215.79,1.38,251.15,123.95,0.6582,0.3291,8.4255,8.1397,0.0,0.2183
3296,3719,190.72,36.13,208.77,80.61,0.3674,0.3674,18.1285,9.4415,0.0,0.2433
3296,3691,216.06,21.89,313.73,233.8,0.6123,0.6123,3.4168,17.1981,34.2572,0.4929
3297,3703,89.99,14.82,169.42,183.11,0.7515,0.7515,4.7173,9.0665,19.8242,0.5114
3297,3642,215.57,1.25,251.57,127.96,0.686,0.343,8.0145,7.9729,11.9957,0.2251
3297,3719,190.84,35.97,208.99,80.69,0.2173,0.2173,18.0909,9.4379,0.0,0.1439
3297,3691,219.94,43.39,307.94,235.33,0.5273,0.5273,3.3845,17.2593,0.0,0.4572
3298,3703,97.98,14.97,161.93,150.37,0.5312,0.5312,6.2667,7.2015,164.8111,0.1757
3298,3642,215.4,1.07,251.3,129.73,0.4016,0.2008,7.8443,7.8752,12.2751,0.1317
3298,3719,190.18,36.09,208.24,80.72,0.2917,0.2917,18.0751,9.4048,0.0,0.1932
3299,3703,96.4,15.84,164.09,162.48,0.4102,0.4102,5.5951,7.5723,16.9014,0.2664
3299,3642,215.31,0.18,250.68,128.47,0.7065,0.3533,7.9634,7.8749,167.3823,0.1166
3300,3703,101.87,15.68,159.12,138.97,0.6665,0.6665,7.0498,7.1042,166.4309,0.2205
3300,3642,214.67,0.12,249.98,129.57,0.2776,0.1388,7.8566,7.7418,13.9381,0.0907
3301,3703,104.36,15.88,156.57,127.31,0.4148,0.4148,8.0678,7.4588,168.0962,0.1371
3301,3642,214.84,0.0,250.0,130.04,0.6943,0.3472,7.8128,7.7373,0.0,0.2304
3301,3719,190.07,36.14,208.08,80.92,0.2942,0.2942,17.9807,9.3726,0.0,0.1948
3302,3703,106.36,16.38,153.22,115.09,0.4253,0.4253,9.4832,8.2568,169.8341,0.1403
3303,3703,105.84,16.1,154.31,117.39,0.46,0.46,9.1815,8.0649,10.5328,0.3026
3303,3642,214.85,1.77,249.65,130.9,0.5879,0.2939,7.733,7.6838,0.0,0.1951
3304,3703,106.81,15.95,154.66,114.71,0.5591,0.5591,9.5319,8.1691,169.5138,0.1845
3305,3703,107.53,15.94,155.44,113.38,0.646,0.646,9.7143,8.1769,168.4695,0.2131
3306,3703,106.2,16.13,156.56,118.46,0.3081,0.3081,9.0439,7.8321,10.6594,0.2027
3306,3734,219.87,3.56,244.37,61.05,0.4805,0.2402,37.052,13.7862,0.0,0.1579
3306,3736,104.35,17.33,159.74,187.2,0.3721,0.3721,4.569,9.1829,0.0,0.2679
3306,3398,247.05,23.3,280.97,114.35,0.6548,0.6548,9.7208,12.5786,169.8482,0.213
3307,3703,105.38,16.56,154.33,116.44,0.3408,0.3408,9.3041,8.1558,167.3847,0.1125
3307,3734,219.77,3.82,242.91,57.74,0.2815,0.1407,44.7277,14.1128,177.7448,0.0455
3307,3736,103.62,16.98,159.28,187.94,0.4358,0.4358,4.5446,9.314,0.0,0.3151
3307,3398,246.7,23.72,282.37,113.04,0.6567,0.6567,9.9096,12.7067,169.7405,0.2135
3308,3703,105.56,16.39,156.38,120.75,0.2651,0.2651,8.7709,7.7396,11.2366,0.1742
3308,3736,104.84,16.64,160.72,188.62,0.4102,0.4102,4.5196,9.2421,0.0,0.298
3308,3398,239.01,23.81,289.29,151.99,0.6323,0.6323,6.2615,11.9538,15.2034,0.4096
3308,3642,219.53,4.23,242.89,85.27,0.6807,0.3403,16.2589,11.0433,174.0221,0.1113
3309,3703,107.14,16.84,156.73,118.03,0.233,0.233,9.0957,7.7916,168.6699,0.0769
3309,3736,105.56,17.07,160.98,187.87,0.5747,0.5747,4.5442,9.1203,0.0,0.4156
3309,3398,236.59,23.78,291.68,166.84,0.5557,0.5557,5.4685,12.3175,17.2915,0.3578
3309,3642,217.59,4.13,243.81,93.13,0.3887,0.1943,13.7108,10.1976,7.0719,0.1281
3310,3703,108.63,17.43,157.88,117.15,0.2659,0.2659,9.203,7.6895,160.9959,0.0878
3310,3736,106.63,17.74,161.82,188.21,0.4312,0.4312,4.5313,9.0563,0.0,0.3126
3310,3398,239.22,24.07,292.72,166.03,0.3191,0.3191,5.5125,12.532,0.0,0.2102
3310,3642,218.58,4.78,241.42,76.83,0.2338,0.1169,20.2499,11.8449,175.1881,0.0381
3311,3703,109.43,17.88,158.98,119.1,0.2338,0.2338,8.958,7.4384,11.7619,0.1536
3311,3736,108.16,18.16,162.79,187.82,0.3225,0.3225,4.5427,8.8929,0.0,0.2334
3311,3719,189.44,35.87,208.76,84.86,0.272,0.272,16.3035,8.8475,5.9538,0.1798
3312,3736,107.71,17.82,162.7,188.46,0.7407,0.7407,4.5214,8.9828,0.0,0.538
3312,3398,244.07,25.07,295.94,163.78,0.6841,0.6841,5.6349,12.9968,151.3156,0.2222
3312,3642,214.8,5.45,242.97,93.24,0.4727,0.4727,13.6731,10.01,7.0923,0.3115
3313,3736,112.27,18.19,161.55,170.62,0.4121,0.4121,5.2038,7.2298,161.7799,0.1363
3313,3398,241.2,25.48,294.08,172.79,0.4922,0.4922,5.2115,13.0097,18.3905,0.3155
3313,3642,213.73,5.28,243.11,96.63,0.5527,0.5527,12.8023,9.629,7.6064,0.3642
3314,3398,242.96,25.13,295.9,175.26,0.3486,0.3486,5.1127,13.3483,23.1508,0.2199
3314,3642,211.14,4.96,244.99,112.55,0.7231,0.3615,9.8316,8.1868,9.8104,0.238
3314,3703,112.47,17.26,165.18,126.8,0.5962,0.5962,8.0988,6.3772,13.55,0.3907
3315,3398,244.49,24.9,296.8,175.03,0.3416,0.3416,5.126,13.4939,0.0,0.2246
3315,3642,209.16,4.09,245.31,121.35,0.3503,0.1752,8.6968,7.4748,11.0824,0.1152
3315,3703,114.62,18.3,164.94,123.63,0.5371,0.5371,8.4264,6.4425,168.0143,0.1779
3316,3398,242.6,24.63,293.67,175.66,0.4158,0.4158,5.0923,13.2005,0.0,0.2735
3316,3642,207.56,3.65,245.2,128.24,0.7349,0.3674,7.9687,6.9946,12.0939,0.2413
3316,3703,116.79,19.62,168.02,127.42,0.3943,0.3943,8.0298,5.8758,14.2171,0.2582
3316,3736,117.05,19.7,168.75,180.44,0.3831,0.3831,4.7971,7.4209,22.2242,0.2552
3317,3398,241.88,23.82,291.5,176.47,0.541,0.541,5.055,13.0538,0.0,0.356
3317,3642,206.81,3.81,244.93,132.95,0.7529,0.3765,7.5344,6.7396,12.7525,0.247
3317,3736,117.52,19.44,170.37,185.52,0.6323,0.6323,4.6113,7.842,20.5382,0.4389
3318,3642,206.08,3.48,244.21,134.54,0.7349,0.3674,7.3965,6.59,13.9961,0.2405
3318,3736,119.51,18.07,172.97,187.33,0.4883,0.4883,4.546,7.8335,0.0,0.3536
3319,3642,206.46,3.56,243.64,133.18,0.3381,0.1691,7.5126,6.6192,167.1901,0.056
3319,3703,124.32,18.93,175.39,126.16,0.4141,0.4141,8.1426,5.0139,125.9518,0.1375
3320,3642,205.71,4.08,242.91,135.37,0.6646,0.3323,7.3254,6.4508,13.6383,0.2177
3320,3398,243.96,23.96,292.0,175.1,0.541,0.541,5.115,13.155,0.0,0.3559
3320,3736,124.42,17.91,178.01,188.56,0.4534,0.4534,4.4994,7.5684,0.0,0.3312
3321,3642,205.77,3.32,242.3,133.51,0.6504,0.3252,7.4818,6.4685,167.0095,0.1077
3321,3398,245.07,24.03,290.04,165.9,0.2869,0.2869,5.5237,12.7376,162.8112,0.0933
3321,3736,125.85,18.07,178.87,187.61,0.4465,0.4465,4.5305,7.3685,0.0,0.3244
3322,3642,206.29,3.28,241.96,131.56,0.2673,0.1336,7.6536,6.5503,167.475,0.0443
3322,3398,252.11,24.27,285.74,124.11,0.4341,0.4341,8.5431,12.8563,168.7427,0.1411
3322,3703,127.36,17.91,178.5,125.66,0.3923,0.3923,8.1889,4.6818,0.0,0.2611
3323,3642,205.39,3.84,241.51,135.2,0.6177,0.3089,7.3377,6.3359,13.1966,0.2026
3323,3703,129.54,18.07,181.05,127.57,0.5518,0.5518,7.9942,4.2499,18.3898,0.358
3324,3642,204.3,3.66,240.66,136.61,0.7559,0.378,7.2204,6.1638,15.6591,0.2466
3324,3703,132.59,18.47,184.62,129.19,0.3416,0.3416,7.8343,3.7288,25.7132,0.2162
3324,3398,246.9,23.6,293.99,166.22,0.5049,0.5049,5.5177,13.1305,17.1936,0.3247
3325,3642,204.11,3.79,240.49,137.95,0.3496,0.1748,7.1136,6.1088,13.5134,0.1146
3325,3703,137.51,18.71,187.46,122.42,0.4639,0.4639,8.5229,3.9821,166.9746,0.1543
3325,3736,137.33,18.61,188.93,180.7,0.2561,0.2561,4.7692,5.7768,145.9258,0.0928
3326,3642,204.45,3.77,239.32,133.27,0.4951,0.2475,7.498,6.1807,167.1441,0.082
3326,3703,137.04,18.89,187.37,119.85,0.4707,0.4707,8.8174,4.2968,169.0365,0.1565
3326,3398,249.12,23.24,295.82,165.48,0.283,0.283,5.5599,13.3749,0.0,0.1861
3327,3642,203.39,4.16,237.87,131.57,0.7441,0.372,7.6453,6.0745,164.2987,0.1233
3327,3703,137.07,18.91,187.34,115.19,0.6772,0.6772,9.4033,4.8479,169.7517,0.2249
3327,3398,247.88,24.11,295.42,170.76,0.3604,0.3604,5.3126,13.4489,17.8146,0.2312
3328,3642,201.32,4.65,236.79,135.37,0.5972,0.2986,7.3149,5.7207,13.9802,0.1956
3328,3703,141.69,19.1,191.7,115.04,0.3123,0.3123,9.4192,4.5639,98.608,0.1038
3328,3398,246.13,24.33,293.14,171.91,0.3459,0.3459,5.2557,13.2319,0.0,0.2275
3329,3642,200.44,4.24,236.16,135.47,0.7168,0.3584,7.3053,5.6129,0.0,0.2384
3329,3703,142.95,19.59,193.05,115.72,0.3242,0.3242,9.3278,4.3999,0.0,0.2158
3329,3398,247.59,24.07,294.52,173.31,0.4282,0.4282,5.1997,13.4732,0.0,0.2815
3329,3736,143.02,19.29,193.38,176.95,0.3567,0.3567,4.9109,5.0098,149.4272,0.1227
3330,3642,196.7,3.08,233.31,134.65,0.3711,0.1855,7.3677,5.1853,0.0,0.1234
3330,3703,143.41,19.62,193.56,115.39,0.2651,0.2651,9.3711,4.417,0.0,0.1765
3330,3398,248.15,23.73,294.66,174.16,0.3933,0.3933,5.1647,13.5541,0.0,0.2585
3330,3736,143.6,19.15,194.65,176.59,0.233,0.233,4.9248,4.9182,0.0,0.1574
3331,3642,195.48,3.75,232.6,134.88,0.7407,0.3704,7.3468,5.0441,0.0,0.2464
3331,3398,248.75,22.82,295.04,174.8,0.6699,0.6699,5.1394,13.6445,0.0,0.4403
3331,3736,143.79,19.77,194.85,177.32,0.4688,0.4688,4.8959,5.0084,0.0,0.3184
3332,3642,194.52,4.44,231.79,134.08,0.6714,0.3357,7.4127,4.9539,0.0,0.2234
3332,3398,248.97,22.79,294.43,174.72,0.5737,0.5737,5.1422,13.616,0.0,0.3771
3332,3736,146.17,20.65,197.49,175.64,0.4216,0.4216,4.9619,4.679,0.0,0.2827
3332,3703,144.95,20.29,199.97,125.08,0.2712,0.2712,8.2307,2.9203,12.5632,0.1785
3333,3642,194.48,4.9,231.23,131.73,0.709,0.3545,7.6168,5.02,167.2847,0.1177
3333,3398,250.92,22.74,295.26,171.77,0.3804,0.3804,5.2727,13.6749,160.9303,0.1232
3333,3703,142.29,20.43,198.39,128.45,0.606,0.606,7.8954,2.6252,14.3249,0.3975
3334,3642,193.57,4.98,231.25,134.95,0.7075,0.3538,7.3384,4.8175,13.1287,0.2323
3334,3703,141.57,21.77,198.73,133.16,0.3025,0.3025,7.4669,2.1009,12.8394,0.1991
3334,3752,251.56,17.56,294.07,103.13,0.3767,0.3767,11.6257,14.2521,0.0,0.2473
3334,3736,144.55,22.31,196.73,179.59,0.2974,0.2974,4.8077,5.2661,20.3109,0.1993
3335,3642,192.9,5.02,229.79,131.25,0.6768,0.6768,7.6575,4.8445,166.9202,0.2248
3335,3703,140.56,21.86,198.78,136.89,0.7241,0.7241,7.1578,1.799,13.4778,0.476
3335,3398,249.74,22.81,293.74,173.83,0.5708,0.5708,5.1797,13.5833,0.0,0.3752
3336,3642,192.46,5.59,229.68,132.48,0.6636,0.6636,7.5475,4.7444,12.9424,0.436
3336,3703,140.98,22.75,199.86,140.92,0.6143,0.6143,6.8494,1.4438,14.1535,0.4033
3336,3398,247.55,22.72,291.64,174.48,0.5176,0.5176,5.1457,13.3349,0.0,0.3404
3337,3642,192.15,5.99,228.54,130.23,0.7476,0.7476,7.749,4.771,166.9438,0.2483
3337,3703,143.21,23.53,202.67,144.24,0.5,0.5,6.6128,1.0136,17.829,0.3253
3337,3398,249.87,22.87,293.53,174.6,0.4717,0.4717,5.1472,13.6108,0.0,0.3101
3338,3642,190.92,5.86,227.79,132.77,0.6333,0.6333,7.5196,4.501,13.5437,0.4157
3338,3703,145.81,23.9,202.7,140.03,0.625,0.625,6.9139,1.002,165.5389,0.2083
3338,3398,246.25,23.27,290.58,175.09,0.3091,0.3091,5.1167,13.2104,0.0,0.2033
3338,3752,253.65,23.07,291.98,100.44,0.5312,0.5312,12.1766,14.4022,172.0395,0.1715
3339,3642,190.51,6.23,226.77,132.4,0.4407,0.4407,7.551,4.4255,0.0,0.2934
3339,3703,146.86,24.36,204.05,142.61,0.6416,0.6416,6.7259,0.682,15.5561,0.4199
3339,3752,252.85,23.66,291.92,103.06,0.3604,0.3604,11.6366,14.2029,8.3555,0.2353
3340,3642,188.51,6.32,225.32,135.46,0.2727,0.2727,7.2883,4.0455,14.8506,0.1785
3340,3752,253.03,23.85,291.89,103.25,0.2925,0.2925,11.6,14.2018,0.0,0.192
3340,3736,148.43,24.65,205.16,199.47,0.4485,0.4485,4.1463,7.9226,23.2323,0.3365
3341,3642,188.09,6.22,224.31,133.64,0.4368,0.4368,7.4401,4.0364,166.1224,0.1452
3341,3752,253.28,23.96,290.15,99.48,0.2089,0.2089,12.3781,14.3242,171.9391,0.0675
3341,3736,148.22,24.26,204.55,200.87,0.2101,0.2101,4.106,8.1228,0.0,0.1644
3341,3398,244.57,23.85,289.06,175.98,0.2886,0.2886,5.0753,13.0465,0.0,0.1899
3341,3703,149.0,24.86,203.44,138.13,0.3345,0.3345,7.0581,1.0018,166.2636,0.1115
3342,3642,188.51,5.99,224.73,134.16,0.5718,0.5718,7.3964,4.0659,0.0,0.3807
3342,3755,73.62,49.19,133.52,256.53,0.6162,0.6162,2.9954,18.8145,0.0,0.5645
3342,3398,247.03,23.57,291.34,175.15,0.4785,0.4785,5.1166,13.3119,0.0,0.3147
3342,3703,148.32,24.57,203.75,142.72,0.6523,0.6523,6.718,0.5979,14.2132,0.4282
3343,3642,188.46,5.2,225.15,136.24,0.4775,0.4775,7.2245,3.9981,13.3129,0.3137
3343,3398,249.38,23.56,293.05,174.76,0.3748,0.3748,5.139,13.5554,0.0,0.2464
3343,3703,150.69,24.48,205.31,143.98,0.4834,0.4834,6.6297,0.287,0.0,0.3223
3344,3642,188.79,4.31,225.0,134.85,0.2056,0.1028,7.3388,4.07,166.9436,0.0342
3344,3398,249.65,23.08,292.8,175.26,0.4436,0.4436,5.1182,13.5785,0.0,0.2916
3344,3703,151.32,24.14,204.47,144.25,0.385,0.385,6.6111,0.3042,0.0,0.2567
3344,3755,79.91,49.37,117.45,178.15,0.6143,0.6143,4.9726,12.457,161.1251,0.2022
3345,3703,154.16,24.17,206.47,144.33,0.3804,0.3804,6.6055,0.0655,0.0,0.2536
3346,3703,157.42,24.26,209.78,144.7,0.2043,0.2043,6.5805,0.5263,0.0,0.1362
3346,3761,53.74,48.64,126.99,243.73,0.4292,0.4292,3.2377,18.5646,0.0,0.3795
3347,3761,52.03,48.22,125.0,243.6,0.4006,0.4006,3.244,18.7125,0.0,0.3538
3347,3752,252.93,23.24,291.94,104.69,0.3081,0.3081,11.3254,14.1215,8.692,0.2011
3347,3736,159.75,25.1,213.3,190.39,0.2712,0.2712,4.4264,6.6921,151.9254,0.1105
3348,3761,48.85,48.73,115.57,227.39,0.4351,0.4351,3.5788,17.8429,153.5885,0.2205
3348,3736,156.24,24.54,217.09,217.8,0.4736,0.4736,3.67,10.5142,24.8551,0.3824
3348,3398,250.96,22.58,294.97,175.86,0.385,0.385,5.0988,13.8278,0.0,0.2529
3349,3761,45.96,47.37,116.35,236.5,0.5303,0.5303,3.3943,18.7301,26.9885,0.4385
3349,3736,160.83,27.7,215.78,198.99,0.4006,0.4006,4.1611,7.9298,157.7099,0.1771
3349,3398,252.72,22.57,296.65,175.88,0.2612,0.2612,5.1034,14.0488,0.0,0.1715
3349,3752,256.77,22.75,294.86,101.14,0.2698,0.2698,12.0489,14.7296,169.5244,0.087
3350,3761,44.09,49.19,110.32,228.08,0.5332,0.5332,3.5765,18.3981,153.1041,0.2699
3350,3736,163.78,25.94,221.45,200.74,0.667,0.667,4.1119,8.2831,0.0,0.5213
3350,3398,250.86,22.57,294.27,174.96,0.4795,0.4795,5.1348,13.7374,0.0,0.3151
3351,3761,44.65,50.23,113.24,236.0,0.771,0.771,3.4094,18.8953,26.7412,0.6362
3351,3736,160.62,25.6,223.5,217.76,0.7031,0.7031,3.6723,10.6028,24.8471,0.5675
3351,3398,251.91,22.47,295.51,174.42,0.5908,0.5908,5.161,13.8617,0.0,0.3881
3352,3736,160.45,27.62,224.32,223.77,0.3311,0.3311,3.5369,11.4305,25.7164,0.2722
3352,3398,253.2,22.33,296.93,174.96,0.3235,0.3235,5.1427,14.0585,0.0,0.2124
3352,3752,256.11,22.57,297.17,106.97,0.2539,0.2539,10.9418,14.5318,9.0009,0.1655
3353,3398,253.15,22.47,296.87,174.97,0.4912,0.4912,5.1421,14.0518,0.0,0.3226
3353,3703,160.89,25.86,224.93,175.83,0.3311,0.3311,4.956,4.9171,19.7513,0.2158
3353,3761,42.16,46.93,114.88,244.94,0.3174,0.3174,3.242,19.7226,27.8319,0.2676
3354,3398,249.24,22.7,294.01,174.6,0.7104,0.7104,5.1469,13.6012,0.0,0.467
3354,3761,40.34,48.14,111.27,240.67,0.6738,0.6738,3.3271,19.5953,0.0,0.5865
3354,3736,163.39,26.26,229.41,233.62,0.5186,0.5186,3.3346,12.8544,29.0497,0.4348
3355,3771,168.03,4.31,192.08,56.17,0.4377,0.2188,49.2063,12.4065,0.0,0.1442
3355,3736,164.4,27.2,228.47,230.9,0.4036,0.4036,3.3888,12.49,0.0,0.3526
3355,3752,256.27,22.78,297.03,106.25,0.4055,0.4055,11.0684,14.5679,171.2592,0.1308
3356,3771,167.59,2.1,192.66,56.2,0.3108,0.1554,49.1044,12.4024,5.1239,0.1022
3356,3736,169.81,27.69,234.13,233.99,0.4941,0.4941,3.33,13.0622,0.0,0.4352
3356,3398,248.43,22.36,294.41,175.76,0.5747,0.5747,5.0981,13.6256,0.0,0.3777
3357,3771,169.12,3.38,191.38,51.27,0.2043,0.1022,74.356,13.0755,178.6898,0.0332
3357,3736,171.92,26.01,237.53,235.65,0.2712,0.2712,3.2994,13.3741,0.0,0.2398
3357,3398,247.94,22.08,294.45,174.88,0.644,0.644,5.1339,13.558,0.0,0.4234
3357,3703,170.5,28.0,227.72,164.06,0.3621,0.3621,5.4779,3.9695,160.7906,0.1204
3358,3736,168.24,24.23,232.58,233.01,0.4006,0.4006,3.3484,12.8833,0.0,0.3519
3358,3398,250.75,22.16,297.08,175.13,0.6162,0.6162,5.132,13.918,0.0,0.4048
3358,3703,171.2,27.98,226.25,159.04,0.304,0.304,5.7304,3.4424,163.4146,0.1012
3358,3761,34.85,45.43,80.44,166.54,0.5708,0.5708,5.6229,17.3076,162.9896,0.1817
3359,3398,251.0,22.29,297.37,175.49,0.5518,0.5518,5.1179,13.968,0.0,0.3624
3359,3703,172.61,28.85,227.3,159.59,0.5068,0.5068,5.7025,3.6291,0.0,0.3375
3359,3761,37.66,44.23,73.26,133.79,0.4495,0.4495,7.7805,17.3788,167.674,0.143
3360,3398,249.61,22.34,296.36,175.54,0.7241,0.7241,5.1121,13.8164,0.0,0.4757
3360,3703,174.94,29.6,228.8,157.16,0.6074,0.6074,5.8332,3.6579,159.8632,0.2021
3360,3761,31.03,43.53,73.54,147.71,0.6377,0.6377,6.7217,17.7454,14.7944,0.408
3360,3736,171.27,28.61,233.84,233.12,0.2546,0.2546,3.3474,12.9664,0.0,0.2237
3361,3398,246.93,22.45,294.02,174.8,0.644,0.644,5.135,13.462,0.0,0.4234
3361,3703,174.83,30.67,229.47,160.15,0.5088,0.5088,5.6753,3.9277,16.7669,0.3316
3361,3761,28.21,43.22,72.64,151.62,0.5718,0.5718,6.4776,18.0093,16.6958,0.3638
3361,3736,171.94,29.65,235.74,239.14,0.2234,0.2234,3.2329,13.8019,28.3889,0.1905
3362,3398,247.79,22.49,295.17,174.71,0.5957,0.5957,5.1419,13.5873,0.0,0.3916
3362,3703,176.12,31.6,231.67,163.03,0.314,0.314,5.5319,4.3751,19.9448,0.2028
3362,3761,25.34,42.6,73.71,160.06,0.4456,0.4456,5.9909,18.2246,16.093,0.2838
3362,3736,173.29,31.3,235.09,235.39,0.459,0.459,3.3041,13.3212,0.0,0.4057
3362,3776,160.3,4.75,198.02,144.06,0.3647,0.1824,6.6241,0.1209,0.0,0.1216
3363,3398,247.0,22.04,294.51,175.51,0.458,0.458,5.1064,13.5293,0.0,0.3011
3363,3703,178.96,32.62,233.41,160.94,0.355,0.355,5.6386,4.4664,156.3397,0.118
3363,3761,24.55,42.27,72.38,157.78,0.384,0.384,6.1218,18.3275,163.6225,0.1215
3363,3736,174.61,32.43,235.99,236.05,0.4187,0.4187,3.2921,13.4471,0.0,0.3707
3363,3776,159.45,6.4,196.7,144.01,0.5518,0.5518,6.6276,0.2762,0.0,0.3679
3364,3398,248.44,21.5,295.12,174.98,0.4912,0.4912,5.1315,13.6375,0.0,0.3229
3364,3761,24.41,41.89,71.61,155.07,0.5938,0.5938,6.2801,18.3532,164.8102,0.1879
3364,3736,177.44,33.09,239.12,239.06,0.4746,0.4746,3.2372,13.9501,0.0,0.4233
3364,3776,158.47,5.19,196.07,144.44,0.6167,0.6167,6.5981,0.3968,0.0,0.4111
3365,3398,249.73,21.94,296.1,174.77,0.5708,0.5708,5.1438,13.7743,0.0,0.3751
3365,3761,16.99,41.86,79.37,195.84,0.5078,0.5078,4.5106,19.5334,20.7105,0.351
3365,3736,179.45,24.68,244.09,244.32,0.304,0.304,3.1444,14.7653,0.0,0.2745
3365,3776,158.5,6.14,195.81,144.57,0.7886,0.7886,6.5893,0.4164,0.0,0.5257
3365,3703,186.63,32.72,241.23,162.99,0.3057,0.3057,5.5448,5.5623,52.9467,0.1628
3366,3398,251.21,22.21,297.16,174.32,0.5303,0.5303,5.1667,13.9187,0.0,0.3483
3366,3761,21.77,41.93,73.95,168.26,0.4187,0.4187,5.5839,18.5978,163.0273,0.1323
3366,3776,158.05,5.95,195.24,144.61,0.7002,0.7002,6.5866,0.4893,0.0,0.4668
3366,3703,188.01,32.21,241.81,160.38,0.4475,0.4475,5.6775,5.5167,162.4077,0.1485
3367,3761,18.83,41.81,75.99,182.73,0.3201,0.3201,4.971,19.084,18.9913,0.203
3367,3776,158.21,6.66,194.97,144.41,0.6523,0.6523,6.6003,0.4929,0.0,0.4349
3367,3703,189.63,31.45,243.23,159.13,0.205,0.205,5.7446,5.6425,0.0,0.1363
3367,3752,256.58,22.7,297.05,105.26,0.4495,0.4495,11.2482,14.6375,171.3609,0.145
3368,3761,23.02,41.67,71.94,160.31,0.5234,0.5234,5.9872,18.4909,164.095,0.1655
3368,3776,157.56,6.03,194.26,144.34,0.7319,0.7319,6.6052,0.5889,0.0,0.4879
3368,3703,193.55,31.44,247.03,158.66,0.3594,0.3594,5.7752,6.1292,0.0,0.2389
3368,3752,256.49,22.77,296.89,105.01,0.2386,0.2386,11.2934,14.6344,0.0,0.1565
3368,3398,251.11,22.32,296.63,174.57,0.3452,0.3452,5.1552,13.8886,0.0,0.2268
3369,3761,19.72,41.75,74.39,176.78,0.6226,0.6226,5.2094,18.9295,18.1706,0.3935
3369,3776,156.94,5.4,194.03,145.85,0.708,0.708,6.5033,0.7002,15.2049,0.4637
3369,3703,197.73,31.36,252.69,163.89,0.291,0.291,5.5175,7.0522,23.5186,0.1852
3369,3752,256.01,22.65,296.73,105.21,0.304,0.304,11.2545,14.5845,0.0,0.1994
3369,3398,251.3,20.73,297.01,174.63,0.5225,0.5225,5.1536,13.9277,0.0,0.3432
3369,3736,186.8,30.75,247.14,231.66,0.3311,0.3311,3.3873,13.4027,151.7255,0.1786
3370,3761,19.29,41.85,75.3,182.26,0.6909,0.6909,4.9895,19.0813,18.8297,0.4366
3370,3776,156.5,6.47,193.07,144.88,0.6733,0.6733,6.5686,0.7589,0.0,0.4488
3370,3703,203.25,31.31,258.98,166.92,0.304,0.304,5.384,7.9868,36.6729,0.1816
3370,3752,255.8,22.56,296.7,105.47,0.2605,0.2605,11.2061,14.5565,0.0,0.1709
3370,3398,250.03,21.19,295.13,174.28,0.2822,0.2822,5.1634,13.7104,0.0,0.1855
3371,3761,25.53,41.74,73.53,157.94,0.3389,0.3389,6.1076,18.1926,164.2361,0.1073
3371,3776,155.56,5.14,192.38,144.27,0.7188,0.7188,6.6104,0.8661,0.0,0.4792
3371,3703,204.99,31.19,261.62,169.9,0.3914,0.3914,5.253,8.4431,22.4042,0.2497
3371,3752,256.49,22.38,295.55,100.12,0.3503,0.3503,12.2677,14.8111,172.0709,0.1129
3371,3780,255.94,22.17,280.12,48.47,0.5659,0.5659,107.2135,18.0231,0.0,0.368
3372,3761,16.66,41.3,79.89,199.61,0.7256,0.7256,4.3928,19.7034,21.2785,0.5118
3372,3776,154.65,7.05,191.23,144.46,0.6152,0.6152,6.5977,1.0152,0.0,0.4101
3372,3703,206.13,31.62,263.44,173.03,0.4961,0.4961,5.1204,8.827,20.4866,0.3183
3372,3780,256.28,22.83,279.78,48.37,0.2673,0.2673,108.8029,18.0326,179.1036,0.0847
3373,3761,19.35,40.75,76.31,184.19,0.4397,0.4397,4.9142,19.0858,160.8906,0.1435
3373,3776,153.45,5.03,190.76,144.35,0.8003,0.8003,6.6055,1.1339,0.0,0.5335
3373,3703,205.25,31.92,262.17,174.19,0.4551,0.4551,5.0698,8.7726,0.0,0.3016
3374,3761,21.94,40.29,74.8,173.69,0.3149,0.3149,5.3352,18.6736,162.1836,0.0994
3374,3776,153.3,6.84,190.15,142.86,0.7808,0.7808,6.7093,1.1985,165.3647,0.2602
3374,3703,205.56,31.97,262.84,176.33,0.4312,0.4312,4.9833,8.9823,0.0,0.2867
3375,3761,25.88,39.3,72.08,154.79,0.6655,0.6655,6.2918,18.2251,164.7908,0.2107
3375,3776,152.04,7.68,189.29,144.32,0.7822,0.7822,6.6081,1.3402,17.7072,0.509
3375,3703,205.75,32.44,262.33,176.74,0.3604,0.3604,4.9666,8.9927,0.0,0.2404
3376,3761,22.1,38.66,77.78,181.4,0.5708,0.5708,5.0118,18.7243,18.7562,0.3604
3376,3776,151.72,7.77,189.62,145.33,0.6309,0.6309,6.5395,1.3522,0.0,0.4205
3376,3703,211.31,32.15,268.46,175.27,0.4609,0.4609,5.0374,9.6039,131.0305,0.1515
3377,3761,21.92,37.82,79.6,189.31,0.6978,0.6978,4.7182,18.9328,19.8173,0.4651
3377,3776,149.84,8.15,187.08,143.05,0.5293,0.5293,6.6973,1.6612,160.6621,0.1764
3377,3703,212.59,32.59,269.83,176.33,0.2847,0.2847,4.9971,9.8361,0.0,0.1885
3378,3761,22.93,37.04,79.19,187.72,0.3584,0.3584,4.7728,18.8298,0.0,0.2434
3378,3776,148.85,8.23,184.94,138.37,0.5312,0.5312,7.0432,2.046,165.7592,0.177
3379,3761,29.24,36.18,73.59,152.65,0.7358,0.7358,6.4087,17.8894,165.0878,0.2334
3379,3776,146.84,8.25,184.34,142.9,0.7227,0.7227,6.7096,2.073,14.8088,0.4736
3379,3752,256.02,20.99,294.97,97.72,0.2815,0.2815,12.8066,14.8844,172.1619,0.0907
3380,3761,31.3,35.1,72.33,141.6,0.6406,0.6406,7.1603,17.8025,166.5621,0.2033
3380,3776,145.39,8.23,184.15,146.76,0.7319,0.7319,6.4478,2.2201,15.1152,0.4793
3381,3761,30.84,34.2,74.72,148.64,0.562,0.562,6.6572,17.685,14.3436,0.36
3381,3776,144.24,8.33,184.17,150.52,0.79,0.79,6.2106,2.4507,15.4953,0.5169
3381,3703,227.01,22.17,287.87,170.71,0.3372,0.3372,5.2729,11.5946,140.3395,0.1101
3382,3761,29.2,33.78,81.21,171.3,0.4368,0.4368,5.4115,17.7425,17.4446,0.2776
3382,3776,144.15,8.18,183.54,147.55,0.7319,0.7319,6.3971,2.3723,165.0312,0.2438
3383,3761,33.43,33.6,76.65,145.19,0.5293,0.5293,6.8808,17.3798,166.089,0.1684
3383,3776,142.6,8.19,182.79,148.87,0.6289,0.6289,6.3138,2.5781,0.0,0.4191
3384,3761,30.43,33.15,82.82,170.56,0.5029,0.5029,5.4389,17.5412,17.3596,0.3198
3384,3776,140.02,8.39,181.7,152.3,0.7363,0.7363,6.1061,2.9911,17.6325,0.479
3385,3761,28.96,32.97,85.32,184.04,0.5547,0.5547,4.883,17.9341,19.2101,0.3592
3385,3776,137.87,8.56,178.98,150.46,0.7017,0.7017,6.2187,3.2285,156.0297,0.2335
3385,3752,255.08,19.93,287.44,80.75,0.3748,0.3748,18.4984,15.5415,174.5136,0.1204
3386,3776,136.7,8.89,177.43,149.16,0.6069,0.6069,6.3004,3.3697,0.0,0.4043
3386,3752,255.63,19.75,288.2,80.61,0.5527,0.5527,18.5729,15.6238,0.0,0.3617
3387,3776,133.91,8.92,175.93,152.93,0.7227,0.7227,6.0745,3.8148,18.0013,0.4695
3387,3752,256.05,20.17,288.65,80.49,0.5137,0.5137,18.6359,15.6806,0.0,0.3361
3387,3761,29.41,33.21,87.01,191.67,0.5,0.5,4.6098,18.1375,20.2723,0.3407
3388,3776,134.85,8.75,175.62,147.43,0.7056,0.7056,6.4124,3.5832,165.1139,0.2347
3389,3776,133.56,8.88,175.09,149.19,0.5303,0.5303,6.3014,3.7536,17.0279,0.3454
3390,3776,131.07,9.09,172.88,149.93,0.6768,0.6768,6.258,4.1037,0.0,0.4506
3390,3794,191.2,35.91,207.11,81.21,0.4534,0.4534,17.846,9.3371,0.0,0.3003
3390,3796,39.34,33.22,80.61,120.8,0.4495,0.4495,9.095,17.0237,0.0,0.2931
3391,3776,128.32,9.28,170.78,152.24,0.7822,0.7822,6.1212,4.5175,22.341,0.5011
3391,3794,192.8,36.09,206.55,74.96,0.2095,0.2095,21.2722,10.1931,175.419,0.0687
3391,3796,39.08,33.09,80.39,120.91,0.6636,0.6636,9.0834,17.0519,0.0,0.4327
3392,3776,127.16,9.44,169.64,152.64,0.8013,0.8013,6.099,4.6907,0.0,0.5333
3392,3794,191.08,36.15,206.48,79.67,0.384,0.384,18.5847,9.5282,5.3104,0.2537
3392,3796,40.17,32.44,81.7,120.89,0.5156,0.5156,9.078,16.8977,0.0,0.3363
3392,3780,254.71,20.58,279.95,48.38,0.4417,0.4417,108.604,17.9702,0.0,0.2873
3393,3776,126.12,9.38,168.43,152.21,0.6362,0.6362,6.1259,4.8303,0.0,0.4234
3393,3794,191.58,36.21,207.36,80.62,0.4233,0.4233,18.1231,9.4288,6.6851,0.2793
3393,3796,42.91,31.82,79.63,109.95,0.3311,0.3311,10.5953,17.1901,170.8386,0.1054
3393,3780,254.99,20.65,280.21,48.52,0.3701,0.3701,106.4131,17.9805,2.0509,0.2406
3394,3776,124.58,9.17,168.43,158.06,0.7832,0.7832,5.7974,5.1987,16.5238,0.5103
3394,3794,192.77,36.18,206.91,75.32,0.2751,0.2751,21.0409,10.1514,175.373,0.0903
3394,3796,42.69,30.46,80.74,111.85,0.4358,0.4358,10.2943,17.067,9.4833,0.2822
3394,3780,254.95,20.86,280.25,48.99,0.5659,0.5659,99.6201,17.9356,0.979,0.3681
3395,3776,123.88,8.99,167.2,155.67,0.7822,0.7822,5.9293,5.2067,162.9672,0.2597
3395,3794,193.3,36.06,207.06,73.46,0.5039,0.5039,22.2955,10.4128,175.5754,0.1652
3395,3796,41.27,29.36,83.12,119.87,0.3943,0.3943,9.1936,16.7615,10.4773,0.2551
3395,3780,254.95,21.24,279.7,48.91,0.2759,0.2759,100.7009,17.919,176.4333,0.0875
3395,3798,44.96,28.94,83.6,177.64,0.373,0.373,5.1046,16.7957,0.0,0.2434
3396,3776,122.27,9.2,165.3,153.94,0.8271,0.8271,6.0298,5.3734,158.6303,0.2745
3396,3780,255.29,21.25,279.91,48.74,0.543,0.543,103.1221,17.9595,178.2468,0.1722
3396,3798,47.89,28.1,83.56,164.97,0.7002,0.7002,5.6657,16.2248,163.0366,0.2241
3397,3776,120.53,9.67,163.12,153.26,0.7642,0.7642,6.0721,5.6191,0.0,0.5082
3397,3780,255.33,20.86,280.07,48.53,0.583,0.583,106.2643,17.9883,179.0042,0.1848
3397,3798,49.32,27.13,84.46,161.45,0.7847,0.7847,5.8395,15.995,162.5932,0.2514
3398,3776,119.03,9.64,161.0,150.85,0.7217,0.7217,6.2185,5.8017,161.4877,0.2393
3398,3780,255.36,20.74,280.11,48.5,0.5117,0.5117,106.7299,17.9943,178.6331,0.1622
3398,3798,49.9,26.64,85.06,160.52,0.5352,0.5352,5.886,15.8992,0.0,0.35
3399,3776,117.73,9.52,160.12,152.09,0.8228,0.8228,6.1457,5.9858,0.0,0.547
3399,3780,255.19,20.16,280.31,48.42,0.4746,0.4746,107.9873,18.0032,179.0899,0.1505
3399,3798,50.94,26.03,86.22,159.62,0.6909,0.6909,5.9295,15.7376,0.0,0.452
3400,3776,117.28,9.2,159.76,151.62,0.5361,0.5361,6.1745,6.0298,0.0,0.3564
3400,3780,254.8,19.85,280.34,48.71,0.4609,0.4609,103.5573,17.9597,1.0823,0.2998
3400,3798,50.91,25.25,87.01,160.8,0.6504,0.6504,5.865,15.7102,0.0,0.4255
3400,3703,272.74,39.7,335.88,191.27,0.5527,0.5527,4.6325,18.423,0.0,0.3861
3400,3794,191.37,35.42,208.16,80.93,0.3657,0.3657,17.9775,9.3997,5.4071,0.2416
3401,3776,116.2,9.47,159.06,152.55,0.7886,0.7886,6.1206,6.1788,0.0,0.5242
3401,3780,255.23,21.3,279.77,48.84,0.6738,0.6738,101.6872,17.9411,1.0654,0.4382
3401,3798,52.64,25.0,90.53,165.52,0.6001,0.6001,5.6154,15.4741,18.3579,0.3826
3401,3703,272.93,40.14,337.24,192.74,0.5361,0.5361,4.5862,18.5845,0.0,0.3777
3401,3794,191.02,35.71,208.06,81.44,0.3523,0.3523,17.7413,9.3223,5.9611,0.2327
3401,3796,42.9,25.7,85.75,120.7,0.2759,0.2759,9.0793,16.4647,23.674,0.1724
3402,3776,114.65,9.64,158.35,156.42,0.7148,0.7148,5.9017,6.4644,16.8337,0.4648
3402,3780,255.24,22.32,279.14,48.73,0.6187,0.6187,103.2463,17.9244,177.0938,0.1962
3402,3798,55.2,24.75,92.95,163.08,0.4834,0.4834,5.7269,15.0868,155.7426,0.1556
3402,3703,275.46,40.38,339.82,189.5,0.3191,0.3191,4.7054,18.747,156.9805,0.1133
3402,3794,191.02,35.84,208.06,81.38,0.4065,0.4065,17.7687,9.3303,0.0,0.2692
3402,3796,46.99,25.26,86.35,114.67,0.2147,0.2147,9.8473,16.3413,169.2689,0.0687
3403,3776,113.31,10.17,157.45,159.62,0.6655,0.6655,5.7318,6.7528,17.6102,0.4317
3403,3780,255.64,22.72,279.27,48.64,0.4844,0.4844,104.585,17.9563,177.1643,0.1536
3403,3798,55.99,24.01,94.18,161.92,0.2568,0.2568,5.7823,14.9268,0.0,0.1683
3403,3703,274.77,40.44,338.36,185.78,0.4688,0.4688,4.8333,18.4603,159.4589,0.1586
3403,3794,191.29,35.86,208.35,80.96,0.2386,0.2386,17.9636,9.398,173.5318,0.0785
3404,3776,112.29,10.55,156.5,160.83,0.5205,0.5205,5.6709,6.9418,0.0,0.3457
3404,3780,255.77,22.79,279.53,48.68,0.4263,0.4263,104.002,17.9696,4.8028,0.2768
3404,3798,59.31,24.36,98.17,161.64,0.4941,0.4941,5.7828,14.4367,0.0,0.3242
3404,3703,275.95,40.42,339.96,182.86,0.6836,0.6836,4.9473,18.5175,159.961,0.2209
3404,3794,191.44,36.24,208.4,80.54,0.3225,0.3225,18.1623,9.4581,174.5161,0.106
3405,3776,110.95,11.15,155.71,164.57,0.7251,0.7251,5.4871,7.2796,18.0028,0.4696
3405,3780,255.71,22.7,279.73,48.78,0.541,0.541,102.5515,17.9662,1.1923,0.3518
3405,3798,60.35,24.84,100.11,162.52,0.6001,0.6001,5.7322,14.2602,0.0,0.3939
3405,3703,277.2,40.58,341.46,181.68,0.5361,0.5361,4.998,18.644,0.0,0.3482
3406,3776,110.21,11.56,155.07,166.61,0.7129,0.7129,5.3917,7.4883,0.0,0.4732
3406,3780,254.57,22.63,279.05,48.8,0.3123,0.3123,102.2194,17.8844,33.2292,0.1861
3406,3703,277.98,40.63,342.3,179.94,0.3611,0.3611,5.0694,18.6832,0.0,0.2344
3406,3807,246.25,22.36,280.59,169.06,0.458,0.458,5.3637,12.3069,0.0,0.3018
3406,3794,192.32,35.89,207.84,75.74,0.2681,0.2681,20.7773,10.1046,175.3214,0.088
3407,3776,109.61,10.05,154.68,167.16,0.6899,0.6899,5.367,7.5848,0.0,0.4579
3407,3703,278.91,41.2,343.33,179.69,0.6958,0.6958,5.0833,18.7963,0.0,0.4515
3407,3807,245.56,22.36,280.15,169.91,0.54,0.54,5.3237,12.267,0.0,0.3559
3408,3776,109.44,11.67,154.17,168.89,0.6738,0.6738,5.2888,7.7367,0.0,0.4472
3408,3703,277.78,41.27,342.8,179.15,0.6333,0.6333,5.1015,18.6751,0.0,0.4111
3408,3807,244.12,22.91,278.58,168.88,0.3486,0.3486,5.3659,12.0281,0.0,0.2298
3408,3798,65.91,25.08,105.42,158.23,0.3811,0.3811,5.9385,13.4387,153.6667,0.1236
3408,3780,252.26,23.29,277.04,48.76,0.457,0.457,102.6845,17.7002,132.0998,0.1451
3409,3776,108.83,12.75,154.14,173.65,0.8296,0.8296,5.0831,8.1049,18.5759,0.5359
3409,3703,277.33,41.47,342.79,178.88,0.4417,0.4417,5.1113,18.6374,0.0,0.2867
3409,3807,242.01,22.86,276.82,168.63,0.4717,0.4717,5.3718,11.7638,0.0,0.3112
3409,3798,66.13,25.51,105.81,157.09,0.6362,0.6362,6.0002,13.3755,0.0,0.4184
3409,3780,251.15,23.17,276.8,48.7,0.5469,0.5469,103.522,17.6478,168.9635,0.1737
3410,3776,108.45,13.89,153.7,175.78,0.8306,0.8306,4.9962,8.3133,0.0,0.5512
3410,3703,279.37,41.99,345.46,179.74,0.3711,0.3711,5.0868,18.9586,0.0,0.2407
3410,3807,243.08,23.25,278.26,166.62,0.6353,0.6353,5.4686,11.8511,0.0,0.419
3410,3798,67.92,25.27,107.81,154.45,0.4111,0.4111,6.1435,13.0748,160.5492,0.1335
3410,3780,250.66,23.36,276.84,48.68,0.2959,0.2959,103.8044,17.6304,168.9939,0.094
3411,3776,108.89,14.98,150.54,162.49,0.7153,0.7153,5.5956,7.6429,163.0629,0.2363
3411,3703,281.45,42.1,347.66,178.49,0.4609,0.4609,5.1461,19.1831,0.0,0.2987
3411,3807,240.85,23.67,277.05,165.55,0.6113,0.6113,5.5145,11.5838,0.0,0.4034
3411,3798,69.67,24.65,109.0,149.26,0.5869,0.5869,6.4546,12.8147,164.4596,0.1908
3411,3780,250.16,23.63,276.82,48.82,0.3877,0.3877,101.7712,17.5943,1.9773,0.2523
3412,3776,108.54,16.03,148.31,155.79,0.7939,0.7939,5.9519,7.5482,163.8747,0.2623
3412,3703,282.94,41.73,349.55,177.84,0.5718,0.5718,5.18,19.3723,0.0,0.3704
3412,3807,238.8,23.59,276.18,163.14,0.6323,0.6323,5.6281,11.3054,160.0371,0.2067
3412,3798,70.79,24.34,110.63,149.58,0.8442,0.8442,6.4291,12.6299,0.0,0.556
3413,3776,108.2,16.32,147.42,153.79,0.8193,0.8193,6.0669,7.5757,163.8209,0.2707
3413,3703,284.28,41.83,351.88,179.59,0.6958,0.6958,5.117,19.6539,0.0,0.4504
3413,3807,236.25,23.28,274.86,161.44,0.687,0.687,5.7084,10.9908,0.0,0.4538
3413,3798,71.24,23.86,112.03,152.18,0.8086,0.8086,6.2646,12.5313,15.7601,0.5225
3414,3776,104.89,16.66,149.31,175.01,0.647,0.647,5.0345,8.7314,18.6981,0.4175
3414,3703,286.07,41.23,353.04,177.56,0.6196,0.6196,5.2061,19.7735,0.0,0.4009
3414,3807,231.06,18.53,271.97,160.11,0.5342,0.5342,5.766,10.4041,0.0,0.3532
3414,3798,71.02,22.67,112.39,153.74,0.7363,0.7363,6.1713,12.5433,0.0,0.485
3415,3776,105.39,16.52,146.42,162.19,0.7349,0.7349,5.6181,8.1349,163.1383,0.2425
3415,3703,287.41,40.8,354.1,177.17,0.6602,0.6602,5.2277,19.9102,0.0,0.427
3415,3807,227.83,19.75,269.93,159.67,0.5264,0.5264,5.782,10.0334,0.0,0.3482
3415,3798,71.36,21.86,111.14,148.9,0.7544,0.7544,6.4705,12.5508,165.2704,0.2455
3415,3794,190.91,35.44,208.52,80.78,0.3337,0.3337,18.0479,9.4176,5.3909,0.2205
3416,3776,105.41,16.8,144.59,154.88,0.7378,0.7378,6.0104,7.9935,164.1502,0.2435
3416,3703,289.45,39.68,355.08,173.87,0.4292,0.2146,5.3753,20.0061,161.5935,0.0672
3416,3807,225.12,19.3,268.34,158.42,0.5127,0.5127,5.8429,9.7033,0.0,0.3394
3416,3798,72.68,21.38,111.89,146.78,0.4524,0.4524,6.6057,12.3967,163.6534,0.1473
3417,3776,104.73,16.78,144.04,154.89,0.6245,0.6245,6.0112,8.0786,0.0,0.4143
3417,3703,291.21,38.06,356.59,172.46,0.5918,0.2959,5.4453,20.1733,0.0,0.1912
3417,3807,224.04,20.56,268.16,158.01,0.542,0.542,5.8633,9.6054,0.0,0.3588
3417,3798,75.82,21.13,114.02,145.01,0.6377,0.6377,6.7162,12.0303,154.0881,0.2079
3417,3794,191.11,35.93,208.7,81.28,0.2737,0.2737,17.8154,9.3589,5.8626,0.1808
3418,3776,104.55,16.37,143.91,154.24,0.6001,0.6001,6.0487,8.083,0.0,0.3981
3418,3703,292.84,37.09,357.19,170.37,0.385,0.1925,5.5457,20.2624,161.7846,0.0602
3418,3807,222.32,18.4,268.06,158.47,0.5059,0.5059,5.8363,9.4949,0.0,0.335
3418,3798,76.41,21.15,112.2,139.23,0.5981,0.5981,7.1415,12.1321,166.5939,0.1949
3418,3794,190.46,36.13,207.74,81.42,0.2847,0.2847,17.7495,9.3068,0.0,0.1886
3419,3776,103.33,16.79,142.84,153.45,0.4785,0.4785,6.0971,8.2225,0.0,0.3174
3419,3703,295.02,36.45,357.6,166.35,0.3721,0.186,5.7441,20.34,163.1864,0.0581
3419,3807,223.49,20.58,268.56,156.8,0.4824,0.4824,5.9292,9.5616,0.0,0.3194
3419,3794,190.88,36.15,208.23,81.51,0.3721,0.3721,17.7095,9.3136,0.0,0.2464
3419,3780,245.43,22.65,272.79,48.76,0.2651,0.2651,102.4189,17.2287,121.9743,0.0844
3420,3776,101.56,16.75,141.56,153.18,0.4668,0.4668,6.1165,8.428,0.0,0.3095
3420,3703,297.71,35.85,359.53,164.89,0.3269,0.1635,5.8287,20.6012,0.0,0.1055
3420,3807,223.88,20.6,269.35,156.78,0.606,0.606,5.9319,9.6419,0.0,0.4011
3421,3776,99.11,16.49,134.7,126.58,0.4312,0.4312,8.1807,9.3104,168.1607,0.1418
3421,3703,296.87,35.08,358.21,161.67,0.3191,0.1595,5.9903,20.414,162.9016,0.0498
3421,3807,224.07,20.52,270.04,157.74,0.5391,0.5391,5.8804,9.7281,0.0,0.3568
3422,3776,97.57,16.41,130.73,111.7,0.564,0.564,10.0196,10.4094,170.2763,0.1849
3422,3703,294.1,34.52,360.0,185.53,0.4167,0.2084,4.9277,20.9425,19.0792,0.1325
3422,3807,223.64,19.56,270.49,158.59,0.626,0.626,5.8346,9.754,0.0,0.4143
3423,3703,284.3,34.05,360.0,218.3,0.6416,0.3208,3.9208,21.8871,23.4666,0.2435
3423,3807,220.98,19.86,268.76,158.93,0.8369,0.8369,5.8109,9.4655,0.0,0.5541
3423,3798,88.66,16.2,136.58,173.12,0.8467,0.8467,5.1433,10.4174,20.1073,0.5426
3424,3703,286.65,33.61,360.0,226.24,0.222,0.111,3.7388,22.4835,25.0561,0.0864
3424,3807,221.82,19.25,269.67,158.89,0.7031,0.7031,5.8152,9.5833,0.0,0.4655
3424,3798,89.04,15.85,139.72,183.64,0.458,0.458,4.7268,10.8693,19.9156,0.3101
3425,3703,289.53,33.62,360.0,228.93,0.6094,0.3047,3.6842,22.8007,0.0,0.2487
3425,3807,221.65,18.27,270.2,159.45,0.6851,0.6851,5.786,9.6253,0.0,0.4535
3425,3798,89.6,15.74,140.72,187.38,0.7075,0.7075,4.5929,11.056,20.5551,0.4907
3426,3703,289.62,33.55,360.0,235.8,0.3235,0.1618,3.5397,23.2404,25.7664,0.1296
3426,3807,219.13,21.23,266.97,157.72,0.6279,0.6279,5.8714,9.1804,0.0,0.4159
3426,3798,90.6,16.1,141.67,190.91,0.7422,0.7422,4.4723,11.2257,21.3019,0.5254
3427,3807,220.36,18.84,267.75,154.72,0.3433,0.3433,6.0411,9.2391,163.6872,0.1129
3427,3798,91.5,16.36,141.96,192.46,0.835,0.835,4.4207,11.2884,0.0,0.6158
3428,3807,220.63,17.84,269.0,156.53,0.3503,0.3503,5.9411,9.3886,17.5138,0.2266
3428,3798,92.31,16.86,141.1,189.9,0.6387,0.6387,4.5045,11.0799,0.0,0.464
3428,3820,305.73,33.55,360.0,188.69,0.4495,0.2248,4.8388,21.7469,0.0,0.1493
3429,3807,221.49,17.82,270.24,157.77,0.4863,0.4863,5.8757,9.5664,0.0,0.3219
3429,3798,89.45,18.09,138.5,191.95,0.3674,0.3674,4.4427,11.5509,0.0,0.2698
3429,3820,305.26,33.8,360.0,195.64,0.5527,0.2763,4.6013,21.9775,20.3143,0.1865
3430,3807,215.65,16.83,265.8,157.89,0.6943,0.6943,5.8566,8.8679,0.0,0.4601
3430,3798,87.15,18.76,135.69,191.01,0.4026,0.4026,4.4786,11.7637,0.0,0.2936
3430,3820,307.03,33.79,360.0,192.52,0.5708,0.2854,4.7086,21.9616,159.9042,0.0993
3431,3807,212.67,16.35,264.16,158.87,0.7168,0.7168,5.7987,8.5854,0.0,0.4752
3431,3798,87.22,18.86,136.1,192.18,0.6875,0.6875,4.44,11.8284,0.0,0.5048
3431,3820,307.89,33.67,360.0,190.35,0.5708,0.2854,4.7851,21.9333,0.0,0.1916
3432,3807,211.52,20.43,262.15,158.32,0.79,0.79,5.8246,8.3514,0.0,0.5239
3432,3798,85.28,19.0,133.03,187.98,0.5981,0.5981,4.5851,11.7968,157.2902,0.2282
3432,3820,311.25,33.23,359.07,166.36,0.5806,0.2903,5.7893,21.4367,163.6185,0.0901
3432,3826,112.03,18.22,131.05,48.55,0.6479,0.6479,104.6642,15.6605,0.0,0.4239
3433,3807,209.42,18.07,260.32,156.24,0.7456,0.7456,5.9337,8.015,157.8578,0.2461
3433,3798,83.95,19.53,132.6,191.07,0.5747,0.5747,4.4834,12.127,21.7978,0.4047
3433,3820,312.46,33.6,357.67,159.29,0.396,0.198,6.1609,21.319,164.4911,0.0615
3433,3826,112.53,17.67,131.89,48.39,0.6279,0.6279,107.1157,15.6323,175.9558,0.2016
3434,3807,209.9,16.76,261.26,155.48,0.564,0.564,5.9778,8.0902,0.0,0.3741
3434,3798,82.97,20.02,132.62,192.82,0.2018,0.2018,4.4276,12.3148,0.0,0.1484
3434,3820,313.5,33.07,357.39,154.37,0.2386,0.1193,6.4495,21.3157,165.2302,0.037
3434,3826,113.64,16.92,134.05,49.12,0.2903,0.2903,96.6259,15.4371,2.4659,0.19
3435,3807,210.04,16.53,260.98,153.71,0.8145,0.8145,6.0788,8.0339,164.3342,0.2688
3435,3798,81.09,20.39,130.88,193.24,0.4534,0.4534,4.4182,12.5525,0.0,0.3338
3435,3820,314.07,33.15,357.86,153.63,0.2063,0.1032,6.4978,21.3744,0.0,0.0664
3436,3807,208.78,16.1,259.29,153.06,0.8125,0.8125,6.1135,7.8137,0.0,0.5392
3436,3798,80.15,21.38,129.02,190.1,0.6372,0.6372,4.5239,12.483,158.1043,0.2478
3437,3807,207.72,16.05,257.81,152.84,0.7544,0.7544,6.1237,7.6321,0.0,0.5007
3437,3798,75.15,21.38,128.46,202.06,0.5981,0.5981,4.161,13.7087,23.0278,0.4441
3437,3820,315.45,34.15,359.18,154.38,0.3701,0.185,6.4599,21.5478,0.0,0.1191
3438,3807,207.32,16.34,256.22,152.4,0.7334,0.7334,6.1476,7.4836,0.0,0.4869
3438,3798,77.75,21.93,126.35,183.31,0.3989,0.3989,4.7674,12.334,160.3378,0.1423
3439,3807,207.34,16.42,254.4,151.14,0.4065,0.4065,6.2214,7.3314,0.0,0.2699
3440,3807,205.57,16.29,251.84,151.43,0.4668,0.4668,6.1994,7.0347,0.0,0.31
3440,3831,116.99,16.46,147.75,129.23,0.728,0.728,7.8768,7.1194,0.0,0.4835
3440,3798,75.63,22.64,122.71,174.06,0.6558,0.6558,5.1379,12.1884,161.1733,0.2137
3441,3807,207.08,16.27,251.76,150.63,0.4766,0.4766,6.2495,7.1187,0.0,0.3165
3441,3831,119.7,16.26,150.63,129.45,0.7124,0.7124,7.8494,6.7332,0.0,0.4733
3441,3798,72.53,22.69,121.35,174.58,0.7202,0.7202,5.1224,12.4996,0.0,0.4744
3441,3794,190.1,36.09,209.83,88.22,0.3345,0.3345,15.0988,8.4404,0.0,0.2218
3442,3807,203.83,15.94,247.8,151.47,0.5659,0.5659,6.1913,6.6317,0.0,0.376
3442,3831,126.73,15.98,158.36,129.96,0.7832,0.7832,7.7863,5.7211,67.6829,0.3589
3442,3798,66.04,22.52,118.58,186.09,0.6738,0.6738,4.6929,13.6918,21.7829,0.4544
3443,3807,201.89,16.22,245.06,151.33,0.4465,0.4465,6.1955,6.3014,0.0,0.2968
3443,3831,128.26,16.13,160.04,129.12,0.6318,0.6318,7.8621,5.5528,0.0,0.4202
3443,3798,65.71,22.73,118.62,183.96,0.4795,0.4795,4.7699,13.5873,0.0,0.3299
3444,3807,201.64,16.05,244.02,150.09,0.4055,0.4055,6.2701,6.184,0.0,0.2695
3444,3831,131.08,16.24,163.37,128.67,0.6714,0.6714,7.8996,5.1783,0.0,0.4467
3444,3798,61.65,22.53,117.0,190.89,0.4746,0.4746,4.5365,14.342,22.5457,0.3287
3445,3807,199.0,15.97,241.61,151.13,0.7056,0.7056,6.2021,5.8533,0.0,0.4692
3445,3831,134.03,16.91,167.2,128.92,0.8037,0.8037,7.8703,4.729,0.0,0.5349
3445,3798,58.41,22.54,103.24,151.15,0.583,0.583,6.3685,13.9846,164.908,0.1886
3446,3807,194.51,16.18,237.98,151.9,0.7349,0.7349,6.1493,5.3082,0.0,0.4889
3446,3831,135.08,16.82,169.22,128.82,0.8467,0.8467,7.8776,4.5422,0.0,0.5636
3446,3798,58.72,22.3,99.38,134.56,0.5679,0.5679,7.5888,14.2488,167.363,0.1835
3447,3807,193.35,16.91,236.93,151.74,0.3115,0.3115,6.1573,5.1497,0.0,0.2072
3447,3831,134.03,16.74,168.98,128.93,0.4036,0.4036,7.8681,4.6158,0.0,0.2686
3448,3807,190.91,16.42,235.49,151.77,0.5938,0.5938,6.1528,4.8813,0.0,0.3951
3448,3831,133.53,16.85,169.34,129.22,0.7334,0.7334,7.8407,4.6055,0.0,0.4881
3448,3798,55.96,22.11,96.3,128.46,0.4397,0.4397,8.1663,14.7379,167.4042,0.1417
3449,3807,190.69,16.33,235.68,151.98,0.7739,0.7739,6.1402,4.8861,0.0,0.515
3449,3831,131.75,16.86,167.85,128.94,0.8193,0.8193,7.8697,4.8314,0.0,0.5452
3449,3798,45.26,22.14,106.32,186.45,0.7686,0.7686,4.7296,15.7396,19.8182,0.5153
3450,3807,187.81,16.67,233.48,152.25,0.7725,0.7725,6.1208,4.5447,0.0,0.5142
3450,3831,131.09,16.46,167.69,128.98,0.6309,0.6309,7.8665,4.8812,0.0,0.4198
3450,3798,40.47,22.14,107.25,207.23,0.7793,0.7793,4.0891,17.1941,22.8369,0.5822
3451,3807,186.38,17.08,231.98,151.52,0.7656,0.7656,6.1626,4.3161,0.0,0.5097
3451,3831,130.81,16.36,167.37,127.64,0.4216,0.4216,7.9963,5.006,167.7601,0.14
3451,3798,38.9,22.55,107.05,216.33,0.8159,0.8159,3.8568,17.9282,24.0804,0.6314
3452,3807,187.64,16.77,232.73,150.4,0.7456,0.7456,6.2317,4.4192,0.0,0.4963
3452,3831,135.49,16.18,169.34,117.91,0.3081,0.3081,9.0656,5.4324,168.726,0.1022
3452,3798,45.9,22.96,98.35,166.48,0.709,0.709,5.567,15.4291,162.9977,0.2278
3453,3807,182.7,16.37,229.22,151.11,0.8228,0.8228,6.1836,3.8568,0.0,0.5479
3453,3831,136.39,15.29,169.99,116.22,0.4092,0.4092,9.2795,5.5231,168.5206,0.1358
3453,3798,48.4,24.02,94.08,145.42,0.5176,0.5176,6.7854,15.2391,165.9299,0.1665
3454,3807,182.4,16.34,230.9,152.13,0.8262,0.8262,6.1232,3.9919,0.0,0.5501
3454,3831,138.94,14.79,174.44,120.96,0.7759,0.7759,8.6943,4.6929,13.5317,0.5092
3454,3798,37.59,24.41,103.96,206.0,0.5806,0.5806,4.132,17.462,22.4254,0.4307
3455,3807,180.05,16.68,229.26,152.33,0.8086,0.8086,6.1093,3.7293,0.0,0.5385
3455,3831,142.2,15.26,177.36,120.83,0.6299,0.6299,8.7055,4.4044,0.0,0.4193
3455,3798,42.7,25.11,97.43,169.76,0.6113,0.6113,5.4215,15.7912,162.5697,0.1961
3456,3807,178.7,16.71,228.65,152.41,0.8433,0.8433,6.1036,3.6007,0.0,0.5616
3456,3831,144.18,14.42,179.48,121.28,0.6758,0.6758,8.6517,4.1675,0.0,0.4499
3456,3798,39.85,26.45,99.71,186.41,0.384,0.384,4.751,16.4778,19.7569,0.256
3457,3807,177.72,16.36,228.25,152.34,0.605,0.605,6.1071,3.5045,0.0,0.403
3457,3831,146.07,14.12,180.68,120.63,0.5815,0.5815,8.7249,4.1087,0.0,0.3872
3457,3798,39.24,27.58,99.42,189.46,0.3821,0.3821,4.6459,16.6815,20.5263,0.2593
3458,3807,177.22,16.13,228.34,152.32,0.7065,0.7065,6.1081,3.476,0.0,0.4706
3458,3831,147.57,14.29,181.5,120.87,0.5991,0.5991,8.6961,3.9864,0.0,0.3989
3458,3798,38.09,28.52,99.47,195.23,0.8369,0.8369,4.4575,17.0506,21.1348,0.5874
3459,3807,175.88,15.67,225.53,147.94,0.4922,0.4922,6.3756,3.0218,163.4644,0.1638
3459,3831,149.62,13.71,182.8,120.18,0.604,0.604,8.7749,3.9436,0.0,0.4022
3459,3798,37.23,29.72,99.33,199.99,0.5078,0.5078,4.3126,17.3797,21.8138,0.3652
3460,3798,42.39,30.58,93.41,165.68,0.4426,0.4426,5.6221,15.9591,163.1477,0.1418
3461,3798,37.2,31.34,98.35,195.19,0.6699,0.6699,4.462,17.1682,20.9118,0.47
3461,3807,171.97,10.69,223.21,149.43,0.3032,0.3032,6.279,2.6399,31.4638,0.1872
3462,3798,31.34,31.3,104.11,231.86,0.7031,0.7031,3.5218,19.6504,25.8322,0.5702
3463,3798,38.34,31.04,108.85,221.38,0.3914,0.3914,3.735,18.2384,151.3631,0.1899
3463,3807,166.73,14.07,215.85,151.13,0.6333,0.6333,6.171,1.9155,45.7823,0.3582
3464,3798,41.39,30.72,111.31,215.88,0.5029,0.5029,3.8585,17.5325,152.8884,0.2364
3464,3807,160.58,15.32,209.01,151.57,0.542,0.542,6.1424,1.2857,75.632,0.2255
3465,3807,158.75,15.31,207.1,151.92,0.6426,0.6426,6.1212,1.2114,0.0,0.4284
3466,3807,157.9,15.28,205.95,151.86,0.6953,0.6953,6.1247,1.1611,0.0,0.4635
3467,-1,38.25,31.82,118.55,151.31,0.3218,0.3218,6.3684,14.3125,0.0,0.2112
3467,-1,39.27,31.99,117.98,84.66,0.2366,0.2366,16.8763,16.3943,0.0,0.1545
3468,-1,38.53,32.62,98.02,151.88,0.3477,0.3477,6.3763,15.6702,0.0,0.2275
3469,3798,29.74,33.25,109.43,251.98,0.502,0.502,3.1406,21.1471,29.2695,0.4265
3469,3807,153.43,4.3,203.84,146.17,0.3235,0.1618,6.4816,0.3679,163.153,0.0539
3470,3849,333.0,32.68,359.55,152.97,0.3459,0.1729,6.6015,22.6393,0.0,0.1109
3470,3798,29.36,33.18,106.96,251.83,0.7754,0.7754,3.1466,21.2615,0.0,0.691
3470,3807,151.97,10.98,200.5,144.44,0.7075,0.7075,6.5983,0.544,156.2931,0.2358
3471,3849,328.91,31.91,356.19,154.62,0.2878,0.1439,6.4765,22.1953,26.6233,0.0873
3471,3798,29.82,33.01,105.91,252.48,0.8228,0.8228,3.1363,21.3442,0.0,0.7342
3471,3807,149.98,10.21,200.31,144.5,0.7051,0.7051,6.5944,0.7004,0.0,0.47
3472,3849,324.44,30.02,355.55,168.91,0.3694,0.1847,5.6908,22.0754,16.6682,0.116
3472,3798,29.67,32.79,105.82,256.53,0.7974,0.7974,3.0697,21.7077,0.0,0.718
3472,3807,146.25,6.68,198.3,144.53,0.7056,0.7056,6.5931,1.111,0.0,0.4704
3473,3849,324.36,29.03,352.48,151.37,0.3584,0.3584,6.6548,21.6637,165.4494,0.111
3473,3798,33.85,32.56,111.32,258.6,0.7544,0.7544,3.025,21.4749,0.0,0.6841
3473,3807,145.71,23.92,194.03,144.65,0.355,0.355,6.5859,1.4564,0.0,0.2366
3474,3798,30.32,32.13,107.32,260.63,0.6909,0.6909,3.0019,21.9779,0.0,0.6279
3474,3807,142.47,17.34,193.75,144.06,0.4141,0.4141,6.6272,1.7058,0.0,0.276
3475,3798,29.36,32.47,106.83,266.95,0.7544,0.7544,2.9077,22.6068,0.0,0.6941
3475,3807,142.93,16.67,195.45,144.52,0.7271,0.7271,6.5951,1.5527,0.0,0.4846
3476,3798,33.3,32.74,110.01,266.9,0.5938,0.5938,2.9003,22.3111,0.0,0.5473
3476,3807,140.63,16.77,194.3,144.8,0.6611,0.6611,6.5769,1.8019,0.0,0.4406
3476,3831,182.27,10.87,212.26,113.15,0.3638,0.3638,9.6832,5.0601,0.0,0.2421
3476,3849,322.4,27.35,349.65,139.92,0.3701,0.3701,7.4606,21.3515,166.6424,0.1149
3477,3798,32.2,32.52,105.81,261.5,0.7568,0.7568,2.9879,22.04,0.0,0.6891
3477,3807,139.04,16.52,193.56,145.02,0.7256,0.7256,6.5626,1.9707,0.0,0.4836
3477,3831,184.44,11.58,213.58,116.73,0.3459,0.3459,9.203,4.7594,11.6791,0.2278
3477,3849,322.01,27.27,350.68,140.55,0.3767,0.3767,7.4127,21.3894,0.0,0.2425
3478,3798,32.76,32.38,104.55,260.01,0.709,0.709,3.012,21.9367,0.0,0.6435
3478,3807,138.85,16.7,194.29,145.2,0.8237,0.8237,6.5503,1.9342,0.0,0.549
3478,3831,186.57,11.24,215.43,119.51,0.4785,0.4785,8.8613,4.6196,13.391,0.3141
3478,3849,319.15,26.73,349.82,141.59,0.5469,0.5469,7.3192,21.1552,0.0,0.3523
3479,3798,34.35,32.48,106.89,264.73,0.6621,0.6621,2.9349,22.197,0.0,0.6074
3479,3807,137.96,15.72,194.24,145.28,0.6934,0.6934,6.5452,2.0023,0.0,0.4621
3479,3831,186.66,13.42,214.14,119.91,0.4648,0.4648,8.8131,4.5207,0.0,0.3094
3480,3798,39.35,33.0,112.37,265.16,0.7026,0.7026,2.9166,21.809,0.0,0.6468
3480,3807,136.48,15.48,193.01,145.22,0.8467,0.8467,6.5501,2.1951,0.0,0.5643
3480,3831,189.1,12.16,217.03,121.07,0.7324,0.7324,8.6814,4.657,26.7654,0.4613
3481,3798,44.92,33.11,110.59,235.68,0.3074,0.3074,3.4186,18.9811,153.3573,0.1617
3481,3807,135.46,14.14,192.49,145.11,0.7754,0.7754,6.5581,2.3039,0.0,0.5167
3481,3831,191.86,11.83,220.41,121.22,0.7461,0.7461,8.6684,4.9628,0.0,0.4965
3481,3849,314.89,25.36,348.59,143.04,0.4668,0.4668,7.1913,20.8099,22.5831,0.2891
3482,3798,43.82,32.99,117.79,260.94,0.6558,0.6558,2.97,21.0104,29.8188,0.5712
3482,3807,134.48,12.64,191.91,144.98,0.7627,0.7627,6.5674,2.4143,0.0,0.5082
3482,3831,192.94,12.08,222.09,120.7,0.793,0.793,8.7304,5.1601,0.0,0.5276
3482,3849,312.83,25.24,347.08,138.59,0.4785,0.4785,7.5282,20.5976,165.9324,0.1493
3483,3798,42.19,33.88,116.92,265.15,0.6836,0.6836,2.9088,21.5126,0.0,0.6305
3483,3807,133.24,12.45,190.01,144.75,0.6738,0.6738,6.5843,2.6372,0.0,0.449
3483,3831,195.17,11.57,225.97,120.68,0.7544,0.7544,8.7377,5.5007,0.0,0.5018
3483,3849,311.45,25.15,346.49,135.12,0.564,0.564,7.816,20.4946,166.9704,0.1761
3484,3798,44.36,34.39,117.67,261.41,0.7695,0.7695,2.9623,21.0384,0.0,0.705
3484,3807,132.08,12.67,188.08,144.76,0.7964,0.7964,6.5849,2.8583,0.0,0.5306
3484,3831,191.94,12.35,221.72,118.43,0.5156,0.5156,9.0001,5.3035,159.4441,0.1711
3484,3849,310.16,25.24,346.4,133.9,0.7568,0.7568,7.92,20.4177,165.6591,0.2364
3485,3798,47.13,33.85,121.92,264.31,0.7227,0.7227,2.911,21.0411,0.0,0.667
3485,3807,130.26,12.85,184.73,144.77,0.5303,0.5303,6.5866,3.2281,0.0,0.3533
3485,3831,193.14,13.13,222.74,116.57,0.5601,0.5601,9.236,5.6009,168.0143,0.1858
3485,3849,308.69,25.08,345.94,132.55,0.7422,0.7422,8.037,20.3087,164.8306,0.232
3486,3798,47.17,34.51,120.05,259.44,0.6982,0.6982,2.9874,20.6401,0.0,0.6379
3486,3807,129.41,13.4,182.38,144.69,0.6665,0.6665,6.5937,3.4564,0.0,0.4439
3486,3831,192.97,13.27,223.43,117.91,0.8008,0.8008,9.0666,5.4962,10.8509,0.5279
3486,3849,307.23,25.23,345.26,130.78,0.4006,0.4006,8.1972,20.1927,165.8846,0.1253
3487,3798,47.13,34.79,119.27,258.04,0.7598,0.7598,3.0103,20.5386,0.0,0.692
3487,3807,129.48,14.17,180.92,144.66,0.5815,0.5815,6.5965,3.5556,0.0,0.3873
3487,3831,194.08,13.65,226.35,120.5,0.8657,0.8657,8.758,5.4763,13.9954,0.5673
3487,3849,301.32,25.05,341.29,129.23,0.6523,0.6523,8.3152,19.5879,140.1518,0.2049
3488,3798,44.16,35.01,114.96,257.67,0.6602,0.6602,3.024,20.8029,0.0,0.5997
3488,3807,126.82,15.05,175.87,144.38,0.6362,0.6362,6.6202,4.1055,0.0,0.4236
3488,3831,194.92,14.34,228.06,120.88,0.8076,0.8076,8.7162,5.5884,0.0,0.5371
3488,3849,297.93,25.0,340.09,129.94,0.6768,0.6768,8.2297,19.2873,0.0,0.4385
3489,3798,42.81,35.45,112.04,257.12,0.7202,0.7202,3.0375,20.93,0.0,0.6527
3489,3807,125.44,15.0,172.21,143.71,0.7168,0.7168,6.6698,4.4649,0.0,0.4771
3489,3831,195.1,14.04,229.12,120.96,0.8442,0.8442,8.708,5.653,0.0,0.5614
3489,3849,298.23,24.53,341.97,131.18,0.6626,0.6626,8.1173,19.4107,16.3006,0.4203
3490,3798,49.41,34.62,123.02,266.77,0.7393,0.7393,2.8712,21.1539,36.6537,0.6374
3490,3807,124.12,15.78,168.92,143.38,0.645,0.645,6.6962,4.7942,0.0,0.4292
3490,3831,195.27,14.01,229.88,120.94,0.6187,0.6187,8.7112,5.7085,0.0,0.4114
3490,3849,296.54,24.23,341.23,130.7,0.6934,0.6934,8.1552,19.2619,0.0,0.4493
3491,3798,51.25,34.58,126.77,269.78,0.5117,0.5117,2.8224,21.2472,0.0,0.4781
3491,3807,122.76,15.99,166.44,144.1,0.561,0.561,6.649,5.0669,0.0,0.3733
3491,3831,195.64,14.09,230.69,121.01,0.7056,0.7056,8.7042,5.7714,0.0,0.4692
3491,3849,296.52,24.55,341.56,130.6,0.3557,0.3557,8.1658,19.2828,0.0,0.2305
3492,3798,47.28,34.82,119.79,262.81,0.501,0.501,2.9356,20.9723,145.3231,0.2938
3492,3807,120.27,16.16,163.57,144.84,0.7769,0.7769,6.6025,5.4495,0.0,0.5168
3492,3831,198.04,14.25,232.94,121.17,0.7842,0.7842,8.6903,6.0334,0.0,0.5214
3492,3849,283.54,24.31,348.78,181.88,0.6152,0.6152,5.0186,19.4931,18.7219,0.3875
3493,3798,47.82,34.86,118.09,255.52,0.6704,0.6704,3.0512,20.3179,150.8738,0.3838
3493,3807,118.27,16.22,161.19,144.47,0.7515,0.7515,6.6316,5.7599,0.0,0.4997
3493,3831,199.34,14.17,234.23,121.46,0.7676,0.7676,8.6598,6.1671,0.0,0.5103
3493,3849,289.13,24.28,344.59,157.94,0.7925,0.7925,6.1393,19.0118,164.4992,0.2498
3494,3798,48.69,35.66,119.63,257.66,0.4543,0.4543,3.0143,20.424,0.0,0.4136
3494,3807,116.34,16.17,159.09,144.33,0.6768,0.6768,6.6449,6.0458,0.0,0.4499
3494,3831,202.0,14.23,236.18,121.32,0.4331,0.4331,8.6806,6.4579,0.0,0.2878
3494,3849,292.04,24.72,342.14,145.28,0.7695,0.7695,6.9404,18.9512,166.208,0.2426
3495,3798,48.78,36.08,118.66,254.26,0.5547,0.5547,3.0702,20.1344,0.0,0.5012
3495,3807,113.76,16.05,156.95,144.37,0.71,0.71,6.6466,6.3805,0.0,0.4719
3495,3831,204.77,14.15,238.41,121.22,0.6001,0.6001,8.6977,6.7733,0.0,0.3987
3495,3849,293.0,24.72,339.56,136.28,0.6021,0.6021,7.6342,18.8745,167.2742,0.1899
3496,3798,48.52,35.95,118.12,252.87,0.6235,0.6235,3.094,20.0358,0.0,0.5615
3496,3807,114.78,15.98,158.03,144.48,0.5234,0.5234,6.637,6.2318,0.0,0.3479
3496,3831,208.0,11.43,241.78,121.36,0.5737,0.5737,8.6897,7.1771,0.0,0.381
3496,3849,293.23,24.87,338.06,132.26,0.6133,0.6133,7.9869,18.83,167.6686,0.1935
3497,3798,48.22,36.17,119.23,257.51,0.384,0.384,3.0176,20.445,0.0,0.3494
3497,3807,114.13,16.13,157.47,144.06,0.5088,0.5088,6.6672,6.3172,0.0,0.3382
3497,3831,210.48,12.98,243.17,121.04,0.4514,0.4514,8.7314,7.4418,0.0,0.2997
3497,3849,290.98,24.39,340.68,146.16,0.6602,0.6602,6.8715,18.7908,13.9565,0.4219
3497,3860,188.83,36.18,209.87,80.09,0.4282,0.4282,18.3784,9.4947,0.0,0.2835
3498,3807,113.25,16.28,157.01,144.37,0.7974,0.7974,6.6471,6.4124,0.0,0.5299
3498,3831,212.08,13.96,244.01,121.19,0.7744,0.7744,8.7173,7.5876,0.0,0.514
3498,3849,291.19,24.46,337.01,136.16,0.3867,0.3867,7.6311,18.5953,167.072,0.1222
3498,3860,186.47,36.15,210.25,85.9,0.2358,0.2358,15.9092,8.6771,6.1766,0.1558
3499,3807,112.99,16.24,157.05,144.49,0.5928,0.5928,6.639,6.4281,0.0,0.394
3499,3831,213.05,13.87,244.21,120.12,0.4766,0.4766,8.8436,7.7275,167.8386,0.1574
3499,3849,289.3,24.08,335.32,135.93,0.645,0.645,7.64,18.3664,0.0,0.419
3499,3860,186.26,36.14,210.71,87.52,0.2114,0.2114,15.3328,8.4661,6.3518,0.1397
3500,3807,113.86,16.59,157.89,144.72,0.5439,0.5439,6.6216,6.3074,0.0,0.3615
3500,3831,215.58,14.57,246.65,120.28,0.8091,0.8091,8.8317,8.0335,0.0,0.5368
3500,3849,290.04,23.9,333.34,127.57,0.7217,0.7217,8.419,18.3864,168.4583,0.2283
3500,3798,53.14,34.84,128.86,266.87,0.4863,0.4863,2.8605,20.8066,35.4475,0.4223
3501,3807,114.81,16.44,158.97,145.18,0.5029,0.5029,6.5883,6.1649,0.0,0.3343
3501,3831,217.77,14.09,249.57,120.85,0.6343,0.6343,8.7726,8.3287,0.0,0.4206
3501,3849,289.7,23.18,332.19,123.37,0.4824,0.4824,8.8675,18.3669,168.8199,0.1526
3501,3798,50.54,35.11,128.65,273.3,0.3621,0.3621,2.772,21.5619,0.0,0.3405
3502,3807,114.02,16.31,158.47,145.63,0.397,0.397,6.5592,6.2584,0.0,0.2639
3502,3831,219.24,15.02,251.57,121.21,0.4727,0.4727,8.7362,8.5336,0.0,0.3134
3502,3849,289.44,22.25,332.37,121.41,0.3167,0.3167,9.0952,18.4031,169.3628,0.1002
3502,3798,51.95,34.43,130.47,271.36,0.4446,0.4446,2.7959,21.249,0.0,0.417
3503,3807,113.45,16.52,157.87,145.15,0.6084,0.6084,6.5927,6.3392,0.0,0.4044
3503,3831,221.84,15.74,255.54,121.8,0.7568,0.7568,8.6791,8.9317,0.0,0.5015
3503,3849,288.97,22.21,331.36,119.6,0.6772,0.6772,9.3106,18.3504,168.5524,0.2143
3503,3860,188.74,36.31,210.32,82.13,0.4226,0.4226,17.4319,9.2298,174.3375,0.139
3504,3807,113.26,16.22,157.87,144.78,0.647,0.647,6.6181,6.3515,0.0,0.43
3504,3831,223.01,16.19,258.01,122.49,0.7812,0.7812,8.6073,9.1376,0.0,0.5175
3504,3849,277.1,21.84,338.58,167.52,0.6387,0.6387,5.5998,18.0335,16.8962,0.4062
3504,3860,189.27,36.29,210.05,80.95,0.2759,0.2759,17.9679,9.3926,174.5689,0.0907
3505,3807,104.99,14.99,151.16,144.17,0.3337,0.3337,6.6759,7.41,114.2693,0.1103
3505,3831,223.21,16.49,259.42,122.56,0.8276,0.8276,8.6022,9.2405,0.0,0.5482
3505,3849,275.83,21.04,342.03,182.46,0.4072,0.4072,4.9664,18.623,19.0967,0.2587
3505,3860,190.12,36.1,210.07,79.28,0.4302,0.4302,18.7845,9.6332,174.6697,0.1414
3506,3807,101.82,12.88,149.86,144.22,0.5352,0.5352,6.6776,7.7252,0.0,0.3552
3506,3831,222.05,16.37,259.17,122.48,0.8159,0.8159,8.6088,9.1512,0.0,0.5405
3506,3849,272.63,20.42,339.31,187.41,0.6792,0.6792,4.7724,18.4548,21.4286,0.4461
3506,3860,190.12,36.09,210.16,79.9,0.3923,0.3923,18.4735,9.5525,5.2771,0.2592
3507,3807,100.31,13.91,148.86,144.52,0.5659,0.5659,6.6599,7.9022,0.0,0.3755
3507,3831,222.27,16.68,260.89,124.07,0.5747,0.5747,8.4377,9.2082,13.5404,0.3753
3507,3849,276.17,20.26,336.45,173.59,0.363,0.363,5.3168,18.0003,162.2433,0.1151
3507,3860,189.92,36.24,209.81,80.28,0.353,0.353,18.2871,9.4905,6.5261,0.233
3508,3807,98.72,14.04,147.67,144.82,0.3577,0.3577,6.6427,8.0983,0.0,0.2373
3508,3831,221.44,16.88,261.24,125.63,0.6084,0.6084,8.2723,9.1113,11.685,0.3988
3508,3849,274.89,18.94,337.79,181.2,0.2568,0.2568,5.0045,18.2561,18.8226,0.1623
3508,3860,189.82,36.18,209.71,80.64,0.3757,0.3757,18.1143,9.4383,5.5498,0.2482
3509,3831,222.89,16.31,263.57,127.05,0.5869,0.5869,8.1338,9.3114,19.9296,0.377
3509,3860,190.09,36.19,209.73,80.5,0.2372,0.2372,18.1814,9.463,0.0,0.1571
3510,3831,221.99,16.22,263.43,127.43,0.7778,0.7778,8.0942,9.2275,0.0,0.5152
3510,3877,281.26,17.82,328.04,113.96,0.3604,0.3604,10.0274,17.804,0.0,0.2345
3510,3879,101.96,14.37,134.9,68.05,0.354,0.354,27.2195,13.7599,0.0,0.2326
3510,3807,96.82,14.09,145.06,144.06,0.2637,0.2637,6.7009,8.4144,0.0,0.1749
3511,3831,224.47,16.41,266.54,128.34,0.396,0.396,8.0139,9.5751,0.0,0.2622
3511,3877,281.14,19.32,327.64,115.01,0.3694,0.3694,9.8761,17.7395,9.8887,0.2386
3511,3879,99.79,14.62,135.65,73.03,0.3252,0.3252,22.8446,13.3056,4.3254,0.2136
3512,3831,225.07,16.53,264.29,120.5,0.3469,0.3469,8.8499,9.7795,169.0153,0.114
3512,3877,279.71,18.55,326.7,115.3,0.4226,0.4226,9.8272,17.5806,0.0,0.2752
3512,3879,95.72,14.34,138.07,83.5,0.6772,0.6772,17.0341,12.3505,5.7385,0.4451
3512,3807,87.29,14.37,143.86,172.1,0.3269,0.3269,5.1801,9.9842,18.6234,0.2106
3513,3877,278.94,19.27,328.85,122.92,0.2147,0.2147,8.8719,17.4725,10.9866,0.1385
3513,3879,94.56,14.3,138.66,86.23,0.2942,0.2942,15.9676,12.1235,6.1391,0.1934
3513,3807,86.72,14.43,144.35,179.43,0.3657,0.3657,4.8818,10.4391,19.2196,0.2408
3513,3860,188.87,35.8,208.58,81.41,0.3611,0.3611,17.7533,9.293,8.9148,0.2377
3514,3877,278.62,18.87,328.77,124.05,0.3999,0.3999,8.7433,17.4226,11.0497,0.258
3514,3879,94.39,14.24,138.59,85.72,0.4417,0.4417,16.1579,12.1829,173.8817,0.1439
3514,3807,86.74,14.36,144.52,181.87,0.2737,0.2737,4.7892,10.595,0.0,0.1886
3514,3831,229.88,16.08,270.17,123.48,0.4746,0.4746,8.5316,10.3572,23.4432,0.3008
3515,3877,278.81,18.22,328.64,124.06,0.5,0.5,8.7424,17.4263,0.0,0.3257
3515,3879,94.65,14.44,138.38,83.99,0.6792,0.6792,16.8347,12.3419,174.2255,0.2212
3515,3831,234.52,16.0,272.13,116.7,0.5786,0.5786,9.3544,11.0877,168.8197,0.1893
3516,3879,94.49,14.42,138.05,82.28,0.2712,0.2712,17.5621,12.5279,174.4416,0.0882
3516,3831,235.9,15.98,275.35,123.8,0.4226,0.4226,8.5185,11.0924,12.0144,0.276
3516,3860,189.45,36.08,208.36,80.84,0.3098,0.3098,18.0179,9.3765,174.3631,0.1019
3517,3879,88.58,14.56,128.68,77.28,0.6655,0.6655,20.1454,13.7502,171.5476,0.2155
3517,3831,238.76,16.06,278.11,127.28,0.7661,0.7661,8.1663,11.3576,15.4295,0.4965
3517,3860,189.61,35.85,208.28,80.89,0.3098,0.3098,17.9945,9.3714,0.0,0.2052
3517,3798,92.36,34.94,168.87,267.97,0.5776,0.5776,2.786,18.4812,90.9997,0.3531
3517,3877,275.59,18.16,323.66,121.02,0.4358,0.4358,9.0661,16.9667,161.5182,0.1389
3518,3879,86.92,14.66,126.09,75.79,0.626,0.626,21.0613,14.0977,172.2742,0.2024
3518,3877,271.68,18.43,319.11,119.25,0.3276,0.3276,9.2549,16.4675,152.1009,0.1047
3519,3879,86.09,14.98,124.17,74.41,0.7549,0.7549,21.9784,14.3602,173.9531,0.2438
3519,3877,271.0,17.68,317.29,116.21,0.459,0.459,9.6408,16.3961,168.9506,0.1468
3519,3884,124.88,33.69,151.73,79.88,0.3513,0.3513,18.559,10.8445,0.0,0.2321
3519,3831,242.55,16.41,281.91,131.42,0.6533,0.6533,7.7852,11.7693,17.0802,0.4214
3520,3879,86.16,15.19,124.0,74.12,0.4243,0.4243,22.1787,14.3917,175.5824,0.137
3520,3877,273.0,17.48,318.8,117.04,0.2194,0.2194,9.5415,16.596,24.515,0.1366
3520,3807,82.28,15.87,129.19,155.02,0.4619,0.4619,6.0519,10.6497,163.6152,0.1513
3521,3879,85.88,15.73,123.51,74.24,0.6074,0.6074,22.0993,14.4187,0.0,0.3986
3521,3807,81.1,16.38,125.64,148.7,0.2095,0.2095,6.4418,10.8846,164.5417,0.0686
3521,3831,245.7,16.95,283.3,129.85,0.397,0.397,7.9407,12.1114,160.8163,0.1294
3522,3879,85.68,15.93,123.24,74.18,0.5737,0.5737,22.1432,14.4474,0.0,0.3764
3522,3807,81.18,16.33,125.15,148.11,0.3459,0.3459,6.4805,10.9082,0.0,0.2285
3522,3831,241.22,17.04,286.04,153.18,0.3252,0.3252,6.1884,11.8993,15.3626,0.2106
3522,3860,190.17,35.92,208.79,81.11,0.3132,0.3132,17.893,9.3638,14.3465,0.2042
3523,3879,85.28,16.19,123.19,75.14,0.2966,0.2966,21.4993,14.3824,4.6959,0.1943
3523,3807,79.94,16.72,124.02,149.67,0.6714,0.6714,6.3846,11.0854,0.0,0.4434
3523,3831,246.73,18.07,286.02,137.87,0.4282,0.4282,7.251,12.2369,166.7138,0.1395
3523,3860,190.72,35.96,208.34,78.72,0.2598,0.2598,19.0732,9.685,174.9065,0.0854
3523,3849,258.05,19.54,318.16,185.23,0.4727,0.4727,4.7863,16.1609,48.6127,0.269
3523,3884,129.7,31.71,158.21,80.22,0.3584,0.3584,18.3671,10.3976,53.7609,0.1881
3523,3877,263.36,18.95,315.2,134.15,0.3452,0.3452,7.6654,15.3665,13.0342,0.2231
3524,3879,84.72,16.41,122.91,76.14,0.3132,0.3132,20.8684,14.3344,5.1408,0.2051
3524,3807,79.32,17.09,123.51,150.67,0.5889,0.5889,6.3239,11.174,0.0,0.3889
3524,3831,242.41,18.48,286.38,154.58,0.2407,0.2407,6.109,12.0261,15.5792,0.1558
3524,3860,190.44,36.13,208.47,80.0,0.4746,0.4746,18.4227,9.511,5.278,0.3136
3524,3849,255.05,19.31,312.88,180.15,0.3328,0.3328,4.963,15.4128,155.0209,0.1086
3524,3877,262.21,19.02,315.89,141.68,0.2134,0.2134,7.056,15.2799,13.5554,0.1378
3525,3807,79.09,17.29,123.26,151.56,0.6479,0.6479,6.27,11.2181,0.0,0.4278
3525,3860,190.75,36.19,208.85,80.27,0.3416,0.3416,18.2918,9.4891,8.7186,0.2249
3525,3877,258.93,18.84,311.97,142.2,0.4717,0.4717,7.0006,14.7968,0.0,0.3093
3525,3892,123.26,31.06,163.93,169.93,0.5679,0.5679,5.2246,6.3874,0.0,0.3774
3526,3807,78.71,17.61,122.79,152.21,0.627,0.627,6.232,11.2854,0.0,0.414
3526,3860,190.87,35.98,208.99,80.33,0.2925,0.2925,18.2631,9.4865,0.0,0.1937
3526,3877,254.54,18.4,308.32,144.65,0.396,0.396,6.8065,14.2545,23.1245,0.2493
3526,3892,124.96,30.43,165.44,168.27,0.5469,0.5469,5.2967,6.0658,0.0,0.3636
3527,3807,78.97,17.8,122.69,152.1,0.7153,0.7153,6.2384,11.2729,0.0,0.4723
3527,3860,191.83,35.98,208.31,75.47,0.3469,0.3469,20.9464,10.1403,175.3594,0.1138
3527,3877,251.43,17.86,304.98,145.53,0.7363,0.7363,6.7317,13.8202,0.0,0.4838
3527,3892,127.59,30.1,166.31,161.35,0.3201,0.3201,5.6256,5.3411,162.5969,0.1062
3528,3807,79.74,18.41,123.37,153.86,0.6113,0.6113,6.1316,11.2009,16.3544,0.3954
3528,3860,191.18,35.99,209.25,79.23,0.3748,0.3748,18.8103,9.6449,5.171,0.2476
3528,3877,249.6,17.22,302.76,146.06,0.6748,0.6748,6.6871,13.5473,0.0,0.4436
3529,3807,79.49,18.71,123.47,157.24,0.6704,0.6704,5.9402,11.2791,16.0095,0.434
3529,3860,190.39,35.77,208.87,80.47,0.3767,0.3767,18.1951,9.4554,5.8805,0.2488
3529,3877,248.96,16.88,300.32,143.19,0.5332,0.5332,6.8816,13.3357,163.9312,0.1729
3529,3892,127.38,28.73,166.84,160.21,0.5815,0.5815,5.6836,5.2473,0.0,0.3869
3530,3807,79.65,19.17,123.68,158.6,0.5981,0.5981,5.8656,11.2868,0.0,0.3949
3530,3860,191.65,36.09,208.41,75.91,0.2268,0.2268,20.6721,10.08,175.2851,0.0744
3530,3877,249.64,16.29,298.78,138.93,0.3372,0.3372,7.1995,13.2953,166.5556,0.1094
3530,3892,128.32,28.08,168.24,157.63,0.4253,0.4253,5.8182,4.9421,162.0566,0.1412
3531,3807,78.99,19.49,122.96,160.03,0.6377,0.6377,5.7917,11.4179,0.0,0.4209
3531,3798,115.89,25.05,185.49,246.86,0.4207,0.4207,3.0984,14.9964,141.6438,0.2421
3531,3849,242.24,16.13,298.69,176.71,0.5869,0.5869,5.0564,13.5466,118.0167,0.1902
3532,3807,78.36,19.89,121.9,160.01,0.7148,0.7148,5.7953,11.5315,0.0,0.4717
3532,3849,241.97,15.31,296.28,172.1,0.6309,0.6309,5.2459,13.1734,161.0601,0.2048
3532,3892,127.42,27.52,169.51,159.84,0.561,0.561,5.7011,5.0511,16.635,0.3654
3533,3807,77.4,19.74,120.68,159.23,0.6187,0.6187,5.8399,11.6584,0.0,0.4082
3533,3849,240.97,15.32,294.32,169.07,0.2134,0.2134,5.376,12.8615,160.1414,0.0693
3533,3877,246.74,15.48,286.39,109.81,0.5137,0.5137,10.41,13.122,170.2871,0.1668
3534,3807,74.65,19.23,117.54,158.09,0.5068,0.5068,5.9105,12.0295,0.0,0.3342
3534,3849,238.87,15.33,291.69,167.98,0.5352,0.5352,5.4188,12.5101,0.0,0.3526
3534,3798,125.76,26.86,196.62,238.74,0.4016,0.4016,3.2377,13.5998,138.113,0.2245
3535,3807,73.53,18.9,116.5,156.63,0.501,0.501,5.9945,12.1445,0.0,0.3303
3535,3849,237.85,15.35,290.33,167.62,0.562,0.562,5.4319,12.34,0.0,0.3703
3536,3807,70.03,18.95,113.19,157.84,0.4495,0.4495,5.939,12.6303,0.0,0.296
3537,3807,68.23,18.77,111.68,158.21,0.501,0.501,5.9245,12.8614,0.0,0.3298
3537,3895,279.94,21.43,304.61,143.69,0.4629,0.4629,6.9241,15.7065,0.0,0.3028
3537,3849,235.19,15.39,287.57,167.43,0.5449,0.5449,5.4327,11.9754,0.0,0.3593
3538,3807,65.7,18.88,109.68,159.27,0.7656,0.7656,5.8751,13.189,0.0,0.5037
3538,3895,280.48,21.17,305.4,144.04,0.5649,0.5649,6.9022,15.7948,0.0,0.3695
3538,3849,236.05,15.49,288.21,168.0,0.6548,0.6548,5.4085,12.096,0.0,0.4317
3538,3798,140.98,27.9,209.62,235.05,0.4609,0.4609,3.3036,12.863,115.142,0.254
3539,3807,64.73,19.2,109.16,160.13,0.7305,0.7305,5.832,13.3084,0.0,0.4805
3539,3895,281.07,21.33,306.44,145.14,0.6479,0.6479,6.8283,15.9038,0.0,0.4237
3539,3849,235.57,15.16,287.78,168.22,0.646,0.646,5.397,12.0447,0.0,0.4259
3539,3798,146.29,27.7,217.61,236.0,0.7271,0.7271,3.2851,12.9788,0.0,0.6448
3540,3807,62.37,19.12,106.54,159.79,0.7529,0.7529,5.8588,13.6339,0.0,0.4949
3540,3895,279.93,22.23,306.07,147.78,0.7422,0.7422,6.6446,15.8112,14.6262,0.4774
3540,3849,234.07,15.05,285.87,168.12,0.7241,0.7241,5.3967,11.8163,0.0,0.4776
3540,3798,146.19,27.45,218.35,236.69,0.4331,0.4331,3.272,13.0738,0.0,0.3848
3541,3807,61.27,19.18,105.27,159.56,0.7964,0.7964,5.8754,13.7873,0.0,0.5233
3541,3895,280.1,20.71,307.67,151.05,0.501,0.501,6.4376,15.9492,15.5736,0.3214
3541,3849,233.18,14.93,284.27,167.9,0.6567,0.6567,5.4033,11.6436,0.0,0.4333
3541,3798,147.44,28.3,220.84,237.71,0.6934,0.6934,3.2529,13.2212,0.0,0.6177
3541,3896,285.32,23.46,305.9,48.54,0.4397,0.4397,107.806,20.5819,0.0,0.2838
3542,3807,60.76,19.01,104.62,159.38,0.8423,0.8423,5.8871,13.8609,0.0,0.5534
3542,3895,282.56,22.98,310.86,152.63,0.7363,0.7363,6.3529,16.3366,0.0,0.481
3542,3849,232.67,15.18,283.2,168.02,0.502,0.502,5.3956,11.5444,0.0,0.3313
3542,3798,146.04,28.83,219.34,238.02,0.8545,0.8545,3.2469,13.2562,0.0,0.7618
3542,3877,239.72,14.49,276.47,97.75,0.4609,0.4609,12.6838,12.8073,170.4609,0.1498
3543,3807,60.38,19.03,104.11,159.11,0.8442,0.8442,5.9032,13.9148,0.0,0.5545
3543,3895,283.81,24.18,312.83,153.31,0.8271,0.8271,6.3191,16.5554,0.0,0.54
3543,3849,232.97,15.28,282.58,167.33,0.4226,0.4226,5.4271,11.4957,0.0,0.2789
3543,3798,147.48,29.97,221.62,238.81,0.2869,0.2869,3.2323,13.3731,0.0,0.2563
3543,3877,239.11,14.75,276.75,97.67,0.2494,0.2494,12.7015,12.7935,0.0,0.1642
3544,3807,60.32,19.13,104.03,159.38,0.771,0.771,5.889,13.9297,0.0,0.5064
3544,3895,283.88,25.1,313.48,153.38,0.771,0.771,6.3165,16.6034,0.0,0.5033
3544,3849,233.42,15.24,282.49,167.16,0.4111,0.4111,5.4355,11.5127,0.0,0.2713
3544,3798,147.11,29.85,221.96,238.55,0.7378,0.7378,3.2372,13.3377,0.0,0.6586
3544,3877,238.94,15.05,277.14,97.09,0.385,0.385,12.8394,12.847,172.3862,0.1251
3545,3807,60.23,19.35,104.24,160.41,0.7544,0.7544,5.8341,13.9441,0.0,0.4955
3545,3895,282.81,25.51,312.83,153.44,0.6143,0.6143,6.3089,16.491,0.0,0.4011
3545,3849,234.17,15.6,282.51,167.02,0.2437,0.2437,5.4432,11.5581,0.0,0.1608
3545,3798,146.96,29.15,221.51,236.23,0.6406,0.6406,3.2809,13.0206,0.0,0.5684
3545,3877,239.25,15.23,277.75,96.63,0.3611,0.3611,12.9531,12.9331,169.9018,0.1173
3546,3807,59.65,19.68,103.93,161.07,0.8555,0.8555,5.8011,14.0184,0.0,0.5618
3546,3895,282.62,26.28,314.2,158.42,0.7686,0.7686,6.0248,16.6343,16.0219,0.4917
3546,3849,234.54,15.47,282.13,166.6,0.5029,0.5029,5.4629,11.5413,0.0,0.3319
3546,3798,147.08,27.31,221.01,233.68,0.6782,0.6782,3.3302,12.6719,0.0,0.5976
3546,3877,239.36,15.45,278.06,96.32,0.2351,0.2351,13.0302,12.9794,0.0,0.1547
3547,3807,58.84,19.73,103.61,161.77,0.8203,0.8203,5.7669,14.1099,0.0,0.5386
3547,3895,286.05,26.57,318.23,160.69,0.7212,0.7212,5.9185,17.1586,31.7853,0.434
3547,3798,149.08,27.18,223.22,232.92,0.7832,0.7832,3.3455,12.5846,0.0,0.6886
3547,3899,240.5,15.38,277.68,48.9,0.3235,0.3235,100.4461,17.2129,0.0,0.2108
3548,3807,57.21,20.12,103.05,164.25,0.6372,0.6372,5.6457,14.3178,18.662,0.407
3548,3895,285.49,27.03,318.62,161.39,0.5962,0.5962,5.8811,17.1602,0.0,0.3886
3548,3798,151.15,25.0,225.6,232.39,0.5669,0.5669,3.3564,12.5372,0.0,0.4977
3548,3899,239.9,14.99,277.54,48.96,0.3513,0.3513,99.6073,17.1759,5.9793,0.2283
3548,3860,189.44,26.71,211.62,73.54,0.4805,0.4805,22.2396,10.4156,0.0,0.3177
3548,3849,233.97,14.85,280.95,166.76,0.4065,0.4065,5.4529,11.4317,0.0,0.2683
3549,3807,56.42,19.8,103.36,166.84,0.8125,0.8125,5.5211,14.4229,17.3047,0.5209
3549,3895,285.29,27.16,319.8,162.89,0.8062,0.8062,5.8054,17.2525,0.0,0.5254
3549,3798,154.34,26.33,226.19,229.05,0.7686,0.7686,3.4244,12.1101,0.0,0.6682
3549,3899,239.36,14.12,277.61,48.73,0.373,0.373,102.8225,17.1796,178.6036,0.1188
3549,3849,233.57,13.96,280.0,167.49,0.541,0.541,5.4169,11.3714,0.0,0.3571
3550,3807,56.04,20.04,103.49,167.98,0.7349,0.7349,5.468,14.4742,0.0,0.4822
3550,3895,285.57,27.03,321.29,162.84,0.834,0.834,5.8119,17.3659,0.0,0.5433
3550,3798,156.42,26.58,227.28,228.47,0.8262,0.8262,3.4368,12.0593,0.0,0.7169
3550,3849,234.94,14.04,275.58,147.25,0.2917,0.2917,6.5317,10.6847,165.3076,0.0955
3550,3877,235.53,14.28,274.89,96.58,0.3469,0.3469,12.9454,12.5544,52.8683,0.1827
3551,3807,56.13,20.31,103.93,168.76,0.6841,0.6841,5.4309,14.4644,0.0,0.4488
3551,3895,285.8,26.8,322.8,162.95,0.8296,0.8296,5.8102,17.4804,0.0,0.5403
3551,3798,158.63,26.12,228.37,226.61,0.834,0.834,3.4763,11.8407,0.0,0.7195
3551,3849,232.85,14.18,276.59,159.65,0.4795,0.4795,5.7991,10.8247,16.3387,0.3104
3551,3877,234.71,14.27,274.13,96.23,0.3557,0.3557,13.0264,12.4889,0.0,0.2343
3552,3807,55.35,20.5,103.23,169.03,0.7319,0.7319,5.4211,14.5697,0.0,0.4801
3552,3895,291.42,27.32,328.14,162.38,0.5234,0.5234,5.8647,18.1748,0.0,0.3402
3552,3798,162.99,26.52,231.48,227.91,0.8296,0.8296,3.4505,12.1093,0.0,0.7183
3552,3849,232.07,14.95,275.88,161.77,0.373,0.373,5.6872,10.7885,17.3003,0.2408
3552,3877,234.36,14.88,273.38,95.46,0.2886,0.2886,13.2154,12.4832,170.7935,0.0939
3553,3807,54.72,21.13,102.71,170.03,0.7363,0.7363,5.3776,14.6775,0.0,0.4829
3553,3895,291.63,27.32,328.96,162.21,0.626,0.626,5.8759,18.2378,0.0,0.4069
3553,3798,167.08,26.87,233.77,227.96,0.791,0.791,3.451,12.2118,0.0,0.6847
3553,3849,231.62,12.48,275.83,162.81,0.5859,0.5859,5.634,10.7895,0.0,0.3871
3554,3807,54.33,21.54,103.54,173.7,0.8203,0.8203,5.2158,14.7798,18.0529,0.5244
3554,3895,291.49,26.47,329.48,162.01,0.4102,0.4102,5.8873,18.2585,0.0,0.2666
3554,3798,171.55,27.1,236.04,226.34,0.7964,0.7964,3.487,12.1158,0.0,0.6857
3554,3849,230.89,11.73,274.94,162.66,0.4678,0.4678,5.6393,10.6756,0.0,0.3092
3554,3877,232.37,12.24,272.93,95.9,0.2737,0.2737,13.0978,12.3106,19.515,0.1751
3555,3807,52.63,22.24,102.2,175.62,0.8145,0.8145,5.1402,15.049,0.0,0.5337
3555,3895,291.45,26.7,329.95,162.09,0.7471,0.7471,5.8841,18.2875,0.0,0.4855
3555,3798,174.84,27.0,237.73,226.59,0.7256,0.7256,3.4833,12.2478,0.0,0.625
3555,3849,232.65,12.48,274.46,157.32,0.5107,0.5107,5.9211,10.6044,163.943,0.1673
3556,3807,50.51,22.6,100.99,177.51,0.7471,0.7471,5.0685,15.3372,0.0,0.4892
3556,3895,291.2,26.4,330.27,162.09,0.6958,0.6958,5.8842,18.292,0.0,0.4521
3556,3798,177.42,26.88,239.08,227.74,0.6646,0.6646,3.4605,12.4813,0.0,0.5743
3556,3849,232.27,10.98,272.39,149.53,0.5879,0.5879,6.3757,10.2977,164.782,0.1928
3557,3807,48.2,22.63,98.95,178.65,0.8062,0.8062,5.0303,15.6597,0.0,0.5275
3557,3895,291.18,26.38,330.61,161.69,0.6426,0.6426,5.906,18.3055,0.0,0.4176
3557,3798,179.26,27.11,240.05,230.14,0.4746,0.4746,3.4119,12.8535,0.0,0.4129
3557,3849,232.45,11.12,271.74,146.01,0.4717,0.4717,6.6043,10.2396,165.4791,0.1547
3558,3807,47.34,22.63,98.04,178.85,0.7925,0.7925,5.0255,15.7798,0.0,0.5184
3558,3895,290.41,26.18,330.32,161.51,0.791,0.791,5.913,18.2344,0.0,0.5141
3558,3798,182.28,26.46,241.64,228.93,0.7695,0.7695,3.4386,12.8048,0.0,0.6668
3558,3849,232.32,10.81,271.94,147.16,0.6494,0.6494,6.5278,10.2502,0.0,0.4295
3559,3807,46.98,22.25,97.64,178.7,0.835,0.835,5.0327,15.8217,0.0,0.5461
3559,3895,289.95,26.38,330.31,161.8,0.7974,0.7974,5.8966,18.2093,0.0,0.5183
3559,3798,185.64,26.03,242.09,222.07,0.6792,0.6792,3.5875,12.032,153.9357,0.3493
3559,3849,232.67,12.86,271.46,146.12,0.5908,0.5908,6.5968,10.2359,0.0,0.3907
3559,3877,233.18,13.79,270.59,89.99,0.2759,0.2759,14.7448,12.6914,173.3258,0.0897
3560,3807,46.82,22.75,96.97,177.68,0.6768,0.6768,5.0751,15.8333,0.0,0.4426
3560,3895,289.59,26.26,330.08,161.7,0.6851,0.6851,5.9005,18.1697,0.0,0.4453
3560,3798,186.96,25.59,243.51,224.56,0.7861,0.7861,3.534,12.4199,0.0,0.6716
3560,3849,232.98,11.17,271.9,144.66,0.6406,0.6406,6.6975,10.2841,165.4752,0.2101
3561,3807,46.12,22.56,96.62,178.64,0.7793,0.7793,5.0384,15.9381,0.0,0.5095
3561,3895,289.09,27.15,329.47,161.65,0.7847,0.7847,5.9005,18.0976,0.0,0.5102
3561,3798,188.51,25.99,245.08,226.51,0.7695,0.7695,3.4936,12.7499,0.0,0.6612
3561,3877,233.66,12.05,272.0,89.9,0.4207,0.4207,14.7792,12.8021,0.0,0.277
3562,3807,45.26,21.83,96.2,178.98,0.8237,0.8237,5.0272,16.0327,0.0,0.5385
3562,3895,290.88,26.17,331.04,161.43,0.7393,0.7393,5.92,18.3094,0.0,0.4804
3562,3798,192.23,26.15,249.44,227.92,0.7148,0.7148,3.4679,13.1568,0.0,0.6163
3562,3877,234.01,10.53,273.02,89.97,0.2959,0.2959,14.7617,12.8716,0.0,0.1948
3562,3849,233.73,9.8,273.25,145.8,0.4619,0.4619,6.6229,10.4325,0.0,0.3054
3563,3807,44.61,22.2,95.64,178.89,0.8516,0.8516,5.0329,16.1055,0.0,0.5566
3563,3895,291.88,27.56,331.27,161.34,0.6514,0.6514,5.9277,18.3867,0.0,0.4232
3563,3798,193.45,26.49,250.39,228.0,0.7485,0.7485,3.4673,13.2318,0.0,0.6453
3564,3807,43.92,22.24,95.43,179.29,0.8442,0.8442,5.0187,16.1783,0.0,0.5517
3564,3895,291.96,28.35,330.87,161.48,0.5918,0.5918,5.9195,18.3685,0.0,0.3845
3564,3798,197.0,26.91,253.43,224.97,0.5757,0.5757,3.5355,13.0767,0.0,0.4912
3564,3877,236.74,11.95,274.37,89.51,0.3647,0.3647,14.9212,13.1332,154.9384,0.1184
3565,3807,42.83,22.81,94.6,179.6,0.7393,0.7393,5.0099,16.3118,0.0,0.4829
3565,3895,292.37,28.56,331.04,162.27,0.6406,0.6406,5.8794,18.4194,0.0,0.4161
3565,3798,196.1,24.73,254.41,227.75,0.457,0.457,3.4763,13.4106,0.0,0.3934
3566,3807,41.57,23.12,93.66,180.25,0.7822,0.7822,4.9884,16.4763,0.0,0.512
3566,3895,292.27,28.71,330.59,162.0,0.5659,0.5659,5.8922,18.3795,0.0,0.3676
3566,3798,197.7,24.94,256.41,228.42,0.4688,0.4688,3.4644,13.6078,0.0,0.4041
3567,3807,40.92,23.23,92.56,178.07,0.7974,0.7974,5.078,16.501,0.0,0.5207
3567,3895,292.82,28.94,330.54,161.14,0.4377,0.4377,5.9388,18.3968,0.0,0.2843
3567,3798,201.56,15.02,264.14,227.66,0.3513,0.3513,3.4877,13.9201,0.0,0.3016
3568,3807,40.38,22.98,93.02,179.45,0.8286,0.8286,5.0231,16.5594,0.0,0.5409
3568,3895,290.27,29.01,328.67,162.86,0.6577,0.6577,5.8384,18.1439,22.6189,0.4107
3568,3798,199.79,21.25,260.32,226.1,0.4407,0.4407,3.5171,13.541,0.0,0.3769
3569,3807,39.3,23.17,92.13,179.49,0.8013,0.8013,5.0252,16.6849,0.0,0.523
3569,3895,290.47,28.66,329.86,167.02,0.5078,0.5078,5.6342,18.3184,17.2515,0.3223
3569,3798,199.13,26.14,258.29,225.76,0.7017,0.7017,3.5227,13.4072,0.0,0.5996
3569,3877,241.21,9.13,279.72,93.05,0.6245,0.6245,13.8972,13.4166,12.2744,0.4059
3570,3807,39.85,23.6,91.91,175.69,0.7583,0.7583,5.1788,16.5227,161.7164,0.2423
3570,3798,200.52,28.53,260.07,226.59,0.5908,0.5908,3.507,13.6146,0.0,0.5059
3571,3807,39.6,23.86,91.98,175.16,0.5879,0.5879,5.2013,16.5156,0.0,0.3838
3571,3798,203.63,28.75,261.58,217.45,0.4387,0.4387,3.7149,12.7502,154.9146,0.2178
3571,3849,236.0,8.82,268.55,113.67,0.3008,0.3008,9.761,11.1068,170.0875,0.0984
3571,3895,293.63,26.64,333.43,166.66,0.2942,0.2942,5.667,18.7383,0.0,0.1909
3572,3807,36.45,24.13,89.4,177.96,0.5938,0.5938,5.0967,16.9784,27.1741,0.3654
3572,3849,238.09,8.41,265.97,88.37,0.3594,0.3594,15.2714,12.8411,173.6388,0.1168
3572,3895,293.16,28.16,333.9,173.63,0.4863,0.4863,5.3461,18.9104,17.6968,0.3078
3573,3807,37.21,24.23,92.29,182.89,0.7886,0.7886,4.8977,16.9434,19.7918,0.5096
3573,3895,290.42,28.98,331.51,176.47,0.8062,0.8062,5.2139,18.6727,21.8112,0.5041
3573,3798,203.49,30.14,263.48,222.65,0.8228,0.8228,3.597,13.3994,25.7745,0.6677
3574,3807,37.05,24.72,93.83,186.95,0.7964,0.7964,4.7468,17.0368,19.7767,0.5305
3574,3895,291.06,29.55,332.17,179.17,0.7393,0.7393,5.1062,18.8404,19.2635,0.4659
3574,3798,203.88,29.56,265.6,224.64,0.7925,0.7925,3.555,13.7183,0.0,0.6735
3574,3899,223.59,9.07,280.98,65.41,0.457,0.457,30.4134,14.9728,0.0,0.2995
3575,3807,36.75,25.08,95.06,190.68,0.8516,0.8516,4.616,17.1585,20.2383,0.5812
3575,3895,291.76,29.76,333.05,182.73,0.7515,0.7515,4.9703,19.0612,19.6571,0.4756
3575,3798,203.38,20.82,268.62,225.34,0.7378,0.7378,3.5416,13.8928,0.0,0.6281
3575,3899,225.48,8.64,279.55,65.2,0.3748,0.3748,30.6909,15.0143,175.4226,0.1207
3576,3807,35.04,25.49,93.04,190.25,0.583,0.583,4.637,17.3638,0.0,0.408
3576,3895,294.47,30.2,333.86,174.56,0.212,0.212,5.3086,19.0161,162.1272,0.0668
3576,3798,204.78,22.39,269.56,224.05,0.4756,0.4756,3.5714,13.8408,0.0,0.4031
3576,3899,227.9,8.77,278.8,64.64,0.541,0.541,31.4584,15.1451,174.6111,0.1741
3577,3807,33.88,26.19,91.5,190.76,0.7349,0.7349,4.6245,17.5522,0.0,0.5153
3577,3895,293.11,31.28,334.33,181.87,0.3303,0.3303,5.0087,19.1926,18.7534,0.2082
3577,3798,209.23,21.59,272.02,215.35,0.314,0.314,3.7773,13.1976,154.5208,0.1531
3577,3899,230.54,8.4,279.74,64.69,0.4321,0.4321,31.4138,15.3037,71.7596,0.184
3578,3807,32.95,26.45,91.02,193.03,0.8228,0.8228,4.5514,17.7488,0.0,0.5847
3578,3895,290.76,32.04,332.69,185.22,0.5815,0.5815,4.8742,19.0702,20.9612,0.374
3578,3798,209.59,13.81,273.97,211.64,0.5068,0.5068,3.871,12.9225,0.0,0.4099
3578,3899,232.57,8.01,280.36,64.17,0.4475,0.4475,32.1663,15.4758,172.0498,0.1438
3579,3807,31.01,27.18,88.56,194.5,0.4668,0.4668,4.5113,18.0862,0.0,0.3339
3579,3895,296.89,32.56,329.39,146.05,0.4233,0.4233,6.8643,18.4439,166.0755,0.1339
3579,3798,211.57,20.14,274.8,211.32,0.6689,0.6689,3.8816,13.0206,0.0,0.5399
3580,3807,34.16,28.01,84.05,171.5,0.3999,0.3999,5.3863,17.2513,162.4652,0.1273
3580,3798,211.0,15.44,275.72,209.65,0.353,0.353,3.9247,12.8721,0.0,0.283
3581,3807,31.16,28.99,86.45,190.63,0.6919,0.6919,4.6427,18.0167,20.1895,0.4687
3581,3798,211.61,10.22,278.51,209.25,0.6919,0.6919,3.9382,12.9955,0.0,0.5533
3581,3899,236.33,7.93,282.86,63.74,0.2673,0.2673,32.846,15.8075,160.5648,0.0857
3581,3895,291.57,32.04,335.12,183.62,0.6992,0.6992,4.9404,19.2089,19.0577,0.4459
3582,3807,29.72,29.5,85.73,195.98,0.7832,0.7832,4.4713,18.4063,21.5368,0.5458
3582,3798,219.64,87.06,266.34,208.57,0.6069,0.6069,3.9522,12.7312,0.0,0.4844
3582,3899,237.71,8.21,283.61,64.39,0.2568,0.2568,31.9129,15.8467,6.0462,0.1675
3582,3895,291.01,32.4,336.45,190.34,0.6362,0.6362,4.7001,19.5186,20.0621,0.4245
3583,3807,32.19,29.96,89.14,198.97,0.5342,0.5342,4.3683,18.2152,26.3196,0.3737
3583,3895,290.55,33.09,336.88,192.1,0.4824,0.4824,4.6403,19.5915,0.0,0.3354
3584,3807,31.43,29.84,88.22,199.52,0.584,0.584,4.3545,18.3437,0.0,0.4297
3584,3895,291.22,33.77,337.98,192.41,0.3098,0.3098,4.6334,19.7109,0.0,0.2156
3585,3807,30.05,29.5,86.16,198.65,0.7695,0.7695,4.3869,18.4993,0.0,0.5627
3585,3895,292.87,34.16,339.92,193.0,0.6958,0.6958,4.6208,19.9507,0.0,0.4851
3585,3877,224.23,11.74,299.09,193.72,0.6699,0.6699,4.4209,13.4663,0.0,0.4922
3586,3807,31.3,28.99,86.46,195.11,0.6592,0.6592,4.4949,18.2249,158.48,0.2531
3586,3895,295.32,34.79,342.48,193.72,0.4253,0.4253,4.607,20.2798,0.0,0.297
3586,3877,228.53,17.6,297.86,196.61,0.4561,0.4561,4.3342,13.8496,0.0,0.3401
3587,3807,30.67,28.87,85.25,193.98,0.7334,0.7334,4.5345,18.2787,0.0,0.5221
3587,3895,294.22,34.88,341.85,193.13,0.4272,0.4272,4.623,20.1518,0.0,0.2976
3587,3912,190.45,35.79,208.25,81.22,0.3303,0.3303,17.8418,9.3438,0.0,0.2187
3588,3807,29.99,28.72,83.41,191.2,0.7407,0.7407,4.6311,18.2978,0.0,0.5177
3588,3895,301.2,35.66,340.75,162.89,0.4207,0.4207,5.8924,19.6083,163.9065,0.1321
3588,3912,191.29,36.01,208.36,79.54,0.2737,0.2737,18.6522,9.5875,174.6024,0.09
3589,3807,29.95,29.03,83.56,192.64,0.7861,0.7861,4.5828,18.3587,0.0,0.5545
3589,3895,300.13,36.53,340.12,161.35,0.5156,0.5156,5.9691,19.4758,0.0,0.3339
3589,3912,190.92,36.02,208.16,79.98,0.3584,0.3584,18.4327,9.5171,6.2522,0.2366
3589,3877,232.55,23.78,301.38,208.66,0.7178,0.7178,3.9998,15.1856,24.4296,0.5445
3590,3807,28.77,29.05,83.65,197.63,0.8013,0.8013,4.4249,18.6699,21.3452,0.5633
3590,3895,300.67,37.06,341.34,161.44,0.5796,0.5796,5.9688,19.5885,0.0,0.3752
3590,3912,190.99,35.81,208.54,80.57,0.2576,0.2576,18.1476,9.4476,5.7587,0.1701
3590,3877,232.57,24.48,298.16,208.84,0.7305,0.7305,3.9912,15.029,0.0,0.5769
3590,3899,238.26,7.16,280.53,63.3,0.3979,0.3979,33.5175,15.8304,175.4138,0.1276
3591,3807,29.46,29.14,83.43,194.89,0.7202,0.7202,4.5106,18.5045,0.0,0.5147
3591,3895,295.7,38.14,343.13,181.6,0.5728,0.5728,5.0435,19.8831,18.6287,0.3605
3591,3912,190.71,35.89,208.34,80.87,0.2401,0.2401,18.0051,9.3977,6.8741,0.1584
3591,3877,233.07,25.27,296.52,209.9,0.6396,0.6396,3.9621,15.055,0.0,0.5076
3592,3807,29.57,29.08,83.06,193.78,0.8184,0.8184,4.547,18.466,0.0,0.581
3592,3895,298.8,38.7,346.02,181.74,0.6289,0.6289,5.0511,20.254,0.0,0.4063
3592,3877,233.7,24.58,295.82,210.23,0.771,0.771,3.9534,15.0784,0.0,0.6127
3593,3807,28.93,28.58,83.6,197.72,0.791,0.791,4.4219,18.668,21.109,0.5567
3593,3895,303.05,39.66,346.09,167.73,0.3252,0.3252,5.6681,20.1502,163.2806,0.1018
3593,3877,234.28,24.33,294.84,209.91,0.5234,0.5234,3.9613,15.031,0.0,0.4155
3594,3807,28.14,28.67,83.54,201.48,0.7642,0.7642,4.3097,18.9158,21.8787,0.5477
3594,3895,300.55,40.61,350.2,188.43,0.709,0.709,4.8151,20.8437,19.5919,0.461
3594,3877,233.48,14.7,295.29,209.24,0.7168,0.7168,3.9784,14.9574,0.0,0.5674
3594,3899,246.57,7.49,287.89,63.33,0.3943,0.3943,33.5976,16.5722,97.8747,0.126
3595,3807,29.04,28.61,82.57,195.92,0.8052,0.8052,4.48,18.6316,159.1693,0.3102
3595,3895,297.88,41.82,351.69,201.89,0.6978,0.6978,4.3743,21.333,21.2616,0.4916
3595,3877,233.64,10.51,295.35,209.4,0.7769,0.7769,3.9744,14.9822,0.0,0.6154
3596,3807,29.04,28.59,82.25,195.37,0.7544,0.7544,4.4981,18.6235,0.0,0.5403
3596,3895,297.44,43.1,352.3,207.27,0.562,0.562,4.2194,21.6007,22.0578,0.4063
3596,3877,235.9,18.54,294.45,208.94,0.6875,0.6875,3.9881,15.0169,0.0,0.5433
3597,3807,28.63,28.39,81.96,196.0,0.8027,0.8027,4.4793,18.6962,0.0,0.5767
3597,3895,299.0,45.04,353.99,211.08,0.7056,0.7056,4.1216,21.9767,0.0,0.536
3597,3877,235.41,12.36,294.91,208.94,0.6826,0.6826,3.9881,15.0153,0.0,0.5394
3597,3899,250.82,7.76,287.6,57.79,0.3293,0.3293,45.284,17.2612,177.7542,0.1048
3598,3807,29.38,28.78,82.54,195.11,0.7271,0.7271,4.5053,18.5731,0.0,0.5201
3598,3877,238.32,19.59,295.45,207.81,0.5186,0.5186,4.0222,15.1095,0.0,0.4074
3599,3807,29.4,29.3,85.18,203.79,0.7886,0.7886,4.2375,18.8748,21.9046,0.5728
3599,3877,236.71,12.74,295.4,208.79,0.5581,0.5581,3.9942,15.0986,0.0,0.4405
3599,3895,298.98,48.29,353.82,215.27,0.459,0.459,4.012,22.1867,23.0165,0.343
3599,3899,252.58,8.12,289.04,58.78,0.4785,0.4785,42.6855,17.3235,4.4781,0.3113
3600,3807,28.62,29.49,85.18,207.18,0.7529,0.7529,4.1435,19.1142,0.0,0.5741
3600,3877,237.31,12.81,295.66,209.13,0.4639,0.4639,3.9862,15.1719,0.0,0.3666
3600,3895,299.83,49.88,354.64,219.11,0.5273,0.5273,3.9195,22.4887,0.0,0.4141
3600,3899,254.29,8.56,289.0,57.33,0.5059,0.5059,46.6793,17.5327,177.6522,0.1608
3601,3807,27.35,29.74,84.64,211.75,0.791,0.791,4.0241,19.4899,23.6763,0.593
3601,3877,239.35,19.82,295.78,209.02,0.6406,0.6406,3.9917,15.2787,0.0,0.5056
3601,3895,300.19,50.15,355.21,222.29,0.5322,0.2661,3.8451,22.7186,0.0,0.2115
3601,3899,253.07,8.7,285.63,56.55,0.4055,0.4055,49.0784,17.3874,173.6254,0.129
3602,3807,26.47,30.02,84.24,215.38,0.8467,0.8467,3.9335,19.7866,0.0,0.6682
3602,3877,240.04,22.13,295.9,208.55,0.5059,0.5059,4.0051,15.2849,0.0,0.3984
3602,3895,300.6,50.18,355.49,223.42,0.6279,0.314,3.8199,22.8207,0.0,0.2505
3602,3899,253.22,8.78,284.33,56.2,0.3132,0.3132,50.2502,17.3659,176.1507,0.0996
3603,3807,27.04,30.67,84.95,216.45,0.604,0.604,3.9048,19.7843,0.0,0.479
3603,3895,304.91,50.48,351.41,193.61,0.4834,0.4834,4.6489,21.3723,159.841,0.1727
3603,3899,256.74,8.83,288.28,56.49,0.4688,0.4688,49.3587,17.6899,26.373,0.2889
3604,3807,25.64,31.09,83.39,217.7,0.7847,0.7847,3.8789,20.0264,0.0,0.6246
3604,3895,302.12,50.0,354.97,213.99,0.6895,0.6895,4.0529,22.3564,22.8847,0.5114
3604,3877,242.06,22.99,298.2,207.5,0.6416,0.6416,4.0385,15.4371,0.0,0.5023
3605,3807,26.26,31.99,82.52,214.07,0.645,0.645,3.9696,19.8114,0.0,0.5059
3605,3895,306.85,49.64,350.52,179.88,0.4795,0.4795,5.1532,20.9614,161.6771,0.1493
3605,3877,252.0,23.59,295.26,156.45,0.205,0.205,6.0345,13.3099,164.2663,0.0665
3605,3899,261.09,8.65,292.52,56.0,0.457,0.457,51.1706,18.1424,164.7928,0.1448
3606,3807,26.62,32.51,82.18,211.66,0.6343,0.6343,4.0317,19.663,0.0,0.4924
3606,3895,303.57,49.18,354.59,201.98,0.6084,0.6084,4.3889,21.8328,21.2914,0.4268
3606,3877,245.58,23.6,301.68,194.79,0.7695,0.7695,4.4183,14.938,21.0805,0.5468
3606,3899,262.35,8.79,293.76,55.86,0.3235,0.3235,51.7128,18.2746,164.7084,0.1024
3607,3807,25.84,32.6,81.82,213.33,0.6626,0.6626,3.9904,19.8281,0.0,0.5178
3607,3895,301.76,49.04,355.97,212.38,0.4111,0.2056,4.0961,22.3087,22.5962,0.1514
3607,3877,244.38,22.9,304.12,203.76,0.6343,0.6343,4.1521,15.6165,22.4357,0.4708
3607,3899,261.72,8.71,291.1,53.49,0.4495,0.4495,62.0472,18.3253,178.034,0.1422
3608,3807,25.97,32.34,81.01,210.03,0.6851,0.6851,4.0778,19.6681,0.0,0.5277
3608,3895,301.01,49.47,357.23,220.69,0.7285,0.3643,3.8882,22.7819,23.7789,0.277
3608,3877,244.38,22.19,304.92,205.23,0.4045,0.4045,4.1121,15.7667,0.0,0.3125
3608,3899,261.45,8.87,290.78,54.27,0.5098,0.5098,58.1925,18.2285,1.7561,0.3313
3608,3912,190.4,36.28,207.86,79.75,0.3242,0.3242,18.5456,9.5313,0.0,0.2146
3609,3807,25.54,32.42,80.63,210.41,0.5068,0.5068,4.069,19.7362,0.0,0.3909
3609,3895,300.32,49.97,357.73,226.43,0.543,0.2715,3.7546,23.1006,24.4285,0.2107
3609,3877,245.82,22.25,306.12,203.32,0.644,0.644,4.1692,15.7793,0.0,0.4926
3609,3899,261.04,9.12,290.2,55.43,0.6113,0.6113,53.2624,18.0792,1.947,0.3974
3609,3912,190.39,36.19,207.85,80.26,0.2422,0.2422,18.2952,9.4627,5.3089,0.16
3610,3895,307.25,50.86,354.69,195.71,0.5449,0.5449,4.5919,21.7861,159.6735,0.1983
3610,3877,253.07,22.07,305.76,177.18,0.4775,0.4775,5.0656,14.7083,161.4131,0.154
3610,3899,262.05,9.17,291.01,55.98,0.3123,0.3123,51.2347,18.1178,3.7941,0.2028
3610,3912,190.21,35.94,207.65,80.7,0.4055,0.4055,18.084,9.3962,5.8303,0.2678
3611,3895,306.49,51.63,356.21,205.2,0.4216,0.2108,4.3036,22.2394,21.7282,0.1499
3611,3877,249.88,22.46,307.4,192.2,0.563,0.563,4.516,15.375,20.6298,0.3929
3611,3899,262.98,9.56,291.28,56.11,0.4844,0.4844,50.7886,18.164,9.385,0.3127
3611,3807,24.48,32.81,80.78,215.38,0.5215,0.5215,3.9424,20.0873,23.6339,0.3961
3612,3895,312.59,52.89,351.11,166.66,0.2487,0.2487,5.7571,21.0338,163.4988,0.0774
3612,3899,263.56,9.55,291.31,56.06,0.709,0.709,50.9743,18.1977,169.0,0.2245
3612,3807,25.36,32.98,81.14,213.7,0.7051,0.7051,3.9828,19.9153,0.0,0.5516
3612,3912,190.17,35.88,207.52,81.11,0.2524,0.2524,17.8917,9.3379,5.5322,0.1668
3613,3899,264.0,9.75,291.24,56.23,0.4092,0.4092,50.3823,18.2007,2.9486,0.2658
3613,3807,25.73,33.12,81.98,215.3,0.7285,0.7285,3.9403,19.9471,0.0,0.574
3613,3924,311.84,53.97,352.36,89.09,0.4121,0.4121,15.8274,22.0489,0.0,0.2647
3613,3912,190.45,35.95,207.59,80.96,0.291,0.291,17.9619,9.3651,0.0,0.1927
3613,3877,252.92,21.92,311.07,193.74,0.584,0.584,4.4761,15.8662,0.0,0.4227
3614,3899,267.52,9.92,294.89,55.88,0.5039,0.5039,51.7315,18.5777,162.8274,0.1592
3614,3807,27.27,33.91,83.85,216.26,0.8086,0.8086,3.9109,19.8199,0.0,0.6405
3614,3924,312.4,54.7,353.2,90.07,0.3108,0.3108,15.5082,22.0896,7.9416,0.1986
3614,3877,252.34,21.12,311.67,198.32,0.6733,0.6733,4.333,16.1432,21.4673,0.4843
3614,3895,302.46,53.97,360.0,234.83,0.5767,0.2883,3.5815,23.8379,25.4799,0.2292
3615,3807,27.67,34.66,84.89,217.24,0.8359,0.8359,3.8845,19.8039,0.0,0.6651
3615,3924,306.11,55.82,356.89,100.02,0.2338,0.1169,12.7837,21.5599,7.5791,0.0749
3615,3877,253.02,21.48,310.98,195.34,0.8218,0.8218,4.4251,15.961,0.0,0.6003
3615,3895,299.25,52.69,360.0,248.17,0.4436,0.2218,3.319,24.5431,27.125,0.1828
3616,3807,28.28,34.56,85.28,214.25,0.7017,0.7017,3.9573,19.5578,0.0,0.5519
3616,3877,253.17,23.46,311.11,198.42,0.7056,0.7056,4.3304,16.1652,0.0,0.5241
3616,3895,299.02,53.84,360.0,253.12,0.3831,0.1915,3.2315,24.8723,0.0,0.1669
3616,3912,190.63,35.84,208.05,80.83,0.2576,0.2576,18.0235,9.3954,0.0,0.1706
3616,3899,269.45,10.31,296.38,54.79,0.3208,0.3208,56.0959,18.8359,176.9019,0.1012
3617,3807,28.19,35.07,86.22,216.07,0.7671,0.7671,3.9104,19.627,0.0,0.608
3617,3877,253.56,22.62,311.15,197.51,0.5,0.5,4.3587,16.1342,0.0,0.3695
3617,3895,299.97,54.84,359.96,247.34,0.4707,0.2354,3.3351,24.5202,152.9844,0.1236
3617,3912,190.28,36.09,207.35,80.71,0.332,0.332,18.079,9.3903,0.0,0.2199
3617,3924,307.89,56.98,360.0,103.76,0.3269,0.1635,12.0148,21.7288,9.9349,0.1043
3618,3807,28.05,35.06,86.94,216.93,0.7847,0.7847,3.8882,19.651,0.0,0.6242
3618,3877,253.94,23.02,310.5,195.1,0.8135,0.8135,4.4334,15.9728,0.0,0.5933
3618,3895,303.37,55.71,359.09,235.9,0.5459,0.273,3.5595,23.9043,154.4708,0.1356
3619,3807,28.54,35.23,88.12,217.05,0.8262,0.8262,3.8827,19.5675,0.0,0.658
3619,3877,253.88,21.3,310.78,194.9,0.7974,0.7974,4.44,15.9741,0.0,0.5809
3619,3895,306.0,56.0,357.45,223.12,0.6196,0.3098,3.8403,23.1991,156.0843,0.1428
3620,3807,31.19,35.93,90.73,213.36,0.7319,0.7319,3.9667,19.0381,0.0,0.5754
3620,3877,253.45,22.22,310.69,198.15,0.7114,0.7114,4.3384,16.1403,21.3992,0.5113
3620,3895,306.44,56.62,359.61,231.51,0.4148,0.2074,3.6575,23.8223,25.6076,0.1627
3621,3807,30.84,35.9,91.69,215.12,0.6626,0.6626,3.9213,19.1192,0.0,0.5249
3621,3877,253.77,22.2,309.77,194.66,0.7515,0.7515,4.446,15.8933,158.8589,0.2964
3621,3926,318.26,57.3,353.37,97.07,0.4321,0.4321,13.5343,22.1747,0.0,0.2774
3622,3807,32.84,36.16,95.04,215.96,0.7188,0.7188,3.8922,18.8822,0.0,0.5725
3622,3877,252.69,20.96,309.84,198.71,0.7769,0.7769,4.319,16.0813,21.5146,0.5603
3622,3926,318.86,57.61,353.63,97.04,0.459,0.459,13.5468,22.2264,0.0,0.2946
3623,3807,34.12,36.43,97.69,216.82,0.8145,0.8145,3.8652,18.7272,0.0,0.6519
3623,3877,252.57,21.05,308.65,196.8,0.7256,0.7256,4.3754,15.8855,0.0,0.5349
3623,3926,318.99,57.65,354.23,97.69,0.5234,0.5234,13.3893,22.2466,8.5583,0.334
3624,3807,35.89,36.8,99.66,214.36,0.645,0.645,3.9206,18.3537,0.0,0.5119
3624,3926,318.55,58.26,352.78,97.1,0.5137,0.5137,13.5251,22.156,165.9303,0.1586
3624,3912,190.82,36.28,207.63,80.59,0.3433,0.3433,18.1369,9.4228,0.0,0.2273
3625,3807,36.42,36.84,101.78,216.12,0.8452,0.8452,3.873,18.3318,0.0,0.6762
3625,3928,289.06,13.24,311.91,87.5,0.3757,0.3757,16.0009,18.4334,0.0,0.244
3625,3912,190.75,36.38,207.38,80.34,0.2815,0.2815,18.2564,9.4498,173.6304,0.0926
3625,3877,252.87,21.35,307.73,194.34,0.5322,0.5322,4.4518,15.6996,0.0,0.3871
3626,3807,36.93,36.93,103.45,216.67,0.8604,0.8604,3.8564,18.2529,0.0,0.6904
3626,3928,289.46,12.69,313.9,91.98,0.3049,0.3049,14.553,18.3376,7.021,0.1973
3626,3912,191.88,36.05,207.45,75.9,0.2712,0.2712,20.6773,10.0671,175.2638,0.089
3626,3877,251.59,21.04,306.93,196.79,0.647,0.647,4.3718,15.7263,0.0,0.4775
3627,3807,37.65,36.96,104.91,215.67,0.8516,0.8516,3.8778,18.0636,0.0,0.6812
3627,3928,290.78,12.5,314.67,89.35,0.3738,0.3738,15.3887,18.5971,173.409,0.1181
3627,3877,250.35,21.03,305.4,195.23,0.6841,0.6841,4.4164,15.4663,0.0,0.501
3628,3807,39.79,37.52,107.43,215.09,0.7939,0.7939,3.8856,17.7697,0.0,0.6346
3628,3928,291.04,12.72,316.2,92.76,0.354,0.354,14.3443,18.5295,7.1149,0.229
3628,3877,249.02,20.36,303.26,194.26,0.7305,0.7305,4.4422,15.2011,0.0,0.5328
3628,3895,273.58,60.31,338.04,253.67,0.5796,0.5796,3.152,22.6861,36.3923,0.4766
3629,3807,40.9,38.09,108.14,213.47,0.8486,0.8486,3.9236,17.5542,0.0,0.6744
3629,3877,246.69,20.3,299.46,192.96,0.5479,0.5479,4.4753,14.7568,0.0,0.3976
3629,3895,269.62,61.73,338.71,253.99,0.6206,0.6206,3.1421,22.5609,0.0,0.5516
3630,3807,41.27,38.48,109.6,216.04,0.8467,0.8467,3.8571,17.6425,0.0,0.6802
3630,3877,247.19,19.15,299.29,191.18,0.5049,0.5049,4.534,14.6669,0.0,0.3625
3630,3895,270.41,62.96,341.62,252.23,0.5518,0.5518,3.1769,22.5899,0.0,0.4879
3630,3912,191.01,35.86,207.91,78.7,0.3191,0.3191,19.0835,9.6848,5.1003,0.2108
3630,3928,295.52,12.83,314.8,70.18,0.6333,0.6333,26.0334,19.9987,176.2637,0.1984
3631,3807,42.1,38.53,110.37,216.54,0.8271,0.8271,3.8427,17.594,0.0,0.6661
3631,3877,245.55,18.16,295.52,185.11,0.2037,0.2037,4.7358,13.9845,158.0299,0.0731
3631,3895,267.12,61.51,342.26,253.35,0.3667,0.3667,3.1543,22.5573,0.0,0.3254
3631,3912,190.47,35.79,207.64,79.45,0.3008,0.3008,18.6959,9.5685,5.8836,0.1986
3632,3807,44.07,38.62,111.35,214.58,0.8467,0.8467,3.887,17.2897,0.0,0.6774
3632,3877,244.68,17.8,295.52,190.0,0.3914,0.3914,4.5646,14.2182,20.4344,0.2714
3632,3895,258.64,63.46,343.3,274.64,0.5283,0.5283,2.8193,24.0341,31.1842,0.4651
3632,3932,287.94,13.18,327.44,65.81,0.4648,0.4648,30.8619,20.5567,0.0,0.3
3633,3807,46.11,39.02,112.86,214.11,0.8618,0.8618,3.8939,17.0636,0.0,0.689
3633,3877,244.99,17.02,293.45,182.56,0.2466,0.2466,4.8254,13.682,160.3202,0.0856
3633,3932,281.32,12.56,337.5,87.91,0.4282,0.4282,15.9562,19.4563,6.1513,0.2765
3633,3912,191.52,35.97,207.1,75.05,0.2942,0.2942,21.2129,10.1673,175.4131,0.0965
3634,3807,46.59,38.23,113.69,214.96,0.8203,0.8203,3.871,17.0575,0.0,0.6583
3634,3877,243.73,16.54,293.36,188.29,0.6851,0.6851,4.6185,13.9267,20.2388,0.4708
3634,3932,280.08,12.3,341.41,95.2,0.3091,0.3091,13.7433,19.2663,7.2759,0.1995
3635,3807,48.4,37.09,115.19,213.61,0.7285,0.7285,3.9003,16.7776,0.0,0.5821
3635,3877,243.59,16.38,292.12,186.05,0.6621,0.6621,4.6948,13.7096,0.0,0.4621
3635,3932,276.08,13.04,347.22,110.64,0.3303,0.3303,10.5845,18.7861,9.2063,0.2129
3636,3807,47.78,36.0,115.48,216.08,0.7153,0.7153,3.8396,16.985,0.0,0.5771
3636,3877,243.15,16.14,290.04,180.07,0.8125,0.8125,4.9122,13.222,160.2952,0.2732
3636,3932,276.92,13.17,347.77,111.74,0.7041,0.7041,10.4175,18.8387,11.2919,0.4523
3637,3807,48.06,35.04,115.74,216.63,0.79,0.79,3.8255,16.9993,0.0,0.6389
3637,3877,242.86,15.97,289.09,177.37,0.7256,0.7256,5.0166,13.0065,160.5892,0.2357
3637,3932,277.83,13.15,347.31,111.3,0.6636,0.6636,10.4877,18.8803,0.0,0.4305
3638,3807,49.45,33.94,116.22,214.81,0.7754,0.7754,3.8677,16.7587,0.0,0.623
3638,3877,242.3,15.73,288.5,176.42,0.7485,0.7485,5.0533,12.8869,0.0,0.4927
3638,3932,279.55,13.73,347.13,110.87,0.7812,0.7812,10.5616,18.9895,0.0,0.5066
3638,3895,249.79,84.6,329.18,272.13,0.6567,0.6567,2.8275,22.8856,0.0,0.6108
3639,3807,52.08,33.62,117.48,212.99,0.7363,0.7363,3.9082,16.4102,0.0,0.5881
3639,3877,241.81,15.56,288.05,175.74,0.7861,0.7861,5.0797,12.7942,0.0,0.5176
3639,3932,279.71,14.05,347.87,114.16,0.5527,0.5527,10.0675,18.9488,9.7938,0.3558
3639,3912,190.99,35.88,208.34,79.69,0.2837,0.2837,18.5767,9.5609,5.2496,0.1874
3640,3807,55.92,33.23,120.32,211.93,0.7217,0.7217,3.9267,15.9707,0.0,0.5751
3640,3877,241.48,15.13,287.9,175.73,0.8027,0.8027,5.0794,12.7631,0.0,0.5285
3640,3932,280.92,14.31,347.32,113.98,0.7578,0.7578,10.0961,18.9952,0.0,0.4914
3640,3912,190.61,35.73,208.04,80.26,0.2351,0.2351,18.2956,9.471,6.1568,0.1552
3641,3807,59.37,33.1,123.78,211.54,0.7769,0.7769,3.9283,15.5725,0.0,0.6194
3641,3877,241.43,15.45,287.83,175.02,0.4167,0.4167,5.1086,12.7217,0.0,0.2744
3641,3932,283.47,14.41,344.96,108.13,0.7759,0.7759,11.0209,19.1858,171.213,0.2443
3642,3807,62.84,33.9,127.0,211.41,0.7656,0.7656,3.9237,15.2096,0.0,0.6113
3642,3877,240.89,15.58,287.63,175.65,0.4707,0.4707,5.0815,12.7043,0.0,0.31
3642,3932,285.39,15.05,341.9,101.78,0.6909,0.6909,12.2221,19.343,171.974,0.2173
3642,3912,190.76,35.78,208.44,81.05,0.3433,0.3433,17.9211,9.3768,5.7659,0.2268
3643,3807,66.36,33.93,130.34,212.3,0.7671,0.7671,3.8933,14.9289,0.0,0.616
3643,3877,246.05,15.4,282.61,132.64,0.2069,0.2069,7.6836,12.0311,167.5085,0.0675
3643,3932,286.59,15.43,341.72,101.01,0.6318,0.6318,12.3906,19.4349,171.148,0.1986
3643,3912,190.83,35.78,208.51,81.16,0.4065,0.4065,17.8703,9.365,0.0,0.2692
3644,3807,68.53,33.57,134.27,218.59,0.8237,0.8237,3.7334,15.1843,26.2225,0.6504
3644,3877,250.44,15.3,278.89,98.16,0.5332,0.5332,12.6295,13.5576,172.3269,0.1728
3644,3932,287.32,15.99,340.2,98.4,0.646,0.646,12.9751,19.4916,172.3495,0.203
3645,3807,69.92,33.35,137.15,224.88,0.8442,0.8442,3.5864,15.5771,26.2026,0.6827
3645,3932,287.47,16.33,341.22,101.05,0.5352,0.5352,12.3838,19.4564,8.1429,0.3448
3646,3807,71.09,32.64,138.48,227.19,0.7988,0.7988,3.534,15.6899,0.0,0.6787
3646,3932,283.19,16.41,346.64,119.37,0.646,0.646,9.3736,18.9575,10.3411,0.4155
3647,3807,73.29,32.64,139.29,225.85,0.7598,0.7598,3.56,15.4232,0.0,0.6433
3647,3932,284.0,16.87,346.96,121.76,0.6245,0.6245,9.0859,18.9766,11.0845,0.4011
3647,3912,190.54,36.1,207.87,81.02,0.3345,0.3345,17.9343,9.3645,0.0,0.2215
3648,3807,74.73,32.56,139.95,226.38,0.8145,0.8145,3.5466,15.3828,0.0,0.6911
3648,3932,282.45,17.08,348.59,130.63,0.6621,0.6621,8.1399,18.8333,11.839,0.4249
3648,3912,190.98,36.26,208.27,80.74,0.2629,0.2629,18.0666,9.4192,170.3968,0.0865
3649,3807,76.51,32.63,138.46,218.71,0.4648,0.4648,3.7184,14.6156,155.3812,0.2293
3649,3932,283.27,17.57,346.72,128.78,0.7139,0.7139,8.3179,18.7912,167.7544,0.2253
3649,3912,191.29,36.41,208.62,80.64,0.2255,0.2255,18.1147,9.4462,0.0,0.1493
3650,3807,78.34,30.88,141.44,222.56,0.7778,0.7778,3.6258,14.774,0.0,0.6525
3650,3932,283.06,17.69,347.9,134.71,0.563,0.563,7.7649,18.7845,12.5021,0.3609
3651,3807,82.52,32.64,144.74,222.67,0.7202,0.7202,3.6167,14.4558,0.0,0.6054
3651,3932,286.79,17.27,344.17,122.06,0.7969,0.7969,9.0505,18.9704,169.3273,0.2512
3652,3807,84.86,33.33,147.25,225.1,0.7612,0.7612,3.5591,14.5029,0.0,0.6456
3652,3932,285.57,17.26,345.71,129.89,0.4072,0.4072,8.2123,18.8582,11.7537,0.2613
3653,3807,88.6,33.6,150.94,224.15,0.7363,0.7363,3.5739,14.0961,0.0,0.6235
3653,3932,289.66,17.62,341.74,115.01,0.5698,0.5698,9.9609,19.1648,170.2863,0.1794
3654,3807,93.79,33.89,155.84,220.42,0.8384,0.8384,3.6497,13.2839,0.0,0.7024
3654,3932,290.21,17.07,341.17,112.98,0.3774,0.3774,10.2558,19.2197,170.5541,0.1188
3654,3951,223.79,22.35,272.22,109.72,0.4111,0.4111,10.3326,10.7991,0.0,0.2716
3655,3807,95.33,34.93,157.84,222.07,0.7202,0.7202,3.6099,13.329,0.0,0.6072
3655,3932,289.77,16.98,339.35,109.87,0.7476,0.7476,10.7324,19.1724,170.2003,0.2354
3656,3807,97.86,35.78,160.27,220.73,0.8013,0.8013,3.6367,12.9892,0.0,0.673
3656,3932,285.24,17.12,343.76,129.12,0.3757,0.3757,8.2807,18.723,11.6359,0.2413
3656,3951,232.33,14.85,276.51,95.05,0.4263,0.4263,13.3234,12.5768,172.2182,0.1387
3657,3807,99.53,36.0,163.73,223.21,0.8667,0.8667,3.5778,13.0864,0.0,0.7346
3657,3932,287.73,17.48,341.23,119.75,0.8242,0.8242,9.3229,18.8938,169.6311,0.2599
3657,3951,234.17,14.51,276.68,92.21,0.6094,0.6094,14.1015,12.907,172.8223,0.198
3658,3807,99.79,36.73,164.95,223.75,0.8525,0.8525,3.565,13.0973,0.0,0.7241
3658,3932,288.38,17.49,339.8,115.42,0.6626,0.6626,9.8909,18.952,170.115,0.2089
3659,3807,99.87,37.27,165.51,223.58,0.7656,0.7656,3.5683,13.0551,0.0,0.6499
3659,3932,288.55,17.59,339.35,114.25,0.5581,0.5581,10.0557,18.9664,170.2261,0.1759
3659,3951,218.34,11.94,288.61,144.0,0.5205,0.5205,6.7468,10.4274,14.1432,0.3389
3660,3807,97.5,37.65,162.63,222.57,0.8286,0.8286,3.594,13.1252,0.0,0.7005
3660,3932,279.43,17.52,348.36,153.4,0.4814,0.4814,6.3898,18.5818,14.9445,0.3071
3660,3951,216.24,8.85,289.91,151.31,0.7217,0.7217,6.2675,10.4225,15.1762,0.4688
3660,3912,188.67,36.02,211.3,96.48,0.3767,0.3767,12.7608,7.3572,7.5891,0.249
3661,3807,98.49,37.97,164.83,224.23,0.8506,0.8506,3.5554,13.203,0.0,0.7234
3661,3932,277.46,17.67,350.29,166.16,0.6802,0.6802,5.693,18.7714,16.6779,0.4319
3661,3951,214.59,8.14,288.61,156.06,0.7515,0.7515,5.9854,10.3071,16.3405,0.4868
3662,3807,97.81,37.52,162.97,221.69,0.7671,0.7671,3.6133,13.0003,0.0,0.6467
3662,3932,276.7,17.65,350.69,173.45,0.3259,0.3259,5.3547,18.9261,17.6427,0.2063
3662,3951,214.9,7.73,287.3,157.43,0.811,0.811,5.9082,10.2722,0.0,0.5363
3663,3807,98.06,37.62,162.94,222.48,0.5688,0.5688,3.5954,13.0831,0.0,0.4808
3663,3932,277.34,17.72,350.6,176.63,0.5039,0.5039,5.2201,19.0526,18.2717,0.3183
3663,3951,215.8,7.48,284.9,155.31,0.5581,0.5581,6.0242,10.1187,163.093,0.1831
3664,3807,98.86,36.9,162.7,220.36,0.791,0.791,3.6428,12.819,0.0,0.6639
3664,3932,277.92,17.58,350.25,179.12,0.3694,0.3694,5.1186,19.1451,18.5122,0.2331
3664,3951,216.28,8.01,283.24,156.37,0.5669,0.5669,5.963,10.0623,0.0,0.375
3665,3807,101.46,36.81,163.67,217.51,0.4844,0.4844,3.7065,12.3594,0.0,0.4027
3665,3932,278.99,17.78,350.34,182.15,0.5488,0.5488,5.0019,19.3187,19.401,0.3452
3665,3951,216.64,8.56,281.16,156.35,0.6343,0.6343,5.9618,9.944,0.0,0.4197
3666,3807,102.1,34.99,164.75,219.72,0.3684,0.3684,3.6541,12.5525,0.0,0.3088
3666,3932,284.1,17.66,345.68,160.71,0.7949,0.7949,5.9773,18.8003,164.0836,0.2508
3666,3951,216.97,7.78,278.33,152.64,0.7964,0.7964,6.1719,9.6934,163.5755,0.2617
3667,3807,104.02,36.72,165.17,219.62,0.6548,0.6548,3.655,12.4577,0.0,0.5488
3667,3932,290.04,18.53,339.93,131.91,0.5059,0.5059,8.0153,18.7494,167.9896,0.1597
3667,3951,216.11,8.11,274.92,150.23,0.6123,0.6123,6.3124,9.36,159.5962,0.2014
3668,3807,106.61,37.95,166.27,219.78,0.7031,0.7031,3.6491,12.3486,0.0,0.59
3668,3932,287.98,19.02,342.86,144.69,0.3767,0.3767,6.973,18.736,13.788,0.2409
3668,3951,216.14,7.74,273.23,149.14,0.8477,0.8477,6.3785,9.2312,0.0,0.5615
3669,3932,292.68,19.66,340.62,127.16,0.4971,0.4971,8.4943,19.0266,168.6813,0.1566
3669,3951,215.23,7.64,270.96,148.27,0.8423,0.8423,6.4298,9.0004,0.0,0.5581
3670,3932,295.08,20.2,340.41,120.41,0.3611,0.3611,9.2651,19.2913,169.5776,0.1136
3670,3951,213.79,11.7,267.35,148.13,0.8037,0.8037,6.4322,8.6461,0.0,0.5328
3670,3964,289.3,20.45,346.44,196.4,0.396,0.396,4.5161,20.2749,0.0,0.2814
3671,3932,294.43,21.16,342.17,126.08,0.5767,0.5767,8.6195,19.2537,11.326,0.37
3671,3951,211.07,9.55,264.99,147.8,0.5806,0.5806,6.4472,8.2872,0.0,0.385
3671,3964,290.96,21.14,344.69,186.65,0.205,0.205,4.847,19.8674,160.5992,0.0684
3672,3932,293.82,22.14,342.39,127.71,0.6899,0.6899,8.4473,19.2033,11.3836,0.4426
3672,3951,208.4,8.74,262.86,148.51,0.8638,0.8638,6.3957,7.9578,0.0,0.5731
3672,3807,118.99,38.88,177.58,221.42,0.4717,0.4717,3.6001,11.835,70.0706,0.2955
3673,3951,207.1,7.99,261.46,147.94,0.8306,0.8306,6.4292,7.7621,0.0,0.5512
3673,3964,294.33,22.19,340.28,162.36,0.7832,0.7832,5.9018,19.1347,163.8475,0.2466
3674,3951,206.71,7.81,260.71,147.42,0.8359,0.8359,6.4616,7.677,0.0,0.5548
3674,3932,294.94,23.67,343.75,128.47,0.6143,0.6143,8.3782,19.3497,0.0,0.398
3675,3951,205.71,7.98,259.15,146.77,0.8618,0.8618,6.5013,7.4915,0.0,0.5721
3675,3932,295.55,23.94,345.13,129.36,0.5518,0.5518,8.2957,19.4638,0.0,0.3574
3676,3951,204.95,7.98,257.91,146.16,0.8413,0.8413,6.5395,7.3465,0.0,0.5586
3676,3932,291.77,24.1,350.35,150.48,0.6567,0.6567,6.6111,19.4775,14.5171,0.4183
3677,3951,201.97,8.58,254.47,145.68,0.8726,0.8726,6.5647,6.8906,0.0,0.5796
3677,3932,286.57,24.25,357.48,182.32,0.563,0.2815,5.0269,20.2259,18.8034,0.1769
3677,3964,303.68,23.09,340.37,130.58,0.3081,0.3081,8.1877,19.6621,168.2537,0.0967
3678,3951,199.44,8.41,251.85,146.18,0.8638,0.8638,6.5261,6.5293,0.0,0.574
3678,3932,285.53,24.15,359.31,192.93,0.2101,0.1051,4.6475,20.6652,20.2355,0.0706
3678,3964,303.4,23.33,341.41,130.29,0.5039,0.5039,8.2184,19.7137,0.0,0.3261
3679,3951,198.14,8.23,250.2,145.59,0.8711,0.8711,6.5627,6.317,0.0,0.579
3679,3964,304.14,23.19,342.91,128.28,0.5156,0.5156,8.4262,19.8814,167.6436,0.1616
3680,3951,198.84,8.08,250.35,145.41,0.8594,0.8594,6.5756,6.3764,0.0,0.5712
3680,3964,302.15,23.04,347.18,143.34,0.7285,0.7285,7.1253,19.9173,13.5825,0.4644
3681,3951,197.97,7.83,249.79,147.16,0.8359,0.8359,6.4581,6.2879,15.6961,0.5452
3681,3932,290.61,25.16,358.31,182.29,0.4902,0.2451,5.0389,20.5216,161.2883,0.0765
3682,3951,197.33,7.74,248.86,147.43,0.8423,0.8423,6.439,6.1798,0.0,0.5599
3682,3932,292.29,24.83,357.9,178.74,0.5747,0.2873,5.1828,20.4898,161.7897,0.0897
3682,3964,303.68,22.9,347.08,134.36,0.3184,0.3184,7.8593,20.0482,167.7939,0.0997
3683,3951,195.85,7.84,247.26,146.85,0.6611,0.6611,6.4741,5.9558,0.0,0.4395
3683,3964,303.16,23.14,346.85,131.33,0.7485,0.7485,8.136,20.0303,167.9589,0.2344
3684,3951,193.11,7.54,242.42,140.61,0.7769,0.7769,6.9026,5.425,163.7163,0.2578
3684,3964,303.32,23.35,347.97,130.41,0.3513,0.3513,8.2289,20.1214,0.0,0.2271
3684,3932,290.77,24.85,358.21,185.0,0.3821,0.191,4.9361,20.6154,19.0038,0.1214
3685,3951,191.38,7.35,239.87,137.86,0.6636,0.6636,7.1085,5.1736,162.8831,0.2203
3685,3964,301.35,23.64,348.84,133.96,0.3867,0.3867,7.8933,20.0156,12.1741,0.2471
3685,3932,289.89,24.89,357.97,187.54,0.3328,0.1664,4.8407,20.6377,0.0,0.1109
3686,3951,190.24,6.35,238.6,136.9,0.8525,0.8525,7.1825,5.0305,0.0,0.5672
3686,3964,301.33,23.82,349.17,131.88,0.6577,0.6577,8.0856,20.0553,168.1248,0.2059
3687,3951,189.17,6.17,237.03,136.75,0.8667,0.8667,7.1924,4.851,0.0,0.5768
3687,3964,301.27,24.25,350.45,132.14,0.2869,0.2869,8.0653,20.1295,0.0,0.1854
3687,3807,142.53,43.56,198.79,218.61,0.3477,0.3477,3.6518,10.6656,103.5259,0.1764
3687,3932,288.57,25.58,358.8,193.47,0.3584,0.1792,4.6348,20.8374,20.1665,0.1206
3688,3951,187.89,5.98,235.18,137.04,0.8413,0.8413,7.1668,4.6243,0.0,0.56
3688,3964,300.1,24.53,352.03,136.89,0.3831,0.3831,7.6443,20.1164,12.6381,0.2445
3688,3807,142.52,41.89,199.79,220.0,0.2568,0.2568,3.6199,10.8485,0.0,0.2169
3688,3932,289.02,25.54,360.0,203.12,0.4216,0.2108,4.3368,21.3586,21.6968,0.1494
3689,3951,187.15,6.11,233.38,136.69,0.5776,0.5776,7.193,4.4591,0.0,0.3845
3689,3964,299.42,24.62,352.48,138.29,0.5479,0.5479,7.5269,20.0941,12.7277,0.3497
3689,3807,142.22,33.35,201.59,219.77,0.4197,0.4197,3.6249,10.8053,0.0,0.3543
3689,3974,82.46,58.09,141.11,189.82,0.4736,0.4736,4.5172,11.6302,0.0,0.343
3690,3951,187.38,6.21,231.18,131.87,0.54,0.54,7.5988,4.5386,167.0892,0.1794
3690,3964,299.7,24.8,352.82,137.04,0.4092,0.4092,7.6329,20.1402,167.3213,0.1281
3690,3974,80.25,58.29,137.79,187.49,0.3821,0.3821,4.6023,11.7772,0.0,0.2723
3691,3951,185.28,5.6,228.72,131.47,0.5332,0.5332,7.6313,4.2637,0.0,0.355
3691,3964,299.35,24.96,352.63,136.1,0.4331,0.4331,7.7111,20.1121,0.0,0.2799
3691,3807,142.97,33.03,202.45,220.77,0.353,0.353,3.6021,10.9318,0.0,0.299
3692,3951,185.84,5.25,229.39,135.29,0.6714,0.6714,7.3033,4.1481,13.3039,0.441
3692,3964,298.8,26.32,354.44,140.48,0.604,0.604,7.3554,20.1701,13.3302,0.3849
3692,3807,147.67,43.28,206.64,222.2,0.3218,0.3218,3.5695,11.089,0.0,0.2739
3693,3951,191.11,4.84,222.81,96.55,0.5947,0.2974,12.7571,7.7834,172.4052,0.0982
3693,3964,298.34,26.49,355.73,142.57,0.4639,0.2319,7.1973,20.2181,13.7799,0.1476
3694,3951,186.33,5.6,214.23,79.97,0.4629,0.4629,18.4393,9.5491,174.2876,0.1522
3694,3964,296.76,27.41,355.39,145.38,0.4026,0.2013,6.9856,20.0966,14.0094,0.1281
3694,3807,147.0,26.35,212.85,223.91,0.5107,0.5107,3.5319,11.318,0.0,0.4371
3695,3951,185.28,5.53,212.57,74.31,0.231,0.231,21.7016,10.2522,175.3784,0.0758
3695,3932,285.5,29.32,359.83,214.01,0.5728,0.2864,4.0304,21.7041,22.9172,0.2137
3695,3974,49.72,58.17,141.24,265.45,0.5303,0.5303,2.873,20.3347,31.331,0.4671
3696,3951,185.91,5.52,213.58,73.51,0.2031,0.2031,22.2587,10.3896,173.7635,0.0666
3696,3932,288.91,30.07,357.83,202.32,0.6943,0.3472,4.3559,21.1894,158.6699,0.1377
3697,3964,295.3,30.09,351.64,141.14,0.5972,0.5972,7.2845,19.769,164.1069,0.1873
3697,3974,43.14,59.04,119.29,233.24,0.4971,0.4971,3.4591,18.4399,152.4705,0.2593
3698,3964,294.98,30.95,351.45,140.25,0.4495,0.4495,7.3523,19.7392,0.0,0.2909
3698,3974,43.56,58.38,109.78,210.93,0.5391,0.5391,3.9827,17.1373,156.7148,0.2448
3699,3964,293.44,31.59,351.68,142.89,0.3276,0.3276,7.1461,19.6502,13.5156,0.209
3699,3974,36.62,56.93,122.75,257.34,0.4331,0.4331,3.029,20.7615,29.3031,0.3747
3699,3951,186.81,5.38,211.73,65.41,0.4727,0.4727,29.9768,11.457,176.7459,0.1544
3700,3964,293.19,31.85,352.21,143.57,0.6953,0.6953,7.0965,19.6676,0.0,0.45
3701,3964,292.12,31.25,352.29,144.29,0.7148,0.7148,7.041,19.6045,0.0,0.4627
3702,3964,290.82,30.89,352.11,145.29,0.4141,0.4141,6.9648,19.5109,0.0,0.2681
3702,3932,283.17,30.59,358.47,223.55,0.3738,0.1869,3.7914,22.0524,24.1566,0.1447
3702,3974,24.98,55.34,109.8,256.29,0.6167,0.6167,3.0745,21.7178,112.8492,0.3493
3702,3951,189.01,5.43,213.67,63.99,0.6636,0.6636,31.9135,11.7171,174.6014,0.2166
3703,3964,289.22,30.76,351.69,146.77,0.3208,0.3208,6.8553,19.3848,15.6688,0.2038
3703,3932,283.09,30.04,357.4,223.99,0.4524,0.2262,3.7793,22.0175,0.0,0.1821
3703,3974,23.03,53.45,105.53,252.96,0.5254,0.5254,3.1373,21.7074,0.0,0.4683
3703,3807,178.99,28.07,241.47,219.39,0.6807,0.6807,3.645,11.4993,111.0346,0.3453
3704,3964,288.5,30.7,351.67,147.51,0.3091,0.3091,6.8024,19.3397,0.0,0.2003
3704,3932,283.34,30.37,356.38,223.37,0.4341,0.217,3.7922,21.9384,0.0,0.1744
3704,3974,22.52,52.92,104.39,254.75,0.4844,0.4844,3.1095,21.9337,0.0,0.4333
3704,3807,177.4,11.3,244.09,221.77,0.2576,0.2576,3.5915,11.8298,0.0,0.2183
3705,3964,287.65,30.94,351.42,148.33,0.3276,0.3276,6.7439,19.2723,0.0,0.2123
3705,3932,284.16,30.77,354.91,218.46,0.3923,0.3923,3.9077,21.6101,156.2412,0.1787
3705,3974,25.27,52.32,92.24,215.55,0.4941,0.4941,3.9184,19.4231,156.5324,0.2266
3705,3807,179.15,10.68,244.37,221.38,0.3433,0.3433,3.6011,11.8323,0.0,0.2905
3706,3964,286.94,31.33,351.83,150.56,0.7114,0.7114,6.5967,19.2643,14.4541,0.4535
3706,3974,29.73,50.57,86.71,188.03,0.3711,0.3711,4.7347,17.9699,160.2181,0.1308
3706,3807,184.63,24.87,244.95,220.51,0.6069,0.6069,3.6234,11.8878,0.0,0.5117
3707,3964,286.73,31.9,352.32,152.31,0.6152,0.6152,6.4867,19.2941,14.8678,0.3918
3707,3974,26.4,50.68,89.14,203.71,0.562,0.562,4.2381,18.8149,21.9687,0.4081
3707,3807,188.27,30.71,246.99,220.76,0.4551,0.4551,3.6204,12.0854,0.0,0.3838
3707,3990,177.13,20.48,201.77,123.17,0.4609,0.4609,8.4345,3.2789,0.0,0.307
3708,3974,23.87,50.87,88.06,210.67,0.5508,0.5508,4.0525,19.4276,23.9036,0.4106
3708,3807,189.56,32.71,247.58,218.69,0.7847,0.7847,3.6688,11.8895,0.0,0.6568
3708,3932,284.14,32.15,352.73,214.92,0.5859,0.5859,3.9919,21.2849,0.0,0.456
3709,3974,23.22,50.78,89.73,218.92,0.5098,0.5098,3.8432,19.8923,23.8665,0.3938
3709,3807,191.12,34.08,249.92,216.71,0.3621,0.3621,3.7172,11.7764,0.0,0.3008
3709,3932,283.46,32.41,351.59,215.33,0.4351,0.4351,3.9783,21.2075,0.0,0.3395
3709,3964,285.9,32.22,350.34,150.54,0.3235,0.3235,6.5911,19.1024,160.9146,0.1019
3709,3990,175.5,5.61,204.12,124.41,0.3459,0.3459,8.3019,3.1409,12.0587,0.2279
3710,3974,17.43,50.34,91.77,242.67,0.644,0.644,3.3457,21.7842,27.2388,0.5322
3710,3807,194.59,33.98,255.84,217.33,0.667,0.667,3.708,12.1762,0.0,0.5546
3710,3932,282.88,32.41,352.32,221.45,0.5137,0.5137,3.8293,21.5779,24.0465,0.3958
3710,3964,286.21,32.46,350.14,149.99,0.2568,0.2568,6.6269,19.1063,0.0,0.1665
3710,3990,175.07,3.25,203.87,122.37,0.283,0.1415,8.5224,3.3845,168.5559,0.0471
3711,3974,18.72,50.26,90.41,238.79,0.4961,0.4961,3.4198,21.4939,0.0,0.4238
3711,3807,193.73,34.38,255.47,216.26,0.4658,0.4658,3.7326,12.0069,0.0,0.3858
3711,3932,284.78,32.66,350.48,211.38,0.2974,0.2974,4.0807,20.9972,157.3101,0.129
3711,3964,285.45,32.36,350.57,152.7,0.4158,0.4158,6.4544,19.1036,14.7609,0.265
3711,3990,174.21,0.07,203.87,122.23,0.5479,0.274,8.5377,3.3788,0.0,0.1825
3712,3974,20.09,50.06,93.18,247.27,0.4282,0.4282,3.256,21.9473,27.8319,0.3582
3712,3807,197.98,36.47,261.46,216.83,0.4688,0.4688,3.7256,12.4548,0.0,0.3885
3712,3932,279.9,32.25,354.67,240.16,0.3057,0.3057,3.429,22.7731,26.4416,0.2492
3712,3964,284.24,32.4,351.3,157.29,0.3477,0.3477,6.1808,19.1197,15.3876,0.2213
3712,3990,171.39,1.11,201.55,124.65,0.3513,0.1757,8.2752,2.9254,16.6288,0.1146
3713,3974,22.49,49.88,89.92,235.15,0.4795,0.4795,3.487,21.0588,153.9845,0.2459
3713,3807,195.23,36.08,258.06,212.55,0.2415,0.2415,3.8256,11.7319,150.5473,0.1166
3713,3964,283.12,32.49,351.17,160.02,0.6377,0.6377,6.0257,19.0771,15.8802,0.4053
3713,3990,169.31,1.23,200.2,126.51,0.7227,0.3614,8.0839,2.5992,15.9303,0.2362
3714,3974,23.16,50.08,90.37,238.57,0.6934,0.6934,3.4177,21.2595,0.0,0.5928
3714,3807,194.58,37.32,258.28,213.53,0.6343,0.6343,3.8011,11.8272,0.0,0.5198
3714,3964,282.92,32.86,351.27,161.5,0.644,0.644,5.946,19.0938,0.0,0.4175
3714,3990,167.64,1.83,198.95,129.03,0.4756,0.2378,7.838,2.1986,14.0585,0.1561
3715,3974,26.47,49.64,89.1,226.17,0.2705,0.2705,3.672,20.2469,154.8736,0.1325
3715,3807,201.18,37.27,262.67,209.13,0.5234,0.5234,3.9198,11.7843,146.6805,0.2462
3715,3964,283.85,33.54,351.43,161.48,0.5312,0.5312,5.9498,19.1627,0.0,0.3443
3715,3990,166.63,2.08,197.62,128.75,0.6929,0.3464,7.8644,2.2085,0.0,0.2309
3716,3974,28.21,49.14,88.54,220.44,0.3804,0.3804,3.8011,19.7885,155.5552,0.1801
3716,3807,197.48,38.45,261.42,213.95,0.6582,0.6582,3.7947,12.1096,26.3365,0.5169
3716,3964,283.1,33.83,351.15,163.27,0.5156,0.5156,5.8537,19.1277,0.0,0.3342
3716,3990,165.81,1.29,196.87,128.83,0.6299,0.315,7.8567,2.1844,0.0,0.2099
3717,3974,29.37,48.19,91.44,227.04,0.2295,0.2295,3.6451,20.0353,25.4868,0.1824
3717,3807,202.37,37.46,265.07,210.51,0.5381,0.5381,3.8869,12.0865,146.6035,0.2553
3717,3964,283.28,34.62,350.13,161.9,0.6318,0.6318,5.9229,19.0508,0.0,0.4097
3717,3990,165.37,2.09,196.05,128.23,0.2798,0.1399,7.9141,2.2642,0.0,0.0932
3718,3974,28.99,46.92,93.45,236.78,0.5439,0.5439,3.4402,20.6816,26.2966,0.4453
3718,3807,197.2,35.36,263.19,214.87,0.5557,0.5557,3.7733,12.2716,29.3399,0.4334
3718,3964,282.96,35.3,348.85,159.83,0.5068,0.5068,6.0299,18.9163,162.7248,0.1598
3719,3974,31.2,45.8,94.31,235.04,0.2886,0.2886,3.4706,20.3947,0.0,0.2452
3719,3807,197.95,36.33,264.95,214.72,0.8052,0.8052,3.7787,12.3551,0.0,0.6617
3719,3964,284.1,35.91,350.03,160.89,0.6152,0.6152,5.9784,19.0802,0.0,0.3989
3719,3990,161.64,1.98,191.97,124.83,0.2727,0.1363,8.2555,2.7867,162.6125,0.0454
3720,3974,39.21,44.79,87.65,186.15,0.7441,0.7441,4.7825,17.2478,160.3627,0.2585
3720,3807,199.69,36.78,266.29,210.67,0.4775,0.4775,3.8817,12.041,155.1852,0.2269
3720,3964,281.03,36.85,349.14,165.72,0.668,0.668,5.7203,18.9158,17.2085,0.4233
3720,3990,160.06,2.18,190.29,122.31,0.5254,0.2627,8.5272,3.1854,166.662,0.0874
3721,3974,43.04,43.84,85.12,163.77,0.7041,0.7041,5.7323,16.4113,163.4026,0.2251
3721,3807,202.05,33.08,270.25,209.34,0.6621,0.6621,3.9208,12.1765,0.0,0.5317
3721,3964,280.72,37.66,349.92,169.07,0.561,0.561,5.5603,19.0188,17.1823,0.3554
3721,3990,159.45,1.78,190.01,120.95,0.6133,0.3066,8.681,3.3892,168.3676,0.102
3722,3932,280.83,39.96,346.42,221.05,0.3503,0.3503,3.8252,21.1233,155.2386,0.1638
3723,3932,283.35,40.67,346.97,212.59,0.3577,0.3577,4.0402,20.7879,157.107,0.1572
3723,3974,46.05,42.23,86.08,153.88,0.5117,0.5117,6.265,15.9837,164.3095,0.164
3723,3807,213.26,37.55,280.67,208.27,0.3372,0.3372,3.9673,13.0872,111.4825,0.1559
3723,3990,157.31,1.35,188.68,120.4,0.5293,0.2646,8.7452,3.5283,0.0,0.1763
3724,3932,281.28,41.28,345.62,214.05,0.5,0.5,3.9965,20.6812,0.0,0.3895
3724,3974,40.23,40.92,95.27,198.32,0.4893,0.4893,4.3647,17.3454,21.2927,0.3491
3724,3807,215.17,34.8,284.22,207.85,0.3149,0.3149,3.9837,13.319,0.0,0.2498
3724,3990,155.64,0.33,188.13,120.6,0.7739,0.387,8.7224,3.5497,0.0,0.2577
3725,3932,277.87,42.61,345.57,221.24,0.5869,0.5869,3.8144,20.9293,24.2313,0.4539
3725,3974,45.77,40.15,93.39,172.73,0.5068,0.5068,5.2911,15.9484,162.0263,0.1624
3725,3807,213.9,35.53,283.8,207.99,0.5264,0.5264,3.9783,13.2475,0.0,0.418
3725,3990,154.35,0.4,187.55,121.05,0.7832,0.3916,8.671,3.5358,0.0,0.2608
3726,3974,50.04,39.89,92.04,152.93,0.5127,0.5127,6.3002,15.3134,164.7595,0.1648
3726,3990,154.43,1.1,188.32,121.37,0.8159,0.4079,8.6343,3.4711,0.0,0.2717
3726,3964,274.32,42.54,348.31,182.78,0.3989,0.3989,4.9639,18.9288,19.2177,0.2533
3727,3974,47.16,39.66,96.31,173.31,0.3979,0.3979,5.258,15.6914,17.9275,0.2539
3727,3990,153.61,1.86,187.69,121.18,0.7241,0.362,8.6563,3.5345,0.0,0.2411
3727,3964,276.61,42.98,350.63,185.81,0.3774,0.3774,4.8602,19.3243,24.9979,0.2398
3727,3807,221.85,33.64,291.31,207.32,0.4485,0.4485,4.0119,13.9758,0.0,0.3537
3728,3974,50.63,39.65,93.74,153.19,0.3408,0.3408,6.2797,15.1639,164.7952,0.1096
3728,3990,153.4,2.95,187.23,121.03,0.6621,0.3311,8.6737,3.5727,0.0,0.2205
3728,3964,273.93,42.97,348.97,188.34,0.6504,0.6504,4.7607,19.1603,23.2567,0.4247
3728,3807,216.59,33.21,287.39,207.22,0.3337,0.3337,4.005,13.4939,0.0,0.2637
3729,3974,53.37,39.43,91.62,136.1,0.6001,0.6001,7.4897,15.1089,167.1683,0.1931
3729,3990,152.93,2.16,187.15,120.98,0.3008,0.1504,8.6795,3.5947,0.0,0.1002
3729,3964,272.33,42.94,350.13,195.0,0.2983,0.2983,4.5353,19.4243,20.5726,0.2053
3729,3807,214.73,33.81,286.65,207.66,0.2878,0.2878,3.9907,13.4017,0.0,0.228
3730,3974,54.66,40.06,94.98,141.66,0.667,0.667,7.0394,14.7621,14.2709,0.4305
3730,3990,152.25,2.19,186.75,121.67,0.8271,0.4135,8.6013,3.5366,0.0,0.2754
3730,3964,275.39,42.63,351.52,194.42,0.3389,0.3389,4.5626,19.6626,0.0,0.2391
3730,3807,225.46,35.72,294.16,206.43,0.3469,0.3469,4.0429,14.2403,117.176,0.1563
3731,3974,55.37,39.97,96.57,143.82,0.686,0.686,6.8766,14.6042,15.0932,0.4421
3731,3990,150.42,0.91,185.62,121.75,0.7832,0.3916,8.5932,3.6216,0.0,0.2608
3731,3964,274.72,42.85,350.06,193.99,0.5195,0.5195,4.5726,19.5164,0.0,0.366
3732,3974,59.12,39.89,98.11,138.97,0.4922,0.4922,7.2279,14.2649,164.5904,0.159
3732,3990,152.83,10.71,185.48,121.37,0.7988,0.7988,8.6355,3.5965,0.0,0.532
3732,3964,272.12,43.18,350.01,201.66,0.4082,0.4082,4.3289,19.7295,21.5023,0.2912
3732,3807,230.1,33.81,297.9,207.34,0.3567,0.3567,4.028,14.7618,0.0,0.2801
3733,3974,61.6,40.61,101.4,142.38,0.5796,0.5796,6.9565,13.8603,16.7897,0.3725
3733,3990,152.82,13.35,184.95,121.32,0.6636,0.6636,8.6413,3.6197,0.0,0.442
3733,3964,257.76,43.38,340.6,207.04,0.3372,0.3372,4.1345,18.6593,38.1946,0.2337
3734,3974,63.08,40.55,102.66,142.07,0.6929,0.6929,6.9734,13.6756,0.0,0.4554
3734,3990,152.05,6.46,186.13,121.02,0.8203,0.8203,8.6755,3.6456,0.0,0.5463
3734,4009,262.4,32.49,289.14,64.34,0.4082,0.4082,32.2313,17.328,0.0,0.266
3735,3990,150.26,3.08,185.69,121.42,0.7949,0.3975,8.6306,3.6662,0.0,0.2647
3735,4009,262.74,32.53,289.44,64.34,0.5117,0.5117,32.2369,17.3602,0.0,0.3334
3735,3932,274.83,43.45,339.91,208.76,0.6704,0.6704,4.1148,19.6914,155.7406,0.2895
3735,3807,232.93,32.58,299.34,208.07,0.3657,0.3657,4.0135,15.0495,0.0,0.2877
3736,3990,149.67,2.32,185.27,121.17,0.79,0.395,8.6594,3.7319,0.0,0.2631
3736,4009,263.22,33.04,289.62,64.45,0.2705,0.2705,32.0856,17.3843,9.9455,0.1749
3736,3932,274.21,43.5,340.62,208.19,0.3867,0.3867,4.1305,19.6638,0.0,0.2951
3737,3990,148.66,2.09,184.46,121.35,0.7217,0.3609,8.6395,3.7741,0.0,0.2403
3737,3964,249.63,44.12,336.07,209.91,0.4795,0.4795,4.0372,18.1246,39.0973,0.3375
3738,3990,148.74,1.46,184.66,121.01,0.7656,0.3828,8.6783,3.8059,0.0,0.2549
3738,3964,247.33,42.42,335.49,210.04,0.2815,0.2815,4.0294,17.9721,0.0,0.2195
3738,3974,70.74,36.32,107.08,129.8,0.354,0.354,7.9742,13.0019,166.3261,0.115
3739,3990,147.77,1.93,183.92,121.81,0.5947,0.2974,8.588,3.7716,0.0,0.198
3739,3964,247.72,43.24,335.51,208.61,0.5957,0.5957,4.0681,17.9012,0.0,0.4615
3740,3990,147.26,3.05,183.08,121.37,0.5137,0.2569,8.6384,3.8768,0.0,0.171
3740,3964,248.63,43.98,336.36,209.51,0.5488,0.5488,4.0467,18.0587,0.0,0.4266
3740,4018,288.6,44.33,335.89,95.51,0.3674,0.3674,13.6771,19.4323,0.0,0.238
3740,3974,77.63,33.75,115.03,128.33,0.3328,0.3328,8.0838,12.0356,126.3167,0.1085
3741,3990,146.47,3.3,182.28,121.07,0.7441,0.372,8.6733,3.9755,0.0,0.2477
3741,3964,251.86,44.41,340.55,210.75,0.3604,0.3604,4.0254,18.5544,0.0,0.2809
3741,4018,291.59,44.3,339.67,96.14,0.2351,0.2351,13.5491,19.8107,40.2277,0.1336
3741,3974,75.76,32.94,121.23,150.99,0.5957,0.5957,6.3137,11.5791,15.0824,0.3863
3742,3990,145.6,3.5,180.92,120.58,0.4785,0.2392,8.7308,4.124,0.0,0.1593
3742,3964,251.77,44.72,340.54,209.33,0.6655,0.6655,4.0628,18.4582,0.0,0.5154
3742,3974,78.55,32.17,119.42,137.88,0.4282,0.4282,7.2296,11.5022,166.7188,0.1399
3743,3990,143.58,1.8,179.35,120.87,0.7256,0.3628,8.6991,4.2457,0.0,0.2415
3743,3974,79.04,31.77,123.2,147.54,0.6167,0.6167,6.5243,11.1867,14.7936,0.4004
3743,3932,271.76,44.17,341.16,208.53,0.4485,0.4485,4.118,19.5749,0.0,0.3431
3744,3990,142.32,0.99,178.16,121.44,0.6665,0.3332,8.6352,4.2957,0.0,0.2219
3744,3974,83.34,31.67,126.6,144.91,0.4302,0.4302,6.6885,10.6438,154.4212,0.1409
3744,3932,263.27,44.42,332.11,202.59,0.2358,0.2358,4.2553,18.2256,140.5214,0.0981
3745,3990,141.29,1.15,176.51,120.93,0.4961,0.248,8.695,4.4774,0.0,0.1651
3745,3974,84.46,31.36,122.43,129.02,0.3523,0.3523,7.9879,11.0551,167.973,0.1153
3746,3990,139.64,1.09,174.05,121.24,0.7251,0.3625,8.662,4.6491,0.0,0.2413
3746,3807,256.38,44.62,318.38,203.16,0.4775,0.4775,4.2064,17.0699,129.3709,0.2027
3747,3990,139.27,1.58,172.75,121.91,0.8076,0.4038,8.5872,4.6695,0.0,0.2688
3747,3974,92.01,31.61,127.36,122.19,0.5254,0.5254,8.6761,10.4475,164.6899,0.1722
3748,3990,138.86,2.1,171.17,121.47,0.8228,0.4114,8.6383,4.8166,0.0,0.2738
3748,4028,191.51,36.45,206.17,79.73,0.3647,0.3647,18.5549,9.5225,0.0,0.2415
3748,3974,93.21,31.15,138.65,148.59,0.54,0.54,6.4119,9.1396,15.1054,0.3515
3749,3990,138.87,1.75,170.43,121.35,0.5776,0.2888,8.6525,4.8667,0.0,0.1922
3749,4028,191.53,36.21,205.94,78.47,0.4341,0.4341,19.2036,9.6873,174.9179,0.1426
3749,3974,92.56,31.64,146.46,173.19,0.4893,0.4893,5.1251,9.5491,18.4434,0.3156
3750,3990,138.04,0.83,168.65,119.82,0.6353,0.3176,8.8322,5.1506,165.9776,0.1055
3750,3974,97.11,32.03,153.86,178.14,0.584,0.584,4.9121,9.152,27.2469,0.3721
3751,3990,137.79,1.28,167.84,120.27,0.6001,0.3,8.78,5.1644,0.0,0.1996
3751,3974,97.87,31.28,158.13,185.66,0.5566,0.5566,4.6289,9.4744,20.9488,0.3838
3751,4029,261.52,25.2,309.19,95.62,0.3877,0.3877,13.3991,16.1916,0.0,0.2533
3752,3990,137.7,2.06,167.37,120.63,0.6758,0.3379,8.7384,5.1611,0.0,0.2248
3752,3974,99.3,31.25,162.08,189.28,0.7769,0.7769,4.5006,9.5185,24.6072,0.5426
3752,4029,255.01,24.69,302.91,95.62,0.4456,0.4456,13.3476,15.4238,76.1765,0.1787
3752,3932,249.4,47.43,310.51,192.41,0.2991,0.2991,4.5131,15.5448,138.7981,0.1155
3752,4028,193.03,35.85,206.49,74.68,0.3567,0.3567,21.4562,10.2338,175.3181,0.117
3753,3990,136.43,2.13,166.08,120.58,0.6426,0.3213,8.7463,5.3057,0.0,0.2137
3753,3974,102.95,31.27,163.23,180.12,0.4387,0.4387,4.8229,8.4347,159.8211,0.155
3753,4029,252.83,24.56,300.77,95.84,0.3345,0.3345,13.2751,15.1522,0.0,0.2191
3753,4028,193.36,35.85,207.01,74.61,0.3684,0.3684,21.5037,10.2595,0.0,0.2436
3754,3990,136.53,1.92,166.2,120.89,0.667,0.3335,8.7102,5.2657,0.0,0.2219
3754,3974,104.56,31.49,162.78,175.01,0.4524,0.4524,5.0233,7.9491,161.124,0.1494
3754,4029,255.95,23.97,304.84,96.33,0.5117,0.5117,13.1801,15.5551,50.6809,0.2724
3755,3990,137.45,2.4,166.91,121.29,0.2437,0.1218,8.663,5.1398,0.0,0.0811
3755,3974,102.89,31.75,160.64,173.7,0.3657,0.3657,5.0806,8.075,0.0,0.2426
3755,4029,262.12,23.94,313.88,101.53,0.2056,0.2056,12.0564,16.2073,14.721,0.1321
3756,4029,264.46,23.84,318.07,105.71,0.2366,0.2366,11.2667,16.4212,11.2097,0.153
3757,3974,110.37,31.73,165.95,168.25,0.6309,0.6309,5.3074,6.9062,152.9115,0.2088
3758,4037,242.79,40.05,270.83,88.31,0.4226,0.4226,15.3243,13.3671,0.0,0.2779
3758,3974,111.64,31.32,167.25,168.84,0.4746,0.4746,5.2789,6.7928,0.0,0.3153
3759,3974,114.09,26.58,170.34,168.86,0.4377,0.4377,5.274,6.4631,0.0,0.2909
3759,4040,199.4,34.72,294.7,287.38,0.4131,0.2066,2.5525,21.6254,0.0,0.2003
3759,4041,136.5,0.49,160.18,32.47,0.396,0.198,10.0,90.0,0.0,0.0
3759,4029,250.58,24.47,331.47,153.47,0.4121,0.4121,6.2767,15.5937,15.1844,0.2649
3760,4029,246.82,24.7,328.77,160.07,0.3594,0.3594,5.8906,15.2681,17.2143,0.23
3761,4029,246.87,24.77,327.43,162.9,0.4932,0.4932,5.7408,15.2438,16.6702,0.3161
3761,3974,118.94,18.28,176.85,170.5,0.4446,0.4446,5.1943,5.9525,47.2625,0.248
3761,4040,198.49,29.29,290.85,274.52,0.4111,0.4111,2.7138,20.0436,147.1922,0.254
3762,4029,246.42,24.48,325.17,163.9,0.603,0.603,5.6852,15.0896,0.0,0.3951
3762,3974,123.21,22.57,177.45,171.03,0.5498,0.5498,5.1686,5.7405,0.0,0.3656
3763,-1,261.56,23.91,309.38,160.88,0.3469,0.3469,5.8385,14.9774,0.0,0.2273
3763,-1,129.73,2.95,168.47,168.75,0.304,0.152,5.2704,5.6629,0.0,0.1011
3763,-1,261.84,23.91,309.66,116.72,0.2524,0.2524,9.5197,15.2983,0.0,0.1653
3763,-1,131.2,3.22,152.44,32.27,0.2458,0.1229,10.0,90.0,0.0,0.0
3763,-1,223.88,36.14,257.06,80.93,0.2281,0.2281,18.1575,12.3442,0.0,0.1503
3763,-1,262.69,23.92,308.81,66.52,0.2261,0.2261,29.5441,18.1775,0.0,0.147
3763,-1,219.23,36.84,268.73,186.75,0.218,0.218,4.613,10.9087,0.0,0.1553
3764,4029,247.82,24.98,323.74,164.23,0.5776,0.5776,5.6687,15.0958,0.0,0.3784
3765,4029,249.38,24.84,322.03,162.72,0.4368,0.4368,5.7443,15.0493,0.0,0.2862
3766,4029,250.05,25.05,321.66,165.78,0.5176,0.5176,5.593,15.146,17.0109,0.3315
3766,4052,143.7,26.96,171.59,64.87,0.4226,0.4226,30.6944,11.6373,0.0,0.2788
3766,4053,210.72,35.89,260.76,181.86,0.4207,0.4207,4.7726,9.5794,0.0,0.2913
3767,4029,251.54,24.61,320.28,163.84,0.5469,0.5469,5.6887,15.1032,0.0,0.3583
3767,4052,146.24,26.91,173.99,64.49,0.4036,0.4036,31.2013,11.6004,159.6022,0.1318
3767,4053,210.88,35.0,259.66,177.3,0.562,0.562,4.9466,9.1805,160.8643,0.1889
3767,3990,124.84,2.67,154.96,128.17,0.3857,0.1928,7.9615,6.1628,24.3998,0.1225
3767,3974,140.83,26.35,192.54,169.27,0.4351,0.4351,5.2332,4.092,106.4813,0.1447
3768,4029,251.94,24.25,318.58,162.91,0.582,0.582,5.733,14.9952,0.0,0.3814
3768,4052,149.21,27.03,176.65,64.17,0.2338,0.2338,31.6399,11.5557,153.6634,0.0764
3768,4053,210.21,34.73,258.68,175.99,0.4609,0.4609,4.9975,8.9876,0.0,0.3055
3768,3990,123.9,1.96,153.61,129.09,0.7056,0.3528,7.8756,6.2686,0.0,0.2345
3768,3974,141.99,26.92,193.39,170.24,0.5889,0.5889,5.19,4.1521,0.0,0.3921
3768,4040,187.95,25.65,273.09,258.86,0.4233,0.4233,2.9222,17.4469,140.0548,0.2519
3769,4029,251.37,23.48,319.21,168.79,0.7319,0.7319,5.4486,15.1589,17.3697,0.4683
3769,4052,150.38,27.43,177.71,64.4,0.2878,0.2878,31.3129,11.4935,15.1285,0.1866
3769,3990,123.16,2.41,152.27,127.88,0.5195,0.2597,7.9944,6.4665,164.6732,0.086
3769,3974,143.89,27.51,193.91,167.18,0.3904,0.3904,5.3265,3.6831,161.0019,0.1299
3770,4029,252.32,22.89,317.17,164.67,0.8218,0.8218,5.643,14.971,162.9342,0.2646
3770,3990,121.7,3.1,150.51,126.93,0.4736,0.2368,8.0919,6.7276,158.4085,0.0784
3770,3974,145.2,26.56,196.99,169.62,0.5571,0.5571,5.2159,3.8864,23.5678,0.3555
3770,4053,207.56,34.79,256.4,176.9,0.5381,0.5381,4.9565,8.7591,0.0,0.3598
3771,4029,251.58,22.1,316.91,167.76,0.8496,0.8496,5.4927,14.9916,17.2624,0.544
3771,3990,121.54,2.56,150.47,128.1,0.3857,0.1928,7.9768,6.6827,12.1052,0.1267
3771,3974,146.47,27.47,199.11,170.89,0.5928,0.5928,5.1599,3.9887,0.0,0.3947
3771,4053,200.8,33.74,251.04,182.22,0.3831,0.3831,4.7429,8.5105,27.5423,0.2527
3772,4029,252.59,21.04,317.54,169.15,0.8013,0.8013,5.4312,15.1408,0.0,0.5249
3772,3990,121.06,1.76,150.29,128.67,0.7695,0.3847,7.9225,6.6998,0.0,0.2556
3772,3974,144.8,27.37,197.4,171.19,0.7808,0.7808,5.1474,4.0986,0.0,0.5199
3772,4053,202.16,34.17,250.46,177.58,0.5117,0.5117,4.9202,8.1535,160.914,0.1743
3773,4029,252.82,21.14,316.84,169.53,0.8076,0.8076,5.413,15.1221,0.0,0.5291
3773,3990,121.22,1.96,150.5,128.78,0.7656,0.3828,7.9115,6.67,0.0,0.2543
3773,3974,143.74,28.06,196.07,170.83,0.7441,0.7441,5.1634,4.1067,0.0,0.4954
3773,4053,200.29,34.38,249.97,183.12,0.5947,0.5947,4.7089,8.5078,20.1485,0.4052
3774,4029,254.73,20.96,317.31,168.88,0.7754,0.7754,5.4472,15.2566,0.0,0.5078
3774,3990,120.33,1.63,149.75,128.81,0.6602,0.3301,7.9105,6.7785,0.0,0.2193
3775,4029,256.21,20.58,315.99,164.23,0.7939,0.7939,5.67,15.1378,163.2902,0.2555
3775,3990,119.29,1.96,148.55,129.51,0.8037,0.4018,7.8467,6.8984,0.0,0.2669
3775,3974,145.17,28.23,198.37,172.56,0.6084,0.6084,5.0888,4.2574,0.0,0.405
3776,4029,256.18,20.58,314.56,162.31,0.8306,0.8306,5.764,14.9957,0.0,0.5443
3776,3990,118.63,2.65,147.31,129.3,0.8394,0.4197,7.8687,7.0355,0.0,0.2787
3776,3974,147.51,27.91,198.57,166.61,0.6636,0.6636,5.3514,3.3909,161.987,0.2208
3776,4053,190.56,35.53,238.95,181.48,0.4902,0.4902,4.7554,7.2955,109.352,0.1781
3777,4029,257.37,20.75,314.69,161.85,0.8286,0.8286,5.7902,15.0724,0.0,0.5429
3777,3990,117.78,2.77,146.66,131.76,0.668,0.334,7.644,7.0424,13.2031,0.2189
3778,4029,257.65,20.6,314.15,161.2,0.6919,0.6919,5.8235,15.041,0.0,0.4534
3778,3990,116.8,3.14,145.84,133.87,0.7114,0.3557,7.4614,7.0989,14.078,0.2327
3778,4040,151.05,24.75,236.67,257.47,0.6372,0.6372,2.9172,15.9771,91.6736,0.3812
3779,4029,258.15,20.53,313.91,160.95,0.8574,0.8574,5.837,15.0529,0.0,0.5618
3779,3990,114.45,3.55,144.06,135.44,0.6582,0.3291,7.3342,7.3446,21.6563,0.2108
3779,3974,157.38,24.85,209.68,162.13,0.5591,0.5591,5.5659,2.6487,142.2764,0.1862
3780,4029,258.61,20.29,313.54,160.2,0.8423,0.8423,5.8768,15.0433,0.0,0.5519
3780,3990,113.14,3.66,143.22,135.65,0.7886,0.3943,7.3195,7.4894,0.0,0.2617
3780,3974,159.79,24.46,211.04,156.09,0.5547,0.5547,5.8828,1.9004,163.1747,0.1848
3781,4029,258.85,20.28,313.14,159.91,0.8423,0.8423,5.8919,15.0269,0.0,0.5519
3781,3990,112.22,3.93,142.56,135.74,0.7808,0.3904,7.3141,7.5974,0.0,0.2591
3781,4053,172.67,25.66,222.19,177.42,0.3804,0.3804,4.8952,5.393,121.5294,0.1316
3781,4040,148.2,22.95,235.4,259.05,0.4475,0.4475,2.8922,16.1547,0.0,0.4182
3782,4029,258.51,19.89,312.47,159.89,0.8394,0.8394,5.891,14.9597,0.0,0.5501
3782,3990,109.14,4.31,140.38,135.71,0.8262,0.4131,7.3233,7.9643,0.0,0.2741
3782,4040,147.65,29.17,233.06,259.92,0.3293,0.3293,2.8786,16.2511,0.0,0.3083
3783,4029,258.52,20.23,312.08,159.98,0.8203,0.8203,5.8854,14.9363,0.0,0.5376
3783,3990,107.65,4.63,139.77,136.13,0.8101,0.4051,7.2916,8.102,0.0,0.2687
3784,4029,258.5,20.34,311.58,159.83,0.8159,0.8159,5.8924,14.8989,0.0,0.5348
3784,3990,105.62,5.25,138.69,136.32,0.8306,0.8306,7.2803,8.315,0.0,0.5508
3785,4029,258.16,19.42,311.54,160.33,0.8271,0.8271,5.8651,14.8838,0.0,0.5421
3785,3990,104.4,3.35,138.81,136.64,0.79,0.395,7.2558,8.3859,0.0,0.2619
3785,4040,136.58,20.2,222.51,261.31,0.2737,0.2737,2.8564,16.3739,0.0,0.257
3786,4029,257.9,19.56,311.11,160.42,0.8286,0.8286,5.859,14.84,0.0,0.5432
3786,3990,104.95,4.88,139.49,136.61,0.7778,0.3889,7.2566,8.3007,0.0,0.2579
3787,4029,258.5,19.51,311.35,160.37,0.7529,0.7529,5.8633,14.8946,0.0,0.4935
3787,3990,104.64,6.13,139.72,137.88,0.6582,0.6582,7.1553,8.2856,13.3946,0.4305
3788,4029,259.16,20.05,311.21,159.97,0.6841,0.6841,5.8855,14.9209,0.0,0.4484
3788,3990,105.55,6.91,140.6,136.81,0.4131,0.4131,7.2381,8.1779,0.0,0.274
3789,4029,258.17,20.04,309.6,160.01,0.7334,0.7334,5.8783,14.7494,0.0,0.4809
3789,3990,103.4,7.48,140.05,140.58,0.4971,0.4971,6.9495,8.3182,14.7423,0.3242
3789,3974,181.63,24.11,232.69,165.07,0.563,0.563,5.4364,4.9208,40.7612,0.3291
3790,4029,258.47,19.57,309.26,159.83,0.7305,0.7305,5.8878,14.743,0.0,0.479
3790,3990,100.76,7.84,138.58,143.07,0.7192,0.7192,6.7738,8.5937,18.4992,0.4644
3790,3974,184.2,23.78,231.78,162.78,0.4141,0.4141,5.5483,4.8256,162.0613,0.1375
3791,4029,258.19,19.45,308.23,159.58,0.7319,0.7319,5.8986,14.6511,0.0,0.48
3791,3990,98.97,7.69,137.76,144.64,0.8262,0.8262,6.6675,8.7761,18.8408,0.5328
3791,3974,187.84,23.95,234.25,161.97,0.6436,0.6436,5.592,5.1339,0.0,0.4282
3791,4067,191.75,24.5,216.23,48.83,0.4321,0.4321,99.7599,13.8108,0.0,0.2839
3792,4029,257.5,18.5,307.32,159.68,0.7925,0.7925,5.8902,14.5468,0.0,0.5199
3792,3990,97.33,7.48,136.9,146.13,0.8135,0.8135,6.5696,8.9558,19.1863,0.524
3792,3974,191.27,24.46,237.59,161.57,0.7407,0.7407,5.6163,5.5298,0.0,0.4927
3792,4067,192.95,24.93,216.84,48.67,0.2075,0.2075,102.0401,13.8622,174.4413,0.0672
3793,4029,257.84,18.15,307.51,159.99,0.7988,0.7988,5.8747,14.5884,0.0,0.5239
3793,3990,96.13,7.0,135.64,145.19,0.7378,0.7378,6.6365,9.1245,0.0,0.4888
3793,3974,191.57,24.6,238.0,161.41,0.7139,0.7139,5.6248,5.5646,0.0,0.4748
3794,4029,257.93,17.64,307.07,159.28,0.7559,0.7559,5.912,14.5507,0.0,0.4959
3794,3990,96.66,6.99,135.18,142.48,0.5352,0.5352,6.8263,9.1206,165.9965,0.1761
3794,3974,192.62,24.65,239.64,161.81,0.459,0.459,5.6065,5.7611,0.0,0.3052
3795,4029,256.7,17.18,305.03,157.24,0.7129,0.7129,6.0174,14.2947,159.2845,0.2303
3795,3990,94.96,6.88,133.62,144.02,0.7041,0.7041,6.7218,9.3459,20.9397,0.4508
3795,3974,193.13,25.14,240.36,161.59,0.7363,0.7363,5.6184,5.826,0.0,0.4896
3796,4029,255.8,16.73,303.22,154.61,0.834,0.834,6.1619,14.0712,162.2935,0.2697
3796,3990,94.26,6.56,131.78,140.88,0.7939,0.7939,6.9518,9.5334,165.4712,0.261
3796,3974,192.59,25.45,240.45,161.69,0.8062,0.8062,5.613,5.8034,0.0,0.5361
3796,4040,126.03,29.97,202.83,260.37,0.3486,0.3486,2.8733,16.3866,97.862,0.2103
3797,4029,256.27,17.13,302.14,151.48,0.6621,0.6621,6.3482,13.9919,164.8317,0.2142
3797,3990,91.98,6.71,129.62,144.7,0.6069,0.6069,6.6848,9.8334,16.7462,0.393
3797,3974,190.98,25.75,239.53,161.91,0.7188,0.7188,5.6003,5.6562,0.0,0.478
3797,4040,127.96,32.42,201.02,261.95,0.6216,0.6216,2.8495,16.5922,0.0,0.584
3798,4029,254.71,16.93,300.49,151.85,0.7627,0.7627,6.3192,13.7794,0.0,0.5011
3798,3990,91.32,6.77,128.42,145.45,0.647,0.647,6.6362,9.9645,0.0,0.4281
3798,3974,191.83,26.68,241.32,161.9,0.8638,0.8638,5.6026,5.8234,0.0,0.5744
3798,4040,130.83,31.31,200.76,261.31,0.4026,0.4026,2.8587,16.4869,0.0,0.3778
3799,4029,253.25,16.75,298.94,151.82,0.8262,0.8262,6.3152,13.5758,0.0,0.5431
3799,3990,90.32,6.78,126.76,145.81,0.686,0.686,6.6159,10.1506,0.0,0.4538
3799,3974,193.54,26.93,243.85,161.8,0.8394,0.8394,5.6106,6.0893,0.0,0.558
3799,4040,124.93,31.86,194.02,260.14,0.4746,0.4746,2.8788,16.4569,0.0,0.4441
3800,4029,253.91,16.31,298.5,149.22,0.7075,0.7075,6.4784,13.5669,165.2939,0.2293
3800,3990,88.55,6.79,124.09,145.93,0.5322,0.5322,6.6147,10.4593,0.0,0.3519
3800,3974,192.64,26.93,244.0,161.67,0.7886,0.7886,5.6166,6.0332,0.0,0.5243
3800,4040,122.73,29.46,191.8,259.7,0.259,0.259,2.8865,16.4534,0.0,0.2421
3801,4029,255.96,16.16,299.41,147.8,0.5962,0.5962,6.5766,13.7582,160.8783,0.193
3801,3990,87.55,6.76,122.47,146.88,0.5537,0.5537,6.5553,10.6452,0.0,0.366
3801,3974,191.68,26.65,244.2,161.9,0.8076,0.8076,5.6045,5.9981,0.0,0.5369
3801,4040,121.42,30.51,189.93,258.99,0.4746,0.4746,2.8982,16.4035,0.0,0.443
3802,4029,256.86,16.29,299.28,147.02,0.6216,0.6216,6.63,13.8066,0.0,0.4084
3802,3990,86.69,6.68,120.77,146.2,0.5747,0.5747,6.6048,10.8192,0.0,0.3797
3802,3974,190.73,25.51,243.67,161.61,0.7153,0.7153,5.618,5.8855,0.0,0.4756
3803,4029,256.76,16.35,298.38,146.4,0.606,0.606,6.6697,13.7366,0.0,0.3982
3803,3990,85.47,7.04,118.42,143.88,0.4766,0.4766,6.7703,11.0618,163.1043,0.1559
3803,3974,190.57,25.29,243.38,161.59,0.5059,0.5059,5.6187,5.8555,0.0,0.3364
3803,4040,115.56,33.34,184.05,258.3,0.6636,0.6636,2.9124,16.4941,0.0,0.618
3804,4029,256.65,16.28,297.77,146.57,0.5957,0.5957,6.6567,13.6885,0.0,0.3915
3804,3990,85.76,7.08,118.29,142.7,0.7271,0.7271,6.854,11.0522,0.0,0.4802
3804,3974,194.23,25.37,247.47,160.75,0.6807,0.6807,5.6672,6.3102,0.0,0.4524
3804,4040,116.85,33.9,183.49,256.87,0.2108,0.2108,2.9344,16.2992,0.0,0.1958
3805,4029,255.3,16.29,296.43,146.85,0.5601,0.5601,6.6324,13.5073,0.0,0.3682
3805,3990,85.12,7.56,117.5,143.28,0.6772,0.6772,6.8149,11.15,0.0,0.4472
3805,3974,197.11,25.5,249.7,159.87,0.7598,0.7598,5.7167,6.6027,0.0,0.5049
3806,4029,255.74,16.08,296.51,146.99,0.7349,0.7349,6.6241,13.5431,0.0,0.4831
3806,3990,83.36,7.65,116.66,144.15,0.8135,0.8135,6.758,11.329,0.0,0.537
3806,3974,198.78,25.01,251.54,160.48,0.7217,0.7217,5.6881,6.8657,0.0,0.4794
3807,4029,253.77,16.2,293.67,146.22,0.667,0.667,6.6663,13.2137,0.0,0.4388
3807,3990,80.08,7.74,113.76,145.4,0.7285,0.7285,6.6822,11.7563,0.0,0.4806
3807,3974,203.48,26.85,253.81,157.28,0.395,0.395,5.8639,7.1982,157.5899,0.1306
3807,4040,116.56,32.88,181.94,255.83,0.2622,0.2622,2.9514,16.198,0.0,0.2429
3808,4029,254.15,16.06,293.94,146.52,0.7163,0.7163,6.6473,13.2589,0.0,0.4712
3808,3990,77.09,8.22,111.16,144.39,0.7529,0.7529,6.7623,12.1387,0.0,0.4963
3808,3974,206.6,28.22,256.25,160.12,0.4407,0.4407,5.7183,7.6874,23.2509,0.2805
3809,4029,254.83,16.01,295.04,148.04,0.7139,0.7139,6.5499,13.387,0.0,0.4695
3809,3990,73.19,8.41,108.55,144.73,0.7925,0.7925,6.7508,12.5847,0.0,0.522
3809,3974,211.93,30.02,257.33,152.04,0.562,0.562,6.1753,7.8742,163.726,0.1856
3809,4040,115.57,29.42,181.29,257.67,0.3577,0.3577,2.9232,16.4613,0.0,0.3326
3810,4029,253.74,16.18,293.11,147.15,0.5669,0.5669,6.6027,13.1772,0.0,0.373
3810,3990,73.01,8.58,109.03,144.58,0.8145,0.8145,6.7607,12.564,0.0,0.5365
3810,4040,113.85,29.83,175.27,238.8,0.6377,0.6377,3.2476,14.2242,151.9789,0.3551
3811,4029,253.9,16.18,292.58,146.35,0.5342,0.5342,6.6556,13.1489,0.0,0.3515
3811,3990,70.22,9.1,107.51,144.98,0.8145,0.8145,6.7412,12.8588,0.0,0.5362
3811,4040,111.26,28.94,172.91,235.3,0.6069,0.6069,3.3164,13.9072,0.0,0.5349
3812,4029,255.41,15.99,294.51,147.47,0.647,0.647,6.5875,13.3873,0.0,0.4255
3812,3990,68.7,9.56,107.05,145.22,0.8169,0.8169,6.7284,12.9941,0.0,0.5376
3812,4040,109.21,27.98,174.72,249.35,0.4893,0.4893,3.0629,15.6706,29.0473,0.426
3812,3974,220.08,37.79,263.19,157.95,0.3513,0.3513,5.8555,8.994,25.2318,0.2216
3813,4029,254.77,15.95,292.56,144.51,0.5264,0.5264,6.7839,13.2029,164.3665,0.1708
3813,3990,67.9,9.99,107.06,145.4,0.791,0.791,6.7176,13.0483,0.0,0.5205
3813,4040,108.05,28.09,175.0,253.95,0.6704,0.6704,2.9875,16.2651,0.0,0.6179
3813,3974,222.11,29.77,267.39,160.14,0.5796,0.5796,5.7469,9.4886,28.6282,0.3601
3814,4029,254.01,15.61,291.61,144.56,0.543,0.543,6.777,13.0865,0.0,0.3573
3814,3990,67.35,10.54,107.22,146.02,0.8145,0.8145,6.676,13.0764,0.0,0.536
3814,4040,107.79,28.25,172.47,247.22,0.4514,0.4514,3.1008,15.4904,150.8684,0.2593
3814,3974,224.26,30.2,269.22,161.24,0.4092,0.4092,5.695,9.7954,0.0,0.2708
3815,4029,254.68,15.55,290.88,141.15,0.3923,0.3923,7.0235,13.0882,166.3646,0.1274
3815,3990,68.13,11.1,108.25,145.78,0.8135,0.8135,6.6888,12.9524,0.0,0.5354
3815,4040,106.95,28.52,171.33,247.76,0.3496,0.3496,3.0924,15.6053,0.0,0.3177
3815,3974,225.43,26.16,271.99,161.46,0.6611,0.6611,5.6888,10.0687,0.0,0.4373
3815,4070,109.76,28.63,168.45,153.17,0.5322,0.5322,6.0817,5.9924,0.0,0.3538
3816,4029,255.51,15.3,291.38,142.05,0.3877,0.3877,6.9595,13.1755,0.0,0.2551
3816,3990,63.93,11.68,106.69,150.99,0.7686,0.7686,6.3609,13.377,17.4443,0.4937
3816,4040,108.31,28.63,169.04,235.97,0.5029,0.5029,3.3068,14.173,152.791,0.2761
3816,3974,226.16,27.1,272.63,161.15,0.6333,0.6333,5.7065,10.1506,0.0,0.4189
3817,4029,253.13,15.0,291.47,153.02,0.4158,0.4158,6.2284,13.0767,15.2803,0.2687
3817,3990,63.9,11.34,107.86,151.82,0.7212,0.7212,6.3076,13.3086,0.0,0.4743
3817,3974,228.98,18.73,279.75,161.37,0.5908,0.5908,5.7087,10.8282,0.0,0.3904
3818,3990,59.89,11.19,103.11,151.19,0.5776,0.5776,6.3633,13.894,0.0,0.3794
3818,3974,230.32,16.07,282.78,160.9,0.6826,0.6826,5.7391,11.1085,0.0,0.4508
3818,4040,105.74,23.11,167.37,237.46,0.304,0.304,3.2805,14.4743,0.0,0.2691
3819,3990,60.84,11.21,105.77,153.6,0.8218,0.8218,6.2104,13.6785,17.9762,0.5267
3819,3974,230.18,14.89,283.91,160.96,0.7739,0.7739,5.7374,11.1771,0.0,0.511
3820,3990,60.3,10.94,106.05,153.3,0.8228,0.8228,6.2287,13.6921,0.0,0.5407
3820,3974,231.04,14.3,285.63,161.15,0.5361,0.5361,5.7314,11.3566,0.0,0.3539
3820,4040,104.38,25.23,164.76,237.98,0.4446,0.4446,3.2728,14.6518,0.0,0.394
3821,3990,58.84,10.83,105.94,155.09,0.8467,0.8467,6.1268,13.8231,17.2471,0.5436
3821,3974,231.04,14.22,286.11,160.75,0.8013,0.8013,5.7528,11.3773,0.0,0.529
3822,3990,56.51,10.78,104.34,155.65,0.8193,0.8193,6.1021,14.0956,0.0,0.538
3822,3974,232.48,13.97,288.02,161.31,0.8467,0.8467,5.7288,11.6192,0.0,0.5587
3822,4040,105.04,26.63,163.18,234.35,0.6538,0.6538,3.3432,14.2415,0.0,0.5736
3823,3990,54.57,11.1,102.17,153.62,0.771,0.771,6.2285,14.3424,160.214,0.249
3823,3974,233.73,13.64,289.02,160.41,0.6733,0.6733,5.7789,11.7455,0.0,0.4442
3823,4040,105.68,25.92,162.69,232.02,0.6187,0.6187,3.3893,13.9572,0.0,0.5393
3824,3990,51.95,11.03,99.78,153.56,0.6768,0.6768,6.2422,14.6771,0.0,0.4438
3824,3974,237.47,13.58,291.53,158.03,0.7471,0.7471,5.9157,12.1086,156.4337,0.2435
3824,4040,104.07,26.33,159.22,228.32,0.3433,0.3433,3.468,13.6827,0.0,0.2957
3825,3990,49.37,10.66,97.09,152.77,0.6104,0.6104,6.3006,15.0199,0.0,0.4
3825,3974,244.3,13.67,295.48,150.79,0.7949,0.7949,6.3553,12.7231,162.3693,0.2585
3825,4040,105.79,26.4,160.09,227.08,0.4485,0.4485,3.4925,13.4496,0.0,0.385
3826,3990,47.59,10.67,95.11,152.28,0.7407,0.7407,6.3384,15.2653,0.0,0.4851
3826,3974,247.14,13.75,298.06,151.06,0.79,0.79,6.3486,13.0943,0.0,0.5198
3826,4040,96.48,26.54,150.35,225.07,0.4243,0.4243,3.5483,13.9078,119.217,0.2194
3827,3990,45.87,10.51,93.06,152.26,0.8184,0.8184,6.3478,15.5158,0.0,0.5357
3827,4029,253.84,14.05,293.7,160.73,0.6792,0.6792,5.803,13.4182,16.7958,0.437
3828,3990,43.65,10.82,90.72,153.65,0.8228,0.8228,6.2738,15.8329,0.0,0.5381
3828,4029,255.31,13.88,295.7,161.21,0.8013,0.8013,5.7841,13.6613,0.0,0.5266
3828,4040,89.85,26.69,146.92,226.76,0.8315,0.8315,3.5196,14.4895,0.0,0.7096
3829,3990,41.42,10.85,87.91,154.16,0.6523,0.6523,6.2547,16.1717,0.0,0.4263
3829,4029,256.81,13.92,295.21,150.75,0.4756,0.4756,6.3809,13.5534,165.0805,0.1541
3829,4040,87.6,26.88,147.27,228.88,0.771,0.771,3.4764,14.7943,0.0,0.6621
3830,3990,39.42,10.85,85.35,155.36,0.7305,0.7305,6.1945,16.4863,0.0,0.477
3830,4029,255.02,13.65,292.42,148.11,0.3667,0.3667,6.5405,13.2224,160.2559,0.119
3830,4040,88.44,27.51,149.44,229.08,0.6943,0.6943,3.4698,14.6972,0.0,0.5969
3830,3974,254.02,14.21,307.13,159.71,0.5537,0.5537,5.8816,14.3033,22.477,0.3494
3831,3990,37.49,10.76,84.0,160.43,0.7202,0.7202,5.9196,16.7787,17.1572,0.4592
3831,4029,253.67,13.83,289.67,145.48,0.5078,0.5078,6.7088,12.9326,161.5622,0.165
3831,4040,87.43,28.24,149.22,228.23,0.7319,0.7319,3.4886,14.6533,0.0,0.6275
3831,3974,260.33,21.55,310.35,160.35,0.6953,0.6953,5.8659,14.9491,0.0,0.4557
3832,3990,36.92,10.91,82.2,159.22,0.7227,0.7227,5.99,16.9123,0.0,0.4714
3832,4029,254.82,14.14,288.71,140.05,0.5137,0.5137,7.1026,12.9555,166.529,0.1669
3832,4040,86.77,28.9,149.63,228.19,0.6895,0.6895,3.4896,14.6589,0.0,0.591
3832,3974,263.69,23.76,312.83,160.18,0.709,0.709,5.8866,15.3317,0.0,0.4643
3833,3990,36.86,10.87,82.2,161.29,0.7627,0.7627,5.8794,16.9526,16.1873,0.4873
3833,4029,254.52,14.58,288.35,142.06,0.5527,0.5527,6.9506,12.9018,13.8122,0.3585
3833,4040,84.58,28.69,148.93,227.71,0.8125,0.8125,3.502,14.7231,0.0,0.6951
3833,3974,266.63,25.55,315.71,159.64,0.8306,0.8306,5.9273,15.7051,0.0,0.5434
3834,3990,36.54,11.22,81.41,161.77,0.8306,0.8306,5.8567,17.0337,0.0,0.5416
3834,4029,255.36,14.55,289.16,143.38,0.585,0.585,6.8583,13.0117,0.0,0.385
3834,4040,77.26,26.3,140.93,226.05,0.3923,0.3923,3.5505,15.1954,0.0,0.3328
3834,3974,268.3,25.63,317.89,159.33,0.7974,0.7974,5.9521,15.9527,0.0,0.5214
3835,3990,36.23,11.36,80.58,160.91,0.8228,0.8228,5.9044,17.0917,0.0,0.5364
3835,4029,255.28,14.26,288.95,143.62,0.6758,0.6758,6.8406,12.9918,0.0,0.4448
3835,4040,80.8,26.7,145.66,226.26,0.8394,0.8394,3.5387,14.8615,0.0,0.7138
3835,3974,268.49,26.67,318.65,160.05,0.8262,0.8262,5.9154,16.0282,0.0,0.5401
3836,3990,35.69,11.59,79.83,160.92,0.7769,0.7769,5.9068,17.1756,0.0,0.5064
3836,4029,254.8,14.24,288.21,143.65,0.7612,0.7612,6.836,12.9086,0.0,0.5011
3836,4040,81.74,26.5,147.81,226.36,0.8779,0.8779,3.534,14.7424,0.0,0.7472
3836,3974,268.57,27.03,318.56,158.26,0.8359,0.8359,6.0125,15.9962,0.0,0.5465
3837,3990,35.18,11.95,79.16,161.18,0.8525,0.8525,5.8957,17.2568,0.0,0.5555
3837,4029,254.87,13.95,288.25,143.88,0.7627,0.7627,6.8199,12.916,0.0,0.502
3837,4040,79.13,26.16,146.85,226.68,0.8145,0.8145,3.5301,14.9255,0.0,0.6935
3837,3974,267.73,26.64,318.45,158.51,0.8101,0.8101,5.9968,15.9378,0.0,0.5297
3838,3990,33.15,12.27,76.66,161.72,0.8052,0.8052,5.8775,17.5597,0.0,0.5243
3838,4029,256.35,14.09,289.25,143.89,0.5991,0.5991,6.8241,13.085,0.0,0.3942
3838,4040,76.22,26.05,145.23,226.07,0.8604,0.8604,3.5472,15.0559,0.0,0.7304
3838,3974,268.59,26.68,319.53,158.32,0.7988,0.7988,6.0114,16.0623,0.0,0.5221
3839,3990,31.15,12.3,73.94,161.62,0.646,0.646,5.8936,17.8623,0.0,0.4203
3839,4029,255.97,13.94,288.52,142.28,0.686,0.686,6.9378,13.0115,165.2102,0.2228
3839,4040,73.41,26.76,142.9,225.85,0.8286,0.8286,3.5565,15.2578,0.0,0.7021
3839,3974,269.96,26.98,320.16,155.45,0.8423,0.8423,6.1778,16.1514,164.1414,0.2697
3840,3990,30.72,12.67,72.54,161.2,0.6626,0.6626,5.92,17.9727,0.0,0.431
3840,4029,255.59,13.64,288.12,141.65,0.6318,0.6318,6.9826,12.9603,0.0,0.4158
3840,4040,71.45,26.85,140.93,222.79,0.8052,0.8052,3.6275,15.1312,0.0,0.6748
3840,3974,272.25,26.39,322.62,154.65,0.7456,0.7456,6.2352,16.4539,0.0,0.4869
3841,3990,30.54,12.53,71.63,161.29,0.3389,0.3389,5.9178,18.0444,0.0,0.2204
3841,4029,255.51,14.07,288.28,142.65,0.6807,0.6807,6.9094,12.963,0.0,0.448
3841,4040,69.67,27.08,138.56,217.34,0.8037,0.8037,3.7574,14.806,154.602,0.3922
3841,3974,275.81,25.9,325.47,152.59,0.8423,0.8423,6.3736,16.8528,156.7537,0.2687
3842,3990,30.17,12.38,70.71,161.32,0.4036,0.4036,5.9192,18.1278,0.0,0.2624
3842,4029,255.92,13.98,288.84,142.94,0.7544,0.7544,6.8904,13.0286,0.0,0.4965
3842,4040,66.76,27.18,137.38,220.05,0.582,0.582,3.698,15.2551,0.0,0.4822
3842,3974,281.23,25.21,330.3,152.86,0.7407,0.7407,6.3818,17.5249,0.0,0.4823
3843,3990,29.59,12.22,69.79,161.32,0.4358,0.4358,5.9227,18.2241,0.0,0.2832
3843,4029,255.89,13.87,289.05,144.1,0.6958,0.6958,6.808,13.04,0.0,0.4579
3843,4040,64.69,27.21,135.79,220.78,0.8062,0.8062,3.6849,15.4982,0.0,0.6691
3843,3974,284.5,24.58,332.93,152.98,0.6011,0.6011,6.3891,17.9092,0.0,0.391
3844,3990,29.39,12.16,69.05,161.3,0.4543,0.4543,5.926,18.2841,0.0,0.2952
3844,4029,256.64,13.81,289.85,143.52,0.6782,0.6782,6.8522,13.1457,0.0,0.4462
3844,4040,61.03,27.14,133.97,227.23,0.5283,0.5283,3.5477,16.3579,28.1808,0.4265
3844,3974,286.15,24.33,333.7,151.56,0.8125,0.8125,6.4831,18.0542,0.0,0.5283
3845,3990,29.27,12.04,68.62,161.75,0.4226,0.4226,5.9036,18.3271,0.0,0.2746
3845,4029,257.16,13.97,290.67,143.58,0.6558,0.6558,6.8507,13.2368,0.0,0.4314
3845,4040,58.34,26.84,132.49,232.86,0.5962,0.5962,3.435,17.0808,28.4376,0.4891
3845,3974,287.25,24.05,334.82,152.62,0.8369,0.8369,6.4229,18.2063,0.0,0.544
3846,4029,257.75,13.94,290.39,141.38,0.5225,0.5225,7.0117,13.2627,166.3709,0.1695
3846,4040,59.01,27.09,120.15,198.58,0.46,0.46,4.2928,14.8171,158.2851,0.1916
3846,3974,290.57,23.95,337.02,150.99,0.4446,0.4446,6.5392,18.55,156.5497,0.1405
3847,4029,256.7,13.88,289.49,142.01,0.6558,0.6558,6.961,13.128,0.0,0.4315
3847,4040,57.52,27.01,122.84,213.56,0.3857,0.3857,3.8805,15.8832,23.6619,0.299
3847,3974,292.41,24.0,338.58,152.17,0.6909,0.6909,6.4739,18.7771,0.0,0.4483
3847,3990,31.74,12.72,64.33,135.43,0.4065,0.4065,7.6808,18.3259,167.5064,0.1286
3848,4029,256.68,14.0,289.33,141.74,0.6074,0.6074,6.9806,13.1166,0.0,0.3997
3848,4040,57.64,27.25,114.81,192.9,0.4045,0.4045,4.4792,14.8362,159.0701,0.1584
3848,3974,292.61,24.09,338.4,152.43,0.8169,0.8169,6.4578,18.7805,0.0,0.5301
3848,3990,32.41,13.04,63.64,129.57,0.6992,0.6992,8.22,18.393,168.2805,0.2212
3849,4029,256.73,14.04,289.4,142.12,0.6074,0.6074,6.9528,13.1236,0.0,0.3996
3849,4040,54.1,26.97,105.32,172.83,0.5322,0.5322,5.2505,14.6473,161.563,0.1716
3849,3974,294.36,24.06,339.47,152.91,0.79,0.79,6.4356,18.9652,0.0,0.5124
3849,3990,32.57,12.98,63.81,128.61,0.5264,0.5264,8.3142,18.3857,0.0,0.342
3850,4029,256.44,13.9,289.18,141.99,0.7778,0.7778,6.9613,13.0893,0.0,0.5118
3850,4040,52.82,27.07,101.5,163.4,0.4514,0.4514,5.6991,14.6879,163.1005,0.1455
3850,3974,294.71,23.95,339.3,153.29,0.8477,0.8477,6.4128,18.9799,0.0,0.5498
3850,3990,32.43,12.86,63.71,127.74,0.6538,0.6538,8.4031,18.4145,0.0,0.4247
3851,4029,256.2,13.98,289.04,142.32,0.7393,0.7393,6.9364,13.0625,0.0,0.4865
3851,4040,52.03,27.31,100.3,160.51,0.4514,0.4514,5.8516,14.7531,163.2861,0.1455
3851,3974,295.39,24.01,339.3,153.44,0.7559,0.7559,6.4054,19.0248,0.0,0.4902
3851,3990,31.61,12.29,63.44,128.45,0.4016,0.4016,8.3346,18.4734,0.0,0.2608
3852,4029,255.94,13.9,288.97,142.87,0.7822,0.7822,6.8957,13.0389,0.0,0.5147
3852,4040,51.85,27.49,106.01,180.33,0.4746,0.4746,4.9464,15.0562,19.0104,0.3057
3852,3974,295.38,24.12,338.7,153.4,0.8101,0.8101,6.4062,18.9854,0.0,0.5254
3852,3990,30.59,12.55,64.15,134.85,0.4688,0.4688,7.7352,18.4167,12.4595,0.3008
3853,4029,255.93,13.91,289.05,143.23,0.79,0.79,6.87,13.0432,0.0,0.5199
3853,4040,52.88,27.46,111.46,195.36,0.4678,0.4678,4.4122,15.4691,21.27,0.3323
3853,3974,295.14,24.26,337.86,153.12,0.8403,0.8403,6.4205,18.9138,0.0,0.5451
3853,3990,28.35,14.49,66.11,153.61,0.5679,0.5679,6.3713,18.4389,14.9955,0.3624
3854,4029,255.91,13.87,289.09,143.22,0.8086,0.8086,6.8707,13.0445,0.0,0.5321
3854,4040,52.0,27.35,113.94,207.66,0.2886,0.2886,4.052,16.2071,22.7601,0.2176
3854,3974,295.56,24.12,337.67,153.1,0.8369,0.8369,6.4223,18.9283,0.0,0.5428
3854,3990,28.86,13.33,64.18,142.15,0.4456,0.4456,7.1485,18.4874,166.6196,0.1409
3855,4029,256.2,13.99,289.19,142.99,0.668,0.668,6.888,13.0714,0.0,0.4396
3855,4040,51.96,27.76,115.02,213.61,0.5488,0.5488,3.8959,16.5961,23.5792,0.4238
3855,3974,294.93,24.28,336.46,153.47,0.7964,0.7964,6.3949,18.8136,0.0,0.5168
3855,3990,26.62,12.74,65.39,155.52,0.5962,0.5962,6.2638,18.6159,15.2867,0.38
3856,4029,255.97,14.0,289.01,143.23,0.7202,0.7202,6.87,13.0432,0.0,0.4739
3856,4040,53.04,28.19,104.23,179.33,0.4785,0.4785,4.9863,15.0488,161.1288,0.1549
3856,3974,294.37,24.29,335.14,153.43,0.6816,0.6816,6.3925,18.6926,0.0,0.4424
3856,3990,25.97,12.35,65.47,158.42,0.6299,0.6299,6.0995,18.6884,15.8043,0.4009
3857,4029,256.0,14.13,289.02,143.46,0.6895,0.6895,6.8536,13.0457,0.0,0.4537
3857,3974,294.13,23.95,334.24,153.51,0.7568,0.7568,6.3846,18.6201,0.0,0.4913
3857,3990,25.16,12.19,64.85,159.97,0.543,0.543,6.0177,18.8022,0.0,0.3523
3858,4029,256.3,14.33,289.1,143.03,0.7129,0.7129,6.8852,13.072,0.0,0.4691
3858,3974,293.0,22.5,332.67,152.89,0.7515,0.7515,6.4155,18.4409,0.0,0.4881
3858,4040,46.79,27.61,108.51,210.59,0.3567,0.3567,3.9888,17.0052,23.1829,0.2711
3859,4029,256.07,14.54,288.91,143.66,0.7939,0.7939,6.8392,13.0428,0.0,0.5224
3859,3974,292.56,21.97,330.94,149.6,0.7822,0.7822,6.6178,18.2776,164.5117,0.2476
3859,4040,45.5,27.58,109.19,217.85,0.2407,0.2407,3.808,17.5748,24.1848,0.1879
3859,3990,25.63,13.18,58.84,136.41,0.5469,0.5469,7.6323,19.0639,167.4385,0.1723
3860,4029,256.15,14.38,288.87,143.3,0.7583,0.7583,6.865,13.0458,0.0,0.499
3860,3974,290.68,21.32,328.61,148.07,0.771,0.771,6.7077,17.9976,0.0,0.5014
3860,4040,46.39,27.42,111.09,219.6,0.6377,0.6377,3.7628,17.5629,0.0,0.5204
3860,3990,23.45,13.29,55.11,133.19,0.3389,0.3389,7.9342,19.468,165.1186,0.1065
3861,4029,256.14,14.23,288.89,143.34,0.7393,0.7393,6.8622,13.0465,0.0,0.4865
3861,3974,292.4,20.42,327.94,140.32,0.7744,0.7744,7.2697,18.0642,166.8366,0.2454
3861,4040,46.07,27.19,111.13,219.77,0.4331,0.4331,3.7592,17.5908,0.0,0.3536
3861,3990,25.53,13.0,49.31,101.24,0.5928,0.5928,12.4228,20.4467,172.2044,0.1852
3862,4029,256.62,14.4,289.17,142.66,0.687,0.687,6.9127,13.0992,0.0,0.452
3862,3974,292.55,20.29,326.67,136.66,0.6772,0.6772,7.5622,18.0117,167.0191,0.2147
3862,4040,45.56,26.11,111.14,220.35,0.3513,0.3513,3.7463,17.6622,0.0,0.2874
3862,3990,26.16,12.78,47.11,89.27,0.4707,0.4707,15.6548,21.0244,173.8009,0.1465
3863,4029,257.48,14.26,289.71,141.75,0.6235,0.6235,6.9823,13.1968,0.0,0.4102
3863,3974,292.15,20.54,325.91,136.53,0.7041,0.7041,7.5697,17.9375,0.0,0.458
3863,3990,26.17,12.96,46.74,87.08,0.3218,0.3218,16.4307,21.1446,174.0928,0.1
3864,4029,257.16,14.37,289.44,141.93,0.5859,0.5859,6.9678,13.1561,0.0,0.3855
3864,3974,290.69,19.75,324.32,136.58,0.4111,0.4111,7.5567,17.7392,0.0,0.2676
3864,3990,26.28,13.01,46.59,85.09,0.3557,0.3557,17.2016,21.2398,174.3401,0.1105
3865,4029,256.68,14.48,289.13,142.33,0.6636,0.6636,6.9368,13.1013,0.0,0.4366
3865,3974,290.18,19.93,323.35,136.18,0.5332,0.5332,7.5861,17.6461,0.0,0.3471
3865,4040,38.16,27.18,104.5,219.48,0.3057,0.3057,3.7857,18.3348,0.0,0.2481
3866,4029,256.67,15.0,289.02,142.34,0.6309,0.6309,6.9358,13.0931,0.0,0.4151
3866,3974,288.91,19.29,321.84,134.82,0.4971,0.4971,7.6948,17.4771,161.5727,0.1581
3866,4040,28.32,28.19,93.62,218.46,0.3174,0.3174,3.8403,19.3744,117.258,0.1489
3867,4029,256.4,15.2,288.87,142.44,0.6167,0.6167,6.9277,13.0643,0.0,0.4058
3867,3974,287.72,18.8,320.89,135.48,0.585,0.585,7.6317,17.3315,0.0,0.3811
3867,4040,33.11,28.81,100.33,218.77,0.7583,0.7583,3.8157,18.7758,0.0,0.6118
3868,4029,256.31,15.46,288.81,142.57,0.7227,0.7227,6.9179,13.0538,0.0,0.4756
3868,3974,286.79,18.63,319.95,135.96,0.6909,0.6909,7.5855,17.2053,0.0,0.4503
3868,4040,35.08,29.93,103.69,218.78,0.7349,0.7349,3.8078,18.491,0.0,0.5941
3868,4102,190.16,36.41,207.19,81.31,0.332,0.332,17.799,9.3044,0.0,0.2199
3869,4029,256.48,15.97,288.76,141.65,0.4902,0.4902,6.9857,13.0645,0.0,0.3226
3869,3974,286.17,18.57,319.17,136.17,0.6895,0.6895,7.5638,17.112,0.0,0.4495
3869,4040,34.76,30.4,103.91,218.01,0.7974,0.7974,3.8264,18.4409,0.0,0.6427
3869,4102,190.5,36.53,207.33,80.96,0.4922,0.4922,17.9617,9.3608,173.4719,0.1619
3870,4029,257.14,15.92,289.1,140.51,0.396,0.396,7.0731,13.1374,0.0,0.2605
3870,3974,285.16,18.68,318.21,137.77,0.2869,0.2869,7.4256,16.9709,14.3258,0.1841
3870,4040,30.3,19.43,104.28,217.9,0.4912,0.4912,3.8349,18.653,0.0,0.3952
3871,4029,256.84,15.81,289.01,140.83,0.4072,0.4072,7.0482,13.1093,0.0,0.2679
3871,3974,285.23,18.89,317.81,137.1,0.2903,0.2903,7.4797,16.954,0.0,0.1893
3871,4040,29.14,17.66,103.23,213.93,0.5898,0.5898,3.9362,18.4989,156.2695,0.2701
3872,4029,256.91,15.69,288.99,139.8,0.395,0.395,7.1266,13.1183,0.0,0.2599
3873,4029,256.45,15.27,289.28,142.03,0.7793,0.7793,6.9586,13.0966,13.7314,0.5054
3873,3974,283.64,19.62,315.21,136.94,0.7217,0.7217,7.4816,16.6802,0.0,0.471
3874,4029,256.35,15.15,289.31,142.87,0.5776,0.5776,6.8973,13.09,0.0,0.3801
3874,3974,283.24,19.53,314.15,136.78,0.7007,0.7007,7.4909,16.5855,0.0,0.4574
3875,4029,255.77,14.83,288.75,142.54,0.6069,0.6069,6.9189,13.013,0.0,0.3994
3875,3974,283.08,19.2,313.46,137.1,0.5815,0.5815,7.4621,16.5271,0.0,0.3797
3875,4102,190.42,35.16,207.85,81.54,0.3049,0.3049,17.695,9.2922,5.8998,0.2014
3875,4040,22.5,13.44,95.63,209.16,0.3372,0.3372,4.0826,18.9867,147.5524,0.1475
3876,4029,260.82,16.08,295.33,143.43,0.7178,0.7178,6.8786,13.8012,68.8893,0.3185
3876,4114,25.88,12.91,65.24,63.3,0.5869,0.5869,34.6468,21.4414,0.0,0.3777
3876,4102,190.87,35.68,207.81,80.7,0.2407,0.2407,18.0849,9.4128,174.4851,0.0792
3876,4040,20.7,23.83,92.62,212.88,0.6196,0.6196,3.9927,19.4853,0.0,0.4845
3877,4029,262.49,16.09,298.62,143.58,0.7939,0.7939,6.8785,14.1363,0.0,0.5213
3877,4114,24.85,12.69,65.45,64.68,0.2798,0.2798,32.5604,21.3976,3.1859,0.18
3877,4102,191.26,35.63,208.32,80.65,0.259,0.259,18.1096,9.438,0.0,0.1715
3877,4040,18.96,16.77,92.87,212.45,0.3557,0.3557,4.0062,19.5418,0.0,0.2774
3878,4029,261.77,15.64,299.3,143.91,0.811,0.811,6.8549,14.1335,0.0,0.5325
3878,4114,33.45,12.83,64.63,52.71,0.5195,0.5195,67.8912,21.7933,178.4571,0.1608
3878,4040,18.32,23.73,90.93,212.85,0.625,0.625,4.0001,19.7102,0.0,0.4878
3879,4029,260.9,15.59,299.55,143.89,0.75,0.75,6.855,14.0916,0.0,0.4925
3879,4114,28.0,12.64,66.82,62.15,0.5737,0.5737,36.5594,21.3192,2.7422,0.3692
3879,4040,16.32,27.21,92.39,224.31,0.2861,0.2861,3.7241,20.4801,24.6555,0.2247
3880,4029,260.38,15.64,299.96,143.73,0.7627,0.7627,6.8661,14.0843,0.0,0.5008
3880,4114,27.15,12.63,67.68,64.13,0.2114,0.2114,33.3102,21.1902,2.93,0.1361
3880,4040,15.53,19.92,92.11,217.54,0.4971,0.4971,3.885,20.0922,156.3666,0.2295
3881,4029,258.08,15.79,298.09,143.95,0.8076,0.8076,6.8416,13.8024,0.0,0.5306
3881,4040,16.18,24.93,92.91,221.06,0.7051,0.7051,3.7985,20.2421,0.0,0.5685
3882,4029,257.09,15.8,297.48,144.21,0.7832,0.7832,6.8198,13.6941,0.0,0.5147
3883,4029,256.46,15.76,296.93,143.93,0.7007,0.7007,6.8372,13.6141,0.0,0.4606
3883,4114,35.8,13.09,75.67,64.74,0.5469,0.5469,32.2312,20.2621,30.0011,0.3289
3883,4040,10.46,27.32,91.3,236.45,0.5459,0.5459,3.4768,21.6901,27.2288,0.4418
3884,4029,255.41,15.58,295.85,144.01,0.7188,0.7188,6.8271,13.4696,0.0,0.4726
3884,4114,38.34,13.14,77.23,64.48,0.6206,0.6206,32.5565,20.062,155.0609,0.1943
3884,4040,10.98,26.14,92.76,239.61,0.3694,0.3694,3.4118,21.822,0.0,0.3157
3885,4029,255.6,15.88,295.97,144.03,0.6909,0.6909,6.8263,13.4907,0.0,0.4542
3885,4114,40.77,13.37,77.41,62.66,0.3774,0.3774,35.3747,20.0513,176.5086,0.1182
3886,4029,256.15,15.44,296.1,142.09,0.5981,0.5981,6.9677,13.5394,166.2101,0.1938
3886,4114,42.65,13.16,79.9,64.21,0.2358,0.2358,32.8733,19.7115,4.8095,0.1523
3886,3974,265.99,15.24,294.28,121.45,0.5889,0.5889,8.8995,14.4175,162.9501,0.1901
3886,4102,190.72,34.33,208.19,80.7,0.4824,0.4824,18.0851,9.4175,0.0,0.3194
3887,4029,254.59,15.2,294.75,143.4,0.6899,0.6899,6.8666,13.3395,18.9467,0.4413
3887,4102,190.45,35.39,207.63,81.19,0.3638,0.3638,17.855,9.3351,7.0926,0.24
3887,4040,12.94,29.85,86.47,223.09,0.5449,0.5449,3.7667,20.8948,155.6919,0.2593
3888,4029,254.62,14.92,294.94,143.9,0.7129,0.7129,6.8314,13.3542,0.0,0.4688
3888,4040,14.5,30.22,85.94,218.88,0.3943,0.3943,3.8643,20.57,0.0,0.3142
3889,4029,253.79,14.89,293.83,144.36,0.7529,0.7529,6.795,13.2225,0.0,0.4953
3889,4040,18.13,30.93,82.42,198.41,0.3477,0.3477,4.4222,19.4092,158.9027,0.1361
3889,4114,47.72,13.12,84.34,64.39,0.395,0.395,32.5096,19.198,44.4928,0.2183
3890,4029,254.0,15.04,293.44,143.98,0.5991,0.5991,6.8215,13.2101,0.0,0.3941
3890,4040,17.2,30.3,91.9,226.41,0.6069,0.6069,3.6765,20.6032,24.8601,0.48
3891,4029,253.42,15.31,292.49,144.01,0.5498,0.5498,6.8163,13.1061,0.0,0.3618
3891,4040,16.99,30.6,92.88,232.4,0.396,0.396,3.547,20.9864,25.6118,0.319
3892,4029,253.74,15.32,292.54,144.3,0.4514,0.4514,6.7966,13.1313,0.0,0.297
3892,4040,24.13,30.58,82.76,181.26,0.4282,0.4282,5.003,18.2849,161.2094,0.1355
3893,4029,250.04,15.65,286.37,129.93,0.6387,0.6387,7.949,12.6103,167.0424,0.2078
3893,4040,26.68,29.93,77.61,157.69,0.3074,0.3074,6.109,17.8517,164.4442,0.0975
3894,4029,252.19,15.24,290.94,138.84,0.3831,0.3831,7.1954,12.9365,14.4401,0.2481
3894,4040,20.04,28.95,94.27,218.36,0.7163,0.7163,3.8545,19.7816,23.7995,0.5525
3894,4102,190.45,36.24,206.97,80.22,0.2561,0.2561,18.3137,9.4518,174.372,0.0842
3895,4029,253.53,15.38,292.9,141.67,0.3943,0.3943,6.9866,13.1454,16.1618,0.2542
3895,4040,19.78,29.76,95.41,225.74,0.4707,0.4707,3.6821,20.2366,24.7878,0.3724
3895,4102,190.36,36.29,206.83,80.79,0.2744,0.2744,18.0408,9.3709,5.4811,0.1813
3895,4114,54.08,12.28,94.42,71.69,0.5469,0.5469,24.3957,17.7896,5.6951,0.355
3896,4040,22.64,29.57,91.08,207.56,0.5098,0.5098,4.1332,19.141,157.6263,0.2195
3896,4102,191.15,36.31,207.84,80.55,0.2037,0.2037,18.1565,9.4392,160.1811,0.067
3896,4137,239.9,16.83,274.11,128.94,0.3896,0.3896,7.9974,11.1183,0.0,0.2573
3896,4114,56.93,12.09,93.13,67.38,0.498,0.498,28.5312,18.0301,176.4914,0.1578
3897,4040,21.0,29.84,96.11,229.09,0.6714,0.6714,3.6061,20.3753,25.2405,0.537
3897,4102,190.32,36.36,207.1,80.84,0.2451,0.2451,18.0175,9.3687,15.1692,0.1595
3897,4137,239.87,16.6,272.12,122.25,0.626,0.626,8.692,11.1987,168.7262,0.2047
3897,4114,58.95,12.11,92.84,65.5,0.5059,0.5059,30.7926,18.0853,176.4381,0.1603
3898,4040,22.88,30.11,98.48,233.51,0.6533,0.6533,3.5074,20.4855,0.0,0.5518
3898,4137,239.47,16.46,270.9,119.82,0.4619,0.4619,8.9719,11.1892,168.5428,0.151
3898,4114,60.45,12.0,92.39,63.85,0.5908,0.5908,33.097,18.161,176.8561,0.1871
3899,4040,32.36,30.19,93.4,187.49,0.4197,0.4197,4.7368,17.3756,160.1242,0.1482
3899,4137,240.14,16.8,271.31,119.8,0.2903,0.2903,8.9766,11.2611,0.0,0.1917
3899,4114,61.91,12.05,93.09,64.04,0.5098,0.5098,32.7925,18.0353,15.3037,0.3255
3900,4040,26.91,30.5,100.75,223.79,0.5786,0.5786,3.7074,19.4422,24.6617,0.4569
3901,4040,27.68,30.45,98.33,217.44,0.6318,0.6318,3.8588,19.0845,156.1987,0.2952
3901,4029,253.83,16.04,293.14,144.26,0.5898,0.5898,6.8008,13.1782,14.2081,0.382
3901,4137,235.57,15.95,266.56,119.97,0.4707,0.4707,8.937,10.6414,69.6042,0.2089
3901,4114,64.01,12.27,94.93,65.28,0.3081,0.3081,31.0179,17.7343,5.5928,0.2
3902,4040,25.33,30.3,100.89,234.41,0.3381,0.3381,3.4823,20.3106,26.079,0.2753
3902,4029,254.36,16.07,293.05,144.16,0.4648,0.4648,6.8087,13.2081,0.0,0.3058
3902,4114,65.53,12.74,95.01,64.61,0.3804,0.3804,31.9187,17.7066,175.0959,0.1208
3903,4040,28.01,30.25,103.56,235.68,0.7847,0.7847,3.4495,20.1444,0.0,0.6694
3903,4029,254.77,16.12,292.97,144.08,0.4436,0.4436,6.815,13.2305,0.0,0.2918
3903,4114,66.75,13.17,95.62,65.13,0.3452,0.3452,31.1879,17.5712,5.9935,0.2241
3903,4137,235.19,15.85,265.83,120.13,0.6724,0.6724,8.9157,10.5614,0.0,0.4445
3904,4040,28.45,28.21,105.68,240.49,0.7686,0.7686,3.3526,20.4074,0.0,0.6651
3904,4029,254.98,16.09,292.7,143.81,0.7671,0.7671,6.834,13.2265,0.0,0.5046
3904,4114,67.17,13.19,97.66,69.56,0.2935,0.2935,26.1615,17.0879,3.8024,0.1911
3904,4137,229.54,15.9,260.51,120.6,0.6523,0.6523,8.8394,9.82,58.5724,0.3276
3905,4040,29.63,28.51,106.96,242.23,0.7334,0.7334,3.3167,20.4339,0.0,0.6382
3905,4029,255.41,16.42,292.8,143.8,0.4272,0.4272,6.8358,13.2625,0.0,0.281
3905,4114,68.49,13.37,98.79,70.74,0.332,0.332,25.0678,16.8661,5.3527,0.2161
3905,4137,231.36,16.07,261.8,120.44,0.5098,0.5098,8.8639,10.0314,0.0,0.3373
3906,4040,36.41,29.92,97.0,191.6,0.7017,0.7017,4.5824,17.1079,159.6295,0.2626
3906,4029,255.33,16.13,292.52,143.69,0.6235,0.6235,6.8429,13.2381,0.0,0.4101
3906,4114,69.91,13.78,99.3,70.52,0.3469,0.3469,25.2483,16.783,161.9771,0.1107
3906,4137,224.16,16.01,255.36,120.35,0.4561,0.4561,8.8504,9.1446,85.4203,0.1622
3907,4040,38.61,31.21,92.2,169.91,0.7349,0.7349,5.4327,16.3973,162.6225,0.235
3907,4029,255.43,16.08,292.64,144.11,0.6387,0.6387,6.8135,13.253,0.0,0.4201
3907,4114,71.84,14.21,98.94,67.13,0.4177,0.4177,28.6446,16.9785,176.4657,0.1332
3907,4137,223.74,16.04,255.12,120.28,0.7646,0.7646,8.8576,9.1053,0.0,0.5065
3908,4040,39.23,32.01,91.75,164.39,0.4854,0.4854,5.6954,16.2418,163.3216,0.1553
3908,4029,256.1,16.02,293.36,143.85,0.5815,0.5815,6.8348,13.3475,0.0,0.3824
3908,4114,72.97,14.86,99.43,67.14,0.2847,0.2847,28.6207,16.8952,0.0,0.1857
3908,4137,220.75,16.06,253.14,120.68,0.8208,0.8208,8.8025,8.7617,0.0,0.544
3909,4040,31.87,32.25,101.49,210.26,0.4465,0.4465,4.0294,18.2,22.8991,0.3363
3909,4029,256.35,16.04,293.63,143.98,0.5591,0.5591,6.8266,13.3828,0.0,0.3677
3909,4114,73.65,15.32,100.48,69.11,0.3269,0.3269,26.5285,16.6435,3.9175,0.2131
3909,4137,217.65,16.03,251.14,120.28,0.7598,0.7598,8.8415,8.454,0.0,0.5038
3910,4040,29.59,32.36,105.69,230.32,0.6602,0.6602,3.5541,19.5388,25.5711,0.5332
3910,4029,256.0,16.0,293.06,143.79,0.5947,0.5947,6.8382,13.3203,0.0,0.3911
3910,4114,74.73,15.8,101.57,70.22,0.3025,0.3025,25.4684,16.4402,5.1341,0.1971
3910,4137,215.12,16.02,249.66,120.28,0.7905,0.7905,8.8354,8.1965,0.0,0.5243
3911,4040,31.36,31.24,111.0,239.41,0.7217,0.7217,3.3625,19.9246,27.7951,0.5965
3911,4029,256.22,15.98,293.4,143.9,0.5947,0.5947,6.8316,13.3583,0.0,0.3911
3911,4114,76.27,16.0,102.06,68.4,0.2351,0.2351,27.2121,16.4886,175.8067,0.0751
3911,4137,213.99,16.36,249.43,120.29,0.7925,0.7925,8.8323,8.1089,0.0,0.5257
3911,4148,77.66,16.06,112.58,163.52,0.4243,0.4243,5.6313,12.3059,0.0,0.2796
3912,4040,30.85,32.09,112.03,246.63,0.7485,0.7485,3.2288,20.5146,27.7846,0.6312
3912,4029,256.91,16.23,294.41,143.99,0.6689,0.6689,6.8287,13.4737,0.0,0.4398
3912,4114,76.59,15.81,103.92,72.09,0.2281,0.2281,23.8539,16.0683,4.1894,0.1489
3912,4137,211.56,15.88,247.76,120.86,0.7686,0.7686,8.7598,7.8134,0.0,0.51
3912,4148,77.76,15.79,111.73,159.24,0.3857,0.3857,5.8529,12.2389,163.7963,0.1256
3912,4102,190.43,36.01,206.68,80.31,0.2974,0.2974,18.2698,9.4336,174.4393,0.0978
3913,4040,29.75,32.52,110.95,251.78,0.542,0.542,3.1421,21.0613,0.0,0.4835
3913,4029,257.41,16.09,295.1,143.65,0.5498,0.5498,6.8553,13.5545,0.0,0.3614
3913,4137,210.23,15.47,246.93,120.98,0.8042,0.8042,8.743,7.6685,0.0,0.5337
3913,4148,77.86,15.4,110.05,151.4,0.5322,0.5322,6.304,12.2054,164.8941,0.1734
3913,4102,190.3,35.9,206.62,80.98,0.3408,0.3408,17.9514,9.3401,5.4563,0.2252
