frame_idx,track_id,x1,y1,x2,y2,confidence,Q_i,D_i,phi_i,theta_i,vq_score
164,-1,314.44,39.8,360.0,166.64,0.3433,0.1716,5.1297,21.6947,0.0,0.1104
165,1,305.06,8.86,360.0,167.99,0.6909,0.3454,5.0544,21.1429,0.0,0.2225
166,1,299.66,3.33,358.65,167.43,0.6235,0.3118,5.0605,20.7146,0.0,0.2011
167,1,291.47,0.71,352.49,168.97,0.7598,0.3799,4.969,19.8529,45.3933,0.2096
168,1,288.28,1.97,349.31,168.91,0.7515,0.3757,4.9575,19.4525,0.0,0.2455
169,1,283.29,1.06,345.32,167.87,0.7793,0.3896,4.9781,18.8631,0.0,0.2539
170,1,279.93,2.27,342.81,168.67,0.8882,0.4441,4.9355,18.5098,0.0,0.2922
171,1,276.69,3.06,339.64,165.97,0.8594,0.4297,5.0264,18.0399,0.0,0.2794
172,1,274.86,3.19,339.29,165.93,0.8945,0.4472,5.0236,17.8995,0.0,0.291
173,1,273.97,2.22,339.1,165.27,0.8892,0.4446,5.0474,17.8159,0.0,0.2893
174,1,272.45,0.93,337.35,162.96,0.8838,0.4419,5.1337,17.5581,0.0,0.2877
175,1,269.18,0.29,333.6,160.88,0.7529,0.3765,5.2057,17.0646,0.0,0.2454
176,1,266.83,0.0,330.17,158.35,0.7305,0.3653,5.3025,16.645,152.0599,0.1166
177,1,263.59,0.0,326.57,157.72,0.8237,0.4118,5.3165,16.1867,0.0,0.2691
178,1,264.68,0.0,326.18,156.69,0.7612,0.3806,5.3635,16.2172,0.0,0.2487
179,1,264.24,0.0,324.47,155.96,0.5283,0.2641,5.392,16.0653,0.0,0.1727
180,1,263.02,0.29,321.72,156.58,0.6123,0.3061,5.3565,15.8124,0.0,0.2002
181,1,260.71,0.09,318.21,156.47,0.7886,0.3943,5.3503,15.4258,0.0,0.2581
182,1,257.78,0.02,314.29,156.83,0.6548,0.3274,5.3217,14.9769,0.0,0.2146
183,1,254.1,0.01,309.61,156.34,0.7529,0.3765,5.3284,14.4118,0.0,0.247
184,1,248.47,0.11,303.7,155.99,0.8745,0.4373,5.3243,13.6324,0.0,0.2874
185,1,242.37,0.0,297.85,155.88,0.877,0.4385,5.3098,12.8246,0.0,0.2887
186,1,236.27,0.11,292.23,155.67,0.8477,0.4239,5.3013,12.026,0.0,0.2795
187,1,231.6,0.17,288.1,155.43,0.8916,0.4458,5.2993,11.4219,0.0,0.2943
188,1,229.38,0.2,286.36,155.91,0.8535,0.4268,5.2724,11.1613,0.0,0.2818
189,1,227.33,0.12,284.78,155.83,0.8657,0.4329,5.2711,10.9117,0.0,0.286
190,1,225.62,0.0,283.34,154.41,0.9023,0.4511,5.3304,10.6672,0.0,0.2982
191,1,226.62,0.01,280.3,140.97,0.4534,0.2267,6.0064,10.434,164.073,0.0743
192,1,223.98,0.0,281.44,149.23,0.9092,0.4546,5.5698,10.3472,16.9834,0.294
193,1,222.56,0.0,279.93,148.53,0.6582,0.3291,5.6004,10.1375,0.0,0.2177
194,1,221.42,0.0,278.35,146.43,0.8691,0.4345,5.7028,9.9342,159.8929,0.1427
195,1,219.19,0.15,276.01,148.01,0.8052,0.4026,5.6169,9.6264,0.0,0.2665
196,1,219.79,0.04,272.57,140.47,0.7114,0.3557,6.0146,9.4247,163.8053,0.117
197,1,216.84,0.09,267.86,137.57,0.8496,0.4248,6.1733,8.9222,154.3227,0.1399
198,1,214.6,0.11,264.65,139.42,0.7925,0.3962,6.0581,8.5184,25.0508,0.2503
199,1,212.15,0.45,260.21,136.58,0.7129,0.3564,6.2178,8.0782,155.8177,0.1176
200,1,210.58,0.67,257.15,135.7,0.3621,0.181,6.2662,7.7731,0.0,0.1201
201,1,206.58,0.33,253.05,136.41,0.7832,0.3916,6.2142,7.1932,0.0,0.26
202,1,204.7,0.15,250.44,135.74,0.7656,0.3828,6.2505,6.8952,0.0,0.2543
203,1,201.61,0.28,247.2,135.99,0.7739,0.387,6.2292,6.4478,0.0,0.2572
204,1,196.96,0.23,242.96,136.13,0.8535,0.4268,6.2129,5.8245,0.0,0.2838
205,1,191.11,0.21,238.22,136.25,0.8906,0.4453,6.1974,5.084,0.0,0.2963
206,1,188.3,0.11,236.54,136.19,0.8853,0.4426,6.198,4.7745,0.0,0.2946
207,1,185.4,0.17,234.83,136.19,0.8394,0.4197,6.195,4.4556,0.0,0.2794
208,1,183.12,0.15,233.56,135.65,0.8677,0.4339,6.2257,4.2321,0.0,0.2888
209,1,184.28,0.14,234.29,132.58,0.8086,0.4043,6.42,4.5015,164.6097,0.1344
211,1,181.46,0.16,232.31,131.79,0.7925,0.3962,6.4686,4.2297,0.0,0.2638
212,1,179.85,0.51,231.54,131.71,0.7695,0.3847,6.4725,4.0805,0.0,0.2562
213,1,178.16,0.12,230.41,130.51,0.8086,0.4043,6.5508,3.9802,0.0,0.2692
214,1,177.08,0.13,229.65,129.99,0.6836,0.3418,6.585,3.9035,0.0,0.2276
215,1,175.38,0.0,225.96,124.58,0.8145,0.4073,6.9699,4.0632,164.6497,0.1354
216,1,174.34,0.0,224.02,122.37,0.5718,0.2859,7.1393,4.1414,163.8375,0.0951
217,1,173.82,0.0,220.57,115.55,0.3774,0.1887,7.7173,4.7595,167.0311,0.0627
218,1,171.64,0.11,219.37,120.09,0.4036,0.2018,7.3207,4.0826,13.8644,0.1324
220,-1,174.38,4.64,205.88,124.1,0.3032,0.1516,6.9988,3.2011,0.0,0.101
221,-1,172.69,6.89,203.34,123.47,0.2644,0.2644,7.0463,3.1595,0.0,0.1761
222,-1,168.19,0.0,202.22,63.28,0.3191,0.1595,19.1221,11.4528,0.0,0.1053
223,-1,170.16,0.21,200.53,122.55,0.304,0.152,7.1171,3.1691,0.0,0.1013
223,-1,171.0,0.05,200.25,32.52,0.2444,0.1222,107.0581,15.6195,0.0,0.08
224,1,160.85,0.0,207.32,121.94,0.397,0.1985,7.1651,3.2162,55.6603,0.1034
225,1,158.68,0.0,203.85,120.7,0.3201,0.16,7.2648,3.3448,149.7494,0.0533
226,1,152.12,0.0,196.93,120.7,0.604,0.302,7.2655,3.4306,90.7843,0.1005
227,1,148.66,0.0,193.48,121.03,0.7871,0.3936,7.2398,3.5322,0.0,0.2621
228,1,147.81,0.0,192.28,120.56,0.7568,0.3784,7.2786,3.6496,0.0,0.252
229,1,146.73,0.01,188.89,112.01,0.5195,0.2597,8.0504,4.9007,167.7121,0.0863
230,1,138.81,0.0,185.25,118.23,0.5957,0.2979,7.48,4.4992,17.4251,0.1937
231,1,135.78,0.0,184.64,120.3,0.4331,0.2165,7.307,4.4221,17.4073,0.1408
232,1,134.39,0.0,184.72,120.23,0.5039,0.252,7.3134,4.4901,0.0,0.1677
233,1,136.52,0.0,187.29,120.29,0.7886,0.3943,7.3063,4.2723,0.0,0.2625
234,1,137.0,0.0,188.16,120.27,0.6377,0.3189,7.3074,4.2168,0.0,0.2123
235,1,133.99,0.0,186.36,119.89,0.8315,0.4158,7.341,4.4703,0.0,0.2767
236,1,131.32,0.09,182.4,115.46,0.5078,0.2539,7.7316,5.2579,164.804,0.0843
237,1,129.31,0.01,180.05,113.83,0.7642,0.3821,7.8865,5.634,160.5591,0.1268
238,-1,141.4,0.28,165.09,87.12,0.4321,0.216,11.5348,8.9471,0.0,0.1432
238,-1,141.68,0.21,164.81,61.1,0.2147,0.1074,20.3715,12.3079,0.0,0.0707
239,-1,139.71,0.11,162.84,58.71,0.4026,0.2013,21.888,12.7028,0.0,0.1326
240,1,129.48,0.0,169.06,92.78,0.6021,0.301,10.5274,8.5086,170.5803,0.0992
241,1,129.04,0.0,164.51,84.82,0.2386,0.1193,12.0173,9.6473,171.6189,0.0392
243,1,121.27,0.0,163.54,105.0,0.7861,0.3931,8.842,7.7265,11.1964,0.2584
244,1,119.8,0.0,162.48,109.63,0.7007,0.3503,8.3294,7.4034,12.0377,0.23
245,1,120.14,0.0,161.51,108.57,0.4358,0.2179,8.4429,7.5362,168.2275,0.072
246,1,116.92,0.0,158.56,110.75,0.7886,0.3943,8.2204,7.6705,20.3504,0.2535
247,-1,126.84,0.11,149.91,55.23,0.2966,0.1483,24.589,13.7969,0.0,0.0974
248,1,112.77,0.0,154.45,110.33,0.6069,0.3034,8.2734,8.17,121.3592,0.1001
249,1,110.44,0.09,152.07,108.14,0.5303,0.2651,8.5124,8.6186,164.1492,0.0874
250,1,108.09,0.34,150.59,107.51,0.4111,0.2056,8.587,8.8876,0.0,0.1362
251,1,103.58,0.28,148.4,109.95,0.6929,0.3464,8.3333,9.0855,19.848,0.2227
252,1,103.95,0.43,148.8,108.31,0.5796,0.2898,8.5074,9.165,168.2944,0.0954
253,1,103.69,0.32,150.12,111.08,0.6919,0.3459,8.2139,8.893,11.8226,0.2268
254,1,103.73,0.27,149.91,109.16,0.5591,0.2796,8.4145,9.0476,168.5779,0.092
255,1,101.48,0.29,149.0,111.39,0.4072,0.2036,8.1871,9.0697,14.6122,0.1327
256,1,93.82,0.19,140.51,112.35,0.4971,0.2485,8.1154,9.9938,67.6233,0.1131
257,1,95.36,0.14,141.98,111.09,0.4668,0.2334,8.2375,9.8889,161.4924,0.0766
258,1,93.27,0.12,140.29,110.18,0.2805,0.1403,8.3378,10.1805,156.4519,0.046
260,1,89.9,0.14,136.51,110.22,0.3025,0.1512,8.3459,10.6182,0.0,0.1
270,1,70.39,0.31,117.98,112.12,0.2822,0.1411,8.2261,12.914,74.5819,0.0583
271,1,68.84,0.3,115.68,112.72,0.6992,0.3496,8.1745,13.1325,0.0,0.23
272,1,68.84,0.35,114.93,112.64,0.7534,0.3767,8.1841,13.1842,0.0,0.2478
273,1,67.46,0.27,114.51,116.83,0.6748,0.3374,7.7893,13.1216,12.7589,0.2192
275,1,67.15,0.19,114.54,120.0,0.8296,0.4148,7.5117,13.0208,12.8225,0.2695
276,1,67.22,0.2,113.77,120.1,0.5342,0.2671,7.5047,13.0633,0.0,0.1758
277,1,65.67,0.29,111.64,117.81,0.5981,0.299,7.7113,13.3876,164.9849,0.097
278,1,62.91,0.22,111.59,125.51,0.4253,0.2127,7.0846,13.3264,13.8827,0.1378
279,1,62.24,0.33,109.45,122.38,0.4377,0.2188,7.3358,13.6019,166.1545,0.0709
280,1,59.87,0.36,108.27,127.34,0.5757,0.2878,6.9614,13.705,14.8641,0.186
284,1,53.12,0.66,99.44,124.04,0.6162,0.3081,7.2463,14.818,152.8436,0.0993
285,1,52.18,0.63,97.98,124.25,0.6523,0.3261,7.2354,14.9707,0.0,0.2137
286,1,51.65,0.44,98.42,128.47,0.8203,0.4102,6.9187,14.883,13.8526,0.2649
287,1,50.16,0.41,96.38,129.38,0.709,0.3545,6.8617,15.0998,0.0,0.2323
288,1,49.09,0.38,94.54,129.16,0.6538,0.3269,6.884,15.2964,0.0,0.2141
289,1,47.72,0.27,92.73,129.37,0.6646,0.3323,6.8764,15.5028,0.0,0.2175
291,1,46.17,0.19,92.59,135.29,0.6621,0.3311,6.4827,15.5317,15.0255,0.2129
292,1,46.09,3.14,91.73,136.88,0.2949,0.1474,6.3852,15.5791,0.0,0.0965
293,1,45.73,1.25,91.95,137.81,0.4243,0.2122,6.3285,15.581,0.0,0.1388
294,1,45.66,0.77,92.21,139.38,0.2295,0.1148,6.234,15.5582,0.0,0.0751
296,1,46.5,1.34,91.79,136.36,0.3408,0.1704,6.4164,15.5524,165.009,0.0547
297,1,46.99,0.71,94.16,142.0,0.2095,0.1047,6.0759,15.3291,15.828,0.0673
307,-1,55.16,1.34,97.59,113.7,0.2018,0.1009,8.154,15.1315,0.0,0.0661
310,-1,55.09,0.56,99.0,147.38,0.3345,0.1673,5.7606,14.467,0.0,0.1097
311,12,58.35,1.01,96.33,127.74,0.457,0.2285,6.9613,14.592,0.0,0.1499
314,12,54.78,7.05,99.37,155.86,0.6782,0.6782,5.3537,14.5471,17.6746,0.4342
317,12,56.8,8.58,102.77,163.41,0.5137,0.5137,5.0245,14.3414,19.3001,0.3275
318,12,55.37,13.78,102.21,172.46,0.6895,0.6895,4.6879,14.7526,20.2367,0.4666
321,12,53.22,17.44,101.78,183.48,0.3738,0.3738,4.3304,15.3821,21.7886,0.2692
322,12,55.35,29.01,99.59,179.48,0.248,0.248,4.4558,15.2025,159.072,0.0978
323,12,53.91,18.08,100.74,178.01,0.4253,0.4253,4.5039,15.1579,0.0,0.3067
326,12,58.68,32.21,102.73,177.66,0.3567,0.3567,4.5051,14.7136,0.0,0.2574
327,12,56.9,21.57,104.12,176.55,0.5747,0.5747,4.5424,14.6914,0.0,0.4119
328,12,56.03,18.24,104.49,176.45,0.6909,0.6909,4.5465,14.7191,0.0,0.4948
330,12,56.83,27.42,103.6,176.92,0.4253,0.4253,4.531,14.7445,0.0,0.3055
336,12,59.22,32.94,110.46,193.42,0.3887,0.3887,4.025,15.033,23.2905,0.2947
337,12,59.22,29.86,112.14,193.97,0.3081,0.3081,4.0081,14.9676,0.0,0.2427
338,12,59.66,21.35,115.28,193.43,0.542,0.542,4.0179,14.7217,0.0,0.4264
339,12,58.89,17.93,118.88,203.29,0.8433,0.8433,3.7643,15.2308,24.3577,0.6662
340,12,58.63,16.53,120.27,206.19,0.4678,0.4678,3.6947,15.3833,0.0,0.3877
341,12,59.88,15.71,122.19,208.7,0.314,0.314,3.6336,15.4039,0.0,0.2628
342,12,60.49,15.87,122.77,210.13,0.8433,0.8433,3.6003,15.4533,0.0,0.7094
343,12,61.27,14.32,125.33,215.14,0.3933,0.3933,3.4885,15.6899,26.6918,0.3226
345,12,62.71,15.6,124.99,211.72,0.7192,0.7192,3.5604,15.3474,0.0,0.609
347,12,65.32,15.88,128.02,212.67,0.3887,0.3887,3.5338,15.1335,0.0,0.3306
348,12,67.22,16.36,130.01,214.2,0.7568,0.7568,3.497,15.0665,0.0,0.6475
349,12,67.65,16.43,131.85,220.56,0.7129,0.7129,3.3646,15.525,26.9513,0.5962
350,12,68.21,16.63,132.56,222.28,0.395,0.395,3.3297,15.6236,0.0,0.3464
351,12,70.61,16.59,132.69,214.98,0.8271,0.8271,3.4745,14.8311,153.3044,0.4347
352,12,70.73,16.08,135.04,222.48,0.8818,0.8818,3.321,15.407,27.2281,0.7421
353,-1,125.44,32.24,147.38,52.49,0.2974,0.2974,27.1643,14.245,0.0,0.1952
354,12,74.89,16.41,138.4,221.64,0.7754,0.7754,3.3304,14.9774,0.0,0.6808
355,12,76.09,16.48,139.52,223.31,0.877,0.877,3.296,15.0358,0.0,0.7739
356,12,77.36,20.3,139.78,224.83,0.8584,0.8584,3.2658,15.1188,0.0,0.7609
357,12,77.65,21.9,140.81,230.4,0.8618,0.8618,3.1624,15.6278,28.307,0.7407
358,12,78.42,16.94,143.88,233.84,0.2805,0.2805,3.0988,15.8278,0.0,0.2546
359,12,79.86,16.31,146.12,237.02,0.8506,0.8506,3.0419,16.0209,0.0,0.7781
360,12,83.88,16.6,151.21,240.57,0.8218,0.8218,2.9767,16.069,0.0,0.7589
361,12,87.78,16.88,157.04,245.54,0.8647,0.8647,2.8916,16.2978,0.0,0.808
362,12,88.51,17.08,157.65,245.56,0.7241,0.7241,2.8905,16.2566,0.0,0.6768
363,12,91.56,17.41,161.4,248.24,0.8496,0.8496,2.8455,16.3562,0.0,0.799
364,12,93.07,18.08,162.82,249.74,0.8452,0.8452,2.8214,16.4462,0.0,0.7975
365,12,95.38,17.41,167.19,255.4,0.7471,0.7471,2.7359,16.937,0.0,0.7128
366,12,98.15,17.32,170.49,257.3,0.7656,0.7656,2.7063,17.0126,0.0,0.7334
367,12,107.51,18.02,180.38,254.19,0.7002,0.7002,2.7413,16.1925,0.0,0.6684
368,12,104.16,18.37,175.21,252.6,0.647,0.647,2.7676,16.1796,0.0,0.6154
369,12,103.27,18.03,172.5,251.39,0.5352,0.5352,2.7868,16.1149,0.0,0.5077
370,12,104.34,18.54,171.22,249.12,0.7871,0.7871,2.8203,15.8402,0.0,0.7435
371,12,106.73,18.54,172.71,249.89,0.8062,0.8062,2.8071,15.8416,0.0,0.763
372,12,112.44,18.53,177.39,249.22,0.834,0.834,2.8126,15.5254,0.0,0.7891
373,12,115.97,18.43,180.31,249.78,0.6021,0.6021,2.8019,15.4666,0.0,0.5706
374,12,120.59,18.66,184.33,249.59,0.7305,0.7305,2.8019,15.2863,0.0,0.6925
375,12,125.48,17.72,189.15,248.38,0.8477,0.8477,2.8171,14.978,0.0,0.8023
376,12,128.87,18.85,192.3,249.03,0.7808,0.7808,2.8059,14.977,0.0,0.7401
377,12,133.01,19.27,196.52,249.25,0.8467,0.8467,2.801,14.915,0.0,0.8032
378,12,135.77,19.61,200.23,252.67,0.7271,0.7271,2.7502,15.3141,0.0,0.6942
379,12,141.15,19.64,207.44,254.13,0.7949,0.7949,2.7282,15.4405,0.0,0.7611
380,12,144.45,27.04,209.4,251.51,0.7871,0.7871,2.7654,15.0767,0.0,0.7502
381,12,147.01,25.44,214.4,251.59,0.8789,0.8789,2.7642,15.0818,0.0,0.8378
382,12,151.78,43.46,216.86,251.06,0.6235,0.6235,2.7721,15.0222,0.0,0.5938
383,12,150.63,30.3,223.24,255.45,0.501,0.501,2.7098,15.6253,0.0,0.4808
384,12,149.62,26.49,224.81,253.76,0.7725,0.7725,2.7337,15.403,0.0,0.7392
384,15,140.77,160.59,230.97,254.53,0.3345,0.3345,2.7226,15.4949,0.0,0.3205
385,12,152.58,25.87,231.68,257.67,0.4912,0.4912,2.6801,15.9774,0.0,0.4731
385,15,144.79,160.48,237.88,257.26,0.7051,0.7051,2.6856,15.9124,0.0,0.6786
386,15,148.05,160.45,241.95,257.73,0.8535,0.8535,2.6802,16.0304,0.0,0.8219
387,12,155.87,24.04,238.11,257.72,0.8516,0.8516,2.681,16.0658,0.0,0.82
388,17,286.31,16.51,358.96,174.32,0.8027,0.4013,4.776,20.0638,0.0,0.2714
388,12,155.21,23.37,238.29,256.82,0.8369,0.8369,2.6933,15.9431,0.0,0.8046
389,17,285.97,14.75,357.52,170.4,0.8262,0.4131,4.9143,19.8559,160.0193,0.1342
389,12,156.5,22.19,240.62,257.06,0.6133,0.6133,2.6907,16.0116,0.0,0.5898
389,15,150.9,159.88,243.79,256.5,0.603,0.603,2.698,15.9129,0.0,0.5794
390,17,288.74,13.6,359.4,168.5,0.7832,0.3916,4.9962,20.1038,0.0,0.2533
390,12,158.93,20.36,243.46,256.58,0.6992,0.6992,2.6985,16.0095,0.0,0.6717
391,17,289.64,12.24,359.57,167.07,0.5757,0.2878,5.0539,20.1412,0.0,0.186
391,12,163.67,21.42,247.74,256.49,0.876,0.876,2.702,16.1198,0.0,0.8409
392,17,284.39,11.43,352.45,163.34,0.3933,0.3933,5.1755,19.2931,143.3994,0.1237
393,17,280.37,10.81,348.98,166.16,0.6489,0.6489,5.0461,18.8729,25.6506,0.3997
393,12,176.82,20.72,259.2,255.65,0.6738,0.6738,2.7223,16.4573,0.0,0.6446
394,17,278.34,10.25,346.19,166.62,0.4854,0.4854,5.0179,18.5768,0.0,0.3152
394,12,184.32,20.77,264.15,253.73,0.6724,0.6724,2.7551,16.5059,0.0,0.6403
395,17,272.63,9.6,340.32,167.22,0.5776,0.5776,4.971,17.8521,0.0,0.378
395,12,191.63,20.04,269.91,256.23,0.3857,0.3857,2.7265,17.146,0.0,0.3683
396,17,270.58,9.5,337.51,167.67,0.5156,0.5156,4.9442,17.5518,0.0,0.3396
396,12,199.12,20.79,275.93,260.67,0.7925,0.7925,2.6734,18.0459,0.0,0.7612
397,17,266.47,9.21,332.84,168.05,0.6548,0.6548,4.9129,16.9977,0.0,0.4346
398,17,262.01,9.51,327.56,168.02,0.6123,0.6123,4.896,16.3687,0.0,0.4084
398,12,205.92,21.84,281.31,263.06,0.7334,0.7334,2.6492,18.6804,0.0,0.7059
399,17,268.24,9.74,331.32,168.59,0.4045,0.4045,4.893,17.0278,0.0,0.2695
399,12,212.47,21.26,287.21,260.01,0.7334,0.7334,2.699,18.7346,0.0,0.701
400,17,261.83,9.94,323.74,168.35,0.4863,0.4863,4.8763,16.119,0.0,0.3258
400,12,213.36,21.6,287.23,258.63,0.668,0.668,2.7186,18.6131,0.0,0.6369
401,17,260.92,10.5,321.05,168.73,0.7739,0.7739,4.8557,15.8967,0.0,0.521
401,12,215.25,21.54,288.93,257.37,0.8384,0.8384,2.7388,18.5979,0.0,0.7971
402,17,261.22,10.91,319.69,168.7,0.4111,0.4111,4.855,15.8271,0.0,0.2768
402,12,217.59,21.87,291.55,255.79,0.7832,0.7832,2.7649,18.6017,0.0,0.7419
403,17,256.47,10.33,314.81,168.32,0.3804,0.3804,4.8527,15.1902,0.0,0.2566
403,12,219.03,14.8,295.98,255.11,0.6909,0.6909,2.7793,18.7424,0.0,0.653
404,17,258.6,9.61,298.99,114.99,0.6299,0.6299,8.0052,14.4611,167.7886,0.2033
404,12,230.52,91.89,289.25,255.14,0.7124,0.7124,2.7829,18.9224,0.0,0.6727
405,17,265.93,8.71,291.52,72.8,0.4883,0.4883,15.6059,16.9548,173.7678,0.1557
405,12,224.47,54.52,297.9,255.24,0.6782,0.6782,2.7838,19.0306,0.0,0.6402
406,12,222.62,34.52,304.22,254.86,0.7544,0.7544,2.7931,19.162,0.0,0.711
407,12,218.47,15.9,307.01,255.08,0.7363,0.7363,2.7888,19.1324,0.0,0.6944
408,12,221.07,21.05,309.03,255.0,0.7725,0.7725,2.7941,19.3024,0.0,0.7277
409,12,223.75,23.6,312.34,254.61,0.8867,0.8867,2.8052,19.4985,0.0,0.8337
410,12,223.96,19.68,314.96,253.92,0.6592,0.6592,2.8179,19.5431,0.0,0.6186
411,12,225.52,21.76,316.15,252.2,0.7832,0.7832,2.8456,19.4858,0.0,0.7322
412,12,227.18,23.05,318.31,252.48,0.4368,0.4368,2.8453,19.6703,0.0,0.4082
413,12,230.92,22.87,322.51,252.78,0.8862,0.8862,2.8489,20.0302,0.0,0.8271
413,34,222.84,2.28,270.92,145.29,0.5498,0.2749,5.754,9.5111,0.0,0.182
414,12,235.68,22.67,327.07,251.8,0.8286,0.8286,2.8733,20.3364,0.0,0.7701
414,34,218.45,2.17,266.68,145.05,0.384,0.192,5.7559,8.9072,0.0,0.1272
415,12,241.38,22.38,332.78,251.62,0.8525,0.8525,2.8887,20.819,0.0,0.7898
415,34,213.21,2.33,261.61,144.76,0.4534,0.2267,5.7592,8.1833,0.0,0.1504
416,12,247.07,18.79,340.75,253.14,0.7104,0.7104,2.8821,21.5601,0.0,0.6576
416,34,210.12,2.6,259.64,147.42,0.4717,0.2359,5.6172,7.8415,21.8361,0.1509
417,12,251.0,20.7,342.6,252.16,0.8853,0.8853,2.9037,21.7376,0.0,0.8167
417,34,208.72,3.19,258.48,147.99,0.7559,0.378,5.5861,7.6671,0.0,0.2508
418,12,255.95,21.04,346.16,251.51,0.8452,0.8452,2.9241,22.073,0.0,0.7768
418,34,206.8,3.58,257.04,147.95,0.8252,0.4126,5.5847,7.4304,0.0,0.2739
419,12,260.98,19.63,351.14,251.74,0.6245,0.6245,2.9336,22.5551,0.0,0.5725
419,34,205.64,3.81,255.7,145.76,0.8604,0.4302,5.6932,7.2371,160.667,0.1423
420,12,264.15,21.17,351.87,251.28,0.8535,0.8535,2.9458,22.7007,0.0,0.7807
420,34,204.0,3.3,254.74,145.33,0.8477,0.4239,5.7129,7.0516,0.0,0.2815
421,12,268.27,21.24,354.13,250.37,0.668,0.668,2.9683,22.9303,0.0,0.6087
421,34,203.62,2.94,255.13,145.08,0.8667,0.4334,5.726,7.0514,0.0,0.2878
422,12,273.45,21.76,357.79,249.76,0.7822,0.3911,2.99,23.3041,0.0,0.3549
422,34,202.35,2.18,254.29,144.61,0.8535,0.4268,5.7486,6.9012,0.0,0.2835
423,12,276.56,21.61,359.97,249.54,0.8306,0.4153,3.001,23.5409,0.0,0.376
423,34,200.05,1.12,252.75,144.02,0.8086,0.4043,5.7762,6.6289,0.0,0.2686
424,12,277.95,21.29,360.0,249.01,0.8477,0.4239,3.0113,23.5705,0.0,0.3832
424,34,196.72,0.4,250.09,143.94,0.7559,0.378,5.7752,6.2045,0.0,0.2512
425,12,278.88,21.56,360.0,250.31,0.8403,0.4202,2.9925,23.7097,0.0,0.3807
425,34,195.12,0.14,247.7,141.21,0.7407,0.3704,5.9201,5.9347,160.0412,0.1228
426,12,279.26,22.05,360.0,249.51,0.8711,0.4355,3.0054,23.6697,0.0,0.394
426,34,193.47,0.05,244.83,138.35,0.7847,0.3923,6.0793,5.658,159.9983,0.1301
427,12,279.37,22.07,359.62,249.21,0.7612,0.3806,3.0097,23.635,0.0,0.3441
427,34,191.67,0.46,241.9,136.08,0.5488,0.2744,6.2109,5.3839,157.9244,0.0911
428,12,279.83,22.27,359.19,248.74,0.8452,0.4226,3.0171,23.6024,0.0,0.3817
428,34,188.36,0.14,236.81,132.82,0.6943,0.3472,6.4089,4.9315,156.0211,0.1153
429,12,279.71,22.35,358.79,249.5,0.8584,0.4292,3.0045,23.6325,0.0,0.3883
429,34,185.94,0.04,233.28,132.51,0.5166,0.2583,6.425,4.5483,0.0,0.1719
430,12,280.36,22.3,358.54,248.87,0.8506,0.4253,3.0149,23.606,0.0,0.3842
430,34,179.41,0.05,227.05,133.14,0.7656,0.3828,6.3772,3.6749,66.8773,0.1774
431,12,279.93,22.57,357.49,249.38,0.834,0.417,3.0048,23.5719,0.0,0.3773
431,34,181.69,0.06,227.9,132.53,0.4971,0.2485,6.4181,3.9144,0.0,0.1655
432,12,281.19,21.65,357.79,248.28,0.8735,0.4368,3.0242,23.5672,0.0,0.3941
432,34,181.78,0.02,226.78,132.81,0.6323,0.3161,6.3994,3.8308,0.0,0.2105
433,12,282.43,20.1,358.07,246.38,0.8755,0.4377,3.0565,23.5048,0.0,0.3932
433,34,179.75,0.06,223.91,133.18,0.5767,0.2883,6.3733,3.4921,0.0,0.1921
434,12,283.09,18.69,357.23,242.98,0.8945,0.4472,3.1114,23.2562,0.0,0.3987
434,34,175.68,0.13,219.59,134.04,0.6113,0.3056,6.3152,2.904,0.0,0.2036
435,12,282.98,16.95,356.05,240.87,0.8989,0.4495,3.1446,23.0452,0.0,0.3989
435,34,173.13,0.06,216.93,134.34,0.5371,0.2686,6.2946,2.5622,0.0,0.1789
436,12,283.68,16.14,355.08,237.13,0.8804,0.4402,3.2081,22.7753,0.0,0.3872
436,34,170.86,0.0,214.81,135.03,0.7002,0.3501,6.2504,2.246,0.0,0.2333
437,12,284.3,15.29,352.87,229.4,0.8818,0.8818,3.3451,22.1816,152.5711,0.4668
437,34,168.8,0.11,212.97,133.86,0.708,0.354,6.3225,2.1338,0.0,0.2359
438,12,284.92,14.44,351.97,225.23,0.8594,0.8594,3.4244,21.9018,0.0,0.7328
438,34,166.7,0.2,211.19,132.96,0.79,0.395,6.3789,2.0382,0.0,0.2633
439,12,285.4,14.15,350.31,219.07,0.8711,0.8711,3.5465,21.4624,153.9583,0.4391
439,34,161.06,0.24,206.78,132.31,0.7456,0.3728,6.4194,1.7688,0.0,0.2485
440,12,285.74,13.32,349.77,216.31,0.8906,0.8906,3.6043,21.2895,0.0,0.7392
440,34,161.92,0.12,208.12,131.2,0.7583,0.3791,6.4925,1.9723,0.0,0.2527
441,12,286.51,12.66,348.9,210.69,0.8701,0.8701,3.7279,20.9678,155.3534,0.4184
441,34,160.51,0.07,208.12,133.32,0.7822,0.3911,6.3546,1.6525,15.7295,0.2558
442,12,286.3,12.06,348.29,209.29,0.8604,0.8604,3.7585,20.8457,0.0,0.6972
442,34,160.3,0.01,207.76,130.51,0.8237,0.4118,6.5383,2.0196,165.3495,0.1372
443,12,286.46,11.96,348.19,208.8,0.8413,0.8413,3.7699,20.8228,0.0,0.6805
443,34,159.13,0.13,206.47,128.79,0.8062,0.4031,6.6556,2.2183,162.5398,0.1343
444,12,286.97,11.58,348.53,207.88,0.5786,0.5786,3.7928,20.8222,0.0,0.4663
444,34,158.57,0.08,206.07,128.41,0.7686,0.3843,6.682,2.2607,0.0,0.2561
445,12,286.26,11.17,347.96,208.2,0.8735,0.8735,3.7832,20.7664,0.0,0.7051
445,34,156.68,0.02,201.92,123.0,0.7671,0.3836,7.0812,3.0125,164.626,0.1277
446,12,285.67,10.95,347.3,207.93,0.8013,0.8013,3.7873,20.6809,0.0,0.6466
446,34,154.25,0.09,197.7,119.76,0.2379,0.119,7.3428,3.5218,161.6775,0.0396
447,12,285.41,10.89,347.09,208.66,0.8745,0.8745,3.7695,20.6933,0.0,0.7077
447,34,153.45,0.07,195.83,117.44,0.4775,0.2387,7.5414,3.8824,165.4437,0.0794
448,12,284.98,10.51,346.6,208.44,0.8853,0.8853,3.7731,20.6293,0.0,0.7161
449,12,284.66,10.29,346.2,208.51,0.8667,0.8667,3.7702,20.5922,0.0,0.7015
449,34,144.1,0.0,187.4,120.39,0.627,0.3135,7.2951,3.9512,37.2423,0.1874
450,12,284.8,10.32,346.26,208.96,0.8818,0.8818,3.7602,20.6279,0.0,0.7148
450,34,137.9,0.0,180.9,121.51,0.6323,0.3161,7.2092,4.3682,55.5787,0.1646
451,12,284.93,10.53,346.12,209.27,0.7041,0.7041,3.753,20.6442,0.0,0.5714
451,34,135.68,0.0,177.92,122.85,0.6387,0.3194,7.1055,4.4959,28.2502,0.1999
452,12,284.89,10.25,345.79,208.68,0.8594,0.8594,3.766,20.5912,0.0,0.696
452,34,134.64,0.0,175.68,123.35,0.686,0.343,7.0684,4.6255,0.0,0.2283
453,12,285.15,10.53,345.77,209.05,0.771,0.771,3.7578,20.6249,0.0,0.6252
453,34,134.75,0.0,173.39,119.19,0.5527,0.2763,7.4065,5.1362,166.7124,0.0917
454,12,285.26,10.37,345.75,209.77,0.8359,0.8359,3.7415,20.6693,0.0,0.6796
454,34,132.65,0.0,170.84,119.23,0.6733,0.3367,7.4062,5.3764,0.0,0.2239
455,12,285.53,10.78,345.53,209.89,0.79,0.79,3.7388,20.6787,0.0,0.6425
455,34,129.41,0.03,167.69,119.06,0.6011,0.3005,7.4252,5.7408,0.0,0.1999
456,12,285.43,9.92,344.9,208.19,0.8477,0.8477,3.7768,20.5448,0.0,0.6854
456,34,127.36,0.04,166.05,119.66,0.709,0.3545,7.3775,5.8977,0.0,0.2357
457,12,293.89,8.95,340.27,153.92,0.4158,0.4158,5.5841,18.9952,163.0358,0.1311
457,34,125.1,0.06,164.32,118.37,0.8145,0.4073,7.4905,6.2343,158.001,0.1349
458,12,286.88,7.64,344.22,188.71,0.8628,0.8628,4.2859,19.6717,21.6672,0.6202
458,34,122.47,0.03,163.04,118.77,0.7686,0.3843,7.4596,6.4286,0.0,0.2554
459,12,285.51,6.73,344.82,195.64,0.8604,0.8604,4.0905,19.9208,22.589,0.6388
459,34,120.87,0.0,162.79,119.39,0.8252,0.4126,7.4086,6.4895,0.0,0.2742
460,12,285.01,5.56,344.65,196.95,0.8384,0.8384,4.0544,19.9412,0.0,0.6479
460,34,119.71,0.02,162.97,120.14,0.8306,0.4153,7.3467,6.4915,0.0,0.276
461,12,284.88,5.03,344.06,195.78,0.8228,0.8228,4.0843,19.8448,0.0,0.6327
461,34,119.33,0.04,163.7,120.85,0.8286,0.4143,7.2879,6.418,0.0,0.2753
462,12,284.16,4.67,343.78,198.0,0.7949,0.3975,4.0238,19.8891,0.0,0.3088
462,34,118.56,0.19,163.82,121.16,0.8584,0.4292,7.2632,6.4351,0.0,0.2852
463,12,284.82,4.09,342.2,190.54,0.8638,0.4319,4.2256,19.5005,157.8405,0.1803
463,34,116.76,0.16,163.01,121.19,0.7974,0.3987,7.2632,6.593,0.0,0.2649
464,12,284.6,3.52,340.87,186.4,0.8901,0.4451,4.3437,19.2391,157.8759,0.179
464,34,114.22,0.16,160.42,119.06,0.7568,0.3784,7.4454,7.0579,160.939,0.1252
465,12,285.64,2.86,340.03,179.63,0.8794,0.4397,4.556,19.007,159.4746,0.1646
465,34,111.91,0.06,158.96,120.3,0.75,0.375,7.3452,7.2052,23.6746,0.2385
466,12,285.85,2.45,339.44,177.14,0.8574,0.4287,4.6379,18.9032,0.0,0.2988
466,34,111.14,0.08,158.53,120.4,0.6226,0.3113,7.3382,7.2736,0.0,0.2067
467,12,284.91,1.85,338.48,176.38,0.8037,0.4018,4.66,18.7612,0.0,0.279
467,34,107.84,0.0,155.66,120.62,0.7422,0.3711,7.3269,7.6484,0.0,0.2463
468,12,282.19,1.74,336.01,175.68,0.8037,0.4018,4.6738,18.4148,0.0,0.2785
468,34,102.92,0.02,148.26,115.41,0.3303,0.1651,7.7971,8.7517,162.0632,0.0544
469,12,281.83,2.1,334.83,171.92,0.561,0.2805,4.8032,18.2081,159.7495,0.0962
470,12,279.82,1.41,334.06,173.78,0.8877,0.4439,4.7315,18.0855,0.0,0.3045
471,12,277.01,0.7,332.07,173.01,0.7568,0.3784,4.7496,17.7591,0.0,0.2589
471,34,91.34,0.02,137.24,120.12,0.646,0.323,7.4158,9.9324,33.061,0.1963
472,12,275.65,0.82,331.76,174.27,0.7422,0.3711,4.7021,17.6915,0.0,0.2563
473,12,273.02,0.52,330.12,174.04,0.6523,0.3261,4.7022,17.4139,0.0,0.2254
474,12,271.98,0.04,329.25,172.4,0.7861,0.3931,4.7565,17.2422,0.0,0.2689
475,12,269.49,0.07,327.37,171.16,0.7471,0.3735,4.7931,16.9263,0.0,0.2539
476,12,267.56,0.56,325.87,170.55,0.8647,0.4324,4.809,16.6886,0.0,0.2932
476,34,86.15,0.06,131.14,121.1,0.6343,0.3171,7.3527,10.6305,60.2185,0.1564
477,12,265.45,0.76,324.45,170.82,0.7642,0.3821,4.7928,16.4698,0.0,0.2601
477,34,83.55,0.23,128.49,121.69,0.6113,0.3056,7.3134,10.9533,0.0,0.2019
478,12,267.48,0.93,322.41,156.04,0.4561,0.2281,5.3907,16.1442,162.4404,0.073
478,34,81.96,0.24,127.01,121.7,0.4893,0.2447,7.3179,11.1563,0.0,0.1616
479,12,264.76,1.21,323.28,166.37,0.835,0.4175,4.9562,16.2262,18.9323,0.2677
480,12,265.11,1.3,320.9,156.88,0.75,0.375,5.3456,15.9006,162.0747,0.1202
481,12,260.58,1.35,319.36,164.45,0.7378,0.3689,5.0167,15.6506,19.4631,0.2343
481,34,78.85,0.49,123.48,120.39,0.3184,0.1592,7.438,11.6466,151.1827,0.052
482,12,258.68,1.18,318.58,167.04,0.7695,0.3847,4.9113,15.5429,20.4541,0.2483
482,34,75.4,0.37,122.86,125.86,0.4272,0.2136,7.0123,11.7271,14.7885,0.1386
483,12,257.65,0.56,317.87,168.06,0.8711,0.4355,4.8696,15.4585,0.0,0.2927
483,34,75.08,0.15,122.68,123.29,0.5581,0.2791,7.2108,11.8429,166.7255,0.091
484,12,256.25,0.14,314.82,163.28,0.9009,0.4505,5.0478,15.0402,158.9833,0.145
484,34,73.75,0.25,120.38,119.19,0.2081,0.1041,7.5556,12.2334,166.5188,0.0339
485,12,255.03,0.0,313.15,162.77,0.5947,0.2974,5.0634,14.8375,0.0,0.1949
486,12,255.29,2.09,310.05,156.07,0.3184,0.1592,5.3434,14.5164,161.697,0.0514
486,48,263.66,0.0,310.12,86.08,0.6206,0.3103,12.1283,16.9354,0.0,0.2024
487,12,253.81,0.7,309.85,159.67,0.3904,0.1952,5.1839,14.4695,18.3439,0.1248
487,48,262.79,0.0,308.35,84.43,0.7622,0.3811,12.4723,16.8886,169.7005,0.1216
488,12,253.89,0.21,308.1,155.02,0.3567,0.1784,5.3847,14.2764,161.9706,0.0576
488,48,259.46,0.11,305.95,86.22,0.5962,0.2981,12.0681,16.4441,13.7336,0.1918
489,12,252.53,0.12,307.08,157.8,0.8506,0.4253,5.2571,14.1631,18.8126,0.2717
490,12,252.55,0.09,305.5,154.57,0.8604,0.4302,5.3983,14.0055,161.7432,0.1391
491,-1,255.94,0.0,301.5,86.7,0.2494,0.1247,11.941,15.9547,0.0,0.0815
493,-1,255.66,2.39,298.41,152.16,0.2024,0.1012,5.5035,13.7066,0.0,0.0665
494,34,51.22,0.0,100.4,130.52,0.3049,0.1525,6.7705,14.7422,30.7461,0.0928
494,48,245.51,0.03,293.33,87.26,0.2598,0.1299,11.7666,14.8555,52.4092,0.0683
494,12,250.86,1.43,301.32,152.0,0.3794,0.1897,5.5078,13.5771,153.3033,0.0615
497,12,249.62,0.17,298.71,151.1,0.291,0.1455,5.5443,13.307,0.0,0.0957
499,48,240.61,0.29,289.43,88.66,0.3647,0.1824,11.4677,14.2561,23.6345,0.1146
504,12,242.26,0.13,290.05,150.49,0.4475,0.2238,5.5475,12.2104,92.1668,0.0729
505,12,240.71,0.38,288.29,150.41,0.2101,0.1051,5.5463,11.9832,0.0,0.0693
506,12,241.03,0.27,287.63,150.94,0.708,0.354,5.5202,11.9657,0.0,0.2334
508,12,241.35,0.33,286.72,150.63,0.3557,0.1779,5.5342,11.9218,0.0,0.1173
509,12,245.64,0.36,280.45,108.43,0.2012,0.1006,8.6023,12.7499,168.7843,0.0327
510,12,241.66,0.18,284.55,136.83,0.834,0.417,6.2791,11.8006,15.1769,0.2702
510,34,34.91,0.84,83.4,138.42,0.5205,0.2602,6.3356,16.8566,0.0,0.1698
511,12,241.18,9.97,282.56,141.76,0.7031,0.7031,5.9876,11.5924,16.1009,0.4548
511,34,34.58,1.02,82.69,140.55,0.3242,0.1621,6.2117,16.9144,16.0586,0.1036
512,12,239.31,3.86,282.76,143.7,0.7725,0.3862,5.8785,11.4732,17.0551,0.2493
512,34,30.96,0.94,79.15,143.85,0.3015,0.1507,6.0413,17.3771,24.1144,0.0938
513,12,239.1,1.67,282.01,140.13,0.6714,0.3357,6.0757,11.4197,164.0978,0.1097
513,34,29.62,0.87,76.85,143.2,0.2766,0.1383,6.0859,17.615,0.0,0.09
514,12,238.69,0.56,281.76,139.94,0.8442,0.4221,6.0856,11.3756,0.0,0.2786
514,34,31.5,0.6,76.65,137.31,0.4331,0.2165,6.428,17.5283,164.8253,0.0688
515,12,238.76,0.19,281.31,137.91,0.8618,0.4309,6.2039,11.3671,164.5114,0.1408
515,34,30.04,0.31,76.04,140.8,0.5283,0.2641,6.2237,17.6453,16.2976,0.1684
516,12,238.8,0.01,281.18,137.3,0.8789,0.4395,6.2404,11.3676,0.0,0.2901
516,34,28.54,0.2,75.8,146.18,0.7598,0.3799,5.9286,17.7558,16.459,0.242
517,12,238.87,0.04,281.13,137.17,0.8027,0.4013,6.2482,11.3705,0.0,0.2649
517,34,26.57,0.34,74.43,148.39,0.4678,0.2339,5.8209,17.9802,21.1599,0.1469
518,12,239.05,0.01,280.07,132.7,0.7515,0.3757,6.5283,11.3798,165.2376,0.1228
518,34,26.69,0.21,74.96,150.68,0.708,0.354,5.7041,17.9507,16.6101,0.2253
519,12,238.9,0.05,279.37,130.16,0.8721,0.436,6.6975,11.3767,165.4218,0.1425
519,34,25.89,0.35,75.21,155.46,0.7441,0.372,5.4777,18.0297,17.4175,0.2363
520,12,235.85,0.03,277.81,133.29,0.8677,0.4339,6.4809,10.9951,17.3312,0.28
520,34,25.28,0.22,75.12,158.43,0.7568,0.3784,5.346,18.1132,17.9906,0.2398
521,12,231.92,0.02,275.63,135.48,0.8701,0.435,6.3323,10.537,23.1004,0.276
521,34,25.62,0.44,75.8,160.07,0.75,0.375,5.2728,18.0724,0.0,0.2438
522,12,229.84,0.02,273.97,133.31,0.8711,0.4355,6.4642,10.3191,160.1673,0.1428
522,34,25.0,2.26,75.04,161.01,0.7925,0.3962,5.2358,18.1765,0.0,0.2576
523,12,228.4,0.07,273.32,132.76,0.8467,0.4234,6.4968,10.1872,0.0,0.28
524,12,226.89,0.19,273.19,134.01,0.7861,0.3931,6.4137,10.0485,0.0,0.26
524,34,24.17,1.96,75.26,164.96,0.3647,0.1824,5.0751,18.2894,18.7611,0.1153
525,12,225.32,0.33,271.44,130.77,0.7822,0.3911,6.6218,9.8953,163.5532,0.1284
525,34,23.81,3.73,74.73,167.84,0.4648,0.2324,4.9645,18.4091,19.4197,0.1477
526,12,223.17,0.19,270.17,130.53,0.8843,0.4421,6.6331,9.668,0.0,0.2927
526,34,25.57,5.83,77.2,170.71,0.4707,0.4707,4.8484,18.2116,21.9269,0.3041
527,12,221.91,0.57,269.69,131.63,0.7002,0.3501,6.5566,9.5195,0.0,0.2318
527,34,26.0,8.07,74.34,159.76,0.2063,0.2063,5.2884,18.1369,162.1782,0.0654
528,12,220.57,0.8,268.22,128.75,0.3923,0.1961,6.7496,9.4111,164.0306,0.0645
529,12,219.26,0.46,268.39,130.86,0.8442,0.4221,6.6027,9.2696,14.7633,0.2749
529,34,27.53,13.4,73.12,151.02,0.4102,0.4102,5.6896,18.0179,163.2712,0.13
530,12,217.68,0.34,267.02,130.35,0.8813,0.4406,6.6333,9.0826,0.0,0.2919
530,34,21.54,11.0,73.3,168.55,0.3557,0.3557,4.945,18.6603,19.5425,0.2267
531,12,215.97,0.2,266.2,132.59,0.8667,0.4334,6.4806,8.8466,16.363,0.2813
531,34,21.38,9.04,72.17,161.79,0.5459,0.5459,5.217,18.6054,161.9511,0.1725
532,12,215.2,0.2,265.0,131.45,0.8516,0.4258,6.5533,8.7422,0.0,0.2822
532,34,17.12,8.19,71.58,172.48,0.4756,0.4756,4.8124,19.145,20.3525,0.3103
533,12,214.5,0.2,263.93,130.73,0.8271,0.4135,6.5993,8.6423,0.0,0.2741
533,34,15.84,8.41,71.98,177.91,0.5068,0.5068,4.6257,19.3553,20.4657,0.343
534,12,214.34,0.15,263.51,130.05,0.8159,0.4079,6.6448,8.6241,0.0,0.2704
534,34,15.26,8.13,72.0,180.26,0.4561,0.4561,4.5493,19.4647,0.0,0.3228
535,12,213.09,0.32,262.02,130.55,0.6001,0.3,6.6073,8.4208,0.0,0.199
535,34,18.67,8.13,69.75,160.77,0.5688,0.5688,5.2712,18.916,161.9947,0.1794
536,12,212.79,0.2,260.81,129.11,0.3049,0.1525,6.7043,8.3665,0.0,0.1011
536,34,17.84,8.19,72.67,172.06,0.7393,0.7393,4.8239,19.0205,19.4139,0.4828
537,12,212.28,0.15,259.89,129.19,0.6235,0.3118,6.697,8.2665,0.0,0.2068
537,34,16.96,8.3,72.92,175.42,0.5566,0.5566,4.7063,19.1526,20.1813,0.3712
538,12,211.91,0.18,259.07,129.27,0.8394,0.4197,6.69,8.1828,0.0,0.2784
538,34,18.83,10.26,74.72,177.14,0.5176,0.5176,4.6402,18.9755,0.0,0.3605
539,12,213.1,0.24,260.1,128.89,0.2466,0.1233,6.7191,8.3473,0.0,0.0818
539,34,20.21,9.73,76.74,177.55,0.6167,0.6167,4.6198,18.7765,0.0,0.4315
540,12,211.99,0.22,258.77,129.27,0.7559,0.378,6.6897,8.1678,0.0,0.2507
540,34,20.62,8.78,79.15,182.26,0.7319,0.7319,4.4612,18.762,21.1786,0.5111
541,34,21.02,9.69,80.69,184.54,0.6851,0.6851,4.3868,18.7279,0.0,0.5007
542,34,20.89,9.49,82.17,187.56,0.8076,0.8076,4.2937,18.7659,0.0,0.6001
542,12,210.68,0.19,255.93,127.98,0.7056,0.3528,6.7753,7.9364,0.0,0.2341
543,34,19.93,13.06,81.7,191.03,0.7251,0.7251,4.1961,19.0004,0.0,0.5479
543,12,210.14,0.18,254.4,127.96,0.7559,0.378,6.7743,7.7977,0.0,0.2508
544,34,20.29,14.81,83.19,192.84,0.6577,0.6577,4.1423,18.9703,0.0,0.5018
544,12,209.92,0.13,253.36,128.37,0.6133,0.3066,6.7438,7.696,0.0,0.2035
545,34,20.94,15.45,84.62,193.36,0.4863,0.4863,4.1244,18.8696,0.0,0.3723
545,12,210.76,0.16,251.91,123.84,0.5449,0.2725,7.0773,7.8648,166.4225,0.09
546,34,20.24,15.4,85.73,195.41,0.3738,0.3738,4.0681,18.9421,0.0,0.2889
546,12,210.16,0.41,252.56,129.01,0.4045,0.2023,6.6984,7.6325,14.2528,0.1322
547,34,21.52,16.19,88.76,199.62,0.7485,0.7485,3.951,18.8988,24.6697,0.5675
548,34,22.43,16.38,91.17,203.64,0.4331,0.4331,3.8457,18.923,24.711,0.3344
548,12,210.17,0.2,253.42,135.59,0.4514,0.2257,6.2685,7.4873,15.2512,0.1472
549,34,23.1,17.53,92.34,206.66,0.834,0.834,3.7707,18.9902,0.0,0.6776
549,12,209.24,0.21,251.73,137.67,0.6489,0.3245,6.1401,7.2624,17.7148,0.2103
550,34,23.9,17.49,93.31,208.28,0.7241,0.7241,3.7303,18.9855,0.0,0.5922
551,34,21.16,20.76,90.38,208.82,0.7163,0.7163,3.7267,19.339,0.0,0.5857
552,34,21.56,7.55,94.36,208.37,0.2281,0.2281,3.7302,19.0641,0.0,0.1865
552,57,217.39,0.08,243.02,48.58,0.3364,0.1682,31.9409,15.1125,0.0,0.1102
553,34,21.32,17.79,91.07,208.18,0.6748,0.6748,3.7401,19.2531,0.0,0.5506
553,12,207.86,0.3,248.11,134.7,0.7393,0.3696,6.3158,6.9795,160.1351,0.1223
554,34,25.32,22.19,93.09,208.34,0.4697,0.4697,3.7271,18.9211,0.0,0.3844
554,12,205.99,0.29,246.45,138.41,0.5029,0.2515,6.0881,6.6511,16.919,0.1634
555,12,205.99,0.33,244.17,131.99,0.7241,0.362,6.4837,6.6646,164.9999,0.1199
556,12,203.87,0.34,241.72,129.45,0.3269,0.1635,6.6502,6.4591,160.5798,0.0541
556,34,22.66,24.41,90.22,208.33,0.2942,0.2942,3.7358,19.2341,0.0,0.2402
557,12,202.81,0.28,240.6,128.54,0.6406,0.3203,6.7114,6.3567,0.0,0.2129
558,12,202.27,0.3,240.03,128.32,0.8271,0.4135,6.7258,6.294,0.0,0.2749
559,12,202.48,0.3,239.48,123.91,0.4543,0.2271,7.0499,6.5212,166.4121,0.0752
559,34,21.68,24.35,90.49,207.76,0.502,0.502,3.7501,19.2409,0.0,0.409
560,12,201.22,0.24,239.19,126.78,0.6074,0.3037,6.8341,6.2516,14.3432,0.1987
560,34,21.61,23.5,91.99,208.04,0.6289,0.6289,3.7414,19.1761,0.0,0.5132
561,12,200.79,0.22,239.09,127.89,0.835,0.4175,6.754,6.1565,0.0,0.2775
561,34,23.75,24.05,94.34,207.66,0.3914,0.3914,3.7433,18.8984,0.0,0.3195
562,12,200.62,0.25,239.12,128.33,0.79,0.395,6.7228,6.1242,0.0,0.2626
562,34,34.76,23.49,103.17,207.68,0.3523,0.3523,3.7135,17.7755,0.0,0.2897
563,12,200.51,0.21,239.24,127.99,0.4417,0.2208,6.7468,6.1426,0.0,0.1468
564,12,199.49,0.19,238.08,127.74,0.2487,0.1244,6.7627,6.013,0.0,0.0827
565,12,199.07,0.18,237.36,127.47,0.499,0.2495,6.7809,5.9536,0.0,0.1659
565,34,43.96,43.9,105.08,208.87,0.3577,0.3577,3.671,17.2314,0.0,0.2965
566,-1,201.38,0.0,240.47,67.85,0.3252,0.1626,17.0819,12.2175,0.0,0.1072
567,12,197.52,0.36,235.77,128.43,0.3887,0.1943,6.7103,5.6949,0.0,0.1292
567,34,51.55,30.11,120.02,222.18,0.5332,0.5332,3.3625,17.0475,31.6097,0.4377
568,12,197.0,0.14,234.98,128.27,0.7529,0.3765,6.7205,5.6184,0.0,0.2504
568,34,56.33,40.5,121.91,229.28,0.3674,0.3674,3.221,17.3355,29.4022,0.3107
569,12,197.06,0.11,235.04,128.91,0.8062,0.4031,6.6758,5.5905,0.0,0.2681
569,34,52.7,35.52,121.56,232.64,0.5029,0.5029,3.165,17.8252,0.0,0.4503
570,12,196.53,0.1,234.73,130.36,0.7456,0.3728,6.5758,5.4584,14.9587,0.2438
570,34,52.97,31.11,125.62,237.18,0.222,0.222,3.0821,18.0403,0.0,0.2011
571,12,197.73,2.31,235.47,129.88,0.2289,0.1144,6.6099,5.6116,0.0,0.0761
571,57,203.66,0.04,239.34,64.35,0.5698,0.2849,18.675,12.6776,0.0,0.1876
572,34,57.76,31.2,133.25,243.5,0.4292,0.4292,2.9664,18.1049,36.5708,0.3673
573,-1,99.98,191.81,136.27,247.5,0.2161,0.2161,2.8674,16.8055,0.0,0.2024
573,-1,207.7,0.07,225.7,16.8,0.2006,0.1003,10.0,90.0,0.0,0.0
574,34,62.12,34.02,137.47,246.74,0.4902,0.4902,2.9079,18.0794,0.0,0.4555
575,34,62.84,33.38,138.28,247.36,0.5,0.5,2.8971,18.0822,0.0,0.4653
575,12,194.35,0.77,234.43,137.42,0.3657,0.1829,6.1269,5.0118,16.0153,0.1193
576,34,63.24,30.17,139.41,247.74,0.3208,0.3208,2.8899,18.0612,0.0,0.2989
577,34,65.08,30.86,140.53,248.03,0.6558,0.6558,2.883,17.976,0.0,0.6116
578,34,68.27,31.83,143.56,248.28,0.7686,0.7686,2.874,17.7648,0.0,0.7181
578,12,194.46,0.47,236.12,144.17,0.7188,0.3594,5.7506,5.0512,16.6654,0.2341
579,34,75.32,32.17,149.92,248.14,0.8369,0.8369,2.8656,17.2583,0.0,0.7835
579,12,194.69,0.63,235.92,144.9,0.7695,0.3847,5.7123,5.0549,0.0,0.256
580,34,89.34,31.9,167.69,247.31,0.8525,0.8525,2.8571,16.1249,87.7515,0.5277
580,12,194.98,0.87,235.65,145.34,0.5581,0.2791,5.6895,5.0583,0.0,0.1857
581,34,85.85,32.04,164.06,246.96,0.7778,0.7778,2.8667,16.2999,0.0,0.7294
581,12,196.52,0.49,238.18,145.94,0.6216,0.3108,5.6615,5.3515,0.0,0.2067
582,34,92.23,31.8,172.71,246.8,0.7793,0.7793,2.8605,15.8368,0.0,0.732
582,12,195.67,0.33,236.91,145.31,0.8037,0.4018,5.6924,5.1969,0.0,0.2673
583,34,94.67,31.77,175.88,247.27,0.7485,0.7485,2.8504,15.7415,0.0,0.7042
583,12,197.61,0.27,239.33,145.31,0.6992,0.3496,5.6956,5.5068,0.0,0.2325
584,34,97.53,32.03,180.53,248.72,0.668,0.668,2.8251,15.7296,0.0,0.6307
584,12,195.7,0.23,237.35,145.02,0.4177,0.2089,5.7078,5.229,0.0,0.1389
584,57,195.35,0.16,235.53,71.85,0.3015,0.1507,15.5395,11.3834,7.9242,0.099
585,34,91.18,32.47,172.05,248.42,0.7007,0.7007,2.8369,16.0795,0.0,0.6601
585,12,196.31,0.22,237.85,145.72,0.8237,0.4118,5.6724,5.3116,0.0,0.274
586,34,97.83,31.98,183.93,254.69,0.7192,0.7192,2.7368,16.3856,46.482,0.6121
586,12,197.02,0.21,238.67,146.33,0.8394,0.4197,5.6423,5.425,0.0,0.2792
587,34,105.39,31.41,193.93,255.36,0.4922,0.4922,2.7206,16.1237,0.0,0.4713
587,12,197.56,0.2,240.75,152.37,0.7832,0.3916,5.3513,5.7267,18.1183,0.2539
588,34,109.03,32.11,200.92,261.47,0.7686,0.7686,2.634,16.7424,0.0,0.744
588,12,197.89,0.19,241.4,153.81,0.8262,0.4131,5.2862,5.8405,0.0,0.2747
589,34,111.82,36.57,204.13,264.3,0.8677,0.8677,2.5953,17.0307,0.0,0.844
589,12,198.45,0.28,241.75,153.49,0.8237,0.4118,5.3013,5.8926,0.0,0.2738
590,34,111.96,35.05,206.7,267.45,0.8433,0.8433,2.5543,17.4063,0.0,0.8243
590,12,200.8,0.22,240.66,138.79,0.5571,0.2786,6.0563,5.8719,164.3194,0.0924
591,34,113.12,37.86,207.77,268.86,0.8271,0.8271,2.5361,17.5647,0.0,0.8103
591,12,200.33,0.28,242.16,145.62,0.7485,0.3743,5.6838,5.9025,16.7394,0.2436
592,34,113.05,37.07,209.23,271.36,0.8628,0.8628,2.5049,17.8729,0.0,0.8484
592,12,201.42,0.21,245.29,153.57,0.8296,0.4148,5.3026,6.3454,18.5007,0.2685
593,34,111.7,31.46,209.2,270.4,0.4368,0.4368,2.517,17.7629,0.0,0.4289
593,12,201.94,0.18,246.18,155.23,0.5728,0.2864,5.2294,6.497,0.0,0.1903
594,34,112.64,28.99,211.19,271.35,0.5537,0.5537,2.5047,17.8572,0.0,0.5445
594,12,203.38,0.17,247.44,154.55,0.7847,0.3923,5.2618,6.66,0.0,0.2607
595,34,114.81,25.84,213.82,272.2,0.8076,0.8076,2.4935,17.9258,0.0,0.7938
595,12,209.64,0.16,244.58,116.96,0.5859,0.2929,7.638,7.7474,167.4514,0.0968
596,34,116.61,25.1,214.79,272.39,0.7231,0.7231,2.4908,17.9294,0.0,0.7105
596,12,206.23,0.15,249.0,144.63,0.4141,0.2071,5.7462,6.8015,16.5028,0.1347
597,34,122.72,31.64,216.85,272.21,0.7285,0.7285,2.4919,17.8557,0.0,0.716
597,12,205.71,0.16,250.65,153.4,0.7041,0.352,5.3184,7.0093,17.8091,0.2282
598,34,130.15,34.38,222.07,270.78,0.7925,0.7925,2.5085,17.6244,0.0,0.7792
598,12,209.09,0.06,248.56,132.35,0.2903,0.1452,6.4676,7.1657,165.2728,0.048
599,34,137.82,36.1,229.22,271.13,0.6968,0.6968,2.5042,17.6686,0.0,0.6855
599,12,209.13,0.07,249.1,133.23,0.4368,0.2184,6.4112,7.1779,0.0,0.145
600,34,142.9,36.96,233.77,270.49,0.4961,0.4961,2.5126,17.6146,0.0,0.4875
601,34,146.21,31.8,239.74,273.19,0.4922,0.4922,2.4807,18.0146,0.0,0.4829
601,12,205.36,0.0,254.46,167.49,0.3477,0.1739,4.7432,7.8662,19.7515,0.1179
602,34,152.06,35.21,246.33,279.14,0.6548,0.6548,2.4127,18.8742,0.0,0.6354
602,12,209.04,0.0,251.76,144.61,0.7671,0.3836,5.7525,7.1951,163.5345,0.1268
603,34,157.22,37.67,252.68,285.08,0.835,0.4175,2.3485,19.7399,0.0,0.4009
603,12,211.31,0.01,251.12,134.13,0.4795,0.2397,6.3583,7.4427,165.0199,0.0792
604,34,164.98,65.28,252.33,287.48,0.6177,0.3089,2.3243,20.126,0.0,0.2953
604,12,213.15,0.07,251.15,127.52,0.6309,0.3155,6.8055,7.8,165.9047,0.1042
605,34,171.01,77.7,251.83,279.01,0.4902,0.4902,2.4205,19.1464,0.0,0.476
606,34,166.87,52.29,259.27,284.33,0.8203,0.4102,2.3615,19.8548,0.0,0.3944
606,12,220.05,0.1,249.05,91.67,0.3896,0.1948,10.781,10.7209,171.0357,0.0638
607,34,181.12,120.88,251.06,286.63,0.5698,0.2849,2.3383,20.2286,0.0,0.2729
607,12,227.07,0.02,257.74,86.96,0.5273,0.2636,11.6806,11.9561,164.8899,0.086
608,34,172.19,65.61,264.8,288.0,0.8086,0.4043,2.3252,20.4723,0.0,0.3864
608,12,228.38,0.0,261.38,86.66,0.4055,0.2028,11.7518,12.2362,134.8755,0.066
609,34,171.48,52.34,268.53,288.0,0.835,0.4175,2.3264,20.5222,0.0,0.399
610,34,171.51,47.83,268.94,287.74,0.6387,0.3194,2.3294,20.4982,0.0,0.3053
611,34,169.31,45.45,263.35,281.76,0.4951,0.4951,2.3925,19.6382,0.0,0.4784
612,34,171.84,45.24,266.89,285.91,0.7686,0.3843,2.3486,20.2467,0.0,0.3686
612,12,228.87,0.0,264.48,85.54,0.4688,0.2344,11.9896,12.522,165.6892,0.0763
613,34,172.34,44.87,264.36,280.33,0.5879,0.5879,2.4102,19.5301,0.0,0.5696
613,12,220.32,0.0,259.37,93.2,0.4456,0.2228,10.5453,11.1231,11.8272,0.1456
614,34,173.18,45.68,264.91,283.22,0.6362,0.3181,2.3781,19.9078,0.0,0.3066
615,34,177.35,41.31,270.36,286.5,0.3594,0.1797,2.3458,20.4772,0.0,0.1722
615,12,219.72,0.0,260.88,98.83,0.3269,0.1635,9.6973,10.6863,10.0177,0.1072
616,34,181.54,40.61,273.54,287.55,0.8101,0.4051,2.3377,20.7439,0.0,0.3875
617,12,221.75,0.0,264.31,97.41,0.4707,0.2354,9.9094,11.1067,160.7224,0.077
618,34,185.46,11.24,285.17,287.72,0.3433,0.1716,2.3437,21.092,0.0,0.1642
619,34,191.58,8.47,288.65,287.68,0.4207,0.2104,2.3495,21.3105,0.0,0.2013
620,34,198.63,1.86,294.24,287.69,0.3184,0.1592,2.3572,21.6281,0.0,0.1524
621,80,125.1,32.35,147.86,51.99,0.3794,0.3794,27.6891,14.3018,0.0,0.249
622,12,217.09,0.09,262.08,102.54,0.2917,0.1459,9.2029,10.3045,12.2314,0.0953
623,12,226.02,0.06,274.8,100.8,0.396,0.198,9.469,11.6895,136.8641,0.0646
624,12,219.19,0.24,268.37,102.66,0.2451,0.1226,9.2027,10.7783,31.5223,0.075
624,34,211.11,0.0,304.47,287.14,0.2886,0.1443,2.3791,22.1972,0.0,0.1384
625,12,225.86,0.35,278.84,102.33,0.4746,0.2373,9.2781,11.8113,111.4231,0.0774
625,34,217.34,0.0,309.54,287.25,0.4717,0.2359,2.3867,22.5491,0.0,0.2263
626,12,227.96,0.35,285.53,104.54,0.499,0.2495,9.0226,12.1962,24.2584,0.1571
627,34,224.58,30.17,306.89,286.69,0.4397,0.2198,2.3966,22.6331,0.0,0.2112
628,-1,219.66,1.41,268.31,168.33,0.2959,0.1479,4.7385,9.729,0.0,0.1031
628,-1,220.78,0.0,299.53,288.0,0.2759,0.1379,2.3733,22.4298,0.0,0.1321
628,-1,231.19,1.69,265.5,48.73,0.2295,0.1148,31.9295,16.3658,0.0,0.075
629,-1,224.44,223.59,289.69,287.72,0.3748,0.1874,2.3717,22.2176,0.0,0.1796
629,-1,215.72,2.39,268.03,103.5,0.2338,0.1169,9.0912,10.4934,0.0,0.0773
630,-1,223.88,2.95,273.38,178.31,0.5107,0.2554,4.4057,10.8783,0.0,0.1889
630,-1,226.97,2.95,273.09,103.85,0.2043,0.1022,9.0788,11.4301,0.0,0.0674
631,-1,225.28,3.94,272.81,107.86,0.3015,0.1507,8.608,11.0447,0.0,0.0996
632,12,206.01,3.25,293.62,174.72,0.6377,0.3189,4.5263,10.8155,20.6043,0.224
633,-1,226.97,4.5,273.66,189.84,0.3459,0.1729,4.0649,11.8726,0.0,0.1356
633,-1,234.28,5.13,271.97,56.46,0.3381,0.3381,23.8397,15.944,0.0,0.2211
633,-1,284.2,48.16,320.06,91.62,0.2659,0.2659,11.1822,18.4094,0.0,0.1727
634,93,280.42,46.93,320.13,95.05,0.4358,0.4358,10.5919,18.0165,0.0,0.2834
634,12,206.29,6.06,293.39,190.4,0.7642,0.7642,4.0484,11.8603,22.809,0.5811
635,12,209.21,7.8,292.42,191.12,0.3831,0.3831,4.0306,12.0266,0.0,0.3021
636,12,208.96,8.4,289.25,192.22,0.5815,0.5815,3.9973,11.9176,0.0,0.4612
637,80,124.73,32.29,147.38,51.96,0.6206,0.6206,27.7243,14.33,0.0,0.4073
637,93,282.54,43.47,324.54,94.8,0.2759,0.2759,10.6565,18.4208,128.7895,0.0873
638,-1,240.75,7.31,280.41,57.55,0.3008,0.3008,23.0849,16.4888,0.0,0.1964
639,12,215.26,8.82,285.46,169.31,0.3914,0.3914,4.7166,10.6076,160.1795,0.143
640,12,220.42,8.15,291.9,176.09,0.4834,0.4834,4.4949,11.6948,27.6358,0.3331
640,34,254.27,27.11,336.48,286.94,0.4893,0.2447,2.4505,24.7065,104.5954,0.154
640,93,288.21,42.25,321.79,83.28,0.3496,0.3496,12.8964,19.1911,172.4856,0.1101
641,12,222.4,7.95,294.53,182.4,0.5938,0.5938,4.2994,12.3417,23.2928,0.4306
641,34,261.95,19.24,346.43,285.41,0.3425,0.1713,2.4876,25.2381,0.0,0.1655
643,12,226.91,8.3,301.23,195.48,0.3877,0.3877,3.9429,13.8693,25.7821,0.2965
644,12,228.32,8.35,299.6,191.27,0.4514,0.4514,4.0554,13.5676,157.1751,0.2031
645,12,229.8,8.68,301.65,197.72,0.7002,0.7002,3.889,14.2186,24.8046,0.5418
645,80,125.73,32.34,147.57,51.56,0.3611,0.3611,28.1558,14.3444,173.6032,0.1166
646,12,232.18,8.87,301.99,196.42,0.7485,0.7485,3.9256,14.2831,0.0,0.5985
647,12,232.76,8.79,302.37,199.67,0.7939,0.7939,3.8442,14.5683,0.0,0.6431
648,12,233.7,9.1,302.09,199.74,0.5918,0.5918,3.8433,14.6107,0.0,0.4794
649,12,233.55,9.27,301.66,201.88,0.7334,0.7334,3.79,14.7342,0.0,0.5992
650,12,227.33,9.39,297.29,205.48,0.4197,0.4197,3.6925,14.4301,36.0312,0.3218
651,12,230.29,9.78,298.86,203.57,0.7778,0.7778,3.7424,14.5259,0.0,0.6407
652,12,226.38,10.45,298.02,213.29,0.6377,0.6377,3.5181,15.0705,26.128,0.5221
653,12,224.27,10.77,297.62,218.87,0.7349,0.7349,3.3998,15.4383,26.8461,0.6115
654,12,222.12,11.24,294.23,213.49,0.7725,0.7725,3.5056,14.6801,150.4969,0.403
655,12,219.93,12.03,293.3,216.23,0.7393,0.7393,3.4451,14.774,0.0,0.638
656,12,217.79,12.68,292.09,218.48,0.8271,0.8271,3.396,14.8225,0.0,0.7191
657,12,213.27,13.27,289.83,223.5,0.8394,0.8394,3.2913,14.9967,30.881,0.7016
658,12,210.36,14.39,288.0,225.89,0.8423,0.8423,3.242,15.0293,0.0,0.7494
659,12,207.77,15.16,286.07,225.98,0.7612,0.7612,3.2366,14.8451,0.0,0.678
660,12,210.34,15.98,288.68,224.25,0.7075,0.7075,3.2735,14.8911,0.0,0.6266
661,12,204.35,16.82,284.85,225.92,0.7559,0.7559,3.2341,14.644,0.0,0.6737
661,100,276.81,32.43,352.74,250.76,0.7349,0.7349,2.9723,23.2985,0.0,0.6686
661,80,125.28,32.27,147.41,52.02,0.3174,0.3174,27.658,14.3059,0.0,0.2083
662,12,208.11,16.93,288.18,223.34,0.6899,0.6899,3.2885,14.679,0.0,0.6099
662,100,277.78,31.81,353.0,247.89,0.6299,0.6299,3.0185,23.1434,0.0,0.5695
663,12,203.86,17.31,283.31,225.26,0.7642,0.7642,3.2448,14.4899,0.0,0.6802
663,100,278.03,30.73,351.82,242.2,0.6909,0.6909,3.1088,22.6833,0.0,0.617
664,12,201.74,17.52,280.21,226.58,0.8076,0.8076,3.2163,14.4188,0.0,0.722
664,100,278.1,31.71,350.25,237.35,0.7212,0.7212,3.1886,22.2638,0.0,0.6371
665,12,200.9,16.93,278.42,226.75,0.8594,0.8594,3.2112,14.3329,0.0,0.769
665,100,277.68,32.15,349.68,235.79,0.7529,0.7529,3.2143,22.1046,0.0,0.6627
666,12,201.05,16.68,277.37,226.21,0.8369,0.8369,3.2206,14.2384,0.0,0.7479
666,100,278.56,29.98,351.23,234.84,0.4932,0.4932,3.2347,22.1625,0.0,0.4327
667,12,198.0,16.2,272.38,225.96,0.7002,0.7002,3.2196,13.9004,0.0,0.6262
667,100,276.32,27.76,349.6,234.83,0.4253,0.4253,3.2291,21.9644,0.0,0.3737
668,12,197.44,16.28,270.17,226.19,0.5962,0.5962,3.2135,13.8227,0.0,0.5337
669,12,199.51,15.93,271.81,225.69,0.7041,0.7041,3.2253,13.9058,0.0,0.6291
669,100,277.83,29.32,350.66,234.94,0.7075,0.7075,3.231,22.1031,0.0,0.6212
670,12,200.27,15.7,272.56,226.21,0.8159,0.8159,3.2167,14.0214,0.0,0.7298
670,100,277.6,29.38,350.34,235.17,0.708,0.708,3.2261,22.091,0.0,0.6221
671,12,196.09,15.88,267.38,227.68,0.5698,0.5698,3.1835,13.8424,0.0,0.5124
671,100,275.93,29.04,348.7,236.22,0.6558,0.6558,3.2028,21.9964,0.0,0.5784
672,12,193.48,15.48,263.55,226.55,0.7153,0.7153,3.2003,13.486,0.0,0.6419
672,100,276.43,29.51,348.96,236.45,0.7007,0.7007,3.1999,22.051,0.0,0.6182
673,12,194.24,15.69,267.14,233.61,0.7319,0.7319,3.0772,14.4594,30.4308,0.6342
673,100,278.18,29.15,351.55,237.68,0.7285,0.7285,3.185,22.3566,0.0,0.6437
674,12,189.64,15.77,260.98,233.57,0.4436,0.4436,3.0718,14.1123,0.0,0.4053
674,100,278.54,28.94,351.34,234.98,0.7471,0.7471,3.2323,22.1767,0.0,0.6557
675,12,185.82,16.16,257.41,239.97,0.8027,0.8027,2.9615,14.6813,33.0923,0.7012
675,100,278.84,28.05,351.92,233.78,0.8594,0.8594,3.255,22.1397,0.0,0.7518
676,12,182.99,16.31,254.43,245.27,0.7422,0.7422,2.8753,15.192,0.0,0.6964
676,100,278.95,27.54,352.51,233.54,0.8076,0.8076,3.2604,22.1593,0.0,0.7058
677,12,178.4,15.99,248.68,243.97,0.8052,0.8052,2.8911,14.7943,0.0,0.7543
677,100,279.51,26.82,353.32,232.91,0.8062,0.8062,3.2738,22.1873,0.0,0.7031
678,12,174.87,16.51,244.31,242.82,0.8384,0.8384,2.9062,14.4865,0.0,0.7841
678,100,278.51,25.91,352.68,232.42,0.7485,0.7485,3.2802,22.0697,0.0,0.6524
679,12,171.77,16.7,241.06,240.28,0.6226,0.6226,2.9445,14.0393,0.0,0.5795
679,100,274.58,24.57,348.45,232.07,0.8486,0.8486,3.2743,21.625,0.0,0.7411
680,12,164.04,16.96,234.86,241.86,0.3372,0.3372,2.9156,14.0307,0.0,0.3152
680,100,274.37,22.97,346.41,227.13,0.7041,0.7041,3.3628,21.1717,0.0,0.6073
680,105,163.05,129.87,223.84,240.24,0.4609,0.4609,2.9391,13.6791,0.0,0.4296
681,12,160.3,17.33,230.78,240.2,0.6807,0.6807,2.9405,13.716,0.0,0.6343
681,100,274.08,20.71,345.13,224.81,0.7656,0.7656,3.4051,20.934,0.0,0.6564
681,105,162.57,131.77,222.23,239.87,0.2295,0.2295,2.9448,13.6105,0.0,0.2137
682,12,156.38,18.39,226.58,238.04,0.6738,0.6738,2.9742,13.3485,0.0,0.6251
682,100,276.9,19.06,345.31,214.66,0.644,0.644,3.6182,20.4568,154.814,0.3198
682,105,159.82,130.29,219.42,237.65,0.3469,0.3469,2.9802,13.2676,0.0,0.3216
683,12,149.02,18.69,221.46,239.43,0.6387,0.6387,2.9504,13.462,0.0,0.5945
683,100,276.9,18.39,343.65,209.92,0.5688,0.5688,3.7208,20.0868,154.6636,0.2751
683,105,154.37,136.55,212.61,239.54,0.3218,0.3218,2.9484,13.4661,0.0,0.2996
684,12,143.53,17.96,218.19,240.49,0.687,0.687,2.933,13.5868,0.0,0.6409
684,100,276.2,17.52,340.65,203.36,0.6504,0.6504,3.8695,19.5121,154.8276,0.3024
684,105,151.1,140.91,209.17,241.04,0.3989,0.3989,2.9243,13.6609,0.0,0.3726
685,12,141.08,19.34,216.85,240.87,0.6992,0.6992,2.927,13.6386,0.0,0.6528
685,100,275.54,17.05,338.84,200.86,0.8516,0.8516,3.9274,19.2364,0.0,0.6737
686,12,139.88,18.18,217.28,240.43,0.8076,0.8076,2.934,13.5796,0.0,0.7533
686,100,276.19,16.54,338.84,199.78,0.771,0.771,3.9558,19.2185,0.0,0.607
686,105,149.78,143.38,208.56,241.32,0.3269,0.3269,2.9198,13.6993,0.0,0.3055
687,12,141.85,17.37,219.91,239.97,0.6206,0.6206,2.9414,13.5163,0.0,0.5783
687,100,276.88,16.1,338.8,198.45,0.8145,0.8145,3.991,19.1892,0.0,0.6375
687,105,151.51,143.66,211.58,241.16,0.2261,0.2261,2.9224,13.6788,0.0,0.2112
688,12,143.44,20.58,220.84,240.43,0.8306,0.8306,2.934,13.5814,0.0,0.7748
688,100,276.79,15.88,338.33,198.44,0.8701,0.8701,3.9903,19.1558,0.0,0.6811
688,105,152.14,144.11,213.43,241.26,0.2737,0.2737,2.9209,13.6961,0.0,0.2557
689,12,142.04,21.33,219.82,240.58,0.7808,0.7808,2.9316,13.5991,0.0,0.7286
689,100,276.76,15.73,338.28,199.28,0.8423,0.8423,3.9685,19.1936,0.0,0.6618
690,12,134.92,20.57,214.63,242.3,0.8228,0.8228,2.9046,13.8502,0.0,0.7704
690,100,277.12,15.71,338.29,199.12,0.791,0.791,3.9733,19.2072,0.0,0.6209
691,12,137.74,20.46,216.83,241.46,0.8203,0.8203,2.9177,13.7229,0.0,0.7668
691,100,277.36,15.72,337.74,197.63,0.7305,0.7305,4.0113,19.1141,0.0,0.5699
692,12,136.0,20.31,215.67,242.41,0.6929,0.6929,2.9028,13.8583,0.0,0.649
692,100,277.8,15.75,338.05,198.27,0.4844,0.4844,3.9959,19.1902,0.0,0.3788
693,12,131.9,20.53,211.57,242.2,0.8403,0.8403,2.9067,13.8649,0.0,0.7866
693,100,277.89,15.88,337.9,198.37,0.7148,0.7148,3.9932,19.1917,0.0,0.5592
694,12,128.27,20.41,207.23,240.99,0.791,0.791,2.9268,13.7584,0.0,0.7384
694,100,278.47,16.03,337.67,196.79,0.6646,0.6646,4.0351,19.1343,0.0,0.5163
695,12,122.34,19.8,200.21,240.89,0.8359,0.8359,2.9307,13.8832,0.0,0.7798
695,100,279.1,16.29,337.85,196.8,0.6538,0.6538,4.0362,19.1827,0.0,0.5078
696,12,118.56,19.29,195.45,241.22,0.8486,0.8486,2.9275,14.0481,0.0,0.7918
696,100,279.06,16.59,337.45,197.04,0.7349,0.7349,4.0291,19.1684,0.0,0.5715
697,12,115.96,18.91,191.56,241.15,0.7124,0.7124,2.9305,14.1465,0.0,0.6643
697,100,278.81,16.43,336.15,194.46,0.4854,0.4854,4.0953,18.9522,0.0,0.3734
698,12,112.21,19.32,186.16,241.59,0.8452,0.8452,2.9265,14.3767,0.0,0.7883
698,100,279.26,16.66,335.87,193.25,0.3867,0.3867,4.1286,18.9058,0.0,0.2958
699,12,110.62,19.01,183.04,241.65,0.7163,0.7163,2.9273,14.4831,0.0,0.6679
699,100,278.68,16.38,334.93,192.94,0.6782,0.6782,4.1345,18.8003,0.0,0.5183
700,12,106.03,19.17,177.26,241.67,0.7217,0.7217,2.9312,14.7252,0.0,0.6723
700,100,279.98,15.35,335.41,190.34,0.2213,0.2213,4.2104,18.7903,0.0,0.1669
701,12,103.79,18.31,174.06,241.21,0.708,0.708,2.941,14.8057,0.0,0.6585
701,100,280.67,14.22,335.03,186.23,0.5166,0.5166,4.331,18.6359,158.537,0.2093
702,12,101.89,17.24,171.83,241.86,0.7769,0.7769,2.9327,14.9954,0.0,0.7233
702,100,280.44,13.05,333.59,180.42,0.7822,0.7822,4.5083,18.3118,158.8328,0.2988
703,12,100.77,16.75,170.05,241.18,0.7202,0.7202,2.945,14.992,0.0,0.6693
703,100,279.86,12.35,332.33,176.06,0.6577,0.6577,4.6494,18.0493,159.1069,0.2392
704,12,101.05,23.62,167.89,241.1,0.7627,0.7627,2.9472,15.0353,0.0,0.7085
704,100,278.74,11.64,329.38,165.83,0.7671,0.7671,5.0154,17.5104,160.5846,0.2439
705,12,103.83,27.85,172.2,240.79,0.4368,0.4368,2.9486,14.802,0.0,0.4058
705,100,279.88,11.5,329.84,161.69,0.7871,0.7871,5.1859,17.5288,161.7771,0.2502
706,12,95.08,22.8,165.89,240.39,0.7612,0.7612,2.963,15.185,0.0,0.7054
706,100,279.24,10.99,330.21,163.5,0.771,0.771,5.111,17.5462,0.0,0.502
707,12,88.97,21.49,161.7,240.7,0.7964,0.7964,2.9641,15.5476,0.0,0.7374
707,100,277.5,10.16,329.33,164.05,0.6123,0.6123,5.0835,17.3886,0.0,0.3989
708,12,92.43,32.76,162.13,240.73,0.8101,0.8101,2.9613,15.4253,0.0,0.7505
708,100,277.32,9.97,329.69,164.92,0.6758,0.6758,5.0491,17.4188,0.0,0.4402
709,12,88.62,32.53,159.82,240.36,0.7612,0.7612,2.971,15.582,0.0,0.7041
709,100,275.28,9.54,328.83,166.64,0.5479,0.5479,4.976,17.2714,0.0,0.3588
710,12,88.45,29.69,161.47,240.51,0.6768,0.6768,2.9677,15.5503,0.0,0.6263
710,100,274.41,9.21,328.27,166.42,0.6826,0.6826,4.9818,17.1741,0.0,0.4466
711,12,85.9,25.26,161.38,239.83,0.644,0.644,2.9804,15.56,0.0,0.5949
711,100,273.73,8.73,327.7,165.37,0.6021,0.6021,5.0204,17.069,0.0,0.3926
712,12,83.99,20.51,161.7,240.12,0.8169,0.8169,2.9767,15.6471,0.0,0.7549
712,100,275.11,8.57,328.88,165.49,0.4727,0.4727,5.0207,17.2369,0.0,0.3081
713,12,84.05,27.18,159.51,239.23,0.6343,0.6343,2.9926,15.6189,0.0,0.5848
713,100,272.88,8.99,326.89,165.96,0.6353,0.6353,4.9941,16.9756,0.0,0.4148
714,12,81.27,20.22,158.67,237.0,0.7559,0.7559,3.0319,15.4956,0.0,0.6931
714,100,271.47,8.98,325.71,166.46,0.8086,0.8086,4.9697,16.8203,0.0,0.5308
715,12,78.54,17.67,156.56,236.38,0.8218,0.8218,3.0457,15.6044,0.0,0.7519
715,100,270.49,8.52,324.83,166.77,0.8135,0.8135,4.9543,16.7078,0.0,0.5358
716,12,74.03,16.16,153.89,240.13,0.834,0.834,2.9891,16.2838,0.0,0.7685
716,100,269.79,8.64,324.13,167.66,0.7407,0.7407,4.9176,16.6402,0.0,0.4916
717,12,71.25,22.78,146.92,234.86,0.7627,0.7627,3.0846,16.1024,144.7499,0.439
717,100,269.17,8.42,322.79,166.54,0.8013,0.8013,4.9569,16.4847,0.0,0.5278
718,12,67.75,18.05,143.84,231.66,0.811,0.811,3.1459,16.0484,0.0,0.7306
718,100,268.72,7.97,321.9,165.95,0.7612,0.7612,4.9772,16.3831,0.0,0.4995
719,12,63.09,16.16,138.88,229.96,0.7822,0.7822,3.1849,16.3009,0.0,0.7003
719,100,268.05,6.97,320.25,162.95,0.7642,0.7642,5.0922,16.1625,159.7435,0.2447
720,12,58.92,13.23,134.47,229.35,0.8159,0.8159,3.2041,16.6318,0.0,0.7279
720,100,268.62,5.12,320.36,160.82,0.7695,0.7695,5.1813,16.1634,0.0,0.5029
721,12,56.13,13.37,130.82,229.24,0.6836,0.6836,3.2126,16.9204,0.0,0.6088
721,100,267.67,4.62,318.63,160.06,0.7612,0.3806,5.2082,15.9732,0.0,0.2488
722,12,53.74,27.85,123.31,229.51,0.2437,0.2437,3.2181,17.4128,0.0,0.2166
722,100,266.74,3.34,317.11,158.5,0.6323,0.3161,5.2704,15.7842,0.0,0.2068
723,12,52.07,30.13,120.55,229.48,0.7769,0.7769,3.2234,17.6225,0.0,0.6898
723,100,265.21,2.23,314.42,153.76,0.4111,0.2056,5.4751,15.4365,160.6553,0.066
724,12,49.24,30.25,118.44,231.75,0.8618,0.8618,3.188,18.0587,0.0,0.7686
724,100,265.18,1.27,312.92,147.04,0.5273,0.2636,5.802,15.2823,163.3937,0.0848
724,117,300.96,28.15,356.49,198.9,0.4351,0.2175,4.0547,21.6566,0.0,0.1673
725,12,45.57,21.49,117.46,232.97,0.811,0.811,3.1716,18.3878,0.0,0.7246
725,100,266.12,0.47,314.16,144.51,0.3933,0.1966,5.9403,15.4223,163.2491,0.0632
726,12,48.3,48.06,111.66,232.15,0.4351,0.4351,3.1896,18.4652,0.0,0.3876
726,100,263.95,0.3,310.38,139.61,0.7051,0.3525,6.2039,15.0366,161.561,0.1135
726,117,296.17,29.01,350.63,194.93,0.6514,0.6514,4.1402,20.8641,141.1733,0.2776
727,12,45.63,26.25,114.39,227.6,0.6851,0.6851,3.2724,18.0787,0.0,0.6033
727,100,262.48,0.17,308.19,137.74,0.7305,0.3653,6.3078,14.8043,158.2071,0.1177
727,117,291.08,30.13,345.41,193.08,0.6841,0.6841,4.1716,20.1747,0.0,0.5176
728,12,44.39,20.69,114.05,225.85,0.6875,0.6875,3.3071,18.0134,0.0,0.6023
728,100,260.84,0.0,306.49,137.25,0.7754,0.3877,6.3307,14.5846,0.0,0.2543
728,117,288.91,31.28,343.68,192.57,0.8711,0.8711,4.1786,19.9204,0.0,0.6588
729,12,43.14,19.9,112.77,225.19,0.834,0.834,3.3227,18.0877,0.0,0.7288
729,100,259.63,0.0,305.23,137.11,0.708,0.354,6.3341,14.4201,0.0,0.2323
729,117,284.32,30.93,341.71,196.3,0.8691,0.8691,4.0652,19.6964,26.636,0.64
730,12,46.23,42.27,108.56,223.68,0.3667,0.3667,3.3531,18.0238,0.0,0.319
730,100,258.26,0.0,303.51,135.4,0.5469,0.2735,6.4341,14.23,159.4379,0.0884
730,117,282.14,30.5,341.14,197.03,0.8193,0.8193,4.0411,19.5682,0.0,0.6352
731,12,40.27,21.13,109.46,224.03,0.8516,0.8516,3.3526,18.3112,0.0,0.7404
731,100,257.09,0.0,302.5,135.65,0.4912,0.2456,6.4139,14.0807,0.0,0.1613
731,117,279.29,30.12,339.41,197.12,0.8677,0.8677,4.0308,19.3018,0.0,0.6743
732,12,40.26,15.18,110.59,224.21,0.8516,0.8516,3.3477,18.2678,0.0,0.741
732,100,256.31,0.0,301.82,135.99,0.6177,0.3089,6.3897,13.9786,0.0,0.2029
732,117,277.36,29.12,338.64,196.96,0.8423,0.8423,4.0304,19.1343,0.0,0.6549
733,12,37.53,12.21,108.67,224.32,0.8711,0.8711,3.3515,18.5157,0.0,0.7572
733,100,255.45,0.0,301.09,136.5,0.7847,0.3923,6.3549,13.8661,0.0,0.2578
733,117,274.3,28.45,336.37,197.56,0.8921,0.8921,4.0057,18.8489,0.0,0.6971
734,12,37.23,17.92,106.57,224.94,0.7627,0.7627,3.3426,18.6874,0.0,0.6636
734,100,255.17,0.0,300.31,135.58,0.626,0.313,6.4101,13.8047,0.0,0.2057
734,117,272.66,27.36,335.46,197.97,0.8818,0.8818,3.9908,18.7192,0.0,0.691
735,12,33.64,15.48,104.24,225.39,0.8594,0.8594,3.3416,19.0275,0.0,0.7473
735,100,254.79,0.0,299.81,136.03,0.7212,0.3606,6.3802,13.7402,0.0,0.237
735,117,270.93,26.86,333.71,197.84,0.8486,0.8486,3.9885,18.507,0.0,0.6656
736,12,32.0,13.03,103.55,225.39,0.7393,0.7393,3.3447,19.1482,0.0,0.6424
736,100,254.32,0.53,299.28,137.36,0.7725,0.3862,6.2965,13.6592,0.0,0.2539
736,117,269.51,25.94,331.85,197.23,0.8877,0.8877,3.999,18.2813,0.0,0.6953
737,12,30.42,13.98,102.02,225.03,0.6489,0.6489,3.3557,19.2828,0.0,0.5627
737,100,253.83,0.14,297.79,135.24,0.5098,0.2549,6.4239,13.5483,163.2696,0.0826
737,117,268.4,25.41,330.4,197.37,0.8271,0.8271,3.9913,18.1372,0.0,0.6489
738,12,29.22,12.36,100.37,220.27,0.8838,0.8838,3.4535,19.0882,0.0,0.7552
738,100,253.43,0.0,296.58,134.56,0.647,0.3235,6.4639,13.4483,0.0,0.2127
738,117,266.3,25.13,327.13,196.77,0.7847,0.7847,3.9985,17.7872,0.0,0.6154
738,125,256.0,0.05,294.97,56.55,0.3276,0.1638,24.0286,17.9678,0.0,0.1065
739,12,27.95,14.87,98.28,217.55,0.8794,0.8794,3.514,19.0801,0.0,0.7444
739,100,254.01,0.04,295.1,129.85,0.272,0.136,6.7764,13.4666,165.7413,0.0441
739,117,262.74,24.39,323.62,196.82,0.7627,0.7627,3.9862,17.371,0.0,0.6
739,125,256.08,0.17,294.67,56.24,0.2698,0.1349,24.2757,17.9845,175.652,0.0428
740,12,28.35,25.44,95.88,216.37,0.8193,0.8193,3.5416,19.1091,0.0,0.6905
740,100,254.45,0.0,293.66,125.52,0.2372,0.1186,7.0893,13.4999,166.3045,0.0384
740,117,257.48,24.68,318.28,194.52,0.6636,0.6636,4.0311,16.613,0.0,0.5189
740,125,255.35,0.19,294.45,57.29,0.3694,0.1847,23.4476,17.8468,4.4385,0.12
741,12,24.6,8.51,97.01,212.74,0.6113,0.6113,3.6234,19.0154,0.0,0.5086
741,117,248.11,8.73,315.98,195.99,0.7334,0.7334,3.9755,16.0053,0.0,0.5796
741,125,260.07,0.16,296.97,53.62,0.2063,0.1032,26.642,18.5137,175.0884,0.0326
742,12,23.42,15.51,93.39,209.91,0.7065,0.7065,3.6937,19.1068,0.0,0.5811
742,117,243.04,18.89,308.58,196.52,0.7393,0.7393,3.9448,15.3048,0.0,0.5881
742,100,256.68,0.0,295.02,120.93,0.2903,0.1452,7.4623,13.8703,166.5975,0.047
743,12,15.4,5.63,89.74,208.03,0.4941,0.4941,3.755,19.6563,0.0,0.4018
743,117,237.09,23.07,302.35,197.21,0.834,0.834,3.9116,14.642,0.0,0.668
743,125,256.44,0.08,294.75,55.8,0.4648,0.2324,24.6401,18.0442,6.2893,0.1507
744,12,8.99,1.36,85.66,207.56,0.686,0.343,3.7831,20.2272,0.0,0.2773
744,117,234.5,28.57,298.8,197.56,0.8262,0.8262,3.8953,14.3131,0.0,0.6639
744,125,255.39,0.01,292.47,54.54,0.4102,0.2051,25.7132,17.9984,173.4662,0.065
745,12,5.79,0.25,83.71,207.44,0.6416,0.3208,3.7946,20.5142,0.0,0.2586
745,117,227.43,9.84,299.55,198.16,0.7939,0.7939,3.8727,13.9962,0.0,0.6407
746,12,9.31,0.46,81.66,192.48,0.4197,0.2099,4.1746,19.7037,157.6305,0.0889
746,117,223.08,3.0,297.48,198.02,0.8906,0.4453,3.869,13.6233,0.0,0.3598
747,117,223.52,12.52,294.77,198.23,0.8496,0.8496,3.8613,13.512,0.0,0.6876
748,117,221.71,5.48,294.45,195.32,0.6377,0.6377,3.9336,13.1715,0.0,0.5102
749,117,220.3,15.12,288.76,192.78,0.7026,0.7026,3.9933,12.5766,0.0,0.5571
749,125,255.72,0.0,288.24,48.97,0.3416,0.1708,31.9406,18.3273,176.6995,0.054
749,12,9.67,0.0,79.15,186.3,0.3567,0.1784,4.3575,19.5828,158.6466,0.0713
750,117,219.86,18.84,284.93,189.15,0.6689,0.6689,4.0884,12.0625,0.0,0.5223
750,125,255.76,0.0,287.58,49.27,0.3276,0.1638,31.5235,18.2715,4.278,0.1063
751,117,219.05,19.93,283.28,190.5,0.8359,0.8359,4.0483,12.0199,0.0,0.6572
751,125,253.72,0.03,287.88,54.87,0.3647,0.1824,25.3753,17.6759,3.8489,0.1186
752,117,216.97,19.58,279.76,190.17,0.8423,0.8423,4.0518,11.6742,0.0,0.6622
752,125,252.38,0.04,286.62,56.67,0.6841,0.3421,23.858,17.3904,4.864,0.2224
753,117,216.26,19.45,277.09,187.35,0.7227,0.7227,4.1278,11.2653,0.0,0.5612
753,125,250.54,0.07,285.81,60.27,0.604,0.302,21.3111,16.9383,4.7665,0.1966
754,117,214.97,19.03,274.36,186.31,0.7485,0.7485,4.1539,10.9542,0.0,0.5789
754,125,249.62,0.06,285.02,62.39,0.4102,0.2051,20.0441,16.6653,5.1178,0.1336
754,100,249.74,0.0,285.06,118.15,0.4341,0.217,7.6643,12.8591,140.6897,0.0705
755,117,211.36,18.97,269.54,185.21,0.6978,0.6978,4.1782,10.3837,0.0,0.5379
755,100,241.85,0.03,278.5,119.2,0.4834,0.2417,7.544,11.8706,49.697,0.131
756,117,207.52,18.76,265.56,185.02,0.8169,0.8169,4.177,9.9238,0.0,0.6302
756,100,243.56,0.0,278.89,118.83,0.2401,0.1201,7.58,12.0234,0.0,0.0792
756,125,246.77,0.14,279.52,58.55,0.6689,0.3345,22.3953,16.6265,173.3423,0.1068
757,117,201.15,18.22,259.32,185.16,0.4746,0.4746,4.1629,9.2389,0.0,0.3673
757,100,243.34,0.0,277.37,118.0,0.4961,0.248,7.6491,11.9439,0.0,0.1636
757,125,245.2,0.25,276.78,57.46,0.4187,0.2094,23.156,16.5344,170.2983,0.0669
758,117,196.7,18.3,255.18,184.59,0.5156,0.5156,4.1734,8.7291,0.0,0.3986
758,125,245.18,0.26,272.55,49.76,0.4158,0.2079,30.6808,17.1075,176.6559,0.0662
759,117,194.3,18.06,253.48,184.69,0.6279,0.6279,4.1678,8.5253,0.0,0.486
759,125,240.54,0.3,270.0,54.4,0.2429,0.1215,25.6074,16.3355,4.6802,0.0792
760,117,188.66,18.06,248.52,185.12,0.8677,0.8677,4.1487,8.0393,0.0,0.6741
760,125,238.69,0.23,267.28,53.2,0.2161,0.108,26.7183,16.2663,171.8429,0.0346
760,100,239.72,0.03,273.53,117.28,0.2893,0.1447,7.6989,11.489,0.0,0.0955
761,117,185.94,18.07,246.38,185.21,0.7612,0.7612,4.1433,7.8188,0.0,0.5921
761,125,236.24,0.21,265.49,55.22,0.543,0.2715,24.8368,15.8818,5.5219,0.1771
761,100,238.16,0.1,271.93,117.26,0.3469,0.1734,7.6948,11.2844,0.0,0.1145
761,12,7.08,0.36,80.16,207.19,0.5225,0.2612,3.8043,20.6297,24.2796,0.2025
762,117,184.83,18.08,245.75,185.44,0.7925,0.7925,4.1357,7.7632,0.0,0.6172
762,125,235.24,0.29,262.61,51.88,0.3923,0.1961,28.0411,16.0749,175.8823,0.0628
762,100,237.55,0.08,271.09,114.12,0.3811,0.1905,7.9828,11.3444,167.5186,0.0623
762,12,9.07,5.24,78.44,207.4,0.2727,0.2727,3.7989,20.6254,0.0,0.2196
763,117,184.47,17.62,245.71,184.9,0.8564,0.8564,4.1512,7.687,0.0,0.6653
763,125,232.7,0.23,261.37,55.02,0.4082,0.2041,24.9708,15.5907,4.4574,0.1334
763,100,235.0,0.0,268.68,113.71,0.3877,0.1938,8.0131,11.0493,0.0,0.128
763,12,7.41,3.11,76.58,206.16,0.4883,0.2442,3.8343,20.7616,0.0,0.1954
764,117,183.47,17.27,244.55,183.86,0.7393,0.7393,4.1807,7.4766,0.0,0.5715
764,125,231.16,0.21,259.77,55.5,0.4495,0.2248,24.5463,15.4143,12.8842,0.1453
764,100,231.72,0.0,264.78,113.11,0.2935,0.1467,8.0587,10.6271,0.0,0.097
765,117,183.68,16.77,241.89,174.64,0.6143,0.6143,4.4692,6.4127,158.9373,0.247
766,117,182.33,16.3,240.68,175.43,0.6885,0.6885,4.4417,6.36,0.0,0.5088
766,12,11.16,9.56,75.66,202.1,0.4426,0.4426,3.9284,20.3937,0.0,0.3491
766,125,229.79,0.13,255.8,50.23,0.3647,0.1824,29.887,15.7834,176.2678,0.0585
766,100,227.99,0.0,259.85,110.85,0.2917,0.1459,8.2706,10.2232,154.6687,0.0478
767,117,182.56,16.04,239.85,172.57,0.6104,0.6104,4.5376,6.0489,0.0,0.4434
767,12,11.93,3.55,76.6,200.35,0.7515,0.3757,3.9695,20.2086,0.0,0.2944
767,125,228.19,0.23,254.56,50.86,0.314,0.157,29.1125,15.6091,8.0392,0.1022
768,117,181.05,15.68,236.81,169.76,0.4475,0.4475,4.6337,5.5416,154.2976,0.1703
768,12,16.5,4.69,77.93,192.24,0.2598,0.1299,4.175,19.4861,155.8151,0.0551
768,125,228.49,0.12,252.0,44.5,0.2494,0.1247,39.0902,16.2426,177.4482,0.0399
769,117,180.27,15.17,234.76,168.2,0.4941,0.4941,4.6885,5.2438,0.0,0.3492
769,12,17.61,5.87,77.87,192.11,0.3345,0.3345,4.1768,19.4175,0.0,0.2534
769,125,227.49,0.1,250.03,41.62,0.397,0.1985,46.2081,16.4707,177.575,0.0635
769,100,221.48,0.0,252.76,108.72,0.2727,0.1363,8.4734,9.5452,143.5998,0.0448
770,117,178.18,14.24,231.45,167.69,0.6206,0.6206,4.7048,4.9112,0.0,0.4374
770,12,20.66,3.85,77.27,180.44,0.2878,0.1439,4.5228,18.8114,159.0368,0.0546
770,100,220.41,0.05,251.29,108.08,0.5234,0.2617,8.5392,9.4429,0.0,0.1733
771,117,177.57,13.72,229.82,168.02,0.3433,0.3433,4.6919,4.8304,0.0,0.2426
771,12,21.42,1.63,76.29,173.15,0.5786,0.2893,4.7702,18.5974,160.3272,0.1003
771,100,220.39,0.0,250.29,105.89,0.543,0.2715,8.7843,9.553,168.6557,0.0892
772,117,177.28,13.26,228.69,168.19,0.3584,0.3584,4.6851,4.7775,0.0,0.2536
772,12,21.36,2.17,75.87,172.26,0.3184,0.1592,4.8031,18.6031,0.0,0.1075
772,100,219.17,0.0,249.75,109.67,0.7227,0.3614,8.364,9.1596,11.6913,0.2369
772,135,188.97,13.22,223.0,112.05,0.4668,0.4668,8.0602,5.8891,0.0,0.3104
773,117,176.33,14.13,225.9,167.75,0.3811,0.3811,4.6998,4.5509,0.0,0.2689
773,12,21.86,1.62,75.4,169.0,0.6377,0.3189,4.923,18.5177,160.8634,0.1041
773,100,218.34,0.0,248.91,110.73,0.6436,0.3218,8.2512,8.9819,14.3056,0.2099
774,117,173.03,13.25,221.77,167.99,0.4746,0.4746,4.6887,4.2451,0.0,0.3357
774,12,23.13,0.85,76.64,168.31,0.7334,0.3667,4.944,18.3419,0.0,0.241
774,100,218.0,0.1,248.37,111.43,0.7202,0.3601,8.1786,8.878,0.0,0.2386
774,135,184.94,12.84,215.95,102.46,0.3667,0.3667,9.1219,6.6146,167.7479,0.1214
775,117,170.41,12.84,217.84,168.03,0.2422,0.2422,4.6855,3.9936,0.0,0.1714
775,12,23.57,0.57,77.19,168.53,0.686,0.343,4.9337,18.2843,0.0,0.2259
775,100,217.11,0.13,246.81,110.58,0.4902,0.2451,8.262,8.796,0.0,0.1624
776,117,168.96,13.73,215.12,168.44,0.4092,0.4092,4.6697,3.9037,0.0,0.2905
776,12,24.17,0.39,77.91,168.33,0.6909,0.3454,4.9386,18.1955,0.0,0.2274
776,100,215.92,0.56,245.15,110.53,0.3293,0.1646,8.2633,8.6325,0.0,0.1091
777,117,168.25,14.54,213.32,168.81,0.4561,0.4561,4.6559,3.8763,0.0,0.3246
777,12,24.22,0.23,77.63,167.02,0.4331,0.2165,4.9892,18.1795,0.0,0.1411
777,100,214.44,0.17,243.6,111.36,0.2234,0.1117,8.1745,8.3909,0.0,0.0741
778,117,163.51,14.47,208.71,168.04,0.2712,0.2712,4.6825,3.555,0.0,0.1921
778,12,24.18,1.32,77.11,166.81,0.4707,0.2354,4.9985,18.2105,0.0,0.153
778,100,213.81,0.12,242.45,109.91,0.4746,0.2373,8.3215,8.4031,166.268,0.0783
779,117,161.91,14.92,207.33,167.96,0.6309,0.6309,4.6851,3.4974,0.0,0.4467
779,12,23.89,0.6,77.2,167.93,0.7319,0.3659,4.9558,18.249,0.0,0.24
779,100,210.54,0.11,239.37,108.61,0.3989,0.1994,8.4518,8.1549,150.6285,0.0658
780,117,161.0,14.9,206.55,167.39,0.6567,0.6567,4.7059,3.396,0.0,0.4632
780,12,25.31,0.15,78.74,168.02,0.8027,0.4013,4.9464,18.0626,0.0,0.2638
780,100,209.03,0.1,238.43,108.73,0.4263,0.2132,8.4359,8.0097,0.0,0.1414
780,142,124.73,32.32,147.41,51.9,0.4016,0.4016,27.7887,14.3364,0.0,0.2636
781,117,161.48,14.15,205.62,162.62,0.2247,0.2247,4.8873,2.7182,160.7981,0.0782
781,12,26.91,0.36,80.4,168.1,0.5972,0.2986,4.9369,17.8566,0.0,0.1968
781,100,208.47,0.01,238.18,107.43,0.2712,0.1356,8.577,8.0821,168.1596,0.0448
782,117,158.95,13.12,202.9,161.51,0.3235,0.3235,4.9311,2.5147,0.0,0.2185
782,100,208.47,0.07,238.74,107.52,0.4873,0.2437,8.5677,8.1041,0.0,0.1616
783,117,159.42,11.71,203.05,160.57,0.4902,0.4902,4.969,2.3831,0.0,0.3287
783,100,208.24,0.05,238.91,107.79,0.6699,0.335,8.5378,8.0766,0.0,0.2222
783,12,28.32,1.68,81.39,168.25,0.5767,0.2883,4.9264,17.7069,0.0,0.1905
784,117,157.31,12.5,200.51,161.09,0.3364,0.3364,4.948,2.456,0.0,0.2265
784,100,207.9,0.0,238.56,106.09,0.4834,0.2417,8.728,8.1949,168.6858,0.0797
785,100,206.5,0.12,235.67,100.54,0.3567,0.1784,9.4066,8.5191,168.912,0.0588
786,100,201.4,0.12,232.01,102.04,0.4446,0.2223,9.2021,7.9488,28.4832,0.1385
786,12,29.44,0.92,82.51,168.38,0.6436,0.3218,4.9171,17.5669,0.0,0.2131
786,117,154.99,14.0,196.82,161.07,0.3831,0.3831,4.9491,2.5175,0.0,0.2579
787,100,197.57,0.13,229.04,103.25,0.395,0.1975,9.0439,7.5092,28.2175,0.1233
787,12,30.13,0.85,82.79,168.17,0.7793,0.3896,4.9232,17.4995,0.0,0.2577
787,117,154.05,14.34,196.3,165.78,0.6758,0.6758,4.7659,3.198,19.8587,0.4579
788,100,195.96,0.22,227.46,103.45,0.4233,0.2117,9.0164,7.3466,0.0,0.1405
788,12,31.26,0.37,83.38,167.54,0.4941,0.247,4.9438,17.3736,0.0,0.1628
788,117,153.65,15.01,195.65,168.17,0.3523,0.3523,4.6776,3.5479,0.0,0.2498
789,100,193.02,0.16,224.5,103.36,0.2666,0.1333,9.0223,7.108,0.0,0.0885
789,12,32.28,0.1,83.82,166.66,0.6841,0.3421,4.9749,17.2584,0.0,0.224
789,117,152.9,14.9,193.9,164.82,0.2893,0.2893,4.8026,3.1312,159.3355,0.1039
790,100,192.96,0.14,224.33,103.94,0.3684,0.1842,8.9515,7.0318,0.0,0.1223
790,12,33.14,0.39,83.82,165.13,0.5264,0.2632,5.033,17.1675,0.0,0.1716
790,117,147.74,15.24,190.73,170.61,0.7695,0.7695,4.5918,4.1122,24.6681,0.5308
791,100,192.35,0.14,223.7,104.13,0.3372,0.1686,8.9276,6.9592,0.0,0.112
791,12,34.25,0.14,84.31,164.29,0.3999,0.1999,5.0633,17.0456,0.0,0.1304
791,117,145.95,15.64,190.29,174.49,0.6113,0.6113,4.4594,4.6854,21.6925,0.4365
792,100,191.18,0.09,222.28,103.28,0.2605,0.1303,9.0288,6.9557,160.6227,0.0431
792,12,34.98,0.0,84.04,162.41,0.6333,0.3166,5.1386,16.9767,0.0,0.2065
792,117,144.89,16.53,189.53,174.67,0.709,0.709,4.4537,4.7577,0.0,0.5235
793,100,189.74,0.12,220.45,101.24,0.3979,0.1989,9.2836,7.0787,166.6118,0.0658
793,12,36.03,0.0,84.25,161.72,0.7407,0.3704,5.1646,16.8814,0.0,0.2416
793,117,144.53,16.88,189.15,172.66,0.5708,0.5708,4.5217,4.5163,0.0,0.4163
793,149,147.32,17.56,175.22,49.04,0.5947,0.5947,31.1029,13.6269,0.0,0.3909
793,142,125.72,32.29,148.21,51.96,0.3757,0.3757,27.7178,14.2776,0.0,0.2466
794,100,188.89,0.03,219.27,99.83,0.2622,0.1311,9.4681,7.1815,167.3726,0.0434
794,12,36.69,0.08,84.34,161.49,0.7285,0.3643,5.1727,16.8282,0.0,0.2376
794,117,142.74,18.03,187.58,170.66,0.7778,0.7778,4.5917,4.3701,0.0,0.5601
794,142,125.52,32.25,147.67,51.94,0.3276,0.3276,27.7419,14.3013,0.0,0.215
795,100,188.4,0.1,218.92,100.96,0.4456,0.2228,9.3179,7.013,10.9559,0.1466
795,12,36.79,0.25,83.88,161.15,0.6548,0.3274,5.1876,16.8453,0.0,0.2136
795,117,137.51,19.58,184.98,175.11,0.8359,0.8359,4.4421,5.1987,27.3597,0.5871
796,100,188.37,0.12,218.92,102.1,0.3567,0.1784,9.1714,6.8711,10.5012,0.1175
796,117,132.88,20.98,182.92,177.94,0.6899,0.6899,4.3523,5.7923,0.0,0.5183
797,100,183.82,0.09,215.21,102.26,0.6094,0.3047,9.146,6.5831,0.0,0.2025
797,117,130.6,22.33,183.16,181.49,0.791,0.791,4.2424,6.2953,22.7468,0.5851
797,12,38.95,0.16,82.87,149.07,0.6538,0.3269,5.7399,16.6229,163.3686,0.1044
798,100,180.78,0.07,212.99,102.1,0.4131,0.2066,9.1633,6.4553,0.0,0.1373
798,117,128.37,23.1,183.46,185.01,0.8726,0.8726,4.1383,6.793,23.1885,0.6564
798,12,41.11,0.15,84.07,145.74,0.6748,0.3374,5.9051,16.3887,161.5019,0.1079
799,100,178.56,0.02,211.85,102.32,0.7148,0.3574,9.134,6.3409,0.0,0.2375
799,117,126.38,23.47,183.92,188.33,0.8594,0.8594,4.0441,7.2539,0.0,0.6802
799,12,42.17,0.05,84.69,144.75,0.7642,0.3821,5.9545,16.2763,0.0,0.2496
800,100,176.39,0.09,210.83,102.27,0.8145,0.4073,9.139,6.2737,0.0,0.2707
800,117,123.57,23.13,182.6,189.73,0.5068,0.5068,4.0069,7.5704,0.0,0.4035
800,12,45.04,0.0,86.92,143.27,0.5928,0.2964,6.0244,15.9385,0.0,0.1938
801,100,174.6,0.22,210.43,102.77,0.501,0.2505,9.0756,6.1595,0.0,0.1665
801,117,121.28,22.7,181.04,190.02,0.811,0.811,4.0005,7.7462,0.0,0.6463
801,12,45.71,0.0,87.9,144.16,0.5566,0.2783,5.972,15.8287,0.0,0.182
802,100,173.02,0.12,210.0,102.35,0.3433,0.1716,9.1274,6.177,0.0,0.1141
802,117,119.11,22.61,178.87,190.25,0.6299,0.6299,3.9961,7.9397,0.0,0.5022
802,12,47.01,0.0,88.32,140.7,0.5747,0.2873,6.1624,15.7208,163.8221,0.0922
803,100,171.69,0.18,209.96,102.67,0.6929,0.3464,9.0869,6.1079,0.0,0.2303
803,117,117.29,21.46,177.04,190.28,0.8203,0.8203,3.997,8.089,0.0,0.6539
804,100,168.54,0.16,208.43,102.69,0.7334,0.3667,9.0831,6.0296,0.0,0.2438
804,117,111.84,20.82,170.4,190.43,0.7051,0.7051,3.9991,8.6248,0.0,0.5615
805,100,166.81,0.15,208.32,103.17,0.7754,0.3877,9.0233,5.9377,0.0,0.2578
805,117,109.56,20.11,167.09,190.44,0.7129,0.7129,4.0021,8.8825,0.0,0.5673
805,12,44.96,0.0,85.91,142.06,0.4961,0.248,6.0944,16.0127,0.0,0.1622
806,100,164.69,0.14,207.81,103.21,0.7271,0.3635,9.0179,5.9009,0.0,0.2417
806,117,105.46,17.81,161.58,186.71,0.667,0.667,4.1127,8.9841,147.4321,0.2985
806,12,49.45,0.0,91.24,141.68,0.4282,0.2141,6.0949,15.3607,0.0,0.1402
807,100,164.82,0.33,208.66,102.95,0.6074,0.3037,9.0501,5.9483,0.0,0.2019
807,117,103.02,18.88,158.3,188.12,0.269,0.269,4.0766,9.4129,0.0,0.2112
808,100,165.24,0.16,209.65,103.08,0.5283,0.2641,9.0343,5.9472,0.0,0.1756
808,117,100.32,21.97,154.03,188.91,0.5786,0.5786,4.0597,9.8517,0.0,0.4554
808,142,127.12,32.0,149.03,52.24,0.3611,0.3611,27.4129,14.1806,17.0766,0.2318
809,100,164.07,0.1,209.21,102.85,0.4551,0.2276,9.0624,5.96,0.0,0.1513
809,117,100.55,22.31,153.24,188.53,0.5591,0.5591,4.0707,9.8474,0.0,0.4393
810,100,163.46,0.12,208.73,103.32,0.396,0.198,9.0043,5.8822,0.0,0.1317
810,117,96.39,22.15,148.82,188.84,0.8262,0.8262,4.0689,10.3384,0.0,0.6489
810,12,56.8,0.0,100.42,144.4,0.7026,0.3513,5.9114,14.2489,36.4195,0.2077
811,100,162.7,0.09,206.56,100.81,0.3684,0.1842,9.3214,6.2091,168.0384,0.061
811,117,92.18,23.2,145.14,190.97,0.3784,0.3784,4.0168,10.9516,0.0,0.2996
811,12,53.09,0.06,96.89,143.97,0.3774,0.1887,5.9488,14.7357,0.0,0.1237
812,100,162.84,0.12,206.32,100.46,0.5679,0.2839,9.3674,6.2577,0.0,0.1887
812,117,87.17,23.49,141.45,192.31,0.5508,0.5508,3.9884,11.5429,0.0,0.4378
812,12,56.22,0.08,100.57,143.35,0.4446,0.2223,5.9693,14.2781,0.0,0.1459
813,100,161.07,0.13,204.4,101.83,0.6592,0.3296,9.1894,6.0418,17.2643,0.2142
813,117,100.31,26.83,158.53,192.61,0.5176,0.5176,3.9553,9.9654,80.2485,0.2712
813,12,53.36,0.39,96.82,143.64,0.4207,0.2104,5.9664,14.7224,0.0,0.1379
814,12,52.75,0.24,95.26,143.66,0.4197,0.2099,5.9696,14.8679,0.0,0.1376
815,12,53.16,0.56,95.36,144.23,0.6152,0.3076,5.9376,14.8337,0.0,0.2016
815,100,158.31,0.08,201.13,102.12,0.2798,0.1399,9.1524,5.9882,0.0,0.093
815,117,79.46,30.44,141.31,204.82,0.7393,0.7393,3.6823,13.036,43.93,0.5474
816,12,53.89,0.25,94.98,144.35,0.4436,0.2218,5.9304,14.8103,0.0,0.1454
816,100,153.96,0.11,195.26,102.1,0.6333,0.3166,9.1558,6.0399,91.9698,0.105
816,117,74.31,31.82,137.51,208.65,0.627,0.627,3.6033,13.8356,0.0,0.5287
817,12,55.87,0.13,95.42,144.31,0.3567,0.1784,5.9278,14.6479,0.0,0.117
817,100,153.03,0.12,192.97,102.01,0.5117,0.2559,9.1678,6.0859,0.0,0.1701
817,117,69.73,16.86,138.54,210.48,0.583,0.583,3.5661,14.1789,0.0,0.4942
818,100,150.58,0.12,188.94,102.2,0.7231,0.3615,9.1454,6.1521,0.0,0.2403
818,117,65.69,6.47,137.91,210.26,0.6934,0.6934,3.5756,14.3979,0.0,0.5867
819,100,149.36,0.13,186.16,101.39,0.6514,0.3257,9.25,6.3361,154.1493,0.1079
819,117,68.29,22.25,135.53,210.18,0.5649,0.5649,3.5772,14.3797,0.0,0.4779
820,100,147.25,0.04,183.55,102.67,0.6187,0.3094,9.0897,6.2652,21.7703,0.1983
820,117,64.63,26.06,130.71,211.33,0.7754,0.7754,3.5607,14.9162,0.0,0.657
821,100,146.6,0.23,181.43,101.11,0.564,0.282,9.2893,6.54,166.3325,0.0934
821,117,60.79,29.76,125.28,212.17,0.7441,0.7441,3.5524,15.47,0.0,0.6307
822,100,146.87,0.17,179.9,97.57,0.3057,0.1529,9.772,7.0411,169.9976,0.0506
823,117,58.88,31.29,122.31,212.88,0.4648,0.4648,3.5426,15.7844,0.0,0.3943
824,117,54.73,31.39,116.79,211.09,0.7378,0.7378,3.5928,16.1585,0.0,0.6206
824,100,143.0,0.2,174.87,94.33,0.6772,0.3386,10.2622,7.6958,164.4417,0.1119
825,117,51.95,32.35,112.95,211.38,0.7139,0.7139,3.5945,16.5386,0.0,0.5999
825,100,140.74,0.19,173.65,97.38,0.7446,0.3723,9.8068,7.4062,11.3959,0.2447
826,117,46.32,32.67,107.92,214.64,0.8369,0.8369,3.5374,17.3578,0.0,0.7084
826,100,139.43,0.14,173.42,99.71,0.502,0.251,9.4835,7.1626,10.7542,0.1652
827,117,43.58,34.15,103.63,213.7,0.7104,0.7104,3.5667,17.6704,0.0,0.5982
827,100,137.86,0.08,172.67,100.78,0.5776,0.2888,9.3429,7.1095,15.2803,0.1884
828,117,41.93,38.59,103.53,226.2,0.5962,0.5962,3.3164,18.7002,27.4103,0.4985
828,100,137.06,0.25,172.16,100.63,0.7417,0.3709,9.3636,7.1742,0.0,0.2463
829,100,136.51,0.23,171.97,100.46,0.6226,0.3113,9.3866,7.2214,0.0,0.2067
829,165,89.76,0.09,111.76,16.95,0.4121,0.2061,10.0,90.0,0.0,0.0
830,100,135.97,0.04,172.12,101.09,0.7568,0.3784,9.3043,7.1592,0.0,0.2513
831,100,135.0,0.06,171.92,101.83,0.7334,0.3667,9.2099,7.1136,0.0,0.2435
832,100,134.49,0.03,172.12,102.15,0.4495,0.2248,9.1696,7.0871,0.0,0.1493
833,100,132.26,0.16,170.67,102.3,0.7104,0.3552,9.1536,7.2128,0.0,0.2359
834,100,132.19,0.31,169.2,98.18,0.7266,0.3633,9.7035,7.7575,169.9296,0.12
835,100,132.06,0.37,169.42,97.72,0.8018,0.4009,9.7686,7.8088,0.0,0.266
836,100,129.02,0.16,169.2,104.53,0.7188,0.3594,8.8846,7.1551,11.1917,0.2364
836,168,84.87,0.14,138.05,134.62,0.6353,0.3176,6.3707,9.8299,0.0,0.2102
837,100,127.83,0.08,167.35,102.12,0.7075,0.3538,9.1832,7.5554,167.8015,0.1169
838,100,124.45,0.01,162.08,98.75,0.5312,0.2656,9.6389,8.3054,164.348,0.0876
838,168,98.55,0.08,151.02,133.13,0.5391,0.2696,6.4311,8.0229,105.9795,0.089
839,100,124.46,0.08,160.96,96.34,0.6206,0.3103,9.986,8.6186,170.1446,0.1023
839,168,102.9,0.12,153.49,128.38,0.3433,0.1716,6.7435,7.7178,162.3646,0.0567
840,100,124.14,0.1,158.72,92.72,0.4026,0.2013,10.5553,9.1301,170.3869,0.0662
840,168,104.97,0.13,156.73,130.42,0.3074,0.1537,6.5967,7.2782,21.9982,0.0983
840,174,42.68,78.47,96.47,254.7,0.4272,0.4272,2.851,21.3865,0.0,0.3974
841,168,104.4,0.09,156.08,130.39,0.5293,0.2646,6.6,7.3623,0.0,0.1757
841,174,38.75,61.3,97.64,254.35,0.7925,0.7925,2.8593,21.4774,0.0,0.7362
842,168,103.84,0.02,155.43,130.32,0.8369,0.4184,6.6061,7.4473,0.0,0.2778
842,174,37.32,55.49,97.76,253.82,0.8384,0.8384,2.8686,21.4894,0.0,0.7778
843,168,103.41,0.05,154.59,129.94,0.2487,0.1244,6.6334,7.5478,0.0,0.0825
843,174,34.19,47.95,97.0,253.85,0.7861,0.7861,2.8728,21.6653,0.0,0.7285
844,174,30.61,16.61,102.43,254.46,0.3269,0.3269,2.8617,21.6355,0.0,0.3035
845,174,33.54,32.53,100.71,255.86,0.7949,0.7949,2.8399,21.7036,0.0,0.7401
845,168,105.05,0.0,156.76,129.73,0.771,0.3855,6.6436,7.2973,0.0,0.256
846,174,35.69,50.06,99.83,264.5,0.3857,0.3857,2.7184,22.4138,32.0247,0.3452
846,168,109.71,0.0,158.88,125.08,0.5757,0.2878,6.9704,7.0627,162.8583,0.0952
848,168,107.67,0.0,158.14,128.13,0.564,0.282,6.7509,7.0953,15.6886,0.1838
849,168,104.89,0.0,154.82,124.71,0.5796,0.2898,7.008,7.6641,162.5243,0.0957
849,174,37.77,57.86,104.32,280.23,0.6206,0.6206,2.5138,23.6011,34.2455,0.5663
850,168,109.08,0.0,159.68,126.73,0.71,0.355,6.8482,6.9656,29.6581,0.2203
850,174,36.63,55.54,106.45,285.22,0.4844,0.2422,2.4552,24.0362,0.0,0.2338
851,168,110.32,0.0,161.33,128.17,0.6538,0.3269,6.7421,6.7033,19.0875,0.2112
851,174,42.61,50.86,114.41,285.25,0.499,0.2495,2.4409,23.5395,0.0,0.2406
852,168,115.13,0.0,164.95,128.63,0.2056,0.1028,6.7019,6.1206,0.0,0.0683
852,174,50.23,59.4,120.36,283.93,0.2847,0.1424,2.4431,22.938,0.0,0.1375
853,168,112.95,0.0,162.43,127.12,0.2637,0.1318,6.8135,6.5089,156.1906,0.0437
854,174,54.37,55.2,128.15,286.57,0.7168,0.3584,2.4029,22.812,0.0,0.3444
855,174,52.88,64.28,123.69,284.03,0.3389,0.1694,2.4366,22.7462,0.0,0.1636
856,174,56.15,73.25,124.23,282.68,0.3604,0.3604,2.4486,22.4807,0.0,0.3488
856,168,131.13,0.0,182.67,128.33,0.4397,0.2198,6.6993,3.9992,73.0037,0.0945
857,174,58.2,65.6,129.58,284.46,0.4932,0.2466,2.4221,22.4235,0.0,0.2378
857,168,129.97,0.06,180.62,128.47,0.4312,0.2156,6.6912,4.1802,0.0,0.1435
858,174,61.91,74.88,131.55,286.38,0.6733,0.3367,2.396,22.4465,0.0,0.3235
858,168,135.88,0.05,187.17,128.94,0.2487,0.1244,6.6526,3.4165,71.1903,0.0547
859,174,62.41,62.77,135.9,286.91,0.6929,0.3464,2.3863,22.3546,0.0,0.3325
859,168,139.42,0.0,190.58,127.87,0.2114,0.1057,6.7249,3.1577,0.0,0.0704
860,174,62.82,57.71,137.93,287.65,0.5708,0.2854,2.3763,22.3606,0.0,0.2735
860,168,140.06,0.07,191.61,129.13,0.3923,0.1961,6.6363,2.9446,0.0,0.1307
861,174,63.92,60.96,137.71,286.62,0.6943,0.3472,2.3869,22.2238,0.0,0.3333
861,168,141.28,0.1,193.19,130.81,0.4341,0.217,6.5214,2.6322,18.6153,0.1408
862,174,69.17,62.48,142.6,286.57,0.5332,0.2666,2.3799,21.9225,0.0,0.2559
862,168,142.08,0.12,193.28,129.96,0.3328,0.1664,6.5784,2.6786,0.0,0.1109
863,174,70.81,74.08,140.41,286.9,0.7251,0.3625,2.3767,21.9743,0.0,0.3478
863,168,140.72,0.17,193.14,132.69,0.2075,0.1037,6.3982,2.4788,15.4444,0.0679
864,174,74.19,84.12,140.58,287.39,0.2805,0.1403,2.3688,21.9281,0.0,0.1344
865,174,76.44,88.21,141.86,287.64,0.5195,0.2597,2.3636,21.8582,0.0,0.2488
865,168,141.53,0.08,194.45,134.95,0.3032,0.1516,6.2549,2.157,16.6452,0.0989
866,174,86.88,137.51,138.26,287.44,0.3557,0.1779,2.3612,21.6522,0.0,0.1704
866,168,142.13,0.09,195.18,137.09,0.5718,0.2859,6.1248,1.9056,16.1671,0.1868
867,174,77.75,76.14,149.12,287.51,0.6289,0.3145,2.3593,21.6147,0.0,0.3012
868,174,82.7,83.83,151.63,287.57,0.5322,0.2661,2.354,21.4311,0.0,0.2548
869,174,80.69,59.23,157.78,287.38,0.2751,0.1376,2.3536,21.3075,0.0,0.1317
870,174,88.38,58.0,166.95,287.31,0.2705,0.1353,2.345,20.9131,0.0,0.1295
871,174,93.24,59.18,171.64,287.45,0.4785,0.2392,2.3388,20.7328,0.0,0.2289
872,174,90.88,55.95,171.82,286.95,0.7178,0.3589,2.3453,20.7169,0.0,0.3438
873,174,96.12,56.41,177.81,286.94,0.8135,0.4068,2.3403,20.5001,0.0,0.3895
873,168,149.17,0.14,201.73,139.05,0.3887,0.1943,6.008,0.9648,45.2749,0.1104
874,174,99.3,59.29,180.43,284.73,0.8062,0.4031,2.3622,20.1295,0.0,0.3875
874,168,154.55,0.34,205.3,139.7,0.4619,0.2309,5.9705,0.6171,0.0,0.154
875,174,101.61,59.04,184.56,284.98,0.7671,0.3836,2.3569,20.0525,0.0,0.3685
875,168,156.39,0.41,205.34,140.56,0.4524,0.2262,5.9221,0.509,0.0,0.1508
876,174,105.68,73.38,183.56,280.01,0.5283,0.5283,2.4117,19.3917,0.0,0.5121
877,174,104.11,62.21,188.3,284.3,0.7725,0.3862,2.3623,19.8725,0.0,0.3715
877,168,161.08,0.25,207.82,139.39,0.3049,0.1525,5.9886,0.9194,0.0,0.1016
878,174,104.57,57.46,191.53,286.32,0.5225,0.2612,2.3389,20.0689,0.0,0.2503
878,168,162.09,0.24,207.86,141.35,0.6377,0.3189,5.8787,0.8089,16.682,0.2081
879,174,104.75,55.61,193.0,287.29,0.8828,0.4414,2.3278,20.1662,0.0,0.4222
880,174,116.94,133.51,181.74,287.48,0.5254,0.2627,2.3255,20.1773,0.0,0.2512
880,168,167.92,0.31,211.31,138.44,0.3577,0.1789,6.0447,1.5935,152.3664,0.0596
881,168,170.79,0.16,213.23,137.64,0.3821,0.191,6.0926,1.9495,0.0,0.1273
882,168,171.24,0.16,213.09,137.6,0.2651,0.1326,6.095,1.9718,0.0,0.0883
882,187,109.63,34.14,189.61,283.73,0.4746,0.2373,2.3664,19.705,0.0,0.2284
883,168,175.51,0.29,217.96,138.52,0.6802,0.3401,6.0439,2.5254,0.0,0.2266
883,188,66.46,0.49,101.47,111.05,0.5176,0.2588,8.3833,14.2677,0.0,0.1699
884,187,128.41,46.7,200.3,267.49,0.6699,0.6699,2.5519,17.3159,136.9147,0.4318
885,187,122.96,48.24,191.21,256.31,0.501,0.501,2.7031,16.0183,143.2531,0.314
885,168,180.42,0.11,216.23,115.49,0.3311,0.1656,7.7238,4.852,167.5685,0.055
885,188,64.5,0.3,99.35,110.2,0.3025,0.1512,8.4827,14.5646,155.5359,0.0488
886,168,178.99,0.03,222.58,134.3,0.6279,0.314,6.3014,3.288,15.2509,0.2054
886,188,64.9,0.06,100.1,110.6,0.7271,0.3635,8.4376,14.474,0.0,0.2385
887,168,182.89,0.23,228.43,138.9,0.709,0.3545,6.0296,3.749,22.7167,0.2269
887,188,64.63,0.08,100.26,111.34,0.791,0.3955,8.3608,14.4491,0.0,0.2595
887,187,129.31,47.56,195.5,248.12,0.5859,0.5859,2.8186,14.8144,143.6759,0.3592
888,168,184.69,0.18,231.68,142.35,0.6396,0.3198,5.8392,4.0449,20.1072,0.2064
888,188,64.23,0.2,100.25,112.39,0.791,0.3955,8.2546,14.4311,12.019,0.2566
888,187,134.03,55.57,198.33,248.42,0.3091,0.3091,2.8128,14.7788,0.0,0.2928
889,168,186.16,0.25,233.83,144.71,0.2959,0.1479,5.7155,4.2976,20.8585,0.0953
889,188,64.32,0.34,99.16,108.19,0.4543,0.2271,8.7022,14.6783,168.9346,0.0732
889,187,142.19,63.24,204.36,248.5,0.2949,0.2949,2.81,14.6963,0.0,0.2795
890,188,63.24,0.1,98.84,110.3,0.3867,0.1933,8.4766,14.6727,12.1881,0.1253
890,187,147.12,20.02,223.09,244.92,0.2344,0.2344,2.8639,14.2028,115.9099,0.1425
891,188,62.89,0.16,93.48,94.66,0.2316,0.1158,10.5266,15.8214,170.7753,0.0371
891,187,160.04,4.95,225.35,191.49,0.2069,0.1035,3.9509,7.019,156.536,0.0487
892,188,61.85,0.19,96.24,106.69,0.6968,0.3484,8.8868,15.0867,10.8296,0.2262
892,168,190.63,0.6,237.47,145.45,0.5767,0.2883,5.6821,4.879,0.0,0.1919
893,188,61.6,0.24,97.06,110.23,0.543,0.2715,8.4929,14.8931,11.3194,0.1762
893,168,191.09,0.45,237.05,145.18,0.3408,0.1704,5.6961,4.8803,0.0,0.1134
893,174,168.85,160.54,212.48,256.77,0.6704,0.6704,2.6922,15.8391,133.2004,0.4213
894,188,61.52,0.17,97.51,111.91,0.5962,0.2981,8.317,14.7994,11.5594,0.1934
894,168,194.12,0.4,240.15,145.18,0.3523,0.1762,5.7003,5.3164,0.0,0.1172
894,174,167.44,150.23,217.81,257.2,0.3621,0.3621,2.6867,15.9225,0.0,0.3485
895,188,60.51,0.05,96.93,112.68,0.6479,0.324,8.2432,14.8702,0.0,0.2124
895,168,196.45,0.37,242.04,145.08,0.3433,0.1716,5.7087,5.6159,0.0,0.1142
895,174,167.63,146.09,221.62,257.11,0.5859,0.5859,2.6886,15.9424,0.0,0.5637
896,188,60.21,0.15,96.84,113.04,0.5381,0.2691,8.2082,14.881,0.0,0.1764
896,168,200.12,0.43,245.02,146.51,0.3132,0.1566,5.6404,6.0965,0.0,0.1041
897,188,58.74,0.14,96.06,113.62,0.541,0.2705,8.1566,15.003,0.0,0.1773
897,168,201.99,0.35,245.52,145.37,0.5708,0.2854,5.7008,6.2572,0.0,0.1897
897,196,158.49,1.66,239.31,258.5,0.3433,0.1716,2.6711,16.2071,0.0,0.1655
898,188,58.36,0.18,95.89,113.31,0.3896,0.1948,8.1886,15.0501,0.0,0.1276
898,196,160.28,1.9,241.32,259.23,0.5972,0.2986,2.662,16.345,0.0,0.2881
899,188,58.54,0.15,96.67,113.12,0.6309,0.3155,8.2049,14.9958,0.0,0.2067
900,188,60.55,0.05,98.46,112.43,0.2942,0.1471,8.2643,14.7796,0.0,0.0964
900,196,172.93,60.94,235.33,257.86,0.4668,0.4668,2.6823,16.252,0.0,0.4492
901,196,178.49,74.49,236.86,257.61,0.248,0.248,2.6877,16.3239,0.0,0.2385
901,174,179.5,155.2,230.7,257.22,0.3303,0.3303,2.6916,16.1965,0.0,0.3175
902,196,174.42,32.6,246.43,260.26,0.542,0.542,2.6534,16.7515,0.0,0.5232
903,196,182.05,59.57,245.75,259.26,0.3208,0.3208,2.6693,16.7472,0.0,0.309
903,174,185.41,159.51,236.35,258.0,0.3757,0.3757,2.6844,16.4792,0.0,0.3613
904,-1,227.53,0.05,248.62,24.47,0.2886,0.1443,10.0,90.0,0.0,0.0
904,-1,65.78,0.12,81.28,24.4,0.2546,0.1273,10.0,90.0,0.0,0.0
905,196,192.61,76.43,251.07,258.19,0.2576,0.2576,2.6904,16.9407,0.0,0.2473
906,196,189.32,23.85,264.19,258.79,0.4971,0.4971,2.6869,17.2465,0.0,0.4773
907,-1,222.75,0.07,255.38,89.93,0.212,0.106,11.104,11.3409,0.0,0.07
908,168,223.96,0.09,271.19,155.88,0.3091,0.1545,5.2474,9.7508,42.1084,0.089
908,188,62.42,0.51,99.93,112.62,0.4727,0.2364,8.2368,14.5581,0.0,0.155
908,196,196.4,63.18,259.52,258.19,0.397,0.397,2.6963,17.2342,0.0,0.3807
909,168,210.6,0.23,264.98,170.5,0.4351,0.2175,4.6479,9.0476,23.0921,0.1485
909,188,63.92,0.38,100.79,112.31,0.4045,0.2023,8.2621,14.4197,0.0,0.1327
910,188,63.32,0.25,100.2,112.58,0.222,0.111,8.2379,14.4848,0.0,0.0728
910,196,199.4,74.94,258.17,256.64,0.3477,0.3477,2.7186,17.0898,0.0,0.3324
911,-1,231.19,0.0,272.81,95.84,0.2114,0.1057,10.1803,12.241,0.0,0.0697
912,-1,232.88,0.07,265.22,50.77,0.2949,0.1474,29.3039,16.2027,0.0,0.0963
912,-1,198.84,72.84,257.91,261.84,0.218,0.218,2.6474,17.6952,0.0,0.2103
914,196,195.74,49.63,262.49,259.74,0.6289,0.6289,2.6764,17.4796,0.0,0.6044
915,196,196.0,42.32,265.05,262.59,0.4026,0.4026,2.6397,17.8931,0.0,0.3886
915,168,231.11,0.42,279.45,161.14,0.6558,0.3279,5.0431,10.9445,147.6013,0.1073
915,188,68.55,0.43,105.11,114.77,0.353,0.1765,7.9995,13.7431,25.1965,0.1104
916,196,195.91,39.29,263.64,258.78,0.7456,0.7456,2.6902,17.3984,0.0,0.7153
916,168,234.57,0.31,280.44,159.68,0.3567,0.1784,5.1093,11.2027,0.0,0.1178
917,196,196.09,36.38,263.47,257.57,0.2622,0.2622,2.7068,17.2536,0.0,0.251
917,168,242.19,0.43,275.78,110.27,0.7622,0.3811,8.3873,12.14,168.5381,0.1242
918,196,195.74,34.44,262.49,256.54,0.5659,0.5659,2.7204,17.0951,0.0,0.5409
918,168,239.36,0.21,283.03,149.18,0.5991,0.2995,5.5963,11.5179,17.0028,0.1933
918,188,73.26,0.23,114.67,126.31,0.6094,0.3047,6.9979,12.4071,15.3544,0.1971
919,196,195.6,32.61,261.12,252.82,0.7671,0.7671,2.7723,16.6076,0.0,0.7286
919,168,240.51,0.32,285.74,160.45,0.3999,0.1999,5.0926,11.9824,18.9141,0.1282
920,168,241.88,0.61,285.94,161.45,0.2069,0.1035,5.0537,12.1153,0.0,0.0682
920,213,247.91,0.06,281.79,90.65,0.3638,0.1819,11.1006,14.0921,0.0,0.1194
921,168,242.71,0.42,286.62,161.43,0.6069,0.3034,5.0567,12.2161,0.0,0.2
921,213,247.3,0.29,282.54,94.26,0.2612,0.1306,10.4909,13.847,9.2328,0.0852
921,188,73.34,0.49,116.28,130.16,0.5981,0.299,6.7188,12.1978,14.355,0.194
921,196,196.98,30.99,259.47,242.76,0.8594,0.8594,2.9237,15.3908,149.7891,0.5141
922,168,246.73,0.34,289.85,161.23,0.2644,0.1322,5.0754,12.6971,0.0,0.0871
922,213,255.11,0.2,281.89,70.69,0.4207,0.2104,16.2691,16.0576,174.0114,0.0674
922,188,73.66,0.43,117.24,129.83,0.5322,0.2661,6.7394,12.1186,0.0,0.1754
922,196,198.34,30.91,258.24,234.33,0.8467,0.8467,3.0621,14.3886,150.9503,0.4922
923,168,248.3,0.3,290.91,161.27,0.5767,0.2883,5.0777,12.8743,0.0,0.1898
923,188,76.0,0.36,119.4,129.62,0.7363,0.3681,6.7459,11.8189,0.0,0.2428
923,196,199.29,30.05,257.32,227.4,0.8638,0.8638,3.1845,13.5713,151.889,0.489
924,188,76.94,0.46,119.73,129.01,0.6489,0.3245,6.7863,11.7477,0.0,0.214
924,196,203.04,28.82,261.15,222.43,0.5381,0.5381,3.2822,13.2693,147.7862,0.2978
924,214,254.7,0.08,288.67,97.37,0.3523,0.1762,10.051,14.447,0.0,0.1156
925,188,78.04,0.43,120.7,129.03,0.4639,0.2319,6.7813,11.6071,0.0,0.1531
925,196,201.67,27.84,258.79,217.53,0.6094,0.6094,3.3764,12.5732,0.0,0.5333
925,214,255.79,0.07,289.31,95.97,0.6206,0.3103,10.2658,14.6365,169.3864,0.1001
926,188,78.44,0.36,121.2,129.95,0.7656,0.3828,6.7156,11.5236,0.0,0.2526
926,196,200.27,27.34,256.67,214.83,0.835,0.835,3.4295,12.132,0.0,0.7253
926,214,256.74,0.12,290.27,95.78,0.3469,0.1734,10.3005,14.7621,0.0,0.1137
926,168,252.26,0.62,294.34,161.73,0.6689,0.3345,5.0702,13.38,0.0,0.2199
927,188,79.02,0.23,121.91,131.03,0.7583,0.3791,6.6395,11.4111,0.0,0.2503
927,196,198.8,26.53,255.12,215.22,0.8477,0.8477,3.4195,12.0608,0.0,0.7375
927,168,253.27,0.44,295.26,162.31,0.6436,0.3218,5.0497,13.5235,0.0,0.2116
928,188,80.52,0.26,124.99,135.02,0.7627,0.3814,6.3718,11.0217,16.5683,0.2466
928,196,198.63,26.54,254.54,215.1,0.7168,0.7168,3.4216,12.0188,0.0,0.6235
928,168,253.9,0.65,296.02,163.9,0.7456,0.3728,4.9881,13.6585,0.0,0.2456
929,188,81.07,0.22,126.31,136.87,0.7559,0.378,6.2547,10.8664,16.4818,0.2445
929,196,199.09,26.02,254.93,215.37,0.7793,0.7793,3.4165,12.0818,0.0,0.6783
929,168,254.57,0.9,296.89,165.86,0.2837,0.1419,4.914,13.8171,0.0,0.0948
929,214,258.48,0.0,292.99,97.5,0.3081,0.154,10.0549,14.9262,16.2971,0.0989
930,188,81.24,0.42,126.78,137.65,0.6177,0.3089,6.2067,10.8127,0.0,0.2041
930,196,201.11,25.58,252.11,196.58,0.7793,0.7793,3.8465,9.9812,156.1215,0.3757
930,168,255.46,0.51,297.57,164.55,0.7739,0.387,4.9674,13.8827,0.0,0.2559
931,196,200.98,25.66,255.44,209.33,0.6104,0.6104,3.5468,11.4948,25.9105,0.5007
931,168,256.57,0.34,299.92,167.91,0.5371,0.2686,4.8439,14.2114,22.2437,0.1752
932,196,201.64,25.77,256.77,213.53,0.582,0.582,3.4576,12.0432,0.0,0.5034
932,168,257.55,0.44,301.63,169.24,0.6279,0.314,4.7988,14.4305,0.0,0.2144
932,188,83.52,0.38,128.48,137.58,0.3989,0.1994,6.2049,10.5388,0.0,0.1318
933,196,209.35,25.7,251.48,162.83,0.7139,0.7139,4.9221,7.6767,160.9445,0.2432
933,168,262.26,0.83,300.79,146.43,0.5547,0.2773,5.8044,14.2709,163.675,0.0896
933,188,87.12,0.38,130.47,137.55,0.4407,0.2203,6.1985,10.1525,0.0,0.1457
934,196,205.54,24.97,257.06,194.58,0.6943,0.6943,3.9044,10.2283,23.5762,0.5413
934,188,85.8,0.38,128.91,137.85,0.3667,0.1834,6.1848,10.3482,0.0,0.1212
934,214,265.37,0.46,300.28,97.69,0.2673,0.1336,10.0696,15.7725,95.3311,0.0429
935,196,204.66,24.46,258.83,205.23,0.5776,0.5776,3.6439,11.3533,25.0851,0.4676
935,188,89.6,0.78,131.56,137.54,0.7026,0.3513,6.194,9.9053,0.0,0.2325
935,214,271.3,1.35,298.71,72.43,0.2274,0.1137,15.7916,17.6552,173.8552,0.0361
935,168,261.89,2.16,306.82,167.33,0.6353,0.3176,4.8856,14.9933,19.5723,0.2069
936,196,204.72,23.83,259.28,207.82,0.8369,0.8369,3.5853,11.6504,0.0,0.71
936,188,91.0,0.87,132.15,137.31,0.6943,0.3472,6.205,9.7703,0.0,0.2298
936,168,262.82,1.53,311.25,173.1,0.7529,0.3765,4.6842,15.5261,22.514,0.2527
937,196,204.84,22.69,259.31,208.19,0.7515,0.7515,3.5772,11.6965,0.0,0.6384
937,188,92.06,0.61,132.7,137.4,0.7378,0.3689,6.1973,9.6574,0.0,0.2442
937,168,260.98,1.48,311.1,175.82,0.7612,0.3806,4.5874,15.4983,0.0,0.2701
938,196,212.81,21.14,254.13,156.31,0.6602,0.6602,5.1983,7.8249,161.8893,0.218
938,188,92.64,0.49,132.82,137.52,0.6875,0.3438,6.1892,9.6072,0.0,0.2276
938,168,260.73,2.66,311.73,177.24,0.5352,0.2676,4.5405,15.5779,0.0,0.1915
939,196,207.97,19.46,257.49,182.38,0.7793,0.7793,4.2495,9.2773,21.8053,0.5755
939,188,93.66,0.53,133.38,136.86,0.667,0.3335,6.2267,9.5069,0.0,0.2208
939,168,260.56,3.23,312.48,178.06,0.7217,0.3609,4.5143,15.6476,0.0,0.2595
940,196,206.84,18.41,258.32,188.69,0.8159,0.8159,4.0654,9.8059,22.6954,0.6206
940,188,95.46,0.35,135.73,138.13,0.7583,0.3791,6.1453,9.2008,0.0,0.2511
940,168,260.46,4.01,313.82,181.13,0.8477,0.4239,4.4176,15.8548,0.0,0.3101
941,196,207.11,17.48,257.88,185.86,0.667,0.667,4.1459,9.5458,0.0,0.5175
941,188,95.82,0.46,136.29,138.1,0.7393,0.3696,6.1459,9.1372,0.0,0.2449
941,168,262.57,4.95,316.13,179.76,0.6655,0.3327,4.4683,16.0746,0.0,0.2411
942,196,208.18,16.97,257.84,182.12,0.7334,0.7334,4.2578,9.2877,158.144,0.3138
942,188,96.63,0.22,138.92,142.63,0.6406,0.3203,5.8844,8.8605,16.8931,0.2077
942,168,261.09,5.69,316.73,184.48,0.8691,0.8691,4.3197,16.2257,21.4827,0.6266
943,196,209.22,16.35,258.66,182.02,0.8037,0.8037,4.2623,9.3854,0.0,0.6113
943,188,97.11,0.31,140.57,145.41,0.7026,0.3513,5.7338,8.7114,17.33,0.2275
943,168,261.07,6.24,318.11,186.02,0.8169,0.8169,4.2757,16.3817,0.0,0.6124
944,196,208.52,16.05,258.17,182.93,0.8086,0.8086,4.2338,9.392,0.0,0.6181
944,188,97.51,0.88,141.65,146.55,0.7334,0.3667,5.6733,8.6128,0.0,0.2431
944,168,262.42,6.54,320.59,185.79,0.8638,0.8638,4.2886,16.6072,0.0,0.6458
945,196,208.82,15.88,258.15,182.37,0.7949,0.7949,4.251,9.362,0.0,0.6058
945,188,97.2,1.29,142.54,149.62,0.6807,0.3403,5.5198,8.6014,17.1371,0.2206
945,168,262.35,6.46,323.07,190.41,0.8682,0.8682,4.1586,16.9771,23.3897,0.6398
946,196,210.46,15.75,258.82,180.68,0.8203,0.8203,4.3046,9.3599,0.0,0.6193
946,188,99.48,4.37,144.35,152.22,0.6929,0.3464,5.3918,8.3587,21.1414,0.222
946,168,264.3,6.52,326.36,191.64,0.8892,0.8892,4.1325,17.3558,0.0,0.6822
947,196,210.81,15.82,258.96,181.83,0.8218,0.8218,4.2697,9.4785,0.0,0.6242
947,188,99.57,3.24,145.48,155.03,0.6919,0.3459,5.2626,8.3391,18.144,0.2237
947,168,266.13,6.63,329.04,191.21,0.895,0.895,4.1517,17.6073,0.0,0.6839
948,196,211.54,15.87,258.95,181.07,0.7725,0.7725,4.2936,9.4604,0.0,0.5843
948,188,100.21,6.09,146.06,160.34,0.5786,0.5786,5.0343,8.4293,18.7028,0.3735
948,168,268.5,7.12,331.16,187.63,0.9038,0.9038,4.2616,17.7138,156.1366,0.376
949,196,213.97,15.93,256.57,163.75,0.5088,0.5088,4.8947,8.3628,160.8329,0.1749
949,188,100.42,7.36,147.16,166.18,0.5679,0.5679,4.8031,8.6064,19.5332,0.3805
949,168,271.9,6.93,334.58,185.81,0.896,0.896,4.3272,18.0534,0.0,0.663
950,196,212.78,16.16,258.12,175.37,0.6724,0.6724,4.4764,9.0661,20.8264,0.4778
950,188,103.15,7.47,148.24,162.18,0.5029,0.5029,4.9549,8.1625,158.8236,0.169
950,168,274.12,6.95,337.79,187.5,0.8545,0.8545,4.2865,18.4567,0.0,0.6363
951,196,211.7,16.24,258.05,180.68,0.771,0.771,4.305,9.3872,21.5905,0.564
951,188,102.26,7.11,148.96,168.55,0.6167,0.6167,4.7119,8.5006,19.8655,0.4203
951,168,276.22,6.86,339.92,185.88,0.8516,0.8516,4.3423,18.6487,0.0,0.6275
952,196,211.94,15.73,257.52,178.82,0.8286,0.8286,4.3631,9.2282,0.0,0.6192
952,188,98.29,6.42,145.1,164.61,0.6001,0.6001,4.8671,8.8045,154.8776,0.2083
952,168,279.54,7.01,343.37,185.97,0.8789,0.8789,4.3519,19.0662,0.0,0.6458
953,196,212.09,14.89,257.25,177.16,0.75,0.75,4.4163,9.0985,0.0,0.5552
953,188,102.93,6.21,144.59,144.33,0.5688,0.5688,5.7793,8.0181,163.4515,0.1877
953,168,281.6,7.43,346.59,189.87,0.7017,0.7017,4.2469,19.5431,27.2711,0.4988
954,196,211.83,13.38,256.7,176.07,0.7349,0.7349,4.4512,8.9715,0.0,0.5407
954,188,102.56,5.71,147.38,154.42,0.5581,0.5581,5.285,7.9853,17.8815,0.3613
954,168,283.05,7.59,347.38,187.35,0.8315,0.8315,4.3247,19.5776,0.0,0.6132
955,196,211.26,12.36,255.47,172.98,0.6802,0.6802,4.5535,8.6482,158.5126,0.2647
955,188,105.01,5.36,150.69,157.9,0.6704,0.6704,5.1274,7.6984,22.5628,0.4278
955,168,285.44,7.92,348.91,185.22,0.7671,0.7671,4.3962,19.7355,0.0,0.5581
956,196,210.05,10.97,252.64,164.82,0.8467,0.8467,4.8462,7.9005,159.9483,0.2969
956,188,105.13,4.95,154.69,169.44,0.7808,0.3904,4.6724,8.0095,20.1693,0.2681
956,168,286.12,8.32,349.64,185.04,0.8433,0.8433,4.4045,19.8147,0.0,0.6125
957,196,208.81,9.53,250.84,160.54,0.8203,0.8203,5.0132,7.4908,159.9634,0.2711
957,188,106.14,4.69,156.29,168.85,0.7686,0.3843,4.6916,7.8081,0.0,0.2708
957,168,283.5,8.37,350.41,194.19,0.8237,0.8237,4.1363,20.0688,22.3426,0.6067
958,196,209.38,8.84,250.32,155.26,0.7725,0.7725,5.2378,7.2943,162.0096,0.2554
958,188,106.45,3.95,158.0,171.06,0.7832,0.3916,4.6111,7.8302,0.0,0.2802
958,168,283.64,8.66,350.25,192.73,0.8682,0.8682,4.1765,20.0048,0.0,0.6567
959,196,208.57,8.33,249.28,153.2,0.8452,0.8452,5.3288,7.1074,0.0,0.5613
959,188,108.6,3.57,159.12,164.46,0.8101,0.4051,4.8515,7.2049,159.9863,0.142
959,168,282.55,9.04,349.79,193.48,0.8813,0.8813,4.1529,19.9446,0.0,0.6695
960,196,208.58,7.79,249.38,152.53,0.8628,0.8628,5.3597,7.0981,0.0,0.573
960,188,109.35,3.33,159.81,161.31,0.7559,0.378,4.9747,6.9412,160.5365,0.1263
960,168,281.14,9.18,349.59,195.95,0.8711,0.8711,4.0829,19.9585,0.0,0.6698
961,196,208.26,7.24,249.02,151.99,0.8052,0.8052,5.3841,7.038,0.0,0.5348
961,188,109.51,3.24,163.55,171.29,0.7471,0.3735,4.5967,7.3254,20.5343,0.2602
961,168,277.37,8.67,348.35,200.54,0.8828,0.8828,3.9546,19.8823,24.7901,0.6669
962,196,207.83,6.88,248.48,151.21,0.8535,0.8535,5.4198,6.9532,0.0,0.5669
962,188,110.66,3.48,165.99,174.3,0.8691,0.4345,4.4911,7.3536,23.3664,0.3061
962,168,275.52,9.02,347.43,201.7,0.9038,0.9038,3.9207,19.7793,0.0,0.7148
963,196,207.64,6.58,248.34,151.27,0.7188,0.7188,5.4167,6.9314,0.0,0.4774
963,188,110.0,3.21,166.49,175.87,0.8369,0.4184,4.439,7.495,0.0,0.3091
963,168,271.81,8.23,345.32,202.27,0.8535,0.8535,3.8968,19.4705,0.0,0.6783
964,196,207.56,6.68,248.32,151.73,0.8286,0.8286,5.395,6.9344,0.0,0.5504
964,188,109.95,4.03,166.67,175.59,0.8701,0.435,4.4481,7.4638,0.0,0.3208
964,168,272.86,9.4,345.99,201.6,0.8657,0.8657,3.9163,19.5355,0.0,0.6856
965,196,207.27,7.49,247.85,151.96,0.8506,0.8506,5.3836,6.8867,0.0,0.565
965,188,108.97,4.25,166.31,175.78,0.8906,0.4453,4.4428,7.5554,0.0,0.3287
965,168,273.05,10.12,345.43,199.44,0.8545,0.8545,3.9702,19.4035,0.0,0.6708
966,196,207.3,7.72,247.75,151.72,0.7671,0.7671,5.3948,6.8763,0.0,0.5096
966,188,110.22,4.8,167.52,176.08,0.8667,0.4334,4.4313,7.4433,0.0,0.3205
966,168,272.95,10.29,344.64,197.27,0.8657,0.8657,4.0249,19.2435,0.0,0.6736
967,196,207.43,7.91,247.81,151.86,0.8477,0.8477,5.3884,6.8927,0.0,0.5631
967,188,110.9,5.84,168.08,176.51,0.8701,0.8701,4.4164,7.4123,0.0,0.6453
967,168,272.83,10.72,343.68,195.03,0.8853,0.8853,4.0826,19.0716,0.0,0.6823
968,196,207.65,7.81,248.05,152.14,0.7949,0.7949,5.3757,6.9314,0.0,0.528
968,188,111.45,6.69,168.5,176.8,0.7949,0.7949,4.4064,7.3849,0.0,0.5907
968,168,271.81,10.31,342.32,194.17,0.8818,0.8818,4.1018,18.8889,0.0,0.6776
969,196,208.03,7.22,248.24,152.08,0.8052,0.8052,5.379,6.9697,0.0,0.5348
969,188,112.35,7.1,169.1,176.6,0.8711,0.8711,4.412,7.2853,0.0,0.6467
969,168,270.56,9.87,340.92,193.84,0.8555,0.8555,4.1062,18.7149,0.0,0.6572
970,196,208.66,6.45,247.83,148.0,0.6626,0.6626,5.5753,6.9134,163.042,0.2193
970,188,114.29,7.61,170.46,176.57,0.7407,0.7407,4.411,7.1047,0.0,0.5501
970,168,263.3,9.61,336.02,198.18,0.7886,0.7886,3.9711,18.211,32.1356,0.5805
971,196,209.38,5.42,247.96,145.36,0.7695,0.7695,5.7101,6.9528,163.3023,0.2546
971,188,116.22,7.89,172.4,176.71,0.8555,0.8555,4.4042,6.9136,0.0,0.6362
971,168,259.92,9.97,333.78,200.08,0.834,0.834,3.9139,17.9849,0.0,0.6632
972,196,209.26,3.83,246.9,139.68,0.5776,0.2888,6.0183,6.8941,164.0825,0.0956
972,188,118.2,7.61,174.42,177.1,0.8271,0.8271,4.3894,6.7463,0.0,0.6168
972,168,258.75,10.19,332.96,201.25,0.8726,0.8726,3.8816,17.9352,0.0,0.6977
973,196,208.93,2.64,246.04,135.63,0.4026,0.2013,6.2571,6.886,164.5634,0.0666
973,188,120.02,7.12,175.14,175.92,0.4912,0.4912,4.4265,6.501,0.0,0.364
973,168,257.83,9.82,332.01,201.21,0.834,0.834,3.8797,17.824,0.0,0.6672
974,196,208.87,1.89,245.29,132.09,0.6875,0.3438,6.481,6.935,165.1479,0.1137
974,188,121.19,6.93,175.96,176.19,0.7847,0.7847,4.4166,6.4286,0.0,0.5825
974,168,255.91,10.22,329.98,201.54,0.8682,0.8682,3.8656,17.6137,0.0,0.6965
975,196,208.9,1.45,244.79,129.26,0.8125,0.4062,6.6713,7.0122,165.6104,0.1344
975,188,122.43,7.41,176.91,176.64,0.7778,0.7778,4.4009,6.3677,0.0,0.5791
975,168,255.03,9.45,329.08,201.45,0.8477,0.8477,3.8652,17.5049,0.0,0.6803
976,196,208.48,0.66,244.11,127.51,0.4893,0.2447,6.7933,7.0171,165.1533,0.0809
976,188,121.48,7.96,176.01,176.8,0.8135,0.8135,4.3966,6.4741,0.0,0.6061
976,168,255.44,9.52,328.82,201.21,0.8062,0.8062,3.8714,17.4994,0.0,0.6463
977,196,208.18,0.24,243.26,124.78,0.3235,0.1618,6.993,7.081,165.9505,0.0535
977,188,123.58,8.16,177.73,176.65,0.7871,0.7871,4.3997,6.2746,0.0,0.5862
977,168,255.44,9.18,327.94,200.54,0.7656,0.7656,3.8868,17.4085,0.0,0.6123
978,196,207.85,0.0,242.44,122.77,0.3667,0.1834,7.1469,7.1222,165.9773,0.0606
978,188,122.23,8.32,176.73,176.76,0.7861,0.7861,4.3972,6.3985,0.0,0.5856
978,168,253.86,9.05,326.21,201.39,0.7769,0.7769,3.8608,17.2668,0.0,0.6243
979,196,207.43,0.0,241.69,120.1,0.212,0.106,7.3618,7.2179,166.6051,0.0351
979,188,124.06,8.28,178.21,176.51,0.7017,0.7017,4.4038,6.2144,0.0,0.5222
979,168,257.77,9.0,327.79,200.21,0.7212,0.7212,3.8983,17.5164,0.0,0.5756
980,196,210.65,0.0,238.26,92.52,0.4141,0.2071,10.6046,9.6681,170.8868,0.068
980,188,127.22,8.26,181.08,176.31,0.7407,0.7407,4.4077,5.9169,0.0,0.551
980,168,254.02,9.27,325.16,205.42,0.7871,0.7871,3.7622,17.4663,26.5947,0.6148
981,196,206.15,0.16,239.62,111.92,0.4873,0.2437,8.1035,7.64,11.8621,0.16
981,188,129.59,8.33,183.47,176.78,0.7925,0.7925,4.3906,5.766,0.0,0.5914
981,168,256.6,9.09,328.33,212.78,0.7793,0.7793,3.6032,18.2725,27.7147,0.6218
982,196,203.53,0.3,239.72,121.13,0.3738,0.1869,7.271,6.7838,13.2304,0.1225
982,188,131.47,8.17,185.38,176.21,0.8003,0.8003,4.4078,5.546,0.0,0.5955
982,168,254.17,8.84,325.25,212.65,0.8013,0.8013,3.5984,17.9599,0.0,0.6709
982,229,207.43,0.74,239.98,32.29,0.3389,0.1694,111.3903,16.7226,0.0,0.1106
983,196,203.44,0.6,240.46,125.75,0.5879,0.2939,6.9129,6.5365,13.8832,0.1925
983,188,133.69,8.11,185.02,171.61,0.6602,0.6602,4.5619,4.9351,159.1195,0.2578
983,168,249.91,8.84,320.87,217.23,0.7686,0.7686,3.4894,17.819,31.3797,0.6174
984,196,203.06,0.41,239.69,126.5,0.2108,0.1054,6.8567,6.4198,0.0,0.07
984,188,134.97,8.36,188.11,175.22,0.8228,0.8228,4.4383,5.1906,23.9397,0.5854
984,168,247.65,8.93,316.6,215.9,0.8296,0.8296,3.5088,17.3707,0.0,0.7054
985,196,204.18,0.3,232.29,91.92,0.5508,0.2754,10.6879,9.192,170.8999,0.0906
985,188,140.51,8.45,194.12,176.55,0.7407,0.7407,4.3919,5.0005,0.0,0.5529
985,168,241.43,9.43,310.06,216.43,0.8657,0.8657,3.4821,16.7357,0.0,0.7401
986,196,199.22,0.18,234.78,116.87,0.4368,0.2184,7.625,6.5554,12.5717,0.1434
986,188,144.71,8.38,199.38,176.77,0.7168,0.7168,4.3833,4.8278,0.0,0.536
986,168,238.16,9.62,306.92,218.05,0.8936,0.8936,3.4413,16.5335,0.0,0.7691
987,188,148.29,8.82,204.26,177.12,0.7739,0.7739,4.3712,4.7718,0.0,0.5799
987,168,234.8,9.69,303.01,216.32,0.7754,0.7754,3.4687,16.0158,0.0,0.6652
988,188,150.42,8.52,208.13,176.88,0.7041,0.7041,4.3787,4.709,0.0,0.5269
988,168,230.19,10.18,298.69,215.15,0.8062,0.8062,3.4834,15.4593,0.0,0.6908
989,188,152.21,8.31,211.58,176.77,0.585,0.585,4.3823,4.7,0.0,0.4375
989,168,224.85,10.73,294.14,215.22,0.8604,0.8604,3.4718,14.9666,0.0,0.7392
990,188,153.34,9.24,214.46,177.01,0.8003,0.8003,4.3748,4.7591,0.0,0.5993
990,168,223.78,11.68,293.15,214.94,0.8604,0.8604,3.4756,14.8389,0.0,0.7389
991,188,153.21,8.95,215.92,176.62,0.6611,0.6611,4.3875,4.7161,0.0,0.494
991,168,223.27,12.03,292.54,214.91,0.8271,0.8271,3.4751,14.7806,0.0,0.7104
992,188,152.25,11.06,215.9,176.85,0.7192,0.7192,4.3799,4.7394,0.0,0.5381
992,168,221.66,12.62,290.75,215.8,0.8486,0.8486,3.4532,14.6944,0.0,0.7315
993,188,152.66,10.36,218.11,177.11,0.7964,0.7964,4.3718,4.8026,0.0,0.5967
993,168,215.96,12.83,286.6,216.02,0.7939,0.7939,3.4395,14.2407,0.0,0.6863
994,188,151.63,8.97,218.87,176.84,0.8086,0.8086,4.3804,4.7616,0.0,0.6049
994,168,217.32,13.18,287.46,215.35,0.8169,0.8169,3.4554,14.2828,0.0,0.7044
995,188,151.87,8.72,220.24,176.82,0.8135,0.8135,4.3812,4.7782,0.0,0.6085
995,168,213.66,13.11,285.08,216.65,0.8711,0.8711,3.4232,14.122,0.0,0.7551
996,188,150.82,3.52,221.97,176.72,0.7065,0.3533,4.3845,4.7733,0.0,0.2641
996,168,213.88,12.62,286.63,216.76,0.8037,0.8037,3.4225,14.2154,0.0,0.6966
997,188,151.18,3.32,222.88,176.49,0.6665,0.3332,4.3921,4.7594,0.0,0.2488
997,168,213.78,11.86,286.09,216.32,0.8013,0.8013,3.4309,14.1427,0.0,0.6937
998,188,151.9,5.11,223.45,176.68,0.6992,0.6992,4.3861,4.806,0.0,0.5225
998,168,214.07,11.85,285.51,215.85,0.8027,0.8027,3.4404,14.0836,0.0,0.694
999,188,157.39,6.38,228.0,176.01,0.3923,0.3923,4.4095,4.9295,0.0,0.2919
999,168,209.45,11.19,281.79,217.34,0.7925,0.7925,3.4027,13.8465,0.0,0.6894
1000,188,157.75,6.4,227.97,176.22,0.7583,0.7583,4.4027,4.966,0.0,0.565
1000,168,208.0,11.04,280.21,217.15,0.8306,0.8306,3.4041,13.6913,0.0,0.7226
1001,188,158.77,5.48,228.44,176.11,0.5767,0.5767,4.4066,4.9918,0.0,0.4294
1001,168,208.57,11.16,279.19,216.5,0.7754,0.7754,3.417,13.605,0.0,0.6733
1002,188,164.02,6.99,231.44,176.17,0.7192,0.7192,4.4067,5.2565,0.0,0.5354
1002,168,209.14,11.03,278.77,216.99,0.8086,0.8086,3.4071,13.6616,0.0,0.7032
1003,188,167.61,6.46,233.47,176.28,0.7271,0.7271,4.4048,5.4739,0.0,0.5413
1003,168,210.21,10.42,278.62,216.98,0.8003,0.8003,3.4081,13.7017,0.0,0.6958
1004,188,171.63,6.81,235.69,177.25,0.5869,0.5869,4.3756,5.836,0.0,0.4391
1004,168,210.29,10.19,277.87,217.8,0.79,0.79,3.3909,13.7554,0.0,0.6886
1004,238,182.63,0.06,201.44,16.27,0.4727,0.2364,10.0,90.0,0.0,0.0
1005,168,202.72,9.18,271.39,217.45,0.4282,0.4282,3.3872,13.113,0.0,0.3738
1006,168,199.4,8.16,269.11,217.03,0.5898,0.5898,3.3918,12.8366,0.0,0.5148
1007,168,193.62,7.96,263.08,217.42,0.5498,0.5498,3.3762,12.4174,0.0,0.4813
1008,168,194.24,8.55,262.02,216.92,0.7808,0.7808,3.3861,12.3437,0.0,0.6825
1008,196,173.29,0.24,202.05,96.37,0.6655,0.3327,9.9395,6.8898,0.0,0.221
1009,168,200.75,9.06,268.36,217.0,0.8101,0.8101,3.3928,12.8578,0.0,0.7069
1009,196,171.93,0.12,199.89,97.61,0.4902,0.2451,9.7588,6.6806,16.8279,0.1593
1010,168,202.02,9.63,270.03,217.86,0.8062,0.8062,3.3775,13.0719,0.0,0.7049
1010,196,169.97,0.13,196.93,96.36,0.5508,0.2754,9.9395,6.8221,159.146,0.0912
1011,168,200.82,9.48,269.45,217.81,0.7422,0.7422,3.3772,12.9936,0.0,0.6491
1011,196,168.99,0.14,196.05,97.62,0.543,0.2715,9.7565,6.6358,12.234,0.1783
1012,168,198.82,7.75,269.16,217.97,0.4226,0.4226,3.3724,12.9184,0.0,0.3699
1013,168,197.47,8.96,268.43,217.74,0.8013,0.8013,3.3757,12.8098,0.0,0.7011
1014,188,185.71,10.03,260.65,215.34,0.6216,0.6216,3.4127,11.7973,29.7959,0.5142
1014,196,165.52,0.19,193.0,96.86,0.3567,0.1784,9.8658,6.7345,142.6611,0.059
1015,188,183.86,10.36,256.8,217.82,0.6875,0.6875,3.3592,11.8974,0.0,0.6038
1015,196,164.0,0.2,192.78,96.91,0.2344,0.1172,9.8586,6.7305,0.0,0.0779
1016,188,182.39,10.12,253.27,218.33,0.4426,0.4426,3.3465,11.7991,0.0,0.3895
1016,196,158.81,0.2,191.01,103.05,0.3381,0.1691,9.0372,5.9008,12.2387,0.1111
1017,188,181.1,10.83,249.78,217.43,0.2415,0.2415,3.3623,11.542,0.0,0.2121
1017,168,195.27,11.48,268.16,217.46,0.627,0.627,3.3797,12.681,0.0,0.5484
1018,242,201.55,9.96,233.04,52.38,0.5469,0.5469,27.2371,13.9153,0.0,0.3592
1018,168,194.09,13.35,268.97,217.03,0.811,0.811,3.3882,12.6184,0.0,0.7084
1019,242,202.29,9.95,234.19,52.84,0.2959,0.2959,26.7734,13.9066,8.5695,0.1933
1019,188,179.73,10.85,246.77,217.23,0.7656,0.7656,3.3644,11.389,0.0,0.6723
1020,242,202.69,9.76,233.36,50.75,0.2069,0.2069,29.0435,14.1564,176.621,0.0669
1020,244,235.94,16.59,276.95,192.77,0.5049,0.5049,3.9976,12.7956,0.0,0.3999
1020,188,180.61,11.1,246.15,217.54,0.8037,0.8037,3.3583,11.4353,0.0,0.7064
1021,242,202.39,9.73,232.8,49.99,0.2153,0.2153,29.9633,14.2297,176.2021,0.0696
1021,244,238.25,16.16,279.5,193.44,0.5591,0.5591,3.985,13.1243,0.0,0.4435
1021,188,180.54,10.15,245.2,216.9,0.7319,0.7319,3.3708,11.3259,0.0,0.6422
1021,246,243.97,16.16,274.09,48.43,0.397,0.397,32.5038,17.2553,0.0,0.2587
1022,244,237.67,16.23,279.08,192.9,0.46,0.46,3.9983,13.0276,0.0,0.3642
1022,188,181.79,10.04,245.75,216.54,0.7964,0.7964,3.3789,11.3325,0.0,0.6979
1022,246,246.48,16.47,276.8,48.93,0.214,0.214,31.8331,17.4252,17.0028,0.1363
1022,248,125.46,32.26,147.24,52.13,0.4534,0.4534,27.5409,14.2923,0.0,0.2976
1023,244,241.48,16.69,282.83,193.24,0.4609,0.4609,3.9977,13.4902,0.0,0.3646
1023,188,183.15,9.32,246.15,215.46,0.6733,0.6733,3.4017,11.25,0.0,0.588
1024,244,247.56,17.35,288.95,192.54,0.4036,0.4036,4.0311,14.1588,0.0,0.3171
1024,188,184.0,8.56,245.01,210.85,0.5332,0.5332,3.4987,10.6708,0.0,0.4591
1025,244,248.61,17.18,290.31,192.39,0.5938,0.5938,4.0382,14.2918,0.0,0.4659
1025,188,182.6,7.68,244.01,214.42,0.7407,0.7407,3.422,11.0402,0.0,0.6451
1025,252,149.49,0.07,172.43,50.21,0.4668,0.2334,29.598,13.4796,0.0,0.1535
1026,244,249.05,17.4,291.27,193.32,0.5981,0.5981,4.0148,14.4344,0.0,0.471
1026,188,171.77,6.8,234.91,215.18,0.502,0.502,3.399,10.6263,0.0,0.439
1026,252,148.0,0.1,171.19,50.83,0.5273,0.2636,28.8613,13.4355,8.3662,0.1724
1027,244,249.58,18.05,291.81,192.89,0.6665,0.6665,4.0278,14.4701,0.0,0.5237
1027,188,176.05,4.79,237.07,211.02,0.6792,0.3396,3.4887,10.2352,0.0,0.293
1027,252,146.05,0.16,168.75,49.79,0.3933,0.1966,30.1351,13.6396,172.4246,0.0637
1028,244,250.2,18.38,292.73,192.92,0.6782,0.6782,4.0289,14.5632,0.0,0.5327
1028,188,177.27,5.13,236.15,207.56,0.7598,0.7598,3.5647,9.7972,0.0,0.6482
1028,252,144.83,0.15,167.39,49.43,0.4902,0.2451,30.6044,13.7287,168.2269,0.0794
1029,244,252.94,18.68,296.29,192.93,0.8062,0.8062,4.0368,14.938,0.0,0.6319
1029,188,176.65,6.57,232.79,202.71,0.7471,0.7471,3.6748,9.0652,153.2013,0.3779
1030,244,254.98,18.87,300.03,194.73,0.8052,0.8052,3.9963,15.3918,0.0,0.6349
1030,188,175.28,5.79,229.69,198.47,0.7129,0.7129,3.7758,8.3959,152.7444,0.3515
1031,244,257.66,19.31,305.54,199.05,0.7056,0.7056,3.8955,16.1417,33.1717,0.5267
1031,188,174.49,5.12,227.37,194.12,0.647,0.647,3.8853,7.7469,154.9237,0.3099
1031,252,139.41,0.18,162.41,50.3,0.2847,0.1424,29.5305,13.806,20.172,0.0906
1032,244,258.68,20.77,309.31,203.81,0.8262,0.8262,3.7849,16.7242,27.6851,0.6415
1032,188,174.17,4.87,226.23,192.76,0.5488,0.2744,3.9206,7.5303,0.0,0.2216
1033,244,258.59,21.59,311.78,207.54,0.8125,0.8125,3.7006,17.1077,0.0,0.6705
1033,188,171.51,3.66,223.9,191.76,0.5747,0.2873,3.9459,7.2703,0.0,0.2312
1033,252,139.24,0.12,156.57,36.19,0.6133,0.3066,69.7914,15.7345,178.5778,0.0984
1034,244,257.83,23.17,312.91,209.74,0.8545,0.8545,3.651,17.2791,0.0,0.7105
1034,188,171.31,3.58,223.06,191.82,0.647,0.3235,3.944,7.2531,0.0,0.2604
1034,196,127.67,0.18,160.4,103.4,0.5747,0.2873,9.0308,7.7362,0.0,0.1907
1035,244,256.85,24.41,314.42,214.4,0.7656,0.7656,3.5497,17.6381,25.8,0.621
1035,188,171.92,2.82,224.39,193.97,0.6851,0.3426,3.8877,7.5849,0.0,0.2782
1035,196,127.24,0.16,159.05,100.25,0.5566,0.2783,9.4353,8.1536,169.4658,0.0918
1036,244,255.17,25.5,314.89,218.51,0.8413,0.8413,3.4621,17.8763,0.0,0.7198
1036,188,170.91,2.63,222.46,191.84,0.6113,0.3056,3.9432,7.2322,0.0,0.246
1036,196,127.35,0.11,157.99,96.47,0.5981,0.299,9.9668,8.6077,170.274,0.0986
1037,244,254.59,26.08,316.16,221.94,0.8228,0.8228,3.3941,18.1737,0.0,0.711
1037,188,167.16,2.1,218.8,191.45,0.7529,0.3765,3.9521,7.0241,0.0,0.3026
1037,196,121.97,0.37,155.54,101.87,0.6655,0.3327,9.2341,8.4001,13.0537,0.2178
1038,244,254.08,26.46,317.01,223.72,0.8413,0.8413,3.3596,18.3293,0.0,0.7306
1038,188,165.67,1.17,215.92,186.96,0.3896,0.1948,4.0753,6.3307,154.9937,0.0886
1038,196,117.93,0.19,154.33,105.05,0.2998,0.1499,8.8505,8.359,14.2933,0.0979
1039,244,255.78,26.21,319.76,224.14,0.7271,0.7271,3.3572,18.5917,0.0,0.6314
1039,188,162.25,1.77,212.35,185.22,0.7349,0.3674,4.1243,5.9855,0.0,0.2872
1039,196,116.01,0.12,153.91,105.3,0.6626,0.3313,8.8241,8.4597,0.0,0.2197
1040,244,256.63,26.19,321.99,224.86,0.8584,0.8584,3.3472,18.8062,0.0,0.7462
1040,188,161.36,2.01,211.68,184.54,0.6494,0.3247,4.144,5.8718,0.0,0.253
1041,244,258.08,26.34,324.56,225.61,0.5068,0.5068,3.3381,19.0711,0.0,0.4409
1041,188,159.63,1.17,210.51,184.62,0.5776,0.2888,4.1414,5.854,0.0,0.2251
1041,196,113.84,0.19,153.66,106.89,0.4226,0.2113,8.6446,8.4478,14.1798,0.138
1042,244,260.16,26.2,327.33,224.54,0.458,0.458,3.3651,19.2429,0.0,0.3966
1042,188,158.2,0.68,209.09,182.08,0.5117,0.2559,4.2166,5.4729,0.0,0.1969
1043,188,156.44,1.44,206.16,175.18,0.6533,0.3266,4.4343,4.4693,157.9431,0.1332
1044,188,154.05,1.36,205.79,180.46,0.8394,0.4197,4.2658,5.2177,22.3927,0.3098
1044,244,266.01,27.12,333.6,224.79,0.8433,0.8433,3.3769,19.8962,0.0,0.7279
1045,188,153.0,1.15,205.73,182.93,0.6206,0.3103,4.1909,5.5698,0.0,0.2399
1045,244,269.43,27.33,338.15,224.59,0.8052,0.8052,3.3922,20.3027,0.0,0.6927
1045,248,130.01,32.06,149.97,51.54,0.4016,0.4016,28.1547,14.1619,0.0,0.2637
1045,196,101.55,0.2,140.68,107.75,0.5591,0.2796,8.585,9.8257,78.79,0.1099
1046,188,152.44,1.54,205.42,182.98,0.543,0.2715,4.1894,5.5782,0.0,0.2099
1046,244,272.9,27.49,341.89,224.89,0.771,0.771,3.3969,20.7049,0.0,0.6622
1047,188,150.42,1.51,203.14,183.03,0.644,0.322,4.1881,5.6021,0.0,0.249
1047,244,276.36,27.61,344.8,224.42,0.8413,0.8413,3.4157,21.012,0.0,0.7199
1048,188,149.43,1.5,201.86,183.26,0.7026,0.3513,4.1814,5.6502,0.0,0.272
1048,244,279.65,28.0,348.2,224.78,0.8423,0.8423,3.4189,21.3917,0.0,0.7198
1049,188,148.75,1.6,201.05,183.55,0.8218,0.4109,4.1729,5.7037,0.0,0.3186
1049,244,283.45,28.4,351.85,224.99,0.8545,0.8545,3.4265,21.802,0.0,0.7286
1049,248,126.88,32.06,148.83,54.24,0.3757,0.3757,25.4613,13.948,4.9857,0.2463
1049,196,92.76,0.24,132.48,112.69,0.7227,0.3614,8.0969,10.5417,23.9309,0.2285
1050,188,147.07,1.08,199.3,182.75,0.8076,0.4038,4.197,5.628,0.0,0.3118
1050,244,285.36,29.17,355.26,230.54,0.8252,0.4126,3.3293,22.4354,30.9366,0.337
1050,196,94.61,0.17,127.56,92.34,0.5156,0.2578,10.7263,12.1733,170.9912,0.084
1051,188,146.02,0.79,197.48,179.67,0.7168,0.3584,4.2913,5.2393,0.0,0.2723
1051,244,284.34,30.18,355.54,237.39,0.8467,0.4234,3.2053,22.8497,27.9759,0.356
1051,196,92.05,0.23,127.64,102.04,0.4158,0.2079,9.3062,11.571,10.5105,0.136
1052,188,144.31,0.31,195.22,176.66,0.6318,0.3159,4.3875,4.8997,0.0,0.236
1052,244,283.32,31.46,356.21,244.54,0.7695,0.3847,3.0847,23.3269,28.9443,0.3283
1052,196,90.52,0.17,126.66,106.53,0.5947,0.2974,8.7668,11.4191,11.5435,0.1943
1053,188,142.44,0.14,193.24,175.94,0.8691,0.4345,4.4116,4.8926,0.0,0.3233
1053,244,283.18,32.02,357.34,249.24,0.7627,0.3814,3.0115,23.7108,0.0,0.3446
1053,196,86.33,0.09,124.92,115.6,0.7583,0.3791,7.8435,11.2769,13.0567,0.2471
1054,188,141.59,0.18,191.69,173.27,0.8516,0.4258,4.501,4.6073,0.0,0.3117
1054,244,285.54,32.76,355.39,235.36,0.3081,0.154,3.2425,22.7669,152.2313,0.0834
1054,196,85.0,0.15,123.33,116.02,0.6216,0.3108,7.8102,11.4451,0.0,0.2051
1054,248,127.32,32.27,147.17,51.95,0.4456,0.4456,27.7265,14.2629,176.3911,0.144
1055,188,140.82,0.2,190.37,170.81,0.6084,0.3042,4.5863,4.3591,0.0,0.2193
1055,244,282.84,33.0,357.25,250.32,0.6143,0.3071,2.9941,23.7684,29.6681,0.2648
1055,196,83.77,0.08,121.68,115.29,0.4922,0.2461,7.8833,11.6661,0.0,0.1624
1056,188,136.83,0.21,186.36,169.0,0.7939,0.397,4.6527,4.4461,0.0,0.2826
1056,244,282.16,34.31,357.56,255.68,0.7192,0.3596,2.9129,24.1455,0.0,0.3293
1056,196,83.66,3.08,120.38,114.31,0.6875,0.3438,7.9786,11.8043,0.0,0.2267
1057,188,134.23,0.13,183.86,168.01,0.7861,0.3931,4.6902,4.5636,0.0,0.2779
1057,244,282.4,36.03,358.4,261.53,0.7041,0.352,2.8306,24.6361,0.0,0.3259
1057,196,81.58,1.43,119.67,116.12,0.5049,0.2525,7.8145,11.8989,15.8802,0.1633
1058,188,131.87,0.1,181.5,167.69,0.7871,0.3936,4.7036,4.7589,0.0,0.2775
1058,244,281.0,37.81,357.67,265.15,0.8506,0.4253,2.7778,24.8184,0.0,0.3965
1058,196,77.18,5.08,117.26,122.54,0.6362,0.6362,7.2767,12.0894,15.2066,0.412
1059,188,131.32,0.19,180.77,166.03,0.5708,0.2854,4.7657,4.66,0.0,0.1989
1059,244,280.35,36.77,357.86,267.72,0.7148,0.3574,2.7427,24.9983,0.0,0.3347
1059,196,77.78,2.23,118.72,121.86,0.4312,0.2156,7.3277,11.9766,0.0,0.1422
1060,188,129.8,0.04,179.51,166.87,0.8496,0.4248,4.7355,4.8871,0.0,0.2977
1060,244,280.27,37.31,357.97,269.89,0.5698,0.2849,2.7142,25.1702,0.0,0.2677
1060,196,78.74,5.5,117.15,116.79,0.5581,0.5581,7.764,12.2173,167.6494,0.1818
1061,188,129.15,0.54,178.65,167.03,0.6162,0.3081,4.7302,4.9825,0.0,0.2161
1061,244,283.75,39.45,354.16,247.32,0.3015,0.3015,3.0378,23.4462,150.6075,0.1711
1061,196,75.73,4.89,113.79,113.8,0.2561,0.128,8.0575,12.7621,163.8462,0.0416
1061,267,282.49,40.13,355.04,176.57,0.4141,0.2071,4.6818,19.6466,0.0,0.1428
1062,188,128.17,0.36,177.56,166.57,0.6899,0.3449,4.7482,5.0518,0.0,0.2411
1062,244,281.05,39.86,356.51,264.12,0.7031,0.3515,2.7903,24.6889,31.4779,0.31
1063,188,127.7,0.3,177.24,167.55,0.7642,0.3821,4.7123,5.1848,0.0,0.2689
1063,244,279.96,39.83,357.13,269.98,0.7202,0.3601,2.7115,25.1272,0.0,0.3386
1064,188,127.64,0.27,177.01,168.14,0.5991,0.2995,4.6909,5.2553,0.0,0.2116
1064,244,280.22,40.15,357.74,272.19,0.7407,0.3704,2.6842,25.3402,0.0,0.3494
1065,188,123.57,0.82,173.5,170.05,0.2893,0.1447,4.6258,5.8417,0.0,0.1034
1065,244,274.6,41.07,350.51,273.4,0.5898,0.5898,2.652,24.8898,0.0,0.5596
1066,188,126.02,15.03,172.23,170.97,0.4026,0.4026,4.5928,5.8625,0.0,0.2896
1066,244,277.0,41.17,353.75,277.36,0.2561,0.2561,2.61,25.4524,0.0,0.2441
1066,196,60.87,0.75,102.05,121.69,0.5186,0.2593,7.4115,14.2008,26.0856,0.1614
1067,244,277.18,42.33,353.06,274.1,0.791,0.791,2.6498,25.1642,0.0,0.7502
1067,196,60.55,3.44,100.04,121.64,0.2712,0.1356,7.4209,14.3554,0.0,0.089
1068,244,271.87,43.86,346.73,274.21,0.6523,0.6523,2.6336,24.6838,0.0,0.6208
1068,196,62.11,1.28,97.19,105.9,0.2458,0.1229,8.9758,15.0479,169.2704,0.0396
1068,188,124.17,3.91,171.62,165.88,0.354,0.177,4.779,5.5579,160.004,0.0639
1069,244,277.76,41.54,352.82,273.71,0.5581,0.5581,2.6551,25.1468,0.0,0.5289
1069,196,62.38,2.24,95.27,99.68,0.2108,0.1054,9.7759,15.4643,170.1187,0.0339
1069,188,120.85,1.23,170.11,170.27,0.7188,0.3594,4.6213,6.2008,23.0871,0.2475
1070,244,277.86,42.86,352.81,273.1,0.5029,0.5029,2.663,25.1011,0.0,0.4761
1070,188,120.78,1.36,169.73,171.86,0.2935,0.1467,4.5658,6.3647,0.0,0.106
1070,270,295.01,45.08,328.01,95.86,0.3303,0.3303,10.55,19.3288,0.0,0.214
1071,244,275.09,45.34,351.51,278.74,0.5938,0.5938,2.588,25.3945,0.0,0.5677
1071,188,120.23,0.81,168.89,171.81,0.6992,0.3496,4.5684,6.4375,0.0,0.2525
1071,270,293.48,46.22,326.23,96.33,0.205,0.205,10.4636,19.1093,0.0,0.1329
1071,196,55.65,1.7,92.81,111.81,0.3896,0.1948,8.3549,15.4781,12.5838,0.126
1072,244,271.31,42.84,351.55,284.33,0.2766,0.1383,2.5173,25.7135,0.0,0.1334
1072,188,126.04,0.08,161.11,116.29,0.6772,0.3386,7.6759,6.5393,167.5117,0.1121
1072,270,291.76,46.54,324.65,96.49,0.5757,0.5757,10.4261,18.9036,0.0,0.3734
1072,196,55.73,1.21,92.32,107.57,0.2173,0.1086,8.8137,15.6781,169.0788,0.0349
1073,244,267.88,45.94,348.45,286.48,0.4873,0.2437,2.4848,25.6408,0.0,0.2352
1073,188,120.59,0.04,165.19,149.88,0.8076,0.4038,5.4657,5.3761,17.296,0.2625
1073,270,290.69,47.64,323.11,96.52,0.2302,0.2302,10.4115,18.745,0.0,0.1494
1074,244,266.51,46.85,348.13,287.12,0.3235,0.1618,2.4755,25.6307,0.0,0.1559
1075,244,267.82,48.37,336.89,244.39,0.3979,0.3979,3.0382,21.6236,150.2244,0.2274
1075,196,49.58,5.88,87.39,115.11,0.3621,0.3621,8.0593,16.0942,15.2816,0.2324
1075,188,118.26,0.02,164.58,158.14,0.5244,0.2622,5.0956,5.8759,18.8145,0.1697
1075,270,288.04,49.14,319.69,96.68,0.5488,0.5488,10.3641,18.3716,0.0,0.3565
1076,196,48.38,7.37,86.46,116.21,0.3738,0.3738,7.9612,16.1952,17.4064,0.2385
1076,188,116.85,0.08,163.72,162.46,0.7256,0.3628,4.9204,6.2599,19.8057,0.2378
1076,270,286.7,50.04,318.4,97.22,0.3794,0.3794,10.2726,18.1877,0.0,0.2466
1077,188,116.24,0.1,162.62,162.47,0.7822,0.3911,4.9211,6.3706,0.0,0.264
1078,188,116.47,0.11,161.07,156.71,0.7212,0.3606,5.1604,6.1675,161.708,0.1195
1078,244,263.0,52.33,341.34,270.25,0.4619,0.4619,2.6662,23.7506,32.6309,0.4143
1079,188,116.39,0.12,158.59,149.76,0.4292,0.2146,5.4794,6.1326,162.5805,0.0711
1079,244,258.08,54.88,338.96,278.86,0.2281,0.2281,2.551,24.2125,34.8383,0.2062
1080,188,114.07,0.12,155.59,146.87,0.6768,0.3384,5.6265,6.4676,158.3262,0.1121
1080,244,251.96,56.22,334.69,282.94,0.2386,0.2386,2.4915,24.1834,0.0,0.2314
1081,188,111.78,0.13,153.28,146.12,0.4795,0.2397,5.6687,6.7871,0.0,0.1593
1081,196,35.55,11.43,82.5,144.89,0.3867,0.3867,5.9664,16.8572,16.9266,0.2467
1082,188,110.53,0.22,151.89,145.4,0.2822,0.1411,5.7082,6.9699,0.0,0.0937
1083,188,107.33,0.26,153.65,165.99,0.6216,0.3108,4.7986,7.727,19.5545,0.2086
1084,188,106.03,0.09,153.6,173.36,0.686,0.343,4.5353,8.2855,20.7051,0.2413
1084,244,233.74,57.32,318.84,287.44,0.3452,0.1726,2.4067,23.3985,60.7974,0.1363
1085,188,105.82,0.21,152.93,175.23,0.4951,0.2475,4.473,8.4738,0.0,0.1815
1085,196,28.73,9.01,77.71,146.91,0.6104,0.6104,5.8852,17.621,48.4969,0.3287
1086,188,105.78,0.43,152.19,176.5,0.3867,0.1933,4.4318,8.6148,0.0,0.1428
1086,244,229.14,58.16,314.96,286.46,0.4226,0.2113,2.4099,23.0165,0.0,0.2032
1087,188,107.57,0.2,148.34,154.86,0.7285,0.3643,5.2596,7.585,162.0875,0.1204
1087,196,23.8,12.38,71.15,148.38,0.4658,0.4658,5.8356,18.3718,0.0,0.3026
1088,188,106.66,0.16,145.62,146.63,0.4177,0.2089,5.655,7.6919,163.0222,0.069
1089,188,104.76,0.05,148.14,165.8,0.7964,0.3982,4.8127,8.2398,19.4602,0.2665
1089,196,20.97,11.16,69.41,152.29,0.6396,0.6396,5.6514,18.6901,20.0557,0.4022
1090,188,102.96,0.1,143.48,149.97,0.7271,0.3635,5.4956,8.138,162.6091,0.12
1090,196,20.66,13.47,67.49,151.36,0.2247,0.2247,5.702,18.8264,0.0,0.1458
1091,188,104.92,0.05,144.45,145.78,0.6104,0.3052,5.7016,7.8918,162.2383,0.1008
1091,196,21.32,15.11,67.15,150.78,0.4065,0.4065,5.7298,18.802,0.0,0.2638
1092,244,215.91,78.07,294.1,288.0,0.4036,0.2018,2.3656,22.1296,73.6104,0.1449
1093,244,212.85,93.64,286.95,288.0,0.2759,0.1379,2.3584,21.8466,0.0,0.132
1093,188,96.85,0.0,136.96,140.22,0.7163,0.3582,6.0208,8.996,155.5891,0.1179
1094,188,96.67,1.8,137.55,138.52,0.6548,0.3274,6.1185,8.9849,0.0,0.2169
1095,188,97.47,1.31,139.14,138.0,0.7695,0.3847,6.1461,8.8249,0.0,0.255
1095,196,19.75,10.17,67.44,153.96,0.3381,0.3381,5.579,18.9091,17.6144,0.214
1096,188,98.14,0.85,140.55,136.71,0.3032,0.1516,6.2207,8.6995,0.0,0.1005
1096,196,22.3,13.88,62.75,131.54,0.3477,0.3477,6.8668,19.0721,166.0781,0.1095
1097,188,95.88,0.31,140.09,140.88,0.7334,0.3667,5.9808,8.8399,16.8763,0.2378
1097,196,24.61,15.81,61.2,118.49,0.2983,0.2983,7.8965,19.2526,167.762,0.0939
1098,188,92.35,0.16,137.95,141.15,0.7886,0.3943,5.9728,9.2345,0.0,0.2612
1098,196,20.27,16.06,66.06,146.89,0.4668,0.4668,5.9342,18.9216,16.0438,0.2967
1099,188,89.93,0.12,136.12,139.54,0.8086,0.4043,6.0698,9.5433,156.5704,0.1329
1099,196,19.01,17.5,68.13,160.65,0.2366,0.2366,5.2792,18.9957,17.8893,0.1496
1099,244,183.44,44.88,276.98,288.0,0.5039,0.252,2.3354,20.905,83.2533,0.1668
1100,188,90.07,0.06,137.1,140.96,0.6953,0.3477,5.9875,9.4541,0.0,0.2302
1100,244,177.4,46.03,271.65,288.0,0.3496,0.1748,2.3301,20.6823,0.0,0.1671
1101,188,88.0,0.0,136.4,143.07,0.6772,0.3386,5.8746,9.6386,19.6226,0.2176
1101,279,126.97,32.25,147.53,51.43,0.4456,0.4456,28.296,14.3262,0.0,0.2924
1101,196,19.41,18.96,68.75,165.29,0.2612,0.2612,5.0858,19.013,18.4833,0.1649
1103,188,84.11,0.0,133.92,144.66,0.6113,0.3056,5.7979,10.0818,0.0,0.2022
1104,188,84.16,0.06,133.26,138.76,0.2532,0.1266,6.1271,10.1505,164.493,0.0415
1106,196,19.69,19.85,69.15,169.95,0.6523,0.6523,4.9048,19.0725,19.1231,0.4192
1106,188,81.24,0.0,129.5,134.36,0.8184,0.4092,6.4053,10.6736,162.3005,0.134
1107,196,19.71,18.4,69.85,173.82,0.3286,0.3286,4.7629,19.1273,19.6436,0.217
1107,188,79.75,0.0,128.05,134.15,0.3225,0.1613,6.4232,10.8792,0.0,0.1065
1109,196,20.97,18.72,68.69,169.1,0.5806,0.5806,4.935,19.0006,160.8916,0.188
1109,188,75.46,0.02,122.93,133.05,0.6001,0.3,6.5096,11.5432,137.3282,0.098
1110,188,73.78,0.0,121.0,132.61,0.2854,0.1427,6.5446,11.7975,0.0,0.0941
1112,188,68.7,0.0,115.17,133.1,0.2705,0.1353,6.5319,12.5305,0.0,0.0891
1114,196,19.79,17.18,70.53,181.73,0.542,0.542,4.496,19.3256,20.7622,0.3758
1116,244,118.35,67.39,206.41,286.36,0.384,0.192,2.3314,19.7624,0.0,0.1839
1116,188,62.65,0.0,108.57,132.43,0.3647,0.1824,6.6001,13.3972,123.2,0.0591
1118,188,61.02,0.18,106.83,132.59,0.2861,0.1431,6.5962,13.6216,0.0,0.094
1119,188,61.02,0.21,106.93,133.23,0.7471,0.3735,6.5539,13.6049,0.0,0.2455
1120,-1,30.52,32.06,84.38,190.41,0.2444,0.2444,4.1907,18.1707,0.0,0.1852
1121,-1,57.34,0.14,107.16,133.45,0.2012,0.1006,6.5464,13.8339,0.0,0.0661
1122,-1,19.99,28.97,89.3,199.41,0.2473,0.2473,3.958,18.946,0.0,0.1948
1123,-1,126.14,80.72,189.98,287.72,0.3108,0.1554,2.3184,20.0084,0.0,0.1485
1126,-1,45.56,0.05,66.94,17.05,0.2751,0.1376,10.0,90.0,0.0,0.0
1126,-1,44.51,0.28,95.48,205.59,0.2539,0.127,3.7593,17.5244,0.0,0.1037
1127,-1,16.17,32.06,96.47,209.81,0.2878,0.2878,3.7024,19.3358,0.0,0.2363
1127,-1,15.05,120.16,97.03,210.09,0.212,0.212,3.6969,19.3842,0.0,0.1742
1128,-1,95.2,119.6,176.62,287.72,0.2043,0.1022,2.3328,20.6326,0.0,0.0977
1129,-1,60.68,112.15,117.91,208.41,0.2095,0.2095,3.6442,15.5697,0.0,0.175
1135,-1,25.1,0.14,72.14,138.02,0.2576,0.1288,6.4117,18.2319,0.0,0.0837
1135,-1,31.29,0.14,71.93,79.8,0.2473,0.1236,13.7896,19.7752,0.0,0.08
1136,-1,32.52,0.18,65.0,71.23,0.2681,0.1341,16.5069,20.5991,0.0,0.0865
1139,-1,30.66,0.23,55.34,24.49,0.4514,0.2257,10.0,90.0,0.0,0.0
1140,287,30.0,0.28,54.64,24.51,0.3469,0.1734,10.0,90.0,0.0,0.0
1141,-1,68.06,32.2,152.86,205.17,0.2759,0.2759,3.674,13.0598,0.0,0.2303
1143,-1,21.45,0.07,71.44,80.02,0.3276,0.1638,13.7842,20.3503,0.0,0.1058
1144,-1,78.75,31.36,161.16,209.25,0.498,0.498,3.5653,12.5218,0.0,0.4233
1145,290,78.77,31.25,162.48,211.95,0.3904,0.3904,3.5054,12.7354,0.0,0.3349
1146,290,78.32,31.44,161.47,211.17,0.3821,0.3821,3.5234,12.7217,0.0,0.3268
1147,290,80.71,31.18,163.4,210.36,0.8369,0.8369,3.5377,12.4431,0.0,0.7146
1148,290,81.58,30.99,164.02,210.45,0.7456,0.7456,3.5346,12.3857,0.0,0.637
1149,290,82.02,31.13,164.31,211.52,0.8516,0.8516,3.5109,12.4648,0.0,0.7301
1149,188,25.46,0.27,80.64,159.65,0.3831,0.1915,5.2809,17.7639,0.0,0.1247
1150,290,86.44,29.8,168.09,210.81,0.8193,0.8193,3.5204,12.0343,0.0,0.7018
1151,290,89.49,29.91,169.25,209.49,0.3774,0.3774,3.5464,11.7132,0.0,0.3221
1151,188,20.6,0.4,78.6,177.16,0.5381,0.2691,4.6285,18.6238,20.9194,0.1821
1152,290,93.97,29.29,172.93,211.92,0.6875,0.6875,3.4885,11.653,0.0,0.5922
1153,290,97.59,29.55,175.66,215.27,0.6758,0.6758,3.4143,11.803,0.0,0.5886
1154,290,101.89,28.9,179.76,221.01,0.604,0.604,3.295,12.2108,32.0157,0.5048
1154,188,24.57,0.78,75.09,156.42,0.6699,0.335,5.4371,18.1341,162.5505,0.1061
1155,290,105.18,28.85,181.43,222.96,0.5698,0.5698,3.2551,12.3024,0.0,0.5081
1155,188,25.66,0.71,74.53,152.27,0.7485,0.3743,5.6298,18.0572,163.0111,0.1186
1156,290,115.86,30.33,191.49,224.77,0.5449,0.5449,3.2129,12.0119,69.0848,0.3723
1156,188,26.04,0.89,74.39,151.38,0.7871,0.3936,5.6724,18.0347,0.0,0.2559
1157,290,117.49,31.27,191.59,223.82,0.7583,0.7583,3.2302,11.8512,0.0,0.6791
1157,188,26.33,0.74,74.27,151.1,0.354,0.177,5.6858,18.0217,0.0,0.1151
1158,290,121.86,28.19,196.12,222.93,0.3979,0.3979,3.2445,11.5617,0.0,0.3557
1158,188,26.8,0.85,74.33,150.29,0.5938,0.2969,5.7246,17.9819,0.0,0.1931
1159,188,29.44,4.96,71.55,132.36,0.6934,0.3467,6.7671,18.0389,165.8472,0.1099
1160,188,31.13,7.29,72.2,128.46,0.5518,0.5518,7.0356,17.9409,165.4862,0.175
1160,290,133.19,24.2,207.63,219.45,0.4243,0.4243,3.3073,10.7854,118.2018,0.2347
1161,188,30.9,7.92,71.85,126.44,0.7583,0.7583,7.1878,18.0118,166.6795,0.2404
1161,290,135.28,31.1,205.13,214.1,0.5938,0.5938,3.4156,10.053,153.5286,0.3203
1162,188,28.18,8.33,76.04,148.74,0.6021,0.6021,5.7956,17.7726,16.3748,0.3837
1162,290,139.96,33.4,210.54,215.15,0.647,0.647,3.3929,10.1264,0.0,0.5666
1163,290,140.68,32.68,213.22,216.96,0.8735,0.8735,3.3559,10.3647,0.0,0.7691
1164,290,139.49,24.38,216.14,217.91,0.7227,0.7227,3.3368,10.4922,0.0,0.638
1164,188,27.77,12.74,76.35,156.91,0.3235,0.3235,5.4053,17.8522,17.5357,0.2055
1166,290,139.76,19.51,219.3,218.96,0.384,0.384,3.3158,10.6336,0.0,0.34
1166,188,30.29,11.24,73.37,136.59,0.2751,0.2751,6.4841,17.8255,165.2648,0.0873
1167,290,142.56,38.43,216.01,218.17,0.7964,0.7964,3.3315,10.5243,0.0,0.7036
1168,290,143.9,28.87,221.13,217.97,0.5088,0.5088,3.3356,10.502,0.0,0.4493
1168,188,27.43,14.17,77.66,161.57,0.6001,0.6001,5.2016,17.8614,18.1329,0.3805
1169,290,147.5,30.89,223.25,218.0,0.3252,0.3252,3.3353,10.5273,0.0,0.2872
1170,290,151.75,27.47,227.5,218.49,0.2966,0.2966,3.3263,10.6541,0.0,0.2622
1171,290,154.19,28.69,227.89,218.02,0.3904,0.3904,3.3361,10.6166,0.0,0.3447
1171,188,26.19,16.29,79.02,171.63,0.5991,0.5991,4.81,18.0817,19.5317,0.3932
1172,188,22.98,16.42,76.4,172.7,0.6699,0.6699,4.783,18.4797,0.0,0.4545
1173,-1,177.75,28.41,225.56,217.41,0.2966,0.2966,3.3527,10.8519,0.0,0.2611
1174,188,23.25,16.58,77.41,172.61,0.5459,0.5459,4.7837,18.3965,0.0,0.3704
1175,188,25.03,16.75,78.1,167.31,0.7349,0.7349,4.9755,18.1046,160.254,0.2352
1175,290,178.1,30.66,248.5,218.32,0.7153,0.7153,3.3426,11.5288,93.1978,0.3917
1176,290,182.76,31.38,250.62,218.08,0.8193,0.8193,3.3504,11.698,0.0,0.7207
1177,290,186.79,32.0,253.35,218.28,0.8037,0.8037,3.3497,11.9359,0.0,0.7069
1177,188,25.04,16.55,78.98,167.79,0.6802,0.6802,4.9553,18.059,0.0,0.4464
1178,290,190.75,32.31,256.86,217.89,0.8628,0.8628,3.3615,12.1418,0.0,0.7573
1178,188,24.27,16.23,79.86,170.98,0.7349,0.7349,4.8358,18.1325,19.4202,0.4799
1179,290,194.15,32.42,260.66,217.55,0.8237,0.8237,3.3725,12.3617,0.0,0.7215
1179,188,24.61,16.12,80.25,170.07,0.4233,0.4233,4.8678,18.0622,0.0,0.2827
1180,290,195.95,33.48,262.78,217.52,0.8604,0.8604,3.3755,12.5057,0.0,0.7532
1180,188,26.38,15.95,81.3,167.36,0.22,0.22,4.9644,17.8151,0.0,0.1442
1181,290,198.32,34.7,266.25,217.8,0.8989,0.8989,3.3736,12.7638,0.0,0.7868
1181,188,26.5,15.22,83.32,170.87,0.4951,0.4951,4.8287,17.7682,19.73,0.3238
1182,290,198.59,35.52,267.54,217.9,0.8413,0.8413,3.3726,12.8367,0.0,0.7364
1182,188,10.12,11.63,92.06,244.25,0.6929,0.6929,3.0582,22.2453,29.3486,0.5945
1183,290,196.79,35.81,266.12,217.66,0.8555,0.8555,3.3753,12.683,0.0,0.7487
1183,188,3.44,20.32,88.98,265.17,0.2935,0.1467,2.7625,24.3277,33.1083,0.1293
1184,290,197.42,35.44,267.97,217.66,0.9009,0.9009,3.3769,12.7807,0.0,0.7881
1184,188,5.05,16.67,92.34,272.3,0.7271,0.7271,2.6627,24.6931,33.1802,0.6496
1185,290,198.44,34.54,270.11,217.85,0.8564,0.8564,3.3752,12.9282,0.0,0.7492
1185,188,7.69,27.86,90.23,271.79,0.6836,0.6836,2.6685,24.6284,0.0,0.6475
1186,290,201.3,34.09,273.29,216.63,0.7441,0.7441,3.4043,13.0453,0.0,0.648
1186,188,11.02,19.32,95.42,269.77,0.7305,0.7305,2.6837,24.0981,0.0,0.6914
1186,305,318.36,4.51,353.71,118.2,0.4207,0.2104,8.0503,21.6094,0.0,0.1353
1187,290,203.54,32.61,276.86,217.65,0.7544,0.7544,3.3878,13.4008,0.0,0.6582
1187,188,15.31,16.69,100.88,268.89,0.7949,0.7949,2.6832,23.611,0.0,0.7533
1187,305,321.73,4.18,347.83,87.66,0.2437,0.1218,12.2331,22.4187,172.0086,0.0375
1188,290,211.48,32.24,285.38,215.82,0.6152,0.6152,3.4386,13.9533,0.0,0.5322
1188,188,20.12,15.73,106.84,268.26,0.5659,0.5659,2.6786,23.1057,0.0,0.5373
1189,290,221.25,31.91,294.71,213.63,0.7192,0.7192,3.5023,14.673,122.7878,0.3755
1189,188,27.83,27.24,113.25,268.12,0.79,0.79,2.6645,22.5138,0.0,0.7526
1189,306,289.65,1.97,342.82,164.19,0.3701,0.185,5.1313,19.0317,0.0,0.12
1190,290,225.76,31.14,298.62,210.3,0.8306,0.8306,3.583,14.8146,0.0,0.7015
1190,188,32.26,33.04,117.99,267.99,0.6309,0.6309,2.6563,22.1336,0.0,0.6023
1190,306,287.47,1.64,340.36,163.04,0.2458,0.1229,5.1681,18.7154,0.0,0.0798
1191,290,226.47,30.76,299.64,214.12,0.7686,0.7686,3.5022,15.2294,0.0,0.6569
1191,306,290.85,0.71,331.61,123.78,0.501,0.2505,7.4106,18.3952,166.9262,0.0792
1192,290,229.01,30.25,302.35,217.12,0.8237,0.8237,3.4452,15.7548,0.0,0.7096
1192,306,292.29,0.7,329.38,111.94,0.384,0.192,8.4904,18.6438,168.5948,0.0606
1193,290,232.64,29.98,304.52,217.35,0.7231,0.7231,3.4467,16.0691,0.0,0.6224
1193,306,294.25,0.87,330.0,108.64,0.3767,0.1883,8.8558,18.91,168.7386,0.0594
1193,311,85.46,174.88,140.33,241.03,0.4883,0.4883,2.9761,16.4615,0.0,0.4506
1194,290,234.82,29.42,304.83,215.4,0.835,0.835,3.4899,16.0344,0.0,0.714
1194,306,294.13,2.15,328.3,105.41,0.2487,0.1244,9.2274,18.9096,168.9001,0.0392
1194,311,84.89,175.25,139.65,241.14,0.3442,0.3442,2.9753,16.5204,0.0,0.3176
1195,290,237.47,29.4,306.02,213.91,0.7725,0.7725,3.5258,16.1139,0.0,0.6567
1195,306,290.35,2.76,324.86,108.24,0.4785,0.2392,8.8705,18.3619,15.5679,0.1525
1195,311,89.86,175.92,144.43,241.72,0.269,0.269,2.9588,16.2256,0.0,0.249
1196,290,242.63,29.78,309.14,211.11,0.7754,0.7754,3.5963,16.3377,0.0,0.6516
1196,311,92.34,176.33,145.97,241.27,0.3381,0.3381,2.9632,16.0327,0.0,0.3128
1197,290,246.06,11.3,318.12,209.14,0.7441,0.7441,3.6559,16.8734,0.0,0.6187
1197,311,95.19,174.8,149.26,240.9,0.3149,0.3149,2.9649,15.7784,0.0,0.2914
1198,290,245.72,4.8,318.99,208.78,0.7695,0.3847,3.6647,16.8774,0.0,0.3195
1199,290,250.21,31.43,314.57,208.67,0.7378,0.7378,3.6673,16.8735,0.0,0.6124
1200,290,249.0,10.2,320.62,208.3,0.6934,0.6934,3.6821,17.1175,0.0,0.5739
1200,188,58.78,33.54,139.46,250.43,0.7271,0.7271,2.8533,18.5109,130.0927,0.4379
1201,290,248.9,2.88,322.68,208.16,0.562,0.281,3.688,17.2176,0.0,0.2323
1201,320,60.77,176.68,143.34,244.29,0.3594,0.3594,2.942,17.6476,0.0,0.3326
1201,188,61.82,32.41,141.9,245.19,0.5059,0.5059,2.9283,17.7558,0.0,0.469
1202,290,251.28,20.08,320.1,209.22,0.833,0.833,3.6636,17.2788,0.0,0.6912
1202,320,59.69,170.87,146.58,242.17,0.3684,0.3684,2.9738,17.3427,0.0,0.3395
1202,188,64.04,31.33,143.33,242.09,0.4456,0.4456,2.9741,17.2902,0.0,0.4107
1203,290,255.17,27.34,321.23,207.98,0.8477,0.8477,3.6987,17.4758,0.0,0.6992
1203,188,67.86,30.91,146.0,240.81,0.604,0.604,2.9892,16.8982,0.0,0.5559
1203,323,28.09,15.92,88.41,177.78,0.4504,0.4504,4.5755,17.5605,0.0,0.3188
1204,290,258.7,28.76,323.89,204.99,0.8237,0.8237,3.7772,17.6337,0.0,0.6705
1204,188,72.78,29.98,149.43,240.39,0.4561,0.4561,2.9893,16.5283,0.0,0.4201
1205,290,263.76,28.99,327.44,200.23,0.8086,0.8086,3.9063,17.8471,151.9181,0.3745
1205,188,77.31,30.93,151.86,240.27,0.7808,0.7808,2.9859,16.2524,0.0,0.7198
1205,323,28.2,8.8,90.89,177.37,0.5332,0.5332,4.5844,17.3832,0.0,0.3769
1206,290,266.68,28.96,330.04,198.32,0.7642,0.7642,3.9634,18.0652,0.0,0.6025
1206,188,81.9,29.38,155.66,240.46,0.6929,0.6929,2.9767,15.9684,0.0,0.6399
1206,327,240.32,0.22,290.17,158.62,0.5527,0.2763,5.1756,12.2229,0.0,0.1821
1207,290,270.97,28.38,334.65,198.52,0.8252,0.8252,3.9725,18.6003,0.0,0.6488
1207,327,237.69,0.27,287.56,159.06,0.2878,0.1439,5.1494,11.8793,0.0,0.0949
1208,290,272.42,27.22,336.76,199.02,0.834,0.834,3.9655,18.8359,0.0,0.6562
1208,188,87.77,27.05,160.72,240.44,0.6533,0.6533,2.9697,15.5896,0.0,0.6044
1209,290,275.79,27.15,339.73,199.8,0.8794,0.8794,3.9561,19.2483,0.0,0.6923
1209,327,232.03,0.17,281.02,156.7,0.3115,0.1557,5.234,10.995,133.5268,0.051
1210,290,277.57,26.57,341.24,200.04,0.7886,0.7886,3.9555,19.4532,0.0,0.6206
1210,327,226.12,0.05,273.17,149.17,0.2737,0.1368,5.5647,9.9215,156.6422,0.0449
1211,290,289.07,26.36,336.82,151.82,0.8291,0.8291,5.6655,18.4464,163.2928,0.2622
1211,188,92.23,26.57,165.15,236.26,0.2886,0.2886,3.033,14.8106,0.0,0.2649
1212,290,281.26,25.86,342.27,187.52,0.8413,0.8413,4.3068,19.1653,21.5808,0.6034
1212,188,101.17,28.81,176.6,237.59,0.6978,0.6978,2.9999,14.361,0.0,0.644
1212,323,35.36,15.74,94.26,176.59,0.4941,0.4941,4.592,16.6905,0.0,0.3493
1212,327,219.89,0.0,269.36,155.94,0.5215,0.2607,5.2378,9.3472,21.2408,0.1668
1213,290,290.81,25.78,339.82,150.63,0.7534,0.7534,5.7351,18.7432,163.4891,0.2378
1213,188,105.04,28.72,180.32,237.66,0.4619,0.4619,2.9952,14.1721,0.0,0.4267
1214,290,297.24,25.68,339.96,132.53,0.6074,0.6074,6.8051,19.2047,165.937,0.1912
1214,188,107.53,29.06,183.27,238.63,0.4026,0.4026,2.977,14.1634,0.0,0.3729
1215,290,283.53,25.78,343.83,178.31,0.79,0.79,4.6028,19.0688,20.2716,0.5377
1215,188,109.07,27.33,185.62,239.95,0.4055,0.4055,2.9541,14.244,0.0,0.3768
1215,323,35.38,16.21,93.39,176.69,0.646,0.646,4.5901,16.7479,0.0,0.4568
1215,327,215.32,0.2,264.76,155.04,0.7271,0.3635,5.2676,8.6932,0.0,0.241
1216,290,280.92,25.63,345.68,192.41,0.7974,0.7974,4.1721,19.5552,22.2207,0.5845
1216,188,110.68,27.79,186.59,239.71,0.6143,0.6143,2.957,14.1582,0.0,0.5706
1216,340,294.49,25.67,340.79,130.75,0.3311,0.3311,6.923,19.1026,0.0,0.2147
1216,323,36.49,16.48,93.63,176.87,0.7217,0.7217,4.5817,16.6689,0.0,0.5113
1216,327,214.94,0.38,264.25,154.9,0.3989,0.1994,5.2728,8.6282,0.0,0.1322
1217,290,279.07,25.56,344.79,197.25,0.7251,0.7251,4.0363,19.6129,23.1209,0.5431
1217,188,113.64,27.7,189.19,237.01,0.3748,0.3748,2.9992,13.6965,0.0,0.3463
1217,340,294.11,25.83,339.7,129.37,0.354,0.354,7.0172,19.0267,0.0,0.2296
1217,323,37.03,16.48,93.45,176.75,0.6738,0.6738,4.5852,16.6418,0.0,0.4771
1217,327,212.9,0.24,261.47,151.55,0.4282,0.2141,5.4213,8.2207,158.3185,0.0706
1218,290,278.37,25.19,343.87,198.87,0.8315,0.8315,3.9913,19.5959,0.0,0.6501
1218,188,111.97,27.01,187.99,238.99,0.5273,0.5273,2.9677,14.01,0.0,0.4892
1218,323,37.03,16.01,92.94,176.51,0.686,0.686,4.5941,16.6655,0.0,0.4849
1218,327,210.16,0.19,257.31,147.38,0.564,0.282,5.6168,7.6802,157.9505,0.0932
1219,290,276.83,25.22,342.53,202.05,0.8574,0.8574,3.9059,19.5885,0.0,0.6801
1219,188,113.48,25.83,189.51,238.44,0.7778,0.7778,2.9756,13.8786,0.0,0.7209
1219,323,38.54,16.02,93.49,176.23,0.626,0.626,4.6,16.5248,0.0,0.4421
1219,327,208.79,0.08,255.2,146.64,0.6494,0.3247,5.6507,7.4292,0.0,0.2156
1220,290,277.0,25.06,340.12,196.21,0.6768,0.6768,4.0521,19.1642,156.43,0.2986
1220,188,113.44,24.47,188.47,236.38,0.7559,0.7559,3.01,13.6335,0.0,0.6974
1220,323,39.99,16.3,94.05,176.5,0.606,0.606,4.5874,16.407,0.0,0.4291
1220,327,205.96,0.13,250.14,140.75,0.4121,0.2061,5.9576,6.8779,160.6551,0.0682
1221,290,276.42,24.17,340.5,200.24,0.7334,0.7334,3.9473,19.3528,23.3533,0.558
1221,188,113.93,23.31,187.77,234.03,0.8062,0.8062,3.0497,13.3341,0.0,0.7399
1221,323,40.7,16.13,93.88,176.13,0.5718,0.5718,4.599,16.3593,0.0,0.4041
1221,327,203.68,0.24,247.43,141.76,0.5361,0.2681,5.8968,6.517,0.0,0.1781
1222,290,278.38,22.57,340.27,196.79,0.6899,0.6899,4.0394,19.2828,0.0,0.5354
1222,311,126.73,176.05,176.89,232.33,0.5962,0.5962,3.0782,13.074,0.0,0.5451
1222,340,288.28,22.08,331.88,120.98,0.5815,0.5815,7.6355,18.3076,163.1822,0.184
1223,290,276.34,21.4,337.36,196.12,0.7939,0.7939,4.0487,18.9569,0.0,0.6156
1223,188,122.56,20.15,188.44,212.36,0.5186,0.5186,3.4587,10.3083,153.1942,0.2767
1223,323,40.76,16.71,93.22,176.29,0.5806,0.5806,4.5946,16.4032,0.0,0.4106
1223,327,198.55,0.09,241.57,141.28,0.5581,0.2791,5.914,5.7427,0.0,0.1856
1224,290,277.33,19.86,336.75,194.22,0.6216,0.6216,4.1003,18.8883,0.0,0.4778
1224,188,121.43,19.3,189.16,220.32,0.7285,0.7285,3.2968,11.3606,27.3023,0.6193
1224,323,41.88,19.32,92.91,175.86,0.6714,0.6714,4.6078,16.3362,0.0,0.4737
1224,311,130.02,176.04,177.53,226.21,0.2925,0.2925,3.1862,12.1957,150.5053,0.166
1224,340,283.94,19.74,331.46,128.62,0.6167,0.6167,7.0205,17.8565,13.8793,0.3952
1225,290,277.07,18.92,333.84,187.7,0.6768,0.6768,4.2789,18.4042,157.2708,0.2791
1225,188,124.35,17.99,192.31,222.36,0.8193,0.8193,3.2557,11.5098,0.0,0.7313
1225,323,42.87,19.4,93.31,176.08,0.5537,0.5537,4.598,16.2558,0.0,0.3914
1225,340,283.83,18.77,329.65,124.03,0.6279,0.6279,7.365,17.815,166.4768,0.1993
1226,290,277.26,17.84,330.56,177.73,0.5049,0.5049,4.585,17.83,159.1171,0.1882
1226,188,128.3,17.53,194.1,219.29,0.7251,0.7251,3.3138,10.9991,0.0,0.642
1226,323,43.35,17.74,94.03,175.69,0.6479,0.6479,4.6091,16.1653,0.0,0.4572
1226,340,284.14,17.8,327.22,116.49,0.5156,0.5156,8.0098,17.8608,167.7287,0.1636
1226,327,194.86,0.0,237.03,142.66,0.2798,0.1399,5.8322,5.148,40.2843,0.082
1227,290,277.63,16.89,329.41,174.6,0.4131,0.4131,4.6899,17.6784,159.6699,0.1483
1227,188,132.74,17.67,195.8,213.31,0.5928,0.5928,3.4341,10.0936,150.6532,0.3183
1227,323,51.15,16.64,89.01,124.81,0.4485,0.4485,7.2156,15.6143,166.6735,0.144
1227,340,280.96,16.92,327.81,125.61,0.6279,0.6279,7.2282,17.4806,13.2498,0.4034
1228,290,277.53,16.0,327.47,169.9,0.8027,0.8027,4.8544,17.4115,159.9017,0.2709
1228,188,134.68,16.72,197.64,214.52,0.8262,0.8262,3.4081,10.2038,0.0,0.7218
1228,323,45.26,21.59,94.67,162.83,0.835,0.835,5.0819,15.6212,18.5551,0.5319
1228,327,189.11,0.0,231.24,144.28,0.3293,0.1646,5.7383,4.3222,45.3649,0.0933
1229,290,276.86,15.79,325.7,168.18,0.6289,0.6289,4.9141,17.2099,0.0,0.4171
1229,188,136.01,16.39,198.32,215.1,0.8359,0.8359,3.3958,10.2571,0.0,0.7316
1229,323,44.54,20.22,97.07,171.13,0.5449,0.5449,4.7615,15.7383,19.651,0.3632
1229,327,187.7,0.01,229.5,143.45,0.4795,0.2397,5.7804,4.098,0.0,0.1596
1230,290,276.5,15.27,324.91,168.82,0.2673,0.2673,4.8878,17.1527,0.0,0.1782
1230,188,137.66,16.48,198.16,212.12,0.7319,0.7319,3.4579,9.8307,0.0,0.6348
1230,323,43.92,18.6,97.94,174.8,0.3191,0.3191,4.632,15.8473,20.1742,0.2178
1230,327,186.1,0.13,224.85,137.37,0.4272,0.2136,6.1189,3.7721,162.4994,0.071
1230,340,279.79,15.63,322.2,114.36,0.4377,0.4377,8.1855,17.3284,167.4695,0.1393
1231,290,276.24,15.19,323.66,167.5,0.2869,0.2869,4.9349,17.0216,0.0,0.1896
1231,188,141.46,13.74,201.59,209.17,0.2712,0.2712,3.5206,9.3472,0.0,0.2331
1231,348,45.89,16.44,96.8,99.68,0.3867,0.3867,9.8218,16.3786,0.0,0.2526
1231,340,279.06,15.41,320.69,112.3,0.5601,0.5601,8.3848,17.2529,166.5429,0.1783
1232,290,274.56,14.54,321.8,166.87,0.5029,0.5029,4.9524,16.7775,0.0,0.3313
1232,188,143.04,14.7,202.7,208.59,0.771,0.771,3.533,9.2442,0.0,0.6615
1232,340,278.35,14.72,319.72,110.93,0.2069,0.2069,8.5222,17.1937,166.3265,0.0659
1232,323,43.98,17.15,98.95,177.83,0.835,0.835,4.5284,15.8938,20.6514,0.5806
1232,327,185.59,0.0,224.44,137.06,0.3132,0.1566,6.1369,3.7201,0.0,0.1043
1233,290,272.69,14.03,320.53,168.26,0.22,0.22,4.8936,16.6109,0.0,0.1467
1233,188,144.45,11.82,205.14,208.53,0.667,0.667,3.534,9.2103,0.0,0.5722
1233,340,278.42,14.2,318.46,106.61,0.3008,0.3008,8.9989,17.2799,169.0591,0.0957
1233,323,44.08,17.26,98.7,178.34,0.4727,0.4727,4.5119,15.9236,0.0,0.3399
1234,290,271.91,14.05,319.44,166.67,0.3108,0.3108,4.9507,16.4485,0.0,0.205
1234,188,146.0,9.1,207.69,208.0,0.4814,0.4814,3.5456,9.1177,0.0,0.4123
1234,340,275.06,14.26,314.98,105.27,0.4226,0.4226,9.1368,16.9081,150.0121,0.1348
1234,323,44.32,16.91,98.3,177.4,0.5459,0.5459,4.5431,15.8966,0.0,0.3902
1235,290,271.76,13.89,318.95,164.6,0.5186,0.5186,5.0304,16.3566,0.0,0.3387
1235,188,153.29,2.83,205.14,162.09,0.2153,0.1076,4.908,2.5967,160.8712,0.0372
1235,340,275.28,14.16,315.91,104.96,0.4514,0.4514,9.178,16.9926,0.0,0.2944
1235,323,44.59,16.75,98.04,176.63,0.771,0.771,4.5687,15.8662,0.0,0.5485
1236,290,267.41,13.85,315.26,167.8,0.7305,0.7305,4.8919,15.9157,26.2919,0.463
1236,323,45.72,16.48,96.62,168.71,0.6436,0.6436,4.849,15.6166,160.6459,0.2196
1237,290,266.39,14.5,313.35,167.52,0.6362,0.6362,4.8973,15.7176,0.0,0.4249
1237,323,45.56,16.63,97.38,172.36,0.7739,0.7739,4.7153,15.693,19.8258,0.5204
1237,188,155.06,0.0,204.46,147.06,0.4688,0.2344,5.578,0.4405,163.0398,0.0781
1238,290,264.31,14.3,310.86,167.62,0.4609,0.4609,4.8856,15.4231,0.0,0.3088
1238,323,45.39,16.77,97.3,173.39,0.7241,0.7241,4.6794,15.7443,0.0,0.5046
1238,188,150.13,0.0,209.84,178.07,0.5303,0.2651,4.3406,4.8774,21.3884,0.1937
1239,290,262.58,14.7,307.81,164.8,0.5391,0.5391,4.9862,15.0335,154.6156,0.1745
1239,323,44.93,16.52,97.19,175.17,0.8369,0.8369,4.6189,15.8442,0.0,0.5899
1239,188,147.58,0.0,213.24,197.09,0.6826,0.3413,3.8031,7.5745,24.0903,0.2711
1240,290,259.24,14.11,304.2,162.43,0.7114,0.7114,5.0691,14.5162,0.0,0.4667
1240,323,44.87,16.51,97.15,176.2,0.8647,0.8647,4.5842,15.8887,0.0,0.6134
1240,188,147.51,0.0,215.3,204.48,0.4465,0.2233,3.6252,8.616,25.3303,0.1818
1241,290,257.9,13.25,302.69,161.11,0.8027,0.8027,5.1184,14.2965,0.0,0.5268
1241,323,44.67,16.77,97.81,180.27,0.8169,0.8169,4.45,16.0216,20.914,0.576
1241,188,148.96,0.0,219.03,208.31,0.2407,0.1203,3.5388,9.1676,0.0,0.1032
1242,290,256.05,12.0,300.99,160.65,0.6479,0.6479,5.1316,14.05,0.0,0.4255
1242,323,45.17,18.41,98.17,182.62,0.4824,0.4824,4.3748,16.0693,0.0,0.3555
1242,327,150.38,0.15,191.72,129.9,0.4387,0.2193,6.5809,2.3952,129.3605,0.0731
1243,323,45.1,17.56,99.16,187.17,0.6934,0.6934,4.2365,16.2254,21.8673,0.507
1243,327,140.34,1.21,182.24,130.39,0.3208,0.1604,6.5537,3.3165,81.6601,0.0611
1243,340,264.72,10.4,302.01,96.47,0.7676,0.7676,10.2548,15.9049,162.8246,0.2461
1243,188,154.43,10.58,219.46,208.83,0.6177,0.6177,3.5277,9.2748,0.0,0.5304
1244,323,48.22,17.2,95.59,163.49,0.4226,0.4226,5.0483,15.3818,161.3476,0.1358
1244,188,144.39,5.15,211.27,206.46,0.646,0.646,3.58,8.8965,117.8814,0.3351
1244,290,255.23,9.67,297.17,148.63,0.6582,0.6582,5.6726,13.5621,162.7915,0.2133
1245,323,45.02,19.01,99.12,188.7,0.5479,0.5479,4.1924,16.3091,22.1267,0.4035
1245,188,154.23,11.54,216.03,202.34,0.5264,0.5264,3.6755,8.3449,136.789,0.2666
1245,290,253.97,8.97,296.11,149.66,0.5449,0.5449,5.6173,13.4124,0.0,0.3583
1245,327,135.1,0.21,177.74,129.98,0.3821,0.191,6.5859,3.9306,0.0,0.1272
1245,340,262.56,8.97,299.01,96.34,0.3398,0.3398,10.2585,15.6014,0.0,0.2224
1246,323,44.03,17.02,99.69,193.62,0.498,0.498,4.0561,16.5942,22.8931,0.3747
1246,188,159.38,14.2,218.69,201.25,0.6895,0.6895,3.7022,8.2597,0.0,0.5766
1246,290,253.52,8.36,295.98,152.53,0.7949,0.7949,5.4782,13.4022,17.247,0.5108
1246,327,133.64,0.0,176.2,129.79,0.6113,0.3056,6.6005,4.1295,0.0,0.2035
1247,323,44.24,16.45,99.43,192.91,0.2458,0.2458,4.0754,16.5584,0.0,0.1908
1247,188,163.08,15.12,220.75,199.64,0.6143,0.6143,3.742,8.111,0.0,0.5105
1247,290,252.7,7.51,294.81,153.07,0.8003,0.8003,5.4496,13.2744,0.0,0.5264
1247,327,129.66,0.0,174.02,133.7,0.459,0.2295,6.3469,4.2949,19.0959,0.1486
1248,323,33.18,20.7,90.71,196.37,0.4814,0.4814,4.0132,17.925,62.053,0.2912
1248,188,165.13,15.77,221.66,199.92,0.7456,0.7456,3.7357,8.1955,0.0,0.6202
1248,290,251.89,6.66,293.48,152.76,0.8677,0.8677,5.4605,13.1255,0.0,0.5709
1248,327,131.36,0.0,175.17,134.05,0.3184,0.1592,6.3231,4.0868,0.0,0.106
1249,188,167.84,15.48,223.49,199.86,0.7656,0.7656,3.738,8.2676,0.0,0.6366
1249,290,251.45,6.08,292.11,151.56,0.5869,0.5869,5.5143,12.9884,0.0,0.3863
1249,327,125.04,0.0,170.26,136.3,0.4524,0.2262,6.1912,4.7611,37.9553,0.1346
1249,340,255.39,6.6,292.29,97.76,0.4131,0.4131,10.0061,14.6826,34.8588,0.2462
1250,188,168.73,15.32,223.8,200.14,0.7939,0.7939,3.7315,8.3285,0.0,0.6608
1250,290,249.13,5.9,289.74,151.69,0.835,0.835,5.5004,12.671,0.0,0.5499
1250,327,123.87,0.01,169.07,136.4,0.3594,0.1797,6.1868,4.9216,0.0,0.1196
1251,188,169.54,15.59,223.69,200.26,0.7925,0.7925,3.7287,8.3585,0.0,0.6599
1251,290,247.77,6.04,288.33,152.14,0.8262,0.8262,5.4747,12.4879,0.0,0.5443
1251,327,122.63,0.03,170.3,141.65,0.5,0.25,5.884,4.8129,16.12,0.1631
1252,188,168.9,16.03,221.49,200.51,0.6895,0.6895,3.7221,8.3382,0.0,0.5747
1252,290,247.44,5.94,287.71,151.97,0.6113,0.6113,5.4812,12.4211,0.0,0.4028
1252,327,120.64,0.13,167.08,140.69,0.5566,0.2783,5.941,5.1937,0.0,0.1852
1253,188,170.56,16.43,222.21,200.34,0.8125,0.8125,3.7267,8.3602,0.0,0.6767
1253,290,247.13,6.29,287.02,152.01,0.7871,0.7871,5.4778,12.3534,0.0,0.5187
1253,327,121.38,0.27,167.03,138.83,0.4456,0.2228,6.0463,5.1759,163.9644,0.074
1254,188,171.36,16.17,222.41,200.56,0.7739,0.7739,3.7216,8.4097,0.0,0.6451
1254,290,248.99,6.63,287.86,151.21,0.6152,0.6152,5.5201,12.528,0.0,0.4053
1254,327,123.21,0.15,170.32,141.67,0.6279,0.314,5.8825,4.77,20.8206,0.2021
1254,362,53.1,17.63,105.61,197.89,0.4561,0.4561,3.9224,15.9574,0.0,0.3637
1255,188,171.77,16.14,222.29,200.84,0.8037,0.8037,3.7149,8.4532,0.0,0.6706
1255,290,250.34,7.31,288.74,151.3,0.8394,0.8394,5.5194,12.6809,0.0,0.5528
1255,323,29.31,27.13,90.95,201.41,0.4141,0.4141,3.89,18.412,25.6655,0.3167
1256,188,172.63,16.19,222.58,200.77,0.6958,0.6958,3.7169,8.4673,0.0,0.5804
1256,290,250.93,7.51,288.67,151.54,0.6968,0.6968,5.5087,12.719,0.0,0.4588
1257,188,172.03,16.1,221.31,201.03,0.6299,0.6299,3.7102,8.4644,0.0,0.526
1257,290,252.05,7.69,289.29,151.46,0.6104,0.6104,5.5154,12.8364,0.0,0.4018
1257,327,117.36,0.22,161.87,135.33,0.4351,0.2175,6.2626,5.9065,158.4169,0.0721
1258,188,172.77,15.95,221.67,201.04,0.771,0.771,3.7102,8.4878,0.0,0.6438
1258,290,252.5,7.78,289.54,151.44,0.6592,0.6592,5.5175,12.8838,0.0,0.4339
1258,327,117.01,0.2,161.79,137.22,0.5972,0.2986,6.1484,5.8862,15.6065,0.1949
1258,362,55.35,20.43,107.62,200.58,0.5859,0.5859,3.849,15.8834,0.0,0.4731
1259,188,172.59,15.5,221.09,201.23,0.6802,0.6802,3.7055,8.4981,0.0,0.5684
1259,290,250.3,7.71,287.56,152.0,0.7026,0.7026,5.4841,12.606,0.0,0.4628
1259,327,111.78,0.15,163.11,162.37,0.5679,0.2839,4.9279,6.6219,19.1386,0.1862
1259,362,56.89,20.46,109.28,202.13,0.3049,0.3049,3.8068,15.8043,0.0,0.2479
1260,188,173.07,15.59,221.03,200.93,0.708,0.708,3.7128,8.4661,0.0,0.5909
1260,290,251.34,7.59,288.32,151.85,0.603,0.603,5.4941,12.7267,0.0,0.3971
1260,327,108.08,0.4,161.07,172.12,0.5518,0.2759,4.5706,7.6214,21.3976,0.1926
1260,362,58.7,22.89,110.06,201.94,0.5146,0.5146,3.8081,15.6438,0.0,0.4185
1261,188,172.94,15.62,220.52,200.83,0.7485,0.7485,3.715,8.4399,0.0,0.6245
1261,327,108.92,0.36,155.68,151.68,0.5991,0.2995,5.3969,6.8998,162.47,0.0991
1261,362,58.59,9.14,113.64,201.54,0.5205,0.5205,3.8135,15.4187,0.0,0.4231
1262,188,173.28,15.71,220.47,200.79,0.7456,0.7456,3.7161,8.4403,0.0,0.622
1262,327,107.49,0.18,153.08,148.03,0.5381,0.2691,5.5765,7.1209,161.1745,0.089
1262,362,58.64,9.54,113.26,201.58,0.4727,0.4727,3.8129,15.4403,0.0,0.3843
1262,290,252.81,7.89,289.21,151.47,0.7456,0.7456,5.516,12.8827,0.0,0.4908
1263,188,173.46,15.73,220.18,200.78,0.7544,0.7544,3.7163,8.4367,0.0,0.6293
1263,327,102.74,0.39,153.01,166.01,0.5332,0.2666,4.8022,8.066,19.762,0.1787
1263,362,60.91,23.75,111.75,201.94,0.498,0.498,3.8032,15.4223,0.0,0.4055
1263,290,251.32,8.26,288.08,152.07,0.7422,0.7422,5.4833,12.7117,0.0,0.4887
1264,188,173.65,15.26,220.29,200.96,0.7319,0.7319,3.712,8.4669,0.0,0.611
1264,327,103.23,0.29,149.96,154.15,0.5806,0.2903,5.294,7.7534,162.1596,0.0959
1264,362,60.51,9.7,115.04,202.25,0.3584,0.3584,3.7921,15.2807,0.0,0.2924
1264,290,251.57,8.94,288.4,151.92,0.7129,0.7129,5.4913,12.7486,0.0,0.4694
1265,188,173.65,15.73,220.0,200.85,0.7163,0.7163,3.7146,8.4463,0.0,0.5977
1265,327,100.19,0.42,150.02,167.59,0.3398,0.1699,4.7481,8.5111,19.9078,0.115
1265,290,251.98,9.37,288.98,151.67,0.7129,0.7129,5.5048,12.813,0.0,0.4693
1266,188,174.55,15.99,220.83,201.18,0.7544,0.7544,3.7071,8.5259,0.0,0.6302
1266,327,103.67,0.47,147.42,148.1,0.4504,0.2252,5.5823,7.7884,163.0315,0.0744
1266,290,253.5,9.52,290.83,152.05,0.7256,0.7256,5.4922,13.0463,0.0,0.4775
1267,188,175.65,15.99,222.22,201.12,0.54,0.54,3.7091,8.5711,0.0,0.4509
1267,327,102.5,0.38,144.73,142.13,0.4302,0.2151,5.8982,8.0427,163.3569,0.071
1267,290,254.89,9.6,292.2,151.92,0.5078,0.5078,5.503,13.2319,0.0,0.334
1268,188,175.87,16.54,222.55,200.63,0.7515,0.7515,3.7211,8.5182,0.0,0.6264
1268,327,100.13,1.39,142.03,139.37,0.5659,0.2829,6.0593,8.4202,159.9295,0.0933
1268,290,255.65,9.79,293.22,152.62,0.7231,0.7231,5.4729,13.3607,0.0,0.4755
1269,188,174.48,17.12,220.76,200.54,0.7456,0.7456,3.7224,8.4371,0.0,0.6214
1269,327,99.22,5.41,139.23,136.54,0.2966,0.2966,6.2313,8.7191,162.4382,0.0977
1269,290,256.09,9.86,293.43,151.39,0.5244,0.5244,5.5324,13.3906,0.0,0.3448
1270,188,174.38,16.95,220.56,200.23,0.5371,0.5371,3.7299,8.3893,0.0,0.4471
1270,290,257.24,9.97,294.74,152.05,0.3225,0.3225,5.5051,13.5642,0.0,0.212
1271,188,175.02,17.34,221.09,200.21,0.6621,0.6621,3.7306,8.4114,0.0,0.5511
1271,290,258.11,9.83,295.7,153.32,0.8076,0.8076,5.4486,13.7031,0.0,0.5307
1271,362,68.32,6.7,125.1,201.57,0.6396,0.6396,3.7876,14.2299,0.0,0.5232
1272,188,175.69,16.74,222.35,200.39,0.75,0.75,3.7268,8.4778,0.0,0.6246
1272,290,258.77,10.02,296.25,153.71,0.7964,0.7964,5.4326,13.7898,0.0,0.5233
1272,362,69.03,4.0,128.06,201.83,0.6113,0.3056,3.7773,14.0472,0.0,0.2506
1273,188,175.48,16.5,222.33,200.65,0.644,0.644,3.7204,8.5072,0.0,0.5368
1273,290,262.35,10.4,293.85,127.96,0.5566,0.5566,6.9254,13.9806,166.1931,0.18
1273,362,70.04,5.98,131.61,206.45,0.7861,0.7861,3.6634,14.1746,26.6318,0.6284
1274,188,175.17,16.6,222.17,201.12,0.7227,0.7227,3.709,8.5595,0.0,0.6035
1274,290,260.0,10.84,296.56,148.37,0.7778,0.7778,5.693,13.8419,16.676,0.5001
1274,362,69.6,3.42,133.49,208.01,0.647,0.3235,3.6263,14.2305,0.0,0.2716
1275,188,175.22,16.53,222.29,200.83,0.7031,0.7031,3.716,8.5246,0.0,0.5865
1275,290,260.24,11.07,297.91,153.97,0.5698,0.5698,5.426,14.0039,17.7584,0.3652
1275,362,71.46,5.31,137.78,213.46,0.8145,0.8145,3.5008,14.3987,28.2936,0.6648
1276,188,174.21,16.41,221.3,201.0,0.7349,0.7349,3.7114,8.5044,0.0,0.6135
1276,290,258.84,11.7,297.73,158.06,0.7778,0.7778,5.2407,13.9647,18.0816,0.4981
1276,362,73.7,10.92,139.66,214.16,0.8159,0.8159,3.4821,14.261,0.0,0.7007
1277,188,174.9,16.74,222.08,201.07,0.5938,0.5938,3.7101,8.545,0.0,0.4958
1277,290,258.88,12.67,298.13,158.89,0.7163,0.7163,5.2057,14.0105,0.0,0.4704
1277,362,75.81,10.68,143.83,216.25,0.7988,0.7988,3.4328,14.159,0.0,0.6914
1277,376,126.68,32.14,148.19,51.76,0.5962,0.5962,27.9306,14.2754,0.0,0.3913
1278,188,173.88,15.74,221.24,200.91,0.6152,0.6152,3.7135,8.4843,0.0,0.5134
1278,290,259.66,13.32,299.52,159.43,0.5498,0.5498,5.1864,14.1663,0.0,0.361
1278,362,79.08,6.89,148.91,216.63,0.6514,0.6514,3.4178,13.81,0.0,0.5654
1279,188,173.75,15.64,221.21,200.84,0.6611,0.6611,3.7151,8.4716,0.0,0.5516
1279,290,261.39,13.92,301.36,159.49,0.7847,0.7847,5.1899,14.4053,0.0,0.5149
1279,362,81.94,12.71,151.49,218.21,0.8726,0.8726,3.3813,13.7272,0.0,0.7618
1280,188,172.73,15.89,219.95,200.82,0.5371,0.5371,3.7151,8.4232,0.0,0.4482
1280,290,261.15,14.23,301.63,158.82,0.6655,0.6655,5.2185,14.3939,0.0,0.4367
1280,362,82.48,4.82,156.78,222.49,0.8638,0.4319,3.2926,13.929,0.0,0.382
1280,378,175.93,16.01,202.4,48.63,0.4072,0.4072,31.6418,13.494,0.0,0.2677
1281,188,168.21,16.16,216.54,200.81,0.6074,0.6074,3.7138,8.2855,0.0,0.507
1281,290,261.55,14.24,301.2,151.01,0.8496,0.8496,5.574,14.2794,162.9937,0.2745
1281,362,83.21,6.81,156.88,221.52,0.6216,0.6216,3.3107,13.7908,0.0,0.5484
1281,376,125.76,32.15,147.93,52.36,0.4941,0.4941,27.2959,14.2357,5.1371,0.3237
1282,188,171.16,15.43,219.73,200.9,0.5537,0.5537,3.7128,8.4002,0.0,0.4622
1282,290,261.0,14.22,303.19,156.13,0.8252,0.8252,5.3387,14.4405,18.0329,0.5279
1282,362,86.41,13.36,158.95,222.63,0.7227,0.7227,3.2854,13.6968,0.0,0.6402
1283,188,171.84,15.99,220.09,200.84,0.4302,0.4302,3.7144,8.4115,0.0,0.359
1283,290,262.27,14.49,306.67,158.6,0.6738,0.6738,5.2388,14.7995,25.67,0.4196
1283,362,87.76,15.95,160.37,224.3,0.8604,0.8604,3.2517,13.7721,0.0,0.7659
1284,188,173.24,15.65,221.7,200.45,0.561,0.561,3.7245,8.4188,0.0,0.4674
1284,290,265.36,14.56,309.79,151.78,0.3354,0.3354,5.56,15.1171,162.0546,0.1079
1284,362,90.33,16.81,162.23,224.05,0.8013,0.8013,3.2535,13.5747,0.0,0.7133
1285,188,172.21,15.33,220.89,200.67,0.6333,0.6333,3.7188,8.4112,0.0,0.5281
1285,290,262.79,14.69,309.96,157.3,0.8564,0.8564,5.3022,15.0297,17.9185,0.5473
1285,362,91.25,17.1,162.83,224.47,0.8564,0.8564,3.2445,13.5651,0.0,0.7634
1286,188,172.49,14.47,221.21,200.85,0.5728,0.5728,3.7146,8.4473,0.0,0.478
1286,290,262.3,14.64,311.23,159.1,0.8394,0.8394,5.2255,15.1133,0.0,0.5499
1286,362,92.39,16.81,163.7,224.87,0.8369,0.8369,3.2357,13.5363,0.0,0.7471
1286,327,70.37,0.32,113.27,142.09,0.4368,0.2184,5.9901,12.4572,0.0,0.1439
1286,378,180.5,14.27,208.58,48.83,0.3191,0.3191,31.3763,13.5571,57.6901,0.1603
1287,188,170.34,14.06,219.33,200.92,0.5459,0.5459,3.712,8.3809,0.0,0.4557
1287,290,262.65,14.42,312.87,159.77,0.8394,0.8394,5.2006,15.2576,0.0,0.5497
1287,362,93.22,16.4,164.23,224.99,0.8594,0.8594,3.2326,13.5004,0.0,0.7675
1288,188,171.24,12.98,220.24,201.13,0.5352,0.5352,3.7074,8.4423,0.0,0.4471
1288,290,263.48,14.33,314.32,159.81,0.8125,0.8125,5.203,15.409,0.0,0.5319
1288,362,94.3,15.85,164.93,225.37,0.8403,0.8403,3.2244,13.48,0.0,0.7514
1288,378,181.03,12.89,209.95,48.67,0.2502,0.2502,31.6006,13.5985,161.8401,0.0811
1289,188,172.7,11.65,221.7,200.56,0.5059,0.5059,3.7218,8.4225,0.0,0.4217
1289,290,264.96,13.92,316.52,160.36,0.7407,0.7407,5.1866,15.6621,0.0,0.4846
1289,362,96.29,15.07,166.27,225.57,0.8423,0.8423,3.2187,13.3858,0.0,0.754
1289,378,181.65,11.6,211.86,48.96,0.3459,0.3459,31.2049,13.5884,14.2047,0.2238
1289,327,65.14,1.18,111.09,148.73,0.3433,0.1716,5.6527,12.9769,19.6032,0.1097
1290,188,174.15,11.53,223.21,200.35,0.603,0.603,3.7276,8.4573,0.0,0.5021
1290,290,266.82,13.95,318.31,159.52,0.6343,0.6343,5.229,15.8864,0.0,0.4148
1290,362,98.42,14.86,167.33,225.25,0.834,0.834,3.2228,13.2383,0.0,0.7462
1290,378,181.5,10.78,212.34,48.92,0.2186,0.2186,31.2599,13.5977,0.0,0.1437
1291,188,174.64,10.2,223.47,199.52,0.5039,0.5039,3.748,8.3637,0.0,0.4183
1291,290,266.5,14.05,318.46,160.2,0.8218,0.8218,5.1998,15.8879,0.0,0.5374
1291,362,101.26,14.58,169.01,225.1,0.8228,0.8228,3.223,13.069,0.0,0.7364
1292,188,174.19,10.18,221.96,196.62,0.4688,0.4688,3.8196,7.9332,0.0,0.3848
1292,290,267.22,14.18,319.09,160.07,0.7769,0.7769,5.2078,15.9741,0.0,0.5079
1292,362,104.69,14.56,171.06,224.28,0.8423,0.8423,3.2355,12.7934,0.0,0.7527
1292,327,53.21,0.66,108.87,172.74,0.5459,0.273,4.6711,14.4722,21.2018,0.1849
1293,188,175.51,10.38,222.86,194.12,0.7319,0.7319,3.8843,7.6555,0.0,0.5946
1293,290,267.14,14.04,319.25,160.19,0.8101,0.8101,5.2029,15.9816,0.0,0.5296
1293,362,107.22,14.46,172.62,223.95,0.8218,0.8218,3.2396,12.6258,0.0,0.7341
1293,327,51.79,0.95,109.37,174.13,0.647,0.3235,4.6242,14.5847,0.0,0.2284
1294,188,176.18,8.41,223.76,192.93,0.7305,0.7305,3.916,7.5402,0.0,0.5905
1294,290,266.38,13.52,318.96,160.31,0.8193,0.8193,5.1959,15.9149,0.0,0.5357
1294,362,110.04,14.32,175.39,224.74,0.8315,0.8315,3.2221,12.5574,0.0,0.7448
1294,327,50.19,0.69,107.89,169.5,0.6323,0.3161,4.7936,14.6176,159.9559,0.1107
1295,188,175.34,7.32,222.57,191.39,0.771,0.771,3.9564,7.285,0.0,0.6192
1295,290,266.59,13.5,319.31,160.43,0.8545,0.8545,5.1919,15.954,0.0,0.5587
1295,362,112.67,14.17,176.86,225.22,0.8262,0.8262,3.2113,12.5027,0.0,0.7413
1295,327,48.57,1.13,109.02,174.96,0.582,0.291,4.6012,14.8464,20.4081,0.2001
1296,188,176.5,7.39,222.84,186.92,0.7627,0.7627,4.0805,6.7439,157.17,0.346
1296,290,266.14,13.22,319.19,160.65,0.8608,0.8608,5.1815,15.9208,0.0,0.5629
1296,362,116.4,14.3,179.73,224.83,0.7808,0.7808,3.2159,12.2805,0.0,0.7003
1296,327,41.65,0.75,103.74,177.6,0.3025,0.1512,4.532,15.7287,0.0,0.1084
1297,188,177.12,7.07,223.13,184.15,0.7871,0.7871,4.1609,6.418,0.0,0.6112
1297,290,266.11,13.21,319.34,160.91,0.8496,0.8496,5.1709,15.9337,0.0,0.5555
1297,362,118.29,14.63,180.93,224.85,0.834,0.834,3.2143,12.2068,0.0,0.7483
1297,327,35.01,0.68,91.27,159.99,0.4619,0.2309,5.2254,16.4582,160.5916,0.0738
1298,188,175.84,5.94,220.98,179.59,0.6943,0.6943,4.298,5.731,156.9688,0.2953
1298,290,266.38,12.83,319.9,160.9,0.8467,0.8467,5.1729,15.988,0.0,0.5535
1298,362,121.4,15.03,183.71,227.82,0.8076,0.8076,3.1576,12.4569,0.0,0.7304
1298,327,32.14,0.45,85.76,150.46,0.5371,0.2686,5.679,16.8892,162.5428,0.0857
1299,188,175.82,2.62,221.39,177.4,0.6899,0.3449,4.3674,5.4698,0.0,0.2585
1299,290,266.08,12.88,319.66,160.79,0.8423,0.8423,5.1764,15.9504,0.0,0.5507
1299,362,124.19,15.63,186.47,230.59,0.7642,0.7642,3.1064,12.708,0.0,0.6962
1299,327,26.41,0.56,84.96,166.48,0.2069,0.1035,4.9911,17.5581,19.5276,0.0655
1300,188,176.65,4.13,221.28,175.25,0.625,0.3125,4.4376,5.2312,0.0,0.2313
1300,290,265.85,12.9,319.55,160.65,0.7769,0.7769,5.1817,15.9254,0.0,0.508
1300,362,128.61,16.32,191.2,234.21,0.4302,0.4302,3.0413,13.0333,0.0,0.3955
1300,327,29.93,0.55,77.17,127.46,0.205,0.1025,7.0992,17.714,166.5248,0.0325
1301,188,176.69,1.72,221.31,173.3,0.5972,0.2986,4.5029,4.9987,0.0,0.2185
1301,290,267.92,13.09,321.04,160.22,0.7949,0.7949,5.2065,16.1507,0.0,0.5195
1301,362,132.68,16.3,195.56,236.48,0.8062,0.8062,3.0014,13.2256,0.0,0.7452
1302,188,176.48,4.14,220.23,173.2,0.4321,0.216,4.5059,4.9372,0.0,0.158
1302,290,267.52,13.26,320.53,160.04,0.7456,0.7456,5.2124,16.0877,0.0,0.4873
1302,362,137.7,16.93,201.56,239.14,0.7808,0.7808,2.956,13.4796,0.0,0.7262
1302,327,28.41,0.77,72.03,111.84,0.3684,0.1842,8.494,18.5148,168.6129,0.0582
1303,290,266.0,12.58,319.54,160.44,0.7256,0.7256,5.1908,15.9305,0.0,0.4744
1303,362,141.73,17.26,205.77,238.92,0.6758,0.6758,2.9588,13.4012,0.0,0.6283
1304,290,266.38,13.44,319.66,160.31,0.7871,0.7871,5.1972,15.9609,0.0,0.5146
1304,362,144.37,16.81,209.19,239.7,0.5049,0.5049,2.9458,13.4865,0.0,0.4702
1305,290,266.64,13.77,319.96,160.34,0.71,0.71,5.197,15.9982,0.0,0.4642
1305,362,144.7,16.82,210.01,240.51,0.4902,0.4902,2.9328,13.5939,0.0,0.4573
1305,387,142.69,159.58,208.42,240.13,0.6152,0.6152,2.939,13.5514,0.0,0.5735
1305,376,125.57,32.26,147.5,52.25,0.5117,0.5117,27.4131,14.267,0.0,0.3359
1305,327,24.81,2.08,67.87,104.86,0.3157,0.1578,9.3122,19.2302,168.7803,0.0497
1306,290,267.56,13.89,320.72,160.26,0.7231,0.7231,5.2035,16.1069,0.0,0.4726
1306,362,146.01,15.25,212.66,241.05,0.5234,0.5234,2.9241,13.6625,0.0,0.4889
1307,290,267.72,14.03,320.8,160.41,0.5869,0.5869,5.1977,16.1254,0.0,0.3836
1307,362,148.37,36.22,211.37,245.28,0.7559,0.7559,2.8581,14.234,0.0,0.7121
1308,290,267.0,14.08,320.11,160.1,0.5361,0.5361,5.2081,16.0272,0.0,0.3505
1308,387,138.32,144.48,217.49,242.05,0.3694,0.3694,2.9083,13.8007,0.0,0.3457
1309,290,267.69,14.09,320.73,160.16,0.626,0.626,5.208,16.1142,0.0,0.4091
1309,387,137.93,142.86,218.83,243.24,0.3459,0.3459,2.8896,13.9604,0.0,0.3245
1309,362,144.87,12.1,214.71,244.59,0.4263,0.4263,2.8687,14.1409,0.0,0.401
1310,290,267.7,13.91,320.92,160.27,0.4417,0.4417,5.2038,16.1294,0.0,0.2887
1310,387,138.85,142.38,221.61,245.84,0.563,0.563,2.8495,14.3095,0.0,0.5309
1310,393,16.66,6.56,47.5,48.68,0.4016,0.4016,33.5566,23.7853,0.0,0.2564
1310,362,145.45,8.71,216.84,246.96,0.3486,0.3486,2.8326,14.4611,0.0,0.3295
1311,290,266.98,13.93,320.49,160.32,0.6167,0.6167,5.1995,16.0549,0.0,0.4031
1311,387,139.12,142.62,222.5,247.64,0.2114,0.2114,2.8223,14.5521,0.0,0.2001
1311,393,16.55,6.74,47.26,48.61,0.3157,0.3157,33.665,23.8076,172.9805,0.0963
1311,362,145.65,8.91,217.56,248.01,0.7231,0.7231,2.8168,14.6031,0.0,0.6848
1312,290,266.66,14.22,320.37,160.24,0.4814,0.4814,5.202,16.0245,0.0,0.3147
1312,393,16.58,6.49,47.22,48.2,0.332,0.332,34.286,23.8348,177.1506,0.1012
1312,362,149.77,14.54,220.25,248.45,0.6792,0.6792,2.8105,14.6767,0.0,0.6437
1313,290,267.24,14.51,321.1,160.21,0.5649,0.5649,5.2058,16.1099,0.0,0.3692
1313,393,18.62,6.42,45.38,42.5,0.2744,0.2744,46.0443,24.2032,177.8713,0.0834
1313,362,152.11,8.99,223.72,247.91,0.3567,0.3567,2.819,14.6285,0.0,0.3377
1314,290,267.46,15.82,321.36,160.1,0.6133,0.6133,5.2113,16.1393,0.0,0.4008
1314,362,157.3,22.51,225.36,249.32,0.7051,0.7051,2.7988,14.8588,0.0,0.6692
1315,290,267.51,16.32,321.77,160.34,0.5449,0.5449,5.2021,16.1739,0.0,0.3561
1315,362,157.11,9.82,227.24,247.17,0.6494,0.6494,2.8311,14.5848,0.0,0.6138
1315,398,11.54,7.88,80.44,191.25,0.4263,0.4263,4.2073,19.5906,0.0,0.321
1316,290,268.11,16.03,322.26,158.47,0.543,0.543,5.2842,16.2125,0.0,0.3548
1316,362,166.23,15.12,235.49,248.58,0.7305,0.7305,2.8132,14.9543,0.0,0.6917
1317,290,267.03,15.72,322.15,159.08,0.7041,0.7041,5.2555,16.1447,0.0,0.4601
1317,362,172.69,18.56,239.54,247.98,0.5469,0.5469,2.8249,15.0305,0.0,0.517
1317,393,15.71,8.75,44.27,47.59,0.385,0.385,35.3053,24.0668,3.0645,0.2453
1317,398,12.39,9.0,67.96,157.47,0.4102,0.4102,5.4336,19.3835,162.5951,0.129
1318,290,266.39,15.32,322.34,159.58,0.7129,0.7129,5.2333,16.124,0.0,0.4659
1318,362,177.24,18.75,242.47,246.22,0.7363,0.7363,2.8539,14.9343,0.0,0.6933
1318,398,10.86,11.4,76.43,187.77,0.2261,0.2261,4.3165,19.7321,21.497,0.1617
1319,290,266.5,14.33,323.16,159.69,0.5254,0.5254,5.2304,16.187,0.0,0.3433
1319,362,182.24,17.61,246.75,247.5,0.2207,0.2207,2.8379,15.2829,0.0,0.2082
1319,398,13.73,12.1,71.19,167.29,0.4006,0.4006,5.0142,19.259,161.2552,0.1261
1319,405,155.08,0.7,198.17,149.51,0.3276,0.1638,5.4579,0.9272,0.0,0.1092
1319,393,18.43,11.8,45.72,48.62,0.3701,0.3701,33.6457,23.7897,5.9331,0.2356
1320,290,269.47,14.53,325.35,158.8,0.5195,0.5195,5.2786,16.5096,0.0,0.3392
1320,362,184.79,17.46,248.4,248.24,0.5938,0.5938,2.8284,15.467,0.0,0.5606
1320,398,21.24,14.17,67.01,135.15,0.3604,0.3604,6.6161,18.8314,165.446,0.1137
1320,405,156.5,0.16,199.34,147.87,0.4055,0.2028,5.5378,0.6305,0.0,0.1352
1321,290,271.21,14.22,326.68,159.21,0.7192,0.7192,5.267,16.7171,0.0,0.4693
1321,362,187.2,18.06,249.93,248.5,0.7217,0.7217,2.8262,15.5885,0.0,0.6815
1321,405,152.4,0.31,195.11,147.87,0.3989,0.1994,5.5384,1.0542,0.0,0.133
1322,290,266.99,14.56,323.12,159.55,0.5391,0.5391,5.2372,16.214,0.0,0.3523
1322,362,189.24,19.03,250.43,245.88,0.5698,0.5698,2.8669,15.3221,0.0,0.5352
1322,405,150.63,0.16,193.81,149.39,0.4941,0.247,5.4646,1.358,0.0,0.1647
1322,376,126.14,32.29,147.09,51.69,0.363,0.363,28.0129,14.3306,0.0,0.2382
1322,398,19.15,14.44,70.42,148.77,0.4775,0.4775,5.8285,18.7202,16.2792,0.3035
1323,290,263.26,14.69,320.15,159.49,0.2966,0.2966,5.227,15.7727,0.0,0.194
1323,362,191.15,19.49,251.28,243.09,0.6816,0.6816,2.9114,15.0453,0.0,0.6364
1323,405,149.0,0.22,192.11,148.99,0.5234,0.2617,5.4845,1.5326,0.0,0.1744
1323,376,125.36,32.18,146.79,51.77,0.5273,0.5273,27.9295,14.352,0.0,0.346
1323,398,17.72,13.69,72.48,156.34,0.5776,0.5776,5.4619,18.7414,17.3141,0.3661
1324,290,261.78,14.28,319.48,159.47,0.6245,0.6245,5.2239,15.6308,0.0,0.4086
1324,362,193.38,19.57,253.43,241.76,0.5049,0.5049,2.9345,14.9975,0.0,0.4699
1324,405,146.66,0.44,190.27,150.04,0.6582,0.3291,5.4348,1.8679,0.0,0.2193
1324,398,13.57,9.27,75.85,172.79,0.5488,0.5488,4.7998,19.1081,19.6324,0.3598
1325,290,261.84,14.03,320.02,159.75,0.54,0.54,5.2131,15.6755,0.0,0.3533
1325,362,194.18,19.78,254.24,241.55,0.8184,0.8184,2.9387,15.016,0.0,0.7612
1325,405,145.38,0.81,189.43,151.38,0.6772,0.3386,5.372,2.0939,0.0,0.2257
1325,398,9.42,7.77,80.65,198.17,0.4272,0.4272,4.0229,20.0142,22.9855,0.3206
1326,290,260.65,14.12,319.34,160.13,0.8076,0.8076,5.1935,15.5595,0.0,0.5285
1326,362,195.69,20.14,255.75,240.93,0.7974,0.7974,2.9501,15.0255,0.0,0.7405
1326,405,144.17,0.66,187.5,148.4,0.4873,0.2437,5.5154,2.1276,160.8926,0.0812
1326,398,13.75,6.76,76.33,172.77,0.5776,0.5776,4.7992,19.0662,160.4096,0.1974
1327,290,260.78,13.7,319.64,160.08,0.6567,0.6567,5.1964,15.5869,0.0,0.4297
1327,362,197.3,20.17,257.71,241.08,0.6577,0.6577,2.9497,15.147,0.0,0.6107
1327,405,142.47,0.6,186.04,149.39,0.384,0.192,5.4681,2.3868,0.0,0.1279
1327,398,16.1,8.02,73.9,160.16,0.5928,0.5928,5.2938,18.8058,162.1245,0.1871
1328,290,261.08,13.54,319.9,159.88,0.7241,0.7241,5.2059,15.62,0.0,0.4738
1328,362,198.39,20.83,258.9,240.21,0.6113,0.6113,2.9649,15.1107,0.0,0.5664
1328,405,140.7,0.77,184.13,150.32,0.5361,0.2681,5.4247,2.6796,0.0,0.1786
1328,398,17.55,8.03,72.28,150.81,0.3999,0.3999,5.7251,18.7148,163.4032,0.1263
1329,290,258.86,12.55,318.09,159.8,0.6982,0.6982,5.2019,15.3527,0.0,0.4572
1329,362,198.38,20.89,259.41,240.46,0.7559,0.7559,2.9611,15.1557,0.0,0.7007
1329,405,140.97,1.02,184.53,151.7,0.6426,0.3213,5.3596,2.7089,0.0,0.2141
1329,398,12.46,7.97,75.07,173.75,0.7544,0.7544,4.7695,19.2523,19.8101,0.4972
1329,415,285.92,12.94,317.53,48.54,0.3513,0.3513,33.131,21.1787,0.0,0.2263
1330,290,258.31,12.0,317.33,159.59,0.4619,0.4619,5.2084,15.2621,0.0,0.3025
1330,362,198.73,21.27,260.39,240.93,0.7349,0.7349,2.9543,15.2519,0.0,0.6818
1330,405,138.9,1.48,182.44,151.93,0.6646,0.3323,5.3503,2.9956,0.0,0.2214
1330,398,11.3,8.59,75.73,181.38,0.5938,0.5938,4.5136,19.5161,20.7979,0.4101
1331,290,259.52,11.43,318.35,159.87,0.5928,0.5928,5.2006,15.4147,0.0,0.3881
1331,362,198.6,21.6,261.07,241.31,0.7847,0.7847,2.9486,15.3138,0.0,0.7285
1331,405,139.07,1.38,182.17,151.34,0.6982,0.3491,5.3778,2.9713,0.0,0.2326
1331,398,12.84,11.47,75.65,180.61,0.6577,0.6577,4.5355,19.4004,0.0,0.4668
1332,290,258.41,11.22,316.54,159.89,0.8423,0.8423,5.1945,15.2223,0.0,0.5517
1332,362,199.72,21.52,263.56,241.64,0.8228,0.8228,2.9454,15.4641,0.0,0.764
1332,405,138.0,1.52,181.21,150.92,0.6885,0.3443,5.3983,3.0877,0.0,0.2293
1332,398,10.51,13.48,78.82,200.59,0.3611,0.3611,3.962,20.1736,23.2886,0.2735
1333,290,257.22,10.87,314.79,159.99,0.8477,0.8477,5.185,15.0299,0.0,0.5555
1333,362,200.89,21.49,266.04,241.96,0.8262,0.8262,2.9425,15.6167,0.0,0.7673
1333,405,137.32,1.47,180.71,150.29,0.667,0.3335,5.4286,3.1407,0.0,0.2222
1333,398,11.0,13.87,80.17,205.21,0.7104,0.7104,3.8447,20.3007,23.9345,0.548
1334,290,257.36,10.47,313.94,160.03,0.8384,0.8384,5.182,14.9837,0.0,0.5494
1334,362,202.22,20.91,268.76,241.52,0.8218,0.8218,2.952,15.6967,0.0,0.7621
1334,405,136.73,1.17,179.97,149.21,0.7271,0.3635,5.481,3.1923,0.0,0.2422
1334,398,12.36,10.68,78.37,193.59,0.8252,0.8252,4.1443,19.7663,157.6315,0.353
1334,417,89.22,38.31,119.86,97.73,0.4495,0.4495,9.9159,12.5004,0.0,0.2961
1335,290,256.57,10.61,312.1,160.22,0.8555,0.8555,5.1694,14.8133,0.0,0.5609
1335,362,203.72,19.85,272.56,243.4,0.8496,0.8496,2.9257,16.0887,0.0,0.7903
1335,405,136.79,0.87,179.55,147.96,0.6611,0.3306,5.5423,3.1806,0.0,0.2202
1335,398,13.87,12.84,79.06,193.27,0.7349,0.7349,4.1491,19.621,0.0,0.5591
1335,417,89.67,38.7,120.2,97.84,0.3657,0.3657,9.8982,12.4464,0.0,0.2409
1336,290,258.12,10.42,310.88,156.03,0.3364,0.3364,5.3517,14.7599,162.3657,0.1084
1336,362,204.61,19.45,275.77,246.89,0.834,0.834,2.8744,16.6234,0.0,0.7808
1336,405,134.97,0.38,177.77,146.0,0.7925,0.3962,5.6423,3.3992,158.0854,0.1319
1336,398,15.43,14.33,78.37,186.68,0.7612,0.7612,4.3367,19.2945,158.3443,0.3068
1337,290,257.67,10.71,310.02,158.75,0.6816,0.6816,5.2301,14.7193,18.2061,0.4356
1337,362,202.67,17.83,274.91,248.38,0.8721,0.8721,2.85,16.7018,0.0,0.8191
1337,405,133.14,0.29,176.08,145.09,0.771,0.3855,5.6908,3.642,0.0,0.2567
1337,398,16.53,14.47,77.42,178.92,0.5215,0.5215,4.58,19.0072,159.5324,0.1936
1338,290,256.84,10.36,308.54,159.94,0.5508,0.5508,5.1754,14.5893,0.0,0.3613
1338,362,204.09,16.75,276.71,246.36,0.8076,0.8076,2.8828,16.5772,0.0,0.7552
1338,405,131.52,0.17,171.61,135.22,0.6406,0.3203,6.2522,4.2628,164.212,0.1065
1338,398,15.8,12.75,77.46,177.04,0.7793,0.7793,4.6442,18.9905,0.0,0.5424
1339,290,257.01,10.42,307.17,160.03,0.6929,0.6929,5.1696,14.5115,0.0,0.4546
1339,362,205.32,15.61,276.03,240.74,0.877,0.877,2.9714,15.9612,0.0,0.8106
1339,405,129.49,0.08,167.81,129.82,0.7305,0.3653,6.6062,4.9255,163.8876,0.1213
1339,398,16.0,13.06,78.4,178.56,0.6807,0.6807,4.591,18.9676,0.0,0.4786
1340,290,256.26,9.98,304.91,158.85,0.6968,0.6968,5.2145,14.2872,0.0,0.4573
1340,362,207.0,14.91,275.92,235.7,0.8506,0.8506,3.0558,15.4556,0.0,0.7773
1340,405,128.2,0.15,166.03,128.53,0.7319,0.3659,6.6975,5.2009,0.0,0.2435
1340,398,14.63,13.2,76.71,178.17,0.6206,0.6206,4.61,19.1451,0.0,0.4346
1341,290,256.04,9.55,302.93,157.01,0.5698,0.5698,5.2906,14.1061,0.0,0.3741
1341,362,208.26,14.38,276.08,232.99,0.8193,0.8193,3.1032,15.2106,0.0,0.7438
1341,405,126.83,0.22,163.89,126.85,0.6826,0.3413,6.8197,5.5297,160.634,0.1132
1341,398,12.27,13.83,76.5,181.24,0.7974,0.7974,4.5147,19.4043,0.0,0.5681
1342,290,256.98,9.57,301.97,155.1,0.5869,0.5869,5.3758,14.0737,0.0,0.3854
1342,362,211.43,13.92,277.46,229.2,0.8413,0.8413,3.1737,14.9795,0.0,0.7562
1342,405,125.92,0.25,162.7,127.18,0.5312,0.2656,6.7976,5.6437,0.0,0.1766
1342,398,14.05,14.91,78.37,179.87,0.5718,0.5718,4.5519,19.1332,0.0,0.4048
1343,362,213.32,13.77,277.73,225.95,0.8145,0.8145,3.235,14.7244,0.0,0.7258
1343,405,124.84,0.17,161.43,127.55,0.585,0.2925,6.773,5.7735,0.0,0.1945
1343,398,14.16,15.15,80.04,183.12,0.4358,0.4358,4.4447,19.1361,21.1685,0.305
1344,362,214.04,13.07,277.9,225.18,0.8237,0.8237,3.2501,14.6814,0.0,0.7324
1344,405,123.91,0.18,160.65,129.96,0.6372,0.3186,6.6063,5.7564,15.4127,0.208
1344,398,14.9,15.43,79.8,179.96,0.6362,0.6362,4.5445,18.9951,0.0,0.4512
1345,362,214.25,12.36,277.54,224.29,0.8003,0.8003,3.2667,14.5824,0.0,0.7099
1345,405,121.38,0.05,157.63,128.56,0.5059,0.253,6.7078,6.1951,151.9408,0.0838
1345,398,8.31,14.23,87.21,219.44,0.4446,0.4446,3.5208,20.8728,25.8631,0.3595
1345,290,258.68,9.94,298.85,145.77,0.4436,0.4436,5.8286,13.8965,163.5769,0.1435
1346,362,216.44,10.53,280.25,223.17,0.7407,0.7407,3.2921,14.6793,0.0,0.6544
1346,405,121.29,0.05,156.86,127.14,0.6909,0.3454,6.8094,6.326,165.5027,0.1144
1346,398,6.99,15.52,88.96,233.65,0.6353,0.6353,3.2473,21.7869,27.72,0.5326
1347,362,217.82,10.6,283.42,227.47,0.7559,0.7559,3.2152,15.3149,0.0,0.6749
1347,405,119.02,0.1,155.0,128.2,0.6724,0.3362,6.7377,6.5442,0.0,0.2234
1347,398,5.57,16.09,88.38,240.44,0.604,0.604,3.1326,22.3684,29.2296,0.5123
1348,362,218.28,10.1,283.11,221.16,0.7642,0.7642,3.3351,14.6873,152.9683,0.4161
1348,405,118.28,0.16,154.01,126.99,0.4187,0.2094,6.8258,6.7193,0.0,0.1391
1348,398,5.32,14.9,87.9,243.06,0.4902,0.4902,3.0902,22.5944,0.0,0.4391
1349,362,218.28,10.21,282.65,218.21,0.7754,0.7754,3.3933,14.3761,0.0,0.6749
1349,405,116.4,0.14,153.5,128.49,0.6309,0.3155,6.7213,6.8051,18.3157,0.2042
1349,398,6.09,15.41,87.32,243.99,0.6226,0.6226,3.0748,22.6531,0.0,0.5589
1350,362,218.78,10.37,283.01,217.17,0.8003,0.8003,3.4152,14.3151,0.0,0.6944
1350,405,112.98,0.04,151.21,128.88,0.79,0.395,6.6999,7.1712,0.0,0.2623
1350,398,7.17,15.89,86.8,243.51,0.6836,0.6836,3.0818,22.5905,0.0,0.6131
1351,362,218.88,10.07,282.97,216.37,0.7583,0.7583,3.4317,14.2407,0.0,0.6563
1351,405,111.4,0.1,150.73,129.33,0.6733,0.3367,6.6708,7.2916,0.0,0.2235
1351,398,8.52,16.35,86.26,241.22,0.71,0.71,3.1184,22.3837,0.0,0.6336
1352,362,220.33,10.07,285.03,215.85,0.8237,0.8237,3.4456,14.3579,0.0,0.7113
1352,405,110.3,0.07,150.53,129.33,0.7559,0.378,6.6722,7.3795,0.0,0.2509
1352,398,9.33,16.8,86.19,242.35,0.7471,0.7471,3.0986,22.4295,0.0,0.6686
1353,362,222.89,9.99,287.82,216.26,0.8394,0.8394,3.4421,14.6542,0.0,0.7249
1353,405,108.58,0.11,149.73,129.44,0.8262,0.4131,6.6674,7.5459,0.0,0.2742
1353,398,10.03,17.16,85.97,243.29,0.7695,0.7695,3.0825,22.475,0.0,0.6903
1354,362,221.84,10.72,287.82,219.08,0.7754,0.7754,3.3837,14.8689,0.0,0.6754
1354,405,107.32,0.13,149.13,128.79,0.7422,0.3711,6.7146,7.6973,0.0,0.2463
1354,398,10.46,17.01,85.4,242.87,0.4648,0.4648,3.0896,22.4509,0.0,0.4165
1355,362,223.32,10.63,288.83,217.75,0.8184,0.8184,3.4129,14.8625,0.0,0.7097
1355,405,106.82,0.13,149.5,128.89,0.7871,0.3936,6.7078,7.7021,0.0,0.2612
1355,398,7.97,17.14,80.66,242.2,0.4055,0.4055,3.111,22.7584,0.0,0.3619
1356,362,225.24,10.61,290.02,216.72,0.8306,0.8306,3.437,14.9182,0.0,0.7175
1356,405,105.9,0.23,149.44,129.49,0.363,0.1815,6.6673,7.7454,0.0,0.1204
1356,398,8.31,17.74,79.3,242.2,0.6768,0.6768,3.1125,22.8088,0.0,0.6039
1357,362,226.75,10.6,291.09,216.73,0.8701,0.8701,3.4393,15.0456,0.0,0.7512
1357,405,103.81,0.17,147.72,129.45,0.6226,0.3113,6.6745,8.0057,0.0,0.2065
1357,398,11.36,17.59,82.2,243.02,0.6533,0.6533,3.0904,22.5748,0.0,0.5852
1358,362,227.74,10.24,291.72,217.14,0.8413,0.8413,3.4325,15.1625,0.0,0.7269
1358,405,101.02,0.24,145.36,130.09,0.5234,0.2617,6.6367,8.3341,0.0,0.1735
1358,398,15.83,18.27,78.66,216.31,0.6436,0.6436,3.588,20.7381,154.4983,0.3218
1359,362,229.03,9.92,292.45,216.48,0.8726,0.8726,3.4481,15.2032,0.0,0.7521
1359,405,98.63,0.13,143.39,129.55,0.5991,0.2995,6.6793,8.6493,0.0,0.1986
1359,398,16.59,18.82,75.55,205.71,0.5649,0.5649,3.8311,20.2713,156.071,0.2647
1360,362,229.68,9.53,292.86,216.34,0.8657,0.8657,3.452,15.2435,0.0,0.7457
1360,405,97.03,0.09,142.52,129.95,0.5547,0.2773,6.655,8.8047,0.0,0.1838
1360,398,14.87,18.42,78.61,223.96,0.4417,0.4417,3.4329,21.2681,26.3933,0.3614
1361,362,230.35,9.2,293.25,216.5,0.8228,0.8228,3.4498,15.3106,0.0,0.7089
1361,405,96.22,0.03,141.85,129.18,0.6113,0.3056,6.7102,8.9305,0.0,0.2025
1361,398,21.42,19.27,73.39,183.12,0.5806,0.5806,4.4436,19.0987,158.9449,0.226
1362,362,230.92,8.53,293.38,214.72,0.7939,0.7939,3.4877,15.1894,0.0,0.6801
1362,405,92.86,0.05,137.14,126.98,0.5728,0.2864,6.878,9.5528,154.5504,0.0941
1362,398,24.99,19.63,71.6,163.94,0.396,0.396,5.122,18.4504,161.4745,0.1252
1362,428,96.26,0.04,113.15,16.56,0.3416,0.1708,10.0,90.0,0.0,0.0
1363,362,232.27,7.82,294.45,213.13,0.8574,0.8574,3.5239,15.1758,0.0,0.7304
1363,405,89.64,0.06,133.5,128.22,0.3721,0.186,6.7989,9.9757,0.0,0.1231
1363,398,26.91,19.43,73.49,159.74,0.5796,0.5796,5.2891,18.1328,159.8661,0.1836
1364,362,232.87,7.47,294.32,210.14,0.8145,0.8145,3.5895,14.9484,0.0,0.687
1364,398,27.92,17.38,75.27,157.36,0.2006,0.2006,5.3873,17.9183,159.037,0.0636
1365,362,232.73,6.97,293.81,207.26,0.7251,0.7251,3.6535,14.6772,0.0,0.6057
1365,398,27.8,18.14,75.22,155.1,0.2893,0.2893,5.49,17.9015,162.7698,0.0918
1365,434,125.92,32.28,146.78,51.8,0.3667,0.3667,27.8949,14.3324,0.0,0.2407
1366,362,233.43,6.71,294.68,207.82,0.8271,0.8271,3.6425,14.8066,0.0,0.692
1366,398,29.21,18.42,77.01,153.69,0.2351,0.2351,5.5487,17.6791,0.0,0.153
1366,437,202.18,8.73,242.37,142.71,0.3804,0.3804,5.8392,6.047,0.0,0.2529
1367,362,233.83,6.25,294.81,206.95,0.8203,0.8203,3.6629,14.7648,0.0,0.6841
1367,437,197.66,9.78,238.09,143.92,0.7334,0.7334,5.7675,5.4191,0.0,0.4878
1368,362,234.99,5.62,294.36,201.81,0.8638,0.8638,3.7849,14.402,155.8126,0.4188
1368,437,196.32,9.47,237.36,144.76,0.5708,0.5708,5.7218,5.2729,0.0,0.3797
1369,362,234.6,5.03,293.63,200.48,0.8086,0.8086,3.8162,14.2391,0.0,0.6584
1369,437,195.79,9.93,237.06,144.89,0.79,0.79,5.7144,5.2143,0.0,0.5256
1370,362,233.89,4.54,292.77,199.85,0.8726,0.4363,3.83,14.1038,0.0,0.3545
1370,437,194.88,9.94,236.65,145.1,0.7793,0.7793,5.7026,5.1212,0.0,0.5185
1371,362,233.03,4.56,291.89,200.23,0.8691,0.4345,3.8186,14.0352,0.0,0.3538
1371,437,189.23,10.15,232.06,145.05,0.7129,0.7129,5.6986,4.3917,0.0,0.4746
1372,362,232.47,4.02,291.4,199.49,0.8574,0.4287,3.8358,13.9203,0.0,0.3481
1372,437,188.69,9.9,232.59,145.11,0.6626,0.6626,5.6955,4.3913,0.0,0.4411
1373,362,228.66,3.65,288.08,198.69,0.8828,0.4414,3.848,13.461,0.0,0.358
1373,437,186.73,9.32,231.64,145.31,0.5737,0.5737,5.6834,4.185,0.0,0.382
1373,434,125.07,32.29,146.63,52.38,0.363,0.363,27.2821,14.2909,4.8307,0.2378
1374,362,229.65,3.34,288.32,196.01,0.8423,0.4212,3.9177,13.3258,0.0,0.3378
1374,437,187.15,8.89,233.14,144.89,0.4814,0.4814,5.7063,4.3196,0.0,0.3205
1374,398,48.26,16.24,95.72,148.78,0.6909,0.6909,5.709,15.1518,121.3918,0.2223
1375,362,229.14,3.33,287.08,193.64,0.8193,0.4097,3.978,13.0508,0.0,0.3254
1375,437,184.83,8.4,231.58,145.1,0.603,0.603,5.6932,4.0439,0.0,0.4015
1375,398,50.47,16.06,97.77,147.33,0.4446,0.4446,5.7745,14.8595,0.0,0.2914
1376,362,224.62,2.87,283.65,192.9,0.7441,0.372,3.9892,12.5405,0.0,0.2952
1376,437,182.83,6.91,230.36,145.18,0.4272,0.4272,5.6874,3.8146,0.0,0.2845
1377,437,181.88,5.93,229.82,145.01,0.3252,0.3252,5.6954,3.7073,0.0,0.2166
1377,290,246.51,4.04,281.1,113.23,0.502,0.251,8.107,12.6041,0.0,0.1653
1378,437,180.93,6.16,229.02,145.31,0.5098,0.5098,5.679,3.5843,0.0,0.3395
1378,398,58.85,12.13,109.0,148.12,0.4717,0.4717,5.6978,13.542,62.7145,0.2249
1378,362,221.83,2.79,281.17,192.69,0.7754,0.3877,3.9894,12.2248,0.0,0.3078
1379,437,178.42,5.8,226.68,145.05,0.3496,0.3496,5.6903,3.2361,0.0,0.2329
1379,398,50.89,11.76,118.27,200.38,0.604,0.604,3.8459,15.5143,23.8849,0.471
1379,362,220.18,3.05,279.92,192.85,0.8003,0.4002,3.9822,12.0735,0.0,0.3181
1380,437,179.46,4.86,227.26,144.76,0.3174,0.1587,5.7061,3.3502,0.0,0.1057
1380,398,50.33,10.55,122.25,216.67,0.2949,0.2949,3.4724,16.5421,26.0961,0.2426
1380,362,220.21,3.35,280.0,192.92,0.8296,0.4148,3.9805,12.0852,0.0,0.3299
1381,437,178.11,4.47,225.61,144.65,0.3904,0.1952,5.7105,3.1353,0.0,0.13
1381,362,219.64,3.38,279.57,193.33,0.6245,0.3123,3.9686,12.0615,0.0,0.2488
1381,434,125.42,32.35,146.64,51.99,0.4243,0.4243,27.6923,14.3278,176.0678,0.137
1382,437,177.48,4.45,224.81,144.6,0.7231,0.3615,5.7125,3.0328,0.0,0.2409
1382,362,219.59,3.51,279.48,193.13,0.7515,0.3757,3.9737,12.0378,0.0,0.2992
1382,434,126.07,32.35,147.2,52.06,0.459,0.459,27.6132,14.2843,0.0,0.3013
1382,398,54.68,9.97,126.09,221.42,0.6514,0.6514,3.3671,16.5211,31.8305,0.5345
1383,437,177.9,4.71,224.87,144.77,0.7456,0.3728,5.7038,3.0679,0.0,0.2484
1383,362,219.06,3.48,279.09,193.07,0.8052,0.4026,3.9745,11.9815,0.0,0.3205
1383,398,56.38,4.35,126.33,218.86,0.3115,0.1557,3.4161,16.204,0.0,0.1347
1384,437,178.12,4.87,224.73,144.83,0.4746,0.2373,5.7007,3.074,0.0,0.1581
1384,362,218.84,3.39,279.01,193.25,0.7271,0.3635,3.9694,11.979,0.0,0.2897
1384,398,59.6,7.41,126.8,217.48,0.5815,0.5815,3.4402,15.8992,0.0,0.5012
1385,437,175.79,5.48,222.52,144.3,0.2822,0.2822,5.7266,2.7471,0.0,0.188
1385,362,220.17,2.72,279.85,192.77,0.6816,0.3408,3.9843,12.0628,0.0,0.2708
1385,453,183.03,5.17,204.53,32.41,0.4688,0.4688,108.8597,15.728,0.0,0.3067
1385,434,125.78,32.12,147.51,52.27,0.5796,0.5796,27.3913,14.2582,3.552,0.3801
1386,362,219.07,3.13,278.84,192.69,0.7686,0.3843,3.9844,11.9379,0.0,0.3055
1386,453,184.25,5.15,205.91,32.48,0.3943,0.3943,107.7498,15.741,17.1187,0.2521
1387,362,218.67,2.64,278.84,192.77,0.5859,0.2929,3.9819,11.9218,0.0,0.233
1387,453,182.84,4.95,204.7,32.52,0.218,0.109,107.1073,15.7134,27.9229,0.0671
1388,362,218.25,3.03,278.6,192.9,0.7227,0.3614,3.9777,11.8952,0.0,0.2876
1388,453,181.8,4.67,204.01,32.79,0.2295,0.1148,103.0284,15.664,3.2647,0.075
1389,362,218.87,3.0,278.69,191.37,0.3486,0.1743,4.0197,11.8144,0.0,0.1378
1389,398,73.81,5.61,140.5,211.87,0.355,0.355,3.5301,14.0022,121.5627,0.1844
1389,434,125.61,32.25,146.92,51.87,0.4922,0.4922,27.8197,14.3288,175.2233,0.159
1390,434,125.81,32.27,147.01,51.82,0.2466,0.2466,27.8727,14.3265,0.0,0.1618
1391,434,125.5,32.24,147.13,52.14,0.5508,0.5508,27.5306,14.2931,3.7255,0.3611
1391,362,218.58,3.52,278.86,192.79,0.5757,0.2878,3.9812,11.9195,0.0,0.2289
1392,434,125.34,32.25,147.04,52.11,0.2886,0.2886,27.5633,14.304,0.0,0.1894
1392,362,217.48,3.28,277.75,192.97,0.5342,0.2671,3.9743,11.8105,0.0,0.2127
1393,362,217.33,3.19,277.31,193.22,0.6309,0.3155,3.9671,11.7979,0.0,0.2515
1394,362,215.8,3.35,275.48,193.41,0.75,0.375,3.9589,11.6278,0.0,0.2995
1395,362,215.07,2.77,274.61,193.76,0.7515,0.3757,3.9481,11.5693,0.0,0.3007
1396,362,216.7,2.55,275.38,193.42,0.6372,0.3186,3.9593,11.6727,0.0,0.2544
1397,362,217.45,3.03,275.2,193.11,0.6494,0.3247,3.9681,11.6787,0.0,0.2589
1398,362,218.19,2.94,275.27,192.99,0.7319,0.3659,3.9721,11.7137,0.0,0.2916
1398,464,194.8,5.34,236.98,63.14,0.3611,0.3611,19.2688,12.4936,0.0,0.2379
1398,398,95.95,9.66,162.7,208.23,0.5601,0.5601,3.5744,11.5804,102.1787,0.2894
1399,362,218.04,3.94,274.44,192.95,0.8228,0.4114,3.9722,11.6562,0.0,0.3278
1399,398,91.84,9.06,159.13,207.56,0.5107,0.5107,3.5947,11.8449,0.0,0.4325
1400,362,217.11,4.13,273.34,192.93,0.7808,0.3904,3.9709,11.5424,0.0,0.3112
1400,398,98.56,8.55,151.38,155.1,0.6807,0.6807,5.2546,8.0037,162.0641,0.2247
1401,362,216.4,3.74,272.75,193.02,0.7129,0.3564,3.9673,11.4784,0.0,0.2843
1401,398,97.19,8.44,162.78,188.84,0.6636,0.6636,4.0574,9.5501,22.8541,0.5054
1401,464,197.73,5.11,240.69,64.08,0.5469,0.5469,18.7992,12.5693,19.2516,0.35
1402,362,215.89,3.77,272.23,192.96,0.7334,0.3667,3.968,11.4169,0.0,0.2925
1402,398,99.65,8.26,163.72,183.48,0.5527,0.5527,4.2097,8.882,156.78,0.2403
1403,362,216.77,4.16,272.86,192.94,0.8442,0.4221,3.9699,11.4981,0.0,0.3366
1403,398,99.64,7.4,167.61,192.73,0.7671,0.7671,3.9463,9.5638,23.6112,0.5942
1404,362,218.73,4.4,274.28,193.12,0.8555,0.4278,3.9682,11.6994,0.0,0.3411
1404,398,103.79,7.09,171.15,189.49,0.7114,0.7114,4.0293,8.8653,0.0,0.5635
1405,362,226.78,4.25,268.64,139.72,0.6152,0.3076,6.0614,9.644,164.3278,0.1011
1405,398,109.28,5.98,161.99,143.43,0.458,0.458,5.804,6.3411,163.6743,0.1517
1406,362,220.06,4.66,273.39,178.76,0.8315,0.4158,4.3873,10.6716,21.1864,0.2994
1406,398,108.65,5.27,175.35,179.28,0.8691,0.8691,4.3247,7.3997,21.6698,0.6348
1406,471,64.06,0.13,99.51,112.35,0.4243,0.2122,8.2609,14.491,0.0,0.1392
1406,474,201.36,4.16,242.34,145.69,0.541,0.2705,5.6812,5.9887,0.0,0.1798
1407,362,217.24,4.51,273.43,188.62,0.8867,0.4434,4.0892,11.2086,22.6546,0.3352
1407,398,110.59,4.89,180.59,187.44,0.8403,0.4202,4.0775,7.9022,24.2408,0.3181
1407,474,201.18,4.72,241.75,145.58,0.6069,0.3034,5.6862,5.9335,0.0,0.2018
1408,362,216.43,4.61,273.61,192.69,0.8574,0.4287,3.9769,11.5,23.1526,0.3299
1408,398,112.33,4.56,184.03,190.5,0.6978,0.3489,3.99,8.0328,0.0,0.2784
1408,474,202.33,5.04,242.52,145.43,0.7456,0.7456,5.6955,6.0689,0.0,0.4957
1409,362,218.28,4.38,275.19,193.95,0.8545,0.4273,3.9466,11.7929,0.0,0.3418
1409,398,113.55,4.25,182.46,181.58,0.563,0.2815,4.2472,7.047,158.1851,0.1214
1409,474,204.06,5.87,242.26,140.0,0.8076,0.8076,5.991,6.196,164.0796,0.2676
1410,362,218.06,4.84,274.55,194.17,0.8037,0.4018,3.94,11.7638,0.0,0.3219
1410,398,122.42,3.82,180.23,146.86,0.7056,0.3528,5.6038,4.1283,163.0156,0.1173
1410,474,204.64,6.25,242.12,138.35,0.6982,0.6982,6.0865,6.2529,0.0,0.4641
1411,362,219.2,4.46,275.11,193.81,0.8159,0.4079,3.9511,11.8277,0.0,0.3261
1411,398,121.01,3.63,181.29,152.04,0.3701,0.185,5.3537,4.2899,17.6419,0.1203
1411,474,205.26,6.28,242.42,137.74,0.4436,0.4436,6.1231,6.3292,0.0,0.2948
1412,362,218.74,4.5,274.38,193.97,0.5601,0.2801,3.9458,11.7753,0.0,0.2241
1412,398,125.73,3.0,177.33,125.27,0.5234,0.2617,6.9269,4.8786,166.2029,0.0869
1412,474,205.8,7.2,242.16,136.02,0.5098,0.5098,6.2266,6.3878,164.712,0.1689
1413,362,219.01,4.88,274.21,193.97,0.7925,0.3962,3.9459,11.7808,0.0,0.3171
1413,398,126.6,2.68,175.27,115.0,0.2822,0.1411,7.7818,5.8714,167.6688,0.0468
1414,362,217.73,5.02,272.94,193.92,0.7583,0.7583,3.9448,11.6368,0.0,0.607
1414,398,127.49,2.99,176.08,113.1,0.5859,0.2929,7.9605,5.9829,166.7167,0.0971
1415,362,216.87,5.17,272.28,194.41,0.8086,0.8086,3.9305,11.5952,0.0,0.6489
1415,398,128.01,3.15,177.32,113.75,0.5332,0.2666,7.8968,5.8306,0.0,0.1773
1416,362,216.77,4.48,272.37,194.09,0.6968,0.3484,3.9389,11.5676,0.0,0.2792
1416,398,128.38,3.36,177.8,112.45,0.3667,0.1834,8.022,5.9295,167.3519,0.0608
1417,362,218.73,4.77,273.75,194.02,0.6816,0.3408,3.9438,11.7443,0.0,0.2728
1417,398,128.82,4.12,178.37,112.2,0.6733,0.3367,8.046,5.9105,0.0,0.2238
1417,471,63.18,0.07,98.68,112.71,0.3904,0.1952,8.229,14.5858,0.0,0.128
1418,362,219.67,5.25,274.1,193.77,0.7964,0.7964,3.9517,11.7946,0.0,0.6366
1418,398,128.96,4.2,178.88,111.93,0.3877,0.1938,8.0723,5.9108,0.0,0.1289
1419,362,219.83,4.78,274.05,193.46,0.7656,0.3828,3.96,11.7753,0.0,0.3056
1419,398,128.93,3.75,179.02,110.81,0.3914,0.1957,8.185,6.0302,168.2402,0.0649
1420,362,220.24,4.51,274.06,193.13,0.6636,0.3318,3.9691,11.7717,0.0,0.2645
1420,398,125.51,3.11,182.79,126.97,0.4045,0.2023,6.7991,4.4334,14.0385,0.1326
1421,362,219.72,4.5,273.43,193.26,0.7822,0.3911,3.9646,11.7186,0.0,0.312
1421,398,123.69,2.44,185.78,139.04,0.4026,0.2013,6.0212,3.6898,15.773,0.1315
1422,362,218.76,4.5,272.64,193.57,0.7559,0.378,3.9547,11.6477,0.0,0.302
1422,398,124.81,1.64,186.24,138.06,0.353,0.1765,6.0772,3.6095,0.0,0.1175
1423,362,217.98,4.77,272.03,193.58,0.8013,0.4007,3.9532,11.5723,0.0,0.3203
1423,398,119.67,0.5,191.16,164.12,0.6582,0.3291,4.8389,4.5494,19.3619,0.2199
1423,471,64.29,0.07,99.62,113.24,0.3345,0.1673,8.1712,14.4329,0.0,0.1097
1424,362,219.16,4.69,272.93,193.47,0.7471,0.3735,3.958,11.6773,0.0,0.2984
1424,398,119.61,0.16,192.72,172.22,0.6724,0.3362,4.5431,5.2859,20.5674,0.237
1425,362,218.82,4.85,272.57,193.42,0.8423,0.4212,3.9587,11.6347,0.0,0.3364
1425,398,120.76,0.03,191.97,172.36,0.6104,0.3052,4.5381,5.2828,0.0,0.2218
1426,362,218.2,4.53,272.2,193.39,0.7886,0.3943,3.9586,11.5778,0.0,0.3149
1426,398,124.52,0.0,192.26,166.42,0.7886,0.3943,4.7493,4.4596,159.1739,0.1442
1426,471,64.25,0.26,99.25,114.49,0.4016,0.2008,8.0503,14.4099,12.2296,0.1302
1427,362,218.94,4.32,272.94,193.36,0.7114,0.3557,3.9608,11.6567,0.0,0.284
1427,398,125.7,0.05,191.11,163.83,0.6548,0.3274,4.8478,4.1998,0.0,0.2246
1427,471,66.23,0.19,99.9,113.42,0.3784,0.1892,8.148,14.283,160.6872,0.0611
1428,362,218.13,4.34,272.46,193.16,0.6582,0.3291,3.9649,11.5691,0.0,0.2626
1428,398,126.5,0.02,190.51,162.21,0.7544,0.3772,4.9112,4.0361,0.0,0.2556
1428,471,67.76,0.21,100.41,113.28,0.6343,0.3171,8.1569,14.1577,0.0,0.2082
1429,362,221.93,4.06,276.9,192.89,0.2161,0.108,3.9799,12.0053,0.0,0.0859
1429,398,126.71,0.02,188.86,159.86,0.5459,0.273,5.0065,3.911,0.0,0.1818
1429,471,68.52,0.13,100.39,112.9,0.2727,0.1363,8.1927,14.1259,0.0,0.0895
1430,362,219.06,3.96,274.16,192.59,0.561,0.2805,3.9826,11.6679,0.0,0.2231
1430,398,126.38,0.21,187.3,159.91,0.3201,0.16,5.0052,4.0256,0.0,0.1066
1431,362,217.45,4.48,272.13,192.94,0.6768,0.3384,3.9698,11.4953,0.0,0.2698
1431,398,127.13,0.39,187.47,160.8,0.4131,0.2066,4.9686,4.0459,0.0,0.1384
1431,471,69.36,0.19,100.95,113.84,0.2751,0.1376,8.0969,13.9971,0.0,0.0903
1432,362,218.1,4.59,271.97,193.07,0.7349,0.3674,3.9668,11.5331,0.0,0.2931
1432,398,130.98,0.27,190.21,160.54,0.5107,0.2554,4.9767,3.6541,0.0,0.1709
1433,362,219.49,4.54,272.82,192.28,0.6714,0.3357,3.99,11.5921,0.0,0.2667
1433,398,136.12,0.14,187.0,139.69,0.5938,0.2969,5.978,2.7155,164.0984,0.0989
1433,471,69.99,0.1,101.21,113.92,0.4417,0.2208,8.087,13.9365,0.0,0.1451
1434,362,220.29,4.61,273.25,192.25,0.7725,0.3862,3.992,11.6582,0.0,0.3068
1434,398,137.74,0.2,192.34,152.09,0.3337,0.1668,5.3402,2.4392,18.2429,0.1084
1434,491,141.79,0.04,176.41,32.61,0.3523,0.1762,105.7908,15.8471,0.0,0.1152
1434,471,72.87,0.33,105.05,114.59,0.4272,0.2136,8.0069,13.4754,40.62,0.1233
1435,362,220.21,4.36,272.86,191.59,0.6738,0.3369,4.0094,11.5789,0.0,0.2668
1435,491,143.19,0.04,177.37,32.2,0.3381,0.1691,112.4335,15.8726,177.2577,0.0542
1435,471,73.61,0.45,106.28,114.54,0.4475,0.2238,8.0073,13.3503,0.0,0.1472
1435,494,272.39,14.15,303.32,63.34,0.4551,0.4551,19.7523,18.6405,0.0,0.2954
1436,362,220.69,4.26,273.12,191.53,0.7217,0.3609,4.0117,11.6156,0.0,0.2857
1436,494,275.12,14.3,306.11,63.46,0.2698,0.2698,19.7217,18.917,76.5479,0.106
1436,398,142.93,0.28,199.02,156.2,0.3757,0.1878,5.1536,2.1767,29.8348,0.1169
1437,362,220.67,4.13,273.42,192.35,0.7334,0.3667,3.9898,11.697,0.0,0.2913
1437,494,278.19,14.29,309.6,63.93,0.283,0.283,19.5141,19.2239,36.1847,0.1652
1437,497,276.53,13.89,317.36,151.65,0.4253,0.4253,5.6036,16.3586,0.0,0.2778
1437,398,141.55,0.33,197.25,158.0,0.332,0.166,5.0772,2.5184,0.0,0.1106
1437,471,75.93,0.24,110.09,115.45,0.3303,0.1651,7.9078,12.9154,32.6401,0.1
1438,362,220.76,4.18,273.25,191.45,0.6621,0.3311,4.0141,11.6204,0.0,0.262
1438,497,275.75,14.24,316.93,152.69,0.4331,0.4331,5.5513,16.2884,0.0,0.2829
1438,398,141.64,0.17,196.52,159.39,0.6968,0.3484,5.0194,2.706,0.0,0.2321
1438,471,73.38,0.28,108.56,119.29,0.5859,0.2929,7.5718,13.0299,14.6662,0.1896
1439,362,221.75,4.01,273.34,188.5,0.2893,0.1447,4.0969,11.4526,0.0,0.1129
1439,497,278.85,14.33,319.54,151.07,0.4785,0.4785,5.6411,16.6501,0.0,0.3123
1439,398,145.46,0.14,192.94,138.99,0.4893,0.2447,6.0134,1.708,164.2129,0.0815
1439,471,74.78,0.11,110.11,116.24,0.4534,0.2267,7.8369,12.9556,166.1026,0.0736
1440,362,219.56,3.76,272.0,191.32,0.7847,0.3923,4.0153,11.4727,0.0,0.3105
1440,497,279.69,14.05,321.05,153.08,0.4941,0.4941,5.5495,16.8222,0.0,0.3224
1440,398,146.39,0.17,194.27,142.61,0.6416,0.3208,5.8113,1.4017,17.0022,0.2092
1440,471,74.63,0.23,110.33,115.12,0.3794,0.1897,7.9411,12.998,167.8659,0.0616
1440,494,284.99,14.14,317.64,65.21,0.2583,0.2583,18.9596,19.9159,31.5807,0.1543
1441,362,225.29,3.76,268.66,155.17,0.5293,0.2646,5.2774,9.6517,162.1425,0.087
1441,497,277.97,13.96,319.71,152.73,0.8359,0.8359,5.5597,16.6179,0.0,0.5456
1441,398,151.9,0.18,196.08,129.58,0.5786,0.2893,6.6018,2.2407,165.0072,0.0964
1441,471,78.59,0.18,116.05,116.47,0.3293,0.1646,7.7956,12.3124,34.4936,0.0989
1442,362,222.25,3.67,272.69,180.97,0.7544,0.3772,4.3194,10.9069,21.5312,0.2747
1442,497,278.5,13.73,320.79,152.38,0.6748,0.6748,5.5797,16.7203,0.0,0.4404
1442,398,151.55,0.13,195.0,128.38,0.7671,0.3836,6.685,2.439,0.0,0.2556
1442,471,75.74,0.25,114.6,119.24,0.3647,0.1824,7.5588,12.4803,16.4671,0.1176
1443,362,221.51,3.37,273.55,187.63,0.7163,0.3582,4.1215,11.3853,22.4514,0.2693
1443,497,286.21,13.26,322.96,131.79,0.5498,0.5498,6.7804,17.4081,165.7945,0.1749
1443,398,153.99,0.11,197.56,127.54,0.582,0.291,6.7436,2.4372,0.0,0.1939
1443,471,76.21,0.28,116.12,119.04,0.6021,0.301,7.5721,12.3574,0.0,0.1984
1444,362,221.19,3.34,273.72,190.62,0.7808,0.3904,4.0377,11.6057,0.0,0.3077
1444,497,290.78,13.4,325.38,123.07,0.7744,0.7744,7.4499,18.0067,166.651,0.2455
1444,398,155.1,0.05,199.51,129.27,0.5737,0.2868,6.6224,2.1479,18.8923,0.186
1444,471,76.67,0.47,118.05,119.82,0.3694,0.1847,7.5006,12.1701,0.0,0.1217
1445,362,219.29,3.06,272.44,192.49,0.7568,0.3784,3.9839,11.577,0.0,0.301
1445,497,292.95,13.81,326.73,118.43,0.6426,0.6426,7.857,18.3377,167.3832,0.2033
1445,398,160.42,0.12,195.61,96.12,0.5371,0.2686,9.9748,6.8442,170.3255,0.0889
1445,471,77.64,0.27,120.9,120.89,0.8296,0.4148,7.4034,11.8774,23.1255,0.2625
1446,362,219.82,3.05,272.7,192.61,0.7251,0.3625,3.9814,11.6306,0.0,0.2885
1446,497,288.42,14.59,333.18,154.08,0.6406,0.6406,5.5477,18.1894,17.1496,0.4069
1446,398,162.07,0.09,194.34,83.38,0.6387,0.3194,12.2874,8.6371,172.1219,0.1052
1446,471,79.47,0.19,123.2,121.37,0.5195,0.2597,7.3562,11.5861,0.0,0.1714
1446,505,77.18,0.14,99.28,22.48,0.4727,0.2364,10.0,90.0,0.0,0.0
1447,362,220.17,3.04,272.84,193.26,0.7988,0.3994,3.9645,11.7108,0.0,0.3186
1447,497,287.62,15.7,336.12,167.59,0.2366,0.2366,4.9787,18.5481,19.1073,0.15
1447,398,164.45,0.03,197.05,78.45,0.6152,0.3076,13.4818,9.3242,171.9027,0.1012
1447,471,79.77,0.11,123.66,121.21,0.4551,0.2276,7.3679,11.542,0.0,0.1502
1447,494,297.36,16.37,331.75,68.98,0.4065,0.4065,17.4314,21.0992,21.5356,0.2525
1448,362,220.74,3.05,273.2,193.57,0.7988,0.3994,3.9571,11.7876,0.0,0.319
1448,497,289.47,16.9,337.9,169.67,0.2776,0.2776,4.9074,18.8268,0.0,0.1835
1448,471,79.32,0.08,122.67,120.2,0.5889,0.2944,7.4546,11.6765,0.0,0.1943
1448,494,298.6,17.18,332.38,67.21,0.2893,0.2893,18.2068,21.3091,174.2322,0.0898
1449,362,220.68,3.14,272.88,193.74,0.8052,0.4026,3.9522,11.7806,0.0,0.3218
1449,497,289.19,17.92,338.8,175.46,0.6699,0.6699,4.7006,19.0209,20.0828,0.4476
1449,471,78.73,0.07,121.89,120.55,0.4834,0.2417,7.4278,11.7531,0.0,0.1594
1450,362,220.07,3.18,272.23,193.49,0.7871,0.3936,3.9577,11.6906,0.0,0.3143
1450,497,291.47,19.12,340.63,177.32,0.7407,0.7407,4.6453,19.3322,0.0,0.5149
1450,508,156.56,0.0,207.55,139.51,0.6226,0.3113,5.9814,0.7086,0.0,0.2075
1451,362,220.91,3.29,272.76,193.18,0.8262,0.4131,3.9672,11.7408,0.0,0.3294
1451,497,292.67,20.3,341.3,178.06,0.6978,0.6978,4.6242,19.4708,0.0,0.4869
1451,508,156.23,0.0,208.18,142.23,0.6899,0.3449,5.8301,0.4058,16.281,0.2254
1452,362,219.75,3.61,271.84,193.41,0.834,0.417,3.9592,11.6449,0.0,0.333
1452,497,290.45,21.47,340.47,183.41,0.7808,0.7808,4.4455,19.4606,21.1892,0.5458
1452,508,156.65,0.22,208.73,142.91,0.4814,0.2407,5.7934,0.4165,0.0,0.1605
1452,471,81.13,0.23,124.26,121.79,0.4036,0.2018,7.3169,11.39,24.5498,0.1271
1453,362,220.8,3.37,272.79,193.2,0.8086,0.4043,3.9666,11.738,0.0,0.3224
1453,497,290.03,22.36,340.74,186.36,0.7832,0.7832,4.3549,19.5602,0.0,0.5744
1453,508,166.22,0.13,200.52,91.04,0.7402,0.3701,10.7892,7.571,171.0453,0.1223
1453,471,82.33,0.5,124.3,120.32,0.5708,0.2854,7.436,11.3659,165.7759,0.0933
1454,362,220.99,3.37,272.62,192.63,0.8003,0.4002,3.9819,11.6928,0.0,0.3183
1454,497,292.46,22.86,341.44,181.36,0.7139,0.7139,4.5161,19.5726,159.0346,0.2703
1454,471,84.28,0.31,124.82,116.95,0.3345,0.1673,7.7241,11.3514,166.5667,0.0547
1455,362,221.24,3.37,272.75,192.96,0.8125,0.4062,3.9734,11.7407,0.0,0.3236
1455,497,292.69,23.02,341.6,179.76,0.5391,0.5391,4.5686,19.544,0.0,0.3801
1456,362,220.72,3.37,272.11,193.25,0.791,0.3955,3.9646,11.7001,0.0,0.3155
1456,497,295.08,22.97,343.72,178.78,0.6162,0.6162,4.61,19.7912,0.0,0.4307
1456,508,171.6,0.0,200.64,73.32,0.6133,0.3066,14.9887,10.0757,173.4544,0.1006
1456,471,88.04,0.23,128.64,119.71,0.5679,0.2839,7.4697,10.731,19.8822,0.182
1457,362,221.15,3.18,272.35,192.79,0.8003,0.4002,3.9775,11.6997,0.0,0.3186
1457,497,300.17,22.68,346.19,166.19,0.5879,0.5879,5.082,19.9456,161.2432,0.1842
1457,508,171.36,0.0,201.56,72.68,0.3647,0.1824,15.1997,10.1686,172.7726,0.0598
1457,471,90.59,0.13,129.86,117.69,0.6021,0.301,7.6381,10.5794,162.4626,0.0986
1458,362,220.37,3.11,271.72,192.79,0.7686,0.3843,3.9761,11.6215,0.0,0.306
1458,497,299.7,22.31,348.68,175.34,0.6841,0.6841,4.7469,20.2831,20.0986,0.4511
1458,508,171.12,0.0,202.39,72.62,0.4648,0.2324,15.22,10.1807,0.0,0.1537
1458,471,91.19,0.28,130.58,120.22,0.3416,0.1708,7.4183,10.3741,13.1682,0.1114
1459,362,220.84,3.27,272.2,193.15,0.8086,0.4043,3.9674,11.7035,0.0,0.3224
1459,497,301.4,22.09,352.08,181.81,0.5107,0.5107,4.5413,20.7835,22.7191,0.3474
1459,508,171.0,0.0,203.24,73.02,0.3638,0.1819,15.0874,10.1302,8.7626,0.1196
1459,471,92.61,0.34,132.17,121.52,0.501,0.2505,7.3061,10.1181,18.6245,0.1613
1460,362,220.55,3.43,271.74,193.37,0.8086,0.4043,3.9609,11.6801,0.0,0.3228
1460,497,302.94,21.91,353.51,181.54,0.7363,0.7363,4.5562,20.9554,0.0,0.5182
1460,508,171.21,0.0,203.63,71.45,0.3015,0.1507,15.6221,10.3515,173.6807,0.0494
1460,471,93.84,0.23,133.77,123.12,0.2886,0.1443,7.1737,9.8621,16.8722,0.0934
1461,362,221.05,3.39,272.25,193.35,0.8296,0.4148,3.9623,11.7343,0.0,0.331
1461,497,306.31,22.46,351.53,163.28,0.6943,0.6943,5.2261,20.6115,161.9408,0.2166
1461,508,171.44,0.0,203.94,69.89,0.355,0.1775,16.191,10.5707,173.9203,0.0582
1461,471,93.61,0.28,134.17,125.74,0.5571,0.2786,6.9726,9.7472,13.7036,0.1817
1461,517,160.03,0.27,214.6,133.48,0.5098,0.2549,6.3451,1.8381,0.0,0.1699
1462,362,220.04,3.75,271.42,193.34,0.8101,0.4051,3.9609,11.6319,0.0,0.3234
1462,497,308.55,22.96,351.92,156.76,0.7363,0.7363,5.5159,20.6885,162.8172,0.2296
1462,471,94.07,0.17,135.17,127.86,0.7949,0.3975,6.8156,9.5739,14.5539,0.2589
1462,517,159.57,0.18,215.45,137.34,0.5449,0.2725,6.1085,1.4402,15.5752,0.1783
1463,362,220.87,3.89,272.13,193.23,0.8169,0.4084,3.9653,11.7078,0.0,0.3258
1463,497,306.35,23.5,356.09,179.26,0.6982,0.3491,4.6436,21.2516,20.3129,0.2342
1463,471,94.33,0.22,135.76,128.97,0.6655,0.3327,6.7358,9.4802,0.0,0.2203
1463,517,159.65,0.14,215.95,139.42,0.3081,0.154,5.9877,1.2978,16.0081,0.1007
1464,362,220.81,3.57,272.22,193.46,0.8052,0.4026,3.9592,11.7284,0.0,0.3215
1464,497,306.35,23.79,357.91,187.92,0.7124,0.3562,4.3747,21.6329,21.6592,0.2504
1464,471,94.39,0.06,136.14,129.92,0.6523,0.3261,6.6693,9.4212,0.0,0.216
1464,517,160.11,0.08,215.68,138.94,0.3191,0.1595,6.0152,1.3455,0.0,0.1064
1465,362,220.35,3.81,271.76,193.36,0.7778,0.3889,3.961,11.6694,0.0,0.3105
1465,497,306.21,24.25,359.38,197.43,0.6768,0.3384,4.1093,22.0686,22.7917,0.2487
1465,471,94.56,0.04,136.71,131.39,0.7271,0.3635,6.5686,9.329,14.7845,0.2368
1465,517,161.29,0.06,215.74,137.53,0.3701,0.185,6.0976,1.5343,0.0,0.1233
1465,508,172.86,0.0,204.48,65.37,0.502,0.251,18.092,11.2071,174.5105,0.0821
1466,362,219.77,3.81,271.43,193.5,0.8203,0.4102,3.9564,11.6309,0.0,0.3277
1466,497,306.06,25.05,359.97,204.59,0.6372,0.3186,3.9271,22.4014,23.6135,0.2411
1466,471,94.64,0.08,136.22,129.77,0.7305,0.3653,6.6791,9.4031,165.6787,0.1201
1466,517,161.97,0.2,215.3,136.38,0.4243,0.2122,6.1662,1.6522,0.0,0.1414
1466,508,172.52,0.0,205.09,65.24,0.395,0.1975,18.1532,11.2269,0.0,0.1304
1467,362,220.03,3.44,271.76,193.36,0.7598,0.3799,3.9607,11.6517,0.0,0.3033
1467,497,306.07,25.35,360.0,208.48,0.7231,0.3615,3.8337,22.5839,0.0,0.288
1467,471,93.98,0.1,136.28,132.67,0.6816,0.3408,6.4855,9.3658,14.8452,0.2219
1467,517,164.82,0.16,213.86,126.12,0.3711,0.1855,6.8476,2.8924,166.032,0.0618
1467,508,172.65,0.0,205.82,64.25,0.4688,0.2344,18.6322,11.3694,174.3162,0.0766
1468,362,219.21,3.58,270.95,193.3,0.8027,0.4013,3.9608,11.5571,0.0,0.3205
1468,497,306.35,26.09,359.72,210.41,0.7642,0.3821,3.7888,22.6767,0.0,0.3066
1468,471,93.73,0.07,135.72,132.08,0.7456,0.3728,6.5253,9.436,0.0,0.2469
1468,517,165.61,0.04,215.14,127.97,0.4177,0.2089,6.7152,2.7381,16.2422,0.1364
1468,508,172.68,0.0,207.21,64.92,0.2917,0.1459,18.3064,11.2894,7.8206,0.0958
1469,362,220.28,3.26,271.88,193.09,0.8076,0.4038,3.9682,11.6499,0.0,0.322
1469,497,306.32,27.55,359.64,215.12,0.7583,0.3791,3.6829,22.9061,24.8896,0.2976
1469,471,92.43,0.05,134.43,131.91,0.6196,0.3098,6.5402,9.618,0.0,0.2051
1469,517,165.15,0.1,214.58,128.43,0.4971,0.2485,6.6826,2.6432,0.0,0.1656
1470,362,219.48,3.23,271.21,193.1,0.7407,0.3704,3.9666,11.5697,0.0,0.2954
1470,497,306.68,28.01,359.18,215.73,0.6885,0.3443,3.6694,22.932,0.0,0.2815
1470,471,93.02,0.0,134.77,131.72,0.6582,0.3291,6.5515,9.559,0.0,0.2179
1470,517,166.69,0.08,215.66,128.21,0.2372,0.1186,6.6987,2.7738,0.0,0.079
1470,508,173.76,0.0,209.18,64.82,0.4243,0.2122,18.3562,11.3313,0.0,0.1401
1471,362,218.13,3.04,270.14,193.29,0.771,0.3855,3.9593,11.4528,0.0,0.3079
1471,497,306.1,30.81,358.2,219.66,0.7285,0.3643,3.5829,23.0545,0.0,0.302
1471,471,91.64,0.22,133.52,133.76,0.644,0.322,6.4222,9.6925,17.9461,0.2079
1471,517,166.16,0.02,215.24,127.93,0.3684,0.1842,6.7181,2.7684,0.0,0.1227
1471,508,172.28,0.0,209.14,64.48,0.3242,0.1621,18.5205,11.3632,167.0416,0.053
1472,362,218.06,2.96,270.06,193.26,0.7656,0.3828,3.96,11.4421,0.0,0.3057
1472,497,304.8,32.24,357.39,223.62,0.8369,0.4184,3.4983,23.1596,0.0,0.3515
1472,471,91.4,0.21,133.57,136.39,0.7227,0.3614,6.2581,9.6576,15.2497,0.235
1472,517,167.55,0.0,216.67,127.85,0.3015,0.1507,6.7245,2.8943,0.0,0.1004
1472,508,174.0,0.0,211.74,64.31,0.3032,0.1516,18.607,11.43,131.1732,0.0495
1473,362,217.88,2.85,269.82,193.25,0.7847,0.3923,3.9598,11.4183,0.0,0.3134
1473,497,303.57,33.22,356.3,225.84,0.7583,0.3791,3.4504,23.1629,0.0,0.3209
1473,471,91.39,0.3,133.05,137.37,0.54,0.27,6.1996,9.68,0.0,0.1787
1473,508,170.41,0.0,209.62,64.19,0.4377,0.2188,18.6628,11.3905,113.1496,0.0715
1474,362,217.51,3.18,269.49,193.25,0.8076,0.4038,3.9592,11.3801,0.0,0.3226
1474,497,303.12,33.57,355.82,226.75,0.8369,0.4184,3.4311,23.1666,0.0,0.3553
1474,471,91.6,0.33,133.08,139.14,0.2698,0.1349,6.0948,9.6425,15.5874,0.0876
1475,362,218.79,2.93,270.75,193.24,0.7778,0.3889,3.9618,11.5181,0.0,0.3105
1475,497,302.69,33.95,355.14,227.25,0.8135,0.4068,3.4195,23.1373,0.0,0.346
1475,471,90.97,0.39,132.69,142.85,0.3252,0.1626,5.8875,9.6907,16.3691,0.1054
1475,508,170.07,0.0,210.26,63.85,0.4922,0.2461,18.8336,11.4396,174.3636,0.0804
1476,362,218.15,3.3,270.13,193.33,0.7949,0.3975,3.9582,11.4567,0.0,0.3175
1476,497,302.22,34.16,354.43,227.51,0.8086,0.8086,3.4126,23.0902,0.0,0.6886
1476,471,88.46,0.5,130.79,145.24,0.4717,0.2359,5.7658,9.998,22.7134,0.1499
1476,508,173.01,0.0,213.27,63.96,0.3032,0.1516,18.782,11.4836,69.7894,0.067
1477,362,219.22,3.17,270.82,193.27,0.8184,0.4092,3.9614,11.5481,0.0,0.3267
1477,497,301.91,34.31,353.91,227.32,0.7671,0.7671,3.4148,23.035,0.0,0.6531
1477,471,88.39,0.46,130.44,145.75,0.5815,0.2908,5.7397,10.0287,0.0,0.1924
1477,517,171.75,0.0,219.01,125.18,0.6021,0.301,6.9205,3.4836,159.0073,0.1002
1478,362,218.52,3.02,270.33,193.25,0.8013,0.4007,3.9609,11.4811,0.0,0.3199
1478,497,301.25,34.52,353.14,226.59,0.7886,0.7886,3.4265,22.9157,0.0,0.6704
1478,471,87.34,0.35,129.23,145.8,0.5312,0.2656,5.7402,10.186,0.0,0.1757
1478,517,173.72,0.21,219.45,123.04,0.2255,0.1128,7.0845,3.8299,164.6958,0.0375
1478,508,175.76,0.0,216.32,64.55,0.5254,0.2627,18.4942,11.4756,25.5856,0.1648
1479,362,219.17,3.06,270.72,193.24,0.8218,0.4109,3.9621,11.5373,0.0,0.328
1479,497,299.62,34.67,352.0,226.5,0.8384,0.8384,3.4236,22.7632,0.0,0.7134
1479,471,86.01,0.4,127.95,145.77,0.7124,0.3562,5.7453,10.3672,0.0,0.2355
1479,517,175.16,0.17,219.94,122.01,0.5796,0.2898,7.1664,4.0308,0.0,0.193
1480,362,219.51,2.89,270.78,193.14,0.7925,0.3962,3.9651,11.551,0.0,0.3162
1480,497,298.3,34.99,351.17,226.3,0.7334,0.7334,3.424,22.6369,0.0,0.6242
1480,471,84.09,0.51,126.51,145.9,0.5273,0.2636,5.7433,10.6007,0.0,0.1743
1481,362,220.26,3.01,271.11,193.01,0.8159,0.4079,3.9696,11.5997,0.0,0.3252
1481,497,294.5,34.16,348.7,226.16,0.8062,0.8062,3.4164,22.2953,0.0,0.6876
1481,471,83.87,4.15,125.85,146.1,0.5728,0.2864,5.7342,10.6624,0.0,0.1893
1481,508,179.32,0.0,220.03,65.55,0.4609,0.2304,18.0252,11.4517,20.2338,0.1474
1482,362,220.27,2.97,270.95,193.24,0.7964,0.3982,3.9633,11.6104,0.0,0.3178
1482,497,292.64,35.12,347.75,226.24,0.8735,0.8735,3.4103,22.151,0.0,0.746
1482,471,82.7,2.18,125.89,146.12,0.6841,0.3421,5.7348,10.7407,0.0,0.226
1482,508,180.88,0.11,219.4,62.24,0.2247,0.1124,19.7026,11.9092,175.028,0.0366
1483,362,218.93,2.95,269.81,193.32,0.8286,0.4143,3.9589,11.481,0.0,0.3309
1483,497,289.4,36.4,345.89,226.02,0.8691,0.8691,3.4065,21.8664,0.0,0.7432
1483,471,82.44,1.54,126.22,145.93,0.5566,0.2783,5.7445,10.7352,0.0,0.1839
1483,508,182.1,0.09,220.17,61.44,0.3408,0.1704,20.1568,12.049,172.3243,0.0555
1484,362,218.73,3.6,269.63,193.45,0.8169,0.4084,3.9551,11.4711,0.0,0.3265
1484,497,284.65,37.06,343.64,226.08,0.8979,0.8979,3.3944,21.499,0.0,0.77
1484,471,82.0,1.01,126.36,145.82,0.6919,0.3459,5.7506,10.7556,0.0,0.2286
1484,508,183.0,0.09,222.58,63.28,0.385,0.1925,19.1507,11.864,6.9352,0.1265
1485,362,220.03,3.37,270.61,193.5,0.8193,0.4097,3.9559,11.6001,0.0,0.3273
1485,497,279.12,37.84,340.94,226.16,0.877,0.877,3.3803,21.0688,0.0,0.7545
1485,471,81.91,4.41,125.82,145.94,0.6992,0.3496,5.7453,10.7996,0.0,0.231
1485,508,184.41,0.09,220.68,56.42,0.3857,0.1928,23.5323,12.7626,175.8624,0.0627
1485,517,180.27,0.01,224.34,120.25,0.2539,0.127,7.3137,4.6653,147.1187,0.0422
1486,362,220.5,3.2,270.82,193.33,0.8145,0.4073,3.961,11.6234,0.0,0.3251
1486,497,272.58,37.93,337.77,226.99,0.8608,0.8608,3.3501,20.6145,0.0,0.7449
1486,471,81.2,1.79,126.14,145.86,0.7271,0.3635,5.75,10.8263,0.0,0.2402
1486,517,181.01,0.04,225.1,120.44,0.6416,0.3208,7.2988,4.7198,0.0,0.2135
1487,362,219.09,3.69,269.51,193.45,0.7988,0.3994,3.9553,11.4842,0.0,0.3192
1487,497,265.5,39.24,334.26,229.12,0.835,0.835,3.2951,20.2161,0.0,0.7293
1487,471,80.63,1.08,126.03,145.73,0.79,0.395,5.7578,10.8729,0.0,0.261
1487,517,181.53,0.0,225.45,119.38,0.4785,0.2392,7.3876,4.8715,0.0,0.1592
1487,508,184.35,0.0,222.42,58.11,0.2861,0.1431,22.2833,12.5688,4.9256,0.094
1488,362,220.54,3.78,270.93,193.4,0.8218,0.4109,3.9593,11.6374,0.0,0.3281
1488,497,265.77,41.76,335.42,229.34,0.833,0.833,3.293,20.3058,0.0,0.7277
1488,471,80.91,4.77,125.62,145.66,0.7939,0.397,5.7616,10.8817,0.0,0.2623
1488,517,181.94,0.02,225.69,119.18,0.5879,0.2939,7.4048,4.9241,0.0,0.1956
1489,362,221.81,3.53,272.05,193.1,0.8452,0.4226,3.9695,11.7449,0.0,0.3368
1489,497,256.35,43.53,329.81,234.23,0.8901,0.8901,3.1847,19.9174,39.2298,0.7242
1489,471,80.55,6.21,124.93,145.61,0.7202,0.7202,5.7657,10.9542,0.0,0.4758
1489,517,182.55,0.14,225.08,115.1,0.4893,0.2447,7.7655,5.3583,167.65,0.0812
1489,508,183.98,0.0,223.76,60.01,0.4197,0.2099,21.0246,12.3361,4.797,0.138
1490,362,221.95,4.27,272.06,193.36,0.8315,0.4158,3.9628,11.7743,0.0,0.3317
1490,497,251.5,44.53,328.08,238.15,0.9102,0.9102,3.1089,19.9128,0.0,0.8182
1490,471,78.75,3.17,124.87,149.51,0.7305,0.3653,5.5713,11.1072,17.6492,0.2355
1490,517,184.01,0.06,225.64,112.25,0.4187,0.2094,8.0389,5.7642,167.4266,0.0694
1490,508,184.23,0.0,225.08,61.49,0.353,0.1765,20.1378,12.1715,5.5259,0.1161
1491,362,222.19,3.71,272.42,193.46,0.8252,0.4126,3.9607,11.8157,0.0,0.3293
1491,497,248.29,45.34,327.13,240.23,0.8936,0.8936,3.0691,19.888,0.0,0.808
1491,471,78.22,7.99,123.46,152.21,0.5283,0.5283,5.4447,11.2731,18.7061,0.3395
1491,508,185.29,0.03,227.51,63.19,0.6372,0.3186,19.2081,12.0203,7.3869,0.2092
1492,362,222.15,3.5,272.29,193.31,0.791,0.3955,3.9645,11.7941,0.0,0.3155
1492,497,245.05,45.62,325.1,240.97,0.8843,0.8843,3.0507,19.7034,0.0,0.8021
1492,471,77.85,11.25,122.55,154.35,0.4321,0.4321,5.3477,11.395,0.0,0.2852
1492,508,185.63,0.09,227.92,62.99,0.4036,0.2018,19.3149,12.0624,169.4299,0.0658
1493,362,222.48,3.6,272.63,193.16,0.7544,0.3772,3.9691,11.8191,0.0,0.3006
1493,497,242.35,44.76,323.58,241.64,0.8452,0.8452,3.0348,19.5655,0.0,0.7687
1493,508,187.15,0.03,229.39,62.71,0.5659,0.2829,19.4695,12.1647,155.0105,0.0922
1494,362,221.19,3.46,271.38,193.19,0.8003,0.4002,3.9659,11.6808,0.0,0.3192
1494,497,239.77,44.22,321.25,241.75,0.8906,0.8906,3.0275,19.3493,0.0,0.8112
1494,508,187.56,0.06,230.44,64.01,0.5469,0.2735,18.7949,12.0301,6.0061,0.1798
1495,362,221.82,3.22,272.0,193.02,0.8027,0.4013,3.9716,11.7361,0.0,0.3198
1495,497,238.04,42.7,319.64,241.55,0.8564,0.8564,3.027,19.1789,0.0,0.7804
1495,517,188.85,0.0,229.96,110.47,0.3477,0.1739,8.2248,6.3735,151.2555,0.0576
1495,471,76.67,15.02,118.61,149.75,0.3167,0.3167,5.5719,11.6832,161.3781,0.1034
1496,362,221.58,3.59,271.6,192.96,0.8228,0.4114,3.9726,11.6957,0.0,0.3278
1496,497,235.84,40.16,317.42,241.34,0.8486,0.8486,3.0256,18.9592,0.0,0.7738
1496,517,189.42,0.0,230.04,109.41,0.6909,0.3454,8.3358,6.5171,168.03,0.1144
1496,471,73.38,12.3,118.31,157.41,0.2759,0.2759,5.2245,12.0483,18.7433,0.177
1497,362,221.24,3.45,270.75,192.56,0.7612,0.3806,3.9822,11.5971,0.0,0.3028
1497,497,235.31,41.13,315.7,241.31,0.8638,0.8638,3.0237,18.855,0.0,0.788
1497,517,188.66,0.0,230.07,112.96,0.3184,0.1592,7.9758,6.1086,12.0709,0.1047
1497,471,72.86,14.5,117.3,159.48,0.2316,0.2316,5.1383,12.1995,0.0,0.1527
1498,362,220.82,3.4,269.8,192.51,0.7471,0.3735,3.9823,11.5172,0.0,0.2972
1498,497,233.75,40.38,313.09,241.44,0.8159,0.8159,3.0172,18.6802,0.0,0.7453
1498,517,189.3,0.07,230.24,112.51,0.3594,0.1797,8.0204,6.1945,0.0,0.1195
1498,471,73.86,11.34,119.84,163.01,0.2227,0.2227,4.9886,12.0591,20.2539,0.1426
1498,525,125.71,32.28,147.27,51.61,0.3577,0.3577,28.1017,14.3475,0.0,0.2347
1499,362,221.74,3.47,271.71,193.51,0.332,0.166,3.9582,11.7556,0.0,0.1326
1499,497,232.02,40.84,311.55,246.08,0.4102,0.4102,2.9401,18.9744,0.0,0.3787
1499,471,72.85,10.15,118.75,164.86,0.4331,0.4331,4.9187,12.2579,0.0,0.2901
1500,362,217.61,3.32,267.44,193.99,0.6162,0.3081,3.9379,11.3376,0.0,0.247
1500,497,231.38,40.09,310.54,248.54,0.6592,0.6592,2.9006,19.1406,0.0,0.6118
1500,471,70.68,8.84,117.21,167.53,0.4446,0.4446,4.822,12.5957,0.0,0.3034
1501,362,222.16,3.35,273.26,194.44,0.7832,0.3916,3.9356,11.9406,0.0,0.3138
1501,497,227.82,33.74,309.04,254.39,0.4407,0.4407,2.8091,19.5072,0.0,0.4141
1501,508,191.67,0.13,226.37,51.38,0.5039,0.252,28.2693,13.6636,176.558,0.0816
1502,497,214.2,12.94,301.88,259.56,0.646,0.646,2.718,19.252,49.644,0.5393
1502,508,191.74,0.1,225.55,49.78,0.4707,0.2354,30.1755,13.8556,176.6679,0.0762
1503,497,210.8,26.52,293.63,260.22,0.7725,0.7725,2.6997,18.9169,0.0,0.738
1503,508,188.81,0.12,227.92,59.15,0.3867,0.1933,21.5925,12.6301,4.5019,0.1271
1503,362,221.95,3.38,272.9,195.07,0.3032,0.1516,3.9185,11.9612,0.0,0.1218
1504,497,201.37,8.68,290.08,259.77,0.8193,0.8193,2.6963,18.44,0.0,0.7838
1504,471,69.01,12.87,115.53,173.29,0.3647,0.3647,4.6192,13.0428,21.3495,0.2502
1505,497,193.17,2.17,283.55,258.71,0.8286,0.4143,2.7011,17.8669,0.0,0.3965
1505,471,67.62,11.1,114.43,172.23,0.3999,0.3999,4.6596,13.1593,0.0,0.2812
1506,497,187.2,0.0,278.85,258.21,0.8384,0.4192,2.7016,17.5043,0.0,0.4015
1507,497,186.15,0.71,276.18,256.14,0.8193,0.4097,2.7282,17.1567,0.0,0.3911
1507,471,64.92,10.99,112.54,174.34,0.5815,0.5815,4.593,13.5444,0.0,0.4138
1508,497,180.08,0.0,271.59,257.48,0.6875,0.3438,2.704,17.0421,0.0,0.3294
1508,471,65.03,14.28,111.85,173.59,0.3821,0.3821,4.6195,13.5501,0.0,0.2706
1508,362,223.53,3.92,268.5,167.72,0.3252,0.1626,4.7653,9.9648,160.2751,0.0585
1509,497,177.08,0.0,269.49,257.77,0.7305,0.3653,2.6975,16.9554,0.0,0.3503
1509,471,63.86,10.58,112.2,174.14,0.541,0.541,4.6018,13.626,0.0,0.3843
1509,362,230.08,3.96,274.21,169.28,0.2213,0.1106,4.7218,10.8392,0.0,0.0772
1510,497,182.31,40.23,262.77,257.29,0.499,0.499,2.7034,16.8618,0.0,0.4783
1510,471,62.38,9.21,110.85,172.3,0.3757,0.3757,4.6698,13.7339,0.0,0.2634
1511,497,177.42,12.61,268.24,256.8,0.6538,0.6538,2.7105,16.815,0.0,0.6261
1511,471,59.36,7.28,108.53,173.42,0.272,0.272,4.6385,14.1233,0.0,0.1917
1512,497,176.08,3.97,270.19,256.77,0.5908,0.2954,2.7112,16.8256,0.0,0.2829
1512,471,57.7,7.84,106.97,174.2,0.5547,0.5547,4.6164,14.3617,0.0,0.3924
1513,471,58.08,8.15,106.16,171.71,0.4282,0.4282,4.7041,14.2942,0.0,0.2979
1513,532,172.24,160.37,261.44,257.01,0.5244,0.5244,2.7024,16.5787,0.0,0.503
1513,362,223.2,3.41,272.81,189.73,0.6309,0.3155,4.0633,11.5992,22.9214,0.2392
1514,471,57.63,8.36,105.83,172.97,0.6289,0.6289,4.6609,14.3918,0.0,0.4411
1514,532,138.45,91.6,289.18,256.72,0.4824,0.4824,2.7041,16.423,0.0,0.4627
1514,362,222.35,3.52,272.58,192.63,0.7041,0.352,3.9831,11.7663,0.0,0.28
1514,497,168.61,1.15,261.42,255.74,0.4102,0.2051,2.7187,16.3457,0.0,0.1964
1515,471,60.69,8.34,106.76,161.21,0.6279,0.6279,5.101,13.7639,161.0878,0.2033
1515,362,221.84,3.39,272.33,192.94,0.5928,0.2964,3.9741,11.7491,0.0,0.2361
1515,497,171.54,45.42,248.04,256.33,0.397,0.397,2.7067,16.2288,0.0,0.3808
1516,471,57.62,8.33,106.24,169.26,0.6406,0.6406,4.7933,14.2327,20.2901,0.4249
1516,362,221.56,4.01,271.95,193.45,0.564,0.282,3.9599,11.754,0.0,0.2251
1516,497,165.48,26.65,246.1,256.42,0.4321,0.4321,2.7031,16.1132,0.0,0.4147
1517,471,60.39,10.07,109.83,173.54,0.5898,0.5898,4.6309,13.9777,23.3126,0.4004
1517,362,221.33,3.62,271.94,193.86,0.8159,0.4079,3.9488,11.7745,0.0,0.3263
1517,497,166.54,38.65,241.06,256.42,0.5146,0.5146,2.702,16.0565,0.0,0.4941
1518,471,58.12,8.81,107.62,174.36,0.3477,0.3477,4.6093,14.2992,0.0,0.2463
1518,362,221.31,3.31,272.07,194.05,0.8359,0.4179,3.9439,11.7962,0.0,0.3345
1519,471,56.99,12.1,107.07,180.74,0.709,0.709,4.4021,14.6851,21.509,0.505
1519,362,221.05,3.39,271.83,194.16,0.811,0.4055,3.9405,11.7778,0.0,0.3248
1520,471,54.0,12.24,104.67,183.61,0.5566,0.5566,4.3211,15.1601,0.0,0.415
1520,362,221.15,3.25,271.91,194.15,0.79,0.395,3.941,11.7869,0.0,0.3163
1520,497,162.47,44.25,233.0,256.17,0.2783,0.2783,2.7027,15.8776,0.0,0.2672
1521,471,50.8,10.72,101.24,179.06,0.606,0.606,4.4738,15.3676,156.208,0.2373
1521,362,221.47,3.3,272.05,193.91,0.8169,0.4084,3.9477,11.7924,0.0,0.3267
1521,497,157.83,43.82,227.55,256.52,0.5947,0.5947,2.6962,15.8338,0.0,0.5716
1522,471,50.85,12.07,103.76,187.0,0.625,0.625,4.2259,15.5812,21.9762,0.4584
1522,362,221.75,3.25,272.32,193.97,0.8359,0.4179,3.9466,11.8276,0.0,0.3344
1522,497,142.51,45.27,214.35,256.91,0.4863,0.4863,2.689,15.7923,87.8334,0.312
1523,471,53.33,11.92,106.44,191.38,0.4417,0.4417,4.0941,15.5048,24.6522,0.329
1523,362,220.43,3.23,271.26,193.86,0.7671,0.3836,3.9473,11.6876,0.0,0.3069
1523,497,148.42,46.15,217.74,254.79,0.5293,0.5293,2.7186,15.5144,0.0,0.5074
1524,471,52.31,12.49,101.67,175.88,0.5371,0.5371,4.5757,15.1136,159.519,0.2032
1524,362,221.29,3.33,271.91,193.7,0.8315,0.4158,3.953,11.7575,0.0,0.3323
1524,497,149.35,57.29,214.28,255.66,0.2372,0.2372,2.7064,15.6266,0.0,0.2278
1525,471,50.72,14.8,104.45,193.4,0.2925,0.2925,4.0454,15.8966,22.8131,0.2209
1525,362,221.48,3.47,272.12,193.79,0.7988,0.3994,3.951,11.7869,0.0,0.3193
1525,497,148.19,54.26,213.31,256.35,0.6123,0.6123,2.6968,15.7167,0.0,0.5886
1526,471,47.71,16.59,104.06,203.65,0.5254,0.5254,3.7891,16.7274,24.7941,0.4115
1526,362,221.88,4.09,272.24,193.62,0.8403,0.4202,3.956,11.8017,0.0,0.3356
1526,497,147.46,49.36,213.04,256.59,0.625,0.625,2.6934,15.7483,0.0,0.6011
1527,471,48.67,16.55,98.52,179.19,0.2006,0.2006,4.4772,15.6796,159.2067,0.0784
1527,362,221.58,3.68,272.01,193.62,0.8037,0.4018,3.9555,11.7724,0.0,0.321
1527,497,145.46,36.73,213.54,256.48,0.3784,0.3784,2.695,15.7338,0.0,0.3638
1528,471,49.33,16.86,96.31,167.89,0.6289,0.6289,4.874,15.3781,160.7706,0.2127
1528,362,221.51,3.44,271.87,193.7,0.7778,0.3889,3.9531,11.7674,0.0,0.3108
1528,497,149.39,59.74,210.08,256.43,0.2089,0.2089,2.6956,15.7271,0.0,0.2008
1529,471,44.95,18.3,101.35,200.94,0.4922,0.4922,3.8628,16.8698,23.8068,0.3817
1529,362,222.02,4.0,272.21,193.71,0.8516,0.4258,3.9537,11.8151,0.0,0.3403
1529,497,137.31,45.68,203.3,255.6,0.4805,0.4805,2.7082,15.6725,0.0,0.4612
1529,544,206.86,0.06,233.58,49.64,0.3354,0.1677,30.4262,14.4083,0.0,0.11
1530,471,36.38,18.19,97.22,212.05,0.7153,0.7153,3.6212,18.3048,29.7194,0.5649
1530,362,221.12,4.12,271.4,193.51,0.7832,0.3916,3.9574,11.7043,0.0,0.3128
1530,497,138.42,37.69,204.73,253.13,0.5283,0.5283,2.7428,15.3307,0.0,0.5049
1530,544,207.21,0.07,233.66,49.15,0.5234,0.2617,31.0728,14.4803,176.6051,0.0845
1531,471,33.57,18.02,96.43,216.93,0.3684,0.3684,3.5216,18.833,28.0677,0.2972
1531,362,219.38,3.52,270.26,193.51,0.8135,0.4068,3.9547,11.5461,0.0,0.3251
1531,497,137.31,36.42,199.91,243.54,0.7349,0.7349,2.8864,14.0868,148.3595,0.4447
1531,544,207.47,0.07,233.99,49.27,0.3074,0.1537,30.9146,14.4811,8.6484,0.1003
1532,471,34.8,18.19,90.56,186.08,0.5391,0.5391,4.2989,17.337,158.4219,0.2219
1532,362,220.58,3.67,271.33,193.41,0.8306,0.4153,3.9595,11.6625,0.0,0.3316
1532,497,136.55,33.73,197.88,240.36,0.8306,0.8306,2.937,13.6831,0.0,0.7743
1532,544,208.25,0.07,234.64,48.84,0.5796,0.2898,31.5027,14.5724,174.0398,0.0935
1533,471,30.34,18.11,93.97,208.36,0.4006,0.4006,3.7177,18.5883,24.7083,0.3164
1533,362,221.67,4.01,272.22,193.36,0.8486,0.4243,3.9626,11.7677,0.0,0.3386
1533,497,137.28,32.4,195.54,230.83,0.8203,0.8203,3.0971,12.4143,151.1692,0.4752
1533,544,209.0,0.1,235.56,48.81,0.5488,0.2744,31.5506,14.6212,0.0,0.18
1534,471,27.92,17.39,94.58,215.56,0.7407,0.7407,3.5612,19.1498,26.0275,0.5972
1534,362,219.83,4.23,270.73,193.43,0.8467,0.4234,3.9577,11.5899,0.0,0.3382
1534,497,137.77,39.53,193.54,230.32,0.8062,0.8062,3.1063,12.3618,0.0,0.7348
1534,544,209.55,0.11,236.54,49.05,0.353,0.1765,31.2278,14.6339,10.7811,0.1147
1535,471,30.45,16.99,90.5,190.14,0.5107,0.5107,4.1882,17.7913,157.8733,0.2174
1535,362,218.52,3.85,270.04,193.54,0.8237,0.4118,3.9529,11.4896,0.0,0.3293
1535,497,135.53,33.73,191.86,226.24,0.8101,0.8101,3.1805,11.8593,0.0,0.7308
1535,544,209.92,0.11,237.26,49.02,0.459,0.2295,31.2729,14.6679,0.0,0.1505
1536,471,32.14,17.85,88.75,175.83,0.4922,0.4922,4.6331,17.2168,159.7837,0.1808
1536,362,219.54,3.52,271.06,193.2,0.8315,0.4158,3.9638,11.573,0.0,0.3318
1536,497,135.1,31.46,191.11,223.14,0.4397,0.4397,3.2385,11.4577,0.0,0.3935
1536,544,210.19,0.08,237.52,48.17,0.4609,0.2304,32.4747,14.7865,176.8824,0.0743
1537,471,26.52,17.56,92.87,203.81,0.6479,0.6479,3.8325,18.5983,24.0638,0.5027
1537,362,218.67,3.21,270.67,193.25,0.8159,0.4079,3.9613,11.508,0.0,0.3257
1537,497,134.14,30.66,190.5,223.48,0.8145,0.8145,3.2324,11.5265,0.0,0.7295
1537,544,208.94,0.12,239.49,53.56,0.4534,0.2267,26.1078,14.1516,3.7439,0.1487
1538,471,22.86,17.04,91.82,213.06,0.6636,0.6636,3.6268,19.4209,26.4128,0.5282
1538,362,218.3,3.19,270.59,193.18,0.811,0.4055,3.9628,11.4775,0.0,0.3237
1538,497,133.6,30.02,190.25,223.7,0.7256,0.7256,3.2285,11.568,0.0,0.6502
1538,544,208.37,0.14,240.32,55.67,0.4707,0.2354,24.2381,13.904,4.0297,0.1544
1539,471,23.81,17.71,94.14,216.93,0.7949,0.7949,3.5389,19.4892,0.0,0.6696
1539,362,218.16,3.84,270.56,193.33,0.8145,0.4073,3.9586,11.4807,0.0,0.3253
1539,497,129.29,28.05,186.52,223.95,0.8667,0.8667,3.2258,11.7364,0.0,0.7768
1539,544,208.31,0.12,240.61,55.81,0.562,0.281,24.1239,13.8941,5.3457,0.1842
1540,471,24.03,18.15,94.62,218.05,0.6885,0.6885,3.5145,19.5253,0.0,0.5822
1540,362,217.6,4.18,270.15,193.57,0.8027,0.4013,3.9514,11.448,0.0,0.321
1540,497,128.98,28.0,185.97,224.2,0.8218,0.8218,3.2213,11.7854,0.0,0.737
1540,544,208.91,0.11,239.32,51.84,0.2949,0.1474,27.8548,14.3545,176.4825,0.0476
1541,471,24.3,18.31,95.38,219.16,0.3711,0.3711,3.4901,19.544,0.0,0.315
1541,362,217.99,3.94,270.69,193.38,0.7832,0.3916,3.9573,11.4827,0.0,0.3129
1541,497,127.97,27.19,185.18,224.17,0.8003,0.8003,3.2224,11.8155,0.0,0.7176
1541,544,208.74,0.09,239.55,52.05,0.4495,0.2248,27.6295,14.3307,3.5756,0.1474
1542,471,22.93,20.29,92.76,218.92,0.5557,0.5557,3.5009,19.7438,0.0,0.4707
1542,362,219.44,4.4,271.85,193.21,0.8159,0.4079,3.9642,11.6118,0.0,0.3255
1542,497,128.39,27.94,184.84,223.75,0.6074,0.6074,3.2303,11.7585,0.0,0.544
1542,544,209.52,0.15,239.16,49.39,0.6353,0.3176,30.7836,14.6652,176.8361,0.1024
1543,471,21.99,21.6,90.95,218.7,0.4253,0.4253,3.5095,19.8784,0.0,0.3596
1543,362,220.4,4.67,272.44,193.23,0.833,0.4165,3.9651,11.699,0.0,0.3323
1543,497,127.39,28.17,176.32,192.52,0.3611,0.3611,3.9325,7.9972,156.4439,0.1706
1543,544,208.96,0.1,240.03,51.48,0.5737,0.2868,28.2529,14.4203,3.4631,0.188
1544,471,22.41,22.36,90.81,218.33,0.7124,0.7124,3.5167,19.8389,0.0,0.6017
1544,362,219.55,4.21,271.82,193.15,0.7964,0.3982,3.9659,11.6113,0.0,0.3177
1544,497,124.21,27.94,179.24,214.72,0.4824,0.4824,3.4118,10.8,26.4948,0.404
1544,544,209.49,0.13,239.59,49.36,0.3923,0.1961,30.8248,14.6803,176.8432,0.0632
1545,471,23.25,22.35,91.49,218.28,0.6982,0.6982,3.5155,19.753,0.0,0.59
1545,362,218.64,3.94,271.06,193.3,0.7627,0.3814,3.9603,11.5319,0.0,0.3045
1545,497,127.17,27.84,175.67,190.53,0.5591,0.5591,3.9864,7.788,156.903,0.2602
1545,544,209.8,0.11,239.67,48.59,0.5698,0.2849,31.8781,14.785,176.87,0.0918
1546,471,22.8,23.34,90.43,218.37,0.6646,0.6646,3.5158,19.841,0.0,0.5614
1546,362,218.49,4.68,270.76,193.08,0.7925,0.3962,3.9658,11.4889,0.0,0.3162
1546,497,127.85,26.89,174.19,180.85,0.4736,0.4736,4.2667,6.6969,158.2722,0.2031
1546,544,210.07,0.09,240.1,48.55,0.396,0.198,31.9376,14.8098,0.0,0.1298
1547,471,23.28,23.7,91.33,220.55,0.7515,0.7515,3.4692,19.911,0.0,0.6394
1547,362,217.92,4.58,270.42,193.18,0.8394,0.4197,3.9623,11.4474,0.0,0.3351
1547,497,123.8,26.19,177.41,206.38,0.6885,0.6885,3.5933,9.7993,25.3362,0.5627
1547,544,208.85,0.05,241.74,53.7,0.4082,0.2041,25.9824,14.1994,3.7536,0.1338
1547,548,26.04,23.76,56.86,65.1,0.395,0.395,19.2504,21.7689,0.0,0.2539
1548,471,22.73,24.56,91.7,225.19,0.6289,0.6289,3.3777,20.2381,0.0,0.5424
1548,362,219.57,4.73,271.6,193.21,0.8359,0.4179,3.9641,11.6052,0.0,0.3335
1548,497,123.77,25.05,177.54,207.01,0.6567,0.6567,3.579,9.8758,0.0,0.559
1548,544,210.98,0.02,241.2,49.12,0.2673,0.1336,31.1581,14.7991,176.8446,0.0431
1548,548,23.66,24.62,57.51,70.09,0.3804,0.3804,17.0463,21.5649,5.8878,0.2441
1549,471,22.85,25.88,93.44,232.41,0.6318,0.6318,3.2405,20.66,27.6931,0.5318
1549,362,218.88,4.41,271.12,193.23,0.8394,0.4197,3.9625,11.5425,0.0,0.335
1549,497,122.91,24.25,176.39,204.54,0.6548,0.6548,3.6362,9.6268,0.0,0.5525
1549,544,211.96,0.05,241.98,48.95,0.459,0.2295,31.3967,14.8715,164.3184,0.0739
1549,548,24.59,25.84,56.96,69.3,0.3674,0.3674,17.3609,21.5902,174.1146,0.1139
1550,471,23.01,26.46,95.2,238.75,0.5767,0.5767,3.1273,21.0424,28.5613,0.4923
1550,362,220.07,4.29,272.1,193.23,0.7925,0.3962,3.9645,11.662,0.0,0.3161
1550,497,123.39,23.32,175.13,198.2,0.458,0.458,3.7886,8.8703,155.8182,0.2248
1550,548,25.15,27.34,57.91,71.28,0.2316,0.2316,16.5773,21.392,6.0635,0.1486
1551,471,21.45,24.48,95.97,244.75,0.5361,0.5361,3.0296,21.5502,0.0,0.4858
1551,362,220.45,4.62,272.17,193.05,0.8101,0.4051,3.9697,11.6721,0.0,0.3229
1551,497,124.07,21.69,174.69,193.66,0.5981,0.5981,3.9044,8.3134,156.4451,0.2846
1551,548,27.49,26.49,60.2,70.13,0.3577,0.3577,16.9886,21.2051,166.5054,0.1112
1551,544,211.64,0.03,243.5,52.91,0.4805,0.2402,26.7667,14.4338,3.6978,0.1575
1552,362,220.55,4.46,272.05,193.07,0.8296,0.4148,3.9691,11.6726,0.0,0.3307
1552,497,123.76,20.55,173.83,190.81,0.6909,0.6909,3.981,8.0205,0.0,0.5522
1552,544,211.69,0.09,243.45,53.77,0.3887,0.1943,25.9326,14.3312,3.7528,0.1274
1553,362,220.15,4.68,271.31,192.98,0.7671,0.3836,3.9705,11.6022,0.0,0.3057
1553,497,123.49,19.41,172.24,185.96,0.3337,0.3337,4.1175,7.5406,157.2884,0.1495
1553,544,212.18,0.09,244.77,56.07,0.4006,0.2003,23.9399,14.1162,4.4297,0.1313
1553,548,27.81,31.24,62.82,77.66,0.3235,0.3235,14.4436,20.6082,6.7431,0.208
1554,362,220.19,4.39,271.4,193.14,0.8306,0.4153,3.9663,11.6226,0.0,0.3313
1554,497,123.16,18.45,171.33,181.58,0.5859,0.5859,4.2479,7.1171,158.0562,0.2525
1554,544,213.66,0.07,245.43,55.53,0.5371,0.2686,24.3893,14.2499,171.3255,0.0868
1555,362,220.55,4.18,271.82,193.47,0.8423,0.4212,3.9583,11.6928,0.0,0.3363
1555,497,123.06,17.85,172.22,181.85,0.6953,0.6953,4.2393,7.1095,0.0,0.5323
1555,544,214.89,0.02,245.54,54.34,0.214,0.107,25.4268,14.4339,175.6642,0.0345
1556,362,219.55,4.29,270.89,193.41,0.8027,0.4013,3.9581,11.5817,0.0,0.3206
1556,497,127.73,17.43,167.55,147.04,0.5796,0.5796,5.599,4.654,163.1058,0.1926
1556,471,24.35,31.63,100.16,256.91,0.4893,0.4893,2.8365,22.2245,31.3593,0.4314
1557,362,219.2,4.33,270.51,193.39,0.8013,0.4007,3.958,11.54,0.0,0.3201
1557,497,127.88,17.12,173.67,165.84,0.542,0.542,4.7776,5.2212,19.7733,0.366
1557,471,25.99,34.42,100.77,257.83,0.4717,0.4717,2.8206,22.2037,0.0,0.4399
1558,362,218.48,4.07,270.21,193.84,0.8145,0.4073,3.9451,11.522,0.0,0.326
1558,471,26.97,32.75,101.71,258.14,0.3025,0.3025,2.8139,22.1461,0.0,0.2824
1558,544,218.33,0.11,246.07,49.72,0.2998,0.1499,30.4224,15.1051,176.556,0.0482
1559,362,219.82,4.16,271.46,193.55,0.8442,0.4221,3.9552,11.6394,0.0,0.3373
1559,471,29.81,43.22,100.63,256.91,0.458,0.458,2.8293,21.9624,0.0,0.4268
1559,557,143.41,16.79,168.09,48.61,0.4961,0.4961,31.7173,13.8483,0.0,0.3259
1560,362,220.08,4.38,271.26,193.16,0.8135,0.4068,3.9656,11.6104,0.0,0.3245
1560,471,30.91,45.41,101.06,257.28,0.3804,0.3804,2.8222,21.9274,0.0,0.3549
1560,557,144.78,16.99,169.4,48.67,0.4668,0.4668,31.6273,13.7969,49.0757,0.253
1560,544,221.5,0.03,246.66,45.57,0.3381,0.1691,36.8875,15.7108,177.135,0.0542
1561,362,220.07,3.9,271.47,193.38,0.8218,0.4109,3.9599,11.6396,0.0,0.3281
1561,471,30.9,47.82,100.34,257.75,0.6704,0.6704,2.8164,22.0002,0.0,0.6258
1561,557,146.16,16.59,171.12,48.56,0.4377,0.4377,31.7752,13.7639,141.0202,0.1417
1561,544,221.85,0.0,245.57,43.71,0.3459,0.1729,40.7343,15.9046,177.5415,0.0554
1562,362,218.91,3.82,270.48,193.19,0.834,0.417,3.963,11.5057,0.0,0.3329
1562,471,29.2,48.62,98.77,257.69,0.582,0.582,2.8212,22.1384,0.0,0.5428
1562,544,222.46,0.0,247.2,46.12,0.2386,0.1193,35.8913,15.6952,3.0493,0.078
1562,497,133.85,15.94,183.87,180.71,0.4216,0.4216,4.265,6.0565,24.2193,0.3092
1563,362,218.16,3.69,270.05,193.2,0.835,0.4175,3.9616,11.4419,0.0,0.3334
1563,471,28.28,43.21,100.1,258.18,0.5137,0.5137,2.8137,22.1627,0.0,0.4796
1563,544,223.78,0.0,247.03,43.48,0.3774,0.1887,41.2885,16.0387,177.603,0.0605
1563,497,133.85,16.42,183.67,183.48,0.384,0.384,4.1813,6.4066,0.0,0.2971
1563,557,147.96,16.97,173.23,48.9,0.4216,0.4216,31.2956,13.6635,17.7368,0.2704
1564,362,219.22,3.84,271.15,193.03,0.8296,0.4148,3.9681,11.5463,0.0,0.3308
1564,471,31.65,41.15,104.22,257.23,0.7305,0.7305,2.8184,21.7527,0.0,0.6822
1564,544,223.2,0.0,246.05,43.33,0.3225,0.1613,41.6328,16.0066,167.1099,0.0517
1564,497,136.34,16.33,185.56,185.48,0.5332,0.5332,4.1214,6.522,0.0,0.4168
1565,362,220.4,3.71,272.28,193.33,0.8369,0.4184,3.9623,11.6984,0.0,0.334
1565,471,31.84,39.19,104.93,257.01,0.771,0.771,2.8205,21.6941,0.0,0.7199
1565,497,138.6,16.24,186.71,183.39,0.5581,0.5581,4.1818,6.1527,0.0,0.4319
1565,557,152.88,16.48,178.33,48.8,0.2893,0.2893,31.4172,13.5581,107.9444,0.0937
1566,362,220.71,3.38,272.47,193.63,0.7871,0.3936,3.9548,11.7506,0.0,0.3145
1566,471,34.6,45.23,106.83,257.45,0.7285,0.7285,2.8088,21.5314,0.0,0.6816
1566,497,142.6,15.68,189.87,178.84,0.4524,0.4524,4.3192,5.3601,153.1546,0.1912
1566,557,152.47,16.08,179.14,48.98,0.218,0.218,31.1704,13.53,4.7021,0.1431
1566,544,224.02,0.0,244.13,38.15,0.4707,0.2354,59.0888,16.5787,178.3343,0.0752
1567,362,220.58,3.72,272.03,193.37,0.7739,0.387,3.9612,11.6978,0.0,0.3089
1567,471,33.15,45.11,107.75,263.22,0.4436,0.4436,2.7295,22.0737,0.0,0.4192
1567,497,141.83,15.31,188.26,177.08,0.5776,0.5776,4.3758,5.1954,0.0,0.4323
1567,544,224.24,0.0,244.34,38.19,0.2854,0.1427,58.9026,16.5869,9.4358,0.0925
1568,362,219.26,4.13,270.9,193.55,0.8203,0.4102,3.9541,11.578,0.0,0.3278
1568,471,38.78,33.1,118.68,269.37,0.5459,0.5459,2.631,21.9816,43.0974,0.474
1568,497,143.6,14.92,187.37,167.86,0.5859,0.5859,4.6919,4.0013,160.0516,0.2189
1568,544,224.71,0.0,245.92,39.89,0.2444,0.1222,51.8255,16.4507,2.2492,0.0798
1569,362,219.31,4.47,271.04,193.53,0.8193,0.4097,3.9548,11.5867,0.0,0.3274
1569,497,145.69,13.19,188.37,163.39,0.2213,0.2213,4.8598,3.3439,159.6232,0.0778
1569,544,222.65,0.0,244.06,41.38,0.212,0.106,46.8387,16.1558,3.4087,0.0692
1570,362,220.16,3.95,271.93,193.52,0.8262,0.4131,3.9567,11.6815,0.0,0.33
1570,497,147.86,11.64,190.64,160.87,0.7178,0.7178,4.9588,2.8683,155.2747,0.2429
1570,544,222.36,0.0,243.01,40.52,0.4253,0.2127,49.5672,16.2164,177.4371,0.0681
1571,362,220.85,3.94,272.47,193.23,0.8423,0.4212,3.9656,11.7255,0.0,0.3359
1571,497,148.05,9.79,191.65,159.8,0.6885,0.6885,5.0022,2.6929,0.0,0.4587
1571,471,45.23,41.08,124.52,274.87,0.5537,0.5537,2.5503,22.0589,0.0,0.5365
1572,362,220.79,3.56,272.24,193.22,0.8286,0.4143,3.9656,11.7087,0.0,0.3305
1572,497,150.78,9.87,193.95,159.09,0.6167,0.6167,5.0307,2.4254,0.0,0.4109
1572,471,50.75,45.24,129.75,274.62,0.7393,0.7393,2.5435,21.6501,0.0,0.7176
1572,544,221.24,0.0,242.41,41.94,0.4397,0.2198,45.1898,15.9972,2.4923,0.1437
1573,362,219.51,3.33,271.17,193.4,0.7793,0.3896,3.9586,11.594,0.0,0.3112
1573,497,153.32,8.45,195.66,157.19,0.4148,0.4148,5.1102,2.0505,0.0,0.2764
1573,471,51.19,37.13,133.46,274.24,0.4688,0.4688,2.5445,21.4663,0.0,0.4552
1574,362,219.49,3.34,271.04,192.91,0.7964,0.3982,3.9715,11.5452,0.0,0.3174
1574,497,157.26,8.42,199.93,158.6,0.4941,0.4941,5.0501,2.1039,0.0,0.3293
1574,471,59.89,74.69,132.56,273.27,0.355,0.355,2.5496,21.0976,0.0,0.3447
1575,362,220.52,3.34,271.82,192.91,0.791,0.3955,3.9732,11.6451,0.0,0.3151
1575,497,161.0,8.25,204.38,159.08,0.314,0.314,5.0302,2.1971,0.0,0.2093
1576,362,220.21,3.07,271.69,193.01,0.834,0.417,3.9701,11.629,0.0,0.3324
1576,497,164.09,8.5,207.96,157.35,0.2366,0.2366,5.1034,2.1009,0.0,0.1577
1576,471,62.72,44.84,146.01,271.54,0.7583,0.7583,2.5579,20.3744,0.0,0.7366
1577,362,219.4,3.61,271.04,192.95,0.7861,0.3931,3.9703,11.5435,0.0,0.3133
1577,497,165.43,8.44,210.86,158.79,0.373,0.373,5.0433,2.4216,0.0,0.2486
1577,471,60.69,38.61,143.53,268.14,0.22,0.22,2.6042,20.1562,0.0,0.2125
1578,362,218.37,3.17,270.58,193.3,0.7964,0.3982,3.9597,11.4908,0.0,0.318
1578,497,162.43,8.9,207.68,158.43,0.3657,0.3657,5.0576,2.1931,0.0,0.2437
1579,362,217.85,3.1,270.36,193.25,0.8193,0.4097,3.9603,11.4461,0.0,0.3272
1579,497,162.61,9.09,208.16,159.26,0.3877,0.3877,5.0231,2.321,0.0,0.2584
1579,557,174.64,9.63,205.91,48.45,0.5215,0.5215,31.8977,13.5335,112.7993,0.169
1579,544,209.39,0.06,234.1,48.79,0.562,0.281,31.5742,14.5947,5.4517,0.1839
1579,471,65.93,34.16,150.61,269.96,0.4456,0.4456,2.5717,19.9536,0.0,0.4324
1580,362,219.74,3.08,271.92,193.23,0.8159,0.4079,3.964,11.6339,0.0,0.3255
1580,497,163.91,9.56,209.78,159.59,0.6802,0.6802,5.0098,2.4419,0.0,0.4533
1580,557,177.43,9.74,208.21,48.48,0.3108,0.3108,31.8607,13.5709,79.5906,0.1194
1580,544,207.81,0.07,233.45,49.85,0.4475,0.2238,30.1608,14.4041,4.6504,0.1466
1580,471,70.72,36.81,154.24,272.28,0.6069,0.6069,2.5369,19.9551,0.0,0.5918
1581,362,220.26,2.79,272.15,192.85,0.8101,0.4051,3.9748,11.6441,0.0,0.3226
1581,497,165.84,9.46,212.39,159.55,0.6895,0.6895,5.0121,2.5849,0.0,0.4594
1581,557,179.69,9.61,210.32,48.49,0.272,0.272,31.8523,13.6123,87.3148,0.0924
1581,471,73.77,37.26,155.51,270.71,0.4072,0.4072,2.5534,19.6515,0.0,0.3964
1582,362,219.55,2.96,271.47,193.08,0.7925,0.3962,3.9674,11.5862,0.0,0.316
1582,497,167.09,10.0,214.23,159.92,0.7485,0.7485,4.9975,2.7474,0.0,0.499
1582,471,74.97,37.81,155.38,269.94,0.8477,0.8477,2.5623,19.5331,0.0,0.8244
1583,362,220.9,3.59,272.37,192.98,0.8413,0.4207,3.9722,11.7024,0.0,0.3352
1583,497,167.48,10.4,215.26,159.89,0.6968,0.6968,4.999,2.8017,0.0,0.4644
1583,471,76.49,38.03,156.04,270.04,0.8359,0.8359,2.5596,19.4813,0.0,0.8133
1583,544,203.2,0.16,228.29,48.37,0.3132,0.1566,32.1232,14.3434,169.2063,0.0506
1584,362,219.6,3.55,271.17,193.04,0.8237,0.4118,3.9682,11.5691,0.0,0.3284
1584,497,169.56,13.14,216.57,156.35,0.6299,0.6299,5.1487,2.5782,159.9809,0.2098
1584,471,79.6,38.49,158.87,269.72,0.791,0.791,2.5598,19.2765,0.0,0.7699
1585,362,218.97,2.88,270.86,192.97,0.7075,0.3538,3.9692,11.5116,0.0,0.2821
1585,497,167.69,4.55,218.83,156.44,0.4504,0.2252,5.1449,2.6074,0.0,0.1501
1585,471,81.28,37.19,160.58,269.79,0.5898,0.5898,2.5568,19.1913,0.0,0.5744
1586,362,218.5,2.63,270.79,193.13,0.7642,0.3821,3.9645,11.4952,0.0,0.3049
1586,497,168.98,3.5,220.95,156.21,0.7114,0.3557,5.1558,2.7695,0.0,0.237
1586,471,84.87,40.78,162.93,269.83,0.7754,0.7754,2.5528,19.0376,0.0,0.7558
1587,362,220.24,2.63,271.82,190.87,0.541,0.2705,4.0281,11.4647,0.0,0.2136
1587,497,176.41,2.21,227.85,150.32,0.4131,0.2066,5.4281,3.2991,154.2256,0.0687
1587,471,89.32,39.72,168.86,271.17,0.3748,0.3748,2.5304,18.9366,0.0,0.3665
1588,362,220.94,2.91,272.74,192.72,0.7334,0.3667,3.9795,11.704,0.0,0.2918
1588,497,179.64,3.42,230.55,146.68,0.5508,0.2754,5.6092,3.6169,158.9541,0.0916
1589,362,220.82,3.39,272.34,192.86,0.8013,0.4007,3.9753,11.6865,0.0,0.3191
1589,497,180.51,4.54,229.44,144.19,0.6104,0.3052,5.7374,3.5795,163.4608,0.1015
1589,471,97.08,34.97,178.61,271.23,0.4756,0.4756,2.5213,18.557,0.0,0.466
1590,362,220.69,3.11,271.9,192.73,0.7217,0.3609,3.9782,11.6443,0.0,0.2873
1590,497,183.6,5.52,231.97,143.57,0.4216,0.4216,5.7731,3.9813,0.0,0.2807
1590,471,105.45,38.51,187.55,270.78,0.6074,0.6074,2.52,18.1821,0.0,0.5957
1591,362,221.52,2.91,272.7,193.05,0.8218,0.4109,3.9712,11.7608,0.0,0.3274
1591,497,187.85,5.24,236.24,144.81,0.3979,0.3979,5.7128,4.5902,0.0,0.2648
1591,471,112.64,37.75,197.05,270.81,0.6738,0.6738,2.5146,17.942,0.0,0.6616
1592,362,221.4,2.09,272.69,193.17,0.7544,0.3772,3.9679,11.7633,0.0,0.3007
1592,497,193.15,4.66,239.92,142.7,0.3372,0.1686,5.8309,5.2317,147.1068,0.056
1592,471,115.45,34.08,202.69,271.93,0.5938,0.5938,2.4988,17.9875,0.0,0.584
1592,578,123.5,32.1,157.16,81.59,0.4082,0.4082,12.7587,10.4934,0.0,0.2699
1592,557,200.71,5.61,235.1,48.59,0.4475,0.4475,31.8252,14.4204,90.716,0.1445
1593,362,221.8,2.9,272.78,193.21,0.8359,0.4179,3.9673,11.7937,0.0,0.3332
1593,497,194.12,4.73,240.83,146.36,0.6714,0.3357,5.6402,5.3727,17.4037,0.2182
1593,471,116.44,31.97,205.23,271.62,0.6929,0.6929,2.5019,17.9122,0.0,0.6815
1594,362,221.91,3.02,272.67,193.23,0.8062,0.4031,3.9667,11.7954,0.0,0.3214
1594,497,195.5,4.95,240.75,145.33,0.4111,0.2056,5.694,5.4579,0.0,0.1367
1594,471,116.78,32.71,206.15,271.68,0.3459,0.3459,2.5009,17.9079,0.0,0.3403
1595,362,221.3,3.72,271.77,192.96,0.7583,0.3791,3.9725,11.6897,0.0,0.3021
1595,497,196.02,5.51,240.14,145.53,0.2372,0.2372,5.6836,5.4526,0.0,0.1578
1595,582,111.87,192.74,208.41,270.98,0.4524,0.4524,2.51,17.8436,0.0,0.4445
1596,362,220.94,3.24,271.75,193.22,0.8262,0.4131,3.9652,11.6899,0.0,0.3295
1596,497,197.0,5.36,240.09,145.63,0.5938,0.5938,5.6791,5.5192,0.0,0.3949
1596,582,104.37,179.66,215.74,270.22,0.3225,0.3225,2.5194,17.7477,0.0,0.3166
1596,557,205.53,6.23,237.78,48.08,0.304,0.304,32.589,14.6773,159.2131,0.098
1597,362,220.72,2.87,271.27,193.32,0.7754,0.3877,3.9619,11.6595,0.0,0.3095
1597,497,198.48,5.26,240.12,144.05,0.3252,0.3252,5.7628,5.6216,0.0,0.2163
1597,471,112.4,42.91,195.98,269.01,0.6343,0.6343,2.5372,17.7295,0.0,0.6211
1598,362,221.32,3.01,271.88,193.45,0.7104,0.3552,3.9596,11.7369,0.0,0.2836
1599,362,216.09,2.88,268.11,193.59,0.7422,0.3711,3.9477,11.2573,0.0,0.2971
1599,471,117.18,40.29,202.41,266.37,0.5679,0.5679,2.5678,17.257,0.0,0.5542
1600,362,213.14,2.83,266.17,193.74,0.5571,0.2786,3.9395,11.0087,0.0,0.2234
1601,362,212.5,2.9,266.13,193.79,0.6646,0.3323,3.9377,10.9771,0.0,0.2666
1601,471,122.14,39.44,206.82,262.09,0.7378,0.7378,2.6216,16.6107,0.0,0.7156
1602,362,215.1,2.93,267.95,192.88,0.6738,0.3369,3.9656,11.1341,0.0,0.269
1602,471,127.1,38.47,211.5,262.41,0.5137,0.5137,2.6161,16.5826,0.0,0.4986
1603,362,214.55,3.03,267.25,193.0,0.7544,0.3772,3.9613,11.077,0.0,0.3014
1603,471,125.4,14.7,216.68,261.32,0.2822,0.2822,2.6301,16.4202,0.0,0.2735
1604,362,208.4,3.63,262.18,192.21,0.3337,0.1668,3.9732,10.4109,0.0,0.1332
1605,362,203.58,3.58,259.43,193.12,0.7139,0.3569,3.9431,10.1075,0.0,0.2864
1606,362,207.21,3.37,263.07,193.19,0.4678,0.2339,3.9468,10.4853,0.0,0.1875
1607,362,207.46,3.85,263.43,193.96,0.6567,0.3283,3.9269,10.5881,0.0,0.264
1608,362,211.1,3.93,266.01,194.62,0.5938,0.2969,3.9146,10.9715,0.0,0.2391
1609,362,212.49,3.59,266.27,193.75,0.3694,0.1847,3.9388,10.9804,0.0,0.1481
1610,596,242.74,4.58,264.41,52.97,0.3748,0.1874,26.9542,16.3389,0.0,0.1224
1611,596,242.69,4.23,263.36,50.17,0.5078,0.2539,30.0824,16.5833,176.6658,0.0811
1611,471,163.7,21.3,252.32,271.08,0.4854,0.4854,2.5128,18.0523,73.405,0.361
1612,596,244.01,3.99,266.54,54.13,0.3269,0.1635,25.8549,16.3633,4.4442,0.1066
1612,599,132.55,0.04,171.03,59.65,0.4036,0.2018,21.267,12.5586,0.0,0.1329
1612,471,169.22,17.05,258.17,272.26,0.7188,0.7188,2.502,18.3737,0.0,0.7064
1613,599,131.34,0.12,169.06,58.47,0.5176,0.2588,22.0559,12.7813,172.6465,0.0841
1613,471,173.64,5.68,266.47,272.64,0.3057,0.3057,2.5022,18.6472,0.0,0.3003
1614,599,134.58,0.17,173.46,60.86,0.2289,0.1144,20.5113,12.3071,8.8768,0.075
1614,471,177.78,1.43,273.1,272.61,0.7471,0.3735,2.5073,18.862,0.0,0.3665
1615,599,136.41,0.13,173.57,58.94,0.4475,0.2238,21.7202,12.5201,174.9279,0.0728
1615,471,179.41,0.0,276.81,272.77,0.3979,0.1989,2.5079,18.9984,0.0,0.1951
1615,557,225.33,3.87,278.69,83.19,0.4883,0.2442,12.5277,13.2824,0.0,0.1606
1616,607,186.7,186.07,268.7,272.02,0.6621,0.6621,2.5167,18.8898,0.0,0.6487
1616,557,226.87,3.73,278.38,88.04,0.4197,0.2099,11.5183,12.9329,8.526,0.1374
1617,607,189.94,191.33,267.76,272.21,0.2942,0.2942,2.5155,18.9647,0.0,0.2883
1617,557,227.4,3.76,277.8,92.5,0.6958,0.3479,10.7166,12.568,9.0232,0.2277
1617,608,128.6,0.13,163.73,108.3,0.562,0.281,8.4616,7.0231,0.0,0.1866
1617,471,181.42,0.0,280.46,271.75,0.3381,0.1691,2.5233,19.0071,0.0,0.1655
1618,557,228.85,4.17,277.44,94.91,0.4243,0.2122,10.3289,12.4422,9.6945,0.1388
1618,608,131.47,0.08,167.03,109.7,0.5361,0.2681,8.3069,6.5816,25.5413,0.1694
1618,471,183.03,10.77,279.99,271.98,0.4197,0.4197,2.5211,19.0617,0.0,0.4108
1619,557,230.99,4.34,278.29,96.21,0.4187,0.2094,10.1364,12.5157,14.9332,0.1356
1619,608,127.73,0.12,163.73,111.14,0.6504,0.3252,8.1646,6.7816,29.959,0.2016
1620,557,235.45,4.15,279.02,87.39,0.4082,0.2041,11.6692,13.4873,171.4878,0.0662
1620,608,131.31,0.08,167.99,113.08,0.501,0.2505,7.9657,6.1933,24.9378,0.1587
1620,362,198.03,4.08,242.28,163.13,0.5718,0.2859,4.8945,6.3568,157.3106,0.0987
1621,608,129.53,0.02,166.94,114.33,0.5225,0.2612,7.8486,6.2132,18.5021,0.1692
1621,362,197.93,3.67,241.16,162.59,0.54,0.27,4.915,6.2458,0.0,0.1825
1621,471,190.35,29.37,282.26,272.29,0.3594,0.3594,2.5226,19.3362,0.0,0.3516
1622,608,128.84,0.05,166.21,113.53,0.6206,0.3103,7.9258,6.3642,0.0,0.2062
1622,362,194.93,3.66,242.36,180.54,0.7422,0.3711,4.2862,7.5876,21.6384,0.2729
1623,608,128.58,0.06,166.32,113.71,0.604,0.302,7.9087,6.3545,0.0,0.2007
1623,362,194.27,2.57,243.47,187.73,0.7739,0.387,4.0741,8.3369,22.6874,0.2944
1623,616,232.57,3.71,268.06,82.91,0.3989,0.1994,12.5822,13.1321,0.0,0.1312
1623,471,201.34,35.44,292.34,274.24,0.3157,0.3157,2.5121,20.1357,0.0,0.3088
1624,608,127.97,0.16,166.3,114.32,0.585,0.2925,7.8513,6.329,0.0,0.1944
1624,362,194.76,1.4,243.64,186.37,0.6626,0.3313,4.1132,8.2264,0.0,0.2589
1624,616,232.28,2.97,267.7,82.21,0.5098,0.2549,12.7423,13.1615,171.4541,0.0827
1624,471,207.59,38.63,297.18,273.29,0.6177,0.6177,2.5314,20.361,0.0,0.6022
1625,608,126.83,0.15,165.3,113.89,0.2207,0.1104,7.8939,6.4826,0.0,0.0733
1625,362,195.11,0.67,243.29,185.19,0.7456,0.3728,4.1473,8.1054,0.0,0.2897
1626,362,195.13,0.31,243.34,187.48,0.7861,0.3931,4.0816,8.3449,0.0,0.3088
1626,616,220.69,0.82,274.79,123.89,0.385,0.1925,7.1183,10.0364,13.432,0.1256
1626,471,221.68,41.82,309.69,273.09,0.7847,0.7847,2.5551,21.2096,0.0,0.7612
1627,362,195.39,0.18,241.68,181.12,0.7583,0.3791,4.2682,7.6328,158.0913,0.1623
1627,620,114.15,0.0,190.26,122.03,0.3469,0.1734,7.1758,5.071,0.0,0.1154
1627,471,230.23,42.06,316.29,272.99,0.5918,0.5918,2.5699,21.7356,0.0,0.5723
1628,362,194.44,0.24,239.36,177.66,0.7612,0.3806,4.3749,7.1305,156.4437,0.1576
1628,471,239.93,43.02,324.13,272.94,0.502,0.502,2.5876,22.3831,0.0,0.4835
1629,362,192.98,0.18,236.83,173.93,0.7456,0.3728,4.4953,6.5694,156.4701,0.1485
1629,622,110.55,0.11,148.2,114.2,0.354,0.177,7.9004,8.3701,0.0,0.1174
1630,362,191.48,0.17,234.85,172.36,0.8193,0.4097,4.5469,6.2374,0.0,0.297
1630,622,108.74,0.24,146.76,115.06,0.6162,0.3081,7.8238,8.5084,0.0,0.2043
1630,471,249.7,44.77,333.92,273.39,0.283,0.283,2.6027,23.1859,0.0,0.2715
1631,362,191.01,0.18,233.73,170.58,0.8013,0.4007,4.608,5.9887,0.0,0.2873
1631,622,107.04,0.12,144.97,114.42,0.3486,0.1743,7.8885,8.7661,0.0,0.1155
1631,626,229.48,0.39,260.12,120.07,0.4844,0.2422,7.4171,9.8158,0.0,0.1603
1631,471,252.41,44.1,337.81,273.24,0.3904,0.3904,2.6119,23.4357,0.0,0.3738
1632,362,190.59,0.19,232.89,168.82,0.7642,0.3821,4.6702,5.7626,0.0,0.2709
1632,622,105.44,0.03,143.46,114.19,0.541,0.2705,7.9146,8.9729,0.0,0.1792
1632,626,228.62,0.14,259.51,120.85,0.355,0.1775,7.35,9.6823,0.0,0.1175
1632,471,254.61,43.24,341.5,272.8,0.291,0.291,2.6242,23.6345,0.0,0.278
1633,362,189.55,0.1,231.47,167.35,0.7188,0.3594,4.7226,5.4965,0.0,0.2523
1633,622,106.1,0.05,143.73,114.22,0.4233,0.2117,7.9104,8.9136,0.0,0.1402
1633,626,227.5,0.06,258.39,120.78,0.3201,0.16,7.3525,9.5388,0.0,0.106
1633,471,255.82,43.97,343.45,271.31,0.2546,0.2546,2.6467,23.6324,0.0,0.2425
1634,362,189.32,0.36,231.24,167.77,0.7939,0.397,4.7069,5.5073,0.0,0.2795
1634,622,100.18,0.06,138.87,116.71,0.7212,0.3606,7.6958,9.435,29.5075,0.2232
1634,626,227.13,0.0,257.67,119.47,0.4148,0.2074,7.4604,9.5328,165.8998,0.0682
1634,629,241.11,162.23,321.84,272.81,0.4397,0.4397,2.5881,22.3284,0.0,0.4235
1635,622,97.2,0.06,137.07,120.2,0.5273,0.2636,7.4004,9.5567,15.9595,0.1712
1635,626,226.92,0.0,253.71,103.27,0.3259,0.163,9.1141,10.3308,169.2831,0.0534
1635,629,242.39,159.87,324.4,272.5,0.3201,0.3201,2.5959,22.4454,0.0,0.3079
1636,622,95.85,0.11,136.62,123.11,0.3132,0.1566,7.1672,9.54,14.1326,0.1021
1636,626,225.21,0.08,253.69,109.35,0.5205,0.2602,8.4131,9.7786,11.4772,0.1705
1636,629,251.51,147.83,342.65,272.49,0.7793,0.7793,2.6258,23.5276,0.0,0.7446
1636,362,186.45,0.07,227.75,162.32,0.6504,0.3252,4.9115,4.6838,157.9174,0.1119
1637,626,228.3,0.02,249.48,77.59,0.4902,0.2451,13.8599,12.5337,172.995,0.0798
1637,362,182.18,0.08,224.47,162.29,0.4543,0.2271,4.9094,4.2458,0.0,0.154
1637,471,256.17,37.09,348.81,272.56,0.5176,0.5176,2.6376,23.9772,0.0,0.4932
1638,626,223.43,0.0,252.02,104.99,0.5352,0.2676,8.8972,9.8984,10.8173,0.1755
1638,362,183.66,0.09,225.48,161.45,0.2698,0.1349,4.9439,4.3165,0.0,0.0908
1639,362,179.23,0.76,222.7,164.35,0.457,0.2285,4.8273,4.1854,28.8105,0.148
1639,622,101.02,0.26,129.2,80.66,0.4377,0.2188,13.088,12.7958,172.5979,0.0711
1639,471,256.43,30.5,351.26,269.63,0.3225,0.3225,2.6783,23.8379,0.0,0.3057
1640,362,174.98,0.19,220.63,167.31,0.7886,0.3943,4.7138,4.2018,27.4542,0.2628
1640,622,102.0,0.23,128.54,72.16,0.5962,0.2981,15.5702,13.6148,173.756,0.0966
1640,471,256.99,33.47,350.02,268.06,0.4197,0.4197,2.6979,23.6751,0.0,0.3969
1640,626,220.01,0.23,251.0,115.04,0.4534,0.2267,7.8344,8.9117,12.4297,0.1484
1641,362,174.21,0.0,220.21,164.75,0.6011,0.3005,4.8095,3.8628,0.0,0.2078
1641,626,218.74,0.25,249.98,117.02,0.3328,0.1664,7.6508,8.6428,14.0939,0.1086
1642,362,171.79,0.47,219.34,167.31,0.8306,0.4153,4.7126,4.0157,0.0,0.2924
1642,626,217.72,0.12,249.1,118.32,0.7559,0.378,7.5339,8.4429,15.2133,0.2462
1642,622,93.32,0.11,134.04,111.93,0.644,0.322,8.169,10.454,11.7992,0.2106
1643,362,170.87,0.2,218.38,163.55,0.7378,0.3689,4.8544,3.4993,160.0987,0.1299
1643,626,216.92,0.11,247.4,115.77,0.218,0.109,7.758,8.4494,166.0572,0.0359
1643,622,90.83,0.0,135.4,123.97,0.6113,0.3056,7.1095,9.9192,13.5061,0.1994
1643,471,269.45,28.32,359.98,259.05,0.2935,0.1467,2.8498,23.9275,141.3712,0.0868
1644,362,169.85,0.1,217.52,162.3,0.8384,0.4192,4.9029,3.2757,0.0,0.2847
1644,626,216.57,0.15,244.28,104.74,0.4302,0.2151,8.9046,9.0938,168.9952,0.0708
1644,622,89.76,0.0,134.93,127.97,0.6235,0.3118,6.8144,9.8786,14.3922,0.203
1644,471,274.75,28.72,360.0,256.36,0.3066,0.1533,2.8959,23.9654,0.0,0.1408
1645,362,169.92,0.0,217.78,162.69,0.8413,0.4207,4.8876,3.3345,0.0,0.2865
1645,626,215.14,0.4,242.58,103.47,0.2213,0.1106,9.0536,9.0344,162.8702,0.0364
1645,622,89.11,0.0,134.39,130.94,0.3408,0.1704,6.6099,9.873,14.8456,0.1109
1645,471,279.08,28.57,360.0,255.93,0.4158,0.2079,2.9083,24.1344,0.0,0.1905
1646,362,170.4,0.03,217.7,161.73,0.7056,0.3528,4.9257,3.2429,0.0,0.2385
1646,626,213.2,0.49,241.6,107.25,0.562,0.281,8.6072,8.5432,11.8118,0.1843
1646,471,285.17,29.48,360.0,253.85,0.5205,0.2602,2.9479,24.2667,0.0,0.237
1647,362,169.07,0.0,216.86,160.83,0.811,0.4055,4.9614,3.0459,0.0,0.2722
1647,626,211.93,0.38,240.0,105.38,0.6943,0.3472,8.8171,8.5514,166.0452,0.1144
1647,635,320.32,32.26,355.13,80.72,0.3337,0.1668,13.8686,23.0571,0.0,0.1068
1648,362,166.72,0.41,214.18,160.32,0.5981,0.299,4.981,2.7788,0.0,0.2
1648,626,210.68,0.43,238.02,101.09,0.6479,0.324,9.3426,8.7863,168.8686,0.1067
1648,635,319.94,31.77,355.16,80.94,0.2783,0.1391,13.8095,23.0275,0.0,0.0891
1648,636,95.02,0.08,112.21,16.34,0.4766,0.2383,10.0,90.0,0.0,0.0
1648,622,86.84,0.5,129.56,130.24,0.4253,0.2127,6.6682,10.3762,0.0,0.1406
1649,362,163.18,0.21,210.87,160.24,0.7026,0.3513,4.9833,2.5376,0.0,0.2349
1649,626,209.55,0.2,238.06,103.19,0.291,0.1455,9.0746,8.528,10.8733,0.0956
1649,636,94.71,0.06,111.91,16.31,0.2869,0.1434,10.0,90.0,0.0,0.0
1649,471,290.69,30.39,360.0,246.81,0.5898,0.2949,3.065,24.0323,150.2701,0.1659
1650,362,161.75,0.32,209.64,160.51,0.8203,0.4102,4.972,2.5047,0.0,0.2748
1650,626,207.48,0.4,236.44,104.14,0.7402,0.3701,8.9542,8.2478,21.6853,0.2367
1650,471,292.7,30.8,360.0,242.31,0.605,0.3025,3.1415,23.8252,0.0,0.268
1651,362,161.25,0.28,208.33,155.78,0.4197,0.2099,5.1709,1.8243,161.4809,0.0699
1651,626,207.22,0.34,234.85,98.83,0.5176,0.2588,9.638,8.6903,169.7939,0.0853
1652,362,159.77,0.64,206.25,153.63,0.7778,0.3889,5.2659,1.4476,0.0,0.2592
1652,626,203.15,0.26,232.26,102.14,0.7065,0.3533,9.1916,8.0317,14.4024,0.2306
1652,622,83.38,1.06,123.58,126.96,0.5127,0.2564,6.9156,11.1087,158.2818,0.0838
1653,362,158.39,0.58,204.73,152.69,0.8228,0.4114,5.3085,1.2668,0.0,0.2742
1653,626,195.65,0.37,233.16,132.33,0.6206,0.3103,6.4432,5.1993,14.8294,0.203
1653,622,81.2,0.83,122.04,129.59,0.2351,0.1176,6.7344,11.2881,17.7365,0.0757
1654,362,157.11,2.82,202.59,152.19,0.7471,0.3735,5.3314,1.1753,0.0,0.249
1654,626,197.52,0.29,231.18,116.72,0.7114,0.3557,7.6337,6.2697,167.4403,0.1179
1655,362,156.44,1.2,202.12,151.57,0.8306,0.4153,5.3602,1.0911,0.0,0.2768
1655,626,199.47,0.38,230.59,108.55,0.6133,0.3066,8.4368,7.1152,168.589,0.1014
1656,362,155.83,0.51,201.84,151.94,0.709,0.3545,5.343,1.1515,0.0,0.2363
1656,626,200.29,0.32,226.6,90.72,0.3259,0.163,10.8826,8.9539,171.0653,0.0537
1656,622,76.7,0.86,117.28,131.92,0.5098,0.2549,6.5917,11.8653,32.3307,0.1549
1657,362,154.6,0.43,200.79,151.92,0.8286,0.4143,5.344,1.1835,0.0,0.2762
1657,626,196.37,0.6,225.96,100.26,0.813,0.4065,9.4223,7.6612,10.4592,0.2675
1657,622,78.02,0.59,118.46,131.54,0.542,0.271,6.6127,11.7029,0.0,0.1788
1658,622,76.98,0.49,116.86,131.72,0.5059,0.253,6.6053,11.8788,0.0,0.1668
1659,622,76.27,0.43,115.45,131.34,0.7217,0.3609,6.6346,12.0305,0.0,0.2379
1659,362,150.96,0.44,196.4,151.55,0.373,0.1865,5.3618,1.4127,0.0,0.1243
1659,626,193.21,0.5,224.38,102.86,0.4824,0.2412,9.084,7.1686,14.0142,0.1578
1660,626,193.03,0.2,225.76,103.8,0.3025,0.1512,8.9697,7.1099,12.8343,0.0992
1661,626,191.01,0.22,224.19,103.85,0.2344,0.1172,8.9607,6.9574,0.0,0.0778
1661,362,149.42,0.07,194.74,152.34,0.604,0.302,5.3257,1.6501,0.0,0.2013
1662,362,148.93,0.12,193.89,152.55,0.4407,0.2203,5.3162,1.7387,0.0,0.1469
1662,471,298.15,25.04,360.0,233.21,0.4426,0.2213,3.3085,23.5152,152.4987,0.1176
1662,622,68.83,0.35,110.17,135.09,0.397,0.1985,6.4131,12.8311,29.7516,0.122
1663,362,148.82,0.33,193.38,152.06,0.2766,0.1383,5.3389,1.7226,0.0,0.0922
1663,471,300.72,25.43,360.0,228.83,0.3738,0.1869,3.3942,23.3836,0.0,0.1595
1663,622,69.58,0.31,111.29,134.96,0.2737,0.1368,6.4179,12.7059,0.0,0.0901
1663,626,190.99,0.22,222.39,97.81,0.6113,0.3056,9.7513,7.6105,169.9702,0.101
1664,626,189.34,0.23,219.32,94.69,0.4377,0.2188,10.2109,7.8414,168.0528,0.0723
1666,362,146.33,0.8,190.39,152.18,0.3025,0.1512,5.3344,2.0408,0.0,0.1008
1667,-1,66.09,0.07,89.02,16.84,0.269,0.1345,10.0,90.0,0.0,0.0
1667,-1,158.06,0.04,201.94,17.18,0.2186,0.1093,10.0,90.0,0.0,0.0
1668,646,64.96,0.09,87.67,16.69,0.3638,0.1819,10.0,90.0,0.0,0.0
1668,362,144.24,0.13,188.21,152.12,0.7515,0.3757,5.3382,2.2934,0.0,0.2504
1669,362,143.79,0.09,187.21,151.45,0.6758,0.3379,5.3696,2.3381,0.0,0.2252
1670,362,148.34,0.13,180.68,104.2,0.604,0.302,8.9036,6.1056,169.1899,0.1001
1670,646,60.82,0.08,83.58,16.83,0.4824,0.2412,10.0,90.0,0.0,0.0
1671,646,59.1,0.08,81.8,16.82,0.2644,0.1322,10.0,90.0,0.0,0.0
1671,622,58.31,0.21,104.67,144.6,0.4697,0.2349,5.8898,13.8601,22.5955,0.1483
1672,362,149.64,0.0,177.14,82.43,0.3567,0.1784,12.5121,9.0748,172.2565,0.0587
1673,646,53.76,0.05,75.99,16.67,0.2815,0.1407,10.0,90.0,0.0,0.0
1674,-1,144.28,0.07,177.19,32.36,0.2783,0.1391,109.733,15.8413,0.0,0.091
1674,-1,174.94,0.04,192.38,16.73,0.2766,0.1383,10.0,90.0,0.0,0.0
1675,-1,142.17,1.12,192.23,148.92,0.7822,0.3911,5.4893,1.9671,0.0,0.2607
1675,-1,289.69,16.03,359.44,208.12,0.222,0.111,3.8111,21.6085,0.0,0.089
1676,650,141.6,0.34,191.0,146.22,0.6665,0.3332,5.624,1.9909,0.0,0.2221
1676,471,299.18,20.57,351.13,171.03,0.4524,0.4524,4.9058,20.2949,160.571,0.1471
1677,650,141.11,0.51,189.84,144.18,0.6226,0.3113,5.7299,2.0837,162.3264,0.1037
1677,471,294.11,19.78,353.79,185.62,0.2167,0.2167,4.4107,20.5716,21.0845,0.1521
1678,650,142.48,0.24,190.14,140.19,0.3049,0.1525,5.9466,2.0384,163.6853,0.0508
1679,650,142.71,0.04,191.75,143.45,0.7974,0.3987,5.7676,1.8336,16.9852,0.2599
1679,471,293.89,19.6,350.99,172.59,0.5,0.5,4.837,19.9952,160.2314,0.1675
1680,650,142.39,0.19,190.0,138.55,0.8013,0.4007,6.0403,2.1289,163.9843,0.1335
1680,471,295.15,20.0,354.0,172.94,0.4187,0.4187,4.8336,20.2688,0.0,0.2798
1681,650,139.17,0.09,186.34,137.63,0.7686,0.3843,6.0963,2.6363,0.0,0.2561
1681,471,290.6,19.66,356.12,189.06,0.4351,0.2175,4.3056,20.6255,21.5561,0.1555
1682,650,136.66,0.06,183.01,136.15,0.7188,0.3594,6.187,3.1023,149.4206,0.1196
1682,471,293.53,18.91,360.0,196.66,0.4629,0.2314,4.1063,21.3326,25.4289,0.1691
1683,650,143.83,0.0,182.43,108.99,0.4824,0.2412,8.3641,5.5595,168.4111,0.08
1683,471,289.19,18.09,357.43,200.21,0.7739,0.387,4.0004,21.0848,27.5743,0.2863
1684,650,139.43,0.2,183.6,124.53,0.458,0.229,6.9717,3.8469,13.7945,0.1503
1684,471,288.45,16.88,357.06,201.18,0.459,0.2295,3.9737,21.065,0.0,0.1793
1685,650,135.11,0.16,181.8,132.94,0.625,0.3125,6.3884,3.4712,15.8968,0.2042
1685,471,294.52,16.35,356.07,181.89,0.3269,0.1635,4.5327,20.6104,159.438,0.0612
1686,650,134.48,0.1,180.16,130.35,0.8052,0.4026,6.56,3.7932,164.3089,0.1339
1686,471,297.02,15.33,356.41,175.43,0.562,0.281,4.7546,20.5965,160.2369,0.0969
1687,650,133.7,0.12,179.18,129.63,0.8027,0.4013,6.6098,3.954,0.0,0.2672
1687,471,294.82,14.04,355.8,178.78,0.6011,0.3005,4.6344,20.5173,20.8316,0.2021
1688,650,131.63,0.32,178.66,134.28,0.8452,0.4226,6.3066,3.8242,15.7087,0.2762
1688,471,291.78,13.5,354.49,182.51,0.8218,0.8218,4.5041,20.3674,22.2289,0.5647
1688,622,38.8,0.54,88.99,145.8,0.385,0.1925,5.8962,16.2163,0.0,0.1258
1689,650,131.0,0.16,178.3,135.21,0.8027,0.4013,6.2493,3.8446,0.0,0.2673
1689,471,292.51,13.14,353.22,176.94,0.6875,0.6875,4.6861,20.1639,159.8583,0.2439
1689,622,37.76,0.48,89.08,145.75,0.5078,0.2539,5.9009,16.279,0.0,0.1659
1690,650,130.41,0.1,178.31,137.33,0.7725,0.3862,6.1215,3.7964,15.6987,0.2524
1690,471,291.3,13.04,350.87,173.18,0.7808,0.7808,4.81,19.8418,157.7785,0.2646
1690,622,37.78,0.37,91.44,147.79,0.3081,0.154,5.7893,16.1281,17.8868,0.0982
1691,650,130.98,0.12,177.0,131.51,0.71,0.355,6.4861,4.1334,165.2993,0.118
1691,471,290.63,12.28,349.86,171.35,0.7017,0.7017,4.8727,19.6913,0.0,0.466
1692,650,131.11,0.13,176.68,129.62,0.6289,0.3145,6.6132,4.2691,165.577,0.1045
1692,471,289.5,11.75,348.91,171.66,0.7422,0.7422,4.857,19.569,0.0,0.4947
1692,622,35.78,0.46,90.94,146.91,0.4932,0.2466,5.8401,16.29,0.0,0.1611
1693,650,135.34,0.09,181.7,127.85,0.4141,0.2071,6.7316,3.8508,143.7677,0.0689
1693,471,288.54,11.57,347.64,170.78,0.7041,0.7041,4.8846,19.4078,0.0,0.4669
1694,650,132.05,0.03,177.2,125.19,0.6094,0.3047,6.9291,4.5234,156.9959,0.1013
1694,471,287.33,11.25,346.56,171.25,0.7939,0.7939,4.8625,19.2759,0.0,0.529
1695,650,130.93,0.38,174.67,122.82,0.4358,0.2179,7.1126,4.9349,163.4388,0.0724
1695,471,286.31,10.59,345.65,171.55,0.8125,0.8125,4.8475,19.1624,0.0,0.5432
1696,650,129.39,0.23,173.74,125.95,0.5767,0.2883,6.8765,4.8219,14.9983,0.1886
1696,471,285.17,10.09,344.91,173.55,0.7847,0.7847,4.7717,19.0974,0.0,0.5326
1696,622,38.24,0.35,93.17,146.1,0.561,0.2805,5.8727,15.9773,0.0,0.1834
1697,650,129.9,0.64,172.55,123.3,0.3979,0.1989,7.0772,5.0735,166.4189,0.0661
1697,471,284.7,9.92,344.17,174.33,0.6792,0.6792,4.7417,19.0433,0.0,0.4638
1697,622,38.53,0.51,93.19,145.81,0.4756,0.2378,5.8874,15.956,0.0,0.1555
1698,650,128.83,0.27,173.25,131.03,0.6436,0.3218,6.5214,4.5441,14.6249,0.2107
1698,471,283.7,9.78,342.45,173.71,0.7217,0.7217,4.7581,18.8556,0.0,0.4915
1698,622,37.77,0.47,93.21,146.56,0.5098,0.2549,5.8494,16.007,0.0,0.1666
1699,650,129.04,0.14,171.46,127.12,0.4475,0.2238,6.7931,4.8967,165.7353,0.0743
1699,471,281.01,9.66,339.81,174.23,0.6768,0.6768,4.7292,18.5358,0.0,0.4639
1699,622,37.75,0.36,92.88,146.28,0.4495,0.2248,5.8648,16.0294,0.0,0.1469
1700,650,129.02,0.61,169.44,123.59,0.5312,0.2656,7.0575,5.2837,166.0087,0.0882
1700,471,279.17,9.72,337.74,174.16,0.8037,0.8037,4.724,18.2878,0.0,0.5518
1700,622,38.71,0.32,94.59,147.38,0.4358,0.2179,5.8019,15.856,0.0,0.1425
1701,650,130.05,0.31,170.54,125.48,0.3066,0.1533,6.9129,5.0106,15.5859,0.1001
1701,471,278.0,9.48,335.75,171.63,0.7217,0.7217,4.808,18.0158,0.0,0.4878
1701,622,40.13,0.48,96.22,148.72,0.5107,0.2554,5.7273,15.6598,0.0,0.1671
1702,471,280.04,9.04,336.63,170.5,0.6851,0.6851,4.855,18.1706,0.0,0.4586
1702,622,40.3,0.55,94.39,146.44,0.3867,0.1933,5.8479,15.7605,163.2733,0.062
1703,471,275.43,8.88,332.24,170.09,0.8433,0.8433,4.8525,17.5871,0.0,0.5656
1703,622,38.86,0.38,92.24,145.66,0.3523,0.1762,5.8966,15.9969,0.0,0.1152
1704,471,277.86,8.84,333.68,170.15,0.7822,0.7822,4.8578,17.8353,0.0,0.5238
1704,622,38.94,0.23,92.49,146.3,0.2012,0.1006,5.8621,15.9764,0.0,0.0658
1704,650,130.1,0.36,169.59,127.37,0.6245,0.3123,6.7758,4.9296,14.5362,0.2044
1705,471,278.71,8.19,333.26,169.07,0.771,0.771,4.8988,17.8347,0.0,0.512
1705,622,34.89,0.35,88.87,145.89,0.5737,0.2868,5.9002,16.4827,0.0,0.1873
1705,650,132.29,0.17,171.43,129.91,0.75,0.375,6.5959,4.5069,17.9405,0.2435
1706,471,274.45,7.86,328.81,168.31,0.6802,0.6802,4.9105,17.2582,0.0,0.4514
1707,471,272.13,6.73,326.43,167.11,0.8125,0.8125,4.9473,16.9255,0.0,0.5356
1707,622,37.45,0.29,91.87,145.82,0.5796,0.2898,5.8919,16.1151,0.0,0.1894
1707,650,133.2,0.09,171.28,130.04,0.7656,0.3828,6.5866,4.4501,0.0,0.2548
1708,471,270.77,6.13,324.54,165.47,0.8193,0.8193,5.0048,16.6756,0.0,0.5347
1708,662,110.83,0.0,139.09,106.31,0.5601,0.2801,8.735,9.4853,0.0,0.1854
1708,622,35.29,0.37,90.1,145.91,0.6084,0.3042,5.8956,16.3752,0.0,0.1987
1708,650,132.89,0.11,169.9,129.38,0.5601,0.2801,6.6327,4.6001,0.0,0.1864
1709,471,270.25,5.64,323.28,163.48,0.7974,0.7974,5.0806,16.5149,0.0,0.5206
1709,662,110.85,0.0,139.37,107.29,0.3503,0.1752,8.6237,9.3913,11.2202,0.1149
1709,622,35.5,0.4,90.26,146.04,0.4756,0.2378,5.8879,16.351,0.0,0.1553
1709,650,132.93,0.45,167.96,126.86,0.6133,0.3066,6.8116,4.891,165.179,0.1018
1710,471,270.4,5.19,322.57,161.46,0.7974,0.7974,5.1622,16.4367,0.0,0.5207
1710,662,110.58,0.0,138.11,103.7,0.459,0.2295,9.0458,9.7651,169.2049,0.0754
1710,622,36.13,0.32,92.03,147.67,0.6299,0.315,5.7977,16.1977,0.0,0.2058
1711,471,269.88,5.14,321.4,160.36,0.7886,0.7886,5.2051,16.3053,0.0,0.5152
1711,662,110.12,0.05,137.65,103.98,0.4197,0.2099,9.0131,9.7944,0.0,0.1389
1711,622,34.71,0.29,91.81,148.09,0.3452,0.1726,5.7796,16.3079,0.0,0.1128
1712,471,269.62,5.23,320.83,160.27,0.8125,0.8125,5.2073,16.2493,0.0,0.5308
1712,622,35.09,0.46,92.35,147.14,0.5957,0.2979,5.8266,16.2432,0.0,0.1946
1712,650,130.73,0.19,165.21,128.51,0.6069,0.3034,6.6977,5.0923,25.2652,0.1922
1713,471,269.57,5.56,320.37,160.18,0.8271,0.8271,5.2101,16.2142,0.0,0.5404
1713,622,35.6,0.43,93.18,146.76,0.6299,0.315,5.8436,16.1533,0.0,0.2058
1713,650,130.93,0.08,164.5,128.19,0.5571,0.2786,6.7205,5.1449,0.0,0.1853
1714,471,269.64,5.6,320.11,160.09,0.835,0.835,5.2135,16.2001,0.0,0.5456
1714,622,33.41,0.33,90.24,145.78,0.2494,0.1247,5.9063,16.4898,0.0,0.0814
1714,650,131.13,0.09,163.53,125.56,0.2637,0.1318,6.9112,5.3678,166.0827,0.0438
1714,662,105.04,0.0,132.92,104.68,0.3567,0.1784,8.945,10.3047,59.214,0.0889
1715,471,269.45,5.91,319.55,160.18,0.7695,0.7695,5.2083,16.1526,0.0,0.5029
1715,622,35.34,0.2,92.32,146.25,0.3225,0.1613,5.8727,16.226,0.0,0.1054
1715,650,131.38,0.05,163.4,125.64,0.7202,0.3601,6.9052,5.3548,0.0,0.2395
1715,662,104.0,0.0,131.96,104.75,0.4158,0.2079,8.9401,10.4165,0.0,0.1375
1716,471,269.73,6.13,319.42,159.96,0.8203,0.8203,5.2179,16.1584,0.0,0.5361
1716,622,35.61,0.24,93.32,146.99,0.4534,0.2267,5.8313,16.1442,0.0,0.1482
1716,650,131.0,0.04,163.2,127.03,0.543,0.2715,6.8041,5.2972,14.3891,0.1778
1716,662,102.96,0.0,131.41,106.35,0.4658,0.2329,8.7557,10.3939,12.4764,0.1522
1717,471,269.91,5.94,319.37,159.99,0.8442,0.8442,5.2169,16.1675,0.0,0.5517
1717,622,36.28,0.35,93.66,146.34,0.5889,0.2944,5.8631,16.0753,0.0,0.1925
1717,650,130.77,0.08,162.4,124.69,0.6133,0.3066,6.9775,5.5212,166.0609,0.1017
1717,662,100.74,0.0,129.73,107.82,0.4121,0.2061,8.5969,10.526,18.9689,0.1325
1718,471,270.16,5.87,319.59,160.4,0.8184,0.8184,5.2004,16.2058,0.0,0.5348
1718,622,35.95,0.3,93.86,146.55,0.6758,0.3379,5.8524,16.0845,0.0,0.2209
1718,650,130.14,0.05,162.15,125.43,0.7456,0.3728,6.9227,5.5241,0.0,0.248
1718,662,98.93,0.0,128.56,109.16,0.627,0.3135,8.4562,10.6191,17.3771,0.2024
1719,471,270.0,6.22,319.13,160.39,0.8369,0.8369,5.1997,16.165,0.0,0.5469
1719,622,31.36,0.38,88.49,145.34,0.3032,0.1516,5.9381,16.7393,138.9206,0.0484
1719,650,130.05,0.05,161.2,120.32,0.687,0.3435,7.3243,5.9685,166.896,0.1139
1719,662,98.25,0.0,128.31,109.74,0.604,0.302,8.3961,10.6392,0.0,0.1996
1720,471,270.04,6.17,319.0,160.4,0.8394,0.8394,5.1991,16.1593,0.0,0.5485
1720,650,129.53,0.05,160.98,120.08,0.7441,0.372,7.3448,6.0311,0.0,0.2473
1720,662,97.05,0.01,127.47,109.94,0.6836,0.3418,8.3786,10.7526,0.0,0.2259
1721,471,270.33,6.25,319.08,160.32,0.8286,0.8286,5.2032,16.1821,0.0,0.5415
1721,650,129.51,0.09,161.32,119.78,0.6992,0.3496,7.3696,6.0367,0.0,0.2324
1721,662,96.63,0.02,127.3,109.8,0.6943,0.3472,8.3944,10.7978,0.0,0.2294
1721,622,32.01,0.07,89.57,145.57,0.2532,0.1266,5.922,16.6258,0.0,0.0826
1722,471,270.42,6.0,319.16,160.4,0.8394,0.8394,5.2001,16.1947,0.0,0.5485
1722,650,130.84,0.07,164.44,122.97,0.4707,0.2354,7.108,5.5212,16.0159,0.1535
1722,662,95.92,0.02,126.94,109.97,0.7388,0.3694,8.3784,10.8536,0.0,0.2441
1722,622,33.88,0.09,91.92,145.83,0.2444,0.1222,5.8989,16.3479,0.0,0.0798
1723,471,270.9,5.54,319.8,160.63,0.8486,0.8486,5.1926,16.2724,0.0,0.5544
1723,650,130.59,0.06,165.48,125.46,0.8262,0.4131,6.9176,5.2878,13.9264,0.2708
1723,662,95.66,0.08,126.96,110.01,0.769,0.3845,8.3747,10.866,0.0,0.254
1723,622,32.37,0.1,90.08,144.9,0.4534,0.2267,5.956,16.5676,0.0,0.148
1724,471,271.04,5.93,319.82,160.72,0.8135,0.8135,5.1891,16.2845,0.0,0.5315
1724,650,131.82,0.42,168.56,128.21,0.7349,0.3674,6.7157,4.8295,17.5524,0.2388
1724,662,95.68,0.1,127.3,110.25,0.6689,0.3345,8.3488,10.829,0.0,0.221
1724,622,34.84,0.29,93.18,145.76,0.5088,0.2544,5.8979,16.201,0.0,0.1662
1725,471,271.33,5.98,320.08,160.49,0.8306,0.8306,5.1998,16.3162,0.0,0.5426
1725,650,130.71,0.2,168.55,130.22,0.7583,0.3791,6.5777,4.7748,15.1081,0.248
1725,662,94.65,0.06,126.39,109.86,0.5273,0.2636,8.3933,10.9732,0.0,0.1742
1726,471,271.39,5.82,320.15,160.5,0.7939,0.7939,5.1996,16.3249,0.0,0.5186
1726,650,131.77,0.2,170.54,130.06,0.4387,0.2193,6.5865,4.5876,0.0,0.146
1726,662,95.06,0.05,126.14,107.37,0.2744,0.1372,8.6639,11.1196,168.8628,0.0449
1727,471,272.77,5.67,321.89,160.32,0.7769,0.7769,5.2133,16.5255,0.0,0.5072
1727,650,136.71,0.44,177.84,129.78,0.5166,0.2583,6.5987,3.8412,96.8834,0.0859
1727,662,91.73,0.14,123.88,108.15,0.6494,0.3247,8.588,11.414,0.0,0.2143
1728,471,274.22,5.71,324.13,160.54,0.7612,0.7612,5.2112,16.7702,0.0,0.4967
1728,650,138.18,0.43,181.37,129.57,0.2024,0.1012,6.6107,3.5608,0.0,0.0674
1728,662,91.19,0.18,123.98,108.12,0.3442,0.1721,8.5921,11.443,0.0,0.1136
1729,471,275.76,5.73,326.68,160.54,0.7656,0.7656,5.2194,17.0364,0.0,0.4992
1729,650,138.16,0.2,183.25,130.12,0.4377,0.2188,6.5724,3.4069,0.0,0.1458
1729,662,92.54,0.15,125.79,109.31,0.5981,0.299,8.4568,11.1748,17.4816,0.1929
1729,622,37.48,0.79,94.32,145.95,0.3647,0.1824,5.8798,15.951,0.0,0.1192
1730,471,276.65,5.83,328.7,160.54,0.6704,0.6704,5.2253,17.2253,0.0,0.4369
1730,650,137.96,0.16,184.59,129.71,0.6216,0.3108,6.5998,3.3763,0.0,0.207
1730,662,90.72,0.18,124.22,107.67,0.6177,0.3089,8.6424,11.4848,164.9216,0.1009
1731,471,277.01,6.42,330.05,160.54,0.8262,0.8262,5.2287,17.3362,0.0,0.5383
1731,650,134.51,0.42,182.31,132.56,0.4524,0.2262,6.4129,3.502,20.8824,0.1457
1731,662,90.52,0.34,124.85,108.72,0.4341,0.217,8.5261,11.3941,11.3984,0.1418
1731,622,38.46,0.29,94.95,146.42,0.4131,0.2066,5.8516,15.8454,0.0,0.1351
1732,471,277.53,6.65,331.72,160.36,0.8452,0.8452,5.2409,17.475,0.0,0.5505
1732,650,135.94,0.15,185.94,135.18,0.8384,0.4192,6.2453,3.0111,20.4754,0.2704
1732,662,90.58,0.35,126.2,110.74,0.7241,0.362,8.3093,11.1864,12.0254,0.2364
1732,622,39.78,0.37,96.35,147.37,0.582,0.291,5.7966,15.6679,0.0,0.1904
1733,471,277.64,7.01,333.04,160.48,0.8667,0.8667,5.2387,17.5695,0.0,0.5643
1733,650,136.07,0.09,186.28,132.45,0.79,0.395,6.4176,3.1662,165.0927,0.1315
1733,662,90.45,0.17,126.54,109.83,0.6953,0.3477,8.4041,11.2269,0.0,0.2295
1733,622,41.32,0.58,97.02,146.78,0.2959,0.1479,5.8227,15.5187,0.0,0.0968
1734,471,275.47,7.61,330.94,160.53,0.8062,0.8062,5.2278,17.2939,0.0,0.5253
1734,650,135.57,0.12,187.68,134.93,0.8594,0.4297,6.2602,2.9381,15.394,0.2811
1734,662,91.29,0.05,127.95,109.05,0.7266,0.3633,8.483,11.1344,0.0,0.2399
1734,622,41.69,0.57,97.73,148.78,0.668,0.334,5.7181,15.4559,16.801,0.2139
1735,471,277.21,7.93,333.8,160.37,0.8394,0.8394,5.2441,17.589,0.0,0.5465
1735,650,135.86,0.08,188.18,133.45,0.606,0.303,6.3528,2.9889,0.0,0.2019
1735,622,42.29,0.2,97.5,147.31,0.2063,0.1032,5.7922,15.4241,0.0,0.0675
1736,471,277.89,8.6,335.55,160.4,0.8423,0.8423,5.2479,17.7465,0.0,0.5482
1736,650,137.34,0.21,190.85,136.47,0.791,0.3955,6.1645,2.5237,18.3626,0.2568
1736,662,95.42,0.06,132.29,108.14,0.6353,0.3176,8.5665,10.6722,132.0856,0.1041
1737,471,280.36,9.59,338.15,160.42,0.6992,0.6992,5.2577,18.0735,0.0,0.4546
1737,650,137.39,0.12,191.57,137.96,0.7456,0.3728,6.0758,2.3885,0.0,0.2484
1737,662,95.74,0.08,132.89,107.54,0.7031,0.3515,8.6313,10.6563,0.0,0.2323
1738,471,277.85,10.05,336.81,160.61,0.7847,0.7847,5.2415,17.8287,0.0,0.5106
1738,650,138.96,0.08,192.86,137.9,0.6699,0.335,6.0784,2.2023,0.0,0.2232
1738,662,96.28,0.31,133.5,106.91,0.8018,0.4009,8.7,10.6296,0.0,0.265
1738,622,43.81,0.51,98.52,148.22,0.2622,0.1311,5.7406,15.2588,0.0,0.0859
1739,471,279.89,10.21,339.25,160.13,0.7305,0.7305,5.2714,18.1093,0.0,0.4749
1739,650,138.08,0.07,191.95,137.48,0.5244,0.2622,6.1037,2.3439,0.0,0.1747
1739,662,96.78,0.17,134.62,107.48,0.6436,0.3218,8.6331,10.4929,0.0,0.2127
1739,622,44.73,0.28,99.19,148.64,0.2043,0.1022,5.7162,15.155,0.0,0.0669
1740,471,276.79,10.16,337.73,159.94,0.7393,0.7393,5.2697,17.8086,0.0,0.4811
1740,650,140.19,0.2,193.55,137.57,0.4609,0.2304,6.0973,2.0971,0.0,0.1536
1740,662,96.05,0.62,134.08,108.3,0.5469,0.2735,8.5447,10.5143,0.0,0.1808
1740,622,45.03,0.1,97.96,145.99,0.2128,0.1064,5.8546,15.2063,163.746,0.0342
1741,471,274.46,10.04,337.25,160.35,0.8628,0.8628,5.2464,17.6339,0.0,0.5617
1741,650,141.41,0.9,194.28,137.72,0.2673,0.1336,6.0879,1.9626,0.0,0.0891
1742,471,272.56,10.17,336.87,160.31,0.8564,0.8564,5.2434,17.4858,0.0,0.5577
1742,650,142.68,0.43,195.13,137.39,0.4082,0.2041,6.1069,1.8527,0.0,0.136
1742,662,96.79,0.16,135.5,109.0,0.3057,0.1529,8.465,10.3362,0.0,0.1011
1743,471,271.11,10.21,336.97,160.49,0.8818,0.8818,5.2329,17.4014,0.0,0.5744
1743,650,147.63,0.34,195.18,125.8,0.668,0.334,6.8708,2.8859,165.7768,0.1112
1743,662,97.32,0.66,135.95,109.69,0.2893,0.1447,8.3898,10.2305,0.0,0.0957
1743,622,45.9,1.3,98.52,147.35,0.373,0.1865,5.7809,15.1152,0.0,0.1222
1744,471,269.32,10.41,336.49,160.18,0.8877,0.8877,5.2415,17.249,0.0,0.5785
1744,650,148.15,0.2,197.45,133.2,0.5352,0.2676,6.3629,1.862,15.1957,0.1752
1745,471,267.9,10.94,336.31,160.07,0.8306,0.8306,5.2429,17.1432,0.0,0.5414
1745,650,149.66,0.2,199.65,135.92,0.7217,0.3609,6.193,1.39,18.3353,0.2344
1745,662,98.36,0.39,134.68,105.97,0.6689,0.3345,8.8018,10.5002,169.0672,0.1096
1746,471,265.46,11.13,335.64,160.68,0.8535,0.8535,5.2108,16.9518,0.0,0.5566
1746,650,151.16,0.16,201.34,137.01,0.8286,0.4143,6.1272,1.1382,0.0,0.2762
1746,662,99.58,1.2,136.59,108.99,0.3442,0.1721,8.4596,10.1012,12.4841,0.1125
1747,471,264.58,11.47,335.94,160.82,0.8545,0.8545,5.2038,16.9166,0.0,0.5573
1747,650,152.42,0.05,202.87,139.36,0.7769,0.3885,5.99,0.7467,18.248,0.2524
1747,662,100.82,0.5,138.1,110.44,0.4465,0.2233,8.302,9.8356,15.2023,0.1451
1748,471,263.51,12.15,336.17,161.24,0.8271,0.8271,5.1845,16.8697,0.0,0.5395
1748,650,153.93,0.05,204.55,142.21,0.8193,0.4097,5.8311,0.2791,18.4687,0.2661
1749,471,262.16,12.96,336.85,163.73,0.8525,0.8525,5.081,16.8761,18.5144,0.5414
1749,650,154.97,0.06,204.65,141.9,0.8262,0.4131,5.848,0.3026,0.0,0.2754
1749,662,107.42,0.59,138.83,94.43,0.353,0.1765,10.3367,10.7006,170.331,0.0578
1750,471,263.29,13.99,339.21,166.5,0.8726,0.8726,4.9783,17.1644,22.9829,0.5482
1750,650,155.95,0.06,204.74,141.56,0.6841,0.3421,5.8666,0.3536,0.0,0.228
1751,471,262.95,14.55,339.87,168.01,0.8667,0.8667,4.9211,17.2223,0.0,0.574
1751,650,156.6,0.06,204.78,141.77,0.8535,0.4268,5.8551,0.335,0.0,0.2845
1752,471,263.72,15.4,340.72,168.65,0.8916,0.8916,4.9,17.3426,0.0,0.5928
1752,650,157.18,0.02,204.93,142.43,0.7925,0.3962,5.8192,0.2714,0.0,0.2642
1752,662,106.9,0.09,146.67,122.3,0.3557,0.1779,7.2026,8.1909,13.3336,0.1164
1753,471,263.94,16.16,341.12,169.7,0.9038,0.9038,4.862,17.4099,0.0,0.6054
1753,650,158.48,0.65,204.57,139.61,0.6143,0.3071,5.9757,0.6669,163.9147,0.1024
1753,662,114.61,0.0,146.43,98.13,0.5039,0.252,9.7594,9.5918,169.9445,0.0828
1754,471,262.79,16.71,341.3,173.59,0.8931,0.8931,4.7197,17.4602,19.817,0.5974
1754,650,159.29,0.33,205.71,142.98,0.8101,0.4051,5.7896,0.3875,17.0055,0.2641
1754,662,113.97,0.0,151.1,118.47,0.6802,0.3401,7.5064,7.6878,12.786,0.2229
1755,471,262.35,17.64,341.01,175.76,0.8965,0.8965,4.6432,17.4831,0.0,0.6265
1756,471,262.92,18.53,340.99,176.74,0.8677,0.8677,4.611,17.5505,0.0,0.61
1756,650,160.77,0.25,206.63,144.84,0.7422,0.3711,5.6916,0.5445,0.0,0.2474
1756,662,120.0,0.11,154.59,113.67,0.5068,0.2534,7.9321,7.4741,162.7883,0.0837
1757,471,264.85,20.05,340.75,175.77,0.8076,0.8076,4.647,17.6248,0.0,0.5638
1757,650,161.6,0.26,206.31,144.5,0.771,0.3855,5.7093,0.5721,0.0,0.257
1757,662,123.69,0.87,158.12,113.62,0.6074,0.3037,7.9293,7.069,0.0,0.2017
1758,471,263.29,20.51,340.54,181.03,0.8218,0.8218,4.4703,17.6993,20.8686,0.575
1758,650,162.56,0.26,206.24,144.47,0.3469,0.1734,5.711,0.635,0.0,0.1156
1759,471,261.42,20.94,339.0,183.97,0.8555,0.8555,4.3725,17.6037,0.0,0.6286
1759,650,163.5,0.21,205.94,143.65,0.6533,0.3266,5.7542,0.6792,0.0,0.2178
1759,662,131.39,0.64,168.14,115.17,0.6133,0.3066,7.7678,5.9735,49.2184,0.1684
1760,471,260.61,20.53,337.31,183.94,0.6289,0.6289,4.3691,17.4477,0.0,0.4625
1761,471,259.63,19.51,336.33,185.07,0.7192,0.7192,4.3314,17.3744,0.0,0.5326
1762,471,241.11,18.75,322.41,186.46,0.543,0.543,4.239,15.4385,64.8633,0.3064
1763,471,251.76,18.07,331.73,185.93,0.5708,0.5708,4.2852,16.6433,112.5286,0.2367
1764,471,255.94,17.71,335.0,186.32,0.6738,0.6738,4.2857,17.12,0.0,0.5034
1765,471,257.43,17.38,335.66,186.61,0.8037,0.8037,4.2806,17.2653,0.0,0.6008
1765,685,140.94,0.22,167.35,96.16,0.4226,0.2113,9.9899,7.756,0.0,0.1402
1765,622,47.56,15.66,95.49,145.85,0.4436,0.4436,5.8619,15.2019,0.0,0.2906
1765,650,169.42,0.22,211.2,146.27,0.4639,0.2319,5.6199,1.5146,35.9288,0.1399
1766,471,257.28,16.89,334.81,186.31,0.7393,0.7393,4.2879,17.1903,0.0,0.5521
1767,471,257.75,16.42,334.34,185.98,0.7456,0.7456,4.2977,17.1756,0.0,0.5558
1768,471,258.48,16.61,334.08,186.1,0.8574,0.8574,4.2949,17.2099,0.0,0.6394
1768,685,148.62,0.21,171.38,81.7,0.5718,0.2859,12.6865,9.307,171.7164,0.094
1769,471,257.7,16.41,333.86,189.44,0.7485,0.7485,4.1959,17.3029,0.0,0.568
1769,662,150.13,0.32,197.93,144.61,0.5381,0.2691,5.704,0.8611,21.0469,0.1734
1770,471,258.0,16.24,333.92,191.33,0.7139,0.7139,4.1431,17.4166,0.0,0.5466
1770,662,151.48,0.26,194.1,125.07,0.6084,0.3042,6.9245,2.9044,166.1839,0.1013
1770,622,41.12,13.3,92.74,146.82,0.4688,0.4688,5.8298,15.8168,0.0,0.3066
1771,471,257.1,16.73,333.88,197.35,0.7598,0.7598,3.9795,17.6736,23.1327,0.5776
1771,622,43.71,15.4,96.18,152.99,0.2991,0.2991,5.5121,15.4596,18.2399,0.1908
1771,650,170.9,0.28,210.57,144.18,0.272,0.136,5.728,1.5404,163.176,0.0453
1772,471,256.43,17.01,334.19,203.8,0.5254,0.5254,3.8175,18.0216,24.0418,0.4093
1772,685,156.54,0.0,175.36,64.35,0.4648,0.2324,18.589,11.4517,174.4486,0.0759
1773,471,254.92,17.75,331.95,207.51,0.7695,0.7695,3.7243,18.0359,0.0,0.6313
1773,685,157.9,0.0,177.27,63.65,0.2234,0.1117,18.9383,11.5101,166.8358,0.0365
1773,650,174.02,0.14,211.99,139.77,0.4795,0.2397,5.97,1.9618,162.3236,0.0799
1774,471,254.51,18.13,330.9,210.97,0.7769,0.7769,3.6438,18.1781,0.0,0.6455
1774,685,159.52,0.0,178.99,61.15,0.4785,0.2392,20.3053,11.8185,174.19,0.0781
1774,650,175.0,0.09,212.83,141.14,0.627,0.3135,5.8936,2.0378,0.0,0.2089
1774,622,38.68,2.68,96.16,152.95,0.2798,0.1399,5.5239,15.7942,0.0,0.0915
1775,471,254.32,18.73,329.92,214.51,0.7017,0.7017,3.5648,18.3525,0.0,0.5902
1775,685,161.7,0.0,181.99,61.58,0.4148,0.2074,20.0532,11.7192,27.5799,0.129
1775,622,35.79,10.31,92.99,153.65,0.4282,0.4282,5.5031,16.2022,0.0,0.2798
1776,471,253.23,20.23,327.57,216.53,0.8315,0.8315,3.5173,18.3066,0.0,0.7047
1776,650,176.82,0.24,215.3,143.3,0.6807,0.3403,5.7775,2.3056,22.7576,0.218
1777,471,250.27,21.36,323.18,217.85,0.791,0.791,3.4801,18.0075,0.0,0.6747
1777,650,177.37,1.0,214.8,140.32,0.2247,0.1124,5.9407,2.3666,164.0308,0.0374
1777,662,162.41,0.41,211.7,140.3,0.645,0.3225,5.9376,1.1431,21.5129,0.2075
1777,622,34.0,14.37,93.75,159.85,0.5518,0.5518,5.2285,16.3595,18.2381,0.3512
1778,471,251.23,22.42,323.12,218.36,0.8237,0.8237,3.4708,18.0931,0.0,0.7035
1778,650,176.99,0.42,214.78,139.99,0.6152,0.3076,5.9592,2.3498,0.0,0.205
1778,622,30.76,8.67,95.28,165.51,0.4658,0.4658,5.0007,16.589,19.2423,0.2954
1779,622,29.79,5.15,95.7,164.43,0.2295,0.2295,5.0444,16.5996,0.0,0.1498
1779,662,165.77,0.85,214.52,141.03,0.6226,0.3113,5.8979,1.5166,0.0,0.2075
1780,622,29.06,5.22,94.83,163.39,0.248,0.248,5.0891,16.6807,0.0,0.1619
1780,662,168.23,1.46,217.11,142.67,0.3149,0.1575,5.8093,1.8276,0.0,0.1049
1780,471,251.15,23.31,323.4,222.1,0.7671,0.7671,3.3958,18.3842,0.0,0.6624
1781,622,27.54,6.46,96.38,172.52,0.2673,0.2673,4.7428,16.9174,19.784,0.1783
1781,662,170.64,0.84,219.77,144.07,0.4233,0.2117,5.7361,2.181,0.0,0.141
1781,471,247.38,22.69,318.33,223.07,0.6655,0.6655,3.3656,18.001,0.0,0.5778
1782,622,28.32,7.65,96.03,170.32,0.2379,0.2379,4.8215,16.8244,0.0,0.1609
1782,471,249.79,22.45,320.56,223.39,0.8228,0.8228,3.3651,18.2654,0.0,0.7141
1782,650,176.55,0.43,214.47,143.42,0.4072,0.2036,5.7707,2.2262,16.4883,0.1329
1783,622,27.26,9.41,88.42,158.28,0.3191,0.3191,5.3204,17.1214,161.7774,0.1017
1783,471,249.38,22.05,320.56,224.49,0.8477,0.8477,3.3433,18.3304,0.0,0.738
1783,650,173.5,0.25,211.91,142.6,0.5254,0.2627,5.8131,1.8336,0.0,0.1751
1784,622,26.99,8.87,85.05,150.48,0.4775,0.4775,5.6907,17.273,163.2318,0.152
1784,471,248.92,21.22,320.36,224.67,0.8296,0.8296,3.339,18.3108,0.0,0.7228
1784,662,176.8,0.75,227.86,142.77,0.5571,0.2786,5.8106,3.206,123.7979,0.0927
1785,622,26.77,12.38,84.62,154.0,0.2644,0.2644,5.5229,17.3459,17.3628,0.1682
1785,471,248.83,21.34,320.05,224.24,0.8394,0.8394,3.3468,18.2563,0.0,0.7305
1786,622,30.74,14.22,78.99,128.76,0.2247,0.2247,6.9966,17.5227,166.3225,0.0714
1786,471,248.48,21.08,319.74,224.13,0.8262,0.8262,3.3481,18.2138,0.0,0.719
1786,662,179.65,0.69,232.87,145.13,0.4141,0.2071,5.6896,3.7665,30.9255,0.1281
1787,622,31.98,12.43,78.79,121.41,0.5156,0.5156,7.5675,17.5991,167.1917,0.1638
1787,471,248.04,21.25,319.23,223.68,0.8027,0.8027,3.3556,18.1295,0.0,0.6978
1787,662,183.21,0.52,236.61,143.67,0.4377,0.2188,5.7702,4.2845,0.0,0.1457
1788,622,31.96,14.6,78.71,121.19,0.2255,0.2255,7.5864,17.6107,0.0,0.1468
1788,471,248.34,21.85,319.35,223.85,0.8184,0.8184,3.3529,18.1645,0.0,0.7117
1788,662,184.57,0.32,238.15,142.52,0.5117,0.2559,5.8337,4.4961,0.0,0.1703
1789,622,31.63,14.2,79.29,121.45,0.5068,0.5068,7.5638,17.5886,0.0,0.33
1789,471,248.27,21.87,319.43,224.08,0.8677,0.8677,3.3484,18.1832,0.0,0.7551
1789,662,185.86,0.19,239.83,142.08,0.5273,0.2636,5.8595,4.7108,0.0,0.1755
1790,622,33.41,15.06,81.24,120.26,0.3032,0.3032,7.6544,17.3779,0.0,0.1975
1790,471,246.5,22.42,318.07,224.33,0.8691,0.8691,3.3398,18.0429,0.0,0.7575
1790,662,185.63,0.41,238.97,140.33,0.5938,0.2969,5.9559,4.6548,0.0,0.1976
1791,622,34.1,15.2,83.41,121.47,0.2056,0.2056,7.5437,17.1645,17.4584,0.1309
1791,471,240.98,19.18,313.34,223.93,0.3523,0.3523,3.3353,17.4905,0.0,0.3076
1791,662,183.44,0.58,235.71,140.6,0.5527,0.2763,5.9374,4.2642,0.0,0.184
1792,471,239.78,21.55,312.58,223.12,0.8306,0.8306,3.3486,17.3243,0.0,0.7241
1792,662,186.55,0.68,239.01,141.49,0.3748,0.1874,5.8919,4.7073,0.0,0.1247
1793,471,232.77,21.71,306.61,224.28,0.668,0.668,3.3118,16.7773,0.0,0.5862
1793,662,186.54,0.29,238.37,142.71,0.4844,0.2422,5.8248,4.6509,0.0,0.1612
1793,622,35.22,12.21,89.58,126.83,0.5537,0.5537,7.0998,16.5766,15.2565,0.355
1794,471,228.06,22.78,302.84,226.0,0.8218,0.8218,3.2703,16.5217,0.0,0.7261
1794,662,187.71,0.23,239.25,144.28,0.709,0.3545,5.7424,4.7935,0.0,0.2359
1794,622,35.52,10.08,91.17,124.43,0.3276,0.3276,7.2791,16.5025,165.5134,0.1047
1795,471,224.19,24.11,300.67,228.4,0.8145,0.8145,3.2197,16.4616,0.0,0.7252
1795,662,189.74,0.21,241.23,144.95,0.8467,0.4234,5.71,5.0807,0.0,0.2817
1795,622,23.36,7.83,104.57,180.27,0.6646,0.6646,4.4741,16.9351,20.8574,0.4655
1796,471,220.93,24.69,299.19,230.49,0.8086,0.8086,3.1773,16.4459,0.0,0.7245
1796,662,190.7,0.19,242.25,145.75,0.7241,0.362,5.67,5.2258,0.0,0.2409
1796,622,15.44,6.87,105.15,200.12,0.6196,0.6196,3.9218,18.3213,24.2,0.4735
1797,471,216.38,25.07,296.35,231.44,0.7148,0.7148,3.1536,16.2128,0.0,0.643
1797,662,190.61,0.65,242.25,148.08,0.4302,0.2151,5.5525,5.2459,17.0235,0.14
1797,622,15.84,7.69,107.35,208.81,0.4341,0.4341,3.7091,18.6794,24.6555,0.3433
1797,716,26.28,8.86,98.05,129.46,0.4785,0.4785,6.9089,16.561,0.0,0.3124
1798,471,212.23,24.92,293.6,233.06,0.8286,0.8286,3.1191,16.0816,0.0,0.7494
1798,662,190.81,0.54,243.03,150.78,0.6152,0.3076,5.4225,5.371,17.7603,0.1997
1798,716,29.01,8.75,100.1,128.2,0.6299,0.6299,6.9878,16.2695,0.0,0.4115
1799,471,209.91,25.31,291.99,234.01,0.7861,0.7861,3.0993,16.0166,0.0,0.7131
1799,662,191.2,0.59,242.58,149.59,0.5786,0.2893,5.4793,5.3388,0.0,0.1924
1799,716,21.26,8.71,111.08,160.51,0.5918,0.5918,5.1918,16.071,18.1403,0.377
1800,471,208.07,26.56,289.92,234.52,0.7285,0.7285,3.0873,15.9112,0.0,0.6621
1800,662,191.6,1.16,242.79,150.29,0.7139,0.3569,5.4462,5.3974,0.0,0.2374
1800,716,16.75,9.26,114.73,176.41,0.6406,0.6406,4.5949,16.5662,20.4158,0.4394
1801,471,206.08,20.61,290.98,237.37,0.626,0.626,3.0384,16.1768,0.0,0.5728
1801,662,191.9,0.91,243.21,151.0,0.5127,0.2564,5.413,5.4655,0.0,0.1705
1802,471,205.87,23.77,289.3,237.4,0.6885,0.6885,3.0364,16.1063,0.0,0.6303
1803,471,205.8,22.15,289.4,237.08,0.3149,0.3149,3.0418,16.0731,0.0,0.288
1804,471,205.55,22.27,289.05,237.76,0.6152,0.6152,3.03,16.1229,0.0,0.5637
1804,662,193.18,0.75,244.86,151.48,0.3259,0.163,5.3925,5.6828,0.0,0.1084
1805,471,205.83,25.0,288.49,238.54,0.8125,0.8125,3.0168,16.1962,0.0,0.7458
1805,662,191.14,0.52,242.3,152.61,0.3032,0.1516,5.3368,5.3964,0.0,0.1008
1805,622,19.27,11.98,104.75,205.15,0.561,0.561,3.7932,18.4102,0.0,0.4547
1806,471,203.71,26.97,284.87,238.99,0.7129,0.7129,3.0051,16.0285,0.0,0.6557
1806,662,191.02,0.44,241.59,152.44,0.2024,0.1012,5.3441,5.3334,0.0,0.0673
1806,622,19.56,12.34,103.54,206.74,0.8027,0.8027,3.7571,18.558,0.0,0.6542
1807,471,201.42,22.12,282.88,238.57,0.6489,0.6489,3.0089,15.8246,0.0,0.5967
1807,622,20.21,13.26,102.53,207.82,0.644,0.644,3.7325,18.644,0.0,0.5269
1808,471,200.67,7.95,286.17,238.94,0.4036,0.4036,3.0046,15.9586,0.0,0.3713
1808,622,24.12,14.01,99.41,192.89,0.5244,0.5244,4.1073,17.7683,157.3855,0.2289
1808,662,192.57,0.31,242.49,153.33,0.4514,0.2257,5.305,5.5324,0.0,0.1501
1809,471,201.41,14.89,283.57,239.61,0.5679,0.5679,2.9923,15.9648,0.0,0.5233
1809,622,20.56,13.4,101.28,209.09,0.7529,0.7529,3.7047,18.7729,24.8639,0.5953
1809,726,226.38,1.98,267.27,69.04,0.4436,0.2218,16.7394,14.1182,0.0,0.1456
1809,662,192.28,0.26,240.99,150.36,0.6069,0.3034,5.442,5.3206,161.7904,0.1007
1810,471,197.91,5.92,281.47,239.19,0.6592,0.6592,2.9953,15.7173,0.0,0.6075
1810,622,19.81,15.21,100.1,214.67,0.7471,0.7471,3.584,19.2339,26.1338,0.5998
1810,726,225.16,2.26,266.95,71.0,0.5293,0.2646,15.9895,13.8517,6.4177,0.1733
1810,662,194.1,0.14,242.43,151.73,0.3611,0.1805,5.3797,5.5844,0.0,0.1201
1811,471,199.03,16.36,277.97,240.11,0.7002,0.7002,2.9787,15.7382,0.0,0.6468
1811,622,18.03,16.14,98.76,221.97,0.5146,0.5146,3.4375,19.8904,27.3686,0.4208
1811,726,224.31,2.92,266.41,72.62,0.3098,0.1549,15.4166,13.6261,6.7307,0.1015
1811,662,195.36,0.1,241.81,146.67,0.5908,0.2954,5.6261,5.5331,163.1777,0.098
1812,471,198.83,7.59,279.45,240.54,0.543,0.543,2.9726,15.8313,0.0,0.5019
1812,622,19.34,16.18,96.51,216.55,0.4312,0.4312,3.55,19.5792,154.4107,0.2188
1812,726,225.75,3.39,264.14,67.38,0.4026,0.2013,17.4123,14.1208,174.3802,0.0651
1813,471,195.92,3.67,278.48,246.16,0.5518,0.2759,2.8816,16.3438,0.0,0.2581
1813,726,226.44,3.92,263.68,66.27,0.5815,0.2908,17.9026,14.2454,174.5664,0.0939
1814,726,226.73,4.55,265.12,69.17,0.3867,0.1933,16.682,14.0245,6.1585,0.1266
1814,662,196.29,0.22,244.26,153.83,0.6362,0.3181,5.2862,5.9281,18.41,0.2061
1815,662,197.54,0.22,244.36,151.41,0.3711,0.1855,5.3986,5.9505,162.0372,0.0615
1815,622,11.92,15.97,95.03,235.77,0.3167,0.3167,3.194,21.3793,29.3041,0.2666
1815,471,191.28,0.43,276.36,256.02,0.5859,0.2929,2.7329,17.2899,32.9923,0.2637
1816,662,196.36,0.12,243.77,153.14,0.7769,0.3885,5.3172,5.8766,0.0,0.2583
1816,622,16.08,20.98,83.72,197.07,0.6143,0.6143,4.0347,19.388,157.1514,0.2722
1816,471,194.81,3.45,278.45,261.84,0.3774,0.1887,2.6566,18.1315,0.0,0.1816
1817,662,195.28,0.09,243.43,154.14,0.3711,0.1855,5.2709,5.8121,0.0,0.1234
1817,622,10.12,22.36,92.2,240.41,0.5264,0.5264,3.1212,21.9515,28.6367,0.4486
1817,471,190.95,1.18,275.82,265.8,0.4912,0.2456,2.6008,18.4219,0.0,0.2381
1817,729,243.9,6.78,289.46,135.65,0.4177,0.4177,6.3642,12.3039,0.0,0.2753
1818,662,194.88,0.09,243.46,153.94,0.7485,0.3743,5.2797,5.7796,0.0,0.2489
1818,622,10.45,22.01,91.76,239.59,0.4707,0.4707,3.1351,21.8964,0.0,0.4195
1818,729,243.13,7.84,288.4,136.67,0.3372,0.3372,6.298,12.1664,0.0,0.2223
1819,662,197.57,0.09,245.61,152.27,0.4243,0.2122,5.3595,6.0625,0.0,0.141
1819,622,17.3,21.38,85.28,197.17,0.5786,0.5786,4.0273,19.2285,157.0134,0.2571
1819,729,241.56,8.22,287.84,140.95,0.385,0.385,6.0424,11.9849,15.9521,0.2489
1820,662,200.78,0.0,249.61,153.39,0.3311,0.1656,5.3138,6.5949,0.0,0.11
1820,622,10.37,20.37,84.61,210.3,0.2316,0.2316,3.7194,20.3606,26.1472,0.1812
1820,729,241.93,7.98,288.92,143.93,0.6919,0.6919,5.8801,12.0768,16.8153,0.4463
1820,471,177.25,0.33,263.06,272.54,0.6899,0.3449,2.5035,18.6387,54.163,0.2911
1821,662,204.56,0.15,252.02,148.8,0.4534,0.2267,5.5359,6.93,160.148,0.075
1821,729,243.08,8.08,290.13,145.24,0.7241,0.7241,5.8141,12.2399,0.0,0.4772
1821,471,173.85,0.33,259.15,275.01,0.2727,0.1363,2.4709,18.8104,0.0,0.1334
1822,662,200.18,0.03,256.06,180.28,0.3933,0.1966,4.3068,8.5834,21.5497,0.144
1822,729,244.04,7.9,290.82,145.78,0.708,0.708,5.7885,12.3542,0.0,0.4665
1823,662,198.08,0.0,256.74,193.07,0.3887,0.1943,3.9387,9.6979,23.3496,0.1508
1823,729,245.79,8.02,291.78,145.31,0.7485,0.7485,5.8177,12.5384,0.0,0.493
1823,622,3.77,21.22,68.47,185.84,0.6533,0.3266,4.4037,20.5709,157.9664,0.1279
1824,662,204.26,0.23,253.55,160.21,0.2338,0.1169,5.0251,7.353,161.3086,0.0386
1824,729,248.29,8.13,293.5,145.05,0.7202,0.7202,5.8386,12.8261,0.0,0.4741
1824,622,8.0,21.5,69.65,171.22,0.7754,0.7754,4.8815,19.8042,160.1114,0.2554
1824,471,172.06,0.34,255.86,275.34,0.5767,0.2883,2.4651,18.7666,0.0,0.2819
1825,729,248.56,8.19,293.61,145.37,0.7007,0.7007,5.8223,12.8526,0.0,0.4613
1825,622,9.55,22.21,69.28,160.64,0.2415,0.2415,5.2984,19.5231,162.017,0.0759
1825,471,172.69,0.48,254.35,274.17,0.6523,0.3261,2.4788,18.6066,0.0,0.3195
1826,729,251.56,8.32,295.78,144.69,0.6577,0.6577,5.8674,13.2037,0.0,0.4327
1826,471,172.06,0.34,253.03,274.69,0.4534,0.2267,2.4719,18.6407,0.0,0.2219
1827,729,251.15,8.42,295.25,144.1,0.5332,0.5332,5.8974,13.1394,0.0,0.3508
1827,471,167.2,1.19,247.25,274.32,0.3286,0.1643,2.4731,18.441,0.0,0.1609
1828,729,253.31,8.35,297.17,144.51,0.5889,0.5889,5.8826,13.4169,0.0,0.3872
1829,729,255.73,8.35,299.22,145.3,0.7847,0.7847,5.8487,13.721,0.0,0.5157
1830,729,256.02,8.39,299.04,144.22,0.5767,0.5767,5.9066,13.7273,0.0,0.379
1830,739,209.11,0.07,249.67,82.28,0.4282,0.2141,12.6308,11.1991,0.0,0.1414
1831,729,260.44,8.45,297.57,124.01,0.7153,0.7153,7.2272,14.1966,166.7633,0.2312
1831,739,209.44,0.01,249.73,81.49,0.6621,0.3311,12.8174,11.3012,172.2791,0.1082
1831,471,168.24,77.3,233.51,273.9,0.4524,0.4524,2.475,18.2384,0.0,0.4433
1832,729,259.49,8.29,300.68,137.59,0.7188,0.7188,6.2954,14.1004,15.2721,0.4635
1832,739,216.16,0.05,246.92,61.37,0.3459,0.1729,20.3317,13.7078,175.2113,0.056
1833,729,259.38,8.31,301.55,141.78,0.791,0.791,6.0522,14.1273,15.8819,0.5093
1833,662,207.85,0.71,259.76,169.73,0.3354,0.1677,4.6682,8.4959,22.7029,0.1143
1834,729,258.21,8.11,301.26,143.53,0.7544,0.7544,5.9523,14.0256,16.7087,0.4848
1835,729,259.61,7.68,302.91,144.18,0.7031,0.7031,5.9228,14.2313,0.0,0.4615
1835,744,208.87,0.08,255.13,88.48,0.3293,0.1646,11.3443,10.787,0.0,0.1088
1836,729,258.37,7.43,302.12,144.58,0.8423,0.8423,5.8974,14.0946,0.0,0.5531
1836,744,209.27,0.02,255.43,88.13,0.2444,0.1222,11.4119,10.8555,0.0,0.0807
1837,729,258.81,6.96,302.32,144.71,0.7285,0.7285,5.8916,14.1379,0.0,0.4783
1837,744,209.59,0.11,256.22,89.01,0.3503,0.1752,11.2485,10.82,10.3465,0.1148
1838,729,258.23,6.97,301.61,144.83,0.7988,0.7988,5.8827,14.0509,0.0,0.5246
1838,744,210.07,0.14,255.65,86.76,0.3513,0.1757,11.6809,11.0423,171.7059,0.0575
1838,662,209.08,1.05,256.63,153.98,0.2822,0.1411,5.3006,7.6728,162.1361,0.0466
1839,729,257.88,6.98,300.88,144.85,0.7407,0.7407,5.8797,13.978,0.0,0.4865
1839,744,211.95,0.04,260.09,92.3,0.3459,0.1729,10.6798,10.8094,10.5975,0.1133
1840,729,257.84,6.69,300.29,144.37,0.4717,0.4717,5.9042,13.935,0.0,0.3098
1840,744,211.65,0.06,256.65,85.67,0.4609,0.2304,11.9072,11.2738,171.4674,0.0753
1841,729,256.33,6.69,298.57,144.82,0.7422,0.7422,5.8741,13.7169,0.0,0.4877
1841,744,212.87,0.12,259.04,88.29,0.2798,0.1399,11.3952,11.1867,10.5127,0.0916
1842,729,255.83,6.54,297.83,145.53,0.4263,0.4263,5.8342,13.634,0.0,0.2802
1842,744,217.52,0.09,256.16,72.7,0.3252,0.1626,15.3414,12.8647,173.6759,0.0528
1843,729,255.61,6.32,296.65,144.54,0.4167,0.4167,5.8843,13.5377,0.0,0.2739
1843,662,215.02,0.13,260.29,148.08,0.2583,0.1291,5.59,8.2373,159.3077,0.0426
1844,729,253.91,6.22,294.29,144.28,0.5469,0.5469,5.8909,13.2619,0.0,0.3597
1844,754,168.99,148.67,255.7,273.21,0.4746,0.4746,2.4896,18.4492,0.0,0.4658
1844,744,216.38,0.0,261.24,85.05,0.4629,0.2314,12.0562,11.7807,8.1864,0.1519
1845,729,253.62,6.16,293.24,145.1,0.6768,0.6768,5.8447,13.1716,0.0,0.4453
1845,756,3.81,24.33,65.78,175.58,0.5225,0.2612,4.7429,20.4146,0.0,0.1777
1845,662,217.2,0.0,263.55,153.36,0.2935,0.1467,5.3441,8.7001,20.0944,0.0943
1846,729,252.13,5.89,291.1,144.38,0.5708,0.5708,5.8768,12.9236,0.0,0.3757
1846,756,8.67,23.81,66.82,165.73,0.272,0.272,5.0961,19.8207,160.26,0.0853
1846,662,218.54,0.0,262.83,149.04,0.269,0.1345,5.5494,8.6718,162.9625,0.0443
1846,744,218.35,0.0,262.98,85.74,0.4216,0.2108,11.9201,11.8963,23.6169,0.1331
1847,756,6.06,23.27,78.25,200.08,0.2268,0.2268,3.9839,20.4419,23.1132,0.1711
1847,744,225.96,0.08,271.78,85.4,0.2012,0.1006,12.0297,12.7614,114.9288,0.0327
1848,754,141.9,12.74,313.62,264.85,0.6494,0.6494,2.6072,18.0283,128.6656,0.413
1848,662,228.62,0.0,275.12,145.38,0.6436,0.3218,5.7625,10.2063,141.083,0.1056
1849,754,140.53,0.0,319.19,261.99,0.4824,0.2412,2.6469,17.7875,0.0,0.2326
1849,662,228.34,0.0,276.31,145.09,0.4932,0.2466,5.7789,10.2688,0.0,0.1631
1849,756,18.85,23.68,83.89,181.59,0.6416,0.6416,4.4769,18.5542,156.0789,0.2475
1850,754,141.13,0.0,318.15,260.33,0.6372,0.3186,2.669,17.5773,0.0,0.3065
1850,662,226.76,0.0,275.54,145.94,0.3337,0.1668,5.7314,10.108,0.0,0.1104
1850,756,20.68,24.05,84.58,177.89,0.5938,0.5938,4.5925,18.2688,158.0254,0.2202
1851,754,142.65,0.0,314.86,258.84,0.4756,0.2378,2.6883,17.353,0.0,0.2282
1851,662,223.94,0.11,274.77,151.77,0.2379,0.119,5.439,9.9149,17.8509,0.0768
1851,756,24.77,23.58,85.78,167.69,0.4932,0.4932,4.9461,17.6394,160.0096,0.1602
1852,662,223.48,0.44,276.59,162.03,0.4026,0.2013,4.9941,10.2668,18.9192,0.1297
1852,744,228.15,0.2,274.16,86.43,0.3184,0.1592,11.829,12.9116,20.4433,0.1014
1853,662,222.96,0.75,276.86,167.29,0.2444,0.1222,4.7899,10.4569,19.5477,0.0819
1853,744,231.49,0.95,270.36,71.31,0.2323,0.1162,15.9092,14.2715,173.8878,0.0375
1854,662,224.86,1.33,277.51,167.41,0.2407,0.1203,4.7884,10.63,0.0,0.0829
1855,756,32.89,18.2,101.71,175.63,0.7202,0.7202,4.6159,16.34,29.8498,0.4755
1856,768,175.04,0.0,271.13,262.1,0.3721,0.186,2.6388,17.4775,0.0,0.1797
1856,756,38.61,19.13,101.43,155.65,0.2108,0.2108,5.3891,15.4828,162.1239,0.0677
1857,-1,174.8,175.78,240.89,262.41,0.3684,0.3684,2.6231,16.9441,0.0,0.357
1857,-1,250.59,3.94,269.72,32.55,0.3074,0.1537,108.5551,18.9749,0.0,0.0997
1857,-1,233.16,5.27,250.03,33.15,0.304,0.304,99.0854,17.621,0.0,0.1979
1857,-1,25.8,22.78,109.27,168.19,0.2502,0.2502,4.8812,16.0731,0.0,0.1675
1857,-1,214.31,5.38,250.59,60.12,0.2095,0.2095,21.0931,13.9165,0.0,0.1376
1858,756,37.87,21.18,108.08,170.94,0.7886,0.7886,4.761,15.4519,19.7526,0.5259
1859,776,252.27,4.16,272.54,32.92,0.3811,0.1905,103.1072,19.1068,0.0,0.1235
1859,756,35.19,21.75,108.55,175.04,0.4456,0.4456,4.6207,15.7359,21.2892,0.3039
1860,756,33.51,21.89,108.96,176.73,0.7832,0.7832,4.5657,15.8802,0.0,0.5575
1860,768,176.95,4.35,269.93,256.95,0.4351,0.2175,2.709,16.862,0.0,0.2084
1861,756,32.9,22.05,109.19,176.51,0.3398,0.3398,4.5736,15.896,0.0,0.2415
1861,776,254.37,4.01,275.0,33.27,0.4397,0.2198,98.4506,19.2466,6.8104,0.142
1862,756,26.62,22.22,101.5,176.64,0.5991,0.5991,4.5929,16.7873,0.0,0.4234
1862,776,255.51,3.92,276.33,33.45,0.3416,0.1708,96.2226,19.3248,7.3346,0.1102
1863,756,27.11,21.75,99.42,171.1,0.3857,0.3857,4.7891,16.7073,160.4319,0.134
1863,776,256.77,4.32,277.0,32.95,0.2673,0.1336,102.8991,19.4509,177.9788,0.042
1864,756,24.2,20.36,97.4,174.54,0.3503,0.3503,4.6761,17.1291,25.3604,0.2322
1864,744,246.7,4.61,279.18,63.74,0.4141,0.2071,19.2743,16.1232,171.0186,0.0663
1865,744,248.25,4.81,279.47,61.43,0.3157,0.1578,20.5599,16.4236,175.0124,0.0505
1866,729,246.81,4.86,274.65,90.32,0.5117,0.2559,11.1367,13.6484,0.0,0.1682
1866,756,21.08,22.39,92.03,175.81,0.3459,0.3459,4.648,17.7075,0.0,0.2414
1867,729,246.03,4.79,276.61,90.85,0.4785,0.2392,11.0454,13.6756,0.0,0.1572
1868,729,247.99,4.72,280.77,95.95,0.6187,0.3094,10.224,13.6692,11.2945,0.2013
1868,756,20.37,23.95,88.72,175.89,0.2925,0.2925,4.6528,17.9633,0.0,0.2038
1869,662,246.23,4.35,289.98,145.14,0.5776,0.2888,5.8244,12.4451,160.8306,0.094
1870,662,247.51,4.75,288.74,135.71,0.3794,0.1897,6.3656,12.5001,165.0206,0.0617
1870,729,251.07,4.74,283.87,91.76,0.2766,0.1383,10.9208,14.3152,169.483,0.0447
1871,662,245.23,4.77,291.68,156.86,0.2959,0.1479,5.2613,12.6191,17.9599,0.095
1871,729,250.86,4.78,286.1,96.34,0.3701,0.185,10.1868,14.1287,9.8363,0.1206
1872,662,245.22,4.79,294.12,169.65,0.6733,0.3367,4.7539,13.1484,19.9087,0.2258
1872,768,169.13,17.41,257.53,262.45,0.2959,0.2959,2.6262,17.1291,52.0669,0.2485
1873,662,245.39,4.88,295.4,174.78,0.5537,0.2768,4.5755,13.4509,20.78,0.1917
1873,729,250.84,5.09,289.18,101.15,0.3577,0.3577,9.5143,14.0193,10.8242,0.2328
1874,662,245.64,5.26,296.92,180.71,0.7212,0.7212,4.3842,13.843,21.6413,0.5161
1874,756,18.18,26.27,84.97,178.8,0.3923,0.3923,4.5664,18.4311,0.0,0.2775
1874,768,167.65,6.48,256.86,260.61,0.3767,0.3767,2.6499,16.8585,0.0,0.3638
1875,662,246.09,5.49,299.08,188.71,0.6113,0.6113,4.1485,14.4408,22.818,0.4546
1875,756,18.41,26.11,84.3,179.75,0.3989,0.3989,4.5361,18.4909,0.0,0.2837
1876,662,246.08,5.58,300.42,193.17,0.7612,0.7612,4.0268,14.7907,23.375,0.577
1876,756,17.03,25.5,82.42,178.96,0.603,0.603,4.5681,18.6668,0.0,0.4262
1876,797,193.04,1.72,223.99,75.4,0.4436,0.2218,14.3752,10.5405,0.0,0.1466
1877,662,244.98,5.96,300.52,194.78,0.384,0.384,3.9825,14.8338,0.0,0.3038
1877,756,16.27,24.23,81.58,177.34,0.353,0.353,4.6251,18.7138,0.0,0.2468
1877,797,191.82,1.86,224.15,78.83,0.2583,0.1291,13.4143,10.073,7.2884,0.0851
1877,729,250.14,5.64,293.79,107.01,0.4045,0.4045,8.8032,13.9431,11.7403,0.2629
1878,662,247.37,6.29,302.59,192.62,0.5747,0.5747,4.0462,14.9625,0.0,0.4497
1878,756,16.19,25.24,80.99,176.35,0.5527,0.5527,4.6599,18.7247,0.0,0.3838
1878,797,191.53,2.45,223.67,78.83,0.2006,0.1003,13.4134,10.0519,0.0,0.0664
1878,729,253.67,6.46,296.59,100.02,0.2451,0.2451,9.6942,14.7081,169.4095,0.079
1879,662,250.54,6.4,305.68,192.72,0.5068,0.5068,4.0519,15.3422,0.0,0.3959
1879,756,17.33,24.68,81.26,172.51,0.458,0.458,4.7914,18.5243,159.8007,0.1575
1879,729,256.04,6.61,301.99,105.09,0.22,0.22,9.065,14.9203,13.8105,0.1421
1880,662,252.89,6.53,307.85,192.2,0.5962,0.5962,4.0723,15.5825,0.0,0.4639
1880,756,16.61,24.28,79.77,171.64,0.2031,0.2031,4.8272,18.6401,0.0,0.1365
1881,662,255.43,6.38,310.83,193.73,0.7793,0.7793,4.0385,16.0011,0.0,0.6094
1881,756,18.12,24.04,82.52,172.73,0.5991,0.5991,4.7794,18.4011,0.0,0.4068
1881,768,174.77,33.38,255.51,262.41,0.7363,0.7363,2.628,17.1899,0.0,0.7128
1882,662,258.12,6.51,313.64,194.96,0.7407,0.7407,4.0135,16.3996,0.0,0.5812
1882,756,20.97,23.85,83.8,167.3,0.6494,0.6494,4.9725,17.9997,159.285,0.2083
1882,768,174.55,33.75,254.91,261.71,0.5205,0.5205,2.637,17.0867,0.0,0.5033
1883,662,261.71,6.73,317.48,194.8,0.6479,0.6479,4.0287,16.8332,0.0,0.5066
1883,756,23.49,23.69,85.77,165.43,0.6504,0.6504,5.0364,17.6698,0.0,0.4234
1883,768,176.55,32.54,258.56,262.74,0.2837,0.2837,2.6256,17.3238,0.0,0.2747
1884,662,261.68,6.62,318.02,194.37,0.4814,0.4814,4.041,16.84,0.0,0.3756
1884,756,25.54,23.42,87.55,164.5,0.4717,0.4717,5.0657,17.4033,0.0,0.3073
1884,768,174.1,13.52,262.49,262.92,0.5195,0.5195,2.6238,17.3756,0.0,0.503
1885,662,259.47,6.57,316.51,192.55,0.332,0.332,4.0847,16.5179,0.0,0.2573
1885,756,26.56,22.5,88.74,164.56,0.3408,0.3408,5.0589,17.2621,0.0,0.2221
1885,768,174.87,27.69,258.45,263.54,0.6104,0.6104,2.6143,17.3889,0.0,0.5918
1886,662,263.97,6.46,319.55,187.24,0.384,0.384,4.2466,16.7065,155.3544,0.1612
1886,756,27.04,21.23,88.48,161.82,0.2444,0.2444,5.1699,17.1922,161.6617,0.0778
1886,768,175.95,34.47,257.68,263.78,0.4055,0.4055,2.6113,17.4248,0.0,0.3933
1886,729,270.08,6.75,319.7,112.77,0.5234,0.5234,8.3078,16.6046,27.6083,0.3218
1887,662,262.09,6.41,319.3,190.88,0.5342,0.5342,4.1391,16.7565,22.7046,0.3961
1887,756,21.47,18.79,99.56,201.71,0.6943,0.6943,3.8814,18.384,23.6584,0.5352
1887,768,176.02,35.78,257.35,263.67,0.502,0.502,2.6126,17.4061,0.0,0.4868
1887,729,271.1,6.72,320.83,113.03,0.3496,0.3496,8.2878,16.7323,0.0,0.2281
1888,662,258.27,6.57,316.36,192.57,0.7104,0.7104,4.0822,16.4378,0.0,0.5509
1888,756,25.5,16.91,94.75,178.86,0.3877,0.3877,4.5331,17.3635,159.3956,0.1475
1888,768,173.74,33.39,255.39,264.0,0.3132,0.3132,2.6067,17.3685,0.0,0.304
1889,662,259.44,6.54,317.32,189.48,0.3831,0.3831,4.1715,16.4036,0.0,0.2925
1889,756,25.45,16.57,95.1,181.22,0.6982,0.6982,4.4566,17.4335,0.0,0.5054
1889,768,171.87,31.72,253.07,263.93,0.3621,0.3621,2.6062,17.2859,0.0,0.3515
1889,729,271.33,6.99,321.62,114.85,0.4922,0.4922,8.1118,16.7373,12.5478,0.3173
1890,662,257.42,6.05,316.73,191.89,0.353,0.353,4.1001,16.372,0.0,0.2729
1890,756,29.27,16.0,93.26,166.31,0.7056,0.7056,4.9761,16.8354,160.9408,0.2274
1890,768,174.56,34.21,255.52,264.08,0.583,0.583,2.606,17.3958,0.0,0.5659
1890,805,160.54,0.14,200.36,116.04,0.3191,0.1595,7.6653,4.0064,0.0,0.1062
1890,729,270.92,6.92,320.68,114.43,0.2644,0.2644,8.1486,16.6647,0.0,0.1726
1891,662,257.03,6.33,316.67,190.09,0.5991,0.5991,4.1496,16.2491,0.0,0.4594
1891,756,20.88,15.91,104.9,220.18,0.4883,0.4883,3.4606,19.2858,26.2028,0.3999
1891,768,173.39,33.96,253.62,261.52,0.4504,0.4504,2.6386,17.018,0.0,0.4355
1891,805,158.94,0.14,199.97,119.82,0.4006,0.2003,7.3374,3.4666,13.476,0.1316
1891,729,271.51,7.03,321.05,114.23,0.2466,0.2466,8.1708,16.7325,0.0,0.1609
1892,662,255.24,6.07,316.55,192.34,0.7305,0.7305,4.0843,16.2544,0.0,0.5665
1892,768,171.53,33.69,251.15,262.24,0.4805,0.4805,2.6276,17.0337,0.0,0.4653
1892,805,155.91,0.03,197.15,120.87,0.5332,0.2666,7.2512,3.3526,34.9531,0.1616
1893,662,250.96,5.41,312.7,193.16,0.8252,0.8252,4.0502,15.8128,0.0,0.6442
1893,768,170.66,32.54,248.95,260.18,0.3999,0.3999,2.6541,16.7209,0.0,0.386
1893,805,155.45,0.1,196.4,120.99,0.2281,0.114,7.2415,3.3496,0.0,0.076
1893,756,30.78,15.43,95.21,167.62,0.4971,0.4971,4.9193,16.6449,160.8694,0.1641
1894,662,249.06,5.53,310.76,193.45,0.8184,0.8184,4.037,15.6004,0.0,0.6406
1894,768,171.16,33.34,248.82,261.56,0.5757,0.5757,2.6357,16.9027,0.0,0.557
1894,756,23.53,16.39,105.38,215.74,0.4426,0.4426,3.5482,18.811,25.6377,0.3583
1895,662,247.97,5.76,309.47,193.53,0.8618,0.8618,4.0316,15.4632,0.0,0.6754
1895,768,171.6,33.96,248.55,262.27,0.5342,0.5342,2.6264,16.9958,0.0,0.5174
1895,756,26.2,14.98,110.86,229.9,0.2458,0.2458,3.2583,19.4162,27.9616,0.2067
1895,805,145.3,0.16,187.09,121.15,0.6152,0.3076,7.2327,3.8254,87.9749,0.1059
1896,662,247.35,5.48,308.66,193.53,0.7949,0.7949,4.0297,15.3781,0.0,0.6233
1896,768,171.76,33.05,248.5,262.73,0.3557,0.3557,2.6203,17.0561,0.0,0.3448
1896,805,148.22,0.32,189.88,120.52,0.4561,0.2281,7.2824,3.7127,0.0,0.1519
1897,662,247.0,5.19,307.76,192.4,0.8442,0.8442,4.0586,15.2359,0.0,0.6589
1897,805,148.85,0.22,190.5,120.16,0.4504,0.2252,7.3117,3.723,0.0,0.15
1898,662,247.63,5.18,307.81,192.79,0.8013,0.8013,4.0489,15.2997,0.0,0.6263
1898,805,146.65,0.22,188.37,118.5,0.6626,0.3313,7.4527,4.0679,159.6225,0.1102
1899,662,247.95,4.15,307.42,191.9,0.7422,0.3711,4.0731,15.2428,0.0,0.2889
1899,805,146.46,0.2,187.79,115.74,0.2751,0.1376,7.6967,4.4476,167.4429,0.0457
1899,768,169.86,25.31,248.57,264.06,0.4485,0.4485,2.6023,17.1963,0.0,0.4357
1900,662,247.96,4.42,306.67,192.66,0.8228,0.4114,4.0513,15.2436,0.0,0.3215
1900,768,175.6,31.24,253.23,263.7,0.2659,0.2659,2.6105,17.3253,0.0,0.258
1901,662,247.86,3.97,305.77,192.85,0.7456,0.3728,4.0448,15.1953,0.0,0.2917
1901,768,179.51,28.79,259.63,264.03,0.4082,0.4082,2.6103,17.565,0.0,0.3959
1901,805,143.08,0.05,174.57,87.35,0.4629,0.2314,11.4803,8.6134,171.26,0.0763
1902,662,246.53,4.17,303.6,192.82,0.4609,0.2304,4.041,14.9848,0.0,0.1805
1902,805,142.93,0.07,167.06,64.48,0.385,0.1925,18.5492,11.793,174.7034,0.0628
1903,662,246.21,4.07,302.26,192.7,0.7407,0.3704,4.042,14.8786,0.0,0.2901
1904,662,245.41,4.32,299.68,189.03,0.7871,0.3936,4.1393,14.4547,0.0,0.3034
1904,768,173.93,34.53,251.82,263.17,0.5557,0.5557,2.6164,17.2039,0.0,0.5388
1905,662,244.94,3.76,298.92,190.81,0.708,0.354,4.0878,14.4874,0.0,0.2753
1905,768,173.8,33.2,253.46,263.19,0.269,0.269,2.6167,17.233,0.0,0.2608
1905,756,56.37,9.82,136.19,217.75,0.4727,0.4727,3.4281,15.6128,122.2219,0.2508
1906,662,246.75,3.18,298.55,186.65,0.647,0.3235,4.208,14.3304,157.906,0.1386
1906,768,174.53,32.57,255.48,262.45,0.3979,0.3979,2.6274,17.1899,0.0,0.3852
1906,820,133.82,0.13,162.27,55.56,0.3738,0.1869,24.2607,13.2531,0.0,0.1229
1907,662,246.67,2.69,297.0,183.94,0.5039,0.252,4.2862,14.0807,0.0,0.1894
1907,768,175.44,32.6,257.46,263.2,0.5312,0.5312,2.6186,17.3383,0.0,0.5148
1908,662,245.74,2.23,295.3,181.83,0.5215,0.2607,4.3472,13.8053,0.0,0.194
1908,768,182.8,23.96,271.06,262.19,0.2487,0.2487,2.6413,17.667,0.0,0.2401
1908,756,65.26,11.28,139.27,208.69,0.4668,0.4668,3.6096,14.2139,149.3837,0.2374
1908,820,130.18,0.08,159.86,57.78,0.4863,0.2432,22.5631,13.1184,7.4787,0.1593
1909,662,246.5,1.88,294.54,178.07,0.6406,0.3203,4.4665,13.6174,159.1195,0.1265
1909,756,73.83,9.62,139.62,186.22,0.3979,0.3979,4.1739,11.9592,157.2002,0.1736
1909,820,128.61,0.09,158.64,58.23,0.3694,0.1847,22.2511,13.1346,14.5804,0.1195
1910,662,248.44,1.76,295.1,176.89,0.7559,0.378,4.5087,13.7212,0.0,0.2731
1910,820,126.69,0.15,156.41,57.66,0.3433,0.1716,22.6668,13.3182,164.3944,0.0557
1910,768,175.11,31.05,255.68,245.87,0.3989,0.3989,2.8633,15.1154,142.9646,0.242
1911,662,249.19,1.26,294.75,175.85,0.8203,0.4102,4.5438,13.7,0.0,0.2945
1911,820,125.16,0.15,156.61,61.14,0.2344,0.1172,20.3979,12.9253,4.88,0.077
1911,768,172.59,33.86,250.7,242.64,0.4102,0.4102,2.9105,14.5452,0.0,0.3834
1911,756,74.54,8.66,141.22,191.93,0.3523,0.3523,4.0112,12.2372,23.1772,0.2692
1912,662,249.8,0.61,294.32,174.94,0.8086,0.4043,4.5748,13.6717,0.0,0.2886
1912,820,124.13,0.17,155.35,61.35,0.2351,0.1176,20.2805,12.967,26.4057,0.0733
1912,768,172.58,35.43,254.79,254.71,0.5972,0.5972,2.7321,16.1637,32.42,0.5398
1913,662,248.43,0.66,292.04,172.87,0.8013,0.4007,4.6408,13.3489,0.0,0.2827
1913,768,170.12,36.07,249.08,246.95,0.6875,0.6875,2.8426,15.0187,145.3442,0.4191
1914,662,247.22,0.41,290.58,172.8,0.7695,0.3847,4.6395,13.1732,0.0,0.2716
1914,768,165.82,29.82,249.83,257.33,0.3174,0.3174,2.6916,16.2926,32.5747,0.2884
1915,662,248.94,0.23,290.71,168.33,0.5747,0.2873,4.8028,13.1206,160.3483,0.1008
1915,768,169.81,32.56,254.61,262.11,0.459,0.459,2.6299,17.0469,0.0,0.4443
1916,662,255.27,0.0,286.26,119.44,0.4495,0.2248,7.5663,13.2522,167.3242,0.0729
1917,662,250.86,0.26,289.4,150.52,0.709,0.3545,5.5588,12.7531,17.0213,0.2282
1917,756,95.59,0.42,144.25,132.61,0.4639,0.2319,6.4767,8.7077,164.8724,0.0764
1917,768,173.88,33.85,256.24,256.03,0.4648,0.4648,2.7146,16.3841,0.0,0.4452
1918,662,248.04,0.21,288.27,156.71,0.5459,0.273,5.267,12.5756,18.3691,0.1751
1918,756,95.33,0.37,142.08,127.95,0.2344,0.1172,6.7977,9.0175,165.6616,0.0386
1919,662,245.97,0.11,287.25,161.23,0.4717,0.2359,5.0705,12.4718,19.1248,0.151
1920,662,243.01,0.08,285.01,163.08,0.4805,0.2402,4.9882,12.1762,0.0,0.1587
1920,828,245.24,0.01,285.09,94.01,0.4668,0.2334,10.5324,13.8927,0.0,0.1533
1921,662,242.31,0.0,284.5,164.24,0.4893,0.2447,4.9407,12.1318,0.0,0.1632
1921,828,244.34,0.22,283.9,93.52,0.3433,0.1716,10.6063,13.8049,0.0,0.1128
1921,756,102.13,6.71,159.39,164.02,0.6514,0.6514,4.8735,7.5833,19.9657,0.4303
1922,662,240.2,0.04,282.88,166.5,0.397,0.1985,4.8485,11.9618,0.0,0.1349
1922,828,241.68,0.07,281.91,94.9,0.6689,0.3345,10.3729,13.4385,16.6211,0.2153
1922,756,104.27,7.15,163.91,173.59,0.2917,0.2917,4.5209,7.7898,21.4735,0.2055
1923,662,238.85,0.07,281.78,168.44,0.7778,0.3889,4.7727,11.8745,0.0,0.2683
1923,756,104.81,7.3,169.71,192.44,0.6934,0.6934,3.9494,9.1908,23.4758,0.5373
1923,831,96.39,0.05,120.35,16.79,0.4668,0.2334,10.0,90.0,0.0,0.0
1923,768,166.09,30.08,249.61,261.73,0.3201,0.3201,2.6321,16.8573,0.0,0.3099
1924,662,238.19,0.17,280.09,165.11,0.5312,0.2656,4.8953,11.5932,159.3953,0.0904
1924,756,108.9,7.03,171.01,185.35,0.4951,0.4951,4.1437,8.204,156.0326,0.2199
1924,828,239.41,0.04,278.99,93.3,0.4065,0.2032,10.6164,13.2534,162.1122,0.0659
1925,662,237.09,0.03,279.26,167.88,0.687,0.3435,4.7879,11.5704,20.2281,0.2293
1925,756,111.18,7.44,170.06,180.42,0.4131,0.4131,4.2908,7.6517,158.1199,0.1755
1925,768,167.44,31.6,247.11,257.77,0.2935,0.2935,2.6853,16.332,0.0,0.2823
1926,662,234.26,0.26,276.45,168.8,0.6196,0.3098,4.747,11.2381,0.0,0.215
1926,756,110.0,6.81,172.93,194.88,0.5361,0.5361,3.8804,9.0825,23.6667,0.4202
1927,662,233.01,0.26,274.33,166.44,0.6885,0.3443,4.8307,10.9175,0.0,0.2352
1927,756,115.09,5.42,174.92,188.35,0.3999,0.3999,4.0525,8.0537,154.1126,0.1825
1928,662,231.39,0.26,272.91,167.74,0.8052,0.4026,4.7784,10.7713,0.0,0.2779
1928,756,113.97,4.53,177.21,197.51,0.4629,0.2314,3.8092,9.0535,24.0656,0.1834
1928,820,82.36,0.07,134.74,108.96,0.6792,0.3396,8.4968,11.2724,0.0,0.2242
1929,662,230.02,0.07,270.99,164.89,0.5205,0.2602,4.8824,10.4357,157.5052,0.0894
1929,756,113.86,3.85,177.29,196.34,0.5469,0.2735,3.8387,8.9174,0.0,0.2235
1929,820,80.79,0.1,133.43,114.13,0.7363,0.3681,7.9766,11.161,12.6519,0.2401
1930,662,227.71,0.19,268.62,163.49,0.4736,0.2368,4.9316,10.0691,0.0,0.1588
1930,820,79.84,0.19,132.47,118.8,0.7407,0.3704,7.5552,11.0578,13.0786,0.2414
1931,662,223.48,0.15,265.04,165.48,0.7598,0.3799,4.8458,9.6314,0.0,0.2593
1931,820,80.55,0.57,130.76,116.18,0.5908,0.2954,7.79,11.2448,167.583,0.0966
1931,756,123.76,2.99,181.55,181.99,0.5195,0.2597,4.2305,6.6867,155.612,0.1126
1932,662,222.13,0.13,263.57,163.82,0.6851,0.3426,4.907,9.3726,0.0,0.2311
1932,820,79.78,0.37,128.96,115.41,0.5571,0.2786,7.8658,11.4481,0.0,0.1839
1933,662,215.75,0.31,258.96,167.84,0.6655,0.3327,4.7434,8.8426,29.5591,0.2175
1933,820,79.68,0.24,128.15,114.5,0.7422,0.3711,7.9532,11.5515,0.0,0.2449
1933,756,126.52,2.33,182.15,177.86,0.6069,0.3034,4.3575,6.0743,156.9809,0.1266
1934,662,216.26,0.2,258.51,162.88,0.5591,0.2796,4.9329,8.604,160.9728,0.0946
1934,820,77.89,0.15,126.9,116.56,0.7568,0.3784,7.7675,11.6492,15.7079,0.245
1934,756,129.04,2.07,183.76,176.37,0.4514,0.2257,4.404,5.7296,0.0,0.168
1935,662,215.85,0.15,255.6,151.37,0.5527,0.2763,5.4267,8.0138,162.3285,0.0912
1935,820,78.56,0.38,122.71,105.2,0.248,0.124,8.955,12.4765,169.203,0.0404
1935,756,132.17,2.54,181.96,159.53,0.2644,0.1322,5.0207,3.9685,161.266,0.044
1936,662,214.19,0.42,254.12,150.5,0.7886,0.3943,5.4648,7.7791,0.0,0.2617
1936,820,77.51,0.42,123.9,110.25,0.4417,0.2208,8.3907,12.1802,11.4637,0.1441
1936,756,141.47,2.6,195.09,169.97,0.4932,0.2466,4.6147,4.0818,28.1673,0.1671
1937,662,213.26,0.33,253.28,150.42,0.6748,0.3374,5.4669,7.654,0.0,0.2239
1938,662,212.91,0.11,252.35,147.05,0.7017,0.3508,5.6312,7.5218,162.7927,0.1159
1938,756,147.91,2.57,197.79,158.25,0.4534,0.2267,5.0656,2.2867,160.1504,0.0755
1939,662,209.07,0.22,249.44,149.44,0.6152,0.3076,5.5065,7.0751,26.8097,0.1933
1939,756,149.86,2.7,198.35,154.95,0.4282,0.2141,5.2075,1.7841,160.7165,0.0713
1939,820,66.29,0.78,112.11,113.54,0.7358,0.3679,8.1074,13.489,41.9385,0.2105
1940,662,207.32,0.07,248.08,150.54,0.541,0.2705,5.4508,6.876,0.0,0.1797
1941,662,206.51,0.01,247.29,150.62,0.5244,0.2622,5.4456,6.7655,0.0,0.1742
1941,820,61.26,0.67,104.98,113.15,0.5527,0.2763,8.1744,14.287,119.1218,0.0893
1942,828,208.88,0.0,243.77,80.09,0.5737,0.2868,13.1473,11.1832,0.0,0.1894
1943,846,162.13,5.18,198.15,63.82,0.4551,0.4551,18.8429,11.3552,0.0,0.3004
1943,828,207.47,0.0,242.89,79.95,0.4475,0.2238,13.1782,11.1069,0.0,0.1478
1943,820,58.93,0.6,101.37,113.64,0.6533,0.3266,8.1407,14.6489,0.0,0.2142
1944,846,162.13,4.82,198.58,64.03,0.6582,0.3291,18.737,11.3263,7.4743,0.2163
1944,828,206.51,0.0,243.65,82.85,0.3523,0.1762,12.4843,10.7734,7.7544,0.1159
1944,820,58.09,0.85,100.25,116.63,0.3486,0.1743,7.8619,14.6644,13.0975,0.1128
1944,768,146.64,4.05,228.73,246.06,0.561,0.2805,2.8468,14.378,0.0,0.2646
1945,846,162.72,4.72,199.23,63.74,0.4417,0.2208,18.8836,11.3671,167.8204,0.0722
1945,828,203.96,0.09,240.78,80.4,0.5796,0.2898,13.0559,10.8358,168.7103,0.0949
1945,849,64.82,0.08,92.35,32.22,0.5176,0.2588,115.2644,20.7078,0.0,0.167
1946,846,160.2,5.42,204.03,76.25,0.3442,0.3442,14.0901,9.6353,6.9096,0.227
1946,828,203.66,0.03,239.95,79.32,0.541,0.2705,13.3268,10.9178,171.6785,0.0885
1946,662,202.29,0.0,242.76,151.34,0.3604,0.1802,5.4043,6.1688,0.0,0.1198
1946,768,146.8,18.96,221.39,246.18,0.4805,0.4805,2.8445,14.3663,0.0,0.4534
1947,846,160.62,6.52,206.38,80.11,0.2847,0.2847,13.0559,9.1049,7.8942,0.1877
1947,828,203.19,0.01,238.81,78.38,0.2805,0.1403,13.5705,10.9678,170.4204,0.0459
1947,662,200.66,0.0,240.8,151.97,0.2759,0.1379,5.3721,5.9345,0.0,0.0917
1947,768,150.89,61.01,212.08,246.25,0.2289,0.2289,2.8433,14.3661,0.0,0.216
1947,820,54.16,0.79,97.77,120.9,0.4485,0.2243,7.5027,14.9448,16.4686,0.1439
1948,768,153.33,74.77,209.62,245.94,0.2576,0.2576,2.848,14.3244,0.0,0.243
1948,820,55.91,4.65,99.46,122.23,0.3132,0.1566,7.3846,14.6814,18.9058,0.0999
1949,820,54.5,5.6,97.33,121.7,0.6479,0.6479,7.4364,14.9285,0.0,0.4246
1950,-1,166.22,191.53,196.88,245.53,0.2268,0.2268,2.8543,14.2693,0.0,0.2138
1951,820,48.38,3.21,94.48,127.57,0.46,0.23,7.0007,15.3776,17.7371,0.1469
1952,820,47.28,5.24,92.27,126.53,0.5244,0.5244,7.0858,15.6167,0.0,0.3431
1952,662,192.77,4.52,230.68,145.95,0.3252,0.1626,5.6535,4.5517,150.7559,0.054
1953,820,47.48,5.76,89.27,115.71,0.6309,0.6309,8.0029,16.0886,167.9949,0.2021
1954,820,43.24,6.31,87.84,122.92,0.6851,0.6851,7.3882,16.2515,14.2718,0.4406
1955,820,40.66,5.17,87.37,126.84,0.5591,0.5591,7.0909,16.3655,14.8278,0.359
1955,756,196.42,4.05,237.28,125.2,0.2837,0.1419,6.9447,5.9155,0.0,0.0943
1957,662,189.13,4.36,234.76,162.34,0.3933,0.1966,4.9156,5.2711,19.0897,0.1294
1957,820,35.45,3.14,83.0,128.04,0.7285,0.3643,7.0264,16.9684,53.2234,0.1888
1958,820,33.5,4.82,79.89,125.89,0.4233,0.2117,7.2008,17.3356,161.869,0.0673
1958,768,139.44,158.66,178.01,244.15,0.5439,0.5439,2.8806,14.3828,100.2297,0.3293
1959,820,33.2,6.51,76.62,119.98,0.2323,0.2323,7.6923,17.6942,167.3041,0.0738
1959,828,176.93,0.0,229.23,128.27,0.5186,0.2593,6.7035,4.0017,14.9957,0.1697
1959,756,209.59,4.1,250.1,118.61,0.2893,0.1447,7.4999,7.9756,154.7561,0.0478
1960,820,28.96,2.72,75.72,127.49,0.563,0.2815,7.1035,17.8696,14.5842,0.1801
1961,820,25.62,1.37,72.86,131.26,0.563,0.2815,6.8493,18.2142,18.7549,0.178
1961,857,117.87,159.69,197.41,244.41,0.4263,0.4263,2.8772,14.4481,0.0,0.4004
1961,828,175.53,0.41,225.31,130.59,0.6826,0.3413,6.5417,3.5014,21.2552,0.2196
1961,756,217.89,4.84,256.24,114.7,0.4387,0.2193,7.8707,9.1275,156.9568,0.0722
1962,820,23.47,0.52,70.54,133.04,0.5078,0.2539,6.7398,18.4814,23.7494,0.1577
1962,857,130.32,185.12,184.52,242.0,0.4883,0.4883,2.9149,14.1379,0.0,0.4564
1962,860,117.27,29.81,197.55,241.71,0.5591,0.5591,2.9195,14.1,0.0,0.5222
1962,828,176.73,0.82,223.62,130.35,0.6582,0.3291,6.5576,3.4913,0.0,0.2192
1962,756,209.25,5.02,260.11,156.74,0.5879,0.5879,5.1819,8.0045,18.1648,0.3803
1963,820,23.02,3.87,68.38,133.57,0.5303,0.2651,6.7114,18.6437,0.0,0.1721
1963,860,117.98,28.94,198.5,241.4,0.709,0.709,2.924,14.0344,0.0,0.6619
1963,828,174.57,0.81,220.53,131.16,0.5469,0.2735,6.5013,3.1175,0.0,0.1822
1963,756,206.75,5.02,262.4,177.79,0.6934,0.6934,4.3958,9.1333,21.156,0.4996
1964,820,22.33,6.44,67.4,136.74,0.2935,0.2935,6.5107,18.7242,15.473,0.1869
1964,860,117.38,28.33,197.9,240.53,0.7598,0.7598,2.9382,13.9377,0.0,0.708
1964,828,177.28,1.14,220.27,127.29,0.6602,0.3301,6.769,3.6021,165.3014,0.1098
1964,756,206.85,5.39,263.28,186.54,0.7627,0.7627,4.1304,9.8862,22.468,0.5738
1965,860,115.09,26.79,196.18,239.96,0.8218,0.8218,2.9484,13.9268,0.0,0.7646
1965,828,174.52,0.92,218.0,130.36,0.3337,0.1668,6.5538,3.0428,18.3769,0.1083
1965,756,211.24,4.96,269.4,190.34,0.4534,0.2267,4.0323,10.7865,37.9615,0.1631
1966,860,114.4,25.29,195.62,237.96,0.2893,0.2893,2.9813,13.6861,0.0,0.268
1966,828,173.24,0.87,216.56,130.79,0.2194,0.1097,6.524,2.8552,0.0,0.0731
1966,756,215.35,5.77,261.12,148.91,0.543,0.543,5.5503,8.3275,162.9016,0.1791
1966,820,24.47,7.95,62.49,115.91,0.3328,0.3328,8.1321,19.2439,168.1869,0.1047
1967,860,112.96,24.82,193.11,234.52,0.8667,0.8667,3.0399,13.3095,0.0,0.7965
1967,828,171.58,0.85,215.07,132.53,0.2517,0.1258,6.4087,2.5214,19.5337,0.0814
1967,756,208.96,5.98,263.1,179.27,0.458,0.458,4.3511,9.4153,21.3495,0.3324
1967,820,25.23,9.04,61.76,110.99,0.4302,0.4302,8.6282,19.3793,168.8029,0.1353
1968,860,112.21,25.49,191.7,233.15,0.8735,0.8735,3.064,13.1744,0.0,0.8001
1968,828,171.35,0.81,213.83,130.95,0.6978,0.3489,6.512,2.6004,163.8724,0.1162
1968,756,210.99,6.36,268.91,190.5,0.645,0.645,4.0273,10.7594,24.4623,0.4906
1968,820,22.46,9.57,64.45,127.65,0.4727,0.4727,7.1414,19.0057,13.4508,0.3022
1969,860,112.62,24.6,190.6,227.68,0.8403,0.8403,3.1608,12.4796,0.0,0.7596
1969,828,171.91,0.62,213.37,129.0,0.3943,0.1971,6.6444,2.8127,165.6466,0.0656
1969,756,212.96,7.24,274.52,199.75,0.7925,0.7925,3.7933,11.9747,26.3513,0.6226
1969,820,23.59,11.03,62.51,118.98,0.3008,0.3008,7.8516,19.223,167.7682,0.0947
1970,860,108.93,25.28,185.67,225.1,0.8203,0.8203,3.2114,12.3536,0.0,0.7362
1970,828,171.41,0.51,212.15,128.28,0.5283,0.2641,6.6941,2.8167,0.0,0.176
1970,756,212.33,8.5,274.57,201.34,0.7471,0.7471,3.754,12.09,0.0,0.6167
1970,820,22.77,11.37,62.91,122.26,0.3721,0.3721,7.5702,19.1789,12.8058,0.2381
1971,860,103.79,24.59,180.82,224.55,0.7271,0.7271,3.226,12.5575,0.0,0.6509
1971,828,165.68,0.44,207.48,129.01,0.6353,0.3176,6.6411,2.348,60.7887,0.1575
1971,756,212.41,9.28,275.16,204.21,0.6548,0.6548,3.6862,12.3906,0.0,0.5462
1971,820,22.02,12.22,60.74,119.06,0.6636,0.6636,7.855,19.4312,167.1755,0.2086
1972,860,98.57,24.73,175.49,224.24,0.6538,0.6538,3.2371,12.8425,0.0,0.5841
1972,828,162.4,0.81,205.09,128.95,0.4148,0.2074,6.6446,2.2245,0.0,0.1382
1972,820,20.21,11.69,59.37,120.22,0.3804,0.3804,7.7629,19.6054,0.0,0.2462
1973,860,96.06,27.46,171.72,223.82,0.4131,0.4131,3.2485,13.0007,0.0,0.3683
1973,828,162.3,0.84,205.39,128.16,0.4082,0.2041,6.6997,2.3378,0.0,0.136
1973,820,16.87,11.01,61.1,135.09,0.4475,0.4475,6.6482,19.4887,14.4973,0.285
1973,756,214.9,10.95,279.86,212.66,0.2629,0.2629,3.5033,13.5469,28.4291,0.2147
1974,860,91.92,23.93,168.53,223.75,0.6489,0.6489,3.2541,13.2494,0.0,0.5779
1974,828,162.83,0.45,206.0,128.41,0.5068,0.2534,6.6823,2.324,0.0,0.1689
1974,820,13.61,10.93,59.58,142.11,0.502,0.502,6.2316,19.7587,16.5633,0.3179
1975,828,164.07,0.39,206.03,126.5,0.7026,0.3513,6.8185,2.612,165.2947,0.117
1975,820,15.11,11.34,56.88,129.83,0.5469,0.5469,7.0253,19.9216,166.3783,0.1714
1975,756,235.19,10.4,281.33,152.18,0.5767,0.5767,5.4435,11.149,162.5437,0.1886
1976,828,159.45,0.3,201.72,125.29,0.3979,0.1989,6.9069,2.6843,136.6732,0.0662
1976,820,11.37,11.33,56.13,141.19,0.5767,0.5767,6.3004,20.1214,15.7035,0.3656
1976,756,242.0,9.19,284.15,135.41,0.4302,0.4302,6.3666,11.8149,164.7156,0.1404
1976,860,89.64,23.19,164.34,224.26,0.6982,0.6982,3.2486,13.5451,0.0,0.622
1977,828,160.5,0.25,201.15,120.73,0.7725,0.3862,7.2623,3.3377,166.8079,0.1285
1977,820,10.55,11.42,55.67,144.93,0.5908,0.5908,6.0914,20.1993,16.1133,0.374
1977,756,243.97,9.08,285.91,132.11,0.5225,0.5225,6.5859,12.1239,164.0369,0.1703
1977,860,84.42,23.89,157.72,224.58,0.625,0.625,3.2506,14.0382,0.0,0.5562
1978,828,159.74,0.22,201.87,125.74,0.7886,0.3943,6.8736,2.6211,13.8919,0.2589
1978,820,10.94,12.17,55.48,146.35,0.6372,0.6372,6.0137,20.1886,0.0,0.4118
1978,860,84.21,23.59,155.78,224.89,0.6968,0.6968,3.2464,14.1579,0.0,0.6204
1978,870,240.56,9.17,290.33,211.33,0.3979,0.3979,3.5674,15.2412,0.0,0.3366
1979,828,159.08,0.25,200.33,122.47,0.7822,0.3911,7.1227,3.087,165.8649,0.1302
1979,820,11.08,12.33,56.59,151.47,0.4272,0.4272,5.7467,20.1313,16.4805,0.2702
1979,860,83.94,23.97,153.77,224.65,0.7378,0.7378,3.2526,14.2243,0.0,0.6562
1979,756,250.78,9.35,291.75,125.77,0.5156,0.5156,7.0589,13.1214,162.3568,0.1674
1980,828,157.9,0.15,200.59,126.79,0.5107,0.2554,6.797,2.4706,14.1194,0.1676
1980,860,84.83,23.76,153.06,224.76,0.5137,0.5137,3.2504,14.2288,0.0,0.4571
1980,873,130.22,32.08,146.36,51.73,0.6094,0.6094,27.9574,14.2312,0.0,0.4
1980,756,251.66,9.27,296.63,131.56,0.4746,0.4746,6.6574,13.3791,16.3705,0.3057
1981,828,156.82,0.39,199.0,124.27,0.6196,0.3098,6.9836,2.8449,164.606,0.1031
1981,860,83.27,23.7,150.31,224.16,0.7124,0.7124,3.265,14.3423,0.0,0.6323
1981,873,129.29,32.18,145.26,51.53,0.2338,0.2338,28.1845,14.3126,162.938,0.0755
1981,756,255.16,9.89,303.12,135.31,0.4321,0.4321,6.4327,13.9964,25.3859,0.2699
1981,820,10.24,13.09,54.59,151.35,0.3452,0.3452,5.7598,20.3098,0.0,0.223
1982,828,153.9,0.24,194.99,121.14,0.3345,0.1673,7.2297,3.3721,160.7262,0.0557
1982,860,80.25,18.95,148.24,223.67,0.6724,0.6724,3.2783,14.5061,0.0,0.5955
1982,756,253.57,10.48,302.5,135.36,0.3594,0.3594,6.4251,13.847,0.0,0.2361
1982,820,10.89,13.78,53.28,148.05,0.3269,0.3269,5.9295,20.3353,164.0017,0.1022
1983,828,152.41,0.17,193.25,120.63,0.6152,0.3076,7.2717,3.5036,0.0,0.2049
1983,860,78.85,22.08,145.74,223.68,0.7686,0.7686,3.2813,14.6754,0.0,0.6802
1983,756,253.45,11.29,303.72,135.93,0.4331,0.4331,6.3915,13.9146,0.0,0.2845
1983,820,8.65,14.18,56.66,170.69,0.2805,0.2805,4.9281,20.5586,19.0899,0.1786
1984,828,151.58,0.1,192.22,119.7,0.7334,0.3667,7.349,3.6708,0.0,0.2442
1984,860,78.61,25.09,144.6,223.42,0.604,0.604,3.2874,14.7091,0.0,0.534
1984,756,259.22,12.0,310.87,135.66,0.3887,0.3887,6.435,14.7848,113.0664,0.1253
1984,820,9.31,14.73,54.26,163.21,0.5342,0.5342,5.2257,20.5224,161.9794,0.1668
1985,828,154.04,0.28,183.0,80.28,0.5312,0.2656,13.0185,9.2112,172.5376,0.0874
1985,860,76.05,24.37,142.8,223.71,0.811,0.811,3.2856,14.9307,0.0,0.7169
1985,756,261.11,12.97,314.4,137.05,0.2847,0.2847,6.3602,15.1335,0.0,0.1865
1986,828,147.57,0.14,186.51,109.4,0.7861,0.3931,8.3175,5.2871,11.5719,0.2588
1986,860,73.84,23.64,141.47,223.92,0.8218,0.8218,3.2846,15.1097,0.0,0.7264
1986,756,261.72,13.37,318.59,141.71,0.4756,0.4756,6.0953,15.4273,18.0037,0.3036
1986,879,11.97,15.5,38.17,40.54,0.5117,0.5117,52.4542,25.0143,0.0,0.3251
1987,828,145.63,0.17,185.9,114.72,0.6602,0.3301,7.7915,4.6618,12.6778,0.217
1987,860,72.73,23.93,140.77,223.64,0.6343,0.6343,3.2916,15.1636,0.0,0.56
1987,756,260.83,13.85,317.64,139.36,0.4207,0.4207,6.2274,15.3145,163.221,0.1353
1987,879,7.98,15.95,40.2,46.77,0.2268,0.2268,36.8678,24.7124,2.7253,0.1442
1987,820,5.63,16.36,52.44,172.91,0.385,0.385,4.8629,21.0559,20.5407,0.247
1988,828,148.39,0.15,179.02,81.28,0.6548,0.3274,12.7808,9.2191,172.4138,0.1077
1988,860,70.7,23.86,139.67,223.36,0.7285,0.7285,3.2998,15.2787,0.0,0.6422
1988,756,262.05,14.35,320.45,142.22,0.3286,0.3286,6.0711,15.5719,19.7342,0.2086
1988,820,4.63,17.13,51.9,176.5,0.4072,0.2036,4.7394,21.2392,20.6208,0.1338
1989,828,149.36,0.13,175.77,66.73,0.3667,0.1834,17.4884,11.2217,174.4354,0.0599
1989,860,71.86,25.7,140.62,223.07,0.6611,0.6611,3.3034,15.154,0.0,0.5826
1989,756,259.9,14.89,319.54,143.64,0.583,0.583,5.9859,15.3661,0.0,0.3817
1989,820,5.45,17.95,51.1,171.26,0.2605,0.2605,4.9267,21.1116,160.8577,0.0835
1990,828,149.02,0.12,174.52,61.6,0.2974,0.1487,20.0579,11.9351,175.1051,0.0485
1990,860,69.53,24.53,139.5,222.41,0.5659,0.5659,3.3193,15.2486,0.0,0.4974
1990,756,258.03,15.55,318.95,145.26,0.7031,0.7031,5.8932,15.2028,0.0,0.4605
1990,879,4.19,18.6,35.62,48.91,0.4072,0.2036,33.5466,25.0033,6.6164,0.1289
1991,860,68.65,24.28,139.39,221.61,0.668,0.668,3.3358,15.2179,0.0,0.5858
1991,756,256.65,16.66,320.0,150.84,0.2037,0.2037,5.6083,15.2086,16.8825,0.1305
1991,885,143.72,0.06,191.85,120.91,0.8516,0.4258,7.2512,3.7433,0.0,0.2836
1991,879,0.8,19.19,30.94,48.86,0.3381,0.1691,33.7333,25.4151,123.3323,0.0509
1991,820,3.29,19.2,50.77,179.76,0.6899,0.3449,4.6347,21.4779,20.7136,0.2314
1992,860,69.57,23.91,140.64,220.77,0.7363,0.7363,3.3503,15.0362,0.0,0.6444
1992,756,243.3,15.77,330.58,206.6,0.5322,0.5322,3.7271,17.2424,24.5534,0.4211
1992,885,143.76,0.07,191.99,121.2,0.644,0.322,7.2276,3.7007,0.0,0.2144
1992,820,1.91,20.1,49.51,180.55,0.606,0.303,4.6144,21.6598,0.0,0.2104
1993,860,68.54,23.77,139.73,218.41,0.4873,0.4873,3.3991,14.9041,0.0,0.4234
1993,756,248.95,17.76,324.63,181.79,0.6289,0.6289,4.3958,15.8399,158.7875,0.2523
1993,885,143.61,0.07,191.71,120.81,0.6074,0.3037,7.2594,3.7643,0.0,0.2022
1993,820,1.55,21.15,49.44,182.09,0.3286,0.1643,4.5653,21.7305,0.0,0.1152
1994,860,67.58,23.45,139.56,217.54,0.562,0.562,3.4179,14.8772,0.0,0.4869
1994,756,241.43,17.06,332.55,220.52,0.4795,0.4795,3.4265,18.2347,26.4749,0.3955
1994,885,143.15,0.12,190.4,118.72,0.269,0.1345,7.4343,4.0873,166.1034,0.0447
1994,820,1.04,19.66,49.31,180.95,0.2147,0.1074,4.6037,21.7357,0.0,0.0747
1995,860,66.93,23.8,139.43,216.86,0.7939,0.7939,3.4325,14.852,0.0,0.6863
1995,756,250.4,19.03,325.2,183.35,0.4658,0.4658,4.3506,16.036,158.6238,0.1896
1995,885,142.08,0.14,190.08,120.16,0.7271,0.3635,7.3138,3.9554,14.5413,0.2382
1996,860,65.02,23.75,137.92,216.45,0.8496,0.8496,3.4443,14.9818,0.0,0.733
1996,756,243.65,17.74,335.19,225.5,0.4282,0.4282,3.3353,18.8666,27.1823,0.3571
1996,885,140.09,0.1,188.66,120.51,0.6968,0.3484,7.2862,4.0419,0.0,0.232
1997,860,62.8,23.64,135.86,216.5,0.6782,0.6782,3.4475,15.198,0.0,0.5846
1997,885,136.56,0.08,185.95,120.35,0.5649,0.2824,7.3019,4.3224,0.0,0.188
1997,894,270.69,20.48,320.86,156.63,0.5215,0.5215,5.3675,16.2617,0.0,0.3407
1997,820,2.69,22.91,42.27,151.87,0.4358,0.2179,5.7861,21.5551,163.6227,0.0676
1998,860,60.9,23.51,134.1,214.96,0.8218,0.8218,3.4833,15.2458,0.0,0.7044
1998,885,133.26,0.07,181.28,119.67,0.4766,0.2383,7.3624,4.7671,0.0,0.1586
1998,894,266.3,20.05,317.31,157.54,0.3242,0.3242,5.3118,15.7525,0.0,0.2121
1998,820,2.92,23.42,41.54,146.55,0.2886,0.1443,6.0626,21.5643,164.3046,0.0447
1998,756,243.39,18.59,338.11,240.45,0.4609,0.4609,3.0728,20.1952,29.3289,0.3966
1999,860,57.66,23.37,131.01,213.94,0.71,0.71,3.5116,15.4821,0.0,0.6056
1999,885,135.11,0.02,184.42,120.77,0.4824,0.2412,7.2688,4.4123,29.4325,0.1502
1999,894,266.13,20.24,316.96,155.73,0.4795,0.4795,5.3915,15.6911,0.0,0.3137
2000,860,54.75,23.69,127.64,212.46,0.6514,0.6514,3.5503,15.6871,0.0,0.5521
2000,885,131.66,0.05,178.7,116.31,0.3999,0.1999,7.6564,5.321,162.5967,0.0664
2000,894,262.67,20.67,324.27,184.75,0.5469,0.5469,4.3261,16.8029,21.6672,0.3931
2001,860,50.88,23.16,124.5,212.78,0.6514,0.6514,3.5514,16.0836,0.0,0.5516
2001,885,135.47,0.06,184.4,119.41,0.6416,0.3208,7.3814,4.5449,22.4896,0.2054
2001,894,264.15,21.19,322.18,173.36,0.6406,0.6406,4.6959,16.3212,159.9906,0.2309
2002,860,47.2,23.62,120.85,213.01,0.709,0.709,3.5551,16.4926,0.0,0.5995
2002,885,134.72,0.02,185.23,120.67,0.3738,0.1869,7.2768,4.4035,13.1514,0.1228
2002,894,266.63,22.2,322.58,166.9,0.6958,0.6958,4.9379,16.3157,160.8582,0.2284
2003,860,43.49,23.33,116.91,213.69,0.561,0.561,3.5499,16.9551,0.0,0.4743
2003,885,134.31,0.01,186.1,121.58,0.291,0.1455,7.2028,4.284,0.0,0.0969
2003,894,269.26,23.2,326.59,168.92,0.4426,0.4426,4.8737,16.7981,0.0,0.2962
2003,756,251.54,20.03,344.29,244.0,0.5059,0.5059,3.0329,21.1684,0.0,0.4586
2004,860,40.29,23.41,113.1,214.89,0.2869,0.2869,3.5332,17.422,0.0,0.243
2004,885,133.17,0.09,185.59,120.65,0.3496,0.1748,7.279,4.4613,0.0,0.1164
2004,894,269.5,24.02,328.19,170.22,0.6636,0.6636,4.8289,16.9524,0.0,0.4479
2004,756,252.49,19.58,343.57,244.0,0.2037,0.2037,3.0332,21.1793,0.0,0.1846
2005,860,39.39,23.16,110.43,213.69,0.6958,0.6958,3.5635,17.5276,0.0,0.5864
2005,885,132.69,0.31,186.42,121.61,0.6196,0.3098,7.201,4.3428,0.0,0.2062
2005,894,268.95,24.3,329.36,172.03,0.5557,0.5557,4.7644,17.0448,0.0,0.3798
2005,756,252.86,18.79,342.92,244.94,0.3604,0.3604,3.0178,21.242,0.0,0.3274
2006,860,37.68,22.61,107.26,214.54,0.5117,0.5117,3.5517,17.8539,0.0,0.4317
2006,894,268.97,24.58,330.26,171.86,0.3784,0.3784,4.7722,17.0985,0.0,0.2582
2006,756,253.91,20.45,341.98,245.22,0.4036,0.4036,3.0135,21.27,0.0,0.3668
2007,860,36.66,21.94,104.3,213.21,0.2878,0.2878,3.5857,17.9777,0.0,0.2415
2007,894,266.77,24.47,329.37,171.32,0.6943,0.6943,4.786,16.8849,0.0,0.4727
2007,885,132.12,0.1,185.83,118.39,0.2546,0.1273,7.4691,4.7442,167.011,0.0423
2008,860,29.72,21.69,97.59,213.27,0.3611,0.3611,3.6035,18.7339,0.0,0.3016
2008,894,264.5,24.88,328.56,172.73,0.6104,0.6104,4.7299,16.731,0.0,0.4203
2008,756,251.87,21.43,339.79,249.46,0.4272,0.4272,2.9421,21.4223,0.0,0.3922
2009,894,265.97,25.41,330.01,171.06,0.7002,0.7002,4.7951,16.867,0.0,0.4759
2010,894,263.6,25.95,330.1,174.48,0.2186,0.2186,4.6698,16.8285,20.4714,0.1476
2010,860,26.82,21.35,95.57,215.72,0.6387,0.6387,3.558,19.1664,0.0,0.5368
2010,756,251.74,22.52,340.83,256.5,0.6279,0.6279,2.8388,22.06,31.2292,0.5539
2011,894,262.98,26.41,330.24,173.59,0.4377,0.4377,4.6999,16.7687,0.0,0.3031
2011,860,27.26,20.82,95.36,214.04,0.4561,0.4561,3.5936,19.0435,0.0,0.3813
2011,885,119.76,0.23,166.38,107.93,0.7812,0.3906,8.5079,7.3672,160.5838,0.1291
2012,894,261.93,27.32,330.72,175.42,0.4941,0.4941,4.6356,16.7934,0.0,0.3464
2012,860,26.14,18.68,94.62,213.44,0.3345,0.3345,3.6094,19.1075,0.0,0.2789
2012,885,117.77,0.04,161.45,106.02,0.4082,0.2041,8.7294,7.9057,158.8158,0.0674
2013,894,261.41,27.92,329.91,172.35,0.5361,0.5361,4.7403,16.6078,159.4786,0.1898
2013,885,117.47,0.0,155.75,97.64,0.6909,0.3454,9.8118,9.0365,169.6749,0.1137
2014,894,260.55,28.5,330.35,172.63,0.3711,0.3711,4.7296,16.5898,0.0,0.2556
2014,885,115.13,0.0,154.18,104.88,0.7188,0.3594,8.8743,8.5306,11.3225,0.2359
2014,756,249.26,27.85,342.09,275.09,0.2583,0.2583,2.5903,23.6478,33.3273,0.2338
2014,860,28.56,13.82,98.48,215.76,0.3081,0.3081,3.5504,18.9146,0.0,0.2594
2015,894,258.51,29.17,330.66,175.13,0.4609,0.4609,4.6395,16.5623,0.0,0.323
2015,885,113.06,0.29,152.04,109.06,0.4941,0.247,8.4097,8.3956,12.9537,0.1617
2016,894,260.27,30.14,335.31,176.97,0.498,0.498,4.5883,17.033,0.0,0.3521
2017,894,257.62,30.86,334.46,177.91,0.7754,0.7754,4.551,16.846,0.0,0.5523
2018,894,254.58,32.13,334.96,184.08,0.2487,0.2487,4.3508,16.9345,21.462,0.178
2018,756,251.95,32.84,336.97,255.12,0.4253,0.4253,2.8544,21.7795,148.9301,0.2533
2018,885,109.05,0.01,148.03,110.37,0.2949,0.1474,8.2824,8.7532,35.6958,0.0885
2019,894,253.37,33.05,337.14,189.66,0.543,0.543,4.1879,17.2496,22.3824,0.399
2019,885,106.9,0.0,146.4,111.32,0.5918,0.2959,8.1902,8.9058,26.0711,0.186
2020,885,104.97,0.0,145.37,112.43,0.7002,0.3501,8.0832,9.0046,20.0593,0.2249
2020,756,248.64,33.67,343.61,281.84,0.4197,0.4197,2.5104,24.2956,34.4447,0.3822
2021,885,106.57,0.0,146.75,111.83,0.645,0.3225,8.1387,8.8675,0.0,0.2137
2021,756,251.83,32.76,339.42,256.52,0.499,0.499,2.837,22.0033,148.9097,0.2981
2022,885,107.65,0.0,147.42,111.87,0.564,0.282,8.1323,8.7598,0.0,0.1869
2022,894,252.02,34.3,342.76,202.83,0.6899,0.6899,3.8473,18.2047,24.4852,0.5338
2023,885,106.2,0.0,146.39,112.62,0.5806,0.2903,8.0613,8.8549,0.0,0.1924
2023,894,249.39,34.69,341.61,206.59,0.6489,0.6489,3.7518,18.2128,0.0,0.5298
2024,885,107.25,0.0,147.36,113.36,0.644,0.322,7.9863,8.6804,0.0,0.2134
2024,894,250.97,34.64,343.78,208.94,0.4282,0.4282,3.703,18.5712,0.0,0.3521
2025,885,107.8,0.0,148.13,115.62,0.6909,0.3454,7.7714,8.444,12.7088,0.2262
2025,894,252.31,34.86,345.7,211.13,0.6187,0.6187,3.6585,18.8918,0.0,0.512
2026,885,108.26,0.0,147.4,113.75,0.4756,0.2378,7.9473,8.5892,167.9191,0.0784
2026,860,24.46,1.86,93.94,208.48,0.3066,0.1533,3.7239,18.9301,153.4388,0.0744
2026,756,258.3,35.58,340.74,243.33,0.8413,0.8413,3.0479,21.2679,150.4307,0.4803
2027,860,23.25,3.12,89.75,206.41,0.2637,0.1318,3.7804,19.1151,0.0,0.1069
2027,756,259.27,35.94,337.13,229.9,0.7075,0.7075,3.2761,20.1011,152.1584,0.3841
2028,756,265.33,36.35,334.23,202.55,0.6494,0.6494,3.8616,18.4657,156.2272,0.3039
2029,894,249.77,36.67,347.46,225.9,0.7964,0.7964,3.3522,19.8509,26.9397,0.6613
2030,894,249.09,37.3,350.2,240.5,0.5166,0.5166,3.0946,21.0563,29.1046,0.4424
2031,894,244.57,37.08,353.31,264.29,0.498,0.498,2.7369,22.9621,31.9027,0.444
2032,756,258.4,35.17,342.02,240.95,0.771,0.771,3.0887,21.1465,28.9615,0.661
2033,756,261.75,36.09,340.4,229.09,0.5957,0.5957,3.299,20.3371,152.7317,0.3213
2034,756,257.13,35.98,341.99,247.35,0.5972,0.5972,2.984,21.595,29.672,0.5186
2035,756,255.85,36.9,343.77,254.55,0.4619,0.4619,2.8758,22.2106,30.8006,0.4056
2036,756,250.88,35.41,340.59,257.12,0.2386,0.2386,2.8286,22.0646,0.0,0.2223
2036,885,102.08,0.23,142.49,123.4,0.3433,0.1716,7.1275,8.7261,15.7007,0.1116
2037,756,257.88,35.99,343.07,238.13,0.2012,0.2012,3.1367,20.9533,151.2965,0.1126
2037,885,104.49,0.19,145.24,123.77,0.3025,0.1512,7.092,8.3679,0.0,0.1003
2038,885,102.8,0.13,142.48,123.99,0.2637,0.1318,7.0808,8.6516,0.0,0.0874
2039,885,101.81,0.1,141.07,124.0,0.5815,0.2908,7.0832,8.8102,0.0,0.1927
2039,756,252.61,38.18,335.15,236.95,0.7529,0.7529,3.1396,20.2125,0.0,0.6732
2040,885,102.36,0.05,142.51,123.34,0.6689,0.3345,7.1318,8.7091,0.0,0.2217
2041,885,99.31,0.07,139.59,122.37,0.833,0.4165,7.2165,9.1485,0.0,0.2759
2041,756,248.93,38.25,331.33,242.29,0.4863,0.4863,3.0411,20.2902,32.5109,0.4158
2042,885,97.96,0.08,138.73,122.68,0.8027,0.4013,7.195,9.2799,0.0,0.2658
2043,885,97.79,0.08,138.84,122.79,0.7949,0.3975,7.1864,9.2788,0.0,0.2632
2043,756,235.89,37.78,322.73,253.09,0.5352,0.5352,2.8498,20.2789,37.4337,0.4624
2044,885,97.03,0.08,138.54,123.56,0.5215,0.2607,7.1275,9.3147,0.0,0.1727
2045,885,97.04,0.08,138.44,122.41,0.6216,0.3108,7.2182,9.3721,0.0,0.2058
2046,885,96.88,0.08,138.54,122.75,0.8315,0.4158,7.1913,9.3606,0.0,0.2753
2046,756,224.19,33.77,316.16,262.68,0.2861,0.2861,2.697,20.4717,38.7016,0.2516
2047,885,96.25,0.08,138.81,125.37,0.8359,0.4179,6.9898,9.2731,13.7541,0.2728
2048,885,95.89,0.08,139.43,128.1,0.708,0.354,6.7899,9.1538,14.0563,0.231
2049,885,98.37,0.08,140.29,124.63,0.543,0.2715,7.0407,9.0631,164.7176,0.0894
2049,907,1.11,46.38,95.64,210.18,0.3276,0.1638,3.7192,20.254,0.0,0.1338
2050,885,101.02,0.12,142.82,124.04,0.4814,0.2407,7.0788,8.7447,0.0,0.1595
2050,907,3.83,56.6,93.24,211.2,0.2444,0.1222,3.6957,20.2942,0.0,0.1002
2051,885,102.99,0.05,139.34,106.69,0.396,0.198,8.7036,9.898,168.948,0.065
2051,907,0.0,49.6,100.32,226.75,0.6177,0.3089,3.3684,21.0883,26.7798,0.2552
2052,885,100.9,0.11,141.21,120.03,0.2561,0.128,7.4032,9.0554,12.9487,0.0837
2052,907,0.0,15.22,113.61,238.35,0.4226,0.2113,3.1403,21.2388,30.4461,0.1788
2053,885,99.67,0.23,141.2,125.84,0.4893,0.2447,6.9467,8.8649,13.8982,0.1597
2054,885,98.71,0.18,142.03,134.56,0.6772,0.3386,6.3507,8.5986,15.0045,0.2206
2054,756,203.93,27.48,299.14,275.14,0.3523,0.3523,2.5078,20.5132,47.4305,0.3065
2055,885,99.79,0.16,140.72,128.76,0.7642,0.3821,6.7363,8.7789,165.8325,0.1259
2055,756,203.8,29.32,295.97,275.79,0.6113,0.6113,2.4976,20.4869,0.0,0.5982
2055,907,7.16,53.43,104.47,225.57,0.6001,0.6001,3.3744,20.412,153.2566,0.3175
2056,885,99.82,0.15,140.24,128.46,0.5737,0.2868,6.758,8.8199,0.0,0.1901
2056,756,203.3,29.51,293.32,274.81,0.7793,0.7793,2.5072,20.285,0.0,0.7624
2056,907,11.89,60.49,101.92,220.96,0.2991,0.2991,3.462,19.9816,0.0,0.2547
2057,885,98.85,0.15,140.67,134.71,0.5293,0.2646,6.3428,8.6799,15.0576,0.1724
2057,756,202.35,29.2,288.05,269.22,0.604,0.604,2.5718,19.4735,0.0,0.5867
2058,885,99.13,0.1,141.19,138.24,0.6626,0.3313,6.1274,8.5627,15.5404,0.2156
2058,756,201.66,28.34,286.38,271.9,0.5679,0.5679,2.5369,19.7092,0.0,0.554
2059,885,102.74,0.22,138.46,116.62,0.457,0.2285,7.7007,9.3035,167.5272,0.0752
2059,756,200.27,28.2,282.76,271.59,0.8789,0.8789,2.5375,19.5331,0.0,0.8576
2060,756,199.0,27.96,280.44,274.79,0.4912,0.4912,2.4963,19.8047,0.0,0.4813
2061,756,197.94,27.59,278.44,276.07,0.8296,0.8296,2.4792,19.8735,0.0,0.8108
2061,910,74.8,0.53,143.53,209.81,0.8193,0.4097,3.5714,13.6131,0.0,0.3473
2062,756,196.2,26.76,275.85,275.7,0.2227,0.2227,2.4811,19.7211,0.0,0.2178
2062,910,79.6,0.34,148.64,209.38,0.8252,0.4126,3.572,13.0871,0.0,0.3501
2063,756,201.39,27.33,268.62,237.23,0.5234,0.5234,3.0214,15.1693,150.5726,0.3065
2063,910,87.23,17.14,151.58,208.8,0.4951,0.4951,3.5762,12.5279,0.0,0.4201
2064,913,111.93,0.05,137.21,31.96,0.3896,0.1948,117.6378,17.3845,0.0,0.1269
2065,-1,78.89,21.38,177.33,202.5,0.2194,0.2194,3.708,11.0814,0.0,0.1827
2066,756,200.0,27.17,256.95,206.21,0.4233,0.4233,3.617,11.1739,154.1398,0.2165
2066,910,98.13,30.08,158.06,202.02,0.4785,0.4785,3.7195,11.0333,141.404,0.2382
2067,914,48.0,0.59,96.7,145.69,0.3354,0.1677,5.867,15.0913,0.0,0.1099
2067,756,199.36,27.19,254.3,203.51,0.2407,0.2407,3.6774,10.7396,0.0,0.2015
2068,914,47.7,0.14,96.71,146.12,0.6592,0.3296,5.8449,15.1117,0.0,0.2159
2068,910,105.52,32.16,165.94,201.0,0.6558,0.6558,3.734,10.2464,0.0,0.5444
2069,914,48.99,0.2,97.9,146.05,0.3896,0.1948,5.8437,14.9456,0.0,0.1277
2069,910,109.0,30.89,170.85,201.03,0.6567,0.6567,3.7284,9.9029,0.0,0.5459
2069,885,103.25,0.0,142.7,127.76,0.3794,0.1897,6.8001,8.447,14.226,0.1238
2069,756,192.04,27.29,248.31,211.73,0.2935,0.2935,3.4853,11.1577,31.4313,0.2387
2070,914,48.55,0.02,97.48,146.01,0.395,0.1975,5.8475,15.003,0.0,0.1294
2070,910,119.92,28.24,183.46,201.22,0.6299,0.6299,3.7128,9.0845,83.9973,0.3374
2070,885,103.62,0.0,143.85,129.28,0.3999,0.1999,6.6912,8.2878,15.5497,0.1302
2070,756,189.13,28.26,244.82,213.63,0.314,0.314,3.4419,11.17,0.0,0.2726
2071,914,47.47,0.07,96.48,145.69,0.2289,0.1144,5.8685,15.1414,0.0,0.075
2071,910,124.66,25.26,189.28,201.53,0.5679,0.5679,3.7017,8.8224,0.0,0.4747
2071,756,187.63,26.27,241.5,205.01,0.3469,0.3469,3.6291,9.9611,153.8606,0.1773
2072,914,47.88,0.1,97.25,146.87,0.4814,0.2407,5.8043,15.0659,0.0,0.1577
2072,910,126.79,23.85,189.98,200.77,0.2234,0.2234,3.7191,8.651,0.0,0.1862
2072,885,103.38,0.05,143.89,130.38,0.3999,0.1999,6.6159,8.2637,0.0,0.1326
2073,914,48.19,0.98,97.36,147.19,0.2886,0.1443,5.7869,15.039,0.0,0.0946
2073,885,104.4,0.51,141.24,118.01,0.4092,0.2046,7.5711,8.9402,167.3412,0.0674
2074,885,103.36,0.31,143.61,129.36,0.2751,0.1376,6.6862,8.3189,14.2674,0.0898
2075,885,105.22,0.35,147.9,134.98,0.4243,0.2122,6.3098,7.7301,16.7242,0.1378
2076,885,105.04,0.44,149.59,140.17,0.3684,0.1842,5.9996,7.5367,15.9027,0.1199
2076,910,147.85,10.9,236.3,257.52,0.6177,0.6177,2.6822,15.9568,36.8894,0.5535
2076,914,51.6,0.8,100.58,147.91,0.259,0.1295,5.7372,14.5979,0.0,0.0849
2077,885,102.94,0.33,154.42,163.56,0.6074,0.3037,4.895,7.8323,19.1552,0.2002
2077,910,151.31,11.17,241.7,264.64,0.605,0.605,2.5886,16.9604,0.0,0.5891
2077,914,55.11,0.47,101.91,142.88,0.5537,0.2768,5.9948,14.2631,162.0086,0.0894
2078,885,102.44,0.38,155.52,171.07,0.4514,0.2257,4.6159,8.2313,20.2183,0.1566
2078,910,152.99,12.59,242.04,267.01,0.5342,0.5342,2.5586,17.2863,0.0,0.522
2078,914,55.55,0.26,102.26,144.54,0.5312,0.2656,5.9027,14.2092,0.0,0.1744
2082,914,61.01,1.12,103.5,133.98,0.4331,0.2165,6.512,13.8257,164.3668,0.0701
2083,914,62.71,1.08,103.95,131.48,0.6133,0.3066,6.673,13.7201,164.0988,0.0993
2083,885,110.72,0.92,148.27,118.93,0.585,0.2925,7.4741,8.0384,167.1726,0.0965
2084,914,64.87,1.88,104.44,130.5,0.3381,0.1691,6.7345,13.56,0.0,0.1111
2084,885,109.98,0.61,149.87,126.02,0.6245,0.3123,6.9098,7.5905,13.8255,0.2042
2085,914,67.97,0.98,107.77,131.09,0.2274,0.1137,6.6813,13.1163,0.0,0.0748
2085,885,110.01,1.37,151.83,133.44,0.5918,0.2959,6.3977,7.1668,14.9473,0.1932
2085,756,133.15,27.47,188.37,174.93,0.4893,0.4893,4.4484,5.2129,142.7452,0.1984
2086,914,68.72,0.7,107.72,130.22,0.2532,0.1266,6.7396,13.0861,0.0,0.0833
2086,885,106.92,0.95,155.99,159.72,0.667,0.3335,5.0447,7.2831,18.6254,0.2156
2086,925,191.86,18.82,227.42,174.52,0.4524,0.4524,4.4701,6.0823,0.0,0.3327
2087,914,70.72,0.21,109.83,130.55,0.3174,0.1587,6.7089,12.8025,0.0,0.1045
2087,885,110.71,0.77,154.79,141.41,0.3904,0.1952,5.9193,6.7593,163.8921,0.0646
2088,885,110.77,0.61,160.27,161.36,0.3408,0.1704,4.9712,6.8196,18.9742,0.1108
2089,756,123.52,23.79,185.1,175.73,0.4648,0.4648,4.4265,5.8385,0.0,0.3446
2090,929,123.17,0.06,163.06,78.3,0.457,0.2285,13.5785,10.6868,0.0,0.151
2090,756,114.24,7.25,177.57,171.3,0.2372,0.2372,4.5846,6.2432,143.0709,0.0917
2090,925,204.57,16.39,241.17,176.28,0.6802,0.6802,4.427,7.6552,76.5995,0.3292
2091,929,123.15,0.45,163.57,79.73,0.4785,0.2392,13.2054,10.4975,7.4129,0.1575
2091,914,76.31,0.23,116.29,129.51,0.2712,0.1356,6.7586,12.011,115.7288,0.0442
2092,929,124.12,0.14,163.86,78.15,0.4082,0.2041,13.6161,10.6462,172.2599,0.0669
2092,914,72.87,0.26,112.34,129.55,0.397,0.1985,6.7694,12.5093,0.0,0.1308
2092,925,211.47,15.76,249.05,176.62,0.6416,0.6416,4.4267,8.5348,0.0,0.4744
2093,929,125.2,0.03,165.02,78.23,0.2751,0.1376,13.5913,10.5628,0.0,0.0909
2093,914,71.4,0.09,110.3,129.05,0.2546,0.1273,6.8112,12.7571,0.0,0.0838
2093,925,213.01,15.83,251.45,176.51,0.5581,0.5581,4.4334,8.7597,0.0,0.4121
2093,885,124.54,1.28,177.62,172.17,0.4006,0.2003,4.5492,5.774,32.2953,0.1349
2094,929,127.59,0.0,166.02,75.21,0.332,0.166,14.445,10.8301,172.2033,0.0543
2094,925,215.66,16.52,255.38,176.37,0.6748,0.6748,4.4435,9.1443,0.0,0.4971
2094,935,128.25,0.11,166.16,33.07,0.459,0.2295,99.3809,16.1577,0.0,0.15
2094,885,122.84,0.85,176.96,173.35,0.233,0.1165,4.5099,6.0109,0.0,0.0851
2095,925,217.87,17.35,259.12,176.04,0.8218,0.8218,4.4596,9.4835,0.0,0.6033
2095,935,129.14,0.05,166.77,32.7,0.3557,0.1779,104.6118,16.1769,177.8131,0.0569
2095,885,120.07,0.69,174.2,172.74,0.5107,0.2554,4.5335,6.2405,0.0,0.1856
2095,914,71.93,0.0,110.41,130.38,0.4368,0.2184,6.7172,12.6851,0.0,0.1438
2096,925,218.82,17.56,262.02,176.49,0.8916,0.8916,4.4484,9.7495,0.0,0.6557
2096,935,129.59,0.03,167.27,32.6,0.2153,0.1076,106.1159,16.1724,175.3573,0.0345
2096,885,121.66,0.59,174.84,172.53,0.3381,0.1691,4.5395,6.1024,0.0,0.1228
2096,914,74.24,0.12,112.1,130.62,0.3408,0.1704,6.6933,12.4099,0.0,0.1123
2097,925,218.7,18.66,263.51,176.76,0.6929,0.6929,4.4409,9.8514,0.0,0.5102
2097,935,138.54,0.11,170.46,27.79,0.2458,0.1229,345.9437,16.5935,179.5314,0.0393
2098,925,218.01,18.5,264.48,176.67,0.5947,0.5947,4.4441,9.8627,0.0,0.4376
2098,885,114.8,0.72,167.6,164.64,0.3345,0.1673,4.8341,6.2815,155.3766,0.0591
2099,925,217.6,16.65,265.37,173.54,0.3398,0.3398,4.5491,9.6953,159.5011,0.1321
2099,935,140.93,0.0,169.67,24.74,0.3594,0.1797,10.0,90.0,0.0,0.0
2100,925,217.09,17.26,265.49,171.06,0.7739,0.7739,4.6348,9.5258,0.0,0.5501
2101,925,220.2,16.64,267.71,164.02,0.8027,0.8027,4.9015,9.5282,159.9915,0.2744
2101,885,131.71,0.54,178.44,148.17,0.5078,0.2539,5.5347,3.6217,157.8132,0.0845
2102,925,221.77,15.84,269.86,162.2,0.7725,0.7725,4.9776,9.7054,0.0,0.5136
2102,885,133.61,0.35,180.12,149.66,0.6084,0.3042,5.4605,3.4139,0.0,0.2026
2103,925,225.41,14.98,273.86,160.45,0.6646,0.6646,5.0575,10.1602,0.0,0.4396
2103,929,141.6,0.0,169.14,49.48,0.3979,0.1989,30.5424,13.747,176.6151,0.0644
2104,925,227.62,14.11,276.77,159.86,0.7583,0.7583,5.0881,10.4887,0.0,0.5013
2104,885,136.69,0.18,184.68,148.93,0.6323,0.3161,5.4928,2.8583,0.0,0.2106
2105,925,231.15,13.51,280.42,159.8,0.5928,0.5928,5.0997,10.9732,0.0,0.3916
2105,929,139.66,0.0,168.82,48.1,0.4072,0.2036,32.4566,13.9666,176.1251,0.0659
2106,925,241.39,12.55,279.62,122.22,0.3774,0.3774,7.2938,11.7986,166.8532,0.1231
2106,942,244.42,12.51,281.52,48.56,0.3784,0.3784,32.3756,17.5752,0.0,0.2464
2106,885,130.69,0.02,180.32,154.49,0.4358,0.2179,5.2381,3.8183,24.291,0.1387
2107,925,240.67,12.53,287.87,149.58,0.75,0.75,5.586,11.9436,17.2354,0.4834
2107,885,130.93,0.12,180.0,153.25,0.6836,0.3418,5.2939,3.7574,0.0,0.2276
2108,925,242.72,12.39,291.2,155.71,0.6235,0.6235,5.3076,12.3948,19.7583,0.3986
2108,885,131.45,0.34,180.03,152.69,0.6318,0.3159,5.3193,3.6929,0.0,0.2104
2109,925,243.86,12.09,292.67,158.96,0.5981,0.5981,5.1701,12.6381,19.9689,0.3819
2109,885,132.12,0.06,180.39,152.94,0.395,0.1975,5.3074,3.6362,0.0,0.1315
2109,929,148.18,0.0,170.45,33.57,0.3794,0.1897,92.8966,15.7165,178.8797,0.0609
2110,885,132.26,0.15,180.61,153.03,0.6953,0.3477,5.3031,3.6167,0.0,0.2315
2110,914,90.99,12.86,134.04,152.72,0.4824,0.4824,5.39,9.672,21.7783,0.3078
2111,885,135.29,0.19,183.06,153.8,0.6001,0.3,5.266,3.2992,0.0,0.1999
2111,914,89.33,5.37,135.36,149.92,0.2401,0.2401,5.523,9.6535,162.8908,0.0789
2111,925,245.45,12.48,293.95,160.61,0.8228,0.8228,5.1052,12.8703,0.0,0.5416
2112,885,134.7,0.21,182.7,153.53,0.583,0.2915,5.2786,3.3449,0.0,0.1942
2112,925,247.54,12.85,295.05,160.01,0.218,0.218,5.1351,13.0697,0.0,0.1435
2113,885,137.53,0.22,185.03,153.42,0.7847,0.3923,5.2816,3.0046,0.0,0.2614
2113,925,248.59,13.17,295.98,160.82,0.7485,0.7485,5.1045,13.2217,0.0,0.4924
2113,914,86.87,6.45,133.58,153.49,0.3496,0.3496,5.3602,10.0024,20.7873,0.2237
2114,885,138.9,0.23,185.97,153.0,0.8193,0.4097,5.3,2.83,0.0,0.2729
2114,925,248.56,13.18,295.88,161.02,0.7363,0.7363,5.096,13.218,0.0,0.4844
2114,914,83.55,2.69,131.56,151.51,0.4131,0.2066,5.4592,10.3383,154.2305,0.0677
2115,885,139.6,0.24,186.45,153.21,0.7583,0.3791,5.29,2.7693,0.0,0.2526
2115,925,248.82,13.09,296.15,161.18,0.8013,0.8013,5.0903,13.2573,0.0,0.5271
2115,914,82.69,10.93,129.75,153.74,0.3923,0.3923,5.359,10.5585,20.8635,0.2507
2116,885,140.35,0.43,186.97,153.1,0.686,0.343,5.2946,2.682,0.0,0.2285
2116,925,250.18,12.03,297.46,160.77,0.646,0.646,5.1114,13.4258,0.0,0.4248
2116,914,78.29,13.99,127.08,157.49,0.543,0.543,5.2018,11.1209,25.2865,0.3413
2117,885,141.08,0.41,187.53,153.43,0.7739,0.387,5.2793,2.6257,0.0,0.2578
2117,925,251.89,11.9,298.86,160.89,0.8203,0.8203,5.1114,13.6363,0.0,0.5392
2117,914,74.54,5.33,125.79,153.73,0.2766,0.2766,5.3761,11.3891,159.962,0.0904
2118,885,141.56,0.87,187.48,152.99,0.7251,0.3625,5.2992,2.5672,0.0,0.2416
2118,925,253.94,11.48,300.47,160.37,0.6538,0.6538,5.1389,13.8685,0.0,0.4295
2118,914,71.0,11.79,122.99,158.54,0.2281,0.2281,5.1726,11.9181,22.2281,0.1448
2119,885,141.89,1.88,187.34,153.19,0.6704,0.3352,5.29,2.57,0.0,0.2234
2119,925,255.64,10.76,300.77,155.16,0.7163,0.7163,5.3687,13.9041,162.3241,0.2318
2120,885,142.4,2.54,187.91,153.64,0.7285,0.3643,5.2693,2.5384,0.0,0.2427
2120,925,257.91,10.4,301.35,150.17,0.7471,0.7471,5.6085,14.0371,162.8206,0.2416
2121,885,143.18,3.53,189.03,155.11,0.6982,0.3491,5.2033,2.5513,0.0,0.2326
2121,925,260.37,9.6,302.84,146.83,0.687,0.687,5.7839,14.2831,161.9483,0.2219
2122,885,144.67,4.26,189.97,152.5,0.2554,0.1277,5.3201,2.1896,160.5036,0.0425
2122,925,266.43,9.22,300.0,112.28,0.6245,0.6245,8.2935,15.1335,168.4117,0.2009
2122,914,60.17,15.42,130.73,210.5,0.4805,0.4805,3.5836,15.0786,25.4784,0.39
2123,885,144.34,4.72,191.76,159.57,0.5527,0.2763,5.0123,2.8143,18.8121,0.1792
2123,925,268.95,8.79,298.28,94.98,0.5332,0.5332,10.4873,16.0185,170.7812,0.1708
2123,958,262.13,8.74,304.08,145.04,0.4226,0.4226,5.8837,14.4805,0.0,0.2773
2124,885,144.72,5.79,192.03,159.39,0.7559,0.7559,5.0196,2.7657,0.0,0.5036
2124,958,262.0,8.51,303.95,145.0,0.7026,0.7026,5.8853,14.4629,0.0,0.461
2124,914,50.72,14.69,109.72,175.02,0.502,0.502,4.5948,14.666,158.7102,0.189
2125,885,144.71,6.57,192.27,160.4,0.6538,0.6538,4.9782,2.8729,0.0,0.4375
2125,958,262.56,8.76,304.4,145.09,0.5767,0.5767,5.8825,14.531,0.0,0.3783
2126,885,143.69,7.22,192.95,166.88,0.8062,0.8062,4.7267,3.6814,19.7927,0.5504
2126,958,262.69,8.31,304.6,145.12,0.8252,0.8252,5.8815,14.5532,0.0,0.5413
2127,885,143.82,8.09,194.49,172.76,0.8101,0.8101,4.5174,4.4022,20.791,0.5738
2127,958,263.09,8.17,305.09,145.54,0.8496,0.8496,5.8609,14.6137,0.0,0.5572
2127,914,37.23,12.85,109.87,202.09,0.4302,0.4302,3.8334,16.8953,25.0283,0.3341
2128,885,143.98,8.68,194.03,171.34,0.791,0.791,4.5663,4.2212,0.0,0.5724
2128,958,263.44,7.93,305.43,145.68,0.8677,0.8677,5.8549,14.6604,0.0,0.5691
2128,914,28.71,10.36,103.5,207.72,0.4282,0.4282,3.7208,18.1013,41.2794,0.316
2129,885,143.59,9.16,194.75,175.13,0.6851,0.6851,4.4377,4.7192,20.9727,0.4922
2129,958,263.51,7.82,305.4,145.53,0.8218,0.8218,5.8629,14.6627,0.0,0.5389
2130,885,143.4,9.7,194.91,176.51,0.7988,0.7988,4.3925,4.9061,0.0,0.5963
2130,958,263.79,7.65,305.48,145.09,0.8013,0.8013,5.887,14.6862,0.0,0.5255
2131,885,146.02,10.07,194.25,164.84,0.6343,0.6343,4.8027,3.3051,160.4324,0.2278
2131,958,264.74,7.56,306.17,144.92,0.6733,0.6733,5.8993,14.796,0.0,0.4414
2131,914,30.33,14.45,97.22,184.98,0.5166,0.5166,4.3283,17.1537,158.5552,0.2108
2132,885,143.42,10.46,195.67,177.37,0.6567,0.6567,4.3647,5.0055,21.3101,0.4776
2132,958,264.23,7.73,305.57,144.95,0.7939,0.7939,5.8955,14.7216,0.0,0.5206
2133,885,145.43,11.15,198.15,180.38,0.5991,0.5991,4.2693,5.3365,0.0,0.4569
2133,958,264.02,8.08,305.34,145.06,0.75,0.75,5.8887,14.6922,0.0,0.4918
2134,885,148.72,11.94,197.7,168.49,0.224,0.224,4.6663,3.6421,159.8395,0.0845
2134,958,263.95,7.65,305.42,145.1,0.6523,0.6523,5.8866,14.6929,0.0,0.4278
2134,966,107.04,0.0,142.48,115.07,0.5698,0.2849,7.8309,8.8768,0.0,0.1888
2135,885,148.71,12.51,201.22,182.49,0.6177,0.6177,4.2045,5.5531,22.1626,0.4611
2135,958,263.74,7.12,305.25,144.84,0.8677,0.8677,5.8998,14.6671,0.0,0.569
2135,966,107.87,0.0,144.0,117.65,0.6748,0.3374,7.5942,8.5666,13.5905,0.2205
2136,885,149.52,12.53,203.64,189.71,0.7529,0.7529,3.997,6.5493,23.5427,0.5801
2136,958,264.81,6.73,306.08,144.64,0.6426,0.6426,5.9143,14.7944,0.0,0.4213
2136,966,106.57,0.05,141.75,115.26,0.6733,0.3367,7.8149,8.9392,165.2479,0.1109
2137,885,151.79,13.15,206.38,192.76,0.7026,0.7026,3.9147,6.964,0.0,0.5683
2137,958,265.22,6.13,306.57,145.13,0.8535,0.8535,5.8898,14.8553,0.0,0.5595
2137,966,110.01,0.07,144.64,113.34,0.604,0.302,7.9882,8.6794,156.7083,0.0995
2138,885,153.28,13.01,207.53,193.31,0.6567,0.6567,3.9002,7.0408,0.0,0.5324
2138,958,264.89,5.53,306.29,144.95,0.8726,0.8726,5.8982,14.8141,0.0,0.5721
2138,966,111.63,0.08,145.79,111.6,0.3914,0.1957,8.1563,8.6399,164.7205,0.0645
2139,885,154.93,13.02,209.2,194.34,0.8086,0.8086,3.8734,7.1921,0.0,0.6584
2139,958,264.77,5.11,305.99,144.5,0.8721,0.8721,5.9215,14.7856,0.0,0.5718
2139,966,109.66,0.13,144.09,113.47,0.4727,0.2364,7.9768,8.7249,17.1159,0.1532
2139,914,23.14,15.48,83.6,169.62,0.6758,0.6758,4.8808,17.931,158.5872,0.2251
2140,885,156.28,12.01,210.33,193.92,0.7974,0.7974,3.8844,7.1422,0.0,0.6481
2140,958,265.45,4.7,306.24,143.87,0.7725,0.3862,5.9575,14.8478,0.0,0.2532
2140,966,110.92,0.14,145.31,113.32,0.6992,0.3496,7.988,8.5852,0.0,0.2318
2140,914,25.74,15.55,79.02,147.28,0.4358,0.4358,5.8697,17.7315,163.83,0.1384
2141,885,157.1,10.77,211.12,194.13,0.7583,0.7583,3.879,7.1802,0.0,0.6169
2141,958,266.86,4.56,307.04,143.82,0.7642,0.3821,5.9647,14.9958,0.0,0.2504
2141,966,112.66,0.1,147.15,112.94,0.6309,0.3155,8.0203,8.3979,0.0,0.2092
2142,885,157.98,10.57,211.69,194.24,0.7871,0.7871,3.8763,7.2048,0.0,0.6406
2142,958,268.1,4.52,307.73,144.37,0.7939,0.397,5.9387,15.125,0.0,0.26
2142,966,113.86,0.08,149.31,114.74,0.7271,0.3635,7.8439,8.0644,16.0502,0.2364
2142,914,26.42,15.39,77.74,138.93,0.3523,0.3523,6.3391,17.7782,164.9655,0.1118
2143,885,158.31,9.48,212.02,194.12,0.8228,0.8228,3.8794,7.1925,0.0,0.6693
2143,958,271.64,4.42,309.82,143.55,0.6567,0.3283,5.995,15.5009,0.0,0.2149
2143,966,115.99,0.08,150.53,112.43,0.5698,0.2849,8.0619,8.0409,165.0961,0.094
2144,885,159.47,9.33,211.4,187.95,0.7695,0.7695,4.0461,6.3292,157.1938,0.3528
2144,958,272.25,4.58,309.73,144.09,0.835,0.4175,5.9666,15.5354,0.0,0.2732
2144,966,115.23,0.07,150.65,113.75,0.7104,0.3552,7.9344,7.9763,12.5352,0.2328
2145,885,159.63,8.81,212.1,189.8,0.8076,0.8076,3.9949,6.5969,0.0,0.6448
2145,958,271.68,4.74,308.59,142.8,0.7393,0.3696,6.034,15.4223,0.0,0.242
2145,966,114.68,0.07,150.53,113.3,0.7378,0.3689,7.9785,8.0502,0.0,0.2447
2146,885,159.25,8.25,212.01,191.75,0.6826,0.6826,3.942,6.8668,0.0,0.5497
2146,958,271.72,4.74,308.61,143.35,0.6226,0.3113,6.0037,15.4257,0.0,0.2038
2146,966,114.98,0.03,151.98,115.44,0.4883,0.2442,7.7744,7.7853,13.1233,0.1599
2146,914,21.75,14.12,75.36,144.17,0.4436,0.4436,6.0546,18.2227,19.5811,0.2798
2147,885,163.2,8.41,209.3,164.64,0.4016,0.4016,4.8094,3.0918,160.5297,0.1439
2147,958,273.52,5.05,309.78,139.33,0.2101,0.2101,6.2395,15.6363,164.2441,0.0674
2147,966,119.46,0.15,154.89,110.71,0.4026,0.2013,8.2258,7.7367,165.0031,0.0665
2147,914,16.76,13.07,87.59,188.93,0.4873,0.4873,4.2514,18.745,21.7976,0.3533
2148,885,165.36,8.49,209.85,154.85,0.3811,0.3811,5.2123,1.9007,161.7885,0.127
2148,958,273.98,5.31,309.18,134.18,0.542,0.542,6.5583,15.6713,165.4086,0.174
2148,966,120.76,0.24,155.31,106.84,0.5527,0.2763,8.6398,7.9916,168.5256,0.0912
2149,885,162.29,8.72,214.18,179.18,0.6895,0.6895,4.3066,5.1709,21.5514,0.5064
2149,958,274.78,5.37,311.33,139.66,0.3345,0.3345,6.2262,15.8212,16.1176,0.2144
2149,966,121.4,0.18,156.16,107.63,0.4167,0.2084,8.55,7.8394,0.0,0.1383
2150,885,160.04,9.24,214.21,188.39,0.6841,0.6841,4.0341,6.4247,22.9873,0.5246
2150,958,275.23,5.8,312.38,141.3,0.4514,0.4514,6.1343,15.9139,0.0,0.2952
2150,966,121.7,0.06,156.82,108.41,0.5117,0.2559,8.4636,7.7161,0.0,0.1698
2151,885,160.29,9.72,215.68,192.3,0.7515,0.7515,3.9278,6.9905,23.9378,0.585
2151,958,275.99,6.11,311.77,133.88,0.4216,0.4216,6.5884,15.9792,165.4967,0.1351
2151,966,121.89,0.11,157.19,108.68,0.4844,0.2422,8.4339,7.6613,0.0,0.1607
2152,885,160.23,10.1,217.1,197.15,0.7974,0.7974,3.8027,7.6816,24.3205,0.6329
2152,958,280.26,6.39,317.49,141.02,0.6216,0.6216,6.173,16.5852,19.4189,0.394
2152,966,122.06,0.18,158.28,111.97,0.4668,0.2334,8.092,7.295,12.0141,0.1533
2152,914,9.07,4.69,85.75,200.41,0.4263,0.2132,3.957,19.8443,25.8674,0.1604
2153,885,159.64,10.88,217.45,201.23,0.605,0.605,3.7026,8.2464,24.6675,0.4875
2153,958,283.12,6.72,320.62,143.44,0.7393,0.7393,6.0498,16.9745,25.9542,0.4573
2153,966,121.38,0.06,158.64,115.28,0.646,0.323,7.7749,7.0299,12.3694,0.212
2154,885,157.75,11.45,216.48,207.01,0.7051,0.7051,3.5682,9.0244,26.1252,0.5778
2154,958,283.05,7.42,320.71,144.47,0.7163,0.7163,5.9932,16.9757,0.0,0.4671
2154,966,121.11,0.11,158.37,114.89,0.7075,0.3538,7.8116,7.0931,0.0,0.2349
2155,885,157.42,12.76,216.21,209.71,0.5068,0.5068,3.5084,9.3952,0.0,0.4364
2155,958,284.68,8.06,321.94,144.76,0.7349,0.7349,5.984,17.1634,0.0,0.479
2155,966,121.43,0.09,159.07,116.25,0.7769,0.3885,7.6858,6.923,13.1592,0.2546
2156,885,158.06,14.26,216.77,211.11,0.7568,0.7568,3.4782,9.5984,0.0,0.6546
2156,958,280.98,8.85,318.93,144.48,0.564,0.564,5.984,16.7227,0.0,0.368
2156,966,121.02,0.12,158.9,116.84,0.7832,0.3916,7.6334,6.9095,0.0,0.2601
2157,885,156.56,14.92,216.51,217.6,0.7422,0.7422,3.3434,10.4849,27.1533,0.6273
2157,958,280.14,9.6,317.07,136.41,0.3337,0.3337,6.4487,16.5767,164.8062,0.1066
2157,966,120.66,0.13,158.45,116.69,0.5322,0.2661,7.6476,6.9688,0.0,0.1767
2158,885,156.99,15.62,216.5,216.54,0.7974,0.7974,3.3648,10.341,0.0,0.7011
2158,958,278.31,10.06,317.78,141.75,0.6187,0.6187,6.1274,16.4737,15.5082,0.3965
2158,966,121.18,0.05,157.76,112.63,0.7139,0.3569,8.0282,7.3149,168.0436,0.118
2159,885,158.36,16.24,211.77,195.0,0.625,0.625,3.8566,7.3148,156.1402,0.3019
2159,958,278.79,9.99,318.28,137.48,0.605,0.605,6.3821,16.5591,165.0796,0.1933
2159,966,121.53,0.01,158.9,114.34,0.7949,0.3975,7.8622,7.085,13.119,0.2605
2160,885,155.13,15.48,212.69,209.47,0.7202,0.7202,3.5132,9.3287,25.8893,0.5956
2160,958,278.09,10.18,319.79,141.91,0.6724,0.6724,6.1224,16.5913,15.7386,0.4305
2160,966,120.95,0.09,158.72,116.73,0.7002,0.3501,7.6435,6.9328,12.7526,0.2297
2161,885,154.25,14.96,214.24,217.06,0.7778,0.7778,3.354,10.3869,26.9055,0.6569
2161,958,280.14,10.31,321.26,137.89,0.7285,0.7285,6.3672,16.8409,164.3275,0.2324
2161,966,121.3,0.08,158.7,116.99,0.6235,0.3118,7.62,6.8929,0.0,0.2071
2161,914,13.14,1.79,80.13,181.58,0.3701,0.185,4.4951,19.1388,159.2528,0.0707
2162,885,152.18,14.83,212.94,219.97,0.75,0.75,3.2961,10.7793,0.0,0.666
2162,958,278.81,10.75,321.08,138.11,0.8486,0.8486,6.3502,16.7403,0.0,0.5537
2162,966,121.45,0.12,157.9,114.43,0.7163,0.3582,7.8549,7.1388,167.7322,0.1185
2162,914,13.16,1.12,78.36,181.42,0.5117,0.2559,4.5036,19.2411,0.0,0.1827
2163,885,150.79,14.86,214.49,230.88,0.7974,0.7974,3.0941,12.2818,28.7873,0.6953
2163,958,278.21,11.34,322.13,141.01,0.7178,0.7178,6.1795,16.7558,15.5693,0.4596
2163,966,121.43,0.13,157.66,114.1,0.7056,0.3528,7.8863,7.1812,0.0,0.2343
2163,914,14.06,1.02,77.79,181.54,0.5254,0.2627,4.4991,19.2249,0.0,0.1878
2164,885,150.56,14.96,215.51,235.35,0.8423,0.8423,3.0174,12.8942,0.0,0.7771
2164,958,280.79,11.79,323.76,137.09,0.7393,0.7393,6.4239,17.053,164.0374,0.2356
2164,966,122.21,0.09,157.98,113.18,0.6094,0.3047,7.9733,7.1976,0.0,0.2023
2164,914,13.3,1.07,76.85,184.05,0.5293,0.2646,4.4235,19.4182,0.0,0.1918
2165,885,152.82,15.08,210.31,207.04,0.7456,0.7456,3.5669,8.9752,154.4851,0.388
2165,958,279.02,12.48,324.19,142.18,0.6895,0.6895,6.1192,16.9413,15.5374,0.4413
2165,966,123.11,0.08,158.21,111.67,0.5698,0.2849,8.1209,7.2681,167.272,0.0942
2165,914,13.25,0.8,75.91,183.51,0.6074,0.3037,4.4422,19.4593,0.0,0.2193
2166,885,150.19,14.92,212.54,224.06,0.7456,0.7456,3.2177,11.3403,27.8503,0.6406
2166,958,279.4,13.37,325.34,144.21,0.457,0.457,6.0097,17.0399,17.3053,0.2911
2166,966,123.3,0.07,158.34,111.9,0.7114,0.3557,8.0976,7.23,0.0,0.2362
2166,914,12.69,0.87,74.21,183.51,0.4902,0.2451,4.4466,19.5976,0.0,0.1768
2167,885,149.09,14.96,213.32,231.63,0.8076,0.8076,3.0809,12.3802,28.8946,0.7053
2167,958,277.86,13.7,325.3,147.38,0.6084,0.6084,5.8372,16.9424,16.4064,0.3885
2167,966,123.31,0.02,158.05,111.11,0.7461,0.373,8.1774,7.3164,0.0,0.2477
2167,914,13.16,0.9,70.49,173.62,0.5391,0.2696,4.7821,19.4909,160.4027,0.0925
2168,885,150.64,14.79,214.75,229.99,0.6387,0.6387,3.1097,12.1601,0.0,0.582
2168,958,276.02,14.08,325.14,150.96,0.7886,0.7886,5.6524,16.8312,16.9841,0.503
2168,966,123.87,0.05,157.75,107.88,0.769,0.3845,8.518,7.6034,168.6875,0.127
2169,885,149.95,14.99,214.98,233.99,0.8135,0.8135,3.0403,12.7064,0.0,0.7483
2169,958,275.47,14.12,325.55,152.57,0.79,0.79,5.5743,16.8356,0.0,0.5154
2169,966,123.28,0.02,158.22,111.44,0.7041,0.352,8.1439,7.279,11.8027,0.2313
2169,914,13.69,0.53,73.06,180.26,0.6406,0.3203,4.5503,19.4961,20.6182,0.2198
2170,885,150.78,15.25,213.44,225.74,0.6899,0.6899,3.1865,11.574,151.895,0.3921
2170,958,274.59,14.4,325.53,154.34,0.7964,0.7964,5.4891,16.7949,0.0,0.5196
2170,966,123.58,0.1,158.61,111.73,0.731,0.3655,8.114,7.2153,0.0,0.2427
2170,914,13.23,0.44,71.6,179.36,0.7202,0.3601,4.5835,19.5855,0.0,0.2531
2171,885,151.68,15.81,213.01,221.06,0.7422,0.7422,3.2749,10.9291,0.0,0.661
2171,958,274.83,14.47,325.76,154.25,0.7378,0.7378,5.4943,16.8246,0.0,0.4813
2171,966,124.37,0.13,158.63,108.4,0.749,0.3745,8.4599,7.4821,168.5145,0.1238
2171,914,13.03,0.33,69.4,175.21,0.251,0.1255,4.7287,19.6103,159.9718,0.0439
2172,885,151.47,16.11,213.42,223.95,0.7988,0.7988,3.2198,11.3286,0.0,0.717
2172,958,273.9,14.48,325.76,156.75,0.7832,0.7832,5.3785,16.7951,17.6078,0.4988
2172,966,123.53,0.14,159.19,113.07,0.7578,0.3789,7.9814,7.0667,12.0436,0.2489
2173,885,152.99,16.77,216.05,229.99,0.7241,0.7241,3.1099,12.1706,30.123,0.6272
2173,958,272.73,14.13,325.47,159.03,0.8535,0.8535,5.2754,16.7344,18.242,0.5427
2173,966,123.16,0.05,159.46,115.32,0.7646,0.3823,7.7687,6.8781,12.3585,0.251
2174,885,156.0,16.46,220.85,235.0,0.7642,0.7642,3.024,12.8927,0.0,0.7044
2174,958,272.1,13.89,325.18,160.14,0.8193,0.8193,5.2261,16.6933,0.0,0.5347
2174,966,123.26,0.06,159.77,116.36,0.6807,0.3403,7.6734,6.7679,0.0,0.2261
2175,885,156.74,16.79,220.9,234.48,0.7964,0.7964,3.0329,12.8272,0.0,0.7332
2175,958,272.18,14.07,325.01,160.15,0.6152,0.6152,5.2255,16.6876,0.0,0.4015
2175,966,123.4,0.25,159.95,116.8,0.6802,0.3401,7.6337,6.7133,0.0,0.226
2176,885,163.89,16.82,230.26,235.58,0.835,0.835,3.0169,13.1337,0.0,0.7702
2176,958,271.9,13.76,324.62,160.29,0.8252,0.8252,5.2182,16.6464,0.0,0.5386
2176,966,123.44,0.14,160.11,117.41,0.8052,0.4026,7.5794,6.6521,0.0,0.2675
2176,914,10.04,0.88,66.26,180.72,0.2776,0.1388,4.5563,20.1528,24.2213,0.0938
2177,885,161.22,17.01,227.71,236.12,0.5889,0.5889,3.0069,13.146,0.0,0.544
2177,958,271.63,13.55,324.27,160.58,0.8574,0.8574,5.2047,16.6112,0.0,0.5597
2177,966,123.17,0.05,160.08,118.41,0.8086,0.4043,7.4926,6.5899,0.0,0.2686
2177,914,13.0,1.0,66.46,174.08,0.2268,0.1134,4.7745,19.764,159.4219,0.039
2178,885,164.95,16.52,232.97,236.73,0.791,0.791,2.9985,13.3364,0.0,0.7313
2178,958,271.36,13.83,323.86,160.93,0.8315,0.8315,5.1887,16.5734,0.0,0.5428
2178,966,123.64,0.06,160.04,117.16,0.7339,0.3669,7.6014,6.6648,167.1519,0.1215
2179,885,165.62,17.62,233.06,235.34,0.8003,0.8003,3.0219,13.1619,0.0,0.7376
2179,958,271.41,14.02,323.65,160.84,0.8545,0.8545,5.1922,16.5612,0.0,0.5579
2179,966,124.08,0.21,159.94,115.87,0.7788,0.3894,7.7169,6.7522,167.4242,0.1289
2180,885,166.79,18.69,233.92,235.39,0.8076,0.8076,3.0215,13.1978,0.0,0.7443
2180,958,271.68,13.82,323.69,160.68,0.8369,0.8369,5.1995,16.5785,0.0,0.5463
2180,966,124.07,0.12,159.97,116.63,0.7612,0.3806,7.6482,6.6876,0.0,0.2529
2181,885,168.4,19.82,235.22,235.0,0.8101,0.8101,3.0288,13.1907,0.0,0.7459
2181,958,271.69,14.1,323.54,160.86,0.8271,0.8271,5.1917,16.5727,0.0,0.5399
2181,966,124.44,0.18,159.7,115.51,0.6978,0.3489,7.7497,6.7758,167.5962,0.1155
2182,885,170.34,19.77,238.0,236.03,0.833,0.833,3.0128,13.4046,0.0,0.7685
2182,958,271.98,13.74,323.85,161.09,0.7964,0.7964,5.1832,16.6162,0.0,0.5198
2182,966,124.87,0.16,159.85,115.31,0.6187,0.3094,7.7676,6.7602,0.0,0.2055
2183,885,172.37,19.28,242.11,238.7,0.7285,0.7285,2.9706,13.8639,0.0,0.6757
2183,958,272.14,13.7,323.93,161.16,0.8013,0.8013,5.1807,16.6331,0.0,0.523
2183,966,125.93,0.19,160.12,112.68,0.7334,0.3667,8.0162,6.92,167.5777,0.1213
2184,885,173.15,19.27,244.1,239.86,0.8594,0.8594,2.9527,14.067,0.0,0.7989
2184,958,272.47,13.31,324.43,160.97,0.8306,0.8306,5.1903,16.6837,0.0,0.5421
2184,966,125.71,0.11,160.27,114.54,0.7778,0.3889,7.838,6.7568,12.2498,0.2554
2184,914,13.45,0.49,67.83,180.9,0.3657,0.1829,4.5404,19.8534,20.5326,0.1256
2185,885,172.91,18.7,244.73,240.08,0.8647,0.8647,2.9493,14.103,0.0,0.8042
2185,958,272.2,13.81,325.02,164.03,0.8296,0.8296,5.0655,16.7666,18.712,0.5267
2185,966,125.57,0.13,160.09,115.6,0.6919,0.3459,7.74,6.6824,0.0,0.2298
2186,885,172.67,18.29,245.19,239.84,0.8691,0.8691,2.9532,14.0763,0.0,0.8079
2186,958,273.08,13.9,325.83,163.14,0.7656,0.7656,5.1047,16.8572,0.0,0.4994
2186,966,126.02,0.09,160.53,116.42,0.7612,0.3806,7.6647,6.5621,0.0,0.2529
2187,885,172.9,18.5,245.86,238.7,0.8853,0.8853,2.972,13.9468,0.0,0.8209
2187,958,273.44,14.4,325.93,161.94,0.8555,0.8555,5.1548,16.8629,0.0,0.5581
2187,966,126.49,0.12,160.75,116.5,0.8184,0.4092,7.6569,6.5162,0.0,0.2719
2188,885,174.76,18.48,248.71,239.62,0.8101,0.8101,2.9587,14.1623,0.0,0.7523
2188,958,273.39,14.59,326.98,164.71,0.771,0.771,5.0445,16.9856,19.2171,0.4885
2188,966,128.4,0.13,159.1,104.0,0.4883,0.2442,8.9584,7.7,169.2479,0.0806
2188,914,19.66,0.09,70.29,174.48,0.4397,0.2198,4.7389,19.1213,155.3331,0.0769
2189,885,177.7,18.75,252.27,238.93,0.71,0.71,2.9724,14.2193,0.0,0.658
2189,958,274.29,15.39,327.27,162.33,0.8052,0.8052,5.143,17.0128,0.0,0.5251
2189,966,129.58,0.19,159.1,99.59,0.2974,0.1487,9.5214,8.1186,169.7505,0.0491
2189,914,26.6,0.15,64.29,121.77,0.6133,0.3066,7.5953,18.8591,167.3206,0.0967
2190,885,181.57,19.22,257.45,239.01,0.6177,0.6177,2.9751,14.4519,0.0,0.5721
2190,958,274.76,16.07,327.81,161.84,0.8262,0.8262,5.1652,17.0688,0.0,0.5387
2190,966,130.97,0.11,164.13,110.72,0.7178,0.3589,8.2041,6.6405,12.0953,0.2358
2190,914,28.9,0.27,61.85,101.36,0.5117,0.2559,9.7721,19.4785,170.0928,0.0804
2191,885,180.85,18.74,257.75,239.3,0.7241,0.7241,2.9701,14.4771,0.0,0.671
2191,958,275.28,16.13,329.24,163.33,0.6226,0.6226,5.108,17.2245,0.0,0.4058
2191,966,131.68,0.13,165.8,113.34,0.7202,0.3601,7.942,6.2585,13.108,0.2362
2191,914,28.9,0.3,62.65,99.88,0.7168,0.3584,9.9733,19.4879,169.7445,0.1126
2192,885,185.55,18.46,263.15,238.93,0.791,0.791,2.9811,14.7047,0.0,0.7316
2192,958,275.2,16.05,329.28,162.21,0.7393,0.7393,5.1538,17.1997,0.0,0.4818
2192,966,131.17,0.37,165.18,113.79,0.4648,0.2324,7.8998,6.2719,0.0,0.1545
2192,914,28.73,0.31,62.43,96.25,0.3032,0.1516,10.5123,19.661,170.8064,0.0476
2193,885,189.37,18.36,267.66,238.96,0.7769,0.7769,2.9851,14.9537,0.0,0.7179
2193,958,274.71,16.01,329.36,162.51,0.7349,0.7349,5.1406,17.179,0.0,0.479
2193,966,131.83,0.46,165.69,113.49,0.4302,0.2151,7.9276,6.2416,0.0,0.143
2194,885,190.67,18.31,268.43,238.58,0.8506,0.8506,2.9924,14.9722,0.0,0.7851
2194,958,274.57,15.8,329.79,162.62,0.7471,0.7471,5.1367,17.1999,0.0,0.4869
2194,966,138.47,0.17,176.1,118.46,0.71,0.355,7.4649,4.8931,23.8382,0.2261
2194,914,21.62,0.14,68.31,135.83,0.6235,0.3118,6.5679,18.718,14.5945,0.199
2195,885,194.31,18.67,271.9,240.01,0.7778,0.7778,2.9734,15.3658,0.0,0.7194
2195,958,272.6,16.37,329.15,164.88,0.7656,0.7656,5.0404,17.0786,0.0,0.4991
2195,966,140.76,0.06,181.08,120.66,0.7695,0.3847,7.2768,4.318,23.8795,0.2452
2196,885,196.17,18.8,273.13,241.92,0.791,0.791,2.9446,15.6882,0.0,0.7343
2196,958,270.82,16.76,328.46,166.37,0.7939,0.7939,4.9772,16.9537,0.0,0.5202
2196,966,137.59,0.06,178.03,120.67,0.7334,0.3667,7.279,4.6105,0.0,0.2441
2197,885,201.55,18.76,278.74,247.45,0.7378,0.7378,2.8658,16.6842,0.0,0.6915
2197,958,272.52,17.09,329.14,163.5,0.563,0.563,5.0955,17.043,160.8069,0.1794
2197,966,136.95,0.11,175.93,116.4,0.6816,0.3408,7.6468,5.1933,166.9235,0.1131
2197,993,23.35,0.37,48.66,97.45,0.3523,0.1762,10.407,20.7583,0.0,0.1136
2198,885,205.03,18.56,280.93,248.69,0.8296,0.8296,2.851,17.0142,0.0,0.7787
2198,958,271.76,17.39,329.33,166.3,0.6978,0.6978,4.9834,17.0688,18.8372,0.444
2198,966,137.41,0.03,177.44,118.5,0.4844,0.2422,7.4613,4.8756,14.0286,0.1588
2198,993,29.39,0.25,55.15,97.78,0.3513,0.1757,10.3056,19.9949,55.8981,0.0878
2199,885,206.69,18.38,281.44,249.86,0.8076,0.8076,2.835,17.219,0.0,0.7595
2199,958,271.87,17.59,328.27,162.8,0.7583,0.7583,5.1209,16.93,161.229,0.2418
2199,966,141.15,0.01,183.23,120.42,0.4873,0.2437,7.2953,4.2329,31.2879,0.1504
2200,885,207.77,17.95,281.18,249.06,0.7925,0.7925,2.8475,17.1574,0.0,0.744
2200,958,271.2,17.84,327.45,162.19,0.6514,0.6514,5.143,16.821,0.0,0.425
2200,966,137.41,0.09,176.93,116.03,0.4912,0.2456,7.6793,5.1671,161.6835,0.0815
2200,993,31.49,0.15,57.74,96.88,0.4321,0.216,10.4228,19.7502,152.7516,0.0678
2201,885,212.38,17.97,285.94,249.27,0.8062,0.8062,2.8513,17.5091,0.0,0.756
2201,958,269.33,17.93,326.9,165.6,0.2878,0.2878,5.0014,16.7382,19.2934,0.1824
2201,966,140.83,0.03,182.97,119.68,0.7065,0.3533,7.357,4.3422,20.4507,0.2277
2202,885,213.7,17.51,287.08,247.47,0.7964,0.7964,2.8804,17.403,0.0,0.7439
2202,958,268.95,18.14,326.76,167.51,0.2949,0.2949,4.9266,16.7518,0.0,0.1953
2202,993,31.79,0.01,59.16,97.07,0.5342,0.2671,10.3869,19.639,0.0,0.1729
2203,885,214.2,17.06,286.77,243.41,0.8413,0.8413,2.9434,16.9733,0.0,0.7793
2203,993,30.7,0.01,59.04,96.84,0.2316,0.1158,10.4269,19.7213,0.0,0.0749
2204,885,215.52,17.55,287.56,241.1,0.8423,0.8423,2.982,16.8085,0.0,0.7762
2204,914,17.63,0.95,72.93,167.68,0.3311,0.1656,4.9872,18.9113,18.889,0.1047
2204,966,144.34,0.2,187.77,121.61,0.4426,0.2213,7.1957,3.7798,28.8581,0.1382
2205,885,216.27,17.64,288.37,239.87,0.8306,0.8306,3.0032,16.7401,0.0,0.7631
2205,966,145.62,0.23,189.2,121.65,0.5049,0.2525,7.1916,3.6762,0.0,0.1681
2205,958,268.83,17.69,325.09,165.91,0.3235,0.3235,4.9849,16.5961,0.0,0.2118
2206,885,217.12,18.15,289.64,239.32,0.8628,0.8628,3.014,16.7671,0.0,0.7914
2206,966,139.49,0.19,185.26,121.47,0.6323,0.3161,7.2097,4.098,0.0,0.2105
2206,1002,22.68,0.15,48.19,97.1,0.3513,0.1757,10.4652,20.8399,0.0,0.1133
2207,885,217.74,17.96,290.61,237.91,0.8677,0.8677,3.0387,16.6851,0.0,0.7932
2207,966,144.84,0.13,190.37,121.62,0.6738,0.3369,7.1939,3.6663,0.0,0.2244
2207,1002,22.94,0.09,48.32,96.45,0.3684,0.1842,10.5639,20.842,0.0,0.1188
2208,885,218.3,18.74,291.63,237.59,0.8647,0.8647,3.0453,16.7169,0.0,0.7896
2208,966,147.72,0.14,192.68,120.93,0.3276,0.1638,7.2483,3.5923,0.0,0.1091
2208,1002,23.26,0.29,48.6,96.51,0.2554,0.1277,10.552,20.8039,0.0,0.0824
2208,958,269.38,17.8,322.47,165.27,0.3638,0.3638,5.0061,16.4464,0.0,0.2376
2209,885,220.87,17.72,296.25,238.23,0.5508,0.5508,3.041,17.0809,0.0,0.503
2209,966,148.92,0.14,193.54,121.26,0.6982,0.3491,7.2211,3.4933,0.0,0.2325
2209,1002,23.54,0.3,48.94,96.65,0.3794,0.1897,10.5276,20.7614,0.0,0.1224
2210,885,226.07,17.33,303.3,234.58,0.7178,0.7178,3.1143,17.2536,0.0,0.6482
2210,966,149.94,0.09,194.15,121.38,0.7178,0.3589,7.2111,3.4368,0.0,0.2391
2211,885,224.14,17.19,302.78,234.15,0.8286,0.8286,3.1194,17.1031,0.0,0.748
2211,966,151.29,0.11,195.18,121.47,0.6807,0.3403,7.2034,3.3719,0.0,0.2267
2211,993,31.19,0.0,61.04,95.31,0.3408,0.1704,10.6562,19.6374,167.8341,0.0535
2212,885,225.69,16.95,306.13,232.33,0.7363,0.7363,3.156,17.1511,0.0,0.661
2212,966,153.48,0.16,196.76,119.73,0.4111,0.2056,7.3454,3.548,161.0826,0.0684
2212,993,29.8,0.04,61.03,95.68,0.2108,0.1054,10.6031,19.7052,0.0,0.0682
2213,885,222.34,17.8,303.51,232.99,0.9023,0.9023,3.1385,16.9438,0.0,0.8124
2213,966,153.4,0.18,196.31,120.33,0.8218,0.4109,7.2958,3.4718,0.0,0.2737
2213,1002,23.37,0.15,50.47,103.81,0.3469,0.1734,9.5145,20.4169,10.1307,0.1111
2214,885,223.13,18.31,305.01,232.89,0.8262,0.8262,3.1425,17.0371,0.0,0.7433
2214,966,155.73,0.13,198.16,119.48,0.7656,0.3828,7.366,3.5414,0.0,0.255
2214,993,28.76,0.16,61.83,98.58,0.6133,0.3066,10.1634,19.5983,9.5771,0.1971
2215,885,224.55,17.94,306.39,231.19,0.6934,0.6934,3.1753,17.0038,0.0,0.6209
2215,966,158.33,0.11,201.16,120.05,0.7031,0.3515,7.3183,3.433,0.0,0.2342
2215,1010,265.73,18.36,287.99,56.62,0.5312,0.5312,23.9913,18.0937,0.0,0.3454
2215,993,28.43,0.09,62.05,97.4,0.2167,0.1084,10.3388,19.6535,170.652,0.034
2216,885,228.56,17.89,311.93,231.52,0.877,0.877,3.1793,17.4775,0.0,0.7841
2216,966,159.88,0.11,202.92,119.94,0.4282,0.2141,7.3274,3.4544,0.0,0.1426
2216,1010,263.59,18.84,288.88,62.38,0.3667,0.3667,20.1446,17.5392,4.8278,0.2384
2216,993,27.61,0.06,62.4,99.16,0.4187,0.2094,10.0817,19.6099,9.7998,0.1345
2217,885,232.87,17.03,316.12,228.49,0.8755,0.8755,3.2433,17.6139,0.0,0.775
2217,966,162.16,0.1,206.06,120.55,0.8369,0.4184,7.2775,3.4125,0.0,0.2787
2217,1010,264.8,19.5,287.24,57.87,0.3416,0.3416,23.0307,17.9042,175.751,0.1084
2217,993,27.41,0.01,62.37,97.77,0.2568,0.1284,10.2861,19.6803,170.6146,0.0403
2218,885,234.88,16.62,318.28,227.19,0.8286,0.8286,3.2721,17.7064,0.0,0.7302
2218,966,162.34,0.1,207.07,121.33,0.75,0.375,7.2141,3.3189,0.0,0.2498
2218,1010,264.2,20.54,285.57,56.57,0.3738,0.3738,24.0049,17.9087,174.4183,0.1186
2218,993,26.85,0.18,63.44,101.89,0.5117,0.2559,9.7025,19.4862,9.9435,0.1644
2219,885,238.43,18.43,320.81,226.74,0.811,0.811,3.2876,17.9704,0.0,0.7126
2219,966,161.29,0.09,206.23,121.53,0.7407,0.3704,7.1978,3.2659,0.0,0.2467
2219,1010,262.53,21.84,283.45,56.35,0.3191,0.3191,24.1559,17.7479,144.5793,0.1013
2219,993,26.85,0.05,63.79,102.22,0.4197,0.2099,9.6573,19.4524,0.0,0.1359
2220,885,242.98,16.77,325.49,225.11,0.8359,0.8359,3.3296,18.3042,0.0,0.7293
2220,966,163.27,0.09,209.37,122.49,0.7871,0.3936,7.1221,3.2139,0.0,0.2622
2220,1010,261.07,22.8,281.91,56.25,0.3621,0.3621,24.2173,17.6152,125.8275,0.115
2220,993,26.49,0.05,63.55,102.04,0.5547,0.2773,9.6835,19.4957,0.0,0.1796
2221,885,242.92,16.52,326.2,225.37,0.8037,0.8037,3.3254,18.358,0.0,0.7016
2221,966,163.59,0.09,211.08,124.18,0.7686,0.3843,6.9916,3.03,15.886,0.2511
2221,993,26.38,0.06,63.51,101.82,0.3167,0.1583,9.7134,19.5132,0.0,0.1025
2222,885,249.43,16.25,331.69,224.67,0.8218,0.8218,3.3541,18.9212,0.0,0.7134
2222,966,163.64,0.09,212.63,126.2,0.7568,0.3784,6.8413,2.8063,14.9985,0.2478
2222,993,24.65,0.01,62.26,103.75,0.2451,0.1226,9.4726,19.6234,13.3744,0.0782
2222,1002,23.89,0.35,50.73,104.36,0.2998,0.1499,9.4417,20.3509,0.0,0.0968
2223,885,254.43,16.34,336.63,225.27,0.8657,0.8657,3.3558,19.483,0.0,0.7504
2223,966,163.75,0.13,213.41,126.31,0.7153,0.3577,6.8335,2.8192,0.0,0.2383
2223,993,24.83,0.0,62.42,104.33,0.4055,0.2028,9.398,19.5819,0.0,0.1313
2223,1014,221.3,24.78,283.49,192.09,0.7471,0.7471,4.0074,12.2807,0.0,0.5912
2223,914,22.67,0.75,68.87,147.37,0.562,0.281,5.8962,18.588,0.0,0.1824
2224,885,258.59,16.0,340.0,225.16,0.8555,0.8555,3.3683,19.869,0.0,0.7395
2224,966,163.55,0.05,213.85,126.24,0.7378,0.3689,6.8386,2.8357,0.0,0.2458
2224,993,25.14,0.13,61.67,101.95,0.272,0.136,9.7077,19.6956,170.067,0.0427
2224,1014,221.23,24.54,283.82,193.18,0.7271,0.7271,3.9784,12.3787,0.0,0.5781
2224,914,23.24,0.43,68.0,147.3,0.4932,0.2466,5.9006,18.6071,0.0,0.1601
2225,885,261.2,15.6,341.49,224.67,0.8555,0.8555,3.3836,20.05,0.0,0.7374
2225,966,163.86,0.07,214.84,126.93,0.626,0.313,6.7888,2.7908,0.0,0.2085
2225,993,26.04,0.18,62.55,101.38,0.2847,0.1424,9.7775,19.609,0.0,0.0921
2225,1014,221.17,23.81,283.75,192.89,0.6504,0.6504,3.986,12.3491,0.0,0.5165
2226,885,264.25,15.64,343.2,224.7,0.8638,0.8638,3.3899,20.3034,0.0,0.7434
2226,966,164.91,0.12,216.05,127.31,0.6143,0.3071,6.7621,2.8258,0.0,0.2046
2226,993,27.25,0.06,62.47,96.79,0.4475,0.2238,10.4346,19.7246,170.5451,0.0702
2226,1014,219.16,23.48,281.5,192.66,0.2903,0.2903,3.9879,12.0902,0.0,0.2306
2227,885,266.16,14.92,343.89,224.54,0.8262,0.8262,3.3968,20.43,0.0,0.7101
2227,966,166.24,0.14,217.17,126.89,0.5557,0.2778,6.7928,2.9723,0.0,0.1851
2227,993,26.18,0.02,62.94,101.0,0.231,0.1155,9.8272,19.5914,9.9394,0.0742
2227,1014,215.68,23.79,277.48,191.76,0.4377,0.4377,4.0049,11.5976,0.0,0.3469
2227,1015,216.83,24.03,272.09,64.63,0.3748,0.3748,18.6725,14.3644,0.0,0.246
2228,885,267.17,14.65,343.74,224.69,0.8647,0.8647,3.3951,20.4858,0.0,0.7433
2228,966,169.55,0.24,219.9,127.08,0.3604,0.1802,6.781,3.2155,0.0,0.12
2228,993,27.22,0.09,63.6,99.84,0.4844,0.2422,9.9818,19.5337,167.5436,0.0761
2228,1014,216.46,23.92,277.98,192.94,0.6279,0.6279,3.9744,11.7641,0.0,0.5001
2229,885,268.36,14.56,343.79,224.57,0.8486,0.8486,3.3993,20.5433,0.0,0.7289
2229,966,173.73,0.14,223.49,127.6,0.6504,0.3252,6.7467,3.5551,0.0,0.2166
2229,1014,216.47,23.78,277.17,193.07,0.6895,0.6895,3.9701,11.7302,0.0,0.5495
2230,885,269.04,14.63,343.68,225.2,0.8843,0.8843,3.3879,20.6162,0.0,0.7607
2230,966,177.82,0.05,226.69,127.23,0.7104,0.3552,6.7765,3.9925,0.0,0.2365
2230,1014,217.44,23.83,277.35,193.21,0.7515,0.7515,3.9675,11.8054,0.0,0.5992
2230,993,27.6,0.07,62.57,94.79,0.3286,0.1643,10.7484,19.7831,171.0082,0.0515
2231,885,268.87,15.22,342.6,225.44,0.8467,0.8467,3.3814,20.5666,0.0,0.7292
2231,966,180.75,0.34,228.99,127.58,0.5601,0.2801,6.7542,4.2688,0.0,0.1864
2231,1014,216.82,24.13,275.79,192.97,0.6621,0.6621,3.9718,11.665,0.0,0.5276
2231,993,26.12,0.07,63.11,100.99,0.2186,0.1093,9.8282,19.5851,9.9453,0.0702
2231,1015,219.17,24.4,272.91,64.35,0.3032,0.3032,18.8227,14.5284,154.4294,0.0978
2232,885,269.06,15.45,342.06,225.55,0.8442,0.8442,3.3787,20.5556,0.0,0.7274
2232,966,181.29,0.22,228.26,126.41,0.6094,0.3047,6.8384,4.3519,0.0,0.2028
2232,1014,215.21,24.92,272.86,192.78,0.7192,0.7192,3.9727,11.3991,0.0,0.5732
2232,993,24.95,0.12,62.78,103.16,0.5547,0.2773,9.5452,19.5948,10.9788,0.1779
2233,885,270.42,15.63,342.68,225.04,0.8584,0.8584,3.3915,20.6255,0.0,0.738
2233,966,181.96,0.17,227.74,126.56,0.7129,0.3564,6.8276,4.3483,0.0,0.2373
2233,1014,212.48,25.49,269.43,192.71,0.8013,0.8013,3.9691,11.0579,0.0,0.6394
2233,993,26.01,0.18,63.8,103.86,0.2018,0.1009,9.4479,19.4422,0.0,0.0653
2233,914,23.8,0.0,69.53,157.46,0.3015,0.1507,5.4045,18.5545,17.4613,0.0956
2234,885,271.66,15.89,343.55,225.04,0.8452,0.8452,3.3946,20.7372,0.0,0.7261
2234,966,182.92,0.11,228.02,127.12,0.7568,0.3784,6.7878,4.3764,0.0,0.2519
2234,1014,208.83,25.61,265.79,192.87,0.7739,0.7739,3.9587,10.6829,0.0,0.6189
2234,914,23.7,0.0,68.88,160.76,0.4854,0.2427,5.2625,18.6503,18.2518,0.1535
2235,885,271.73,15.8,343.42,225.32,0.8594,0.8594,3.3891,20.7529,0.0,0.7389
2235,966,184.4,0.13,228.76,127.74,0.7949,0.3975,6.7448,4.4624,0.0,0.2646
2235,1014,200.87,25.64,258.37,193.3,0.7271,0.7271,3.9356,9.937,0.0,0.5843
2235,993,26.49,0.21,62.84,100.47,0.3066,0.1533,9.8994,19.5992,170.2527,0.0481
2236,885,272.06,15.39,343.71,225.44,0.8594,0.8594,3.3877,20.7938,0.0,0.739
2236,966,185.95,0.18,229.79,129.04,0.2444,0.1222,6.6553,4.5298,0.0,0.0813
2236,1014,197.6,15.55,258.08,192.99,0.4609,0.4609,3.9414,9.7317,0.0,0.3701
2236,993,27.64,0.13,63.03,96.38,0.3276,0.1638,10.494,19.6849,170.5172,0.0514
2237,885,272.32,14.78,343.96,225.21,0.8574,0.8574,3.3929,20.8053,0.0,0.7367
2237,1014,192.1,23.69,251.75,194.7,0.8027,0.8027,3.889,9.357,0.0,0.6505
2237,993,29.01,0.2,62.92,91.21,0.3811,0.1905,11.3538,19.8399,171.3016,0.0597
2238,885,273.07,14.64,343.33,222.24,0.8667,0.8667,3.4516,20.6147,0.0,0.7382
2238,1014,186.62,8.79,251.69,197.73,0.6646,0.6646,3.8085,9.454,0.0,0.5456
2238,993,29.84,0.26,63.31,89.5,0.231,0.1155,11.6653,19.8488,170.9497,0.0362
2239,885,272.82,13.75,343.44,223.84,0.8726,0.8726,3.4196,20.7128,0.0,0.7468
2239,1014,184.94,27.17,246.71,199.89,0.7305,0.7305,3.7517,9.4404,0.0,0.6053
2239,993,29.03,0.18,64.59,95.03,0.5039,0.252,10.6955,19.5665,9.0427,0.1621
2239,966,188.07,0.62,229.84,126.47,0.5039,0.252,6.8391,4.8458,165.0256,0.0837
2240,885,274.31,13.15,343.5,219.34,0.8721,0.8721,3.5125,20.5038,0.0,0.7359
2240,1014,182.14,8.93,248.36,195.42,0.7544,0.7544,3.8631,8.8748,155.9884,0.3628
2240,993,29.86,0.11,64.03,90.33,0.5601,0.2801,11.5063,19.7656,171.5372,0.0879
2241,885,273.75,12.83,342.24,217.36,0.8506,0.8506,3.5509,20.2794,0.0,0.7138
2241,1014,178.74,3.66,247.87,200.93,0.6069,0.3034,3.724,9.3804,25.64,0.2426
2242,885,276.06,12.44,344.34,216.55,0.8574,0.8574,3.5748,20.4713,0.0,0.7165
2242,1014,171.88,2.45,243.3,205.87,0.7407,0.3704,3.6035,9.6298,35.1011,0.2917
2242,993,29.13,0.13,65.13,95.26,0.4534,0.2267,10.656,19.5181,9.0779,0.1458
2243,885,275.53,11.75,342.92,215.35,0.8618,0.8618,3.5974,20.2904,0.0,0.7179
2243,1014,168.8,1.51,241.49,208.26,0.4397,0.2198,3.5481,9.8056,0.0,0.1881
2243,993,29.73,0.12,65.66,95.43,0.3066,0.1533,10.6243,19.443,0.0,0.0993
2244,885,275.63,11.03,342.3,214.74,0.876,0.876,3.6097,20.2244,0.0,0.7284
2244,1014,168.86,14.29,238.26,209.69,0.562,0.562,3.5156,9.9147,0.0,0.4831
2245,885,275.46,10.96,340.74,212.31,0.8804,0.8804,3.6601,19.9819,0.0,0.7266
2245,1014,168.8,19.56,237.02,210.0,0.5767,0.5767,3.5084,9.9252,0.0,0.4963
2245,966,199.45,0.19,243.49,133.97,0.6226,0.3113,6.3494,6.0996,28.5871,0.1943
2246,885,275.91,10.29,339.23,206.75,0.8726,0.8726,3.7854,19.5997,155.4369,0.4153
2246,1014,170.0,40.77,231.41,209.89,0.6538,0.6538,3.5095,9.8143,0.0,0.5626
2246,966,201.89,0.05,246.08,136.68,0.4092,0.2046,6.1866,6.3725,21.0669,0.1314
2247,885,276.0,9.87,338.71,205.85,0.8828,0.8828,3.806,19.5248,0.0,0.7122
2247,1014,165.93,36.91,228.12,209.76,0.7075,0.7075,3.5105,9.6556,0.0,0.6088
2247,966,203.41,0.05,246.68,136.25,0.5156,0.2578,6.2146,6.5307,0.0,0.1713
2247,993,32.0,0.17,65.85,90.61,0.4131,0.2066,11.4376,19.5187,171.0798,0.0649
2248,885,276.07,8.98,338.84,206.69,0.8618,0.8618,3.7864,19.5832,0.0,0.6974
2248,1014,160.6,29.89,224.8,209.52,0.6416,0.6416,3.5141,9.4897,0.0,0.5519
2248,966,204.78,0.0,247.47,136.65,0.5049,0.2525,6.1924,6.6724,0.0,0.1677
2249,885,277.47,8.57,337.5,197.55,0.8721,0.8721,4.0132,19.1025,156.957,0.3894
2249,1014,159.44,31.48,222.15,209.78,0.7378,0.7378,3.5078,9.4786,0.0,0.6353
2249,966,205.49,0.03,247.47,137.01,0.668,0.334,6.1714,6.7142,0.0,0.2219
2250,885,277.9,8.24,337.07,194.51,0.8682,0.8682,4.094,18.9552,0.0,0.668
2250,1014,157.21,26.19,221.5,214.04,0.5581,0.5581,3.4167,10.0364,0.0,0.487
2250,966,205.78,0.0,247.14,137.21,0.6011,0.3005,6.1594,6.7073,0.0,0.1997
2251,885,278.23,7.95,336.73,191.88,0.8423,0.8423,4.1663,18.8329,0.0,0.6401
2251,966,207.11,0.0,247.36,136.52,0.5879,0.2939,6.2024,6.8304,0.0,0.1953
2252,885,285.55,7.58,330.52,140.69,0.5981,0.5981,6.2353,17.7856,164.7032,0.1898
2252,966,206.79,0.0,246.87,136.19,0.2451,0.1226,6.2216,6.7813,0.0,0.0814
2253,885,289.92,7.07,330.0,120.99,0.3767,0.3767,7.6339,18.2921,167.4456,0.1192
2253,966,209.95,0.03,249.07,135.96,0.4226,0.2113,6.241,7.1605,0.0,0.1403
2254,885,290.24,6.94,329.44,114.24,0.4397,0.4397,8.2513,18.4505,168.2934,0.139
2254,966,210.48,0.05,248.99,135.9,0.4006,0.2003,6.2451,7.1932,0.0,0.133
2254,1020,279.18,6.67,336.76,193.22,0.5322,0.5322,4.1308,18.9529,0.0,0.4069
2254,1014,139.58,21.87,210.07,232.2,0.6699,0.6699,3.0713,12.4778,35.7057,0.5716
2255,966,210.29,0.15,248.89,136.47,0.498,0.249,6.2101,7.1605,0.0,0.1654
2255,1020,278.96,6.41,336.55,193.0,0.8433,0.8433,4.1362,18.917,0.0,0.6441
2255,1014,133.7,27.36,202.63,235.25,0.6123,0.6123,3.0206,12.9779,0.0,0.5646
2256,966,213.95,0.1,251.9,136.91,0.541,0.2705,6.1906,7.6177,0.0,0.1795
2256,1020,278.57,6.21,336.35,193.48,0.8125,0.8125,4.1219,18.9039,0.0,0.6222
2256,1014,130.21,32.82,197.99,234.22,0.7202,0.7202,3.0394,12.9229,0.0,0.6623
2257,966,216.63,0.17,253.52,136.46,0.7202,0.3601,6.2225,7.9263,0.0,0.2389
2257,1020,278.56,5.95,336.19,192.89,0.7939,0.7939,4.1379,18.8664,0.0,0.6063
2257,1014,127.23,32.36,196.67,236.72,0.7964,0.7964,2.9983,13.3108,0.0,0.7364
2258,966,219.03,0.52,255.44,136.78,0.5991,0.2995,6.2082,8.2217,0.0,0.1987
2258,1020,278.31,5.87,336.0,193.31,0.4321,0.4321,4.1256,18.8594,0.0,0.3307
2258,1014,122.99,32.54,194.65,239.71,0.6699,0.6699,2.9508,13.7943,0.0,0.6232
2258,1025,281.37,6.24,334.34,114.48,0.3811,0.3811,8.2153,18.1934,0.0,0.2477
2259,966,221.47,0.28,257.69,136.39,0.7754,0.3877,6.2374,8.5553,0.0,0.257
2259,1020,278.09,5.65,335.69,193.25,0.8423,0.8423,4.1263,18.8249,0.0,0.6446
2259,1014,120.33,32.12,193.91,241.43,0.8003,0.8003,2.9241,14.0721,0.0,0.747
2260,966,221.84,0.24,258.04,136.6,0.8052,0.4026,6.2256,8.6018,0.0,0.2669
2260,1020,278.16,5.97,335.44,192.85,0.8555,0.8555,4.137,18.7956,0.0,0.6536
2260,1014,115.3,31.38,191.61,246.99,0.8403,0.8403,2.8401,14.9162,0.0,0.7928
2260,1026,47.05,0.73,97.51,155.87,0.355,0.1775,5.3707,15.1861,0.0,0.1163
2261,966,224.24,0.41,261.0,136.67,0.5332,0.2666,6.228,8.9736,0.0,0.1766
2261,1020,277.13,6.09,334.49,193.47,0.8535,0.8535,4.1166,18.7058,0.0,0.6545
2261,1014,112.83,31.81,190.2,249.59,0.834,0.834,2.8025,15.3187,0.0,0.7905
2261,1026,46.99,0.49,97.13,154.52,0.5889,0.2944,5.4329,15.1967,0.0,0.1929
2262,966,227.16,0.52,265.2,136.74,0.6968,0.3484,6.2332,9.467,0.0,0.2307
2262,1020,276.45,6.05,333.04,189.79,0.8218,0.8218,4.2159,18.4087,156.6511,0.3458
2262,1014,113.22,38.74,189.1,249.96,0.7627,0.7627,2.7972,15.3787,0.0,0.7234
2262,1026,48.91,0.41,98.37,152.31,0.3767,0.1883,5.5301,14.9602,158.3815,0.0607
2263,966,228.38,0.65,267.67,136.81,0.8394,0.4197,6.234,9.7219,0.0,0.2778
2263,1020,275.53,5.55,331.67,186.61,0.8433,0.8433,4.3046,18.1312,0.0,0.6264
2263,1014,111.73,34.13,189.5,249.79,0.6323,0.6323,2.8001,15.3761,0.0,0.5995
2263,1026,53.3,0.82,102.0,150.08,0.396,0.198,5.6228,14.4024,144.8868,0.0639
2264,966,229.51,1.35,270.02,136.92,0.8384,0.4192,6.2322,9.9615,0.0,0.2774
2264,1020,275.03,5.47,331.28,185.37,0.8682,0.8682,4.3401,18.0247,0.0,0.641
2264,1014,110.12,40.22,185.68,249.96,0.6816,0.6816,2.7995,15.4988,0.0,0.6461
2264,1026,52.78,0.54,101.47,150.36,0.7178,0.3589,5.6111,14.4752,0.0,0.2355
2265,966,228.69,1.8,270.35,137.09,0.8545,0.4273,6.2213,9.9252,0.0,0.2827
2265,1020,273.55,5.35,330.2,185.43,0.8892,0.8892,4.3339,17.8697,0.0,0.6575
2265,1014,107.04,42.83,180.76,249.28,0.5312,0.5312,2.8125,15.5763,0.0,0.5026
2265,1026,53.2,0.65,102.02,151.32,0.6387,0.3194,5.5627,14.4187,0.0,0.2095
2266,966,227.71,2.38,270.08,137.11,0.8711,0.4355,6.2183,9.8383,0.0,0.2882
2266,1020,272.39,4.84,329.33,184.92,0.8882,0.4441,4.3458,17.7234,0.0,0.3278
2266,1014,100.31,40.4,174.41,249.89,0.4207,0.4207,2.8093,15.9558,0.0,0.3979
2266,1026,55.99,0.3,104.63,151.8,0.4341,0.217,5.5299,14.0605,0.0,0.1425
2267,966,227.39,2.64,270.54,137.34,0.8604,0.4302,6.2047,9.8448,0.0,0.2847
2267,1020,269.25,4.75,326.87,184.95,0.8989,0.4495,4.3353,17.3791,0.0,0.3326
2267,1014,93.86,41.31,166.92,249.89,0.6665,0.6665,2.8164,16.3243,0.0,0.6294
2267,1026,58.35,0.07,106.04,149.69,0.2437,0.1218,5.6256,13.7869,0.0,0.0801
2268,966,226.99,2.96,270.72,137.38,0.7217,0.3609,6.202,9.829,0.0,0.2388
2268,1020,267.31,4.44,325.65,184.71,0.8296,0.4148,4.3373,17.1735,0.0,0.307
2269,966,227.12,2.61,271.73,137.24,0.7285,0.3643,6.212,9.9099,0.0,0.241
2269,1020,263.33,4.42,322.92,184.93,0.8384,0.4192,4.3196,16.7682,0.0,0.3116
2269,1014,92.23,58.2,158.8,248.74,0.2886,0.2886,2.8392,16.4733,0.0,0.2716
2270,966,228.05,2.43,273.75,137.38,0.7939,0.397,6.2078,10.1124,0.0,0.2626
2270,1020,260.71,4.61,321.23,185.03,0.8975,0.4487,4.3097,16.5061,0.0,0.3343
2270,1014,87.97,60.18,153.77,248.86,0.5859,0.5859,2.8432,16.7788,0.0,0.5508
2271,966,228.49,1.37,275.46,137.14,0.8125,0.4062,6.2253,10.2644,0.0,0.2687
2271,1020,259.09,4.69,320.59,185.28,0.8296,0.4148,4.2986,16.3779,0.0,0.3097
2272,966,228.86,1.11,277.13,137.75,0.8159,0.4079,6.1917,10.3978,0.0,0.2697
2272,1020,256.53,5.0,318.68,185.1,0.8779,0.8779,4.297,16.0929,0.0,0.6561
2272,1014,94.08,50.76,167.77,248.69,0.5479,0.5479,2.8337,16.1505,0.0,0.5163
2273,966,230.94,0.51,280.0,137.42,0.5659,0.2829,6.2189,10.7437,0.0,0.187
2273,1020,252.64,5.86,315.77,185.33,0.8682,0.8682,4.2797,15.6834,0.0,0.6514
2273,1014,90.07,45.85,170.41,248.71,0.4619,0.4619,2.8341,16.1916,0.0,0.4352
2274,966,233.2,0.55,283.06,138.54,0.6206,0.3103,6.1605,11.0985,0.0,0.2049
2274,1020,248.94,6.1,313.3,184.69,0.8779,0.8779,4.2897,15.2699,0.0,0.6581
2274,1014,74.53,56.32,152.06,249.79,0.7422,0.7422,2.8399,17.3927,93.2822,0.4499
2275,966,235.14,0.81,285.08,137.39,0.4072,0.2036,6.2353,11.3831,0.0,0.1344
2275,1020,249.73,6.18,314.81,185.02,0.8711,0.8711,4.2832,15.4287,0.0,0.6535
2275,1014,67.89,67.97,142.02,250.14,0.6836,0.6836,2.8477,18.0341,0.0,0.6407
2276,966,239.11,1.0,288.65,136.85,0.4082,0.2041,6.2805,11.9065,0.0,0.1346
2276,1020,248.9,6.21,314.4,185.52,0.8184,0.8184,4.2665,15.3771,0.0,0.6159
2276,1014,61.84,65.77,138.49,252.32,0.6343,0.6343,2.8236,18.6253,0.0,0.5959
2277,1020,246.45,3.24,312.95,185.72,0.8184,0.4092,4.2549,15.1466,0.0,0.3087
2277,1014,59.13,64.78,138.42,255.86,0.5908,0.5908,2.775,19.0979,0.0,0.5583
2278,1020,243.28,1.76,309.95,185.25,0.835,0.4175,4.2601,14.7414,0.0,0.3149
2278,1014,56.48,60.38,138.59,257.62,0.6636,0.6636,2.7524,19.3733,0.0,0.6287
2279,1020,242.79,1.58,308.76,185.26,0.8779,0.439,4.2575,14.6383,0.0,0.3313
2279,1014,56.3,61.15,138.51,257.78,0.5747,0.5747,2.7504,19.3996,0.0,0.5446
2279,1026,84.35,0.0,113.78,86.3,0.5449,0.2725,11.9089,13.9798,171.4675,0.0881
2280,1020,243.37,1.43,306.92,179.89,0.877,0.4385,4.4209,14.2891,158.6339,0.1755
2280,1014,55.57,63.65,137.31,257.96,0.4233,0.4233,2.7496,19.4907,0.0,0.4011
2280,1026,84.54,0.04,115.46,86.41,0.3933,0.1966,11.881,13.8684,0.0,0.1292
2281,1020,242.91,1.48,305.18,177.38,0.8555,0.4278,4.4989,14.0333,0.0,0.3095
2281,1014,49.49,53.41,135.74,257.97,0.7822,0.7822,2.7563,19.7839,0.0,0.7401
2281,1026,84.63,0.04,115.29,81.51,0.4746,0.2373,12.9669,14.2697,172.5223,0.0767
2282,1020,231.22,1.71,295.16,176.58,0.4233,0.2117,4.4959,12.6133,89.4499,0.0837
2282,1014,48.1,60.17,132.48,257.77,0.7642,0.7642,2.7635,19.945,0.0,0.7221
2282,1026,84.65,0.1,115.67,79.18,0.2153,0.1076,13.5516,14.4441,172.7789,0.0347
2282,966,242.48,1.76,303.82,173.88,0.5537,0.2768,4.6141,13.7672,21.1476,0.1899
2283,1014,46.13,63.08,129.3,257.62,0.6714,0.6714,2.7705,20.1339,0.0,0.6335
2283,966,242.76,1.74,303.06,174.83,0.8262,0.4131,4.5809,13.7762,0.0,0.2945
2284,1014,45.0,63.4,127.98,257.72,0.7407,0.7407,2.7715,20.2417,0.0,0.6986
2284,966,243.85,1.72,303.44,175.62,0.6816,0.3408,4.5563,13.9044,0.0,0.244
2285,1014,39.03,54.06,125.12,257.17,0.7148,0.7148,2.7882,20.5476,0.0,0.6722
2285,966,242.2,1.72,299.95,175.55,0.6514,0.3257,4.5514,13.5721,0.0,0.2336
2285,1026,86.44,0.0,118.02,78.62,0.3184,0.1592,13.6867,14.2772,152.3593,0.0514
2286,1014,36.8,54.92,122.26,257.13,0.8184,0.8184,2.794,20.7547,0.0,0.7686
2286,966,241.21,1.35,297.21,174.43,0.6133,0.3066,4.5841,13.2832,0.0,0.2187
2287,1014,33.25,51.35,120.28,257.09,0.8052,0.8052,2.8005,20.9828,0.0,0.7551
2287,966,241.76,0.84,296.43,173.72,0.4312,0.2156,4.6081,13.2375,0.0,0.1531
2287,1039,247.14,1.01,309.57,164.22,0.3252,0.1626,4.9863,14.1169,0.0,0.1071
2288,1014,32.32,53.1,118.86,256.96,0.8486,0.8486,2.8049,21.0702,0.0,0.7952
2288,1039,245.66,1.65,310.3,170.47,0.2338,0.1169,4.7489,14.2626,19.6981,0.0784
2288,1020,228.89,0.69,296.38,173.22,0.6416,0.3208,4.6081,12.3817,159.2809,0.1212
2289,1014,31.83,55.33,117.76,256.8,0.8486,0.8486,2.8089,21.1231,0.0,0.7946
2289,1039,245.36,0.88,311.22,172.86,0.6479,0.324,4.6648,14.3902,0.0,0.2271
2289,1026,87.93,0.0,119.94,79.69,0.3225,0.1613,13.3954,14.0082,12.7584,0.1046
2290,1014,32.24,60.9,116.67,257.1,0.686,0.686,2.8054,21.1794,0.0,0.6426
2290,1039,245.09,0.82,311.51,173.86,0.459,0.2295,4.6301,14.43,0.0,0.1619
2290,1025,264.66,3.94,331.04,155.51,0.4072,0.2036,5.4263,16.5191,0.0,0.1329
2291,1014,32.24,63.38,116.44,257.19,0.8271,0.8271,2.8044,21.1974,0.0,0.7749
2291,1039,244.71,1.72,311.28,173.95,0.2289,0.1144,4.626,14.3942,0.0,0.0808
2291,1025,266.8,4.95,328.99,158.11,0.5649,0.2824,5.3105,16.562,17.8363,0.1799
2291,1020,229.04,0.87,292.85,173.03,0.564,0.282,4.6103,12.1548,0.0,0.2005
2292,1014,34.69,63.58,120.07,257.4,0.8496,0.8496,2.7948,20.9597,0.0,0.7975
2292,1039,243.05,1.44,309.77,173.96,0.3933,0.1966,4.6209,14.1905,0.0,0.139
2292,1025,268.58,5.57,328.02,160.21,0.4697,0.4697,5.2217,16.6502,0.0,0.3066
2292,1020,230.9,0.46,290.99,171.34,0.5098,0.2549,4.6695,12.0786,0.0,0.1793
2293,1014,36.51,72.73,119.32,257.09,0.8169,0.8169,2.798,20.886,0.0,0.7665
2293,1039,238.94,1.63,306.36,174.09,0.2056,0.1028,4.6054,13.7115,0.0,0.073
2293,1025,269.44,5.9,326.77,160.98,0.5332,0.5332,5.1885,16.6389,0.0,0.348
2293,1020,227.52,0.23,286.71,173.2,0.6899,0.3449,4.5949,11.6691,0.0,0.2462
2294,1014,34.01,59.62,123.36,257.53,0.5698,0.5698,2.7902,20.8626,0.0,0.5353
2294,1039,237.65,2.17,305.72,174.46,0.3857,0.1928,4.59,13.6029,0.0,0.1373
2294,1025,268.43,6.48,322.51,161.68,0.5215,0.5215,5.1492,16.3085,0.0,0.3407
2294,1020,226.92,0.25,283.43,168.52,0.3904,0.1952,4.7568,11.2024,158.3995,0.0702
2295,1014,54.48,117.95,120.2,257.32,0.5264,0.5264,2.7755,20.1345,0.0,0.4963
2295,1025,272.35,6.15,326.89,162.9,0.3242,0.3242,5.1151,16.8737,0.0,0.2115
2295,1020,225.37,0.37,281.36,170.32,0.564,0.282,4.6872,11.0463,0.0,0.198
2295,1026,95.04,0.0,125.13,74.2,0.2705,0.1353,14.9262,13.8982,169.9263,0.0438
2296,1025,275.92,6.21,331.55,164.43,0.3943,0.3943,5.0696,17.4379,0.0,0.2568
2296,1020,227.39,0.51,281.25,169.41,0.4619,0.2309,4.7223,11.1293,0.0,0.1611
2296,1026,97.09,0.0,126.0,69.14,0.2153,0.1076,16.7108,14.2556,173.8677,0.0348
2297,1025,274.7,5.67,331.51,164.78,0.4648,0.4648,5.0531,17.3642,0.0,0.3028
2297,1020,224.52,0.11,274.5,155.37,0.6377,0.3189,5.2747,10.0047,160.8791,0.1047
2297,1026,93.89,0.01,126.6,73.76,0.2153,0.1076,15.0663,13.9251,6.7818,0.0705
2297,1014,42.32,74.14,128.75,258.0,0.5669,0.5669,2.7695,20.3457,0.0,0.5347
2298,1025,278.35,5.28,334.8,166.15,0.4407,0.4407,5.0129,17.8404,0.0,0.2867
2298,1020,222.27,0.26,274.77,165.94,0.4746,0.2373,4.8376,10.2151,19.3772,0.1576
2298,1014,43.05,69.62,131.46,258.63,0.3774,0.3774,2.7573,20.2697,0.0,0.3567
2299,1025,273.17,6.6,327.91,164.61,0.5737,0.5737,5.0498,17.0293,0.0,0.3741
2299,1020,221.26,0.49,273.79,167.89,0.7422,0.3711,4.7623,10.1706,0.0,0.2572
2299,1014,45.78,71.78,132.46,258.76,0.2935,0.2935,2.7519,20.1352,0.0,0.2777
2299,1026,97.47,0.18,130.71,73.04,0.3208,0.1604,15.2788,13.6348,145.9845,0.052
2300,1025,280.35,6.83,334.96,165.63,0.6104,0.6104,5.0377,17.9672,0.0,0.397
2300,1020,220.72,0.22,272.97,168.76,0.7456,0.3728,4.7289,10.1229,0.0,0.2601
2300,1014,46.56,65.24,134.81,258.67,0.7847,0.7847,2.7502,20.0039,0.0,0.7427
2301,1025,288.42,7.1,344.04,164.41,0.4436,0.4436,5.1224,19.0352,127.9672,0.1398
2301,1020,220.33,0.21,272.2,169.65,0.7725,0.3862,4.6953,10.0913,0.0,0.2712
2301,1014,49.35,71.97,133.59,258.13,0.7212,0.7212,2.7562,19.8887,0.0,0.6822
2302,1025,283.46,7.29,337.18,163.82,0.5488,0.5488,5.121,18.271,0.0,0.3566
2302,1020,217.85,0.22,269.16,169.81,0.7168,0.3584,4.6838,9.7422,0.0,0.2523
2302,1014,49.55,55.94,137.5,255.29,0.5601,0.5601,2.7925,19.4429,0.0,0.5276
2303,1025,282.7,7.26,334.96,163.19,0.6724,0.6724,5.1404,18.068,0.0,0.4372
2303,1020,215.32,0.04,266.53,170.24,0.7988,0.3994,4.6632,9.4333,0.0,0.2824
2303,1014,52.56,63.75,137.91,261.66,0.7319,0.7319,2.7009,19.9614,0.0,0.6976
2304,1025,283.03,7.34,334.19,163.12,0.7964,0.7964,5.1424,18.0384,0.0,0.5179
2304,1020,214.3,0.0,264.97,169.66,0.7808,0.3904,4.6815,9.2357,0.0,0.2752
2304,1014,47.84,21.27,146.0,257.6,0.4141,0.4141,2.7537,19.4175,0.0,0.3922
2305,1025,284.68,7.55,335.23,162.89,0.7271,0.7271,5.1574,18.2066,0.0,0.4726
2305,1020,213.49,0.0,263.25,167.39,0.5205,0.2602,4.762,8.9504,0.0,0.1807
2305,1026,96.14,0.11,132.28,79.39,0.373,0.1865,13.4139,13.0047,7.2256,0.1222
2306,1025,285.6,7.9,335.38,162.04,0.7422,0.7422,5.1948,18.2597,0.0,0.4823
2306,1020,213.26,0.04,261.54,163.27,0.6885,0.3443,4.9175,8.6233,160.2553,0.1172
2307,1025,285.59,7.84,335.0,162.55,0.8203,0.8203,5.1729,18.2439,0.0,0.5331
2307,1020,211.99,0.0,259.57,162.39,0.7793,0.3896,4.9493,8.3685,0.0,0.261
2308,1025,286.68,8.65,336.71,165.8,0.6577,0.6577,5.0477,18.4867,20.8448,0.4128
2308,1020,211.34,0.16,257.82,159.65,0.7583,0.3791,5.0584,8.0939,159.5225,0.1251
2308,1014,59.21,40.31,144.67,256.36,0.6279,0.6279,2.7625,18.9151,0.0,0.5946
2309,1025,289.22,8.77,340.0,166.83,0.6162,0.6162,5.0196,18.8788,0.0,0.3998
2309,1020,211.77,0.04,256.8,155.65,0.75,0.375,5.2288,7.9168,161.8809,0.1238
2309,1014,64.82,42.96,146.42,257.76,0.8076,0.8076,2.7369,18.7999,0.0,0.7677
2310,1025,290.08,9.08,341.58,167.75,0.835,0.835,4.9892,19.0532,0.0,0.5426
2310,1020,211.89,0.09,255.45,151.84,0.8076,0.4038,5.4005,7.7363,162.199,0.1334
2310,1014,68.25,45.83,145.65,256.61,0.8394,0.8394,2.7509,18.5823,0.0,0.7967
2311,1025,291.83,9.56,344.5,168.82,0.8682,0.8682,4.9582,19.3713,0.0,0.5673
2311,1020,211.84,0.11,255.54,154.76,0.709,0.3545,5.2671,7.8093,17.906,0.2295
2311,1014,65.93,15.23,150.74,256.54,0.6538,0.6538,2.7498,18.4781,0.0,0.6208
2312,1025,289.56,10.38,341.08,166.05,0.5947,0.5947,5.0531,18.9524,152.2409,0.1875
2312,1020,211.11,0.12,254.1,153.62,0.7124,0.3562,5.3164,7.6289,0.0,0.2364
2312,1014,67.08,4.41,152.29,256.23,0.4102,0.2051,2.7521,18.3511,0.0,0.1947
2312,1026,94.53,0.25,135.01,88.73,0.4341,0.217,11.3514,12.0867,8.5181,0.1423
2313,1025,291.57,11.53,345.77,172.07,0.8003,0.8003,4.8398,19.5124,22.8998,0.5143
2313,1020,209.17,0.03,252.13,153.89,0.8101,0.4051,5.3005,7.365,0.0,0.2689
2314,1025,293.02,11.76,348.97,173.91,0.6875,0.6875,4.7836,19.8496,0.0,0.4646
2314,1020,208.18,0.09,250.44,151.13,0.6323,0.3161,5.4257,7.1131,160.4878,0.1046
2314,1026,96.11,0.18,134.28,81.76,0.4746,0.2373,12.8213,12.683,172.4044,0.0772
2315,1025,292.76,12.75,350.21,175.5,0.6504,0.6504,4.7299,19.9532,0.0,0.444
2315,1020,206.29,0.21,248.79,151.45,0.7822,0.3911,5.4074,6.8724,0.0,0.2598
2315,1026,97.76,0.17,136.85,80.81,0.3721,0.186,13.04,12.5685,161.4334,0.0605
2315,1014,74.7,37.28,148.73,259.92,0.3767,0.3767,2.6979,18.6221,0.0,0.3602
2316,1025,292.56,14.32,348.85,170.8,0.6792,0.6792,4.895,19.7355,160.2508,0.2226
2316,1020,203.64,0.07,245.91,147.49,0.7271,0.3635,5.5946,6.418,159.2507,0.1204
2316,1014,76.24,41.44,147.93,259.36,0.667,0.667,2.7051,18.5357,0.0,0.6372
2317,1025,293.17,15.74,349.42,168.56,0.6177,0.6177,4.9817,19.7582,0.0,0.4012
2317,1020,202.5,0.11,244.71,145.29,0.498,0.249,5.7047,6.2355,161.0622,0.0825
2318,1025,292.81,16.81,350.9,171.95,0.4902,0.4902,4.8577,19.9067,19.8889,0.3166
2318,1020,200.03,0.22,243.03,144.91,0.7769,0.3885,5.7211,5.9398,0.0,0.2583
2318,1014,85.69,41.68,138.65,194.39,0.5488,0.5488,3.9371,11.9497,156.6163,0.2567
2319,1025,291.4,17.84,352.69,180.05,0.5601,0.5601,4.5789,20.1557,20.5128,0.3816
2319,1020,196.34,0.26,240.61,144.63,0.8262,0.4131,5.731,5.5051,0.0,0.2748
2319,1026,101.71,0.12,140.99,79.25,0.2502,0.1251,13.414,12.3426,159.5027,0.0407
2320,1025,293.4,18.66,352.25,170.92,0.5737,0.5737,4.8997,20.0027,160.8612,0.1874
2320,1020,194.22,0.28,239.63,144.01,0.4746,0.2373,5.7614,5.2839,0.0,0.1579
2320,1026,102.07,0.12,142.51,81.64,0.3328,0.1664,12.8158,12.0138,8.0013,0.1092
2321,1025,291.09,18.84,355.18,183.58,0.2386,0.1193,4.4704,20.4029,20.9725,0.0828
2321,1026,102.79,0.03,143.81,82.38,0.2869,0.1434,12.6377,11.845,12.409,0.0935
2321,1061,207.48,0.07,244.89,78.61,0.5659,0.2829,13.5281,11.338,0.0,0.1868
2322,1026,102.17,0.0,143.67,84.41,0.3887,0.1943,12.1854,11.6772,8.1449,0.1276
2322,1020,191.53,0.05,238.34,144.31,0.4893,0.2447,5.7427,5.0008,0.0,0.1628
2323,1026,104.06,0.08,145.57,84.21,0.2194,0.1097,12.2208,11.5185,0.0,0.0724
2323,1020,196.89,0.0,243.12,144.75,0.3933,0.1966,5.727,5.7228,0.0,0.1308
2323,1061,205.74,0.13,242.72,77.79,0.2598,0.1299,13.7414,11.2786,161.48,0.0425
2324,1020,191.98,0.1,239.23,144.73,0.5479,0.274,5.7216,5.0971,0.0,0.1823
2325,1020,189.88,0.09,237.71,144.55,0.627,0.3135,5.7286,4.8389,0.0,0.2086
2325,1061,201.8,0.0,239.56,79.12,0.3647,0.1824,13.3747,10.8576,19.3382,0.117
2326,1020,188.4,0.0,236.42,144.58,0.7075,0.3538,5.7253,4.6416,0.0,0.2354
2327,1020,186.19,0.0,235.82,144.04,0.4282,0.2141,5.7519,4.4405,0.0,0.1425
2327,1014,76.18,40.96,149.93,258.22,0.6216,0.6216,2.7193,18.3453,32.0335,0.5613
2327,1026,110.9,0.06,152.7,88.3,0.2822,0.1411,11.3649,10.453,15.9518,0.0915
2327,1061,201.28,0.11,239.43,78.99,0.2854,0.1427,13.4074,10.849,0.0,0.0943
2328,1020,184.38,0.18,234.07,144.31,0.833,0.4165,5.7356,4.1867,0.0,0.2773
2328,1014,75.83,41.23,149.83,264.19,0.7583,0.7583,2.6392,19.0269,0.0,0.7304
2328,1026,112.02,0.06,153.49,89.98,0.2502,0.1251,11.0519,10.1899,9.8781,0.0821
2329,1020,181.09,0.07,231.65,144.98,0.7114,0.3557,5.6975,3.7813,0.0,0.2369
2329,1014,81.55,42.63,142.19,216.4,0.6377,0.6377,3.4261,13.9823,153.5974,0.3401
2329,1026,108.78,0.06,151.78,91.76,0.2705,0.1353,10.7488,10.239,15.6889,0.0878
2329,1070,333.28,34.48,360.0,192.15,0.6074,0.3037,4.3129,23.4824,0.0,0.2219
2330,1020,178.62,0.04,229.29,144.31,0.7656,0.3828,5.7302,3.4338,0.0,0.255
2330,1014,76.74,43.65,147.77,250.73,0.5537,0.5537,2.8275,17.569,31.0405,0.4945
2330,1026,109.32,0.1,161.37,116.37,0.5547,0.2773,7.6853,7.4927,12.65,0.1819
2330,1070,333.87,38.91,360.0,192.76,0.6011,0.3005,4.2968,23.5371,0.0,0.2202
2331,1020,182.04,0.04,230.3,139.45,0.6602,0.3301,5.9986,3.8063,162.8447,0.1098
2331,1014,77.48,45.31,143.1,237.26,0.7188,0.7188,3.0421,16.258,150.7044,0.4177
2331,1026,112.67,0.33,174.76,142.4,0.4158,0.2079,5.8468,5.1978,16.8472,0.1353
2331,1070,334.32,39.93,360.0,192.29,0.5488,0.2744,4.3112,23.5474,0.0,0.2005
2332,1020,180.34,0.43,227.81,138.27,0.4216,0.2108,6.0646,3.5469,0.0,0.1404
2332,1014,75.53,43.66,146.65,254.84,0.5029,0.5029,2.7696,18.1022,31.543,0.4518
2332,1026,116.46,0.42,182.73,154.63,0.2366,0.1183,5.2377,4.6123,19.6016,0.0765
2332,1070,333.85,40.44,359.63,191.5,0.4065,0.2032,4.3321,23.4723,0.0,0.148
2333,1020,179.58,0.24,226.36,136.69,0.4292,0.2146,6.157,3.455,0.0,0.1429
2333,1014,72.62,44.34,146.04,262.86,0.7227,0.7227,2.6619,19.1034,33.6261,0.6535
2333,1070,333.61,40.21,359.5,191.66,0.218,0.109,4.3267,23.4562,0.0,0.0795
2333,1073,126.79,0.01,162.92,90.68,0.4475,0.2238,10.8935,9.0874,0.0,0.1482
2334,1020,178.4,2.01,224.95,137.54,0.4873,0.2437,6.1052,3.2422,0.0,0.1623
2334,1014,70.8,46.53,142.77,261.19,0.6279,0.6279,2.6881,19.0904,0.0,0.6006
2334,1070,331.79,45.47,357.21,191.72,0.2227,0.1114,4.3159,23.2193,0.0,0.0814
2334,1073,122.23,0.0,171.86,125.07,0.6074,0.3037,6.9482,5.4375,13.7586,0.1991
2335,1014,70.92,50.64,141.7,259.82,0.585,0.585,2.7074,18.9742,0.0,0.5582
2335,1073,129.32,0.04,172.5,107.78,0.6772,0.3386,8.5101,6.6368,168.3761,0.1121
2336,1073,134.16,0.07,173.23,96.44,0.7075,0.3538,9.9491,7.7518,169.9719,0.1168
2336,1075,179.96,1.32,220.42,71.58,0.4417,0.2208,15.5933,10.6641,0.0,0.146
2336,1020,174.23,1.01,220.5,133.2,0.3049,0.1525,6.3683,2.9321,159.1556,0.0508
2337,1073,136.06,0.07,174.31,93.35,0.7373,0.3686,10.4237,8.0408,169.6438,0.1217
2337,1075,178.61,0.51,219.9,72.4,0.4436,0.2218,15.3092,10.5202,9.5421,0.1456
2337,1020,173.89,0.35,219.82,133.03,0.269,0.1345,6.3788,2.8835,0.0,0.0896
2337,1014,71.19,49.54,123.07,195.27,0.4893,0.4893,3.9456,13.7161,156.6305,0.2272
2338,1073,136.14,0.12,174.01,91.25,0.3896,0.1948,10.7737,8.3136,171.0278,0.0643
2338,1020,173.42,0.27,218.47,131.15,0.6152,0.3076,6.5008,2.9362,163.7138,0.1024
2338,1014,67.99,45.89,136.16,234.73,0.7695,0.7695,3.099,16.6759,28.7949,0.6655
2339,1073,135.64,0.09,173.6,90.09,0.2991,0.1495,10.9775,8.4882,170.6076,0.0493
2339,1014,66.13,47.05,136.11,238.91,0.6558,0.6558,3.0303,17.1762,0.0,0.5997
2339,1026,124.07,1.79,186.63,153.2,0.5088,0.2544,5.2963,3.7703,0.0,0.1694
2339,1075,175.25,0.14,218.83,76.71,0.2822,0.1411,13.9709,9.8627,7.7692,0.0929
2340,1014,64.18,46.83,135.16,240.25,0.5195,0.5195,3.0109,17.4323,0.0,0.4762
2340,1026,124.46,1.27,186.2,156.38,0.4668,0.2334,5.1553,3.9547,18.2557,0.1515
2340,1020,171.58,0.0,216.45,133.45,0.5869,0.2934,6.3501,2.5158,19.1148,0.1901
2341,1014,61.66,37.46,134.77,236.17,0.6226,0.6226,3.0815,17.1518,0.0,0.5651
2341,1026,132.0,1.2,189.03,141.77,0.3081,0.154,5.8626,2.8122,162.8152,0.0513
2341,1020,171.2,0.0,214.96,133.31,0.3311,0.1656,6.3584,2.4227,0.0,0.1103
2342,1014,57.57,36.01,129.99,232.66,0.585,0.585,3.1508,17.2104,0.0,0.5255
2342,1073,139.5,0.0,178.03,91.78,0.2903,0.1452,10.6776,8.0366,22.5237,0.0926
2343,1026,140.64,0.88,195.33,135.65,0.6387,0.3194,6.2119,2.0988,156.4284,0.1064
2344,1026,144.05,0.62,199.57,133.9,0.3887,0.1943,6.3188,1.8654,146.7851,0.0647
2345,1026,146.13,0.67,202.3,133.3,0.373,0.1865,6.3561,1.745,0.0,0.1243
2346,1020,169.19,0.05,211.56,134.16,0.6343,0.3171,6.3033,2.0511,0.0,0.2114
2346,1014,51.2,42.01,118.14,226.53,0.2854,0.2854,3.2816,17.5268,141.2589,0.1561
2347,1014,50.79,43.59,115.96,225.75,0.2878,0.2878,3.2993,17.589,0.0,0.2526
2347,1026,145.64,0.52,202.47,133.89,0.4795,0.2397,6.3188,1.6826,0.0,0.1598
2348,1026,145.36,0.56,202.87,134.95,0.667,0.3335,6.2526,1.5488,0.0,0.2223
2349,1026,144.68,0.26,202.32,134.67,0.6899,0.3449,6.2701,1.6314,0.0,0.2299
2350,1026,149.21,0.19,197.99,109.89,0.4158,0.2079,8.2628,4.9679,168.3737,0.069
2351,1026,146.05,0.23,201.73,126.59,0.7529,0.3765,6.8123,2.6459,14.0131,0.2471
2352,1026,146.45,0.23,203.45,131.08,0.4397,0.2198,6.5004,1.9899,15.0286,0.144
2352,1014,45.41,36.17,111.15,224.23,0.3074,0.3074,3.3403,17.9773,0.0,0.268
2353,1026,147.39,0.29,203.97,131.56,0.5488,0.2744,6.4685,1.8891,0.0,0.1829
2354,1026,148.38,0.31,203.46,130.2,0.5898,0.2949,6.5592,2.0642,0.0,0.1965
2355,1026,149.8,0.27,203.99,129.84,0.564,0.282,6.5834,2.0794,0.0,0.1879
2356,1026,151.21,0.22,204.36,129.33,0.6289,0.3145,6.6182,2.1281,0.0,0.2096
2356,1014,45.61,32.04,110.65,223.51,0.3784,0.3784,3.3546,17.9349,0.0,0.3292
2357,1020,158.74,0.58,199.1,127.76,0.5332,0.2666,6.7276,2.3344,152.6274,0.0888
2359,1020,160.96,0.47,198.5,114.35,0.269,0.1345,7.821,4.2473,167.7147,0.0447
2360,1020,153.94,0.37,205.49,163.97,0.2344,0.1172,4.8344,2.8637,19.3739,0.0785
2361,1020,155.48,0.32,203.6,154.61,0.2415,0.1207,5.2219,1.5237,161.9645,0.0402
2362,1020,151.92,0.05,205.34,176.57,0.2776,0.1388,4.3888,4.6677,21.1915,0.1006
2362,1014,41.59,25.56,102.06,209.25,0.2751,0.2751,3.6697,17.558,153.9918,0.1362
2364,1014,49.93,29.94,93.59,153.58,0.4922,0.4922,5.4775,15.225,162.7097,0.1583
2365,-1,175.5,2.92,200.25,32.82,0.3057,0.1529,102.5637,15.5978,0.0,0.1
2366,1093,174.33,1.29,200.52,32.94,0.5488,0.2744,100.864,15.5777,0.0,0.1796
2366,1026,163.96,0.36,211.75,119.11,0.3452,0.1726,7.3984,3.7402,162.1912,0.0574
2367,1093,174.46,1.24,200.65,32.92,0.6548,0.3274,101.1437,15.5815,173.4794,0.1051
2368,1093,174.77,1.15,201.08,33.01,0.5078,0.2539,99.9015,15.573,4.2753,0.1659
2368,1026,158.24,0.58,221.9,170.99,0.4253,0.2127,4.5782,4.1269,20.3948,0.1491
2369,1093,174.93,0.8,201.35,32.92,0.5039,0.252,101.1464,15.587,177.4344,0.0809
2370,1098,148.14,0.18,172.37,60.63,0.3867,0.1933,20.6317,12.1113,0.0,0.1275
2370,1026,161.46,1.36,226.86,182.37,0.3098,0.1549,4.2107,5.8489,23.3154,0.1151
2371,1026,164.51,2.22,228.9,184.9,0.3015,0.1507,4.137,6.3144,0.0,0.1175
2371,1014,40.76,23.16,102.3,204.1,0.5815,0.5815,3.7904,17.2544,24.236,0.4556
2372,1098,145.29,0.11,169.75,61.02,0.2974,0.1487,20.4058,12.1518,31.9254,0.0905
2373,1098,144.57,0.1,168.91,60.58,0.3738,0.1869,20.6714,12.2383,170.4826,0.0609
2373,1026,167.65,2.84,230.66,185.63,0.3594,0.1797,4.1171,6.5475,0.0,0.1406
2374,-1,142.31,0.07,174.38,112.92,0.4863,0.2432,7.9695,5.4198,0.0,0.1617
2374,-1,173.95,0.28,218.39,120.94,0.2822,0.1411,7.2514,4.0351,0.0,0.094
2374,-1,27.95,47.64,48.62,105.05,0.2605,0.2605,9.3481,20.209,0.0,0.1683
2375,1102,134.7,0.07,167.08,113.82,0.6001,0.3,7.8927,5.9954,0.0,0.1995
2375,1026,171.49,3.14,235.98,185.94,0.3286,0.1643,4.1111,6.8823,0.0,0.1286
2376,1102,132.77,0.07,164.69,111.67,0.3999,0.1999,8.106,6.4275,163.7406,0.0662
2376,1026,179.37,3.14,234.18,149.37,0.2031,0.1016,5.4779,3.9128,162.7268,0.0338
2377,1102,136.7,0.13,169.68,115.97,0.5176,0.2588,7.6897,5.5488,17.383,0.1682
2377,1026,173.66,2.56,237.06,174.24,0.3123,0.1562,4.4757,5.6453,20.8116,0.1114
2378,1102,132.8,0.14,166.23,116.6,0.4658,0.2329,7.6382,5.8616,0.0,0.1549
2378,1026,176.59,2.95,227.79,139.13,0.4082,0.2041,6.013,3.2567,164.1283,0.0679
2379,1102,131.57,0.15,165.23,116.15,0.6851,0.3426,7.6804,6.0223,0.0,0.2277
2379,1026,181.51,3.0,235.51,143.14,0.3701,0.185,5.7969,4.0863,29.4733,0.1152
2380,1102,130.99,0.1,164.67,114.75,0.7612,0.3806,7.8099,6.215,166.888,0.1261
2380,1026,181.05,3.37,228.99,127.79,0.4341,0.217,6.7395,4.2703,165.4373,0.0721
2381,1102,130.43,0.08,164.62,114.86,0.7271,0.3635,7.8001,6.2367,0.0,0.2416
2382,1102,129.13,0.12,163.88,115.14,0.2744,0.1372,7.7758,6.3191,0.0,0.0912
2382,1112,126.51,0.31,188.66,117.6,0.3328,0.1664,7.5391,4.9575,0.0,0.1107
2383,1102,130.52,0.09,165.64,115.04,0.5747,0.2873,7.7825,6.1611,0.0,0.191
2384,-1,128.67,0.14,156.09,82.55,0.3269,0.1635,12.5289,10.2296,0.0,0.1081
2384,-1,191.81,3.45,240.19,126.56,0.2576,0.1288,6.8429,5.7214,0.0,0.0857
2384,-1,127.97,0.14,158.62,113.34,0.2546,0.1273,7.9516,6.8307,0.0,0.0846
2384,-1,33.4,16.45,79.73,113.2,0.2274,0.2274,8.315,17.6739,0.0,0.148
2385,1102,128.79,0.09,164.32,114.75,0.3098,0.1549,7.812,6.35,0.0,0.1029
2386,1098,127.05,0.07,150.66,58.03,0.6001,0.3,22.4164,13.426,152.6644,0.0973
2387,1102,123.45,0.15,159.58,114.82,0.3721,0.186,7.8146,6.8973,0.0,0.1236
2388,1120,205.69,3.43,242.85,116.61,0.3657,0.1829,7.6629,7.4287,0.0,0.1214
2389,1120,204.79,3.61,242.7,119.09,0.2517,0.1258,7.4451,7.1862,13.0581,0.0825
2389,1112,123.6,0.14,187.51,119.37,0.2629,0.1315,7.3895,4.9674,19.6223,0.0849
2389,1102,122.11,0.1,158.78,114.39,0.2622,0.1311,7.8571,7.0547,0.0,0.0871
2390,1120,205.27,3.12,244.48,122.79,0.3684,0.1842,7.1447,7.0865,14.1045,0.1205
2390,1112,123.38,0.04,188.14,119.5,0.3057,0.1529,7.3783,4.9337,0.0,0.1017
2390,1102,121.62,0.09,158.71,113.86,0.4551,0.2276,7.9078,7.1314,0.0,0.1511
2391,1120,206.96,3.27,245.19,119.94,0.3794,0.1897,7.3784,7.4175,166.1477,0.0627
2391,1102,120.52,0.04,158.15,113.96,0.5796,0.2898,7.9,7.2168,0.0,0.1924
2392,1120,207.55,3.33,246.41,121.66,0.6323,0.3161,7.2393,7.4235,15.0995,0.2062
2392,1102,118.54,0.06,156.12,113.81,0.708,0.354,7.9186,7.4586,0.0,0.235
2392,1124,337.67,42.08,354.88,96.1,0.3804,0.3804,10.8198,23.4317,0.0,0.2431
2393,1120,209.18,3.4,247.91,120.94,0.3711,0.1855,7.3013,7.6664,0.0,0.1231
2393,1102,113.76,0.03,151.05,113.57,0.2186,0.1093,7.953,8.0533,109.1567,0.0361
2393,1124,337.29,41.41,354.74,95.95,0.5947,0.5947,10.8414,23.4065,0.0,0.3802
2394,1102,112.24,0.06,149.69,113.35,0.2917,0.1459,7.9777,8.241,0.0,0.0967
2394,1124,337.31,40.64,355.41,96.5,0.4707,0.2354,10.7569,23.4282,0.0,0.1504
2395,1102,110.53,0.02,147.44,112.24,0.2637,0.1318,8.0915,8.5595,157.8477,0.0435
2395,1124,334.47,40.72,352.68,96.11,0.5391,0.5391,10.7921,23.1173,0.0,0.345
2396,1102,107.71,0.06,143.0,110.19,0.4187,0.2094,8.31,9.1431,158.5366,0.0689
2396,1124,332.23,41.13,350.58,95.76,0.3184,0.3184,10.8275,22.8764,0.0,0.2039
2396,1120,212.44,3.7,257.77,141.98,0.3098,0.1549,5.9037,7.8634,16.9846,0.1005
2397,1102,106.75,0.02,141.54,111.55,0.3132,0.1566,8.1741,9.1904,15.9984,0.1017
2397,1124,330.76,41.59,349.46,95.69,0.4055,0.4055,10.8265,22.7276,0.0,0.2598
2397,1126,291.33,42.1,360.0,278.58,0.5649,0.2824,2.6224,26.4143,0.0,0.268
2398,1102,106.54,0.01,140.5,111.08,0.2837,0.1419,8.2236,9.2989,0.0,0.0939
2398,1124,328.97,42.0,348.48,96.06,0.5508,0.5508,10.7541,22.5524,0.0,0.3532
2398,1126,297.19,42.17,348.68,213.73,0.2101,0.2101,3.6778,21.7188,154.9581,0.1021
2399,1124,327.36,42.58,347.66,96.05,0.4158,0.4158,10.7444,22.4103,0.0,0.2667
2399,1126,297.61,42.81,346.8,204.88,0.4292,0.4292,3.88,21.1783,155.983,0.1975
2400,1124,326.04,42.84,347.43,96.34,0.2407,0.2407,10.6912,22.309,0.0,0.1545
2400,1126,298.35,42.93,346.57,199.11,0.457,0.457,4.0256,20.9358,157.0663,0.2017
2400,1120,221.46,4.27,263.0,124.08,0.5254,0.2627,7.0872,9.2943,165.7672,0.0864
2401,1126,298.46,43.39,341.6,178.2,0.502,0.502,4.6319,19.8513,159.4294,0.182
2401,1120,224.8,4.45,266.55,121.58,0.4883,0.2442,7.2952,9.8602,159.5451,0.0802
2402,1120,223.68,4.35,266.65,120.6,0.2822,0.1411,7.3741,9.8383,0.0,0.0934
2403,1120,220.99,4.66,270.4,137.65,0.4426,0.2213,6.1772,9.3866,15.4325,0.1439
2404,1120,214.59,4.42,274.34,166.99,0.4524,0.2262,4.7892,9.7272,19.5437,0.1517
2405,1120,216.09,4.67,273.26,159.28,0.3425,0.1713,5.0946,9.4501,161.5431,0.0563
2406,1120,212.96,4.89,276.17,177.83,0.5557,0.2778,4.4128,10.3463,21.0863,0.1993
2407,1120,219.64,4.85,271.01,138.16,0.3657,0.1829,6.146,9.3286,164.5323,0.0601
2408,1120,224.1,5.1,277.31,143.15,0.5352,0.5352,5.878,10.0431,24.0735,0.3385
2408,1102,98.01,0.0,133.69,112.14,0.3604,0.1802,8.1406,10.1705,63.3641,0.0861
2409,1120,231.24,5.27,277.42,122.32,0.7759,0.7759,7.2637,10.975,166.7408,0.2539
2410,1120,230.35,5.87,283.11,140.36,0.6152,0.6152,6.0506,10.8905,15.9538,0.3985
2411,1120,233.67,5.41,281.82,122.83,0.3184,0.3184,7.2349,11.4098,166.777,0.104
2412,1120,239.11,5.05,284.06,111.36,0.4766,0.4766,8.2851,12.4122,168.0085,0.1552
2413,1120,236.69,4.45,282.03,106.59,0.4941,0.247,8.7927,12.3935,167.6785,0.0804
2414,1120,241.11,3.76,286.56,104.27,0.4844,0.2422,9.0873,13.0812,159.6479,0.0786
2415,1120,242.82,2.73,289.03,103.26,0.6021,0.301,9.222,13.3969,158.9897,0.0976
2416,-1,237.09,1.97,297.28,179.58,0.4543,0.2271,4.409,13.2707,0.0,0.1673
2416,-1,246.66,0.0,321.75,280.97,0.3567,0.1784,2.4954,23.3187,0.0,0.1734
2417,1102,79.19,0.4,124.41,139.43,0.4055,0.2028,6.1087,11.1003,17.8198,0.1307
2417,1120,241.34,1.3,298.73,127.78,0.543,0.2715,6.9054,12.9057,14.1779,0.176
2418,1102,76.38,0.97,119.33,137.38,0.3381,0.1691,6.2426,11.6627,152.2677,0.0552
2418,1120,239.52,0.82,301.6,139.2,0.291,0.1455,6.1634,12.7969,15.5093,0.094
2419,1102,76.27,1.28,117.27,134.14,0.2903,0.1452,6.4475,11.8553,164.7491,0.0474
2419,1120,224.8,0.0,324.47,228.24,0.8076,0.4038,3.2482,17.6058,27.7948,0.3417
2420,1102,77.12,0.7,117.74,133.21,0.6602,0.3301,6.5052,11.7811,0.0,0.2177
2420,1120,221.06,0.0,332.3,261.43,0.5972,0.2986,2.7265,20.8556,32.2022,0.2677
2421,1102,77.79,0.81,118.58,134.52,0.4292,0.2146,6.4184,11.6559,0.0,0.1416
2421,1153,242.43,0.6,308.48,96.75,0.5283,0.2641,10.1645,14.9368,0.0,0.1731
2422,1102,78.53,0.48,118.77,132.05,0.6299,0.315,6.5773,11.6367,165.096,0.1028
2422,1153,243.43,0.63,308.6,95.72,0.7026,0.3513,10.3245,15.0654,169.7415,0.1131
2422,1120,205.58,1.02,322.39,280.64,0.6636,0.3318,2.4621,21.8859,38.2997,0.2983
2423,1102,78.1,0.21,117.53,130.95,0.6416,0.3208,6.654,11.7732,0.0,0.2116
2423,1153,242.2,0.47,306.47,94.55,0.2018,0.1009,10.498,14.9369,163.2965,0.0325
2423,1120,205.13,18.69,315.02,282.41,0.4465,0.4465,2.4355,21.8262,0.0,0.432
2424,1102,78.37,0.11,117.62,130.19,0.6177,0.3089,6.7054,11.7656,0.0,0.2037
2424,1153,243.9,0.69,307.32,94.12,0.644,0.322,10.5747,15.1148,0.0,0.211
2424,1120,206.27,35.27,310.83,282.72,0.5264,0.5264,2.4296,21.7658,0.0,0.5089
2425,1153,247.2,0.86,305.71,87.35,0.4941,0.247,11.7946,15.6513,171.786,0.0793
2425,1120,202.48,29.18,309.52,283.77,0.5381,0.2691,2.4139,21.7262,0.0,0.2596
2426,1153,248.31,0.87,304.75,84.69,0.4377,0.2188,12.3486,15.842,172.1554,0.0702
2426,1120,200.42,21.33,310.1,284.49,0.2805,0.1403,2.4047,21.7612,0.0,0.1351
2427,1153,246.91,0.86,306.58,90.47,0.4883,0.2442,11.2051,15.479,8.6732,0.1589
2427,1120,200.17,20.0,309.21,284.28,0.4006,0.2003,2.4062,21.705,0.0,0.1931
2428,1153,247.62,0.67,305.25,87.65,0.7041,0.352,11.735,15.6288,171.6318,0.113
2429,1153,247.85,0.65,305.14,87.89,0.498,0.249,11.6883,15.6196,0.0,0.1629
2429,1102,78.34,0.2,115.29,119.16,0.5488,0.2744,7.5591,12.2674,167.3129,0.0894
2429,1120,197.9,13.76,306.2,282.22,0.3774,0.3774,2.4257,21.3258,0.0,0.365
2430,1153,243.85,0.3,306.7,97.36,0.4426,0.2213,10.0728,14.879,9.5959,0.144
2430,1102,81.18,0.09,121.69,124.6,0.5547,0.2773,7.0996,11.4579,16.6535,0.1792
2431,1153,245.77,0.36,307.16,96.75,0.564,0.282,10.1705,15.0581,161.657,0.0908
2431,1102,84.74,0.16,129.4,127.22,0.5962,0.2981,6.8848,10.6161,27.7895,0.1856
2431,1120,200.93,20.01,306.45,284.28,0.3149,0.1575,2.4048,21.647,0.0,0.1517
2432,1153,246.89,0.34,307.4,97.11,0.4187,0.2094,10.1208,15.1189,0.0,0.1372
2432,1160,206.45,196.71,283.49,279.9,0.4055,0.4055,2.4427,20.6704,0.0,0.3937
2433,1153,247.85,0.2,306.94,96.58,0.6353,0.3176,10.2015,15.1799,0.0,0.2081
2433,1120,204.01,69.08,288.55,281.9,0.6489,0.6489,2.4214,20.9675,0.0,0.6278
2434,1153,249.54,0.1,304.5,90.91,0.5,0.25,11.128,15.4829,171.2386,0.0803
2434,1120,206.08,90.69,282.19,281.73,0.4207,0.4207,2.4206,20.8334,0.0,0.4071
2434,1102,84.96,0.19,130.85,119.17,0.4746,0.2373,7.5172,10.8122,167.1103,0.0777
2435,1153,248.37,0.25,304.61,95.1,0.8105,0.4052,10.4239,15.1595,9.2769,0.2637
2435,1102,77.9,0.38,123.46,118.76,0.4551,0.2276,7.5787,11.7765,114.4577,0.0743
2435,1160,209.75,207.03,276.98,279.31,0.4824,0.4824,2.4475,20.517,0.0,0.4688
2436,1153,248.14,0.21,303.54,95.39,0.5659,0.2829,10.3746,15.0645,0.0,0.1854
2436,1160,205.24,197.33,279.39,277.25,0.498,0.498,2.4702,20.2256,0.0,0.4858
2437,1153,249.03,0.25,300.85,90.06,0.4766,0.2383,11.2679,15.2957,171.1922,0.0766
2437,1102,67.22,0.09,113.37,121.03,0.6479,0.324,7.4275,13.0576,53.8388,0.1689
2438,1153,246.55,0.22,300.35,94.79,0.585,0.2925,10.4547,14.8169,9.4953,0.1904
2438,1102,64.32,0.02,108.91,117.07,0.2598,0.1299,7.7868,13.6812,164.3501,0.0421
2438,1160,184.03,166.51,283.06,275.93,0.395,0.395,2.4756,19.627,0.0,0.3861
2439,1153,246.62,0.11,298.87,92.75,0.8232,0.4116,10.7832,14.8636,170.3297,0.1326
2439,1102,64.55,0.0,104.53,103.86,0.6479,0.324,9.1959,14.5404,169.4887,0.1045
2439,1160,181.85,169.64,274.46,274.14,0.2075,0.2075,2.4914,19.165,0.0,0.2034
2440,1153,245.25,0.07,298.41,95.44,0.8242,0.4121,10.3434,14.5838,9.6529,0.2684
2440,1102,62.64,0.0,104.75,110.36,0.5698,0.2849,8.4569,14.3325,11.5772,0.185
2441,1153,244.25,0.11,297.47,96.39,0.7305,0.3653,10.1924,14.4088,12.6817,0.2367
2441,1102,61.69,0.0,104.84,114.47,0.626,0.313,8.0449,14.2153,12.1009,0.2032
2441,1167,112.78,0.08,150.11,113.23,0.7822,0.3911,7.9881,8.1929,0.0,0.2594
2441,1160,169.04,155.86,269.32,272.31,0.3157,0.3157,2.5055,18.5733,0.0,0.31
2442,1153,244.01,0.07,296.06,94.67,0.5938,0.2969,10.4539,14.4203,169.508,0.0958
2442,1167,115.45,0.13,152.88,113.96,0.5068,0.2534,7.9114,7.8155,0.0,0.1681
2442,1160,168.14,156.85,264.1,271.35,0.5981,0.5981,2.5149,18.3428,0.0,0.5868
2443,1153,243.34,0.11,294.85,93.85,0.6494,0.3247,10.5802,14.3633,165.6305,0.1049
2443,1167,118.68,0.14,155.32,112.31,0.2854,0.1427,8.0651,7.6202,156.3987,0.0471
2443,1160,163.85,152.17,260.74,270.72,0.4436,0.4436,2.5199,18.1353,0.0,0.4351
2444,1153,241.86,0.12,293.61,94.15,0.6582,0.3291,10.524,14.1838,0.0,0.2161
2444,1167,125.97,0.15,151.02,75.77,0.6074,0.3037,14.3052,11.3114,173.206,0.0993
2444,1102,54.26,0.0,96.14,114.8,0.5186,0.2593,8.0534,15.2422,93.5681,0.0834
2445,1153,240.64,0.13,291.81,92.91,0.606,0.303,10.7186,14.0916,165.3098,0.098
2445,1167,129.73,0.14,151.29,64.33,0.502,0.251,18.6757,12.5556,174.689,0.0817
2445,1102,53.62,0.0,93.9,114.3,0.2437,0.1218,8.109,15.4452,0.0,0.0798
2445,1160,154.9,149.05,248.45,264.89,0.4253,0.4253,2.5875,17.0986,123.7024,0.2723
2446,1153,240.39,0.09,290.04,89.82,0.5601,0.2801,11.2526,14.1936,170.798,0.0905
2446,1167,131.52,0.2,152.77,62.33,0.4302,0.2151,19.714,12.7054,173.4996,0.0699
2446,1102,52.84,0.0,92.79,116.61,0.4961,0.248,7.8956,15.4873,13.4482,0.1601
2446,1173,128.09,0.11,155.58,109.9,0.4148,0.2074,8.2996,7.3047,0.0,0.1377
2446,1160,157.95,168.4,237.09,264.11,0.4158,0.4158,2.5959,16.9101,0.0,0.4045
2447,1153,240.07,0.12,289.1,88.48,0.7759,0.388,11.4995,14.2203,170.4928,0.1254
2447,1167,133.18,0.24,153.16,57.11,0.7202,0.3601,23.0635,13.299,175.6779,0.1168
2447,1102,54.92,0.0,93.17,116.27,0.5381,0.2691,7.9207,15.3399,0.0,0.1762
2447,1160,149.77,151.08,241.57,263.15,0.7939,0.7939,2.6077,16.7517,0.0,0.7713
2448,1153,239.26,0.13,288.19,88.29,0.793,0.3965,11.5308,14.1376,0.0,0.2603
2448,1102,55.47,0.06,92.5,116.59,0.6592,0.3296,7.8914,15.3369,0.0,0.2158
2448,1160,157.51,176.06,231.92,262.96,0.6011,0.6011,2.6099,16.7109,0.0,0.5838
2448,1173,132.25,0.01,160.37,111.87,0.3081,0.154,8.0901,6.6508,26.573,0.0969
2449,1153,239.4,0.13,286.9,85.42,0.272,0.136,12.1047,14.2923,171.7462,0.0439
2449,1102,55.01,0.23,91.72,118.43,0.4233,0.2117,7.7284,15.3578,13.3719,0.1367
2449,1160,134.83,116.93,254.09,261.77,0.4844,0.4844,2.6255,16.5512,0.0,0.4696
2449,1173,135.04,0.05,163.4,111.72,0.5137,0.2569,8.1002,6.3743,0.0,0.1707
2450,1153,237.94,0.04,286.31,86.74,0.373,0.1865,11.8265,14.0769,9.9324,0.1215
2450,1102,53.83,0.2,90.48,119.44,0.5322,0.2661,7.646,15.4843,0.0,0.1742
2450,1174,236.52,0.06,287.17,154.86,0.543,0.2715,5.3305,11.6834,0.0,0.1791
2451,1153,237.84,0.24,285.51,85.55,0.2783,0.1391,12.0686,14.12,171.26,0.045
2451,1102,55.96,0.19,88.81,105.18,0.5098,0.2549,9.1028,15.989,169.3787,0.0817
2451,1174,236.76,0.44,286.93,153.86,0.5342,0.2671,5.3759,11.6662,0.0,0.1762
2451,1160,116.63,60.44,270.81,258.09,0.3821,0.3821,2.6748,16.0565,0.0,0.3682
2451,1173,142.26,0.25,160.95,71.17,0.502,0.251,15.7576,11.0776,173.823,0.0821
2452,1102,52.49,0.1,88.87,116.37,0.7871,0.3936,7.9289,15.7706,12.3983,0.2544
2452,1174,236.25,0.58,286.12,153.31,0.7612,0.3806,5.3993,11.5671,0.0,0.2512
2452,1160,107.38,22.0,279.96,256.97,0.5107,0.5107,2.6902,15.9082,0.0,0.4912
2453,1102,51.95,0.11,89.37,120.42,0.7598,0.3799,7.5694,15.6504,12.699,0.2455
2453,1174,235.74,0.5,285.37,152.64,0.6353,0.3176,5.4286,11.4706,0.0,0.2097
2454,1102,52.33,0.25,89.67,121.42,0.6021,0.301,7.4836,15.5786,0.0,0.197
2454,1174,234.79,0.16,284.31,151.93,0.3091,0.1545,5.4589,11.3227,0.0,0.102
2454,1179,151.94,175.89,234.16,258.69,0.5098,0.5098,2.6665,16.1251,0.0,0.4918
2454,1153,235.43,0.01,282.75,84.19,0.6841,0.3421,12.345,13.9476,162.5775,0.1107
2454,1160,104.21,1.47,278.87,255.15,0.4717,0.2359,2.715,15.6362,0.0,0.2262
2455,1102,52.44,0.22,89.77,122.29,0.7822,0.3911,7.4114,15.5418,0.0,0.256
2455,1174,234.83,0.14,284.03,151.22,0.6807,0.3403,5.4923,11.2969,0.0,0.2247
2455,1160,102.79,0.0,270.87,254.9,0.5571,0.2786,2.7175,15.5514,0.0,0.2671
2456,1102,52.5,0.21,89.63,122.82,0.7832,0.3916,7.3685,15.5334,0.0,0.2563
2456,1174,235.33,0.14,284.46,151.2,0.4377,0.2188,5.4946,11.3606,0.0,0.1445
2456,1160,106.52,0.0,265.44,254.91,0.6206,0.3103,2.7172,15.5462,0.0,0.2975
2456,1153,235.57,0.0,282.77,83.99,0.5312,0.2656,12.3895,13.9725,0.0,0.1744
2457,1102,53.18,0.06,86.35,106.55,0.2134,0.1067,8.9557,16.2565,169.2518,0.0341
2457,1174,234.9,0.23,283.92,151.7,0.2705,0.1353,5.4694,11.3004,0.0,0.0893
2457,1153,235.43,0.0,282.72,84.75,0.2494,0.1247,12.2232,13.9004,7.936,0.0815
2457,1179,153.64,190.98,221.85,259.55,0.4951,0.4951,2.6536,16.1753,0.0,0.4784
2458,1102,49.24,0.2,86.79,120.74,0.6226,0.3113,7.5558,15.9853,12.9215,0.2009
2458,1174,234.69,0.17,283.42,151.9,0.4026,0.2013,5.4589,11.2543,0.0,0.1329
2458,1153,234.94,0.0,282.41,85.76,0.5566,0.2783,12.0072,13.7754,8.4897,0.1818
2458,1179,128.77,167.0,220.74,259.86,0.6113,0.6113,2.6491,16.1978,0.0,0.5911
2459,1102,47.66,0.07,86.55,125.38,0.5537,0.2768,7.1862,15.9913,13.7758,0.1783
2459,1174,234.51,0.24,282.98,152.18,0.3115,0.1557,5.4449,11.2156,0.0,0.1028
2459,1153,234.88,0.0,281.47,84.66,0.5117,0.2559,12.2374,13.8106,171.1262,0.0828
2459,1160,94.76,0.0,246.08,255.8,0.4863,0.2432,2.7054,15.6977,86.3098,0.1576
2460,1102,46.68,0.02,87.97,133.43,0.7285,0.3643,6.6123,15.8253,14.438,0.2344
2460,1174,234.26,0.18,282.27,152.2,0.7793,0.3896,5.4426,11.15,0.0,0.2573
2460,1160,93.77,0.0,237.76,257.51,0.3904,0.1952,2.6829,15.9885,0.0,0.1879
2461,1174,233.1,0.62,280.1,149.86,0.5649,0.2824,5.5497,10.8915,158.7015,0.0925
2461,1153,232.07,0.0,279.66,87.01,0.4534,0.2267,11.7371,13.3686,11.0208,0.1477
2462,1174,232.29,0.31,278.92,149.18,0.3943,0.1971,5.5802,10.7473,0.0,0.1303
2462,1153,231.56,0.0,278.89,87.17,0.4688,0.2344,11.7019,13.2861,0.0,0.1542
2463,1174,232.99,0.2,279.04,148.85,0.5146,0.2573,5.5976,10.8009,0.0,0.17
2463,1153,231.88,0.23,281.29,94.14,0.231,0.1155,10.4671,12.8922,9.5019,0.0755
2463,1102,45.11,0.32,88.19,140.93,0.7002,0.3501,6.1536,15.8548,15.6506,0.2246
2464,1174,233.55,0.16,278.83,148.66,0.2302,0.1151,5.6075,10.8235,0.0,0.0761
2464,1153,232.77,0.2,280.87,94.19,0.3979,0.1989,10.4603,12.9153,0.0,0.131
2464,1102,45.5,0.42,88.2,140.21,0.6318,0.3159,6.1944,15.8311,0.0,0.2066
2465,1102,45.22,0.49,87.48,139.47,0.6309,0.3155,6.24,15.9011,0.0,0.2063
2466,1102,43.86,0.5,86.2,139.99,0.5591,0.2796,6.2153,16.0735,0.0,0.1827
2466,1160,93.16,0.0,227.13,257.62,0.6162,0.3081,2.6835,16.1134,0.0,0.2965
2466,1174,233.98,0.1,278.13,147.74,0.3149,0.1575,5.6531,10.7978,0.0,0.104
2466,1153,232.59,0.17,280.43,96.75,0.384,0.192,10.0644,12.6928,9.6075,0.1255
2467,1102,43.62,0.43,85.47,139.88,0.2546,0.1273,6.2239,16.1382,0.0,0.0832
2467,1174,232.92,0.06,276.16,145.98,0.5498,0.2749,5.7387,10.5788,0.0,0.1817
2468,1174,233.86,0.15,276.04,145.08,0.385,0.1925,5.7868,10.6331,0.0,0.1272
2469,1196,240.55,0.1,272.12,55.62,0.4111,0.2056,24.5561,16.304,0.0,0.1343
2469,1102,44.58,0.42,84.73,136.09,0.5039,0.252,6.4536,16.1497,165.1573,0.0807
2470,1196,240.61,0.16,271.88,55.13,0.4377,0.2188,24.9716,16.3454,175.996,0.07
2470,1102,44.2,0.69,84.33,137.31,0.2974,0.1487,6.3796,16.1911,0.0,0.0972
2471,1196,240.95,0.21,270.38,51.78,0.2886,0.1443,28.23,16.6348,176.4653,0.0461
2471,1199,108.52,177.47,184.53,260.44,0.5518,0.5518,2.6531,16.8806,0.0,0.5326
2471,1174,234.97,0.03,274.63,138.21,0.3167,0.1583,6.1698,10.6422,164.553,0.0519
2472,1196,240.7,0.14,270.29,51.89,0.2847,0.1424,28.1075,16.6094,6.1709,0.0926
2472,1199,109.49,175.56,187.38,260.86,0.46,0.46,2.6461,16.8663,0.0,0.4444
2472,1174,235.14,0.03,274.32,138.39,0.3804,0.1902,6.1589,10.6306,0.0,0.1257
2473,1196,235.9,0.19,274.38,68.19,0.222,0.111,17.1438,14.9675,5.6657,0.0726
2473,1199,113.06,175.1,189.23,258.88,0.2959,0.2959,2.6711,16.5241,0.0,0.2851
2473,1174,235.67,0.13,273.93,136.99,0.3594,0.1797,6.2428,10.6566,0.0,0.1188
2474,1196,232.32,0.17,277.0,80.2,0.2644,0.1322,13.2571,13.8188,7.308,0.0865
2474,1199,113.11,174.8,188.53,258.42,0.3354,0.3354,2.6775,16.4758,0.0,0.3229
2475,1199,113.92,174.53,187.77,257.08,0.2407,0.2407,2.6959,16.3035,0.0,0.2312
2475,1102,47.12,0.3,87.81,138.89,0.811,0.4055,6.2695,15.7564,27.3742,0.2501
2475,1174,234.87,0.04,272.6,136.18,0.5737,0.2868,6.2889,10.5208,0.0,0.1896
2476,1102,47.75,0.15,88.74,138.99,0.7334,0.3667,6.2602,15.6522,0.0,0.2399
2476,1174,233.28,0.0,271.28,136.47,0.6479,0.324,6.2669,10.3158,0.0,0.2142
2476,1160,97.05,30.06,203.79,256.38,0.6387,0.6387,2.7059,16.2281,0.0,0.6127
2477,1174,234.2,0.13,271.95,136.49,0.6851,0.3426,6.268,10.4253,0.0,0.2265
2477,1160,98.58,30.9,197.54,256.06,0.6206,0.6206,2.7119,16.2698,0.0,0.5948
2478,1174,230.73,0.0,269.34,136.47,0.3416,0.1708,6.2603,10.0054,0.0,0.113
2478,1199,119.91,189.51,179.7,256.21,0.6094,0.6094,2.7087,16.2273,0.0,0.5844
2478,1102,48.13,0.33,83.9,120.18,0.3364,0.1682,7.6139,16.2598,167.4067,0.0538
2479,1102,49.91,0.21,90.82,133.99,0.7256,0.3628,6.5619,15.4156,14.8603,0.2335
2479,1196,230.88,0.97,272.08,74.72,0.4102,0.2051,14.7725,13.9997,172.2256,0.0663
2479,1160,97.51,30.41,191.41,254.67,0.3621,0.3621,2.7341,16.2319,0.0,0.346
2480,1102,50.72,0.23,94.23,138.33,0.7769,0.3885,6.2814,15.0928,16.1459,0.2494
2480,1196,230.15,0.83,270.88,73.46,0.4534,0.2267,15.1688,14.0263,171.7178,0.0733
2480,1153,226.18,0.11,273.4,96.31,0.269,0.1345,10.0995,11.9537,102.2589,0.0439
2481,1102,50.89,0.27,95.51,138.85,0.458,0.229,6.2473,14.9924,0.0,0.1501
2481,1174,226.06,0.14,265.85,135.98,0.7104,0.3552,6.2789,9.448,0.0,0.2352
2482,1102,50.57,0.37,96.13,139.16,0.3381,0.1691,6.2283,14.9703,0.0,0.1108
2482,1174,225.28,0.27,266.1,134.74,0.5962,0.2981,6.3552,9.4339,0.0,0.1974
2482,1160,92.13,20.43,180.74,242.82,0.332,0.332,2.9179,15.1359,145.4496,0.199
2483,1102,49.11,0.36,89.44,123.34,0.5078,0.2539,7.3355,15.7544,166.7758,0.0815
2483,1174,226.17,0.13,267.31,134.7,0.6582,0.3291,6.3606,9.5798,0.0,0.2179
2483,1213,144.85,0.13,184.16,114.31,0.7886,0.3943,7.8308,4.7948,0.0,0.2624
2484,1174,226.69,0.13,267.23,128.59,0.2622,0.1311,6.7683,9.7646,165.8995,0.0431
2484,1213,143.3,0.14,182.09,112.92,0.6943,0.3472,7.9651,5.0914,160.9058,0.1153
2484,1196,227.22,0.66,266.74,70.33,0.3694,0.1847,16.2427,14.0028,170.6941,0.0597
2484,1160,84.17,28.72,166.28,239.58,0.6699,0.6699,2.9824,15.4251,121.0373,0.3955
2485,1174,230.49,0.05,266.13,107.16,0.2194,0.1097,8.6834,11.0004,168.922,0.0359
2485,1213,142.98,0.14,181.62,112.78,0.3867,0.1933,7.9791,5.1364,0.0,0.1286
2485,1196,225.1,0.36,266.24,71.89,0.2227,0.1114,15.6698,13.7274,7.8519,0.0728
2486,1213,142.71,0.25,181.53,114.1,0.6074,0.3037,7.8527,4.9868,12.3475,0.1997
2486,1153,215.68,0.23,275.85,131.74,0.6558,0.3279,6.5492,9.5119,14.5799,0.2136
2487,1213,143.89,0.28,180.7,108.71,0.7153,0.3577,8.3948,5.6476,168.5405,0.1186
2487,1153,215.61,0.19,273.64,134.33,0.5918,0.2959,6.3782,9.2949,15.917,0.1922
2487,1102,51.46,0.0,97.46,141.46,0.7422,0.3711,6.0904,14.811,15.8808,0.2386
2488,1213,147.26,1.2,181.58,101.97,0.283,0.1415,9.1786,6.4058,168.9675,0.0469
2488,1153,216.02,0.26,271.44,134.1,0.459,0.2295,6.3904,9.176,0.0,0.152
2488,1160,79.02,28.52,156.96,237.8,0.4302,0.4302,3.0214,15.7289,0.0,0.3949
2488,1196,224.42,0.4,263.15,67.18,0.3049,0.1525,17.4908,14.0409,173.9148,0.0493
2489,1213,147.4,1.16,183.13,106.68,0.4321,0.216,8.615,5.7387,11.3173,0.1423
2489,1153,217.52,0.15,268.91,128.07,0.6909,0.3454,6.7944,9.2735,165.838,0.1136
2489,1160,81.94,26.66,157.93,237.07,0.7544,0.7544,3.0308,15.506,0.0,0.6919
2489,1102,52.72,0.47,98.14,141.55,0.5796,0.2898,6.0814,14.6805,0.0,0.19
2490,1213,151.52,2.92,191.86,120.16,0.2247,0.1124,7.3108,3.6182,14.4108,0.0736
2490,1153,217.87,0.15,266.74,124.64,0.5908,0.2954,7.0445,9.2808,165.8181,0.0972
2490,1160,80.77,29.03,154.88,236.18,0.8608,0.8608,3.0487,15.5618,0.0,0.7873
2490,1102,54.67,0.45,98.54,137.97,0.4377,0.2188,6.2859,14.5424,163.7559,0.0706
2491,1213,153.57,3.74,196.46,127.19,0.5127,0.2564,6.7688,2.5145,15.5042,0.1677
2491,1153,216.7,0.15,266.16,129.37,0.6592,0.3296,6.6982,8.9876,14.3692,0.2149
2491,1160,80.24,26.94,154.74,238.77,0.8125,0.8125,3.0061,15.8731,0.0,0.7473
2491,1102,57.21,0.53,99.86,136.33,0.4727,0.2364,6.3783,14.2979,0.0,0.1551
2492,1213,154.18,4.59,198.73,131.79,0.2798,0.1399,6.4533,1.8239,15.4202,0.0916
2492,1153,213.11,0.2,262.6,128.93,0.2186,0.1093,6.7195,8.5163,0.0,0.0725
2492,1160,80.73,29.32,153.08,237.61,0.7964,0.7964,3.0261,15.788,0.0,0.7305
2492,1196,224.06,0.19,257.23,54.74,0.291,0.1455,25.1558,15.1247,175.9648,0.0468
2493,1213,152.1,4.08,197.77,136.29,0.5566,0.2783,6.1706,1.3236,16.2336,0.1818
2493,1153,215.09,0.44,262.63,125.59,0.4941,0.247,6.9634,8.7808,165.8664,0.0814
2493,1160,79.65,28.29,152.2,238.85,0.7515,0.7515,3.0071,15.9972,0.0,0.691
2493,1196,224.09,0.1,256.57,51.23,0.4082,0.2041,28.6735,15.4916,176.5768,0.0656
2493,1102,59.02,0.33,101.57,138.49,0.4707,0.2354,6.2398,14.042,18.2547,0.1506
2494,1213,151.63,4.55,196.6,137.62,0.5225,0.2612,6.0915,1.2454,0.0,0.1741
2494,1153,216.08,0.3,262.51,124.31,0.6396,0.3198,7.0614,8.8939,0.0,0.2119
2494,1160,77.65,27.17,150.32,239.88,0.5908,0.5908,2.9931,16.2546,0.0,0.5441
2494,1102,63.65,0.19,103.66,127.1,0.3757,0.1878,6.9808,13.766,165.4796,0.0608
2495,1153,215.81,0.16,261.31,122.73,0.3923,0.1961,7.1824,8.8693,165.1111,0.0646
2495,1160,78.1,27.78,150.74,240.09,0.8394,0.8394,2.989,16.245,0.0,0.7735
2495,1196,221.8,0.0,256.06,52.53,0.2925,0.1462,27.249,15.2445,5.1486,0.0956
2496,1153,219.24,0.15,265.36,121.4,0.2063,0.1032,7.2997,9.4245,148.0217,0.0339
2496,1196,217.43,0.0,258.65,63.6,0.2316,0.1158,19.1481,13.9478,5.0776,0.0759
2496,1213,156.21,1.48,201.42,136.17,0.3721,0.186,6.1773,1.1363,136.8883,0.062
2497,1153,215.37,0.19,261.1,121.48,0.6167,0.3084,7.2817,8.8881,0.0,0.2043
2497,1223,126.45,32.29,147.99,51.93,0.4551,0.4551,27.7482,14.2668,0.0,0.2987
2497,1213,157.83,0.87,203.01,136.74,0.603,0.3015,6.143,1.0435,0.0,0.201
2497,1160,76.37,30.39,147.85,238.84,0.4102,0.4102,3.013,16.2846,0.0,0.3767
2498,1160,75.83,27.95,146.55,234.7,0.5459,0.5459,3.084,15.9154,0.0,0.4964
2498,1196,215.14,0.08,256.69,64.09,0.5039,0.252,18.884,13.7272,20.8911,0.16
2499,1196,215.62,0.23,255.2,60.58,0.3904,0.1952,20.8285,14.0809,175.2549,0.0631
2500,1196,212.86,0.34,257.09,68.88,0.3647,0.1824,16.7308,13.1241,5.8024,0.1197
2500,1153,223.14,0.15,261.79,94.68,0.3477,0.1739,10.3188,11.2736,170.587,0.0568
2500,1213,165.37,1.28,201.95,111.34,0.5234,0.2617,8.1137,4.7056,168.0766,0.0869
2501,1196,213.16,0.28,255.38,65.65,0.3821,0.191,18.1181,13.4262,174.4629,0.0619
2501,1213,171.79,2.2,197.84,74.64,0.2173,0.1086,14.5706,9.8784,173.3425,0.0357
2501,1160,66.59,6.51,142.31,228.89,0.498,0.498,3.1979,15.8878,143.2252,0.2793
2502,1228,170.11,3.28,200.91,32.42,0.3748,0.1874,108.6476,15.632,0.0,0.1226
2503,1229,165.59,3.74,203.69,142.27,0.4893,0.2447,5.8282,0.7106,0.0,0.1631
2504,1228,173.48,4.15,203.33,32.51,0.3242,0.1621,107.2272,15.6441,28.1669,0.0997
2505,1196,205.48,0.32,258.43,85.83,0.4534,0.2267,11.8657,11.0534,8.1776,0.149
2505,1160,61.9,1.01,133.71,214.48,0.5786,0.2893,3.4928,15.1731,152.5232,0.1512
2506,1196,205.5,0.3,257.65,87.97,0.3904,0.1952,11.4396,10.7987,8.5346,0.1283
2506,1228,178.97,6.11,206.52,32.45,0.4226,0.4226,108.2073,15.7065,131.3051,0.1356
2507,1196,208.38,0.3,252.73,75.11,0.4111,0.2056,14.5397,12.0802,173.2869,0.067
2507,1229,172.15,7.86,211.49,151.79,0.6943,0.6943,5.3525,2.0306,21.8271,0.4461
2507,1160,67.09,0.86,134.52,207.63,0.3235,0.1618,3.6365,14.2758,152.2559,0.0817
2508,1196,199.66,0.21,259.01,105.82,0.4197,0.2099,8.7749,8.8805,10.9645,0.1378
2508,1229,175.24,8.51,214.87,153.32,0.3877,0.3877,5.2839,2.5393,0.0,0.2583
2508,1160,67.85,0.0,133.37,206.7,0.5571,0.2786,3.6581,14.2183,0.0,0.2327
2509,1229,177.7,8.52,218.37,155.62,0.6621,0.6621,5.1833,3.0758,28.6693,0.414
2509,1160,65.52,2.12,130.15,207.06,0.4697,0.2349,3.6557,14.5429,0.0,0.1962
2509,1237,211.17,0.01,246.14,64.88,0.4514,0.2257,18.4516,13.0963,0.0,0.1485
2510,1229,179.27,10.11,220.71,157.9,0.5439,0.5439,5.0865,3.4897,24.0465,0.3465
2510,1237,209.29,0.11,247.16,70.47,0.4844,0.2422,16.0856,12.4206,6.0385,0.1591
2510,1223,125.25,32.27,146.45,51.47,0.2532,0.2532,28.2615,14.4015,169.3856,0.0817
2511,1229,179.2,11.33,221.31,159.99,0.7422,0.7422,4.9998,3.6981,0.0,0.4943
2511,1237,206.45,0.14,251.37,84.42,0.3225,0.1613,12.1509,10.9275,7.9923,0.106
2512,1229,178.42,12.04,221.19,160.69,0.3711,0.3711,4.9709,3.7115,0.0,0.2486
2514,-1,187.88,10.41,223.31,129.16,0.3032,0.3032,6.6443,4.238,0.0,0.2019
2514,-1,219.38,0.14,241.88,121.08,0.2161,0.108,7.2947,7.9246,0.0,0.0717
2515,-1,187.31,10.05,225.0,128.6,0.2274,0.2274,6.6838,4.3473,0.0,0.1514
2516,-1,192.94,9.7,228.38,160.88,0.269,0.269,4.9727,5.0098,0.0,0.18
2517,-1,95.2,0.07,144.84,143.58,0.2847,0.1424,5.8277,8.5438,0.0,0.0944
2517,-1,199.41,9.84,230.34,129.09,0.2598,0.2598,6.6615,5.4267,0.0,0.1728
2518,1229,196.17,4.03,240.4,161.29,0.4785,0.2392,4.9652,6.0063,90.0381,0.0804
2519,1229,200.84,2.42,244.25,160.83,0.6245,0.3123,4.9898,6.5373,0.0,0.2079
2520,1229,202.35,0.94,245.11,160.3,0.4233,0.2117,5.0131,6.667,0.0,0.1406
2521,1229,205.4,1.5,247.77,160.45,0.8193,0.4097,5.0115,7.0539,0.0,0.2721
2521,1102,94.34,0.24,147.75,173.86,0.6602,0.3301,4.5334,9.3984,0.0,0.2391
2522,1229,209.74,10.15,250.78,160.4,0.6978,0.6978,5.0196,7.543,0.0,0.4632
2522,1102,95.04,0.1,147.2,175.26,0.2791,0.1396,4.4862,9.4791,0.0,0.102
2522,1228,205.83,0.11,244.07,40.02,0.6909,0.3454,51.1976,15.84,0.0,0.2259
2523,1229,213.08,12.82,255.3,161.4,0.8882,0.8882,4.986,8.1129,0.0,0.5908
2523,1102,100.16,0.08,145.22,152.1,0.373,0.1865,5.3958,8.2486,162.4137,0.0615
2523,1228,205.31,0.0,244.24,44.06,0.5137,0.2569,39.8478,15.3383,2.4431,0.1681
2524,1229,216.38,14.24,260.69,162.22,0.8423,0.8423,4.9614,8.7294,0.0,0.5626
2524,1102,99.91,0.22,144.88,146.79,0.7256,0.3628,5.6548,8.2195,163.2664,0.1197
2524,1228,203.99,0.0,244.2,48.93,0.5581,0.2791,31.3999,14.7073,3.1181,0.1828
2525,1229,217.21,14.45,263.63,162.79,0.8086,0.8086,4.9425,9.0053,0.0,0.5419
2525,1102,101.13,0.08,145.87,145.05,0.7285,0.3643,5.742,8.0559,0.0,0.2416
2525,1228,202.35,0.0,243.48,53.19,0.3811,0.1905,26.4564,14.1206,3.7909,0.125
2526,1229,215.23,16.08,262.14,162.05,0.8506,0.8506,4.9685,8.7425,0.0,0.5673
2526,1102,102.56,0.02,147.23,144.45,0.3389,0.1694,5.7705,7.8585,0.0,0.1124
2526,1228,199.83,0.0,243.88,60.52,0.4475,0.2238,20.7833,13.1646,4.708,0.147
2527,1229,215.62,17.59,265.26,166.82,0.8682,0.8682,4.7872,9.1914,21.0481,0.5804
2527,1102,104.41,0.01,148.59,143.65,0.6665,0.3332,5.8097,7.6322,0.0,0.2212
2528,1229,215.39,18.31,267.03,169.03,0.7231,0.7231,4.7073,9.4046,0.0,0.507
2528,1102,104.78,0.0,153.63,164.09,0.605,0.3025,4.8734,7.7904,19.3069,0.2002
2528,1248,208.65,0.15,232.69,52.91,0.3523,0.1762,26.7185,14.0284,0.0,0.1157
2528,1160,50.79,9.68,102.49,173.86,0.4341,0.4341,4.6458,15.081,0.0,0.3049
2529,1229,216.01,18.54,270.35,172.25,0.8423,0.8423,4.5969,9.834,24.0634,0.5783
2529,1102,109.43,0.0,154.41,152.59,0.7188,0.3594,5.3553,6.9743,161.7878,0.1189
2529,1248,207.8,0.06,231.09,51.1,0.2173,0.1086,28.6464,14.1864,175.8124,0.0351
2529,1160,47.63,10.09,99.82,176.99,0.5508,0.5508,4.5489,15.5737,28.7685,0.3709
2530,1229,214.9,17.86,270.42,171.58,0.7529,0.7529,4.6192,9.7299,0.0,0.5365
2530,1102,113.5,0.0,156.06,147.53,0.6992,0.3496,5.5934,6.4813,160.4291,0.1158
2530,1160,46.01,7.92,98.2,175.6,0.3235,0.3235,4.6008,15.7267,0.0,0.2288
2531,1229,215.93,17.74,273.26,173.22,0.7847,0.7847,4.5663,10.0691,0.0,0.5645
2531,1102,116.47,0.0,157.7,146.42,0.3594,0.1797,5.6455,6.1446,0.0,0.1195
2531,1248,205.85,0.08,229.13,51.08,0.2651,0.1326,28.6566,14.088,94.4124,0.0429
2532,1229,217.57,17.4,275.74,173.62,0.8193,0.8193,4.5568,10.3531,0.0,0.5902
2532,1102,118.92,0.09,158.8,144.9,0.3657,0.1829,5.721,5.8844,0.0,0.1216
2532,1248,202.93,0.05,230.25,60.46,0.2422,0.1211,20.7943,12.8672,4.6856,0.0796
2533,1229,222.15,17.43,281.64,173.92,0.541,0.541,4.558,11.0365,0.0,0.3892
2533,1102,122.74,0.08,161.5,142.09,0.5796,0.2898,5.866,5.4266,155.4136,0.0962
2533,1248,202.78,0.0,228.86,58.05,0.4902,0.2451,22.3748,13.1279,175.3951,0.0796
2533,1160,47.32,14.63,94.99,166.56,0.4197,0.4197,4.9304,15.5578,160.9716,0.1387
2534,1229,226.23,16.95,286.21,172.88,0.3425,0.3425,4.6038,11.5383,0.0,0.2441
2534,1102,123.45,0.03,161.39,141.53,0.2629,0.1315,5.8964,5.3886,0.0,0.0874
2534,1160,46.01,11.7,95.0,168.84,0.3381,0.3381,4.8464,15.7067,0.0,0.2281
2535,1229,229.03,16.94,288.39,172.63,0.5459,0.5459,4.6186,11.8475,0.0,0.3878
2535,1102,126.17,0.1,163.25,138.45,0.46,0.23,6.0677,5.1129,160.4296,0.0764
2535,1160,45.25,13.17,94.38,170.83,0.5186,0.5186,4.7757,15.8565,0.0,0.3547
2535,1248,195.15,0.19,230.03,79.68,0.4341,0.217,13.2067,10.2371,7.3934,0.1429
2536,1229,234.52,17.11,292.38,170.94,0.4561,0.4561,4.6903,12.3874,0.0,0.3194
2536,1102,129.38,0.08,167.03,138.5,0.7847,0.3923,6.06,4.6205,0.0,0.2611
2536,1160,44.6,10.33,94.31,171.7,0.4177,0.4177,4.7456,15.9306,0.0,0.2873
2537,1229,238.2,17.44,296.2,174.65,0.7939,0.7939,4.5711,13.0345,29.4966,0.5335
2537,1102,134.34,0.12,175.05,142.54,0.5508,0.2754,5.8259,3.6326,28.1704,0.1725
2537,1160,43.09,8.62,92.77,170.74,0.6143,0.6143,4.7855,16.0968,0.0,0.4191
2537,1248,192.07,0.85,234.64,100.86,0.5068,0.2534,9.3474,7.7773,10.326,0.1668
2538,1229,242.81,17.92,299.94,176.66,0.605,0.605,4.5152,13.6604,0.0,0.4367
2538,1102,137.11,0.14,180.48,143.59,0.6074,0.3037,5.7658,3.0407,0.0,0.2023
2538,1160,43.18,8.73,92.8,171.88,0.4341,0.4341,4.7442,16.1248,0.0,0.2985
2539,1229,246.62,18.27,304.1,183.03,0.7002,0.7002,4.3235,14.4708,25.8801,0.4991
2539,1102,137.59,0.33,183.12,144.1,0.8647,0.4324,5.7375,2.8169,0.0,0.2881
2539,1160,43.61,8.04,92.39,170.1,0.5264,0.5264,4.8086,16.0683,0.0,0.3575
2540,1229,248.59,19.04,306.44,189.25,0.4368,0.4368,4.1465,15.0697,24.0148,0.3233
2540,1102,137.31,0.12,184.17,141.97,0.4893,0.2447,5.8515,2.777,163.5106,0.0815
2540,1248,189.79,1.56,233.01,107.68,0.4331,0.2165,8.525,6.857,11.6511,0.1424
2541,1229,249.9,19.69,307.5,192.87,0.7471,0.7471,4.0494,15.4216,0.0,0.5838
2541,1102,136.87,0.18,185.43,142.06,0.7832,0.3916,5.8463,2.7173,0.0,0.2609
2541,1248,187.89,1.36,230.26,107.95,0.4387,0.2193,8.4915,6.6167,0.0,0.1457
2542,1229,251.43,20.84,308.13,193.93,0.6768,0.6768,4.0238,15.6133,0.0,0.531
2542,1102,135.18,0.34,185.22,143.08,0.6909,0.3454,5.7919,2.8421,0.0,0.2302
2542,1248,187.62,1.27,228.68,106.97,0.3225,0.1613,8.5984,6.6452,164.5347,0.0534
2543,1229,257.35,22.0,314.76,194.44,0.6738,0.6738,4.0279,16.3908,0.0,0.5274
2543,1102,134.75,0.22,186.46,144.02,0.647,0.3235,5.7416,2.7811,0.0,0.2155
2544,1229,258.56,23.35,317.78,199.45,0.8286,0.8286,3.9039,16.9328,26.107,0.6333
2544,1102,132.28,0.36,184.47,143.55,0.7544,0.3772,5.7683,3.1009,0.0,0.2513
2544,1248,184.77,1.38,224.19,106.52,0.583,0.2915,8.6437,6.3975,0.0,0.1937
2545,1229,258.83,24.76,318.95,202.29,0.8271,0.8271,3.8354,17.1894,0.0,0.6675
2545,1102,131.33,0.13,183.97,143.46,0.8101,0.4051,5.7737,3.2049,0.0,0.2698
2545,1248,184.65,1.08,222.66,105.76,0.5156,0.2578,8.7294,6.4256,0.0,0.1713
2545,1160,38.6,4.05,84.82,154.77,0.2629,0.1315,5.462,16.5677,162.0097,0.042
2546,1229,259.12,26.1,319.72,204.04,0.542,0.542,3.7945,17.3594,0.0,0.4402
2546,1102,134.08,0.18,186.34,140.13,0.2089,0.1045,5.9541,2.8913,159.9955,0.0348
2546,1248,182.25,0.86,219.68,105.47,0.2351,0.1176,8.7595,6.2696,0.0,0.0781
2547,1229,259.19,26.68,320.32,205.26,0.5918,0.5918,3.7664,17.4749,0.0,0.4828
2547,1102,132.53,0.25,185.1,139.67,0.3989,0.1994,5.9813,3.1,0.0,0.1329
2548,1229,260.4,26.6,319.83,198.65,0.7251,0.7251,3.9298,17.1134,156.5981,0.3345
2548,1160,34.55,0.32,85.87,164.88,0.3657,0.1829,5.0362,16.9383,19.1122,0.1159
2548,1248,179.39,0.92,216.65,106.44,0.4534,0.2267,8.6451,5.9567,31.5189,0.1396
2549,1229,258.99,26.43,320.53,204.43,0.5859,0.5859,3.7862,17.4229,24.1859,0.4593
2549,1160,35.19,0.0,86.08,163.66,0.2502,0.1251,5.0833,16.8565,0.0,0.0816
2549,1248,178.61,0.67,215.83,107.33,0.3354,0.1677,8.5447,5.7938,14.8614,0.1096
2550,1229,261.57,27.1,321.66,201.29,0.8027,0.8027,3.8679,17.4443,0.0,0.644
2550,1160,38.38,0.36,87.22,160.42,0.2605,0.1303,5.2086,16.5104,157.5805,0.0416
2550,1248,179.47,0.66,216.28,108.13,0.3201,0.16,8.4575,5.7321,0.0,0.1064
2551,1229,267.2,27.32,319.16,175.28,0.5322,0.5322,4.6295,16.3887,159.8304,0.1965
2551,1160,39.58,0.19,86.61,155.82,0.2056,0.1028,5.4085,16.399,162.3764,0.0329
2551,1248,179.91,0.68,216.42,109.37,0.4746,0.2373,8.3251,5.5939,11.8817,0.1561
2552,1229,267.84,28.05,323.76,189.8,0.7886,0.7886,4.1857,17.3226,22.7908,0.5789
2552,1160,39.75,0.07,85.38,153.36,0.2798,0.1399,5.5241,16.4395,162.7788,0.0447
2552,1248,181.45,0.7,217.19,110.5,0.2167,0.1084,8.2086,5.5324,16.7094,0.0705
2553,1229,272.09,28.57,323.02,176.17,0.709,0.709,4.6144,16.9753,159.7629,0.2625
2553,1160,40.22,0.15,84.62,151.9,0.2886,0.1443,5.5941,16.4445,0.0,0.0942
2553,1248,182.8,0.83,217.34,110.06,0.3933,0.1966,8.2548,5.6401,0.0,0.1308
2554,1229,272.14,29.22,328.11,196.2,0.6582,0.6582,4.0243,18.162,23.373,0.4955
2554,1160,40.45,0.02,84.18,151.58,0.3621,0.181,5.61,16.4555,0.0,0.1182
2554,1248,184.47,0.66,217.4,108.37,0.3914,0.1957,8.4348,5.9093,167.3241,0.0649
2554,1102,151.33,0.02,200.12,135.5,0.5137,0.2569,6.2184,1.3651,130.867,0.0856
2555,1229,275.79,29.44,327.99,187.5,0.7007,0.7007,4.2724,17.9601,158.1992,0.2902
2555,1160,39.88,0.46,83.23,151.96,0.3293,0.1646,5.5948,16.5588,0.0,0.1075
2555,1248,185.2,0.67,217.0,107.78,0.3276,0.1638,8.4992,5.9935,0.0,0.1089
2555,1102,153.33,0.12,200.85,136.16,0.5547,0.2773,6.1781,1.1999,0.0,0.1849
2556,1229,276.43,30.15,330.36,195.76,0.5815,0.5815,4.0466,18.5285,23.5286,0.4354
2556,1160,36.53,0.18,80.49,151.86,0.4082,0.2041,5.6125,16.9578,0.0,0.1331
2556,1248,185.13,0.65,216.85,110.75,0.4922,0.2461,8.1848,5.6246,11.7363,0.162
2556,1102,156.64,0.1,201.82,135.47,0.353,0.1765,6.2199,1.2289,0.0,0.1177
2557,1229,279.41,30.77,333.19,199.37,0.7075,0.7075,3.9622,19.0549,0.0,0.5566
2557,1160,37.72,0.1,81.65,152.12,0.3328,0.1664,5.595,16.8059,0.0,0.1086
2558,1229,280.88,31.35,335.01,204.67,0.7627,0.7627,3.8361,19.5275,25.5918,0.5873
2558,1160,40.1,0.17,83.55,152.71,0.3943,0.1971,5.5579,16.5303,0.0,0.1287
2558,1248,185.73,0.48,216.58,111.54,0.5698,0.2849,8.1051,5.5428,0.0,0.1895
2558,1102,160.85,0.0,204.76,137.46,0.6919,0.3459,6.1004,1.0211,29.9016,0.2153
2559,1229,281.09,32.01,336.2,212.68,0.8218,0.8218,3.6537,20.0648,25.3137,0.6525
2559,1160,37.68,0.96,81.34,152.67,0.4026,0.2013,5.5694,16.8339,0.0,0.1313
2559,1248,187.09,0.36,215.75,107.11,0.212,0.106,8.5736,6.0985,168.7739,0.0351
2559,1102,162.2,0.0,205.91,140.13,0.6523,0.3261,5.9465,0.8043,17.5419,0.2124
2560,1229,281.4,32.79,337.04,219.05,0.8062,0.8062,3.5195,20.5197,26.1693,0.652
2560,1160,35.62,0.34,79.94,152.12,0.4668,0.2334,5.6031,17.0556,0.0,0.1522
2560,1102,165.39,0.0,208.92,138.26,0.6934,0.3467,6.0543,1.3161,151.6735,0.1155
2561,1229,283.79,33.53,339.33,221.36,0.7925,0.7925,3.4795,20.9196,0.0,0.6716
2561,1160,38.81,0.21,82.74,152.48,0.4844,0.2422,5.5732,16.6661,0.0,0.1581
2561,1102,166.83,0.0,210.25,137.58,0.7349,0.3674,6.0946,1.5328,0.0,0.2449
2562,1229,283.87,34.07,340.48,228.18,0.8369,0.8369,3.3483,21.4295,27.331,0.6918
2562,1160,38.48,0.36,82.48,152.72,0.3738,0.1869,5.563,16.7071,0.0,0.122
2562,1102,170.32,0.0,214.18,137.7,0.6582,0.3291,6.0892,1.976,0.0,0.2193
2563,1229,284.47,35.71,341.16,232.34,0.8682,0.8682,3.2733,21.7776,0.0,0.758
2563,1160,36.95,0.33,81.47,152.17,0.5488,0.2744,5.5946,16.8687,0.0,0.179
2563,1102,174.76,0.0,219.46,137.27,0.6514,0.3257,6.1175,2.6366,0.0,0.217
2564,1229,284.61,37.6,341.22,236.03,0.8638,0.8638,3.2079,22.0438,0.0,0.7612
2564,1160,36.65,0.61,81.57,151.05,0.6001,0.3,5.6493,16.8726,0.0,0.1957
2564,1102,177.09,0.01,222.87,137.25,0.8667,0.4334,6.1209,3.0236,0.0,0.2887
2565,1229,284.95,39.58,341.67,239.8,0.8545,0.8545,3.1442,22.3508,0.0,0.7597
2565,1160,36.85,0.34,82.58,149.14,0.4148,0.2074,5.7415,16.7804,0.0,0.1353
2565,1102,176.83,0.06,223.25,137.2,0.8228,0.4114,6.1239,3.0341,0.0,0.2741
2566,1229,289.38,40.96,347.3,241.96,0.75,0.75,3.1229,23.0044,0.0,0.6678
2566,1160,37.06,0.34,83.03,149.75,0.4668,0.2334,5.7095,16.7407,0.0,0.1523
2566,1102,176.05,0.13,223.16,137.41,0.8403,0.4202,6.1111,2.9655,0.0,0.2799
2567,1229,289.92,42.01,349.45,246.79,0.8145,0.8145,3.0483,23.479,0.0,0.7325
2567,1160,37.74,0.44,83.58,149.53,0.3667,0.1834,5.7179,16.6585,0.0,0.1197
2567,1102,179.66,0.12,228.35,137.54,0.8306,0.4153,6.1074,3.5628,0.0,0.2766
2568,1229,290.89,42.56,350.86,246.07,0.8477,0.8477,3.0634,23.5438,0.0,0.7605
2568,1102,177.22,0.16,226.16,137.59,0.7861,0.3931,6.1022,3.2422,0.0,0.2618
2569,1229,291.08,42.64,351.54,245.65,0.8628,0.8628,3.0714,23.5567,0.0,0.7731
2569,1102,176.04,0.13,225.25,137.84,0.7725,0.3862,6.0866,3.0887,0.0,0.2573
2570,1229,292.6,43.0,353.1,244.64,0.6001,0.6001,3.0924,23.6373,0.0,0.5359
2570,1102,175.72,0.08,225.22,138.07,0.3191,0.1595,6.073,3.0554,0.0,0.1063
2571,1229,291.85,43.29,351.94,241.01,0.8052,0.8052,3.1494,23.2926,0.0,0.7136
2571,1102,175.18,0.15,224.79,138.06,0.7031,0.3515,6.0732,2.9892,0.0,0.2342
2572,1229,291.44,43.37,352.25,241.95,0.8867,0.8867,3.1336,23.352,0.0,0.7876
2572,1102,175.13,0.13,225.87,141.4,0.7964,0.3982,5.8838,2.9628,16.3334,0.2599
2573,1229,291.4,44.3,352.54,242.25,0.8794,0.8794,3.129,23.3851,0.0,0.7816
2573,1102,177.16,0.22,229.32,143.98,0.7656,0.3828,5.7469,3.3313,23.7114,0.2442
2573,1160,45.66,0.07,87.93,138.56,0.3486,0.1743,6.2923,15.8474,162.1737,0.0559
2574,1229,290.68,44.91,352.06,242.21,0.7974,0.7974,3.1278,23.3227,0.0,0.7089
2574,1102,178.28,0.35,231.32,144.77,0.7114,0.3557,5.7069,3.5561,0.0,0.2369
2574,1160,49.23,0.17,88.66,132.18,0.583,0.2915,6.6881,15.6276,164.6215,0.0936
2575,1229,290.43,45.76,351.87,241.86,0.7686,0.7686,3.133,23.2766,0.0,0.6829
2575,1102,178.07,0.3,231.73,145.23,0.7529,0.3765,5.6831,3.573,0.0,0.2507
2575,1160,49.57,0.35,88.8,130.42,0.3098,0.1549,6.8075,15.6225,165.6794,0.0497
2576,1229,288.98,46.05,351.24,242.42,0.8584,0.8584,3.1205,23.2121,0.0,0.7642
2576,1102,176.65,0.15,229.26,142.38,0.7305,0.3653,5.8323,3.2987,160.36,0.1215
2576,1160,49.12,0.18,87.49,129.66,0.499,0.2495,6.8649,15.7512,0.0,0.1632
2577,1229,286.34,46.42,349.61,242.23,0.8843,0.8843,3.1173,22.9872,0.0,0.7881
2577,1102,181.1,0.04,233.85,144.48,0.5991,0.2995,5.7248,3.9372,36.3467,0.18
2578,1229,283.24,46.25,348.17,242.11,0.8745,0.8745,3.1126,22.754,0.0,0.7804
2578,1102,182.73,0.0,234.23,143.31,0.4417,0.2208,5.7878,4.0813,0.0,0.147
2579,1229,280.52,46.54,347.03,241.85,0.8667,0.8667,3.1113,22.5445,0.0,0.774
2579,1102,184.12,0.18,234.64,141.27,0.7334,0.3667,5.8998,4.2267,162.6768,0.1219
2579,1160,53.92,0.0,92.16,129.32,0.3372,0.1686,6.867,15.1313,0.0,0.1105
2580,1229,275.78,46.72,344.18,241.53,0.8535,0.8535,3.1057,22.1467,0.0,0.7636
2580,1102,185.58,0.15,236.37,143.47,0.5527,0.2763,5.7821,4.4368,20.2526,0.1783
2580,1160,54.98,0.0,93.06,128.91,0.4426,0.2213,6.8917,15.0091,0.0,0.145
2581,1229,270.74,46.9,341.92,241.95,0.8906,0.8906,3.0886,21.8201,0.0,0.7994
2581,1102,186.87,0.23,236.94,142.44,0.2213,0.1106,5.8387,4.5743,0.0,0.0736
2581,1160,55.15,0.0,93.03,128.96,0.2344,0.1172,6.8878,14.9988,0.0,0.0768
2582,1229,267.03,47.1,340.89,242.27,0.8667,0.8667,3.0769,21.6135,0.0,0.7797
2582,1160,56.0,0.0,94.12,129.61,0.2234,0.1117,6.8374,14.8581,0.0,0.0732
2583,1229,261.99,48.36,338.17,242.28,0.8813,0.8813,3.0664,21.2385,0.0,0.7948
2583,1102,189.63,0.12,238.5,138.22,0.4688,0.2344,6.0794,4.9461,162.7726,0.0778
2584,1229,256.14,48.54,335.23,242.72,0.876,0.876,3.0479,20.8522,0.0,0.7929
2584,1102,190.71,0.15,241.16,142.92,0.2554,0.1277,5.8181,5.1453,17.6273,0.083
2585,1229,253.35,48.59,334.46,242.69,0.8813,0.8813,3.0439,20.6805,0.0,0.7985
2585,1102,196.78,0.07,245.98,144.05,0.6567,0.3283,5.766,5.9171,0.0,0.2183
2585,1160,58.9,0.0,96.75,129.84,0.2524,0.1262,6.809,14.486,0.0,0.0828
2586,1229,249.73,48.64,332.78,244.15,0.8608,0.8608,3.0139,20.5522,0.0,0.7836
2586,1102,200.22,0.03,248.08,143.37,0.4016,0.2008,5.8069,6.3108,0.0,0.1335
2587,1229,248.29,47.9,331.98,242.46,0.9014,0.9014,3.0384,20.305,0.0,0.818
2587,1102,204.25,0.11,251.97,144.12,0.6323,0.3161,5.774,6.8709,0.0,0.21
2587,1160,61.31,0.0,98.6,129.26,0.3979,0.1989,6.8406,14.2131,0.0,0.1306
2588,1229,246.45,46.63,331.18,242.35,0.876,0.876,3.037,20.1716,0.0,0.7954
2588,1102,205.32,0.05,253.0,145.05,0.6523,0.3261,5.7271,7.021,0.0,0.2166
2589,1229,244.07,45.12,329.44,242.49,0.8789,0.8789,3.0298,19.991,0.0,0.7992
2589,1102,202.09,0.02,251.52,145.02,0.7334,0.3667,5.7243,6.6878,0.0,0.2436
2589,1160,63.79,0.0,100.17,129.36,0.2561,0.128,6.825,13.9406,0.0,0.0841
2590,1229,241.28,44.27,326.73,243.27,0.8838,0.8838,3.0108,19.8043,0.0,0.8062
2590,1102,206.21,0.01,255.84,145.74,0.7988,0.3994,5.6949,7.2871,0.0,0.2652
2590,1270,71.57,0.09,88.74,16.6,0.4902,0.2451,10.0,90.0,0.0,0.0
2590,1160,64.97,0.0,100.63,129.98,0.2622,0.1311,6.7781,13.8187,0.0,0.0861
2591,1229,239.68,44.32,325.27,245.96,0.8936,0.8936,2.9647,19.9035,0.0,0.8204
2591,1102,209.14,0.01,259.33,145.35,0.7031,0.3515,5.7216,7.738,0.0,0.2333
2591,1160,66.1,0.02,100.88,130.44,0.4844,0.2422,6.7434,13.7175,0.0,0.1592
2592,1229,238.48,43.93,323.96,247.9,0.8867,0.8867,2.9319,19.9665,0.0,0.8179
2592,1102,212.12,0.38,262.53,145.56,0.8564,0.4282,5.7173,8.1736,0.0,0.284
2592,1160,64.82,0.0,99.28,129.77,0.3345,0.1673,6.7959,13.9232,0.0,0.1099
2593,1229,236.78,43.28,321.33,248.98,0.8252,0.8252,2.9106,19.8753,0.0,0.7636
2593,1102,212.48,0.7,262.89,144.98,0.6206,0.3103,5.7483,8.2224,0.0,0.2058
2594,1229,235.57,42.77,320.48,253.7,0.8423,0.8423,2.8382,20.2274,0.0,0.787
2594,1102,212.68,0.36,263.53,145.31,0.5962,0.2981,5.732,8.2823,0.0,0.1977
2594,1270,75.03,0.11,92.37,16.46,0.4551,0.2276,10.0,90.0,0.0,0.0
2595,1229,233.29,42.3,317.14,256.47,0.7305,0.7305,2.7926,20.2585,0.0,0.6869
2595,1102,212.88,0.23,263.9,145.43,0.5342,0.2671,5.7264,8.3227,0.0,0.1771
2595,1160,71.76,0.06,96.61,92.06,0.4648,0.2324,10.9193,15.2683,171.085,0.0747
2596,1229,232.37,42.36,315.1,259.33,0.8076,0.8076,2.7495,20.417,0.0,0.7638
2596,1102,212.52,0.17,263.97,146.4,0.5708,0.2854,5.6761,8.3069,0.0,0.1893
2596,1160,69.37,0.0,100.34,117.94,0.6021,0.301,7.7168,13.8787,12.4346,0.1954
2597,1229,231.85,41.94,313.53,262.95,0.7598,0.7598,2.6981,20.6915,0.0,0.7234
2597,1102,211.9,0.16,262.9,146.39,0.4756,0.2378,5.6747,8.1881,0.0,0.1577
2597,1160,70.33,0.0,101.91,121.24,0.4377,0.2188,7.4279,13.6012,13.4425,0.1419
2598,1229,219.95,41.92,302.43,264.37,0.4456,0.4456,2.6585,19.984,0.0,0.4272
2598,1102,211.61,0.05,262.06,146.0,0.5283,0.2641,5.6935,8.1066,0.0,0.1752
2598,1160,72.59,0.0,105.31,124.97,0.3149,0.1575,7.1188,13.1145,15.8958,0.1016
2599,1229,214.64,42.15,297.17,264.4,0.8262,0.8262,2.6495,19.6203,0.0,0.7937
2599,1102,212.84,0.11,262.55,144.04,0.2878,0.1439,5.7979,8.2226,162.559,0.0475
2600,1229,211.47,43.35,292.44,261.4,0.7271,0.7271,2.6833,19.0283,0.0,0.6961
2600,1102,213.84,0.22,263.62,143.71,0.3557,0.1779,5.8178,8.3681,0.0,0.1179
2600,1160,77.07,0.3,107.68,119.23,0.332,0.166,7.5711,12.8476,164.9016,0.0539
2601,1229,202.09,14.68,292.36,258.98,0.5371,0.5371,2.7093,18.4483,0.0,0.5129
2602,1229,195.16,4.3,288.56,256.43,0.5518,0.2759,2.7372,17.8177,0.0,0.2628
2603,1229,187.9,0.38,281.66,252.29,0.7114,0.3557,2.7872,16.907,0.0,0.337
2603,1270,79.66,0.09,96.79,16.3,0.3887,0.1943,10.0,90.0,0.0,0.0
2603,1102,218.96,0.14,269.45,143.15,0.3025,0.1512,5.861,9.1363,0.0,0.1002
2604,1229,187.24,32.94,271.0,250.45,0.7441,0.7441,2.8076,16.3641,0.0,0.7035
2604,1102,221.23,0.13,271.3,138.99,0.2776,0.1388,6.0998,9.4499,163.1209,0.0456
2605,1229,180.92,10.11,273.45,248.64,0.7168,0.7168,2.8324,16.0399,0.0,0.6757
2606,1229,181.58,2.77,275.98,245.42,0.771,0.3855,2.8829,15.7418,0.0,0.361
2607,1229,176.6,0.0,274.38,246.81,0.6538,0.3269,2.8582,15.7263,0.0,0.3072
2607,1160,87.84,0.13,119.62,113.86,0.353,0.1765,8.0152,11.6073,151.6801,0.0576
2608,1229,173.89,0.0,274.41,248.37,0.502,0.251,2.8333,15.8458,0.0,0.2367
2608,1160,86.97,0.38,120.41,113.49,0.3496,0.1748,8.0512,11.6313,0.0,0.1153
2609,1229,170.59,2.8,270.5,248.81,0.5659,0.2829,2.8233,15.7202,0.0,0.2672
2609,1102,234.6,0.17,289.87,157.08,0.6953,0.3477,5.2333,11.7806,24.4797,0.2189
2610,1229,168.09,1.63,269.0,249.18,0.604,0.302,2.8161,15.6725,0.0,0.2855
2610,1102,235.43,0.0,290.94,159.83,0.4883,0.2442,5.1186,11.9743,19.7398,0.1562
2610,1160,87.53,0.1,122.84,113.97,0.6299,0.315,7.9991,11.4155,0.0,0.2079
2611,1229,166.14,4.22,265.96,249.32,0.3794,0.1897,2.8119,15.5792,0.0,0.1795
2611,1102,237.3,0.12,290.97,155.63,0.3057,0.1529,5.3027,12.0096,162.0199,0.0498
2611,1160,88.45,0.16,124.56,113.91,0.5518,0.2759,7.9999,11.2498,0.0,0.1822
2612,1229,162.22,0.85,262.28,249.48,0.5381,0.2691,2.8066,15.4434,0.0,0.2548
2612,1102,237.77,0.36,291.04,155.39,0.5469,0.2735,5.3142,12.0419,0.0,0.1803
2612,1160,86.53,0.05,124.02,114.12,0.5332,0.2666,7.9843,11.3962,0.0,0.176
2613,1229,159.09,0.0,257.76,249.45,0.5698,0.2849,2.8045,15.2985,0.0,0.27
2613,1102,237.6,0.37,291.12,156.01,0.5293,0.2646,5.2865,12.0474,0.0,0.1745
2613,1160,86.71,0.15,124.98,114.39,0.709,0.3545,7.9564,11.3094,0.0,0.234
2614,1102,237.77,0.37,292.26,159.89,0.2437,0.1218,5.1213,12.2225,18.8107,0.0781
2614,1290,186.54,0.03,209.57,42.26,0.3459,0.1729,44.0047,14.51,0.0,0.1135
2615,1102,235.19,0.37,290.31,160.51,0.8286,0.4143,5.0891,11.9335,0.0,0.2732
2615,1290,185.22,0.06,210.36,46.11,0.396,0.198,35.6265,13.9928,2.7365,0.13
2615,1229,151.15,0.0,245.46,248.8,0.4465,0.2233,2.8088,14.9204,0.0,0.2115
2615,1160,84.68,0.05,122.35,113.94,0.3513,0.1757,8.0083,11.6308,0.0,0.1159
2616,1102,237.02,0.1,291.57,159.32,0.2727,0.1363,5.1432,12.1113,0.0,0.0899
2617,1293,246.34,0.01,290.73,85.19,0.3657,0.1829,12.1871,14.9071,0.0,0.1198
2618,1293,247.35,0.06,290.67,83.21,0.3276,0.1638,12.6264,15.1079,172.2188,0.0527
2618,1102,239.05,0.42,292.45,157.56,0.604,0.302,5.2227,12.2675,0.0,0.199
2620,1229,128.87,0.83,220.49,248.68,0.6123,0.3061,2.8071,14.7096,91.2032,0.1882
2620,1293,247.18,0.02,291.19,84.56,0.5659,0.2829,12.3269,15.0263,7.993,0.1845
2621,1229,124.56,20.72,207.9,248.51,0.4814,0.4814,2.8115,14.7899,0.0,0.4561
2621,1293,244.07,0.0,291.87,91.87,0.2837,0.1419,10.9047,14.3655,8.9055,0.0925
2621,1290,182.24,0.18,212.89,56.52,0.3923,0.1961,23.4403,12.5974,4.1483,0.129
2621,1160,93.45,0.04,129.9,111.91,0.3503,0.1752,8.178,10.7062,135.1039,0.0574
2621,1102,240.57,0.57,293.87,159.52,0.3469,0.1734,5.1433,12.5104,0.0,0.1143
2622,1229,120.73,30.58,200.8,248.46,0.3433,0.3433,2.8143,14.8975,0.0,0.3251
2622,1290,182.0,0.21,212.93,57.21,0.4102,0.2051,22.9165,12.5022,4.2813,0.1349
2622,1160,94.05,0.1,130.22,112.35,0.6001,0.3,8.1323,10.6226,0.0,0.1983
2622,1102,242.23,0.43,294.66,159.99,0.7612,0.3806,5.1273,12.6866,0.0,0.2506
2623,1229,120.21,42.12,197.02,248.94,0.8359,0.8359,2.8081,15.0155,0.0,0.792
2623,1290,181.7,0.22,212.6,57.24,0.4121,0.2061,22.8935,12.4898,0.0,0.1357
2623,1160,94.11,0.12,130.19,113.34,0.5859,0.2929,8.0348,10.5634,0.0,0.1936
2623,1102,243.16,0.29,294.93,160.71,0.7129,0.3564,5.0991,12.785,0.0,0.2347
2624,1229,120.12,46.83,195.95,249.22,0.6929,0.6929,2.8042,15.0679,0.0,0.6569
2624,1290,172.42,0.3,221.09,93.93,0.562,0.281,10.32,7.5332,9.3543,0.1853
2624,1160,94.89,0.08,130.3,111.8,0.4863,0.2432,8.1858,10.5975,167.6361,0.0797
2624,1102,243.86,0.23,295.0,161.06,0.7598,0.3799,5.0858,12.8455,0.0,0.2501
2625,1229,115.62,37.89,195.45,249.24,0.7285,0.7285,2.8052,15.1425,0.0,0.6904
2625,1290,168.72,0.32,222.33,107.68,0.4082,0.2041,8.5045,5.6499,11.3379,0.1344
2625,1160,96.76,0.06,131.6,110.61,0.4805,0.2402,8.3019,10.4732,160.3348,0.0787
2625,1102,242.43,0.3,293.31,160.34,0.6929,0.3464,5.111,12.6179,0.0,0.2282
2626,1229,113.58,32.79,195.76,248.69,0.3943,0.3943,2.8139,15.0976,0.0,0.3733
2626,1290,165.47,0.35,221.23,115.78,0.54,0.27,7.6933,4.4709,12.8575,0.1775
2626,1160,98.48,0.2,133.91,110.74,0.5957,0.2979,8.2816,10.216,0.0,0.197
2626,1102,243.56,0.14,294.28,161.17,0.8003,0.4002,5.0798,12.7799,0.0,0.2635
2627,1229,113.32,37.75,194.4,248.58,0.8433,0.8433,2.816,15.1092,0.0,0.7981
2627,1102,243.46,0.16,294.01,161.47,0.8125,0.4062,5.0669,12.763,0.0,0.2675
2628,1102,244.4,0.17,294.55,161.75,0.3337,0.1668,5.0577,12.8695,0.0,0.1098
2628,1160,96.26,0.12,131.19,109.89,0.4377,0.2188,8.3787,10.5748,150.6758,0.0717
2629,1102,244.95,0.08,294.53,161.11,0.8037,0.4018,5.0847,12.8883,0.0,0.2645
2629,1229,109.89,33.78,190.18,242.97,0.5107,0.5107,2.9041,14.5203,0.0,0.4777
2630,1102,245.12,0.13,294.14,160.48,0.6724,0.3362,5.1104,12.8577,0.0,0.2213
2630,1303,181.95,0.2,207.3,79.9,0.3091,0.1545,13.1166,9.3511,0.0,0.1023
2630,1229,106.93,32.81,184.91,239.0,0.2539,0.2539,2.9706,14.1865,0.0,0.2354
2631,1102,245.24,0.15,293.71,159.49,0.8013,0.4007,5.1514,12.8132,0.0,0.2638
2631,1303,174.43,0.05,206.15,100.03,0.4131,0.2066,9.427,6.453,10.4384,0.1361
2631,1229,104.78,32.37,180.6,235.33,0.2822,0.2822,3.0341,13.8798,0.0,0.2594
2632,1102,245.57,0.25,293.23,157.99,0.79,0.395,5.2151,12.7698,0.0,0.2601
2632,1303,175.8,0.09,203.86,88.67,0.5352,0.2676,11.2169,8.0118,171.3723,0.0883
2633,1102,245.6,0.29,293.48,159.67,0.4177,0.2089,5.144,12.8261,0.0,0.1375
2633,1293,248.07,0.15,291.24,82.89,0.4551,0.2276,12.7041,15.2033,172.3225,0.0732
2633,1229,92.77,31.89,167.52,237.55,0.6699,0.6699,3.0098,14.8693,79.5894,0.4339
2634,1102,245.59,0.48,293.39,160.11,0.7148,0.3574,5.1254,12.8299,0.0,0.2353
2634,1293,247.9,0.36,291.13,82.54,0.2207,0.1104,12.7844,15.2143,0.0,0.0723
2634,1229,85.94,32.71,158.59,239.12,0.5991,0.5991,2.9938,15.5728,0.0,0.5523
2634,1303,175.69,0.28,201.49,81.76,0.4727,0.2364,12.6595,8.9431,172.2196,0.0778
2635,1102,245.15,0.37,293.02,160.19,0.2473,0.1236,5.1209,12.7774,0.0,0.0814
2635,1293,247.79,0.24,290.99,81.66,0.5581,0.2791,12.9921,15.2674,172.3934,0.0897
2635,1229,83.56,32.74,154.18,239.49,0.8252,0.8252,2.9924,15.8534,0.0,0.7606
2636,1293,246.34,0.23,291.2,84.16,0.4475,0.2238,12.4118,15.01,7.9248,0.1459
2636,1229,81.41,30.9,150.54,237.95,0.3867,0.3867,3.0218,15.8946,0.0,0.3549
2636,1160,103.6,0.02,131.8,78.78,0.4639,0.2319,13.5553,12.7296,172.7471,0.0754
2637,1293,243.6,0.23,291.8,90.41,0.3604,0.1802,11.1601,14.4357,8.7095,0.1175
2637,1229,78.78,46.7,141.63,235.33,0.304,0.304,3.0748,16.061,0.0,0.2767
2637,1102,244.39,0.44,291.88,157.91,0.395,0.1975,5.2147,12.5974,0.0,0.1301
2638,1102,244.42,0.35,292.51,158.91,0.7544,0.3772,5.1729,12.6639,0.0,0.2484
2639,1102,244.34,0.32,292.83,159.45,0.502,0.251,5.1504,12.6925,0.0,0.1653
2639,1303,163.1,0.17,197.48,104.61,0.5938,0.2969,8.8479,5.6346,11.5587,0.1954
2639,1160,107.91,0.0,142.19,99.06,0.457,0.2285,9.6467,10.0816,10.4808,0.1499
2639,1229,67.77,33.19,133.64,228.48,0.4368,0.4368,3.2122,16.1826,141.0128,0.244
2640,1102,243.73,0.31,292.95,160.67,0.457,0.2285,5.0987,12.6894,0.0,0.1505
2640,1303,161.6,0.08,197.54,105.37,0.7056,0.3528,8.7588,5.5267,0.0,0.2347
2640,1229,65.13,49.53,127.94,227.74,0.395,0.395,3.2339,16.4955,0.0,0.3509
2640,1293,244.3,0.3,291.01,86.03,0.4036,0.2018,12.0051,14.7465,171.9196,0.0651
2641,1102,243.43,0.3,292.51,158.72,0.2095,0.1047,5.1795,12.5929,0.0,0.069
2641,1303,160.65,0.1,197.15,104.56,0.2128,0.1064,8.8539,5.6437,0.0,0.0708
2641,1229,59.97,41.42,128.0,229.71,0.6152,0.6152,3.203,16.9163,0.0,0.5487
2641,1293,242.77,0.23,292.4,91.05,0.2458,0.1229,11.0454,14.3777,8.7597,0.0802
2642,1102,244.93,0.3,294.09,159.94,0.6724,0.3362,5.1326,12.8285,0.0,0.2213
2642,1229,59.66,54.16,125.06,227.89,0.4902,0.4902,3.2396,16.9019,0.0,0.4348
2642,1293,247.65,0.31,294.62,87.29,0.2012,0.1006,11.7715,15.0479,169.3114,0.0324
2642,1160,114.43,0.09,149.74,106.93,0.2983,0.1492,8.6444,8.6278,14.4008,0.0973
2643,1102,244.12,0.48,293.45,160.2,0.4688,0.2344,5.1195,12.7374,0.0,0.1543
2643,1229,55.74,43.65,127.13,229.29,0.3286,0.3286,3.2159,17.1167,0.0,0.2924
2643,1293,244.91,0.23,292.25,86.59,0.3904,0.1952,11.8961,14.8092,148.699,0.0629
2643,1160,112.74,0.24,148.84,109.18,0.4746,0.2373,8.4014,8.5861,13.3795,0.1552
2644,1102,245.41,0.64,294.74,160.4,0.3577,0.1789,5.1151,12.9154,0.0,0.1177
2644,1229,56.43,40.21,129.92,229.22,0.4756,0.4756,3.2136,16.9467,0.0,0.4235
2644,1293,245.66,0.2,292.43,84.23,0.3389,0.1694,12.3982,15.0353,172.1262,0.0545
2644,1160,112.01,0.29,148.99,110.71,0.3235,0.1618,8.2421,8.4976,11.939,0.1061
2644,1303,159.69,0.48,195.37,99.92,0.3123,0.1562,9.4387,6.31,169.3642,0.0517
2645,1102,246.04,0.7,294.9,159.26,0.2847,0.1424,5.1642,12.9416,0.0,0.0937
2645,1229,56.05,38.89,130.2,227.9,0.5107,0.5107,3.2378,16.8304,0.0,0.4532
2645,1293,247.31,0.41,296.97,91.56,0.3115,0.1557,10.9831,14.8709,9.7705,0.1013
2645,1160,112.12,0.34,151.59,117.57,0.6582,0.3291,7.5864,7.8325,12.7875,0.2157
2646,1102,246.35,0.72,295.24,159.57,0.6226,0.3113,5.1521,12.9924,0.0,0.2049
2646,1229,52.96,39.61,127.66,226.66,0.3218,0.3218,3.2668,16.9876,0.0,0.2842
2646,1293,249.49,0.3,297.01,88.47,0.2815,0.1407,11.5546,15.2074,171.3024,0.0453
2646,1160,112.85,0.31,151.76,113.99,0.5098,0.2549,7.913,8.0336,167.7251,0.0841
2647,1102,245.51,0.36,295.01,160.8,0.3523,0.1762,5.0991,12.9501,0.0,0.1159
2647,1229,49.45,35.63,126.23,225.82,0.4534,0.4534,3.2879,17.1539,0.0,0.399
2647,1293,251.42,0.29,296.3,84.01,0.3857,0.1928,12.4794,15.5891,172.2246,0.0619
2647,1160,112.83,0.27,152.01,113.28,0.4785,0.2392,7.9809,8.0736,0.0,0.1587
2648,1229,33.28,33.33,114.56,224.97,0.5508,0.5508,3.3369,18.482,110.7869,0.2963
2648,1293,249.17,0.14,294.02,82.81,0.2394,0.1197,12.7359,15.4239,163.1058,0.0385
2648,1160,112.34,0.29,151.77,113.3,0.3767,0.1883,7.9799,8.1153,0.0,0.1249
2649,1229,37.4,32.13,118.36,223.92,0.7378,0.7378,3.3473,17.9933,0.0,0.6424
2649,1293,250.28,0.17,295.78,84.83,0.283,0.1415,12.2941,15.4371,9.9623,0.0919
2649,1160,110.7,0.29,150.48,114.66,0.5488,0.2744,7.8539,8.1902,18.1774,0.1774
2649,1303,155.84,0.33,187.89,90.54,0.3372,0.1686,10.8781,7.7132,169.6614,0.0557
2649,1102,244.56,0.21,294.16,159.81,0.3098,0.1549,5.1376,12.8052,0.0,0.102
2650,1229,34.24,31.52,115.02,223.9,0.8296,0.8296,3.3557,18.3253,0.0,0.7209
2650,1293,250.17,0.28,297.48,89.76,0.2415,0.1207,11.3159,15.1864,8.7556,0.0786
2650,1160,111.08,0.28,150.5,114.31,0.6885,0.3443,7.8864,8.1914,0.0,0.2283
2650,1303,152.36,0.38,185.48,94.05,0.7266,0.3633,10.2958,7.3025,12.2656,0.2385
2650,1102,245.94,0.84,295.19,160.04,0.5557,0.2778,5.1316,12.9725,0.0,0.1829
2651,1229,28.85,31.71,107.89,219.85,0.3887,0.3887,3.4522,18.6767,142.7221,0.203
2651,1160,110.52,0.22,149.5,113.96,0.584,0.292,7.9216,8.3107,0.0,0.1936
2651,1303,149.93,0.32,183.82,96.49,0.7339,0.3669,9.9254,7.0377,12.7122,0.2407
2651,1102,246.49,0.69,295.67,160.3,0.7393,0.3696,5.1224,13.0478,0.0,0.2433
2652,1229,26.46,32.1,105.63,222.06,0.3425,0.3425,3.4142,19.0835,0.0,0.2945
2652,1102,246.21,0.54,295.4,160.03,0.6396,0.3198,5.1328,13.0045,0.0,0.2105
2652,1293,249.86,0.42,298.73,94.6,0.2705,0.1353,10.4898,14.929,9.3237,0.088
2653,1102,246.34,0.39,295.6,160.4,0.4446,0.2223,5.1179,13.0354,0.0,0.1463
2653,1293,251.92,0.36,296.8,87.01,0.2386,0.1193,11.8486,15.4347,171.8217,0.0383
2654,1102,246.59,0.33,295.84,160.53,0.5107,0.2554,5.1132,13.0714,0.0,0.168
2654,1229,22.86,28.48,101.15,218.84,0.3311,0.3311,3.4905,19.2884,0.0,0.2812
2655,1102,246.3,0.12,295.56,160.77,0.7202,0.3601,5.1024,13.0391,0.0,0.237
2655,1229,22.58,28.24,99.61,217.79,0.605,0.605,3.5148,19.3156,0.0,0.5118
2655,1160,114.29,0.27,152.46,114.71,0.4795,0.2397,7.8424,7.8521,41.6942,0.1388
2655,1303,146.17,0.15,178.41,92.54,0.2893,0.1447,10.546,7.762,166.2175,0.0478
2656,1102,246.21,0.23,295.43,160.76,0.7861,0.3931,5.1024,13.0241,0.0,0.2587
2656,1229,22.96,30.32,94.98,210.99,0.2031,0.2031,3.6677,19.1098,154.6927,0.1
2656,1160,118.74,0.28,154.27,108.57,0.6436,0.3218,8.4526,7.9981,167.0917,0.1062
2657,1102,246.52,0.45,295.58,160.48,0.6489,0.3245,5.1148,13.0481,0.0,0.2135
2657,1229,23.78,31.24,96.48,215.01,0.6245,0.6245,3.5762,19.2368,0.0,0.5233
2657,1160,118.67,0.27,152.66,103.7,0.205,0.1025,9.0134,8.5343,169.2174,0.0338
2658,1102,246.69,0.44,295.76,160.47,0.7612,0.3806,5.1157,13.0713,0.0,0.2504
2658,1229,23.75,31.49,96.43,216.3,0.4167,0.4167,3.5489,19.3258,0.0,0.3506
2658,1160,118.21,0.26,152.73,106.06,0.3218,0.1609,8.7346,8.3359,11.0842,0.1057
2659,1102,245.65,0.53,294.51,158.32,0.6689,0.3345,5.203,12.8684,0.0,0.2202
2659,1229,23.94,31.97,95.63,215.14,0.2473,0.2473,3.5745,19.2832,0.0,0.2072
2659,1160,119.89,0.21,150.99,94.56,0.3191,0.1595,10.2761,9.4643,170.6025,0.0525
2660,1102,245.74,0.38,295.04,159.38,0.5557,0.2778,5.1588,12.9336,0.0,0.1829
2660,1229,25.68,33.0,97.11,216.23,0.4207,0.4207,3.5466,19.1784,0.0,0.3542
2660,1160,120.98,0.31,148.98,83.78,0.2949,0.1474,12.2763,10.665,172.1155,0.0483
2660,1310,126.02,0.11,146.85,25.89,0.5312,0.2656,3155.0046,17.5003,0.0,0.173
2661,1102,246.27,0.5,295.67,160.15,0.7041,0.352,5.1283,13.0294,0.0,0.2317
2661,1229,25.28,32.55,96.87,216.66,0.3989,0.3989,3.5385,19.242,0.0,0.3362
2661,1160,117.97,0.24,152.12,104.79,0.3132,0.1566,8.8839,8.4975,10.8375,0.1029
2661,1310,127.47,0.14,147.2,24.47,0.2991,0.1495,10.0,90.0,0.0,0.0
2661,1303,147.35,0.04,172.53,72.82,0.3914,0.1957,15.1699,10.4937,173.57,0.0641
2662,1102,246.23,0.18,295.78,160.26,0.6978,0.3489,5.1238,13.0368,0.0,0.2296
2662,1229,25.37,32.48,97.05,217.21,0.4854,0.4854,3.5265,19.2641,0.0,0.4099
2662,1160,117.39,0.18,152.0,108.08,0.233,0.1165,8.5102,8.2397,11.4028,0.0765
2662,1310,130.01,0.09,144.68,17.84,0.4321,0.216,10.0,90.0,0.0,0.0
2662,1313,26.35,31.65,66.02,66.77,0.3303,0.3303,18.384,21.155,0.0,0.2128
2662,1303,147.78,0.0,170.98,66.58,0.2759,0.1379,17.5609,11.3468,174.4546,0.0451
2663,1102,246.43,0.34,295.97,160.49,0.7725,0.3862,5.1148,13.0684,0.0,0.2542
2663,1229,25.68,32.27,97.32,217.99,0.7114,0.7114,3.5095,19.2851,0.0,0.6023
2663,1160,116.91,0.15,151.41,110.4,0.3584,0.1792,8.2648,8.1017,12.0115,0.1176
2663,1313,26.07,31.86,66.1,67.33,0.2261,0.2261,18.1319,21.131,5.5408,0.1453
2663,1303,145.34,0.0,171.08,75.68,0.3123,0.1562,14.277,10.1823,6.8617,0.1029
2664,1102,246.66,0.49,296.07,160.57,0.7822,0.3911,5.112,13.0925,0.0,0.2573
2664,1229,26.55,31.91,97.68,217.55,0.8135,0.8135,3.5168,19.1886,0.0,0.6881
2664,1160,121.54,0.13,158.12,116.62,0.54,0.27,7.6534,6.9421,16.3491,0.1757
2664,1314,125.22,0.1,146.64,16.54,0.3557,0.1779,10.0,90.0,0.0,0.0
2665,1102,246.75,0.36,296.1,160.6,0.8452,0.4226,5.1109,13.1013,0.0,0.2781
2665,1229,25.76,31.88,96.45,217.2,0.6084,0.6084,3.527,19.2748,0.0,0.5137
2665,1160,122.89,0.08,161.09,120.05,0.3242,0.1621,7.353,6.4201,15.0405,0.1059
2665,1314,124.7,0.08,146.16,16.6,0.396,0.198,10.0,90.0,0.0,0.0
2666,1102,244.4,0.31,294.39,160.89,0.5938,0.2969,5.0927,12.8364,0.0,0.1955
2666,1160,122.45,0.05,161.47,121.7,0.2974,0.1487,7.2181,6.3023,13.2661,0.0975
2666,1313,24.13,31.68,67.98,70.75,0.3066,0.3066,16.7208,20.9255,5.8339,0.1971
2667,1102,245.67,0.48,295.3,160.07,0.3914,0.1957,5.1301,12.9625,0.0,0.1288
2667,1160,122.18,0.13,161.37,122.01,0.4727,0.2364,7.1936,6.3029,0.0,0.1571
2667,1293,250.84,0.16,298.57,95.07,0.4358,0.2179,10.4179,14.9487,9.3216,0.1418
2667,1229,26.2,31.52,97.04,217.5,0.4746,0.4746,3.5193,19.239,0.0,0.4013
2668,1102,245.79,0.45,295.09,158.55,0.353,0.1765,5.1943,12.9219,0.0,0.1162
2668,1160,127.0,0.12,167.23,121.56,0.2429,0.1215,7.2207,5.6944,105.3846,0.0403
2668,1293,245.78,0.09,294.94,95.52,0.2473,0.1236,10.3226,14.4042,49.2688,0.0668
2668,1229,26.37,31.93,97.11,217.88,0.3757,0.3757,3.5111,19.2517,0.0,0.318
2669,1102,246.99,0.99,295.17,155.45,0.4524,0.2262,5.3321,12.9483,162.1708,0.0735
2669,1160,123.4,0.15,163.5,121.79,0.5566,0.2783,7.2083,6.1143,0.0,0.185
2669,1293,249.03,0.16,296.9,94.98,0.2629,0.1315,10.4218,14.7475,146.2911,0.0424
2669,1229,26.56,32.17,96.89,217.37,0.5508,0.5508,3.5217,19.2188,0.0,0.4655
2670,1102,247.0,0.54,295.63,156.65,0.4072,0.2036,5.2795,13.0015,0.0,0.134
2670,1160,121.06,0.12,160.95,122.83,0.5469,0.2735,7.1301,6.3414,0.0,0.1817
2670,1293,250.44,0.24,297.67,95.72,0.3979,0.1989,10.3129,14.8314,17.2902,0.1274
2670,1229,25.65,27.23,97.36,217.18,0.5659,0.5659,3.5263,19.23,0.0,0.4779
2671,1102,246.85,0.19,296.14,158.78,0.8003,0.4002,5.1877,13.0688,0.0,0.2633
2671,1160,121.44,0.1,160.77,122.5,0.4426,0.2213,7.1559,6.3515,0.0,0.1471
2672,1102,246.6,0.15,296.16,159.77,0.8076,0.4038,5.1455,13.0755,0.0,0.2657
2672,1160,121.59,0.05,161.87,126.24,0.4678,0.2339,6.8701,6.0321,14.0252,0.1532
2672,1229,24.8,30.54,94.19,217.25,0.4697,0.4697,3.5307,19.4536,0.0,0.3962
2673,1102,246.78,0.13,295.87,158.3,0.6899,0.3449,5.2077,13.0356,0.0,0.227
2673,1160,122.05,0.07,162.5,127.9,0.7271,0.3635,6.7495,5.8656,14.7224,0.2378
2673,1229,26.17,31.12,94.93,217.45,0.7017,0.7017,3.5234,19.352,0.0,0.5927
2674,1102,246.6,0.5,295.82,159.42,0.7393,0.3696,5.1597,13.0447,0.0,0.2433
2674,1160,122.45,0.08,162.59,128.58,0.8101,0.4051,6.7012,5.7961,0.0,0.2693
2674,1229,25.32,30.49,93.78,217.34,0.7695,0.7695,3.5286,19.4536,0.0,0.6493
2675,1102,246.66,0.55,296.05,160.21,0.834,0.417,5.127,13.0825,0.0,0.2744
2675,1160,122.79,0.13,162.51,128.69,0.8037,0.4018,6.6933,5.7731,0.0,0.2672
2675,1229,27.43,31.08,95.51,217.3,0.7671,0.7671,3.5239,19.2418,0.0,0.6481
2676,1102,246.76,0.66,296.05,160.32,0.7656,0.3828,5.1225,13.0918,0.0,0.2519
2676,1160,122.67,0.1,162.14,128.55,0.8252,0.4126,6.7035,5.8129,0.0,0.2744
2677,1102,246.65,0.79,295.82,160.54,0.7227,0.3614,5.1128,13.0743,0.0,0.2378
2677,1160,121.44,0.09,161.23,128.91,0.835,0.4175,6.6801,5.9349,0.0,0.2776
2677,1229,27.63,31.2,95.67,217.11,0.6655,0.6655,3.5274,19.2095,0.0,0.562
2678,1102,246.54,0.47,295.8,160.81,0.7212,0.3606,5.1015,13.0723,0.0,0.2373
2678,1160,121.07,0.08,160.2,125.13,0.7754,0.3877,6.9543,6.2398,166.1053,0.1285
2678,1229,26.06,30.63,94.8,216.92,0.7822,0.7822,3.5349,19.3297,0.0,0.6596
2679,1102,246.5,0.25,295.61,160.07,0.585,0.2925,5.1319,13.0389,0.0,0.1925
2679,1160,119.56,0.13,159.86,127.65,0.8262,0.4131,6.7717,6.2153,15.1234,0.2698
2679,1229,24.65,31.54,93.44,216.48,0.5947,0.5947,3.5482,19.452,0.0,0.5003
2679,1293,251.49,0.41,297.54,95.58,0.304,0.152,10.3372,14.8948,0.0,0.0996
2680,1102,247.07,2.4,295.32,159.32,0.2681,0.1341,5.1639,13.0404,0.0,0.0882
2680,1160,118.74,0.1,159.82,128.71,0.8252,0.4126,6.6977,6.2174,0.0,0.2743
2680,1293,253.41,0.26,295.64,86.74,0.4302,0.2151,11.9042,15.4722,171.8557,0.0691
2681,1102,246.83,1.06,295.47,159.41,0.6245,0.3123,5.1599,13.0364,0.0,0.2055
2681,1160,119.83,0.22,161.35,129.31,0.7886,0.3943,6.6537,6.0135,0.0,0.2621
2681,1293,252.39,0.15,296.46,91.6,0.2935,0.1467,10.9902,15.135,8.8022,0.0956
2681,1229,20.24,31.83,88.77,215.52,0.5303,0.5303,3.5822,19.8891,0.0,0.4432
2682,1102,246.38,0.56,295.34,159.72,0.5469,0.2735,5.146,13.0046,0.0,0.18
2682,1160,120.94,0.27,162.72,129.29,0.6802,0.3401,6.653,5.8499,0.0,0.2261
2682,1293,249.08,0.07,293.25,88.79,0.2917,0.1459,11.4804,14.9462,166.6289,0.047
2682,1229,17.35,32.46,86.26,216.28,0.4368,0.4368,3.5743,20.234,0.0,0.3652
2683,1102,246.19,0.37,295.31,160.02,0.6196,0.3098,5.133,12.9968,0.0,0.2039
2683,1160,123.74,0.15,165.3,129.06,0.6196,0.3098,6.6645,5.5075,0.0,0.2061
2683,1293,250.55,0.22,295.65,91.91,0.3208,0.1604,10.9283,14.9599,10.7056,0.1042
2683,1229,14.17,32.22,82.27,216.08,0.7285,0.7285,3.5898,20.6167,0.0,0.6071
2684,1102,246.48,0.21,295.67,160.32,0.7051,0.3525,5.1215,13.0476,0.0,0.232
2684,1160,125.25,0.15,166.06,129.04,0.6235,0.3118,6.6642,5.3603,0.0,0.2074
2684,1293,251.09,0.23,296.71,94.16,0.3293,0.1646,10.558,14.9097,9.9093,0.1071
2684,1229,17.35,31.94,86.86,216.66,0.564,0.564,3.5653,20.2246,0.0,0.4723
2685,1102,246.71,1.17,295.7,160.71,0.6396,0.3198,5.1057,13.0745,0.0,0.2104
2685,1160,128.8,0.1,169.21,129.02,0.5215,0.2607,6.6607,4.928,0.0,0.1735
2685,1229,14.76,31.83,84.06,217.35,0.8159,0.8159,3.5592,20.5633,0.0,0.6833
2686,1102,244.05,0.69,293.8,160.67,0.3496,0.1748,5.1004,12.7679,0.0,0.1151
2686,1160,135.59,0.04,178.08,128.8,0.314,0.157,6.6666,3.9697,92.9922,0.0522
2686,1229,13.44,32.53,82.23,217.79,0.4475,0.4475,3.5549,20.7629,0.0,0.3749
2686,1293,245.27,0.2,293.0,96.26,0.3167,0.1583,10.2025,14.2117,20.4708,0.1006
2687,1102,243.99,0.42,294.01,160.28,0.5244,0.2622,5.1168,12.7682,0.0,0.1726
2687,1160,133.31,0.01,175.82,129.12,0.5718,0.2859,6.6469,4.2211,0.0,0.1903
2687,1229,11.97,32.52,79.88,217.77,0.5303,0.5303,3.5614,20.971,0.0,0.4435
2688,1102,243.31,0.5,293.65,159.76,0.2207,0.1104,5.137,12.6857,0.0,0.0727
2688,1160,130.83,0.09,173.38,129.09,0.6479,0.324,6.6518,4.5296,0.0,0.2156
2688,1293,243.75,0.34,292.37,96.43,0.355,0.1775,10.1709,14.073,0.0,0.1166
2689,1102,243.98,0.44,294.46,159.74,0.2737,0.1368,5.1401,12.7848,0.0,0.0901
2689,1160,130.53,0.08,174.6,132.68,0.7832,0.3916,6.4113,4.2512,14.9323,0.2563
2689,1293,243.23,0.18,292.53,96.04,0.3784,0.1892,10.229,14.0768,0.0,0.1242
2690,1102,242.67,0.42,293.56,159.28,0.4292,0.2146,5.1561,12.6253,0.0,0.1413
2690,1160,130.3,0.17,175.54,135.67,0.7793,0.3896,6.223,4.059,15.3495,0.2548
2690,1293,242.78,0.16,292.5,95.3,0.3904,0.1952,10.3416,14.0966,170.0073,0.0631
2691,1102,242.52,0.6,293.81,159.47,0.3738,0.1869,5.1483,12.6365,0.0,0.1231
2691,1160,130.06,0.15,175.6,135.79,0.8052,0.4026,6.2158,4.0663,0.0,0.2681
2691,1293,243.07,0.1,292.25,92.36,0.3503,0.1752,10.8192,14.2959,171.0569,0.0566
2691,1229,12.87,35.51,78.95,216.49,0.5786,0.5786,3.5885,20.896,0.0,0.4819
2692,1102,243.21,0.39,294.66,159.64,0.6577,0.3288,5.1434,12.7441,0.0,0.2165
2692,1160,131.56,0.38,177.74,136.53,0.8159,0.4079,6.1689,3.787,0.0,0.2717
2692,1293,247.94,0.26,296.09,92.0,0.218,0.109,10.9062,14.8272,127.4605,0.0351
2692,1229,10.16,35.95,75.98,217.1,0.3208,0.3208,3.5848,21.2447,0.0,0.2671
2693,1102,245.04,0.5,295.85,158.41,0.3252,0.1626,5.2003,12.9195,0.0,0.107
2693,1160,132.04,1.16,178.56,137.24,0.8003,0.4002,6.1258,3.6699,0.0,0.2665
2693,1293,249.26,0.27,297.8,94.31,0.4707,0.2354,10.5317,14.8565,11.2904,0.1528
2694,1102,243.96,0.35,295.28,159.62,0.6689,0.3345,5.1464,12.8357,0.0,0.2202
2694,1160,131.14,2.33,178.23,140.35,0.8027,0.4013,5.9467,3.6654,16.3051,0.2619
2694,1293,249.84,0.27,298.34,95.73,0.2037,0.1018,10.3116,14.8349,10.2866,0.0662
2694,1229,9.01,33.68,74.85,216.5,0.3167,0.3167,3.6013,21.3352,0.0,0.263
2695,1102,243.54,0.2,295.07,159.89,0.7393,0.3696,5.1341,12.7997,0.0,0.2434
2695,1160,130.91,3.04,178.55,143.06,0.7988,0.3994,5.7978,3.624,16.342,0.2606
2695,1229,10.11,31.89,75.18,214.39,0.4922,0.4922,3.6444,21.1349,0.0,0.4061
2696,1102,245.04,0.15,296.31,159.99,0.8135,0.4068,5.1341,12.9861,0.0,0.2677
2696,1160,130.74,3.95,178.12,143.78,0.7393,0.3696,5.7597,3.6646,0.0,0.2462
2697,1102,243.49,0.04,294.07,155.95,0.8125,0.4062,5.3025,12.6459,159.9766,0.1321
2697,1160,130.6,5.14,177.98,145.25,0.8101,0.8101,5.6828,3.6888,0.0,0.5395
2698,1102,244.59,0.56,295.65,158.82,0.5889,0.2944,5.1818,12.8847,20.446,0.1876
2698,1160,129.57,6.44,177.53,148.35,0.7163,0.7163,5.5273,3.8409,17.6262,0.4658
2699,1102,245.02,0.57,296.2,159.97,0.6021,0.301,5.1347,12.9769,0.0,0.1981
2699,1160,129.72,7.83,178.14,151.61,0.4971,0.4971,5.3709,3.8913,17.6406,0.3232
2699,1293,250.81,0.21,298.41,95.69,0.3108,0.1554,10.3208,14.8994,0.0,0.1019
2699,1229,8.7,25.45,65.59,187.56,0.5361,0.5361,4.3479,20.509,158.5703,0.214
2700,1102,245.98,0.38,296.17,157.26,0.5088,0.2544,5.252,12.9808,161.9811,0.0826
2700,1160,129.63,8.26,178.49,154.08,0.6626,0.6626,5.2578,3.9873,17.9268,0.4305
2700,1293,251.16,0.18,297.28,93.54,0.396,0.198,10.6608,14.9866,170.6741,0.0638
2700,1229,8.83,24.13,62.83,182.47,0.2063,0.2063,4.5096,20.4921,159.1736,0.0779
2701,1102,244.14,0.41,294.99,158.66,0.7285,0.3643,5.1869,12.8065,0.0,0.2398
2701,1160,131.33,8.49,180.0,155.8,0.6733,0.6733,5.1802,3.8752,0.0,0.4484
2701,1229,9.22,22.57,61.93,181.28,0.5601,0.5601,4.5487,20.4851,0.0,0.3953
2701,1322,15.7,22.67,56.39,129.29,0.3738,0.3738,7.0641,19.9222,0.0,0.2417
2702,1102,245.1,0.88,294.94,155.93,0.2651,0.1326,5.3073,12.8133,162.1629,0.0431
2702,1160,130.92,8.46,179.78,156.95,0.6655,0.6655,5.1307,3.9894,0.0,0.4431
2702,1229,9.99,22.22,58.69,169.5,0.3381,0.3381,4.9652,20.3233,161.0995,0.1073
2702,1322,16.4,22.54,52.9,117.61,0.498,0.498,8.0308,20.3045,168.0468,0.1557
2702,1293,250.96,0.21,297.4,95.46,0.3857,0.1928,10.3539,14.8622,9.3338,0.1256
2703,1102,245.96,0.4,295.94,156.49,0.7363,0.3681,5.2854,12.9492,0.0,0.2423
2703,1160,131.72,8.16,180.36,157.32,0.6372,0.6372,5.1143,3.9278,0.0,0.4243
2703,1229,9.77,22.35,59.03,173.52,0.5273,0.5273,4.8172,20.41,19.5101,0.3433
2704,1102,244.44,0.23,295.16,158.01,0.8101,0.4051,5.2155,12.8241,0.0,0.2667
2704,1160,135.74,7.56,184.21,157.22,0.6582,0.6582,5.1155,3.4393,0.0,0.4384
2704,1229,9.22,20.15,59.78,178.34,0.8027,0.8027,4.6499,20.5278,20.1482,0.5392
2705,1102,245.84,0.16,295.67,155.44,0.6782,0.3391,5.3315,12.9042,161.6409,0.1102
2705,1160,138.13,7.04,186.27,157.13,0.7407,0.7407,5.1178,3.1709,0.0,0.4934
2705,1229,10.86,17.59,59.24,170.57,0.7456,0.7456,4.922,20.2589,160.689,0.2409
2705,1293,251.64,0.16,297.38,95.29,0.3433,0.1716,10.3823,14.912,0.0,0.1125
2706,1102,245.76,0.14,296.29,158.29,0.7148,0.3574,5.2072,12.995,18.2952,0.2292
2706,1160,139.13,6.47,187.05,157.32,0.7231,0.7231,5.1091,3.0861,0.0,0.4817
2706,1229,11.81,16.84,58.89,166.24,0.4397,0.4397,5.0867,20.1306,161.276,0.1376
2706,1293,252.42,0.16,296.28,91.68,0.2737,0.1368,10.9758,15.121,171.1433,0.044
2707,1102,246.06,0.13,296.56,158.89,0.8369,0.4184,5.1825,13.0463,0.0,0.2754
2707,1160,140.19,6.15,187.71,157.08,0.686,0.686,5.1189,2.9686,0.0,0.457
2707,1229,14.62,16.31,58.47,154.33,0.2942,0.2942,5.5952,19.8107,162.7927,0.0923
2708,1102,246.01,0.22,296.27,158.75,0.6406,0.3203,5.1879,13.0204,0.0,0.2108
2708,1160,140.26,5.84,187.53,157.13,0.7515,0.7515,5.1168,2.9792,0.0,0.5007
2708,1229,14.78,16.1,58.57,153.57,0.259,0.259,5.6306,19.7875,0.0,0.1676
2709,1102,244.46,0.44,294.89,158.69,0.3887,0.1943,5.1859,12.8219,0.0,0.128
2709,1160,141.59,4.88,189.05,156.74,0.7114,0.3557,5.1327,2.7872,0.0,0.237
2709,1293,245.78,0.04,292.26,94.28,0.3201,0.16,10.5104,14.3261,18.598,0.1023
2710,1102,244.63,0.52,295.1,158.85,0.4377,0.2188,5.1797,12.8511,0.0,0.1441
2710,1160,141.52,4.43,188.67,156.38,0.7583,0.3791,5.1484,2.7784,0.0,0.2526
2710,1293,249.27,0.06,295.67,95.53,0.4514,0.2257,10.3331,14.6543,28.1535,0.1391
2710,1229,19.51,16.19,54.14,120.65,0.3701,0.3701,7.7445,19.9681,167.5559,0.116
2711,1102,245.35,0.28,295.46,157.52,0.6104,0.3052,5.2386,12.8956,0.0,0.2009
2711,1160,143.49,4.16,190.91,155.94,0.8145,0.4073,5.1664,2.5104,0.0,0.2714
2711,1293,250.69,0.16,296.51,95.42,0.2316,0.1158,10.3567,14.7956,0.0,0.0759
2712,1102,245.69,0.18,296.08,158.88,0.687,0.3435,5.1816,12.9889,0.0,0.2261
2712,1160,144.28,3.97,192.39,156.95,0.791,0.3955,5.1223,2.4996,0.0,0.2635
2712,1229,20.56,16.34,53.63,112.69,0.2917,0.2917,8.4942,20.1236,168.5891,0.0913
2713,1102,246.5,0.24,296.0,156.33,0.5957,0.2979,5.2934,12.9868,162.152,0.0967
2713,1160,144.34,4.28,192.44,156.95,0.6919,0.3459,5.1223,2.4943,0.0,0.2305
2713,1328,124.45,32.28,146.45,51.94,0.4302,0.4302,27.7501,14.3678,0.0,0.2823
2713,1229,20.44,15.5,54.21,111.46,0.2394,0.2394,8.6211,20.1292,168.4317,0.0749
2713,1293,251.48,0.25,296.74,95.21,0.3208,0.1604,10.3925,14.8693,0.0,0.1051
2714,1102,244.18,0.36,294.29,156.85,0.5312,0.2656,5.2642,12.7244,0.0,0.1749
2714,1160,143.77,4.49,193.86,163.59,0.6885,0.3443,4.8513,3.2338,19.3392,0.2297
2714,1293,246.6,0.16,293.45,96.21,0.248,0.124,10.215,14.3207,30.8016,0.0756
2715,1102,245.31,0.87,295.57,158.72,0.5688,0.2844,5.187,12.9256,0.0,0.1872
2715,1160,144.68,5.3,195.97,167.53,0.7363,0.7363,4.7021,3.646,21.1144,0.5031
2715,1293,249.71,0.22,296.2,96.93,0.3657,0.1829,10.1232,14.6261,39.5157,0.106
2716,1102,245.76,0.59,296.03,159.15,0.3057,0.1529,5.1701,12.9963,0.0,0.1006
2716,1160,144.12,5.62,195.45,168.74,0.7529,0.7529,4.6582,3.8353,0.0,0.5357
2716,1293,251.06,0.19,296.88,96.55,0.4197,0.2099,10.186,14.7707,0.0,0.1376
2716,1328,125.0,32.16,146.91,51.69,0.585,0.585,28.0177,14.3686,171.9007,0.1889
2717,1102,246.06,0.3,296.45,159.96,0.7925,0.3962,5.1371,13.0632,0.0,0.2607
2717,1160,143.57,6.38,194.72,169.6,0.7686,0.7686,4.6276,3.9839,0.0,0.5499
2718,1102,245.6,0.19,295.69,158.6,0.6362,0.3181,5.1928,12.9505,0.0,0.2094
2718,1160,143.75,7.32,194.61,170.25,0.7686,0.7686,4.6045,4.0676,0.0,0.5523
2719,1102,243.65,0.43,294.38,159.37,0.4697,0.2349,5.1551,12.7485,0.0,0.1546
2719,1160,143.4,7.57,195.12,174.14,0.5205,0.5205,4.4707,4.5819,20.8212,0.3719
2719,1229,29.47,14.57,61.55,103.53,0.4883,0.4883,9.4855,19.3803,164.7515,0.1535
2719,1293,245.72,0.07,292.3,95.34,0.3567,0.1784,10.343,14.2559,141.111,0.0576
2720,1102,243.03,0.24,294.14,158.92,0.7939,0.397,5.1728,12.6803,0.0,0.2614
2720,1160,143.76,8.21,195.52,176.3,0.7515,0.7515,4.3992,4.8561,0.0,0.5603
2720,1229,29.63,14.51,63.76,107.61,0.2942,0.2942,8.9813,19.0906,10.8904,0.189
2721,1102,242.6,0.17,293.71,157.26,0.7793,0.3896,5.2429,12.5866,0.0,0.2566
2721,1160,144.31,9.1,196.33,179.92,0.6533,0.6533,4.2839,5.3232,21.9625,0.4812
2721,1229,28.29,13.56,63.81,110.17,0.2517,0.2517,8.6991,19.0872,11.6558,0.1615
2722,1102,242.16,0.14,294.21,159.24,0.7349,0.3674,5.158,12.6338,0.0,0.242
2722,1160,145.61,10.25,196.26,178.23,0.4436,0.4436,4.3368,5.0683,0.0,0.3344
2722,1229,31.05,17.7,64.28,107.26,0.269,0.269,9.0151,18.9826,167.3647,0.0848
2722,1328,125.18,32.23,146.98,51.64,0.396,0.396,28.0717,14.3675,0.0,0.2599
2723,1102,244.42,0.13,296.44,160.16,0.8403,0.4202,5.1262,12.9573,0.0,0.2765
2723,1160,145.74,11.51,197.11,184.9,0.7378,0.7378,4.1339,5.9752,22.3995,0.5572
2723,1229,28.22,15.5,69.84,130.97,0.3108,0.3108,6.8706,18.2449,13.9065,0.199
2724,1102,243.21,0.22,295.65,160.7,0.8086,0.4043,5.1007,12.8363,0.0,0.2662
2724,1160,146.38,12.52,197.73,188.54,0.4292,0.4292,4.0301,6.465,23.1572,0.3292
2724,1229,29.21,19.38,75.89,146.96,0.3738,0.3738,5.8856,17.7084,16.2151,0.2383
2725,1102,245.14,0.63,297.22,160.89,0.7754,0.3877,5.0982,13.0756,0.0,0.2551
2725,1160,146.62,12.99,197.57,190.33,0.6665,0.6665,3.9808,6.7138,0.0,0.5334
2725,1229,28.68,12.96,80.97,156.46,0.5029,0.5029,5.4137,17.4879,17.5835,0.3197
2726,1102,245.71,0.32,297.42,159.94,0.7363,0.3681,5.1389,13.1043,0.0,0.2422
2726,1160,146.32,10.3,197.5,191.22,0.7832,0.7832,3.9568,6.8423,0.0,0.6292
2726,1229,32.84,10.01,84.12,152.13,0.2069,0.2069,5.5996,16.964,157.1103,0.066
2727,1102,245.93,0.29,297.49,159.94,0.8027,0.4013,5.1394,13.1237,0.0,0.2641
2727,1160,147.39,9.44,198.08,190.57,0.7031,0.7031,3.9742,6.7327,0.0,0.5633
2728,1102,245.53,0.19,297.24,160.49,0.8667,0.4334,5.1154,13.0932,0.0,0.2851
2728,1160,148.83,9.19,199.83,191.34,0.6748,0.6748,3.9531,6.8098,0.0,0.5425
2729,1102,245.77,0.15,296.73,157.92,0.8594,0.4297,5.2239,13.0176,161.8559,0.1396
2729,1160,149.15,8.82,200.14,191.67,0.7886,0.7886,3.9441,6.8511,0.0,0.6349
2730,1102,245.11,0.05,296.55,159.08,0.8159,0.4079,5.1729,12.986,0.0,0.2685
2730,1160,151.63,8.58,203.02,190.9,0.834,0.834,3.9646,6.7105,0.0,0.6692
2730,1229,44.4,2.05,99.27,153.66,0.3433,0.1716,5.4735,15.2159,57.1091,0.0863
2731,1102,244.28,0.1,295.75,158.03,0.6655,0.3327,5.2153,12.8535,0.0,0.2191
2731,1160,153.26,9.41,205.05,191.2,0.8369,0.8369,3.9564,6.7432,0.0,0.6725
2731,1229,44.35,1.38,100.59,156.3,0.3408,0.1704,5.3507,15.1672,17.8141,0.1089
2732,1102,243.44,0.12,294.67,155.59,0.8286,0.4143,5.3194,12.6767,160.6074,0.1347
2732,1160,154.1,10.47,206.28,191.82,0.8525,0.8525,3.9397,6.8299,0.0,0.6868
2732,1229,53.83,1.6,115.1,158.41,0.3674,0.1837,5.2165,13.6033,52.0938,0.0971
2733,1102,242.4,0.22,294.43,156.73,0.8369,0.4184,5.2669,12.6112,0.0,0.2756
2733,1160,154.75,12.16,206.91,191.45,0.8486,0.8486,3.9496,6.7786,0.0,0.6826
2734,1102,240.68,0.08,294.2,159.59,0.8657,0.4329,5.141,12.5417,18.8746,0.2774
2734,1160,156.92,13.82,209.44,192.76,0.8169,0.8169,3.9149,6.9775,0.0,0.6608
2734,1229,50.24,0.71,112.47,157.14,0.4932,0.2466,5.282,13.9959,0.0,0.162
2735,1102,241.0,0.11,294.26,157.71,0.7285,0.3643,5.2218,12.5249,0.0,0.2399
2735,1160,158.56,15.17,211.73,193.12,0.7847,0.7847,3.9056,7.0517,0.0,0.6357
2736,1102,240.66,0.13,294.04,157.26,0.8647,0.4324,5.2405,12.4777,0.0,0.2848
2736,1160,159.62,15.85,213.55,193.5,0.8125,0.8125,3.8959,7.1291,0.0,0.6592
2736,1229,45.8,0.8,107.74,152.78,0.4524,0.2262,5.4963,14.5467,157.6872,0.073
2737,1102,237.23,0.13,292.24,159.52,0.8286,0.4143,5.136,12.1755,24.9843,0.2602
2737,1160,160.25,16.36,216.15,197.88,0.7114,0.7114,3.7843,7.773,25.6648,0.564
2737,1229,51.0,0.76,111.34,148.9,0.6514,0.3257,5.6684,13.9196,154.0632,0.1054
2738,1102,235.17,0.14,291.26,160.27,0.8638,0.4319,5.1003,11.9898,0.0,0.2848
2738,1160,161.08,16.07,219.05,202.45,0.8403,0.8403,3.6739,8.4495,26.669,0.6759
2738,1229,54.86,8.65,111.62,146.98,0.4902,0.4902,5.7583,13.6291,0.0,0.3222
2739,1102,232.97,0.14,290.11,160.83,0.8423,0.4212,5.0725,11.7793,0.0,0.2778
2739,1160,160.87,16.4,220.6,206.16,0.8359,0.8359,3.5883,8.9781,0.0,0.7112
2739,1229,53.03,11.34,110.4,146.49,0.4756,0.4756,5.7892,13.8337,0.0,0.3125
2740,1102,233.23,0.14,290.67,160.39,0.8086,0.4043,5.0918,11.8225,0.0,0.2667
2740,1160,161.18,16.51,222.18,208.36,0.7949,0.7949,3.5393,9.3042,0.0,0.6813
2740,1328,124.49,32.18,147.08,52.16,0.4766,0.4766,27.5132,14.3215,0.0,0.3128
2741,1102,233.23,0.14,290.48,158.72,0.7964,0.3982,5.1616,11.7668,0.0,0.2627
2741,1160,160.97,15.52,223.39,210.97,0.4331,0.4331,3.4825,9.6752,0.0,0.3743
2741,1328,125.33,32.21,147.46,51.89,0.6021,0.6021,27.7971,14.3189,171.0518,0.1945
2742,1102,232.9,0.05,290.61,159.3,0.6689,0.3345,5.1368,11.7676,0.0,0.2206
2742,1160,162.32,16.69,225.27,214.56,0.7754,0.7754,3.4073,10.208,0.0,0.6775
2743,1102,232.2,0.01,289.6,157.85,0.8433,0.4217,5.1961,11.6166,0.0,0.2782
2743,1160,162.22,17.31,225.8,217.15,0.8193,0.8193,3.3544,10.5667,0.0,0.7213
2744,1102,228.45,0.18,286.96,159.44,0.7822,0.3911,5.1199,11.2233,0.0,0.2582
2744,1160,165.29,17.53,224.64,202.85,0.5127,0.5127,3.6662,8.6478,155.0891,0.2601
2745,1102,226.53,0.06,285.98,160.41,0.7739,0.387,5.0756,11.0543,0.0,0.2556
2745,1160,164.94,17.22,227.69,214.92,0.7529,0.7529,3.4008,10.3298,26.7427,0.6316
2745,1328,126.11,32.28,147.87,51.95,0.457,0.457,27.7283,14.2774,0.0,0.3
2746,1102,226.35,0.11,286.05,160.4,0.7964,0.3982,5.0759,11.0466,0.0,0.263
2746,1160,165.78,17.29,229.07,218.61,0.7754,0.7754,3.3266,10.863,0.0,0.6853
2746,1328,126.01,32.3,147.41,51.74,0.5039,0.5039,27.9576,14.3191,174.253,0.1627
2747,1102,226.76,4.86,285.12,161.13,0.3049,0.1525,5.0452,11.0332,0.0,0.1007
2747,1160,167.78,16.93,226.38,202.96,0.6567,0.6567,3.6645,8.7405,155.0991,0.3333
2747,1328,126.07,32.29,147.36,51.69,0.4226,0.4226,28.0122,14.3249,0.0,0.2774
2747,1293,240.86,0.14,285.88,92.68,0.2798,0.1399,10.7413,13.7773,0.0,0.0919
2748,1102,224.26,1.89,283.73,161.59,0.6982,0.3491,5.0215,10.7854,0.0,0.2307
2748,1160,169.12,16.97,231.28,215.07,0.6196,0.6196,3.3995,10.4843,27.4379,0.5186
2749,1102,223.2,0.78,282.3,160.28,0.6216,0.3108,5.0721,10.5764,0.0,0.2054
2749,1160,171.72,16.98,235.04,220.02,0.498,0.498,3.3019,11.2661,31.962,0.4164
2750,1102,224.31,0.45,282.36,159.58,0.5947,0.2974,5.1027,10.635,0.0,0.1965
2750,1160,172.49,16.61,235.75,221.17,0.4883,0.4883,3.28,11.4478,0.0,0.4343
2751,1102,222.46,0.51,280.44,161.17,0.7754,0.3877,5.0323,10.4286,0.0,0.2563
2751,1160,175.23,18.2,238.81,222.36,0.4551,0.4551,3.2589,11.7282,0.0,0.4059
2751,1342,176.14,159.92,223.69,221.12,0.6929,0.6929,3.2786,11.2821,0.0,0.6165
2752,1102,222.95,0.16,279.7,160.29,0.7026,0.3513,5.0682,10.3839,0.0,0.2323
2752,1160,175.86,19.55,239.18,221.83,0.7256,0.7256,3.2694,11.682,0.0,0.6462
2753,1102,224.89,0.22,279.22,157.44,0.6323,0.3161,5.1903,10.4028,161.5427,0.1037
2753,1160,179.89,19.96,244.49,221.74,0.7808,0.7808,3.2746,11.9005,0.0,0.6946
2754,1102,222.83,0.34,277.05,159.82,0.7686,0.3843,5.0843,10.1818,23.016,0.244
2754,1160,183.46,19.73,248.98,222.86,0.5117,0.5117,3.2566,12.2627,0.0,0.4562
2754,1229,97.4,8.43,154.72,145.62,0.668,0.668,5.707,7.6975,86.0711,0.2359
2755,1102,224.07,0.1,276.49,157.93,0.5737,0.2868,5.1649,10.1735,0.0,0.1897
2755,1160,180.16,18.7,246.7,228.96,0.4834,0.4834,3.1415,12.8806,30.4988,0.4157
2755,1229,97.63,6.69,153.83,140.53,0.7153,0.7153,5.9827,7.7562,164.1328,0.2363
2756,1102,226.11,0.11,276.28,154.22,0.4922,0.2461,5.3305,10.2121,162.0221,0.0807
2756,1160,185.11,19.22,252.69,234.52,0.5254,0.5254,3.0492,13.8618,39.5521,0.4417
2756,1229,101.56,5.16,156.6,140.03,0.5264,0.5264,6.0039,7.2899,0.0,0.3495
2757,1102,223.37,0.11,273.94,158.57,0.6494,0.3247,5.1337,9.9699,20.3776,0.2081
2757,1160,184.86,20.69,251.6,239.16,0.6074,0.6074,2.9715,14.4054,0.0,0.5629
2758,1102,223.28,0.12,272.57,158.23,0.2487,0.1244,5.1464,9.8607,0.0,0.0823
2758,1160,188.44,21.99,255.04,241.6,0.4358,0.4358,2.9354,14.8888,0.0,0.4056
2759,1160,191.71,22.38,258.02,242.08,0.5908,0.5908,2.9309,15.1168,0.0,0.55
2760,1160,195.25,7.88,265.21,241.53,0.4148,0.4148,2.9455,15.364,0.0,0.3852
2761,1160,196.15,2.44,266.83,240.12,0.7822,0.3911,2.9696,15.2756,0.0,0.362
2762,1160,193.48,0.69,262.3,236.75,0.4495,0.2248,3.0208,14.6517,0.0,0.2067
2762,1354,130.75,2.78,159.19,99.59,0.4727,0.2364,9.52,8.0634,0.0,0.1568
2763,1160,196.0,0.17,263.39,231.68,0.5776,0.2888,3.1096,14.167,0.0,0.2624
2763,1354,132.01,2.2,159.96,97.23,0.4941,0.247,9.8483,8.2418,169.246,0.0815
2764,1160,195.93,0.0,264.71,238.22,0.6611,0.3306,2.9993,14.9778,29.7809,0.2903
2764,1354,129.34,2.74,164.65,123.11,0.4863,0.2432,7.0981,5.5876,13.4701,0.1595
2765,1160,196.22,0.0,265.36,238.81,0.8135,0.4068,2.9901,15.0771,0.0,0.3755
2765,1229,134.73,2.34,188.83,131.45,0.54,0.27,6.4826,3.1717,132.7304,0.0899
2766,1160,196.59,0.33,265.41,238.62,0.4863,0.2432,2.9935,15.068,0.0,0.2244
2766,1229,136.82,1.97,190.93,130.25,0.7456,0.3728,6.5612,3.0382,0.0,0.2484
2767,1160,196.88,0.0,265.53,237.96,0.6602,0.3301,3.0046,15.0034,0.0,0.3041
2767,1229,134.8,1.85,187.26,132.59,0.603,0.3015,6.4087,3.1735,22.9876,0.1929
2768,1160,198.86,0.58,268.05,238.22,0.4377,0.2188,3.003,15.1801,0.0,0.2016
2768,1229,139.1,0.98,191.08,129.94,0.6162,0.3081,6.5813,2.9384,154.3608,0.1026
2769,1160,197.7,1.04,266.94,237.83,0.5767,0.2883,3.0081,15.0602,0.0,0.2655
2769,1229,141.39,1.98,192.82,129.6,0.6426,0.3213,6.6033,2.7718,0.0,0.2141
2769,1102,205.35,2.04,259.14,175.3,0.3132,0.1566,4.4733,8.6731,26.3491,0.1094
2770,1229,142.41,3.26,194.26,128.9,0.7739,0.387,6.6508,2.7361,0.0,0.2578
2771,1229,140.91,2.47,193.97,130.26,0.2612,0.1306,6.5582,2.6695,0.0,0.087
2771,1160,197.12,19.12,262.32,238.71,0.4504,0.4504,2.9905,14.9982,0.0,0.4158
2772,1229,143.19,3.3,196.66,129.76,0.3015,0.1507,6.5909,2.5017,0.0,0.1005
2772,1361,210.56,3.74,241.29,38.66,0.4844,0.2422,56.6184,16.057,0.0,0.1583
2772,1160,198.31,21.57,263.52,239.06,0.3303,0.3303,2.9862,15.1145,0.0,0.3051
2773,1160,200.27,21.71,265.37,237.75,0.4961,0.4961,3.01,15.0836,0.0,0.4567
2774,1160,200.93,21.03,266.62,238.69,0.4253,0.4253,2.9957,15.2558,0.0,0.3922
2774,1361,209.08,4.62,239.66,39.32,0.2673,0.1336,53.8378,15.8951,4.6454,0.0873
2775,1160,203.39,18.1,270.61,240.25,0.6167,0.6167,2.9744,15.6515,0.0,0.5701
2775,1366,27.16,0.22,74.44,145.24,0.7217,0.3609,5.9854,17.9323,0.0,0.2347
2775,1361,208.36,5.02,239.17,39.89,0.2815,0.2815,51.654,15.7941,2.7402,0.184
2775,1102,195.04,4.95,247.62,182.97,0.5439,0.272,4.2155,8.0975,33.6412,0.1937
2775,1229,143.57,1.56,196.19,127.33,0.6133,0.3066,6.7605,2.7963,165.8842,0.1021
2776,1160,204.74,21.14,272.36,246.03,0.7139,0.7139,2.8854,16.4168,0.0,0.6675
2776,1361,206.81,5.14,238.36,40.67,0.2659,0.2659,48.9301,15.6381,3.6103,0.1738
2776,1102,194.43,5.32,246.13,184.98,0.5688,0.5688,4.1547,8.1898,0.0,0.4414
2777,1160,206.57,24.2,273.47,248.12,0.6782,0.6782,2.8555,16.7523,0.0,0.6365
2777,1102,194.79,5.07,245.05,184.64,0.5718,0.5718,4.1643,8.1202,0.0,0.443
2777,1328,125.31,32.31,146.81,51.78,0.4207,0.4207,27.9187,14.3516,0.0,0.2761
2778,1160,206.78,24.85,274.65,253.44,0.6733,0.6733,2.7781,17.4044,0.0,0.6381
2778,1102,193.92,4.77,244.08,187.62,0.6196,0.3098,4.0774,8.3375,0.0,0.2436
2778,1328,125.42,32.28,147.06,51.86,0.5869,0.5869,27.8306,14.3315,0.0,0.3852
2778,1366,26.68,0.41,74.84,148.59,0.4678,0.2339,5.8095,17.9473,16.3925,0.149
2779,1160,206.9,18.96,276.83,255.4,0.205,0.205,2.7517,17.7007,0.0,0.1949
2779,1102,193.96,4.65,243.25,186.88,0.498,0.249,4.0979,8.223,0.0,0.1951
2779,1366,26.42,0.33,74.84,149.79,0.4387,0.2193,5.7493,17.9704,0.0,0.1427
2780,1160,207.16,20.35,276.82,256.92,0.3184,0.3184,2.7305,17.8817,0.0,0.3035
2780,1102,193.08,4.67,241.9,187.29,0.4756,0.2378,4.085,8.1625,0.0,0.1867
2781,1160,206.29,15.52,277.88,261.68,0.2234,0.2234,2.6656,18.4306,0.0,0.2146
2781,1102,192.89,4.85,241.15,186.3,0.4668,0.2334,4.1128,8.014,0.0,0.1825
2781,1229,164.12,0.22,196.99,75.91,0.543,0.2715,14.1886,9.6785,173.0199,0.0892
2782,1102,191.8,4.54,239.93,185.33,0.6714,0.3357,4.1395,7.8042,0.0,0.2613
2782,1229,167.2,0.04,198.68,72.35,0.4456,0.2228,15.3091,10.1822,172.3582,0.0731
2783,1102,191.24,4.59,239.35,184.76,0.4207,0.2104,4.1556,7.6909,0.0,0.1633
2783,1160,208.3,22.85,277.71,262.24,0.4746,0.4746,2.6593,18.5501,0.0,0.4563
2784,1102,182.85,3.68,233.07,183.22,0.2186,0.1093,4.1941,6.8788,0.0,0.0843
2784,1160,208.32,26.89,276.69,263.16,0.582,0.582,2.6464,18.6249,0.0,0.5605
2785,1102,177.06,1.56,230.82,186.35,0.7075,0.3538,4.0995,6.947,33.3373,0.258
2785,1160,208.18,26.63,276.46,263.66,0.395,0.395,2.6396,18.6709,0.0,0.3807
2787,1160,206.84,20.29,276.77,264.85,0.2815,0.2815,2.6233,18.7766,0.0,0.2719
2788,1160,206.91,21.64,276.14,264.71,0.4331,0.4331,2.6248,18.7442,0.0,0.4182
2788,1366,12.36,0.79,69.68,178.7,0.3887,0.1943,4.6109,19.737,21.8789,0.1312
2788,1102,177.5,1.34,232.91,188.24,0.5352,0.2676,4.0469,7.2675,0.0,0.2117
2789,1160,206.71,20.83,275.93,264.81,0.5361,0.5361,2.6232,18.7437,0.0,0.5178
2789,1366,10.58,0.43,68.19,179.79,0.291,0.1455,4.5816,19.9721,0.0,0.1022
2790,1160,205.1,8.49,276.99,265.19,0.5972,0.5972,2.6179,18.7714,0.0,0.5772
2790,1366,12.91,0.41,64.9,157.25,0.5,0.25,5.4494,19.5422,162.6229,0.0785
2790,1102,173.32,0.58,228.4,188.05,0.5469,0.2735,4.0493,6.9599,0.0,0.2163
2791,1160,206.47,20.85,275.04,265.77,0.606,0.606,2.61,18.8213,0.0,0.5863
2792,1160,206.48,20.63,274.4,264.54,0.2167,0.2167,2.6256,18.6616,0.0,0.2093
2792,1102,167.87,0.39,224.56,192.38,0.7422,0.3711,3.9286,7.2829,32.072,0.2805
2793,1160,207.4,21.37,274.72,264.81,0.6323,0.6323,2.6229,18.7286,0.0,0.6108
2793,1102,167.53,5.42,223.38,192.93,0.8125,0.8125,3.9137,7.3235,0.0,0.6571
2793,1366,5.77,0.6,63.74,174.33,0.2705,0.1353,4.7869,20.3867,20.5734,0.0883
2794,1160,208.49,23.22,274.83,264.34,0.5225,0.5225,2.6298,18.7097,0.0,0.5043
2794,1102,165.92,7.53,221.72,192.55,0.7544,0.7544,3.923,7.2057,0.0,0.6093
2794,1328,125.62,32.27,147.19,51.96,0.3242,0.3242,27.7218,14.3098,0.0,0.2128
2795,1160,208.5,29.04,273.02,264.32,0.7568,0.7568,2.6289,18.6548,0.0,0.7305
2795,1102,164.25,8.76,220.6,192.95,0.7754,0.7754,3.9119,7.2091,0.0,0.6274
2795,1366,4.35,0.6,64.1,179.36,0.6626,0.3313,4.6171,20.5913,20.6035,0.2237
2796,1160,206.52,31.97,269.79,264.48,0.6919,0.6919,2.6236,18.5246,0.0,0.6686
2796,1102,163.46,9.09,219.92,193.18,0.7051,0.7051,3.9056,7.2158,0.0,0.5711
2796,1366,2.61,0.49,63.0,179.99,0.3923,0.1961,4.6023,20.7833,0.0,0.1369
2797,1160,203.11,21.65,268.26,264.44,0.5186,0.5186,2.6211,18.3837,0.0,0.5014
2797,1102,159.88,8.54,215.97,193.16,0.3354,0.3354,3.9051,7.1091,0.0,0.2717
2797,1366,1.77,0.62,62.34,179.09,0.3184,0.1592,4.6352,20.8483,0.0,0.1104
2798,1160,205.15,28.6,268.47,264.5,0.5796,0.5796,2.6217,18.4522,0.0,0.5603
2798,1102,156.13,8.4,213.66,196.57,0.6396,0.6396,3.8166,7.533,0.0,0.5255
2798,1328,126.73,32.29,147.59,51.84,0.5293,0.5293,27.8457,14.2812,157.4447,0.171
2799,1160,203.39,9.75,271.16,264.89,0.2429,0.2429,2.6172,18.5234,0.0,0.2349
2799,1102,156.38,9.89,214.19,199.41,0.385,0.385,3.746,7.9366,0.0,0.3198
2800,1160,204.89,7.28,273.61,265.21,0.3469,0.3469,2.6154,18.671,0.0,0.3355
2800,1102,154.65,9.06,212.68,201.3,0.6548,0.6548,3.7001,8.1835,0.0,0.5478
2801,1102,153.61,8.26,211.3,200.6,0.4282,0.4282,3.7168,8.0761,0.0,0.3573
2802,1102,152.62,8.95,209.65,199.18,0.6636,0.6636,3.7513,7.8704,0.0,0.5508
2802,1379,211.54,160.31,260.17,264.83,0.501,0.501,2.6162,18.4387,0.0,0.4847
2803,1102,149.82,9.11,206.37,199.54,0.5571,0.5571,3.7425,7.9241,0.0,0.463
2803,1379,211.34,160.1,260.11,264.7,0.5566,0.5566,2.6178,18.4164,0.0,0.5384
2803,1366,9.31,4.37,51.49,118.6,0.3804,0.1902,7.9689,20.8096,167.9233,0.0593
2804,1102,149.49,8.78,206.19,199.28,0.5947,0.5947,3.7489,7.8888,0.0,0.4938
2805,1102,148.51,8.74,205.62,200.27,0.6318,0.6318,3.7248,8.033,0.0,0.5266
2805,1160,209.03,21.66,274.25,264.75,0.4302,0.4302,2.6244,18.7555,0.0,0.4154
2806,1379,207.49,145.25,263.34,264.64,0.5049,0.5049,2.6182,18.3926,0.0,0.4883
2807,1102,147.21,8.43,204.5,199.15,0.6738,0.6738,3.7522,7.8864,0.0,0.5592
2807,1160,208.08,24.14,273.49,264.62,0.5225,0.5225,2.625,18.6908,0.0,0.5046
2808,1385,1.08,6.78,58.57,178.17,0.4177,0.2089,4.6756,21.094,0.0,0.1436
2808,1160,206.0,29.6,270.98,264.53,0.457,0.457,2.6233,18.5493,0.0,0.4416
2809,1385,1.03,7.73,57.67,176.55,0.541,0.2705,4.7329,21.1081,0.0,0.1839
2809,1160,206.04,24.38,272.34,264.68,0.4465,0.4465,2.6222,18.6062,0.0,0.4314
2809,1387,144.98,8.13,176.2,48.23,0.6167,0.6167,32.2394,13.7526,0.0,0.4052
2809,1328,125.37,32.2,147.11,52.09,0.4629,0.4629,27.5841,14.3035,13.8791,0.2993
2809,1102,140.78,7.0,198.21,201.88,0.2744,0.2744,3.6876,8.3815,0.0,0.23
2810,1385,0.3,8.38,57.57,179.09,0.6416,0.3208,4.6486,21.228,0.0,0.2216
2810,1160,203.97,14.49,272.7,265.1,0.2776,0.2776,2.6157,18.6067,0.0,0.2685
2810,1387,143.18,8.34,174.04,48.04,0.2847,0.2847,32.5251,13.8335,151.3943,0.0921
2810,1328,126.18,32.25,147.37,51.86,0.4187,0.4187,27.8268,14.3007,170.8406,0.1352
2810,1102,139.23,7.79,196.15,205.28,0.3259,0.3259,3.6088,8.8975,0.0,0.2764
2811,1385,3.6,9.5,53.96,158.46,0.4312,0.2156,5.4441,20.8308,162.5788,0.0672
2811,1160,205.23,18.36,272.82,264.89,0.4197,0.4197,2.6193,18.6212,0.0,0.4057
2811,1387,144.61,8.38,176.41,49.11,0.4902,0.4902,31.0113,13.6379,6.4422,0.3212
2811,1102,136.56,7.33,193.32,209.63,0.3933,0.3933,3.5125,9.5729,30.1051,0.3207
2812,1385,5.21,9.49,53.29,150.49,0.4446,0.4446,5.8191,20.7028,163.5158,0.1386
2812,1160,203.69,17.41,270.63,264.79,0.4941,0.4941,2.6183,18.5054,0.0,0.4778
2812,1102,136.26,7.8,192.75,214.28,0.5332,0.5332,3.4137,10.218,0.0,0.4654
2813,1385,0.92,3.28,57.48,169.48,0.3459,0.1729,4.9892,20.9595,18.9196,0.1086
2813,1160,202.37,21.99,266.85,264.84,0.4282,0.4282,2.6147,18.373,0.0,0.4144
2813,1102,137.7,8.43,193.66,215.01,0.8101,0.8101,3.3982,10.2836,0.0,0.7087
2814,1385,3.48,8.71,60.23,175.76,0.6416,0.3208,4.7493,20.7808,20.372,0.2109
2814,1160,203.17,22.82,266.39,264.86,0.354,0.354,2.6146,18.3844,0.0,0.3426
2814,1102,137.34,8.03,193.09,216.25,0.6514,0.6514,3.373,10.4652,0.0,0.572
2815,1385,4.05,12.35,60.41,178.16,0.5962,0.2981,4.6656,20.8003,0.0,0.2055
2815,1160,205.63,27.88,267.44,265.14,0.4475,0.4475,2.613,18.5119,0.0,0.433
2815,1102,134.7,8.6,189.95,217.13,0.5669,0.5669,3.3563,10.6716,0.0,0.4989
2815,1387,142.7,9.04,174.59,49.67,0.4417,0.4417,30.2832,13.6171,11.452,0.2874
2816,1385,3.84,13.23,61.34,180.91,0.231,0.1155,4.5731,20.8372,0.0,0.0811
2816,1160,204.85,31.0,264.71,263.83,0.5928,0.5928,2.6281,18.2632,0.0,0.5727
2816,1102,133.51,8.73,188.24,216.4,0.7949,0.7949,3.3718,10.6227,0.0,0.698
2817,1385,13.23,14.38,58.94,143.46,0.2261,0.2261,6.1574,19.8221,164.3033,0.0709
2817,1160,204.95,31.84,264.44,264.94,0.3567,0.3567,2.6135,18.3893,0.0,0.3452
2817,1102,130.66,9.14,184.92,214.68,0.7104,0.7104,3.4087,10.5124,0.0,0.6204
2817,1387,137.29,9.22,169.42,48.98,0.3442,0.3442,31.2175,13.8836,157.2544,0.1114
2818,1385,10.96,13.18,64.96,166.88,0.5391,0.5391,5.0498,19.8164,18.6112,0.3394
2818,1160,203.39,20.53,265.03,265.35,0.2161,0.2161,2.6076,18.4119,0.0,0.2093
2818,1102,129.03,9.76,183.4,214.35,0.6958,0.6958,3.4165,10.5366,0.0,0.6069
2818,1387,134.68,9.9,166.67,48.74,0.3184,0.3184,31.5613,14.0169,149.3672,0.103
2819,1385,10.64,12.26,67.45,175.35,0.3008,0.3008,4.7329,19.8834,19.7612,0.1994
2819,1160,205.2,26.77,265.26,264.58,0.498,0.498,2.6188,18.3756,0.0,0.4816
2819,1102,127.3,10.07,181.69,213.45,0.4504,0.4504,3.4364,10.4982,0.0,0.3917
2819,1395,13.02,11.71,39.4,48.7,0.3364,0.3364,33.6831,24.3776,0.0,0.2143
2820,1385,8.87,10.5,66.51,176.02,0.4844,0.4844,4.7154,20.0696,0.0,0.3315
2820,1160,204.72,31.37,263.22,265.02,0.5537,0.5537,2.6116,18.3603,0.0,0.5361
2820,1102,126.35,10.74,180.68,213.0,0.6177,0.6177,3.4465,10.4875,0.0,0.5363
2820,1395,13.33,10.28,40.79,48.83,0.3433,0.3433,33.4687,24.2834,15.9685,0.2143
2821,1385,8.75,10.53,66.29,176.01,0.6826,0.6826,4.7164,20.0903,0.0,0.467
2821,1160,204.02,32.78,261.87,264.99,0.3389,0.3389,2.6108,18.3032,0.0,0.3282
2821,1102,125.72,10.71,180.88,213.27,0.7075,0.7075,3.4409,10.5332,0.0,0.6148
2822,1385,8.85,10.45,64.75,170.21,0.561,0.561,4.9277,20.033,160.9642,0.1811
2822,1160,203.02,32.02,261.01,265.17,0.2502,0.2502,2.6075,18.2767,0.0,0.2424
2822,1102,123.78,10.31,179.61,213.91,0.5938,0.5938,3.4287,10.6975,0.0,0.5168
2822,1396,181.18,0.08,208.12,106.17,0.4863,0.2432,8.6727,5.8018,0.0,0.1617
2823,1385,8.67,10.51,63.52,165.94,0.4387,0.4387,5.0952,20.0316,161.5254,0.1374
2823,1160,206.39,26.3,266.29,265.04,0.3594,0.3594,2.6141,18.4896,0.0,0.3477
2823,1102,125.05,10.15,180.95,212.01,0.625,0.625,3.4678,10.3855,0.0,0.5409
2823,1395,13.31,10.41,40.59,48.73,0.3594,0.3594,33.6187,24.3008,176.0298,0.1092
2824,1385,5.73,10.44,63.59,175.17,0.4756,0.4756,4.7577,20.4204,20.2401,0.3127
2824,1160,208.13,26.36,268.54,264.81,0.5273,0.5273,2.6195,18.5731,0.0,0.5097
2824,1102,124.81,10.09,181.92,214.9,0.8296,0.8296,3.4069,10.7412,0.0,0.7244
2824,1395,14.72,11.03,41.54,48.83,0.2903,0.2903,33.4402,24.1751,25.4299,0.1757
2825,1385,5.2,10.6,64.83,180.69,0.6768,0.6768,4.5701,20.535,20.4216,0.4615
2825,1160,207.23,34.56,265.77,264.72,0.5581,0.5581,2.6184,18.4609,0.0,0.5397
2825,1102,124.54,9.6,182.48,216.16,0.8101,0.8101,3.381,10.8977,0.0,0.7101
2825,1395,14.97,10.93,41.74,48.76,0.3025,0.3025,33.5369,24.1568,0.0,0.1928
2825,1396,179.41,0.4,206.11,104.97,0.4253,0.2127,8.8101,5.8721,159.9401,0.0705
2826,1385,4.81,10.75,64.94,181.8,0.4883,0.2442,4.5349,20.5868,0.0,0.1727
2826,1160,207.24,39.8,266.22,265.06,0.3757,0.3757,2.6143,18.5133,0.0,0.3635
2826,1102,125.65,10.24,182.9,213.29,0.563,0.563,3.4399,10.4879,0.0,0.4893
2826,1396,178.58,0.33,205.69,105.79,0.459,0.2295,8.7143,5.734,0.0,0.1526
2827,1385,4.94,11.08,65.68,184.19,0.603,0.3015,4.4577,20.6121,0.0,0.2164
2827,1160,209.09,37.13,269.24,264.81,0.6113,0.6113,2.6205,18.6199,0.0,0.5908
2827,1102,125.64,10.85,181.94,208.34,0.3887,0.3887,3.547,9.871,154.3248,0.203
2827,1396,176.4,0.16,203.92,105.75,0.4863,0.2432,8.7177,5.6609,0.0,0.1617
2827,1395,15.17,10.89,41.79,48.71,0.3503,0.3503,33.6073,24.1473,0.0,0.2233
2828,1385,5.03,11.21,65.81,184.77,0.6655,0.6655,4.4393,20.6184,0.0,0.4792
2828,1160,210.08,37.14,270.77,264.62,0.5796,0.5796,2.6246,18.67,0.0,0.5598
2828,1102,126.73,10.99,184.07,210.71,0.5918,0.5918,3.4941,10.0975,0.0,0.5103
2828,1395,15.35,10.96,41.85,48.67,0.2546,0.2546,33.6634,24.1377,0.0,0.1623
2829,1385,4.34,11.44,65.09,184.38,0.7393,0.3696,4.4542,20.6905,0.0,0.2654
2829,1160,208.69,28.85,271.79,264.83,0.4148,0.4148,2.6216,18.6835,0.0,0.4008
2829,1102,128.41,10.94,187.13,213.72,0.7656,0.7656,3.4287,10.3862,0.0,0.6666
2830,1385,4.81,11.62,61.87,170.86,0.6504,0.3252,4.9187,20.4776,160.9333,0.1051
2830,1160,208.27,30.12,271.67,264.17,0.332,0.332,2.6299,18.5919,0.0,0.3205
2830,1102,130.62,11.19,190.06,214.02,0.7129,0.7129,3.421,10.3236,0.0,0.6215
2831,1385,10.11,11.37,61.9,153.87,0.314,0.314,5.6196,19.875,162.6706,0.0984
2831,1102,132.5,11.28,192.38,214.5,0.5039,0.5039,3.41,10.3134,0.0,0.44
2831,1397,145.36,12.0,176.84,48.78,0.3999,0.3999,31.4589,13.6659,0.0,0.2628
2832,1385,3.35,11.89,64.08,179.0,0.667,0.3335,4.6312,20.643,20.4967,0.2246
2832,1102,134.55,12.79,194.44,215.04,0.6758,0.6758,3.398,10.3215,0.0,0.5912
2832,1160,203.45,33.35,264.83,264.74,0.5527,0.5527,2.6154,18.3362,0.0,0.5348
2833,1385,0.33,12.95,67.12,198.5,0.4233,0.2117,4.0558,21.354,22.8558,0.1574
2833,1102,135.76,13.08,196.1,216.16,0.7583,0.7583,3.3745,10.4335,0.0,0.6657
2834,1385,6.31,13.82,68.81,190.11,0.3208,0.3208,4.2715,20.5554,155.3909,0.1313
2834,1102,140.35,13.64,201.27,215.46,0.5078,0.5078,3.3874,10.2292,0.0,0.445
2834,1395,15.48,13.7,43.72,54.49,0.3416,0.3416,26.7522,23.6709,3.6436,0.2179
2835,1385,4.2,14.73,65.2,185.06,0.3877,0.1938,4.4333,20.7154,157.5709,0.0751
2835,1102,140.96,13.75,202.07,214.89,0.8125,0.8125,3.3989,10.1385,0.0,0.7109
2835,1160,207.37,30.12,270.15,264.71,0.5371,0.5371,2.6213,18.5854,0.0,0.5191
2836,1385,2.64,14.49,64.04,184.94,0.4873,0.2437,4.4425,20.8755,0.0,0.1752
2836,1102,141.24,12.1,202.6,211.32,0.6714,0.6714,3.4739,9.6382,0.0,0.5811
2836,1160,207.43,30.08,270.63,264.71,0.3567,0.3567,2.6216,18.6006,0.0,0.3447
2837,1385,2.35,14.96,63.97,184.85,0.5205,0.2602,4.446,20.8942,0.0,0.187
2837,1102,141.56,11.94,203.61,210.06,0.7305,0.7305,3.5009,9.4528,0.0,0.6297
2837,1160,204.88,33.83,266.11,264.8,0.3416,0.3416,2.6162,18.4157,0.0,0.3305
2837,1328,124.21,32.12,146.37,52.1,0.5215,0.5215,27.5804,14.3578,0.0,0.3422
2838,1385,8.33,15.03,67.83,180.96,0.6665,0.6665,4.5488,20.169,145.5453,0.2486
2838,1102,143.26,4.31,206.4,204.37,0.7422,0.3711,3.628,8.6293,153.1892,0.1902
2838,1160,207.58,33.01,269.52,264.46,0.6836,0.6836,2.6243,18.5445,0.0,0.6604
2838,1328,124.27,32.17,146.45,51.86,0.5449,0.5449,27.837,14.3827,176.3205,0.1759
2839,1385,5.1,15.41,67.15,186.54,0.6738,0.6738,4.3825,20.595,23.0825,0.4723
2839,1102,145.68,7.32,207.67,201.7,0.6768,0.6768,3.6905,8.2368,0.0,0.567
2839,1160,208.1,30.0,271.28,264.42,0.5322,0.5322,2.6263,18.6047,0.0,0.514
2840,1385,3.53,15.73,65.98,187.56,0.4668,0.2334,4.3573,20.7965,0.0,0.1705
2840,1102,148.29,8.6,208.8,195.84,0.4668,0.4668,3.8348,7.4008,155.0204,0.2268
2840,1160,206.26,15.54,273.23,264.4,0.5488,0.5488,2.6266,18.6055,0.0,0.53
2841,1385,0.0,15.66,73.72,225.71,0.4141,0.2071,3.4302,22.4315,26.397,0.169
2841,1102,152.13,8.05,212.69,193.72,0.7642,0.7642,3.8896,7.1068,0.0,0.6207
2841,1160,206.83,26.36,270.87,264.49,0.6875,0.6875,2.6243,18.565,0.0,0.6642
2841,1401,176.04,8.19,200.84,40.04,0.3108,0.3108,50.8353,14.6407,0.0,0.2038
2842,1102,153.9,8.32,213.64,192.34,0.709,0.709,3.9261,6.9242,0.0,0.5725
2842,1160,207.27,33.35,269.68,264.8,0.7051,0.7051,2.6198,18.5798,0.0,0.6816
2843,1102,155.81,6.65,215.43,192.37,0.4766,0.4766,3.9255,6.9537,0.0,0.3848
2843,1160,206.54,19.63,272.38,264.54,0.5107,0.5107,2.6244,18.6054,0.0,0.4933
2844,1102,159.62,6.6,219.43,191.69,0.6636,0.6636,3.9445,6.9447,0.0,0.5342
2844,1160,207.26,29.51,270.9,264.9,0.562,0.562,2.6192,18.6255,0.0,0.5433
2844,1385,6.36,17.81,71.37,196.19,0.3757,0.3757,4.0976,20.6508,157.181,0.1624
2845,1102,159.77,6.31,219.46,192.06,0.457,0.457,3.9346,6.9985,0.0,0.3684
2845,1160,207.97,34.56,270.63,264.76,0.7285,0.7285,2.6213,18.6217,0.0,0.704
2845,1385,1.46,18.11,78.45,230.17,0.5029,0.2515,3.3353,22.3839,27.073,0.2079
2846,1102,162.42,3.14,221.96,191.13,0.4534,0.2267,3.9604,6.9517,0.0,0.182
2846,1160,206.26,16.71,273.24,264.61,0.5068,0.5068,2.6238,18.6301,0.0,0.4896
2846,1385,1.51,18.87,81.49,241.31,0.269,0.1345,3.1342,22.9747,28.4841,0.1141
2847,1102,170.51,7.35,230.54,190.07,0.2998,0.2998,3.9932,7.1996,0.0,0.2393
2847,1160,207.05,29.06,270.95,264.65,0.2134,0.2134,2.6224,18.592,0.0,0.2062
2848,1102,175.41,5.5,237.47,191.52,0.6504,0.6504,3.9579,7.7561,0.0,0.522
2848,1160,205.2,11.37,273.69,265.22,0.3621,0.3621,2.6155,18.6832,0.0,0.3502
2848,1385,1.12,19.62,81.21,242.06,0.5869,0.2934,3.1227,23.0605,0.0,0.2613
2849,1102,171.29,4.55,232.24,191.43,0.5815,0.2908,3.957,7.4467,0.0,0.2334
2849,1385,0.0,19.57,75.87,243.96,0.5225,0.2612,3.1011,23.5127,0.0,0.2331
2850,1102,172.98,4.02,233.84,191.05,0.5767,0.2883,3.9683,7.4984,0.0,0.2311
2851,1102,175.82,4.02,236.91,190.2,0.7559,0.378,3.9936,7.5889,0.0,0.3016
2851,1385,0.0,19.75,73.41,243.42,0.4961,0.248,3.1137,23.597,0.0,0.2208
2852,1102,176.46,4.31,237.23,188.78,0.4717,0.2359,4.0331,7.4502,0.0,0.187
2853,1102,177.32,4.81,238.99,191.18,0.6982,0.3491,3.9684,7.8353,0.0,0.2797
2853,1385,4.12,21.44,60.39,177.61,0.4456,0.2228,4.6841,20.7819,160.0365,0.0788
2854,1102,178.4,4.91,239.14,186.99,0.7393,0.3696,4.085,7.3822,157.2482,0.1673
2854,1414,142.51,0.38,177.9,113.64,0.3372,0.1686,7.8982,5.1869,0.0,0.1122
2854,1385,4.71,22.09,60.84,175.21,0.6489,0.3245,4.7645,20.6534,0.0,0.2195
2855,1102,178.82,4.58,239.57,186.35,0.7598,0.3799,4.1036,7.3412,0.0,0.2976
2855,1414,140.71,0.3,176.19,113.63,0.5991,0.2995,7.901,5.3286,0.0,0.1993
2856,1102,176.36,3.72,235.68,184.65,0.4961,0.248,4.1503,6.8928,0.0,0.1929
2856,1414,142.4,1.1,174.62,103.73,0.3674,0.1837,8.9666,6.522,169.2621,0.0608
2857,1102,178.02,2.75,237.14,184.99,0.7349,0.3674,4.1416,7.054,0.0,0.2861
2857,1414,137.44,0.46,172.02,109.66,0.5312,0.2656,8.3029,6.0954,13.7981,0.174
2858,1102,177.0,1.47,233.67,180.12,0.6802,0.3401,4.2862,6.3058,156.196,0.1451
2858,1414,137.65,0.13,171.87,108.53,0.4639,0.2319,8.4229,6.2227,168.578,0.0769
2859,1102,177.45,0.53,232.54,178.12,0.269,0.1345,4.3487,6.0471,0.0,0.1011
2859,1160,200.04,0.0,272.17,264.66,0.5098,0.2549,2.6188,18.4323,0.0,0.2465
2860,1160,193.4,0.0,268.12,263.97,0.5059,0.253,2.6218,18.07,0.0,0.2447
2860,1385,3.79,23.79,83.15,245.72,0.582,0.291,3.0562,23.0949,29.1038,0.2494
2860,1414,138.17,0.0,161.19,69.16,0.5391,0.2696,16.5145,11.4336,174.088,0.0881
2861,1160,197.02,0.0,271.86,264.29,0.3647,0.1824,2.6217,18.2991,0.0,0.1763
2861,1385,5.46,23.83,76.47,226.75,0.4243,0.4243,3.3968,22.0599,153.4085,0.2218
2861,1102,179.81,0.0,233.84,176.46,0.3398,0.1699,4.4036,6.0207,0.0,0.1265
2862,1160,192.67,0.0,269.18,264.79,0.355,0.1775,2.6112,18.1762,0.0,0.1719
2862,1385,7.27,23.75,83.0,244.03,0.5059,0.5059,3.0787,22.8097,29.0904,0.4324
2862,1102,185.56,0.0,239.05,172.48,0.4697,0.2349,4.5418,6.1565,148.4883,0.0922
2863,1160,190.15,0.0,267.95,264.99,0.6841,0.3421,2.6067,18.1073,0.0,0.3315
2863,1385,8.01,23.45,84.41,249.94,0.395,0.395,2.9821,23.1432,0.0,0.359
2863,1102,187.16,0.0,242.06,175.62,0.3276,0.1638,4.4386,6.6968,25.8929,0.1156
2863,1414,134.48,0.0,156.18,62.18,0.5312,0.2656,19.7833,12.5477,174.2611,0.0864
2864,1160,189.91,0.0,268.67,265.17,0.6167,0.3084,2.6046,18.1406,0.0,0.2989
2864,1385,11.91,22.64,88.94,251.92,0.3208,0.3208,2.9403,22.8972,0.0,0.2935
2864,1414,130.56,0.0,159.35,82.25,0.4824,0.2412,12.5906,10.0837,7.6969,0.1588
2865,1160,187.85,0.0,266.88,266.08,0.6738,0.3369,2.5909,18.1581,0.0,0.3272
2865,1385,12.53,23.24,88.87,253.02,0.6377,0.6377,2.9231,22.9576,0.0,0.5849
2865,1414,128.12,0.0,160.62,92.92,0.709,0.3545,10.5152,8.8659,9.213,0.2334
2866,1160,196.99,7.33,272.29,265.32,0.4092,0.4092,2.6085,18.4311,0.0,0.3963
2866,1385,12.13,23.13,85.98,253.24,0.3503,0.3503,2.9242,23.1279,0.0,0.3211
2866,1414,130.07,0.0,157.79,75.77,0.644,0.322,14.2867,10.9404,173.2142,0.1054
2867,1160,201.44,23.44,271.01,265.22,0.5332,0.5332,2.6116,18.5044,0.0,0.5161
2867,1385,20.45,22.47,94.97,252.77,0.5469,0.5469,2.9084,22.2896,0.0,0.5035
2867,1414,126.82,0.0,159.66,90.99,0.6958,0.3479,10.8434,9.178,8.9328,0.229
2867,1102,187.55,0.41,236.37,158.75,0.5889,0.2944,5.0618,5.0383,161.1536,0.0978
2868,1160,203.05,30.29,269.62,264.7,0.7441,0.7441,2.6185,18.4496,0.0,0.7196
2868,1385,24.54,22.69,101.36,252.77,0.8135,0.8135,2.8952,21.8116,0.0,0.7512
2868,1414,122.44,0.0,162.94,115.07,0.7407,0.3704,7.7891,6.7439,12.3267,0.2432
2868,1102,187.62,0.12,236.76,161.91,0.7363,0.3681,4.933,5.2714,19.0977,0.2415
2869,1160,200.59,16.35,269.47,265.0,0.3896,0.3896,2.6131,18.4142,0.0,0.3771
2869,1385,29.94,21.42,108.99,252.79,0.4736,0.4736,2.8793,21.2285,0.0,0.4389
2869,1414,123.38,0.1,160.7,106.88,0.4514,0.2257,8.6265,7.5747,168.8371,0.0746
2869,1102,187.8,0.11,237.13,165.06,0.457,0.2285,4.8105,5.536,19.5754,0.1534
2870,1160,205.04,14.88,272.93,262.9,0.2651,0.2651,2.6454,18.3885,0.0,0.2554
2870,1414,125.75,1.05,157.79,91.19,0.4534,0.2267,10.8125,9.274,171.0644,0.0746
2871,1160,207.02,17.64,273.65,262.65,0.3867,0.3867,2.6504,18.4379,0.0,0.3723
2871,1414,124.77,2.25,158.05,96.32,0.6655,0.3327,9.992,8.7343,9.7012,0.219
2871,1102,189.02,0.05,237.91,165.86,0.6011,0.3005,4.7813,5.7171,0.0,0.2086
2872,1160,207.73,17.16,273.72,260.69,0.3774,0.3774,2.6771,18.2356,0.0,0.3622
2872,1414,128.05,3.86,155.13,76.78,0.4253,0.2127,14.0021,10.974,173.0729,0.0696
2872,1102,190.16,0.0,239.19,167.32,0.7007,0.3503,4.7282,5.9749,0.0,0.2456
2873,1160,208.79,23.32,272.72,258.57,0.2791,0.2791,2.7061,17.9941,0.0,0.2669
2873,1414,125.6,5.97,157.38,91.84,0.4688,0.4688,10.7021,9.2238,9.0311,0.3086
2873,1102,191.74,0.0,240.49,166.17,0.7695,0.3847,4.7727,6.0586,0.0,0.2674
2874,1160,209.3,28.17,271.79,257.23,0.7363,0.7363,2.7243,17.8276,0.0,0.7025
2874,1414,124.9,7.85,157.82,97.0,0.6387,0.6387,9.8921,8.6648,9.7647,0.4203
2874,1102,193.8,0.0,242.09,166.68,0.7271,0.3635,4.7559,6.3181,0.0,0.2535
2875,1160,209.93,29.04,272.1,256.68,0.459,0.459,2.7326,17.7936,0.0,0.4374
2875,1414,125.06,9.64,157.83,98.47,0.7905,0.7905,9.6821,8.4988,9.963,0.5201
2875,1102,195.95,0.0,242.74,162.88,0.8037,0.4018,4.9033,6.2379,159.9247,0.1383
2876,1160,210.3,29.49,272.24,255.56,0.7686,0.7686,2.7487,17.6815,0.0,0.731
2876,1414,121.86,11.73,162.07,123.87,0.5254,0.5254,7.0476,6.1518,13.5621,0.3444
2876,1102,197.84,0.03,244.47,163.41,0.5908,0.2954,4.885,6.5018,0.0,0.2008
2877,1160,209.76,28.47,271.99,254.8,0.7568,0.7568,2.7589,17.5699,0.0,0.7189
2877,1414,121.47,14.01,162.88,131.79,0.5869,0.5869,6.4839,5.6852,14.6916,0.3839
2877,1102,199.32,0.01,245.39,161.77,0.7202,0.3601,4.9516,6.5626,0.0,0.2416
2877,1385,41.05,16.95,119.18,252.09,0.4358,0.4358,2.8658,20.2349,0.0,0.4056
2878,1160,210.5,27.39,272.42,251.07,0.7285,0.7285,2.8136,17.1822,0.0,0.6872
2878,1414,122.03,16.68,162.58,133.76,0.2302,0.2302,6.3564,5.5877,14.9835,0.1505
2878,1102,201.57,0.01,246.58,157.61,0.5488,0.2744,5.1261,6.5905,160.5102,0.0909
2879,1160,209.74,18.94,273.97,248.68,0.5972,0.5972,2.8496,16.9374,0.0,0.5607
2879,1102,210.68,0.0,243.19,103.63,0.562,0.281,9.0288,8.814,169.3349,0.0926
2879,1385,46.24,14.18,122.02,243.73,0.2659,0.2659,2.9855,19.1104,146.4949,0.1552
2880,1160,209.85,20.18,272.65,243.11,0.3389,0.3389,2.9344,16.2679,0.0,0.3147
2880,1102,216.42,0.0,244.26,80.16,0.4883,0.2442,13.1454,11.5096,172.5875,0.0797
2881,1160,209.71,16.42,273.42,241.13,0.457,0.457,2.9664,16.0679,0.0,0.4226
2882,1160,208.25,5.35,259.42,185.7,0.6396,0.6396,4.1527,9.679,157.4104,0.2824
2883,-1,207.56,0.0,255.66,77.2,0.3831,0.1915,13.9344,11.9381,0.0,0.1263
2884,1434,208.57,0.06,251.95,69.67,0.395,0.1975,16.397,12.6659,0.0,0.1301
2885,1434,208.07,0.1,252.36,71.24,0.5796,0.2898,15.8148,12.4852,6.1355,0.1904
2885,1160,207.08,20.75,266.82,224.97,0.5498,0.5498,3.2405,13.9251,27.8683,0.4689
2886,1434,208.21,0.13,252.19,70.93,0.3372,0.1686,15.9265,12.519,173.8857,0.0549
2886,1160,206.07,15.7,269.84,230.75,0.3567,0.3567,3.1365,14.6442,29.0559,0.3076
2887,1434,208.68,0.09,251.5,69.11,0.4805,0.2402,16.6139,12.7164,174.1305,0.0781
2887,1160,206.11,21.21,270.57,232.73,0.5078,0.5078,3.1023,14.8942,0.0,0.4613
2887,1385,61.54,15.09,130.21,227.08,0.5098,0.5098,3.2474,16.4958,145.7425,0.2821
2888,1434,209.68,0.1,250.85,66.56,0.4941,0.247,17.6817,13.02,174.5051,0.0802
2888,1160,206.25,20.02,272.76,233.37,0.5728,0.5728,3.0928,15.0517,0.0,0.521
2888,1385,68.82,15.16,121.68,172.41,0.4321,0.4321,4.6418,12.6191,159.8606,0.1612
2889,1434,209.56,0.11,249.87,65.2,0.6689,0.3345,18.304,13.1356,174.1919,0.1086
2889,1160,206.79,26.2,273.46,233.16,0.6318,0.6318,3.0973,15.0746,0.0,0.5742
2889,1385,70.03,15.07,118.19,155.48,0.4678,0.4678,5.3146,12.2454,162.2619,0.1524
2890,1434,197.13,1.08,261.13,107.5,0.4282,0.2141,8.5839,8.7153,11.2047,0.1405
2890,1160,204.01,24.0,272.42,233.15,0.6514,0.6514,3.0949,14.9321,0.0,0.5924
2890,1385,70.07,14.94,121.91,168.2,0.4504,0.4504,4.7914,12.3512,19.595,0.3006
2890,1439,115.34,13.88,170.58,96.53,0.5469,0.5469,9.9573,8.576,0.0,0.3626
2891,1160,204.67,26.42,274.19,233.45,0.8252,0.8252,3.0914,15.0551,0.0,0.7507
2891,1385,71.6,15.07,119.58,157.02,0.3452,0.3452,5.2422,12.0745,162.0265,0.1125
2892,1160,202.26,27.19,272.51,233.02,0.7148,0.7148,3.096,14.8569,0.0,0.65
2892,1385,74.67,15.45,122.36,158.23,0.4446,0.4446,5.1815,11.7049,0.0,0.2933
2892,1443,209.93,0.16,247.94,67.81,0.4072,0.2036,17.1358,12.7784,0.0,0.1341
2892,1439,121.5,10.75,164.97,76.06,0.6094,0.6094,14.2039,10.9504,173.1696,0.1994
2893,1160,202.15,27.21,273.67,232.88,0.8237,0.8237,3.0991,14.8794,0.0,0.7487
2893,1385,76.01,15.77,123.22,158.57,0.4312,0.4312,5.1639,11.564,0.0,0.2845
2893,1443,209.55,0.23,246.81,66.51,0.5137,0.2569,17.693,12.8733,173.5326,0.0835
2893,1439,125.32,9.35,161.61,63.91,0.564,0.564,18.8735,12.4338,174.8478,0.1836
2894,1160,202.31,27.59,274.84,232.96,0.7471,0.7471,3.0986,14.9372,0.0,0.6791
2894,1385,78.05,15.98,124.27,155.99,0.4814,0.4814,5.2716,11.2954,158.7794,0.1574
2894,1443,208.85,0.22,245.89,66.08,0.4727,0.2364,17.8824,12.8654,168.0813,0.0768
2894,1439,125.29,8.61,161.53,63.22,0.7358,0.7358,19.2296,12.5228,174.9403,0.2394
2895,1160,199.48,27.37,272.79,232.75,0.8135,0.8135,3.099,14.7361,0.0,0.7396
2895,1385,79.94,15.95,124.27,149.74,0.3711,0.3711,5.5592,11.0689,162.6566,0.1214
2895,1443,207.82,0.27,245.2,66.7,0.4766,0.2383,17.6004,12.7323,9.2174,0.1559
2895,1439,125.82,8.25,161.08,61.46,0.6533,0.6533,20.1993,12.7401,175.1835,0.2124
2896,1160,198.73,26.92,272.8,232.44,0.7217,0.7217,3.1039,14.6744,0.0,0.6557
2896,1385,80.94,15.87,124.59,146.89,0.2095,0.2095,5.6996,10.9559,162.7581,0.0686
2896,1439,125.76,8.05,160.95,61.3,0.7202,0.7202,20.2927,12.7653,0.0,0.4742
2897,1160,201.43,24.8,269.84,211.23,0.272,0.272,3.5154,12.3291,154.1642,0.1424
2897,1439,125.11,7.98,160.83,62.14,0.7827,0.7827,19.8156,12.6821,5.4662,0.5142
2897,1443,206.66,0.06,243.66,65.88,0.4727,0.2364,17.9627,12.7351,169.2906,0.0768
2898,1160,199.41,25.63,272.57,225.02,0.7212,0.7212,3.2382,13.8564,27.7572,0.6156
2898,1439,124.65,8.01,160.45,62.33,0.4766,0.4766,19.7122,12.6823,12.2697,0.3102
2898,1443,205.67,0.04,242.45,65.68,0.459,0.2295,18.0497,12.6844,0.0,0.1511
2898,1385,83.85,21.05,129.96,156.29,0.3398,0.3398,5.243,10.517,19.0709,0.2184
2899,1160,204.19,25.9,272.06,210.08,0.5469,0.5469,3.5441,12.4306,154.2701,0.2842
2899,1439,123.98,7.78,159.37,61.33,0.4141,0.4141,20.2829,12.8562,173.7026,0.1346
2899,1443,205.06,0.06,241.57,65.42,0.4397,0.2198,18.1674,12.6659,163.4095,0.0715
2899,1385,83.23,17.19,134.28,168.61,0.2878,0.2878,4.7442,10.691,19.7944,0.1943
2900,1439,124.7,7.14,157.83,56.97,0.3252,0.3252,23.1788,13.4195,175.7956,0.1054
2900,1443,194.22,0.09,250.21,103.55,0.5547,0.2773,9.0265,8.331,10.6659,0.1823
2900,1385,86.83,16.16,133.98,154.67,0.3584,0.3584,5.3062,10.0011,161.9997,0.1177
2901,1439,126.21,7.13,158.42,55.69,0.2161,0.2161,24.1822,13.5218,174.6813,0.07
2901,1443,190.8,0.05,251.32,115.26,0.4226,0.2113,7.779,7.1549,12.3555,0.1387
2901,1385,87.7,16.01,134.99,154.67,0.2935,0.2935,5.3039,9.8718,0.0,0.1942
2902,1385,91.25,16.19,138.01,153.46,0.5186,0.5186,5.3509,9.3936,0.0,0.3434
2902,1450,127.06,6.97,161.79,152.35,0.5127,0.5127,5.3473,5.2294,0.0,0.3411
2902,1160,200.72,24.91,274.83,227.84,0.8076,0.8076,3.1886,14.3066,28.0726,0.6934
2903,1385,91.73,16.22,139.34,155.71,0.3269,0.3269,5.2476,9.3194,18.9021,0.2106
2903,1450,139.58,8.05,173.08,145.65,0.2081,0.2081,5.6603,3.401,147.726,0.0692
2903,1160,199.54,23.17,274.4,230.37,0.687,0.687,3.1419,14.5284,0.0,0.6209
2904,1160,197.22,16.87,273.56,231.73,0.4407,0.4407,3.1158,14.5668,0.0,0.3998
2904,1455,200.49,0.19,236.91,62.67,0.3867,0.1933,19.5321,12.7124,0.0,0.1273
2905,1160,200.22,21.09,274.43,231.94,0.7056,0.7056,3.1147,14.731,0.0,0.64
2906,1160,196.49,20.25,269.73,231.57,0.6167,0.6167,3.1157,14.3871,0.0,0.5596
2907,1160,198.2,21.53,269.82,230.47,0.7769,0.7769,3.1362,14.3245,0.0,0.7029
2907,1450,143.97,9.42,177.1,137.57,0.4932,0.4932,6.1015,2.9392,162.4433,0.1642
2908,1160,194.2,12.24,266.58,228.33,0.5879,0.5879,3.17,13.8231,0.0,0.5297
2908,1439,125.87,8.73,158.72,57.36,0.3904,0.3904,22.8822,13.3147,4.2521,0.2564
2909,1160,195.67,17.54,264.24,226.23,0.6885,0.6885,3.2079,13.549,0.0,0.6171
2909,1450,140.08,9.32,175.86,146.33,0.3784,0.3784,5.6241,3.1758,17.5616,0.2462
2910,1160,193.66,9.91,263.0,225.17,0.457,0.457,3.2257,13.3119,0.0,0.4087
2911,1160,195.05,12.62,260.98,220.2,0.7041,0.7041,3.3205,12.7122,0.0,0.6213
2911,1385,97.28,10.64,167.77,216.64,0.5918,0.5918,3.391,12.2624,27.272,0.4951
2912,1160,195.76,16.21,259.36,217.3,0.6909,0.6909,3.3777,12.3445,0.0,0.6047
2913,1160,195.23,17.87,256.78,215.11,0.5459,0.5459,3.4207,11.9765,0.0,0.4749
2913,1385,103.97,14.06,177.07,226.5,0.4561,0.4561,3.1915,12.9024,33.7749,0.3845
2914,1160,201.0,19.07,262.34,210.56,0.7305,0.7305,3.5244,11.9171,144.0422,0.382
2914,1385,106.77,15.26,178.3,222.6,0.2186,0.2186,3.2627,12.3027,0.0,0.1947
2915,1160,195.52,15.08,256.95,209.28,0.5127,0.5127,3.5454,11.3296,0.0,0.4379
2916,1160,190.61,13.73,251.19,208.47,0.4941,0.4941,3.5572,10.8258,0.0,0.4215
2917,1160,190.29,14.74,249.41,205.42,0.5757,0.5757,3.6249,10.3913,0.0,0.4862
2918,1160,187.76,6.21,249.39,206.96,0.5244,0.5244,3.5885,10.4777,0.0,0.4454
2918,1385,125.65,17.3,192.16,212.89,0.3108,0.3108,3.4455,10.2291,134.4973,0.1664
2919,1160,188.26,8.35,249.09,207.35,0.6802,0.6802,3.5799,10.5311,0.0,0.5784
2919,1385,130.93,16.77,194.05,205.83,0.3364,0.3364,3.5983,9.1435,151.8405,0.1736
2920,1160,187.1,4.05,248.6,207.28,0.4121,0.2061,3.5806,10.4636,0.0,0.1752
2920,1450,146.6,16.29,186.23,161.27,0.5908,0.5908,4.9439,3.15,21.4398,0.3844
2922,1385,147.72,14.59,200.49,166.58,0.3459,0.3459,4.7362,3.3451,159.4501,0.1273
2922,1160,189.63,12.78,247.94,206.85,0.6592,0.6592,3.5912,10.48,0.0,0.5596
2924,-1,148.08,2.25,242.3,208.97,0.2167,0.1084,3.5271,9.4873,0.0,0.093
2925,1160,188.24,14.47,245.14,207.19,0.3701,0.3701,3.5815,10.3711,0.0,0.3147
2926,-1,152.72,0.84,240.47,207.56,0.3425,0.1713,3.5589,9.3432,0.0,0.1463
2927,1385,164.26,0.77,222.53,157.15,0.373,0.1865,5.1145,2.6917,143.4873,0.0621
2929,1160,165.31,6.75,234.89,236.99,0.4092,0.4092,2.9947,13.4028,32.8897,0.3566
2930,1160,163.5,9.42,230.39,225.76,0.2473,0.2473,3.1896,11.8121,150.8923,0.1404
2931,1160,165.96,3.08,223.43,182.88,0.3259,0.163,4.1957,5.9433,157.9024,0.0715
2932,1160,166.67,0.78,222.94,175.1,0.2727,0.1363,4.4403,4.9307,159.0504,0.0555
2933,-1,180.28,0.14,224.72,67.89,0.2167,0.1084,17.0048,11.2429,0.0,0.0715
2934,1455,191.83,10.15,225.56,68.31,0.498,0.498,16.8487,11.4609,0.0,0.3287
2935,1455,192.94,10.82,227.25,70.09,0.2372,0.2372,16.1577,11.3031,7.7648,0.1559
2936,1455,195.29,10.65,229.71,68.38,0.2415,0.2415,16.8322,11.6485,170.1979,0.0788
2938,-1,163.69,8.16,246.94,231.75,0.3328,0.3328,3.0865,12.8845,0.0,0.304
2939,1160,156.3,0.0,192.08,107.19,0.501,0.2505,8.5529,5.3324,168.2756,0.0831
2941,-1,166.64,11.11,251.86,248.91,0.3184,0.3184,2.813,15.2581,0.0,0.3014
2942,-1,174.38,14.06,251.44,186.89,0.3711,0.3711,4.0916,7.7112,0.0,0.2912
2942,-1,148.5,0.14,193.5,104.06,0.2637,0.1318,8.9158,5.8548,0.0,0.0877
2942,-1,215.44,14.48,248.62,67.36,0.224,0.224,17.3424,13.0622,0.0,0.1474
2943,1476,147.79,0.08,193.76,106.31,0.3567,0.1784,8.6532,5.5509,0.0,0.1186
2944,-1,153.28,0.84,264.09,183.94,0.2942,0.1471,4.1733,7.0213,0.0,0.1139
2944,-1,190.12,13.5,264.38,179.16,0.2379,0.2379,4.3406,8.3914,0.0,0.1787
2945,-1,194.62,14.62,264.94,185.34,0.4912,0.4912,4.157,9.2058,0.0,0.3806
2945,-1,160.03,0.04,186.47,70.49,0.3381,0.1691,15.967,10.4752,0.0,0.1118
2946,1481,191.45,14.06,262.48,186.36,0.4534,0.4534,4.1234,9.0014,0.0,0.3534
2947,1481,192.59,19.36,260.92,184.5,0.3657,0.3657,4.1772,8.8068,0.0,0.2825
2948,1450,158.21,13.32,214.19,185.62,0.6538,0.6538,4.1125,6.0164,0.0,0.512
2949,1450,156.36,5.66,213.94,185.74,0.3804,0.3804,4.1089,6.0132,0.0,0.2981
2950,1450,157.14,7.15,213.61,185.95,0.542,0.542,4.1029,6.0467,0.0,0.4252
2951,1450,157.06,12.39,211.79,185.81,0.6113,0.6113,4.1068,6.0113,0.0,0.4792
2951,1481,200.58,18.63,292.35,246.08,0.668,0.668,2.8957,16.9666,32.2275,0.5888
2952,1450,156.97,11.73,211.48,185.72,0.5796,0.5796,4.1093,5.9957,0.0,0.4542
2952,1489,149.03,0.02,171.82,55.0,0.4158,0.2079,24.6861,12.857,0.0,0.1369
2953,1450,153.13,14.36,208.09,185.48,0.6665,0.6665,4.116,5.932,0.0,0.5217
2953,1489,147.35,0.06,170.29,55.42,0.646,0.323,24.3354,12.8501,15.9985,0.2085
2954,1450,154.92,15.27,209.14,185.18,0.7075,0.7075,4.1247,5.8958,0.0,0.553
2954,1489,145.65,0.1,168.52,55.37,0.4341,0.217,24.3828,12.9139,114.7088,0.0705
2955,1450,153.69,7.94,210.69,185.42,0.3469,0.3469,4.1178,5.931,0.0,0.2715
2955,1481,208.57,23.19,300.17,254.95,0.3721,0.3721,2.7765,18.4973,41.9425,0.3202
2956,1450,154.86,11.91,210.01,184.68,0.6152,0.6152,4.1393,5.8281,0.0,0.4797
2957,1450,149.72,4.34,207.85,184.08,0.543,0.2715,4.1568,5.7351,0.0,0.2111
2957,1493,237.68,13.91,268.11,48.47,0.4321,0.4321,32.359,16.7502,0.0,0.282
2957,1481,221.28,25.63,297.39,218.74,0.4302,0.4302,3.3992,15.2694,153.3678,0.2302
2958,1450,149.86,3.12,208.5,184.41,0.3433,0.1716,4.1471,5.7805,0.0,0.1337
2958,1481,233.89,26.71,297.4,187.26,0.2323,0.2323,4.1723,13.5131,157.6632,0.1009
2959,-1,139.57,0.07,160.31,96.12,0.3398,0.1699,10.0033,8.0594,0.0,0.1127
2960,1450,144.78,0.41,204.6,181.49,0.2991,0.1495,4.2347,5.4175,143.7592,0.0649
2960,1481,233.46,24.19,303.35,199.72,0.4102,0.4102,3.845,14.6672,24.7268,0.3196
2961,1450,143.41,2.62,202.45,177.99,0.4436,0.2218,4.3439,4.9696,156.3899,0.0931
2961,1481,241.41,23.89,305.13,180.91,0.3857,0.3857,4.3834,14.1028,158.4962,0.1564
2962,1450,139.71,1.17,199.24,176.76,0.6094,0.3047,4.3843,4.9257,0.0,0.2278
2963,1450,137.34,0.45,197.5,175.88,0.5518,0.2759,4.4137,4.9062,0.0,0.2052
2963,1481,248.62,23.21,310.88,170.35,0.3057,0.3057,4.7587,14.4887,158.2588,0.1085
2964,1450,136.41,2.16,196.05,174.18,0.4026,0.2013,4.4705,4.7496,0.0,0.1482
2965,1450,131.07,0.94,191.95,174.71,0.4824,0.2412,4.4552,5.1304,0.0,0.178
2966,1450,128.15,0.5,189.24,173.27,0.3157,0.1578,4.5054,5.1811,0.0,0.1154
2967,1450,123.93,7.63,183.2,172.47,0.3503,0.3503,4.5366,5.5577,0.0,0.2546
2967,1499,230.49,17.89,333.81,244.18,0.4456,0.4456,2.9921,19.7153,0.0,0.4077
2968,1450,120.68,6.92,180.33,170.9,0.2494,0.2494,4.5939,5.7097,0.0,0.1794
2968,1499,233.46,14.31,338.09,243.28,0.2167,0.2167,3.0148,19.9683,0.0,0.1975
2969,1450,125.9,9.19,182.44,169.51,0.3252,0.3252,4.6398,5.1955,0.0,0.232
2969,1481,263.82,22.52,326.08,164.36,0.4006,0.4006,5.0385,16.2984,144.0458,0.1282
2970,1450,123.84,9.64,182.49,170.17,0.2247,0.2247,4.6172,5.3633,0.0,0.1609
2971,1450,126.8,9.79,184.54,172.14,0.5669,0.5669,4.5463,5.323,0.0,0.4114
2971,1481,264.58,22.87,341.18,199.35,0.3748,0.3748,3.9515,18.6522,24.2983,0.2846
2972,1450,128.39,9.45,184.35,170.65,0.3857,0.3857,4.5976,5.0978,0.0,0.2773
2972,1507,112.17,0.0,142.53,96.93,0.3425,0.1713,9.9422,10.031,0.0,0.1133
2972,1499,240.72,22.23,342.12,245.56,0.3286,0.3286,2.9919,20.6866,0.0,0.3
2973,1450,128.81,9.11,183.79,171.52,0.3293,0.3293,4.5672,5.1976,0.0,0.2381
2973,1507,109.15,0.0,141.27,102.41,0.4785,0.2392,9.2034,9.7753,11.3797,0.1568
2973,1499,240.84,21.45,341.91,245.55,0.4253,0.4253,2.9919,20.6816,0.0,0.3883
2974,1499,251.17,21.4,338.93,216.27,0.2161,0.2161,3.5356,18.7931,154.308,0.1104
2975,1511,264.62,21.18,337.37,160.82,0.354,0.354,5.2067,17.0122,0.0,0.2308
2975,1450,124.73,9.2,178.64,172.55,0.2847,0.2847,4.5355,5.7509,0.0,0.207
2976,1511,256.31,21.09,329.96,162.38,0.3513,0.3513,5.1116,16.0176,48.6555,0.1899
2976,1450,124.35,8.57,178.02,174.2,0.3354,0.3354,4.48,5.9684,0.0,0.2462
2977,1511,255.98,21.84,334.18,172.7,0.3584,0.3584,4.7258,16.5447,20.4369,0.2396
2977,1450,124.83,8.34,173.75,161.63,0.3567,0.3567,4.9426,5.0684,160.8781,0.1212
2978,1511,239.71,21.78,337.16,210.93,0.4111,0.4111,3.6328,17.701,25.1571,0.3295
2978,1450,123.31,8.17,173.12,166.5,0.3887,0.3887,4.7554,5.5709,20.2103,0.2632
2979,1511,234.89,21.32,337.47,222.04,0.585,0.585,3.3941,18.2653,26.7527,0.4846
2979,1450,120.68,8.39,171.86,172.57,0.583,0.583,4.5402,6.3177,21.633,0.4095
2980,1511,229.67,20.1,342.5,244.07,0.6074,0.6074,3.0028,20.0655,29.5936,0.528
2980,1450,122.87,8.38,172.31,169.74,0.647,0.647,4.6379,5.9182,0.0,0.4614
2981,1450,120.83,8.02,171.26,173.37,0.4785,0.4785,4.5132,6.4157,22.4975,0.3369
2981,1499,255.8,20.42,333.48,193.19,0.5957,0.5957,4.0876,17.3513,157.3114,0.262
2982,1450,120.36,7.7,171.13,174.9,0.7568,0.7568,4.4621,6.591,0.0,0.5571
2983,1450,121.34,7.3,171.67,174.18,0.7822,0.7822,4.4853,6.4428,0.0,0.5735
2983,1499,257.25,19.89,335.77,193.1,0.7583,0.7583,4.096,17.5714,0.0,0.5851
2984,1450,121.75,6.42,171.72,174.16,0.6416,0.6416,4.4858,6.4167,0.0,0.4704
2984,1499,257.94,20.23,336.79,191.72,0.5293,0.5293,4.1368,17.6056,0.0,0.4055
2985,1450,121.06,5.54,166.72,160.83,0.603,0.603,4.981,5.6983,160.8605,0.2015
2986,1450,120.24,4.54,167.9,167.38,0.4026,0.2013,4.7274,6.1282,19.7788,0.1372
2986,1507,92.77,0.08,127.19,111.77,0.4036,0.2018,8.1981,10.9272,22.7871,0.1281
2986,1499,260.56,20.14,330.67,167.59,0.2712,0.2712,4.9153,16.4645,160.7113,0.0898
2987,1450,119.55,4.38,168.39,171.51,0.5381,0.2691,4.5795,6.4776,20.3907,0.1883
2987,1507,90.59,0.09,125.37,113.05,0.4207,0.2104,8.078,11.1079,22.4874,0.1336
2987,1499,251.4,19.64,318.52,162.07,0.4524,0.4524,5.0949,14.9361,139.8166,0.1457
2988,1450,117.8,3.23,167.33,172.0,0.771,0.3855,4.5641,6.6782,0.0,0.2785
2988,1507,89.01,0.13,123.16,111.04,0.5737,0.2868,8.2871,11.4587,164.9453,0.0937
2988,1499,246.8,18.63,313.51,160.18,0.6538,0.6538,5.1567,14.2574,0.0,0.4292
2988,1517,300.84,27.76,348.06,186.98,0.5947,0.5947,4.3715,20.68,0.0,0.4335
2989,1450,117.59,2.98,165.59,165.91,0.7202,0.3601,4.7853,6.32,160.2903,0.1296
2989,1507,87.44,0.1,122.1,112.44,0.5234,0.2617,8.1504,11.5484,16.57,0.1691
2989,1517,300.63,27.62,349.26,190.93,0.6494,0.6494,4.2578,20.8863,22.2652,0.4668
2990,1450,115.86,2.91,162.14,159.8,0.7544,0.3772,5.0297,6.2802,160.0867,0.125
2990,1507,83.88,0.22,118.84,112.34,0.4272,0.2136,8.1738,11.9875,0.0,0.1408
2990,1517,304.8,27.88,353.9,192.75,0.205,0.205,4.2236,21.4792,0.0,0.1531
2991,1450,115.73,3.1,161.17,157.82,0.7256,0.3628,5.1133,6.2588,0.0,0.2411
2991,1507,82.07,0.16,117.6,113.77,0.5176,0.2588,8.0393,12.1112,17.9295,0.1664
2991,1517,305.87,28.38,354.95,193.24,0.4609,0.4609,4.2141,21.6232,0.0,0.3448
2991,1499,224.41,14.76,317.91,222.5,0.7378,0.7378,3.3494,16.7681,26.968,0.617
2992,1450,113.73,2.89,157.94,155.45,0.771,0.3855,5.2199,6.5192,155.0115,0.1277
2992,1507,80.63,0.14,117.26,116.41,0.7251,0.3625,7.7946,12.1039,13.198,0.2358
2992,1517,307.78,28.55,356.8,193.82,0.3201,0.16,4.2055,21.8667,0.0,0.1198
2992,1499,223.35,13.47,315.13,226.08,0.3821,0.3821,3.2767,16.8925,0.0,0.337
2993,1450,114.07,3.02,157.62,153.76,0.4377,0.2188,5.2953,6.4619,0.0,0.1454
2993,1507,79.85,0.36,116.91,117.72,0.4795,0.2397,7.6788,12.121,13.8576,0.1557
2993,1517,308.89,29.09,357.64,194.16,0.6802,0.3401,4.2,21.9942,0.0,0.2548
2993,1499,229.44,12.71,306.41,193.74,0.5039,0.5039,3.998,14.1988,156.8469,0.2302
2994,1450,111.9,3.08,154.8,152.53,0.6206,0.3103,5.3556,6.7738,0.0,0.2061
2994,1507,77.06,0.35,115.42,120.49,0.4495,0.2248,7.4485,12.2924,16.6648,0.145
2994,1517,310.0,30.05,360.0,200.22,0.6396,0.3198,4.0449,22.439,24.3347,0.2364
2994,1499,236.13,11.96,298.1,155.48,0.4436,0.4436,5.3183,12.4117,162.2144,0.1444
2995,1450,111.11,3.11,153.07,149.4,0.7485,0.3743,5.506,6.8855,161.8383,0.1239
2995,1507,75.68,0.43,112.97,118.73,0.4243,0.2122,7.6064,12.6108,162.8134,0.069
2995,1517,309.41,31.52,360.0,205.96,0.3286,0.1643,3.9002,22.6557,23.5942,0.1248
2995,1499,238.9,10.82,294.69,138.32,0.6489,0.6489,6.2021,12.2901,164.6238,0.2113
2996,1450,109.78,3.23,152.34,151.7,0.7422,0.3711,5.3982,7.0734,19.3199,0.2395
2996,1507,74.67,0.55,112.36,119.89,0.4331,0.2165,7.51,12.6735,0.0,0.1426
2996,1499,233.78,10.46,288.96,131.36,0.5557,0.5557,6.6235,11.6537,161.3202,0.1814
2997,1450,109.88,3.27,152.21,151.27,0.7847,0.3923,5.4184,7.0663,0.0,0.2606
2997,1507,74.12,0.36,112.57,121.68,0.4514,0.2257,7.3615,12.6326,13.1548,0.1467
2997,1499,224.27,10.25,299.29,179.3,0.457,0.457,4.4041,12.5765,21.1534,0.3271
2998,1450,109.96,3.3,151.28,147.41,0.771,0.3855,5.6068,7.0671,163.0909,0.1275
2998,1507,72.79,0.24,110.84,122.06,0.4387,0.2193,7.3367,12.8224,0.0,0.1444
2998,1499,219.34,10.05,297.75,188.26,0.6372,0.6372,4.1269,12.7246,23.2048,0.4766
2999,1450,109.04,3.22,151.59,152.05,0.811,0.4055,5.3832,7.1851,17.6118,0.2629
2999,1507,71.96,0.19,110.2,122.17,0.5518,0.2759,7.3308,12.9161,0.0,0.1816
2999,1499,217.63,9.91,300.13,202.37,0.6226,0.6226,3.7587,13.8082,24.4126,0.4936
3000,1450,108.01,3.01,151.62,156.07,0.7227,0.3614,5.2028,7.3663,18.3139,0.2338
3000,1499,220.3,9.62,295.23,184.36,0.7407,0.7407,4.2386,12.377,158.0031,0.3164
3001,1450,106.78,2.65,150.4,155.32,0.7871,0.3936,5.238,7.511,0.0,0.2612
3001,1499,228.45,9.04,289.61,148.67,0.4514,0.4514,5.6152,11.2155,163.152,0.1476
3001,1507,63.87,0.2,101.55,121.32,0.7202,0.3601,7.4364,14.0476,124.8332,0.1164
3002,1450,106.92,2.8,150.15,154.1,0.8013,0.4007,5.2926,7.4835,0.0,0.266
3002,1499,230.69,8.42,286.92,134.61,0.5737,0.5737,6.4027,11.2424,165.0927,0.1876
3002,1507,62.6,0.23,99.29,119.22,0.6279,0.314,7.6224,14.3455,164.665,0.1014
3003,1450,106.38,2.49,149.4,153.0,0.7725,0.3862,5.3438,7.5449,0.0,0.2564
3003,1499,231.7,8.25,285.44,126.77,0.3857,0.3857,6.9366,11.3907,166.1805,0.126
3003,1507,62.43,0.23,98.3,117.16,0.4824,0.2412,7.8078,14.4908,167.4798,0.0778
3004,1450,105.46,2.84,148.5,152.88,0.604,0.302,5.351,7.6685,0.0,0.2004
3004,1499,231.05,8.13,284.47,123.84,0.6396,0.6396,7.1555,11.376,165.9461,0.209
3005,1450,104.67,2.7,147.64,151.91,0.6802,0.3401,5.3976,7.7621,0.0,0.2257
3005,1499,231.56,8.07,284.64,121.51,0.7334,0.7334,7.3426,11.506,166.9169,0.2396
3005,1507,61.81,0.23,97.1,116.43,0.2942,0.1471,7.8789,14.6346,0.0,0.0965
3006,1450,104.39,3.03,148.02,154.92,0.5303,0.2651,5.2602,7.8282,17.9145,0.1717
3006,1499,231.99,8.71,284.95,120.63,0.4902,0.4902,7.4166,11.589,0.0,0.3235
3006,1507,62.1,0.07,96.93,115.76,0.314,0.157,7.9408,14.6509,0.0,0.103
3007,1450,102.35,3.33,146.36,155.4,0.5234,0.2617,5.2425,8.0969,0.0,0.1736
3007,1499,231.6,9.16,284.9,120.7,0.6768,0.6768,7.41,11.5572,0.0,0.4466
3007,1507,61.22,0.39,95.67,116.45,0.6187,0.3094,7.882,14.7647,0.0,0.2028
3008,1450,103.27,2.99,146.77,152.9,0.6567,0.3283,5.354,7.9414,161.6223,0.1084
3008,1499,231.93,9.39,285.24,120.0,0.6416,0.6416,7.4699,11.6292,0.0,0.4233
3008,1507,61.18,0.37,95.92,118.49,0.3774,0.1887,7.6976,14.6818,12.4567,0.1223
3009,1450,102.61,1.92,146.88,153.44,0.7041,0.352,5.3298,7.992,0.0,0.2336
3009,1499,231.93,9.39,285.54,119.87,0.6768,0.6768,7.4814,11.6542,0.0,0.4465
3009,1507,58.12,0.27,93.97,121.28,0.6968,0.3484,7.4706,14.9233,17.8071,0.2228
3010,1450,104.83,0.97,148.68,153.1,0.4795,0.2397,5.3414,7.7049,0.0,0.1591
3010,1499,232.52,9.16,284.71,115.67,0.4785,0.4785,7.8531,11.8212,167.7431,0.1561
3010,1507,56.48,0.27,92.85,122.01,0.5776,0.2888,7.4169,15.0836,0.0,0.1892
3011,1450,106.19,0.34,149.07,150.38,0.5391,0.2696,5.467,7.5273,161.6985,0.0891
3011,1499,231.18,8.32,283.7,114.28,0.6982,0.6982,7.9794,11.7364,163.8566,0.2279
3011,1507,54.74,0.23,90.99,121.95,0.5708,0.2854,7.4306,15.3208,0.0,0.1869
3012,1450,106.9,0.16,147.93,144.26,0.3748,0.1874,5.7753,7.5031,163.5978,0.0619
3012,1499,230.76,6.84,284.07,113.27,0.5244,0.5244,8.077,11.7837,0.0,0.3459
3012,1507,52.89,0.26,89.78,121.81,0.7256,0.3628,7.4496,15.5244,0.0,0.2375
3013,1450,102.05,0.06,144.78,147.04,0.7949,0.3975,5.6399,8.078,29.2003,0.2468
3013,1499,232.87,5.88,285.74,111.46,0.498,0.498,8.2654,12.1175,164.2914,0.1623
3013,1507,50.71,0.13,88.35,122.39,0.771,0.3855,7.411,15.7448,0.0,0.2522
3014,1450,100.53,0.07,142.03,140.13,0.6699,0.335,6.0153,8.3845,163.7241,0.1105
3014,1499,220.77,4.7,298.71,166.96,0.6523,0.3261,4.8263,11.7409,19.444,0.2165
3014,1507,50.23,0.09,88.26,120.79,0.6489,0.3245,7.5453,15.8242,167.2499,0.1041
3015,1450,99.89,0.05,141.31,137.36,0.5332,0.2666,6.1785,8.5141,164.3332,0.0879
3015,1507,42.98,0.11,82.71,121.56,0.4436,0.2218,7.5141,16.6343,75.6407,0.0892
3016,1450,99.88,0.19,141.92,137.07,0.6094,0.3047,6.1951,8.4769,0.0,0.202
3016,1507,44.15,0.03,83.97,122.26,0.625,0.3125,7.4497,16.4597,0.0,0.2041
3016,1527,301.24,84.21,358.91,232.65,0.4561,0.2281,3.322,23.5844,0.0,0.1967
3016,1499,226.73,3.28,294.5,147.2,0.5571,0.2786,5.6938,11.4239,163.374,0.091
3017,1450,102.79,0.1,144.17,137.02,0.6343,0.3171,6.192,8.1178,0.0,0.2104
3017,1507,45.77,0.0,87.24,127.14,0.7598,0.3799,7.0561,16.0338,14.4975,0.2443
3017,1527,300.55,94.6,354.61,233.25,0.4814,0.4814,3.3029,23.363,0.0,0.4167
3017,1499,221.62,2.44,297.41,169.38,0.5859,0.2929,4.7362,11.8079,19.7459,0.1978
3018,1450,104.86,0.13,145.85,136.86,0.5469,0.2735,6.1974,7.8588,0.0,0.1814
3018,1507,43.26,0.04,85.45,128.96,0.6309,0.3155,6.9338,16.2825,22.1481,0.1983
3018,1527,303.01,125.59,345.95,233.79,0.5283,0.5283,3.2831,23.0769,0.0,0.459
3018,1499,223.66,2.25,295.58,164.93,0.7739,0.387,4.9036,11.6508,160.8679,0.1313
3019,1450,104.15,0.14,145.06,135.92,0.6934,0.3467,6.2562,7.9816,0.0,0.23
3019,1507,39.85,0.24,83.6,129.69,0.7305,0.3653,6.8947,16.6149,0.0,0.2384
3019,1499,222.62,2.04,295.07,170.78,0.5571,0.2786,4.6841,11.7806,19.9935,0.1899
3020,1450,103.71,0.15,144.2,134.62,0.5859,0.2929,6.3383,8.1002,0.0,0.1943
3020,1507,38.15,0.22,83.42,130.57,0.6982,0.3491,6.8375,16.7244,0.0,0.2278
3020,1499,225.62,1.84,293.67,164.81,0.8564,0.4282,4.9083,11.6499,160.8506,0.145
3021,1450,103.33,0.21,144.01,133.95,0.7695,0.3847,6.3813,8.1558,0.0,0.2552
3021,1507,36.64,0.08,82.81,129.82,0.8252,0.4126,6.8955,16.8742,0.0,0.2691
3021,1499,227.65,1.77,291.91,159.28,0.8037,0.4018,5.1322,11.5,161.6626,0.1313
3021,1530,287.93,47.73,359.62,237.4,0.4658,0.2329,3.217,23.2396,0.0,0.2043
3022,1450,103.63,0.28,144.35,134.21,0.6621,0.3311,6.364,8.1051,0.0,0.2196
3022,1507,35.59,0.3,81.83,127.47,0.7871,0.3936,7.0711,17.0453,165.8366,0.1254
3022,1499,227.63,2.24,290.35,158.92,0.6611,0.3306,5.1452,11.3837,0.0,0.2182
3022,1530,288.03,47.14,359.86,237.16,0.7612,0.3806,3.2217,23.241,0.0,0.3337
3023,1450,100.68,0.17,142.42,133.97,0.7104,0.3552,6.3851,8.4487,0.0,0.2355
3023,1507,33.64,0.15,81.18,129.85,0.5117,0.2559,6.9052,17.1754,16.2534,0.1634
3023,1499,226.02,2.01,290.46,166.76,0.5972,0.2986,4.83,11.5349,19.4018,0.1982
3023,1530,285.67,45.31,357.98,237.08,0.708,0.354,3.2165,23.0202,0.0,0.3108
3023,1531,234.92,0.91,283.82,84.18,0.3389,0.1694,12.3488,13.9786,0.0,0.1113
3024,1450,102.9,0.27,144.73,133.68,0.6309,0.3155,6.3981,8.1425,0.0,0.2092
3024,1507,33.12,0.1,78.58,122.34,0.5747,0.2873,7.4875,17.5182,167.133,0.0913
3024,1499,225.94,1.08,291.08,172.01,0.644,0.322,4.6397,11.7928,20.2333,0.2212
3024,1530,287.33,43.7,360.0,236.65,0.8193,0.4097,3.2297,23.179,0.0,0.3588
3025,1450,104.05,0.26,146.24,134.91,0.6069,0.3034,6.3174,7.9283,0.0,0.2013
3025,1507,30.94,0.08,77.86,125.39,0.5728,0.2864,7.2518,17.6415,15.0469,0.1832
3025,1499,226.06,0.87,289.17,169.09,0.6953,0.3477,4.742,11.5468,159.1013,0.1255
3025,1530,286.4,44.02,358.99,237.22,0.8003,0.4002,3.2167,23.1179,0.0,0.3512
3026,1450,105.8,0.21,147.63,134.42,0.5957,0.2979,6.3445,7.7222,0.0,0.1977
3026,1507,29.14,0.07,77.03,126.99,0.6567,0.3283,7.1368,17.782,18.0104,0.2083
3026,1499,225.27,0.56,285.4,160.64,0.5889,0.2944,5.0638,10.9367,160.5493,0.0964
3026,1530,286.69,43.79,358.82,236.24,0.8237,0.4118,3.2341,23.0592,0.0,0.3606
3026,1531,230.0,0.11,287.3,98.22,0.6689,0.3345,9.8605,12.8401,9.782,0.2186
3027,1450,106.52,0.15,148.36,135.7,0.4102,0.2051,6.2634,7.5914,0.0,0.1361
3027,1507,26.56,0.07,75.39,129.77,0.667,0.3335,6.9448,18.0104,17.9198,0.2115
3027,1499,224.06,0.59,287.14,171.09,0.2651,0.1326,4.6651,11.3727,20.0833,0.0907
3027,1530,287.39,43.07,359.74,236.57,0.8159,0.4079,3.2308,23.1635,0.0,0.3572
3027,1531,228.26,0.07,285.98,99.25,0.6318,0.3159,9.7085,12.5888,16.3751,0.2038
3028,1450,108.33,0.22,148.93,132.67,0.5264,0.2632,6.4522,7.5058,163.9805,0.087
3028,1507,22.82,0.16,73.01,135.68,0.501,0.2505,6.5619,18.3394,16.8841,0.1592
3028,1499,225.31,0.69,284.82,162.01,0.2153,0.1076,5.0072,10.9429,161.1345,0.0352
3028,1530,286.29,41.49,359.91,239.19,0.8467,0.4234,3.184,23.2903,0.0,0.3732
3028,1531,228.21,0.06,284.12,96.26,0.7251,0.3625,10.136,12.6881,169.8475,0.1179
3029,1450,108.85,0.16,149.11,132.52,0.6768,0.3384,6.4612,7.4622,0.0,0.2246
3029,1507,20.22,0.15,71.92,142.55,0.6655,0.3327,6.1574,18.5448,16.3402,0.2116
3029,1499,225.13,0.5,282.73,156.66,0.7192,0.3596,5.229,10.6398,161.4041,0.1178
3029,1530,284.38,41.88,359.21,244.87,0.8193,0.4097,3.0854,23.5495,0.0,0.3663
3029,1531,228.17,0.17,283.69,96.09,0.3979,0.1989,10.1605,12.6733,0.0,0.131
3030,1450,110.53,0.13,150.08,129.49,0.5918,0.2959,6.6614,7.388,164.2111,0.0978
3030,1507,20.79,0.23,71.94,141.75,0.6768,0.3384,6.2017,18.5082,0.0,0.2198
3030,1499,224.48,0.41,283.52,162.24,0.4932,0.2466,4.9953,10.8072,18.8338,0.1587
3030,1530,283.66,41.87,359.7,250.34,0.8467,0.4234,2.9986,23.9265,0.0,0.3831
3030,1531,227.45,0.11,283.14,96.81,0.2024,0.1012,10.0498,12.5475,12.211,0.0659
3031,1450,110.55,0.22,150.09,129.23,0.645,0.3225,6.6793,7.3964,0.0,0.2141
3031,1507,19.87,0.08,68.99,137.4,0.7725,0.3862,6.4717,18.7758,164.6035,0.1219
3031,1499,224.95,0.55,281.27,154.85,0.4873,0.2437,5.307,10.4878,161.9897,0.0799
3031,1530,283.3,41.7,360.0,254.41,0.7441,0.372,2.9368,24.2194,0.0,0.3395
3031,1531,227.39,0.29,282.59,96.73,0.2705,0.1353,10.0602,12.518,0.0,0.0891
3031,1534,318.33,42.45,352.73,89.06,0.5,0.5,11.9603,22.4473,0.0,0.3207
3032,1450,111.18,0.3,150.46,127.89,0.6548,0.3274,6.7723,7.3854,0.0,0.2174
3032,1507,18.53,0.68,67.68,139.56,0.5601,0.2801,6.3469,18.9347,18.2221,0.177
3032,1499,222.57,0.96,282.62,168.13,0.2966,0.1483,4.765,10.8467,19.637,0.0998
3032,1530,283.16,41.62,359.76,256.64,0.7778,0.3889,2.9034,24.3662,0.0,0.3564
3032,1531,225.02,0.12,282.14,100.71,0.3201,0.16,9.4943,12.0693,10.5743,0.1046
3033,1450,112.46,0.19,152.15,128.98,0.6929,0.3464,6.6925,7.1387,0.0,0.2301
3033,1507,17.86,0.34,66.93,140.34,0.7017,0.3508,6.3042,19.0228,0.0,0.2275
3033,1499,221.83,0.75,282.27,171.38,0.397,0.1985,4.6464,10.9265,20.2081,0.1364
3033,1530,279.33,41.92,356.36,258.8,0.8486,0.4243,2.862,24.1946,0.0,0.3914
3033,1531,225.41,0.11,280.91,98.43,0.5156,0.2578,9.8054,12.182,169.8996,0.084
3034,1450,114.01,0.06,153.25,127.45,0.8013,0.4007,6.7978,7.03,161.25,0.1325
3034,1507,17.2,0.4,67.03,143.91,0.6396,0.3198,6.101,19.0525,15.7878,0.2033
3034,1499,221.92,0.55,282.16,173.71,0.4292,0.2146,4.5655,11.0439,0.0,0.1542
3034,1530,274.62,41.78,352.89,261.3,0.833,0.833,2.8155,24.017,0.0,0.7739
3034,1531,225.31,0.15,280.01,97.76,0.4629,0.2314,9.8989,12.1729,0.0,0.1526
3035,1450,115.98,0.01,154.29,124.23,0.7808,0.3904,7.033,7.0007,164.8532,0.1292
3035,1507,18.25,0.33,64.69,133.81,0.6895,0.3448,6.7186,19.183,165.7917,0.1085
3035,1499,221.83,0.46,281.54,175.2,0.283,0.1415,4.5143,11.0791,0.0,0.1026
3035,1530,271.37,42.66,348.19,258.14,0.8525,0.8525,2.8495,23.4069,0.0,0.7894
3035,1531,225.03,0.03,279.59,98.45,0.4187,0.2094,9.7989,12.0817,10.7494,0.1368
3036,1450,117.09,0.0,154.91,121.92,0.7725,0.3862,7.212,7.0292,165.7131,0.1278
3036,1507,19.23,0.2,63.72,127.16,0.6714,0.3357,7.1898,19.265,166.6369,0.1056
3036,1499,220.43,0.51,279.59,175.63,0.4121,0.2061,4.4963,10.8915,0.0,0.15
3036,1530,264.01,43.11,341.87,258.4,0.8726,0.8726,2.8281,22.8122,0.0,0.8117
3036,1531,223.21,0.08,277.28,97.93,0.3381,0.1691,9.864,11.8818,0.0,0.1115
3037,1450,115.41,0.0,153.39,121.78,0.8252,0.4126,7.2266,7.2406,0.0,0.274
3037,1507,16.48,0.16,65.7,141.98,0.4727,0.2364,6.2154,19.1856,15.4054,0.1504
3037,1499,219.77,0.43,278.24,175.28,0.54,0.27,4.5058,10.7447,0.0,0.1962
3037,1530,262.54,43.47,338.77,254.56,0.75,0.75,2.8778,22.2879,0.0,0.6935
3037,1531,222.26,0.01,275.97,97.36,0.3372,0.1686,9.9415,11.7959,0.0,0.1112
3038,1450,117.33,0.03,155.03,120.54,0.8193,0.4097,7.3238,7.0964,157.1358,0.1355
3038,1507,15.44,0.23,66.44,148.55,0.2759,0.1379,5.8585,19.2125,16.2907,0.0876
3038,1499,219.76,0.39,277.72,175.65,0.6514,0.3257,4.4928,10.7326,0.0,0.2373
3038,1530,255.3,43.34,333.51,257.24,0.8843,0.8843,2.8237,21.9581,0.0,0.8247
3039,1450,118.93,0.1,156.41,119.84,0.7808,0.3904,7.3789,6.9599,0.0,0.2593
3039,1507,15.21,0.44,67.05,152.77,0.6533,0.3266,5.6474,19.2141,16.7771,0.2071
3039,1499,220.41,0.28,276.54,171.31,0.7075,0.3538,4.6409,10.4614,159.7663,0.1329
3039,1530,249.18,43.1,328.62,257.65,0.8638,0.8638,2.8051,21.5162,0.0,0.8086
3040,1450,120.51,0.08,157.58,119.48,0.6841,0.3421,7.4063,6.8177,0.0,0.2272
3040,1507,15.46,0.26,66.26,149.74,0.7778,0.3889,5.7982,19.2283,163.6577,0.1224
3040,1499,221.16,0.51,275.27,166.43,0.7393,0.3696,4.8184,10.1958,160.47,0.1302
3040,1530,245.19,43.39,325.47,257.96,0.8413,0.8413,2.7928,21.2398,0.0,0.7894
3041,1450,122.54,0.07,159.04,118.92,0.6704,0.3352,7.4504,6.6494,0.0,0.2227
3041,1507,15.48,0.27,66.09,149.64,0.4863,0.2432,5.8036,19.2374,0.0,0.1576
3041,1499,221.2,0.31,274.33,164.3,0.6699,0.335,4.899,10.0473,0.0,0.2261
3041,1530,242.74,43.32,323.56,258.03,0.8237,0.8237,2.7871,21.0626,0.0,0.7738
3042,1450,123.31,0.11,159.41,119.31,0.7544,0.3772,7.4162,6.5517,0.0,0.2506
3042,1507,15.5,0.28,65.97,149.74,0.3477,0.1739,5.7988,19.2443,0.0,0.1127
3042,1530,241.69,43.24,322.07,257.29,0.8037,0.8037,2.7948,20.8874,0.0,0.7545
3042,1531,221.81,0.35,271.78,90.53,0.5098,0.2549,11.0297,12.0954,170.6089,0.0831
3043,1450,123.08,0.13,158.51,119.39,0.7656,0.3828,7.4105,6.6132,0.0,0.2544
3043,1507,15.55,0.28,65.89,149.54,0.5581,0.2791,5.809,19.2452,0.0,0.1808
3043,1530,241.56,42.89,321.64,257.16,0.46,0.46,2.796,20.8519,0.0,0.4318
3043,1531,222.7,0.16,271.34,87.7,0.5234,0.2617,11.5565,12.3653,171.6275,0.0852
3043,1499,222.31,0.07,272.61,155.14,0.4814,0.2407,5.2799,9.7177,162.0956,0.0791
3044,1450,123.27,0.14,158.11,119.55,0.7988,0.3994,7.3973,6.6138,0.0,0.2654
3044,1507,14.59,0.47,66.6,155.88,0.6875,0.3438,5.5037,19.3117,17.2757,0.2176
3044,1530,241.53,42.77,321.27,257.09,0.6665,0.6665,2.7966,20.8286,0.0,0.6256
3044,1499,222.44,0.0,271.3,150.31,0.8037,0.4018,5.5023,9.5494,162.5972,0.1321
3045,1450,125.37,0.05,159.88,118.51,0.7793,0.3896,7.4821,6.4646,0.0,0.2589
3045,1507,15.12,0.35,66.03,152.6,0.6714,0.3357,5.6583,19.2836,163.21,0.1056
3045,1530,241.38,42.53,320.9,257.23,0.8384,0.8384,2.794,20.8199,0.0,0.7873
3045,1499,222.6,0.05,271.33,149.84,0.7407,0.3704,5.5252,9.5567,0.0,0.2452
3046,1450,124.97,0.06,159.26,119.68,0.771,0.3855,7.3837,6.4333,0.0,0.2562
3046,1507,15.48,0.31,65.68,150.66,0.5166,0.2583,5.7534,19.2694,0.0,0.1674
3046,1530,240.78,42.22,319.6,257.27,0.79,0.79,2.7915,20.7445,0.0,0.7422
3046,1499,222.98,0.0,271.05,147.16,0.363,0.1815,5.6582,9.5386,163.2696,0.0597
3046,1531,224.19,0.02,270.21,81.95,0.4065,0.2032,12.7886,12.9032,172.427,0.066
3047,1450,125.16,0.06,158.45,118.14,0.5981,0.299,7.5156,6.5901,167.0727,0.099
3047,1530,239.83,41.22,318.12,257.45,0.7627,0.7627,2.7864,20.6608,0.0,0.7172
3047,1499,222.58,0.0,270.76,147.56,0.3999,0.1999,5.6371,9.4933,0.0,0.1324
3047,1531,223.88,0.08,269.75,81.25,0.3523,0.1762,12.9538,12.9298,171.2829,0.0572
3048,1450,125.71,0.11,158.18,116.5,0.3667,0.1834,7.66,6.707,167.4099,0.0607
3048,1530,236.48,41.45,313.28,257.69,0.6343,0.6343,2.7747,20.3491,0.0,0.5979
3048,1499,222.36,0.06,270.37,146.91,0.3354,0.1677,5.6692,9.4463,0.0,0.111
3048,1531,223.47,0.0,269.34,80.54,0.3098,0.1549,13.1257,12.9558,171.2886,0.0503
3049,1450,126.08,0.13,158.05,115.86,0.5078,0.2539,7.7177,6.7468,0.0,0.1687
3049,1530,235.36,42.06,310.5,256.84,0.4707,0.4707,2.7828,20.1092,0.0,0.4434
3049,1499,225.72,0.05,267.19,123.22,0.5469,0.2735,7.1666,9.8925,166.6429,0.0898
3049,1531,223.94,0.01,269.36,79.37,0.2128,0.1064,13.4237,13.0904,172.6899,0.0345
3050,1450,126.65,0.09,158.67,116.73,0.6733,0.3367,7.6381,6.6059,0.0,0.2237
3050,1531,223.91,0.04,269.98,80.2,0.2805,0.1403,13.2135,13.041,7.9048,0.0919
3050,1507,15.91,0.55,66.35,151.6,0.5776,0.2888,5.7043,19.2052,0.0,0.1872
3051,1450,127.54,0.08,159.58,116.51,0.7148,0.3574,7.6561,6.5221,0.0,0.2375
3051,1507,16.33,5.78,65.03,150.73,0.4417,0.4417,5.7494,19.257,0.0,0.2862
3051,1530,225.38,41.71,300.55,257.08,0.6094,0.6094,2.7608,19.3552,0.0,0.5767
3051,1499,227.16,0.0,266.8,114.24,0.3286,0.1643,7.9452,10.4022,167.9223,0.0539
3052,1450,128.11,0.12,160.73,117.94,0.6353,0.3176,7.5282,6.3034,14.5562,0.2077
3052,1507,19.19,9.07,61.79,131.84,0.3943,0.3943,6.8576,19.3282,166.0259,0.124
3052,1530,219.81,42.04,295.11,257.09,0.8423,0.8423,2.7513,18.9485,0.0,0.7989
3052,1531,225.61,0.0,268.98,73.88,0.2949,0.1474,15.0124,13.6809,173.5391,0.0478
3053,1450,128.73,0.09,162.11,119.09,0.6689,0.3345,7.4277,6.0928,16.5546,0.2177
3053,1507,16.25,8.04,64.27,146.55,0.5078,0.5078,5.9667,19.2929,15.9991,0.3225
3053,1530,215.72,45.89,289.8,257.27,0.8506,0.8506,2.7412,18.6335,0.0,0.8084
3053,1531,227.77,0.0,268.81,68.3,0.3433,0.1716,17.0486,14.3244,174.2576,0.0554
3054,1450,129.26,0.07,163.27,119.44,0.563,0.2815,7.3967,5.9666,0.0,0.1872
3054,1507,14.27,4.11,65.69,153.11,0.5029,0.2515,5.6366,19.3636,16.9368,0.1593
3054,1530,214.46,56.59,285.53,257.44,0.7656,0.7656,2.7346,18.4621,0.0,0.7285
3054,1531,227.61,0.0,272.97,76.51,0.5098,0.2549,14.2279,13.7158,7.1005,0.1669
3055,1450,134.07,0.12,160.53,82.96,0.7373,0.3686,12.4223,9.8394,172.197,0.1211
3055,1507,11.01,1.73,68.35,170.61,0.6621,0.3311,4.9003,19.6829,19.2526,0.2125
3055,1530,208.34,45.09,283.23,257.59,0.8203,0.8203,2.7264,18.1993,0.0,0.7819
3055,1531,228.99,0.0,274.37,77.1,0.562,0.281,14.0674,13.7975,18.2095,0.1799
3056,1450,135.9,0.22,159.77,67.99,0.6636,0.3318,16.9907,11.6798,174.2764,0.1083
3056,1507,8.45,0.8,67.41,175.27,0.7124,0.3562,4.7403,20.0193,21.6712,0.2342
3056,1530,208.03,56.7,279.14,257.18,0.6514,0.6514,2.7291,18.0118,0.0,0.6209
3056,1531,229.85,0.0,275.52,78.14,0.6807,0.3403,13.7848,13.8024,10.0798,0.2219
3057,1507,10.78,0.33,67.37,168.81,0.8306,0.4153,4.9705,19.7174,160.4785,0.1319
3057,1531,230.81,0.0,276.95,79.93,0.5156,0.2578,13.3208,13.7627,8.975,0.1683
3058,1507,11.29,4.84,67.71,174.14,0.71,0.355,4.7734,19.7942,19.6087,0.2335
3058,1531,230.95,0.0,278.79,84.28,0.5137,0.2569,12.3011,13.4887,8.1691,0.168
3058,1450,128.32,0.0,166.93,108.83,0.7939,0.397,8.4018,6.8274,11.4432,0.2611
3058,1530,198.93,14.04,282.49,255.8,0.6094,0.6094,2.7445,17.674,0.0,0.5799
3059,1507,10.91,2.79,68.16,176.44,0.542,0.271,4.6932,19.8534,0.0,0.1864
3059,1531,230.76,0.0,277.89,82.94,0.5488,0.2744,12.5974,13.5456,171.5442,0.0889
3059,1450,127.17,0.0,168.49,114.65,0.833,0.4165,7.8192,6.2246,12.2668,0.2737
3059,1530,198.21,10.59,281.05,255.88,0.5352,0.5352,2.742,17.6165,0.0,0.5096
3060,1507,11.11,1.64,68.04,175.89,0.7627,0.3814,4.712,19.8328,0.0,0.2613
3060,1531,231.2,0.12,282.87,94.11,0.7505,0.3752,10.4742,12.9459,9.6101,0.2452
3060,1450,127.16,0.0,168.22,112.23,0.7988,0.3994,8.052,6.4749,168.0716,0.1323
3061,1507,10.85,2.01,67.56,176.77,0.644,0.322,4.6833,19.9036,0.0,0.2219
3061,1531,232.22,0.05,283.48,95.63,0.4485,0.2243,10.2398,12.9287,10.9388,0.1462
3061,1450,125.87,0.0,168.45,116.38,0.7422,0.3711,7.6616,6.1344,12.6492,0.2437
3061,1530,199.96,51.37,265.47,248.7,0.4893,0.4893,2.8376,16.3621,138.1324,0.2976
3062,1507,10.72,2.89,67.61,179.22,0.8262,0.4131,4.6012,19.9814,0.0,0.2891
3062,1531,233.52,0.16,283.86,96.54,0.7593,0.3796,10.1061,12.9616,13.3738,0.2464
3062,1450,124.98,0.0,168.37,118.47,0.8169,0.4084,7.4786,6.0023,13.2088,0.268
3062,1530,199.84,63.21,257.78,237.07,0.3381,0.3381,3.0165,14.7468,148.8275,0.1984
3063,1507,10.97,3.96,67.16,178.63,0.7612,0.3806,4.6212,19.9758,0.0,0.2653
3063,1531,234.84,0.12,283.86,96.47,0.5059,0.253,10.1198,13.0436,0.0,0.1665
3063,1450,124.13,0.0,167.21,118.1,0.8452,0.4226,7.5122,6.1476,0.0,0.2809
3063,1530,193.69,43.24,258.26,239.03,0.8145,0.8145,2.9811,14.8105,0.0,0.7532
3064,1507,10.72,4.55,66.38,178.12,0.8013,0.4007,4.6404,20.0239,0.0,0.2782
3064,1531,236.21,0.1,284.06,96.85,0.457,0.2285,10.067,13.1091,0.0,0.1503
3064,1450,123.95,0.0,166.79,117.9,0.8003,0.4002,7.5301,6.1987,0.0,0.266
3064,1530,188.93,36.29,254.62,238.68,0.6343,0.6343,2.9826,14.5311,0.0,0.5867
3065,1507,7.76,3.94,63.1,178.7,0.7808,0.3904,4.6339,20.4243,0.0,0.2711
3065,1531,237.07,0.06,283.74,96.9,0.5332,0.2666,10.061,13.1373,0.0,0.1754
3065,1450,123.1,0.0,165.1,117.42,0.7642,0.3821,7.5743,6.3837,0.0,0.2539
3065,1530,187.47,33.83,251.96,234.51,0.7725,0.7725,3.0501,13.9045,0.0,0.7083
3066,1507,7.25,4.35,62.26,180.43,0.7627,0.3814,4.5797,20.5588,0.0,0.2675
3066,1531,238.18,0.04,282.06,92.57,0.5371,0.2686,10.7424,13.4121,170.9418,0.0871
3066,1450,122.19,0.0,163.28,115.57,0.7017,0.3508,7.7429,6.6957,165.0037,0.1162
3066,1530,182.79,32.65,247.5,232.28,0.6104,0.6104,3.0844,13.3866,0.0,0.5573
3067,1507,8.51,4.32,62.96,181.04,0.6245,0.3123,4.5558,20.4581,0.0,0.2201
3067,1531,232.54,0.09,286.46,118.38,0.5244,0.2622,7.6125,11.816,12.5954,0.1708
3067,1450,122.53,0.0,161.88,110.94,0.7476,0.3738,8.1916,7.1683,168.233,0.1236
3067,1530,176.52,32.82,242.33,231.45,0.563,0.563,3.0944,13.0125,0.0,0.5136
3068,1507,8.88,4.02,63.61,182.5,0.4292,0.2146,4.507,20.4426,0.0,0.1527
3068,1450,121.27,0.0,161.63,114.68,0.8086,0.4043,7.8278,6.9166,12.5639,0.2653
3069,1507,7.57,3.44,61.52,180.25,0.5991,0.2995,4.5865,20.5789,0.0,0.2098
3069,1450,120.3,0.0,163.14,124.08,0.6909,0.3454,7.0319,6.1687,13.5908,0.2264
3069,1530,167.25,31.54,235.15,231.48,0.5547,0.5547,3.0889,12.7048,0.0,0.5066
3070,1507,5.47,4.89,58.99,179.97,0.7793,0.3896,4.6054,20.8527,0.0,0.2718
3070,1450,121.73,0.0,162.99,119.34,0.8306,0.4153,7.4119,6.4304,166.9182,0.1376
3070,1530,161.87,32.35,231.81,232.21,0.498,0.498,3.0742,12.6762,0.0,0.4558
3070,1531,229.29,0.94,286.94,133.35,0.4561,0.2281,6.4811,11.1699,14.7058,0.1481
3071,1507,4.7,5.62,59.08,183.08,0.7598,0.3799,4.5065,20.9897,0.0,0.2699
3071,1450,122.18,0.0,162.38,116.95,0.7832,0.3916,7.6192,6.6313,167.4219,0.1297
3071,1530,157.66,25.12,231.55,232.31,0.5273,0.5273,3.0716,12.6362,0.0,0.4829
3071,1531,228.23,0.92,284.26,133.79,0.4727,0.2364,6.4467,10.9056,0.0,0.1561
3072,1507,4.33,5.42,58.53,182.19,0.7695,0.3847,4.5368,21.0173,0.0,0.2717
3072,1450,121.99,0.0,162.61,118.21,0.7305,0.3653,7.5086,6.5266,12.7579,0.2397
3072,1530,155.26,33.65,227.33,232.74,0.7007,0.7007,3.0632,12.6288,0.0,0.6424
3072,1531,227.05,1.06,282.19,135.5,0.5869,0.2934,6.3336,10.6531,19.3256,0.1884
3073,1507,4.2,5.34,58.03,181.05,0.6396,0.3198,4.5748,21.0206,0.0,0.2242
3073,1450,122.34,0.0,162.01,115.19,0.7808,0.3904,7.779,6.7913,167.6714,0.1292
3073,1530,152.28,28.1,226.62,232.49,0.5601,0.5601,3.067,12.5656,0.0,0.5133
3073,1531,226.69,0.99,280.96,136.91,0.5581,0.2791,6.2447,10.5231,0.0,0.1845
3074,1507,6.06,5.67,59.84,179.1,0.791,0.791,4.6311,20.7394,0.0,0.5492
3074,1450,122.7,0.0,162.68,114.81,0.8037,0.4018,7.8133,6.7665,0.0,0.267
3074,1530,154.32,45.16,222.83,229.46,0.5391,0.5391,3.1199,12.1405,0.0,0.4905
3074,1531,226.43,0.84,279.15,135.39,0.4016,0.2008,6.3349,10.4027,0.0,0.1328
3075,1507,5.0,5.89,59.07,180.21,0.7251,0.7251,4.5983,20.8836,0.0,0.5064
3075,1450,122.3,0.0,160.96,110.54,0.6646,0.3323,8.2337,7.2666,168.0651,0.1099
3075,1530,154.15,46.33,222.84,229.0,0.2637,0.2637,3.1281,12.0766,0.0,0.2397
3076,1507,5.25,5.87,59.12,179.3,0.7583,0.7583,4.6277,20.8385,0.0,0.5266
3076,1450,124.49,0.0,165.22,114.15,0.7559,0.378,7.8713,6.5879,15.8448,0.2463
3076,1530,152.51,45.2,221.52,227.44,0.6123,0.6123,3.1559,11.8446,0.0,0.5544
3076,1531,229.55,0.84,280.06,134.49,0.3293,0.1646,6.3976,10.6953,0.0,0.1088
3077,1507,5.55,5.76,57.94,173.73,0.5767,0.5767,4.8213,20.7426,160.5686,0.1935
3077,1450,125.15,0.0,166.54,115.0,0.7886,0.3943,7.7899,6.4031,0.0,0.262
3077,1530,150.52,35.35,222.61,225.77,0.7847,0.7847,3.1864,11.6106,0.0,0.7075
3077,1531,230.64,0.74,279.76,135.82,0.6592,0.3296,6.3156,10.7281,0.0,0.2178
3078,1507,5.07,5.99,58.59,177.07,0.7192,0.7192,4.7043,20.819,19.9294,0.4778
3078,1450,122.58,0.0,164.87,117.36,0.834,0.417,7.5802,6.4315,17.11,0.271
3078,1530,150.45,31.18,222.47,221.77,0.3923,0.3923,3.2616,11.0594,0.0,0.35
3078,1531,231.77,0.65,279.28,136.05,0.5381,0.2691,6.3024,10.7695,0.0,0.1778
3079,1507,5.3,6.08,62.47,188.4,0.645,0.645,4.3359,20.9313,21.4481,0.458
3079,1450,121.51,0.0,163.4,115.66,0.8433,0.4217,7.7352,6.7195,164.9314,0.1396
3079,1530,147.58,22.9,218.77,213.3,0.7349,0.7349,3.4312,9.8569,151.9412,0.3951
3080,1507,6.93,6.1,63.88,187.64,0.7104,0.7104,4.3524,20.7213,0.0,0.5196
3080,1450,120.92,0.0,162.62,115.97,0.8062,0.4031,7.7083,6.7711,0.0,0.2678
3080,1530,146.98,26.25,214.82,209.88,0.7671,0.7671,3.5041,9.3706,0.0,0.661
3081,1507,5.97,6.57,63.93,191.14,0.7627,0.7627,4.2522,20.907,22.3123,0.5487
3081,1450,120.58,0.0,162.26,116.66,0.7886,0.3943,7.6467,6.7542,0.0,0.262
3081,1530,145.09,25.83,211.05,208.69,0.5889,0.5889,3.5302,9.2074,0.0,0.5055
3081,1531,223.88,0.6,271.39,135.91,0.3364,0.1682,6.2879,9.6819,84.1265,0.061
3082,1507,5.53,6.65,65.12,196.93,0.7441,0.7441,4.0912,21.099,22.584,0.5506
3082,1450,120.22,0.04,160.8,114.08,0.5498,0.2749,7.8862,7.0737,167.2432,0.0909
3082,1530,144.03,27.97,207.93,208.99,0.6646,0.6646,3.5238,9.2627,0.0,0.571
3082,1531,225.25,0.45,271.32,132.04,0.2783,0.1391,6.5365,9.8502,165.3293,0.0457
3083,1507,6.39,7.13,66.5,200.46,0.5127,0.5127,3.9949,21.1247,0.0,0.399
3083,1450,120.11,0.06,158.56,108.85,0.6094,0.3047,8.416,7.6674,168.3727,0.1007
3083,1530,141.11,25.63,204.04,209.0,0.22,0.22,3.5241,9.3058,0.0,0.189
3083,1531,222.54,0.39,269.23,133.24,0.4514,0.2257,6.4513,9.4923,0.0,0.1494
3084,1507,7.44,7.86,66.99,200.66,0.771,0.771,3.987,21.0444,0.0,0.601
3084,1450,120.32,0.07,159.47,113.4,0.7422,0.3711,7.9525,7.2011,12.1176,0.2437
3084,1530,139.69,24.41,201.76,209.43,0.502,0.502,3.5151,9.3982,0.0,0.4318
3084,1531,228.99,0.35,268.11,110.08,0.3821,0.191,8.3668,10.8443,168.4915,0.0625
3085,1507,5.76,7.95,65.73,201.39,0.5669,0.5669,3.9739,21.2485,0.0,0.4426
3085,1450,120.67,0.08,160.54,116.78,0.6875,0.3438,7.6375,6.839,12.7441,0.2255
3085,1531,232.23,0.4,260.75,76.91,0.4102,0.2051,14.0909,13.3102,173.0802,0.0665
3086,1507,6.48,8.9,68.22,206.39,0.7188,0.7188,3.8452,21.304,24.2272,0.5524
3086,1450,118.81,0.09,160.68,124.49,0.7456,0.3728,7.0042,6.3929,13.7721,0.2442
3086,1531,220.43,0.5,263.65,118.49,0.6899,0.3449,7.5434,9.5372,12.7231,0.2256
3086,1530,136.96,27.9,196.69,209.14,0.4805,0.4805,3.5226,9.4506,0.0,0.4128
3087,1507,10.4,9.53,72.37,208.79,0.667,0.667,3.7746,20.9685,0.0,0.5389
3087,1450,119.34,0.09,158.96,119.7,0.5649,0.2824,7.3876,6.789,166.986,0.0935
3087,1531,217.27,0.51,262.87,126.64,0.563,0.2815,6.889,8.9008,14.1101,0.1837
3087,1530,136.43,25.65,195.93,209.18,0.8203,0.8203,3.5219,9.4743,0.0,0.7048
3088,1507,11.99,9.76,73.96,209.45,0.8477,0.8477,3.7539,20.8237,0.0,0.6875
3088,1450,118.75,0.15,158.16,120.74,0.5786,0.2893,7.3027,6.8006,0.0,0.1922
3088,1531,216.74,0.56,262.88,129.59,0.4561,0.2281,6.6787,8.7597,14.2939,0.1488
3088,1530,134.95,24.69,193.27,208.84,0.457,0.457,3.5302,9.4924,0.0,0.3921
3089,1507,13.13,10.84,74.79,210.17,0.8506,0.8506,3.7341,20.7517,0.0,0.6922
3089,1450,117.76,0.12,158.19,126.09,0.5991,0.2995,6.8879,6.5273,13.96,0.1961
3089,1531,216.8,0.39,262.04,126.33,0.5186,0.2593,6.91,8.8257,166.0048,0.0854
3089,1530,132.9,24.26,190.58,209.2,0.791,0.791,3.5234,9.625,0.0,0.6794
3090,1507,13.82,12.72,74.73,210.01,0.8525,0.8525,3.7367,20.7073,0.0,0.6936
3090,1450,118.54,0.11,158.43,127.31,0.5225,0.2612,6.7983,6.3944,0.0,0.1736
3090,1531,214.07,0.58,259.06,125.1,0.5776,0.2888,6.9941,8.4957,0.0,0.1915
3090,1530,132.08,25.06,188.65,209.18,0.606,0.606,3.5245,9.6758,0.0,0.5203
3091,1507,15.39,12.96,76.87,211.54,0.8086,0.8086,3.6959,20.5838,0.0,0.6625
3091,1531,212.13,0.55,256.7,123.57,0.3611,0.1805,7.1057,8.2829,156.6474,0.0596
3091,1530,129.68,26.23,185.71,209.39,0.7612,0.7612,3.5214,9.8175,0.0,0.6538
3092,1507,16.26,13.31,78.42,213.45,0.6953,0.6953,3.6496,20.5582,0.0,0.574
3092,1531,214.06,0.81,258.8,127.16,0.4932,0.2466,6.8417,8.3904,16.2231,0.1602
3092,1530,130.67,29.02,185.47,210.24,0.811,0.811,3.5026,9.9131,0.0,0.6985
3092,1558,21.52,13.35,48.23,49.09,0.3979,0.3979,32.89,23.4761,0.0,0.2543
3093,1507,15.92,12.41,78.04,212.37,0.5796,0.5796,3.6746,20.5359,0.0,0.4765
3093,1531,214.63,0.9,257.99,124.49,0.4446,0.2223,7.0397,8.4894,166.376,0.0733
3093,1530,129.17,26.54,183.5,210.02,0.7598,0.7598,3.5084,9.9628,0.0,0.6538
3093,1558,21.52,11.84,49.26,49.03,0.2466,0.2466,32.9627,23.428,0.0,0.1576
3094,1507,15.68,11.86,77.25,210.96,0.7861,0.7861,3.7079,20.5133,0.0,0.6429
3094,1531,210.42,0.37,253.65,122.74,0.4006,0.2003,7.1648,8.0138,145.9761,0.0661
3094,1530,128.76,24.04,182.41,208.83,0.7114,0.7114,3.535,9.8433,0.0,0.6097
3095,1507,17.23,14.05,78.31,211.03,0.7515,0.7515,3.702,20.3705,0.0,0.6154
3095,1531,209.87,0.3,252.56,121.79,0.3025,0.1512,7.2386,7.9594,0.0,0.1003
3095,1530,127.13,22.65,179.89,206.18,0.6489,0.6489,3.5957,9.6081,0.0,0.5511
3095,1560,124.46,0.07,155.3,22.95,0.4688,0.2344,10.0,90.0,0.0,0.0
3096,1507,18.56,15.15,79.55,210.73,0.7471,0.7471,3.7046,20.2087,0.0,0.6118
3096,1531,208.05,0.27,250.51,121.11,0.2629,0.1315,7.2891,7.75,0.0,0.0872
3096,1530,127.1,21.77,177.52,197.74,0.7231,0.7231,3.7976,8.6101,155.7285,0.3542
3096,1560,124.17,0.04,155.25,23.23,0.3425,0.1713,10.0,90.0,0.0,0.0
3097,1507,15.27,6.13,79.47,210.49,0.5796,0.5796,3.7155,20.3849,0.0,0.4736
3097,1531,211.84,0.31,253.17,121.29,0.6001,0.3,7.2822,8.1539,0.0,0.199
3097,1530,123.48,7.19,176.62,192.87,0.4167,0.4167,3.9247,8.1695,154.7046,0.1972
3098,1507,18.65,12.56,80.94,211.21,0.7832,0.7832,3.6914,20.1531,0.0,0.6428
3098,1531,212.85,0.22,253.2,121.28,0.7642,0.3821,7.2843,8.2216,0.0,0.2534
3098,1530,125.78,16.08,175.07,187.3,0.7515,0.7515,4.0769,7.4821,157.2816,0.3409
3099,1507,20.24,14.56,81.4,209.58,0.2351,0.2351,3.725,19.9435,0.0,0.192
3099,1531,212.53,0.14,252.3,121.53,0.6396,0.3198,7.2625,8.1289,0.0,0.2121
3099,1530,125.02,16.29,173.01,183.69,0.4668,0.4668,4.1828,7.1879,156.6172,0.2052
3100,1507,20.53,14.74,81.76,209.7,0.4834,0.4834,3.7212,19.9137,0.0,0.3951
3100,1531,212.83,0.06,251.78,121.33,0.6426,0.3213,7.2784,8.1258,0.0,0.2131
3101,1507,21.88,16.0,82.73,210.38,0.8203,0.8203,3.702,19.8223,0.0,0.6726
3101,1531,212.23,0.22,250.49,121.13,0.7168,0.3584,7.2924,8.0154,0.0,0.2378
3101,1530,121.13,17.2,169.11,183.79,0.7441,0.7441,4.1837,7.5494,0.0,0.5749
3102,1507,22.19,16.18,83.31,212.39,0.501,0.501,3.6557,19.8916,0.0,0.4138
3102,1530,122.94,22.3,169.34,183.89,0.2006,0.2006,4.1797,7.4661,0.0,0.1551
3103,1507,23.82,16.88,83.9,211.18,0.5571,0.5571,3.6791,19.6947,0.0,0.4587
3103,1530,120.97,27.0,166.44,183.96,0.3008,0.3008,4.1802,7.7001,0.0,0.2325
3103,1531,211.68,0.21,249.11,121.0,0.3225,0.1613,7.3007,7.8991,0.0,0.107
3104,1507,24.42,16.57,85.4,215.45,0.8159,0.8159,3.5824,19.8401,0.0,0.682
3104,1530,119.94,20.2,167.65,184.03,0.668,0.668,4.178,7.6989,0.0,0.5165
3104,1531,212.73,0.23,249.12,121.1,0.6875,0.3438,7.2938,7.9613,0.0,0.2281
3105,1507,23.87,14.97,85.86,219.79,0.2274,0.2274,3.4918,20.1239,0.0,0.1927
3105,1530,118.03,25.05,164.18,183.98,0.2783,0.2783,4.1825,7.953,0.0,0.215
3105,1531,212.16,0.51,247.84,120.76,0.7461,0.373,7.3195,7.8627,0.0,0.2475
3105,1560,111.06,0.08,170.7,47.0,0.5469,0.2735,34.2426,14.6796,0.0,0.1793
3106,1507,28.2,20.85,90.97,228.19,0.2213,0.2213,3.3139,20.2036,29.076,0.1834
3106,1531,211.75,0.46,247.04,120.53,0.5029,0.2515,7.337,7.7994,0.0,0.1669
3106,1560,112.02,0.1,170.79,48.64,0.6187,0.3094,31.7598,14.4487,3.1984,0.2028
3107,1507,19.91,17.6,85.98,226.79,0.4426,0.4426,3.3594,20.798,0.0,0.3823
3107,1531,211.77,0.26,246.79,120.86,0.5708,0.2854,7.3096,7.7649,0.0,0.1894
3107,1450,121.9,0.26,160.03,121.02,0.397,0.1985,7.275,6.4727,0.0,0.1319
3108,1560,110.1,0.44,171.6,53.49,0.6001,0.3,26.1419,13.874,3.7593,0.1969
3109,1560,109.52,0.59,170.87,55.63,0.6318,0.3159,24.2435,13.6447,4.2372,0.2073
3109,1530,115.71,27.52,161.15,184.48,0.5225,0.5225,4.171,8.2687,0.0,0.4043
3109,1507,29.47,17.02,96.94,226.33,0.7393,0.7393,3.339,19.6924,0.0,0.6422
3109,1531,212.11,0.16,246.8,121.18,0.5488,0.2744,7.2838,7.7682,0.0,0.1821
3110,1560,112.18,0.64,171.1,55.86,0.5815,0.2908,24.047,13.5369,23.67,0.183
3110,1530,112.8,9.07,162.81,184.45,0.3132,0.3132,4.1726,8.329,0.0,0.2422
3110,1507,21.84,6.65,96.2,225.75,0.248,0.248,3.3617,20.0877,0.0,0.2145
3111,1560,113.39,0.63,170.85,56.78,0.6113,0.3056,23.3188,13.3964,4.6655,0.2007
3111,1530,111.66,13.13,160.68,184.43,0.7627,0.7627,4.1753,8.4943,0.0,0.5895
3111,1507,35.42,20.83,105.42,224.36,0.2056,0.2056,3.3576,18.796,0.0,0.1784
3111,1531,217.58,0.15,241.08,75.61,0.644,0.322,14.3838,11.9258,173.2548,0.105
3112,1560,114.63,0.58,170.51,57.45,0.7124,0.3562,22.8146,13.2886,5.0897,0.2338
3112,1530,111.11,15.57,158.74,180.27,0.606,0.606,4.3028,8.2452,157.7899,0.2562
3112,1507,43.81,22.98,114.36,226.52,0.2466,0.2466,3.2948,18.0819,0.0,0.2164
3112,1531,219.01,0.13,240.27,64.29,0.4495,0.2248,18.7465,13.2351,174.8182,0.0729
3113,1530,109.54,16.2,157.21,178.6,0.7471,0.7471,4.3575,8.274,0.0,0.5595
3113,1507,48.02,29.14,116.81,225.89,0.7129,0.7129,3.2988,17.6964,0.0,0.6257
3113,1531,218.9,0.23,240.5,61.84,0.3621,0.181,20.05,13.5229,175.1533,0.0587
3113,1450,125.74,0.05,159.86,106.24,0.2974,0.1487,8.6974,7.5624,168.8174,0.0491
3114,1530,107.52,15.71,155.65,177.25,0.2386,0.2386,4.4034,8.3685,0.0,0.1772
3114,1507,49.46,28.85,118.68,225.9,0.2173,0.2173,3.2948,17.5326,0.0,0.1909
3114,1450,125.87,0.0,160.68,108.43,0.3896,0.1948,8.453,7.2972,11.5682,0.128
3115,1530,105.19,14.91,152.72,172.67,0.4253,0.4253,4.5603,8.3421,157.2237,0.1652
3115,1507,49.62,24.11,121.37,228.52,0.224,0.224,3.2428,17.6175,0.0,0.1983
3115,1450,123.32,0.0,159.83,110.48,0.5601,0.2801,8.24,7.2781,15.2986,0.1826
3115,1579,212.02,0.25,246.31,119.94,0.7153,0.3577,7.3855,7.8063,0.0,0.2373
3116,1507,51.69,21.03,124.45,230.58,0.5059,0.5059,3.1997,17.5517,0.0,0.4509
3116,1450,121.76,0.01,159.37,112.1,0.6323,0.3161,8.0782,7.2401,14.1493,0.2067
3116,1579,212.02,0.17,245.95,118.54,0.4863,0.2432,7.5039,7.8725,167.0704,0.0803
3117,1507,53.85,25.52,124.82,231.25,0.3098,0.3098,3.185,17.4924,0.0,0.2767
3117,1450,114.56,0.07,155.09,113.2,0.3269,0.1635,7.9829,7.7977,52.2524,0.0873
3117,1579,212.32,0.58,246.21,118.79,0.5698,0.2849,7.4831,7.8914,0.0,0.189
3118,1450,118.68,0.1,159.77,114.1,0.6841,0.3421,7.887,7.2176,44.0768,0.195
3118,1579,212.03,0.34,246.03,118.69,0.4465,0.2233,7.4911,7.8684,0.0,0.1481
3119,1450,120.76,0.07,161.45,114.07,0.7163,0.3582,7.886,7.0078,0.0,0.2379
3119,1579,211.36,0.2,245.53,118.62,0.7642,0.3821,7.4957,7.7998,0.0,0.2536
3119,1507,59.13,18.8,132.67,234.29,0.5547,0.5547,3.1182,17.1736,0.0,0.5007
3120,1450,120.33,0.06,161.08,114.89,0.6592,0.3296,7.8097,6.983,0.0,0.2189
3120,1579,211.58,0.2,245.9,118.76,0.626,0.313,7.4844,7.8276,0.0,0.2077
3120,1507,62.74,16.85,136.9,233.86,0.6538,0.6538,3.1182,16.7852,0.0,0.5906
3121,1450,120.31,0.05,160.89,114.46,0.7251,0.3625,7.8502,7.0313,0.0,0.2408
3121,1579,210.91,0.55,245.43,118.87,0.5283,0.2641,7.4737,7.7492,0.0,0.1753
3121,1587,210.69,0.15,245.73,62.45,0.384,0.192,19.7007,13.348,0.0,0.1263
3122,1450,121.16,0.05,161.55,115.18,0.7217,0.3609,7.7815,6.8848,0.0,0.2397
3122,1579,210.31,0.28,245.24,118.91,0.5659,0.2829,7.4693,7.6973,0.0,0.1878
3122,1587,210.43,0.12,245.37,62.09,0.3081,0.154,19.8985,13.3688,173.3937,0.05
3123,1450,121.83,0.01,161.25,114.01,0.6792,0.3396,7.8908,6.9643,167.6391,0.1124
3123,1579,210.64,0.19,245.6,117.98,0.563,0.2815,7.5504,7.8018,0.0,0.1868
3123,1587,212.3,0.08,244.84,57.48,0.214,0.107,22.8577,13.956,175.7195,0.0346
3123,1507,67.95,25.66,137.09,232.54,0.4766,0.4766,3.1362,16.4192,0.0,0.4297
3124,1450,118.37,0.09,158.89,114.96,0.7349,0.3674,7.8074,7.2151,37.0016,0.2193
3124,1579,210.33,0.1,245.8,118.44,0.7964,0.3982,7.5104,7.7643,0.0,0.2642
3125,1450,118.64,0.02,159.87,116.56,0.6899,0.3449,7.6599,7.0142,13.2596,0.226
3125,1579,209.96,0.12,246.13,119.99,0.7378,0.3689,7.3787,7.6617,12.9772,0.2417
3126,1450,119.33,0.05,160.13,115.69,0.7285,0.3643,7.7378,7.0286,0.0,0.2419
3126,1579,209.54,0.08,246.18,120.61,0.54,0.27,7.3268,7.5996,0.0,0.1792
3126,1587,210.58,0.0,246.01,62.09,0.3081,0.154,19.9008,13.396,4.8842,0.1011
3127,1450,121.51,0.06,162.79,115.39,0.8159,0.4079,7.7606,6.777,0.0,0.271
3127,1579,210.04,0.25,245.92,116.69,0.4055,0.2028,7.6642,7.8727,167.4935,0.0669
3127,1587,209.7,0.0,246.24,63.61,0.2783,0.1391,19.082,13.1958,5.1744,0.0914
3127,1507,76.31,17.23,147.13,232.01,0.7334,0.7334,3.1298,15.5888,0.0,0.6628
3128,1450,121.54,0.06,162.26,115.6,0.7422,0.3711,7.7418,6.7875,0.0,0.2465
3128,1579,209.83,0.13,245.85,115.61,0.3381,0.1691,7.7618,7.9321,0.0,0.1122
3128,1587,209.71,0.0,246.36,63.29,0.5449,0.2725,19.2488,13.2377,174.8797,0.0884
3128,1507,77.52,16.83,147.92,232.71,0.3311,0.3311,3.1159,15.5817,0.0,0.2999
3129,1450,122.97,0.06,163.51,115.67,0.7422,0.3711,7.7329,6.6303,0.0,0.2466
3129,1579,209.69,0.13,247.02,119.61,0.644,0.322,7.4113,7.7248,13.0852,0.2109
3129,1507,81.94,12.24,154.91,233.13,0.4727,0.4727,3.0999,15.1806,0.0,0.4294
3130,1450,123.04,0.06,162.77,114.68,0.7456,0.3728,7.8251,6.7539,0.0,0.2477
3130,1579,210.13,0.13,246.96,117.06,0.5571,0.2786,7.6325,7.9165,167.4341,0.092
3130,1530,84.68,15.11,129.1,159.86,0.385,0.385,5.0904,10.6126,149.1058,0.1261
3131,1450,123.79,0.02,162.11,111.36,0.7754,0.3877,8.1475,7.05,168.2048,0.1283
3131,1579,210.65,0.14,247.73,117.15,0.5796,0.2898,7.626,7.99,0.0,0.1923
3131,1530,84.49,15.03,131.05,159.34,0.2437,0.2437,5.1099,10.4782,0.0,0.1611
3131,1507,86.57,14.14,160.1,231.22,0.5879,0.5879,3.1265,14.6016,0.0,0.5325
3132,1450,124.51,0.05,161.61,108.42,0.7334,0.3667,8.4545,7.3201,168.6081,0.1212
3132,1579,210.79,0.14,248.8,119.99,0.6899,0.3449,7.3828,7.883,13.3505,0.2258
3132,1507,93.7,8.94,170.21,231.62,0.4941,0.4941,3.1087,14.0515,0.0,0.4491
3133,1450,124.99,0.11,161.66,107.53,0.3008,0.1504,8.5514,7.3812,0.0,0.0999
3133,1579,210.31,0.55,248.81,121.28,0.4543,0.2271,7.2759,7.7758,13.2827,0.1487
3133,1507,92.38,9.63,171.1,232.04,0.7349,0.7349,3.1016,14.1152,0.0,0.6686
3134,1450,125.81,0.08,161.86,106.2,0.8052,0.4026,8.6998,7.4648,168.0642,0.1331
3134,1579,210.74,0.29,249.47,121.53,0.7671,0.3836,7.2569,7.8311,0.0,0.2545
3134,1507,100.08,14.64,179.96,232.67,0.3821,0.3821,3.0819,13.6915,0.0,0.3488
3135,1450,125.79,0.07,161.59,105.83,0.686,0.343,8.7426,7.5167,0.0,0.2277
3135,1579,211.04,0.2,248.11,113.93,0.2473,0.1236,7.9234,8.2629,167.8254,0.0408
3135,1507,95.68,13.39,178.53,232.37,0.2487,0.2487,3.09,13.8221,0.0,0.2267
3135,1587,208.01,0.08,249.75,72.25,0.5312,0.2656,15.455,12.2678,6.3296,0.1745
3136,1450,126.85,0.07,155.62,78.2,0.5039,0.252,13.6113,10.8287,172.8673,0.0825
3136,1579,211.16,0.2,249.46,117.02,0.2502,0.1251,7.6403,8.1372,12.9938,0.0819
3136,1507,110.35,46.35,184.8,232.26,0.459,0.459,3.0825,13.252,0.0,0.4193
3136,1587,208.55,0.12,251.95,76.17,0.3567,0.1784,14.2228,11.9382,7.3101,0.1171
3137,1450,127.33,0.1,153.3,65.74,0.6001,0.3,18.002,12.3951,174.5995,0.0977
3137,1587,212.0,0.17,250.55,67.01,0.4629,0.2314,17.4893,13.0443,174.432,0.0752
3138,1450,126.46,0.13,153.56,65.25,0.5815,0.2908,18.2323,12.4738,173.7954,0.0946
3138,1587,213.34,0.16,250.6,64.39,0.459,0.2295,18.71,13.3939,174.6726,0.0744
3138,1579,213.01,0.03,250.86,115.1,0.384,0.192,7.8192,8.467,164.5454,0.0633
3138,1507,105.94,13.27,192.98,232.14,0.5728,0.5728,3.0832,13.1504,0.0,0.5233
3139,1450,126.67,0.06,155.49,66.49,0.4893,0.2447,17.6589,12.2562,7.1683,0.1606
3139,1587,214.79,0.13,250.57,61.12,0.2114,0.1057,20.4858,13.8186,175.1785,0.0342
3139,1593,71.32,8.06,96.76,33.09,0.4922,0.4922,101.4186,20.1699,0.0,0.3181
3139,1579,213.78,0.08,251.37,113.87,0.5728,0.2864,7.9369,8.6301,166.6718,0.0944
3139,1507,107.58,17.67,193.59,232.8,0.5688,0.5688,3.071,13.1864,0.0,0.5205
3140,1450,125.17,0.12,153.41,64.73,0.3269,0.1635,18.4849,12.5819,172.6133,0.0532
3140,1587,214.74,0.16,251.49,62.64,0.3452,0.1726,19.626,13.6775,5.2093,0.1132
3140,1579,213.8,0.29,252.35,116.87,0.583,0.2915,7.6608,8.4912,12.7636,0.1909
3140,1507,108.02,18.21,194.07,232.97,0.7974,0.7974,3.0677,13.1888,0.0,0.73
3141,1450,125.6,0.31,153.48,64.05,0.3425,0.1713,18.82,12.6492,174.437,0.0557
3141,1587,214.93,0.15,252.16,63.24,0.2673,0.1336,19.3074,13.6416,6.3398,0.0876
3141,1579,214.05,0.09,253.0,117.89,0.6343,0.3171,7.5717,8.4837,0.0,0.2103
3141,1507,108.27,17.94,194.79,233.91,0.7471,0.7471,3.0513,13.2903,0.0,0.6855
3142,1450,124.93,0.15,154.35,67.96,0.4922,0.2461,17.0338,12.1677,5.6994,0.1618
3142,1587,215.78,0.14,251.98,60.81,0.3943,0.1971,20.6787,13.9416,175.2763,0.0638
3142,1579,214.07,0.15,253.48,119.15,0.3381,0.1691,7.4636,8.4395,13.176,0.1106
3142,1507,109.1,16.07,196.02,233.85,0.6514,0.6514,3.0516,13.241,0.0,0.5977
3143,1450,125.78,0.1,154.6,66.46,0.3867,0.1933,17.676,12.315,174.083,0.063
3143,1587,212.43,0.14,251.37,64.19,0.3174,0.1587,18.8093,13.4114,5.8946,0.1041
3143,1579,212.95,0.22,252.92,119.58,0.3398,0.1699,7.425,8.3071,0.0,0.1127
3143,1507,111.73,16.89,198.74,235.25,0.7754,0.7754,3.0262,13.3231,0.0,0.714
3144,1450,124.57,0.08,157.5,76.05,0.543,0.2715,14.214,11.0997,6.8328,0.1787
3144,1579,214.07,0.25,252.99,115.71,0.7153,0.3577,7.7671,8.6229,167.5772,0.1179
3144,1507,114.92,12.49,204.02,234.83,0.4446,0.4446,3.031,13.1287,0.0,0.4092
3145,1450,118.62,0.07,164.21,108.87,0.5601,0.2801,8.4095,7.4461,11.43,0.1841
3145,1579,214.59,0.12,253.27,113.93,0.3286,0.1643,7.9348,8.7913,167.7121,0.0541
3145,1507,115.34,14.16,202.71,234.08,0.7407,0.7407,3.044,13.0427,0.0,0.6806
3145,1530,66.89,15.78,102.19,118.64,0.3701,0.3701,7.6564,13.8952,166.1906,0.1198
3145,1587,214.46,0.11,253.55,64.24,0.6279,0.314,18.7968,13.5637,0.0,0.2064
3146,1450,115.68,0.07,165.42,121.83,0.4197,0.2099,7.2103,6.4664,13.3247,0.1376
3146,1579,215.25,0.03,253.83,112.81,0.4629,0.2314,8.0449,8.9429,166.7358,0.0762
3146,1507,121.96,13.96,208.88,234.12,0.7007,0.7007,3.0406,12.8794,0.0,0.6443
3146,1587,215.2,0.12,254.51,64.51,0.6792,0.3396,18.6679,13.5985,17.669,0.2179
3147,1450,117.73,0.03,163.05,111.57,0.6704,0.3352,8.1315,7.3065,168.1907,0.1108
3147,1579,215.47,0.04,254.22,112.6,0.4036,0.2018,8.0664,8.9946,0.0,0.1337
3147,1507,125.05,15.05,210.39,233.92,0.7793,0.7793,3.0433,12.8062,0.0,0.7164
3147,1587,215.79,0.12,254.89,64.09,0.3857,0.1928,18.8804,13.6827,172.33,0.0625
3147,1530,60.34,8.83,105.36,140.45,0.4312,0.4312,6.1152,13.6845,15.6923,0.278
3148,1450,118.07,0.05,162.56,110.49,0.7822,0.3911,8.2416,7.4121,168.3357,0.1293
3148,1579,215.21,0.19,254.32,112.68,0.2751,0.1376,8.0583,8.9793,0.0,0.0911
3148,1507,128.87,16.16,211.69,232.7,0.5098,0.5098,3.0635,12.5981,0.0,0.4674
3148,1587,215.99,0.12,255.21,64.05,0.4746,0.2373,18.9022,13.7073,0.0,0.1559
3149,1450,118.56,0.06,162.29,109.54,0.7627,0.3814,8.3404,7.4876,0.0,0.2531
3149,1579,214.72,0.11,254.34,112.91,0.6748,0.3374,8.0351,8.9347,0.0,0.2236
3149,1507,135.66,16.07,216.3,232.49,0.3057,0.3057,3.0662,12.5092,0.0,0.2802
3150,1450,117.46,0.02,162.2,113.02,0.8315,0.4158,7.9894,7.241,12.2443,0.2729
3150,1579,214.46,0.08,255.35,116.13,0.6377,0.3189,7.7324,8.767,12.5445,0.2088
3150,1507,142.8,15.79,220.5,231.38,0.6548,0.6548,3.0853,12.347,0.0,0.5987
3150,1530,56.92,14.71,96.52,127.65,0.3701,0.3701,6.9706,14.6762,165.3788,0.1193
3151,1450,117.6,0.05,161.97,112.91,0.811,0.4055,8.0002,7.2555,0.0,0.2693
3151,1579,214.38,0.06,254.96,114.02,0.7178,0.3589,7.9283,8.876,167.7653,0.1182
3151,1507,148.75,16.08,224.2,232.8,0.5186,0.5186,3.0611,12.5714,0.0,0.4757
3152,1450,119.54,0.06,164.26,113.57,0.7739,0.387,7.9321,6.9629,0.0,0.257
3152,1579,214.62,0.06,255.44,113.76,0.501,0.2505,7.9542,8.9377,0.0,0.166
3152,1507,160.87,16.13,221.04,190.15,0.625,0.625,3.9866,6.775,156.8079,0.2913
3152,1587,219.88,0.11,255.03,56.4,0.3831,0.1915,23.7443,14.7023,175.8201,0.0618
3153,1450,120.34,0.07,165.37,114.37,0.7871,0.3936,7.8542,6.7867,0.0,0.2614
3153,1579,215.97,0.06,256.96,114.46,0.3486,0.1743,7.8916,9.0684,0.0,0.1155
3153,1507,159.26,16.62,229.08,225.14,0.7627,0.7627,3.2,11.6567,28.1107,0.6563
3154,1450,118.42,0.07,164.29,117.52,0.7515,0.3757,7.5705,6.6922,14.1392,0.2459
3154,1579,214.85,0.2,257.28,118.53,0.583,0.2915,7.5228,8.7679,12.7537,0.1908
3154,1507,161.84,16.11,232.82,234.73,0.6196,0.6196,3.0313,13.0264,30.7533,0.5414
3155,1450,120.66,0.07,166.23,116.22,0.7964,0.3982,7.6825,6.5599,156.5468,0.1319
3155,1579,216.98,0.16,258.86,118.09,0.4426,0.2213,7.5661,9.0301,0.0,0.1466
3155,1507,164.55,16.1,235.22,238.93,0.3354,0.3354,2.9628,13.6541,0.0,0.3115
3155,1587,219.97,0.0,259.03,63.45,0.283,0.1415,19.2359,14.0805,5.3268,0.0927
3156,1450,120.79,0.02,166.27,116.34,0.8027,0.4013,7.6715,6.5401,0.0,0.2667
3156,1579,218.33,0.15,260.23,119.79,0.6074,0.3037,7.4243,9.1115,16.7972,0.1969
3156,1507,170.32,21.41,240.65,241.23,0.6621,0.6621,2.9287,14.1307,0.0,0.6176
3157,1450,119.13,0.01,167.88,125.45,0.8359,0.4179,6.9254,5.8545,13.7976,0.2739
3157,1579,218.6,0.14,260.41,120.79,0.4351,0.2175,7.3417,9.0889,0.0,0.1441
3157,1507,171.63,19.43,241.19,237.22,0.2612,0.2612,2.9943,13.6404,0.0,0.2415
3158,1450,118.57,0.0,166.55,124.21,0.7104,0.3552,7.0205,6.0546,0.0,0.2361
3158,1579,219.15,0.14,260.36,120.05,0.4766,0.2383,7.4038,9.1594,0.0,0.1579
3158,1507,175.27,18.02,245.2,235.71,0.7686,0.7686,3.022,13.5965,0.0,0.7079
3159,1450,118.38,0.04,162.19,113.68,0.79,0.395,7.9248,7.1333,167.6912,0.1306
3159,1507,176.54,13.24,248.26,234.91,0.4272,0.4272,3.0371,13.5892,0.0,0.3926
3160,1450,118.13,0.01,162.25,115.08,0.7988,0.3994,7.7931,7.0258,12.3615,0.2622
3160,1507,189.69,98.29,241.49,234.29,0.6318,0.6318,3.0502,13.6624,0.0,0.5795
3160,1587,219.27,0.09,261.94,71.19,0.4629,0.2314,15.8878,13.3478,6.2124,0.1518
3161,1450,118.06,0.05,160.31,111.31,0.5928,0.2964,8.1603,7.4618,167.9201,0.098
3161,1587,217.65,0.14,258.8,67.39,0.3381,0.1691,17.3651,13.5504,173.2521,0.0548
3161,1579,216.39,0.08,258.13,120.44,0.2798,0.1399,7.3644,8.8153,0.0,0.0927
3162,1450,117.34,0.02,161.11,115.82,0.8101,0.4051,7.7269,7.0767,12.4105,0.2658
3162,1587,218.71,0.13,260.82,70.33,0.4922,0.2461,16.1983,13.3656,6.9004,0.1613
3162,1507,177.76,29.35,255.83,234.39,0.8369,0.8369,3.0495,13.7356,0.0,0.7676
3163,1450,117.15,0.05,161.34,117.82,0.7075,0.3538,7.5484,6.9175,12.6945,0.2321
3163,1587,214.31,0.18,258.13,71.79,0.4207,0.2104,15.6505,12.9099,15.344,0.136
3163,1507,175.52,9.61,261.11,235.09,0.7598,0.7598,3.039,13.9018,0.0,0.6978
3164,1450,116.06,0.06,161.18,121.64,0.7725,0.3862,7.2292,6.7188,13.4706,0.2531
3164,1587,215.53,0.17,258.7,70.49,0.4668,0.2334,16.1237,13.1245,172.8445,0.0758
3164,1507,174.33,0.2,262.98,234.74,0.6875,0.3438,3.0452,13.8762,0.0,0.3154
3164,1530,36.13,25.26,79.08,143.7,0.4446,0.4446,6.0378,17.0432,25.418,0.2755
3165,1450,115.68,0.11,160.36,121.15,0.8076,0.4038,7.2701,6.8265,0.0,0.2682
3165,1587,217.51,0.2,259.84,69.63,0.626,0.313,16.4577,13.3474,168.2984,0.1015
3165,1507,174.01,0.0,262.63,235.09,0.646,0.323,3.039,13.9021,0.0,0.2966
3166,1450,115.48,0.09,160.11,121.96,0.7793,0.3896,7.2051,6.8006,0.0,0.2589
3166,1587,220.23,0.1,257.91,60.84,0.3477,0.1739,20.6966,14.3316,175.3043,0.0561
3166,1507,177.6,15.75,260.71,234.92,0.8608,0.8608,3.0427,13.9252,0.0,0.7901
3167,1450,115.05,0.03,159.29,121.67,0.7964,0.3982,7.2297,6.898,0.0,0.2645
3167,1587,220.08,0.07,259.72,62.54,0.6724,0.3362,19.7255,14.2114,5.5915,0.2202
3167,1507,180.72,17.07,264.12,235.03,0.7319,0.7319,3.0439,14.1191,0.0,0.6714
3167,1530,30.92,27.65,71.73,134.01,0.2822,0.2822,6.6525,17.9136,164.0458,0.0895
3168,1450,115.68,0.06,159.3,121.57,0.7217,0.3609,7.2371,6.8645,0.0,0.2397
3168,1587,217.58,0.04,257.91,63.43,0.3408,0.1704,19.2345,13.9432,12.6494,0.1105
3168,1507,182.97,14.97,268.05,235.38,0.8467,0.8467,3.0412,14.3425,0.0,0.7768
3168,1530,26.94,21.9,72.05,139.73,0.3831,0.3831,6.3041,18.11,16.2327,0.244
3169,1450,115.6,0.02,158.91,121.95,0.6733,0.3367,7.207,6.8691,0.0,0.2236
3169,1587,214.74,0.03,256.14,64.76,0.3784,0.1892,18.5489,13.616,10.1385,0.1234
3169,1507,186.62,13.81,272.12,235.07,0.8516,0.8516,3.0508,14.5452,0.0,0.78
3169,1530,25.62,22.74,72.0,143.06,0.5688,0.5688,6.1151,18.1901,16.1564,0.3622
3170,1450,115.15,0.05,158.18,121.88,0.6396,0.3198,7.2138,6.9479,0.0,0.2124
3170,1587,214.84,0.05,255.96,64.11,0.4167,0.2084,18.8707,13.6851,174.826,0.0675
3170,1507,189.27,14.02,274.51,234.87,0.8701,0.8701,3.0572,14.6863,0.0,0.796
3170,1530,20.33,23.37,74.01,167.13,0.5332,0.5332,5.0005,18.6597,19.001,0.3364
3171,1450,115.62,0.06,158.39,122.34,0.4912,0.2456,7.1764,6.8755,0.0,0.1631
3171,1587,215.56,0.07,256.55,63.76,0.4121,0.2061,19.0527,13.7747,169.5465,0.0667
3171,1507,194.17,14.77,278.53,234.25,0.8906,0.8906,3.0734,14.9218,0.0,0.8125
3171,1530,18.03,23.69,73.5,175.48,0.2712,0.2712,4.7009,19.0514,20.4949,0.1809
3172,1450,115.21,0.07,157.69,121.97,0.7925,0.3962,7.2071,6.9692,0.0,0.2632
3172,1587,214.87,0.13,257.76,66.98,0.5815,0.2908,17.5308,13.4401,5.5793,0.1907
3172,1507,197.27,14.78,281.83,235.87,0.8677,0.8677,3.0502,15.3343,0.0,0.7937
3173,1450,115.38,0.07,157.58,121.81,0.7832,0.3916,7.2198,6.9757,0.0,0.2601
3173,1587,215.49,0.17,257.33,65.15,0.7744,0.3872,18.3668,13.6487,174.7115,0.1254
3173,1507,201.87,14.93,285.36,235.16,0.8721,0.8721,3.0681,15.5583,0.0,0.7954
3174,1450,114.79,0.07,156.81,121.45,0.7485,0.3743,7.2502,7.0844,0.0,0.2485
3174,1587,216.14,0.19,256.78,62.84,0.6494,0.3247,19.5391,13.9082,175.0267,0.1051
3174,1507,206.88,15.4,289.18,234.64,0.8496,0.8496,3.0837,15.8466,0.0,0.7727
3174,1530,9.62,27.25,63.18,177.97,0.2805,0.2805,4.6543,20.2839,68.3922,0.1351
3175,1450,113.45,0.12,155.71,121.43,0.7319,0.3659,7.2545,7.2396,0.0,0.243
3175,1587,215.85,0.12,256.73,62.97,0.6582,0.3291,19.4682,13.8806,0.0,0.2162
3175,1507,211.77,15.71,293.18,234.49,0.8496,0.8496,3.0936,16.1921,0.0,0.7711
3175,1530,11.57,27.97,65.14,179.17,0.5088,0.5088,4.6062,20.0795,0.0,0.3556
3176,1450,112.42,0.09,155.37,122.66,0.7598,0.3799,7.1576,7.2517,0.0,0.2523
3176,1587,216.63,0.14,255.46,59.15,0.5312,0.2656,21.7436,14.289,175.5051,0.0858
3176,1507,216.91,16.02,296.74,233.92,0.8779,0.8779,3.111,16.5005,0.0,0.7943
3176,1530,7.6,28.31,64.35,188.56,0.6646,0.6646,4.3229,20.6866,22.6511,0.4717
3177,1450,112.62,0.03,156.72,126.63,0.5796,0.2898,6.8549,6.9323,14.0989,0.1896
3177,1587,215.54,0.12,256.18,61.94,0.5449,0.2725,20.0321,13.9624,4.8525,0.1786
3177,1507,221.59,15.77,299.4,233.12,0.8413,0.8413,3.1316,16.7405,0.0,0.7586
3177,1530,1.5,28.24,58.84,191.63,0.6738,0.3369,4.2572,21.4933,0.0,0.2502
3178,1450,112.15,0.06,156.42,127.01,0.7319,0.3659,6.8281,6.9643,0.0,0.2431
3178,1587,214.86,0.12,255.99,62.64,0.4436,0.2218,19.6407,13.8511,5.7264,0.1453
3178,1507,226.56,15.76,302.52,234.17,0.8608,0.8608,3.1211,17.2015,0.0,0.7767
3179,1450,111.68,0.06,156.25,127.82,0.7334,0.3667,6.7707,6.9679,0.0,0.2436
3179,1587,213.84,0.25,256.14,64.78,0.2153,0.1076,18.5365,13.5788,5.3113,0.0706
3179,1507,229.87,16.1,303.7,233.17,0.8369,0.8369,3.143,17.3098,0.0,0.7525
3179,1579,213.78,0.1,255.44,119.78,0.5059,0.253,7.4124,8.5099,0.0,0.1677
3179,1530,0.0,29.16,55.54,193.84,0.6909,0.3454,4.2047,21.8604,0.0,0.2587
3180,1450,113.45,0.07,157.67,128.33,0.7612,0.3806,6.7314,6.7311,0.0,0.2529
3180,1587,213.56,0.19,255.91,64.96,0.2069,0.1035,18.4477,13.5391,0.0,0.068
3180,1507,232.08,16.21,304.05,231.74,0.8721,0.8721,3.1708,17.2945,0.0,0.781
3180,1579,213.43,0.08,255.25,120.04,0.5737,0.2868,7.3899,8.4604,0.0,0.1902
3180,1530,0.49,29.02,58.04,193.81,0.5439,0.272,4.1995,21.6835,0.0,0.2039
3181,1450,114.16,0.02,157.91,128.08,0.6206,0.3103,6.7481,6.6797,0.0,0.2062
3181,1587,212.29,0.16,254.61,64.52,0.2605,0.1303,18.6545,13.4901,163.4633,0.0422
3181,1507,233.09,16.03,304.11,232.57,0.8252,0.8252,3.1572,17.4206,0.0,0.7403
3181,1579,211.54,0.12,254.15,120.68,0.22,0.11,7.333,8.232,0.0,0.073
3182,1450,115.01,0.05,158.27,128.09,0.7695,0.3847,6.7462,6.5987,0.0,0.2557
3182,1507,234.3,15.91,304.21,232.23,0.8013,0.8013,3.1646,17.45,0.0,0.718
3182,1579,211.93,0.42,254.53,121.95,0.5088,0.2544,7.2307,8.2115,13.9578,0.1662
3182,1530,0.0,7.44,60.18,194.27,0.606,0.303,4.1835,21.6045,0.0,0.2279
3183,1450,115.88,0.06,157.48,124.0,0.6533,0.3266,7.0475,6.8149,166.427,0.1081
3183,1507,235.54,16.1,304.92,233.2,0.7559,0.7559,3.1495,17.6294,0.0,0.6786
3183,1579,211.42,0.34,254.05,121.49,0.2502,0.1251,7.2665,8.1725,0.0,0.083
3183,1530,0.0,18.14,57.66,192.34,0.4321,0.216,4.2424,21.6785,0.0,0.1608
3183,1587,210.26,0.24,255.47,69.48,0.3354,0.1677,16.4836,12.8897,5.9076,0.1101
3184,1450,115.0,0.07,157.27,126.58,0.6235,0.3118,6.8556,6.7418,14.3176,0.2039
3184,1507,236.97,16.67,305.9,233.46,0.8677,0.8677,3.1475,17.7651,0.0,0.779
3184,1579,211.15,0.73,254.71,125.56,0.3123,0.1562,6.9506,7.9913,13.7927,0.1021
3184,1587,211.53,0.24,255.11,67.15,0.2959,0.1479,17.4398,13.1851,174.363,0.048
3185,1450,120.16,0.14,152.17,89.78,0.4961,0.248,11.0772,9.9057,171.2705,0.0815
3185,1507,242.5,16.92,312.23,232.35,0.7974,0.7974,3.18,18.2266,0.0,0.7118
3185,1587,211.6,0.24,254.66,66.24,0.5059,0.253,17.8409,13.2724,174.3913,0.0821
3186,1450,114.32,0.09,154.52,111.77,0.7544,0.3772,8.1247,7.9594,11.8901,0.2476
3186,1507,240.17,16.77,309.2,230.79,0.8125,0.8125,3.2019,17.8332,0.0,0.7234
3186,1587,210.12,0.24,255.84,70.57,0.562,0.281,16.0721,12.7779,6.038,0.1845
3187,1450,115.36,0.08,156.52,115.16,0.6724,0.3362,7.7946,7.5136,13.2663,0.2202
3187,1507,240.05,17.29,308.96,231.42,0.8101,0.8101,3.1902,17.8715,0.0,0.7225
3187,1587,210.11,0.28,257.0,73.33,0.2415,0.1207,15.1155,12.5214,6.6106,0.0793
3187,1530,0.0,20.48,57.53,206.47,0.3098,0.1549,3.8747,22.2854,23.8278,0.1182
3187,1579,209.98,0.29,253.22,122.27,0.4504,0.2252,7.2011,7.9826,165.5145,0.0743
3188,1450,115.75,0.12,157.17,116.17,0.6318,0.3159,7.7009,7.3745,0.0,0.2097
3188,1507,242.53,16.58,312.52,231.93,0.7778,0.7778,3.1879,18.2055,0.0,0.6935
3188,1587,211.67,0.23,255.92,69.32,0.4629,0.2314,16.5508,12.9812,174.134,0.0752
3188,1579,210.97,0.35,254.6,123.94,0.2227,0.1114,7.0731,8.0501,16.797,0.0723
3189,1450,116.19,0.13,158.35,118.85,0.6353,0.3176,7.4634,7.079,13.2695,0.2081
3189,1507,240.46,16.7,310.06,231.84,0.8076,0.8076,3.1844,17.9806,0.0,0.7208
3189,1587,212.75,0.2,255.04,66.28,0.4863,0.2432,17.8272,13.3268,174.5527,0.0789
3190,1450,116.01,0.09,159.87,124.49,0.7695,0.3847,7.0076,6.6239,13.6862,0.252
3190,1507,239.9,16.77,309.12,231.25,0.7847,0.7847,3.1933,17.857,0.0,0.6996
3190,1587,215.66,0.19,252.22,55.97,0.4026,0.2013,24.0604,14.4981,175.9562,0.065
3191,1450,117.16,0.12,159.77,120.9,0.7988,0.3994,7.2896,6.7884,166.6769,0.1322
3191,1507,240.03,16.34,308.68,229.35,0.8516,0.8516,3.2273,17.6753,0.0,0.7556
3191,1587,216.09,0.16,252.24,54.69,0.2629,0.1315,25.1449,14.6608,176.0946,0.0424
3191,1579,210.8,0.48,253.87,122.05,0.4167,0.2084,7.2204,8.09,166.2728,0.0688
3192,1450,117.93,0.09,159.77,118.51,0.8052,0.4026,7.4893,6.9127,166.9873,0.1332
3192,1507,243.15,15.73,311.69,227.14,0.8423,0.8423,3.275,17.7851,0.0,0.7418
3192,1579,211.31,0.47,254.41,122.27,0.604,0.302,7.2041,8.1463,0.0,0.2003
3192,1530,0.0,57.26,51.78,223.34,0.5679,0.2839,3.5144,23.4676,26.691,0.2276
3193,1450,118.01,0.08,159.68,117.81,0.7559,0.378,7.55,6.9659,0.0,0.251
3193,1507,246.06,14.21,315.28,226.04,0.8584,0.8584,3.3033,18.0179,0.0,0.7524
3193,1579,212.22,0.19,254.79,120.43,0.3943,0.1971,7.3553,8.331,166.4118,0.065
3193,1587,212.09,0.15,255.95,66.85,0.3242,0.1621,17.5744,13.273,5.527,0.1064
3194,1450,118.18,0.07,160.05,118.6,0.7598,0.3799,7.4811,6.8741,0.0,0.2524
3194,1507,248.19,12.82,317.92,225.55,0.8862,0.8862,3.3183,18.2192,0.0,0.7747
3194,1579,212.27,0.31,255.04,121.01,0.3647,0.1824,7.3079,8.3179,0.0,0.1209
3195,1450,117.47,0.12,160.85,123.52,0.6826,0.3413,7.0797,6.528,13.5052,0.2236
3195,1507,249.69,12.96,318.84,222.6,0.8755,0.8755,3.3783,18.1096,0.0,0.7585
3195,1579,211.62,0.26,254.68,121.33,0.3577,0.1789,7.2806,8.235,0.0,0.1186
3195,1587,211.49,0.14,254.34,64.73,0.272,0.136,18.5484,13.426,173.9824,0.0441
3196,1450,116.38,0.13,161.06,127.27,0.7612,0.3806,6.8007,6.3656,14.1804,0.2491
3196,1507,253.04,13.05,320.76,218.79,0.8735,0.8735,3.4612,18.0957,0.0,0.7471
3196,1579,212.37,0.24,255.41,121.96,0.5352,0.2676,7.2315,8.2968,0.0,0.1775
3197,1450,117.07,0.09,161.74,127.65,0.7075,0.3538,6.7723,6.2554,0.0,0.2351
3197,1507,254.26,12.72,321.38,217.02,0.8184,0.8184,3.5002,18.0639,0.0,0.6958
3197,1579,212.92,0.47,255.42,121.09,0.3887,0.1943,7.3027,8.3801,0.0,0.1289
3197,1587,210.78,0.16,257.54,71.75,0.3767,0.1883,15.6538,12.7436,6.3421,0.1236
3198,1450,117.62,0.12,163.0,130.36,0.7212,0.3606,6.5824,6.0006,15.0937,0.2356
3198,1507,256.65,12.06,321.8,210.61,0.8384,0.8384,3.6421,17.7669,154.8024,0.4179
3198,1579,213.55,0.22,256.3,121.88,0.686,0.343,7.2406,8.4357,0.0,0.2274
3199,1450,117.47,0.04,163.65,133.05,0.7515,0.3757,6.4046,5.8535,14.8941,0.2456
3199,1507,258.02,11.55,322.45,208.92,0.8442,0.8442,3.6829,17.7666,0.0,0.6976
3199,1579,214.1,0.08,256.86,122.09,0.7671,0.3836,7.2252,8.4972,0.0,0.2543
3200,1450,117.79,0.29,164.14,134.86,0.7544,0.3772,6.2895,5.734,15.3912,0.2463
3200,1507,259.87,11.94,323.5,208.73,0.8369,0.8369,3.6913,17.9169,0.0,0.6904
3200,1579,213.43,0.4,256.46,123.28,0.5381,0.2691,7.1296,8.3669,0.0,0.1784
3200,1587,213.67,0.34,256.97,66.73,0.3557,0.1779,17.6347,13.3884,174.3922,0.0577
3201,1450,117.87,0.2,163.99,135.19,0.7378,0.3689,6.2691,5.7284,0.0,0.2453
3201,1507,260.43,11.26,323.53,208.17,0.8193,0.8193,3.705,17.9138,0.0,0.6744
3201,1579,213.49,0.2,256.35,122.25,0.5679,0.2839,7.2109,8.4158,0.0,0.1883
3201,1587,214.32,0.3,257.3,66.51,0.2605,0.1303,17.7352,13.4514,167.216,0.0422
3202,1450,118.2,0.21,164.62,137.19,0.8062,0.4031,6.1469,5.6055,15.7777,0.263
3202,1507,260.72,10.74,323.72,209.14,0.8828,0.8828,3.6835,18.0037,0.0,0.7291
3202,1579,213.63,0.21,256.55,122.32,0.4377,0.2188,7.2058,8.4344,0.0,0.1451
3202,1587,214.42,0.32,257.51,66.86,0.3167,0.1583,17.5812,13.4253,6.1448,0.1038
3202,1530,0.0,56.28,53.53,241.04,0.3914,0.1957,3.1847,24.4316,28.1491,0.1643
3203,1450,117.52,0.08,163.91,137.9,0.833,0.4165,6.1059,5.6864,0.0,0.277
3203,1507,261.31,10.75,323.58,208.44,0.8638,0.8638,3.7001,17.9836,0.0,0.7115
3203,1579,212.77,0.08,256.05,122.15,0.5078,0.2539,7.2176,8.3545,0.0,0.1684
3203,1587,214.95,0.29,257.46,65.98,0.2101,0.1051,17.9773,13.5411,174.4521,0.034
3203,1530,0.0,49.02,49.73,232.24,0.2422,0.1211,3.3466,24.0853,152.9888,0.0635
3204,1450,117.3,0.07,163.21,137.44,0.8193,0.4097,6.1339,5.7613,0.0,0.2724
3204,1507,262.25,10.96,323.46,206.73,0.8477,0.8477,3.7408,17.9208,0.0,0.6937
3204,1579,213.62,0.21,256.72,121.91,0.5557,0.2778,7.2388,8.4661,0.0,0.1842
3204,1587,215.55,0.27,257.03,64.14,0.3276,0.1638,18.8612,13.7509,174.8496,0.053
3205,1450,117.35,0.11,162.42,135.64,0.4485,0.2243,6.2431,5.8599,164.5492,0.0744
3205,1507,262.53,11.52,323.02,206.23,0.8433,0.8433,3.7522,17.8802,0.0,0.6889
3205,1579,214.0,0.35,257.1,121.91,0.3311,0.1656,7.2398,8.5156,0.0,0.1098
3205,1587,215.55,0.29,256.69,63.33,0.5449,0.2725,19.2763,13.8275,174.8026,0.0882
3206,1450,117.41,0.13,161.99,134.91,0.7739,0.387,6.2885,5.9075,0.0,0.2573
3206,1507,263.04,11.36,323.13,205.71,0.8184,0.8184,3.7654,17.883,0.0,0.6671
3206,1579,214.33,0.32,257.42,121.95,0.5767,0.2883,7.2374,8.556,0.0,0.1912
3206,1587,214.43,0.23,258.82,68.97,0.3433,0.1716,16.7042,13.2481,5.86,0.1126
3207,1450,116.51,0.09,162.65,141.09,0.8159,0.4079,5.9252,5.7956,16.0272,0.266
3207,1507,264.71,11.03,324.98,205.47,0.833,0.833,3.7762,18.0693,0.0,0.6776
3207,1579,214.65,0.11,257.7,121.93,0.224,0.112,7.2398,8.5962,0.0,0.0742
3207,1587,214.72,0.29,259.79,70.83,0.5581,0.2791,15.9994,13.0997,6.4927,0.183
3208,1450,116.03,0.03,162.67,143.88,0.8125,0.4062,5.7739,5.8135,16.5036,0.2646
3208,1507,264.68,11.01,325.15,205.88,0.8555,0.8555,3.7667,18.1024,0.0,0.6969
3208,1579,215.84,0.13,258.59,121.41,0.7217,0.3609,7.2846,8.7586,0.0,0.2392
3209,1450,115.87,0.01,162.56,145.47,0.8125,0.4062,5.6908,5.8364,0.0,0.2701
3209,1507,265.15,11.1,326.15,206.91,0.8867,0.8867,3.7448,18.2497,0.0,0.7247
3209,1579,216.23,0.14,258.97,121.72,0.6626,0.3313,7.2605,8.793,0.0,0.2196
3210,1450,115.81,0.18,162.52,146.85,0.8013,0.4007,5.6204,5.8538,0.0,0.2664
3210,1507,265.73,10.96,327.17,207.14,0.877,0.877,3.7418,18.3548,0.0,0.7169
3210,1579,215.88,0.23,258.47,121.52,0.5498,0.2749,7.2756,8.7477,0.0,0.1822
3210,1587,215.8,0.3,260.29,70.7,0.2612,0.1306,16.0514,13.1801,0.0,0.0859
3211,1450,115.84,0.16,162.18,146.96,0.71,0.355,5.6151,5.8769,0.0,0.236
3211,1507,265.97,11.56,327.48,206.88,0.895,0.895,3.7486,18.3701,0.0,0.7308
3211,1579,215.96,0.17,258.42,121.3,0.4629,0.2314,7.2935,8.761,0.0,0.1534
3211,1587,213.51,0.37,262.96,80.86,0.2031,0.1016,13.0064,12.1413,7.46,0.0667
3212,1450,115.63,0.15,161.9,147.69,0.7349,0.3674,5.5789,5.9199,0.0,0.2443
3212,1507,266.29,11.52,328.41,207.17,0.8901,0.8901,3.7438,18.4589,0.0,0.7272
3212,1579,216.62,0.25,258.88,121.36,0.5767,0.2883,7.2901,8.8309,0.0,0.1911
3213,1450,115.48,0.24,161.5,147.55,0.7422,0.3711,5.5863,5.9571,0.0,0.2467
3213,1507,267.29,11.13,330.06,206.74,0.8667,0.8667,3.7578,18.5837,0.0,0.7063
3213,1579,216.68,0.09,258.84,121.34,0.4368,0.2184,7.2918,8.8333,0.0,0.1447
3213,1587,215.77,0.43,261.1,75.05,0.3389,0.1694,14.5959,12.7552,173.3565,0.0551
3214,1450,114.31,0.09,160.43,147.26,0.7847,0.3923,5.6026,6.1122,0.0,0.2608
3214,1507,268.45,10.89,332.07,206.59,0.8921,0.8921,3.7661,18.7555,0.0,0.7257
3214,1579,216.97,0.31,258.92,121.2,0.5659,0.2829,7.3037,8.8646,0.0,0.1875
3215,1450,115.31,0.12,161.18,147.3,0.7529,0.3765,5.5992,5.9888,0.0,0.2503
3215,1507,268.87,10.9,333.16,206.18,0.8901,0.8901,3.7781,18.8175,0.0,0.7226
3215,1587,218.15,0.63,258.77,67.12,0.502,0.251,17.4828,13.5988,174.4421,0.0813
3216,1450,116.07,0.23,161.64,147.27,0.8315,0.4158,5.5997,5.9022,0.0,0.2764
3216,1507,269.22,10.72,334.42,206.04,0.9058,0.9058,3.7839,18.9014,0.0,0.7345
3216,1587,212.82,0.44,256.31,69.98,0.373,0.1865,16.301,12.9703,9.7491,0.1218
3217,1450,116.29,0.17,161.89,147.79,0.7393,0.3696,5.5734,5.8753,0.0,0.2458
3217,1507,270.65,10.29,336.5,205.25,0.8906,0.8906,3.8082,19.0571,0.0,0.719
3217,1587,215.91,0.22,258.59,68.87,0.2776,0.1388,16.7476,13.3103,165.6329,0.045
3217,1530,0.0,45.48,66.53,286.31,0.4446,0.2223,2.5338,27.1112,33.8724,0.2006
3218,1450,115.06,0.15,161.09,148.05,0.7925,0.3962,5.5621,6.0222,0.0,0.2634
3218,1507,272.13,9.76,338.06,202.55,0.8843,0.8843,3.8785,19.0825,0.0,0.7056
3218,1587,218.46,0.22,258.67,64.72,0.2925,0.1462,18.5882,13.8674,174.5785,0.0473
3218,1579,216.43,0.28,258.88,122.2,0.5059,0.253,7.2221,8.7762,0.0,0.1676
3219,1450,115.75,0.15,161.84,148.58,0.7739,0.387,5.5348,5.9283,0.0,0.2573
3219,1507,273.41,9.0,340.16,201.93,0.8945,0.8945,3.8993,19.2455,0.0,0.7109
3219,1587,219.19,0.21,259.14,64.32,0.7202,0.3601,18.7896,13.9591,170.9718,0.1165
3219,1579,216.88,0.23,259.26,122.23,0.2524,0.1262,7.2208,8.8291,0.0,0.0836
3220,1450,116.88,0.23,162.66,148.02,0.8403,0.4202,5.5609,5.7823,0.0,0.2794
3220,1507,274.3,8.26,341.87,201.53,0.9009,0.9009,3.9136,19.3758,0.0,0.7141
3220,1587,219.28,0.21,259.45,64.79,0.4534,0.2267,18.5593,13.9244,5.7885,0.1485
3220,1579,217.03,0.16,259.4,122.19,0.3293,0.1646,7.2244,8.8501,0.0,0.1091
3221,1450,117.93,0.18,163.73,147.78,0.8452,0.4226,5.5712,5.629,0.0,0.2811
3221,1507,275.1,8.09,343.63,201.77,0.8735,0.8735,3.9119,19.5373,0.0,0.6923
3221,1587,220.75,0.22,258.86,61.06,0.2451,0.1226,20.5703,14.3651,175.2617,0.0396
3221,1579,215.92,0.23,259.49,125.19,0.5859,0.2929,6.9903,8.6436,13.7724,0.1914
3222,1450,118.55,0.25,164.47,147.48,0.8271,0.4135,5.5852,5.5288,0.0,0.2751
3222,1507,275.86,8.03,345.24,201.7,0.8789,0.8789,3.9176,19.6716,0.0,0.6957
3222,1587,220.23,0.2,259.49,62.95,0.3647,0.1824,19.5029,14.1637,4.9944,0.1195
3222,1579,217.23,0.44,259.81,122.59,0.5117,0.2559,7.1934,8.8708,166.2601,0.0843
3223,1450,119.58,0.37,165.97,147.63,0.791,0.3955,5.5759,5.3517,0.0,0.2631
3223,1507,276.03,7.47,347.37,205.05,0.8359,0.8359,3.8394,19.9802,0.0,0.6698
3223,1587,218.67,0.19,260.9,68.38,0.5195,0.2597,16.9605,13.5739,5.7261,0.1703
3223,1530,0.0,37.72,62.89,288.0,0.3674,0.1837,2.5193,27.3928,0.0,0.1764
3224,1450,121.73,0.69,169.22,149.07,0.7583,0.3791,5.5014,4.995,0.0,0.2523
3224,1507,275.92,6.34,347.8,203.17,0.7642,0.7642,3.8856,19.8997,0.0,0.6078
3224,1530,0.0,59.92,56.84,287.43,0.3647,0.1824,2.5341,27.595,0.0,0.1746
3224,1579,216.6,0.38,259.21,122.15,0.6982,0.3491,7.2268,8.8115,0.0,0.2314
3225,1450,123.14,0.9,172.22,151.82,0.6934,0.3467,5.3678,4.7609,21.6892,0.2226
3225,1507,276.18,6.38,348.68,203.29,0.8369,0.8369,3.8846,19.9719,0.0,0.6656
3225,1530,0.0,46.68,59.5,287.68,0.3877,0.1938,2.5276,27.5057,0.0,0.1858
3225,1579,216.23,0.37,258.89,121.65,0.3513,0.1757,7.2661,8.7913,0.0,0.1164
3225,1587,216.76,0.23,260.36,70.89,0.583,0.2915,15.9848,13.2035,6.6431,0.1911
3226,1450,124.02,1.35,174.11,152.65,0.8135,0.4068,5.3278,4.5997,0.0,0.2707
3226,1507,277.64,5.4,350.91,204.37,0.7568,0.7568,3.8646,20.2408,0.0,0.6035
3226,1530,0.0,57.46,58.57,287.68,0.2935,0.1467,2.5288,27.5437,0.0,0.1406
3226,1579,216.22,0.51,258.66,120.41,0.3372,0.1686,7.3674,8.8402,166.8877,0.0555
3226,1587,218.19,0.21,259.81,67.68,0.2407,0.1203,17.2465,13.5831,174.3447,0.039
3227,1450,124.88,1.61,176.06,153.13,0.8638,0.4319,5.3043,4.4268,0.0,0.2875
3227,1507,279.24,5.96,352.12,204.04,0.7583,0.7583,3.8774,20.3858,0.0,0.6032
3227,1579,215.38,0.27,258.66,121.91,0.4514,0.2257,7.2437,8.7076,13.552,0.1475
3227,1587,219.09,0.17,258.29,62.99,0.2024,0.1012,19.4735,14.0661,174.9818,0.0327
3228,1450,125.46,2.35,177.77,154.49,0.8218,0.4109,5.2418,4.3344,0.0,0.2735
3228,1507,279.9,6.47,352.16,202.9,0.8545,0.8545,3.9066,20.3686,0.0,0.6764
3228,1579,215.5,0.19,258.97,122.05,0.7612,0.3806,7.233,8.7287,0.0,0.2523
3229,1450,126.15,2.91,179.13,155.44,0.8228,0.4114,5.1988,4.2479,0.0,0.2739
3229,1507,282.39,5.84,354.22,203.31,0.8691,0.8691,3.9045,20.652,0.0,0.6877
3229,1579,215.17,0.34,258.72,122.25,0.5215,0.2607,7.2162,8.6807,0.0,0.1728
3229,1587,216.56,0.18,258.76,67.76,0.6299,0.315,17.2047,13.4641,5.7296,0.2066
3230,1450,126.29,3.57,180.48,158.82,0.8125,0.4062,5.0533,4.3631,18.9328,0.2631
3230,1507,283.17,5.61,354.98,205.69,0.8584,0.8584,3.8493,20.86,0.0,0.6852
3230,1579,215.03,0.21,258.65,122.27,0.8076,0.4038,7.2143,8.6659,0.0,0.2677
3231,1450,127.3,4.18,182.0,160.08,0.8423,0.4212,5.0001,4.2999,0.0,0.2804
3231,1507,286.54,5.62,355.89,202.16,0.8486,0.4243,3.9434,20.9326,0.0,0.3333
3231,1579,214.4,0.16,258.27,122.56,0.667,0.3335,7.1899,8.5852,0.0,0.2211
3232,1450,128.14,4.5,183.17,160.97,0.8394,0.4197,4.9631,4.2508,0.0,0.2815
3232,1507,288.39,5.36,356.33,201.37,0.8608,0.4304,3.9674,21.028,0.0,0.3366
3232,1579,212.85,0.15,257.04,122.58,0.6353,0.3176,7.1847,8.4021,0.0,0.2106
3233,1450,128.29,4.7,183.57,161.55,0.833,0.4165,4.9395,4.2669,0.0,0.2806
3233,1507,287.48,4.9,354.65,200.98,0.8369,0.4184,3.9726,20.8594,0.0,0.3271
3233,1579,211.11,0.32,255.5,122.25,0.5312,0.2656,7.2068,8.2053,0.0,0.1762
3233,1587,215.39,0.13,256.86,66.19,0.2869,0.1434,17.8811,13.5117,172.1883,0.0465
3234,1450,129.34,4.67,183.35,158.5,0.4456,0.2228,5.0641,3.9752,161.2396,0.0741
3234,1507,288.58,4.92,354.36,200.2,0.7559,0.378,3.9939,20.8702,0.0,0.2944
3234,1579,212.19,0.11,256.18,121.11,0.5947,0.2974,7.3011,8.3809,0.0,0.1972
3235,1450,130.2,4.27,184.64,159.9,0.7871,0.3936,5.0052,3.9568,0.0,0.2621
3235,1507,287.17,5.31,352.27,199.92,0.8486,0.8486,3.9947,20.6532,0.0,0.6613
3235,1579,212.51,0.08,255.81,119.6,0.5698,0.2849,7.4264,8.4625,167.0871,0.0939
3235,1530,3.19,37.66,69.72,287.82,0.3638,0.1819,2.5081,26.9732,0.0,0.1751
3236,1450,129.47,3.1,183.67,158.83,0.6216,0.3108,5.0501,3.9729,0.0,0.207
3236,1507,286.67,5.93,351.3,200.29,0.8452,0.8452,3.9826,20.5849,0.0,0.6601
3236,1579,210.66,0.12,254.3,120.49,0.7349,0.3674,7.3478,8.196,0.0,0.2437
3237,1450,130.82,2.74,180.12,144.68,0.6665,0.3332,5.7113,3.5171,163.3966,0.1109
3237,1507,286.14,6.63,350.21,200.54,0.8594,0.8594,3.9733,20.5023,0.0,0.6724
3237,1579,208.88,0.08,252.61,120.83,0.5806,0.2903,7.3155,7.9539,0.0,0.1926
3238,1450,130.66,2.12,183.42,154.36,0.8169,0.4084,5.2426,3.61,18.1403,0.2653
3238,1507,287.24,6.44,351.07,200.27,0.6841,0.6841,3.9837,20.6037,0.0,0.5342
3238,1579,207.96,0.12,251.52,121.15,0.7202,0.3601,7.2869,7.8064,0.0,0.239
3239,1450,131.13,2.45,184.89,158.11,0.8145,0.4073,5.0792,3.7441,18.9969,0.2638
3239,1507,287.15,6.83,350.39,200.18,0.8193,0.8193,3.9846,20.5546,0.0,0.6397
3239,1579,206.81,0.13,250.08,121.18,0.8262,0.4131,7.2815,7.6392,0.0,0.2742
3240,1450,133.86,2.68,186.91,158.65,0.7671,0.3836,5.0548,3.5089,0.0,0.2555
3240,1507,287.42,7.25,350.54,200.43,0.3184,0.3184,3.979,20.5909,0.0,0.2488
3240,1579,206.46,0.23,249.14,120.92,0.6704,0.3352,7.3012,7.5729,0.0,0.2225
3241,1450,133.7,2.77,187.18,159.2,0.7642,0.3821,5.0318,3.5503,0.0,0.2545
3241,1507,286.99,7.23,349.99,200.82,0.8638,0.8638,3.9673,20.5524,0.0,0.6765
3241,1579,203.3,0.17,246.27,121.28,0.562,0.281,7.2653,7.169,0.0,0.1866
3241,1530,4.44,39.56,72.29,287.89,0.2666,0.1333,2.5023,26.8254,0.0,0.1285
3242,1450,137.98,3.36,191.21,159.76,0.7456,0.3728,5.0062,3.1594,0.0,0.2483
3242,1507,287.11,7.21,349.86,200.5,0.8442,0.8442,3.9754,20.5365,0.0,0.6602
3242,1579,204.05,0.15,246.48,121.14,0.6406,0.3203,7.2777,7.2384,0.0,0.2127
3242,1530,9.48,48.01,74.1,287.11,0.75,0.375,2.5024,26.4874,0.0,0.3618
3243,1450,140.45,3.39,193.68,160.51,0.7832,0.3916,4.9743,3.0071,0.0,0.2622
3243,1507,288.02,7.3,350.41,200.01,0.75,0.75,3.9906,20.5985,0.0,0.585
3243,1579,201.48,0.14,244.09,121.46,0.7568,0.3784,7.2465,6.9061,0.0,0.2514
3243,1530,12.67,57.11,75.08,286.67,0.46,0.23,2.5021,26.2845,0.0,0.222
3244,1450,141.78,2.85,195.25,161.14,0.8413,0.4207,4.9482,2.9582,0.0,0.2831
3244,1507,289.97,7.61,351.61,199.93,0.7559,0.7559,3.9983,20.7784,0.0,0.5885
3244,1579,201.74,0.09,243.87,121.54,0.6646,0.3323,7.2401,6.9034,0.0,0.2207
3244,1530,15.46,61.67,77.17,286.9,0.6514,0.3257,2.4934,26.1102,0.0,0.3143
3245,1450,144.03,3.2,197.7,161.17,0.626,0.313,4.9462,2.7888,0.0,0.2108
3245,1507,290.62,8.28,351.74,200.18,0.604,0.604,3.9933,20.8355,0.0,0.4706
3245,1579,202.05,0.12,243.65,121.57,0.626,0.313,7.2378,6.9071,0.0,0.2079
3245,1530,16.13,54.34,79.95,286.99,0.8286,0.4143,2.4882,25.9819,0.0,0.3997
3246,1450,144.7,3.23,198.72,161.34,0.8535,0.4268,4.9391,2.756,0.0,0.2878
3246,1507,289.92,8.25,350.85,200.38,0.6245,0.6245,3.9853,20.7522,0.0,0.4873
3246,1579,201.41,0.13,242.53,121.2,0.5767,0.2883,7.266,6.8218,0.0,0.1916
3246,1530,16.77,50.16,81.99,286.85,0.3694,0.1847,2.4865,25.8647,0.0,0.1782
3247,1450,142.24,3.53,197.27,166.21,0.7739,0.387,4.7511,3.5056,21.1503,0.2619
3247,1507,291.44,8.23,351.68,199.89,0.7695,0.7695,4.0022,20.8664,0.0,0.5986
3247,1579,200.51,0.14,241.15,120.74,0.4368,0.2184,7.3013,6.7125,0.0,0.1451
3247,1530,20.34,50.02,86.25,283.27,0.7627,0.3814,2.5181,25.2476,0.0,0.3683
3248,1450,140.88,3.54,195.99,168.39,0.8062,0.4031,4.6713,3.8677,0.0,0.2861
3248,1507,291.55,8.22,351.31,199.53,0.8218,0.8218,4.0109,20.8347,0.0,0.6383
3248,1579,199.24,0.32,239.94,121.17,0.7529,0.3765,7.2638,6.5299,0.0,0.2502
3248,1530,23.32,49.16,91.35,281.54,0.833,0.833,2.5288,24.7775,0.0,0.8042
3249,1450,143.18,3.91,198.84,169.65,0.8735,0.4368,4.6252,3.8944,0.0,0.3127
3249,1507,290.69,8.12,350.57,199.96,0.7778,0.7778,3.997,20.7612,0.0,0.6057
3249,1579,198.62,0.4,239.32,121.48,0.7188,0.3594,7.2375,6.4319,0.0,0.2388
3249,1530,25.36,53.78,94.73,281.67,0.7456,0.7456,2.521,24.5767,0.0,0.721
3250,1450,141.34,3.78,197.07,172.21,0.7612,0.3806,4.5362,4.3263,0.0,0.2769
3250,1507,292.18,8.17,351.8,200.31,0.7007,0.7007,3.993,20.9358,0.0,0.5458
3250,1579,197.07,0.24,237.5,121.59,0.6372,0.3186,7.2256,6.2182,0.0,0.2118
3250,1530,26.28,55.04,96.1,275.73,0.7231,0.7231,2.5896,23.9559,0.0,0.6937
3251,1450,142.23,4.46,198.66,175.53,0.7861,0.3931,4.4241,4.7172,22.2536,0.282
3251,1507,292.1,8.09,351.4,199.89,0.7153,0.7153,4.0029,20.8885,0.0,0.5563
3251,1579,195.13,0.17,235.63,121.91,0.7515,0.3757,7.1967,5.9639,0.0,0.2498
3251,1530,26.06,55.33,97.43,274.31,0.7808,0.7808,2.6058,23.7849,0.0,0.7477
3252,1450,142.27,4.62,198.37,176.39,0.6206,0.3103,4.3961,4.8397,0.0,0.2315
3252,1507,291.85,8.16,351.07,199.91,0.5688,0.5688,4.0013,20.8556,0.0,0.4425
3252,1579,194.57,0.34,235.0,122.03,0.6343,0.3171,7.1861,5.8833,0.0,0.2109
3252,1530,25.36,56.17,97.9,272.89,0.8003,0.8003,2.6238,23.6681,0.0,0.7647
3253,1450,141.05,4.87,196.86,177.03,0.8203,0.4102,4.3758,4.9853,0.0,0.3071
3253,1507,293.25,8.27,352.05,199.74,0.7964,0.7964,4.01,20.9865,0.0,0.6184
3253,1579,193.07,0.17,233.72,122.03,0.5293,0.2646,7.1839,5.7174,0.0,0.176
3253,1530,25.44,51.84,100.28,272.51,0.8701,0.8701,2.6257,23.5342,0.0,0.8314
3254,1450,141.32,5.41,196.61,177.41,0.7656,0.7656,4.3636,5.0362,0.0,0.5744
3254,1507,293.84,8.4,352.34,199.87,0.8604,0.8604,4.0083,21.0437,0.0,0.6682
3254,1579,193.24,0.1,233.88,121.52,0.2998,0.1499,7.225,5.777,0.0,0.0997
3254,1530,27.19,58.14,101.17,273.25,0.8628,0.8628,2.6134,23.4937,0.0,0.8259
3255,1450,141.49,5.62,196.05,177.32,0.7793,0.7793,4.3665,5.0329,0.0,0.5844
3255,1507,294.26,8.54,352.59,200.19,0.7671,0.7671,4.0013,21.0972,0.0,0.5964
3255,1579,192.03,0.08,232.68,121.83,0.5244,0.2622,7.1982,5.6105,0.0,0.1744
3255,1530,28.15,60.91,101.91,272.27,0.8452,0.8452,2.6237,23.337,0.0,0.8082
3256,1450,141.17,6.06,194.89,176.31,0.834,0.834,4.3994,4.9324,0.0,0.6218
3256,1507,294.47,8.5,352.62,200.23,0.8618,0.8618,4.0008,21.113,0.0,0.6701
3256,1579,195.11,0.07,227.84,93.78,0.3933,0.1966,10.367,8.4436,170.674,0.0648
3256,1530,26.84,55.3,103.36,273.08,0.8555,0.8555,2.6134,23.4044,0.0,0.8191
3257,1450,141.06,6.5,194.98,179.23,0.771,0.771,4.3062,5.3246,0.0,0.5842
3257,1507,294.68,8.39,352.47,199.87,0.7964,0.7964,4.0101,21.1001,0.0,0.6182
3257,1579,189.97,0.07,230.88,119.03,0.5088,0.2544,7.4262,5.6301,12.8963,0.1671
3257,1530,26.8,55.45,103.77,272.83,0.7114,0.7114,2.6161,23.3669,0.0,0.6809
3258,1450,140.76,7.11,194.89,182.14,0.7515,0.7515,4.2169,5.7262,0.0,0.5782
3258,1507,295.73,8.34,353.28,200.1,0.8394,0.8394,4.0077,21.2187,0.0,0.6517
3258,1579,188.44,0.11,230.23,123.09,0.6372,0.3186,7.0943,5.1558,13.8607,0.2089
3258,1530,30.24,54.38,108.05,272.59,0.54,0.54,2.6106,23.0366,0.0,0.5177
3259,1450,140.84,7.34,194.7,183.21,0.811,0.811,4.1848,5.8735,0.0,0.6274
3259,1507,296.37,8.33,353.69,200.47,0.8125,0.8125,4.0001,21.2964,0.0,0.6315
3259,1579,186.86,0.08,228.84,124.78,0.7217,0.3609,6.9629,4.8444,17.7236,0.2344
3259,1530,29.91,50.81,108.59,272.52,0.8477,0.8477,2.6112,23.0219,0.0,0.8126
3260,1450,141.21,7.79,194.59,183.38,0.8159,0.8159,4.1797,5.8911,0.0,0.6317
3260,1507,295.5,8.22,352.7,200.34,0.7822,0.7822,4.0,21.1825,0.0,0.6081
3260,1579,186.53,0.07,227.72,123.74,0.6953,0.3477,7.0411,4.8469,0.0,0.2314
3260,1530,30.5,52.25,108.17,271.41,0.6216,0.6216,2.625,22.913,0.0,0.5949
3261,1450,141.26,7.94,194.07,183.03,0.6592,0.6592,4.1902,5.8536,0.0,0.5095
3261,1507,295.59,8.09,352.63,199.91,0.7988,0.7988,4.0111,21.1642,0.0,0.6199
3261,1579,185.3,0.11,227.0,127.06,0.6372,0.3186,6.7929,4.4622,14.5425,0.2087
3261,1530,30.22,49.73,108.68,272.22,0.8359,0.8359,2.6145,22.9784,0.0,0.801
3262,1450,140.78,8.18,193.03,182.67,0.6602,0.6602,4.2013,5.8386,0.0,0.5093
3262,1507,295.02,8.13,352.08,199.94,0.7861,0.7861,4.0082,21.1004,0.0,0.6104
3262,1579,185.1,0.13,225.78,124.72,0.7778,0.3889,6.9644,4.571,165.6117,0.1292
3262,1530,30.0,48.61,108.84,273.1,0.8618,0.8618,2.6036,23.0619,0.0,0.8269
3263,1450,141.25,8.26,193.14,182.77,0.8193,0.8193,4.1982,5.839,0.0,0.6324
3263,1507,293.32,8.15,350.73,199.95,0.8467,0.8467,4.0023,20.9233,0.0,0.6585
3263,1579,185.46,0.14,224.97,122.22,0.7007,0.3503,7.1575,4.7704,166.5634,0.1164
3263,1530,31.18,55.69,107.55,273.17,0.644,0.644,2.6028,23.0727,0.0,0.618
3264,1450,142.19,8.55,193.9,183.25,0.75,0.75,4.1835,5.8675,0.0,0.5803
3264,1507,292.63,8.53,350.26,199.95,0.8477,0.8477,4.0002,20.8557,0.0,0.6596
3264,1579,184.48,0.19,223.62,123.05,0.5088,0.2544,7.0909,4.5674,0.0,0.1693
3264,1530,29.71,58.24,107.81,282.23,0.7349,0.7349,2.4953,23.9604,34.6119,0.67
3265,1450,142.44,9.12,193.92,183.58,0.7793,0.7793,4.1737,5.9068,0.0,0.604
3265,1507,293.14,8.48,350.82,199.77,0.7188,0.7188,4.0068,20.9098,0.0,0.5586
3265,1579,184.29,0.16,222.44,122.37,0.5322,0.2661,7.1435,4.5595,0.0,0.1771
3265,1530,30.6,55.76,107.55,276.96,0.7568,0.7568,2.557,23.4459,0.0,0.7302
3266,1450,142.5,9.23,193.9,183.86,0.7754,0.7754,4.1654,5.9441,0.0,0.6018
3266,1507,294.36,8.47,351.86,199.79,0.7422,0.7422,4.0104,21.0424,0.0,0.5762
3266,1579,183.44,0.15,220.8,121.76,0.7129,0.3564,7.1907,4.4922,0.0,0.2373
3266,1530,30.35,50.58,107.84,274.06,0.8086,0.8086,2.5924,23.1761,0.0,0.7769
3267,1450,144.29,9.08,196.25,183.76,0.7002,0.7002,4.1677,5.8537,0.0,0.5433
3267,1507,293.35,8.46,351.13,199.71,0.8013,0.8013,4.0093,20.9374,0.0,0.6224
3267,1579,183.03,0.14,219.79,121.05,0.3311,0.1656,7.2472,4.4948,0.0,0.1102
3267,1530,26.92,48.6,107.22,280.57,0.7407,0.7407,2.5183,23.9343,0.0,0.7177
3268,1450,145.23,9.29,197.61,183.79,0.6968,0.6968,4.1665,5.8212,0.0,0.5408
3268,1507,294.54,8.55,352.24,200.05,0.7041,0.7041,4.0048,21.0868,0.0,0.5471
3268,1579,182.32,0.19,217.42,117.42,0.2108,0.1054,7.5522,4.7514,166.1775,0.035
3268,1530,28.87,48.45,106.88,274.42,0.7515,0.7515,2.5906,23.3053,0.0,0.722
3269,1450,146.13,9.36,198.85,183.13,0.7305,0.7305,4.1858,5.699,0.0,0.5651
3269,1507,294.66,7.56,352.62,200.0,0.5659,0.5659,4.007,21.1136,0.0,0.4395
3269,1579,180.9,0.2,215.88,119.42,0.4824,0.2412,7.379,4.3967,15.8596,0.1575
3269,1530,34.37,47.21,110.8,273.38,0.562,0.562,2.5933,22.8396,0.0,0.5403
3270,1450,145.96,9.38,199.23,183.23,0.7925,0.7925,4.1828,5.7101,0.0,0.6134
3270,1507,294.23,8.11,352.12,200.07,0.8477,0.8477,4.0035,21.0627,0.0,0.6589
3270,1530,30.79,47.23,107.46,273.84,0.6152,0.6152,2.595,23.1534,0.0,0.5909
3271,1450,146.61,9.01,200.91,183.26,0.7612,0.7612,4.1817,5.686,0.0,0.5893
3271,1507,294.88,8.23,352.61,200.19,0.791,0.791,4.0025,21.1344,0.0,0.6148
3271,1530,28.12,46.33,107.65,282.55,0.3184,0.3184,2.4934,24.056,35.0553,0.2897
3271,1579,178.29,0.16,212.58,120.13,0.3469,0.1734,7.3174,4.0724,0.0,0.1155
3272,1450,147.19,9.23,202.43,183.81,0.7544,0.7544,4.1652,5.742,0.0,0.5856
3272,1507,296.04,8.18,353.34,199.86,0.8013,0.8013,4.0145,21.2294,0.0,0.6214
3272,1530,29.79,51.12,105.78,276.5,0.7178,0.7178,2.5654,23.5036,0.0,0.6917
3272,1579,176.05,0.06,209.96,119.85,0.3674,0.1837,7.339,3.93,0.0,0.1223
3273,1450,147.2,8.57,204.1,185.87,0.8218,0.8218,4.105,6.0187,0.0,0.6444
3273,1507,295.69,8.35,352.92,199.74,0.8506,0.8506,4.0162,21.1792,0.0,0.6595
3273,1530,31.29,49.1,106.24,269.92,0.3857,0.3857,2.6452,22.8222,0.0,0.3682
3273,1579,176.82,0.16,210.11,120.73,0.2705,0.1353,7.2667,3.8523,0.0,0.0901
3274,1450,146.13,7.85,205.2,189.95,0.8193,0.8193,3.9906,6.5941,23.0742,0.6328
3274,1507,295.57,8.41,352.73,199.69,0.8638,0.8638,4.0169,21.159,0.0,0.6697
3274,1530,32.74,51.18,105.6,262.24,0.7559,0.7559,2.7457,22.0925,147.9745,0.4607
3275,1450,145.13,7.3,205.63,192.4,0.6426,0.6426,3.9246,6.943,0.0,0.519
3275,1507,294.96,8.25,352.47,200.42,0.8394,0.8394,3.9965,21.1414,0.0,0.6531
3275,1530,30.26,48.44,102.65,255.7,0.5264,0.5264,2.8438,21.7487,0.0,0.4898
3275,1579,174.29,0.28,207.58,123.57,0.2744,0.1372,7.0398,3.3216,17.8191,0.0892
3276,1450,144.58,8.65,205.51,193.58,0.7642,0.7642,3.8935,7.1137,0.0,0.6203
3276,1507,294.45,8.47,351.9,200.05,0.7471,0.7471,4.004,21.0618,0.0,0.5806
3276,1530,28.87,45.85,99.37,244.78,0.8037,0.8037,3.0153,21.039,150.425,0.4627
3277,1450,143.07,9.55,204.87,197.13,0.7202,0.7202,3.8026,7.628,0.0,0.593
3277,1507,294.68,8.36,352.0,199.44,0.8516,0.8516,4.0203,21.0533,0.0,0.66
3277,1530,29.76,47.77,97.96,235.49,0.7612,0.7612,3.1706,20.3198,151.7541,0.4236
3278,1450,140.83,8.51,203.43,199.63,0.4873,0.4873,3.7411,8.0101,0.0,0.4051
3278,1507,295.63,8.51,352.67,199.3,0.8306,0.8306,4.027,21.1415,0.0,0.6429
3278,1530,29.31,46.75,96.27,226.86,0.7441,0.7441,3.3301,19.7744,152.9455,0.3991
3279,1450,141.07,5.08,202.09,191.29,0.46,0.46,3.955,6.8601,156.7029,0.2163
3279,1507,295.53,8.38,352.63,199.53,0.8608,0.8608,4.0207,21.1436,0.0,0.6669
3279,1530,27.06,43.21,94.95,223.87,0.7939,0.7939,3.3925,19.7456,0.0,0.6839
3280,1450,140.19,11.29,201.06,197.94,0.6909,0.6909,3.7831,7.808,24.4445,0.5499
3280,1507,295.12,8.33,352.24,199.44,0.835,0.835,4.0216,21.093,0.0,0.6469
3280,1530,26.34,39.51,96.67,222.85,0.8135,0.8135,3.4112,19.6206,0.0,0.6989
3281,1450,139.56,13.7,200.93,202.34,0.8486,0.8486,3.6764,8.427,24.9142,0.6861
3281,1507,295.43,8.31,352.36,199.03,0.8516,0.8516,4.033,21.0997,0.0,0.6585
3281,1530,24.68,38.65,96.85,222.82,0.8359,0.8359,3.4138,19.697,0.0,0.7177
3282,1450,140.17,13.58,201.94,204.98,0.7319,0.7319,3.6147,8.7753,0.0,0.6203
3282,1507,295.13,8.11,352.09,198.78,0.8584,0.8584,4.0384,21.0553,0.0,0.6632
3282,1530,23.38,33.96,97.84,222.21,0.8433,0.8433,3.4263,19.6708,0.0,0.7227
3283,1450,140.39,13.89,201.79,205.56,0.8086,0.8086,3.6014,8.855,0.0,0.6866
3283,1507,294.56,7.95,351.69,198.98,0.8516,0.8516,4.0314,21.0076,0.0,0.6588
3283,1530,21.04,32.27,96.65,222.74,0.54,0.54,3.4209,19.8955,0.0,0.463
3284,1450,139.8,14.91,201.07,208.22,0.8218,0.8218,3.5418,9.2367,0.0,0.7041
3284,1507,295.02,7.89,352.35,199.98,0.8477,0.8477,4.0077,21.1179,0.0,0.6583
3284,1530,19.31,32.43,95.22,223.25,0.4141,0.4141,3.4154,20.0986,0.0,0.3552
3285,1450,139.89,15.74,200.54,208.89,0.8125,0.8125,3.527,9.3339,0.0,0.6977
3285,1507,294.4,7.87,351.92,200.08,0.8584,0.8584,4.0032,21.0614,0.0,0.6672
3285,1530,15.68,31.9,92.03,223.26,0.4951,0.4951,3.4251,20.4625,0.0,0.4236
3286,1450,139.09,6.69,201.59,209.18,0.7544,0.7544,3.5206,9.3714,0.0,0.6484
3286,1507,292.91,7.67,350.78,200.03,0.8755,0.8755,3.9996,20.906,0.0,0.6812
3286,1530,8.57,31.76,84.54,223.35,0.6841,0.6841,3.4456,21.2489,0.0,0.5823
3287,1450,142.47,11.75,201.72,208.62,0.6802,0.6802,3.5325,9.2609,0.0,0.5836
3287,1507,293.11,7.69,351.07,200.19,0.8667,0.8667,3.9964,20.9419,0.0,0.6747
3287,1530,7.0,32.03,82.57,223.65,0.5688,0.5688,3.4452,21.4575,0.0,0.484
3288,1450,145.23,11.92,202.78,208.32,0.7256,0.7256,3.5388,9.1906,0.0,0.622
3288,1507,292.79,7.71,350.85,199.97,0.8638,0.8638,4.0011,20.9003,0.0,0.672
3288,1530,6.37,31.8,80.97,221.13,0.4121,0.4121,3.4992,21.4209,0.0,0.3477
3289,1450,147.75,4.48,205.75,208.36,0.6206,0.3103,3.5376,9.1687,0.0,0.2661
3289,1507,292.88,7.62,351.31,200.72,0.7964,0.7964,3.9829,20.967,0.0,0.6214
3289,1530,9.94,31.76,83.58,221.46,0.4658,0.4658,3.4827,21.1073,0.0,0.3943
3290,1450,149.18,1.7,206.36,208.53,0.6523,0.3261,3.5338,9.1864,0.0,0.2798
3290,1507,292.97,7.4,351.43,200.82,0.8125,0.8125,3.9808,20.9838,0.0,0.6341
3290,1530,7.91,32.05,80.2,219.03,0.4844,0.4844,3.5411,21.2515,0.0,0.4062
3291,1450,149.27,0.83,205.56,208.47,0.6548,0.3274,3.5351,9.1798,0.0,0.2808
3291,1507,291.23,7.41,349.93,200.48,0.8516,0.8516,3.9835,20.7796,0.0,0.6647
3291,1530,12.0,52.43,77.8,222.11,0.4148,0.4148,3.4755,21.3486,0.0,0.3514
3292,1450,148.3,0.34,203.63,208.32,0.6133,0.3066,3.5385,9.1693,0.0,0.2629
3292,1507,293.22,7.42,351.54,200.35,0.7964,0.7964,3.9934,20.983,0.0,0.6202
3292,1530,11.7,39.27,81.86,222.62,0.4543,0.4543,3.4594,21.1784,0.0,0.386
3293,1450,147.75,0.56,202.48,208.88,0.6333,0.3166,3.5263,9.2556,0.0,0.2719
3293,1507,293.29,7.7,351.37,200.48,0.8286,0.8286,3.9899,20.9832,0.0,0.6457
3293,1530,16.45,44.33,83.31,222.04,0.5757,0.5757,3.4614,20.808,0.0,0.4894
3294,1450,149.53,1.13,203.35,208.79,0.4795,0.2397,3.5281,9.231,0.0,0.2058
3294,1507,293.36,7.81,351.26,200.53,0.8237,0.8237,3.9885,20.9832,0.0,0.642
3294,1530,11.39,41.15,79.54,220.93,0.6426,0.6426,3.4976,21.2143,0.0,0.5426
3295,1507,293.56,7.85,350.3,196.27,0.8003,0.8003,4.0984,20.7479,157.1089,0.3457
3295,1530,16.1,35.14,83.35,217.56,0.2108,0.2108,3.5538,20.5417,0.0,0.1767
3296,1507,293.6,8.15,349.97,194.94,0.8052,0.8052,4.1338,20.6737,0.0,0.6125
3296,1450,149.76,2.19,204.11,208.73,0.3877,0.1938,3.5294,9.2191,0.0,0.1664
3297,1507,291.98,7.98,348.5,194.18,0.644,0.644,4.1487,20.4585,0.0,0.4889
3297,1450,156.21,9.04,208.86,208.39,0.5938,0.5938,3.5369,9.1684,0.0,0.5092
3297,1579,141.1,0.03,176.26,129.37,0.3486,0.1743,6.6254,3.7054,0.0,0.1161
3298,1507,290.13,7.82,347.06,193.73,0.8691,0.8691,4.155,20.244,0.0,0.6594
3298,1450,160.48,13.64,212.51,208.55,0.7056,0.7056,3.5338,9.2294,0.0,0.6053
3298,1579,141.33,0.06,176.21,128.26,0.708,0.354,6.7024,3.7871,0.0,0.2357
3299,1507,286.97,7.67,344.8,193.21,0.8496,0.8496,4.1593,19.8989,0.0,0.6447
3299,1450,162.21,15.76,214.17,208.34,0.7529,0.7529,3.5388,9.227,0.0,0.6454
3299,1579,139.15,0.06,173.38,128.72,0.457,0.2285,6.6728,4.0442,0.0,0.1521
3300,1507,286.55,7.52,344.72,191.91,0.8525,0.8525,4.1946,19.8134,0.0,0.6431
3300,1450,162.26,15.93,214.72,208.35,0.3857,0.3857,3.5386,9.2338,0.0,0.3306
3300,1579,142.3,0.14,168.83,90.52,0.4377,0.2188,10.8998,8.3776,171.1352,0.0722
3300,1530,14.51,19.38,75.29,185.56,0.5488,0.5488,4.378,19.4953,158.7596,0.218
3301,1507,284.86,7.37,343.74,191.17,0.8682,0.8682,4.2106,19.622,0.0,0.6534
3301,1450,162.32,16.59,215.16,208.92,0.7949,0.7949,3.5261,9.3174,0.0,0.6827
3301,1579,142.85,0.14,166.94,76.04,0.667,0.3335,14.1782,10.2849,173.1599,0.1094
3301,1530,16.21,21.06,74.79,181.83,0.2983,0.2983,4.4915,19.2872,158.6639,0.1141
3302,1507,280.59,7.03,340.63,189.33,0.8394,0.8394,4.2498,19.0996,0.0,0.6282
3302,1450,161.99,16.14,215.4,209.33,0.6167,0.6167,3.5171,9.3733,0.0,0.5303
3302,1579,142.15,0.25,167.14,74.52,0.3442,0.1721,14.6355,10.4949,173.3026,0.0564
3302,1530,20.49,19.06,77.61,179.11,0.5938,0.5938,4.5658,18.7558,0.0,0.4197
3303,1507,278.66,6.91,340.22,190.25,0.8667,0.8667,4.2192,18.9973,0.0,0.6523
3303,1450,161.6,15.46,216.07,212.28,0.5186,0.5186,3.4536,9.784,0.0,0.4501
3303,1579,140.86,0.28,167.1,75.26,0.2147,0.1074,14.4112,10.4308,9.1744,0.0705
3303,1530,18.11,17.63,76.0,180.32,0.4475,0.4475,4.534,19.0437,0.0,0.318
3304,1507,277.16,7.05,339.8,190.16,0.8745,0.8745,4.2183,18.8773,0.0,0.6585
3304,1450,160.85,15.64,215.74,214.21,0.7285,0.7285,3.413,10.0415,0.0,0.6361
3304,1530,20.86,17.16,77.31,179.37,0.6226,0.6226,4.5571,18.7601,0.0,0.4408
3304,1642,134.2,0.59,168.37,140.4,0.646,0.323,5.9476,4.1458,0.0,0.2151
3305,1507,275.74,6.93,339.09,189.21,0.8726,0.8726,4.2418,18.7072,0.0,0.6546
3305,1450,161.04,15.96,216.2,215.39,0.498,0.498,3.3887,10.2098,0.0,0.4364
3305,1530,21.15,16.77,77.17,179.89,0.4417,0.4417,4.5399,18.7684,0.0,0.3137
3305,1642,134.39,0.24,168.22,138.28,0.3674,0.1837,6.069,4.1914,164.3448,0.0611
3306,1507,270.32,6.79,335.58,189.53,0.8359,0.8359,4.2171,18.1792,0.0,0.6306
3306,1450,160.23,16.14,215.34,215.63,0.543,0.543,3.3836,10.2297,0.0,0.4762
3306,1530,24.94,16.4,74.37,160.55,0.5117,0.5117,5.2568,18.2158,161.9636,0.162
3306,1642,133.21,0.46,167.26,138.58,0.5518,0.2759,6.0528,4.3334,0.0,0.1837
3307,1507,266.31,6.74,333.36,189.58,0.8867,0.8867,4.2052,17.8029,0.0,0.6709
3307,1450,160.18,16.56,215.28,215.98,0.5322,0.5322,3.3764,10.2772,0.0,0.4672
3307,1530,23.2,16.57,76.47,174.47,0.3459,0.3459,4.7199,18.5121,19.8687,0.2307
3307,1642,132.65,0.16,166.69,137.51,0.6567,0.3283,6.1162,4.4421,0.0,0.2186
3308,1507,263.76,6.91,332.64,190.73,0.8901,0.8901,4.1672,17.6586,0.0,0.6783
3308,1450,162.23,16.88,218.16,216.55,0.7822,0.7822,3.3654,10.3979,0.0,0.6877
3308,1642,132.57,0.43,166.24,135.81,0.5991,0.2995,6.2187,4.5356,164.5833,0.0995
3309,1507,261.78,6.79,332.03,190.99,0.8667,0.8667,4.1557,17.5143,0.0,0.662
3309,1450,165.31,17.44,222.84,217.12,0.6699,0.6699,3.3551,10.5644,0.0,0.5897
3309,1642,134.83,0.37,163.46,113.34,0.2822,0.1411,7.9414,6.2177,167.9165,0.0468
3310,1507,263.39,6.93,334.02,191.47,0.8794,0.8794,4.1481,17.7553,0.0,0.6722
3310,1450,162.95,18.84,220.29,216.94,0.4863,0.4863,3.3579,10.4808,0.0,0.428
3311,1507,262.73,7.17,333.09,190.36,0.8677,0.8677,4.1767,17.6057,0.0,0.6602
3311,1450,162.03,20.0,219.27,217.04,0.7285,0.7285,3.3556,10.4742,0.0,0.6413
3311,1530,24.43,15.86,75.54,169.46,0.3794,0.3794,4.9003,18.3572,160.735,0.1251
3311,1642,132.45,0.13,165.0,127.43,0.4756,0.2378,6.773,5.0659,14.1087,0.1558
3312,1507,262.33,7.17,333.08,192.09,0.8867,0.8867,4.1276,17.6648,0.0,0.6803
3312,1450,162.9,18.54,221.36,217.24,0.6245,0.6245,3.352,10.5332,0.0,0.55
3312,1530,23.81,16.17,75.65,174.62,0.458,0.458,4.715,18.5297,20.0096,0.3056
3312,1642,130.64,0.0,164.26,130.74,0.4446,0.2223,6.5456,5.0308,15.6865,0.1452
3313,1507,261.57,7.26,331.82,191.9,0.877,0.877,4.1296,17.5336,0.0,0.6729
3313,1450,163.04,20.57,221.55,217.12,0.6362,0.6362,3.3545,10.5206,0.0,0.5602
3313,1530,22.68,15.98,75.59,180.36,0.4243,0.4243,4.5247,18.7876,20.9499,0.2929
3313,1642,128.94,0.0,163.13,132.24,0.4795,0.2397,6.4485,5.1442,20.317,0.1545
3314,1507,261.51,6.65,330.08,187.75,0.876,0.876,4.2447,17.2253,157.2983,0.3671
3314,1450,162.7,19.73,221.97,216.96,0.5098,0.5098,3.3577,10.4996,0.0,0.4487
3314,1530,23.73,16.11,75.72,179.97,0.2372,0.2372,4.5351,18.701,0.0,0.1687
3314,1642,127.92,0.0,162.59,133.67,0.4932,0.2466,6.3576,5.1876,0.0,0.1641
3315,1507,261.25,5.95,328.91,186.55,0.8369,0.8369,4.2776,17.0825,0.0,0.6262
3315,1450,167.88,19.87,229.42,216.8,0.6021,0.6021,3.3635,10.6598,0.0,0.5293
3315,1530,21.13,16.02,73.3,181.48,0.3657,0.3657,4.4961,19.0638,0.0,0.2617
3315,1642,122.17,0.0,163.5,160.6,0.2344,0.1172,4.9917,5.8211,18.9277,0.0759
3316,1507,260.43,5.6,327.12,185.56,0.8467,0.8467,4.3028,16.8768,0.0,0.631
3316,1450,164.88,19.99,227.1,216.91,0.7217,0.7217,3.36,10.5894,0.0,0.6348
3316,1530,24.35,12.68,73.58,170.99,0.3208,0.3208,4.8478,18.5252,160.0936,0.1079
3316,1642,124.14,0.0,162.65,148.54,0.3979,0.1989,5.53,5.2783,162.8685,0.066
3317,1507,259.59,4.82,325.48,185.03,0.8574,0.4287,4.3147,16.6997,0.0,0.3189
3317,1450,163.59,19.83,226.49,216.94,0.7544,0.7544,3.3591,10.566,0.0,0.6637
3317,1530,27.6,13.66,68.42,143.58,0.3767,0.3767,6.0899,18.2933,164.3765,0.1192
3317,1642,124.08,0.0,162.1,147.16,0.6802,0.3401,5.599,5.301,0.0,0.2262
3318,1507,259.67,4.25,324.26,183.45,0.8667,0.4334,4.3609,16.5588,0.0,0.3198
3318,1450,162.61,19.39,226.15,217.04,0.7871,0.7871,3.3568,10.5616,0.0,0.6927
3318,1642,123.53,0.0,160.71,144.68,0.2935,0.1467,5.7275,5.4206,162.5048,0.0487
3319,1507,259.63,3.95,323.59,183.54,0.8867,0.4434,4.3569,16.5186,0.0,0.3275
3319,1450,162.82,19.49,226.53,216.98,0.6021,0.6021,3.3581,10.5614,0.0,0.5298
3319,1642,122.44,0.0,160.01,145.98,0.2966,0.1483,5.6615,5.5542,0.0,0.0986
3319,1530,26.98,8.51,72.09,153.62,0.4668,0.4668,5.5679,18.1416,16.9994,0.2967
3320,1507,259.46,3.95,321.7,179.78,0.7642,0.3821,4.4716,16.2303,158.0248,0.1492
3320,1450,167.03,20.26,232.17,216.95,0.7271,0.7271,3.3609,10.7133,0.0,0.6394
3320,1642,121.42,0.0,158.55,142.73,0.4102,0.2051,5.8345,5.7261,162.8632,0.068
3320,1530,28.76,7.18,73.41,148.94,0.2268,0.2268,5.7901,17.9068,162.3417,0.0719
3321,1507,259.19,3.67,320.15,177.91,0.6001,0.3,4.5295,16.0407,0.0,0.215
3321,1450,166.59,19.7,233.31,216.93,0.75,0.75,3.3615,10.7234,0.0,0.6595
3321,1642,119.71,0.0,157.05,145.19,0.564,0.282,5.7066,5.9536,19.9282,0.1819
3321,1530,28.85,6.86,73.28,147.67,0.4629,0.4629,5.8555,17.9039,0.0,0.3011
3322,1507,258.07,3.39,318.24,178.95,0.8525,0.4263,4.4906,15.8907,0.0,0.3077
3322,1450,165.57,20.88,233.05,217.1,0.7808,0.7808,3.3577,10.7231,0.0,0.687
3322,1642,115.01,0.0,156.92,166.28,0.4932,0.2466,4.7791,7.0463,19.7773,0.1662
3322,1530,28.91,10.74,71.92,146.28,0.4648,0.4648,5.9315,17.9841,0.0,0.3023
3323,1507,257.22,3.02,316.34,179.36,0.8252,0.4126,4.4729,15.734,0.0,0.2989
3323,1450,162.72,21.68,230.14,216.98,0.6816,0.6816,3.3588,10.6121,0.0,0.5997
3323,1642,113.25,0.0,156.34,174.21,0.4065,0.2032,4.4989,7.7547,21.0115,0.144
3323,1530,29.55,9.85,72.03,143.15,0.5225,0.5225,6.1004,17.9332,164.1138,0.1657
3324,1507,257.36,2.24,315.24,178.81,0.3503,0.1752,4.4892,15.6505,0.0,0.1265
3324,1450,165.65,21.23,234.69,216.55,0.7217,0.7217,3.3693,10.6807,0.0,0.6339
3325,1507,256.36,1.95,313.36,179.37,0.5757,0.2878,4.4665,15.492,0.0,0.2089
3325,1450,165.2,21.05,235.31,216.11,0.7051,0.7051,3.3783,10.6251,0.0,0.6185
3325,1642,115.31,0.32,158.8,176.72,0.2681,0.1341,4.4128,7.7011,0.0,0.0995
3326,1507,255.84,1.67,311.75,179.14,0.7271,0.3635,4.4706,15.3477,0.0,0.2637
3326,1450,164.26,20.69,235.52,216.31,0.7686,0.7686,3.374,10.6383,0.0,0.6746
3326,1642,111.54,0.86,153.99,176.77,0.2213,0.1106,4.4172,8.1937,0.0,0.082
3326,1530,26.85,9.27,71.37,153.28,0.4932,0.4932,5.5859,18.1934,17.4343,0.313
3327,1507,254.71,1.39,309.93,179.35,0.5479,0.274,4.4593,15.1703,0.0,0.1992
3327,1450,162.27,19.71,234.04,216.48,0.4922,0.4922,3.3697,10.6,0.0,0.4323
3327,1642,108.38,1.04,150.9,179.55,0.2344,0.1172,4.333,8.7769,0.0,0.0881
3328,1507,252.17,1.11,307.35,180.19,0.2612,0.1306,4.4247,14.8848,0.0,0.0956
3328,1450,158.29,14.42,231.48,216.92,0.3857,0.3857,3.3594,10.559,0.0,0.3393
3328,1642,107.32,0.88,148.94,177.61,0.3867,0.1933,4.3971,8.7998,0.0,0.1437
3329,1507,251.84,0.92,306.94,182.56,0.3486,0.1743,4.3495,14.95,0.0,0.1294
3329,1450,158.48,17.85,230.12,216.71,0.6133,0.6133,3.3634,10.5145,0.0,0.5393
3329,1642,109.62,0.85,145.5,151.44,0.7139,0.3569,5.4169,7.5567,162.574,0.118
3330,1507,240.97,1.14,297.31,179.59,0.499,0.2495,4.4138,13.5174,117.662,0.1004
3330,1450,159.98,19.96,231.15,216.63,0.7051,0.7051,3.3655,10.5389,0.0,0.6198
3330,1642,107.6,0.71,147.0,168.15,0.5776,0.2888,4.7236,8.2613,19.8212,0.1965
3331,1507,243.3,1.05,299.54,179.76,0.6807,0.3403,4.4146,13.8132,0.0,0.2502
3331,1450,159.77,20.38,230.83,216.6,0.6978,0.6978,3.366,10.5272,0.0,0.6133
3331,1642,105.1,0.62,145.98,173.3,0.4504,0.2252,4.5444,8.8046,21.8575,0.1575
3332,1507,244.82,1.58,300.6,180.39,0.7231,0.3615,4.3982,14.0067,0.0,0.2665
3332,1450,159.08,20.62,229.84,216.49,0.4736,0.4736,3.368,10.4889,0.0,0.4162
3332,1642,103.71,0.62,141.95,155.71,0.6899,0.3449,5.2319,8.3156,161.899,0.1138
3333,1507,244.55,1.14,296.95,167.53,0.272,0.136,4.8354,13.2143,160.2087,0.0471
3333,1450,164.32,21.17,234.03,216.35,0.3416,0.3416,3.3728,10.6178,0.0,0.2999
3333,1642,103.95,0.64,141.39,149.71,0.4321,0.216,5.5094,8.2112,162.8495,0.0713
3334,1507,241.66,0.98,296.59,175.52,0.5962,0.2981,4.547,13.3209,20.6585,0.2077
3334,1450,165.69,21.65,236.39,216.21,0.2576,0.2576,3.3766,10.6684,0.0,0.226
3334,1642,98.95,0.43,137.63,147.55,0.4756,0.2378,5.6256,8.8005,148.2092,0.0783
3335,1507,241.55,0.65,296.69,177.02,0.7925,0.3962,4.4971,13.3896,0.0,0.2871
3335,1450,165.44,22.39,237.09,216.34,0.4331,0.4331,3.3741,10.6944,0.0,0.3801
3335,1642,100.08,0.53,143.52,167.07,0.4417,0.2208,4.7735,8.9117,19.7625,0.1487
3336,1507,240.18,0.99,295.4,178.08,0.6699,0.335,4.4588,13.2717,0.0,0.2445
3336,1450,161.5,22.09,233.33,216.49,0.686,0.686,3.3692,10.5769,0.0,0.6026
3336,1642,99.07,0.65,140.79,156.44,0.4026,0.2013,5.2059,8.735,161.7768,0.0663
3336,1530,45.99,7.59,84.09,132.17,0.5737,0.5737,6.707,16.1433,161.5778,0.1837
3337,1507,238.76,2.24,293.67,178.39,0.3242,0.1621,4.4446,13.0878,0.0,0.1187
3337,1450,159.44,21.79,231.35,216.73,0.6548,0.6548,3.3634,10.5476,0.0,0.5757
3338,1507,237.79,1.7,292.63,178.8,0.6934,0.3467,4.4288,12.9817,0.0,0.2546
3338,1450,158.12,18.6,230.77,216.72,0.4912,0.4912,3.3633,10.5198,0.0,0.4319
3338,1642,97.49,0.61,139.09,150.63,0.4387,0.2193,5.4747,8.8359,162.3255,0.0722
3338,1530,49.92,5.32,87.63,132.66,0.502,0.502,6.6567,15.6434,0.0,0.3285
3339,1507,236.69,1.4,291.02,177.93,0.7642,0.3821,4.4534,12.7659,0.0,0.2794
3339,1450,159.92,19.8,232.52,216.81,0.5581,0.5581,3.3622,10.5827,0.0,0.4908
3339,1642,97.93,1.38,139.93,149.7,0.5195,0.2597,5.518,8.7337,0.0,0.1722
3339,1530,54.1,3.34,90.52,126.11,0.6196,0.3098,7.1054,15.2921,164.2827,0.0996
3340,1507,237.93,1.29,291.47,177.78,0.5146,0.2573,4.4605,12.8652,0.0,0.1879
3340,1450,158.31,19.89,230.5,216.94,0.4863,0.4863,3.3588,10.5486,0.0,0.4279
3340,1642,97.75,0.79,140.01,147.31,0.5439,0.272,5.6363,8.716,163.2113,0.0896
3340,1530,55.79,7.18,91.48,127.57,0.5381,0.5381,6.9905,15.0864,16.9819,0.3447
3341,1507,236.88,0.6,289.89,177.55,0.8184,0.4092,4.4646,12.6869,0.0,0.2987
3341,1450,157.58,19.47,229.5,217.08,0.5518,0.5518,3.3557,10.5451,0.0,0.4857
3341,1642,94.21,0.47,137.93,147.11,0.5767,0.2883,5.6531,9.1076,0.0,0.191
3341,1530,55.8,5.87,91.18,125.92,0.6514,0.6514,7.1142,15.1408,166.5601,0.2096
3342,1507,235.69,0.15,287.95,177.18,0.7422,0.3711,4.4727,12.4696,0.0,0.2706
3342,1450,157.15,17.54,229.1,216.94,0.3477,0.3477,3.3584,10.5157,0.0,0.306
3342,1642,90.35,0.36,136.58,149.68,0.5908,0.2954,5.5319,9.495,24.6115,0.1866
3342,1530,57.17,2.21,92.06,121.11,0.3523,0.1762,7.4917,15.1152,166.6523,0.0567
3343,1507,235.2,0.36,286.59,177.14,0.8062,0.4031,4.4717,12.3503,0.0,0.294
3343,1450,158.27,17.75,230.1,217.08,0.4065,0.4065,3.3559,10.5618,0.0,0.3578
3343,1642,87.88,0.4,135.69,149.92,0.2815,0.1407,5.5244,9.7313,0.0,0.0932
3343,1530,59.72,7.14,93.44,123.89,0.3667,0.3667,7.2567,14.7823,15.2027,0.2361
3344,1507,233.24,0.08,283.84,175.27,0.5518,0.2759,4.528,11.9548,0.0,0.1993
3344,1450,156.89,12.55,229.89,217.03,0.3433,0.3433,3.3567,10.5345,0.0,0.3022
3344,1642,85.08,0.79,133.49,150.76,0.3242,0.1621,5.4904,10.0887,0.0,0.1072
3344,1530,64.44,2.49,101.03,126.55,0.231,0.1155,7.0254,13.9015,27.7098,0.0715
3345,1507,233.31,0.0,283.58,176.44,0.6104,0.3052,4.4888,12.0031,0.0,0.222
3345,1450,157.48,17.13,228.54,216.92,0.627,0.627,3.3587,10.5101,0.0,0.5517
3345,1642,78.2,0.85,129.57,152.21,0.4766,0.2383,5.4361,10.8545,0.0,0.1574
3345,1530,69.58,0.72,99.0,91.41,0.2114,0.1057,11.0314,15.2976,171.1865,0.034
3346,1507,234.57,0.0,282.7,171.5,0.7988,0.3994,4.658,11.7856,159.9458,0.1485
3346,1450,158.52,19.41,228.72,216.97,0.6875,0.6875,3.3579,10.5322,0.0,0.605
3346,1642,78.57,0.77,130.97,152.75,0.3933,0.1966,5.4085,10.7411,0.0,0.13
3347,1507,235.03,0.31,281.38,167.56,0.6011,0.3005,4.7999,11.5615,160.2494,0.1062
3347,1450,163.2,21.02,234.04,216.62,0.5498,0.5498,3.3671,10.6346,0.0,0.4831
3347,1642,73.45,0.65,131.32,166.86,0.3638,0.1819,4.8247,11.4561,19.8629,0.1207
3348,1507,235.39,0.17,280.02,163.3,0.5449,0.2725,4.9624,11.3395,160.8261,0.0904
3348,1450,161.09,20.03,232.42,216.76,0.5381,0.5381,3.3634,10.5924,0.0,0.4731
3349,1507,235.23,0.41,278.75,160.82,0.5439,0.272,5.0607,11.1655,0.0,0.1796
3349,1450,162.75,18.35,235.48,216.63,0.6582,0.6582,3.3671,10.6532,0.0,0.5783
3350,1507,230.35,0.31,274.1,158.65,0.6143,0.3071,5.139,10.458,137.8763,0.1007
3350,1450,165.88,20.12,239.86,216.77,0.6396,0.6396,3.3663,10.8161,0.0,0.5619
3351,1507,228.18,0.08,272.45,157.72,0.7285,0.3643,5.1739,10.1726,0.0,0.2409
3351,1450,161.01,19.87,234.69,216.82,0.6167,0.6167,3.3627,10.6356,0.0,0.5422
3352,1507,227.5,0.19,272.77,160.26,0.4893,0.2447,5.0665,10.2218,18.5512,0.1576
3352,1450,158.61,19.87,231.79,216.93,0.6177,0.6177,3.3593,10.5692,0.0,0.5434
3352,1680,124.75,32.22,147.02,51.79,0.3225,0.3225,27.9091,14.3606,0.0,0.2116
3352,1642,64.49,0.38,117.36,155.31,0.3757,0.1878,5.332,12.6745,157.3441,0.0611
3353,1507,227.65,0.14,272.95,159.85,0.4543,0.2271,5.0839,10.2315,0.0,0.1502
3353,1450,159.18,20.14,232.2,216.69,0.4863,0.4863,3.3644,10.5507,0.0,0.4275
3353,1642,64.05,0.47,116.68,154.31,0.2255,0.1128,5.379,12.734,0.0,0.0742
3354,1507,228.88,0.03,273.25,156.84,0.6929,0.3464,5.2138,10.2525,161.6237,0.1136
3354,1450,158.34,20.05,231.0,216.88,0.6489,0.6489,3.3601,10.5476,0.0,0.5708
3355,1507,226.62,0.09,271.11,155.56,0.3354,0.1677,5.2646,9.9204,0.0,0.111
3355,1450,157.63,21.41,229.28,216.95,0.3647,0.3647,3.3583,10.5253,0.0,0.3209
3355,1642,59.37,0.3,111.76,157.34,0.3738,0.1869,5.2592,13.4347,33.9419,0.1123
3356,1507,226.01,0.01,270.15,152.51,0.457,0.2285,5.4012,9.7506,161.7711,0.0751
3356,1450,157.3,19.22,229.26,217.07,0.4092,0.4092,3.3558,10.5373,0.0,0.3602
3357,1507,225.17,0.08,269.93,153.31,0.6758,0.3379,5.3629,9.6919,0.0,0.2237
3357,1450,157.78,18.67,229.6,216.93,0.4678,0.4678,3.3588,10.5285,0.0,0.4116
3358,1507,230.59,0.02,274.3,153.09,0.5361,0.2681,5.3854,10.3632,0.0,0.1772
3358,1450,162.77,18.19,236.09,216.88,0.6206,0.6206,3.3622,10.6979,0.0,0.5457
3359,1507,227.35,0.0,271.35,153.05,0.6069,0.3034,5.3793,9.9357,0.0,0.2008
3359,1450,160.43,19.87,232.93,216.86,0.584,0.584,3.3613,10.6035,0.0,0.5136
3360,1507,225.22,0.0,269.5,153.64,0.5469,0.2735,5.3474,9.6721,0.0,0.181
3360,1450,158.87,19.39,231.26,217.04,0.5498,0.5498,3.3571,10.5803,0.0,0.4839
3361,1507,224.0,0.0,268.17,152.77,0.5049,0.2525,5.3843,9.4792,0.0,0.1672
3361,1450,158.02,11.97,232.57,217.1,0.4668,0.4668,3.3559,10.595,0.0,0.4109
3362,1507,227.48,0.17,270.51,153.22,0.3557,0.1779,5.3706,9.8898,0.0,0.1177
3362,1450,157.56,15.42,230.28,217.03,0.7471,0.7471,3.3568,10.5481,0.0,0.6575
3363,1507,224.85,0.71,267.54,153.42,0.3767,0.1883,5.3546,9.5068,0.0,0.1247
3363,1450,156.91,9.75,230.97,216.73,0.4883,0.4883,3.3629,10.5077,0.0,0.4294
3364,1507,222.9,0.54,265.18,153.15,0.5264,0.2632,5.362,9.2034,0.0,0.1743
3364,1450,158.3,14.26,230.72,216.8,0.5283,0.5283,3.3617,10.5324,0.0,0.4646
3365,1507,221.46,0.19,263.2,153.06,0.5352,0.2676,5.3622,8.9648,0.0,0.1773
3365,1450,157.44,11.77,230.17,216.83,0.2847,0.2847,3.3608,10.5178,0.0,0.2504
3366,1507,220.78,0.06,261.9,152.68,0.5088,0.2544,5.3775,8.82,0.0,0.1686
3366,1450,157.37,8.82,230.84,217.21,0.4697,0.4697,3.3533,10.5774,0.0,0.4136
3367,1507,220.59,0.01,260.68,151.71,0.6479,0.324,5.4212,8.7039,0.0,0.2147
3367,1450,157.0,8.64,229.96,217.17,0.4766,0.4766,3.3539,10.5559,0.0,0.4197
3368,1507,222.11,0.51,257.96,136.44,0.3877,0.1938,6.2355,8.6178,164.7001,0.0639
3368,1450,157.04,6.3,229.83,216.69,0.384,0.384,3.3635,10.4893,0.0,0.3376
3369,1507,222.46,0.17,256.89,131.56,0.395,0.1975,6.5448,8.6807,165.3447,0.0651
3369,1688,104.89,0.01,146.09,111.04,0.5322,0.2661,8.222,9.0649,0.0,0.1763
3370,1450,156.91,6.0,229.27,216.91,0.4253,0.4253,3.359,10.5107,0.0,0.3742
3371,1450,156.96,4.39,229.1,216.73,0.3486,0.1743,3.3626,10.4847,0.0,0.1533
3372,-1,159.19,1.27,251.44,217.12,0.2583,0.1291,3.3607,10.9682,0.0,0.1135
3373,1507,218.91,0.0,255.65,142.47,0.4233,0.2117,5.8816,8.1671,16.3498,0.1375
3374,1450,158.61,4.5,230.47,216.86,0.3594,0.1797,3.3605,10.5414,0.0,0.1581
3375,1450,158.79,7.96,229.28,216.94,0.5879,0.5879,3.3587,10.5388,0.0,0.5173
3375,1507,219.28,0.08,254.14,133.24,0.3503,0.1752,6.4276,8.2264,165.1107,0.0578
3376,1450,157.19,2.68,228.66,216.98,0.2983,0.1492,3.3575,10.5163,0.0,0.1313
3377,1450,157.74,3.89,228.4,216.99,0.3804,0.1902,3.3573,10.5212,0.0,0.1674
3378,1450,157.63,3.72,227.89,217.01,0.501,0.2505,3.3568,10.5164,0.0,0.2205
3379,-1,127.27,0.25,155.39,57.06,0.498,0.249,23.1106,13.4048,0.0,0.1637
3379,-1,159.75,159.75,223.88,216.0,0.4727,0.4727,3.377,10.3563,0.0,0.4149
3379,-1,213.47,0.04,236.53,48.41,0.2234,0.1117,32.1365,14.8219,0.0,0.0732
3379,-1,212.34,0.21,243.28,135.49,0.2056,0.1028,6.2664,6.9348,0.0,0.0683
3380,1450,157.73,1.36,228.17,216.35,0.2886,0.1443,3.3703,10.4308,0.0,0.1268
3381,1450,161.91,1.06,233.77,216.6,0.4971,0.2485,3.3671,10.6056,0.0,0.2184
3382,1450,160.3,4.49,231.06,216.87,0.2147,0.1074,3.3607,10.5748,0.0,0.0944
3383,1450,159.53,3.56,230.54,216.8,0.3191,0.1595,3.3619,10.5469,0.0,0.1403
3383,1642,14.95,5.9,72.36,180.07,0.4824,0.4824,4.5553,19.4554,0.0,0.341
3384,1642,12.2,6.16,68.56,183.32,0.3303,0.3303,4.4645,19.9661,0.0,0.2372
3385,1642,12.76,6.07,68.04,177.46,0.4226,0.4226,4.655,19.7761,159.839,0.152
3386,1642,10.34,7.43,65.31,176.82,0.3923,0.3923,4.6873,20.0754,0.0,0.2699
3387,-1,4.22,7.95,58.01,114.75,0.2651,0.1326,8.3285,20.8084,0.0,0.0855
3387,-1,8.61,7.77,37.27,40.92,0.218,0.218,51.2243,25.1986,0.0,0.1384
3388,1450,160.23,1.54,232.24,216.27,0.2766,0.1383,3.3731,10.5101,0.0,0.1214
3388,1642,5.1,7.58,60.86,179.09,0.3049,0.3049,4.6313,20.7354,0.0,0.2117
3389,-1,159.75,160.03,223.88,215.72,0.4263,0.4263,3.3827,10.3179,0.0,0.3738
3389,-1,4.99,8.09,27.39,34.35,0.3108,0.1554,90.7818,26.2764,0.0,0.0982
3390,1450,159.18,1.12,230.87,215.77,0.6187,0.3094,3.3828,10.4067,0.0,0.2712
3391,1450,158.31,0.3,230.06,216.05,0.6626,0.3313,3.3768,10.4216,0.0,0.2907
3392,1450,158.36,0.58,230.16,216.15,0.5688,0.2844,3.3748,10.4372,0.0,0.2497
3392,1642,5.5,7.48,63.41,177.56,0.6001,0.6001,4.6764,20.511,0.0,0.4133
3393,1450,158.57,1.24,230.01,216.01,0.54,0.27,3.3777,10.4189,0.0,0.2369
3394,1450,162.91,1.04,236.31,216.24,0.5146,0.2573,3.3753,10.6187,0.0,0.2258
3395,1450,160.09,1.34,233.28,216.33,0.5391,0.2696,3.3721,10.5321,0.0,0.2367
3395,1642,1.56,3.44,63.05,182.69,0.3452,0.1726,4.5172,20.9271,23.0562,0.1178
3396,1450,158.59,2.85,231.41,216.55,0.3999,0.1999,3.3669,10.5119,0.0,0.1757
3397,1450,157.58,1.09,230.4,216.64,0.3887,0.1943,3.3647,10.4968,0.0,0.1709
3398,-1,159.47,160.31,223.88,216.56,0.2712,0.2712,3.3656,10.4299,0.0,0.2384
3400,-1,127.69,3.38,226.69,216.42,0.2759,0.1379,3.3668,10.2884,0.0,0.1213
3401,1450,163.2,8.93,234.48,215.3,0.2998,0.2998,3.3941,10.4651,0.0,0.2624
3402,1450,164.6,15.88,235.46,216.13,0.7407,0.7407,3.3777,10.6194,0.0,0.6498
3403,1450,163.05,17.28,234.37,216.4,0.5786,0.5786,3.3716,10.6082,0.0,0.5081
3404,1450,164.3,20.2,236.1,216.78,0.5557,0.5557,3.3646,10.7125,0.0,0.4884
3405,1450,160.81,10.95,235.77,216.64,0.4534,0.4534,3.3665,10.626,0.0,0.3984
3406,1450,162.92,16.94,237.04,216.59,0.6123,0.6123,3.3684,10.679,0.0,0.5379
3407,1450,149.95,18.33,227.61,216.76,0.5601,0.5601,3.3608,10.4014,87.0717,0.3156
3408,1450,142.06,8.78,226.3,217.1,0.2344,0.2344,3.3532,10.3919,0.0,0.2065
3409,1450,152.4,6.18,235.52,216.77,0.4131,0.4131,3.3621,10.5137,0.0,0.3633
3410,1450,163.07,15.78,242.54,216.36,0.6216,0.6216,3.3746,10.7593,0.0,0.5455
3411,1450,168.54,20.57,245.83,215.92,0.4387,0.4387,3.3864,10.9002,0.0,0.3842
3412,-1,175.08,3.94,233.58,216.56,0.2539,0.127,3.3714,10.8509,0.0,0.1114
3412,-1,153.98,0.07,193.36,126.42,0.2407,0.1203,6.8247,2.6794,0.0,0.0802
3413,1450,168.57,8.26,247.38,216.62,0.3914,0.3914,3.3727,11.0296,0.0,0.3434
3414,1718,140.85,0.01,187.88,128.45,0.564,0.282,6.6845,3.1613,0.0,0.1879
3415,1718,141.53,0.06,188.32,128.08,0.5137,0.2569,6.7101,3.1432,0.0,0.1711
3415,1450,169.77,1.54,247.07,215.76,0.5669,0.2834,3.3905,10.9412,0.0,0.2481
3416,-1,190.97,0.28,231.47,216.84,0.354,0.177,3.3707,11.2267,0.0,0.1553
3416,-1,207.56,0.07,234.56,49.25,0.3398,0.1699,30.9437,14.5012,0.0,0.1115
3417,1642,0.0,11.77,58.63,229.75,0.4282,0.2141,3.3779,23.4725,0.0,0.1831
3418,1642,0.0,14.4,55.86,223.72,0.5537,0.2768,3.4997,23.2698,153.9804,0.1402
3418,1718,136.26,0.26,182.86,128.35,0.3877,0.1938,6.6954,3.6892,0.0,0.1291
3418,1450,176.0,0.16,250.61,216.43,0.4216,0.2108,3.3807,11.2918,0.0,0.1847
3419,1642,0.38,15.4,49.75,173.07,0.397,0.1985,4.8751,21.5455,160.7476,0.0648
3419,1723,204.62,0.08,237.22,55.12,0.4436,0.2218,24.6784,13.7702,0.0,0.1457
3419,1718,135.39,0.12,181.14,127.22,0.2759,0.1379,6.7767,3.9343,0.0,0.0919
3420,1642,0.0,14.37,55.37,206.13,0.4177,0.2089,3.887,22.3922,23.6365,0.1591
3420,1723,205.91,0.1,235.94,50.82,0.4397,0.2198,28.9809,14.3002,176.6416,0.071
3420,1718,135.67,0.08,180.85,127.44,0.4639,0.2319,6.761,3.9157,0.0,0.1545
3421,1642,0.0,15.12,52.98,196.3,0.5068,0.2534,4.1425,22.1064,157.6875,0.1072
3421,1723,206.81,0.13,235.71,48.99,0.5508,0.2754,31.2955,14.5439,176.8523,0.0889
3421,1718,134.55,0.02,179.56,128.2,0.7056,0.3528,6.7083,3.9914,0.0,0.2349
3421,1450,177.89,0.0,249.96,216.34,0.4216,0.2108,3.3831,11.3165,0.0,0.1846
3422,1642,0.73,15.5,50.66,178.47,0.4534,0.2267,4.6836,21.6038,160.0088,0.0798
3422,1723,207.16,0.12,235.76,48.52,0.3469,0.1734,31.9507,14.6126,176.7145,0.0559
3422,1718,135.56,0.09,179.46,127.01,0.5244,0.2622,6.7925,4.0382,0.0,0.1746
3423,1642,0.84,15.51,49.44,173.66,0.4436,0.2218,4.8535,21.55,160.6966,0.0731
3423,1723,207.9,0.14,236.59,48.66,0.3235,0.1618,31.7593,14.6377,17.9073,0.1035
3423,1718,135.24,0.07,179.07,128.28,0.499,0.2495,6.7026,3.9732,0.0,0.1661
3424,1642,0.0,15.5,49.37,177.5,0.4619,0.2309,4.721,21.7003,20.255,0.1523
3424,1723,210.83,0.07,237.77,45.43,0.3804,0.1902,37.0479,15.1453,176.912,0.0612
3424,1718,132.76,0.06,178.15,135.28,0.5186,0.2593,6.2442,3.7327,15.7174,0.1695
3425,1642,0.0,15.68,53.89,208.7,0.54,0.27,3.8287,22.5967,23.9623,0.2075
3425,1718,130.62,0.11,172.87,126.94,0.4465,0.2233,6.8042,4.7258,164.8367,0.0742
3426,1642,0.0,15.84,54.39,214.81,0.4775,0.2387,3.6891,22.8709,24.8001,0.1873
3426,1718,128.06,0.51,168.31,123.59,0.397,0.1985,7.0591,5.4082,161.044,0.0659
3426,1450,188.58,0.0,257.13,215.75,0.3008,0.1504,3.4039,11.8226,0.0,0.1312
3426,1723,214.67,0.76,242.12,46.92,0.2966,0.1483,34.4553,15.1997,8.5827,0.0966
3427,1642,0.0,15.88,50.84,190.67,0.3389,0.1694,4.3041,22.0198,158.4301,0.0681
3427,1718,126.94,0.27,166.23,121.62,0.396,0.198,7.2167,5.752,163.4123,0.0657
3428,1642,3.29,15.88,52.45,177.82,0.355,0.1775,4.696,21.3223,159.3287,0.0623
3428,1718,126.6,0.14,166.08,124.57,0.4844,0.2422,6.9869,5.5599,13.751,0.1588
3429,1642,0.69,16.06,52.02,185.75,0.3867,0.1933,4.4467,21.7411,21.7382,0.134
3429,1718,125.47,0.14,163.26,120.68,0.4253,0.2127,7.2968,6.0885,165.5335,0.0705
3429,1450,193.08,8.15,255.95,213.82,0.3091,0.3091,3.4458,11.7166,0.0,0.268
3430,1642,0.3,16.12,52.2,187.74,0.3167,0.1583,4.3868,21.8196,0.0,0.1147
3430,1718,124.41,0.14,162.8,124.98,0.5991,0.2995,6.9604,5.8724,13.9958,0.1962
3430,1450,194.66,11.88,254.5,213.08,0.2766,0.2766,3.4615,11.6357,0.0,0.2392
3431,1642,0.0,15.95,51.71,187.1,0.4485,0.2243,4.4077,21.8451,0.0,0.1618
3431,1718,123.27,0.09,161.24,126.22,0.3904,0.1952,6.8707,5.9658,0.0,0.1298
3431,1450,196.11,12.63,253.65,210.28,0.2869,0.2869,3.5219,11.3366,0.0,0.2459
3431,1732,234.28,2.25,261.62,125.72,0.541,0.2705,6.9797,9.9952,0.0,0.179
3432,1642,0.0,16.34,52.11,191.6,0.6387,0.3194,4.2747,21.9784,21.7333,0.2285
3432,1718,123.01,0.21,159.36,123.09,0.7168,0.3584,7.1094,6.3015,165.945,0.1187
3432,1450,195.41,13.15,250.73,208.99,0.4648,0.4648,3.5481,11.0495,0.0,0.397
3432,1732,234.38,2.04,262.12,126.89,0.6069,0.3034,6.8942,9.9947,0.0,0.2008
3433,1718,122.73,0.12,159.81,125.92,0.7686,0.3843,6.8944,6.1105,13.8515,0.2517
3433,1732,234.22,1.53,262.27,127.19,0.5957,0.2979,6.8723,9.9839,0.0,0.1971
3434,1718,122.23,0.04,159.69,127.38,0.6699,0.335,6.7888,6.0662,14.4453,0.2191
3434,1732,233.98,1.43,262.28,127.26,0.7378,0.3689,6.8669,9.9661,0.0,0.2441
3434,1642,0.0,17.44,52.68,195.52,0.7104,0.3552,4.1642,22.0932,22.2253,0.2589
3434,1450,195.2,12.75,247.34,202.63,0.6582,0.6582,3.6915,10.1806,154.1898,0.3308
3435,1718,120.62,0.56,155.51,120.08,0.4072,0.2036,7.358,6.8946,166.1984,0.0674
3435,1732,234.65,1.3,263.14,127.46,0.6714,0.3357,6.8548,10.063,0.0,0.2221
3435,1642,0.0,17.51,53.33,199.22,0.4746,0.2373,4.0643,22.205,0.0,0.1819
3435,1450,193.24,11.89,244.51,200.43,0.5879,0.5879,3.7417,9.7387,0.0,0.4877
3436,1718,120.21,0.48,156.77,124.75,0.7515,0.3757,6.9869,6.5377,13.699,0.2461
3436,1732,236.7,1.66,265.17,127.26,0.79,0.395,6.8755,10.3452,0.0,0.2612
3436,1450,196.95,10.84,245.92,196.85,0.6978,0.6978,3.8333,9.5479,0.0,0.5705
3437,1718,117.91,0.17,155.88,126.86,0.5776,0.2888,6.8338,6.6272,17.6702,0.1873
3437,1732,238.14,2.05,266.73,127.42,0.7686,0.3843,6.8687,10.543,0.0,0.254
3437,1450,197.46,10.08,245.62,194.05,0.667,0.667,3.9054,9.2527,0.0,0.5391
3438,1718,115.89,0.06,155.2,127.95,0.6958,0.3479,6.7582,6.7512,0.0,0.2311
3438,1732,242.78,2.33,267.34,106.18,0.4358,0.2179,8.8218,11.888,169.0678,0.0711
3438,1450,200.3,9.81,247.92,192.68,0.5195,0.5195,3.9447,9.3434,0.0,0.4171
3439,1718,114.07,0.1,154.22,128.82,0.6934,0.3467,6.6998,6.8981,0.0,0.2303
3439,1732,241.83,3.01,270.13,121.87,0.627,0.3135,7.3057,11.2113,13.1792,0.2043
3439,1450,202.01,9.53,249.23,192.22,0.6309,0.6309,3.9589,9.4396,0.0,0.5053
3439,1642,0.0,22.23,58.23,251.14,0.5806,0.2903,3.0141,24.8675,29.4847,0.2489
3440,1718,113.51,0.08,154.26,128.16,0.7739,0.387,6.7467,6.9628,0.0,0.257
3440,1732,242.46,3.3,271.98,126.44,0.8027,0.4013,6.9563,11.2188,14.4175,0.2608
3440,1450,203.39,9.16,250.05,190.7,0.4341,0.4341,4.0015,9.3945,0.0,0.3453
3441,1718,111.95,0.07,153.22,127.62,0.7847,0.3923,6.7878,7.1614,0.0,0.2605
3441,1732,243.2,3.83,274.35,133.49,0.7671,0.3836,6.4742,11.2576,15.2397,0.2487
3441,1450,203.78,8.76,249.69,188.58,0.2344,0.2344,4.0601,9.189,0.0,0.1846
3441,1642,0.0,7.53,66.42,259.97,0.5078,0.2539,2.8709,25.1055,31.7435,0.2207
3442,1718,110.59,0.2,152.01,126.62,0.8037,0.4018,6.8628,7.3793,0.0,0.2668
3442,1732,244.43,4.39,276.43,137.17,0.7686,0.3843,6.2496,11.4296,16.9908,0.2481
3442,1450,203.26,9.65,248.66,188.97,0.6074,0.6074,4.0481,9.149,0.0,0.4794
3442,1642,0.0,15.31,64.62,261.92,0.5166,0.2583,2.846,25.3307,0.0,0.2381
3443,1718,110.13,0.07,151.02,124.69,0.5234,0.2617,7.0079,7.5705,165.6553,0.0865
3443,1732,246.46,4.19,278.53,136.75,0.5898,0.2949,6.282,11.7179,0.0,0.1946
3443,1450,203.46,10.0,248.22,188.04,0.5312,0.5312,4.074,9.0463,0.0,0.4175
3444,1718,109.69,0.16,149.14,120.46,0.2837,0.1419,7.3456,7.9552,166.6298,0.0468
3444,1732,247.91,5.55,280.43,139.27,0.7363,0.7363,6.1372,11.9228,19.0103,0.4722
3444,1450,203.92,9.94,248.38,187.65,0.6665,0.6665,4.0855,9.0401,0.0,0.5228
3445,1718,104.49,0.1,143.56,123.94,0.2255,0.1128,7.081,8.4707,24.9766,0.0712
3445,1732,249.93,6.13,282.35,138.8,0.7422,0.7422,6.1714,12.1964,0.0,0.4892
3445,1450,204.02,9.65,248.12,186.8,0.5322,0.5322,4.1095,8.9505,0.0,0.4158
3446,1718,105.85,0.03,143.71,120.99,0.7104,0.3552,7.3136,8.5214,166.3721,0.1171
3446,1732,251.34,7.59,284.38,141.79,0.7378,0.7378,6.0057,12.4144,18.6407,0.4732
3446,1450,203.64,9.64,248.22,186.61,0.7051,0.7051,4.1148,8.9181,0.0,0.5504
3447,1718,105.32,0.01,142.74,121.37,0.502,0.251,7.2846,8.5985,0.0,0.1664
3447,1732,249.1,8.68,283.41,143.97,0.79,0.79,5.8807,12.1907,18.8537,0.5066
3447,1450,205.0,9.73,249.53,186.11,0.6802,0.6802,4.131,9.0093,0.0,0.5295
3448,1718,104.34,0.0,140.26,117.98,0.5195,0.2597,7.5751,9.0083,166.1389,0.0855
3448,1732,245.59,8.78,282.27,147.24,0.5029,0.5029,5.7019,11.8801,19.2358,0.3223
3448,1450,212.8,9.77,254.49,175.78,0.2386,0.2386,4.4597,8.8761,156.4376,0.0958
3449,1718,100.65,0.0,135.79,117.99,0.585,0.2925,7.5861,9.5306,0.0,0.1937
3449,1732,249.77,9.44,286.51,146.32,0.2473,0.2473,5.7627,12.4531,0.0,0.1629
3449,1450,213.69,9.75,251.32,153.02,0.2998,0.2998,5.3436,7.6002,162.2872,0.0991
3450,1718,99.56,0.23,133.69,118.24,0.3218,0.1609,7.5691,9.7228,0.0,0.1065
3450,1732,249.74,9.23,287.88,147.73,0.2018,0.2018,5.6927,12.5512,0.0,0.1329
3450,1450,212.76,10.19,252.43,158.13,0.2153,0.2153,5.1184,7.7674,18.4005,0.1392
3450,1742,258.78,9.39,292.13,64.01,0.3611,0.3611,19.2594,17.3241,0.0,0.2353
3451,1718,98.15,0.08,131.33,116.5,0.498,0.249,7.7296,10.0581,162.8263,0.0817
3451,1450,212.94,10.43,254.23,158.97,0.3015,0.3015,5.0849,7.9331,0.0,0.2
3451,1742,260.84,9.35,294.23,64.04,0.3711,0.3711,19.2662,17.5308,0.0,0.2417
3452,1450,212.42,10.9,255.79,162.63,0.3794,0.3794,4.9366,8.1562,19.2928,0.2478
3452,1732,259.22,8.83,296.23,144.53,0.646,0.646,5.8906,13.7538,144.9891,0.2092
3453,1732,261.84,8.34,298.76,145.07,0.6479,0.6479,5.8714,14.1025,0.0,0.4254
3454,1732,263.87,8.26,300.71,145.53,0.2598,0.2598,5.8545,14.3716,0.0,0.1705
3455,1732,265.65,8.85,302.34,145.96,0.2942,0.2942,5.8384,14.6019,0.0,0.193
3455,1450,207.63,10.24,256.25,179.91,0.4766,0.4766,4.3242,8.9872,21.5313,0.3476
3456,1732,266.34,9.06,302.98,144.81,0.4824,0.4824,5.902,14.6892,0.0,0.3163
3456,1450,207.26,9.45,256.54,181.1,0.6152,0.6152,4.2872,9.0784,0.0,0.466
3456,1718,90.1,0.02,124.09,114.66,0.6514,0.3257,7.9262,11.1353,142.0995,0.1065
3457,1732,268.19,9.11,305.03,145.85,0.4495,0.4495,5.8544,14.9524,0.0,0.2946
3457,1450,208.6,8.35,256.62,175.39,0.5488,0.5488,4.4709,8.7235,159.1155,0.2195
3457,1718,87.43,0.14,123.04,115.11,0.5947,0.2974,7.8906,11.3514,0.0,0.1963
3458,1732,269.98,9.23,306.62,145.49,0.5537,0.5537,5.8802,15.1778,0.0,0.3627
3458,1450,208.34,7.22,257.03,176.54,0.7363,0.7363,4.4332,8.8161,0.0,0.5436
3459,1732,271.21,9.6,307.74,145.24,0.7949,0.7949,5.8983,15.3343,0.0,0.5205
3459,1450,208.28,6.72,257.14,176.31,0.6958,0.6958,4.4407,8.8022,0.0,0.513
3460,1732,272.44,9.51,310.06,148.22,0.708,0.708,5.7503,15.5807,19.7236,0.4495
3460,1450,203.16,6.38,252.87,172.32,0.7544,0.7544,4.5676,7.9483,148.9225,0.2925
3461,1732,272.67,10.23,311.24,151.44,0.8286,0.8286,5.5935,15.6967,17.5891,0.5292
3461,1450,206.91,6.28,256.1,170.2,0.7393,0.7393,4.6475,8.2354,0.0,0.5251
3461,1718,83.01,0.0,122.66,122.8,0.4397,0.2198,7.2352,11.3337,14.0543,0.1429
3462,1732,275.19,10.58,315.31,153.94,0.6069,0.6069,5.4881,16.1579,29.4235,0.3705
3462,1450,208.68,6.0,256.6,164.09,0.771,0.771,4.8767,8.0325,160.5986,0.2672
3462,1718,83.88,0.0,123.56,119.02,0.4016,0.2008,7.5449,11.3671,166.8034,0.0656
3463,1732,275.96,11.78,316.67,154.77,0.8145,0.8145,5.454,16.3081,0.0,0.5321
3463,1450,209.13,5.73,256.99,161.88,0.8394,0.8394,4.9646,7.983,0.0,0.5608
3463,1718,82.95,0.0,123.52,118.3,0.6353,0.3176,7.6092,11.4618,0.0,0.2097
3464,1732,275.74,12.87,317.37,156.53,0.687,0.687,5.3751,16.3628,0.0,0.4487
3464,1450,209.53,5.28,257.64,160.53,0.79,0.79,5.0203,7.995,0.0,0.5241
3464,1718,81.38,0.04,123.49,120.63,0.5205,0.2602,7.4133,11.4695,13.8712,0.1692
3465,1732,275.33,15.05,317.93,159.56,0.791,0.791,5.2429,16.4205,18.0631,0.5036
3465,1450,209.32,4.95,257.84,160.25,0.8228,0.4114,5.0317,7.9828,0.0,0.2729
3465,1718,80.59,0.02,121.88,116.2,0.4331,0.2165,7.8048,11.8161,167.4577,0.0707
3466,1732,282.41,15.25,317.09,129.38,0.4707,0.4707,6.9242,16.8126,166.2043,0.1502
3466,1450,209.32,5.12,258.19,160.19,0.8052,0.8052,5.0345,8.0039,0.0,0.5342
3466,1718,79.87,0.17,120.1,112.73,0.3896,0.1948,8.1406,12.1431,167.723,0.0635
3467,1732,281.37,15.9,322.24,152.13,0.6011,0.6011,5.6009,17.0013,17.1254,0.3831
3467,1450,209.18,4.74,258.44,160.01,0.8145,0.4073,5.0421,8.0041,0.0,0.2702
3467,1718,76.54,0.13,118.52,115.18,0.498,0.249,7.9142,12.3422,17.6365,0.1602
3468,1732,278.48,16.23,322.72,162.23,0.625,0.625,5.1464,16.9874,18.286,0.3971
3468,1450,210.69,4.43,259.75,159.41,0.7656,0.3828,5.0696,8.1713,0.0,0.2539
3468,1718,73.24,0.12,117.95,121.97,0.2878,0.1439,7.3289,12.3247,13.7848,0.0934
3469,1732,277.79,16.69,323.69,165.23,0.7285,0.7285,5.026,17.0691,18.8393,0.462
3469,1450,210.17,3.4,259.45,158.47,0.6704,0.3352,5.1082,8.081,0.0,0.2224
3470,1732,281.65,15.75,328.57,168.15,0.6372,0.6372,4.9301,17.7,35.339,0.3815
3470,1450,210.86,2.93,260.29,159.35,0.6968,0.3484,5.0728,8.2171,0.0,0.2311
3471,1732,282.45,15.55,329.98,169.02,0.5557,0.5557,4.9016,17.8628,0.0,0.3688
3471,1450,210.98,2.59,260.16,158.87,0.4873,0.2437,5.0928,8.1987,0.0,0.1616
3471,1753,19.63,24.47,73.95,178.23,0.3867,0.3867,4.6036,19.0079,0.0,0.2712
3472,1732,283.26,16.27,331.28,169.54,0.8271,0.8271,4.8863,18.0104,0.0,0.5504
3472,1450,210.9,2.85,260.03,159.55,0.7725,0.3862,5.0642,8.2098,0.0,0.2562
3472,1753,22.43,23.61,76.6,177.0,0.2991,0.2991,4.6342,18.6293,0.0,0.2088
3473,1732,283.73,16.91,332.43,169.65,0.8818,0.8818,4.8854,18.1162,0.0,0.5868
3473,1450,211.71,3.25,260.43,160.1,0.771,0.3855,5.0426,8.3127,0.0,0.2556
3473,1753,25.27,22.55,80.03,177.78,0.222,0.222,4.5961,18.2627,0.0,0.1562
3474,1732,284.09,16.67,333.59,169.43,0.8721,0.8721,4.8967,18.2072,0.0,0.5789
3474,1450,211.96,3.41,260.24,160.14,0.7285,0.3643,5.041,8.3183,0.0,0.2416
3475,1732,289.66,16.57,338.47,169.1,0.7188,0.7188,4.9304,18.8611,0.0,0.473
3475,1450,210.73,3.49,258.87,160.17,0.7671,0.3836,5.0373,8.144,0.0,0.2544
3475,1718,59.99,0.16,101.62,117.02,0.2991,0.1495,7.8184,14.4385,150.0527,0.0483
3476,1732,289.95,16.6,339.1,169.28,0.7642,0.7642,4.9255,18.9235,0.0,0.5033
3476,1450,211.35,2.69,259.11,159.81,0.7754,0.3877,5.053,8.1879,0.0,0.2571
3477,1732,293.11,17.16,341.71,169.02,0.2681,0.2681,4.9474,19.2809,0.0,0.1756
3477,1450,211.57,2.67,258.83,159.5,0.7686,0.3843,5.0658,8.172,0.0,0.2549
3478,1732,292.71,17.36,341.58,169.05,0.6807,0.6807,4.9452,19.2483,0.0,0.4461
3478,1450,210.85,1.84,258.03,159.3,0.6885,0.3443,5.0727,8.0615,0.0,0.2284
3478,1753,38.99,16.89,90.81,163.8,0.283,0.283,5.0614,16.3052,154.5065,0.0905
3479,1732,294.35,17.89,343.33,170.13,0.8315,0.8315,4.9119,19.4863,0.0,0.5482
3479,1450,210.63,1.45,257.3,157.84,0.6396,0.3198,5.1333,7.9436,0.0,0.2122
3480,1732,295.08,17.8,345.24,174.48,0.5981,0.5981,4.76,19.7611,21.048,0.3928
3480,1450,211.42,0.47,257.28,155.63,0.7407,0.3704,5.2298,7.9251,0.0,0.2457
3480,1753,49.2,16.35,101.11,160.17,0.2837,0.2837,5.1733,14.8799,128.6006,0.0914
3481,1732,298.13,18.3,348.24,176.92,0.6943,0.6943,4.6882,20.2028,0.0,0.4775
3481,1450,211.31,0.4,256.55,153.88,0.6206,0.3103,5.3072,7.8191,0.0,0.2059
3482,1732,299.06,18.86,350.26,182.03,0.7612,0.7612,4.5256,20.5376,21.9591,0.5211
3482,1450,212.1,0.11,256.76,152.49,0.8271,0.4135,5.3718,7.8558,0.0,0.2744
3482,1753,40.95,16.26,115.06,226.72,0.6074,0.6074,3.2936,18.2068,27.3166,0.5104
3483,1732,300.95,19.15,353.04,184.57,0.8101,0.8101,4.4553,20.9036,0.0,0.5811
3483,1450,212.93,0.0,256.12,146.96,0.8384,0.4192,5.6396,7.7878,163.2209,0.1384
3483,1753,40.79,16.28,118.69,242.13,0.6333,0.6333,3.0208,19.3604,29.3818,0.5502
3484,1732,301.34,20.16,353.98,186.85,0.7925,0.7925,4.3884,21.0613,0.0,0.5753
3484,1450,213.16,0.0,255.96,145.48,0.8647,0.4324,5.7155,7.7843,0.0,0.2869
3484,1753,41.92,16.19,119.72,245.56,0.396,0.396,2.9637,19.5726,0.0,0.3639
3485,1732,301.14,20.91,353.45,187.38,0.8159,0.8159,4.371,21.0361,0.0,0.5942
3485,1450,213.39,0.0,256.12,144.99,0.8403,0.4202,5.7414,7.8102,0.0,0.2788
3486,1732,300.6,22.01,353.59,190.73,0.7769,0.7769,4.272,21.1347,0.0,0.5759
3486,1450,213.6,0.0,256.06,143.59,0.8237,0.4118,5.8157,7.8197,0.0,0.2733
3486,1760,49.52,0.06,113.1,159.69,0.4006,0.2003,5.1724,14.0517,0.0,0.1315
3487,1732,300.37,22.96,353.22,192.13,0.584,0.584,4.2309,21.1528,0.0,0.4361
3487,1450,213.58,0.0,255.75,141.94,0.8125,0.4062,5.9049,7.8017,0.0,0.2696
3488,1732,301.4,23.68,354.06,193.05,0.7861,0.7861,4.2088,21.2994,0.0,0.5891
3488,1450,213.56,0.0,254.9,138.32,0.8135,0.4068,6.1097,7.7767,164.264,0.1343
3489,1732,302.07,23.84,354.41,193.05,0.75,0.75,4.2108,21.3597,0.0,0.5617
3489,1450,213.58,0.1,254.74,137.27,0.7939,0.397,6.1717,7.7838,0.0,0.2634
3489,1760,49.4,0.14,110.91,155.36,0.4688,0.2344,5.3653,14.1273,162.1472,0.0758
3490,1732,302.71,24.15,354.8,192.98,0.8086,0.8086,4.2148,21.4178,0.0,0.6051
3490,1450,213.25,0.0,254.46,136.62,0.8516,0.4258,6.2101,7.753,0.0,0.2826
3491,1732,303.39,24.26,355.18,192.62,0.5215,0.2607,4.227,21.4665,0.0,0.1947
3491,1450,212.57,0.0,253.97,136.24,0.8193,0.4097,6.2319,7.6789,0.0,0.2719
3491,1760,46.86,0.06,107.53,153.46,0.543,0.2715,5.4629,14.4978,153.1965,0.0876
3492,1732,304.11,24.65,355.54,192.43,0.6758,0.3379,4.2345,21.523,0.0,0.2519
3492,1450,211.34,0.0,253.08,136.3,0.791,0.3955,6.2259,7.5298,0.0,0.2625
3493,1732,304.4,25.05,355.57,192.3,0.4446,0.2223,4.2388,21.537,0.0,0.1656
3493,1450,210.66,0.05,252.62,136.51,0.7656,0.3828,6.212,7.4459,0.0,0.2541
3494,1732,304.48,25.0,355.56,192.5,0.7671,0.3836,4.2333,21.5488,0.0,0.286
3494,1450,210.44,0.08,252.42,136.39,0.7598,0.3799,6.2188,7.4191,0.0,0.2522
3494,1760,38.07,0.0,89.96,134.73,0.4785,0.2392,6.543,16.2475,163.3827,0.0766
3495,1732,304.55,25.25,355.45,192.16,0.3496,0.1748,4.2428,21.5334,0.0,0.1301
3495,1450,211.36,0.05,253.24,136.34,0.791,0.3955,6.2237,7.5415,0.0,0.2625
3495,1760,35.14,0.0,83.64,130.11,0.5127,0.2564,6.8767,16.9135,162.303,0.0818
3496,1732,304.54,25.14,355.39,192.37,0.7886,0.3943,4.2367,21.5373,0.0,0.2938
3496,1450,211.95,0.14,253.69,136.64,0.7485,0.3743,6.2066,7.6081,0.0,0.2484
3496,1760,34.37,0.0,80.68,127.99,0.3748,0.1874,7.0389,17.1903,163.4865,0.0597
3497,1732,304.99,25.36,355.62,192.24,0.7334,0.3667,4.2418,21.5725,0.0,0.273
3497,1450,212.61,0.17,253.99,136.12,0.7363,0.3681,6.2393,7.6855,0.0,0.2443
3497,1760,33.6,0.49,79.33,127.33,0.501,0.2505,7.0933,17.3391,0.0,0.1632
3498,1732,305.22,25.44,355.6,192.16,0.7026,0.3513,4.2445,21.5819,0.0,0.2614
3498,1450,212.8,0.18,253.98,135.91,0.7515,0.3757,6.2523,7.7025,0.0,0.2494
3498,1760,31.96,0.84,77.69,127.5,0.668,0.334,7.0893,17.5485,0.0,0.2175
3498,1766,82.98,16.96,120.76,175.73,0.5059,0.5059,4.5116,11.9261,0.0,0.3666
3499,1732,304.99,25.73,355.49,193.22,0.4756,0.2378,4.214,21.6024,0.0,0.1779
3499,1450,213.01,0.14,254.22,136.69,0.811,0.4055,6.2054,7.7182,0.0,0.2691
3499,1760,32.16,0.59,77.8,126.43,0.6826,0.3413,7.1689,17.5473,0.0,0.2222
3499,1766,88.34,16.65,123.83,163.93,0.3557,0.3557,4.928,10.8543,159.5155,0.1199
3500,1732,304.69,26.29,355.26,194.81,0.5078,0.2539,4.1689,21.6335,0.0,0.1914
3500,1450,213.2,0.13,254.19,136.54,0.8052,0.4026,6.2146,7.7322,0.0,0.2672
3500,1760,32.86,0.22,79.18,127.47,0.5815,0.2908,7.0852,17.3944,0.0,0.1894
3501,1732,303.4,27.05,355.95,203.63,0.7407,0.3704,3.9381,21.9759,23.4106,0.2802
3501,1450,213.04,0.08,254.03,136.92,0.7627,0.3814,6.1913,7.7027,0.0,0.2531
3501,1760,33.19,0.08,79.76,128.06,0.3442,0.1721,7.0392,17.3253,0.0,0.1121
3501,1766,93.51,15.84,128.87,160.16,0.5757,0.5757,5.0675,10.0392,148.8114,0.189
3502,1732,303.47,27.51,356.37,206.92,0.687,0.3435,3.8591,22.1574,0.0,0.2728
3502,1450,213.45,0.06,254.24,136.94,0.7114,0.3557,6.1908,7.7456,0.0,0.2361
3502,1753,82.79,15.7,156.98,229.5,0.4814,0.4814,3.1619,14.6697,0.0,0.4337
3503,1732,302.79,28.41,356.85,213.63,0.8013,0.4007,3.7043,22.4794,24.7519,0.3139
3503,1450,213.04,0.01,253.77,136.77,0.6143,0.3071,6.2001,7.6873,0.0,0.2038
3503,1753,83.6,15.65,158.5,228.24,0.3442,0.3442,3.183,14.4411,0.0,0.3092
3503,1760,33.27,0.0,81.37,133.01,0.3674,0.1837,6.6883,17.145,14.3006,0.1178
3503,1766,98.3,15.67,134.85,160.35,0.4226,0.4226,5.0475,9.3164,0.0,0.2799
3504,1732,302.85,29.29,357.06,217.78,0.7485,0.3743,3.6147,22.7133,0.0,0.309
3504,1450,214.93,0.18,252.67,126.35,0.46,0.23,6.8943,8.0716,166.1482,0.0759
3504,1753,83.62,15.45,159.11,228.23,0.7407,0.7407,3.1827,14.4157,0.0,0.6655
3504,1760,32.29,0.0,81.24,135.53,0.3594,0.1797,6.5266,17.1914,15.224,0.115
3505,1732,302.67,30.89,356.97,221.5,0.7871,0.3936,3.5367,22.903,0.0,0.3288
3505,1450,214.73,0.24,253.74,131.53,0.605,0.3025,6.5336,7.935,14.6902,0.1974
3505,1753,86.19,15.93,160.95,227.88,0.8228,0.8228,3.186,14.209,0.0,0.7392
3505,1760,31.92,0.0,81.48,137.51,0.4131,0.2066,6.4029,17.1842,14.9691,0.1323
3506,1732,302.53,32.13,356.25,222.12,0.7725,0.3862,3.5226,22.8913,0.0,0.3234
3506,1450,214.58,0.18,253.64,131.53,0.7686,0.3843,6.5333,7.9178,0.0,0.255
3506,1753,89.15,16.1,162.89,227.59,0.7656,0.7656,3.188,13.9943,0.0,0.6878
3506,1760,32.05,0.0,81.81,138.62,0.606,0.303,6.3341,17.1471,0.0,0.1975
3507,1732,302.16,33.14,356.28,226.11,0.835,0.4175,3.4427,23.1025,0.0,0.3539
3507,1450,214.34,0.24,253.03,130.11,0.7256,0.3628,6.6279,7.9072,0.0,0.2407
3507,1753,91.74,15.96,164.21,226.86,0.8477,0.8477,3.1989,13.769,0.0,0.7606
3507,1760,31.55,0.0,81.8,140.09,0.5352,0.2676,6.2478,17.1732,0.0,0.1744
3508,1732,302.05,33.96,356.26,228.56,0.7544,0.3772,3.3953,23.2405,0.0,0.322
3508,1450,213.79,0.17,252.5,129.27,0.7471,0.3735,6.6844,7.8643,0.0,0.2479
3508,1753,94.03,15.99,165.56,227.84,0.8442,0.8442,3.1787,13.7533,0.0,0.7597
3508,1760,32.24,0.0,80.83,134.37,0.3259,0.163,6.6025,17.2325,165.5333,0.0519
3509,1732,302.34,34.43,355.9,227.67,0.7241,0.362,3.4122,23.1839,0.0,0.3083
3509,1450,212.19,0.15,251.08,128.46,0.7568,0.3784,6.7375,7.6917,0.0,0.2511
3509,1753,97.06,15.99,167.02,226.63,0.7686,0.7686,3.1982,13.4574,0.0,0.69
3509,1760,32.91,0.3,81.1,132.64,0.4102,0.2051,6.7146,17.1905,164.9678,0.0653
3510,1732,302.35,34.49,355.5,227.32,0.7871,0.3936,3.4182,23.1425,0.0,0.3348
3510,1450,213.48,0.23,252.04,127.77,0.646,0.323,6.789,7.8716,0.0,0.2143
3510,1753,98.79,16.17,167.56,226.39,0.7695,0.7695,3.2013,13.3524,0.0,0.6906
3511,1732,302.58,34.58,355.48,227.29,0.7847,0.3923,3.4192,23.1518,0.0,0.3337
3511,1450,213.88,0.27,252.31,127.77,0.7202,0.3601,6.7898,7.9167,0.0,0.2389
3511,1753,101.18,16.14,169.04,226.23,0.3066,0.3066,3.2021,13.2054,0.0,0.2752
3511,1766,116.77,16.03,154.31,152.16,0.5,0.5,5.3691,6.4593,139.1528,0.1656
3512,1732,302.32,34.6,355.07,227.3,0.8535,0.4268,3.4178,23.1169,0.0,0.3631
3512,1450,211.2,0.23,249.08,123.59,0.668,0.334,7.0938,7.7216,163.2872,0.1103
3512,1753,107.34,16.12,165.03,192.35,0.4263,0.4263,3.9532,9.2816,156.6859,0.1997
3513,1732,301.68,35.04,353.98,226.13,0.8145,0.8145,3.4376,22.9558,0.0,0.6912
3513,1450,211.85,0.26,249.22,121.38,0.6289,0.3145,7.2701,7.895,166.7145,0.1038
3513,1753,103.7,15.49,168.4,217.82,0.6377,0.6377,3.363,12.1438,26.8351,0.5367
3513,1760,36.0,0.3,86.44,136.38,0.6714,0.3357,6.4514,16.6,19.6889,0.2126
3514,1732,302.15,34.91,354.34,226.18,0.7988,0.7988,3.438,23.0029,0.0,0.6777
3514,1450,211.42,0.28,248.84,120.33,0.7241,0.362,7.3553,7.905,0.0,0.2402
3514,1753,105.24,15.4,170.76,224.05,0.8135,0.8135,3.2397,12.7576,28.5798,0.6935
3514,1760,36.29,0.48,88.28,139.43,0.708,0.354,6.2607,16.439,15.6188,0.2268
3515,1732,299.53,35.68,352.08,226.34,0.8315,0.8315,3.4267,22.7531,0.0,0.7072
3515,1450,210.3,0.19,248.17,119.89,0.8076,0.4038,7.3898,7.8183,0.0,0.2679
3515,1753,107.15,15.45,172.19,225.94,0.4834,0.4834,3.2027,12.8843,0.0,0.4341
3515,1760,36.22,0.22,89.22,140.66,0.8052,0.4026,6.1866,16.3761,0.0,0.263
3516,1732,298.82,36.24,351.69,225.61,0.7725,0.7725,3.4391,22.6508,0.0,0.6559
3516,1450,209.51,0.11,247.95,119.35,0.3372,0.1686,7.4341,7.7885,0.0,0.1119
3516,1753,109.84,15.1,174.98,226.28,0.2917,0.2917,3.1938,12.7659,0.0,0.2623
3516,1760,36.8,0.17,91.12,142.27,0.6206,0.3103,6.089,16.2076,0.0,0.2028
3516,1766,116.61,15.17,161.94,173.84,0.4006,0.4006,4.5053,7.2069,20.8576,0.2837
3517,1732,294.96,36.52,349.11,225.77,0.8545,0.8545,3.4254,22.3175,0.0,0.7277
3517,1450,207.74,0.17,247.12,119.47,0.6533,0.3266,7.421,7.6177,0.0,0.2168
3517,1753,112.61,14.6,178.26,228.05,0.4883,0.4883,3.1588,12.8232,0.0,0.4413
3517,1760,33.23,0.16,88.8,141.57,0.6377,0.3189,6.1419,16.5981,0.0,0.2081
3518,1732,293.2,37.07,348.47,226.07,0.8237,0.8237,3.4157,22.2084,0.0,0.7028
3518,1450,213.84,0.2,252.44,119.97,0.5234,0.2617,7.3927,8.3105,76.0082,0.1074
3518,1760,33.72,0.2,91.04,144.28,0.6782,0.3391,5.9846,16.4148,16.9232,0.2166
3518,1766,120.18,14.48,166.81,174.82,0.7456,0.7456,4.4673,6.8236,0.0,0.5483
3519,1732,289.09,37.73,345.97,225.97,0.8394,0.8394,3.4071,21.851,0.0,0.7178
3519,1450,216.56,0.34,254.19,119.91,0.5117,0.2559,7.4035,8.6008,0.0,0.1696
3519,1760,36.75,2.22,93.56,144.91,0.6621,0.3311,5.9384,16.0481,0.0,0.2164
3519,1766,123.18,15.05,167.12,160.65,0.5469,0.5469,4.9868,5.5254,160.9978,0.1824
3519,1753,119.16,11.29,186.48,228.76,0.283,0.283,3.1405,12.568,0.0,0.2566
3520,1732,285.34,38.61,344.3,226.0,0.8442,0.8442,3.398,21.5654,0.0,0.7234
3520,1450,217.36,0.59,254.12,119.91,0.4082,0.2041,7.4045,8.6478,0.0,0.1353
3520,1760,38.5,1.08,95.57,145.4,0.6011,0.3005,5.9042,15.7993,0.0,0.1966
3520,1766,122.89,14.66,167.11,155.25,0.5322,0.5322,5.2157,5.2609,161.9471,0.1767
3521,1732,285.12,39.95,345.45,226.45,0.8667,0.8667,3.3908,21.6436,0.0,0.7434
3521,1450,216.29,0.58,252.44,119.94,0.2942,0.1471,7.3984,8.4693,0.0,0.0975
3521,1760,40.28,0.46,97.29,145.66,0.2289,0.1144,5.8831,15.567,0.0,0.0749
3521,1753,128.5,13.92,187.73,199.5,0.4727,0.4727,3.7501,8.4985,155.1871,0.2346
3522,1732,278.98,40.52,343.17,230.89,0.8584,0.8584,3.2945,21.4984,32.2708,0.7034
3522,1450,216.54,0.49,251.87,120.06,0.4102,0.2051,7.3879,8.442,0.0,0.136
3522,1760,41.99,0.69,98.21,145.63,0.6206,0.3103,5.8793,15.3917,0.0,0.2032
3522,1753,131.12,15.24,189.21,193.68,0.3684,0.3684,3.8962,7.6311,155.0311,0.1759
3522,1766,129.38,15.12,173.69,153.1,0.3594,0.3594,5.3046,4.2806,132.2926,0.1195
3523,1732,273.94,41.46,341.44,233.36,0.877,0.877,3.2399,21.3234,0.0,0.7705
3523,1450,206.22,0.27,243.43,120.5,0.7598,0.3799,7.3292,7.2245,72.5223,0.1637
3523,1760,43.1,0.78,98.55,145.51,0.6235,0.3118,5.8827,15.2947,0.0,0.2042
3524,1732,270.13,42.53,340.84,236.02,0.7754,0.7754,3.1867,21.2931,0.0,0.6868
3524,1450,203.79,0.27,241.78,120.49,0.5938,0.2969,7.3258,6.9711,0.0,0.1972
3524,1760,44.1,1.21,98.83,145.62,0.5938,0.2969,5.8743,15.2095,0.0,0.1945
3524,1766,135.14,16.12,177.85,147.71,0.4065,0.4065,5.5561,3.4108,157.0996,0.1353
3525,1732,267.44,43.84,341.23,239.76,0.8477,0.8477,3.1196,21.4583,0.0,0.7581
3525,1450,201.96,0.23,240.47,119.2,0.5273,0.2636,7.4305,6.8696,159.6165,0.0873
3525,1760,44.53,0.47,95.4,136.23,0.2289,0.1144,6.4209,15.4446,165.1308,0.0368
3525,1766,138.31,15.77,181.66,147.0,0.3738,0.3738,5.5887,2.9019,0.0,0.249
3525,1753,127.3,10.04,195.66,223.53,0.4514,0.4514,3.2319,11.5589,27.7554,0.387
3526,1732,268.23,45.14,341.52,237.63,0.6919,0.6919,3.1572,21.3515,0.0,0.6154
3526,1450,200.7,0.17,240.07,119.85,0.6611,0.3306,7.3742,6.7216,0.0,0.2196
3526,1760,45.26,0.23,97.92,142.24,0.7363,0.3681,6.0581,15.193,15.9136,0.2364
3526,1766,141.08,15.68,184.18,144.5,0.3459,0.3459,5.7149,2.4921,156.3049,0.1152
3526,1753,126.07,12.26,193.31,226.5,0.3904,0.3904,3.1775,12.0135,0.0,0.3523
3527,1732,267.81,46.07,341.38,237.11,0.8843,0.8843,3.1654,21.2847,0.0,0.7857
3527,1450,198.96,0.14,239.03,120.19,0.6372,0.3186,7.3432,6.5283,0.0,0.2117
3527,1760,45.83,0.14,98.72,144.01,0.6919,0.3459,5.9575,15.0995,16.5395,0.2219
3527,1753,127.12,13.15,194.7,229.28,0.5776,0.5776,3.1267,12.3463,0.0,0.5249
3528,1732,259.45,46.81,336.23,242.09,0.876,0.876,3.0637,21.0077,38.3729,0.7277
3528,1450,196.88,0.23,237.9,120.29,0.6548,0.3274,7.332,6.3277,0.0,0.2176
3528,1760,46.05,0.21,98.77,144.68,0.3459,0.1729,5.9207,15.0818,0.0,0.1133
3528,1753,126.79,8.44,195.34,229.34,0.2568,0.2568,3.1255,12.3497,0.0,0.2334
3528,1766,146.44,11.67,190.6,142.4,0.5957,0.5957,5.8234,1.6629,138.332,0.1985
3529,1732,254.74,46.32,333.76,244.65,0.8936,0.8936,3.0132,20.8748,0.0,0.8129
3529,1450,197.26,0.22,238.63,120.28,0.6978,0.3489,7.3338,6.395,0.0,0.2319
3529,1760,46.06,0.05,98.81,145.66,0.2637,0.1318,5.8683,15.0798,0.0,0.0864
3529,1753,130.62,7.84,198.67,227.65,0.4495,0.4495,3.1544,12.025,0.0,0.407
3529,1766,149.78,11.29,193.7,139.89,0.2234,0.2234,5.9611,1.3237,154.9478,0.0744
3530,1732,252.59,45.64,332.58,244.48,0.8877,0.8877,3.0118,20.7044,0.0,0.808
3530,1450,197.98,0.16,239.53,120.2,0.7393,0.3696,7.3419,6.4985,0.0,0.2456
3530,1760,46.53,0.08,99.03,145.93,0.373,0.1865,5.8526,15.0343,0.0,0.1222
3530,1753,133.32,7.3,199.91,223.67,0.4824,0.4824,3.2272,11.4388,0.0,0.4324
3530,1766,152.81,9.3,196.43,135.52,0.2473,0.2473,6.2174,1.4409,161.824,0.0824
3531,1732,254.82,44.76,334.13,242.59,0.7627,0.7627,3.047,20.7264,0.0,0.6906
3531,1450,200.61,0.1,240.56,118.36,0.5283,0.2641,7.5011,6.8562,162.7162,0.0874
3531,1760,47.32,0.19,99.58,147.03,0.5508,0.2754,5.7926,14.948,0.0,0.1805
3531,1753,134.69,7.42,200.09,220.2,0.4006,0.4006,3.2935,10.9486,0.0,0.3558
3531,1766,154.9,8.21,199.09,135.68,0.2379,0.2379,6.2072,1.2692,0.0,0.1586
3532,1732,256.27,44.77,334.18,241.91,0.7861,0.7861,3.06,20.7425,0.0,0.7104
3532,1450,200.75,0.12,240.74,118.74,0.3108,0.1554,7.4688,6.8468,0.0,0.1032
3532,1760,48.0,0.14,99.48,146.6,0.5527,0.2763,5.8137,14.9077,0.0,0.1811
3532,1753,140.37,7.52,204.2,217.05,0.2422,0.2422,3.3547,10.4248,0.0,0.2133
3532,1766,158.89,7.62,202.84,132.1,0.3594,0.3594,6.4328,1.7117,158.7436,0.1197
3533,1732,251.08,43.46,329.76,242.64,0.8052,0.8052,3.0362,20.3469,0.0,0.7309
3533,1450,201.82,0.08,241.68,118.29,0.3108,0.1554,7.5095,7.0012,0.0,0.1032
3533,1760,49.71,3.58,98.97,144.1,0.2012,0.1006,5.9443,14.823,163.3164,0.0324
3533,1766,160.58,7.5,204.03,129.99,0.2766,0.2766,6.5732,2.0367,162.6289,0.0921
3534,1732,247.87,43.42,326.76,244.27,0.8516,0.8516,3.0025,20.1963,0.0,0.7771
3534,1760,53.22,1.52,96.64,124.74,0.4302,0.2151,7.1979,14.9785,166.642,0.0693
3534,1753,147.42,7.31,209.42,212.05,0.5659,0.5659,3.4575,9.6751,141.8089,0.3023
3535,1732,246.05,43.4,323.77,243.01,0.8638,0.8638,3.0171,19.8649,0.0,0.7871
3535,1760,54.33,0.67,96.44,119.87,0.2289,0.1144,7.5929,15.0509,167.2139,0.0368
3535,1753,150.76,7.0,211.45,210.18,0.304,0.304,3.4976,9.4129,0.0,0.2622
3536,1732,244.81,43.25,323.33,247.13,0.8916,0.8916,2.9501,20.1513,0.0,0.8199
3536,1760,54.69,0.53,96.17,117.76,0.3989,0.1994,7.7778,15.1112,167.6172,0.0642
3536,1753,155.09,7.36,214.18,208.89,0.667,0.667,3.526,9.2544,0.0,0.5729
3536,1450,199.82,0.08,239.2,116.4,0.4226,0.2113,7.6718,6.883,160.5286,0.0699
3537,1732,241.79,43.14,321.04,253.44,0.8677,0.8677,2.8492,20.4909,32.0525,0.7649
3537,1760,49.88,0.34,98.21,137.96,0.5479,0.274,6.2971,14.8856,15.2537,0.1764
3537,1753,158.49,7.4,216.05,208.73,0.4417,0.4417,3.53,9.2659,0.0,0.3791
3537,1450,198.15,0.0,236.57,113.82,0.3167,0.1583,7.9068,6.8592,164.064,0.0524
3538,1732,240.62,42.73,321.03,261.29,0.791,0.791,2.7369,21.1759,31.8466,0.7085
3538,1753,161.86,7.14,218.4,210.85,0.2886,0.2886,3.4845,9.6116,0.0,0.2494
3539,1732,237.96,42.75,317.55,264.99,0.6802,0.6802,2.6809,21.2852,0.0,0.6483
3539,1753,168.73,7.6,224.84,210.74,0.4351,0.4351,3.4892,9.7797,0.0,0.3756
3539,1760,49.89,1.32,101.06,149.7,0.6323,0.3161,5.6497,14.6915,16.7605,0.2028
3540,1732,231.33,43.67,310.79,267.8,0.7778,0.7778,2.6313,21.0527,0.0,0.7469
3540,1753,170.29,8.06,225.7,209.69,0.4805,0.4805,3.5125,9.681,0.0,0.4134
3540,1760,49.72,0.68,101.59,153.92,0.6187,0.3094,5.4472,14.7096,17.342,0.1982
3541,1732,225.93,44.89,305.66,269.72,0.8677,0.8677,2.5973,20.8677,0.0,0.8375
3541,1753,171.48,7.86,225.94,206.79,0.3286,0.3286,3.5772,9.3192,0.0,0.28
3541,1760,50.94,1.25,100.58,149.57,0.6387,0.3194,5.6551,14.6523,163.1917,0.103
3542,1732,217.98,45.41,298.36,270.36,0.8506,0.8506,2.5765,20.4128,0.0,0.8241
3542,1753,171.6,7.31,225.01,204.79,0.2998,0.2998,3.6225,9.035,0.0,0.2537
3542,1760,51.27,3.97,99.83,150.55,0.3584,0.1792,5.6077,14.6881,0.0,0.1175
3543,1732,218.44,47.02,295.75,262.43,0.543,0.543,2.6775,19.4908,147.0498,0.3388
3543,1760,50.92,6.17,99.71,154.77,0.6733,0.6733,5.4094,14.7663,17.5846,0.431
3544,1732,215.21,48.66,291.36,259.43,0.7725,0.7725,2.7122,18.9041,0.0,0.7368
3544,1760,48.81,2.75,99.54,158.52,0.7822,0.3911,5.247,14.9779,19.1173,0.2491
3544,1753,172.54,1.69,226.54,202.25,0.2637,0.1318,3.6825,8.7483,0.0,0.1106
3545,1732,213.67,123.43,271.18,263.91,0.6816,0.6816,2.6364,18.7057,54.8777,0.5607
3545,1760,49.13,1.99,99.35,157.73,0.3523,0.1762,5.2811,14.9553,0.0,0.1154
3545,1753,176.71,1.25,233.2,204.86,0.4292,0.2146,3.6248,9.3554,0.0,0.1815
3546,1760,48.1,1.12,98.59,158.9,0.4971,0.2485,5.2337,15.095,0.0,0.1628
3547,1760,48.83,1.15,97.99,155.27,0.6504,0.3252,5.3936,15.0272,162.4326,0.1047
3547,1732,209.88,157.54,259.75,266.63,0.8159,0.8159,2.5918,18.5946,0.0,0.7917
3548,1760,47.83,0.7,97.94,158.07,0.3831,0.1915,5.2712,15.141,18.4414,0.1222
3549,1753,181.45,8.02,237.34,202.03,0.3867,0.3867,3.6943,9.2538,0.0,0.3234
3550,1796,202.24,10.12,277.29,264.99,0.4543,0.4543,2.6189,18.6748,0.0,0.4391
3550,1753,178.0,9.18,234.17,201.56,0.3857,0.3857,3.703,8.9942,0.0,0.3223
3550,1760,47.66,0.83,97.73,158.22,0.7695,0.3847,5.2654,15.1688,0.0,0.252
3551,1796,200.01,8.93,275.4,265.17,0.4688,0.4688,2.614,18.5798,0.0,0.4535
3551,1760,47.77,0.63,98.16,159.01,0.7515,0.3757,5.2303,15.1473,0.0,0.2461
3552,1796,206.97,53.6,268.37,261.3,0.5439,0.5439,2.6651,18.1275,0.0,0.5229
3552,1760,48.01,0.74,98.67,159.09,0.6406,0.3203,5.2256,15.0992,0.0,0.2098
3553,1796,199.34,61.52,260.37,266.64,0.5566,0.5566,2.5862,18.3445,0.0,0.5408
3553,1760,48.49,0.57,99.18,158.0,0.6538,0.3269,5.2708,15.0138,0.0,0.2142
3554,1796,196.5,59.41,257.34,264.28,0.3933,0.3933,2.6137,17.9195,0.0,0.381
3554,1760,49.27,0.68,100.82,159.43,0.7148,0.3574,5.205,14.8797,0.0,0.2343
3554,1766,220.15,8.81,259.32,94.99,0.5205,0.5205,10.2598,10.9529,0.0,0.3438
3555,1796,187.47,22.6,259.46,266.9,0.5371,0.5371,2.5767,18.082,0.0,0.5228
3556,1796,187.44,38.39,255.09,268.94,0.8101,0.8101,2.5489,18.2399,0.0,0.7912
3557,1796,184.94,44.01,249.64,264.2,0.6689,0.6689,2.6062,17.4955,0.0,0.6491
3558,1796,182.4,45.03,247.3,266.06,0.75,0.75,2.5803,17.6372,0.0,0.7302
3559,1796,180.0,44.72,244.16,261.66,0.6899,0.6899,2.6358,16.9854,0.0,0.6674
3559,1766,220.79,9.62,273.52,126.57,0.584,0.584,6.9143,9.858,14.3348,0.3804
3560,1796,176.2,45.24,241.05,263.94,0.6538,0.6538,2.6035,17.1629,0.0,0.6351
3560,1766,221.18,9.41,274.92,130.4,0.6602,0.6602,6.6459,9.8601,14.8863,0.4295
3561,1796,175.09,44.95,239.85,262.9,0.7671,0.7671,2.6165,16.9956,0.0,0.744
3561,1766,221.51,9.34,275.11,130.71,0.7163,0.7163,6.6256,9.8873,0.0,0.474
3562,1796,174.35,45.21,238.3,259.87,0.6646,0.6646,2.6561,16.5734,0.0,0.6416
3562,1766,222.21,9.78,275.34,130.72,0.708,0.708,6.6263,9.9506,0.0,0.4684
3562,1760,47.35,7.0,99.6,168.45,0.6504,0.6504,4.8508,15.3093,19.8623,0.4259
3563,1796,173.75,47.29,238.49,264.8,0.7656,0.7656,2.5909,17.2,0.0,0.7449
3563,1766,222.29,9.97,275.13,130.55,0.6934,0.6934,6.6377,9.9462,0.0,0.4588
3563,1760,47.44,6.83,99.58,168.72,0.7256,0.7256,4.8406,15.3129,0.0,0.4906
3564,1796,172.77,48.21,237.41,266.81,0.7407,0.7407,2.5646,17.4296,0.0,0.723
3564,1766,218.34,10.05,272.34,130.34,0.5195,0.5195,6.6422,9.4916,0.0,0.344
3565,1796,174.98,123.57,219.5,267.0,0.752,0.752,2.5587,17.28,0.0,0.7348
3565,1766,224.39,9.95,277.13,130.39,0.3604,0.3604,6.6547,10.2304,0.0,0.2384
3565,1760,46.39,3.53,100.4,172.89,0.605,0.3025,4.6902,15.4635,20.0248,0.2044
3566,1766,227.94,10.1,279.14,130.64,0.5601,0.5601,6.6463,10.6034,0.0,0.3702
3567,1766,230.73,10.53,280.58,131.67,0.3459,0.3459,6.5836,10.8679,0.0,0.2285
3567,1760,47.71,7.19,101.27,175.15,0.7471,0.7471,4.6084,15.405,0.0,0.5281
3568,1760,47.84,7.26,101.65,176.26,0.5786,0.5786,4.57,15.4151,0.0,0.412
3568,1796,159.66,52.84,223.92,259.72,0.7656,0.7656,2.6522,16.2428,140.6146,0.4847
3569,1760,47.94,8.3,101.49,176.74,0.5659,0.5659,4.5541,15.4378,0.0,0.4041
3569,1796,156.88,45.3,223.62,257.99,0.606,0.606,2.6753,15.9952,0.0,0.584
3569,1766,229.65,11.16,297.94,182.19,0.3804,0.3804,4.3187,12.9879,21.9687,0.2757
3570,1760,48.65,11.73,101.49,177.26,0.4727,0.4727,4.5357,15.4134,0.0,0.3387
3570,1796,154.07,41.51,222.1,256.05,0.3674,0.3674,2.7016,15.7152,0.0,0.3529
3570,1814,248.45,11.15,281.03,49.84,0.5,0.5,30.662,17.6031,0.0,0.3255
3570,1816,148.44,0.18,181.41,64.21,0.5137,0.2569,18.6601,11.4961,0.0,0.1695
3570,1766,228.26,11.39,299.24,195.89,0.2974,0.2974,3.9315,13.8615,23.4221,0.2296
3571,1760,49.52,14.58,103.43,183.42,0.7178,0.7178,4.3354,15.5069,21.6047,0.5166
3571,1796,150.76,34.25,220.98,253.1,0.2959,0.2959,2.7429,15.3044,0.0,0.2828
3571,1814,251.51,11.17,283.53,49.25,0.3157,0.3157,31.484,17.9037,166.2055,0.1001
3571,1816,146.66,0.2,179.76,64.36,0.2108,0.1054,18.5889,11.5221,48.2188,0.0578
3571,1766,229.18,11.36,300.09,201.92,0.7217,0.7217,3.7822,14.4059,24.679,0.5688
3572,1760,51.28,13.48,105.39,184.74,0.6577,0.6577,4.2898,15.3399,0.0,0.4929
3572,1796,148.62,35.48,218.83,249.81,0.8252,0.8252,2.7903,14.8519,0.0,0.7841
3572,1816,140.07,0.16,183.89,85.53,0.6353,0.3176,11.84,8.7124,8.1914,0.2095
3572,1766,232.27,12.02,296.87,189.67,0.4717,0.4717,4.1012,13.5353,157.4369,0.2094
3573,1760,50.73,12.92,105.58,187.79,0.6611,0.6611,4.2005,15.5181,0.0,0.5032
3573,1796,142.22,36.18,213.4,248.53,0.7583,0.7583,2.8091,14.6744,0.0,0.7188
3573,1816,136.72,0.14,184.05,93.12,0.3025,0.1512,10.4533,7.7772,9.466,0.0997
3573,1814,253.39,12.4,290.93,57.36,0.3989,0.3989,23.3605,17.5789,4.9421,0.2592
3574,1760,52.18,13.69,105.91,185.59,0.6123,0.6123,4.2624,15.2948,0.0,0.4612
3574,1796,136.35,36.7,209.29,250.19,0.6792,0.6792,2.7851,14.9265,0.0,0.6457
3574,1816,135.63,0.05,184.45,97.02,0.3567,0.1784,9.855,7.2856,9.8385,0.1175
3574,1766,240.9,13.33,293.91,159.58,0.4072,0.4072,5.1414,12.5368,161.6969,0.1325
3575,1760,52.32,14.41,105.45,184.49,0.7212,0.7212,4.2957,15.2593,0.0,0.54
3575,1796,129.27,38.1,203.99,251.99,0.7808,0.7808,2.7604,15.2452,0.0,0.7445
3575,1816,137.92,0.01,182.74,89.48,0.2101,0.1051,11.0783,8.2598,171.2638,0.0347
3575,1766,239.92,13.79,295.32,167.64,0.6353,0.6353,4.8222,12.8059,19.4934,0.4212
3576,1760,52.78,10.45,106.63,184.13,0.7725,0.7725,4.3042,15.1397,0.0,0.5777
3576,1796,126.34,41.24,201.24,250.47,0.7075,0.7075,2.7834,15.0958,0.0,0.6726
3576,1816,143.46,0.04,188.29,88.75,0.3269,0.1635,11.2057,8.1287,129.2693,0.0539
3576,1766,249.3,15.76,297.03,149.85,0.2407,0.2407,5.6016,13.1596,162.6998,0.0781
3576,1814,259.15,13.48,299.81,62.87,0.3049,0.3049,19.9092,17.8234,8.4614,0.1973
3577,1760,53.77,12.46,106.98,184.43,0.7529,0.7529,4.2932,15.0716,0.0,0.5643
3577,1796,121.36,39.55,198.8,251.13,0.8062,0.8062,2.7753,15.2654,0.0,0.7671
3577,1816,139.28,0.05,183.27,88.52,0.3174,0.1587,11.2539,8.3434,110.5203,0.0523
3577,1766,243.75,14.09,298.73,168.3,0.5972,0.5972,4.8081,13.3054,19.4827,0.3967
3577,1814,262.45,13.17,300.67,59.9,0.222,0.222,21.7041,18.2765,174.743,0.0703
3578,1760,54.79,9.22,108.91,184.33,0.7793,0.7793,4.292,14.8837,0.0,0.5844
3578,1796,117.78,38.3,197.52,252.65,0.8135,0.8135,2.7545,15.5267,0.0,0.776
3578,1816,137.44,0.06,179.93,87.04,0.644,0.322,11.5411,8.6611,163.6236,0.1061
3578,1814,264.93,12.88,302.58,58.94,0.2394,0.2394,22.3728,18.5742,169.962,0.0756
3579,1760,54.83,8.0,109.45,184.83,0.7988,0.7988,4.2761,14.8734,0.0,0.6007
3579,1796,116.36,39.42,196.56,251.38,0.7363,0.7363,2.7734,15.3941,0.0,0.7007
3579,1816,136.95,0.16,177.56,85.16,0.5,0.25,11.9239,8.9785,169.9106,0.0823
3579,1766,255.19,13.02,304.74,151.31,0.373,0.373,5.5544,14.0926,161.6962,0.1206
3580,1760,58.16,7.9,113.67,184.44,0.8467,0.8467,4.2773,14.3859,0.0,0.6372
3580,1796,115.68,39.64,195.31,246.97,0.8647,0.8647,2.8392,14.8479,0.0,0.816
3581,1760,57.71,7.68,113.7,184.46,0.7964,0.7964,4.2773,14.413,0.0,0.5993
3581,1796,114.56,39.68,196.18,249.73,0.8965,0.8965,2.7981,15.2113,0.0,0.8504
3581,1826,231.0,11.73,320.42,209.11,0.3503,0.3503,3.6404,16.1684,0.0,0.2924
3582,1760,58.7,7.97,114.45,184.08,0.4065,0.4065,4.2863,14.2851,0.0,0.3055
3582,1796,114.21,44.19,195.26,250.21,0.6836,0.6836,2.7914,15.2931,0.0,0.649
3582,1766,268.56,12.5,315.24,138.73,0.6416,0.6416,6.2763,15.673,161.0427,0.2059
3583,1760,57.2,8.36,112.99,183.91,0.7017,0.7017,4.2955,14.4596,0.0,0.5263
3583,1796,113.87,42.88,195.11,247.59,0.7886,0.7886,2.8304,14.9603,0.0,0.7449
3583,1766,273.16,12.32,318.78,133.25,0.2407,0.2407,6.6396,16.2624,163.3758,0.077
3583,1826,234.88,12.06,321.98,204.41,0.5322,0.5322,3.7559,16.133,153.4954,0.2587
3584,1760,56.75,8.14,112.66,183.75,0.771,0.771,4.3014,14.4997,0.0,0.5776
3584,1796,112.88,45.61,192.4,244.54,0.8228,0.8228,2.878,14.6265,0.0,0.7724
3584,1826,237.9,11.9,326.55,207.97,0.3259,0.3259,3.6828,16.8062,0.0,0.2699
3585,1760,56.71,8.33,113.27,186.0,0.6934,0.6934,4.2334,14.5839,0.0,0.5257
3585,1796,111.57,45.12,191.04,243.01,0.8218,0.8218,2.9026,14.477,0.0,0.769
3585,1826,244.66,12.35,331.46,203.29,0.4045,0.4045,3.8087,17.1562,147.913,0.1931
3585,1766,278.92,12.08,328.23,136.63,0.354,0.354,6.4588,17.2266,37.2927,0.2066
3586,1760,57.17,10.53,112.84,184.98,0.7153,0.7153,4.2636,14.5271,0.0,0.5395
3586,1796,108.42,41.43,189.55,242.46,0.7778,0.7778,2.9129,14.4965,0.0,0.7267
3586,1826,255.84,13.01,343.13,207.61,0.2194,0.2194,3.74,18.7284,62.1432,0.1403
3586,1766,279.41,12.51,330.69,136.93,0.71,0.71,6.4473,17.4169,0.0,0.4625
3587,1760,56.21,10.53,111.99,185.14,0.4648,0.4648,4.2614,14.6474,0.0,0.3506
3587,1796,105.15,45.92,184.55,241.9,0.8037,0.8037,2.9249,14.6026,0.0,0.7495
3587,1826,250.74,11.97,340.27,211.95,0.2942,0.2942,3.63,18.5541,29.9375,0.2317
3587,1766,278.37,12.96,331.58,137.88,0.6318,0.6318,6.3883,17.4006,0.0,0.4116
3588,1760,55.64,8.29,112.12,185.55,0.5176,0.5176,4.2498,14.6963,0.0,0.3912
3588,1796,103.38,64.24,175.83,241.34,0.5962,0.5962,2.9383,14.7866,0.0,0.5548
3588,1766,276.43,13.32,332.51,141.59,0.7656,0.7656,6.1662,17.318,15.426,0.4896
3588,1816,125.51,0.47,160.68,75.85,0.4746,0.2373,14.2658,10.9852,167.9531,0.0777
3589,1760,59.66,8.55,117.0,185.33,0.6704,0.6704,4.2442,14.1363,0.0,0.5077
3589,1796,95.95,53.35,172.1,241.35,0.7822,0.7822,2.9437,15.0909,0.0,0.7269
3589,1766,274.25,13.51,332.68,143.53,0.7378,0.7378,6.0521,17.1836,16.7809,0.4704
3589,1816,126.07,0.31,160.93,78.33,0.5098,0.2549,13.5693,10.6572,7.2084,0.1678
3590,1796,89.37,43.59,167.69,240.99,0.7627,0.7627,2.9556,15.3769,0.0,0.7073
3590,1766,273.7,13.76,334.13,144.35,0.7227,0.7227,6.0091,17.2424,0.0,0.471
3590,1816,125.94,0.28,160.11,79.51,0.6479,0.324,13.2624,10.5471,7.9564,0.2131
3591,1796,87.5,56.29,159.24,240.5,0.6353,0.6353,2.9699,15.6551,0.0,0.5876
3591,1766,272.51,14.06,335.15,146.76,0.4932,0.4932,5.8796,17.2353,16.1489,0.3149
3591,1816,125.39,0.31,158.8,79.95,0.5059,0.253,13.1537,10.5593,17.4434,0.1633
3591,1826,255.76,12.83,345.29,215.16,0.3711,0.3711,3.575,19.3186,0.0,0.3109
3591,1760,54.14,8.04,109.89,184.54,0.5137,0.5137,4.2852,14.8739,0.0,0.3857
3592,1796,80.41,44.75,155.46,242.81,0.584,0.584,2.9403,16.2912,0.0,0.5419
3592,1766,272.47,14.57,335.48,144.89,0.5273,0.5273,5.98,17.2506,164.129,0.1679
3592,1816,123.23,0.21,163.16,97.8,0.4177,0.2089,9.7726,8.4155,9.8742,0.1375
3592,1826,255.49,12.72,345.16,216.39,0.3201,0.3201,3.5482,19.3771,0.0,0.2693
3592,1760,53.21,9.28,107.83,186.41,0.4016,0.4016,4.2339,15.1554,0.0,0.3041
3593,1796,78.22,47.77,150.64,241.8,0.4863,0.4863,2.9615,16.4315,0.0,0.4498
3593,1766,269.58,14.87,336.01,150.36,0.7271,0.7271,5.6915,17.1172,16.7365,0.4637
3593,1816,122.26,0.57,162.94,101.65,0.3887,0.1943,9.2534,8.0546,10.5776,0.1278
3594,1796,76.07,43.31,148.96,242.05,0.6807,0.6807,2.9604,16.6007,0.0,0.6295
3594,1766,270.74,15.41,337.57,151.0,0.6802,0.6802,5.6659,17.2996,0.0,0.4432
3594,1816,119.74,0.58,161.67,107.81,0.5488,0.2744,8.5259,7.6209,11.8854,0.1802
3595,1796,73.52,44.42,145.86,243.72,0.7471,0.7471,2.9383,16.9933,0.0,0.6926
3595,1766,268.34,15.91,336.43,152.68,0.6372,0.6372,5.577,17.0822,0.0,0.4154
3595,1816,118.43,0.44,159.39,108.46,0.7866,0.3933,8.459,7.7487,0.0,0.261
3595,1826,248.57,15.84,342.46,230.5,0.3486,0.3486,3.2579,19.8724,28.1754,0.2927
3596,1796,72.69,46.93,143.6,242.89,0.5225,0.5225,2.9539,17.0227,0.0,0.4832
3596,1766,267.12,16.37,335.21,151.62,0.3999,0.3999,5.6227,16.9132,0.0,0.2608
3596,1816,117.88,0.37,157.85,108.82,0.6738,0.3369,8.4225,7.828,0.0,0.2236
3596,1826,248.1,16.37,340.56,228.72,0.2415,0.2415,3.2875,19.6164,0.0,0.2115
3597,1796,67.66,47.36,138.72,241.82,0.8169,0.8169,2.9793,17.3022,0.0,0.7524
3597,1766,264.68,16.92,334.42,153.95,0.7407,0.7407,5.5052,16.7237,19.3729,0.4694
3597,1816,118.02,0.2,157.04,109.05,0.7607,0.3804,8.3987,7.8437,0.0,0.2524
3598,1796,66.45,58.16,135.59,244.22,0.8286,0.8286,2.9449,17.7235,0.0,0.7663
3598,1816,118.06,0.26,156.0,108.51,0.7593,0.3796,8.4579,7.9464,0.0,0.2519
3598,1826,243.17,16.7,337.49,233.37,0.6802,0.6802,3.1929,19.5764,0.0,0.6043
3599,1796,64.81,52.62,137.13,244.95,0.7148,0.7148,2.9336,17.8023,0.0,0.6621
3599,1816,117.07,0.33,154.39,108.49,0.7388,0.3694,8.4631,8.09,0.0,0.245
3599,1826,240.96,16.73,335.3,234.3,0.5098,0.5098,3.1711,19.4351,0.0,0.4545
3599,1766,260.78,17.73,332.51,158.16,0.4065,0.4065,5.3034,16.3991,20.0498,0.2573
3600,1796,61.36,49.55,136.19,246.32,0.3767,0.3767,2.9162,18.1184,0.0,0.3496
3600,1816,117.49,0.26,153.75,107.68,0.6309,0.3155,8.5519,8.1737,0.0,0.2092
3600,1826,239.96,17.38,333.81,235.17,0.2274,0.2274,3.1529,19.3853,0.0,0.2033
3600,1766,263.73,17.95,335.39,160.82,0.3804,0.3804,5.201,16.8255,27.8068,0.2335
3601,1796,59.66,49.62,134.31,243.33,0.5815,0.5815,2.9663,17.9643,0.0,0.5359
3601,1816,115.44,0.13,151.65,108.27,0.6826,0.3413,8.4923,8.3507,0.0,0.2263
3601,1826,239.57,17.68,332.52,235.36,0.606,0.606,3.1475,19.3196,0.0,0.5423
3602,1796,59.95,56.19,132.26,240.86,0.2854,0.2854,3.0076,17.7939,0.0,0.2615
3602,1816,114.62,0.17,150.4,107.94,0.6807,0.3403,8.5311,8.4943,0.0,0.2257
3602,1826,244.37,17.68,333.04,228.53,0.459,0.459,3.2764,19.0291,151.6691,0.2501
3603,1796,52.65,49.49,126.38,236.04,0.7583,0.7583,3.101,17.9146,140.7333,0.4325
3603,1816,116.14,0.27,151.85,110.71,0.3364,0.1682,8.2333,8.0948,12.9743,0.1101
3603,1826,243.65,17.64,331.3,228.6,0.3584,0.3584,3.272,18.9103,0.0,0.3151
3603,1766,255.08,17.63,326.66,159.87,0.3081,0.3081,5.2077,15.6698,93.9101,0.0989
3604,1796,47.46,21.33,129.46,231.14,0.2006,0.2006,3.1888,17.565,0.0,0.1791
3604,1816,116.78,0.27,150.74,107.19,0.4417,0.2208,8.6109,8.4204,168.8261,0.0728
3604,1826,239.45,17.14,328.28,233.0,0.5244,0.5244,3.1836,18.9107,0.0,0.4672
3605,1796,40.16,35.91,115.89,227.67,0.7822,0.7822,3.2758,18.2825,129.8929,0.4274
3605,1816,114.29,0.16,148.19,106.44,0.5078,0.2539,8.7021,8.7636,147.7476,0.0836
3605,1826,239.05,16.48,327.09,233.71,0.4609,0.4609,3.1692,18.8931,0.0,0.4115
3606,1796,39.46,57.14,105.98,225.66,0.3794,0.3794,3.3267,18.659,0.0,0.3309
3606,1816,112.96,0.12,147.4,107.48,0.5381,0.2691,8.588,8.7948,16.2348,0.1747
3606,1826,238.6,16.3,325.87,234.69,0.3123,0.3123,3.1501,18.8956,0.0,0.2796
3606,1766,251.63,17.23,322.77,159.99,0.5767,0.5767,5.1892,15.1879,0.0,0.3778
3607,1796,26.84,45.07,101.16,235.82,0.6177,0.6177,3.1645,20.3318,38.1598,0.5061
3607,1816,116.85,0.15,150.16,104.29,0.4785,0.2392,8.9476,8.7069,164.232,0.0788
3607,1826,233.7,16.31,322.03,237.35,0.4292,0.4292,3.0945,18.7136,0.0,0.3876
3607,1766,237.11,16.8,312.77,161.29,0.4141,0.4141,5.0935,13.5879,60.7894,0.2015
3608,1796,13.12,41.21,90.27,239.13,0.6289,0.6289,3.1412,21.804,79.2786,0.3895
3608,1826,226.72,16.58,316.72,238.05,0.8145,0.8145,3.0696,18.2129,0.0,0.739
3609,1796,13.69,39.43,89.8,239.19,0.7319,0.7319,3.1401,21.8034,0.0,0.652
3609,1826,225.22,16.86,313.97,230.89,0.7227,0.7227,3.1892,17.3592,150.3151,0.4044
3609,1816,118.44,0.08,153.63,110.72,0.4707,0.2354,8.2274,7.8632,12.3768,0.1543
3610,1796,13.67,38.69,87.68,236.44,0.6196,0.6196,3.1903,21.7101,0.0,0.5479
3610,1826,226.71,16.02,315.34,228.01,0.3115,0.3115,3.2446,17.2362,0.0,0.2759
3610,1853,70.82,2.78,122.88,201.91,0.3364,0.1682,3.7791,14.2405,0.0,0.1378
3610,1816,118.14,0.17,152.53,107.8,0.6094,0.3047,8.5393,8.1942,168.5108,0.1005
3610,1766,229.18,16.9,308.15,160.54,0.7124,0.7124,5.105,12.7297,0.0,0.4691
3611,1796,13.01,41.98,84.03,233.24,0.6533,0.6533,3.2531,21.7025,0.0,0.5723
3611,1826,223.08,16.44,314.13,230.96,0.4436,0.4436,3.1858,17.2729,0.0,0.3964
3611,1853,76.36,1.95,128.81,202.36,0.4814,0.2407,3.7559,13.6484,0.0,0.1981
3611,1816,117.54,0.2,151.76,107.05,0.2776,0.1388,8.6243,8.3353,0.0,0.092
3611,1766,226.46,17.07,309.32,162.36,0.396,0.396,5.0282,12.6741,0.0,0.2608
3612,1796,11.8,45.07,81.24,233.34,0.7686,0.7686,3.2572,21.9146,0.0,0.6725
3612,1826,227.6,16.79,319.04,233.83,0.771,0.771,3.1451,17.9744,0.0,0.6921
3612,1853,81.15,0.57,134.34,202.95,0.2959,0.1479,3.7314,13.1464,0.0,0.1224
3613,1796,12.56,40.71,66.65,184.24,0.5156,0.5156,4.4389,20.0924,159.0352,0.2
3613,1826,228.71,17.28,319.54,233.52,0.6299,0.6299,3.1522,18.0221,0.0,0.5648
3613,1853,84.32,0.0,138.94,206.26,0.5581,0.2791,3.6467,13.0401,0.0,0.234
3613,1816,112.83,0.28,146.76,105.71,0.2925,0.1462,8.79,8.9865,146.3838,0.0482
3614,1796,7.37,38.69,75.05,218.13,0.8193,0.8193,3.5692,21.5092,25.5063,0.6569
3614,1826,219.1,17.36,310.31,234.88,0.585,0.585,3.1092,17.2841,0.0,0.5287
3614,1853,85.47,0.0,140.74,206.84,0.6143,0.3071,3.6309,12.9462,0.0,0.2582
3615,1796,4.34,38.24,74.78,224.37,0.7988,0.3994,3.4476,22.0616,27.7655,0.3239
3615,1826,220.47,17.67,311.18,238.71,0.7832,0.7832,3.0467,17.7511,0.0,0.7137
3616,1796,2.45,37.85,73.89,225.2,0.6104,0.3052,3.4359,22.2608,0.0,0.2595
3616,1826,222.87,18.33,312.11,240.33,0.3066,0.3066,3.0232,18.0523,0.0,0.2802
3616,1853,85.09,0.27,139.4,203.17,0.3857,0.1928,3.7177,12.6969,0.0,0.16
3617,1796,1.95,43.81,71.72,225.03,0.2494,0.1247,3.4436,22.393,0.0,0.1059
3617,1826,227.21,18.76,307.67,219.93,0.4351,0.4351,3.392,16.175,153.3237,0.2326
3617,1853,86.77,0.98,141.31,204.31,0.5991,0.2995,3.6876,12.6179,0.0,0.2497
3618,1796,0.0,14.6,75.2,225.21,0.3201,0.16,3.4375,22.3222,0.0,0.136
3618,1826,224.5,19.1,293.7,187.01,0.2186,0.2186,4.1639,12.7082,156.8227,0.0955
3618,1853,86.91,0.74,141.07,201.73,0.5786,0.2893,3.749,12.3877,0.0,0.2389
3619,1826,233.05,19.71,295.87,173.03,0.5537,0.5537,4.6194,12.6088,158.9612,0.2082
3619,1853,87.55,2.25,141.45,200.61,0.6934,0.3467,3.7753,12.2343,0.0,0.2851
3620,1826,235.47,20.49,296.54,170.47,0.7017,0.7017,4.714,12.7013,0.0,0.4888
3620,1853,88.84,1.94,143.36,201.18,0.7148,0.3574,3.7586,12.1212,0.0,0.2948
3620,1796,0.0,28.02,67.4,223.9,0.397,0.1985,3.4763,22.6612,0.0,0.1676
3621,1826,233.73,21.63,294.22,171.67,0.212,0.212,4.6657,12.4867,0.0,0.1491
3621,1853,94.49,1.42,150.64,201.79,0.7485,0.3743,3.7332,11.534,0.0,0.3102
3621,1796,0.0,31.76,63.44,224.03,0.7002,0.3501,3.4804,22.8811,0.0,0.2952
3621,1766,191.47,20.93,314.25,255.09,0.5361,0.5361,2.7721,18.4046,31.6537,0.4809
3622,1826,233.13,22.58,292.66,172.19,0.543,0.543,4.6446,12.3691,0.0,0.3835
3622,1853,97.84,0.75,155.17,202.32,0.6436,0.3218,3.7146,11.2115,0.0,0.2676
3622,1796,0.0,34.61,61.29,222.94,0.604,0.302,3.5059,22.934,0.0,0.2535
3623,1826,227.97,23.29,288.82,175.17,0.4243,0.4243,4.531,11.9312,31.4294,0.2856
3623,1853,99.15,1.24,157.3,202.35,0.4697,0.2349,3.7114,11.0554,0.0,0.1955
3623,1796,0.0,42.97,56.82,223.72,0.564,0.282,3.498,23.2183,0.0,0.2369
3624,1826,218.89,22.58,293.96,215.1,0.3259,0.3259,3.4682,14.6517,26.1137,0.2692
3624,1853,102.33,1.23,162.24,202.74,0.6851,0.3426,3.6967,10.7328,0.0,0.2859
3624,1796,0.0,46.41,54.54,223.88,0.4775,0.2387,3.4988,23.3496,0.0,0.2004
3625,1826,215.77,24.24,293.73,229.0,0.626,0.626,3.1944,15.8284,28.0644,0.5356
3625,1853,104.67,0.66,166.76,203.09,0.7598,0.3799,3.6842,10.4784,0.0,0.3178
3626,1826,217.92,24.94,284.8,203.69,0.5718,0.5718,3.7121,13.1167,155.0065,0.2838
3626,1853,106.31,1.18,169.66,201.92,0.8184,0.4092,3.7093,10.1605,0.0,0.3411
3627,1826,212.14,24.8,283.96,222.08,0.6943,0.6943,3.3126,14.5427,27.3464,0.5858
3627,1853,106.3,5.58,169.66,201.57,0.8013,0.8013,3.7176,10.1216,0.0,0.6671
3628,1826,207.24,24.68,281.9,234.56,0.6289,0.6289,3.0798,15.5663,29.4964,0.5454
3628,1853,105.3,7.41,168.74,201.46,0.7754,0.7754,3.7214,10.1886,0.0,0.645
3628,1796,0.0,42.25,52.24,224.7,0.5098,0.2549,3.4865,23.5186,0.0,0.2143
3629,1826,207.47,24.62,280.79,235.51,0.8271,0.8271,3.0629,15.6358,0.0,0.7548
3629,1853,105.57,8.35,169.66,201.42,0.8101,0.8101,3.7217,10.1348,0.0,0.6739
3629,1796,0.0,33.54,52.86,224.98,0.3989,0.1994,3.4798,23.5012,0.0,0.1679
3630,1826,213.47,24.39,276.99,208.92,0.4456,0.4456,3.5811,12.9801,154.6049,0.229
3630,1853,106.94,8.67,172.34,201.7,0.8413,0.8413,3.7127,10.002,0.0,0.701
3630,1796,0.0,31.53,52.04,224.98,0.4446,0.2223,3.4813,23.545,0.0,0.187
3631,1826,213.85,24.55,273.38,198.12,0.541,0.541,3.8336,11.8154,155.6665,0.2606
3631,1853,105.06,8.57,170.74,201.15,0.7988,0.7988,3.7278,10.081,0.0,0.6639
3631,1796,0.0,29.06,51.59,225.15,0.4707,0.2354,3.4787,23.5786,0.0,0.1981
3632,1826,207.81,24.5,272.64,217.29,0.7988,0.7988,3.3952,13.3651,26.7855,0.6677
3632,1853,106.67,8.32,173.48,201.61,0.8394,0.8394,3.7143,9.9571,0.0,0.6993
3632,1796,0.0,28.98,50.97,225.02,0.5049,0.2525,3.4823,23.6043,0.0,0.2123
3633,1826,204.48,24.67,271.43,226.41,0.8125,0.8125,3.2151,14.1622,28.3395,0.6943
3633,1853,107.19,8.11,174.76,202.07,0.8574,0.8574,3.7024,9.9394,0.0,0.7157
3633,1796,0.0,29.65,50.12,225.04,0.4111,0.2056,3.4834,23.6508,0.0,0.1728
3634,1826,201.49,24.45,268.04,228.7,0.7671,0.7671,3.1689,14.1777,0.0,0.6909
3634,1853,107.73,7.73,175.82,202.15,0.8384,0.8384,3.6996,9.887,0.0,0.7001
3634,1796,0.0,50.45,46.91,224.94,0.3594,0.1797,3.4911,23.8165,0.0,0.1509
3634,1862,96.25,0.28,112.8,24.24,0.3557,0.1779,10.0,90.0,0.0,0.0
3635,1826,198.8,24.35,264.9,229.11,0.6094,0.6094,3.1578,14.0153,0.0,0.5499
3635,1853,108.96,6.83,177.04,201.44,0.7285,0.7285,3.7153,9.711,0.0,0.607
3636,1826,196.14,24.4,262.34,231.82,0.606,0.606,3.1066,14.1534,0.0,0.5509
3636,1853,110.87,6.2,178.51,200.99,0.4619,0.4619,3.7245,9.532,0.0,0.3844
3637,1826,198.85,24.78,256.68,204.21,0.6748,0.6748,3.6622,10.8959,155.0087,0.3412
3637,1853,114.47,6.05,181.43,201.94,0.6362,0.6362,3.6987,9.4163,0.0,0.5317
3637,1796,0.0,33.39,48.56,224.77,0.5757,0.2878,3.4915,23.7191,0.0,0.2417
3638,1826,195.61,24.82,251.14,196.45,0.3877,0.3877,3.8457,9.6742,152.5498,0.1871
3638,1853,116.63,5.52,182.73,201.83,0.6021,0.6021,3.6998,9.2881,0.0,0.5031
3638,1796,0.0,30.37,47.65,224.55,0.6665,0.3332,3.4975,23.7555,0.0,0.2795
3639,1826,195.14,24.92,248.33,189.32,0.3577,0.3577,4.033,8.7721,156.44,0.164
3639,1853,120.56,4.48,185.56,201.43,0.5498,0.2749,3.7068,9.0278,0.0,0.2295
3639,1796,0.0,11.29,48.13,222.25,0.2401,0.1201,3.543,23.6042,0.0,0.1
3640,1853,126.35,4.83,189.07,200.07,0.5659,0.2829,3.7364,8.5938,0.0,0.2352
3641,1853,134.66,5.34,195.87,199.18,0.7188,0.7188,3.7543,8.1409,0.0,0.5962
3641,1816,88.33,0.22,127.97,125.3,0.4746,0.2373,7.0235,10.534,0.0,0.1569
3642,1853,140.69,5.16,201.55,198.49,0.5889,0.5889,3.7693,7.8728,0.0,0.4874
3642,1816,87.38,0.21,126.53,120.48,0.2379,0.119,7.4098,10.8797,166.8554,0.0389
3642,1826,191.41,24.17,243.96,186.8,0.3674,0.3674,4.0992,8.1286,0.0,0.2878
3643,1853,144.27,4.44,204.71,200.01,0.4834,0.2417,3.7314,8.0237,0.0,0.2012
3643,1816,83.03,0.11,125.0,125.97,0.6011,0.3005,6.9869,11.0673,15.8156,0.1947
3644,1853,145.99,4.17,205.31,200.12,0.543,0.2715,3.7286,8.0248,0.0,0.2261
3645,1853,145.47,4.72,203.32,201.29,0.6318,0.3159,3.7006,8.2041,0.0,0.2643
3645,1826,186.51,24.44,239.76,191.61,0.3015,0.3015,3.9612,8.2663,29.9213,0.2283
3646,1853,148.04,4.66,205.15,201.54,0.4805,0.2402,3.6943,8.215,0.0,0.2012
3646,1816,84.64,0.2,126.73,129.04,0.395,0.1975,6.7593,10.7506,15.5298,0.1281
3647,1853,152.91,5.47,210.12,200.9,0.332,0.332,3.7095,8.1137,0.0,0.2774
3647,1816,84.33,0.22,126.57,129.3,0.5859,0.2929,6.7419,10.7754,0.0,0.1936
3648,1816,84.7,0.18,126.79,129.62,0.3557,0.1779,6.7187,10.7268,0.0,0.1175
3649,1816,84.89,0.25,127.41,131.76,0.7065,0.3533,6.5719,10.6191,14.6229,0.2297
3649,1871,5.31,20.59,27.06,48.56,0.4072,0.4072,34.1722,25.4008,0.0,0.2583
3649,1862,95.79,0.18,112.33,24.22,0.3667,0.1834,10.0,90.0,0.0,0.0
3650,1816,85.48,0.26,127.43,129.88,0.562,0.281,6.6984,10.6234,165.4492,0.0921
3650,1862,95.89,0.15,112.41,24.09,0.2281,0.114,10.0,90.0,0.0,0.0
3650,1853,155.04,5.38,228.35,254.09,0.4351,0.4351,2.7299,15.498,32.4636,0.3938
3651,-1,175.22,7.52,208.97,32.66,0.3157,0.3157,104.9435,15.6692,0.0,0.2066
3652,1816,85.56,0.29,127.09,128.11,0.5195,0.2597,6.8231,10.6901,166.007,0.0851
3652,1853,165.81,8.02,230.35,212.39,0.5498,0.5498,3.4545,10.0472,153.5756,0.2938
3653,1874,126.69,32.32,147.06,51.96,0.4187,0.4187,27.7184,14.2828,0.0,0.2748
3653,1816,85.48,0.41,127.67,130.47,0.353,0.1765,6.6575,10.5919,14.3422,0.1148
3653,1853,166.85,8.46,230.83,200.25,0.6733,0.6733,3.7301,8.4511,155.4734,0.336
3653,1871,5.16,19.07,28.66,48.86,0.3191,0.3191,33.7038,25.3097,6.7091,0.2018
3654,1816,84.94,0.27,127.36,130.45,0.2458,0.1229,6.6602,10.6504,0.0,0.0812
3654,1853,166.12,9.2,230.72,195.47,0.4177,0.4177,3.849,7.7965,156.0584,0.202
3654,1862,93.41,0.11,110.46,23.92,0.3469,0.1734,10.0,90.0,0.0,0.0
3655,1853,167.68,10.93,233.73,195.23,0.212,0.212,3.8564,7.8795,0.0,0.173
3655,1862,91.6,0.03,109.63,24.29,0.3904,0.1952,10.0,90.0,0.0,0.0
3656,1853,164.31,10.7,232.64,194.85,0.2451,0.2451,3.865,7.7169,0.0,0.1998
3656,1878,194.02,7.05,245.41,64.3,0.3877,0.3877,18.6916,12.5729,0.0,0.2554
3656,1874,126.7,32.29,146.83,51.69,0.3242,0.3242,28.0119,14.322,176.2802,0.1047
3656,1816,84.35,0.43,127.8,133.5,0.4609,0.2304,6.4581,10.5927,14.7904,0.1498
3657,1878,194.29,6.63,245.91,64.3,0.4026,0.4026,18.6933,12.5965,0.0,0.2652
3657,1816,81.69,0.26,127.55,140.09,0.5806,0.2903,6.062,10.7056,16.2168,0.188
3658,1878,197.95,6.33,249.47,64.36,0.3049,0.3049,18.6806,12.8187,85.8423,0.1065
3658,1816,80.81,0.29,127.58,142.79,0.5796,0.2898,5.9121,10.7518,16.3789,0.1876
3658,1826,138.97,20.53,210.38,242.77,0.5244,0.5244,2.8973,13.9144,36.699,0.4568
3659,1878,197.01,6.06,248.28,64.14,0.2532,0.2532,18.785,12.7759,154.4684,0.0823
3659,1816,80.11,0.25,127.7,144.76,0.7104,0.3552,5.807,10.7911,16.6282,0.2298
3659,1826,133.82,19.9,202.91,243.4,0.218,0.218,2.8887,14.0719,0.0,0.2045
3660,1816,80.02,0.22,128.05,145.66,0.6558,0.3279,5.7594,10.7751,0.0,0.2167
3660,1853,173.84,5.95,243.86,196.42,0.4331,0.4331,3.8317,8.5231,75.1726,0.2472
3660,1874,126.62,32.4,146.76,51.8,0.2959,0.2959,27.8924,14.3129,4.3154,0.1939
3661,1816,79.32,0.21,127.59,146.13,0.7305,0.3653,5.7367,10.857,0.0,0.2413
3661,1853,174.95,5.3,244.84,196.83,0.8145,0.8145,3.8222,8.6448,0.0,0.6678
3661,1826,128.57,19.67,196.09,243.28,0.6494,0.6494,2.8926,14.1747,0.0,0.6088
3662,1816,77.62,0.29,125.64,146.27,0.498,0.249,5.7348,11.1099,0.0,0.1644
3662,1853,178.74,4.7,247.11,195.68,0.7725,0.3862,3.8542,8.7255,0.0,0.315
3662,1826,124.14,20.28,189.82,242.86,0.7124,0.7124,2.9016,14.2643,0.0,0.6669
3663,1816,77.07,0.32,124.64,146.28,0.4736,0.2368,5.7365,11.2169,0.0,0.1564
3663,1853,183.8,4.6,250.51,195.32,0.7793,0.3896,3.8676,9.017,0.0,0.317
3663,1826,121.25,20.3,184.72,241.59,0.4026,0.4026,2.924,14.2313,0.0,0.3757
3664,1816,76.28,0.33,123.22,146.24,0.6758,0.3379,5.7419,11.3692,0.0,0.2231
3664,1853,188.27,4.31,253.34,194.99,0.8228,0.4114,3.8801,9.2897,0.0,0.3339
3664,1826,120.43,20.08,182.26,241.45,0.5283,0.5283,2.9272,14.2738,0.0,0.4928
3665,1816,76.05,0.23,122.45,146.18,0.4534,0.2267,5.7465,11.4379,0.0,0.1496
3665,1853,192.69,4.22,256.13,195.52,0.6807,0.3403,3.8708,9.6682,0.0,0.2765
3665,1826,124.86,19.78,175.09,194.98,0.4629,0.4629,3.8696,8.4291,156.2826,0.2224
3665,1871,7.33,11.72,35.28,48.26,0.3091,0.3091,34.4849,24.901,157.7226,0.0935
3666,1816,76.33,0.29,122.2,145.67,0.2998,0.1499,5.773,11.4341,0.0,0.0989
3666,1853,197.07,4.03,258.38,195.52,0.7695,0.3847,3.8751,9.976,0.0,0.3123
3666,1826,123.77,19.64,170.18,176.29,0.6133,0.6133,4.415,6.5988,158.7675,0.2509
3667,1816,76.1,0.4,121.75,146.09,0.4226,0.2113,5.7522,11.4823,0.0,0.1395
3667,1853,198.78,3.98,258.42,195.34,0.7188,0.3594,3.8809,10.041,0.0,0.2914
3667,1826,117.69,19.47,168.51,187.53,0.4426,0.4426,4.0776,8.1341,24.0268,0.3352
3668,1853,206.31,3.61,266.76,195.45,0.625,0.3125,3.8898,10.8386,0.0,0.2527
3668,1826,118.3,19.42,166.51,174.21,0.561,0.561,4.489,6.8877,159.2527,0.2239
3668,1892,13.38,9.65,33.14,33.58,0.4036,0.4036,99.0767,25.6509,0.0,0.2558
3669,1853,205.4,3.76,264.57,194.65,0.584,0.292,3.9081,10.6054,0.0,0.2355
3669,1826,113.12,19.55,166.77,191.42,0.71,0.71,3.9736,8.8371,23.4769,0.5481
3669,1892,14.39,9.62,33.61,32.93,0.3811,0.3811,107.907,25.6242,178.5774,0.1145
3669,1816,73.38,0.51,118.7,146.76,0.3074,0.1537,5.7266,11.8819,0.0,0.1014
3670,1853,205.62,3.75,264.04,195.19,0.5889,0.2944,3.8938,10.6405,0.0,0.238
3670,1826,118.52,19.61,175.14,192.43,0.6162,0.6162,3.9393,8.3639,0.0,0.4958
3670,1892,14.95,8.77,34.95,33.1,0.2561,0.2561,105.3528,25.5224,4.8499,0.1621
3670,1893,10.14,8.72,54.36,154.24,0.3896,0.3896,5.6207,20.3522,0.0,0.2516
3670,1816,74.6,0.74,117.81,140.63,0.22,0.11,6.0576,11.8623,164.2672,0.0359
3671,1853,206.72,3.94,263.95,194.83,0.667,0.3335,3.904,10.658,0.0,0.2692
3671,1826,111.19,20.53,168.75,197.59,0.5649,0.5649,3.813,9.5108,38.1545,0.4232
3671,1893,7.64,8.08,55.09,164.28,0.3132,0.3132,5.1837,20.5925,18.458,0.1968
3671,1816,70.64,0.72,114.94,144.11,0.2605,0.1303,5.8763,12.3216,23.1474,0.0823
3672,1853,208.39,4.21,264.9,195.62,0.5879,0.2939,3.8856,10.8657,0.0,0.2379
3672,1826,110.22,21.7,162.28,180.09,0.2942,0.2942,4.3066,8.0848,158.1547,0.1243
3672,1816,69.0,0.97,113.19,144.52,0.3242,0.1621,5.86,12.5537,0.0,0.1068
3673,1853,212.41,4.42,268.76,193.97,0.791,0.3955,3.9351,11.1279,0.0,0.3173
3673,1826,95.21,20.56,163.42,222.2,0.7188,0.7188,3.2848,13.1379,27.8651,0.6095
3673,1871,15.16,8.27,40.02,40.46,0.3364,0.3364,52.6348,24.7728,177.5219,0.1018
3673,1893,11.76,8.14,59.7,166.33,0.2815,0.2815,5.0814,20.0848,31.415,0.1682
3674,1853,213.83,4.5,270.36,193.62,0.8027,0.4013,3.9469,11.2594,0.0,0.3213
3674,1826,94.33,21.53,169.97,234.33,0.5273,0.5273,3.0616,14.3608,29.5018,0.4595
3674,1893,15.63,8.06,61.1,157.26,0.4941,0.4941,5.4515,19.6108,161.5206,0.1551
3675,1853,214.06,4.82,270.91,193.59,0.8564,0.4282,3.9484,11.2989,0.0,0.3427
3675,1826,87.48,19.62,166.63,240.04,0.5947,0.5947,2.9727,15.359,0.0,0.5501
3675,1893,15.94,7.89,59.46,150.34,0.3328,0.3328,5.7836,19.6345,163.6194,0.1045
3676,1853,213.19,5.04,269.86,193.3,0.8101,0.8101,3.9544,11.1703,0.0,0.6479
3676,1826,88.23,21.16,159.36,216.67,0.5459,0.5459,3.4019,12.9581,153.3446,0.2937
3676,1893,17.46,8.15,61.77,152.43,0.6152,0.6152,5.6711,19.4047,20.1059,0.386
3677,1853,213.23,5.03,270.25,193.57,0.79,0.79,3.9476,11.2168,0.0,0.6325
3677,1826,80.63,19.41,158.45,233.53,0.3008,0.3008,3.0914,15.1407,29.9319,0.2602
3677,1893,19.77,8.41,64.59,152.12,0.2458,0.2458,5.6738,19.0748,0.0,0.1594
3678,1853,214.45,5.41,271.31,192.56,0.8394,0.8394,3.9765,11.2542,0.0,0.6688
3678,1826,82.62,19.35,151.92,209.28,0.4844,0.4844,3.569,12.7761,154.5084,0.2499
3678,1893,19.56,8.47,63.95,150.93,0.2351,0.2351,5.7343,19.1208,0.0,0.1524
3679,1853,215.63,5.17,272.37,191.81,0.8721,0.8721,3.9987,11.3147,0.0,0.6922
3679,1826,75.29,6.4,158.47,230.82,0.6123,0.6123,3.1427,15.048,28.4671,0.5282
3679,1893,19.02,8.45,63.38,152.87,0.5806,0.5806,5.6423,19.2059,0.0,0.3763
3680,1853,215.56,4.53,272.79,192.84,0.8647,0.4324,3.9714,11.4195,0.0,0.3447
3680,1826,71.89,4.54,159.29,236.18,0.3311,0.1656,3.052,15.7302,0.0,0.1513
3680,1893,21.47,7.95,64.35,147.56,0.3774,0.3774,5.9002,18.9564,162.6831,0.119
3680,1874,125.47,32.29,145.94,51.4,0.4016,0.4016,28.3408,14.4184,0.0,0.2635
3681,1853,216.05,4.1,273.46,193.24,0.8804,0.4402,3.9618,11.5165,0.0,0.3515
3681,1826,72.83,10.47,159.15,239.17,0.2705,0.2705,3.0017,16.0275,0.0,0.2489
3681,1874,125.58,32.25,146.48,51.66,0.3647,0.3647,28.0501,14.3679,5.4997,0.2388
3682,1853,217.88,2.83,274.19,188.57,0.7988,0.3994,4.092,11.2847,156.9668,0.1789
3682,1826,66.79,3.41,157.5,241.12,0.4272,0.2136,2.9758,16.5277,0.0,0.1971
3683,1853,221.26,1.98,276.93,187.17,0.8003,0.4002,4.1378,11.5334,0.0,0.3101
3684,1853,224.62,1.58,278.36,182.1,0.7974,0.3987,4.293,11.4695,156.9054,0.1678
3685,1853,226.78,1.07,279.01,177.11,0.7939,0.397,4.4538,11.339,158.6585,0.1586
3686,1853,229.43,0.61,281.05,175.79,0.8691,0.4345,4.5027,11.562,0.0,0.3156
3687,1853,233.1,0.17,283.88,175.64,0.8574,0.4287,4.5155,11.9673,0.0,0.3104
3688,1853,235.93,0.0,284.65,170.68,0.8667,0.4334,4.6913,11.9645,159.3331,0.1591
3689,1853,237.48,0.0,285.23,169.17,0.8667,0.4334,4.7486,12.0404,0.0,0.3002
3690,1853,238.59,0.0,285.91,168.68,0.8525,0.4263,4.7689,12.1383,0.0,0.2941
3690,1895,43.07,2.53,111.66,160.54,0.355,0.1775,5.1501,14.5946,0.0,0.1164
3691,1853,240.02,0.0,287.82,170.53,0.7056,0.3528,4.7062,12.4316,0.0,0.2463
3691,1895,45.85,1.45,115.6,162.1,0.4495,0.2248,5.0743,14.1843,0.0,0.1475
3692,1853,240.78,0.0,288.38,169.69,0.7778,0.3889,4.7383,12.4838,0.0,0.2698
3692,1895,48.49,2.39,117.25,160.45,0.3459,0.1729,5.1353,13.8603,0.0,0.1136
3693,1853,241.63,0.0,289.02,169.23,0.8218,0.4109,4.757,12.5634,0.0,0.284
3694,1853,241.46,0.0,288.87,168.73,0.8638,0.4319,4.775,12.5231,0.0,0.2975
3694,1895,43.36,5.44,112.23,163.35,0.54,0.54,5.0336,14.6029,37.8836,0.3163
3695,1853,242.66,0.0,290.07,168.31,0.8037,0.4018,4.7938,12.6651,0.0,0.2757
3695,1895,43.91,2.0,114.1,163.38,0.5557,0.2778,5.0283,14.4438,0.0,0.1823
3696,1853,242.71,0.42,290.45,168.84,0.5557,0.2778,4.7748,12.7131,0.0,0.1913
3697,1853,244.43,1.51,292.52,168.98,0.6377,0.3189,4.775,12.967,0.0,0.2194
3698,1853,246.07,0.53,294.65,169.16,0.8062,0.4031,4.7738,13.2207,0.0,0.2773
3699,1853,252.57,0.25,289.29,118.29,0.6309,0.3155,7.667,13.3155,167.4807,0.1023
3700,1853,246.9,0.25,295.17,155.89,0.7642,0.3821,5.3123,12.9498,17.7852,0.2454
3701,1853,245.0,0.16,295.87,163.0,0.6724,0.3362,5.0101,13.0318,18.7451,0.2153
3702,1853,246.34,0.39,298.37,167.69,0.8013,0.4007,4.8341,13.431,21.3318,0.2632
3703,1853,247.52,0.4,299.91,169.04,0.8608,0.4304,4.7881,13.6558,0.0,0.295
3703,1902,63.64,0.23,82.88,32.6,0.354,0.177,109.2622,21.1277,0.0,0.114
3704,1853,248.75,0.31,301.32,168.85,0.8604,0.4302,4.799,13.822,0.0,0.2942
3704,1902,65.13,0.2,84.26,32.32,0.4036,0.2018,113.778,21.0296,175.3622,0.0628
3705,1853,249.46,0.28,302.46,169.82,0.8892,0.4446,4.7663,13.9766,0.0,0.3059
3705,1826,21.65,14.67,97.48,217.17,0.6538,0.6538,3.5321,19.4407,0.0,0.5514
3706,1853,250.27,0.17,302.84,167.38,0.6875,0.3438,4.8586,13.9728,0.0,0.2323
3707,1853,252.57,0.23,304.43,163.79,0.5488,0.2744,5.0038,14.1245,159.6714,0.0887
3708,1853,253.83,0.34,305.49,162.3,0.8384,0.4192,5.0675,14.2402,0.0,0.2752
3708,1895,55.92,3.39,127.94,182.3,0.3904,0.1952,4.3262,13.5249,24.3391,0.1401
3708,1902,73.92,0.12,93.74,32.72,0.3831,0.1915,106.7674,20.2226,18.6897,0.1204
3708,1826,18.05,14.99,81.01,188.0,0.5601,0.5601,4.288,19.0274,157.8939,0.2297
3709,1853,255.06,0.11,306.73,161.44,0.7515,0.3757,5.1068,14.3837,0.0,0.2466
3709,1895,56.09,1.36,125.47,184.0,0.3452,0.1726,4.2775,13.7606,0.0,0.13
3709,1902,74.98,0.13,95.12,32.66,0.3328,0.1664,107.6167,20.1279,160.5696,0.0521
3710,1853,256.4,0.3,307.73,160.18,0.7568,0.3784,5.1632,14.5113,0.0,0.2482
3711,1853,263.62,0.19,312.97,150.27,0.3081,0.154,5.6361,15.2,161.3393,0.0496
3712,1853,262.9,0.53,311.7,147.55,0.5806,0.2903,5.7687,15.0505,162.1365,0.0934
3712,1874,124.54,32.24,146.45,52.0,0.5547,0.5547,27.6855,14.3578,0.0,0.364
3712,1826,9.99,14.41,78.77,211.8,0.3442,0.3442,3.6959,20.7948,25.7634,0.2704
3712,1895,57.4,1.36,124.46,187.42,0.4561,0.2281,4.1763,13.9383,22.1549,0.1692
3713,1853,261.39,0.37,311.25,150.03,0.6489,0.3245,5.6402,14.9343,17.45,0.2077
3713,1895,60.58,9.65,119.21,175.58,0.4465,0.4465,4.5477,13.4491,159.5002,0.1717
3714,1895,62.38,12.9,122.83,187.99,0.5659,0.5659,4.1557,13.7694,22.4599,0.4212
3714,1826,7.98,14.29,76.0,214.45,0.5312,0.5312,3.6453,21.2111,0.0,0.4381
3715,1895,62.7,8.74,124.67,193.5,0.4514,0.4514,4.0005,13.9939,23.1832,0.3445
3715,1826,10.05,14.21,70.07,194.53,0.3767,0.3767,4.138,20.4378,157.665,0.161
3715,1853,265.45,14.57,311.75,151.64,0.2893,0.2893,5.5707,15.2524,0.0,0.1895
3716,1895,64.54,13.4,124.56,196.66,0.5117,0.5117,3.9155,14.1116,0.0,0.41
3717,1895,66.76,6.02,127.57,198.11,0.5342,0.5342,3.8725,13.9183,0.0,0.4312
3717,1874,124.66,32.32,146.7,51.64,0.457,0.457,28.0746,14.3907,176.0336,0.1476
3717,1826,8.63,13.84,65.32,183.02,0.4045,0.4045,4.4876,20.3709,159.0551,0.154
3717,1853,264.75,3.41,314.59,151.24,0.8037,0.4018,5.5941,15.3912,0.0,0.2631
3718,1895,65.56,11.8,124.24,198.61,0.5254,0.5254,3.865,14.2117,0.0,0.4244
3718,1826,7.3,14.39,60.47,173.94,0.4688,0.4688,4.8045,20.4841,160.1342,0.1586
3719,1895,64.99,14.9,122.72,199.28,0.606,0.606,3.8506,14.379,0.0,0.4905
3719,1826,5.44,14.69,68.42,201.94,0.5342,0.5342,3.9557,21.1369,23.2563,0.4041
3719,1902,94.11,0.02,113.68,32.34,0.2925,0.1462,111.7817,18.6984,132.2593,0.0462
3719,1853,267.96,0.7,318.84,151.34,0.7231,0.3615,5.6041,15.8874,0.0,0.2364
3720,1895,64.19,15.94,121.86,200.22,0.5127,0.5127,3.8292,14.5414,0.0,0.4164
3720,1826,3.05,15.22,69.32,210.32,0.5029,0.2515,3.7575,21.6362,24.7397,0.1957
3720,1853,268.94,0.19,320.43,152.85,0.6152,0.3076,5.537,16.0716,0.0,0.2011
3721,1895,63.6,16.29,121.27,200.34,0.8086,0.8086,3.8276,14.6168,0.0,0.6567
3721,1826,2.12,15.46,70.29,214.34,0.7656,0.3828,3.6674,21.8476,0.0,0.3141
3721,1853,268.63,0.01,319.4,152.37,0.8506,0.4253,5.5571,15.9783,0.0,0.2781
3722,1895,63.41,15.73,120.99,199.77,0.5806,0.5806,3.8423,14.6021,0.0,0.4704
3722,1826,1.7,15.75,70.51,214.74,0.791,0.3955,3.659,21.8805,0.0,0.3249
3722,1853,268.59,0.0,318.85,152.37,0.8711,0.4355,5.5559,15.9392,0.0,0.2848
3723,1895,66.79,6.0,128.26,199.33,0.6577,0.6577,3.841,13.9688,0.0,0.5336
3723,1826,1.31,15.41,70.31,213.6,0.7217,0.3609,3.685,21.8515,0.0,0.2952
3723,1853,268.91,0.0,318.61,152.56,0.8628,0.4314,5.547,15.9464,0.0,0.2821
3724,1895,65.36,2.37,128.66,200.6,0.6514,0.3257,3.8107,14.1225,0.0,0.2655
3724,1826,0.0,15.84,58.95,193.09,0.4092,0.2046,4.2188,21.631,157.7573,0.0847
3724,1853,269.28,0.0,318.57,152.55,0.8359,0.4179,5.5481,15.9681,0.0,0.2733
3725,1895,65.99,7.81,128.3,201.79,0.604,0.604,3.7813,14.1986,0.0,0.4947
3725,1826,0.0,15.93,54.04,184.98,0.4121,0.2061,4.4676,21.6367,158.9056,0.0785
3725,1853,270.27,0.04,319.51,152.64,0.791,0.3955,5.5478,16.0966,0.0,0.2585
3726,1895,67.63,3.11,130.59,199.89,0.5938,0.2969,3.8236,13.8342,0.0,0.2416
3726,1826,0.14,16.35,63.38,201.48,0.6929,0.3464,3.9865,21.7135,23.3432,0.2601
3726,1853,271.07,0.12,319.85,151.37,0.8169,0.4084,5.611,16.1602,0.0,0.2669
3727,1895,68.85,1.45,132.43,199.62,0.709,0.3545,3.8269,13.6433,0.0,0.2884
3727,1826,0.0,7.14,68.57,209.75,0.5957,0.2979,3.7773,21.821,24.5474,0.231
3727,1853,270.94,0.15,320.17,152.76,0.8052,0.4026,5.5448,16.1856,0.0,0.2631
3728,1895,74.07,0.83,137.57,198.75,0.7285,0.3643,3.8378,13.0028,0.0,0.2962
3728,1853,270.97,0.08,320.25,152.54,0.8184,0.4092,5.5554,16.1907,0.0,0.2674
3729,1895,74.57,6.07,137.27,199.51,0.5718,0.5718,3.8187,13.0536,0.0,0.4663
3729,1853,271.34,0.34,320.25,151.16,0.6636,0.3318,5.6226,16.2027,0.0,0.2168
3730,1895,77.33,2.32,141.38,198.94,0.7686,0.3843,3.826,12.634,0.0,0.3133
3730,1853,270.73,0.35,319.45,151.29,0.8135,0.4068,5.6134,16.1106,0.0,0.2658
3730,1826,2.21,34.86,62.65,209.53,0.4844,0.2422,3.7891,22.019,0.0,0.1947
3731,1895,78.33,2.22,142.95,198.62,0.8184,0.4092,3.8316,12.4687,0.0,0.3333
3731,1853,269.88,0.27,318.63,151.44,0.7964,0.3982,5.6027,16.0015,0.0,0.2603
3731,1826,3.07,38.83,61.03,203.76,0.2629,0.1315,3.9284,21.784,156.5778,0.0595
3732,1895,78.95,2.48,143.11,197.01,0.3477,0.1739,3.8715,12.2912,0.0,0.1407
3732,1853,270.62,0.33,319.46,151.78,0.7471,0.3735,5.5895,16.1083,0.0,0.2441
3733,1895,79.44,1.01,144.48,198.06,0.8271,0.4135,3.8431,12.2793,0.0,0.3363
3733,1853,269.95,0.18,318.57,152.19,0.8647,0.4324,5.5667,16.0089,0.0,0.2826
3734,1895,81.93,0.93,148.33,199.37,0.7471,0.3735,3.8046,12.058,0.0,0.3058
3734,1853,270.92,0.49,319.12,151.05,0.7847,0.3923,5.6247,16.0994,0.0,0.2564
3735,1895,84.66,1.2,152.74,200.51,0.8076,0.4038,3.7705,11.795,0.0,0.3326
3735,1853,272.06,0.34,319.29,147.26,0.6919,0.3459,5.8178,16.1637,163.6595,0.1108
3736,1895,89.42,14.54,156.31,203.43,0.7251,0.7251,3.6937,11.6666,0.0,0.6047
3736,1853,271.26,0.28,319.15,150.07,0.8306,0.4153,5.6736,16.1165,16.7266,0.2656
3737,1895,90.12,19.51,158.16,205.1,0.7949,0.7949,3.6528,11.7142,0.0,0.6672
3737,1853,271.82,0.17,318.5,146.76,0.7964,0.3982,5.8417,16.0937,163.7045,0.1275
3738,1895,89.2,8.0,163.54,207.0,0.7725,0.7725,3.6061,11.7073,0.0,0.6532
3738,1853,272.41,0.31,318.62,145.4,0.8145,0.4073,5.915,16.1375,0.0,0.2662
3739,1895,92.32,18.3,165.65,208.41,0.8306,0.8306,3.5708,11.6288,0.0,0.7063
3739,1853,271.75,0.28,317.55,144.64,0.835,0.4175,5.9522,16.022,0.0,0.2729
3740,1895,94.7,21.12,168.67,209.1,0.8262,0.8262,3.552,11.4779,0.0,0.7048
3740,1853,271.47,0.36,317.27,145.22,0.8262,0.4131,5.9198,15.9855,0.0,0.2701
3741,1895,97.06,22.49,171.64,210.26,0.7847,0.7847,3.5232,11.3942,0.0,0.6725
3741,1853,271.44,0.11,317.45,146.48,0.8442,0.4221,5.8533,15.9982,0.0,0.276
3741,1826,0.0,40.15,48.96,182.55,0.4006,0.2003,4.555,21.8661,159.1193,0.0738
3742,1895,101.87,50.11,169.21,213.74,0.6206,0.6206,3.4474,11.7033,0.0,0.5379
3742,1853,272.88,0.3,318.77,146.23,0.5908,0.2954,5.8723,16.1803,0.0,0.193
3743,1895,98.44,33.51,173.39,214.81,0.8496,0.8496,3.4247,11.8003,0.0,0.7389
3743,1853,274.38,11.78,315.61,140.33,0.3311,0.3311,6.1956,16.0753,164.3091,0.1061
3744,1895,95.05,13.61,178.59,216.56,0.502,0.502,3.3877,11.9411,0.0,0.439
3745,1895,95.83,16.75,178.18,216.68,0.8037,0.8037,3.385,11.9423,0.0,0.7031
3745,1853,275.57,16.38,315.45,137.48,0.4941,0.4941,6.3681,16.1601,164.9949,0.1582
3746,1895,94.84,9.84,179.45,216.64,0.687,0.687,3.3857,11.9278,0.0,0.6009
3746,1853,275.91,5.23,315.69,122.44,0.3701,0.3701,7.4342,16.4372,167.095,0.1183
3747,1895,96.59,5.34,182.1,216.78,0.7241,0.7241,3.3805,11.7939,0.0,0.634
3748,1895,100.07,14.55,181.32,216.88,0.7598,0.7598,3.3771,11.7166,0.0,0.6657
3749,1895,103.8,18.08,182.41,216.59,0.7886,0.7886,3.3807,11.5273,0.0,0.6907
3750,1895,107.93,19.87,185.32,216.45,0.8252,0.8252,3.3803,11.2983,0.0,0.723
3751,1895,112.19,18.59,188.89,216.38,0.4678,0.4678,3.3786,11.0743,0.0,0.4101
3752,1895,123.14,9.57,190.53,182.03,0.4102,0.4102,4.2261,6.3639,157.6859,0.1782
3753,1895,123.73,13.19,198.26,205.34,0.6084,0.6084,3.6102,9.1372,25.5118,0.496
3754,1895,125.76,19.59,201.07,214.24,0.8413,0.8413,3.415,10.2463,27.2259,0.7031
3755,1895,126.65,20.61,203.9,221.86,0.8945,0.8945,3.2621,11.2255,28.1648,0.7626
3755,1853,261.75,1.39,303.67,120.81,0.4941,0.247,7.504,14.774,106.9731,0.0796
3756,1895,126.6,10.38,207.76,226.0,0.8101,0.8101,3.1836,11.7431,0.0,0.7306
3756,1853,257.73,0.29,304.48,132.71,0.7793,0.3896,6.6089,14.2951,14.4487,0.2516
3757,1895,129.27,22.54,206.34,229.16,0.8545,0.8545,3.1262,12.1597,0.0,0.7768
3757,1853,259.76,0.0,306.34,134.82,0.605,0.3025,6.4798,14.5272,20.6297,0.192
3758,1895,131.22,18.8,209.82,231.42,0.7974,0.7974,3.0856,12.4205,0.0,0.7289
3758,1853,259.44,0.0,304.52,130.37,0.3701,0.185,6.7712,14.4504,165.2706,0.0597
3759,1895,133.46,9.74,214.65,232.58,0.4736,0.4736,3.0648,12.5363,0.0,0.4342
3759,1853,257.04,0.0,303.19,133.82,0.7349,0.3674,6.532,14.1465,15.8619,0.2366
3760,1895,134.29,6.27,214.15,229.9,0.3398,0.3398,3.1116,12.1686,0.0,0.3095
3760,1853,256.03,0.07,299.93,125.76,0.314,0.157,7.0878,14.0158,165.8148,0.0508
3761,1853,254.44,0.0,300.51,132.97,0.7148,0.3574,6.5768,13.804,14.4929,0.231
3762,1853,251.11,0.0,298.21,135.31,0.8062,0.4031,6.415,13.392,20.8047,0.2563
3762,1895,141.64,3.86,222.97,231.76,0.8086,0.4043,3.0787,12.401,0.0,0.37
3763,1853,249.83,0.0,297.19,136.61,0.7778,0.3889,6.3297,13.2212,0.0,0.2558
3763,1928,0.21,0.73,63.17,173.53,0.564,0.282,4.8287,20.7444,0.0,0.1883
3763,1895,143.88,3.96,225.01,231.66,0.8555,0.4278,3.0806,12.3986,0.0,0.3913
3764,1853,250.51,0.0,297.36,137.03,0.7822,0.3911,6.3056,13.2745,0.0,0.2573
3764,1895,145.15,3.62,226.1,231.99,0.8252,0.4126,3.075,12.4529,0.0,0.3777
3765,1853,251.31,0.0,297.34,137.58,0.8193,0.4097,6.2737,13.3221,0.0,0.2694
3765,1895,145.85,2.38,226.88,232.56,0.7695,0.3847,3.0652,12.5376,0.0,0.3527
3766,1853,251.48,0.0,296.44,137.07,0.7017,0.3508,6.3033,13.2775,0.0,0.2308
3766,1895,144.71,0.98,225.64,233.05,0.3638,0.1819,3.0567,12.5939,0.0,0.1669
3767,1853,251.84,0.0,295.31,135.32,0.8193,0.4097,6.4102,13.2451,164.5817,0.1329
3767,1895,145.07,0.27,226.25,233.78,0.3433,0.1716,3.0442,12.6974,0.0,0.1578
3768,1853,251.55,0.0,294.08,134.86,0.7671,0.3836,6.4364,13.1481,0.0,0.2523
3768,1931,146.58,160.54,225.34,232.88,0.5469,0.5469,3.0597,12.5774,0.0,0.5017
3768,1928,0.71,1.25,64.83,177.09,0.2737,0.1368,4.6995,20.7044,20.1584,0.091
3769,1853,251.64,0.0,292.36,131.38,0.8262,0.4131,6.6612,13.0933,165.0864,0.1341
3769,1928,11.71,0.58,57.62,121.53,0.2407,0.1203,7.683,20.2206,167.4176,0.0376
3769,1895,148.27,4.81,227.18,233.17,0.7319,0.3659,3.055,12.6354,0.0,0.3359
3770,1853,251.67,0.0,291.21,129.91,0.8555,0.4278,6.7598,13.0467,0.0,0.2815
3770,1895,146.85,6.87,225.23,232.95,0.7739,0.7739,3.0585,12.5877,0.0,0.7101
3771,1853,251.31,0.08,289.9,129.13,0.8647,0.4324,6.8112,12.9511,0.0,0.2846
3771,1895,150.99,10.58,227.37,233.07,0.3933,0.3933,3.057,12.6406,0.0,0.3609
3772,1853,250.91,0.03,288.99,128.9,0.8037,0.4018,6.8249,12.8681,0.0,0.2645
3772,1895,151.56,9.02,227.91,233.02,0.7671,0.7671,3.058,12.6418,0.0,0.7038
3773,1853,248.78,0.06,286.58,128.83,0.7227,0.3614,6.8211,12.5641,0.0,0.238
3773,1895,155.21,20.61,227.19,232.91,0.8262,0.8262,3.0602,12.6502,0.0,0.7578
3774,1853,247.49,0.07,285.1,128.72,0.8286,0.4143,6.8237,12.3801,0.0,0.273
3774,1895,155.15,13.95,228.39,232.49,0.709,0.709,3.0676,12.6033,0.0,0.6496
3775,1853,246.21,0.04,283.74,128.64,0.8086,0.4043,6.8245,12.204,0.0,0.2665
3775,1895,155.66,11.37,228.99,232.9,0.6523,0.6523,3.0607,12.669,0.0,0.5982
3776,1853,245.16,0.07,282.56,128.34,0.8218,0.4109,6.8418,12.061,0.0,0.2709
3776,1895,162.81,21.49,231.62,233.05,0.5869,0.5869,3.0599,12.7985,0.0,0.5382
3777,1853,242.86,0.09,280.01,125.96,0.811,0.4055,7.0068,11.7999,160.0434,0.1323
3777,1895,169.55,25.44,234.95,233.02,0.6909,0.6909,3.0628,12.9431,0.0,0.6332
3778,1853,241.55,0.1,278.45,123.29,0.8003,0.4002,7.2066,11.6937,164.616,0.1306
3778,1939,160.66,10.0,202.94,130.05,0.5981,0.5981,6.569,2.0177,0.0,0.3986
3779,1853,238.59,0.11,276.11,122.41,0.8262,0.4131,7.2671,11.3727,0.0,0.2727
3779,1939,159.23,9.69,206.34,144.28,0.3774,0.3774,5.7207,0.4017,16.5899,0.2464
3779,1895,178.82,23.05,244.4,233.65,0.2666,0.2666,3.058,13.3922,0.0,0.2444
3780,1853,238.02,0.11,275.76,121.6,0.5776,0.2888,7.3309,11.3423,0.0,0.1907
3780,1939,157.94,8.95,209.55,157.68,0.3242,0.3242,5.089,2.0345,18.5197,0.2105
3780,1942,16.46,0.0,49.12,104.85,0.3821,0.191,9.4153,20.883,0.0,0.1232
3780,1895,185.25,26.58,249.19,233.8,0.627,0.627,3.06,13.6836,0.0,0.5743
3781,1853,237.82,0.12,275.72,121.46,0.4207,0.2104,7.3419,11.3318,0.0,0.1389
3781,1939,157.98,9.07,210.94,163.22,0.6387,0.6387,4.8639,2.8292,19.4214,0.425
3781,1942,23.86,0.05,56.71,104.68,0.4302,0.2151,9.379,19.9777,77.774,0.0826
3781,1895,189.9,28.59,253.51,233.83,0.8101,0.8101,3.0637,13.9314,0.0,0.7413
3782,1853,241.31,0.12,278.23,121.12,0.645,0.3225,7.3808,11.7418,0.0,0.2128
3782,1939,159.9,9.53,212.17,162.72,0.5371,0.5371,4.8838,2.8203,0.0,0.3662
3782,1942,20.57,0.29,52.21,101.28,0.2458,0.1229,9.8529,20.5695,166.7617,0.0384
3782,1895,191.72,29.31,255.55,234.0,0.7832,0.7832,3.0627,14.064,0.0,0.7166
3783,1853,241.87,0.12,278.12,121.25,0.4756,0.2378,7.371,11.7666,0.0,0.1569
3783,1939,169.28,9.71,204.88,110.37,0.5698,0.5698,8.2134,4.9197,168.3048,0.1892
3783,1895,197.7,62.62,253.21,233.66,0.4282,0.4282,3.0704,14.132,0.0,0.3913
3784,1853,241.05,0.12,276.91,122.16,0.6309,0.3155,7.2931,11.5983,0.0,0.2082
3784,1895,195.9,37.59,260.01,233.25,0.458,0.458,3.0803,14.239,0.0,0.4179
3784,1942,26.48,0.03,59.38,103.28,0.4883,0.2442,9.5367,19.7045,25.9462,0.1498
3785,1853,240.16,0.17,275.42,121.92,0.6245,0.3123,7.3081,11.4494,0.0,0.2061
3785,1895,195.83,32.14,262.43,233.16,0.7925,0.7925,3.0832,14.3041,0.0,0.7227
3785,1942,28.9,0.0,60.3,96.06,0.2351,0.1176,10.5499,19.7866,170.4028,0.0369
3785,1939,162.7,9.84,212.78,153.43,0.4893,0.4893,5.2759,1.7502,17.8637,0.3183
3786,1853,238.45,0.19,273.48,121.84,0.5557,0.2778,7.3081,11.2105,0.0,0.1835
3786,1895,197.31,31.02,265.45,233.28,0.8315,0.8315,3.0838,14.4668,0.0,0.758
3786,1942,29.39,0.0,61.99,97.62,0.2991,0.1495,10.3022,19.5901,10.6908,0.0959
3786,1939,161.83,9.57,214.01,161.21,0.3701,0.3701,4.9442,2.7167,18.9823,0.2426
3787,1853,236.79,0.06,271.95,123.83,0.2173,0.1086,7.1445,10.9237,16.2748,0.0703
3787,1942,30.69,0.0,65.36,101.59,0.3831,0.1915,9.7212,19.1469,10.8844,0.123
3787,1939,161.64,10.3,214.05,164.3,0.2451,0.2451,4.8228,3.12,19.4203,0.1644
3788,1942,27.94,0.22,72.79,132.19,0.6436,0.3218,6.7794,18.0577,14.0794,0.206
3788,1939,161.78,10.77,215.22,170.47,0.4746,0.4746,4.596,3.9832,20.4171,0.3316
3789,1942,27.64,0.08,75.72,142.18,0.4436,0.2218,6.1509,17.8188,15.4586,0.1416
3789,1939,163.01,11.26,216.09,173.5,0.4658,0.4658,4.4918,4.4408,21.8855,0.3304
3789,1952,185.66,162.79,269.63,232.88,0.4639,0.4639,3.0863,14.1753,0.0,0.4229
3790,1895,195.76,35.9,263.06,233.22,0.8145,0.8145,3.0824,14.3294,0.0,0.7428
3790,1853,233.76,0.28,267.77,122.31,0.3425,0.1713,7.2525,10.5022,146.4361,0.0561
3791,1895,192.05,14.06,266.19,232.88,0.3523,0.3523,3.088,14.2704,0.0,0.3211
3791,1942,28.5,0.8,77.37,146.31,0.5371,0.2686,5.9181,17.6565,16.3109,0.1712
3791,1952,184.55,160.37,271.28,233.12,0.4648,0.4648,3.0825,14.221,0.0,0.424
3792,1895,190.89,7.11,266.94,232.77,0.2629,0.2629,3.0897,14.244,0.0,0.2395
3792,1952,184.35,159.61,271.38,233.06,0.2069,0.2069,3.0834,14.2107,0.0,0.1887
3793,1895,193.54,21.26,265.46,232.64,0.563,0.563,3.0926,14.267,0.0,0.5127
3793,1952,184.85,159.68,271.24,233.14,0.4426,0.4426,3.0823,14.2317,0.0,0.4037
3793,1942,30.75,1.33,79.06,146.17,0.4417,0.2208,5.9165,17.3992,0.0,0.1439
3794,1895,194.65,21.46,267.3,232.77,0.7393,0.7393,3.0921,14.3801,0.0,0.6732
3794,1961,179.32,14.92,213.47,48.38,0.459,0.459,32.013,13.6575,0.0,0.3017
3795,1895,194.29,11.71,270.53,232.73,0.6406,0.6406,3.0945,14.4727,0.0,0.583
3795,1961,181.91,15.45,215.96,48.54,0.2893,0.2893,31.7942,13.6988,42.3239,0.165
3796,1895,195.88,22.04,269.61,232.72,0.3594,0.3594,3.0951,14.4945,0.0,0.3271
3796,1961,179.38,16.23,212.7,48.56,0.459,0.459,31.7564,13.6254,80.648,0.1736
3797,1895,199.11,23.15,272.69,232.25,0.3372,0.3372,3.1074,14.6625,0.0,0.3062
3797,1961,183.33,16.99,216.24,48.59,0.585,0.585,31.7269,13.715,84.439,0.2083
3798,1895,203.19,23.76,277.39,232.07,0.6299,0.6299,3.1166,14.9663,0.0,0.571
3798,1961,180.61,17.85,212.64,48.78,0.3008,0.3008,31.4513,13.6094,41.7065,0.1723
3798,1966,218.29,0.21,252.63,55.14,0.4272,0.2136,24.7639,14.7004,0.0,0.1401
3798,1939,166.45,18.24,219.04,187.96,0.6343,0.6343,4.0478,6.5397,23.3258,0.4847
3799,1895,207.81,14.68,284.91,230.15,0.2234,0.2234,3.1597,15.2359,0.0,0.2011
3799,1961,178.67,18.79,209.99,49.17,0.3015,0.3015,30.9148,13.5072,18.3975,0.1931
3799,1966,218.69,0.11,250.9,51.67,0.6724,0.3362,28.1275,15.0514,176.448,0.1082
3799,1967,247.75,27.8,273.01,63.25,0.3647,0.3647,19.5081,15.9271,0.0,0.2385
3800,1961,176.31,19.61,212.4,54.6,0.384,0.384,25.0209,12.7776,3.8873,0.2525
3800,1966,218.27,0.04,249.5,50.14,0.6279,0.314,29.9076,15.1668,176.127,0.101
3800,1939,168.22,19.68,219.73,192.54,0.3804,0.3804,3.9234,7.2104,24.2393,0.296
3801,1961,178.62,19.68,210.82,51.2,0.5195,0.5195,28.419,13.2428,176.5598,0.1686
3801,1966,217.91,0.08,247.22,47.02,0.3354,0.1677,34.334,15.4447,176.868,0.0539
3801,1969,124.72,32.33,147.34,51.74,0.4609,0.4609,27.9625,14.3582,0.0,0.3025
3801,1939,168.39,19.83,218.1,193.99,0.4351,0.4351,3.8849,7.3803,0.0,0.3536
3801,1895,213.99,20.64,288.51,231.27,0.4854,0.4854,3.1477,15.7578,0.0,0.4374
3802,1961,180.06,19.43,210.2,49.67,0.4609,0.4609,30.2628,13.4568,176.6747,0.1494
3802,1966,216.22,0.17,246.04,47.92,0.5371,0.2686,32.9116,15.2483,5.5046,0.1755
3802,1969,124.61,32.34,147.16,51.69,0.2539,0.2539,28.0182,14.3727,0.0,0.1666
3802,1895,225.25,22.13,300.95,232.4,0.5078,0.5078,3.1492,16.9029,91.5705,0.2873
3803,1961,178.8,18.84,209.05,49.59,0.2128,0.2128,30.3625,13.4427,138.1815,0.069
3803,1966,215.75,0.18,245.25,47.41,0.3684,0.1842,33.6885,15.2693,175.2514,0.0592
3803,1895,227.03,24.42,300.97,233.17,0.6206,0.6206,3.1375,17.0575,0.0,0.5588
3804,1961,180.65,19.09,209.78,49.1,0.5757,0.5757,31.011,13.535,171.092,0.1866
3804,1966,214.28,0.1,243.61,46.88,0.2207,0.1104,34.5266,15.2374,170.9204,0.0355
3804,1895,228.57,18.82,303.42,234.96,0.6074,0.6074,3.1104,17.4072,0.0,0.5487
3805,1961,180.72,19.29,208.8,48.84,0.5981,0.5981,31.3631,13.5603,173.5918,0.1938
3805,1895,229.94,24.09,302.28,237.1,0.5459,0.5459,3.0741,17.6214,0.0,0.4956
3806,1895,232.94,24.47,305.43,238.11,0.6875,0.6875,3.0633,17.9907,0.0,0.6247
3806,1966,211.95,0.0,242.21,48.42,0.4072,0.2036,32.1402,14.9417,4.7117,0.1332
3807,1895,238.53,26.73,311.61,238.76,0.606,0.606,3.0648,18.5826,0.0,0.5498
3807,1966,211.13,0.0,242.24,50.14,0.5737,0.2868,29.8441,14.7115,3.3253,0.1879
3807,1939,171.85,19.85,220.12,193.45,0.2991,0.2991,3.9002,7.4162,0.0,0.2424
3808,1895,236.58,27.2,309.41,239.55,0.4417,0.4417,3.0473,18.4669,0.0,0.4019
3808,1966,209.74,0.0,242.28,53.1,0.7388,0.3694,26.5665,14.315,3.7333,0.2422
3808,1939,172.35,19.41,219.16,191.18,0.2637,0.2637,3.9605,7.1015,0.0,0.2117
3808,1961,178.39,20.5,212.18,55.55,0.3721,0.3721,24.2118,12.6705,4.0329,0.2447
3809,1939,172.98,20.58,219.12,192.5,0.5088,0.5088,3.9253,7.2916,0.0,0.4107
3809,1961,178.02,20.84,213.46,57.08,0.3416,0.3416,23.0095,12.4754,4.4302,0.2247
3810,1939,173.67,20.71,219.56,193.16,0.561,0.561,3.9081,7.4052,0.0,0.4541
3811,1939,174.3,22.03,219.52,192.55,0.2629,0.2629,3.9244,7.3373,0.0,0.2123
3812,1939,177.79,22.97,225.19,197.43,0.2949,0.2949,3.8011,8.2078,32.1107,0.2277
3812,1966,206.76,0.05,237.7,51.49,0.5293,0.2646,28.2254,14.2896,170.8997,0.0855
3813,1939,178.19,23.66,227.25,200.71,0.3416,0.3416,3.7212,8.6995,0.0,0.2847
3813,1966,206.62,0.13,236.06,49.69,0.2444,0.1222,30.3701,14.462,176.3654,0.0394
3813,1895,242.25,26.08,315.02,233.8,0.4446,0.4446,3.1574,18.4742,145.5123,0.2498
3814,1939,175.14,23.81,225.07,206.17,0.2056,0.2056,3.5919,9.2942,27.5438,0.167
3814,1966,206.33,0.15,235.01,48.96,0.5947,0.2974,31.332,14.5162,175.6714,0.096
3814,1895,240.75,19.34,316.98,234.45,0.2629,0.2629,3.1465,18.5526,0.0,0.2357
3815,1939,178.0,26.13,226.77,200.6,0.4746,0.4746,3.7236,8.6678,153.8848,0.2372
3815,1966,205.08,0.2,233.95,50.25,0.4495,0.2248,29.6543,14.2956,4.3735,0.1473
3815,1895,241.88,24.45,317.54,234.93,0.7031,0.7031,3.1401,18.6747,0.0,0.6308
3815,1942,62.68,0.39,109.9,140.48,0.686,0.343,6.1006,13.2178,0.0,0.2256
3816,1895,242.18,26.16,318.29,235.22,0.583,0.583,3.1363,18.7499,0.0,0.5232
3817,1895,242.43,27.64,318.69,235.33,0.8403,0.8403,3.1351,18.7903,0.0,0.7542
3817,1939,177.59,29.72,229.72,214.92,0.8315,0.8315,3.4046,10.6058,26.6695,0.697
3817,1942,64.34,0.24,112.05,140.27,0.2737,0.1368,6.1058,12.9597,0.0,0.0901
3818,1895,242.54,27.9,319.83,237.8,0.8159,0.8159,3.0944,19.0639,0.0,0.7363
3818,1939,175.62,28.57,229.51,221.3,0.3381,0.3381,3.2765,11.403,27.7006,0.288
3818,1942,64.86,0.11,112.34,139.4,0.4717,0.2359,6.1548,12.91,0.0,0.1552
3819,1895,245.56,29.29,322.02,236.68,0.6689,0.6689,3.1195,19.2141,0.0,0.6012
3819,1939,174.75,31.4,228.46,224.98,0.5264,0.5264,3.2062,11.8554,0.0,0.4731
3820,1895,247.2,29.05,323.18,236.06,0.8667,0.8667,3.1334,19.2958,0.0,0.7773
3820,1939,175.78,31.64,231.04,230.34,0.8779,0.8779,3.1101,12.629,0.0,0.7994
3820,1942,68.0,2.05,113.87,139.21,0.3904,0.1952,6.1575,12.593,0.0,0.1286
3821,1895,249.05,28.94,325.63,238.62,0.7148,0.7148,3.095,19.7171,0.0,0.6441
3821,1939,176.72,31.62,231.82,232.76,0.7544,0.7544,3.0684,12.9785,0.0,0.6908
3822,1895,250.68,29.17,327.0,239.29,0.7559,0.7559,3.0874,19.9164,0.0,0.6816
3822,1939,178.92,31.94,233.54,233.59,0.6953,0.6953,3.0553,13.1599,0.0,0.6377
3823,1895,250.97,29.15,326.99,238.05,0.7808,0.7808,3.1086,19.8266,0.0,0.702
3823,1939,180.34,32.39,234.5,233.79,0.8296,0.8296,3.0526,13.2324,0.0,0.7611
3824,1895,251.4,28.94,326.55,235.8,0.6899,0.6899,3.1471,19.6405,0.0,0.617
3824,1939,181.61,32.72,235.58,233.86,0.7178,0.7178,3.0522,13.289,0.0,0.6585
3825,1895,251.11,28.76,326.35,235.51,0.4795,0.4795,3.1515,19.5928,0.0,0.4286
3825,1939,181.74,31.44,235.73,233.8,0.7271,0.7271,3.0533,13.287,0.0,0.667
3825,1980,250.21,146.48,310.09,235.57,0.3225,0.3225,3.1301,18.7721,0.0,0.2897
3826,1895,250.43,28.5,326.01,235.77,0.605,0.605,3.1457,19.5646,0.0,0.5413
3826,1939,182.74,31.94,237.36,233.52,0.7305,0.7305,3.059,13.3065,0.0,0.6695
3827,1895,251.67,25.6,327.67,235.88,0.2134,0.2134,3.1474,19.7147,0.0,0.1908
3827,1939,184.26,18.97,241.97,233.14,0.2458,0.2458,3.0679,13.3966,0.0,0.225
3828,1895,251.63,26.91,326.52,235.73,0.7129,0.7129,3.1485,19.6445,0.0,0.6374
3828,1939,185.08,28.5,240.7,233.34,0.8062,0.8062,3.0643,13.4115,0.0,0.7382
3828,1969,124.27,32.27,147.27,52.03,0.4534,0.4534,27.6514,14.3381,0.0,0.2976
3829,1895,249.24,27.7,323.54,235.31,0.5591,0.5591,3.1492,19.3489,0.0,0.5002
3829,1939,186.79,32.87,241.47,233.32,0.4844,0.4844,3.0656,13.4681,0.0,0.4434
3829,1969,124.43,32.34,147.12,51.82,0.2546,0.2546,27.8773,14.3633,176.505,0.0822
3830,1895,248.96,28.37,322.67,235.06,0.6816,0.6816,3.1522,19.2723,0.0,0.6096
3830,1939,189.66,35.52,243.94,234.75,0.5029,0.5029,3.0434,13.7811,0.0,0.4616
3831,1895,250.65,28.34,323.69,235.53,0.7544,0.7544,3.1473,19.4428,0.0,0.6749
3831,1939,189.89,37.42,246.76,247.35,0.6523,0.6523,2.8433,15.4337,31.1838,0.5832
3831,1966,182.95,0.14,223.5,77.27,0.6113,0.3056,13.8245,10.0356,0.0,0.2022
3832,1895,250.74,28.42,323.48,236.54,0.708,0.708,3.1298,19.5209,0.0,0.635
3832,1939,190.11,38.28,247.08,249.07,0.6738,0.6738,2.8177,15.6611,0.0,0.6369
3832,1966,182.69,0.09,221.75,79.69,0.6167,0.3084,13.181,9.6712,7.9162,0.2031
3833,1895,249.44,28.17,321.92,235.91,0.8271,0.8271,3.1372,19.3304,0.0,0.7413
3833,1939,190.16,38.81,249.34,259.01,0.7075,0.7075,2.6774,16.9501,32.7209,0.6431
3833,1966,178.86,0.07,221.66,92.89,0.5293,0.2646,10.4917,7.8405,9.2856,0.1745
3834,1895,249.77,28.07,321.78,235.48,0.834,0.834,3.1448,19.3035,0.0,0.7467
3834,1939,190.22,38.76,250.47,264.34,0.7886,0.7886,2.6069,17.6353,0.0,0.765
3835,1895,249.93,27.01,321.88,235.23,0.5737,0.5737,3.1494,19.2952,0.0,0.5133
3835,1939,192.0,38.62,254.16,271.13,0.5688,0.5688,2.5233,18.5826,0.0,0.5571
3836,1895,250.2,26.6,321.87,235.32,0.3242,0.3242,3.1482,19.3153,0.0,0.2901
3836,1939,191.62,38.63,254.06,273.73,0.6279,0.6279,2.4914,18.8902,0.0,0.6159
3837,-1,190.97,18.7,319.78,283.36,0.2089,0.1045,2.4176,21.6447,0.0,0.1008
3838,1895,248.03,23.58,320.87,235.79,0.5166,0.5166,3.1363,19.2018,0.0,0.4632
3838,1939,195.21,41.79,258.23,280.85,0.2869,0.2869,2.4114,19.9096,0.0,0.2778
3839,1895,249.48,26.13,320.94,234.77,0.4814,0.4814,3.1558,19.1895,0.0,0.4304
3839,1939,197.32,40.52,258.76,275.09,0.3057,0.3057,2.4799,19.274,0.0,0.2992
3841,-1,176.06,0.28,208.69,99.14,0.2942,0.1471,9.5487,6.6481,0.0,0.0977
3841,-1,201.66,38.25,266.34,275.62,0.2451,0.2451,2.4798,19.6123,0.0,0.2397
3842,1895,248.94,26.82,320.28,234.78,0.5068,0.5068,3.1542,19.1322,0.0,0.4533
3842,1939,204.66,34.38,268.08,275.59,0.3567,0.3567,2.4828,19.7254,0.0,0.3489
3843,1939,207.51,63.24,263.13,273.85,0.3008,0.3008,2.5025,19.4691,0.0,0.295
3843,1966,168.26,0.6,212.75,102.38,0.3416,0.1708,9.123,6.1364,14.9082,0.1116
3844,1895,252.43,23.17,324.79,235.25,0.3225,0.3225,3.1557,19.5598,0.0,0.2881
3845,1895,251.55,22.49,323.78,235.74,0.2012,0.2012,3.1449,19.5082,0.0,0.18
3846,1895,253.0,25.87,322.94,234.62,0.4158,0.4158,3.1651,19.4457,0.0,0.371
3847,1895,253.8,26.8,323.1,235.31,0.6143,0.6143,3.1542,19.5491,0.0,0.5489
3847,1939,214.76,81.2,268.04,280.76,0.4351,0.4351,2.4283,20.5798,0.0,0.4217
3848,1895,250.71,27.52,320.38,235.57,0.6377,0.6377,3.1427,19.2888,0.0,0.5711
3848,1939,223.16,148.8,262.55,276.39,0.6826,0.6826,2.4811,20.1563,0.0,0.6669
3848,1966,168.97,0.64,210.67,101.85,0.3149,0.1575,9.1895,6.1866,0.0,0.1047
3849,1895,255.79,26.67,324.36,235.29,0.2847,0.2847,3.1586,19.7063,0.0,0.2541
3850,1895,257.89,27.08,325.39,235.19,0.4016,0.4016,3.1643,19.8517,0.0,0.3581
3851,1939,230.35,163.55,271.55,279.64,0.6533,0.6533,2.4538,20.9768,0.0,0.6348
3852,-1,264.66,30.16,304.59,112.43,0.4397,0.4397,8.2857,15.3079,0.0,0.2879
3852,-1,213.75,161.16,296.16,276.47,0.385,0.385,2.4969,20.8678,0.0,0.3764
3853,1966,169.92,0.56,206.63,96.59,0.4629,0.2314,9.9074,6.8733,169.838,0.0766
3853,1939,229.75,162.03,274.84,275.56,0.6123,0.6123,2.5038,20.6055,0.0,0.5989
3854,1895,228.1,26.1,312.86,279.0,0.4805,0.4805,2.4924,22.1485,36.1962,0.4373
3855,1895,224.24,26.65,312.03,281.61,0.8442,0.8442,2.4579,22.259,0.0,0.8185
3856,1895,221.43,25.42,312.2,283.01,0.8618,0.4309,2.4396,22.3177,0.0,0.4167
3857,1895,221.73,25.99,314.44,281.8,0.8076,0.8076,2.4556,22.2754,0.0,0.7827
3857,1969,126.27,32.2,148.36,52.17,0.3381,0.3381,27.4918,14.232,0.0,0.2219
3857,1966,169.18,0.21,205.23,100.36,0.3477,0.1739,9.3815,6.3216,10.6571,0.1145
3858,1895,222.45,24.66,318.13,282.82,0.8564,0.8564,2.4478,22.5271,0.0,0.8287
3858,1966,170.62,0.19,204.81,100.18,0.6318,0.3159,9.4056,6.3589,0.0,0.21
3859,1895,230.08,46.36,321.21,283.65,0.8169,0.4084,2.448,22.9742,0.0,0.3948
3859,1966,171.47,0.19,204.32,100.21,0.5312,0.2656,9.4017,6.3592,0.0,0.1765
3860,1895,234.75,55.34,324.71,282.06,0.8145,0.8145,2.4739,23.1018,0.0,0.7899
3860,1966,172.17,0.14,203.79,99.61,0.5156,0.2578,9.4821,6.445,0.0,0.1713
3861,1895,235.19,36.82,333.89,284.12,0.6885,0.3443,2.4597,23.6468,0.0,0.3328
3861,1966,172.64,0.27,203.4,99.32,0.6582,0.3291,9.5214,6.4864,0.0,0.2187
3862,1895,242.89,47.83,336.44,277.82,0.5688,0.5688,2.5439,23.429,0.0,0.5498
3862,1966,173.36,0.22,203.47,99.72,0.4648,0.2324,9.4675,6.4409,0.0,0.1544
3863,1895,247.01,32.52,347.54,282.9,0.6567,0.6567,2.5007,24.4803,0.0,0.637
3863,1966,174.05,0.11,203.28,98.89,0.2744,0.1372,9.5806,6.563,169.5147,0.0454
3864,1895,256.81,47.69,348.78,275.84,0.4668,0.4668,2.5975,24.2875,142.8024,0.2914
3864,1969,126.27,32.3,147.22,51.27,0.3667,0.3667,28.4795,14.3744,175.9941,0.1184
3865,1895,264.9,54.05,353.41,275.05,0.8486,0.8486,2.6228,24.7425,0.0,0.8087
3865,1969,126.39,32.34,147.39,51.59,0.2458,0.2458,28.1209,14.3271,3.766,0.1611
3865,1966,174.35,0.13,202.99,97.89,0.7266,0.3633,9.7202,6.7022,170.0797,0.1203
3866,1895,266.28,54.58,354.81,279.85,0.3821,0.3821,2.5677,25.2622,0.0,0.3665
3866,1969,126.48,32.33,147.31,51.59,0.212,0.212,28.1209,14.3268,0.0,0.1391
3866,1995,245.23,26.94,316.65,233.83,0.3657,0.3657,3.1621,18.6976,0.0,0.327
3866,1996,94.12,0.06,129.56,117.73,0.3425,0.1713,7.6291,10.368,0.0,0.1132
3867,1895,271.21,55.94,357.11,276.08,0.7485,0.3743,2.6227,25.2456,0.0,0.3562
3868,1895,274.0,56.89,357.94,274.29,0.8477,0.4239,2.6496,25.2517,0.0,0.4019
3868,1995,247.47,27.75,318.52,233.48,0.3276,0.3276,3.1731,18.8664,0.0,0.2923
3869,1895,275.06,57.52,357.26,272.86,0.501,0.2505,2.6682,25.152,0.0,0.237
3869,1995,258.18,27.89,331.59,236.95,0.3584,0.3584,3.1422,20.311,75.542,0.2306
3870,1895,277.02,57.5,358.25,272.12,0.7559,0.378,2.6815,25.2188,0.0,0.3568
3870,1995,248.25,28.83,320.32,234.48,0.3738,0.3738,3.1586,19.0756,0.0,0.3341
3871,1895,277.96,57.07,358.89,271.84,0.7778,0.3889,2.6872,25.2645,0.0,0.3668
3871,1995,248.84,28.25,320.88,233.57,0.3767,0.3767,3.1759,19.0553,0.0,0.3359
3872,1895,278.43,57.42,359.04,272.3,0.8203,0.4102,2.6821,25.3278,0.0,0.387
3873,1895,279.08,56.91,360.0,273.78,0.4727,0.2364,2.6655,25.5147,0.0,0.2235
3873,1995,247.78,29.34,319.62,233.22,0.3311,0.3311,3.1793,18.9131,0.0,0.2952
3874,1895,278.01,57.29,360.0,279.54,0.2422,0.1211,2.593,25.9323,0.0,0.1155
3874,1995,245.47,28.55,318.2,233.18,0.3887,0.3887,3.1756,18.7286,0.0,0.3468
3875,-1,279.7,156.8,353.81,272.67,0.4082,0.4082,2.6721,25.1875,0.0,0.3859
3876,-1,241.03,20.25,320.91,233.16,0.233,0.233,3.174,18.6433,0.0,0.208
3877,1966,179.64,0.0,209.04,103.09,0.5234,0.2617,9.0375,6.1967,15.7269,0.1707
3877,1996,96.03,0.0,130.36,115.32,0.3066,0.1533,7.843,10.3199,165.7128,0.0503
3878,1966,180.15,0.09,209.15,103.19,0.6992,0.3496,9.0254,6.1981,0.0,0.2324
3878,1995,249.21,27.67,321.87,232.66,0.6069,0.6069,3.1937,19.0464,0.0,0.5397
3879,1966,180.21,0.12,209.11,104.29,0.7563,0.3781,8.8921,6.0519,10.8253,0.2492
3879,1995,248.59,27.96,321.02,232.6,0.4341,0.4341,3.1929,18.9694,0.0,0.3861
3879,1996,95.81,0.0,129.89,115.48,0.3896,0.1948,7.8292,10.3553,0.0,0.1288
3880,1966,180.41,0.04,208.9,102.99,0.2379,0.119,9.0501,6.225,169.3602,0.0394
3880,1995,247.71,29.27,319.92,232.96,0.5352,0.5352,3.1842,18.9025,0.0,0.4768
3880,1999,296.9,160.57,356.05,257.03,0.3989,0.1994,2.9124,24.8628,0.0,0.1823
3881,1995,246.77,30.23,318.98,232.9,0.6655,0.6655,3.183,18.8059,0.0,0.5931
3881,1999,297.3,160.8,354.44,254.46,0.2043,0.2043,2.9485,24.6212,0.0,0.1859
3882,1995,247.43,30.49,319.48,232.7,0.5127,0.5127,3.1879,18.8457,0.0,0.4565
3882,1999,301.19,161.55,355.47,250.72,0.3074,0.1537,3.0127,24.5925,0.0,0.1385
3882,1966,178.84,0.03,208.04,104.66,0.5508,0.2754,8.8471,5.9444,13.3062,0.1806
3883,1995,247.01,28.53,319.79,232.71,0.7041,0.7041,3.1876,18.8411,0.0,0.627
3884,1995,248.35,29.18,320.63,232.63,0.5679,0.5679,3.1917,18.941,0.0,0.5053
3885,1995,248.25,29.33,320.43,232.78,0.7163,0.7163,3.1886,18.9388,0.0,0.6376
3886,1995,248.24,29.3,320.15,232.28,0.626,0.626,3.1972,18.883,0.0,0.5566
3886,1966,181.57,0.32,206.0,83.39,0.3503,0.1752,12.2924,8.8489,172.1259,0.0577
3887,1995,246.79,27.23,319.8,232.84,0.7822,0.7822,3.1851,18.8418,0.0,0.6968
3887,1966,181.92,0.17,206.12,78.91,0.2379,0.119,13.3691,9.4678,172.7466,0.0391
3888,1995,248.39,28.77,320.66,232.96,0.7041,0.7041,3.1859,18.9718,0.0,0.627
3888,1966,182.94,0.28,205.42,68.51,0.2274,0.1137,16.7359,10.8896,174.1998,0.0372
3889,1995,247.3,30.95,319.16,232.91,0.3149,0.3149,3.1837,18.8413,0.0,0.2806
3890,1995,247.33,27.94,320.38,232.8,0.3025,0.3025,3.1871,18.8931,0.0,0.2694
3891,-1,177.47,0.28,210.66,102.8,0.3774,0.1887,9.0731,6.2229,0.0,0.1254
3892,1966,178.41,0.0,210.84,98.74,0.5698,0.2849,9.6056,6.7937,10.0395,0.1878
3893,1966,177.53,0.0,210.81,100.27,0.6602,0.3301,9.3979,6.5678,10.6614,0.2174
3894,1966,175.43,0.0,211.59,109.31,0.627,0.3135,8.3274,5.327,11.5606,0.2064
3894,1995,250.09,27.07,322.99,233.59,0.4756,0.4756,3.1796,19.2211,0.0,0.4237
3895,1966,173.11,0.0,211.65,116.5,0.6069,0.3034,7.6278,4.3196,12.6971,0.1995
3895,1995,250.39,29.11,322.17,233.69,0.627,0.627,3.1772,19.2039,0.0,0.5588
3896,1966,174.35,0.0,211.74,113.44,0.6387,0.3194,7.9116,4.7574,167.6213,0.1061
3896,1995,249.71,28.39,321.54,233.91,0.6577,0.6577,3.1718,19.1582,0.0,0.5866
3897,1966,174.91,0.0,211.2,109.63,0.771,0.3855,8.2934,5.2613,168.4157,0.128
3897,1995,249.05,28.96,320.59,233.25,0.7793,0.7793,3.1815,19.0248,0.0,0.6943
3898,1966,174.2,0.0,210.65,109.95,0.7622,0.3811,8.2596,5.1873,0.0,0.2535
3898,1995,249.12,30.3,320.08,232.53,0.4407,0.4407,3.1937,18.9435,0.0,0.392
3899,1966,173.91,0.0,211.37,113.4,0.6992,0.3496,7.9152,4.7403,12.1518,0.2301
3899,1995,249.31,30.51,320.3,232.91,0.6689,0.6689,3.1874,18.9951,0.0,0.5954
3900,1966,172.96,0.0,211.59,117.9,0.542,0.271,7.5043,4.1319,12.7964,0.1782
3900,1995,249.72,30.87,320.41,232.69,0.5459,0.5459,3.192,19.0023,0.0,0.4856
3901,1966,172.87,0.0,211.75,120.04,0.5708,0.2854,7.3227,3.8598,13.074,0.1876
3901,1995,249.68,30.99,320.27,232.6,0.6782,0.6782,3.1934,18.986,0.0,0.6032
3902,1966,167.67,0.0,207.61,120.41,0.8062,0.4031,7.2899,3.5538,0.0,0.2685
3902,1995,248.47,30.94,319.17,231.92,0.4426,0.4426,3.2027,18.8163,0.0,0.3932
3903,1966,167.26,0.0,206.52,116.54,0.3604,0.1802,7.6215,4.056,167.1864,0.0599
3903,1995,247.46,30.35,317.83,228.69,0.2422,0.2422,3.2585,18.4332,0.0,0.2136
3904,1966,165.93,0.06,205.66,116.0,0.3123,0.1562,7.6698,4.0963,0.0,0.104
3905,1966,163.91,0.18,204.67,116.7,0.3337,0.1668,7.6065,3.9595,0.0,0.1111
3905,1995,247.97,30.35,319.56,232.04,0.5293,0.5293,3.2004,18.8209,0.0,0.4704
3906,1966,165.13,0.05,205.09,112.87,0.3674,0.1837,7.9629,4.5177,167.6918,0.061
3907,1966,166.03,0.02,206.03,113.63,0.3904,0.1952,7.89,4.4345,0.0,0.1299
3907,2011,328.79,32.46,354.76,80.44,0.543,0.543,13.9904,23.5254,0.0,0.347
3907,1995,248.66,30.89,320.17,232.98,0.2698,0.2698,3.1853,18.9628,0.0,0.2403
3908,1966,164.84,0.01,205.89,117.44,0.3015,0.1507,7.5414,3.8825,12.8815,0.0991
3908,2011,328.51,32.36,354.52,80.33,0.3767,0.3767,14.0163,23.501,0.0,0.2407
3908,1995,247.74,29.05,320.06,233.13,0.3577,0.3577,3.1814,18.925,0.0,0.3188
3909,1966,168.6,0.02,202.38,94.69,0.5566,0.2783,10.1927,7.0836,170.531,0.0921
3909,2011,327.81,31.79,354.17,80.4,0.3933,0.3933,13.9915,23.439,0.0,0.2514
3909,1995,248.35,29.52,320.39,233.0,0.4961,0.4961,3.1848,18.96,0.0,0.4418
3910,1966,165.05,0.05,204.33,112.1,0.687,0.3435,8.0382,4.617,11.9521,0.2261
3910,2011,326.85,30.88,353.98,80.85,0.2018,0.2018,13.8667,23.3544,10.0187,0.128
3910,1995,248.33,29.05,320.38,232.76,0.6289,0.6289,3.189,18.9386,0.0,0.5598
